ISO-10303-21;
HEADER;
/* Generated by software containing ST-Developer
 * from STEP Tools, Inc. (www.steptools.com) 
 */

FILE_DESCRIPTION(
/* description */ (''),
/* implementation_level */ '2;1');

FILE_NAME(
/* name */ '3rd thumb 1.step',
/* time_stamp */ '2026-07-02T14:43:24+05:30',
/* author */ (''),
/* organization */ (''),
/* preprocessor_version */ 'ST-DEVELOPER v20.1',
/* originating_system */ 'Autodesk Translation Framework v15.8.0.0',
/* authorisation */ '');

FILE_SCHEMA (('AUTOMOTIVE_DESIGN { 1 0 10303 214 3 1 1 }'));
ENDSEC;

DATA;
#10=MECHANICAL_DESIGN_GEOMETRIC_PRESENTATION_REPRESENTATION('',(#13),#1447);
#11=SHAPE_REPRESENTATION_RELATIONSHIP('SRR','None',#1454,#12);
#12=ADVANCED_BREP_SHAPE_REPRESENTATION('',(#14),#1446);
#13=STYLED_ITEM('',(#1463),#14);
#14=MANIFOLD_SOLID_BREP('Body1',#425);
#15=(
BOUNDED_SURFACE()
B_SPLINE_SURFACE(5,1,((#1257,#1258),(#1259,#1260),(#1261,#1262),(#1263,
#1264),(#1265,#1266),(#1267,#1268),(#1269,#1270),(#1271,#1272),(#1273,#1274),
(#1275,#1276),(#1277,#1278),(#1279,#1280),(#1281,#1282),(#1283,#1284),(#1285,
#1286),(#1287,#1288),(#1289,#1290),(#1291,#1292),(#1293,#1294),(#1295,#1296)),
 .UNSPECIFIED.,.T.,.F.,.F.)
B_SPLINE_SURFACE_WITH_KNOTS((6,1,1,1,1,1,1,1,1,1,1,1,1,1,1,6),(2,2),(0.,
0.0666666666666667,0.133333333333333,0.2,0.266666666666667,0.333333333333333,
0.4,0.466666666666667,0.533333333333333,0.6,0.666666666666667,0.733333333333333,
0.8,0.866666666666667,0.933333333333333,1.),(-2.5,2.5),.UNSPECIFIED.)
GEOMETRIC_REPRESENTATION_ITEM()
RATIONAL_B_SPLINE_SURFACE(((1.,1.),(1.,1.),(1.,1.),(1.,1.),(1.,1.),(1.,
1.),(1.,1.),(1.,1.),(1.,1.),(1.,1.),(1.,1.),(1.,1.),(1.,1.),(1.,1.),(1.,
1.),(1.,1.),(1.,1.),(1.,1.),(1.,1.),(1.,1.)))
REPRESENTATION_ITEM('')
SURFACE()
);
#16=TOROIDAL_SURFACE('',#478,7.,3.);
#17=PLANE('',#455);
#18=PLANE('',#456);
#19=PLANE('',#459);
#20=PLANE('',#462);
#21=PLANE('',#463);
#22=PLANE('',#466);
#23=PLANE('',#473);
#24=PLANE('',#480);
#25=PLANE('',#481);
#26=PLANE('',#482);
#27=PLANE('',#483);
#28=FACE_BOUND('',#97,.T.);
#29=FACE_BOUND('',#98,.T.);
#30=FACE_BOUND('',#101,.T.);
#31=FACE_BOUND('',#104,.T.);
#32=FACE_BOUND('',#108,.T.);
#33=FACE_BOUND('',#111,.T.);
#34=FACE_BOUND('',#126,.T.);
#35=LINE('',#689,#45);
#36=LINE('',#738,#46);
#37=LINE('',#756,#47);
#38=LINE('',#836,#48);
#39=LINE('',#936,#49);
#40=LINE('',#954,#50);
#41=LINE('',#1034,#51);
#42=LINE('',#1038,#52);
#43=LINE('',#1042,#53);
#44=LINE('',#1045,#54);
#45=VECTOR('',#494,10.);
#46=VECTOR('',#521,10.);
#47=VECTOR('',#524,10.);
#48=VECTOR('',#531,10.);
#49=VECTOR('',#538,10.);
#50=VECTOR('',#541,10.);
#51=VECTOR('',#548,10.);
#52=VECTOR('',#553,2.);
#53=VECTOR('',#558,2.);
#54=VECTOR('',#561,2.);
#55=CIRCLE('',#442,10.);
#56=CIRCLE('',#443,10.);
#57=CIRCLE('',#470,2.);
#58=CIRCLE('',#472,2.);
#59=CIRCLE('',#474,3.);
#60=CIRCLE('',#475,3.);
#61=CIRCLE('',#476,3.00000000000001);
#62=CIRCLE('',#477,3.);
#63=CIRCLE('',#479,7.);
#64=CYLINDRICAL_SURFACE('',#441,10.);
#65=CYLINDRICAL_SURFACE('',#468,2.);
#66=CYLINDRICAL_SURFACE('',#469,2.);
#67=CYLINDRICAL_SURFACE('',#471,2.);
#68=FACE_OUTER_BOUND('',#95,.T.);
#69=FACE_OUTER_BOUND('',#96,.T.);
#70=FACE_OUTER_BOUND('',#99,.T.);
#71=FACE_OUTER_BOUND('',#100,.T.);
#72=FACE_OUTER_BOUND('',#102,.T.);
#73=FACE_OUTER_BOUND('',#103,.T.);
#74=FACE_OUTER_BOUND('',#105,.T.);
#75=FACE_OUTER_BOUND('',#106,.T.);
#76=FACE_OUTER_BOUND('',#107,.T.);
#77=FACE_OUTER_BOUND('',#109,.T.);
#78=FACE_OUTER_BOUND('',#110,.T.);
#79=FACE_OUTER_BOUND('',#112,.T.);
#80=FACE_OUTER_BOUND('',#113,.T.);
#81=FACE_OUTER_BOUND('',#114,.T.);
#82=FACE_OUTER_BOUND('',#115,.T.);
#83=FACE_OUTER_BOUND('',#116,.T.);
#84=FACE_OUTER_BOUND('',#117,.T.);
#85=FACE_OUTER_BOUND('',#118,.T.);
#86=FACE_OUTER_BOUND('',#119,.T.);
#87=FACE_OUTER_BOUND('',#120,.T.);
#88=FACE_OUTER_BOUND('',#121,.T.);
#89=FACE_OUTER_BOUND('',#122,.T.);
#90=FACE_OUTER_BOUND('',#123,.T.);
#91=FACE_OUTER_BOUND('',#124,.T.);
#92=FACE_OUTER_BOUND('',#125,.T.);
#93=FACE_OUTER_BOUND('',#127,.T.);
#94=FACE_OUTER_BOUND('',#128,.T.);
#95=EDGE_LOOP('',(#268,#269,#270,#271));
#96=EDGE_LOOP('',(#272,#273,#274,#275,#276,#277));
#97=EDGE_LOOP('',(#278,#279,#280,#281,#282,#283));
#98=EDGE_LOOP('',(#284,#285,#286,#287,#288,#289));
#99=EDGE_LOOP('',(#290,#291,#292));
#100=EDGE_LOOP('',(#293,#294));
#101=EDGE_LOOP('',(#295));
#102=EDGE_LOOP('',(#296,#297,#298,#299));
#103=EDGE_LOOP('',(#300,#301,#302,#303,#304,#305,#306,#307));
#104=EDGE_LOOP('',(#308));
#105=EDGE_LOOP('',(#309,#310,#311,#312));
#106=EDGE_LOOP('',(#313,#314,#315));
#107=EDGE_LOOP('',(#316,#317));
#108=EDGE_LOOP('',(#318));
#109=EDGE_LOOP('',(#319,#320,#321,#322));
#110=EDGE_LOOP('',(#323,#324,#325,#326,#327,#328,#329,#330));
#111=EDGE_LOOP('',(#331));
#112=EDGE_LOOP('',(#332,#333,#334,#335));
#113=EDGE_LOOP('',(#336,#337,#338,#339));
#114=EDGE_LOOP('',(#340,#341,#342,#343));
#115=EDGE_LOOP('',(#344));
#116=EDGE_LOOP('',(#345,#346,#347));
#117=EDGE_LOOP('',(#348,#349,#350,#351));
#118=EDGE_LOOP('',(#352,#353,#354));
#119=EDGE_LOOP('',(#355,#356,#357,#358));
#120=EDGE_LOOP('',(#359,#360,#361,#362));
#121=EDGE_LOOP('',(#363,#364,#365,#366));
#122=EDGE_LOOP('',(#367,#368,#369,#370));
#123=EDGE_LOOP('',(#371,#372));
#124=EDGE_LOOP('',(#373,#374,#375,#376,#377,#378,#379));
#125=EDGE_LOOP('',(#380));
#126=EDGE_LOOP('',(#381));
#127=EDGE_LOOP('',(#382,#383,#384));
#128=EDGE_LOOP('',(#385,#386,#387));
#129=ELLIPSE('',#439,9.53034874573079,8.5);
#130=ELLIPSE('',#440,10.8893318075653,10.);
#131=ELLIPSE('',#444,10.5409255338946,10.);
#132=ELLIPSE('',#445,10.866269415699,10.);
#133=ELLIPSE('',#446,10.5409255338946,10.);
#134=ELLIPSE('',#447,11.1811637833259,10.);
#135=ELLIPSE('',#448,10.3936412184459,10.);
#136=ELLIPSE('',#449,11.1811637833259,10.);
#137=ELLIPSE('',#450,10.5409255338946,10.);
#138=ELLIPSE('',#451,10.5409255338946,10.);
#139=ELLIPSE('',#452,11.2121749949774,10.);
#140=ELLIPSE('',#453,10.3936412184459,10.);
#141=ELLIPSE('',#454,11.2121749949774,10.);
#142=ELLIPSE('',#457,2.24243499899548,2.);
#143=ELLIPSE('',#458,8.95978670381041,8.5);
#144=ELLIPSE('',#460,2.10818510677892,2.);
#145=ELLIPSE('',#461,9.50398921582699,8.5);
#146=ELLIPSE('',#464,2.23623275666517,2.);
#147=ELLIPSE('',#465,8.95978670381041,8.5);
#148=ELLIPSE('',#467,2.10818510677892,2.);
#149=B_SPLINE_CURVE_WITH_KNOTS('',3,(#649,#650,#651,#652,#653,#654,#655,
#656,#657,#658,#659,#660,#661,#662,#663,#664),.UNSPECIFIED.,.F.,.F.,(4,
2,2,2,2,2,2,4),(0.,0.0502521842587279,0.0868654926440394,0.121127892478319,
0.160785959681003,0.212436531974006,0.274975282951555,0.351926558963086),
 .UNSPECIFIED.);
#150=B_SPLINE_CURVE_WITH_KNOTS('',3,(#668,#669,#670,#671,#672,#673,#674,
#675,#676,#677,#678,#679,#680,#681,#682,#683),.UNSPECIFIED.,.F.,.F.,(4,
2,2,2,2,2,2,4),(0.,0.145025048951561,0.253176221630588,0.334428529492271,
0.400402384368682,0.462075103125006,0.51317171590048,0.569990589101324),
 .UNSPECIFIED.);
#151=B_SPLINE_CURVE_WITH_KNOTS('',3,(#691,#692,#693,#694,#695,#696,#697,
#698,#699,#700,#701,#702),.UNSPECIFIED.,.F.,.F.,(4,1,1,1,1,1,1,1,1,4),(-8.81928575289099,
-8.54784151618244,-8.27639727947388,-7.73350880605677,-7.5525459815844,
-7.37158315711203,-7.28110174487585,-7.19062033263966,-7.00965750816729,
-6.91918874820871),.UNSPECIFIED.);
#152=B_SPLINE_CURVE_WITH_KNOTS('',3,(#705,#706,#707,#708,#709,#710,#711,
#712,#713,#714),.UNSPECIFIED.,.F.,.F.,(4,1,1,1,1,1,1,4),(-6.91918874820871,
-6.82869468369493,-6.64773185922256,-6.376287622514,-6.10484338580545,-5.56195491238834,
-5.29051067567978,-5.01906643897123),.UNSPECIFIED.);
#153=B_SPLINE_CURVE_WITH_KNOTS('',3,(#739,#740,#741,#742,#743,#744,#745,
#746,#747,#748,#749,#750,#751,#752,#753,#754),.UNSPECIFIED.,.F.,.F.,(4,
2,2,2,2,2,2,4),(0.,0.0501562664498832,0.0867909942736329,0.121093606175043,
0.160786529301766,0.212305321609014,0.262792291958909,0.322489671174263),
 .UNSPECIFIED.);
#154=B_SPLINE_CURVE_WITH_KNOTS('',3,(#821,#822,#823,#824,#825,#826,#827,
#828,#829,#830,#831,#832,#833,#834),.UNSPECIFIED.,.F.,.F.,(4,2,2,2,2,2,
4),(0.,0.128259245591433,0.223662259641517,0.292548978516207,0.347707559358825,
0.401377223561876,0.46902344485351),.UNSPECIFIED.);
#155=B_SPLINE_CURVE_WITH_KNOTS('',3,(#900,#901,#902,#903,#904,#905,#906,
#907,#908,#909,#910,#911,#912,#913,#914,#915),.UNSPECIFIED.,.F.,.F.,(4,
2,2,2,2,2,2,4),(0.,0.0499331898675713,0.0863130096701377,0.120381944870777,
0.159899831749427,0.21148781313959,0.274491232257685,0.352209639969259),
 .UNSPECIFIED.);
#156=B_SPLINE_CURVE_WITH_KNOTS('',3,(#918,#919,#920,#921,#922,#923,#924,
#925,#926,#927,#928,#929,#930,#931,#932,#933),.UNSPECIFIED.,.F.,.F.,(4,
2,2,2,2,2,2,4),(0.,0.14635071665691,0.255314363752557,0.336962470782943,
0.403055709350227,0.464714884734684,0.515879540165675,0.572792173374054),
 .UNSPECIFIED.);
#157=B_SPLINE_CURVE_WITH_KNOTS('',3,(#937,#938,#939,#940,#941,#942,#943,
#944,#945,#946,#947,#948,#949,#950,#951,#952),.UNSPECIFIED.,.F.,.F.,(4,
2,2,2,2,2,2,4),(0.,0.0498331905454246,0.0862354108239841,0.120348761076715,
0.159911612228185,0.211389163478667,0.262709175393946,0.323601018966302),
 .UNSPECIFIED.);
#158=B_SPLINE_CURVE_WITH_KNOTS('',3,(#1019,#1020,#1021,#1022,#1023,#1024,
#1025,#1026,#1027,#1028,#1029,#1030,#1031,#1032),.UNSPECIFIED.,.F.,.F.,
(4,2,2,2,2,2,4),(0.,0.129929235717521,0.226389446057533,0.295721928547839,
0.350932171038344,0.404468740162782,0.472428898596653),.UNSPECIFIED.);
#159=B_SPLINE_CURVE_WITH_KNOTS('',3,(#1084,#1085,#1086,#1087,#1088,#1089,
#1090,#1091),.UNSPECIFIED.,.F.,.F.,(4,1,1,2,4),(0.,0.0438177958685672,0.0657266938028508,
0.109544489671418,0.110072211136377),.UNSPECIFIED.);
#160=B_SPLINE_CURVE_WITH_KNOTS('',3,(#1092,#1093,#1094,#1095,#1096,#1097,
#1098,#1099),.UNSPECIFIED.,.F.,.F.,(4,2,1,1,4),(-0.110072211136377,-0.109544489671418,
-0.0657266938028508,-0.0438177958685672,0.),.UNSPECIFIED.);
#161=B_SPLINE_CURVE_WITH_KNOTS('',3,(#1125,#1126,#1127,#1128,#1129),
 .UNSPECIFIED.,.F.,.F.,(4,1,4),(-0.154960376517341,-0.0664115899360032,
0.),.UNSPECIFIED.);
#162=B_SPLINE_CURVE_WITH_KNOTS('',3,(#1132,#1133,#1134,#1135,#1136),
 .UNSPECIFIED.,.F.,.F.,(4,1,4),(0.,0.0664115899360032,0.154960376517341),
 .UNSPECIFIED.);
#163=B_SPLINE_CURVE_WITH_KNOTS('',3,(#1171,#1172,#1173,#1174,#1175,#1176,
#1177,#1178),.UNSPECIFIED.,.F.,.F.,(4,1,1,2,4),(-0.10954448957378,-0.0657266937442681,
-0.0438177958295121,0.,0.000527721550111486),.UNSPECIFIED.);
#164=B_SPLINE_CURVE_WITH_KNOTS('',3,(#1180,#1181,#1182,#1183,#1184,#1185,
#1186,#1187),.UNSPECIFIED.,.F.,.F.,(4,2,1,1,4),(-0.000527721550111486,0.,
0.0438177958295121,0.0657266937442681,0.10954448957378),.UNSPECIFIED.);
#165=B_SPLINE_CURVE_WITH_KNOTS('',3,(#1216,#1217,#1218,#1219,#1220),
 .UNSPECIFIED.,.F.,.F.,(4,1,4),(-0.154960376518049,-0.0664115899368327,
-9.20416105947527E-13),.UNSPECIFIED.);
#166=B_SPLINE_CURVE_WITH_KNOTS('',3,(#1221,#1222,#1223,#1224,#1225),
 .UNSPECIFIED.,.F.,.F.,(4,1,4),(9.20416105947527E-13,0.0664115899368327,
0.154960376518049),.UNSPECIFIED.);
#167=B_SPLINE_CURVE_WITH_KNOTS('',3,(#1229,#1230,#1231,#1232),
 .UNSPECIFIED.,.F.,.F.,(4,4),(-1.52800923176116,-0.481206836698223),
 .UNSPECIFIED.);
#168=B_SPLINE_CURVE_WITH_KNOTS('',3,(#1253,#1254,#1255,#1256),
 .UNSPECIFIED.,.F.,.F.,(4,4),(0.533733173506474,1.47548289495287),
 .UNSPECIFIED.);
#169=B_SPLINE_CURVE_WITH_KNOTS('',3,(#1297,#1298,#1299,#1300,#1301,#1302,
#1303,#1304,#1305,#1306,#1307,#1308,#1309,#1310,#1311,#1312,#1313,#1314),
 .UNSPECIFIED.,.F.,.F.,(4,1,1,1,1,1,1,1,1,1,1,1,1,1,1,4),(5.15402448686634,
5.29051067567978,5.56195491238834,6.10484338580545,6.376287622514,6.64773185922256,
6.82869468369493,7.00965750816729,7.19062033263966,7.28110174487585,7.37158315711203,
7.5525459815844,7.73350880605677,8.27639727947388,8.54784151618244,8.68436149266471),
 .UNSPECIFIED.);
#170=VERTEX_POINT('',#647);
#171=VERTEX_POINT('',#648);
#172=VERTEX_POINT('',#665);
#173=VERTEX_POINT('',#667);
#174=VERTEX_POINT('',#686);
#175=VERTEX_POINT('',#688);
#176=VERTEX_POINT('',#690);
#177=VERTEX_POINT('',#703);
#178=VERTEX_POINT('',#715);
#179=VERTEX_POINT('',#716);
#180=VERTEX_POINT('',#718);
#181=VERTEX_POINT('',#720);
#182=VERTEX_POINT('',#722);
#183=VERTEX_POINT('',#724);
#184=VERTEX_POINT('',#727);
#185=VERTEX_POINT('',#729);
#186=VERTEX_POINT('',#731);
#187=VERTEX_POINT('',#733);
#188=VERTEX_POINT('',#737);
#189=VERTEX_POINT('',#757);
#190=VERTEX_POINT('',#819);
#191=VERTEX_POINT('',#837);
#192=VERTEX_POINT('',#899);
#193=VERTEX_POINT('',#916);
#194=VERTEX_POINT('',#935);
#195=VERTEX_POINT('',#955);
#196=VERTEX_POINT('',#1017);
#197=VERTEX_POINT('',#1035);
#198=VERTEX_POINT('',#1040);
#199=VERTEX_POINT('',#1044);
#200=VERTEX_POINT('',#1080);
#201=VERTEX_POINT('',#1081);
#202=VERTEX_POINT('',#1083);
#203=VERTEX_POINT('',#1130);
#204=VERTEX_POINT('',#1169);
#205=VERTEX_POINT('',#1170);
#206=VERTEX_POINT('',#1179);
#207=VERTEX_POINT('',#1214);
#208=EDGE_CURVE('',#170,#171,#149,.F.);
#209=EDGE_CURVE('',#171,#172,#129,.T.);
#210=EDGE_CURVE('',#173,#172,#150,.T.);
#211=EDGE_CURVE('',#173,#170,#130,.T.);
#212=EDGE_CURVE('',#174,#174,#55,.T.);
#213=EDGE_CURVE('',#174,#175,#35,.T.);
#214=EDGE_CURVE('',#176,#175,#151,.T.);
#215=EDGE_CURVE('',#177,#176,#56,.T.);
#216=EDGE_CURVE('',#175,#177,#152,.T.);
#217=EDGE_CURVE('',#178,#179,#131,.T.);
#218=EDGE_CURVE('',#180,#178,#132,.T.);
#219=EDGE_CURVE('',#181,#180,#133,.T.);
#220=EDGE_CURVE('',#181,#182,#134,.T.);
#221=EDGE_CURVE('',#183,#182,#135,.T.);
#222=EDGE_CURVE('',#183,#179,#136,.T.);
#223=EDGE_CURVE('',#170,#184,#137,.T.);
#224=EDGE_CURVE('',#185,#173,#138,.T.);
#225=EDGE_CURVE('',#185,#186,#139,.T.);
#226=EDGE_CURVE('',#187,#186,#140,.T.);
#227=EDGE_CURVE('',#187,#184,#141,.T.);
#228=EDGE_CURVE('',#188,#185,#36,.T.);
#229=EDGE_CURVE('',#186,#188,#153,.F.);
#230=EDGE_CURVE('',#171,#172,#37,.T.);
#231=EDGE_CURVE('',#189,#189,#142,.T.);
#232=EDGE_CURVE('',#188,#190,#143,.T.);
#233=EDGE_CURVE('',#190,#187,#154,.F.);
#234=EDGE_CURVE('',#184,#190,#38,.T.);
#235=EDGE_CURVE('',#191,#191,#144,.T.);
#236=EDGE_CURVE('',#178,#192,#155,.F.);
#237=EDGE_CURVE('',#192,#193,#145,.T.);
#238=EDGE_CURVE('',#180,#193,#156,.T.);
#239=EDGE_CURVE('',#194,#181,#39,.T.);
#240=EDGE_CURVE('',#182,#194,#157,.F.);
#241=EDGE_CURVE('',#192,#193,#40,.T.);
#242=EDGE_CURVE('',#195,#195,#146,.T.);
#243=EDGE_CURVE('',#194,#196,#147,.T.);
#244=EDGE_CURVE('',#196,#183,#158,.F.);
#245=EDGE_CURVE('',#179,#196,#41,.T.);
#246=EDGE_CURVE('',#197,#197,#148,.T.);
#247=EDGE_CURVE('',#191,#195,#42,.T.);
#248=EDGE_CURVE('',#198,#198,#57,.T.);
#249=EDGE_CURVE('',#198,#189,#43,.T.);
#250=EDGE_CURVE('',#197,#199,#44,.T.);
#251=EDGE_CURVE('',#199,#199,#58,.T.);
#252=EDGE_CURVE('',#200,#201,#59,.T.);
#253=EDGE_CURVE('',#201,#202,#159,.T.);
#254=EDGE_CURVE('',#202,#200,#160,.T.);
#255=EDGE_CURVE('',#200,#177,#161,.T.);
#256=EDGE_CURVE('',#177,#203,#60,.T.);
#257=EDGE_CURVE('',#203,#201,#162,.T.);
#258=EDGE_CURVE('',#204,#205,#163,.T.);
#259=EDGE_CURVE('',#205,#206,#164,.T.);
#260=EDGE_CURVE('',#206,#204,#61,.T.);
#261=EDGE_CURVE('',#207,#176,#62,.T.);
#262=EDGE_CURVE('',#176,#204,#165,.T.);
#263=EDGE_CURVE('',#206,#207,#166,.T.);
#264=EDGE_CURVE('',#207,#203,#63,.T.);
#265=EDGE_CURVE('',#201,#206,#167,.T.);
#266=EDGE_CURVE('',#205,#202,#168,.T.);
#267=EDGE_CURVE('',#202,#205,#169,.T.);
#268=ORIENTED_EDGE('',*,*,#208,.T.);
#269=ORIENTED_EDGE('',*,*,#209,.T.);
#270=ORIENTED_EDGE('',*,*,#210,.F.);
#271=ORIENTED_EDGE('',*,*,#211,.T.);
#272=ORIENTED_EDGE('',*,*,#212,.F.);
#273=ORIENTED_EDGE('',*,*,#213,.T.);
#274=ORIENTED_EDGE('',*,*,#214,.F.);
#275=ORIENTED_EDGE('',*,*,#215,.F.);
#276=ORIENTED_EDGE('',*,*,#216,.F.);
#277=ORIENTED_EDGE('',*,*,#213,.F.);
#278=ORIENTED_EDGE('',*,*,#217,.F.);
#279=ORIENTED_EDGE('',*,*,#218,.F.);
#280=ORIENTED_EDGE('',*,*,#219,.F.);
#281=ORIENTED_EDGE('',*,*,#220,.T.);
#282=ORIENTED_EDGE('',*,*,#221,.F.);
#283=ORIENTED_EDGE('',*,*,#222,.T.);
#284=ORIENTED_EDGE('',*,*,#223,.F.);
#285=ORIENTED_EDGE('',*,*,#211,.F.);
#286=ORIENTED_EDGE('',*,*,#224,.F.);
#287=ORIENTED_EDGE('',*,*,#225,.T.);
#288=ORIENTED_EDGE('',*,*,#226,.F.);
#289=ORIENTED_EDGE('',*,*,#227,.T.);
#290=ORIENTED_EDGE('',*,*,#228,.F.);
#291=ORIENTED_EDGE('',*,*,#229,.F.);
#292=ORIENTED_EDGE('',*,*,#225,.F.);
#293=ORIENTED_EDGE('',*,*,#209,.F.);
#294=ORIENTED_EDGE('',*,*,#230,.T.);
#295=ORIENTED_EDGE('',*,*,#231,.T.);
#296=ORIENTED_EDGE('',*,*,#229,.T.);
#297=ORIENTED_EDGE('',*,*,#232,.T.);
#298=ORIENTED_EDGE('',*,*,#233,.T.);
#299=ORIENTED_EDGE('',*,*,#226,.T.);
#300=ORIENTED_EDGE('',*,*,#232,.F.);
#301=ORIENTED_EDGE('',*,*,#228,.T.);
#302=ORIENTED_EDGE('',*,*,#224,.T.);
#303=ORIENTED_EDGE('',*,*,#210,.T.);
#304=ORIENTED_EDGE('',*,*,#230,.F.);
#305=ORIENTED_EDGE('',*,*,#208,.F.);
#306=ORIENTED_EDGE('',*,*,#223,.T.);
#307=ORIENTED_EDGE('',*,*,#234,.T.);
#308=ORIENTED_EDGE('',*,*,#235,.T.);
#309=ORIENTED_EDGE('',*,*,#236,.T.);
#310=ORIENTED_EDGE('',*,*,#237,.T.);
#311=ORIENTED_EDGE('',*,*,#238,.F.);
#312=ORIENTED_EDGE('',*,*,#218,.T.);
#313=ORIENTED_EDGE('',*,*,#239,.F.);
#314=ORIENTED_EDGE('',*,*,#240,.F.);
#315=ORIENTED_EDGE('',*,*,#220,.F.);
#316=ORIENTED_EDGE('',*,*,#237,.F.);
#317=ORIENTED_EDGE('',*,*,#241,.T.);
#318=ORIENTED_EDGE('',*,*,#242,.T.);
#319=ORIENTED_EDGE('',*,*,#240,.T.);
#320=ORIENTED_EDGE('',*,*,#243,.T.);
#321=ORIENTED_EDGE('',*,*,#244,.T.);
#322=ORIENTED_EDGE('',*,*,#221,.T.);
#323=ORIENTED_EDGE('',*,*,#243,.F.);
#324=ORIENTED_EDGE('',*,*,#239,.T.);
#325=ORIENTED_EDGE('',*,*,#219,.T.);
#326=ORIENTED_EDGE('',*,*,#238,.T.);
#327=ORIENTED_EDGE('',*,*,#241,.F.);
#328=ORIENTED_EDGE('',*,*,#236,.F.);
#329=ORIENTED_EDGE('',*,*,#217,.T.);
#330=ORIENTED_EDGE('',*,*,#245,.T.);
#331=ORIENTED_EDGE('',*,*,#246,.T.);
#332=ORIENTED_EDGE('',*,*,#235,.F.);
#333=ORIENTED_EDGE('',*,*,#247,.T.);
#334=ORIENTED_EDGE('',*,*,#242,.F.);
#335=ORIENTED_EDGE('',*,*,#247,.F.);
#336=ORIENTED_EDGE('',*,*,#248,.F.);
#337=ORIENTED_EDGE('',*,*,#249,.T.);
#338=ORIENTED_EDGE('',*,*,#231,.F.);
#339=ORIENTED_EDGE('',*,*,#249,.F.);
#340=ORIENTED_EDGE('',*,*,#246,.F.);
#341=ORIENTED_EDGE('',*,*,#250,.T.);
#342=ORIENTED_EDGE('',*,*,#251,.T.);
#343=ORIENTED_EDGE('',*,*,#250,.F.);
#344=ORIENTED_EDGE('',*,*,#251,.F.);
#345=ORIENTED_EDGE('',*,*,#252,.T.);
#346=ORIENTED_EDGE('',*,*,#253,.T.);
#347=ORIENTED_EDGE('',*,*,#254,.T.);
#348=ORIENTED_EDGE('',*,*,#252,.F.);
#349=ORIENTED_EDGE('',*,*,#255,.T.);
#350=ORIENTED_EDGE('',*,*,#256,.T.);
#351=ORIENTED_EDGE('',*,*,#257,.T.);
#352=ORIENTED_EDGE('',*,*,#258,.T.);
#353=ORIENTED_EDGE('',*,*,#259,.T.);
#354=ORIENTED_EDGE('',*,*,#260,.T.);
#355=ORIENTED_EDGE('',*,*,#261,.T.);
#356=ORIENTED_EDGE('',*,*,#262,.T.);
#357=ORIENTED_EDGE('',*,*,#260,.F.);
#358=ORIENTED_EDGE('',*,*,#263,.T.);
#359=ORIENTED_EDGE('',*,*,#261,.F.);
#360=ORIENTED_EDGE('',*,*,#264,.T.);
#361=ORIENTED_EDGE('',*,*,#256,.F.);
#362=ORIENTED_EDGE('',*,*,#215,.T.);
#363=ORIENTED_EDGE('',*,*,#257,.F.);
#364=ORIENTED_EDGE('',*,*,#264,.F.);
#365=ORIENTED_EDGE('',*,*,#263,.F.);
#366=ORIENTED_EDGE('',*,*,#265,.F.);
#367=ORIENTED_EDGE('',*,*,#253,.F.);
#368=ORIENTED_EDGE('',*,*,#265,.T.);
#369=ORIENTED_EDGE('',*,*,#259,.F.);
#370=ORIENTED_EDGE('',*,*,#266,.T.);
#371=ORIENTED_EDGE('',*,*,#266,.F.);
#372=ORIENTED_EDGE('',*,*,#267,.F.);
#373=ORIENTED_EDGE('',*,*,#254,.F.);
#374=ORIENTED_EDGE('',*,*,#267,.T.);
#375=ORIENTED_EDGE('',*,*,#258,.F.);
#376=ORIENTED_EDGE('',*,*,#262,.F.);
#377=ORIENTED_EDGE('',*,*,#214,.T.);
#378=ORIENTED_EDGE('',*,*,#216,.T.);
#379=ORIENTED_EDGE('',*,*,#255,.F.);
#380=ORIENTED_EDGE('',*,*,#212,.T.);
#381=ORIENTED_EDGE('',*,*,#248,.T.);
#382=ORIENTED_EDGE('',*,*,#234,.F.);
#383=ORIENTED_EDGE('',*,*,#227,.F.);
#384=ORIENTED_EDGE('',*,*,#233,.F.);
#385=ORIENTED_EDGE('',*,*,#245,.F.);
#386=ORIENTED_EDGE('',*,*,#222,.F.);
#387=ORIENTED_EDGE('',*,*,#244,.F.);
#388=B_SPLINE_SURFACE_WITH_KNOTS('',3,3,((#587,#588,#589,#590,#591,#592,
#593,#594,#595,#596),(#597,#598,#599,#600,#601,#602,#603,#604,#605,#606),
(#607,#608,#609,#610,#611,#612,#613,#614,#615,#616),(#617,#618,#619,#620,
#621,#622,#623,#624,#625,#626),(#627,#628,#629,#630,#631,#632,#633,#634,
#635,#636),(#637,#638,#639,#640,#641,#642,#643,#644,#645,#646)),
 .UNSPECIFIED.,.F.,.F.,.F.,(4,1,1,4),(4,1,1,1,1,1,1,4),(0.,0.285714285714286,
0.571428571428571,1.),(-2.44930738516591,-1.74950527511851,-1.04970316507111,
-0.349901055023702,0.349901055023702,1.04970316507111,1.74950527511851,
2.44930738516591),.UNSPECIFIED.);
#389=B_SPLINE_SURFACE_WITH_KNOTS('',3,3,((#759,#760,#761,#762,#763,#764,
#765,#766,#767,#768),(#769,#770,#771,#772,#773,#774,#775,#776,#777,#778),
(#779,#780,#781,#782,#783,#784,#785,#786,#787,#788),(#789,#790,#791,#792,
#793,#794,#795,#796,#797,#798),(#799,#800,#801,#802,#803,#804,#805,#806,
#807,#808),(#809,#810,#811,#812,#813,#814,#815,#816,#817,#818)),
 .UNSPECIFIED.,.F.,.F.,.F.,(4,1,1,4),(4,1,1,1,1,1,1,4),(0.,0.285714285714286,
0.571428571428571,1.),(-2.39156340629953,-1.70825957592823,-1.02495574555694,
-0.341651915185646,0.341651915185647,1.02495574555694,1.70825957592823,
2.39156340629953),.UNSPECIFIED.);
#390=B_SPLINE_SURFACE_WITH_KNOTS('',3,3,((#839,#840,#841,#842,#843,#844,
#845,#846,#847,#848),(#849,#850,#851,#852,#853,#854,#855,#856,#857,#858),
(#859,#860,#861,#862,#863,#864,#865,#866,#867,#868),(#869,#870,#871,#872,
#873,#874,#875,#876,#877,#878),(#879,#880,#881,#882,#883,#884,#885,#886,
#887,#888),(#889,#890,#891,#892,#893,#894,#895,#896,#897,#898)),
 .UNSPECIFIED.,.F.,.F.,.F.,(4,1,1,4),(4,1,1,1,1,1,1,4),(0.,0.285714285714286,
0.571428571428571,1.),(-2.45054508949916,-1.75038934964225,-1.05023360978535,
-0.350077869928451,0.350077869928451,1.05023360978535,1.75038934964225,
2.45054508949916),.UNSPECIFIED.);
#391=B_SPLINE_SURFACE_WITH_KNOTS('',3,3,((#957,#958,#959,#960,#961,#962,
#963,#964,#965,#966),(#967,#968,#969,#970,#971,#972,#973,#974,#975,#976),
(#977,#978,#979,#980,#981,#982,#983,#984,#985,#986),(#987,#988,#989,#990,
#991,#992,#993,#994,#995,#996),(#997,#998,#999,#1000,#1001,#1002,#1003,
#1004,#1005,#1006),(#1007,#1008,#1009,#1010,#1011,#1012,#1013,#1014,#1015,
#1016)),.UNSPECIFIED.,.F.,.F.,.F.,(4,1,1,4),(4,1,1,1,1,1,1,4),(0.,0.285714285714286,
0.571428571428571,1.),(-2.39455874076465,-1.71039910054618,-1.02623946032771,
-0.342079820109235,0.342079820109236,1.02623946032771,1.71039910054618,
2.39455874076465),.UNSPECIFIED.);
#392=B_SPLINE_SURFACE_WITH_KNOTS('',3,3,((#1048,#1049,#1050,#1051,#1052,
#1053,#1054,#1055),(#1056,#1057,#1058,#1059,#1060,#1061,#1062,#1063),(#1064,
#1065,#1066,#1067,#1068,#1069,#1070,#1071),(#1072,#1073,#1074,#1075,#1076,
#1077,#1078,#1079)),.UNSPECIFIED.,.F.,.F.,.F.,(4,4),(4,2,1,1,4),(0.,1.),
(-0.110072211136377,-0.109544489671418,-0.0657266938028508,-0.0438177958685672,
0.),.UNSPECIFIED.);
#393=B_SPLINE_SURFACE_WITH_KNOTS('',3,3,((#1100,#1101,#1102,#1103,#1104),
(#1105,#1106,#1107,#1108,#1109),(#1110,#1111,#1112,#1113,#1114),(#1115,
#1116,#1117,#1118,#1119),(#1120,#1121,#1122,#1123,#1124)),.UNSPECIFIED.,
 .F.,.F.,.F.,(4,1,4),(4,1,4),(0.,0.571428571428571,1.),(0.,0.0664115899360032,
0.154960376517341),.UNSPECIFIED.);
#394=B_SPLINE_SURFACE_WITH_KNOTS('',3,3,((#1137,#1138,#1139,#1140,#1141,
#1142,#1143,#1144),(#1145,#1146,#1147,#1148,#1149,#1150,#1151,#1152),(#1153,
#1154,#1155,#1156,#1157,#1158,#1159,#1160),(#1161,#1162,#1163,#1164,#1165,
#1166,#1167,#1168)),.UNSPECIFIED.,.F.,.F.,.F.,(4,4),(4,1,1,2,4),(0.,1.),
(-0.10954448957378,-0.0657266937442681,-0.0438177958295121,0.,0.000527721550111486),
 .UNSPECIFIED.);
#395=B_SPLINE_SURFACE_WITH_KNOTS('',3,3,((#1189,#1190,#1191,#1192,#1193),
(#1194,#1195,#1196,#1197,#1198),(#1199,#1200,#1201,#1202,#1203),(#1204,
#1205,#1206,#1207,#1208),(#1209,#1210,#1211,#1212,#1213)),.UNSPECIFIED.,
 .F.,.F.,.F.,(4,1,4),(4,1,4),(0.,0.571428571428571,1.),(9.20416105947527E-13,
0.0664115899368327,0.154960376518049),.UNSPECIFIED.);
#396=B_SPLINE_SURFACE_WITH_KNOTS('',3,3,((#1233,#1234,#1235,#1236),(#1237,
#1238,#1239,#1240),(#1241,#1242,#1243,#1244),(#1245,#1246,#1247,#1248),
(#1249,#1250,#1251,#1252)),.UNSPECIFIED.,.F.,.F.,.F.,(4,1,4),(4,4),(0.,
0.5,1.),(0.481206836698223,1.52800923176116),.UNSPECIFIED.);
#397=B_SPLINE_SURFACE_WITH_KNOTS('',3,3,((#1315,#1316,#1317,#1318,#1319,
#1320,#1321,#1322,#1323,#1324,#1325,#1326,#1327,#1328,#1329,#1330,#1331,
#1332),(#1333,#1334,#1335,#1336,#1337,#1338,#1339,#1340,#1341,#1342,#1343,
#1344,#1345,#1346,#1347,#1348,#1349,#1350),(#1351,#1352,#1353,#1354,#1355,
#1356,#1357,#1358,#1359,#1360,#1361,#1362,#1363,#1364,#1365,#1366,#1367,
#1368),(#1369,#1370,#1371,#1372,#1373,#1374,#1375,#1376,#1377,#1378,#1379,
#1380,#1381,#1382,#1383,#1384,#1385,#1386),(#1387,#1388,#1389,#1390,#1391,
#1392,#1393,#1394,#1395,#1396,#1397,#1398,#1399,#1400,#1401,#1402,#1403,
#1404),(#1405,#1406,#1407,#1408,#1409,#1410,#1411,#1412,#1413,#1414,#1415,
#1416,#1417,#1418,#1419,#1420,#1421,#1422),(#1423,#1424,#1425,#1426,#1427,
#1428,#1429,#1430,#1431,#1432,#1433,#1434,#1435,#1436,#1437,#1438,#1439,
#1440)),.UNSPECIFIED.,.F.,.F.,.F.,(4,1,1,1,4),(4,1,1,1,1,1,1,1,1,1,1,1,
1,1,1,4),(0.,0.285714285714286,0.571428571428571,0.714285714285714,1.),
(5.01906643897123,5.29051067567978,5.56195491238834,6.10484338580545,6.376287622514,
6.64773185922256,6.82869468369493,7.00965750816729,7.19062033263966,7.28110174487585,
7.37158315711203,7.5525459815844,7.73350880605677,8.27639727947388,8.54784151618244,
8.81928575289099),.UNSPECIFIED.);
#398=ADVANCED_FACE('',(#68),#388,.F.);
#399=ADVANCED_FACE('',(#69,#28,#29),#64,.T.);
#400=ADVANCED_FACE('',(#70),#17,.F.);
#401=ADVANCED_FACE('',(#71,#30),#18,.F.);
#402=ADVANCED_FACE('',(#72),#389,.F.);
#403=ADVANCED_FACE('',(#73,#31),#19,.F.);
#404=ADVANCED_FACE('',(#74),#390,.F.);
#405=ADVANCED_FACE('',(#75),#20,.F.);
#406=ADVANCED_FACE('',(#76,#32),#21,.F.);
#407=ADVANCED_FACE('',(#77),#391,.F.);
#408=ADVANCED_FACE('',(#78,#33),#22,.F.);
#409=ADVANCED_FACE('',(#79),#65,.F.);
#410=ADVANCED_FACE('',(#80),#66,.F.);
#411=ADVANCED_FACE('',(#81),#67,.F.);
#412=ADVANCED_FACE('',(#82),#23,.F.);
#413=ADVANCED_FACE('',(#83),#392,.F.);
#414=ADVANCED_FACE('',(#84),#393,.F.);
#415=ADVANCED_FACE('',(#85),#394,.F.);
#416=ADVANCED_FACE('',(#86),#395,.F.);
#417=ADVANCED_FACE('',(#87),#16,.T.);
#418=ADVANCED_FACE('',(#88),#24,.T.);
#419=ADVANCED_FACE('',(#89),#396,.F.);
#420=ADVANCED_FACE('',(#90),#15,.F.);
#421=ADVANCED_FACE('',(#91),#397,.F.);
#422=ADVANCED_FACE('',(#92,#34),#25,.T.);
#423=ADVANCED_FACE('',(#93),#26,.F.);
#424=ADVANCED_FACE('',(#94),#27,.F.);
#425=CLOSED_SHELL('',(#398,#399,#400,#401,#402,#403,#404,#405,#406,#407,
#408,#409,#410,#411,#412,#413,#414,#415,#416,#417,#418,#419,#420,#421,#422,
#423,#424));
#426=DERIVED_UNIT_ELEMENT(#428,1.);
#427=DERIVED_UNIT_ELEMENT(#1449,-3.);
#428=(
MASS_UNIT()
NAMED_UNIT(*)
SI_UNIT(.KILO.,.GRAM.)
);
#429=DERIVED_UNIT((#426,#427));
#430=MEASURE_REPRESENTATION_ITEM('density measure',
POSITIVE_RATIO_MEASURE(7850.),#429);
#431=PROPERTY_DEFINITION_REPRESENTATION(#436,#433);
#432=PROPERTY_DEFINITION_REPRESENTATION(#437,#434);
#433=REPRESENTATION('material name',(#435),#1446);
#434=REPRESENTATION('density',(#430),#1446);
#435=DESCRIPTIVE_REPRESENTATION_ITEM('Steel','Steel');
#436=PROPERTY_DEFINITION('material property','material name',#1456);
#437=PROPERTY_DEFINITION('material property','density of part',#1456);
#438=AXIS2_PLACEMENT_3D('',#586,#484,#485);
#439=AXIS2_PLACEMENT_3D('',#666,#486,#487);
#440=AXIS2_PLACEMENT_3D('',#684,#488,#489);
#441=AXIS2_PLACEMENT_3D('',#685,#490,#491);
#442=AXIS2_PLACEMENT_3D('',#687,#492,#493);
#443=AXIS2_PLACEMENT_3D('',#704,#495,#496);
#444=AXIS2_PLACEMENT_3D('',#717,#497,#498);
#445=AXIS2_PLACEMENT_3D('',#719,#499,#500);
#446=AXIS2_PLACEMENT_3D('',#721,#501,#502);
#447=AXIS2_PLACEMENT_3D('',#723,#503,#504);
#448=AXIS2_PLACEMENT_3D('',#725,#505,#506);
#449=AXIS2_PLACEMENT_3D('',#726,#507,#508);
#450=AXIS2_PLACEMENT_3D('',#728,#509,#510);
#451=AXIS2_PLACEMENT_3D('',#730,#511,#512);
#452=AXIS2_PLACEMENT_3D('',#732,#513,#514);
#453=AXIS2_PLACEMENT_3D('',#734,#515,#516);
#454=AXIS2_PLACEMENT_3D('',#735,#517,#518);
#455=AXIS2_PLACEMENT_3D('',#736,#519,#520);
#456=AXIS2_PLACEMENT_3D('',#755,#522,#523);
#457=AXIS2_PLACEMENT_3D('',#758,#525,#526);
#458=AXIS2_PLACEMENT_3D('',#820,#527,#528);
#459=AXIS2_PLACEMENT_3D('',#835,#529,#530);
#460=AXIS2_PLACEMENT_3D('',#838,#532,#533);
#461=AXIS2_PLACEMENT_3D('',#917,#534,#535);
#462=AXIS2_PLACEMENT_3D('',#934,#536,#537);
#463=AXIS2_PLACEMENT_3D('',#953,#539,#540);
#464=AXIS2_PLACEMENT_3D('',#956,#542,#543);
#465=AXIS2_PLACEMENT_3D('',#1018,#544,#545);
#466=AXIS2_PLACEMENT_3D('',#1033,#546,#547);
#467=AXIS2_PLACEMENT_3D('',#1036,#549,#550);
#468=AXIS2_PLACEMENT_3D('',#1037,#551,#552);
#469=AXIS2_PLACEMENT_3D('',#1039,#554,#555);
#470=AXIS2_PLACEMENT_3D('',#1041,#556,#557);
#471=AXIS2_PLACEMENT_3D('',#1043,#559,#560);
#472=AXIS2_PLACEMENT_3D('',#1046,#562,#563);
#473=AXIS2_PLACEMENT_3D('',#1047,#564,#565);
#474=AXIS2_PLACEMENT_3D('',#1082,#566,#567);
#475=AXIS2_PLACEMENT_3D('',#1131,#568,#569);
#476=AXIS2_PLACEMENT_3D('',#1188,#570,#571);
#477=AXIS2_PLACEMENT_3D('',#1215,#572,#573);
#478=AXIS2_PLACEMENT_3D('',#1226,#574,#575);
#479=AXIS2_PLACEMENT_3D('',#1227,#576,#577);
#480=AXIS2_PLACEMENT_3D('',#1228,#578,#579);
#481=AXIS2_PLACEMENT_3D('',#1441,#580,#581);
#482=AXIS2_PLACEMENT_3D('',#1442,#582,#583);
#483=AXIS2_PLACEMENT_3D('',#1443,#584,#585);
#484=DIRECTION('axis',(0.,0.,1.));
#485=DIRECTION('refdir',(1.,0.,0.));
#486=DIRECTION('center_axis',(0.,-0.452257100146672,-0.891887613641384));
#487=DIRECTION('ref_axis',(0.,0.891887613641384,-0.452257100146672));
#488=DIRECTION('center_axis',(0.,0.395815644458205,0.918329992759757));
#489=DIRECTION('ref_axis',(0.,0.918329992759757,-0.395815644458205));
#490=DIRECTION('center_axis',(0.,0.,-1.));
#491=DIRECTION('ref_axis',(0.,1.,0.));
#492=DIRECTION('center_axis',(0.,0.,-1.));
#493=DIRECTION('ref_axis',(0.,1.,0.));
#494=DIRECTION('',(0.,0.,1.));
#495=DIRECTION('center_axis',(0.,0.,1.));
#496=DIRECTION('ref_axis',(-0.111444686317593,0.993770638473271,0.));
#497=DIRECTION('center_axis',(0.,0.316227766016838,-0.948683298050514));
#498=DIRECTION('ref_axis',(0.,0.948683298050514,0.316227766016838));
#499=DIRECTION('center_axis',(0.,0.39126268185134,0.920279041264386));
#500=DIRECTION('ref_axis',(0.,0.920279041264386,-0.39126268185134));
#501=DIRECTION('center_axis',(0.,0.316227766016838,-0.948683298050514));
#502=DIRECTION('ref_axis',(0.,0.948683298050514,0.316227766016838));
#503=DIRECTION('center_axis',(0.,-0.447345384843815,-0.894361284190533));
#504=DIRECTION('ref_axis',(0.,0.894361284190533,-0.447345384843815));
#505=DIRECTION('center_axis',(0.,0.272602572456025,-0.962126726315384));
#506=DIRECTION('ref_axis',(0.,0.962126726315384,0.272602572456025));
#507=DIRECTION('center_axis',(0.,-0.447345384843815,-0.894361284190533));
#508=DIRECTION('ref_axis',(0.,0.894361284190533,-0.447345384843815));
#509=DIRECTION('center_axis',(0.,0.316227766016838,-0.948683298050514));
#510=DIRECTION('ref_axis',(0.,0.948683298050514,0.316227766016838));
#511=DIRECTION('center_axis',(0.,0.316227766016838,-0.948683298050514));
#512=DIRECTION('ref_axis',(0.,0.948683298050514,0.316227766016838));
#513=DIRECTION('center_axis',(0.,-0.452257100146672,-0.891887613641384));
#514=DIRECTION('ref_axis',(0.,0.891887613641384,-0.452257100146672));
#515=DIRECTION('center_axis',(0.,0.272602572456025,-0.962126726315384));
#516=DIRECTION('ref_axis',(0.,0.962126726315384,0.272602572456025));
#517=DIRECTION('center_axis',(0.,-0.452257100146672,-0.891887613641384));
#518=DIRECTION('ref_axis',(0.,0.891887613641384,-0.452257100146672));
#519=DIRECTION('center_axis',(0.,-0.452257100146672,-0.891887613641384));
#520=DIRECTION('ref_axis',(0.,0.891887613641384,-0.452257100146672));
#521=DIRECTION('',(1.,0.,0.));
#522=DIRECTION('center_axis',(0.,-0.452257100146672,-0.891887613641384));
#523=DIRECTION('ref_axis',(0.,0.891887613641384,-0.452257100146672));
#524=DIRECTION('',(1.,0.,0.));
#525=DIRECTION('center_axis',(0.,-0.452257100146672,-0.891887613641384));
#526=DIRECTION('ref_axis',(0.,-0.891887613641384,0.452257100146672));
#527=DIRECTION('center_axis',(0.,-0.316227766016838,0.948683298050514));
#528=DIRECTION('ref_axis',(0.,0.948683298050514,0.316227766016838));
#529=DIRECTION('center_axis',(0.,-0.316227766016838,0.948683298050514));
#530=DIRECTION('ref_axis',(0.,-0.948683298050514,-0.316227766016838));
#531=DIRECTION('',(1.,0.,0.));
#532=DIRECTION('center_axis',(0.,-0.316227766016838,0.948683298050514));
#533=DIRECTION('ref_axis',(0.,-0.948683298050514,-0.316227766016838));
#534=DIRECTION('center_axis',(0.,-0.447345384843815,-0.894361284190533));
#535=DIRECTION('ref_axis',(0.,0.894361284190533,-0.447345384843815));
#536=DIRECTION('center_axis',(0.,-0.447345384843815,-0.894361284190533));
#537=DIRECTION('ref_axis',(0.,0.894361284190533,-0.447345384843815));
#538=DIRECTION('',(1.,0.,0.));
#539=DIRECTION('center_axis',(0.,-0.447345384843815,-0.894361284190533));
#540=DIRECTION('ref_axis',(0.,0.894361284190533,-0.447345384843815));
#541=DIRECTION('',(1.,0.,0.));
#542=DIRECTION('center_axis',(0.,-0.447345384843815,-0.894361284190533));
#543=DIRECTION('ref_axis',(0.,-0.894361284190533,0.447345384843815));
#544=DIRECTION('center_axis',(0.,-0.316227766016838,0.948683298050514));
#545=DIRECTION('ref_axis',(0.,0.948683298050514,0.316227766016838));
#546=DIRECTION('center_axis',(0.,-0.316227766016838,0.948683298050514));
#547=DIRECTION('ref_axis',(0.,-0.948683298050514,-0.316227766016838));
#548=DIRECTION('',(1.,0.,0.));
#549=DIRECTION('center_axis',(0.,-0.316227766016838,0.948683298050514));
#550=DIRECTION('ref_axis',(0.,-0.948683298050514,-0.316227766016838));
#551=DIRECTION('center_axis',(0.,0.,1.));
#552=DIRECTION('ref_axis',(-1.,0.,0.));
#553=DIRECTION('',(0.,0.,1.));
#554=DIRECTION('center_axis',(0.,0.,1.));
#555=DIRECTION('ref_axis',(-1.,0.,0.));
#556=DIRECTION('center_axis',(0.,0.,1.));
#557=DIRECTION('ref_axis',(-1.,0.,0.));
#558=DIRECTION('',(0.,0.,1.));
#559=DIRECTION('center_axis',(0.,0.,1.));
#560=DIRECTION('ref_axis',(-1.,0.,0.));
#561=DIRECTION('',(0.,0.,1.));
#562=DIRECTION('center_axis',(0.,0.,1.));
#563=DIRECTION('ref_axis',(-1.,0.,0.));
#564=DIRECTION('center_axis',(0.,0.,1.));
#565=DIRECTION('ref_axis',(-1.,0.,0.));
#566=DIRECTION('center_axis',(-0.330714747178489,-0.943730764571479,6.18224381399992E-12));
#567=DIRECTION('ref_axis',(0.7431754022926,-0.260433456766941,0.616331676959455));
#568=DIRECTION('center_axis',(0.73072140026992,-0.68267579068513,0.));
#569=DIRECTION('ref_axis',(0.68267579068513,0.73072140026992,0.));
#570=DIRECTION('center_axis',(0.330714747178474,-0.943730764571484,6.13624950479436E-12));
#571=DIRECTION('ref_axis',(-1.64931031794897E-11,7.22385114689434E-13,1.));
#572=DIRECTION('center_axis',(-0.730721400269921,-0.682675790685129,0.));
#573=DIRECTION('ref_axis',(0.,0.,1.));
#574=DIRECTION('center_axis',(0.,0.,1.));
#575=DIRECTION('ref_axis',(1.,0.,0.));
#576=DIRECTION('center_axis',(0.,0.,-1.));
#577=DIRECTION('ref_axis',(-0.111444686317593,0.993770638473271,0.));
#578=DIRECTION('center_axis',(0.,0.,1.));
#579=DIRECTION('ref_axis',(0.,-1.,0.));
#580=DIRECTION('center_axis',(0.,0.,-1.));
#581=DIRECTION('ref_axis',(0.,1.,0.));
#582=DIRECTION('center_axis',(0.,-0.452257100146672,-0.891887613641384));
#583=DIRECTION('ref_axis',(0.,0.891887613641384,-0.452257100146672));
#584=DIRECTION('center_axis',(0.,-0.447345384843815,-0.894361284190533));
#585=DIRECTION('ref_axis',(0.,0.894361284190533,-0.447345384843815));
#586=CARTESIAN_POINT('',(0.,0.,0.));
#587=CARTESIAN_POINT('Ctrl Pts',(-5.42553319304641,-5.86482377414902,15.438533606984));
#588=CARTESIAN_POINT('Ctrl Pts',(-6.95185044693158,-4.59922391527365,14.7967750340803));
#589=CARTESIAN_POINT('Ctrl Pts',(-9.08035515557837,-0.962345065759173,12.9525916897789));
#590=CARTESIAN_POINT('Ctrl Pts',(-7.99968607041194,5.27006855267048,9.79226827360577));
#591=CARTESIAN_POINT('Ctrl Pts',(-3.1632273352898,9.34797531810215,7.724449122185));
#592=CARTESIAN_POINT('Ctrl Pts',(3.16142749273566,9.34248245505023,7.72723443535379));
#593=CARTESIAN_POINT('Ctrl Pts',(8.00455988097523,5.27360592484408,9.7904745479649));
#594=CARTESIAN_POINT('Ctrl Pts',(9.07658606602046,-0.963330710751079,12.9530914892368));
#595=CARTESIAN_POINT('Ctrl Pts',(6.95185044693158,-4.59922391527365,14.7967750340803));
#596=CARTESIAN_POINT('Ctrl Pts',(5.42553319304641,-5.86482377414902,15.438533606984));
#597=CARTESIAN_POINT('Ctrl Pts',(-5.61291371719721,-6.04458379529068,15.5296860623387));
#598=CARTESIAN_POINT('Ctrl Pts',(-7.17997251860431,-4.73270787476677,14.8643987707283));
#599=CARTESIAN_POINT('Ctrl Pts',(-9.33088652280865,-0.987385292714672,12.9653225136672));
#600=CARTESIAN_POINT('Ctrl Pts',(-8.17743433914659,5.35767265622515,9.74783287195194));
#601=CARTESIAN_POINT('Ctrl Pts',(-3.22652450665892,9.4906320376759,7.65208931545005));
#602=CARTESIAN_POINT('Ctrl Pts',(3.22474078547864,9.48513958547541,7.65490684467972));
#603=CARTESIAN_POINT('Ctrl Pts',(8.18214841631866,5.36121839585063,9.74600257990349));
#604=CARTESIAN_POINT('Ctrl Pts',(9.32721114446259,-0.98844637869901,12.9658657091975));
#605=CARTESIAN_POINT('Ctrl Pts',(7.17997251860431,-4.73270787476677,14.8643987707283));
#606=CARTESIAN_POINT('Ctrl Pts',(5.61291371719721,-6.04458379529068,15.5296860623387));
#607=CARTESIAN_POINT('Ctrl Pts',(-5.98669157658336,-6.47337641705568,15.5730414852088));
#608=CARTESIAN_POINT('Ctrl Pts',(-7.6351461167742,-5.0638111309314,14.8715739539296));
#609=CARTESIAN_POINT('Ctrl Pts',(-9.83122827438291,-1.08842667866144,12.8903751210481));
#610=CARTESIAN_POINT('Ctrl Pts',(-8.53272979209372,5.50035662063273,9.59515854546275));
#611=CARTESIAN_POINT('Ctrl Pts',(-3.35308220827435,9.75368641014474,7.46372048521946));
#612=CARTESIAN_POINT('Ctrl Pts',(3.35133366249261,9.74813873052067,7.46650695718546));
#613=CARTESIAN_POINT('Ctrl Pts',(8.53712102487231,5.50399081245009,9.59336328416055));
#614=CARTESIAN_POINT('Ctrl Pts',(9.82773488361581,-1.08967117789343,12.890962491114));
#615=CARTESIAN_POINT('Ctrl Pts',(7.6351461167742,-5.0638111309314,14.8715739539296));
#616=CARTESIAN_POINT('Ctrl Pts',(5.98669157658336,-6.47337641705568,15.5730414852088));
#617=CARTESIAN_POINT('Ctrl Pts',(-6.45024018547844,-7.25065110911582,15.1426670228031));
#618=CARTESIAN_POINT('Ctrl Pts',(-8.21329512604465,-5.71744121817674,14.4350161118139));
#619=CARTESIAN_POINT('Ctrl Pts',(-10.5220586573124,-1.42036173955032,12.4426379040032));
#620=CARTESIAN_POINT('Ctrl Pts',(-9.07619129005877,5.59628729037324,9.14391804513623));
#621=CARTESIAN_POINT('Ctrl Pts',(-3.55643866396123,10.0923421068424,7.0130165314292));
#622=CARTESIAN_POINT('Ctrl Pts',(3.55465265717298,10.0866090046318,7.01579117362552));
#623=CARTESIAN_POINT('Ctrl Pts',(9.08054055369167,5.6000906301183,9.14214782155748));
#624=CARTESIAN_POINT('Ctrl Pts',(10.5185739815735,-1.42178746068652,12.4432198778651));
#625=CARTESIAN_POINT('Ctrl Pts',(8.21329512604465,-5.71744121817674,14.4350161118139));
#626=CARTESIAN_POINT('Ctrl Pts',(6.45024018547844,-7.25065110911582,15.1426670228031));
#627=CARTESIAN_POINT('Ctrl Pts',(-6.48083296852659,-7.61675538384216,14.4934396600406));
#628=CARTESIAN_POINT('Ctrl Pts',(-8.27913190888869,-6.08627375055649,13.8263274604759));
#629=CARTESIAN_POINT('Ctrl Pts',(-10.710737790941,-1.74554474666208,11.9260282698803));
#630=CARTESIAN_POINT('Ctrl Pts',(-9.3301102992827,5.50777450343604,8.71322501443212));
#631=CARTESIAN_POINT('Ctrl Pts',(-3.67032882189823,10.1950282201618,6.62161561460075));
#632=CARTESIAN_POINT('Ctrl Pts',(3.66845654410471,10.1887545464907,6.62445214487455));
#633=CARTESIAN_POINT('Ctrl Pts',(9.33505845835232,5.51217744929638,8.71136946098171));
#634=CARTESIAN_POINT('Ctrl Pts',(10.706615693634,-1.74713636896944,11.9265869280202));
#635=CARTESIAN_POINT('Ctrl Pts',(8.27913190888869,-6.08627375055649,13.8263274604759));
#636=CARTESIAN_POINT('Ctrl Pts',(6.48083296852659,-7.61675538384216,14.4934396600406));
#637=CARTESIAN_POINT('Ctrl Pts',(-6.38298022711342,-7.69789344043415,14.100702186522));
#638=CARTESIAN_POINT('Ctrl Pts',(-8.17864758462539,-6.20895242999254,13.4589436136182));
#639=CARTESIAN_POINT('Ctrl Pts',(-10.6827707712687,-1.93027143056374,11.6147602693168));
#640=CARTESIAN_POINT('Ctrl Pts',(-9.41139537695523,5.40197988523585,8.4544368531437));
#641=CARTESIAN_POINT('Ctrl Pts',(-3.72144392387036,10.1995172563319,6.38661770172292));
#642=CARTESIAN_POINT('Ctrl Pts',(3.71932646204195,10.1930550645061,6.38940301489171));
#643=CARTESIAN_POINT('Ctrl Pts',(9.41712927173556,5.40614149955773,8.45264312750282));
#644=CARTESIAN_POINT('Ctrl Pts',(10.6783365482594,-1.93143101290716,11.6152600687747));
#645=CARTESIAN_POINT('Ctrl Pts',(8.17864758462539,-6.20895242999254,13.4589436136182));
#646=CARTESIAN_POINT('Ctrl Pts',(6.38298022711342,-7.69789344043415,14.100702186522));
#647=CARTESIAN_POINT('',(-6.38298022711342,-7.69789344043415,14.100702186522));
#648=CARTESIAN_POINT('',(-6.32502461713593,-5.,15.));
#649=CARTESIAN_POINT('Ctrl Pts',(-6.32502461713593,-5.,15.));
#650=CARTESIAN_POINT('Ctrl Pts',(-6.49253189799836,-5.,15.));
#651=CARTESIAN_POINT('Ctrl Pts',(-6.66097437294759,-5.02280984112472,14.9923967196251));
#652=CARTESIAN_POINT('Ctrl Pts',(-6.92883984239367,-5.12485360716414,14.9583821309453));
#653=CARTESIAN_POINT('Ctrl Pts',(-7.03104576137306,-5.18582876472469,14.9380570784959));
#654=CARTESIAN_POINT('Ctrl Pts',(-7.19874869001875,-5.34219632570243,14.88593455817));
#655=CARTESIAN_POINT('Ctrl Pts',(-7.26186765687927,-5.43115929151154,14.8562802361645));
#656=CARTESIAN_POINT('Ctrl Pts',(-7.35987715244574,-5.64448815319235,14.7851706156042));
#657=CARTESIAN_POINT('Ctrl Pts',(-7.38681613014074,-5.76782584752054,14.744058050827));
#658=CARTESIAN_POINT('Ctrl Pts',(-7.40276776149978,-6.055482912044,14.6481723626525));
#659=CARTESIAN_POINT('Ctrl Pts',(-7.37857083116408,-6.23236113728737,14.5892129542375));
#660=CARTESIAN_POINT('Ctrl Pts',(-7.24818501785925,-6.64112128968057,14.4529595701065));
#661=CARTESIAN_POINT('Ctrl Pts',(-7.13293856916353,-6.85492249504659,14.381692501647));
#662=CARTESIAN_POINT('Ctrl Pts',(-6.82362717644257,-7.28958167248174,14.2368061091686));
#663=CARTESIAN_POINT('Ctrl Pts',(-6.61349513108936,-7.50675386627418,14.1644153779086));
#664=CARTESIAN_POINT('Ctrl Pts',(-6.38298022711343,-7.69789344043414,14.100702186522));
#665=CARTESIAN_POINT('',(6.32502461713593,-5.,15.));
#666=CARTESIAN_POINT('Origin',(0.,0.678385650220009,12.1206122964327));
#667=CARTESIAN_POINT('',(6.38298022711342,-7.69789344043415,14.100702186522));
#668=CARTESIAN_POINT('Ctrl Pts',(6.38298022711343,-7.69789344043414,14.100702186522));
#669=CARTESIAN_POINT('Ctrl Pts',(6.74696192626564,-7.396085159156,14.201304946948));
#670=CARTESIAN_POINT('Ctrl Pts',(7.01276577210813,-7.06864484722302,14.3104517175923));
#671=CARTESIAN_POINT('Ctrl Pts',(7.30566936882266,-6.50788208194783,14.4973726393507));
#672=CARTESIAN_POINT('Ctrl Pts',(7.37538556261135,-6.27372887995698,14.575423706681));
#673=CARTESIAN_POINT('Ctrl Pts',(7.40411983594044,-5.8955309067097,14.7014896977634));
#674=CARTESIAN_POINT('Ctrl Pts',(7.38624951897391,-5.74449947752449,14.751833508327));
#675=CARTESIAN_POINT('Ctrl Pts',(7.30154045274355,-5.50102097209158,14.832993010138));
#676=CARTESIAN_POINT('Ctrl Pts',(7.24370959517798,-5.40059396558079,14.8664686781612));
#677=CARTESIAN_POINT('Ctrl Pts',(7.09034350598342,-5.23273736093341,14.9224208797103));
#678=CARTESIAN_POINT('Ctrl Pts',(7.00134417135694,-5.16776168278777,14.9440794390684));
#679=CARTESIAN_POINT('Ctrl Pts',(6.81726258221348,-5.07776293450163,14.9740790218305));
#680=CARTESIAN_POINT('Ctrl Pts',(6.72824444141431,-5.04895963298131,14.9836801223389));
#681=CARTESIAN_POINT('Ctrl Pts',(6.53446804443126,-5.00887511421732,14.9970416285936));
#682=CARTESIAN_POINT('Ctrl Pts',(6.4295109613019,-5.,15.));
#683=CARTESIAN_POINT('Ctrl Pts',(6.32502461713593,-5.,15.));
#684=CARTESIAN_POINT('Origin',(0.,0.,10.7827808759706));
#685=CARTESIAN_POINT('Origin',(0.,0.,35.));
#686=CARTESIAN_POINT('',(-1.22464679914735E-15,-10.,-10.));
#687=CARTESIAN_POINT('Origin',(0.,0.,-10.));
#688=CARTESIAN_POINT('',(-1.12472975967448E-7,-9.99913939603087,55.3935205395743));
#689=CARTESIAN_POINT('',(-1.22464679914735E-15,-10.,35.));
#690=CARTESIAN_POINT('',(-6.82675790685128,7.30721400269921,67.));
#691=CARTESIAN_POINT('Ctrl Pts',(-6.82675790685128,7.30721400269921,67.));
#692=CARTESIAN_POINT('Ctrl Pts',(-7.58318865236642,6.60051928005618,66.3421267176127));
#693=CARTESIAN_POINT('Ctrl Pts',(-8.80582750973793,5.02753596961917,64.9677369682058));
#694=CARTESIAN_POINT('Ctrl Pts',(-10.2150027419431,1.44052607674156,62.1785287597334));
#695=CARTESIAN_POINT('Ctrl Pts',(-10.0773873152133,-2.36481170412702,59.6611422840668));
#696=CARTESIAN_POINT('Ctrl Pts',(-8.29967495199296,-5.74759560787348,57.6749661960451));
#697=CARTESIAN_POINT('Ctrl Pts',(-6.92425016024843,-7.30557004403277,56.8091750332263));
#698=CARTESIAN_POINT('Ctrl Pts',(-5.51262799774802,-8.37985524517188,56.2329211299179));
#699=CARTESIAN_POINT('Ctrl Pts',(-3.90172794858381,-9.29125498666641,55.7540935732125));
#700=CARTESIAN_POINT('Ctrl Pts',(-2.01088222858559,-9.88745712058983,55.4504007378033));
#701=CARTESIAN_POINT('Ctrl Pts',(-0.502741622317319,-9.99919564224273,55.3934960087507));
#702=CARTESIAN_POINT('Ctrl Pts',(-1.12472975877242E-7,-9.99913939603087,
55.3935205395743));
#703=CARTESIAN_POINT('',(6.8267579068513,7.3072140026992,67.));
#704=CARTESIAN_POINT('Origin',(0.,0.,67.));
#705=CARTESIAN_POINT('Ctrl Pts',(-1.12472975877242E-7,-9.99913939603087,
55.3935205395743));
#706=CARTESIAN_POINT('Ctrl Pts',(0.502882016633677,-9.99908313408667,55.3935450772592));
#707=CARTESIAN_POINT('Ctrl Pts',(2.01161241096315,-9.88696535133603,55.4506182623179));
#708=CARTESIAN_POINT('Ctrl Pts',(4.85157303087951,-8.99042836758077,55.90689703556));
#709=CARTESIAN_POINT('Ctrl Pts',(7.68322552080742,-6.75941565663204,57.093872721791));
#710=CARTESIAN_POINT('Ctrl Pts',(10.0606384814386,-2.70669237644859,59.4340699699739));
#711=CARTESIAN_POINT('Ctrl Pts',(10.2180460229093,1.43714420553444,62.1770290167265));
#712=CARTESIAN_POINT('Ctrl Pts',(8.80527965618342,5.02820210202859,64.9683031342777));
#713=CARTESIAN_POINT('Ctrl Pts',(7.58321546675804,6.60049422873566,66.3421033969426));
#714=CARTESIAN_POINT('Ctrl Pts',(6.8267579068513,7.3072140026992,67.));
#715=CARTESIAN_POINT('',(-6.37344762439653,-7.70578778445619,44.0980707385146));
#716=CARTESIAN_POINT('',(-8.66025403784439,-4.99999999999999,45.));
#717=CARTESIAN_POINT('Origin',(0.,0.,46.6666666666667));
#718=CARTESIAN_POINT('',(6.37344762439653,-7.70578778445619,44.0980707385146));
#719=CARTESIAN_POINT('Origin',(0.,0.,40.8219044246743));
#720=CARTESIAN_POINT('',(8.66025403784439,-4.99999999999999,45.));
#721=CARTESIAN_POINT('Origin',(0.,0.,46.6666666666667));
#722=CARTESIAN_POINT('',(6.79465511820275,-7.33707447315898,46.1689677293558));
#723=CARTESIAN_POINT('Origin',(0.,0.,42.4990789921732));
#724=CARTESIAN_POINT('',(-6.79465511820275,-7.33707447315898,46.1689677293558));
#725=CARTESIAN_POINT('Origin',(0.,0.,48.2478054967509));
#726=CARTESIAN_POINT('Origin',(0.,0.,42.4990789921732));
#727=CARTESIAN_POINT('',(-8.66025403784439,-5.,15.));
#728=CARTESIAN_POINT('Origin',(0.,0.,16.6666666666667));
#729=CARTESIAN_POINT('',(8.66025403784439,-5.,15.));
#730=CARTESIAN_POINT('Origin',(0.,0.,16.6666666666667));
#731=CARTESIAN_POINT('',(6.81660159648525,-7.31668932474208,16.1747435214073));
#732=CARTESIAN_POINT('Origin',(0.,0.,12.4646071252172));
#733=CARTESIAN_POINT('',(-6.81660159648525,-7.31668932474208,16.1747435214073));
#734=CARTESIAN_POINT('Origin',(0.,0.,18.2478054967509));
#735=CARTESIAN_POINT('Origin',(0.,0.,12.4646071252172));
#736=CARTESIAN_POINT('Origin',(0.,-5.,15.));
#737=CARTESIAN_POINT('',(6.50242904688298,-5.,15.));
#738=CARTESIAN_POINT('',(0.,-5.,15.));
#739=CARTESIAN_POINT('Ctrl Pts',(6.50242904688298,-5.,15.));
#740=CARTESIAN_POINT('Ctrl Pts',(6.66961660171592,-5.,15.));
#741=CARTESIAN_POINT('Ctrl Pts',(6.83766463823048,-5.02140454987777,15.0108537886496));
#742=CARTESIAN_POINT('Ctrl Pts',(7.10531141320448,-5.11724140139232,15.0594506027439));
#743=CARTESIAN_POINT('Ctrl Pts',(7.20755309635359,-5.17461393399523,15.0885429847425));
#744=CARTESIAN_POINT('Ctrl Pts',(7.37540338151626,-5.32174335987579,15.1631491643522));
#745=CARTESIAN_POINT('Ctrl Pts',(7.43862346409102,-5.40548327556044,15.2056118815372));
#746=CARTESIAN_POINT('Ctrl Pts',(7.53683092542192,-5.60620347178822,15.3073927926054));
#747=CARTESIAN_POINT('Ctrl Pts',(7.56389530863477,-5.72224038018313,15.3662326227581));
#748=CARTESIAN_POINT('Ctrl Pts',(7.58003159453065,-5.9923816090776,15.5032154521429));
#749=CARTESIAN_POINT('Ctrl Pts',(7.55610554527555,-6.158198431535,15.5872976101793));
#750=CARTESIAN_POINT('Ctrl Pts',(7.44004985503842,-6.50132694880216,15.7612907297421));
#751=CARTESIAN_POINT('Ctrl Pts',(7.35390977238673,-6.66482687318269,15.8441980384029));
#752=CARTESIAN_POINT('Ctrl Pts',(7.12839992391177,-6.99698445666144,16.0126280324944));
#753=CARTESIAN_POINT('Ctrl Pts',(6.98010438927598,-7.16436176935468,16.0975014816948));
#754=CARTESIAN_POINT('Ctrl Pts',(6.81660159648526,-7.31668932474208,16.1747435214073));
#755=CARTESIAN_POINT('Origin',(0.,-5.,15.));
#756=CARTESIAN_POINT('',(0.,-5.,15.));
#757=CARTESIAN_POINT('',(1.84115961975441,3.55423287282354,10.6623317850022));
#758=CARTESIAN_POINT('Origin',(-0.158840380245593,3.55423287282354,10.6623317850022));
#759=CARTESIAN_POINT('Ctrl Pts',(5.79411135701247,-5.74484427700551,14.7517185743315));
#760=CARTESIAN_POINT('Ctrl Pts',(7.21064254536182,-4.42513144905736,15.1916228503142));
#761=CARTESIAN_POINT('Ctrl Pts',(9.1015046672976,-0.785957176032362,16.4046809413225));
#762=CARTESIAN_POINT('Ctrl Pts',(7.85615701389666,5.24502308310922,18.4150076943697));
#763=CARTESIAN_POINT('Ctrl Pts',(3.07897445497114,9.13642708649521,19.7121423621651));
#764=CARTESIAN_POINT('Ctrl Pts',(-3.07764455757828,9.13104022281118,19.7103467409371));
#765=CARTESIAN_POINT('Ctrl Pts',(-7.85851823386856,5.2477836245229,18.415927874841));
#766=CARTESIAN_POINT('Ctrl Pts',(-9.10140898984223,-0.786638499264883,16.4044538335784));
#767=CARTESIAN_POINT('Ctrl Pts',(-7.21064254536182,-4.42513144905737,15.1916228503142));
#768=CARTESIAN_POINT('Ctrl Pts',(-5.79411135701246,-5.74484427700551,14.7517185743315));
#769=CARTESIAN_POINT('Ctrl Pts',(5.97471344232265,-5.91931074652411,14.693563084492));
#770=CARTESIAN_POINT('Ctrl Pts',(7.42819341956438,-4.55557990047152,15.1481757719035));
#771=CARTESIAN_POINT('Ctrl Pts',(9.3479773793636,-0.808879120657688,16.3970175920721));
#772=CARTESIAN_POINT('Ctrl Pts',(8.03889961216369,5.35048248851226,18.4501755193716));
#773=CARTESIAN_POINT('Ctrl Pts',(3.14526203407514,9.30847528217357,19.7695082059319));
#774=CARTESIAN_POINT('Ctrl Pts',(-3.14393985623868,9.30307149516278,19.7676877439001));
#775=CARTESIAN_POINT('Ctrl Pts',(-8.04121456541909,5.35327856860339,18.4511224458739));
#776=CARTESIAN_POINT('Ctrl Pts',(-9.34788413969527,-0.809569012188059,16.3967858141509));
#777=CARTESIAN_POINT('Ctrl Pts',(-7.42819341956437,-4.55557990047151,15.1481757719035));
#778=CARTESIAN_POINT('Ctrl Pts',(-5.97471344232264,-5.91931074652411,14.693563084492));
#779=CARTESIAN_POINT('Ctrl Pts',(6.33507987327753,-6.31044614103674,14.7065570680316));
#780=CARTESIAN_POINT('Ctrl Pts',(7.86236693434565,-4.85643624845965,15.1830477418022));
#781=CARTESIAN_POINT('Ctrl Pts',(9.84016837897326,-0.88893681007613,16.4842840582646));
#782=CARTESIAN_POINT('Ctrl Pts',(8.40407728824799,5.53593209184429,18.5962089946191));
#783=CARTESIAN_POINT('Ctrl Pts',(3.27776633119078,9.63218710254718,19.944673029253));
#784=CARTESIAN_POINT('Ctrl Pts',(-3.2764607233446,9.62672807907981,19.9428610137955));
#785=CARTESIAN_POINT('Ctrl Pts',(-8.40629828283638,5.53881972933483,18.597160913825));
#786=CARTESIAN_POINT('Ctrl Pts',(-9.84007896445894,-0.889647388678324,16.4840503842725));
#787=CARTESIAN_POINT('Ctrl Pts',(-7.86236693434565,-4.85643624845966,15.1830477418022));
#788=CARTESIAN_POINT('Ctrl Pts',(-6.33507987327753,-6.31044614103675,14.7065570680316));
#789=CARTESIAN_POINT('Ctrl Pts',(6.80405307100706,-6.96941368356108,15.1733239743735));
#790=CARTESIAN_POINT('Ctrl Pts',(8.43606606107786,-5.39922266690003,15.6528397969829));
#791=CARTESIAN_POINT('Ctrl Pts',(10.5251384465786,-1.12983089587948,16.9602360149218));
#792=CARTESIAN_POINT('Ctrl Pts',(8.95035020131858,5.71741358782158,19.075446609334));
#793=CARTESIAN_POINT('Ctrl Pts',(3.48332170524279,10.0582256263003,20.4242463372464));
#794=CARTESIAN_POINT('Ctrl Pts',(-3.48198605801982,10.0525678929441,20.4224446319117));
#795=CARTESIAN_POINT('Ctrl Pts',(-8.95258617411715,5.72044007067623,19.076391577544));
#796=CARTESIAN_POINT('Ctrl Pts',(-10.5250662007061,-1.13057443967601,16.9600038523789));
#797=CARTESIAN_POINT('Ctrl Pts',(-8.43606606107786,-5.39922266690003,15.6528397969829));
#798=CARTESIAN_POINT('Ctrl Pts',(-6.80405307100706,-6.96941368356109,15.1733239743735));
#799=CARTESIAN_POINT('Ctrl Pts',(6.87928154547864,-7.25829348183932,15.7977209402096));
#800=CARTESIAN_POINT('Ctrl Pts',(8.54555609030407,-5.67873728978404,16.2528167376554));
#801=CARTESIAN_POINT('Ctrl Pts',(10.7234378374274,-1.35611226302136,17.5015788506483));
#802=CARTESIAN_POINT('Ctrl Pts',(9.18308970804805,5.68781246579222,19.5517171929718));
#803=CARTESIAN_POINT('Ctrl Pts',(3.58510857092201,10.1874334329291,20.8683503397239));
#804=CARTESIAN_POINT('Ctrl Pts',(-3.58369789043852,10.1813294366115,20.8665226051954));
#805=CARTESIAN_POINT('Ctrl Pts',(-9.18558843968534,5.69112316895765,19.5526754472891));
#806=CARTESIAN_POINT('Ctrl Pts',(-10.7232846386111,-1.35692224195039,17.5013453795917));
#807=CARTESIAN_POINT('Ctrl Pts',(-8.54555609030407,-5.67873728978406,16.2528167376554));
#808=CARTESIAN_POINT('Ctrl Pts',(-6.87928154547864,-7.25829348183933,15.7977209402096));
#809=CARTESIAN_POINT('Ctrl Pts',(6.81660159648525,-7.31668932474208,16.1747435214073));
#810=CARTESIAN_POINT('Ctrl Pts',(8.48310887689626,-5.76408599774426,16.61464779739));
#811=CARTESIAN_POINT('Ctrl Pts',(10.7076525497619,-1.48270450006779,17.8277058883983));
#812=CARTESIAN_POINT('Ctrl Pts',(9.24253766340783,5.61256639303996,19.8380326414455));
#813=CARTESIAN_POINT('Ctrl Pts',(3.62232288820134,10.1906887499646,21.1351673092408));
#814=CARTESIAN_POINT('Ctrl Pts',(-3.62075830303327,10.1843512632776,21.1333716880128));
#815=CARTESIAN_POINT('Ctrl Pts',(-9.24531556925713,5.61581408882076,19.8389528219167));
#816=CARTESIAN_POINT('Ctrl Pts',(-10.7075399880497,-1.48350605681193,17.8274787806541));
#817=CARTESIAN_POINT('Ctrl Pts',(-8.48310887689626,-5.76408599774427,16.61464779739));
#818=CARTESIAN_POINT('Ctrl Pts',(-6.81660159648525,-7.31668932474209,16.1747435214073));
#819=CARTESIAN_POINT('',(-6.50242904688298,-5.,15.));
#820=CARTESIAN_POINT('Origin',(0.,0.474341649025257,16.8247805496751));
#821=CARTESIAN_POINT('Ctrl Pts',(-6.81660159648525,-7.31668932474208,16.1747435214073));
#822=CARTESIAN_POINT('Ctrl Pts',(-7.1122491876126,-7.04124892373165,16.0350735953774));
#823=CARTESIAN_POINT('Ctrl Pts',(-7.32014431784203,-6.75203743002911,15.8884206432897));
#824=CARTESIAN_POINT('Ctrl Pts',(-7.53294508839282,-6.26689150947534,15.6424135412493));
#825=CARTESIAN_POINT('Ctrl Pts',(-7.57569915909838,-6.06742672866986,15.5412692244444));
#826=CARTESIAN_POINT('Ctrl Pts',(-7.57043563919151,-5.75345496007886,15.3820608674507));
#827=CARTESIAN_POINT('Ctrl Pts',(-7.5441503690086,-5.62270416737322,15.3157599413002));
#828=CARTESIAN_POINT('Ctrl Pts',(-7.43926984793632,-5.40561155250719,15.2056769275204));
#829=CARTESIAN_POINT('Ctrl Pts',(-7.37370599679211,-5.3190303673233,15.1617734640248));
#830=CARTESIAN_POINT('Ctrl Pts',(-7.20651086375783,-5.17497039816902,15.0887237401578));
#831=CARTESIAN_POINT('Ctrl Pts',(-7.11025462068837,-5.12047827613746,15.0610919525813));
#832=CARTESIAN_POINT('Ctrl Pts',(-6.87066907751153,-5.03154954248607,15.0159980970486));
#833=CARTESIAN_POINT('Ctrl Pts',(-6.70657320107057,-5.,15.));
#834=CARTESIAN_POINT('Ctrl Pts',(-6.50242904688297,-5.,15.));
#835=CARTESIAN_POINT('Origin',(0.,10.,20.));
#836=CARTESIAN_POINT('',(0.,-5.,15.));
#837=CARTESIAN_POINT('',(1.84115961975441,3.55423287282354,17.8514109576078));
#838=CARTESIAN_POINT('Origin',(-0.158840380245593,3.55423287282354,17.8514109576078));
#839=CARTESIAN_POINT('Ctrl Pts',(-5.41743048073705,-5.87890153952204,45.4396126648004));
#840=CARTESIAN_POINT('Ctrl Pts',(-6.94608508583547,-4.61455319073412,44.8072055954614));
#841=CARTESIAN_POINT('Ctrl Pts',(-9.07463429241191,-0.978095911537968,42.9883071147402));
#842=CARTESIAN_POINT('Ctrl Pts',(-8.00616218077358,5.2594290449186,39.8683956746509));
#843=CARTESIAN_POINT('Ctrl Pts',(-3.16421048040676,9.34150356404962,37.826606490569));
#844=CARTESIAN_POINT('Ctrl Pts',(3.16245181063299,9.33476280763182,37.8299781104358));
#845=CARTESIAN_POINT('Ctrl Pts',(8.00886312394569,5.26263754659646,39.8667908328009));
#846=CARTESIAN_POINT('Ctrl Pts',(9.07495636620038,-0.978687708690816,42.9886031223265));
#847=CARTESIAN_POINT('Ctrl Pts',(6.94608508583547,-4.61455319073412,44.8072055954614));
#848=CARTESIAN_POINT('Ctrl Pts',(5.41743048073705,-5.87890153952204,45.4396126648004));
#849=CARTESIAN_POINT('Ctrl Pts',(-5.60392442062313,-6.05925867499071,45.5298244546014));
#850=CARTESIAN_POINT('Ctrl Pts',(-7.17348591034806,-4.7487427294093,44.8742632259465));
#851=CARTESIAN_POINT('Ctrl Pts',(-9.32525454429553,-1.00367529431932,43.001133076055));
#852=CARTESIAN_POINT('Ctrl Pts',(-8.1841911094298,5.34759879159957,39.8242609606879));
#853=CARTESIAN_POINT('Ctrl Pts',(-3.22771381090478,9.48525380180266,37.7546776228914));
#854=CARTESIAN_POINT('Ctrl Pts',(3.22595939137892,9.4785332881796,37.7580679625399));
#855=CARTESIAN_POINT('Ctrl Pts',(8.18681582423357,5.35079850658945,39.8226372806106));
#856=CARTESIAN_POINT('Ctrl Pts',(9.32557384942074,-1.00426573421244,43.0014292449165));
#857=CARTESIAN_POINT('Ctrl Pts',(7.17348591034806,-4.7487427294093,44.8742632259465));
#858=CARTESIAN_POINT('Ctrl Pts',(5.60392442062313,-6.05925867499071,45.5298244546014));
#859=CARTESIAN_POINT('Ctrl Pts',(-5.97587556017451,-6.48817075028124,45.571396646711));
#860=CARTESIAN_POINT('Ctrl Pts',(-7.62716182755563,-5.08032053523491,44.8802667111543));
#861=CARTESIAN_POINT('Ctrl Pts',(-9.82572900765584,-1.10524579672029,42.9260787787276));
#862=CARTESIAN_POINT('Ctrl Pts',(-8.54001904569476,5.49164931977336,39.6717622254928));
#863=CARTESIAN_POINT('Ctrl Pts',(-3.35468081614233,9.75049262727726,37.5665923342987));
#864=CARTESIAN_POINT('Ctrl Pts',(3.35293874866384,9.7437671421874,37.5699414629611));
#865=CARTESIAN_POINT('Ctrl Pts',(8.54248685460566,5.49487755428054,39.6701684485662));
#866=CARTESIAN_POINT('Ctrl Pts',(9.82603856352665,-1.10583740860466,42.9263709973901));
#867=CARTESIAN_POINT('Ctrl Pts',(7.62716182755563,-5.08032053523491,44.8802667111543));
#868=CARTESIAN_POINT('Ctrl Pts',(5.97587556017451,-6.48817075028124,45.571396646711));
#869=CARTESIAN_POINT('Ctrl Pts',(-6.43785009409295,-7.26275821433175,45.1394772459096));
#870=CARTESIAN_POINT('Ctrl Pts',(-8.20402695511229,-5.73177395724278,44.4423038200597));
#871=CARTESIAN_POINT('Ctrl Pts',(-10.5163423358863,-1.43580636178908,42.4771332425075));
#872=CARTESIAN_POINT('Ctrl Pts',(-9.08418025102103,5.59009198531781,39.2192880956373));
#873=CARTESIAN_POINT('Ctrl Pts',(-3.55837868858523,10.0922563447512,37.1146183668122));
#874=CARTESIAN_POINT('Ctrl Pts',(3.5565982407202,10.0853396117859,37.1179556966437));
#875=CARTESIAN_POINT('Ctrl Pts',(9.08663293134568,5.59342866207895,39.217706609739));
#876=CARTESIAN_POINT('Ctrl Pts',(10.5166723265235,-1.43641423756445,42.4774227242935));
#877=CARTESIAN_POINT('Ctrl Pts',(8.20402695511229,-5.73177395724278,44.4423038200597));
#878=CARTESIAN_POINT('Ctrl Pts',(6.43785009409295,-7.26275821433175,45.1394772459096));
#879=CARTESIAN_POINT('Ctrl Pts',(-6.46987847301944,-7.62602994784486,44.4906203507492));
#880=CARTESIAN_POINT('Ctrl Pts',(-8.27112078198859,-6.09750135047447,43.8332953746906));
#881=CARTESIAN_POINT('Ctrl Pts',(-10.7045298992645,-1.75774318368876,41.9589714003474));
#882=CARTESIAN_POINT('Ctrl Pts',(-9.33794252978022,5.50347185288284,38.7867117527553));
#883=CARTESIAN_POINT('Ctrl Pts',(-3.67196655940392,10.1959599534141,36.7212492898946));
#884=CARTESIAN_POINT('Ctrl Pts',(3.67012227061055,10.1884549496736,36.7246496764922));
#885=CARTESIAN_POINT('Ctrl Pts',(9.34068014075803,5.50722847044767,38.7850732755525));
#886=CARTESIAN_POINT('Ctrl Pts',(10.7048105875898,-1.75842223916439,41.9592680069191));
#887=CARTESIAN_POINT('Ctrl Pts',(8.27112078198859,-6.09750135047447,43.8332953746906));
#888=CARTESIAN_POINT('Ctrl Pts',(6.46987847301944,-7.62602994784486,44.4906203507492));
#889=CARTESIAN_POINT('Ctrl Pts',(-6.37344762439653,-7.7057877844562,44.0980707385146));
#890=CARTESIAN_POINT('Ctrl Pts',(-8.17186480686526,-6.21831913882334,43.4656636691756));
#891=CARTESIAN_POINT('Ctrl Pts',(-10.676040344014,-1.94013410447493,41.6467651884544));
#892=CARTESIAN_POINT('Ctrl Pts',(-9.41901433032186,5.39813055017986,38.5268537483651));
#893=CARTESIAN_POINT('Ctrl Pts',(-3.72260056518443,10.2005711609222,36.4850645642833));
#894=CARTESIAN_POINT('Ctrl Pts',(3.72053154192117,10.1926408592542,36.48843618415));
#895=CARTESIAN_POINT('Ctrl Pts',(9.42219191052433,5.40190525803617,38.5252489065151));
#896=CARTESIAN_POINT('Ctrl Pts',(10.6764192543534,-1.94083033641946,41.6470611960407));
#897=CARTESIAN_POINT('Ctrl Pts',(8.17186480686526,-6.21831913882334,43.4656636691756));
#898=CARTESIAN_POINT('Ctrl Pts',(6.37344762439653,-7.7057877844562,44.0980707385146));
#899=CARTESIAN_POINT('',(-6.33163122483657,-5.,45.));
#900=CARTESIAN_POINT('Ctrl Pts',(-6.33163122483657,-5.,45.));
#901=CARTESIAN_POINT('Ctrl Pts',(-6.4980751910618,-5.,45.));
#902=CARTESIAN_POINT('Ctrl Pts',(-6.66546089879316,-5.02263708653802,44.9924543044873));
#903=CARTESIAN_POINT('Ctrl Pts',(-6.9316445774697,-5.12400943730507,44.9586635208983));
#904=CARTESIAN_POINT('Ctrl Pts',(-7.03319222568275,-5.18458693713576,44.938471021024));
#905=CARTESIAN_POINT('Ctrl Pts',(-7.19990912387805,-5.34000589698639,44.8866647010738));
#906=CARTESIAN_POINT('Ctrl Pts',(-7.26267597074421,-5.42846764941917,44.8571774501953));
#907=CARTESIAN_POINT('Ctrl Pts',(-7.36032291281638,-5.6408152454737,44.7863949181771));
#908=CARTESIAN_POINT('Ctrl Pts',(-7.38720794115878,-5.76373574102826,44.7454214196577));
#909=CARTESIAN_POINT('Ctrl Pts',(-7.4033215779196,-6.05076229743715,44.6497459008548));
#910=CARTESIAN_POINT('Ctrl Pts',(-7.37928118829536,-6.22756353940962,44.5908121535301));
#911=CARTESIAN_POINT('Ctrl Pts',(-7.24869198027278,-6.63842107768984,44.4538596407701));
#912=CARTESIAN_POINT('Ctrl Pts',(-7.13234857459512,-6.85419595186312,44.3819346827077));
#913=CARTESIAN_POINT('Ctrl Pts',(-6.81969475471184,-7.2932205813735,44.2355931395376));
#914=CARTESIAN_POINT('Ctrl Pts',(-6.60686908346976,-7.51272518197778,44.1624249393407));
#915=CARTESIAN_POINT('Ctrl Pts',(-6.37344762439652,-7.70578778445619,44.0980707385146));
#916=CARTESIAN_POINT('',(6.33163122483657,-5.,45.));
#917=CARTESIAN_POINT('Origin',(0.,0.671018077265722,42.1634463509601));
#918=CARTESIAN_POINT('Ctrl Pts',(6.37344762439652,-7.7057877844562,44.0980707385146));
#919=CARTESIAN_POINT('Ctrl Pts',(6.74115691323998,-7.40165588269591,44.1994480391014));
#920=CARTESIAN_POINT('Ctrl Pts',(7.00950260341211,-7.07182057117977,44.3093931429401));
#921=CARTESIAN_POINT('Ctrl Pts',(7.30498609097309,-6.50788406621848,44.4973719779272));
#922=CARTESIAN_POINT('Ctrl Pts',(7.3753534770369,-6.2727545878202,44.5757484707266));
#923=CARTESIAN_POINT('Ctrl Pts',(7.40471114793549,-5.89369277811703,44.7021024072943));
#924=CARTESIAN_POINT('Ctrl Pts',(7.38709003050623,-5.74261962163452,44.7524601270032));
#925=CARTESIAN_POINT('Ctrl Pts',(7.30295412636212,-5.49952938074174,44.8334902073008));
#926=CARTESIAN_POINT('Ctrl Pts',(7.24554074301658,-5.39937106022398,44.8668763132819));
#927=CARTESIAN_POINT('Ctrl Pts',(7.09318558256962,-5.23208669181215,44.9226377694192));
#928=CARTESIAN_POINT('Ctrl Pts',(7.00482826388991,-5.16736246523784,44.9442125115851));
#929=CARTESIAN_POINT('Ctrl Pts',(6.8218128236955,-5.07760150733342,44.9741328308866));
#930=CARTESIAN_POINT('Ctrl Pts',(6.73320569553695,-5.04885646455263,44.9837145118152));
#931=CARTESIAN_POINT('Ctrl Pts',(6.54024789704817,-5.00884998645873,44.9970500045131));
#932=CARTESIAN_POINT('Ctrl Pts',(6.43570207292023,-5.,45.));
#933=CARTESIAN_POINT('Ctrl Pts',(6.33163122483657,-5.,45.));
#934=CARTESIAN_POINT('Origin',(0.,-5.,45.));
#935=CARTESIAN_POINT('',(6.50242904688298,-5.,45.));
#936=CARTESIAN_POINT('',(0.,-5.,45.));
#937=CARTESIAN_POINT('Ctrl Pts',(6.50242904688297,-5.,45.));
#938=CARTESIAN_POINT('Ctrl Pts',(6.66853968203439,-5.,45.));
#939=CARTESIAN_POINT('Ctrl Pts',(6.83551451133538,-5.02130446053932,45.0106561545846));
#940=CARTESIAN_POINT('Ctrl Pts',(7.10146689656096,-5.11677680273168,45.0584099118357));
#941=CARTESIAN_POINT('Ctrl Pts',(7.20305074905127,-5.17393846333736,45.0870012713327));
#942=CARTESIAN_POINT('Ctrl Pts',(7.36992308942154,-5.32059658877344,45.160357348707));
#943=CARTESIAN_POINT('Ctrl Pts',(7.43279559299526,-5.40410868000494,45.2021287774513));
#944=CARTESIAN_POINT('Ctrl Pts',(7.53065420428881,-5.60450202456777,45.3023623625004));
#945=CARTESIAN_POINT('Ctrl Pts',(7.55766703371257,-5.72049908676299,45.3603822604399));
#946=CARTESIAN_POINT('Ctrl Pts',(7.57396356032331,-5.99088967511436,45.4956273609852));
#947=CARTESIAN_POINT('Ctrl Pts',(7.5501766559527,-6.15716475501925,45.5787955290686));
#948=CARTESIAN_POINT('Ctrl Pts',(7.4334363170221,-6.50447344957129,45.7525138511498));
#949=CARTESIAN_POINT('Ctrl Pts',(7.34547837193514,-6.67137138174049,45.8359935600952));
#950=CARTESIAN_POINT('Ctrl Pts',(7.11468812967143,-7.01064751289979,46.0056941208693));
#951=CARTESIAN_POINT('Ctrl Pts',(6.96245526026502,-7.18167955407107,46.0912416458245));
#952=CARTESIAN_POINT('Ctrl Pts',(6.79465511820276,-7.33707447315897,46.1689677293558));
#953=CARTESIAN_POINT('Origin',(0.,-5.,45.));
#954=CARTESIAN_POINT('',(0.,-5.,45.));
#955=CARTESIAN_POINT('',(1.84115961975441,3.55423287282354,40.7213078605026));
#956=CARTESIAN_POINT('Origin',(-0.158840380245593,3.55423287282354,40.7213078605026));
#957=CARTESIAN_POINT('Ctrl Pts',(5.77545685047235,-5.76217165315987,44.74594278228));
#958=CARTESIAN_POINT('Ctrl Pts',(7.19771374948591,-4.44506015952105,45.1849799468263));
#959=CARTESIAN_POINT('Ctrl Pts',(9.1044778394705,-0.804619800843882,46.3984600663854));
#960=CARTESIAN_POINT('Ctrl Pts',(7.86066567591572,5.23463286752961,48.4115442891765));
#961=CARTESIAN_POINT('Ctrl Pts',(3.08425089409827,9.13765542662877,49.7125518088763));
#962=CARTESIAN_POINT('Ctrl Pts',(-3.08218729766847,9.13086201291795,49.7102873376393));
#963=CARTESIAN_POINT('Ctrl Pts',(-7.86661756027778,5.23894028645192,48.412980095484));
#964=CARTESIAN_POINT('Ctrl Pts',(-9.09998831160026,-0.806259016112846,46.3979136612957));
#965=CARTESIAN_POINT('Ctrl Pts',(-7.1977137494859,-4.44506015952106,45.1849799468263));
#966=CARTESIAN_POINT('Ctrl Pts',(-5.77545685047234,-5.76217165315988,44.74594278228));
#967=CARTESIAN_POINT('Ctrl Pts',(5.95557201868142,-5.93721608763304,44.6875946374556));
#968=CARTESIAN_POINT('Ctrl Pts',(7.41500766164782,-4.57612533239982,45.1413272535189));
#969=CARTESIAN_POINT('Ctrl Pts',(9.3509948999218,-0.827902805187518,46.3906751662159));
#970=CARTESIAN_POINT('Ctrl Pts',(8.04366843784236,5.33986799720313,48.4466346436389));
#971=CARTESIAN_POINT('Ctrl Pts',(3.15060557714195,9.3097355945798,49.7699431303309));
#972=CARTESIAN_POINT('Ctrl Pts',(-3.14855718786046,9.30288443885161,49.767629173541));
#973=CARTESIAN_POINT('Ctrl Pts',(-8.04951682053931,5.34430078159149,48.4481395540756));
#974=CARTESIAN_POINT('Ctrl Pts',(-9.34655551927361,-0.829674250579139,46.390085257975));
#975=CARTESIAN_POINT('Ctrl Pts',(-7.41500766164781,-4.57612533239982,45.1413272535189));
#976=CARTESIAN_POINT('Ctrl Pts',(-5.95557201868142,-5.93721608763305,44.6875946374556));
#977=CARTESIAN_POINT('Ctrl Pts',(6.31491367334605,-6.32949884262496,44.7003588823966));
#978=CARTESIAN_POINT('Ctrl Pts',(7.84861493244345,-4.87821022827063,45.1759540698299));
#979=CARTESIAN_POINT('Ctrl Pts',(9.84324080715135,-0.90869989623639,46.4778031681032));
#980=CARTESIAN_POINT('Ctrl Pts',(8.40934194327828,5.52482851542506,48.5925898361255));
#981=CARTESIAN_POINT('Ctrl Pts',(3.28323661168286,9.63351186468877,49.9451314576875));
#982=CARTESIAN_POINT('Ctrl Pts',(-3.28122199587814,9.62650290928662,49.9428086192811));
#983=CARTESIAN_POINT('Ctrl Pts',(-8.41498092173372,5.52956375715576,48.5941397094311));
#984=CARTESIAN_POINT('Ctrl Pts',(-9.83889024381399,-0.910754435161699,46.4771496628075));
#985=CARTESIAN_POINT('Ctrl Pts',(-7.84861493244345,-4.87821022827064,45.1759540698299));
#986=CARTESIAN_POINT('Ctrl Pts',(-6.31491367334604,-6.32949884262496,44.7003588823966));
#987=CARTESIAN_POINT('Ctrl Pts',(6.78246231109262,-6.98995158454031,45.1670975511703));
#988=CARTESIAN_POINT('Ctrl Pts',(8.42142395584705,-5.42264341648778,45.6457195717851));
#989=CARTESIAN_POINT('Ctrl Pts',(10.5282828329625,-1.15089269882671,46.9537421026072));
#990=CARTESIAN_POINT('Ctrl Pts',(8.95613894402698,5.70556718537523,49.0718297680823));
#991=CARTESIAN_POINT('Ctrl Pts',(3.48908287165503,10.0596075688678,50.4247044357703));
#992=CARTESIAN_POINT('Ctrl Pts',(-3.48701790754829,10.0523103406403,50.422393450088));
#993=CARTESIAN_POINT('Ctrl Pts',(-8.9618449962225,5.71061789605641,49.0733719720631));
#994=CARTESIAN_POINT('Ctrl Pts',(-10.5238892908611,-1.15321412664094,46.9530851408009));
#995=CARTESIAN_POINT('Ctrl Pts',(-8.42142395584704,-5.42264341648779,45.6457195717851));
#996=CARTESIAN_POINT('Ctrl Pts',(-6.78246231109261,-6.98995158454031,45.1670975511703));
#997=CARTESIAN_POINT('Ctrl Pts',(6.85734024004743,-7.27902357214452,45.7917471445735));
#998=CARTESIAN_POINT('Ctrl Pts',(8.53053254380369,-5.70247256171737,46.2459658537852));
#999=CARTESIAN_POINT('Ctrl Pts',(10.7271013026688,-1.37752711110628,47.4952623319331));
#1000=CARTESIAN_POINT('Ctrl Pts',(9.18870669971496,5.67556474571171,49.5481771918185));
#1001=CARTESIAN_POINT('Ctrl Pts',(3.59111711399893,10.1890048223537,50.8688002196162));
#1002=CARTESIAN_POINT('Ctrl Pts',(-3.58893178781944,10.1810947457871,50.8664652939707));
#1003=CARTESIAN_POINT('Ctrl Pts',(-9.19507792104781,5.6810646267311,49.5497125346144));
#1004=CARTESIAN_POINT('Ctrl Pts',(-10.7219962877884,-1.37988393732006,47.4946623559639));
#1005=CARTESIAN_POINT('Ctrl Pts',(-8.53053254380369,-5.70247256171738,46.2459658537852));
#1006=CARTESIAN_POINT('Ctrl Pts',(-6.85734024004742,-7.27902357214452,45.7917471445735));
#1007=CARTESIAN_POINT('Ctrl Pts',(6.79465511820276,-7.33707447315898,46.1689677293558));
#1008=CARTESIAN_POINT('Ctrl Pts',(8.46789852880695,-5.78753153946625,46.6080048939021));
#1009=CARTESIAN_POINT('Ctrl Pts',(10.7111503993771,-1.50466052925781,47.8214850134611));
#1010=CARTESIAN_POINT('Ctrl Pts',(9.24784197166556,5.60034261000511,49.8345692362523));
#1011=CARTESIAN_POINT('Ctrl Pts',(3.62853046364502,10.1921338560041,51.135576755952));
#1012=CARTESIAN_POINT('Ctrl Pts',(-3.62610270313938,10.1841416045796,51.1333122847151));
#1013=CARTESIAN_POINT('Ctrl Pts',(-9.2548441885621,5.60541016167843,49.8360050425597));
#1014=CARTESIAN_POINT('Ctrl Pts',(-10.7058686018827,-1.50658901780953,47.8209386083715));
#1015=CARTESIAN_POINT('Ctrl Pts',(-8.46789852880694,-5.78753153946625,46.6080048939021));
#1016=CARTESIAN_POINT('Ctrl Pts',(-6.79465511820275,-7.33707447315898,46.1689677293558));
#1017=CARTESIAN_POINT('',(-6.50242904688298,-5.,45.));
#1018=CARTESIAN_POINT('Origin',(0.,0.474341649025257,46.8247805496751));
#1019=CARTESIAN_POINT('Ctrl Pts',(-6.79465511820276,-7.33707447315897,46.1689677293558));
#1020=CARTESIAN_POINT('Ctrl Pts',(-7.09552111451196,-7.05845106689616,46.0296047033568));
#1021=CARTESIAN_POINT('Ctrl Pts',(-7.30731106693761,-6.76570574443941,45.8831781179818));
#1022=CARTESIAN_POINT('Ctrl Pts',(-7.52464110515648,-6.2751579290926,45.6378138506329));
#1023=CARTESIAN_POINT('Ctrl Pts',(-7.56874270503299,-6.0737158448735,45.5370557025761));
#1024=CARTESIAN_POINT('Ctrl Pts',(-7.56505266506425,-5.75736776442433,45.3788233905399));
#1025=CARTESIAN_POINT('Ctrl Pts',(-7.53945918255374,-5.62580442029103,45.3130174837499));
#1026=CARTESIAN_POINT('Ctrl Pts',(-7.43576939828522,-5.40777047594081,45.2039603493809));
#1027=CARTESIAN_POINT('Ctrl Pts',(-7.37094165123607,-5.32094178740466,45.1605300116756));
#1028=CARTESIAN_POINT('Ctrl Pts',(-7.20538142721351,-5.17653522572156,45.0883001309193));
#1029=CARTESIAN_POINT('Ctrl Pts',(-7.11011132587422,-5.12187357785333,45.0609592382346));
#1030=CARTESIAN_POINT('Ctrl Pts',(-6.87166987850668,-5.03206838234811,45.0160400982244));
#1031=CARTESIAN_POINT('Ctrl Pts',(-6.70740284414402,-5.,45.));
#1032=CARTESIAN_POINT('Ctrl Pts',(-6.50242904688297,-5.,45.));
#1033=CARTESIAN_POINT('Origin',(0.,10.,50.));
#1034=CARTESIAN_POINT('',(0.,-5.,45.));
#1035=CARTESIAN_POINT('',(1.84115961975441,3.55423287282355,47.8514109576079));
#1036=CARTESIAN_POINT('Origin',(-0.158840380245593,3.55423287282354,47.8514109576079));
#1037=CARTESIAN_POINT('Origin',(-0.158840380245593,3.55423287282354,21.));
#1038=CARTESIAN_POINT('',(1.84115961975441,3.55423287282354,21.));
#1039=CARTESIAN_POINT('Origin',(-0.158840380245593,3.55423287282354,21.));
#1040=CARTESIAN_POINT('',(1.84115961975441,3.55423287282354,-10.));
#1041=CARTESIAN_POINT('Origin',(-0.158840380245593,3.55423287282354,-10.));
#1042=CARTESIAN_POINT('',(1.84115961975441,3.55423287282354,21.));
#1043=CARTESIAN_POINT('Origin',(-0.158840380245593,3.55423287282354,21.));
#1044=CARTESIAN_POINT('',(1.84115961975441,3.55423287282354,52.));
#1045=CARTESIAN_POINT('',(1.84115961975441,3.55423287282354,21.));
#1046=CARTESIAN_POINT('Origin',(-0.158840380245593,3.55423287282354,52.));
#1047=CARTESIAN_POINT('Origin',(-0.158840380245593,3.55423287282354,52.));
#1048=CARTESIAN_POINT('Ctrl Pts',(4.7087486072317,0.421396287367655,68.2646662346278));
#1049=CARTESIAN_POINT('Ctrl Pts',(4.71378426855588,0.423226197801391,68.2673304302231));
#1050=CARTESIAN_POINT('Ctrl Pts',(4.71881855326209,0.425066505504169,68.2699879149928));
#1051=CARTESIAN_POINT('Ctrl Pts',(5.14204996567875,0.580867917873134,68.4927671151701));
#1052=CARTESIAN_POINT('Ctrl Pts',(5.76883232395187,0.932314277899255,68.7557579189384));
#1053=CARTESIAN_POINT('Ctrl Pts',(6.71969280257686,1.78433051934243,68.9732311924308));
#1054=CARTESIAN_POINT('Ctrl Pts',(7.21041642666895,2.45350862587198,68.9497994935704));
#1055=CARTESIAN_POINT('Ctrl Pts',(7.4635381821428,2.93725937157602,68.8489950308784));
#1056=CARTESIAN_POINT('Ctrl Pts',(4.7087486072317,0.421396287367655,68.2646662346278));
#1057=CARTESIAN_POINT('Ctrl Pts',(4.71242010569578,0.423733930131372,68.2680539477026));
#1058=CARTESIAN_POINT('Ctrl Pts',(4.71611113149209,0.426058548366426,68.2714608475509));
#1059=CARTESIAN_POINT('Ctrl Pts',(5.02444972736918,0.624326722404665,68.5552728715086));
#1060=CARTESIAN_POINT('Ctrl Pts',(5.48443649604621,0.998847228764129,68.9349375740135));
#1061=CARTESIAN_POINT('Ctrl Pts',(6.24210830377505,1.86999216688997,69.4118563607902));
#1062=CARTESIAN_POINT('Ctrl Pts',(6.68531044802878,2.5753642454807,69.5683025493271));
#1063=CARTESIAN_POINT('Ctrl Pts',(6.9361431878961,3.12207617392364,69.563025287917));
#1064=CARTESIAN_POINT('Ctrl Pts',(4.7087486072317,0.421396287367655,68.2646662346278));
#1065=CARTESIAN_POINT('Ctrl Pts',(4.7110675756819,0.424233454905286,68.2687813320904));
#1066=CARTESIAN_POINT('Ctrl Pts',(4.71338764330155,0.42706558368463,68.272926902031));
#1067=CARTESIAN_POINT('Ctrl Pts',(4.90844082438262,0.667137957197427,68.6176238846593));
#1068=CARTESIAN_POINT('Ctrl Pts',(5.19749098144273,1.10333673682868,69.0876095393141));
#1069=CARTESIAN_POINT('Ctrl Pts',(5.66789131908943,2.07478764986874,69.7124737210168));
#1070=CARTESIAN_POINT('Ctrl Pts',(5.93688169828228,2.83918683344515,69.9565147832465));
#1071=CARTESIAN_POINT('Ctrl Pts',(6.08971194001287,3.41869392408546,70.0000000000007));
#1072=CARTESIAN_POINT('Ctrl Pts',(4.7087486072317,0.421396287367655,68.2646662346278));
#1073=CARTESIAN_POINT('Ctrl Pts',(4.70971022521392,0.42473204797853,68.2695228213561));
#1074=CARTESIAN_POINT('Ctrl Pts',(4.71067156291259,0.428077362330365,68.2743716230471));
#1075=CARTESIAN_POINT('Ctrl Pts',(4.7914899519503,0.710373541505853,68.6813402902245));
#1076=CARTESIAN_POINT('Ctrl Pts',(4.91100715921196,1.24463630197897,69.2121202410408));
#1077=CARTESIAN_POINT('Ctrl Pts',(5.0921895078975,2.36468599380817,69.825161879777));
#1078=CARTESIAN_POINT('Ctrl Pts',(5.18570800432337,3.16719704859074,70.0000000000012));
#1079=CARTESIAN_POINT('Ctrl Pts',(5.234011975265,3.7185597418834,70.));
#1080=CARTESIAN_POINT('',(7.4635381821428,2.93725937157602,68.8489950308784));
#1081=CARTESIAN_POINT('',(5.23401197531485,3.71855974187903,70.));
#1082=CARTESIAN_POINT('Origin',(5.234011975265,3.71855974187685,67.));
#1083=CARTESIAN_POINT('',(4.70874860723196,0.421396287367361,68.2646662346274));
#1084=CARTESIAN_POINT('Ctrl Pts',(5.234011975265,3.7185597418834,70.));
#1085=CARTESIAN_POINT('Ctrl Pts',(5.18570800432337,3.16719704859074,70.0000000000012));
#1086=CARTESIAN_POINT('Ctrl Pts',(5.0921895078975,2.36468599380817,69.825161879777));
#1087=CARTESIAN_POINT('Ctrl Pts',(4.91100715921196,1.24463630197897,69.2121202410408));
#1088=CARTESIAN_POINT('Ctrl Pts',(4.7914899519503,0.710373541505853,68.6813402902245));
#1089=CARTESIAN_POINT('Ctrl Pts',(4.71067156291259,0.428077362330365,68.2743716230471));
#1090=CARTESIAN_POINT('Ctrl Pts',(4.70971022521392,0.42473204797853,68.2695228213561));
#1091=CARTESIAN_POINT('Ctrl Pts',(4.7087486072317,0.421396287367655,68.2646662346278));
#1092=CARTESIAN_POINT('Ctrl Pts',(4.7087486072317,0.421396287367655,68.2646662346278));
#1093=CARTESIAN_POINT('Ctrl Pts',(4.71378426855588,0.423226197801391,68.2673304302231));
#1094=CARTESIAN_POINT('Ctrl Pts',(4.71881855326209,0.425066505504169,68.2699879149928));
#1095=CARTESIAN_POINT('Ctrl Pts',(5.14204996567875,0.580867917873134,68.4927671151701));
#1096=CARTESIAN_POINT('Ctrl Pts',(5.76883232395187,0.932314277899255,68.7557579189384));
#1097=CARTESIAN_POINT('Ctrl Pts',(6.71969280257686,1.78433051934243,68.9732311924308));
#1098=CARTESIAN_POINT('Ctrl Pts',(7.21041642666895,2.45350862587198,68.9497994935704));
#1099=CARTESIAN_POINT('Ctrl Pts',(7.4635381821428,2.93725937157602,68.8489950308784));
#1100=CARTESIAN_POINT('Ctrl Pts',(4.77873053479591,5.11504980188944,70.));
#1101=CARTESIAN_POINT('Ctrl Pts',(4.9404917681032,4.96392451965538,70.));
#1102=CARTESIAN_POINT('Ctrl Pts',(5.2531406947523,4.54417182591379,70.));
#1103=CARTESIAN_POINT('Ctrl Pts',(5.33162660715447,3.99711378876142,70.));
#1104=CARTESIAN_POINT('Ctrl Pts',(5.23401197526806,3.7185597418856,70.));
#1105=CARTESIAN_POINT('Ctrl Pts',(5.39149889159591,5.77094379700625,70.));
#1106=CARTESIAN_POINT('Ctrl Pts',(5.59457149404192,5.49949702569153,69.9977946989378));
#1107=CARTESIAN_POINT('Ctrl Pts',(5.94037649768022,4.79971874486748,69.9968639620079));
#1108=CARTESIAN_POINT('Ctrl Pts',(5.92500518349075,3.97437637806418,70.0003850926665));
#1109=CARTESIAN_POINT('Ctrl Pts',(5.72298338369857,3.54720784600665,70.));
#1110=CARTESIAN_POINT('Ctrl Pts',(6.45249810976558,6.90661441102957,69.2469301705908));
#1111=CARTESIAN_POINT('Ctrl Pts',(6.73147823510058,6.4335324384312,69.3513952875467));
#1112=CARTESIAN_POINT('Ctrl Pts',(7.14169459852317,5.25149166950655,69.5635762450681));
#1113=CARTESIAN_POINT('Ctrl Pts',(6.96140888194299,3.93464991872872,69.7127159886802));
#1114=CARTESIAN_POINT('Ctrl Pts',(6.57767681274846,3.24769475191173,69.7595591964811));
#1115=CARTESIAN_POINT('Ctrl Pts',(6.82675790685129,7.3072140026992,67.6731984257692));
#1116=CARTESIAN_POINT('Ctrl Pts',(7.21449289171521,6.84984999615827,67.9375078757994));
#1117=CARTESIAN_POINT('Ctrl Pts',(7.86362195617373,5.57850229875474,68.5209676387037));
#1118=CARTESIAN_POINT('Ctrl Pts',(7.72582925975033,3.91667512328785,69.0010033345996));
#1119=CARTESIAN_POINT('Ctrl Pts',(7.23751175605224,3.0164665726094,69.1550079981755));
#1120=CARTESIAN_POINT('Ctrl Pts',(6.82675790685129,7.3072140026992,67.));
#1121=CARTESIAN_POINT('Ctrl Pts',(7.26175420050646,6.90081911867576,67.307367055454));
#1122=CARTESIAN_POINT('Ctrl Pts',(8.04222548343103,5.68315128617301,68.015929802716));
#1123=CARTESIAN_POINT('Ctrl Pts',(7.97505693520875,3.91484258159822,68.6452852669153));
#1124=CARTESIAN_POINT('Ctrl Pts',(7.46353818215886,2.93725937160673,68.848995030872));
#1125=CARTESIAN_POINT('Ctrl Pts',(7.46353818215886,2.93725937160673,68.848995030872));
#1126=CARTESIAN_POINT('Ctrl Pts',(7.97505693520875,3.91484258159822,68.6452852669153));
#1127=CARTESIAN_POINT('Ctrl Pts',(8.04222548343103,5.68315128617301,68.015929802716));
#1128=CARTESIAN_POINT('Ctrl Pts',(7.26175420050646,6.90081911867576,67.307367055454));
#1129=CARTESIAN_POINT('Ctrl Pts',(6.82675790685129,7.3072140026992,67.));
#1130=CARTESIAN_POINT('',(4.77873053479591,5.11504980188944,70.));
#1131=CARTESIAN_POINT('Origin',(4.77873053479591,5.11504980188944,67.));
#1132=CARTESIAN_POINT('Ctrl Pts',(4.77873053479591,5.11504980188944,70.));
#1133=CARTESIAN_POINT('Ctrl Pts',(4.9404917681032,4.96392451965538,70.));
#1134=CARTESIAN_POINT('Ctrl Pts',(5.2531406947523,4.54417182591379,70.));
#1135=CARTESIAN_POINT('Ctrl Pts',(5.33162660715447,3.99711378876142,70.));
#1136=CARTESIAN_POINT('Ctrl Pts',(5.23401197526806,3.7185597418856,70.));
#1137=CARTESIAN_POINT('Ctrl Pts',(-7.46353818214277,2.93725937157597,68.8489950308784));
#1138=CARTESIAN_POINT('Ctrl Pts',(-7.21041642689452,2.45350862630312,68.9497994934806));
#1139=CARTESIAN_POINT('Ctrl Pts',(-6.71969280215087,1.78433051898804,68.9732311923031));
#1140=CARTESIAN_POINT('Ctrl Pts',(-5.76883232573701,0.932314279424945,68.7557579193774));
#1141=CARTESIAN_POINT('Ctrl Pts',(-5.1420499677643,0.58086791890697,68.49276711608));
#1142=CARTESIAN_POINT('Ctrl Pts',(-4.71881855488356,0.425066506098163,68.26998791585));
#1143=CARTESIAN_POINT('Ctrl Pts',(-4.71378426935751,0.423226198094145,68.2673304306494));
#1144=CARTESIAN_POINT('Ctrl Pts',(-4.70874860723188,0.421396287367464,68.2646662346276));
#1145=CARTESIAN_POINT('Ctrl Pts',(-6.93614318789606,3.12207617392358,69.563025287917));
#1146=CARTESIAN_POINT('Ctrl Pts',(-6.685474462727,2.57662851092132,69.5684809033259));
#1147=CARTESIAN_POINT('Ctrl Pts',(-6.24123847162625,1.86984522557099,69.4099902992962));
#1148=CARTESIAN_POINT('Ctrl Pts',(-5.48370964524926,0.999893560848036,68.9331482743392));
#1149=CARTESIAN_POINT('Ctrl Pts',(-5.02498874354196,0.623692506426589,68.5555438831889));
#1150=CARTESIAN_POINT('Ctrl Pts',(-4.71610459367283,0.426065231040358,68.2714550986964));
#1151=CARTESIAN_POINT('Ctrl Pts',(-4.71242625469144,0.423728148232619,68.2680612278093));
#1152=CARTESIAN_POINT('Ctrl Pts',(-4.70874860723188,0.421396287367464,68.2646662346276));
#1153=CARTESIAN_POINT('Ctrl Pts',(-6.08971194001284,3.41869392408539,70.0000000000006));
#1154=CARTESIAN_POINT('Ctrl Pts',(-5.93755467622365,2.84030646133086,69.9564733338894));
#1155=CARTESIAN_POINT('Ctrl Pts',(-5.66684632890925,2.07472332861861,69.7107229144291));
#1156=CARTESIAN_POINT('Ctrl Pts',(-5.19699891001507,1.10431603538199,69.0857179677477));
#1157=CARTESIAN_POINT('Ctrl Pts',(-4.90818842939509,0.666840842028275,68.6183723706457));
#1158=CARTESIAN_POINT('Ctrl Pts',(-4.71338848638736,0.4270690189179,68.2729165792223));
#1159=CARTESIAN_POINT('Ctrl Pts',(-4.71106824002538,0.424230098371093,68.2687920249693));
#1160=CARTESIAN_POINT('Ctrl Pts',(-4.70874860723188,0.421396287367464,68.2646662346276));
#1161=CARTESIAN_POINT('Ctrl Pts',(-5.23401197526499,3.71855974188334,70.));
#1162=CARTESIAN_POINT('Ctrl Pts',(-5.18570800436641,3.16719704908216,70.0000000000012));
#1163=CARTESIAN_POINT('Ctrl Pts',(-5.09218950781951,2.364685993313,69.825161879442));
#1164=CARTESIAN_POINT('Ctrl Pts',(-4.9110071595539,1.24463630399763,69.2121202422068));
#1165=CARTESIAN_POINT('Ctrl Pts',(-4.7914899523561,0.710373543099839,68.6813402919544));
#1166=CARTESIAN_POINT('Ctrl Pts',(-4.71067156322112,0.428077363411887,68.2743716246141));
#1167=CARTESIAN_POINT('Ctrl Pts',(-4.70971022535931,0.424732048509567,68.2695228221293));
#1168=CARTESIAN_POINT('Ctrl Pts',(-4.70874860723188,0.421396287367464,68.2646662346276));
#1169=CARTESIAN_POINT('',(-7.46353818214277,2.93725937157596,68.8489950308784));
#1170=CARTESIAN_POINT('',(-4.70874860723196,0.421396287367364,68.2646662346274));
#1171=CARTESIAN_POINT('Ctrl Pts',(-7.46353818214277,2.93725937157597,68.8489950308784));
#1172=CARTESIAN_POINT('Ctrl Pts',(-7.21041642689452,2.45350862630312,68.9497994934806));
#1173=CARTESIAN_POINT('Ctrl Pts',(-6.71969280215087,1.78433051898804,68.9732311923031));
#1174=CARTESIAN_POINT('Ctrl Pts',(-5.76883232573701,0.932314279424945,68.7557579193774));
#1175=CARTESIAN_POINT('Ctrl Pts',(-5.1420499677643,0.58086791890697,68.49276711608));
#1176=CARTESIAN_POINT('Ctrl Pts',(-4.71881855488356,0.425066506098163,68.26998791585));
#1177=CARTESIAN_POINT('Ctrl Pts',(-4.71378426935751,0.423226198094145,68.2673304306494));
#1178=CARTESIAN_POINT('Ctrl Pts',(-4.70874860723188,0.421396287367464,68.2646662346276));
#1179=CARTESIAN_POINT('',(-5.23401197531447,3.718559741879,70.));
#1180=CARTESIAN_POINT('Ctrl Pts',(-4.70874860723188,0.421396287367464,68.2646662346276));
#1181=CARTESIAN_POINT('Ctrl Pts',(-4.70971022535931,0.424732048509567,68.2695228221293));
#1182=CARTESIAN_POINT('Ctrl Pts',(-4.71067156322112,0.428077363411887,68.2743716246141));
#1183=CARTESIAN_POINT('Ctrl Pts',(-4.7914899523561,0.710373543099839,68.6813402919544));
#1184=CARTESIAN_POINT('Ctrl Pts',(-4.9110071595539,1.24463630399763,69.2121202422068));
#1185=CARTESIAN_POINT('Ctrl Pts',(-5.09218950781951,2.364685993313,69.825161879442));
#1186=CARTESIAN_POINT('Ctrl Pts',(-5.18570800436641,3.16719704908216,70.0000000000012));
#1187=CARTESIAN_POINT('Ctrl Pts',(-5.23401197526499,3.71855974188334,70.));
#1188=CARTESIAN_POINT('Origin',(-5.23401197526499,3.71855974187683,67.));
#1189=CARTESIAN_POINT('Ctrl Pts',(-5.23401197526803,3.71855974188553,70.));
#1190=CARTESIAN_POINT('Ctrl Pts',(-5.30722294918275,3.92747527704208,70.));
#1191=CARTESIAN_POINT('Ctrl Pts',(-5.28867531926033,4.46525187105278,70.));
#1192=CARTESIAN_POINT('Ctrl Pts',(-4.99441217920533,4.91354942557764,70.));
#1193=CARTESIAN_POINT('Ctrl Pts',(-4.7787305347959,5.11504980188945,70.));
#1194=CARTESIAN_POINT('Ctrl Pts',(-5.72298338369851,3.54720784600653,70.));
#1195=CARTESIAN_POINT('Ctrl Pts',(-5.87449973354249,3.86758424504931,70.0002888194999));
#1196=CARTESIAN_POINT('Ctrl Pts',(-5.97101073069907,4.68046531899931,69.9988827031489));
#1197=CARTESIAN_POINT('Ctrl Pts',(-5.66226236152356,5.40901476858712,69.9970595985837));
#1198=CARTESIAN_POINT('Ctrl Pts',(-5.3914988915959,5.77094379700626,70.));
#1199=CARTESIAN_POINT('Ctrl Pts',(-6.57767681274834,3.24769475191153,69.7595591964812));
#1200=CARTESIAN_POINT('Ctrl Pts',(-6.86547586464396,3.7629111270238,69.7244267906305));
#1201=CARTESIAN_POINT('Ctrl Pts',(-7.16270203858083,5.05912366893671,69.5899479422595));
#1202=CARTESIAN_POINT('Ctrl Pts',(-6.82447161021175,6.27583844756593,69.3862169931985));
#1203=CARTESIAN_POINT('Ctrl Pts',(-6.45249810976557,6.90661441102958,69.2469301705908));
#1204=CARTESIAN_POINT('Ctrl Pts',(-7.23751175605209,3.01646657260915,69.1550079981756));
#1205=CARTESIAN_POINT('Ctrl Pts',(-7.60374988382533,3.69162298561741,69.0395045004938));
#1206=CARTESIAN_POINT('Ctrl Pts',(-7.91570950378734,5.34480531048563,68.6052170989881));
#1207=CARTESIAN_POINT('Ctrl Pts',(-7.34373788666914,6.69739532731211,68.0256110258089));
#1208=CARTESIAN_POINT('Ctrl Pts',(-6.82675790685128,7.30721400269921,67.6731984257692));
#1209=CARTESIAN_POINT('Ctrl Pts',(-7.4635381821587,2.93725937160646,68.848995030872));
#1210=CARTESIAN_POINT('Ctrl Pts',(-7.84717724694579,3.67044677909947,68.6962127079047));
#1211=CARTESIAN_POINT('Ctrl Pts',(-8.11650906400713,5.4405111420691,68.1259852918608));
#1212=CARTESIAN_POINT('Ctrl Pts',(-7.4067529650574,6.76535415733535,67.4098227406048));
#1213=CARTESIAN_POINT('Ctrl Pts',(-6.82675790685128,7.30721400269921,67.));
#1214=CARTESIAN_POINT('',(-4.7787305347959,5.11504980188945,70.));
#1215=CARTESIAN_POINT('Origin',(-4.7787305347959,5.11504980188945,67.));
#1216=CARTESIAN_POINT('Ctrl Pts',(-6.82675790685128,7.30721400269921,67.));
#1217=CARTESIAN_POINT('Ctrl Pts',(-7.4067529650574,6.76535415733535,67.4098227406048));
#1218=CARTESIAN_POINT('Ctrl Pts',(-8.11650906400713,5.4405111420691,68.1259852918608));
#1219=CARTESIAN_POINT('Ctrl Pts',(-7.84717724694579,3.67044677909947,68.6962127079047));
#1220=CARTESIAN_POINT('Ctrl Pts',(-7.4635381821587,2.93725937160646,68.848995030872));
#1221=CARTESIAN_POINT('Ctrl Pts',(-5.23401197526803,3.71855974188553,70.));
#1222=CARTESIAN_POINT('Ctrl Pts',(-5.30722294918275,3.92747527704208,70.));
#1223=CARTESIAN_POINT('Ctrl Pts',(-5.28867531926033,4.46525187105278,70.));
#1224=CARTESIAN_POINT('Ctrl Pts',(-4.99441217920533,4.91354942557764,70.));
#1225=CARTESIAN_POINT('Ctrl Pts',(-4.7787305347959,5.11504980188945,70.));
#1226=CARTESIAN_POINT('Origin',(0.,0.,67.));
#1227=CARTESIAN_POINT('Origin',(0.,0.,70.));
#1228=CARTESIAN_POINT('Origin',(0.,0.,70.));
#1229=CARTESIAN_POINT('Ctrl Pts',(5.23401197531485,3.71855974187466,70.));
#1230=CARTESIAN_POINT('Ctrl Pts',(1.74467065843841,3.71855974187466,70.));
#1231=CARTESIAN_POINT('Ctrl Pts',(-1.74467065843803,3.71855974187466,70.));
#1232=CARTESIAN_POINT('Ctrl Pts',(-5.23401197531447,3.71855974187466,70.));
#1233=CARTESIAN_POINT('Ctrl Pts',(-5.23401197531447,0.421396287367358,68.2646662346274));
#1234=CARTESIAN_POINT('Ctrl Pts',(-1.74467065843803,0.421396287367358,68.2646662346274));
#1235=CARTESIAN_POINT('Ctrl Pts',(1.74467065843841,0.421396287367358,68.2646662346274));
#1236=CARTESIAN_POINT('Ctrl Pts',(5.23401197531485,0.421396287367358,68.2646662346274));
#1237=CARTESIAN_POINT('Ctrl Pts',(-5.23401197531447,0.787120458310626,68.7971298499833));
#1238=CARTESIAN_POINT('Ctrl Pts',(-1.74467065843802,0.787120458310626,68.7971298499833));
#1239=CARTESIAN_POINT('Ctrl Pts',(1.7446706584384,0.787120458310627,68.7971298499833));
#1240=CARTESIAN_POINT('Ctrl Pts',(5.23401197531485,0.787120458310627,68.7971298499833));
#1241=CARTESIAN_POINT('Ctrl Pts',(-5.23401197531447,1.78141345880467,69.6806106456423));
#1242=CARTESIAN_POINT('Ctrl Pts',(-1.74467065843804,1.78141345880467,69.6806106456423));
#1243=CARTESIAN_POINT('Ctrl Pts',(1.74467065843842,1.78141345880467,69.6806106456423));
#1244=CARTESIAN_POINT('Ctrl Pts',(5.23401197531485,1.78141345880467,69.6806106456423));
#1245=CARTESIAN_POINT('Ctrl Pts',(-5.23401197531447,3.07259405324251,70.));
#1246=CARTESIAN_POINT('Ctrl Pts',(-1.74467065843802,3.07259405324251,70.));
#1247=CARTESIAN_POINT('Ctrl Pts',(1.7446706584384,3.07259405324251,70.));
#1248=CARTESIAN_POINT('Ctrl Pts',(5.23401197531485,3.07259405324251,70.));
#1249=CARTESIAN_POINT('Ctrl Pts',(-5.23401197531447,3.71855974187466,70.));
#1250=CARTESIAN_POINT('Ctrl Pts',(-1.74467065843803,3.71855974187466,70.));
#1251=CARTESIAN_POINT('Ctrl Pts',(1.74467065843841,3.71855974187466,70.));
#1252=CARTESIAN_POINT('Ctrl Pts',(5.23401197531485,3.71855974187466,70.));
#1253=CARTESIAN_POINT('Ctrl Pts',(-4.70874860723196,0.421396287367358,68.2646662346274));
#1254=CARTESIAN_POINT('Ctrl Pts',(-1.56958286907732,0.421396287367358,68.2646662346274));
#1255=CARTESIAN_POINT('Ctrl Pts',(1.56958286907732,0.421396287367358,68.2646662346274));
#1256=CARTESIAN_POINT('Ctrl Pts',(4.70874860723196,0.421396287367358,68.2646662346274));
#1257=CARTESIAN_POINT('Ctrl Pts',(-25.,0.430130271725235,80.4465548570319));
#1258=CARTESIAN_POINT('Ctrl Pts',(25.,0.430130271725235,80.4465548570319));
#1259=CARTESIAN_POINT('Ctrl Pts',(-25.,-0.341022233074333,80.2842905500966));
#1260=CARTESIAN_POINT('Ctrl Pts',(25.,-0.341022233074333,80.2842905500966));
#1261=CARTESIAN_POINT('Ctrl Pts',(-25.,-2.0444822630224,79.7004937730766));
#1262=CARTESIAN_POINT('Ctrl Pts',(25.,-2.0444822630224,79.7004937730766));
#1263=CARTESIAN_POINT('Ctrl Pts',(-25.,-5.01911638940219,78.0574554886802));
#1264=CARTESIAN_POINT('Ctrl Pts',(25.,-5.01911638940219,78.0574554886802));
#1265=CARTESIAN_POINT('Ctrl Pts',(-25.,-9.51368915831257,74.4986374707619));
#1266=CARTESIAN_POINT('Ctrl Pts',(25.,-9.51368915831257,74.4986374707619));
#1267=CARTESIAN_POINT('Ctrl Pts',(-25.,-15.0952338146956,68.6053988378449));
#1268=CARTESIAN_POINT('Ctrl Pts',(25.,-15.0952338146956,68.6053988378449));
#1269=CARTESIAN_POINT('Ctrl Pts',(-25.,-19.7111672162892,62.3319401927617));
#1270=CARTESIAN_POINT('Ctrl Pts',(25.,-19.7111672162892,62.3319401927617));
#1271=CARTESIAN_POINT('Ctrl Pts',(-25.,-22.5469554639735,56.7917856987802));
#1272=CARTESIAN_POINT('Ctrl Pts',(25.,-22.5469554639735,56.7917856987802));
#1273=CARTESIAN_POINT('Ctrl Pts',(-25.,-23.0387060531222,52.9652391743579));
#1274=CARTESIAN_POINT('Ctrl Pts',(25.,-23.0387060531222,52.9652391743579));
#1275=CARTESIAN_POINT('Ctrl Pts',(-25.,-21.0074860112605,51.5227524757574));
#1276=CARTESIAN_POINT('Ctrl Pts',(25.,-21.0074860112605,51.5227524757574));
#1277=CARTESIAN_POINT('Ctrl Pts',(-25.,-16.8376765841423,52.6103479275314));
#1278=CARTESIAN_POINT('Ctrl Pts',(25.,-16.8376765841423,52.6103479275314));
#1279=CARTESIAN_POINT('Ctrl Pts',(-25.,-11.3121449737513,55.9496617668193));
#1280=CARTESIAN_POINT('Ctrl Pts',(25.,-11.3121449737513,55.9496617668193));
#1281=CARTESIAN_POINT('Ctrl Pts',(-25.,-5.42529260902568,60.9580300422442));
#1282=CARTESIAN_POINT('Ctrl Pts',(25.,-5.42529260902568,60.9580300422442));
#1283=CARTESIAN_POINT('Ctrl Pts',(-25.,-0.213217043339529,66.8427224902846));
#1284=CARTESIAN_POINT('Ctrl Pts',(25.,-0.213217043339529,66.8427224902846));
#1285=CARTESIAN_POINT('Ctrl Pts',(-25.,3.41014746283531,72.6949728670889));
#1286=CARTESIAN_POINT('Ctrl Pts',(25.,3.41014746283531,72.6949728670889));
#1287=CARTESIAN_POINT('Ctrl Pts',(-25.,4.84234461119324,77.5695674330845));
#1288=CARTESIAN_POINT('Ctrl Pts',(25.,4.84234461119324,77.5695674330845));
#1289=CARTESIAN_POINT('Ctrl Pts',(-25.,4.10667170901437,79.9837044307374));
#1290=CARTESIAN_POINT('Ctrl Pts',(25.,4.10667170901437,79.9837044307374));
#1291=CARTESIAN_POINT('Ctrl Pts',(-25.,2.58243276577501,80.6740796146882));
#1292=CARTESIAN_POINT('Ctrl Pts',(25.,2.58243276577501,80.6740796146882));
#1293=CARTESIAN_POINT('Ctrl Pts',(-25.,1.2012827765248,80.6088191639672));
#1294=CARTESIAN_POINT('Ctrl Pts',(25.,1.2012827765248,80.6088191639672));
#1295=CARTESIAN_POINT('Ctrl Pts',(-25.,0.430130271725235,80.4465548570319));
#1296=CARTESIAN_POINT('Ctrl Pts',(25.,0.430130271725235,80.4465548570319));
#1297=CARTESIAN_POINT('Ctrl Pts',(4.70954419938214,0.421087344589503,68.2647242844596));
#1298=CARTESIAN_POINT('Ctrl Pts',(4.8953636750555,0.207879648514475,67.9544731040874));
#1299=CARTESIAN_POINT('Ctrl Pts',(5.38852876579984,-0.45971252036501,67.0116198125801));
#1300=CARTESIAN_POINT('Ctrl Pts',(6.1308276137456,-2.1930446410434,64.7652056551846));
#1301=CARTESIAN_POINT('Ctrl Pts',(6.03638308886317,-4.50653892991841,62.2116608899493));
#1302=CARTESIAN_POINT('Ctrl Pts',(4.60993531248447,-6.77425434103179,60.029475540232));
#1303=CARTESIAN_POINT('Ctrl Pts',(2.9109438185276,-8.02024470798178,58.924616666341));
#1304=CARTESIAN_POINT('Ctrl Pts',(0.923017714162572,-8.60300936368222,58.4303232319194));
#1305=CARTESIAN_POINT('Ctrl Pts',(-0.922852901963627,-8.60311082288414,
58.4301991034069));
#1306=CARTESIAN_POINT('Ctrl Pts',(-2.34103676915027,-8.18782506474485,58.7827614801422));
#1307=CARTESIAN_POINT('Ctrl Pts',(-3.30757679864878,-7.67919122879605,59.2281340777656));
#1308=CARTESIAN_POINT('Ctrl Pts',(-4.15455009614906,-7.07916664356141,59.7645511647242));
#1309=CARTESIAN_POINT('Ctrl Pts',(-4.97980497119575,-6.2080779870725,60.5713710551694));
#1310=CARTESIAN_POINT('Ctrl Pts',(-6.046432389128,-4.31570336253167,62.423073882439));
#1311=CARTESIAN_POINT('Ctrl Pts',(-6.12900164516584,-2.19112934463874,64.7665699338906));
#1312=CARTESIAN_POINT('Ctrl Pts',(-5.38856334832206,-0.459731534037273,
67.0114145805248));
#1313=CARTESIAN_POINT('Ctrl Pts',(-4.89534943545866,0.207909879380853,67.954473326851));
#1314=CARTESIAN_POINT('Ctrl Pts',(-4.7094551023282,0.42118737046598,68.2648514885173));
#1315=CARTESIAN_POINT('Ctrl Pts',(4.09605474411078,1.02217004900328,69.1670005103674));
#1316=CARTESIAN_POINT('Ctrl Pts',(4.54992928005481,0.641281626666425,68.5760420936768));
#1317=CARTESIAN_POINT('Ctrl Pts',(5.28316779371007,-0.213685522351343,67.3304730345598));
#1318=CARTESIAN_POINT('Ctrl Pts',(6.1308276137456,-2.1930446410434,64.7652056551846));
#1319=CARTESIAN_POINT('Ctrl Pts',(6.03638308886317,-4.50653892991841,62.2116608899493));
#1320=CARTESIAN_POINT('Ctrl Pts',(4.60993531248447,-6.77425434103179,60.029475540232));
#1321=CARTESIAN_POINT('Ctrl Pts',(2.9109438185276,-8.02024470798178,58.924616666341));
#1322=CARTESIAN_POINT('Ctrl Pts',(0.923017714162572,-8.60300936368222,58.4303232319194));
#1323=CARTESIAN_POINT('Ctrl Pts',(-0.922852901963627,-8.60311082288414,
58.4301991034069));
#1324=CARTESIAN_POINT('Ctrl Pts',(-2.34103676915027,-8.18782506474485,58.7827614801422));
#1325=CARTESIAN_POINT('Ctrl Pts',(-3.30757679864878,-7.67919122879605,59.2281340777656));
#1326=CARTESIAN_POINT('Ctrl Pts',(-4.15455009614906,-7.07916664356141,59.7645511647242));
#1327=CARTESIAN_POINT('Ctrl Pts',(-4.97980497119575,-6.2080779870725,60.5713710551694));
#1328=CARTESIAN_POINT('Ctrl Pts',(-6.046432389128,-4.31570336253167,62.423073882439));
#1329=CARTESIAN_POINT('Ctrl Pts',(-6.12900164516584,-2.19112934463874,64.7665699338906));
#1330=CARTESIAN_POINT('Ctrl Pts',(-5.28349650584276,-0.214049345783515,
67.3299539373946));
#1331=CARTESIAN_POINT('Ctrl Pts',(-4.54991319141984,0.641295128139434,68.5760630415677));
#1332=CARTESIAN_POINT('Ctrl Pts',(-4.09605474411077,1.02217004900328,69.1670005103675));
#1333=CARTESIAN_POINT('Ctrl Pts',(4.83167299526712,1.25326362066652,69.5255482718868));
#1334=CARTESIAN_POINT('Ctrl Pts',(5.29033325332193,0.840801345633932,68.8688720628495));
#1335=CARTESIAN_POINT('Ctrl Pts',(6.00446696898975,-0.0717041882594743,
67.519392717267));
#1336=CARTESIAN_POINT('Ctrl Pts',(6.77389899823169,-2.15730000394293,64.7983380693876));
#1337=CARTESIAN_POINT('Ctrl Pts',(6.56040316491517,-4.5762196536841,62.1343317970959));
#1338=CARTESIAN_POINT('Ctrl Pts',(4.96599558990092,-6.9446642189992,59.8699408869298));
#1339=CARTESIAN_POINT('Ctrl Pts',(3.12409439859728,-8.24689573566601,58.7269055577959));
#1340=CARTESIAN_POINT('Ctrl Pts',(0.989220004915712,-8.85667672216336,58.2159878737493));
#1341=CARTESIAN_POINT('Ctrl Pts',(-0.989045389841332,-8.85676652798139,
58.2158734342777));
#1342=CARTESIAN_POINT('Ctrl Pts',(-2.51214286074748,-8.42226621950072,58.5802503970165));
#1343=CARTESIAN_POINT('Ctrl Pts',(-3.55522422361303,-7.890479163503,59.0409374239998));
#1344=CARTESIAN_POINT('Ctrl Pts',(-4.47359457701159,-7.26336870166701,59.5961542713092));
#1345=CARTESIAN_POINT('Ctrl Pts',(-5.37842073577868,-6.35336595237952,60.4320281861784));
#1346=CARTESIAN_POINT('Ctrl Pts',(-6.58038971390244,-4.37693025429502,62.3548992496767));
#1347=CARTESIAN_POINT('Ctrl Pts',(-6.77197791516052,-2.15516160158832,64.7998387182898));
#1348=CARTESIAN_POINT('Ctrl Pts',(-6.00481602908956,-0.0720365336641418,
67.5188281532445));
#1349=CARTESIAN_POINT('Ctrl Pts',(-5.29031699504594,0.840815966315341,68.8688953402599));
#1350=CARTESIAN_POINT('Ctrl Pts',(-4.83167299526711,1.25326362066653,69.5255482718868));
#1351=CARTESIAN_POINT('Ctrl Pts',(6.30220956433024,2.18765588092921,69.9378121586923));
#1352=CARTESIAN_POINT('Ctrl Pts',(6.76995698001402,1.66653451810546,69.1645700613142));
#1353=CARTESIAN_POINT('Ctrl Pts',(7.44662277792038,0.563003506536887,67.6372785183496));
#1354=CARTESIAN_POINT('Ctrl Pts',(8.05913412728396,-1.85749605658695,64.6649970690478));
#1355=CARTESIAN_POINT('Ctrl Pts',(7.60817824471858,-4.57099374479481,61.837203001876));
#1356=CARTESIAN_POINT('Ctrl Pts',(5.67802770825539,-7.19791172816501,59.4552395182023));
#1357=CARTESIAN_POINT('Ctrl Pts',(3.55032232732463,-8.63721002041679,58.2588315111626));
#1358=CARTESIAN_POINT('Ctrl Pts',(1.12162439003076,-9.31111256372236,57.7246731736361));
#1359=CARTESIAN_POINT('Ctrl Pts',(-1.12143281807856,-9.31119345046303,57.7245993547591));
#1360=CARTESIAN_POINT('Ctrl Pts',(-2.85425034182771,-8.83105958591228,58.1054649166929));
#1361=CARTESIAN_POINT('Ctrl Pts',(-4.05042626318789,-8.24325460404587,58.5875744981652));
#1362=CARTESIAN_POINT('Ctrl Pts',(-5.11158910596043,-7.54974868041003,59.1692024930382));
#1363=CARTESIAN_POINT('Ctrl Pts',(-6.17550225488326,-6.54242974271396,60.0461087920669));
#1364=CARTESIAN_POINT('Ctrl Pts',(-7.64848910853307,-4.34718361141053,62.0711247906353));
#1365=CARTESIAN_POINT('Ctrl Pts',(-8.05687457855722,-1.85521798288506,64.6667542423963));
#1366=CARTESIAN_POINT('Ctrl Pts',(-7.4469085865892,0.562554542253056,67.6366760652826));
#1367=CARTESIAN_POINT('Ctrl Pts',(-6.76994039962266,1.66655299046012,69.1645974706726));
#1368=CARTESIAN_POINT('Ctrl Pts',(-6.30220956433022,2.18765588092923,69.9378121586923));
#1369=CARTESIAN_POINT('Ctrl Pts',(7.4134616748125,4.07173599892736,69.4901111556141));
#1370=CARTESIAN_POINT('Ctrl Pts',(7.94193908282186,3.39542115107024,68.6800636555092));
#1371=CARTESIAN_POINT('Ctrl Pts',(8.6889624717626,1.99561569559153,67.0965372807902));
#1372=CARTESIAN_POINT('Ctrl Pts',(9.31865259378205,-0.974370024178245,64.0457827804673));
#1373=CARTESIAN_POINT('Ctrl Pts',(8.73238742763177,-4.1941428253279,61.1681172503861));
#1374=CARTESIAN_POINT('Ctrl Pts',(6.48667607875962,-7.26188850603853,58.7485010224226));
#1375=CARTESIAN_POINT('Ctrl Pts',(4.04714835234562,-8.93173422954473,57.5337318242297));
#1376=CARTESIAN_POINT('Ctrl Pts',(1.27752170020725,-9.71194402702517,56.9911455626254));
#1377=CARTESIAN_POINT('Ctrl Pts',(-1.27730627139864,-9.7120171213926,56.9910808039555));
#1378=CARTESIAN_POINT('Ctrl Pts',(-3.25341821713277,-9.15617053104256,57.3779210077927));
#1379=CARTESIAN_POINT('Ctrl Pts',(-4.62137462927225,-8.47457917191686,57.8675138768842));
#1380=CARTESIAN_POINT('Ctrl Pts',(-5.83806142626907,-7.66936117258889,58.4581597035229));
#1381=CARTESIAN_POINT('Ctrl Pts',(-7.06491411981511,-6.49689775949943,59.3486133886991));
#1382=CARTESIAN_POINT('Ctrl Pts',(-8.7844207776662,-3.92856028737295,61.4061731493503));
#1383=CARTESIAN_POINT('Ctrl Pts',(-9.31604031126808,-0.971696378649073,
64.0476089217802));
#1384=CARTESIAN_POINT('Ctrl Pts',(-8.68925995920469,1.99506596540439,67.0959086365239));
#1385=CARTESIAN_POINT('Ctrl Pts',(-7.94192034971514,3.39544512461769,68.6800923695205));
#1386=CARTESIAN_POINT('Ctrl Pts',(-7.41346167481248,4.07173599892738,69.4901111556141));
#1387=CARTESIAN_POINT('Ctrl Pts',(7.66503072319521,5.9458723645961,68.4557347065212));
#1388=CARTESIAN_POINT('Ctrl Pts',(8.29644023688705,5.18333784264648,67.6912632841108));
#1389=CARTESIAN_POINT('Ctrl Pts',(9.2296759213884,3.58354331864747,66.1688959817687));
#1390=CARTESIAN_POINT('Ctrl Pts',(10.115069276775,0.157711293992901,63.1925389844587));
#1391=CARTESIAN_POINT('Ctrl Pts',(9.59904198994921,-3.57417464402974,60.3515546575138));
#1392=CARTESIAN_POINT('Ctrl Pts',(7.17920263548228,-7.12996411543828,57.9517081687417));
#1393=CARTESIAN_POINT('Ctrl Pts',(4.49207907957197,-9.06543500213527,56.7426260900583));
#1394=CARTESIAN_POINT('Ctrl Pts',(1.41947603207781,-9.96944267613082,56.2017199413153));
#1395=CARTESIAN_POINT('Ctrl Pts',(-1.41923278670106,-9.96955050203316,56.2016439295193));
#1396=CARTESIAN_POINT('Ctrl Pts',(-3.61147363094563,-9.32547362372759,56.5873162373147));
#1397=CARTESIAN_POINT('Ctrl Pts',(-5.12337323773477,-8.53555486261237,57.0747996870427));
#1398=CARTESIAN_POINT('Ctrl Pts',(-6.46328928529643,-7.60231273042965,57.662384273024));
#1399=CARTESIAN_POINT('Ctrl Pts',(-7.80335901868157,-6.24320845744571,58.5471420241996));
#1400=CARTESIAN_POINT('Ctrl Pts',(-9.64536549415189,-3.26622266732989,60.5865145373878));
#1401=CARTESIAN_POINT('Ctrl Pts',(-10.1122198269051,0.160759905726159,63.1943135699121));
#1402=CARTESIAN_POINT('Ctrl Pts',(-9.23009274016212,3.58289755767518,66.1683086368969));
#1403=CARTESIAN_POINT('Ctrl Pts',(-8.29641785511327,5.18336487245013,67.6912903825723));
#1404=CARTESIAN_POINT('Ctrl Pts',(-7.6650307231952,5.94587236459612,68.4557347065212));
#1405=CARTESIAN_POINT('Ctrl Pts',(7.27857483153136,6.88510445973665,67.5837636061811));
#1406=CARTESIAN_POINT('Ctrl Pts',(7.9879578854475,6.13369170991994,66.8824884830011));
#1407=CARTESIAN_POINT('Ctrl Pts',(9.09276017236568,4.51249845437363,65.4490811086296));
#1408=CARTESIAN_POINT('Ctrl Pts',(10.271397385921,0.931367045424154,62.58318515787));
#1409=CARTESIAN_POINT('Ctrl Pts',(9.93522946714262,-3.07497496762698,59.8011154802294));
#1410=CARTESIAN_POINT('Ctrl Pts',(7.51030198460988,-6.93538645750616,57.4370238120032));
#1411=CARTESIAN_POINT('Ctrl Pts',(4.72096150400191,-9.04674623996858,56.2411830124668));
#1412=CARTESIAN_POINT('Ctrl Pts',(1.49441295212355,-10.0343174543001,55.7054357179152));
#1413=CARTESIAN_POINT('Ctrl Pts',(-1.49415317956243,-10.0344523942789,55.7053269384308));
#1414=CARTESIAN_POINT('Ctrl Pts',(-3.79604773452336,-9.33077516579308,56.0873729813302));
#1415=CARTESIAN_POINT('Ctrl Pts',(-5.37418469395597,-8.46878225969808,56.5696736010864));
#1416=CARTESIAN_POINT('Ctrl Pts',(-6.7648287600818,-7.45133696566695,57.1504759064862));
#1417=CARTESIAN_POINT('Ctrl Pts',(-8.13742250405891,-5.97216730707143,58.0238540963942));
#1418=CARTESIAN_POINT('Ctrl Pts',(-9.96719416517502,-2.74426467181391,60.0314827640913));
#1419=CARTESIAN_POINT('Ctrl Pts',(-10.2683073679895,0.93446096737568,62.5847282024001));
#1420=CARTESIAN_POINT('Ctrl Pts',(-9.0931621782996,4.51179656681716,65.4484743051358));
#1421=CARTESIAN_POINT('Ctrl Pts',(-7.98793273972085,6.13371834548659,66.8825133413233));
#1422=CARTESIAN_POINT('Ctrl Pts',(-7.27857483153135,6.88510445973667,67.5837636061811));
#1423=CARTESIAN_POINT('Ctrl Pts',(6.8267579068513,7.3072140026992,67.));
#1424=CARTESIAN_POINT('Ctrl Pts',(7.58321546675804,6.60049422873566,66.3421033969426));
#1425=CARTESIAN_POINT('Ctrl Pts',(8.80527965618342,5.02820210202859,64.9683031342777));
#1426=CARTESIAN_POINT('Ctrl Pts',(10.2180460229093,1.43714420553444,62.1770290167265));
#1427=CARTESIAN_POINT('Ctrl Pts',(10.0606384814386,-2.70669237644859,59.4340699699739));
#1428=CARTESIAN_POINT('Ctrl Pts',(7.68322552080742,-6.75941565663204,57.093872721791));
#1429=CARTESIAN_POINT('Ctrl Pts',(4.85157303087951,-8.99042836758077,55.90689703556));
#1430=CARTESIAN_POINT('Ctrl Pts',(1.5383628569375,-10.0363638059323,55.3745842059181));
#1431=CARTESIAN_POINT('Ctrl Pts',(-1.53808816993921,-10.0365337076905,55.3744642577847));
#1432=CARTESIAN_POINT('Ctrl Pts',(-3.90172794858381,-9.29125498666641,55.7540935732125));
#1433=CARTESIAN_POINT('Ctrl Pts',(-5.51262799774802,-8.37985524517188,56.2329211299179));
#1434=CARTESIAN_POINT('Ctrl Pts',(-6.92425016024843,-7.30557004403277,56.8091750332263));
#1435=CARTESIAN_POINT('Ctrl Pts',(-8.29967495199296,-5.74759560787348,57.6749661960451));
#1436=CARTESIAN_POINT('Ctrl Pts',(-10.0773873152133,-2.36481170412702,59.6611422840668));
#1437=CARTESIAN_POINT('Ctrl Pts',(-10.2150027419431,1.44052607674156,62.1785287597334));
#1438=CARTESIAN_POINT('Ctrl Pts',(-8.80582750973793,5.02753596961917,64.9677369682058));
#1439=CARTESIAN_POINT('Ctrl Pts',(-7.58318865236642,6.60051928005618,66.3421267176127));
#1440=CARTESIAN_POINT('Ctrl Pts',(-6.82675790685128,7.30721400269921,67.));
#1441=CARTESIAN_POINT('Origin',(0.,0.,-10.));
#1442=CARTESIAN_POINT('Origin',(0.,-5.,15.));
#1443=CARTESIAN_POINT('Origin',(0.,-5.,45.));
#1444=UNCERTAINTY_MEASURE_WITH_UNIT(LENGTH_MEASURE(0.01),#1448,
'DISTANCE_ACCURACY_VALUE',
'Maximum model space distance between geometric entities at asserted c
onnectivities');
#1445=UNCERTAINTY_MEASURE_WITH_UNIT(LENGTH_MEASURE(0.01),#1448,
'DISTANCE_ACCURACY_VALUE',
'Maximum model space distance between geometric entities at asserted c
onnectivities');
#1446=(
GEOMETRIC_REPRESENTATION_CONTEXT(3)
GLOBAL_UNCERTAINTY_ASSIGNED_CONTEXT((#1444))
GLOBAL_UNIT_ASSIGNED_CONTEXT((#1448,#1450,#1451))
REPRESENTATION_CONTEXT('','3D')
);
#1447=(
GEOMETRIC_REPRESENTATION_CONTEXT(3)
GLOBAL_UNCERTAINTY_ASSIGNED_CONTEXT((#1445))
GLOBAL_UNIT_ASSIGNED_CONTEXT((#1448,#1450,#1451))
REPRESENTATION_CONTEXT('','3D')
);
#1448=(
LENGTH_UNIT()
NAMED_UNIT(*)
SI_UNIT(.MILLI.,.METRE.)
);
#1449=(
LENGTH_UNIT()
NAMED_UNIT(*)
SI_UNIT($,.METRE.)
);
#1450=(
NAMED_UNIT(*)
PLANE_ANGLE_UNIT()
SI_UNIT($,.RADIAN.)
);
#1451=(
NAMED_UNIT(*)
SI_UNIT($,.STERADIAN.)
SOLID_ANGLE_UNIT()
);
#1452=SHAPE_DEFINITION_REPRESENTATION(#1453,#1454);
#1453=PRODUCT_DEFINITION_SHAPE('',$,#1456);
#1454=SHAPE_REPRESENTATION('',(#438),#1446);
#1455=PRODUCT_DEFINITION_CONTEXT('part definition',#1460,'design');
#1456=PRODUCT_DEFINITION('(Unsaved)','(Unsaved)',#1457,#1455);
#1457=PRODUCT_DEFINITION_FORMATION('',$,#1462);
#1458=PRODUCT_RELATED_PRODUCT_CATEGORY('(Unsaved)','(Unsaved)',(#1462));
#1459=APPLICATION_PROTOCOL_DEFINITION('international standard',
'automotive_design',2009,#1460);
#1460=APPLICATION_CONTEXT(
'Core Data for Automotive Mechanical Design Process');
#1461=PRODUCT_CONTEXT('part definition',#1460,'mechanical');
#1462=PRODUCT('(Unsaved)','(Unsaved)',$,(#1461));
#1463=PRESENTATION_STYLE_ASSIGNMENT((#1464));
#1464=SURFACE_STYLE_USAGE(.BOTH.,#1465);
#1465=SURFACE_SIDE_STYLE('',(#1466));
#1466=SURFACE_STYLE_FILL_AREA(#1467);
#1467=FILL_AREA_STYLE('Steel - Satin',(#1468));
#1468=FILL_AREA_STYLE_COLOUR('Steel - Satin',#1469);
#1469=COLOUR_RGB('Steel - Satin',0.627450980392157,0.627450980392157,0.627450980392157);
ENDSEC;
END-ISO-10303-21;
