ISO-10303-21;
HEADER;
/* Generated by software containing ST-Developer
 * from STEP Tools, Inc. (www.steptools.com) 
 */

FILE_DESCRIPTION(
/* description */ (''),
/* implementation_level */ '2;1');

FILE_NAME(
/* name */ 'assembled transtibial prosthesis.step',
/* time_stamp */ '2026-07-02T12:42:12+05:30',
/* author */ (''),
/* organization */ (''),
/* preprocessor_version */ 'ST-DEVELOPER v20.1',
/* originating_system */ 'Autodesk Translation Framework v15.8.0.0',
/* authorisation */ '');

FILE_SCHEMA (('AUTOMOTIVE_DESIGN { 1 0 10303 214 3 1 1 }'));
ENDSEC;

DATA;
#10=MECHANICAL_DESIGN_GEOMETRIC_PRESENTATION_REPRESENTATION('',(#54,#55),
#3536);
#11=ITEM_DEFINED_TRANSFORMATION($,$,#1367,#1505);
#12=ITEM_DEFINED_TRANSFORMATION($,$,#1394,#1506);
#13=(
REPRESENTATION_RELATIONSHIP($,$,#3550,#3549)
REPRESENTATION_RELATIONSHIP_WITH_TRANSFORMATION(#11)
SHAPE_REPRESENTATION_RELATIONSHIP()
);
#14=(
REPRESENTATION_RELATIONSHIP($,$,#3551,#3549)
REPRESENTATION_RELATIONSHIP_WITH_TRANSFORMATION(#12)
SHAPE_REPRESENTATION_RELATIONSHIP()
);
#15=CONTEXT_DEPENDENT_SHAPE_REPRESENTATION(#13,#3547);
#16=CONTEXT_DEPENDENT_SHAPE_REPRESENTATION(#14,#3548);
#17=NEXT_ASSEMBLY_USAGE_OCCURRENCE(
'Trans-tibial (below-knee) Prosthesis v6:1',
'Trans-tibial (below-knee) Prosthesis v6:1',
'Trans-tibial (below-knee) Prosthesis v6:1',#3553,#3554,
'Trans-tibial (below-knee) Prosthesis v6:1');
#18=NEXT_ASSEMBLY_USAGE_OCCURRENCE('feet v8:1','feet v8:1','feet v8:1',
#3553,#3555,'feet v8:1');
#19=ELLIPSE('',#1398,3.2485208553003,1.5);
#20=ELLIPSE('',#1399,1.69107292029951,1.5);
#21=ELLIPSE('',#1400,10.3782031485087,1.5);
#22=ELLIPSE('',#1401,1.83116188314218,1.5);
#23=ELLIPSE('',#1402,1.83116188314218,1.5);
#24=ELLIPSE('',#1403,1.69107292029951,1.5);
#25=ELLIPSE('',#1405,5.65685424949238,4.);
#26=ELLIPSE('',#1408,27.6752083960232,4.);
#27=ELLIPSE('',#1409,5.65685424949233,4.);
#28=ELLIPSE('',#1412,4.04244617020564,4.);
#29=ELLIPSE('',#1413,4.04244617020564,4.);
#30=ELLIPSE('',#1414,10.3782031485087,1.5);
#31=ELLIPSE('',#1419,21.2132034355964,15.);
#32=ELLIPSE('',#1429,5.65685424949238,4.);
#33=ELLIPSE('',#1440,5.65685424949238,4.);
#34=ELLIPSE('',#1443,5.65685424949238,4.);
#35=ELLIPSE('',#1450,2.61517019343165,1.5);
#36=ELLIPSE('',#1454,1.69107292029951,1.5);
#37=ELLIPSE('',#1456,21.2132034355964,15.);
#38=ELLIPSE('',#1467,4.53943394736098,1.5);
#39=ELLIPSE('',#1468,5.2303403868633,3.);
#40=ELLIPSE('',#1471,4.53943394736098,1.5);
#41=ELLIPSE('',#1472,5.2303403868633,3.);
#42=ELLIPSE('',#1474,1.83116188314218,1.5);
#43=ELLIPSE('',#1476,2.61517019343165,1.5);
#44=ELLIPSE('',#1482,2.61517019343165,1.5);
#45=ELLIPSE('',#1488,1.69107292029951,1.5);
#46=ELLIPSE('',#1489,1.83116188314218,1.5);
#47=ELLIPSE('',#1491,1.57279368771122,1.5);
#48=ELLIPSE('',#1492,1.69107292029951,1.5);
#49=ELLIPSE('',#1496,2.12132034355964,1.5);
#50=SHAPE_REPRESENTATION_RELATIONSHIP('SRR','None',#3550,#52);
#51=SHAPE_REPRESENTATION_RELATIONSHIP('SRR','None',#3551,#53);
#52=ADVANCED_BREP_SHAPE_REPRESENTATION('',(#56),#3534);
#53=ADVANCED_BREP_SHAPE_REPRESENTATION('',(#57),#3535);
#54=STYLED_ITEM('',(#3568),#56);
#55=STYLED_ITEM('',(#3568),#57);
#56=MANIFOLD_SOLID_BREP('Body1',#1341);
#57=MANIFOLD_SOLID_BREP('Body1',#1342);
#58=SPHERICAL_SURFACE('',#1391,15.);
#59=SPHERICAL_SURFACE('',#1393,45.);
#60=SPHERICAL_SURFACE('',#1434,40.);
#61=SPHERICAL_SURFACE('',#1503,13.);
#62=LINE('',#2249,#136);
#63=LINE('',#2273,#137);
#64=LINE('',#2325,#138);
#65=LINE('',#2334,#139);
#66=LINE('',#2338,#140);
#67=LINE('',#2346,#141);
#68=LINE('',#2354,#142);
#69=LINE('',#2357,#143);
#70=LINE('',#2358,#144);
#71=LINE('',#2361,#145);
#72=LINE('',#2368,#146);
#73=LINE('',#2373,#147);
#74=LINE('',#2376,#148);
#75=LINE('',#2380,#149);
#76=LINE('',#2384,#150);
#77=LINE('',#2387,#151);
#78=LINE('',#2390,#152);
#79=LINE('',#2392,#153);
#80=LINE('',#2396,#154);
#81=LINE('',#2397,#155);
#82=LINE('',#2493,#156);
#83=LINE('',#2494,#157);
#84=LINE('',#2574,#158);
#85=LINE('',#2577,#159);
#86=LINE('',#2582,#160);
#87=LINE('',#2584,#161);
#88=LINE('',#2586,#162);
#89=LINE('',#2588,#163);
#90=LINE('',#2589,#164);
#91=LINE('',#2622,#165);
#92=LINE('',#2623,#166);
#93=LINE('',#2627,#167);
#94=LINE('',#2630,#168);
#95=LINE('',#2631,#169);
#96=LINE('',#2635,#170);
#97=LINE('',#2637,#171);
#98=LINE('',#2652,#172);
#99=LINE('',#2686,#173);
#100=LINE('',#2687,#174);
#101=LINE('',#2705,#175);
#102=LINE('',#2709,#176);
#103=LINE('',#2710,#177);
#104=LINE('',#2713,#178);
#105=LINE('',#2715,#179);
#106=LINE('',#2716,#180);
#107=LINE('',#2718,#181);
#108=LINE('',#2726,#182);
#109=LINE('',#2727,#183);
#110=LINE('',#3241,#184);
#111=LINE('',#3246,#185);
#112=LINE('',#3249,#186);
#113=LINE('',#3251,#187);
#114=LINE('',#3253,#188);
#115=LINE('',#3345,#189);
#116=LINE('',#3346,#190);
#117=LINE('',#3377,#191);
#118=LINE('',#3379,#192);
#119=LINE('',#3382,#193);
#120=LINE('',#3383,#194);
#121=LINE('',#3385,#195);
#122=LINE('',#3386,#196);
#123=LINE('',#3391,#197);
#124=LINE('',#3394,#198);
#125=LINE('',#3444,#199);
#126=LINE('',#3445,#200);
#127=LINE('',#3490,#201);
#128=LINE('',#3499,#202);
#129=LINE('',#3507,#203);
#130=LINE('',#3508,#204);
#131=LINE('',#3509,#205);
#132=LINE('',#3511,#206);
#133=LINE('',#3512,#207);
#134=LINE('',#3514,#208);
#135=LINE('',#3520,#209);
#136=VECTOR('',#1549,20.8938415433228);
#137=VECTOR('',#1568,4.);
#138=VECTOR('',#1577,10.);
#139=VECTOR('',#1580,10.);
#140=VECTOR('',#1583,10.);
#141=VECTOR('',#1592,4.);
#142=VECTOR('',#1593,10.);
#143=VECTOR('',#1596,10.);
#144=VECTOR('',#1597,10.);
#145=VECTOR('',#1600,10.);
#146=VECTOR('',#1601,10.);
#147=VECTOR('',#1608,10.);
#148=VECTOR('',#1611,10.);
#149=VECTOR('',#1614,10.);
#150=VECTOR('',#1617,10.);
#151=VECTOR('',#1620,10.);
#152=VECTOR('',#1623,10.);
#153=VECTOR('',#1624,10.);
#154=VECTOR('',#1627,10.);
#155=VECTOR('',#1628,10.);
#156=VECTOR('',#1651,10.);
#157=VECTOR('',#1652,10.);
#158=VECTOR('',#1655,10.);
#159=VECTOR('',#1658,10.);
#160=VECTOR('',#1663,10.);
#161=VECTOR('',#1664,10.);
#162=VECTOR('',#1665,10.);
#163=VECTOR('',#1666,10.);
#164=VECTOR('',#1667,10.);
#165=VECTOR('',#1682,10.);
#166=VECTOR('',#1683,10.);
#167=VECTOR('',#1688,4.);
#168=VECTOR('',#1691,10.);
#169=VECTOR('',#1692,10.);
#170=VECTOR('',#1699,10.);
#171=VECTOR('',#1702,10.);
#172=VECTOR('',#1705,15.);
#173=VECTOR('',#1708,10.);
#174=VECTOR('',#1709,10.);
#175=VECTOR('',#1714,10.);
#176=VECTOR('',#1719,10.);
#177=VECTOR('',#1720,10.);
#178=VECTOR('',#1723,10.);
#179=VECTOR('',#1724,10.);
#180=VECTOR('',#1725,10.);
#181=VECTOR('',#1728,10.);
#182=VECTOR('',#1741,10.);
#183=VECTOR('',#1742,10.);
#184=VECTOR('',#1747,10.);
#185=VECTOR('',#1752,10.);
#186=VECTOR('',#1755,10.);
#187=VECTOR('',#1756,10.);
#188=VECTOR('',#1757,10.);
#189=VECTOR('',#1770,10.);
#190=VECTOR('',#1771,10.);
#191=VECTOR('',#1778,10.);
#192=VECTOR('',#1779,10.);
#193=VECTOR('',#1782,10.);
#194=VECTOR('',#1783,10.);
#195=VECTOR('',#1784,10.);
#196=VECTOR('',#1785,10.);
#197=VECTOR('',#1790,10.);
#198=VECTOR('',#1793,10.);
#199=VECTOR('',#1798,10.);
#200=VECTOR('',#1799,10.);
#201=VECTOR('',#1804,10.);
#202=VECTOR('',#1819,10.);
#203=VECTOR('',#1830,10.);
#204=VECTOR('',#1831,10.);
#205=VECTOR('',#1832,10.);
#206=VECTOR('',#1833,10.);
#207=VECTOR('',#1834,10.);
#208=VECTOR('',#1837,10.);
#209=VECTOR('',#1848,10.);
#210=CYLINDRICAL_SURFACE('',#1386,20.8938415433228);
#211=CYLINDRICAL_SURFACE('',#1395,4.);
#212=CYLINDRICAL_SURFACE('',#1397,1.5);
#213=CYLINDRICAL_SURFACE('',#1404,4.);
#214=CYLINDRICAL_SURFACE('',#1407,4.);
#215=CYLINDRICAL_SURFACE('',#1410,4.);
#216=CYLINDRICAL_SURFACE('',#1417,15.);
#217=CYLINDRICAL_SURFACE('',#1426,3.5);
#218=CYLINDRICAL_SURFACE('',#1428,4.);
#219=CYLINDRICAL_SURFACE('',#1438,36.9469391489533);
#220=CYLINDRICAL_SURFACE('',#1439,4.);
#221=CYLINDRICAL_SURFACE('',#1442,4.);
#222=CYLINDRICAL_SURFACE('',#1444,4.);
#223=CYLINDRICAL_SURFACE('',#1446,15.);
#224=CYLINDRICAL_SURFACE('',#1448,15.);
#225=CYLINDRICAL_SURFACE('',#1453,1.5);
#226=CYLINDRICAL_SURFACE('',#1455,15.);
#227=CYLINDRICAL_SURFACE('',#1457,15.);
#228=CYLINDRICAL_SURFACE('',#1469,1.5);
#229=CYLINDRICAL_SURFACE('',#1475,1.5);
#230=CYLINDRICAL_SURFACE('',#1481,1.5);
#231=CYLINDRICAL_SURFACE('',#1487,1.5);
#232=CYLINDRICAL_SURFACE('',#1490,1.5);
#233=CYLINDRICAL_SURFACE('',#1495,1.5);
#234=CYLINDRICAL_SURFACE('',#1497,1.5);
#235=CYLINDRICAL_SURFACE('',#1498,1.5);
#236=(
BOUNDED_CURVE()
B_SPLINE_CURVE(2,(#2237,#2238,#2239),.UNSPECIFIED.,.F.,.F.)
B_SPLINE_CURVE_WITH_KNOTS((3,3),(-0.0765191344030376,-0.00764420965742571),
 .UNSPECIFIED.)
CURVE()
GEOMETRIC_REPRESENTATION_ITEM()
RATIONAL_B_SPLINE_CURVE((1.,0.999313648588268,0.999813078931695))
REPRESENTATION_ITEM('')
);
#237=(
BOUNDED_SURFACE()
B_SPLINE_SURFACE(2,2,((#2206,#2207,#2208,#2209,#2210,#2211,#2212,#2213,
#2214),(#2215,#2216,#2217,#2218,#2219,#2220,#2221,#2222,#2223),(#2224,#2225,
#2226,#2227,#2228,#2229,#2230,#2231,#2232)),.UNSPECIFIED.,.F.,.T.,.F.)
B_SPLINE_SURFACE_WITH_KNOTS((3,3),(3,2,2,2,3),(-0.00321291009233725,0.0765191344030376),
(-3.14159265358979,-1.5707963267949,0.,1.5707963267949,3.14159265358979),
 .UNSPECIFIED.)
GEOMETRIC_REPRESENTATION_ITEM()
RATIONAL_B_SPLINE_SURFACE(((1.,0.707106781186548,1.,0.707106781186548,1.,
0.707106781186548,1.,0.707106781186548,1.),(0.999205455374335,0.706544953293785,
0.999205455374335,0.706544953293785,0.999205455374335,0.706544953293785,
0.999205455374335,0.706544953293785,0.999205455374335),(1.,0.707106781186548,
1.,0.707106781186548,1.,0.707106781186548,1.,0.707106781186548,1.)))
REPRESENTATION_ITEM('')
SURFACE()
);
#238=(
BOUNDED_SURFACE()
B_SPLINE_SURFACE(1,2,((#2698,#2699,#2700),(#2701,#2702,#2703)),
 .UNSPECIFIED.,.F.,.F.,.F.)
B_SPLINE_SURFACE_WITH_KNOTS((2,2),(3,3),(0.,4.06441848114197),(-7.80047322755177E-16,
1.5707963267949),.UNSPECIFIED.)
GEOMETRIC_REPRESENTATION_ITEM()
RATIONAL_B_SPLINE_SURFACE(((1.,0.707106781186547,1.),(1.,0.707106781186547,
1.)))
REPRESENTATION_ITEM('')
SURFACE()
);
#239=(
BOUNDED_SURFACE()
B_SPLINE_SURFACE(5,1,((#3260,#3261),(#3262,#3263),(#3264,#3265),(#3266,
#3267),(#3268,#3269),(#3270,#3271),(#3272,#3273),(#3274,#3275),(#3276,#3277),
(#3278,#3279),(#3280,#3281),(#3282,#3283),(#3284,#3285),(#3286,#3287),(#3288,
#3289),(#3290,#3291),(#3292,#3293),(#3294,#3295),(#3296,#3297),(#3298,#3299),
(#3300,#3301),(#3302,#3303),(#3304,#3305),(#3306,#3307),(#3308,#3309)),
 .UNSPECIFIED.,.T.,.F.,.F.)
B_SPLINE_SURFACE_WITH_KNOTS((6,1,1,1,1,1,1,1,1,1,1,1,1,1,1,1,1,1,1,1,6),
(2,2),(0.,0.05,0.1,0.15,0.2,0.25,0.3,0.35,0.4,0.45,0.5,0.55,0.6,0.65,0.7,
0.75,0.8,0.85,0.9,0.95,1.),(-0.6,0.6),.UNSPECIFIED.)
GEOMETRIC_REPRESENTATION_ITEM()
RATIONAL_B_SPLINE_SURFACE(((1.,1.),(1.,1.),(1.,1.),(1.,1.),(1.,1.),(1.,
1.),(1.,1.),(1.,1.),(1.,1.),(1.,1.),(1.,1.),(1.,1.),(1.,1.),(1.,1.),(1.,
1.),(1.,1.),(1.,1.),(1.,1.),(1.,1.),(1.,1.),(1.,1.),(1.,1.),(1.,1.),(1.,
1.),(1.,1.)))
REPRESENTATION_ITEM('')
SURFACE()
);
#240=PLANE('',#1378);
#241=PLANE('',#1406);
#242=PLANE('',#1411);
#243=PLANE('',#1415);
#244=PLANE('',#1430);
#245=PLANE('',#1441);
#246=PLANE('',#1445);
#247=PLANE('',#1451);
#248=PLANE('',#1452);
#249=PLANE('',#1458);
#250=PLANE('',#1459);
#251=PLANE('',#1460);
#252=PLANE('',#1461);
#253=PLANE('',#1464);
#254=PLANE('',#1473);
#255=PLANE('',#1478);
#256=PLANE('',#1486);
#257=PLANE('',#1493);
#258=PLANE('',#1494);
#259=PLANE('',#1499);
#260=PLANE('',#1500);
#261=PLANE('',#1501);
#262=PLANE('',#1502);
#263=TOROIDAL_SURFACE('',#1370,27.0151250739013,4.);
#264=TOROIDAL_SURFACE('',#1375,49.749371855331,5.);
#265=TOROIDAL_SURFACE('',#1381,15.8938415433228,5.);
#266=TOROIDAL_SURFACE('',#1387,19.7737199332852,5.);
#267=TOROIDAL_SURFACE('',#1420,25.1396101799531,3.5);
#268=TOROIDAL_SURFACE('',#1432,46.2564308949806,7.);
#269=TOROIDAL_SURFACE('',#1483,13.4164078405641,1.5);
#270=FACE_OUTER_BOUND('',#347,.T.);
#271=FACE_OUTER_BOUND('',#348,.T.);
#272=FACE_OUTER_BOUND('',#349,.T.);
#273=FACE_OUTER_BOUND('',#350,.T.);
#274=FACE_OUTER_BOUND('',#351,.T.);
#275=FACE_OUTER_BOUND('',#352,.T.);
#276=FACE_OUTER_BOUND('',#353,.T.);
#277=FACE_OUTER_BOUND('',#354,.T.);
#278=FACE_OUTER_BOUND('',#355,.T.);
#279=FACE_OUTER_BOUND('',#356,.T.);
#280=FACE_OUTER_BOUND('',#357,.T.);
#281=FACE_OUTER_BOUND('',#358,.T.);
#282=FACE_OUTER_BOUND('',#359,.T.);
#283=FACE_OUTER_BOUND('',#360,.T.);
#284=FACE_OUTER_BOUND('',#361,.T.);
#285=FACE_OUTER_BOUND('',#362,.T.);
#286=FACE_OUTER_BOUND('',#363,.T.);
#287=FACE_OUTER_BOUND('',#364,.T.);
#288=FACE_OUTER_BOUND('',#365,.T.);
#289=FACE_OUTER_BOUND('',#366,.T.);
#290=FACE_OUTER_BOUND('',#367,.T.);
#291=FACE_OUTER_BOUND('',#368,.T.);
#292=FACE_OUTER_BOUND('',#369,.T.);
#293=FACE_OUTER_BOUND('',#370,.T.);
#294=FACE_OUTER_BOUND('',#371,.T.);
#295=FACE_OUTER_BOUND('',#372,.T.);
#296=FACE_OUTER_BOUND('',#373,.T.);
#297=FACE_OUTER_BOUND('',#374,.T.);
#298=FACE_OUTER_BOUND('',#375,.T.);
#299=FACE_OUTER_BOUND('',#376,.T.);
#300=FACE_OUTER_BOUND('',#377,.T.);
#301=FACE_OUTER_BOUND('',#378,.T.);
#302=FACE_OUTER_BOUND('',#379,.T.);
#303=FACE_OUTER_BOUND('',#380,.T.);
#304=FACE_OUTER_BOUND('',#381,.T.);
#305=FACE_OUTER_BOUND('',#382,.T.);
#306=FACE_OUTER_BOUND('',#383,.T.);
#307=FACE_OUTER_BOUND('',#384,.T.);
#308=FACE_OUTER_BOUND('',#385,.T.);
#309=FACE_OUTER_BOUND('',#386,.T.);
#310=FACE_OUTER_BOUND('',#387,.T.);
#311=FACE_OUTER_BOUND('',#388,.T.);
#312=FACE_OUTER_BOUND('',#389,.T.);
#313=FACE_OUTER_BOUND('',#390,.T.);
#314=FACE_OUTER_BOUND('',#391,.T.);
#315=FACE_OUTER_BOUND('',#392,.T.);
#316=FACE_OUTER_BOUND('',#393,.T.);
#317=FACE_OUTER_BOUND('',#394,.T.);
#318=FACE_OUTER_BOUND('',#395,.T.);
#319=FACE_OUTER_BOUND('',#396,.T.);
#320=FACE_OUTER_BOUND('',#397,.T.);
#321=FACE_OUTER_BOUND('',#398,.T.);
#322=FACE_OUTER_BOUND('',#399,.T.);
#323=FACE_OUTER_BOUND('',#400,.T.);
#324=FACE_OUTER_BOUND('',#401,.T.);
#325=FACE_OUTER_BOUND('',#402,.T.);
#326=FACE_OUTER_BOUND('',#403,.T.);
#327=FACE_OUTER_BOUND('',#404,.T.);
#328=FACE_OUTER_BOUND('',#405,.T.);
#329=FACE_OUTER_BOUND('',#406,.T.);
#330=FACE_OUTER_BOUND('',#407,.T.);
#331=FACE_OUTER_BOUND('',#408,.T.);
#332=FACE_OUTER_BOUND('',#409,.T.);
#333=FACE_OUTER_BOUND('',#410,.T.);
#334=FACE_OUTER_BOUND('',#411,.T.);
#335=FACE_OUTER_BOUND('',#412,.T.);
#336=FACE_OUTER_BOUND('',#413,.T.);
#337=FACE_OUTER_BOUND('',#414,.T.);
#338=FACE_OUTER_BOUND('',#415,.T.);
#339=FACE_OUTER_BOUND('',#416,.T.);
#340=FACE_OUTER_BOUND('',#417,.T.);
#341=FACE_OUTER_BOUND('',#418,.T.);
#342=FACE_OUTER_BOUND('',#419,.T.);
#343=FACE_OUTER_BOUND('',#420,.T.);
#344=FACE_OUTER_BOUND('',#421,.T.);
#345=FACE_OUTER_BOUND('',#422,.T.);
#346=FACE_OUTER_BOUND('',#423,.T.);
#347=EDGE_LOOP('',(#848,#849,#850,#851,#852));
#348=EDGE_LOOP('',(#853,#854,#855,#856));
#349=EDGE_LOOP('',(#857,#858,#859,#860));
#350=EDGE_LOOP('',(#861,#862,#863,#864));
#351=EDGE_LOOP('',(#865,#866,#867,#868));
#352=EDGE_LOOP('',(#869,#870));
#353=EDGE_LOOP('',(#871,#872,#873,#874,#875,#876,#877,#878,#879));
#354=EDGE_LOOP('',(#880,#881,#882,#883,#884));
#355=EDGE_LOOP('',(#885,#886,#887,#888,#889));
#356=EDGE_LOOP('',(#890,#891,#892,#893,#894,#895));
#357=EDGE_LOOP('',(#896,#897,#898,#899));
#358=EDGE_LOOP('',(#900,#901));
#359=EDGE_LOOP('',(#902,#903,#904));
#360=EDGE_LOOP('',(#905,#906,#907));
#361=EDGE_LOOP('',(#908,#909,#910,#911,#912,#913,#914,#915,#916,#917,#918,
#919,#920));
#362=EDGE_LOOP('',(#921,#922,#923,#924,#925));
#363=EDGE_LOOP('',(#926,#927,#928,#929));
#364=EDGE_LOOP('',(#930,#931,#932,#933,#934,#935,#936));
#365=EDGE_LOOP('',(#937,#938,#939,#940));
#366=EDGE_LOOP('',(#941,#942,#943,#944,#945,#946,#947,#948,#949,#950));
#367=EDGE_LOOP('',(#951,#952,#953,#954,#955,#956,#957));
#368=EDGE_LOOP('',(#958,#959,#960,#961,#962));
#369=EDGE_LOOP('',(#963,#964,#965,#966,#967));
#370=EDGE_LOOP('',(#968,#969,#970,#971));
#371=EDGE_LOOP('',(#972,#973,#974,#975));
#372=EDGE_LOOP('',(#976,#977,#978));
#373=EDGE_LOOP('',(#979,#980,#981,#982,#983));
#374=EDGE_LOOP('',(#984,#985,#986,#987,#988,#989,#990,#991,#992));
#375=EDGE_LOOP('',(#993,#994,#995,#996));
#376=EDGE_LOOP('',(#997,#998,#999,#1000,#1001,#1002,#1003));
#377=EDGE_LOOP('',(#1004,#1005,#1006,#1007,#1008));
#378=EDGE_LOOP('',(#1009,#1010,#1011,#1012));
#379=EDGE_LOOP('',(#1013,#1014,#1015,#1016));
#380=EDGE_LOOP('',(#1017,#1018,#1019,#1020,#1021));
#381=EDGE_LOOP('',(#1022,#1023,#1024,#1025));
#382=EDGE_LOOP('',(#1026,#1027,#1028,#1029,#1030,#1031));
#383=EDGE_LOOP('',(#1032,#1033,#1034,#1035,#1036,#1037,#1038,#1039,#1040));
#384=EDGE_LOOP('',(#1041,#1042,#1043));
#385=EDGE_LOOP('',(#1044,#1045,#1046,#1047,#1048));
#386=EDGE_LOOP('',(#1049,#1050,#1051,#1052));
#387=EDGE_LOOP('',(#1053,#1054,#1055,#1056,#1057));
#388=EDGE_LOOP('',(#1058,#1059,#1060,#1061));
#389=EDGE_LOOP('',(#1062,#1063,#1064,#1065));
#390=EDGE_LOOP('',(#1066,#1067,#1068,#1069));
#391=EDGE_LOOP('',(#1070,#1071,#1072,#1073,#1074));
#392=EDGE_LOOP('',(#1075,#1076,#1077,#1078));
#393=EDGE_LOOP('',(#1079,#1080,#1081,#1082,#1083,#1084));
#394=EDGE_LOOP('',(#1085,#1086,#1087,#1088));
#395=EDGE_LOOP('',(#1089,#1090,#1091,#1092,#1093,#1094));
#396=EDGE_LOOP('',(#1095,#1096,#1097,#1098,#1099,#1100));
#397=EDGE_LOOP('',(#1101,#1102,#1103,#1104));
#398=EDGE_LOOP('',(#1105,#1106,#1107,#1108,#1109,#1110,#1111));
#399=EDGE_LOOP('',(#1112,#1113,#1114,#1115,#1116,#1117,#1118));
#400=EDGE_LOOP('',(#1119,#1120,#1121,#1122));
#401=EDGE_LOOP('',(#1123,#1124,#1125,#1126));
#402=EDGE_LOOP('',(#1127,#1128,#1129,#1130));
#403=EDGE_LOOP('',(#1131,#1132,#1133,#1134));
#404=EDGE_LOOP('',(#1135,#1136,#1137,#1138,#1139,#1140,#1141,#1142,#1143,
#1144,#1145,#1146));
#405=EDGE_LOOP('',(#1147,#1148,#1149,#1150,#1151));
#406=EDGE_LOOP('',(#1152,#1153,#1154,#1155));
#407=EDGE_LOOP('',(#1156,#1157,#1158,#1159,#1160,#1161,#1162));
#408=EDGE_LOOP('',(#1163,#1164,#1165,#1166));
#409=EDGE_LOOP('',(#1167,#1168,#1169,#1170,#1171));
#410=EDGE_LOOP('',(#1172,#1173,#1174,#1175));
#411=EDGE_LOOP('',(#1176,#1177,#1178,#1179));
#412=EDGE_LOOP('',(#1180,#1181,#1182,#1183,#1184,#1185,#1186));
#413=EDGE_LOOP('',(#1187,#1188,#1189,#1190,#1191,#1192));
#414=EDGE_LOOP('',(#1193,#1194,#1195,#1196,#1197,#1198,#1199,#1200));
#415=EDGE_LOOP('',(#1201,#1202,#1203,#1204));
#416=EDGE_LOOP('',(#1205,#1206,#1207));
#417=EDGE_LOOP('',(#1208,#1209,#1210));
#418=EDGE_LOOP('',(#1211,#1212,#1213,#1214,#1215,#1216,#1217,#1218));
#419=EDGE_LOOP('',(#1219,#1220,#1221,#1222));
#420=EDGE_LOOP('',(#1223,#1224,#1225,#1226,#1227,#1228));
#421=EDGE_LOOP('',(#1229,#1230,#1231,#1232,#1233,#1234));
#422=EDGE_LOOP('',(#1235,#1236,#1237,#1238,#1239,#1240));
#423=EDGE_LOOP('',(#1241,#1242,#1243,#1244,#1245,#1246,#1247,#1248,#1249));
#424=B_SPLINE_CURVE_WITH_KNOTS('',3,(#1995,#1996,#1997,#1998,#1999,#2000,
#2001,#2002,#2003,#2004,#2005,#2006,#2007,#2008,#2009,#2010,#2011,#2012),
 .UNSPECIFIED.,.F.,.F.,(4,1,1,1,1,1,1,1,1,1,1,1,1,1,1,4),(0.489982404196304,
1.48841412075243,2.48684583730857,3.81808812605007,4.48370927042083,5.81495155916233,
6.48057270353309,7.14619384790384,7.8118149922746,8.47743613664535,9.80867842538686,
10.4742995697576,11.4727312863137,12.4711630028699,13.469594719426,14.4680264359821),
 .UNSPECIFIED.);
#425=B_SPLINE_CURVE_WITH_KNOTS('',3,(#2016,#2017,#2018,#2019,#2020,#2021,
#2022,#2023,#2024,#2025,#2026,#2027,#2028,#2029),.UNSPECIFIED.,.F.,.F.,
(4,1,1,1,1,1,1,1,1,1,1,4),(-14.4680264359821,-13.469594719426,-12.4711630028699,
-11.4727312863137,-10.4742995697576,-9.80867842538686,-8.47743613664535,
-7.8118149922746,-7.14619384790384,-6.48057270353309,-5.81495155916233,
-5.12558446389887),.UNSPECIFIED.);
#426=B_SPLINE_CURVE_WITH_KNOTS('',3,(#2030,#2031,#2032,#2033,#2034,#2035,
#2036,#2037),.UNSPECIFIED.,.F.,.F.,(4,1,1,1,1,4),(-5.12558446389887,-4.48370927042083,
-3.81808812605007,-2.48684583730857,-1.48841412075243,-0.489982404196304),
 .UNSPECIFIED.);
#427=B_SPLINE_CURVE_WITH_KNOTS('',3,(#2096,#2097,#2098,#2099,#2100,#2101,
#2102,#2103,#2104,#2105,#2106,#2107,#2108),.UNSPECIFIED.,.F.,.F.,(4,3,3,
3,4),(-0.184696917770008,-0.105541095867804,-0.0527705479329713,-0.0263852739655552,
1.05265975713966E-12),.UNSPECIFIED.);
#428=B_SPLINE_CURVE_WITH_KNOTS('',3,(#2109,#2110,#2111,#2112,#2113,#2114,
#2115,#2116,#2117,#2118,#2119,#2120,#2121),.UNSPECIFIED.,.F.,.F.,(4,3,3,
3,4),(-1.05265975713966E-12,0.0263852739637637,0.0527705479314745,0.105541095866896,
0.184696917769967),.UNSPECIFIED.);
#429=B_SPLINE_CURVE_WITH_KNOTS('',3,(#2178,#2179,#2180,#2181,#2182,#2183,
#2184,#2185),.UNSPECIFIED.,.F.,.F.,(4,1,1,1,1,4),(-0.970944458255865,-0.918173910320734,
-0.865403362385604,-0.839018088418038,-0.812632814450473,-0.786247540482908),
 .UNSPECIFIED.);
#430=B_SPLINE_CURVE_WITH_KNOTS('',3,(#2186,#2187,#2188,#2189,#2190,#2191,
#2192,#2193,#2194,#2195,#2196,#2197,#2198,#2199,#2200,#2201),
 .UNSPECIFIED.,.F.,.F.,(4,3,3,3,3,4),(0.786247540484735,0.812632814451377,
0.839018088418786,0.865403362386196,0.918173910321016,0.970944458255824),
 .UNSPECIFIED.);
#431=B_SPLINE_CURVE_WITH_KNOTS('',3,(#2264,#2265,#2266,#2267,#2268,#2269,
#2270,#2271),.UNSPECIFIED.,.F.,.F.,(4,2,2,4),(0.0866247236203788,0.0992768708273092,
0.140524351635379,0.159372384404713),.UNSPECIFIED.);
#432=B_SPLINE_CURVE_WITH_KNOTS('',3,(#2292,#2293,#2294,#2295,#2296,#2297,
#2298,#2299,#2300,#2301,#2302,#2303,#2304,#2305,#2306,#2307),
 .UNSPECIFIED.,.F.,.F.,(4,2,2,2,2,2,2,4),(0.,0.0260589450226459,0.0547396848180133,
0.0871001232964456,0.119692099931219,0.150609119050891,0.182188730896368,
0.208625276724443),.UNSPECIFIED.);
#433=B_SPLINE_CURVE_WITH_KNOTS('',3,(#2308,#2309,#2310,#2311),
 .UNSPECIFIED.,.F.,.F.,(4,4),(-0.825028468634707,-0.632079403882099),
 .UNSPECIFIED.);
#434=B_SPLINE_CURVE_WITH_KNOTS('',3,(#2318,#2319,#2320,#2321,#2322,#2323),
 .UNSPECIFIED.,.F.,.F.,(4,2,4),(0.233312651102483,0.315535937365783,0.414171514821841),
 .UNSPECIFIED.);
#435=B_SPLINE_CURVE_WITH_KNOTS('',3,(#2327,#2328,#2329,#2330),
 .UNSPECIFIED.,.F.,.F.,(4,4),(1.24251454446552,1.29838635868362),
 .UNSPECIFIED.);
#436=B_SPLINE_CURVE_WITH_KNOTS('',3,(#2348,#2349,#2350,#2351,#2352,#2353),
 .UNSPECIFIED.,.F.,.F.,(4,2,4),(0.443808027183594,0.514616560979478,0.598642947787002),
 .UNSPECIFIED.);
#437=B_SPLINE_CURVE_WITH_KNOTS('',3,(#2363,#2364,#2365,#2366),
 .UNSPECIFIED.,.F.,.F.,(4,4),(3.16373349291757,3.72114586972893),
 .UNSPECIFIED.);
#438=B_SPLINE_CURVE_WITH_KNOTS('',3,(#2402,#2403,#2404,#2405,#2406,#2407,
#2408,#2409,#2410,#2411,#2412,#2413),.UNSPECIFIED.,.F.,.F.,(4,2,2,2,2,4),
(1.11741976512565,1.37566029955398,1.63390083398232,2.15038190283899,2.44957555660542,
2.46679145316632),.UNSPECIFIED.);
#439=B_SPLINE_CURVE_WITH_KNOTS('',3,(#2418,#2419,#2420,#2421,#2422,#2423,
#2424,#2425,#2426,#2427,#2428,#2429),.UNSPECIFIED.,.F.,.F.,(4,2,2,2,2,4),
(0.419193784393136,0.511589061865394,0.629562045420033,0.711547695972185,
0.787487071254203,0.856875418386802),.UNSPECIFIED.);
#440=B_SPLINE_CURVE_WITH_KNOTS('',3,(#2473,#2474,#2475,#2476,#2477,#2478,
#2479),.UNSPECIFIED.,.F.,.F.,(4,1,1,1,4),(-0.803456312667213,-0.68867683942904,
-0.573897366190867,-0.34433841971452,0.),.UNSPECIFIED.);
#441=B_SPLINE_CURVE_WITH_KNOTS('',3,(#2482,#2483,#2484,#2485,#2486,#2487,
#2488),.UNSPECIFIED.,.F.,.F.,(4,1,1,1,4),(0.,0.34433841971452,0.573897366190867,
0.68867683942904,0.803456312667213),.UNSPECIFIED.);
#442=B_SPLINE_CURVE_WITH_KNOTS('',3,(#2551,#2552,#2553,#2554,#2555,#2556,
#2557,#2558,#2559,#2560,#2561),.UNSPECIFIED.,.F.,.F.,(4,1,1,1,1,1,2,4),
(-0.0946842617651697,-0.0852158355886527,-0.0757474094121357,-0.0568105570591018,
-0.0378737047060679,-0.0189368523530339,0.,0.00043995688709877),
 .UNSPECIFIED.);
#443=B_SPLINE_CURVE_WITH_KNOTS('',3,(#2562,#2563,#2564,#2565,#2566,#2567,
#2568,#2569,#2570,#2571,#2572),.UNSPECIFIED.,.F.,.F.,(4,2,1,1,1,1,1,4),
(-0.00043995688709877,0.,0.0189368523530339,0.0378737047060679,0.0568105570591018,
0.0757474094121357,0.0852158355886527,0.0946842617651697),.UNSPECIFIED.);
#444=B_SPLINE_CURVE_WITH_KNOTS('',3,(#2593,#2594,#2595,#2596,#2597,#2598,
#2599,#2600,#2601,#2602,#2603,#2604,#2605,#2606,#2607,#2608,#2609,#2610,
#2611,#2612,#2613,#2614),.UNSPECIFIED.,.F.,.F.,(4,2,2,2,2,2,2,2,2,2,4),
(2.39926542074159,2.40749561799982,2.51843405162367,2.62937248524753,2.74031091887138,
2.88968797082337,3.03906502277535,3.2294540091669,3.41984299555844,3.62497664061804,
3.83011028567765),.UNSPECIFIED.);
#445=B_SPLINE_CURVE_WITH_KNOTS('',3,(#2641,#2642,#2643,#2644,#2645,#2646,
#2647,#2648,#2649,#2650),.UNSPECIFIED.,.F.,.F.,(4,2,2,2,4),(1.3423755440517,
1.49128169778974,1.64018785152778,1.81832640719865,1.99646496286952),
 .UNSPECIFIED.);
#446=B_SPLINE_CURVE_WITH_KNOTS('',3,(#2656,#2657,#2658,#2659,#2660,#2661,
#2662,#2663,#2664,#2665),.UNSPECIFIED.,.F.,.F.,(4,2,2,2,4),(0.,0.00548308702703301,
0.010966174054066,0.0376504749511915,0.0740209995257519),.UNSPECIFIED.);
#447=B_SPLINE_CURVE_WITH_KNOTS('',3,(#2667,#2668,#2669,#2670,#2671,#2672,
#2673,#2674),.UNSPECIFIED.,.F.,.F.,(4,2,2,4),(8.16584677639483,8.33845897808932,
8.63765263185575,8.92729015294143),.UNSPECIFIED.);
#448=B_SPLINE_CURVE_WITH_KNOTS('',3,(#2676,#2677,#2678,#2679,#2680,#2681,
#2682,#2683,#2684,#2685),.UNSPECIFIED.,.F.,.F.,(4,2,2,2,4),(8.92729015294143,
8.93684628562219,9.45332735447886,9.7115678889072,9.96980842333553),
 .UNSPECIFIED.);
#449=B_SPLINE_CURVE_WITH_KNOTS('',3,(#2689,#2690,#2691,#2692,#2693,#2694,
#2695,#2696),.UNSPECIFIED.,.F.,.F.,(4,2,2,4),(1.64599575563607,1.72240407811263,
1.89892319767548,2.25196143680116),.UNSPECIFIED.);
#450=B_SPLINE_CURVE_WITH_KNOTS('',3,(#2751,#2752,#2753,#2754),
 .UNSPECIFIED.,.F.,.F.,(4,4),(-0.790102391001376,-0.00989762091955315),
 .UNSPECIFIED.);
#451=B_SPLINE_CURVE_WITH_KNOTS('',3,(#2756,#2757,#2758,#2759,#2760,#2761,
#2762,#2763,#2764,#2765),.UNSPECIFIED.,.F.,.F.,(4,2,2,2,4),(-0.312463846521762,
-0.245372176667953,-0.154722826828702,0.,0.000824407482061769),
 .UNSPECIFIED.);
#452=B_SPLINE_CURVE_WITH_KNOTS('',3,(#2767,#2768,#2769,#2770),
 .UNSPECIFIED.,.F.,.F.,(4,4),(0.2,0.600000011920929),.UNSPECIFIED.);
#453=B_SPLINE_CURVE_WITH_KNOTS('',3,(#2771,#2772,#2773,#2774,#2775,#2776,
#2777,#2778,#2779,#2780),.UNSPECIFIED.,.F.,.F.,(4,2,2,2,4),(-0.282502747271814,
-0.281759347975015,-0.142240440700759,-0.060498858848913,0.),
 .UNSPECIFIED.);
#454=B_SPLINE_CURVE_WITH_KNOTS('',3,(#2842,#2843,#2844,#2845,#2846,#2847,
#2848,#2849,#2850,#2851),.UNSPECIFIED.,.F.,.F.,(4,1,1,1,1,1,1,4),(0.209770278609467,
0.27425493182279,0.546976759925503,0.819698588028216,1.09242041613093,1.36514224423364,
1.63786407233635,1.69963766825903),.UNSPECIFIED.);
#455=B_SPLINE_CURVE_WITH_KNOTS('',3,(#2853,#2854,#2855,#2856,#2857,#2858,
#2859,#2860,#2861,#2862),.UNSPECIFIED.,.F.,.F.,(4,3,3,4),(0.252361768903712,
0.274865183828004,0.297242436757143,0.31581325784983),.UNSPECIFIED.);
#456=B_SPLINE_CURVE_WITH_KNOTS('',3,(#2864,#2865,#2866,#2867,#2868,#2869,
#2870,#2871,#2872,#2873,#2874,#2875,#2876,#2877,#2878,#2879,#2880,#2881,
#2882,#2883,#2884,#2885,#2886,#2887,#2888,#2889,#2890,#2891,#2892,#2893,
#2894,#2895,#2896,#2897,#2898,#2899,#2900,#2901,#2902,#2903,#2904,#2905,
#2906,#2907,#2908,#2909,#2910,#2911,#2912,#2913,#2914,#2915,#2916,#2917,
#2918,#2919,#2920,#2921,#2922,#2923,#2924,#2925,#2926,#2927,#2928,#2929,
#2930,#2931,#2932,#2933,#2934,#2935,#2936,#2937,#2938,#2939,#2940,#2941,
#2942,#2943,#2944,#2945,#2946,#2947,#2948,#2949,#2950,#2951,#2952,#2953,
#2954,#2955,#2956,#2957,#2958,#2959,#2960,#2961,#2962,#2963,#2964,#2965,
#2966,#2967,#2968,#2969,#2970,#2971,#2972,#2973,#2974,#2975,#2976,#2977,
#2978),.UNSPECIFIED.,.F.,.F.,(4,3,3,3,3,3,3,3,3,3,3,3,3,3,3,3,3,3,3,3,3,
3,3,3,3,3,3,3,3,3,3,3,3,3,3,3,3,3,4),(-1.91058590043907,-1.87909520228246,
-1.81680700571879,-1.77427213722419,-1.69850833367246,-1.65969390269416,
-1.63786664564778,-1.55672359382774,-1.47242773770865,-1.39418588187669,
-1.38813188158955,-1.36518695649231,-1.30310008718534,-1.24277915157246,
-1.18502648398827,-1.15938054823496,-1.10011294602793,-1.09240217148147,
-1.03446939027212,-0.976679793133614,-0.936001891339536,-0.869122381782227,
-0.81971810271012,-0.750737273810599,-0.71365340616961,-0.649858367915274,
-0.583116025786675,-0.546935153769115,-0.479813062318509,-0.463735260403274,
-0.385924344865946,-0.309508206062679,-0.274218295930097,-0.205112620983367,
-0.195418725516203,-0.137862168380581,-0.0782868927852163,-0.0201511356173579,
-0.00188322313487257),.UNSPECIFIED.);
#457=B_SPLINE_CURVE_WITH_KNOTS('',3,(#2980,#2981,#2982,#2983,#2984,#2985,
#2986,#2987,#2988,#2989),.UNSPECIFIED.,.F.,.F.,(4,3,3,4),(0.,0.0219596159678699,
0.044445866492571,0.0503504026592582),.UNSPECIFIED.);
#458=B_SPLINE_CURVE_WITH_KNOTS('',3,(#2990,#2991,#2992,#2993,#2994,#2995,
#2996,#2997,#2998,#2999,#3000,#3001),.UNSPECIFIED.,.F.,.F.,(4,2,2,2,2,4),
(-0.299075786334797,-0.298271905034004,-0.211453134625918,-0.130343421239498,
-0.0576655043123378,0.),.UNSPECIFIED.);
#459=B_SPLINE_CURVE_WITH_KNOTS('',3,(#3064,#3065,#3066,#3067,#3068,#3069,
#3070,#3071,#3072,#3073,#3074,#3075,#3076,#3077,#3078,#3079,#3080,#3081,
#3082,#3083,#3084,#3085,#3086,#3087,#3088,#3089,#3090,#3091,#3092,#3093,
#3094,#3095,#3096,#3097,#3098,#3099,#3100,#3101,#3102,#3103,#3104,#3105,
#3106,#3107,#3108,#3109,#3110,#3111,#3112,#3113,#3114,#3115,#3116,#3117,
#3118,#3119,#3120,#3121,#3122,#3123,#3124,#3125,#3126,#3127,#3128,#3129,
#3130,#3131,#3132,#3133,#3134,#3135,#3136,#3137,#3138,#3139,#3140,#3141,
#3142,#3143,#3144,#3145,#3146,#3147,#3148,#3149,#3150,#3151,#3152,#3153,
#3154,#3155,#3156,#3157,#3158,#3159,#3160,#3161,#3162,#3163,#3164,#3165,
#3166,#3167,#3168,#3169,#3170,#3171,#3172),.UNSPECIFIED.,.F.,.F.,(4,3,3,
3,3,3,3,3,3,3,3,3,3,3,3,3,3,3,3,3,3,3,3,3,3,3,3,3,3,3,3,3,3,3,3,3,4),(-5.48130802985102,
-5.45063880818296,-5.3909131091379,-5.34533477725258,-5.27779123971257,
-5.27318545835008,-5.20895421381934,-5.13455500729302,-5.05795555924616,
-4.99816695719019,-4.93626615545263,-4.86868578953935,-4.80426300987563,
-4.75157987237988,-4.6772654232541,-4.66347405643961,-4.5916170504534,-4.52965518254379,
-4.47360414019941,-4.41768743941998,-4.39079086558842,-4.33323630318773,
-4.3076703451977,-4.24982563773795,-4.19028489786141,-4.12851987744986,
-4.11800470710574,-4.07666340472931,-3.9964323660992,-3.91381857456822,
-3.84531404102975,-3.80165688874961,-3.72975367722764,-3.70892545356693,
-3.6487037616158,-3.60410430001337,-3.5726146428755),.UNSPECIFIED.);
#460=B_SPLINE_CURVE_WITH_KNOTS('',3,(#3173,#3174,#3175,#3176),
 .UNSPECIFIED.,.F.,.F.,(4,4),(0.,0.063625507266058),.UNSPECIFIED.);
#461=B_SPLINE_CURVE_WITH_KNOTS('',3,(#3178,#3179,#3180,#3181,#3182,#3183,
#3184,#3185,#3186,#3187),.UNSPECIFIED.,.F.,.F.,(4,1,1,1,1,1,1,4),(3.78355663161595,
3.84533514288366,4.11805564289182,4.39077614289998,4.66349664290814,4.93621714291629,
5.20893764292445,5.27341807078724),.UNSPECIFIED.);
#462=B_SPLINE_CURVE_WITH_KNOTS('',3,(#3189,#3190,#3191,#3192,#3193,#3194,
#3195,#3196,#3197,#3198,#3199,#3200),.UNSPECIFIED.,.F.,.F.,(4,2,2,2,2,4),
(-0.00080914600584425,0.,0.0873874876399584,0.169028625838057,0.242182518221078,
0.300225772822994),.UNSPECIFIED.);
#463=B_SPLINE_CURVE_WITH_KNOTS('',3,(#3201,#3202,#3203,#3204,#3205,#3206,
#3207,#3208,#3209,#3210),.UNSPECIFIED.,.F.,.F.,(4,3,3,4),(0.264750135953077,
0.274675338737843,0.297023153916058,0.314965552133952),.UNSPECIFIED.);
#464=B_SPLINE_CURVE_WITH_KNOTS('',3,(#3231,#3232,#3233,#3234),
 .UNSPECIFIED.,.F.,.F.,(4,4),(-0.793738928567953,-0.00626108335297559),
 .UNSPECIFIED.);
#465=B_SPLINE_CURVE_WITH_KNOTS('',3,(#3235,#3236,#3237,#3238),
 .UNSPECIFIED.,.F.,.F.,(4,4),(0.2,0.600000011920929),.UNSPECIFIED.);
#466=B_SPLINE_CURVE_WITH_KNOTS('',3,(#3255,#3256,#3257,#3258),
 .UNSPECIFIED.,.F.,.F.,(4,4),(0.457871255937386,0.571526626182198),
 .UNSPECIFIED.);
#467=B_SPLINE_CURVE_WITH_KNOTS('',3,(#3332,#3333,#3334,#3335,#3336,#3337,
#3338,#3339),.UNSPECIFIED.,.F.,.F.,(4,2,2,4),(0.,0.0185059596890642,0.0690242360173953,
0.119272035650878),.UNSPECIFIED.);
#468=B_SPLINE_CURVE_WITH_KNOTS('',3,(#3365,#3366,#3367,#3368,#3369,#3370,
#3371,#3372),.UNSPECIFIED.,.F.,.F.,(4,2,2,4),(0.,0.039671998350398,0.0797398516476059,
0.119196807980763),.UNSPECIFIED.);
#469=B_SPLINE_CURVE_WITH_KNOTS('',3,(#3422,#3423,#3424,#3425,#3426,#3427,
#3428,#3429,#3430,#3431),.UNSPECIFIED.,.F.,.F.,(4,2,2,2,4),(-0.000696811611451822,
0.,0.0873028259698131,0.179921771456471,0.264766427031947),
 .UNSPECIFIED.);
#470=B_SPLINE_CURVE_WITH_KNOTS('',3,(#3432,#3433,#3434,#3435,#3436),
 .UNSPECIFIED.,.F.,.F.,(4,1,4),(-2.26200955825901,-2.05653068797296,-1.90242153525842),
 .UNSPECIFIED.);
#471=B_SPLINE_CURVE_WITH_KNOTS('',3,(#3437,#3438,#3439,#3440),
 .UNSPECIFIED.,.F.,.F.,(4,4),(1.90242153525842,2.01607691794512),
 .UNSPECIFIED.);
#472=B_SPLINE_CURVE_WITH_KNOTS('',3,(#3474,#3475,#3476,#3477,#3478),
 .UNSPECIFIED.,.F.,.F.,(4,1,4),(-0.571526626182198,-0.417417462017003,-0.21193857646341),
 .UNSPECIFIED.);
#473=B_SPLINE_CURVE_WITH_KNOTS('',3,(#3479,#3480,#3481,#3482,#3483,#3484,
#3485,#3486,#3487,#3488),.UNSPECIFIED.,.F.,.F.,(4,2,2,2,4),(0.,0.0693745725987239,
0.142777797756498,0.198801929197714,0.19920984917966),.UNSPECIFIED.);
#474=CIRCLE('',#1368,3.99999999999996);
#475=CIRCLE('',#1369,3.9999999999977);
#476=CIRCLE('',#1371,4.0000000000004);
#477=CIRCLE('',#1372,27.0151250739013);
#478=CIRCLE('',#1373,3.99999999999999);
#479=CIRCLE('',#1374,31.015104428337);
#480=CIRCLE('',#1376,49.749371855331);
#481=CIRCLE('',#1377,44.7744346697979);
#482=CIRCLE('',#1379,20.8938415433228);
#483=CIRCLE('',#1380,20.8938415433228);
#484=CIRCLE('',#1382,20.8938415433228);
#485=CIRCLE('',#1383,5.);
#486=CIRCLE('',#1384,19.7737199332852);
#487=CIRCLE('',#1385,19.7737199332852);
#488=CIRCLE('',#1388,14.8302899499639);
#489=CIRCLE('',#1389,14.8302899499639);
#490=CIRCLE('',#1390,5.);
#491=CIRCLE('',#1392,15.);
#492=CIRCLE('',#1396,4.);
#493=CIRCLE('',#1416,36.9469391489533);
#494=CIRCLE('',#1418,15.);
#495=CIRCLE('',#1421,23.1168829240948);
#496=CIRCLE('',#1422,23.1168829240948);
#497=CIRCLE('',#1423,3.49999999999999);
#498=CIRCLE('',#1424,25.1396101799531);
#499=CIRCLE('',#1425,3.5);
#500=CIRCLE('',#1427,3.5);
#501=CIRCLE('',#1431,46.2564308949806);
#502=CIRCLE('',#1433,39.3671752297707);
#503=CIRCLE('',#1435,36.9469391489533);
#504=CIRCLE('',#1436,24.);
#505=CIRCLE('',#1437,40.);
#506=CIRCLE('',#1447,15.);
#507=CIRCLE('',#1449,15.);
#508=CIRCLE('',#1462,12.369316857578);
#509=CIRCLE('',#1463,12.369316857578);
#510=CIRCLE('',#1465,12.369316857578);
#511=CIRCLE('',#1466,1.5);
#512=CIRCLE('',#1470,1.5);
#513=CIRCLE('',#1477,1.5);
#514=CIRCLE('',#1479,12.369316857578);
#515=CIRCLE('',#1480,1.5);
#516=CIRCLE('',#1484,12.0285035811954);
#517=CIRCLE('',#1485,13.4164078405641);
#518=CIRCLE('',#1504,13.);
#519=VERTEX_POINT('',#1991);
#520=VERTEX_POINT('',#1992);
#521=VERTEX_POINT('',#1994);
#522=VERTEX_POINT('',#2013);
#523=VERTEX_POINT('',#2015);
#524=VERTEX_POINT('',#2039);
#525=VERTEX_POINT('',#2040);
#526=VERTEX_POINT('',#2042);
#527=VERTEX_POINT('',#2044);
#528=VERTEX_POINT('',#2233);
#529=VERTEX_POINT('',#2234);
#530=VERTEX_POINT('',#2241);
#531=VERTEX_POINT('',#2243);
#532=VERTEX_POINT('',#2245);
#533=VERTEX_POINT('',#2251);
#534=VERTEX_POINT('',#2252);
#535=VERTEX_POINT('',#2257);
#536=VERTEX_POINT('',#2262);
#537=VERTEX_POINT('',#2263);
#538=VERTEX_POINT('',#2272);
#539=VERTEX_POINT('',#2291);
#540=VERTEX_POINT('',#2313);
#541=VERTEX_POINT('',#2315);
#542=VERTEX_POINT('',#2317);
#543=VERTEX_POINT('',#2324);
#544=VERTEX_POINT('',#2326);
#545=VERTEX_POINT('',#2331);
#546=VERTEX_POINT('',#2333);
#547=VERTEX_POINT('',#2335);
#548=VERTEX_POINT('',#2337);
#549=VERTEX_POINT('',#2339);
#550=VERTEX_POINT('',#2343);
#551=VERTEX_POINT('',#2344);
#552=VERTEX_POINT('',#2347);
#553=VERTEX_POINT('',#2356);
#554=VERTEX_POINT('',#2360);
#555=VERTEX_POINT('',#2362);
#556=VERTEX_POINT('',#2367);
#557=VERTEX_POINT('',#2369);
#558=VERTEX_POINT('',#2375);
#559=VERTEX_POINT('',#2377);
#560=VERTEX_POINT('',#2379);
#561=VERTEX_POINT('',#2381);
#562=VERTEX_POINT('',#2383);
#563=VERTEX_POINT('',#2385);
#564=VERTEX_POINT('',#2389);
#565=VERTEX_POINT('',#2391);
#566=VERTEX_POINT('',#2393);
#567=VERTEX_POINT('',#2395);
#568=VERTEX_POINT('',#2399);
#569=VERTEX_POINT('',#2401);
#570=VERTEX_POINT('',#2416);
#571=VERTEX_POINT('',#2417);
#572=VERTEX_POINT('',#2430);
#573=VERTEX_POINT('',#2432);
#574=VERTEX_POINT('',#2434);
#575=VERTEX_POINT('',#2472);
#576=VERTEX_POINT('',#2480);
#577=VERTEX_POINT('',#2490);
#578=VERTEX_POINT('',#2491);
#579=VERTEX_POINT('',#2550);
#580=VERTEX_POINT('',#2575);
#581=VERTEX_POINT('',#2579);
#582=VERTEX_POINT('',#2581);
#583=VERTEX_POINT('',#2583);
#584=VERTEX_POINT('',#2585);
#585=VERTEX_POINT('',#2587);
#586=VERTEX_POINT('',#2591);
#587=VERTEX_POINT('',#2616);
#588=VERTEX_POINT('',#2619);
#589=VERTEX_POINT('',#2625);
#590=VERTEX_POINT('',#2629);
#591=VERTEX_POINT('',#2639);
#592=VERTEX_POINT('',#2640);
#593=VERTEX_POINT('',#2651);
#594=VERTEX_POINT('',#2653);
#595=VERTEX_POINT('',#2655);
#596=VERTEX_POINT('',#2666);
#597=VERTEX_POINT('',#2675);
#598=VERTEX_POINT('',#2704);
#599=VERTEX_POINT('',#2708);
#600=VERTEX_POINT('',#2712);
#601=VERTEX_POINT('',#2714);
#602=VERTEX_POINT('',#2725);
#603=VERTEX_POINT('',#2749);
#604=VERTEX_POINT('',#2750);
#605=VERTEX_POINT('',#2755);
#606=VERTEX_POINT('',#2766);
#607=VERTEX_POINT('',#2841);
#608=VERTEX_POINT('',#2852);
#609=VERTEX_POINT('',#2863);
#610=VERTEX_POINT('',#2979);
#611=VERTEX_POINT('',#3062);
#612=VERTEX_POINT('',#3063);
#613=VERTEX_POINT('',#3177);
#614=VERTEX_POINT('',#3188);
#615=VERTEX_POINT('',#3240);
#616=VERTEX_POINT('',#3242);
#617=VERTEX_POINT('',#3244);
#618=VERTEX_POINT('',#3248);
#619=VERTEX_POINT('',#3250);
#620=VERTEX_POINT('',#3252);
#621=VERTEX_POINT('',#3254);
#622=VERTEX_POINT('',#3326);
#623=VERTEX_POINT('',#3327);
#624=VERTEX_POINT('',#3329);
#625=VERTEX_POINT('',#3331);
#626=VERTEX_POINT('',#3342);
#627=VERTEX_POINT('',#3343);
#628=VERTEX_POINT('',#3363);
#629=VERTEX_POINT('',#3364);
#630=VERTEX_POINT('',#3376);
#631=VERTEX_POINT('',#3378);
#632=VERTEX_POINT('',#3380);
#633=VERTEX_POINT('',#3384);
#634=VERTEX_POINT('',#3388);
#635=VERTEX_POINT('',#3390);
#636=VERTEX_POINT('',#3392);
#637=VERTEX_POINT('',#3420);
#638=VERTEX_POINT('',#3421);
#639=VERTEX_POINT('',#3443);
#640=VERTEX_POINT('',#3471);
#641=VERTEX_POINT('',#3473);
#642=VERTEX_POINT('',#3498);
#643=VERTEX_POINT('',#3502);
#644=VERTEX_POINT('',#3506);
#645=VERTEX_POINT('',#3510);
#646=VERTEX_POINT('',#3525);
#647=EDGE_CURVE('',#519,#520,#474,.T.);
#648=EDGE_CURVE('',#520,#521,#424,.T.);
#649=EDGE_CURVE('',#521,#522,#475,.T.);
#650=EDGE_CURVE('',#522,#523,#425,.T.);
#651=EDGE_CURVE('',#523,#519,#426,.T.);
#652=EDGE_CURVE('',#524,#525,#476,.T.);
#653=EDGE_CURVE('',#525,#526,#477,.T.);
#654=EDGE_CURVE('',#526,#527,#478,.T.);
#655=EDGE_CURVE('',#527,#524,#479,.T.);
#656=EDGE_CURVE('',#526,#520,#427,.T.);
#657=EDGE_CURVE('',#519,#527,#428,.T.);
#658=EDGE_CURVE('',#524,#522,#429,.T.);
#659=EDGE_CURVE('',#521,#525,#430,.T.);
#660=EDGE_CURVE('',#526,#525,#480,.T.);
#661=EDGE_CURVE('',#521,#520,#481,.T.);
#662=EDGE_CURVE('',#528,#529,#482,.T.);
#663=EDGE_CURVE('',#529,#528,#483,.T.);
#664=EDGE_CURVE('',#528,#523,#236,.T.);
#665=EDGE_CURVE('',#530,#530,#484,.T.);
#666=EDGE_CURVE('',#530,#531,#485,.T.);
#667=EDGE_CURVE('',#532,#531,#486,.T.);
#668=EDGE_CURVE('',#531,#532,#487,.T.);
#669=EDGE_CURVE('',#530,#529,#62,.T.);
#670=EDGE_CURVE('',#533,#534,#488,.T.);
#671=EDGE_CURVE('',#534,#533,#489,.T.);
#672=EDGE_CURVE('',#533,#532,#490,.T.);
#673=EDGE_CURVE('',#534,#535,#491,.T.);
#674=EDGE_CURVE('',#536,#537,#431,.F.);
#675=EDGE_CURVE('',#536,#538,#63,.T.);
#676=EDGE_CURVE('',#538,#537,#492,.T.);
#677=EDGE_CURVE('',#537,#539,#432,.F.);
#678=EDGE_CURVE('',#538,#539,#433,.T.);
#679=EDGE_CURVE('',#536,#540,#19,.T.);
#680=EDGE_CURVE('',#541,#540,#20,.T.);
#681=EDGE_CURVE('',#542,#541,#434,.F.);
#682=EDGE_CURVE('',#542,#543,#64,.T.);
#683=EDGE_CURVE('',#544,#543,#435,.F.);
#684=EDGE_CURVE('',#544,#545,#21,.T.);
#685=EDGE_CURVE('',#545,#546,#65,.T.);
#686=EDGE_CURVE('',#546,#547,#22,.T.);
#687=EDGE_CURVE('',#547,#548,#66,.T.);
#688=EDGE_CURVE('',#548,#549,#23,.T.);
#689=EDGE_CURVE('',#539,#549,#24,.T.);
#690=EDGE_CURVE('',#550,#551,#25,.T.);
#691=EDGE_CURVE('',#551,#542,#67,.T.);
#692=EDGE_CURVE('',#552,#541,#436,.T.);
#693=EDGE_CURVE('',#552,#550,#68,.T.);
#694=EDGE_CURVE('',#553,#551,#69,.T.);
#695=EDGE_CURVE('',#543,#553,#70,.T.);
#696=EDGE_CURVE('',#550,#554,#71,.T.);
#697=EDGE_CURVE('',#554,#555,#437,.T.);
#698=EDGE_CURVE('',#555,#556,#72,.T.);
#699=EDGE_CURVE('',#556,#557,#26,.T.);
#700=EDGE_CURVE('',#553,#557,#27,.T.);
#701=EDGE_CURVE('',#557,#544,#73,.T.);
#702=EDGE_CURVE('',#558,#556,#74,.T.);
#703=EDGE_CURVE('',#559,#558,#28,.T.);
#704=EDGE_CURVE('',#560,#559,#75,.T.);
#705=EDGE_CURVE('',#561,#560,#29,.T.);
#706=EDGE_CURVE('',#562,#561,#76,.T.);
#707=EDGE_CURVE('',#563,#562,#30,.T.);
#708=EDGE_CURVE('',#545,#563,#77,.T.);
#709=EDGE_CURVE('',#564,#555,#78,.T.);
#710=EDGE_CURVE('',#565,#564,#79,.T.);
#711=EDGE_CURVE('',#565,#566,#493,.T.);
#712=EDGE_CURVE('',#566,#567,#80,.T.);
#713=EDGE_CURVE('',#558,#567,#81,.T.);
#714=EDGE_CURVE('',#554,#568,#494,.T.);
#715=EDGE_CURVE('',#569,#568,#438,.T.);
#716=EDGE_CURVE('',#569,#564,#31,.T.);
#717=EDGE_CURVE('',#570,#571,#439,.T.);
#718=EDGE_CURVE('',#571,#572,#495,.T.);
#719=EDGE_CURVE('',#572,#573,#496,.T.);
#720=EDGE_CURVE('',#573,#574,#497,.T.);
#721=EDGE_CURVE('',#574,#570,#498,.T.);
#722=EDGE_CURVE('',#573,#575,#440,.T.);
#723=EDGE_CURVE('',#575,#576,#499,.T.);
#724=EDGE_CURVE('',#576,#574,#441,.T.);
#725=EDGE_CURVE('',#577,#578,#500,.T.);
#726=EDGE_CURVE('',#578,#576,#82,.T.);
#727=EDGE_CURVE('',#575,#577,#83,.T.);
#728=EDGE_CURVE('',#577,#579,#442,.T.);
#729=EDGE_CURVE('',#579,#578,#443,.T.);
#730=EDGE_CURVE('',#577,#561,#84,.T.);
#731=EDGE_CURVE('',#580,#560,#32,.T.);
#732=EDGE_CURVE('',#580,#579,#85,.T.);
#733=EDGE_CURVE('',#581,#575,#501,.T.);
#734=EDGE_CURVE('',#581,#582,#86,.T.);
#735=EDGE_CURVE('',#583,#582,#87,.T.);
#736=EDGE_CURVE('',#584,#583,#88,.T.);
#737=EDGE_CURVE('',#585,#584,#89,.T.);
#738=EDGE_CURVE('',#585,#562,#90,.T.);
#739=EDGE_CURVE('',#573,#586,#502,.T.);
#740=EDGE_CURVE('',#586,#581,#444,.T.);
#741=EDGE_CURVE('',#587,#571,#503,.T.);
#742=EDGE_CURVE('',#586,#587,#504,.T.);
#743=EDGE_CURVE('',#572,#588,#505,.T.);
#744=EDGE_CURVE('',#570,#566,#91,.T.);
#745=EDGE_CURVE('',#587,#565,#92,.T.);
#746=EDGE_CURVE('',#559,#589,#33,.T.);
#747=EDGE_CURVE('',#589,#580,#93,.T.);
#748=EDGE_CURVE('',#590,#589,#94,.T.);
#749=EDGE_CURVE('',#579,#590,#95,.T.);
#750=EDGE_CURVE('',#590,#567,#34,.T.);
#751=EDGE_CURVE('',#567,#578,#96,.T.);
#752=EDGE_CURVE('',#582,#564,#97,.T.);
#753=EDGE_CURVE('',#591,#592,#445,.T.);
#754=EDGE_CURVE('',#592,#593,#98,.T.);
#755=EDGE_CURVE('',#593,#594,#506,.T.);
#756=EDGE_CURVE('',#594,#595,#446,.T.);
#757=EDGE_CURVE('',#595,#596,#447,.T.);
#758=EDGE_CURVE('',#596,#597,#448,.T.);
#759=EDGE_CURVE('',#569,#597,#99,.T.);
#760=EDGE_CURVE('',#568,#591,#100,.T.);
#761=EDGE_CURVE('',#595,#583,#449,.T.);
#762=EDGE_CURVE('',#596,#583,#507,.T.);
#763=EDGE_CURVE('',#598,#594,#101,.T.);
#764=EDGE_CURVE('',#584,#598,#35,.T.);
#765=EDGE_CURVE('',#599,#593,#102,.T.);
#766=EDGE_CURVE('',#598,#599,#103,.T.);
#767=EDGE_CURVE('',#600,#592,#104,.T.);
#768=EDGE_CURVE('',#601,#600,#105,.T.);
#769=EDGE_CURVE('',#599,#601,#106,.T.);
#770=EDGE_CURVE('',#591,#552,#107,.T.);
#771=EDGE_CURVE('',#552,#600,#36,.T.);
#772=EDGE_CURVE('',#597,#582,#37,.T.);
#773=EDGE_CURVE('',#602,#563,#108,.T.);
#774=EDGE_CURVE('',#546,#602,#109,.T.);
#775=EDGE_CURVE('',#603,#604,#450,.T.);
#776=EDGE_CURVE('',#604,#605,#451,.T.);
#777=EDGE_CURVE('',#605,#606,#452,.T.);
#778=EDGE_CURVE('',#606,#603,#453,.T.);
#779=EDGE_CURVE('',#607,#605,#454,.T.);
#780=EDGE_CURVE('',#604,#608,#455,.T.);
#781=EDGE_CURVE('',#608,#609,#456,.T.);
#782=EDGE_CURVE('',#609,#610,#457,.T.);
#783=EDGE_CURVE('',#607,#610,#458,.T.);
#784=EDGE_CURVE('',#611,#612,#459,.T.);
#785=EDGE_CURVE('',#612,#603,#460,.T.);
#786=EDGE_CURVE('',#606,#613,#461,.T.);
#787=EDGE_CURVE('',#613,#614,#462,.T.);
#788=EDGE_CURVE('',#614,#611,#463,.T.);
#789=EDGE_CURVE('',#610,#614,#464,.T.);
#790=EDGE_CURVE('',#613,#607,#465,.T.);
#791=EDGE_CURVE('',#615,#612,#110,.T.);
#792=EDGE_CURVE('',#616,#615,#508,.T.);
#793=EDGE_CURVE('',#617,#616,#509,.T.);
#794=EDGE_CURVE('',#617,#608,#111,.T.);
#795=EDGE_CURVE('',#611,#618,#112,.T.);
#796=EDGE_CURVE('',#619,#618,#113,.T.);
#797=EDGE_CURVE('',#620,#619,#114,.T.);
#798=EDGE_CURVE('',#621,#620,#466,.T.);
#799=EDGE_CURVE('',#615,#621,#510,.T.);
#800=EDGE_CURVE('',#622,#623,#511,.T.);
#801=EDGE_CURVE('',#623,#624,#38,.T.);
#802=EDGE_CURVE('',#624,#625,#467,.T.);
#803=EDGE_CURVE('',#625,#622,#39,.T.);
#804=EDGE_CURVE('',#626,#627,#512,.T.);
#805=EDGE_CURVE('',#627,#623,#115,.T.);
#806=EDGE_CURVE('',#622,#626,#116,.T.);
#807=EDGE_CURVE('',#628,#629,#468,.T.);
#808=EDGE_CURVE('',#629,#627,#40,.T.);
#809=EDGE_CURVE('',#626,#628,#41,.T.);
#810=EDGE_CURVE('',#625,#630,#117,.T.);
#811=EDGE_CURVE('',#630,#631,#118,.F.);
#812=EDGE_CURVE('',#632,#631,#42,.T.);
#813=EDGE_CURVE('',#601,#632,#119,.T.);
#814=EDGE_CURVE('',#549,#600,#120,.T.);
#815=EDGE_CURVE('',#548,#633,#121,.T.);
#816=EDGE_CURVE('',#628,#633,#122,.T.);
#817=EDGE_CURVE('',#629,#634,#43,.F.);
#818=EDGE_CURVE('',#634,#635,#123,.T.);
#819=EDGE_CURVE('',#635,#636,#513,.T.);
#820=EDGE_CURVE('',#636,#627,#124,.T.);
#821=EDGE_CURVE('',#637,#638,#469,.F.);
#822=EDGE_CURVE('',#638,#636,#470,.T.);
#823=EDGE_CURVE('',#635,#637,#471,.T.);
#824=EDGE_CURVE('',#637,#617,#514,.T.);
#825=EDGE_CURVE('',#639,#634,#125,.T.);
#826=EDGE_CURVE('',#609,#639,#126,.T.);
#827=EDGE_CURVE('',#620,#640,#515,.T.);
#828=EDGE_CURVE('',#640,#641,#472,.T.);
#829=EDGE_CURVE('',#641,#621,#473,.F.);
#830=EDGE_CURVE('',#623,#640,#127,.T.);
#831=EDGE_CURVE('',#619,#624,#44,.T.);
#832=EDGE_CURVE('',#638,#641,#516,.T.);
#833=EDGE_CURVE('',#640,#636,#517,.T.);
#834=EDGE_CURVE('',#585,#632,#45,.T.);
#835=EDGE_CURVE('',#631,#642,#128,.T.);
#836=EDGE_CURVE('',#642,#602,#46,.T.);
#837=EDGE_CURVE('',#643,#598,#47,.T.);
#838=EDGE_CURVE('',#643,#601,#48,.F.);
#839=EDGE_CURVE('',#642,#644,#129,.T.);
#840=EDGE_CURVE('',#618,#644,#130,.T.);
#841=EDGE_CURVE('',#618,#639,#131,.T.);
#842=EDGE_CURVE('',#639,#645,#132,.T.);
#843=EDGE_CURVE('',#645,#547,#133,.F.);
#844=EDGE_CURVE('',#644,#630,#134,.T.);
#845=EDGE_CURVE('',#599,#643,#49,.T.);
#846=EDGE_CURVE('',#633,#645,#135,.T.);
#847=EDGE_CURVE('',#646,#616,#518,.T.);
#848=ORIENTED_EDGE('',*,*,#647,.T.);
#849=ORIENTED_EDGE('',*,*,#648,.T.);
#850=ORIENTED_EDGE('',*,*,#649,.T.);
#851=ORIENTED_EDGE('',*,*,#650,.T.);
#852=ORIENTED_EDGE('',*,*,#651,.T.);
#853=ORIENTED_EDGE('',*,*,#652,.T.);
#854=ORIENTED_EDGE('',*,*,#653,.T.);
#855=ORIENTED_EDGE('',*,*,#654,.T.);
#856=ORIENTED_EDGE('',*,*,#655,.T.);
#857=ORIENTED_EDGE('',*,*,#654,.F.);
#858=ORIENTED_EDGE('',*,*,#656,.T.);
#859=ORIENTED_EDGE('',*,*,#647,.F.);
#860=ORIENTED_EDGE('',*,*,#657,.T.);
#861=ORIENTED_EDGE('',*,*,#652,.F.);
#862=ORIENTED_EDGE('',*,*,#658,.T.);
#863=ORIENTED_EDGE('',*,*,#649,.F.);
#864=ORIENTED_EDGE('',*,*,#659,.T.);
#865=ORIENTED_EDGE('',*,*,#656,.F.);
#866=ORIENTED_EDGE('',*,*,#660,.T.);
#867=ORIENTED_EDGE('',*,*,#659,.F.);
#868=ORIENTED_EDGE('',*,*,#661,.T.);
#869=ORIENTED_EDGE('',*,*,#653,.F.);
#870=ORIENTED_EDGE('',*,*,#660,.F.);
#871=ORIENTED_EDGE('',*,*,#662,.T.);
#872=ORIENTED_EDGE('',*,*,#663,.T.);
#873=ORIENTED_EDGE('',*,*,#664,.T.);
#874=ORIENTED_EDGE('',*,*,#650,.F.);
#875=ORIENTED_EDGE('',*,*,#658,.F.);
#876=ORIENTED_EDGE('',*,*,#655,.F.);
#877=ORIENTED_EDGE('',*,*,#657,.F.);
#878=ORIENTED_EDGE('',*,*,#651,.F.);
#879=ORIENTED_EDGE('',*,*,#664,.F.);
#880=ORIENTED_EDGE('',*,*,#665,.T.);
#881=ORIENTED_EDGE('',*,*,#666,.T.);
#882=ORIENTED_EDGE('',*,*,#667,.F.);
#883=ORIENTED_EDGE('',*,*,#668,.F.);
#884=ORIENTED_EDGE('',*,*,#666,.F.);
#885=ORIENTED_EDGE('',*,*,#665,.F.);
#886=ORIENTED_EDGE('',*,*,#669,.T.);
#887=ORIENTED_EDGE('',*,*,#662,.F.);
#888=ORIENTED_EDGE('',*,*,#663,.F.);
#889=ORIENTED_EDGE('',*,*,#669,.F.);
#890=ORIENTED_EDGE('',*,*,#670,.T.);
#891=ORIENTED_EDGE('',*,*,#671,.T.);
#892=ORIENTED_EDGE('',*,*,#672,.T.);
#893=ORIENTED_EDGE('',*,*,#667,.T.);
#894=ORIENTED_EDGE('',*,*,#668,.T.);
#895=ORIENTED_EDGE('',*,*,#672,.F.);
#896=ORIENTED_EDGE('',*,*,#670,.F.);
#897=ORIENTED_EDGE('',*,*,#671,.F.);
#898=ORIENTED_EDGE('',*,*,#673,.T.);
#899=ORIENTED_EDGE('',*,*,#673,.F.);
#900=ORIENTED_EDGE('',*,*,#648,.F.);
#901=ORIENTED_EDGE('',*,*,#661,.F.);
#902=ORIENTED_EDGE('',*,*,#674,.F.);
#903=ORIENTED_EDGE('',*,*,#675,.T.);
#904=ORIENTED_EDGE('',*,*,#676,.T.);
#905=ORIENTED_EDGE('',*,*,#677,.F.);
#906=ORIENTED_EDGE('',*,*,#676,.F.);
#907=ORIENTED_EDGE('',*,*,#678,.T.);
#908=ORIENTED_EDGE('',*,*,#678,.F.);
#909=ORIENTED_EDGE('',*,*,#675,.F.);
#910=ORIENTED_EDGE('',*,*,#679,.T.);
#911=ORIENTED_EDGE('',*,*,#680,.F.);
#912=ORIENTED_EDGE('',*,*,#681,.F.);
#913=ORIENTED_EDGE('',*,*,#682,.T.);
#914=ORIENTED_EDGE('',*,*,#683,.F.);
#915=ORIENTED_EDGE('',*,*,#684,.T.);
#916=ORIENTED_EDGE('',*,*,#685,.T.);
#917=ORIENTED_EDGE('',*,*,#686,.T.);
#918=ORIENTED_EDGE('',*,*,#687,.T.);
#919=ORIENTED_EDGE('',*,*,#688,.T.);
#920=ORIENTED_EDGE('',*,*,#689,.F.);
#921=ORIENTED_EDGE('',*,*,#690,.T.);
#922=ORIENTED_EDGE('',*,*,#691,.T.);
#923=ORIENTED_EDGE('',*,*,#681,.T.);
#924=ORIENTED_EDGE('',*,*,#692,.F.);
#925=ORIENTED_EDGE('',*,*,#693,.T.);
#926=ORIENTED_EDGE('',*,*,#691,.F.);
#927=ORIENTED_EDGE('',*,*,#694,.F.);
#928=ORIENTED_EDGE('',*,*,#695,.F.);
#929=ORIENTED_EDGE('',*,*,#682,.F.);
#930=ORIENTED_EDGE('',*,*,#690,.F.);
#931=ORIENTED_EDGE('',*,*,#696,.T.);
#932=ORIENTED_EDGE('',*,*,#697,.T.);
#933=ORIENTED_EDGE('',*,*,#698,.T.);
#934=ORIENTED_EDGE('',*,*,#699,.T.);
#935=ORIENTED_EDGE('',*,*,#700,.F.);
#936=ORIENTED_EDGE('',*,*,#694,.T.);
#937=ORIENTED_EDGE('',*,*,#701,.T.);
#938=ORIENTED_EDGE('',*,*,#683,.T.);
#939=ORIENTED_EDGE('',*,*,#695,.T.);
#940=ORIENTED_EDGE('',*,*,#700,.T.);
#941=ORIENTED_EDGE('',*,*,#684,.F.);
#942=ORIENTED_EDGE('',*,*,#701,.F.);
#943=ORIENTED_EDGE('',*,*,#699,.F.);
#944=ORIENTED_EDGE('',*,*,#702,.F.);
#945=ORIENTED_EDGE('',*,*,#703,.F.);
#946=ORIENTED_EDGE('',*,*,#704,.F.);
#947=ORIENTED_EDGE('',*,*,#705,.F.);
#948=ORIENTED_EDGE('',*,*,#706,.F.);
#949=ORIENTED_EDGE('',*,*,#707,.F.);
#950=ORIENTED_EDGE('',*,*,#708,.F.);
#951=ORIENTED_EDGE('',*,*,#698,.F.);
#952=ORIENTED_EDGE('',*,*,#709,.F.);
#953=ORIENTED_EDGE('',*,*,#710,.F.);
#954=ORIENTED_EDGE('',*,*,#711,.T.);
#955=ORIENTED_EDGE('',*,*,#712,.T.);
#956=ORIENTED_EDGE('',*,*,#713,.F.);
#957=ORIENTED_EDGE('',*,*,#702,.T.);
#958=ORIENTED_EDGE('',*,*,#697,.F.);
#959=ORIENTED_EDGE('',*,*,#714,.T.);
#960=ORIENTED_EDGE('',*,*,#715,.F.);
#961=ORIENTED_EDGE('',*,*,#716,.T.);
#962=ORIENTED_EDGE('',*,*,#709,.T.);
#963=ORIENTED_EDGE('',*,*,#717,.T.);
#964=ORIENTED_EDGE('',*,*,#718,.T.);
#965=ORIENTED_EDGE('',*,*,#719,.T.);
#966=ORIENTED_EDGE('',*,*,#720,.T.);
#967=ORIENTED_EDGE('',*,*,#721,.T.);
#968=ORIENTED_EDGE('',*,*,#720,.F.);
#969=ORIENTED_EDGE('',*,*,#722,.T.);
#970=ORIENTED_EDGE('',*,*,#723,.T.);
#971=ORIENTED_EDGE('',*,*,#724,.T.);
#972=ORIENTED_EDGE('',*,*,#725,.T.);
#973=ORIENTED_EDGE('',*,*,#726,.T.);
#974=ORIENTED_EDGE('',*,*,#723,.F.);
#975=ORIENTED_EDGE('',*,*,#727,.T.);
#976=ORIENTED_EDGE('',*,*,#725,.F.);
#977=ORIENTED_EDGE('',*,*,#728,.T.);
#978=ORIENTED_EDGE('',*,*,#729,.T.);
#979=ORIENTED_EDGE('',*,*,#728,.F.);
#980=ORIENTED_EDGE('',*,*,#730,.T.);
#981=ORIENTED_EDGE('',*,*,#705,.T.);
#982=ORIENTED_EDGE('',*,*,#731,.F.);
#983=ORIENTED_EDGE('',*,*,#732,.T.);
#984=ORIENTED_EDGE('',*,*,#727,.F.);
#985=ORIENTED_EDGE('',*,*,#733,.F.);
#986=ORIENTED_EDGE('',*,*,#734,.T.);
#987=ORIENTED_EDGE('',*,*,#735,.F.);
#988=ORIENTED_EDGE('',*,*,#736,.F.);
#989=ORIENTED_EDGE('',*,*,#737,.F.);
#990=ORIENTED_EDGE('',*,*,#738,.T.);
#991=ORIENTED_EDGE('',*,*,#706,.T.);
#992=ORIENTED_EDGE('',*,*,#730,.F.);
#993=ORIENTED_EDGE('',*,*,#722,.F.);
#994=ORIENTED_EDGE('',*,*,#739,.T.);
#995=ORIENTED_EDGE('',*,*,#740,.T.);
#996=ORIENTED_EDGE('',*,*,#733,.T.);
#997=ORIENTED_EDGE('',*,*,#718,.F.);
#998=ORIENTED_EDGE('',*,*,#741,.F.);
#999=ORIENTED_EDGE('',*,*,#742,.F.);
#1000=ORIENTED_EDGE('',*,*,#739,.F.);
#1001=ORIENTED_EDGE('',*,*,#719,.F.);
#1002=ORIENTED_EDGE('',*,*,#743,.T.);
#1003=ORIENTED_EDGE('',*,*,#743,.F.);
#1004=ORIENTED_EDGE('',*,*,#717,.F.);
#1005=ORIENTED_EDGE('',*,*,#744,.T.);
#1006=ORIENTED_EDGE('',*,*,#711,.F.);
#1007=ORIENTED_EDGE('',*,*,#745,.F.);
#1008=ORIENTED_EDGE('',*,*,#741,.T.);
#1009=ORIENTED_EDGE('',*,*,#746,.T.);
#1010=ORIENTED_EDGE('',*,*,#747,.T.);
#1011=ORIENTED_EDGE('',*,*,#731,.T.);
#1012=ORIENTED_EDGE('',*,*,#704,.T.);
#1013=ORIENTED_EDGE('',*,*,#747,.F.);
#1014=ORIENTED_EDGE('',*,*,#748,.F.);
#1015=ORIENTED_EDGE('',*,*,#749,.F.);
#1016=ORIENTED_EDGE('',*,*,#732,.F.);
#1017=ORIENTED_EDGE('',*,*,#746,.F.);
#1018=ORIENTED_EDGE('',*,*,#703,.T.);
#1019=ORIENTED_EDGE('',*,*,#713,.T.);
#1020=ORIENTED_EDGE('',*,*,#750,.F.);
#1021=ORIENTED_EDGE('',*,*,#748,.T.);
#1022=ORIENTED_EDGE('',*,*,#729,.F.);
#1023=ORIENTED_EDGE('',*,*,#749,.T.);
#1024=ORIENTED_EDGE('',*,*,#750,.T.);
#1025=ORIENTED_EDGE('',*,*,#751,.T.);
#1026=ORIENTED_EDGE('',*,*,#740,.F.);
#1027=ORIENTED_EDGE('',*,*,#742,.T.);
#1028=ORIENTED_EDGE('',*,*,#745,.T.);
#1029=ORIENTED_EDGE('',*,*,#710,.T.);
#1030=ORIENTED_EDGE('',*,*,#752,.F.);
#1031=ORIENTED_EDGE('',*,*,#734,.F.);
#1032=ORIENTED_EDGE('',*,*,#753,.T.);
#1033=ORIENTED_EDGE('',*,*,#754,.T.);
#1034=ORIENTED_EDGE('',*,*,#755,.T.);
#1035=ORIENTED_EDGE('',*,*,#756,.T.);
#1036=ORIENTED_EDGE('',*,*,#757,.T.);
#1037=ORIENTED_EDGE('',*,*,#758,.T.);
#1038=ORIENTED_EDGE('',*,*,#759,.F.);
#1039=ORIENTED_EDGE('',*,*,#715,.T.);
#1040=ORIENTED_EDGE('',*,*,#760,.T.);
#1041=ORIENTED_EDGE('',*,*,#757,.F.);
#1042=ORIENTED_EDGE('',*,*,#761,.T.);
#1043=ORIENTED_EDGE('',*,*,#762,.F.);
#1044=ORIENTED_EDGE('',*,*,#756,.F.);
#1045=ORIENTED_EDGE('',*,*,#763,.F.);
#1046=ORIENTED_EDGE('',*,*,#764,.F.);
#1047=ORIENTED_EDGE('',*,*,#736,.T.);
#1048=ORIENTED_EDGE('',*,*,#761,.F.);
#1049=ORIENTED_EDGE('',*,*,#755,.F.);
#1050=ORIENTED_EDGE('',*,*,#765,.F.);
#1051=ORIENTED_EDGE('',*,*,#766,.F.);
#1052=ORIENTED_EDGE('',*,*,#763,.T.);
#1053=ORIENTED_EDGE('',*,*,#754,.F.);
#1054=ORIENTED_EDGE('',*,*,#767,.F.);
#1055=ORIENTED_EDGE('',*,*,#768,.F.);
#1056=ORIENTED_EDGE('',*,*,#769,.F.);
#1057=ORIENTED_EDGE('',*,*,#765,.T.);
#1058=ORIENTED_EDGE('',*,*,#753,.F.);
#1059=ORIENTED_EDGE('',*,*,#770,.T.);
#1060=ORIENTED_EDGE('',*,*,#771,.T.);
#1061=ORIENTED_EDGE('',*,*,#767,.T.);
#1062=ORIENTED_EDGE('',*,*,#752,.T.);
#1063=ORIENTED_EDGE('',*,*,#716,.F.);
#1064=ORIENTED_EDGE('',*,*,#759,.T.);
#1065=ORIENTED_EDGE('',*,*,#772,.T.);
#1066=ORIENTED_EDGE('',*,*,#758,.F.);
#1067=ORIENTED_EDGE('',*,*,#762,.T.);
#1068=ORIENTED_EDGE('',*,*,#735,.T.);
#1069=ORIENTED_EDGE('',*,*,#772,.F.);
#1070=ORIENTED_EDGE('',*,*,#696,.F.);
#1071=ORIENTED_EDGE('',*,*,#693,.F.);
#1072=ORIENTED_EDGE('',*,*,#770,.F.);
#1073=ORIENTED_EDGE('',*,*,#760,.F.);
#1074=ORIENTED_EDGE('',*,*,#714,.F.);
#1075=ORIENTED_EDGE('',*,*,#708,.T.);
#1076=ORIENTED_EDGE('',*,*,#773,.F.);
#1077=ORIENTED_EDGE('',*,*,#774,.F.);
#1078=ORIENTED_EDGE('',*,*,#685,.F.);
#1079=ORIENTED_EDGE('',*,*,#726,.F.);
#1080=ORIENTED_EDGE('',*,*,#751,.F.);
#1081=ORIENTED_EDGE('',*,*,#712,.F.);
#1082=ORIENTED_EDGE('',*,*,#744,.F.);
#1083=ORIENTED_EDGE('',*,*,#721,.F.);
#1084=ORIENTED_EDGE('',*,*,#724,.F.);
#1085=ORIENTED_EDGE('',*,*,#775,.T.);
#1086=ORIENTED_EDGE('',*,*,#776,.T.);
#1087=ORIENTED_EDGE('',*,*,#777,.T.);
#1088=ORIENTED_EDGE('',*,*,#778,.T.);
#1089=ORIENTED_EDGE('',*,*,#779,.T.);
#1090=ORIENTED_EDGE('',*,*,#776,.F.);
#1091=ORIENTED_EDGE('',*,*,#780,.T.);
#1092=ORIENTED_EDGE('',*,*,#781,.T.);
#1093=ORIENTED_EDGE('',*,*,#782,.T.);
#1094=ORIENTED_EDGE('',*,*,#783,.F.);
#1095=ORIENTED_EDGE('',*,*,#784,.T.);
#1096=ORIENTED_EDGE('',*,*,#785,.T.);
#1097=ORIENTED_EDGE('',*,*,#778,.F.);
#1098=ORIENTED_EDGE('',*,*,#786,.T.);
#1099=ORIENTED_EDGE('',*,*,#787,.T.);
#1100=ORIENTED_EDGE('',*,*,#788,.T.);
#1101=ORIENTED_EDGE('',*,*,#789,.T.);
#1102=ORIENTED_EDGE('',*,*,#787,.F.);
#1103=ORIENTED_EDGE('',*,*,#790,.T.);
#1104=ORIENTED_EDGE('',*,*,#783,.T.);
#1105=ORIENTED_EDGE('',*,*,#780,.F.);
#1106=ORIENTED_EDGE('',*,*,#775,.F.);
#1107=ORIENTED_EDGE('',*,*,#785,.F.);
#1108=ORIENTED_EDGE('',*,*,#791,.F.);
#1109=ORIENTED_EDGE('',*,*,#792,.F.);
#1110=ORIENTED_EDGE('',*,*,#793,.F.);
#1111=ORIENTED_EDGE('',*,*,#794,.T.);
#1112=ORIENTED_EDGE('',*,*,#784,.F.);
#1113=ORIENTED_EDGE('',*,*,#795,.T.);
#1114=ORIENTED_EDGE('',*,*,#796,.F.);
#1115=ORIENTED_EDGE('',*,*,#797,.F.);
#1116=ORIENTED_EDGE('',*,*,#798,.F.);
#1117=ORIENTED_EDGE('',*,*,#799,.F.);
#1118=ORIENTED_EDGE('',*,*,#791,.T.);
#1119=ORIENTED_EDGE('',*,*,#777,.F.);
#1120=ORIENTED_EDGE('',*,*,#779,.F.);
#1121=ORIENTED_EDGE('',*,*,#790,.F.);
#1122=ORIENTED_EDGE('',*,*,#786,.F.);
#1123=ORIENTED_EDGE('',*,*,#800,.T.);
#1124=ORIENTED_EDGE('',*,*,#801,.T.);
#1125=ORIENTED_EDGE('',*,*,#802,.T.);
#1126=ORIENTED_EDGE('',*,*,#803,.T.);
#1127=ORIENTED_EDGE('',*,*,#804,.T.);
#1128=ORIENTED_EDGE('',*,*,#805,.T.);
#1129=ORIENTED_EDGE('',*,*,#800,.F.);
#1130=ORIENTED_EDGE('',*,*,#806,.T.);
#1131=ORIENTED_EDGE('',*,*,#807,.T.);
#1132=ORIENTED_EDGE('',*,*,#808,.T.);
#1133=ORIENTED_EDGE('',*,*,#804,.F.);
#1134=ORIENTED_EDGE('',*,*,#809,.T.);
#1135=ORIENTED_EDGE('',*,*,#809,.F.);
#1136=ORIENTED_EDGE('',*,*,#806,.F.);
#1137=ORIENTED_EDGE('',*,*,#803,.F.);
#1138=ORIENTED_EDGE('',*,*,#810,.T.);
#1139=ORIENTED_EDGE('',*,*,#811,.T.);
#1140=ORIENTED_EDGE('',*,*,#812,.F.);
#1141=ORIENTED_EDGE('',*,*,#813,.F.);
#1142=ORIENTED_EDGE('',*,*,#768,.T.);
#1143=ORIENTED_EDGE('',*,*,#814,.F.);
#1144=ORIENTED_EDGE('',*,*,#688,.F.);
#1145=ORIENTED_EDGE('',*,*,#815,.T.);
#1146=ORIENTED_EDGE('',*,*,#816,.F.);
#1147=ORIENTED_EDGE('',*,*,#817,.T.);
#1148=ORIENTED_EDGE('',*,*,#818,.T.);
#1149=ORIENTED_EDGE('',*,*,#819,.T.);
#1150=ORIENTED_EDGE('',*,*,#820,.T.);
#1151=ORIENTED_EDGE('',*,*,#808,.F.);
#1152=ORIENTED_EDGE('',*,*,#821,.T.);
#1153=ORIENTED_EDGE('',*,*,#822,.T.);
#1154=ORIENTED_EDGE('',*,*,#819,.F.);
#1155=ORIENTED_EDGE('',*,*,#823,.T.);
#1156=ORIENTED_EDGE('',*,*,#781,.F.);
#1157=ORIENTED_EDGE('',*,*,#794,.F.);
#1158=ORIENTED_EDGE('',*,*,#824,.F.);
#1159=ORIENTED_EDGE('',*,*,#823,.F.);
#1160=ORIENTED_EDGE('',*,*,#818,.F.);
#1161=ORIENTED_EDGE('',*,*,#825,.F.);
#1162=ORIENTED_EDGE('',*,*,#826,.F.);
#1163=ORIENTED_EDGE('',*,*,#827,.T.);
#1164=ORIENTED_EDGE('',*,*,#828,.T.);
#1165=ORIENTED_EDGE('',*,*,#829,.T.);
#1166=ORIENTED_EDGE('',*,*,#798,.T.);
#1167=ORIENTED_EDGE('',*,*,#801,.F.);
#1168=ORIENTED_EDGE('',*,*,#830,.T.);
#1169=ORIENTED_EDGE('',*,*,#827,.F.);
#1170=ORIENTED_EDGE('',*,*,#797,.T.);
#1171=ORIENTED_EDGE('',*,*,#831,.T.);
#1172=ORIENTED_EDGE('',*,*,#822,.F.);
#1173=ORIENTED_EDGE('',*,*,#832,.T.);
#1174=ORIENTED_EDGE('',*,*,#828,.F.);
#1175=ORIENTED_EDGE('',*,*,#833,.T.);
#1176=ORIENTED_EDGE('',*,*,#805,.F.);
#1177=ORIENTED_EDGE('',*,*,#820,.F.);
#1178=ORIENTED_EDGE('',*,*,#833,.F.);
#1179=ORIENTED_EDGE('',*,*,#830,.F.);
#1180=ORIENTED_EDGE('',*,*,#707,.T.);
#1181=ORIENTED_EDGE('',*,*,#738,.F.);
#1182=ORIENTED_EDGE('',*,*,#834,.T.);
#1183=ORIENTED_EDGE('',*,*,#812,.T.);
#1184=ORIENTED_EDGE('',*,*,#835,.T.);
#1185=ORIENTED_EDGE('',*,*,#836,.T.);
#1186=ORIENTED_EDGE('',*,*,#773,.T.);
#1187=ORIENTED_EDGE('',*,*,#737,.T.);
#1188=ORIENTED_EDGE('',*,*,#764,.T.);
#1189=ORIENTED_EDGE('',*,*,#837,.F.);
#1190=ORIENTED_EDGE('',*,*,#838,.T.);
#1191=ORIENTED_EDGE('',*,*,#813,.T.);
#1192=ORIENTED_EDGE('',*,*,#834,.F.);
#1193=ORIENTED_EDGE('',*,*,#836,.F.);
#1194=ORIENTED_EDGE('',*,*,#839,.T.);
#1195=ORIENTED_EDGE('',*,*,#840,.F.);
#1196=ORIENTED_EDGE('',*,*,#841,.T.);
#1197=ORIENTED_EDGE('',*,*,#842,.T.);
#1198=ORIENTED_EDGE('',*,*,#843,.T.);
#1199=ORIENTED_EDGE('',*,*,#686,.F.);
#1200=ORIENTED_EDGE('',*,*,#774,.T.);
#1201=ORIENTED_EDGE('',*,*,#835,.F.);
#1202=ORIENTED_EDGE('',*,*,#811,.F.);
#1203=ORIENTED_EDGE('',*,*,#844,.F.);
#1204=ORIENTED_EDGE('',*,*,#839,.F.);
#1205=ORIENTED_EDGE('',*,*,#766,.T.);
#1206=ORIENTED_EDGE('',*,*,#845,.T.);
#1207=ORIENTED_EDGE('',*,*,#837,.T.);
#1208=ORIENTED_EDGE('',*,*,#845,.F.);
#1209=ORIENTED_EDGE('',*,*,#769,.T.);
#1210=ORIENTED_EDGE('',*,*,#838,.F.);
#1211=ORIENTED_EDGE('',*,*,#814,.T.);
#1212=ORIENTED_EDGE('',*,*,#771,.F.);
#1213=ORIENTED_EDGE('',*,*,#692,.T.);
#1214=ORIENTED_EDGE('',*,*,#680,.T.);
#1215=ORIENTED_EDGE('',*,*,#679,.F.);
#1216=ORIENTED_EDGE('',*,*,#674,.T.);
#1217=ORIENTED_EDGE('',*,*,#677,.T.);
#1218=ORIENTED_EDGE('',*,*,#689,.T.);
#1219=ORIENTED_EDGE('',*,*,#687,.F.);
#1220=ORIENTED_EDGE('',*,*,#843,.F.);
#1221=ORIENTED_EDGE('',*,*,#846,.F.);
#1222=ORIENTED_EDGE('',*,*,#815,.F.);
#1223=ORIENTED_EDGE('',*,*,#846,.T.);
#1224=ORIENTED_EDGE('',*,*,#842,.F.);
#1225=ORIENTED_EDGE('',*,*,#825,.T.);
#1226=ORIENTED_EDGE('',*,*,#817,.F.);
#1227=ORIENTED_EDGE('',*,*,#807,.F.);
#1228=ORIENTED_EDGE('',*,*,#816,.T.);
#1229=ORIENTED_EDGE('',*,*,#782,.F.);
#1230=ORIENTED_EDGE('',*,*,#826,.T.);
#1231=ORIENTED_EDGE('',*,*,#841,.F.);
#1232=ORIENTED_EDGE('',*,*,#795,.F.);
#1233=ORIENTED_EDGE('',*,*,#788,.F.);
#1234=ORIENTED_EDGE('',*,*,#789,.F.);
#1235=ORIENTED_EDGE('',*,*,#844,.T.);
#1236=ORIENTED_EDGE('',*,*,#810,.F.);
#1237=ORIENTED_EDGE('',*,*,#802,.F.);
#1238=ORIENTED_EDGE('',*,*,#831,.F.);
#1239=ORIENTED_EDGE('',*,*,#796,.T.);
#1240=ORIENTED_EDGE('',*,*,#840,.T.);
#1241=ORIENTED_EDGE('',*,*,#824,.T.);
#1242=ORIENTED_EDGE('',*,*,#793,.T.);
#1243=ORIENTED_EDGE('',*,*,#847,.F.);
#1244=ORIENTED_EDGE('',*,*,#847,.T.);
#1245=ORIENTED_EDGE('',*,*,#792,.T.);
#1246=ORIENTED_EDGE('',*,*,#799,.T.);
#1247=ORIENTED_EDGE('',*,*,#829,.F.);
#1248=ORIENTED_EDGE('',*,*,#832,.F.);
#1249=ORIENTED_EDGE('',*,*,#821,.F.);
#1250=B_SPLINE_SURFACE_WITH_KNOTS('',3,3,((#1865,#1866,#1867,#1868,#1869,
#1870,#1871,#1872,#1873,#1874,#1875,#1876,#1877,#1878,#1879,#1880,#1881,
#1882),(#1883,#1884,#1885,#1886,#1887,#1888,#1889,#1890,#1891,#1892,#1893,
#1894,#1895,#1896,#1897,#1898,#1899,#1900),(#1901,#1902,#1903,#1904,#1905,
#1906,#1907,#1908,#1909,#1910,#1911,#1912,#1913,#1914,#1915,#1916,#1917,
#1918),(#1919,#1920,#1921,#1922,#1923,#1924,#1925,#1926,#1927,#1928,#1929,
#1930,#1931,#1932,#1933,#1934,#1935,#1936),(#1937,#1938,#1939,#1940,#1941,
#1942,#1943,#1944,#1945,#1946,#1947,#1948,#1949,#1950,#1951,#1952,#1953,
#1954),(#1955,#1956,#1957,#1958,#1959,#1960,#1961,#1962,#1963,#1964,#1965,
#1966,#1967,#1968,#1969,#1970,#1971,#1972),(#1973,#1974,#1975,#1976,#1977,
#1978,#1979,#1980,#1981,#1982,#1983,#1984,#1985,#1986,#1987,#1988,#1989,
#1990)),.UNSPECIFIED.,.F.,.F.,.F.,(4,1,1,1,4),(4,1,1,1,1,1,1,1,1,1,1,1,
1,1,1,4),(0.,0.285714285714286,0.571428571428571,0.857142857142857,1.),
(0.489982404196304,1.48841412075243,2.48684583730857,3.81808812605007,4.48370927042083,
5.81495155916233,6.48057270353309,7.14619384790384,7.8118149922746,8.47743613664535,
9.80867842538686,10.4742995697576,11.4727312863137,12.4711630028699,13.469594719426,
14.4680264359821),.UNSPECIFIED.);
#1251=B_SPLINE_SURFACE_WITH_KNOTS('',3,3,((#2047,#2048,#2049,#2050,#2051,
#2052,#2053),(#2054,#2055,#2056,#2057,#2058,#2059,#2060),(#2061,#2062,#2063,
#2064,#2065,#2066,#2067),(#2068,#2069,#2070,#2071,#2072,#2073,#2074),(#2075,
#2076,#2077,#2078,#2079,#2080,#2081),(#2082,#2083,#2084,#2085,#2086,#2087,
#2088),(#2089,#2090,#2091,#2092,#2093,#2094,#2095)),.UNSPECIFIED.,.F.,.F.,
 .F.,(4,1,1,1,4),(4,1,1,1,4),(0.,0.285714285714286,0.571428571428571,0.857142857142857,
1.),(-0.184696917770052,-0.105541095867355,-0.0527705479322232,-0.0263852739646575,
2.90830012490306E-12),.UNSPECIFIED.);
#1252=B_SPLINE_SURFACE_WITH_KNOTS('',3,3,((#2122,#2123,#2124,#2125,#2126,
#2127,#2128,#2129),(#2130,#2131,#2132,#2133,#2134,#2135,#2136,#2137),(#2138,
#2139,#2140,#2141,#2142,#2143,#2144,#2145),(#2146,#2147,#2148,#2149,#2150,
#2151,#2152,#2153),(#2154,#2155,#2156,#2157,#2158,#2159,#2160,#2161),(#2162,
#2163,#2164,#2165,#2166,#2167,#2168,#2169),(#2170,#2171,#2172,#2173,#2174,
#2175,#2176,#2177)),.UNSPECIFIED.,.F.,.F.,.F.,(4,1,1,1,4),(4,1,1,1,1,4),
(0.,0.285714285714286,0.571428571428571,0.857142857142857,1.),(0.786247540482908,
0.812632814450473,0.839018088418038,0.865403362385604,0.918173910320734,
0.970944458255865),.UNSPECIFIED.);
#1253=B_SPLINE_SURFACE_WITH_KNOTS('',3,3,((#2275,#2276,#2277,#2278),(#2279,
#2280,#2281,#2282),(#2283,#2284,#2285,#2286),(#2287,#2288,#2289,#2290)),
 .UNSPECIFIED.,.F.,.F.,.F.,(4,4),(4,4),(0.79614937849968,1.),(-0.825028468634707,
-0.631839035273693),.UNSPECIFIED.);
#1254=B_SPLINE_SURFACE_WITH_KNOTS('',3,3,((#2437,#2438,#2439,#2440,#2441,
#2442,#2443),(#2444,#2445,#2446,#2447,#2448,#2449,#2450),(#2451,#2452,#2453,
#2454,#2455,#2456,#2457),(#2458,#2459,#2460,#2461,#2462,#2463,#2464),(#2465,
#2466,#2467,#2468,#2469,#2470,#2471)),.UNSPECIFIED.,.F.,.F.,.F.,(4,1,4),
(4,1,1,1,4),(0.,0.571428571428571,1.),(0.,0.34433841971452,0.573897366190867,
0.68867683942904,0.803456312667213),.UNSPECIFIED.);
#1255=B_SPLINE_SURFACE_WITH_KNOTS('',3,3,((#2495,#2496,#2497,#2498,#2499,
#2500,#2501,#2502,#2503,#2504,#2505),(#2506,#2507,#2508,#2509,#2510,#2511,
#2512,#2513,#2514,#2515,#2516),(#2517,#2518,#2519,#2520,#2521,#2522,#2523,
#2524,#2525,#2526,#2527),(#2528,#2529,#2530,#2531,#2532,#2533,#2534,#2535,
#2536,#2537,#2538),(#2539,#2540,#2541,#2542,#2543,#2544,#2545,#2546,#2547,
#2548,#2549)),.UNSPECIFIED.,.F.,.F.,.F.,(4,1,4),(4,2,1,1,1,1,1,4),(0.,0.571428571428571,
1.),(-0.00043995688709877,0.,0.0189368523530339,0.0378737047060679,0.0568105570591018,
0.0757474094121357,0.0852158355886527,0.0946842617651697),.UNSPECIFIED.);
#1256=B_SPLINE_SURFACE_WITH_KNOTS('',3,3,((#2729,#2730,#2731,#2732),(#2733,
#2734,#2735,#2736),(#2737,#2738,#2739,#2740),(#2741,#2742,#2743,#2744),
(#2745,#2746,#2747,#2748)),.UNSPECIFIED.,.F.,.F.,.F.,(4,1,4),(4,4),(0.,
0.5,1.),(0.00989762091955315,0.790102391001376),.UNSPECIFIED.);
#1257=B_SPLINE_SURFACE_WITH_KNOTS('',3,3,((#2781,#2782,#2783,#2784,#2785,
#2786,#2787,#2788,#2789,#2790,#2791,#2792),(#2793,#2794,#2795,#2796,#2797,
#2798,#2799,#2800,#2801,#2802,#2803,#2804),(#2805,#2806,#2807,#2808,#2809,
#2810,#2811,#2812,#2813,#2814,#2815,#2816),(#2817,#2818,#2819,#2820,#2821,
#2822,#2823,#2824,#2825,#2826,#2827,#2828),(#2829,#2830,#2831,#2832,#2833,
#2834,#2835,#2836,#2837,#2838,#2839,#2840)),.UNSPECIFIED.,.F.,.F.,.F.,(4,
1,4),(4,1,1,1,1,1,1,1,1,4),(0.,0.571428571428571,1.),(0.00153310372007732,
0.137894017771434,0.27425493182279,0.546976759925503,0.819698588028216,
1.09242041613093,1.36514224423364,1.63786407233635,1.77422498638771,1.91058590043907),
 .UNSPECIFIED.);
#1258=B_SPLINE_SURFACE_WITH_KNOTS('',3,3,((#3002,#3003,#3004,#3005,#3006,
#3007,#3008,#3009,#3010,#3011,#3012,#3013),(#3014,#3015,#3016,#3017,#3018,
#3019,#3020,#3021,#3022,#3023,#3024,#3025),(#3026,#3027,#3028,#3029,#3030,
#3031,#3032,#3033,#3034,#3035,#3036,#3037),(#3038,#3039,#3040,#3041,#3042,
#3043,#3044,#3045,#3046,#3047,#3048,#3049),(#3050,#3051,#3052,#3053,#3054,
#3055,#3056,#3057,#3058,#3059,#3060,#3061)),.UNSPECIFIED.,.F.,.F.,.F.,(4,
1,4),(4,1,1,1,1,1,1,1,1,4),(0.,0.571428571428571,1.),(3.5726146428755,3.70897489287958,
3.84533514288366,4.11805564289182,4.39077614289998,4.66349664290814,4.93621714291629,
5.20893764292445,5.34529789292854,5.48165814293261),.UNSPECIFIED.);
#1259=B_SPLINE_SURFACE_WITH_KNOTS('',3,3,((#3211,#3212,#3213,#3214),(#3215,
#3216,#3217,#3218),(#3219,#3220,#3221,#3222),(#3223,#3224,#3225,#3226),
(#3227,#3228,#3229,#3230)),.UNSPECIFIED.,.F.,.F.,.F.,(4,1,4),(4,4),(0.,
0.5,1.),(0.00626108335297559,0.793738928567953),.UNSPECIFIED.);
#1260=B_SPLINE_SURFACE_WITH_KNOTS('',3,3,((#3310,#3311,#3312,#3313),(#3314,
#3315,#3316,#3317),(#3318,#3319,#3320,#3321),(#3322,#3323,#3324,#3325)),
 .UNSPECIFIED.,.F.,.F.,.F.,(4,4),(4,4),(0.,1.),(-0.531658148179533,5.55111512312578E-17),
 .UNSPECIFIED.);
#1261=B_SPLINE_SURFACE_WITH_KNOTS('',3,3,((#3347,#3348,#3349,#3350),(#3351,
#3352,#3353,#3354),(#3355,#3356,#3357,#3358),(#3359,#3360,#3361,#3362)),
 .UNSPECIFIED.,.F.,.F.,.F.,(4,4),(4,4),(0.,1.),(0.,0.53262746329964),
 .UNSPECIFIED.);
#1262=B_SPLINE_SURFACE_WITH_KNOTS('',3,3,((#3395,#3396,#3397,#3398,#3399),
(#3400,#3401,#3402,#3403,#3404),(#3405,#3406,#3407,#3408,#3409),(#3410,
#3411,#3412,#3413,#3414),(#3415,#3416,#3417,#3418,#3419)),.UNSPECIFIED.,
 .F.,.F.,.F.,(4,1,4),(4,1,4),(0.,0.571428571428571,1.),(1.90242153525842,
2.05653068797296,2.26200955825901),.UNSPECIFIED.);
#1263=B_SPLINE_SURFACE_WITH_KNOTS('',3,3,((#3446,#3447,#3448,#3449,#3450),
(#3451,#3452,#3453,#3454,#3455),(#3456,#3457,#3458,#3459,#3460),(#3461,
#3462,#3463,#3464,#3465),(#3466,#3467,#3468,#3469,#3470)),.UNSPECIFIED.,
 .F.,.F.,.F.,(4,1,4),(4,1,4),(0.,0.571428571428571,1.),(0.21193857646341,
0.417417462017003,0.571526626182198),.UNSPECIFIED.);
#1264=ADVANCED_FACE('',(#270),#1250,.F.);
#1265=ADVANCED_FACE('',(#271),#263,.T.);
#1266=ADVANCED_FACE('',(#272),#1251,.F.);
#1267=ADVANCED_FACE('',(#273),#1252,.F.);
#1268=ADVANCED_FACE('',(#274),#264,.T.);
#1269=ADVANCED_FACE('',(#275),#240,.T.);
#1270=ADVANCED_FACE('',(#276),#237,.T.);
#1271=ADVANCED_FACE('',(#277),#265,.T.);
#1272=ADVANCED_FACE('',(#278),#210,.T.);
#1273=ADVANCED_FACE('',(#279),#266,.T.);
#1274=ADVANCED_FACE('',(#280),#58,.F.);
#1275=ADVANCED_FACE('',(#281),#59,.F.);
#1276=ADVANCED_FACE('',(#282),#211,.F.);
#1277=ADVANCED_FACE('',(#283),#1253,.T.);
#1278=ADVANCED_FACE('',(#284),#212,.T.);
#1279=ADVANCED_FACE('',(#285),#213,.T.);
#1280=ADVANCED_FACE('',(#286),#241,.T.);
#1281=ADVANCED_FACE('',(#287),#214,.T.);
#1282=ADVANCED_FACE('',(#288),#215,.T.);
#1283=ADVANCED_FACE('',(#289),#242,.F.);
#1284=ADVANCED_FACE('',(#290),#243,.T.);
#1285=ADVANCED_FACE('',(#291),#216,.T.);
#1286=ADVANCED_FACE('',(#292),#267,.T.);
#1287=ADVANCED_FACE('',(#293),#1254,.F.);
#1288=ADVANCED_FACE('',(#294),#217,.T.);
#1289=ADVANCED_FACE('',(#295),#1255,.F.);
#1290=ADVANCED_FACE('',(#296),#218,.T.);
#1291=ADVANCED_FACE('',(#297),#244,.T.);
#1292=ADVANCED_FACE('',(#298),#268,.T.);
#1293=ADVANCED_FACE('',(#299),#60,.F.);
#1294=ADVANCED_FACE('',(#300),#219,.F.);
#1295=ADVANCED_FACE('',(#301),#220,.T.);
#1296=ADVANCED_FACE('',(#302),#245,.T.);
#1297=ADVANCED_FACE('',(#303),#221,.T.);
#1298=ADVANCED_FACE('',(#304),#222,.T.);
#1299=ADVANCED_FACE('',(#305),#246,.T.);
#1300=ADVANCED_FACE('',(#306),#223,.T.);
#1301=ADVANCED_FACE('',(#307),#224,.T.);
#1302=ADVANCED_FACE('',(#308),#238,.F.);
#1303=ADVANCED_FACE('',(#309),#247,.T.);
#1304=ADVANCED_FACE('',(#310),#248,.T.);
#1305=ADVANCED_FACE('',(#311),#225,.T.);
#1306=ADVANCED_FACE('',(#312),#226,.T.);
#1307=ADVANCED_FACE('',(#313),#227,.T.);
#1308=ADVANCED_FACE('',(#314),#249,.T.);
#1309=ADVANCED_FACE('',(#315),#250,.T.);
#1310=ADVANCED_FACE('',(#316),#251,.T.);
#1311=ADVANCED_FACE('',(#317),#1256,.F.);
#1312=ADVANCED_FACE('',(#318),#1257,.F.);
#1313=ADVANCED_FACE('',(#319),#1258,.F.);
#1314=ADVANCED_FACE('',(#320),#1259,.F.);
#1315=ADVANCED_FACE('',(#321),#252,.T.);
#1316=ADVANCED_FACE('',(#322),#253,.T.);
#1317=ADVANCED_FACE('',(#323),#239,.F.);
#1318=ADVANCED_FACE('',(#324),#1260,.T.);
#1319=ADVANCED_FACE('',(#325),#228,.F.);
#1320=ADVANCED_FACE('',(#326),#1261,.T.);
#1321=ADVANCED_FACE('',(#327),#254,.T.);
#1322=ADVANCED_FACE('',(#328),#229,.T.);
#1323=ADVANCED_FACE('',(#329),#1262,.F.);
#1324=ADVANCED_FACE('',(#330),#255,.T.);
#1325=ADVANCED_FACE('',(#331),#1263,.F.);
#1326=ADVANCED_FACE('',(#332),#230,.T.);
#1327=ADVANCED_FACE('',(#333),#269,.F.);
#1328=ADVANCED_FACE('',(#334),#256,.T.);
#1329=ADVANCED_FACE('',(#335),#231,.T.);
#1330=ADVANCED_FACE('',(#336),#232,.T.);
#1331=ADVANCED_FACE('',(#337),#257,.T.);
#1332=ADVANCED_FACE('',(#338),#258,.T.);
#1333=ADVANCED_FACE('',(#339),#233,.T.);
#1334=ADVANCED_FACE('',(#340),#234,.T.);
#1335=ADVANCED_FACE('',(#341),#235,.T.);
#1336=ADVANCED_FACE('',(#342),#259,.T.);
#1337=ADVANCED_FACE('',(#343),#260,.T.);
#1338=ADVANCED_FACE('',(#344),#261,.T.);
#1339=ADVANCED_FACE('',(#345),#262,.T.);
#1340=ADVANCED_FACE('',(#346),#61,.T.);
#1341=CLOSED_SHELL('',(#1264,#1265,#1266,#1267,#1268,#1269,#1270,#1271,
#1272,#1273,#1274,#1275));
#1342=CLOSED_SHELL('',(#1276,#1277,#1278,#1279,#1280,#1281,#1282,#1283,
#1284,#1285,#1286,#1287,#1288,#1289,#1290,#1291,#1292,#1293,#1294,#1295,
#1296,#1297,#1298,#1299,#1300,#1301,#1302,#1303,#1304,#1305,#1306,#1307,
#1308,#1309,#1310,#1311,#1312,#1313,#1314,#1315,#1316,#1317,#1318,#1319,
#1320,#1321,#1322,#1323,#1324,#1325,#1326,#1327,#1328,#1329,#1330,#1331,
#1332,#1333,#1334,#1335,#1336,#1337,#1338,#1339,#1340));
#1343=DERIVED_UNIT_ELEMENT(#1347,1.);
#1344=DERIVED_UNIT_ELEMENT(#3538,-3.);
#1345=DERIVED_UNIT_ELEMENT(#1347,1.);
#1346=DERIVED_UNIT_ELEMENT(#3538,-3.);
#1347=(
MASS_UNIT()
NAMED_UNIT(*)
SI_UNIT(.KILO.,.GRAM.)
);
#1348=DERIVED_UNIT((#1343,#1344));
#1349=DERIVED_UNIT((#1345,#1346));
#1350=MEASURE_REPRESENTATION_ITEM('density measure',
POSITIVE_RATIO_MEASURE(7850.),#1348);
#1351=MEASURE_REPRESENTATION_ITEM('density measure',
POSITIVE_RATIO_MEASURE(7850.),#1349);
#1352=PROPERTY_DEFINITION_REPRESENTATION(#1362,#1356);
#1353=PROPERTY_DEFINITION_REPRESENTATION(#1363,#1357);
#1354=PROPERTY_DEFINITION_REPRESENTATION(#1364,#1358);
#1355=PROPERTY_DEFINITION_REPRESENTATION(#1365,#1359);
#1356=REPRESENTATION('material name',(#1360),#3534);
#1357=REPRESENTATION('density',(#1350),#3534);
#1358=REPRESENTATION('material name',(#1361),#3535);
#1359=REPRESENTATION('density',(#1351),#3535);
#1360=DESCRIPTIVE_REPRESENTATION_ITEM('Steel','Steel');
#1361=DESCRIPTIVE_REPRESENTATION_ITEM('Steel','Steel');
#1362=PROPERTY_DEFINITION('material property','material name',#3554);
#1363=PROPERTY_DEFINITION('material property','density of part',#3554);
#1364=PROPERTY_DEFINITION('material property','material name',#3555);
#1365=PROPERTY_DEFINITION('material property','density of part',#3555);
#1366=AXIS2_PLACEMENT_3D('',#1863,#1507,#1508);
#1367=AXIS2_PLACEMENT_3D('',#1864,#1509,#1510);
#1368=AXIS2_PLACEMENT_3D('',#1993,#1511,#1512);
#1369=AXIS2_PLACEMENT_3D('',#2014,#1513,#1514);
#1370=AXIS2_PLACEMENT_3D('',#2038,#1515,#1516);
#1371=AXIS2_PLACEMENT_3D('',#2041,#1517,#1518);
#1372=AXIS2_PLACEMENT_3D('',#2043,#1519,#1520);
#1373=AXIS2_PLACEMENT_3D('',#2045,#1521,#1522);
#1374=AXIS2_PLACEMENT_3D('',#2046,#1523,#1524);
#1375=AXIS2_PLACEMENT_3D('',#2202,#1525,#1526);
#1376=AXIS2_PLACEMENT_3D('',#2203,#1527,#1528);
#1377=AXIS2_PLACEMENT_3D('',#2204,#1529,#1530);
#1378=AXIS2_PLACEMENT_3D('',#2205,#1531,#1532);
#1379=AXIS2_PLACEMENT_3D('',#2235,#1533,#1534);
#1380=AXIS2_PLACEMENT_3D('',#2236,#1535,#1536);
#1381=AXIS2_PLACEMENT_3D('',#2240,#1537,#1538);
#1382=AXIS2_PLACEMENT_3D('',#2242,#1539,#1540);
#1383=AXIS2_PLACEMENT_3D('',#2244,#1541,#1542);
#1384=AXIS2_PLACEMENT_3D('',#2246,#1543,#1544);
#1385=AXIS2_PLACEMENT_3D('',#2247,#1545,#1546);
#1386=AXIS2_PLACEMENT_3D('',#2248,#1547,#1548);
#1387=AXIS2_PLACEMENT_3D('',#2250,#1550,#1551);
#1388=AXIS2_PLACEMENT_3D('',#2253,#1552,#1553);
#1389=AXIS2_PLACEMENT_3D('',#2254,#1554,#1555);
#1390=AXIS2_PLACEMENT_3D('',#2255,#1556,#1557);
#1391=AXIS2_PLACEMENT_3D('',#2256,#1558,#1559);
#1392=AXIS2_PLACEMENT_3D('',#2258,#1560,#1561);
#1393=AXIS2_PLACEMENT_3D('',#2259,#1562,#1563);
#1394=AXIS2_PLACEMENT_3D('',#2260,#1564,#1565);
#1395=AXIS2_PLACEMENT_3D('',#2261,#1566,#1567);
#1396=AXIS2_PLACEMENT_3D('',#2274,#1569,#1570);
#1397=AXIS2_PLACEMENT_3D('',#2312,#1571,#1572);
#1398=AXIS2_PLACEMENT_3D('',#2314,#1573,#1574);
#1399=AXIS2_PLACEMENT_3D('',#2316,#1575,#1576);
#1400=AXIS2_PLACEMENT_3D('',#2332,#1578,#1579);
#1401=AXIS2_PLACEMENT_3D('',#2336,#1581,#1582);
#1402=AXIS2_PLACEMENT_3D('',#2340,#1584,#1585);
#1403=AXIS2_PLACEMENT_3D('',#2341,#1586,#1587);
#1404=AXIS2_PLACEMENT_3D('',#2342,#1588,#1589);
#1405=AXIS2_PLACEMENT_3D('',#2345,#1590,#1591);
#1406=AXIS2_PLACEMENT_3D('',#2355,#1594,#1595);
#1407=AXIS2_PLACEMENT_3D('',#2359,#1598,#1599);
#1408=AXIS2_PLACEMENT_3D('',#2370,#1602,#1603);
#1409=AXIS2_PLACEMENT_3D('',#2371,#1604,#1605);
#1410=AXIS2_PLACEMENT_3D('',#2372,#1606,#1607);
#1411=AXIS2_PLACEMENT_3D('',#2374,#1609,#1610);
#1412=AXIS2_PLACEMENT_3D('',#2378,#1612,#1613);
#1413=AXIS2_PLACEMENT_3D('',#2382,#1615,#1616);
#1414=AXIS2_PLACEMENT_3D('',#2386,#1618,#1619);
#1415=AXIS2_PLACEMENT_3D('',#2388,#1621,#1622);
#1416=AXIS2_PLACEMENT_3D('',#2394,#1625,#1626);
#1417=AXIS2_PLACEMENT_3D('',#2398,#1629,#1630);
#1418=AXIS2_PLACEMENT_3D('',#2400,#1631,#1632);
#1419=AXIS2_PLACEMENT_3D('',#2414,#1633,#1634);
#1420=AXIS2_PLACEMENT_3D('',#2415,#1635,#1636);
#1421=AXIS2_PLACEMENT_3D('',#2431,#1637,#1638);
#1422=AXIS2_PLACEMENT_3D('',#2433,#1639,#1640);
#1423=AXIS2_PLACEMENT_3D('',#2435,#1641,#1642);
#1424=AXIS2_PLACEMENT_3D('',#2436,#1643,#1644);
#1425=AXIS2_PLACEMENT_3D('',#2481,#1645,#1646);
#1426=AXIS2_PLACEMENT_3D('',#2489,#1647,#1648);
#1427=AXIS2_PLACEMENT_3D('',#2492,#1649,#1650);
#1428=AXIS2_PLACEMENT_3D('',#2573,#1653,#1654);
#1429=AXIS2_PLACEMENT_3D('',#2576,#1656,#1657);
#1430=AXIS2_PLACEMENT_3D('',#2578,#1659,#1660);
#1431=AXIS2_PLACEMENT_3D('',#2580,#1661,#1662);
#1432=AXIS2_PLACEMENT_3D('',#2590,#1668,#1669);
#1433=AXIS2_PLACEMENT_3D('',#2592,#1670,#1671);
#1434=AXIS2_PLACEMENT_3D('',#2615,#1672,#1673);
#1435=AXIS2_PLACEMENT_3D('',#2617,#1674,#1675);
#1436=AXIS2_PLACEMENT_3D('',#2618,#1676,#1677);
#1437=AXIS2_PLACEMENT_3D('',#2620,#1678,#1679);
#1438=AXIS2_PLACEMENT_3D('',#2621,#1680,#1681);
#1439=AXIS2_PLACEMENT_3D('',#2624,#1684,#1685);
#1440=AXIS2_PLACEMENT_3D('',#2626,#1686,#1687);
#1441=AXIS2_PLACEMENT_3D('',#2628,#1689,#1690);
#1442=AXIS2_PLACEMENT_3D('',#2632,#1693,#1694);
#1443=AXIS2_PLACEMENT_3D('',#2633,#1695,#1696);
#1444=AXIS2_PLACEMENT_3D('',#2634,#1697,#1698);
#1445=AXIS2_PLACEMENT_3D('',#2636,#1700,#1701);
#1446=AXIS2_PLACEMENT_3D('',#2638,#1703,#1704);
#1447=AXIS2_PLACEMENT_3D('',#2654,#1706,#1707);
#1448=AXIS2_PLACEMENT_3D('',#2688,#1710,#1711);
#1449=AXIS2_PLACEMENT_3D('',#2697,#1712,#1713);
#1450=AXIS2_PLACEMENT_3D('',#2706,#1715,#1716);
#1451=AXIS2_PLACEMENT_3D('',#2707,#1717,#1718);
#1452=AXIS2_PLACEMENT_3D('',#2711,#1721,#1722);
#1453=AXIS2_PLACEMENT_3D('',#2717,#1726,#1727);
#1454=AXIS2_PLACEMENT_3D('',#2719,#1729,#1730);
#1455=AXIS2_PLACEMENT_3D('',#2720,#1731,#1732);
#1456=AXIS2_PLACEMENT_3D('',#2721,#1733,#1734);
#1457=AXIS2_PLACEMENT_3D('',#2722,#1735,#1736);
#1458=AXIS2_PLACEMENT_3D('',#2723,#1737,#1738);
#1459=AXIS2_PLACEMENT_3D('',#2724,#1739,#1740);
#1460=AXIS2_PLACEMENT_3D('',#2728,#1743,#1744);
#1461=AXIS2_PLACEMENT_3D('',#3239,#1745,#1746);
#1462=AXIS2_PLACEMENT_3D('',#3243,#1748,#1749);
#1463=AXIS2_PLACEMENT_3D('',#3245,#1750,#1751);
#1464=AXIS2_PLACEMENT_3D('',#3247,#1753,#1754);
#1465=AXIS2_PLACEMENT_3D('',#3259,#1758,#1759);
#1466=AXIS2_PLACEMENT_3D('',#3328,#1760,#1761);
#1467=AXIS2_PLACEMENT_3D('',#3330,#1762,#1763);
#1468=AXIS2_PLACEMENT_3D('',#3340,#1764,#1765);
#1469=AXIS2_PLACEMENT_3D('',#3341,#1766,#1767);
#1470=AXIS2_PLACEMENT_3D('',#3344,#1768,#1769);
#1471=AXIS2_PLACEMENT_3D('',#3373,#1772,#1773);
#1472=AXIS2_PLACEMENT_3D('',#3374,#1774,#1775);
#1473=AXIS2_PLACEMENT_3D('',#3375,#1776,#1777);
#1474=AXIS2_PLACEMENT_3D('',#3381,#1780,#1781);
#1475=AXIS2_PLACEMENT_3D('',#3387,#1786,#1787);
#1476=AXIS2_PLACEMENT_3D('',#3389,#1788,#1789);
#1477=AXIS2_PLACEMENT_3D('',#3393,#1791,#1792);
#1478=AXIS2_PLACEMENT_3D('',#3441,#1794,#1795);
#1479=AXIS2_PLACEMENT_3D('',#3442,#1796,#1797);
#1480=AXIS2_PLACEMENT_3D('',#3472,#1800,#1801);
#1481=AXIS2_PLACEMENT_3D('',#3489,#1802,#1803);
#1482=AXIS2_PLACEMENT_3D('',#3491,#1805,#1806);
#1483=AXIS2_PLACEMENT_3D('',#3492,#1807,#1808);
#1484=AXIS2_PLACEMENT_3D('',#3493,#1809,#1810);
#1485=AXIS2_PLACEMENT_3D('',#3494,#1811,#1812);
#1486=AXIS2_PLACEMENT_3D('',#3495,#1813,#1814);
#1487=AXIS2_PLACEMENT_3D('',#3496,#1815,#1816);
#1488=AXIS2_PLACEMENT_3D('',#3497,#1817,#1818);
#1489=AXIS2_PLACEMENT_3D('',#3500,#1820,#1821);
#1490=AXIS2_PLACEMENT_3D('',#3501,#1822,#1823);
#1491=AXIS2_PLACEMENT_3D('',#3503,#1824,#1825);
#1492=AXIS2_PLACEMENT_3D('',#3504,#1826,#1827);
#1493=AXIS2_PLACEMENT_3D('',#3505,#1828,#1829);
#1494=AXIS2_PLACEMENT_3D('',#3513,#1835,#1836);
#1495=AXIS2_PLACEMENT_3D('',#3515,#1838,#1839);
#1496=AXIS2_PLACEMENT_3D('',#3516,#1840,#1841);
#1497=AXIS2_PLACEMENT_3D('',#3517,#1842,#1843);
#1498=AXIS2_PLACEMENT_3D('',#3518,#1844,#1845);
#1499=AXIS2_PLACEMENT_3D('',#3519,#1846,#1847);
#1500=AXIS2_PLACEMENT_3D('',#3521,#1849,#1850);
#1501=AXIS2_PLACEMENT_3D('',#3522,#1851,#1852);
#1502=AXIS2_PLACEMENT_3D('',#3523,#1853,#1854);
#1503=AXIS2_PLACEMENT_3D('',#3524,#1855,#1856);
#1504=AXIS2_PLACEMENT_3D('',#3526,#1857,#1858);
#1505=AXIS2_PLACEMENT_3D('',#3527,#1859,#1860);
#1506=AXIS2_PLACEMENT_3D('',#3528,#1861,#1862);
#1507=DIRECTION('axis',(0.,0.,1.));
#1508=DIRECTION('refdir',(1.,0.,0.));
#1509=DIRECTION('axis',(0.,0.,1.));
#1510=DIRECTION('refdir',(1.,0.,0.));
#1511=DIRECTION('center_axis',(0.0299225573888742,-0.141994470494816,-0.989415085243906));
#1512=DIRECTION('ref_axis',(0.9824584214157,0.186458388877775,0.00295286411390986));
#1513=DIRECTION('center_axis',(-0.0404731487142748,-0.139354631515936,-0.989415085243908));
#1514=DIRECTION('ref_axis',(0.505727564659236,-0.856877838635098,0.0999999999994071));
#1515=DIRECTION('center_axis',(2.06481974292973E-18,2.07874387806902E-18,
-1.));
#1516=DIRECTION('ref_axis',(-1.,0.,0.));
#1517=DIRECTION('center_axis',(0.310909838007658,0.950439410288763,5.27599858406872E-16));
#1518=DIRECTION('ref_axis',(-0.950434504699163,0.310908233280359,0.00321290456463753));
#1519=DIRECTION('center_axis',(0.,0.,-1.));
#1520=DIRECTION('ref_axis',(0.0374736605890953,0.999297615709181,0.));
#1521=DIRECTION('center_axis',(-0.238853777152173,0.97105554585726,5.39044112600341E-16));
#1522=DIRECTION('ref_axis',(0.,-5.5511151231258E-16,1.));
#1523=DIRECTION('center_axis',(-2.06481974292973E-18,-2.07874387806902E-18,
1.));
#1524=DIRECTION('ref_axis',(0.0374736605890958,0.999297615709181,0.));
#1525=DIRECTION('center_axis',(0.,0.,-1.));
#1526=DIRECTION('ref_axis',(-1.,0.,0.));
#1527=DIRECTION('center_axis',(0.,0.,1.));
#1528=DIRECTION('ref_axis',(0.0374736605890953,0.999297615709181,0.));
#1529=DIRECTION('center_axis',(0.,0.,-1.));
#1530=DIRECTION('ref_axis',(0.0374736605890953,0.999297615709181,0.));
#1531=DIRECTION('center_axis',(0.,0.,1.));
#1532=DIRECTION('ref_axis',(1.,0.,0.));
#1533=DIRECTION('center_axis',(0.,0.,1.));
#1534=DIRECTION('ref_axis',(1.,0.,0.));
#1535=DIRECTION('center_axis',(0.,0.,1.));
#1536=DIRECTION('ref_axis',(1.,0.,0.));
#1537=DIRECTION('center_axis',(0.,0.,1.));
#1538=DIRECTION('ref_axis',(1.,-6.12323399573677E-17,0.));
#1539=DIRECTION('center_axis',(0.,0.,-1.));
#1540=DIRECTION('ref_axis',(1.,-6.12323399573677E-17,0.));
#1541=DIRECTION('center_axis',(-1.83697019872103E-16,-1.,0.));
#1542=DIRECTION('ref_axis',(-1.,1.83697019872103E-16,0.));
#1543=DIRECTION('center_axis',(0.,0.,-1.));
#1544=DIRECTION('ref_axis',(0.,1.,0.));
#1545=DIRECTION('center_axis',(0.,0.,-1.));
#1546=DIRECTION('ref_axis',(0.,1.,0.));
#1547=DIRECTION('center_axis',(0.,0.,-1.));
#1548=DIRECTION('ref_axis',(1.,0.,0.));
#1549=DIRECTION('',(0.,0.,1.));
#1550=DIRECTION('center_axis',(0.,0.,-1.));
#1551=DIRECTION('ref_axis',(0.,1.,0.));
#1552=DIRECTION('center_axis',(0.,0.,1.));
#1553=DIRECTION('ref_axis',(0.,1.,0.));
#1554=DIRECTION('center_axis',(0.,0.,1.));
#1555=DIRECTION('ref_axis',(0.,1.,0.));
#1556=DIRECTION('center_axis',(-1.,-1.22464679914735E-16,0.));
#1557=DIRECTION('ref_axis',(1.22464679914735E-16,-1.,0.));
#1558=DIRECTION('center_axis',(6.12323399573677E-17,0.,1.));
#1559=DIRECTION('ref_axis',(1.,0.,0.));
#1560=DIRECTION('center_axis',(-1.22464679914735E-16,1.,0.));
#1561=DIRECTION('ref_axis',(-1.,-1.22464679914735E-16,0.));
#1562=DIRECTION('center_axis',(-0.999628193115162,0.0198333883054469,-0.0187112863705996));
#1563=DIRECTION('ref_axis',(0.0272667476849956,0.727113271599865,-0.685975812061929));
#1564=DIRECTION('axis',(0.,0.,1.));
#1565=DIRECTION('refdir',(1.,0.,0.));
#1566=DIRECTION('center_axis',(1.,0.,0.));
#1567=DIRECTION('ref_axis',(0.,0.709441349339229,0.704764479700655));
#1568=DIRECTION('',(1.,0.,0.));
#1569=DIRECTION('center_axis',(1.,-8.50544310961505E-17,8.56188586430506E-17));
#1570=DIRECTION('ref_axis',(0.,-0.709441349339229,-0.704764479700655));
#1571=DIRECTION('center_axis',(-1.,0.,0.));
#1572=DIRECTION('ref_axis',(0.,0.642787609686538,0.766044443118979));
#1573=DIRECTION('center_axis',(-0.461748613235034,0.,-0.887010833178222));
#1574=DIRECTION('ref_axis',(0.887010833178222,0.,-0.461748613235034));
#1575=DIRECTION('center_axis',(0.887010833178222,0.,-0.461748613235034));
#1576=DIRECTION('ref_axis',(0.461748613235034,0.,0.887010833178222));
#1577=DIRECTION('',(-1.,0.,0.));
#1578=DIRECTION('center_axis',(0.144533690325338,0.,-0.989499879919619));
#1579=DIRECTION('ref_axis',(0.989499879919619,0.,0.144533690325338));
#1580=DIRECTION('',(1.,0.,0.));
#1581=DIRECTION('center_axis',(0.819152044288992,0.,-0.573576436351046));
#1582=DIRECTION('ref_axis',(0.573576436351046,7.57867883532004E-17,0.819152044288992));
#1583=DIRECTION('',(1.,0.,0.));
#1584=DIRECTION('center_axis',(-0.819152044288992,0.,-0.573576436351046));
#1585=DIRECTION('ref_axis',(-0.573576436351046,7.57867883532004E-17,0.819152044288992));
#1586=DIRECTION('center_axis',(0.887010833178222,0.,-0.461748613235034));
#1587=DIRECTION('ref_axis',(0.461748613235034,0.,0.887010833178222));
#1588=DIRECTION('center_axis',(0.,-1.,0.));
#1589=DIRECTION('ref_axis',(0.775709499950719,0.,0.631090145451666));
#1590=DIRECTION('center_axis',(0.707106781186547,-0.707106781186548,0.));
#1591=DIRECTION('ref_axis',(0.707106781186548,0.707106781186547,4.9065389333868E-17));
#1592=DIRECTION('',(0.,-1.,0.));
#1593=DIRECTION('',(0.,1.,0.));
#1594=DIRECTION('center_axis',(0.,0.,1.));
#1595=DIRECTION('ref_axis',(1.,0.,0.));
#1596=DIRECTION('',(1.,0.,0.));
#1597=DIRECTION('',(0.,1.,0.));
#1598=DIRECTION('center_axis',(1.,0.,0.));
#1599=DIRECTION('ref_axis',(0.,0.707106781186547,0.707106781186548));
#1600=DIRECTION('',(1.,0.,0.));
#1601=DIRECTION('',(-1.,0.,0.));
#1602=DIRECTION('center_axis',(0.144533690325338,0.,-0.989499879919619));
#1603=DIRECTION('ref_axis',(0.989499879919618,1.0029039427077E-17,0.144533690325338));
#1604=DIRECTION('center_axis',(-0.707106781186541,-0.707106781186554,0.));
#1605=DIRECTION('ref_axis',(0.707106781186554,-0.707106781186541,0.));
#1606=DIRECTION('center_axis',(0.,1.,0.));
#1607=DIRECTION('ref_axis',(-0.0724572980464416,0.,0.99737151551456));
#1608=DIRECTION('',(0.,-1.,0.));
#1609=DIRECTION('center_axis',(0.144533690325338,0.,-0.989499879919619));
#1610=DIRECTION('ref_axis',(-0.989499879919618,0.,-0.144533690325338));
#1611=DIRECTION('',(0.989499879919618,0.,0.144533690325338));
#1612=DIRECTION('center_axis',(0.144533690325338,0.,-0.989499879919619));
#1613=DIRECTION('ref_axis',(-0.989499879919618,1.30454659009132E-15,-0.144533690325338));
#1614=DIRECTION('',(0.,1.,0.));
#1615=DIRECTION('center_axis',(0.144533690325338,0.,-0.989499879919619));
#1616=DIRECTION('ref_axis',(-0.989499879919618,-1.30454659009132E-15,-0.144533690325338));
#1617=DIRECTION('',(-0.989499879919618,0.,-0.144533690325338));
#1618=DIRECTION('center_axis',(0.144533690325338,0.,-0.989499879919619));
#1619=DIRECTION('ref_axis',(0.989499879919619,0.,0.144533690325338));
#1620=DIRECTION('',(0.,-1.,0.));
#1621=DIRECTION('center_axis',(0.,1.,0.));
#1622=DIRECTION('ref_axis',(-1.,0.,0.));
#1623=DIRECTION('',(0.,0.,1.));
#1624=DIRECTION('',(1.,0.,0.));
#1625=DIRECTION('center_axis',(0.,-1.,0.));
#1626=DIRECTION('ref_axis',(0.,0.,-1.));
#1627=DIRECTION('',(-1.,0.,0.));
#1628=DIRECTION('',(0.,0.,-1.));
#1629=DIRECTION('center_axis',(0.,0.,1.));
#1630=DIRECTION('ref_axis',(0.707106781186547,0.707106781186547,0.));
#1631=DIRECTION('center_axis',(0.,0.,-1.));
#1632=DIRECTION('ref_axis',(0.707106781186547,0.707106781186547,0.));
#1633=DIRECTION('center_axis',(0.,0.707106781186548,0.707106781186548));
#1634=DIRECTION('ref_axis',(0.,0.707106781186547,-0.707106781186547));
#1635=DIRECTION('center_axis',(0.,0.,1.));
#1636=DIRECTION('ref_axis',(-0.976538179749839,0.215344337029958,0.));
#1637=DIRECTION('center_axis',(0.,0.,1.));
#1638=DIRECTION('ref_axis',(-0.98075968144862,0.195218972553391,0.));
#1639=DIRECTION('center_axis',(0.,0.,1.));
#1640=DIRECTION('ref_axis',(-0.98075968144862,0.195218972553391,0.));
#1641=DIRECTION('center_axis',(-0.306572307917053,0.951847372228558,0.));
#1642=DIRECTION('ref_axis',(0.550093606635371,0.177174903747201,-0.816091954022989));
#1643=DIRECTION('center_axis',(0.,0.,-1.));
#1644=DIRECTION('ref_axis',(-0.98075968144862,0.195218972553391,0.));
#1645=DIRECTION('center_axis',(1.,2.53765262771464E-15,0.));
#1646=DIRECTION('ref_axis',(2.53765262771464E-15,-1.,-6.34413156928661E-16));
#1647=DIRECTION('center_axis',(-1.,0.,0.));
#1648=DIRECTION('ref_axis',(0.,-0.707106781186548,-0.707106781186548));
#1649=DIRECTION('center_axis',(1.,0.,0.));
#1650=DIRECTION('ref_axis',(0.,-1.,0.));
#1651=DIRECTION('',(1.,0.,0.));
#1652=DIRECTION('',(-1.,0.,0.));
#1653=DIRECTION('center_axis',(0.,0.,1.));
#1654=DIRECTION('ref_axis',(-0.707106781186549,-0.707106781186546,0.));
#1655=DIRECTION('',(0.,0.,1.));
#1656=DIRECTION('center_axis',(0.,0.707106781186548,0.707106781186547));
#1657=DIRECTION('ref_axis',(-4.9065389333868E-17,-0.707106781186547,0.707106781186548));
#1658=DIRECTION('',(0.,0.,-1.));
#1659=DIRECTION('center_axis',(0.,-1.,0.));
#1660=DIRECTION('ref_axis',(1.,0.,0.));
#1661=DIRECTION('center_axis',(0.,-1.,0.));
#1662=DIRECTION('ref_axis',(0.,0.,1.));
#1663=DIRECTION('',(1.,0.,0.));
#1664=DIRECTION('',(0.,0.,-1.));
#1665=DIRECTION('',(1.,0.,0.));
#1666=DIRECTION('',(0.573576436351046,0.,-0.819152044288992));
#1667=DIRECTION('',(-1.,0.,0.));
#1668=DIRECTION('center_axis',(0.,1.,0.));
#1669=DIRECTION('ref_axis',(0.,0.,1.));
#1670=DIRECTION('center_axis',(0.,1.,0.));
#1671=DIRECTION('ref_axis',(0.,0.,1.));
#1672=DIRECTION('center_axis',(8.88178419700125E-17,0.,1.));
#1673=DIRECTION('ref_axis',(1.,0.,0.));
#1674=DIRECTION('center_axis',(0.,-1.,0.));
#1675=DIRECTION('ref_axis',(0.,0.,-1.));
#1676=DIRECTION('center_axis',(0.,0.,1.));
#1677=DIRECTION('ref_axis',(0.,-1.,0.));
#1678=DIRECTION('center_axis',(-1.22464679914735E-16,1.,0.));
#1679=DIRECTION('ref_axis',(-1.,-1.22464679914735E-16,0.));
#1680=DIRECTION('center_axis',(0.,1.,0.));
#1681=DIRECTION('ref_axis',(-1.22464679914735E-16,0.,1.));
#1682=DIRECTION('',(0.,1.,0.));
#1683=DIRECTION('',(0.,1.,0.));
#1684=DIRECTION('center_axis',(0.,-1.,0.));
#1685=DIRECTION('ref_axis',(-0.917379083448324,0.,0.398014594269498));
#1686=DIRECTION('center_axis',(0.,-0.707106781186548,0.707106781186547));
#1687=DIRECTION('ref_axis',(-4.9065389333868E-17,0.707106781186547,0.707106781186548));
#1688=DIRECTION('',(0.,-1.,0.));
#1689=DIRECTION('center_axis',(-1.,0.,0.));
#1690=DIRECTION('ref_axis',(0.,0.,1.));
#1691=DIRECTION('',(0.,0.,1.));
#1692=DIRECTION('',(0.,1.,0.));
#1693=DIRECTION('center_axis',(0.,0.,1.));
#1694=DIRECTION('ref_axis',(-0.707106781186549,0.707106781186546,0.));
#1695=DIRECTION('center_axis',(0.,-0.707106781186548,-0.707106781186547));
#1696=DIRECTION('ref_axis',(0.,-0.707106781186547,0.707106781186548));
#1697=DIRECTION('center_axis',(0.,1.,0.));
#1698=DIRECTION('ref_axis',(-0.707106781186549,0.,-0.707106781186546));
#1699=DIRECTION('',(0.,-1.,0.));
#1700=DIRECTION('center_axis',(0.,0.,-1.));
#1701=DIRECTION('ref_axis',(-1.,0.,0.));
#1702=DIRECTION('',(0.,1.,0.));
#1703=DIRECTION('center_axis',(0.,-1.,0.));
#1704=DIRECTION('ref_axis',(0.8,0.,0.6));
#1705=DIRECTION('',(0.,-1.,0.));
#1706=DIRECTION('center_axis',(0.,1.,0.));
#1707=DIRECTION('ref_axis',(0.8,0.,0.6));
#1708=DIRECTION('',(0.,-1.,0.));
#1709=DIRECTION('',(0.,-1.,0.));
#1710=DIRECTION('center_axis',(0.,0.,-1.));
#1711=DIRECTION('ref_axis',(0.707106781186547,-0.707106781186547,0.));
#1712=DIRECTION('center_axis',(0.,0.,-1.));
#1713=DIRECTION('ref_axis',(1.,0.,0.));
#1714=DIRECTION('',(1.,0.,0.));
#1715=DIRECTION('center_axis',(-1.,0.,0.));
#1716=DIRECTION('ref_axis',(0.,-5.30664805016147E-17,1.));
#1717=DIRECTION('center_axis',(0.,-1.,0.));
#1718=DIRECTION('ref_axis',(0.,0.,-1.));
#1719=DIRECTION('',(1.,0.,0.));
#1720=DIRECTION('',(0.,0.,1.));
#1721=DIRECTION('center_axis',(0.,0.,1.));
#1722=DIRECTION('ref_axis',(1.,0.,0.));
#1723=DIRECTION('',(1.,0.,0.));
#1724=DIRECTION('',(0.,1.,0.));
#1725=DIRECTION('',(-1.,0.,0.));
#1726=DIRECTION('center_axis',(-1.,0.,0.));
#1727=DIRECTION('ref_axis',(0.,0.707106781186547,0.707106781186548));
#1728=DIRECTION('',(-1.,0.,0.));
#1729=DIRECTION('center_axis',(0.887010833178221,0.,-0.461748613235035));
#1730=DIRECTION('ref_axis',(0.461748613235035,0.,0.887010833178221));
#1731=DIRECTION('center_axis',(0.,1.,0.));
#1732=DIRECTION('ref_axis',(0.707106781186547,0.,-0.707106781186547));
#1733=DIRECTION('center_axis',(0.,0.707106781186548,-0.707106781186548));
#1734=DIRECTION('ref_axis',(0.,-0.707106781186547,-0.707106781186547));
#1735=DIRECTION('center_axis',(0.,0.,-1.));
#1736=DIRECTION('ref_axis',(0.707106781186547,-0.707106781186547,0.));
#1737=DIRECTION('center_axis',(0.,0.,1.));
#1738=DIRECTION('ref_axis',(1.,0.,0.));
#1739=DIRECTION('center_axis',(0.,0.,1.));
#1740=DIRECTION('ref_axis',(0.,1.,0.));
#1741=DIRECTION('',(-1.,0.,0.));
#1742=DIRECTION('',(0.,-1.,0.));
#1743=DIRECTION('center_axis',(0.,0.,-1.));
#1744=DIRECTION('ref_axis',(-1.,0.,0.));
#1745=DIRECTION('center_axis',(-1.,0.,0.));
#1746=DIRECTION('ref_axis',(0.,1.,0.));
#1747=DIRECTION('',(0.,0.,-1.));
#1748=DIRECTION('center_axis',(-1.,0.,0.));
#1749=DIRECTION('ref_axis',(0.,0.,-1.));
#1750=DIRECTION('center_axis',(-1.,0.,0.));
#1751=DIRECTION('ref_axis',(0.,0.,-1.));
#1752=DIRECTION('',(0.,0.,-1.));
#1753=DIRECTION('center_axis',(0.,-1.,0.));
#1754=DIRECTION('ref_axis',(-1.,0.,0.));
#1755=DIRECTION('',(0.,0.,-1.));
#1756=DIRECTION('',(-1.,0.,0.));
#1757=DIRECTION('',(0.,0.,-1.));
#1758=DIRECTION('center_axis',(0.,-1.,0.));
#1759=DIRECTION('ref_axis',(0.,0.,1.));
#1760=DIRECTION('center_axis',(0.,1.,0.));
#1761=DIRECTION('ref_axis',(-0.819152044288992,0.,-0.573576436351046));
#1762=DIRECTION('center_axis',(-0.943827814196333,0.,-0.330437675136133));
#1763=DIRECTION('ref_axis',(0.330437675136133,0.,-0.943827814196333));
#1764=DIRECTION('center_axis',(0.819152044288992,0.,0.573576436351046));
#1765=DIRECTION('ref_axis',(0.573576436351046,0.,-0.819152044288992));
#1766=DIRECTION('center_axis',(0.,-1.,0.));
#1767=DIRECTION('ref_axis',(-0.953716950748227,0.,-0.300705799504273));
#1768=DIRECTION('center_axis',(0.,1.,0.));
#1769=DIRECTION('ref_axis',(-0.819152044288992,0.,-0.573576436351046));
#1770=DIRECTION('',(0.,-1.,0.));
#1771=DIRECTION('',(0.,1.,0.));
#1772=DIRECTION('center_axis',(-0.943827814196333,0.,-0.330437675136133));
#1773=DIRECTION('ref_axis',(0.330437675136133,0.,-0.943827814196333));
#1774=DIRECTION('center_axis',(0.819152044288992,0.,0.573576436351046));
#1775=DIRECTION('ref_axis',(0.573576436351046,0.,-0.819152044288992));
#1776=DIRECTION('center_axis',(0.819152044288992,0.,0.573576436351046));
#1777=DIRECTION('ref_axis',(0.,-1.,0.));
#1778=DIRECTION('',(0.497542812164523,-0.497542812164523,-0.71056477546163));
#1779=DIRECTION('',(0.0609137826452576,0.994344795793682,-0.086993897267947));
#1780=DIRECTION('center_axis',(-0.819152044288992,0.,-0.573576436351046));
#1781=DIRECTION('ref_axis',(-0.573576436351046,0.,0.819152044288992));
#1782=DIRECTION('',(-0.573576436351046,0.,0.819152044288992));
#1783=DIRECTION('',(0.573576436351046,0.,-0.819152044288992));
#1784=DIRECTION('',(0.120700811869191,-0.97760775571917,-0.17237862388314));
#1785=DIRECTION('',(0.497542812164523,0.497542812164523,-0.71056477546163));
#1786=DIRECTION('center_axis',(0.,0.,-1.));
#1787=DIRECTION('ref_axis',(0.707106781186548,0.707106781186548,0.));
#1788=DIRECTION('center_axis',(0.,-0.819152044288992,-0.573576436351046));
#1789=DIRECTION('ref_axis',(0.,0.573576436351046,-0.819152044288992));
#1790=DIRECTION('',(0.,0.,1.));
#1791=DIRECTION('center_axis',(0.,0.,-1.));
#1792=DIRECTION('ref_axis',(0.,1.,0.));
#1793=DIRECTION('',(0.,0.,-1.));
#1794=DIRECTION('center_axis',(0.,1.,0.));
#1795=DIRECTION('ref_axis',(1.,0.,0.));
#1796=DIRECTION('center_axis',(0.,1.,0.));
#1797=DIRECTION('ref_axis',(0.,0.,-1.));
#1798=DIRECTION('',(1.,0.,0.));
#1799=DIRECTION('',(0.,0.,-1.));
#1800=DIRECTION('center_axis',(-2.96059473233375E-15,0.,1.));
#1801=DIRECTION('ref_axis',(0.,-1.,0.));
#1802=DIRECTION('center_axis',(0.,0.,-1.));
#1803=DIRECTION('ref_axis',(0.707106781186548,-0.707106781186548,0.));
#1804=DIRECTION('',(0.,0.,1.));
#1805=DIRECTION('center_axis',(0.,-0.819152044288992,0.573576436351046));
#1806=DIRECTION('ref_axis',(0.,-0.573576436351046,-0.819152044288992));
#1807=DIRECTION('center_axis',(1.,0.,0.));
#1808=DIRECTION('ref_axis',(0.,0.,-1.));
#1809=DIRECTION('center_axis',(-1.,0.,0.));
#1810=DIRECTION('ref_axis',(0.,-1.22464679914735E-16,-1.));
#1811=DIRECTION('center_axis',(1.,0.,0.));
#1812=DIRECTION('ref_axis',(0.,-1.22464679914735E-16,-1.));
#1813=DIRECTION('center_axis',(1.,0.,0.));
#1814=DIRECTION('ref_axis',(0.,-1.,0.));
#1815=DIRECTION('center_axis',(1.,0.,0.));
#1816=DIRECTION('ref_axis',(0.,-0.675590207615659,0.737277336810125));
#1817=DIRECTION('center_axis',(-0.887010833178223,1.98306237814552E-15,
0.461748613235031));
#1818=DIRECTION('ref_axis',(-0.461748613235031,-3.80942738508651E-15,-0.887010833178223));
#1819=DIRECTION('',(-1.,0.,0.));
#1820=DIRECTION('center_axis',(0.819152044288992,0.,-0.573576436351046));
#1821=DIRECTION('ref_axis',(0.573576436351046,0.,0.819152044288992));
#1822=DIRECTION('center_axis',(0.573576436351046,0.,-0.819152044288992));
#1823=DIRECTION('ref_axis',(0.579227965339569,-0.707106781186547,0.405579787672639));
#1824=DIRECTION('center_axis',(-0.300705799504273,0.,0.953716950748227));
#1825=DIRECTION('ref_axis',(0.953716950748227,8.82365431413315E-17,0.300705799504273));
#1826=DIRECTION('center_axis',(0.887010833178222,0.,-0.461748613235033));
#1827=DIRECTION('ref_axis',(0.461748613235034,-3.28259950028802E-16,0.887010833178222));
#1828=DIRECTION('center_axis',(-0.819152044288992,0.,0.573576436351046));
#1829=DIRECTION('ref_axis',(0.,1.,0.));
#1830=DIRECTION('',(-0.0609137826452576,0.994344795793683,-0.0869938972679471));
#1831=DIRECTION('',(-0.497542812164523,-0.497542812164523,-0.71056477546163));
#1832=DIRECTION('',(0.,1.,0.));
#1833=DIRECTION('',(-0.497542812164523,0.497542812164523,-0.71056477546163));
#1834=DIRECTION('',(-0.120700811869191,-0.97760775571917,-0.17237862388314));
#1835=DIRECTION('center_axis',(0.,0.0871557427476581,0.996194698091746));
#1836=DIRECTION('ref_axis',(-1.,0.,0.));
#1837=DIRECTION('',(1.,0.,0.));
#1838=DIRECTION('center_axis',(0.,0.,1.));
#1839=DIRECTION('ref_axis',(0.707106781186548,-0.707106781186547,0.));
#1840=DIRECTION('center_axis',(0.707106781186548,0.,-0.707106781186548));
#1841=DIRECTION('ref_axis',(-0.707106781186547,0.,-0.707106781186547));
#1842=DIRECTION('center_axis',(1.,0.,0.));
#1843=DIRECTION('ref_axis',(0.,-0.707106781186547,0.707106781186548));
#1844=DIRECTION('center_axis',(0.573576436351046,0.,-0.819152044288992));
#1845=DIRECTION('ref_axis',(0.579227965339569,0.707106781186547,0.405579787672639));
#1846=DIRECTION('center_axis',(0.,-0.17364817766693,0.984807753012208));
#1847=DIRECTION('ref_axis',(1.,0.,0.));
#1848=DIRECTION('',(-1.,0.,0.));
#1849=DIRECTION('center_axis',(0.,0.819152044288992,0.573576436351046));
#1850=DIRECTION('ref_axis',(1.,0.,0.));
#1851=DIRECTION('center_axis',(-1.,0.,0.));
#1852=DIRECTION('ref_axis',(0.,1.,0.));
#1853=DIRECTION('center_axis',(0.,-0.819152044288992,0.573576436351046));
#1854=DIRECTION('ref_axis',(-1.,0.,0.));
#1855=DIRECTION('center_axis',(6.12323399573677E-17,0.,1.));
#1856=DIRECTION('ref_axis',(1.,0.,0.));
#1857=DIRECTION('center_axis',(1.22464679914735E-16,-1.,0.));
#1858=DIRECTION('ref_axis',(-1.,-1.22464679914735E-16,0.));
#1859=DIRECTION('',(0.,0.,1.));
#1860=DIRECTION('',(1.,0.,0.));
#1861=DIRECTION('',(-7.37335295184527E-17,-4.44321452083614E-16,1.));
#1862=DIRECTION('',(1.12410081243299E-15,-0.999999999999983,-6.80011602582896E-16));
#1863=CARTESIAN_POINT('',(0.,0.,0.));
#1864=CARTESIAN_POINT('',(0.,0.,0.));
#1865=CARTESIAN_POINT('Ctrl Pts',(24.2701476201444,1.7713562081313,295.500000000024));
#1866=CARTESIAN_POINT('Ctrl Pts',(24.3615794611732,1.33747565158252,292.476727570137));
#1867=CARTESIAN_POINT('Ctrl Pts',(24.6815994189363,-0.379385729884051,286.564722863731));
#1868=CARTESIAN_POINT('Ctrl Pts',(24.8308808136167,-5.32371037963696,277.608577568689));
#1869=CARTESIAN_POINT('Ctrl Pts',(23.5698944989684,-11.176498119624,270.52703513656));
#1870=CARTESIAN_POINT('Ctrl Pts',(19.9607324034064,-17.9462826974363,263.776060556549));
#1871=CARTESIAN_POINT('Ctrl Pts',(14.994564191782,-23.0536637551799,259.421619745737));
#1872=CARTESIAN_POINT('Ctrl Pts',(8.00482411477397,-26.4280531014423,256.666220328205));
#1873=CARTESIAN_POINT('Ctrl Pts',(2.05436858154403,-27.6950045742978,255.578250563627));
#1874=CARTESIAN_POINT('Ctrl Pts',(-4.12053263244107,-27.4636481173881,255.577682758737));
#1875=CARTESIAN_POINT('Ctrl Pts',(-11.9289109749974,-25.1806691659344,257.031736866784));
#1876=CARTESIAN_POINT('Ctrl Pts',(-18.0253983207219,-20.5028865658379,260.428609272279));
#1877=CARTESIAN_POINT('Ctrl Pts',(-22.3348575842773,-14.3118037745841,265.711702665723));
#1878=CARTESIAN_POINT('Ctrl Pts',(-24.4820844558206,-8.6670578125037,271.286988517007));
#1879=CARTESIAN_POINT('Ctrl Pts',(-25.1021784897271,-2.96079482840656,278.501736623425));
#1880=CARTESIAN_POINT('Ctrl Pts',(-24.6441712206216,1.4724301401315,286.566246918716));
#1881=CARTESIAN_POINT('Ctrl Pts',(-24.1929889255047,3.15827196610376,292.476727570282));
#1882=CARTESIAN_POINT('Ctrl Pts',(-24.0693185302605,3.58408618877157,295.500000000023));
#1883=CARTESIAN_POINT('Ctrl Pts',(25.009604552686,1.26815615151073,295.594579180682));
#1884=CARTESIAN_POINT('Ctrl Pts',(25.0939231877402,0.846210357726676,292.627281879699));
#1885=CARTESIAN_POINT('Ctrl Pts',(25.3876007248806,-0.827348495267598,286.797136873128));
#1886=CARTESIAN_POINT('Ctrl Pts',(25.4844987313336,-5.71669850649962,277.848624389874));
#1887=CARTESIAN_POINT('Ctrl Pts',(24.1626452201402,-11.5709396651158,270.697643544687));
#1888=CARTESIAN_POINT('Ctrl Pts',(20.4491574764535,-18.3793887222447,263.847778576255));
#1889=CARTESIAN_POINT('Ctrl Pts',(15.3592511040135,-23.5363057133184,259.41120474158));
#1890=CARTESIAN_POINT('Ctrl Pts',(8.20139663091832,-26.9484544897306,256.599202243524));
#1891=CARTESIAN_POINT('Ctrl Pts',(2.10846940970125,-28.2293034655651,255.487927931918));
#1892=CARTESIAN_POINT('Ctrl Pts',(-4.21442660531042,-27.9924061827992,255.487399993952));
#1893=CARTESIAN_POINT('Ctrl Pts',(-12.2113932763033,-25.6766153194568,256.972417934009));
#1894=CARTESIAN_POINT('Ctrl Pts',(-18.4591778462901,-20.9401215156581,260.438875971318));
#1895=CARTESIAN_POINT('Ctrl Pts',(-22.8873448631561,-14.6915777159149,265.813361826774));
#1896=CARTESIAN_POINT('Ctrl Pts',(-25.1099897335081,-9.0133516469284,271.467502682404));
#1897=CARTESIAN_POINT('Ctrl Pts',(-25.7888794462173,-3.3089997132938,278.741144715152));
#1898=CARTESIAN_POINT('Ctrl Pts',(-25.3818385049119,1.07874462185626,286.798576817045));
#1899=CARTESIAN_POINT('Ctrl Pts',(-24.9600689844129,2.72323506420268,292.627281879841));
#1900=CARTESIAN_POINT('Ctrl Pts',(-24.8443856675754,3.13768078477062,295.594579180682));
#1901=CARTESIAN_POINT('Ctrl Pts',(26.8446516366612,0.778951805502132,295.720283362488));
#1902=CARTESIAN_POINT('Ctrl Pts',(26.9102954383426,0.36655039307737,292.823029074065));
#1903=CARTESIAN_POINT('Ctrl Pts',(27.1351256657657,-1.27477983531059,287.082316109297));
#1904=CARTESIAN_POINT('Ctrl Pts',(27.0767979598208,-6.18123382636473,278.075714762638));
#1905=CARTESIAN_POINT('Ctrl Pts',(25.5713623457359,-12.1470693776525,270.76706016224));
#1906=CARTESIAN_POINT('Ctrl Pts',(21.5762501105742,-19.1260386602901,263.726689328134));
#1907=CARTESIAN_POINT('Ctrl Pts',(16.1832800049603,-24.4315808085862,259.146488830162));
#1908=CARTESIAN_POINT('Ctrl Pts',(8.64189389009169,-27.9448198599909,256.239756917295));
#1909=CARTESIAN_POINT('Ctrl Pts',(2.23282252677177,-29.2620641798116,255.090101206748));
#1910=CARTESIAN_POINT('Ctrl Pts',(-4.41569782817124,-29.0129443531212,255.089643421449));
#1911=CARTESIAN_POINT('Ctrl Pts',(-12.8303682475852,-26.6171034345698,256.62559646094));
#1912=CARTESIAN_POINT('Ctrl Pts',(-19.4282389031035,-21.7266962371755,260.209223883748));
#1913=CARTESIAN_POINT('Ctrl Pts',(-24.1534350584418,-15.292913808572,265.74862992506));
#1914=CARTESIAN_POINT('Ctrl Pts',(-26.5786880813283,-9.46504953962531,271.557339724855));
#1915=CARTESIAN_POINT('Ctrl Pts',(-27.4266992915085,-3.65025145420687,278.974268813577));
#1916=CARTESIAN_POINT('Ctrl Pts',(-27.1580222770168,0.763544552566018,287.083581447889));
#1917=CARTESIAN_POINT('Ctrl Pts',(-26.8072638411203,2.38095886607708,292.823029074205));
#1918=CARTESIAN_POINT('Ctrl Pts',(-26.710917731824,2.78728565682042,295.720283362488));
#1919=CARTESIAN_POINT('Ctrl Pts',(29.4679028461271,1.90759266992949,295.637642236147));
#1920=CARTESIAN_POINT('Ctrl Pts',(29.5224247321591,1.45670118502552,292.676703714416));
#1921=CARTESIAN_POINT('Ctrl Pts',(29.7031407282359,-0.336914109063168,286.799755538827));
#1922=CARTESIAN_POINT('Ctrl Pts',(29.4982493012587,-5.67409471626642,277.547557831404));
#1923=CARTESIAN_POINT('Ctrl Pts',(27.7481235291643,-12.1202901945382,270.033392253335));
#1924=CARTESIAN_POINT('Ctrl Pts',(23.3324708852173,-19.6229820257866,262.800063143566));
#1925=CARTESIAN_POINT('Ctrl Pts',(17.4695015458811,-25.3019580123351,258.09860477212));
#1926=CARTESIAN_POINT('Ctrl Pts',(9.33506035700378,-29.0524157144835,255.117055360639));
#1927=CARTESIAN_POINT('Ctrl Pts',(2.43862495860348,-30.456232901242,253.938125200226));
#1928=CARTESIAN_POINT('Ctrl Pts',(-4.71021513863725,-30.1883150855575,253.937670075907));
#1929=CARTESIAN_POINT('Ctrl Pts',(-13.7655533576771,-27.6286399112013,255.512665728465));
#1930=CARTESIAN_POINT('Ctrl Pts',(-20.8993644526707,-22.3990430457308,259.188972799533));
#1931=CARTESIAN_POINT('Ctrl Pts',(-26.0663056355191,-15.4939399878297,264.877035451265));
#1932=CARTESIAN_POINT('Ctrl Pts',(-28.774421726365,-9.21682194437593,270.845940010934));
#1933=CARTESIAN_POINT('Ctrl Pts',(-29.8143756146366,-2.91916892359196,278.47069956907));
#1934=CARTESIAN_POINT('Ctrl Pts',(-29.6488276356536,1.89111519300081,286.800992356149));
#1935=CARTESIAN_POINT('Ctrl Pts',(-29.3304103439521,3.66368250040141,292.676703714559));
#1936=CARTESIAN_POINT('Ctrl Pts',(-29.2422722122065,4.1092242346171,295.637642236147));
#1937=CARTESIAN_POINT('Ctrl Pts',(30.5844600909547,3.99138934755311,295.372356855384));
#1938=CARTESIAN_POINT('Ctrl Pts',(30.6612987210627,3.48420332486718,292.240283574486));
#1939=CARTESIAN_POINT('Ctrl Pts',(30.9246356953257,1.47382764864569,286.069822819933));
#1940=CARTESIAN_POINT('Ctrl Pts',(30.8418487345738,-4.38343790746048,276.540158316308));
#1941=CARTESIAN_POINT('Ctrl Pts',(29.0899432742194,-11.3526474202169,268.903667065039));
#1942=CARTESIAN_POINT('Ctrl Pts',(24.5135094679952,-19.4130044165435,261.589133978856));
#1943=CARTESIAN_POINT('Ctrl Pts',(18.3798462165019,-25.4878731047242,256.85374966517));
#1944=CARTESIAN_POINT('Ctrl Pts',(9.84282908747722,-29.4943358095282,253.854322287359));
#1945=CARTESIAN_POINT('Ctrl Pts',(2.59929397619948,-30.9949076218294,252.669208031539));
#1946=CARTESIAN_POINT('Ctrl Pts',(-4.91065501248776,-30.7134660392807,252.668672442872));
#1947=CARTESIAN_POINT('Ctrl Pts',(-14.419292891712,-27.9902011102474,254.25223189555));
#1948=CARTESIAN_POINT('Ctrl Pts',(-21.8949408204481,-22.4151435669277,257.950334028129));
#1949=CARTESIAN_POINT('Ctrl Pts',(-27.2752220351737,-15.0292698522702,263.687832198558));
#1950=CARTESIAN_POINT('Ctrl Pts',(-30.0548261842774,-8.2906335678108,269.726298020747));
#1951=CARTESIAN_POINT('Ctrl Pts',(-31.0411171736747,-1.4807250718224,277.490761665775));
#1952=CARTESIAN_POINT('Ctrl Pts',(-30.7314799516368,3.78832542712849,286.071259679417));
#1953=CARTESIAN_POINT('Ctrl Pts',(-30.3142366251114,5.77078590037311,292.240283574637));
#1954=CARTESIAN_POINT('Ctrl Pts',(-30.1996282656366,6.27079266092537,295.372356855384));
#1955=CARTESIAN_POINT('Ctrl Pts',(30.5566883392392,5.34638624603388,295.177056549337));
#1956=CARTESIAN_POINT('Ctrl Pts',(30.66004647699,4.81145856167285,291.922037879729));
#1957=CARTESIAN_POINT('Ctrl Pts',(31.0222738492202,2.69461355883143,285.545579889524));
#1958=CARTESIAN_POINT('Ctrl Pts',(31.1354450846273,-3.41498545255925,275.840418485394));
#1959=CARTESIAN_POINT('Ctrl Pts',(29.509297292817,-10.6535167564557,268.141354371649));
#1960=CARTESIAN_POINT('Ctrl Pts',(24.9735836103316,-19.0250811363952,260.793063617281));
#1961=CARTESIAN_POINT('Ctrl Pts',(18.7760278708902,-25.3392917812808,256.04898911315));
#1962=CARTESIAN_POINT('Ctrl Pts',(10.0781442220089,-29.5095143828593,253.046314192093));
#1963=CARTESIAN_POINT('Ctrl Pts',(2.67949616333527,-31.0743795698639,251.860505350689));
#1964=CARTESIAN_POINT('Ctrl Pts',(-4.99645326357625,-30.7867726901529,251.859907692829));
#1965=CARTESIAN_POINT('Ctrl Pts',(-14.7060336096689,-27.9621053315465,253.444636815735));
#1966=CARTESIAN_POINT('Ctrl Pts',(-22.2999721913163,-22.175954270227,257.146468519508));
#1967=CARTESIAN_POINT('Ctrl Pts',(-27.6928718727502,-14.5163205245798,262.900320296201));
#1968=CARTESIAN_POINT('Ctrl Pts',(-30.4065684395552,-7.53131700583835,268.968366193515));
#1969=CARTESIAN_POINT('Ctrl Pts',(-31.2395718112406,-0.469601639038898,
276.808327878124));
#1970=CARTESIAN_POINT('Ctrl Pts',(-30.7376583335056,5.01318171903478,285.547190390101));
#1971=CARTESIAN_POINT('Ctrl Pts',(-30.2135835426425,7.09421968743475,291.922037879885));
#1972=CARTESIAN_POINT('Ctrl Pts',(-30.070452454046,7.61990402578216,295.177056549337));
#1973=CARTESIAN_POINT('Ctrl Pts',(30.4739124827639,5.78356956434931,295.111811456481));
#1974=CARTESIAN_POINT('Ctrl Pts',(30.5868083660859,5.2409100164369,291.8159990098));
#1975=CARTESIAN_POINT('Ctrl Pts',(30.985458732764,3.09460952336109,285.371042708942));
#1976=CARTESIAN_POINT('Ctrl Pts',(31.1738020992514,-3.08555362820081,275.607524593314));
#1977=CARTESIAN_POINT('Ctrl Pts',(29.6020989362079,-10.4032293178245,267.887599832717));
#1978=CARTESIAN_POINT('Ctrl Pts',(25.095223434616,-18.870989172485,260.52804274217));
#1979=CARTESIAN_POINT('Ctrl Pts',(18.8885926601196,-25.2625515226488,255.781060604293));
#1980=CARTESIAN_POINT('Ctrl Pts',(10.1472822913587,-29.4871119202281,252.777269213843));
#1981=CARTESIAN_POINT('Ctrl Pts',(2.70393414971803,-31.0736514836091,251.591221851303));
#1982=CARTESIAN_POINT('Ctrl Pts',(-5.02073970749401,-30.7842456959763,251.590602860302));
#1983=CARTESIAN_POINT('Ctrl Pts',(-14.7880334335832,-27.9261236661466,253.175736102043));
#1984=CARTESIAN_POINT('Ctrl Pts',(-22.4103989867695,-22.0710040607331,256.87882757443));
#1985=CARTESIAN_POINT('Ctrl Pts',(-27.7943498716188,-14.325329377119,262.638177870143));
#1986=CARTESIAN_POINT('Ctrl Pts',(-30.474146452648,-7.26572733028674,268.716061001288));
#1987=CARTESIAN_POINT('Ctrl Pts',(-31.2450676656848,-0.131876088088135,
276.581199575549));
#1988=CARTESIAN_POINT('Ctrl Pts',(-30.6710095360983,5.40937088240745,285.372704153455));
#1989=CARTESIAN_POINT('Ctrl Pts',(-30.1083874956651,7.51697986127859,291.815999009959));
#1990=CARTESIAN_POINT('Ctrl Pts',(-29.9551663732963,8.04966002145165,295.111811456481));
#1991=CARTESIAN_POINT('',(30.4739124827639,5.78356956434928,295.111811456481));
#1992=CARTESIAN_POINT('',(24.2701476201437,1.77135620813453,295.500000000023));
#1993=CARTESIAN_POINT('Origin',(26.5440787971011,5.03773600883819,295.100000000026));
#1994=CARTESIAN_POINT('',(-24.0693185302596,3.58408618877474,295.500000000023));
#1995=CARTESIAN_POINT('Ctrl Pts',(24.2701476201444,1.7713562081313,295.500000000024));
#1996=CARTESIAN_POINT('Ctrl Pts',(24.3615794611732,1.33747565158252,292.476727570137));
#1997=CARTESIAN_POINT('Ctrl Pts',(24.6815994189363,-0.379385729884051,286.564722863731));
#1998=CARTESIAN_POINT('Ctrl Pts',(24.8308808136167,-5.32371037963696,277.608577568689));
#1999=CARTESIAN_POINT('Ctrl Pts',(23.5698944989684,-11.176498119624,270.52703513656));
#2000=CARTESIAN_POINT('Ctrl Pts',(19.9607324034064,-17.9462826974363,263.776060556549));
#2001=CARTESIAN_POINT('Ctrl Pts',(14.994564191782,-23.0536637551799,259.421619745737));
#2002=CARTESIAN_POINT('Ctrl Pts',(8.00482411477397,-26.4280531014423,256.666220328205));
#2003=CARTESIAN_POINT('Ctrl Pts',(2.05436858154403,-27.6950045742978,255.578250563627));
#2004=CARTESIAN_POINT('Ctrl Pts',(-4.12053263244107,-27.4636481173881,255.577682758737));
#2005=CARTESIAN_POINT('Ctrl Pts',(-11.9289109749974,-25.1806691659344,257.031736866784));
#2006=CARTESIAN_POINT('Ctrl Pts',(-18.0253983207219,-20.5028865658379,260.428609272279));
#2007=CARTESIAN_POINT('Ctrl Pts',(-22.3348575842773,-14.3118037745841,265.711702665723));
#2008=CARTESIAN_POINT('Ctrl Pts',(-24.4820844558206,-8.6670578125037,271.286988517007));
#2009=CARTESIAN_POINT('Ctrl Pts',(-25.1021784897271,-2.96079482840656,278.501736623425));
#2010=CARTESIAN_POINT('Ctrl Pts',(-24.6441712206216,1.4724301401315,286.566246918716));
#2011=CARTESIAN_POINT('Ctrl Pts',(-24.1929889255047,3.15827196610376,292.476727570282));
#2012=CARTESIAN_POINT('Ctrl Pts',(-24.0693185302605,3.58408618877157,295.500000000023));
#2013=CARTESIAN_POINT('',(-29.9551663732962,8.04966002145163,295.111811456481));
#2014=CARTESIAN_POINT('Origin',(-26.0922287888953,7.01159754331316,295.100000000026));
#2015=CARTESIAN_POINT('',(21.9428680519176,-21.7970762424924,258.39949402164));
#2016=CARTESIAN_POINT('Ctrl Pts',(-29.9551663732963,8.04966002145165,295.111811456481));
#2017=CARTESIAN_POINT('Ctrl Pts',(-30.1083874956651,7.51697986127859,291.815999009959));
#2018=CARTESIAN_POINT('Ctrl Pts',(-30.6710095360983,5.40937088240745,285.372704153455));
#2019=CARTESIAN_POINT('Ctrl Pts',(-31.2450676656848,-0.131876088088135,
276.581199575549));
#2020=CARTESIAN_POINT('Ctrl Pts',(-30.474146452648,-7.26572733028674,268.716061001288));
#2021=CARTESIAN_POINT('Ctrl Pts',(-27.7943498716188,-14.325329377119,262.638177870143));
#2022=CARTESIAN_POINT('Ctrl Pts',(-22.4103989867695,-22.0710040607331,256.87882757443));
#2023=CARTESIAN_POINT('Ctrl Pts',(-14.7880334335832,-27.9261236661466,253.175736102043));
#2024=CARTESIAN_POINT('Ctrl Pts',(-5.02073970749401,-30.7842456959763,251.590602860302));
#2025=CARTESIAN_POINT('Ctrl Pts',(2.70393414971803,-31.0736514836091,251.591221851303));
#2026=CARTESIAN_POINT('Ctrl Pts',(10.1472822913587,-29.4871119202281,252.777269213843));
#2027=CARTESIAN_POINT('Ctrl Pts',(16.7812263558594,-26.2810139563803,255.056902727016));
#2028=CARTESIAN_POINT('Ctrl Pts',(20.3545393479513,-23.3827231053716,257.187566224947));
#2029=CARTESIAN_POINT('Ctrl Pts',(21.9428680519176,-21.7970762424924,258.39949402164));
#2030=CARTESIAN_POINT('Ctrl Pts',(21.9428680519176,-21.7970762424924,258.39949402164));
#2031=CARTESIAN_POINT('Ctrl Pts',(23.4217735598394,-20.3206678181689,259.527929646619));
#2032=CARTESIAN_POINT('Ctrl Pts',(26.0287549786548,-17.1170199472693,262.052464415623));
#2033=CARTESIAN_POINT('Ctrl Pts',(29.6020989362079,-10.4032293178245,267.887599832717));
#2034=CARTESIAN_POINT('Ctrl Pts',(31.1738020992514,-3.08555362820081,275.607524593314));
#2035=CARTESIAN_POINT('Ctrl Pts',(30.985458732764,3.09460952336109,285.371042708942));
#2036=CARTESIAN_POINT('Ctrl Pts',(30.5868083660859,5.2409100164369,291.8159990098));
#2037=CARTESIAN_POINT('Ctrl Pts',(30.4739124827639,5.78356956434931,295.111811456481));
#2038=CARTESIAN_POINT('Origin',(-2.2960512037951E-17,-2.31153465088914E-17,
296.));
#2039=CARTESIAN_POINT('',(-29.477977562913,9.64290109360476,296.012851618259));
#2040=CARTESIAN_POINT('',(-25.676239544116,8.39926816048319,300.));
#2041=CARTESIAN_POINT('Origin',(-25.676239544116,8.39926816048319,296.));
#2042=CARTESIAN_POINT('',(26.2331870250394,6.45266466413981,300.));
#2043=CARTESIAN_POINT('Origin',(-2.2960512037951E-17,-2.31153465088914E-17,
300.));
#2044=CARTESIAN_POINT('',(30.1173891604786,7.40807484147748,296.012851618259));
#2045=CARTESIAN_POINT('Origin',(26.2331870250394,6.45266466413982,296.));
#2046=CARTESIAN_POINT('Origin',(-4.59740966261196E-17,-4.62841234633392E-17,
296.012851618259));
#2047=CARTESIAN_POINT('Ctrl Pts',(26.2331870250376,6.45266466413933,300.));
#2048=CARTESIAN_POINT('Ctrl Pts',(25.9009628691257,5.60198763299864,300.));
#2049=CARTESIAN_POINT('Ctrl Pts',(25.319882351159,4.17508089763852,299.616451852477));
#2050=CARTESIAN_POINT('Ctrl Pts',(24.6809881816221,2.69791887347755,298.194444847595));
#2051=CARTESIAN_POINT('Ctrl Pts',(24.371880263767,1.99990033307853,296.778492169426));
#2052=CARTESIAN_POINT('Ctrl Pts',(24.2881262646485,1.81212235550489,295.935099801514));
#2053=CARTESIAN_POINT('Ctrl Pts',(24.2701476201444,1.77135620812655,295.499999999985));
#2054=CARTESIAN_POINT('Ctrl Pts',(26.8130767661359,6.5953020813129,300.));
#2055=CARTESIAN_POINT('Ctrl Pts',(26.5307090383362,5.75105260860589,300.078674355971));
#2056=CARTESIAN_POINT('Ctrl Pts',(26.0199941077189,4.28565369990717,299.865955276645));
#2057=CARTESIAN_POINT('Ctrl Pts',(25.4134080231975,2.54678044903055,298.580411312445));
#2058=CARTESIAN_POINT('Ctrl Pts',(25.109937249012,1.60701978278731,297.081218049605));
#2059=CARTESIAN_POINT('Ctrl Pts',(25.0272925359525,1.32902101374048,296.106887840244));
#2060=CARTESIAN_POINT('Ctrl Pts',(25.009604552686,1.26815615150537,295.594579180641));
#2061=CARTESIAN_POINT('Ctrl Pts',(27.9724202734628,6.88046967746467,299.727808181413));
#2062=CARTESIAN_POINT('Ctrl Pts',(27.816838936884,6.08974577384365,299.916899850357));
#2063=CARTESIAN_POINT('Ctrl Pts',(27.512599765302,4.64861962187148,299.974268530348));
#2064=CARTESIAN_POINT('Ctrl Pts',(27.1109844233565,2.58729085198531,299.001221212704));
#2065=CARTESIAN_POINT('Ctrl Pts',(26.9085372805389,1.29081519804402,297.466194030956));
#2066=CARTESIAN_POINT('Ctrl Pts',(26.8555253075767,0.871334723922703,296.331951848652));
#2067=CARTESIAN_POINT('Ctrl Pts',(26.8446493875006,0.778948943206762,295.7202837052));
#2068=CARTESIAN_POINT('Ctrl Pts',(29.36900234809,7.22399163668844,298.58470098542));
#2069=CARTESIAN_POINT('Ctrl Pts',(29.3900064709352,6.60492271642653,298.781175527713));
#2070=CARTESIAN_POINT('Ctrl Pts',(29.4087613428171,5.45240335670014,298.95107479496));
#2071=CARTESIAN_POINT('Ctrl Pts',(29.4212506188627,3.63802263104028,298.358359419249));
#2072=CARTESIAN_POINT('Ctrl Pts',(29.4483005370895,2.41139524769691,297.144910405955));
#2073=CARTESIAN_POINT('Ctrl Pts',(29.4637123569653,1.99870087910444,296.170891927297));
#2074=CARTESIAN_POINT('Ctrl Pts',(29.4679013499277,1.90759101488814,295.637642428377));
#2075=CARTESIAN_POINT('Ctrl Pts',(30.0167285273053,7.3833150092043,297.207027446257));
#2076=CARTESIAN_POINT('Ctrl Pts',(30.106872616162,6.94608419609901,297.307214563226));
#2077=CARTESIAN_POINT('Ctrl Pts',(30.254404929807,6.15509281876946,297.366407237493));
#2078=CARTESIAN_POINT('Ctrl Pts',(30.4321985356857,5.01602645712604,296.96460488427));
#2079=CARTESIAN_POINT('Ctrl Pts',(30.540250845834,4.2847204558064,296.241349472569));
#2080=CARTESIAN_POINT('Ctrl Pts',(30.5760233168764,4.0443947989089,295.678786928331));
#2081=CARTESIAN_POINT('Ctrl Pts',(30.5844590281054,3.99138830905183,295.372356972244));
#2082=CARTESIAN_POINT('Ctrl Pts',(30.116457595279,7.40784570127354,296.3114373946));
#2083=CARTESIAN_POINT('Ctrl Pts',(30.1972081529042,7.07866038773855,296.336452328568));
#2084=CARTESIAN_POINT('Ctrl Pts',(30.3279588408406,6.51129881612398,296.293583593576));
#2085=CARTESIAN_POINT('Ctrl Pts',(30.4623275988462,5.84324309145299,295.979373074412));
#2086=CARTESIAN_POINT('Ctrl Pts',(30.5313841775263,5.47922972535087,295.5859805301));
#2087=CARTESIAN_POINT('Ctrl Pts',(30.5519700844973,5.37030936425625,295.318882447077));
#2088=CARTESIAN_POINT('Ctrl Pts',(30.5566883392401,5.34638624602904,295.177056549306));
#2089=CARTESIAN_POINT('Ctrl Pts',(30.1173891604771,7.40807484147796,296.012851618259));
#2090=CARTESIAN_POINT('Ctrl Pts',(30.1897427310315,7.11392275903157,296.012851618258));
#2091=CARTESIAN_POINT('Ctrl Pts',(30.3035175871239,6.61968555554791,295.936053332725));
#2092=CARTESIAN_POINT('Ctrl Pts',(30.4097457605952,6.10652898367523,295.651323239008));
#2093=CARTESIAN_POINT('Ctrl Pts',(30.4579583612172,5.86350929341305,295.367805410055));
#2094=CARTESIAN_POINT('Ctrl Pts',(30.4709282263443,5.79791406648558,295.198931988802));
#2095=CARTESIAN_POINT('Ctrl Pts',(30.4739124827648,5.78356956434474,295.111811456453));
#2096=CARTESIAN_POINT('Ctrl Pts',(26.2331870250371,6.45266466413792,300.));
#2097=CARTESIAN_POINT('Ctrl Pts',(25.9009628691253,5.60198763299769,299.999999999999));
#2098=CARTESIAN_POINT('Ctrl Pts',(25.5523145583455,4.74584359178213,299.769871111486));
#2099=CARTESIAN_POINT('Ctrl Pts',(25.2211869831726,3.96023736804785,299.251217454616));
#2100=CARTESIAN_POINT('Ctrl Pts',(25.0004352663905,3.43649988555803,298.905448350036));
#2101=CARTESIAN_POINT('Ctrl Pts',(24.7874705432116,2.94411254417105,298.431446015076));
#2102=CARTESIAN_POINT('Ctrl Pts',(24.6134463295336,2.54731058357571,297.801461010699));
#2103=CARTESIAN_POINT('Ctrl Pts',(24.5264342226945,2.34890960327804,297.486468508511));
#2104=CARTESIAN_POINT('Ctrl Pts',(24.4491572432308,2.17440496817828,297.132480338968));
#2105=CARTESIAN_POINT('Ctrl Pts',(24.3895802537193,2.04020815623499,296.744638162219));
#2106=CARTESIAN_POINT('Ctrl Pts',(24.3300032642096,1.90601134429582,296.356795985482));
#2107=CARTESIAN_POINT('Ctrl Pts',(24.2881262646511,1.81212235551064,295.93509980154));
#2108=CARTESIAN_POINT('Ctrl Pts',(24.2701476201461,1.77135620813029,295.500000000025));
#2109=CARTESIAN_POINT('Ctrl Pts',(30.4739124827638,5.78356956434946,295.111811456481));
#2110=CARTESIAN_POINT('Ctrl Pts',(30.4709282263429,5.79791406649277,295.19893198882));
#2111=CARTESIAN_POINT('Ctrl Pts',(30.4644432937797,5.83071167995444,295.283368699437));
#2112=CARTESIAN_POINT('Ctrl Pts',(30.4551742524212,5.87748794796395,295.36102678336));
#2113=CARTESIAN_POINT('Ctrl Pts',(30.4459052110617,5.92426421597859,295.438684867293));
#2114=CARTESIAN_POINT('Ctrl Pts',(30.4338520609062,5.98501913854414,295.509564324531));
#2115=CARTESIAN_POINT('Ctrl Pts',(30.4199150622764,6.05403111869188,295.572635634563));
#2116=CARTESIAN_POINT('Ctrl Pts',(30.3920410650166,6.19205507898735,295.698778254628));
#2117=CARTESIAN_POINT('Ctrl Pts',(30.3566316738595,6.36310726961157,295.793688285867));
#2118=CARTESIAN_POINT('Ctrl Pts',(30.3171820621905,6.54481653654349,295.862922030295));
#2119=CARTESIAN_POINT('Ctrl Pts',(30.258007644687,6.81738043694117,295.966772646938));
#2120=CARTESIAN_POINT('Ctrl Pts',(30.1897427310317,7.11392275903111,296.012851618258));
#2121=CARTESIAN_POINT('Ctrl Pts',(30.1173891604772,7.40807484147728,296.012851618259));
#2122=CARTESIAN_POINT('Ctrl Pts',(-24.0693185302608,3.58408618876676,295.499999999984));
#2123=CARTESIAN_POINT('Ctrl Pts',(-24.0841935132978,3.62608434717798,295.935099801515));
#2124=CARTESIAN_POINT('Ctrl Pts',(-24.1541259700428,3.82080020654332,296.778731128601));
#2125=CARTESIAN_POINT('Ctrl Pts',(-24.3452193258035,4.3579573149144,297.839500215988));
#2126=CARTESIAN_POINT('Ctrl Pts',(-24.6668696226211,5.27952068438013,298.945269080787));
#2127=CARTESIAN_POINT('Ctrl Pts',(-25.1286677903933,6.65098643784544,299.790621886476));
#2128=CARTESIAN_POINT('Ctrl Pts',(-25.4978529413701,7.81715503822239,300.));
#2129=CARTESIAN_POINT('Ctrl Pts',(-25.6762395441147,8.39926816048346,300.));
#2130=CARTESIAN_POINT('Ctrl Pts',(-24.8443856675758,3.13768078476516,295.59457918064));
#2131=CARTESIAN_POINT('Ctrl Pts',(-24.8574655189073,3.19969944079783,296.106887840245));
#2132=CARTESIAN_POINT('Ctrl Pts',(-24.91944635953,3.48492785172021,297.080517473679));
#2133=CARTESIAN_POINT('Ctrl Pts',(-25.0928193804587,4.20077807595376,298.205345045739));
#2134=CARTESIAN_POINT('Ctrl Pts',(-25.3835623780544,5.32154040802472,299.273804907439));
#2135=CARTESIAN_POINT('Ctrl Pts',(-25.790373372919,6.82952645453094,299.965264907254));
#2136=CARTESIAN_POINT('Ctrl Pts',(-26.0982545918294,8.00958483223796,300.052449570647));
#2137=CARTESIAN_POINT('Ctrl Pts',(-26.2438178519811,8.58493562949319,300.));
#2138=CARTESIAN_POINT('Ctrl Pts',(-26.7109163682976,2.78728362504047,295.720283592832));
#2139=CARTESIAN_POINT('Ctrl Pts',(-26.7148425393793,2.88022448417502,296.331951736286));
#2140=CARTESIAN_POINT('Ctrl Pts',(-26.7366760222282,3.30543520569924,297.463771250089));
#2141=CARTESIAN_POINT('Ctrl Pts',(-26.8146717775373,4.27939186424711,298.618684785118));
#2142=CARTESIAN_POINT('Ctrl Pts',(-26.960685638928,5.65864428257297,299.55176493566));
#2143=CARTESIAN_POINT('Ctrl Pts',(-27.1698024510544,7.28901477978282,299.953736118779));
#2144=CARTESIAN_POINT('Ctrl Pts',(-27.314598851289,8.42269409580682,299.853869082788));
#2145=CARTESIAN_POINT('Ctrl Pts',(-27.3785477615025,8.95613098243484,299.727807970159));
#2146=CARTESIAN_POINT('Ctrl Pts',(-29.2422712924963,4.10922304972112,295.637642365369));
#2147=CARTESIAN_POINT('Ctrl Pts',(-29.2312704204652,4.19976329400035,296.170891864292));
#2148=CARTESIAN_POINT('Ctrl Pts',(-29.1847424957559,4.61297617504735,297.14190832964));
#2149=CARTESIAN_POINT('Ctrl Pts',(-29.0962711066733,5.52178973309915,298.056985667634));
#2150=CARTESIAN_POINT('Ctrl Pts',(-28.9895476312165,6.74848084941885,298.710802856765));
#2151=CARTESIAN_POINT('Ctrl Pts',(-28.8776652987697,8.10532218892943,298.878903639664));
#2152=CARTESIAN_POINT('Ctrl Pts',(-28.7903529017659,8.99277995290447,298.715683891398));
#2153=CARTESIAN_POINT('Ctrl Pts',(-28.7454795017732,9.40328471084143,298.584700863203));
#2154=CARTESIAN_POINT('Ctrl Pts',(-30.199627605434,6.27079191117684,295.37235693394));
#2155=CARTESIAN_POINT('Ctrl Pts',(-30.1872456822641,6.32301773974404,295.678786890028));
#2156=CARTESIAN_POINT('Ctrl Pts',(-30.1333281444819,6.56160359547394,296.239773870487));
#2157=CARTESIAN_POINT('Ctrl Pts',(-30.0121442779954,7.09855012444657,296.784810693695));
#2158=CARTESIAN_POINT('Ctrl Pts',(-29.8396263740875,7.84676296836405,297.197081561198));
#2159=CARTESIAN_POINT('Ctrl Pts',(-29.6259932346693,8.71846888986,297.341956048778));
#2160=CARTESIAN_POINT('Ctrl Pts',(-29.461212151426,9.32450418221411,297.273818777941));
#2161=CARTESIAN_POINT('Ctrl Pts',(-29.3794540339689,9.61067185932484,297.207027366628));
#2162=CARTESIAN_POINT('Ctrl Pts',(-30.0704524540471,7.6199040257776,295.177056549306));
#2163=CARTESIAN_POINT('Ctrl Pts',(-30.0639557364921,7.6434065825437,295.318882447077));
#2164=CARTESIAN_POINT('Ctrl Pts',(-30.0349986337024,7.75118313641384,295.585623082809));
#2165=CARTESIAN_POINT('Ctrl Pts',(-29.9633896144353,8.01800758697333,295.88113385752));
#2166=CARTESIAN_POINT('Ctrl Pts',(-29.8485472409834,8.43257529516468,296.150343246815));
#2167=CARTESIAN_POINT('Ctrl Pts',(-29.6861432532855,8.98894623527102,296.313662579764));
#2168=CARTESIAN_POINT('Ctrl Pts',(-29.5471844381864,9.42779416577945,296.328114017245));
#2169=CARTESIAN_POINT('Ctrl Pts',(-29.4770657754434,9.6426028276759,296.3114373946));
#2170=CARTESIAN_POINT('Ctrl Pts',(-29.9551663732973,8.04966002144738,295.111811456452));
#2171=CARTESIAN_POINT('Ctrl Pts',(-29.9511161714232,8.06374073140219,295.198931988802));
#2172=CARTESIAN_POINT('Ctrl Pts',(-29.9331782989976,8.12857686127963,295.367853257129));
#2173=CARTESIAN_POINT('Ctrl Pts',(-29.883650520434,8.30687401649755,295.580252268263));
#2174=CARTESIAN_POINT('Ctrl Pts',(-29.7969394467627,8.61230009220212,295.801661636458));
#2175=CARTESIAN_POINT('Ctrl Pts',(-29.6626310667138,9.06602801674395,295.970927598413));
#2176=CARTESIAN_POINT('Ctrl Pts',(-29.5407647547758,9.45096306426649,296.012851618258));
#2177=CARTESIAN_POINT('Ctrl Pts',(-29.4779775629115,9.64290109360526,296.012851618259));
#2178=CARTESIAN_POINT('Ctrl Pts',(-29.4779775629115,9.64290109360526,296.012851618259));
#2179=CARTESIAN_POINT('Ctrl Pts',(-29.5407647547758,9.45096306426649,296.012851618258));
#2180=CARTESIAN_POINT('Ctrl Pts',(-29.6626310667138,9.06602801674395,295.970927598413));
#2181=CARTESIAN_POINT('Ctrl Pts',(-29.7969394467627,8.61230009220212,295.801661636458));
#2182=CARTESIAN_POINT('Ctrl Pts',(-29.883650520434,8.30687401649755,295.580252268263));
#2183=CARTESIAN_POINT('Ctrl Pts',(-29.9331782989976,8.12857686127963,295.367853257129));
#2184=CARTESIAN_POINT('Ctrl Pts',(-29.9511161714232,8.06374073140219,295.198931988802));
#2185=CARTESIAN_POINT('Ctrl Pts',(-29.9551663732973,8.04966002144738,295.111811456452));
#2186=CARTESIAN_POINT('Ctrl Pts',(-24.0693185302621,3.58408618877043,295.500000000022));
#2187=CARTESIAN_POINT('Ctrl Pts',(-24.0841935132999,3.62608434718364,295.93509980154));
#2188=CARTESIAN_POINT('Ctrl Pts',(-24.1191597416718,3.72344227686467,296.35691546507));
#2189=CARTESIAN_POINT('Ctrl Pts',(-24.1684917484834,3.8616474264305,296.744618144728));
#2190=CARTESIAN_POINT('Ctrl Pts',(-24.2178237552964,3.99985257600035,297.132320824397));
#2191=CARTESIAN_POINT('Ctrl Pts',(-24.28152154055,4.17890494545737,297.485910520193));
#2192=CARTESIAN_POINT('Ctrl Pts',(-24.3535767202789,4.3836265513691,297.80092647619));
#2193=CARTESIAN_POINT('Ctrl Pts',(-24.4256319000079,4.58834815728083,298.115942432188));
#2194=CARTESIAN_POINT('Ctrl Pts',(-24.5060444742123,4.81873899964726,298.392384648388));
#2195=CARTESIAN_POINT('Ctrl Pts',(-24.5904394015334,5.06376394478924,298.6330363129));
#2196=CARTESIAN_POINT('Ctrl Pts',(-24.7592292561755,5.55381383507319,299.114339641925));
#2197=CARTESIAN_POINT('Ctrl Pts',(-24.9439485232844,6.10240013645931,299.452480764201));
#2198=CARTESIAN_POINT('Ctrl Pts',(-25.128604444583,6.66823543724661,299.673895853719));
#2199=CARTESIAN_POINT('Ctrl Pts',(-25.3132603658817,7.23407073803379,299.895310943238));
#2200=CARTESIAN_POINT('Ctrl Pts',(-25.49785294137,7.81715503822214,300.));
#2201=CARTESIAN_POINT('Ctrl Pts',(-25.6762395441146,8.39926816048308,300.));
#2202=CARTESIAN_POINT('Origin',(-1.31157812061833,-34.9754165498213,295.));
#2203=CARTESIAN_POINT('Origin',(-1.31157812061833,-34.9754165498213,300.));
#2204=CARTESIAN_POINT('Origin',(-1.31157812061833,-34.9754165498213,295.5));
#2205=CARTESIAN_POINT('Origin',(0.,0.,300.));
#2206=CARTESIAN_POINT('Ctrl Pts',(22.0045638692292,-21.8571697990751,296.012851618259));
#2207=CARTESIAN_POINT('Ctrl Pts',(43.8617336683043,0.147394070154121,296.012851618259));
#2208=CARTESIAN_POINT('Ctrl Pts',(21.8571697990751,22.0045638692292,296.012851618259));
#2209=CARTESIAN_POINT('Ctrl Pts',(-0.147394070154121,43.8617336683043,296.012851618259));
#2210=CARTESIAN_POINT('Ctrl Pts',(-22.0045638692292,21.8571697990751,296.012851618259));
#2211=CARTESIAN_POINT('Ctrl Pts',(-43.8617336683043,-0.147394070154121,
296.012851618259));
#2212=CARTESIAN_POINT('Ctrl Pts',(-21.8571697990751,-22.0045638692292,296.012851618259));
#2213=CARTESIAN_POINT('Ctrl Pts',(0.147394070154121,-43.8617336683043,296.012851618259));
#2214=CARTESIAN_POINT('Ctrl Pts',(22.0045638692292,-21.8571697990751,296.012851618259));
#2215=CARTESIAN_POINT('Ctrl Pts',(22.3196096348428,-22.1701052807514,157.804571616516));
#2216=CARTESIAN_POINT('Ctrl Pts',(44.4897149155942,0.149504354091441,157.804571616516));
#2217=CARTESIAN_POINT('Ctrl Pts',(22.1701052807514,22.3196096348428,157.804571616516));
#2218=CARTESIAN_POINT('Ctrl Pts',(-0.149504354091441,44.4897149155942,157.804571616516));
#2219=CARTESIAN_POINT('Ctrl Pts',(-22.3196096348428,22.1701052807514,157.804571616516));
#2220=CARTESIAN_POINT('Ctrl Pts',(-44.4897149155942,-0.149504354091441,
157.804571616516));
#2221=CARTESIAN_POINT('Ctrl Pts',(-22.1701052807514,-22.3196096348428,157.804571616516));
#2222=CARTESIAN_POINT('Ctrl Pts',(0.149504354091441,-44.4897149155942,157.804571616516));
#2223=CARTESIAN_POINT('Ctrl Pts',(22.3196096348428,-22.1701052807514,157.804571616516));
#2224=CARTESIAN_POINT('Ctrl Pts',(14.8237408574889,-14.7244463878104,19.9999999999999));
#2225=CARTESIAN_POINT('Ctrl Pts',(29.5481872452993,0.0992944696784548,19.9999999999999));
#2226=CARTESIAN_POINT('Ctrl Pts',(14.7244463878104,14.8237408574889,19.9999999999999));
#2227=CARTESIAN_POINT('Ctrl Pts',(-0.0992944696784548,29.5481872452993,
19.9999999999999));
#2228=CARTESIAN_POINT('Ctrl Pts',(-14.8237408574889,14.7244463878104,19.9999999999999));
#2229=CARTESIAN_POINT('Ctrl Pts',(-29.5481872452993,-0.0992944696784548,
19.9999999999999));
#2230=CARTESIAN_POINT('Ctrl Pts',(-14.7244463878104,-14.8237408574889,19.9999999999999));
#2231=CARTESIAN_POINT('Ctrl Pts',(0.0992944696784548,-29.5481872452993,
19.9999999999999));
#2232=CARTESIAN_POINT('Ctrl Pts',(14.8237408574889,-14.7244463878104,19.9999999999999));
#2233=CARTESIAN_POINT('',(14.8237408574889,-14.7244463878108,19.9999999999999));
#2234=CARTESIAN_POINT('',(-20.8938415433228,2.55875761679223E-15,20.));
#2235=CARTESIAN_POINT('Origin',(0.,0.,20.));
#2236=CARTESIAN_POINT('Origin',(0.,0.,20.));
#2237=CARTESIAN_POINT('Ctrl Pts',(14.8237408574889,-14.7244463878104,19.9999999999999));
#2238=CARTESIAN_POINT('Ctrl Pts',(21.2981954526907,-21.1555328789915,139.026822432893));
#2239=CARTESIAN_POINT('Ctrl Pts',(21.9454612828669,-21.7984631019843,258.399472491049));
#2240=CARTESIAN_POINT('Origin',(0.,0.,11.153814147838));
#2241=CARTESIAN_POINT('',(-20.8938415433228,3.83813642518834E-15,11.153814147838));
#2242=CARTESIAN_POINT('Origin',(0.,0.,11.153814147838));
#2243=CARTESIAN_POINT('',(-19.7737199332852,3.63237342353009E-15,8.));
#2244=CARTESIAN_POINT('Origin',(-15.8938415433228,2.91965132582782E-15,
11.153814147838));
#2245=CARTESIAN_POINT('',(-2.42158228235339E-15,-19.7737199332852,8.));
#2246=CARTESIAN_POINT('Origin',(0.,0.,8.));
#2247=CARTESIAN_POINT('Origin',(0.,0.,8.));
#2248=CARTESIAN_POINT('Origin',(0.,0.,20.));
#2249=CARTESIAN_POINT('',(-20.8938415433228,2.55875761679223E-15,20.));
#2250=CARTESIAN_POINT('Origin',(0.,0.,13.));
#2251=CARTESIAN_POINT('',(1.81618671176504E-15,-14.8302899499639,12.25));
#2252=CARTESIAN_POINT('',(-14.8302899499639,-1.81618671176504E-15,12.25));
#2253=CARTESIAN_POINT('Origin',(0.,0.,12.25));
#2254=CARTESIAN_POINT('Origin',(0.,0.,12.25));
#2255=CARTESIAN_POINT('Origin',(2.42158228235339E-15,-19.7737199332852,
13.));
#2256=CARTESIAN_POINT('Origin',(0.,0.,10.));
#2257=CARTESIAN_POINT('',(-9.18485099360515E-16,-1.12481983699639E-31,25.));
#2258=CARTESIAN_POINT('Origin',(0.,0.,10.));
#2259=CARTESIAN_POINT('Origin',(-1.31157812061833,-34.9754165498213,300.));
#2260=CARTESIAN_POINT('',(0.,0.,0.));
#2261=CARTESIAN_POINT('Origin',(5.49544849115374,17.7291478974842,6.85184405654694));
#2262=CARTESIAN_POINT('',(1.55555076205444,14.8913825001273,4.03278613774432));
#2263=CARTESIAN_POINT('',(2.21769027107644,15.1729779629212,3.77515829657137));
#2264=CARTESIAN_POINT('Ctrl Pts',(2.21769027107556,15.1729779629209,3.77515829657161));
#2265=CARTESIAN_POINT('Ctrl Pts',(2.17731030062808,15.1597881797094,3.78611662313434));
#2266=CARTESIAN_POINT('Ctrl Pts',(2.1379784238422,15.1461668515166,3.79757829944132));
#2267=CARTESIAN_POINT('Ctrl Pts',(1.97585689601887,15.0872680522452,3.8478496353884));
#2268=CARTESIAN_POINT('Ctrl Pts',(1.83250713590006,15.026302642129,3.90221635141429));
#2269=CARTESIAN_POINT('Ctrl Pts',(1.66493973233261,14.94678548873,3.97788431278796));
#2270=CARTESIAN_POINT('Ctrl Pts',(1.61030556770437,14.9196981430899,4.0042825900636));
#2271=CARTESIAN_POINT('Ctrl Pts',(1.55555076205444,14.8913825001273,4.03278613774432));
#2272=CARTESIAN_POINT('',(2.21769027107644,14.8913825001273,4.03278613774432));
#2273=CARTESIAN_POINT('',(5.49544849115374,14.8913825001273,4.03278613774432));
#2274=CARTESIAN_POINT('Origin',(2.21769027107644,17.7291478974842,6.85184405654694));
#2275=CARTESIAN_POINT('Ctrl Pts',(2.21769027107644,15.2645783352626,3.70130491649948));
#2276=CARTESIAN_POINT('Ctrl Pts',(2.76769789966126,15.2988609028028,3.67448672167042));
#2277=CARTESIAN_POINT('Ctrl Pts',(3.31844926136219,15.3597518962302,3.60344266019788));
#2278=CARTESIAN_POINT('Ctrl Pts',(3.82804644271167,15.4186971562555,3.50799927699696));
#2279=CARTESIAN_POINT('Ctrl Pts',(2.21769027107644,15.1334427471979,3.80388824097242));
#2280=CARTESIAN_POINT('Ctrl Pts',(2.79885396043003,15.1551808831349,3.78458171989687));
#2281=CARTESIAN_POINT('Ctrl Pts',(3.37835658718958,15.2051954943688,3.72363386132471));
#2282=CARTESIAN_POINT('Ctrl Pts',(3.91579435491627,15.2560973538158,3.64009810923541));
#2283=CARTESIAN_POINT('Ctrl Pts',(2.21769027107644,15.0087207719397,3.91466920041075));
#2284=CARTESIAN_POINT('Ctrl Pts',(2.83025443212986,15.0189452894267,3.90437540225657));
#2285=CARTESIAN_POINT('Ctrl Pts',(3.43887382649997,15.0601335994465,3.85593146699394));
#2286=CARTESIAN_POINT('Ctrl Pts',(4.00482975449529,15.1061149077276,3.7868668841603));
#2287=CARTESIAN_POINT('Ctrl Pts',(2.21769027107644,14.8913825001273,4.03278613774432));
#2288=CARTESIAN_POINT('Ctrl Pts',(2.86165504894653,14.8913825001273,4.03278613774432));
#2289=CARTESIAN_POINT('Ctrl Pts',(3.49939126980205,14.9262163493514,3.99886022591545));
#2290=CARTESIAN_POINT('Ctrl Pts',(4.09386640194079,14.9709165218925,3.94618532379527));
#2291=CARTESIAN_POINT('',(4.09164724019751,14.9707497202145,3.94638184947829));
#2292=CARTESIAN_POINT('Ctrl Pts',(4.09164724019752,14.9707497202145,3.94638184947829));
#2293=CARTESIAN_POINT('Ctrl Pts',(4.05960603821427,15.0230000290093,3.8848312731418));
#2294=CARTESIAN_POINT('Ctrl Pts',(4.01419192132367,15.0720551808837,3.83146797808595));
#2295=CARTESIAN_POINT('Ctrl Pts',(3.888208255991,15.1652854894506,3.7380953763267));
#2296=CARTESIAN_POINT('Ctrl Pts',(3.8090677405963,15.2050675719532,3.70326672398101));
#2297=CARTESIAN_POINT('Ctrl Pts',(3.62388806630566,15.2713698400866,3.65117145499384));
#2298=CARTESIAN_POINT('Ctrl Pts',(3.51704814051861,15.2950133147564,3.63703132407832));
#2299=CARTESIAN_POINT('Ctrl Pts',(3.30249330905689,15.3235776266262,3.62467064340627));
#2300=CARTESIAN_POINT('Ctrl Pts',(3.19171274027473,15.3288181560021,3.62639228115855));
#2301=CARTESIAN_POINT('Ctrl Pts',(2.97970755388651,15.324891651909,3.63902914693815));
#2302=CARTESIAN_POINT('Ctrl Pts',(2.87611967095628,15.3164413947854,3.64961669024724));
#2303=CARTESIAN_POINT('Ctrl Pts',(2.67057007074044,15.2884996319583,3.67751854500259));
#2304=CARTESIAN_POINT('Ctrl Pts',(2.56761457136013,15.2686408294079,3.69512517411762));
#2305=CARTESIAN_POINT('Ctrl Pts',(2.38238179632262,15.2235188773561,3.73332623317215));
#2306=CARTESIAN_POINT('Ctrl Pts',(2.29925601199565,15.1996207372544,3.75302296523213));
#2307=CARTESIAN_POINT('Ctrl Pts',(2.21769027107645,15.1729779629212,3.77515829657137));
#2308=CARTESIAN_POINT('Ctrl Pts',(2.21769027107644,14.8913825001273,4.03278613774432));
#2309=CARTESIAN_POINT('Ctrl Pts',(2.86085382025184,14.8913825001273,4.03278613774432));
#2310=CARTESIAN_POINT('Ctrl Pts',(3.49780430206105,14.926129721891,3.9989445954482));
#2311=CARTESIAN_POINT('Ctrl Pts',(4.09164724184641,14.9707497182905,3.94638185292577));
#2312=CARTESIAN_POINT('Origin',(5.49544849115374,13.8272204761184,2.97563941819334));
#2313=CARTESIAN_POINT('',(3.58631071589808,15.3272204761184,2.97563941819334));
#2314=CARTESIAN_POINT('Origin',(3.58631071589808,13.8272204761184,2.97563941819334));
#2315=CARTESIAN_POINT('',(3.35373404865596,15.2591393092053,2.52886379727044));
#2316=CARTESIAN_POINT('Origin',(3.58631071589808,13.8272204761184,2.97563941819334));
#2317=CARTESIAN_POINT('',(1.51672656039357,15.3272204761184,2.97563941819334));
#2318=CARTESIAN_POINT('Ctrl Pts',(3.35373404865596,15.2591393092053,2.52886379727044));
#2319=CARTESIAN_POINT('Ctrl Pts',(3.10729243080515,15.298892629753,2.65627345371579));
#2320=CARTESIAN_POINT('Ctrl Pts',(2.83096169769925,15.3143367646403,2.76513090380216));
#2321=CARTESIAN_POINT('Ctrl Pts',(2.20232676900124,15.329390893633,2.93238207155204));
#2322=CARTESIAN_POINT('Ctrl Pts',(1.84551181858043,15.3272204761184,2.97563941819334));
#2323=CARTESIAN_POINT('Ctrl Pts',(1.51672656039357,15.3272204761184,2.97563941819334));
#2324=CARTESIAN_POINT('',(-34.616908520705,15.3272204761184,2.97563941819334));
#2325=CARTESIAN_POINT('',(5.49544849115374,15.3272204761184,2.97563941819334));
#2326=CARTESIAN_POINT('',(-35.1950432820064,15.3266323473709,2.93363893787181));
#2327=CARTESIAN_POINT('Ctrl Pts',(-34.616908520705,15.3272204761184,2.97563941819334));
#2328=CARTESIAN_POINT('Ctrl Pts',(-34.803147901432,15.3272204761184,2.97563941819334));
#2329=CARTESIAN_POINT('Ctrl Pts',(-34.9984651051464,15.3274366545788,2.96235260415473));
#2330=CARTESIAN_POINT('Ctrl Pts',(-35.1950432820064,15.3266323473709,2.93363893787181));
#2331=CARTESIAN_POINT('',(-34.7407252412826,15.3270226504248,3.));
#2332=CARTESIAN_POINT('Origin',(-34.9075015321128,13.8272204761184,2.97563941819334));
#2333=CARTESIAN_POINT('',(-5.40041513602406,15.3270226504248,3.));
#2334=CARTESIAN_POINT('',(5.49544849115374,15.3270226504248,3.));
#2335=CARTESIAN_POINT('',(-4.38311788052049,13.566748209618,4.45285104771165));
#2336=CARTESIAN_POINT('Origin',(-5.41747259904026,13.8272204761184,2.97563941819334));
#2337=CARTESIAN_POINT('',(4.38311788052049,13.566748209618,4.45285104771165));
#2338=CARTESIAN_POINT('',(5.49544849115374,13.566748209618,4.45285104771165));
#2339=CARTESIAN_POINT('',(4.3671612917257,13.8272204761184,4.47563941819334));
#2340=CARTESIAN_POINT('Origin',(5.41747259904026,13.8272204761184,2.97563941819334));
#2341=CARTESIAN_POINT('Origin',(3.58631071589808,13.8272204761184,2.97563941819334));
#2342=CARTESIAN_POINT('Origin',(1.51672656039357,15.3272204761184,-1.02436058180666));
#2343=CARTESIAN_POINT('',(4.61956456019645,19.4300584759213,1.5));
#2344=CARTESIAN_POINT('',(1.51672656039357,16.3272204761184,2.97563941819334));
#2345=CARTESIAN_POINT('Origin',(1.51672656039357,16.3272204761184,-1.02436058180666));
#2346=CARTESIAN_POINT('',(1.51672656039357,15.3272204761184,2.97563941819334));
#2347=CARTESIAN_POINT('',(4.61956456019644,15.3272204761184,1.5));
#2348=CARTESIAN_POINT('Ctrl Pts',(4.61956456019644,15.3272204761184,1.5));
#2349=CARTESIAN_POINT('Ctrl Pts',(4.4645111211003,15.3272204761184,1.69058517483399));
#2350=CARTESIAN_POINT('Ctrl Pts',(4.28511822694137,15.3274940199473,1.87406286760944));
#2351=CARTESIAN_POINT('Ctrl Pts',(3.85881097075887,15.3154622941661,2.23231905180177));
#2352=CARTESIAN_POINT('Ctrl Pts',(3.60504661686037,15.3001188211283,2.39893587253695));
#2353=CARTESIAN_POINT('Ctrl Pts',(3.35373404865596,15.2591393092054,2.52886379727044));
#2354=CARTESIAN_POINT('',(4.61956456019644,15.3272204761184,1.5));
#2355=CARTESIAN_POINT('Origin',(-34.9075015321128,15.3272204761184,2.97563941819334));
#2356=CARTESIAN_POINT('',(-34.616908520705,16.3272204761184,2.97563941819334));
#2357=CARTESIAN_POINT('',(-14.7060265204796,16.3272204761184,2.97563941819334));
#2358=CARTESIAN_POINT('',(-34.616908520705,7.66361023805921,2.97563941819334));
#2359=CARTESIAN_POINT('Origin',(-14.7060265204796,16.3272204761184,-1.02436058180666));
#2360=CARTESIAN_POINT('',(15.6052391278938,19.4300584759213,1.5));
#2361=CARTESIAN_POINT('',(-14.7060265204796,19.4300584759213,1.5));
#2362=CARTESIAN_POINT('',(10.4954484911537,20.3272204761184,-1.02436058180666));
#2363=CARTESIAN_POINT('Ctrl Pts',(15.6052391278938,19.4300584759213,1.5));
#2364=CARTESIAN_POINT('Ctrl Pts',(13.9159782402256,20.0421175144594,0.747682737329239));
#2365=CARTESIAN_POINT('Ctrl Pts',(12.1463614704199,20.3272204761184,-0.17183278517524));
#2366=CARTESIAN_POINT('Ctrl Pts',(10.4954484911537,20.3272204761184,-1.02436058180666));
#2367=CARTESIAN_POINT('',(-62.2921169167282,20.3272204761184,-1.02436058180666));
#2368=CARTESIAN_POINT('',(-14.7060265204796,20.3272204761184,-1.02436058180666));
#2369=CARTESIAN_POINT('',(-35.1950432820064,16.9053552374198,2.93363893787181));
#2370=CARTESIAN_POINT('Origin',(-62.2921169167282,16.3272204761184,-1.02436058180666));
#2371=CARTESIAN_POINT('Origin',(-34.616908520705,16.3272204761184,-1.02436058180666));
#2372=CARTESIAN_POINT('Origin',(-34.616908520705,7.66361023805921,-1.02436058180666));
#2373=CARTESIAN_POINT('',(-35.1950432820064,7.66361023805921,2.93363893787181));
#2374=CARTESIAN_POINT('Origin',(-32.1214729318276,0.,3.38258741598781));
#2375=CARTESIAN_POINT('',(-108.495448371944,20.3272204761184,-7.7731618056023));
#2376=CARTESIAN_POINT('',(-13.9478029101257,20.3272204761184,6.03716843039371));
#2377=CARTESIAN_POINT('',(-112.164964705738,17.9192788531964,-8.30915857345975));
#2378=CARTESIAN_POINT('Origin',(-108.495448371944,16.3272204761184,-7.7731618056023));
#2379=CARTESIAN_POINT('',(-112.164964705738,-12.9192788531964,-8.30915857345975));
#2380=CARTESIAN_POINT('',(-112.164964705738,15.3272204761184,-8.30915857345975));
#2381=CARTESIAN_POINT('',(-108.495448371944,-15.3272204761184,-7.7731618056023));
#2382=CARTESIAN_POINT('Origin',(-108.495448371944,-11.3272204761184,-7.7731618056023));
#2383=CARTESIAN_POINT('',(-39.9580155762576,-15.3272204761184,2.23792388365533));
#2384=CARTESIAN_POINT('',(-15.4120114424248,-15.3272204761184,5.82329527399046));
#2385=CARTESIAN_POINT('',(-34.7407252412826,-15.1192111854105,3.));
#2386=CARTESIAN_POINT('Origin',(-39.9580155762576,-13.8272204761184,2.23792388365533));
#2387=CARTESIAN_POINT('',(-34.7407252412826,-2.66361023805921,3.));
#2388=CARTESIAN_POINT('Origin',(5.49544849115374,20.3272204761184,0.));
#2389=CARTESIAN_POINT('',(10.4954484911537,20.3272204761184,-18.));
#2390=CARTESIAN_POINT('',(10.4954484911537,20.3272204761184,0.));
#2391=CARTESIAN_POINT('',(-6.85733426110828,20.3272204761184,-18.));
#2392=CARTESIAN_POINT('',(5.49544849115374,20.3272204761184,-18.));
#2393=CARTESIAN_POINT('',(-43.7938372074596,20.3272204761184,-18.));
#2394=CARTESIAN_POINT('Origin',(-25.325585734284,20.3272204761184,-50.));
#2395=CARTESIAN_POINT('',(-108.495448371944,20.3272204761184,-18.));
#2396=CARTESIAN_POINT('',(-107.495448371944,20.3272204761184,-18.));
#2397=CARTESIAN_POINT('',(-108.495448371944,20.3272204761184,0.));
#2398=CARTESIAN_POINT('Origin',(10.4954484911537,5.32722047611842,0.));
#2399=CARTESIAN_POINT('',(20.0337969064647,16.9039173067404,1.5));
#2400=CARTESIAN_POINT('Origin',(10.4954484911537,5.32722047611842,1.5));
#2401=CARTESIAN_POINT('',(25.4954484911537,5.32722047611842,-3.));
#2402=CARTESIAN_POINT('Ctrl Pts',(25.4954484911537,5.32722047611842,-3.));
#2403=CARTESIAN_POINT('Ctrl Pts',(25.4954484911537,6.18802225754621,-3.));
#2404=CARTESIAN_POINT('Ctrl Pts',(25.4205179730717,7.05620775889805,-2.89778316130802));
#2405=CARTESIAN_POINT('Ctrl Pts',(25.1231307266218,8.75913097672238,-2.52083135377262));
#2406=CARTESIAN_POINT('Ctrl Pts',(24.900878204621,9.59434438420828,-2.2480870760344));
#2407=CARTESIAN_POINT('Ctrl Pts',(24.0379033727557,11.9981285974179,-1.29527698112551));
#2408=CARTESIAN_POINT('Ctrl Pts',(23.1905787823791,13.4700848079749,-0.49084017056216));
#2409=CARTESIAN_POINT('Ctrl Pts',(21.6391979840221,15.4092139753261,0.616182188440141));
#2410=CARTESIAN_POINT('Ctrl Pts',(20.9448003783073,16.1365944960624,1.04830969916217));
#2411=CARTESIAN_POINT('Ctrl Pts',(20.1238929021057,16.829240892054,1.45608457036071));
#2412=CARTESIAN_POINT('Ctrl Pts',(20.0789680103264,16.8666996328875,1.47812263589986));
#2413=CARTESIAN_POINT('Ctrl Pts',(20.0337969064647,16.9039173067404,1.5));
#2414=CARTESIAN_POINT('Origin',(10.4954484911537,5.32722047611842,-3.));
#2415=CARTESIAN_POINT('Origin',(-25.325585734284,0.,-14.5));
#2416=CARTESIAN_POINT('',(-43.7938372074596,17.0564852042718,-18.));
#2417=CARTESIAN_POINT('',(-42.6306886985186,15.3272204761184,-17.3563218390805));
#2418=CARTESIAN_POINT('Ctrl Pts',(-43.7938372074597,17.0564852042718,-18.));
#2419=CARTESIAN_POINT('Ctrl Pts',(-43.7938372074597,16.859938254714,-18.));
#2420=CARTESIAN_POINT('Ctrl Pts',(-43.7806473966945,16.6757523279687,-17.9923767354766));
#2421=CARTESIAN_POINT('Ctrl Pts',(-43.7202884920909,16.2900524031005,-17.9576413459147));
#2422=CARTESIAN_POINT('Ctrl Pts',(-43.6609445677366,16.0736225720984,-17.9234691637682));
#2423=CARTESIAN_POINT('Ctrl Pts',(-43.4935096265451,15.7553034835156,-17.8284429215545));
#2424=CARTESIAN_POINT('Ctrl Pts',(-43.4071279733371,15.6412208390528,-17.7796764189547));
#2425=CARTESIAN_POINT('Ctrl Pts',(-43.200263119477,15.4671631350572,-17.6644903634909));
#2426=CARTESIAN_POINT('Ctrl Pts',(-43.089268563602,15.4092697706355,-17.6032935856566));
#2427=CARTESIAN_POINT('Ctrl Pts',(-42.8593263366474,15.3406278817722,-17.4783169690735));
#2428=CARTESIAN_POINT('Ctrl Pts',(-42.7451213844122,15.3272204761184,-17.4169850217678));
#2429=CARTESIAN_POINT('Ctrl Pts',(-42.6306886985186,15.3272204761184,-17.3563218390805));
#2430=CARTESIAN_POINT('',(-48.4424686583787,-2.83100166792568E-15,-17.3563218390805));
#2431=CARTESIAN_POINT('Origin',(-25.325585734284,0.,-17.3563218390805));
#2432=CARTESIAN_POINT('',(-47.3293299996988,-7.08699614988801,-17.3563218390805));
#2433=CARTESIAN_POINT('Origin',(-25.325585734284,0.,-17.3563218390805));
#2434=CARTESIAN_POINT('',(-49.2546576229226,-7.70710831300322,-18.));
#2435=CARTESIAN_POINT('Origin',(-49.2546576229226,-7.70710831300322,-14.5));
#2436=CARTESIAN_POINT('Origin',(-25.325585734284,0.,-18.));
#2437=CARTESIAN_POINT('Ctrl Pts',(-54.9803897151251,-11.8272204761184,-18.));
#2438=CARTESIAN_POINT('Ctrl Pts',(-53.8325949827434,-11.8272204761184,-18.));
#2439=CARTESIAN_POINT('Ctrl Pts',(-51.9238537895161,-11.4603493546976,-18.));
#2440=CARTESIAN_POINT('Ctrl Pts',(-49.930296290905,-10.2224659874682,-18.));
#2441=CARTESIAN_POINT('Ctrl Pts',(-49.115807218644,-8.87222272653816,-18.));
#2442=CARTESIAN_POINT('Ctrl Pts',(-49.1373635962155,-8.071283446295,-18.));
#2443=CARTESIAN_POINT('Ctrl Pts',(-49.2546576229226,-7.70710831300322,-18.));
#2444=CARTESIAN_POINT('Ctrl Pts',(-54.9803897151251,-12.874418027315,-18.));
#2445=CARTESIAN_POINT('Ctrl Pts',(-53.6908811476372,-12.7646943953684,-17.9959481443202));
#2446=CARTESIAN_POINT('Ctrl Pts',(-51.6387404182775,-12.17888768483,-17.9986565379031));
#2447=CARTESIAN_POINT('Ctrl Pts',(-49.5604471031258,-10.6140574849283,-17.9981101820043));
#2448=CARTESIAN_POINT('Ctrl Pts',(-48.7204248980792,-8.98040324578623,-17.9991225166378));
#2449=CARTESIAN_POINT('Ctrl Pts',(-48.7426332912721,-8.02008656992344,-17.9999516252091));
#2450=CARTESIAN_POINT('Ctrl Pts',(-48.8636512892587,-7.58117245645841,-18.));
#2451=CARTESIAN_POINT('Ctrl Pts',(-54.9803897151252,-14.6875998551846,-17.1213853006508));
#2452=CARTESIAN_POINT('Ctrl Pts',(-53.447240423103,-14.4023768688535,-17.3133217145637));
#2453=CARTESIAN_POINT('Ctrl Pts',(-51.1415089145364,-13.4369155445332,-17.5771352850621));
#2454=CARTESIAN_POINT('Ctrl Pts',(-48.9137527137655,-11.3016076333267,-17.8022294177666));
#2455=CARTESIAN_POINT('Ctrl Pts',(-48.0285762294914,-9.17066534456754,-17.8866186970105));
#2456=CARTESIAN_POINT('Ctrl Pts',(-48.0519755147165,-7.93047467782651,-17.8842477647505));
#2457=CARTESIAN_POINT('Ctrl Pts',(-48.1795621107975,-7.36084007504843,-17.8720473334012));
#2458=CARTESIAN_POINT('Ctrl Pts',(-54.9803897151251,-15.3272204761184,-15.2853981633975));
#2459=CARTESIAN_POINT('Ctrl Pts',(-53.3605182491358,-15.199510963428,-15.7710206322211));
#2460=CARTESIAN_POINT('Ctrl Pts',(-50.8313078455627,-14.321470124316,-16.5354737153304));
#2461=CARTESIAN_POINT('Ctrl Pts',(-48.3761822548974,-11.8925374851855,-17.2870446459033));
#2462=CARTESIAN_POINT('Ctrl Pts',(-47.4027166860775,-9.34612865641536,-17.5855083404464));
#2463=CARTESIAN_POINT('Ctrl Pts',(-47.4284144802356,-7.84828131107594,-17.5774210731129));
#2464=CARTESIAN_POINT('Ctrl Pts',(-47.5686528418552,-7.16407757932493,-17.5343739072535));
#2465=CARTESIAN_POINT('Ctrl Pts',(-54.9803897151251,-15.3272204761184,-14.5));
#2466=CARTESIAN_POINT('Ctrl Pts',(-53.3608469445962,-15.3272204761184,-15.064733301392));
#2467=CARTESIAN_POINT('Ctrl Pts',(-50.7516744387615,-14.593478233277,-16.0171974310384));
#2468=CARTESIAN_POINT('Ctrl Pts',(-48.1786131452055,-12.117711498818,-17.0180309166435));
#2469=CARTESIAN_POINT('Ctrl Pts',(-47.1548588591222,-9.41722497695798,-17.425842076074));
#2470=CARTESIAN_POINT('Ctrl Pts',(-47.1818812659791,-7.81534641647158,-17.4150588262719));
#2471=CARTESIAN_POINT('Ctrl Pts',(-47.3293299996988,-7.08699614988802,-17.3563218390805));
#2472=CARTESIAN_POINT('',(-54.9803897151251,-15.3272204761184,-14.5));
#2473=CARTESIAN_POINT('Ctrl Pts',(-47.3293299996988,-7.08699614988802,-17.3563218390805));
#2474=CARTESIAN_POINT('Ctrl Pts',(-47.1818812659791,-7.81534641647158,-17.4150588262719));
#2475=CARTESIAN_POINT('Ctrl Pts',(-47.1548588591222,-9.41722497695798,-17.425842076074));
#2476=CARTESIAN_POINT('Ctrl Pts',(-48.1786131452055,-12.117711498818,-17.0180309166435));
#2477=CARTESIAN_POINT('Ctrl Pts',(-50.7516744387615,-14.593478233277,-16.0171974310384));
#2478=CARTESIAN_POINT('Ctrl Pts',(-53.3608469445962,-15.3272204761184,-15.064733301392));
#2479=CARTESIAN_POINT('Ctrl Pts',(-54.9803897151251,-15.3272204761184,-14.5));
#2480=CARTESIAN_POINT('',(-54.9803897151251,-11.8272204761184,-18.));
#2481=CARTESIAN_POINT('Origin',(-54.9803897151251,-11.8272204761184,-14.5));
#2482=CARTESIAN_POINT('Ctrl Pts',(-54.9803897151251,-11.8272204761184,-18.));
#2483=CARTESIAN_POINT('Ctrl Pts',(-53.8325949827434,-11.8272204761184,-18.));
#2484=CARTESIAN_POINT('Ctrl Pts',(-51.9238537895161,-11.4603493546976,-18.));
#2485=CARTESIAN_POINT('Ctrl Pts',(-49.930296290905,-10.2224659874682,-18.));
#2486=CARTESIAN_POINT('Ctrl Pts',(-49.115807218644,-8.87222272653816,-18.));
#2487=CARTESIAN_POINT('Ctrl Pts',(-49.1373635962155,-8.071283446295,-18.));
#2488=CARTESIAN_POINT('Ctrl Pts',(-49.2546576229226,-7.70710831300322,-18.));
#2489=CARTESIAN_POINT('Origin',(3.2522758438301,-11.8272204761184,-14.5));
#2490=CARTESIAN_POINT('',(-108.495448371944,-15.3272204761184,-14.5));
#2491=CARTESIAN_POINT('',(-108.495448371944,-11.8272204761184,-18.));
#2492=CARTESIAN_POINT('Origin',(-108.495448371944,-11.8272204761184,-14.5));
#2493=CARTESIAN_POINT('',(3.2522758438301,-11.8272204761184,-18.));
#2494=CARTESIAN_POINT('',(3.2522758438301,-15.3272204761184,-14.5));
#2495=CARTESIAN_POINT('Ctrl Pts',(-112.495448371944,-11.3272204761184,-14.));
#2496=CARTESIAN_POINT('Ctrl Pts',(-112.495448371944,-11.3282574594292,-14.0082958664772));
#2497=CARTESIAN_POINT('Ctrl Pts',(-112.495423442271,-11.329294254672,-14.0165902284204));
#2498=CARTESIAN_POINT('Ctrl Pts',(-112.493091481196,-11.3749780392304,-14.3820605050756));
#2499=CARTESIAN_POINT('Ctrl Pts',(-112.393270318649,-11.4645762529687,-15.0988462148368));
#2500=CARTESIAN_POINT('Ctrl Pts',(-111.944613971829,-11.5936318338314,-16.1312908617727));
#2501=CARTESIAN_POINT('Ctrl Pts',(-111.168854244122,-11.7104204261113,-17.0655995999658));
#2502=CARTESIAN_POINT('Ctrl Pts',(-110.202130036009,-11.7863583786007,-17.6731032198761));
#2503=CARTESIAN_POINT('Ctrl Pts',(-109.258486264045,-11.8210532456054,-17.9506621559026));
#2504=CARTESIAN_POINT('Ctrl Pts',(-108.747939736652,-11.8272204761184,-18.));
#2505=CARTESIAN_POINT('Ctrl Pts',(-108.495448371944,-11.8272204761184,-18.));
#2506=CARTESIAN_POINT('Ctrl Pts',(-112.495448371944,-11.3272204761184,-14.));
#2507=CARTESIAN_POINT('Ctrl Pts',(-112.49543850303,-11.3296449546173,-14.0069165879927));
#2508=CARTESIAN_POINT('Ctrl Pts',(-112.495444646286,-11.3320534445513,-14.013821050836));
#2509=CARTESIAN_POINT('Ctrl Pts',(-112.493359424495,-11.4388729132578,-14.3185156010436));
#2510=CARTESIAN_POINT('Ctrl Pts',(-112.429059885769,-11.6475954251526,-14.9157512830981));
#2511=CARTESIAN_POINT('Ctrl Pts',(-112.113643273016,-11.9763955199169,-15.8308278148959));
#2512=CARTESIAN_POINT('Ctrl Pts',(-111.503145062831,-12.3332307696049,-16.7678177948682));
#2513=CARTESIAN_POINT('Ctrl Pts',(-110.564311155996,-12.6519323590082,-17.5203632924813));
#2514=CARTESIAN_POINT('Ctrl Pts',(-109.456924150917,-12.8391319332253,-17.925033339343));
#2515=CARTESIAN_POINT('Ctrl Pts',(-108.814537859058,-12.874046480496,-17.9994726309632));
#2516=CARTESIAN_POINT('Ctrl Pts',(-108.495448371944,-12.874418027315,-18.));
#2517=CARTESIAN_POINT('Ctrl Pts',(-112.495448371944,-11.3272204761184,-14.));
#2518=CARTESIAN_POINT('Ctrl Pts',(-112.495431981333,-11.3320676846245,-14.0045026903675));
#2519=CARTESIAN_POINT('Ctrl Pts',(-112.495459151833,-11.3368882981069,-14.0089752424707));
#2520=CARTESIAN_POINT('Ctrl Pts',(-112.493643504001,-11.5504283838018,-14.2073511655258));
#2521=CARTESIAN_POINT('Ctrl Pts',(-112.455747382829,-11.967934345767,-14.5948912742653));
#2522=CARTESIAN_POINT('Ctrl Pts',(-112.243678207257,-12.6468022624986,-15.2238123333471));
#2523=CARTESIAN_POINT('Ctrl Pts',(-111.774590276943,-13.4206371342309,-15.9403605259029));
#2524=CARTESIAN_POINT('Ctrl Pts',(-110.877279889922,-14.1570044776907,-16.6247450378593));
#2525=CARTESIAN_POINT('Ctrl Pts',(-109.633869518537,-14.6019077816376,-17.0410697385213));
#2526=CARTESIAN_POINT('Ctrl Pts',(-108.873631304283,-14.6859185152598,-17.1196881234672));
#2527=CARTESIAN_POINT('Ctrl Pts',(-108.495448371944,-14.686765747053,-17.1205024037507));
#2528=CARTESIAN_POINT('Ctrl Pts',(-112.495448371944,-11.3272204761184,-14.));
#2529=CARTESIAN_POINT('Ctrl Pts',(-112.495440970259,-11.3344818837352,-14.0020776046945));
#2530=CARTESIAN_POINT('Ctrl Pts',(-112.495439345282,-11.3417338213572,-14.0041431709607));
#2531=CARTESIAN_POINT('Ctrl Pts',(-112.49329243867,-11.6616223029901,-14.0956787186547));
#2532=CARTESIAN_POINT('Ctrl Pts',(-112.420112493989,-12.2887454921164,-14.2746201559923));
#2533=CARTESIAN_POINT('Ctrl Pts',(-112.071385947719,-13.2331640526642,-14.5534841222855));
#2534=CARTESIAN_POINT('Ctrl Pts',(-111.419572358154,-14.169483722238,-14.8503077076159));
#2535=CARTESIAN_POINT('Ctrl Pts',(-110.473765875999,-14.8857687504302,-15.1083183877901));
#2536=CARTESIAN_POINT('Ctrl Pts',(-109.407314679199,-15.2586610195948,-15.2573917852027));
#2537=CARTESIAN_POINT('Ctrl Pts',(-108.797888328457,-15.3268249493408,-15.2851195032832));
#2538=CARTESIAN_POINT('Ctrl Pts',(-108.495448371944,-15.3272204761184,-15.2853981633974));
#2539=CARTESIAN_POINT('Ctrl Pts',(-112.495448371944,-11.3272204761184,-14.));
#2540=CARTESIAN_POINT('Ctrl Pts',(-112.495448371944,-11.3355163425968,-14.0010369833016));
#2541=CARTESIAN_POINT('Ctrl Pts',(-112.495423442271,-11.3438107045469,-14.0020737785526));
#2542=CARTESIAN_POINT('Ctrl Pts',(-112.493091481196,-11.7092809810138,-14.0477575631339));
#2543=CARTESIAN_POINT('Ctrl Pts',(-112.393270318649,-12.4260666909205,-14.1373557768545));
#2544=CARTESIAN_POINT('Ctrl Pts',(-111.944613971829,-13.4585113378218,-14.2664113577214));
#2545=CARTESIAN_POINT('Ctrl Pts',(-111.168854244122,-14.3928200760612,-14.3831999499957));
#2546=CARTESIAN_POINT('Ctrl Pts',(-110.202130036009,-15.0003236959763,-14.4591379024845));
#2547=CARTESIAN_POINT('Ctrl Pts',(-109.258486264045,-15.2778826320145,-14.4938327694878));
#2548=CARTESIAN_POINT('Ctrl Pts',(-108.747939736652,-15.3272204761184,-14.5));
#2549=CARTESIAN_POINT('Ctrl Pts',(-108.495448371944,-15.3272204761184,-14.5));
#2550=CARTESIAN_POINT('',(-112.495448371944,-11.3272204761184,-14.));
#2551=CARTESIAN_POINT('Ctrl Pts',(-108.495448371944,-15.3272204761184,-14.5));
#2552=CARTESIAN_POINT('Ctrl Pts',(-108.747939736652,-15.3272204761184,-14.5));
#2553=CARTESIAN_POINT('Ctrl Pts',(-109.258486264045,-15.2778826320145,-14.4938327694878));
#2554=CARTESIAN_POINT('Ctrl Pts',(-110.202130036009,-15.0003236959763,-14.4591379024845));
#2555=CARTESIAN_POINT('Ctrl Pts',(-111.168854244122,-14.3928200760612,-14.3831999499957));
#2556=CARTESIAN_POINT('Ctrl Pts',(-111.944613971829,-13.4585113378218,-14.2664113577214));
#2557=CARTESIAN_POINT('Ctrl Pts',(-112.393270318649,-12.4260666909205,-14.1373557768545));
#2558=CARTESIAN_POINT('Ctrl Pts',(-112.493091481196,-11.7092809810138,-14.0477575631339));
#2559=CARTESIAN_POINT('Ctrl Pts',(-112.495423442271,-11.3438107045469,-14.0020737785526));
#2560=CARTESIAN_POINT('Ctrl Pts',(-112.495448371944,-11.3355163425968,-14.0010369833016));
#2561=CARTESIAN_POINT('Ctrl Pts',(-112.495448371944,-11.3272204761184,-14.));
#2562=CARTESIAN_POINT('Ctrl Pts',(-112.495448371944,-11.3272204761184,-14.));
#2563=CARTESIAN_POINT('Ctrl Pts',(-112.495448371944,-11.3282574594292,-14.0082958664772));
#2564=CARTESIAN_POINT('Ctrl Pts',(-112.495423442271,-11.329294254672,-14.0165902284204));
#2565=CARTESIAN_POINT('Ctrl Pts',(-112.493091481196,-11.3749780392304,-14.3820605050756));
#2566=CARTESIAN_POINT('Ctrl Pts',(-112.393270318649,-11.4645762529687,-15.0988462148368));
#2567=CARTESIAN_POINT('Ctrl Pts',(-111.944613971829,-11.5936318338314,-16.1312908617727));
#2568=CARTESIAN_POINT('Ctrl Pts',(-111.168854244122,-11.7104204261113,-17.0655995999658));
#2569=CARTESIAN_POINT('Ctrl Pts',(-110.202130036009,-11.7863583786007,-17.6731032198761));
#2570=CARTESIAN_POINT('Ctrl Pts',(-109.258486264045,-11.8210532456054,-17.9506621559026));
#2571=CARTESIAN_POINT('Ctrl Pts',(-108.747939736652,-11.8272204761184,-18.));
#2572=CARTESIAN_POINT('Ctrl Pts',(-108.495448371944,-11.8272204761184,-18.));
#2573=CARTESIAN_POINT('Origin',(-108.495448371944,-11.3272204761184,0.));
#2574=CARTESIAN_POINT('',(-108.495448371944,-15.3272204761184,0.));
#2575=CARTESIAN_POINT('',(-112.495448371944,-11.3272204761184,-9.90121695053774));
#2576=CARTESIAN_POINT('Origin',(-108.495448371944,-11.3272204761184,-9.90121695053774));
#2577=CARTESIAN_POINT('',(-112.495448371944,-11.3272204761184,0.));
#2578=CARTESIAN_POINT('Origin',(2.50455162805555,-15.3272204761184,0.));
#2579=CARTESIAN_POINT('',(8.07587230488125,-15.3272204761184,-18.));
#2580=CARTESIAN_POINT('Origin',(-25.325585734284,-15.3272204761184,-50.));
#2581=CARTESIAN_POINT('',(10.4954484911537,-15.3272204761184,-18.));
#2582=CARTESIAN_POINT('',(5.49544849115374,-15.3272204761184,-18.));
#2583=CARTESIAN_POINT('',(10.4954484911537,-15.3272204761184,0.249108109865894));
#2584=CARTESIAN_POINT('',(10.4954484911537,-15.3272204761184,0.));
#2585=CARTESIAN_POINT('',(5.49544849115374,-15.3272204761184,0.249108109865894));
#2586=CARTESIAN_POINT('',(5.49544849115374,-15.3272204761184,0.249108109865894));
#2587=CARTESIAN_POINT('',(4.10286469423599,-15.3272204761184,2.23792388365533));
#2588=CARTESIAN_POINT('',(3.69989403298991,-15.3272204761184,2.81342563028948));
#2589=CARTESIAN_POINT('',(-77.4954483719444,-15.3272204761184,2.23792388365533));
#2590=CARTESIAN_POINT('Origin',(-25.325585734284,-8.32722047611842,-50.));
#2591=CARTESIAN_POINT('',(-2.39581282717753,-7.08699614988801,-18.));
#2592=CARTESIAN_POINT('Origin',(-25.325585734284,-7.08699614988801,-50.));
#2593=CARTESIAN_POINT('Ctrl Pts',(-2.39581282717751,-7.08699614988802,-18.));
#2594=CARTESIAN_POINT('Ctrl Pts',(-2.40458718191492,-7.11538532313997,-18.));
#2595=CARTESIAN_POINT('Ctrl Pts',(-2.41308238964767,-7.14386724682337,-18.));
#2596=CARTESIAN_POINT('Ctrl Pts',(-2.53191685436873,-7.55738156973045,-18.));
#2597=CARTESIAN_POINT('Ctrl Pts',(-2.58647039062149,-7.95742569737223,-18.));
#2598=CARTESIAN_POINT('Ctrl Pts',(-2.58647039062149,-8.6970152548646,-18.));
#2599=CARTESIAN_POINT('Ctrl Pts',(-2.53191685436873,-9.09705938250639,-18.));
#2600=CARTESIAN_POINT('Ctrl Pts',(-2.31066216210447,-9.86697057347632,-18.));
#2601=CARTESIAN_POINT('Ctrl Pts',(-2.14501471158864,-10.2371400571999,-18.));
#2602=CARTESIAN_POINT('Ctrl Pts',(-1.71516272674969,-10.9909054674517,-18.));
#2603=CARTESIAN_POINT('Ctrl Pts',(-1.38649299359173,-11.4240408537746,-18.));
#2604=CARTESIAN_POINT('Ctrl Pts',(-0.639576075263453,-12.2097672527004,
-18.));
#2605=CARTESIAN_POINT('Ctrl Pts',(-0.22235112905939,-12.5633293801475,-18.));
#2606=CARTESIAN_POINT('Ctrl Pts',(0.69063775855621,-13.2334999803995,-18.));
#2607=CARTESIAN_POINT('Ctrl Pts',(1.2861678972596,-13.5932349347326,-18.));
#2608=CARTESIAN_POINT('Ctrl Pts',(2.5310302835001,-14.2065570210311,-18.));
#2609=CARTESIAN_POINT('Ctrl Pts',(3.18011251381086,-14.4606514836058,-18.));
#2610=CARTESIAN_POINT('Ctrl Pts',(4.43625152919452,-14.8610468667075,-18.));
#2611=CARTESIAN_POINT('Ctrl Pts',(5.16571237685216,-15.0385345413799,-18.));
#2612=CARTESIAN_POINT('Ctrl Pts',(6.64361465187722,-15.2717399130715,-18.));
#2613=CARTESIAN_POINT('Ctrl Pts',(7.3920934880159,-15.3272204761184,-18.));
#2614=CARTESIAN_POINT('Ctrl Pts',(8.07587230488125,-15.3272204761184,-18.));
#2615=CARTESIAN_POINT('Origin',(-25.325585734284,0.,-50.));
#2616=CARTESIAN_POINT('',(-6.85733426110828,15.3272204761184,-18.));
#2617=CARTESIAN_POINT('Origin',(-25.325585734284,15.3272204761184,-50.));
#2618=CARTESIAN_POINT('Origin',(-25.325585734284,0.,-18.));
#2619=CARTESIAN_POINT('',(-25.325585734284,-2.99951956532372E-31,-10.));
#2620=CARTESIAN_POINT('Origin',(-25.325585734284,0.,-50.));
#2621=CARTESIAN_POINT('Origin',(-25.325585734284,15.3272204761184,-50.));
#2622=CARTESIAN_POINT('',(-43.7938372074596,15.3272204761184,-18.));
#2623=CARTESIAN_POINT('',(-6.85733426110828,15.3272204761184,-18.));
#2624=CARTESIAN_POINT('Origin',(-108.495448371944,15.3272204761184,-9.90121695053774));
#2625=CARTESIAN_POINT('',(-112.495448371944,16.3272204761184,-9.90121695053774));
#2626=CARTESIAN_POINT('Origin',(-108.495448371944,16.3272204761184,-9.90121695053774));
#2627=CARTESIAN_POINT('',(-112.495448371944,15.3272204761184,-9.90121695053774));
#2628=CARTESIAN_POINT('Origin',(-112.495448371944,5.32722047611842,0.));
#2629=CARTESIAN_POINT('',(-112.495448371944,16.3272204761184,-14.));
#2630=CARTESIAN_POINT('',(-112.495448371944,16.3272204761184,0.));
#2631=CARTESIAN_POINT('',(-112.495448371944,2.66361023805921,-14.));
#2632=CARTESIAN_POINT('Origin',(-108.495448371944,16.3272204761184,0.));
#2633=CARTESIAN_POINT('Origin',(-108.495448371944,16.3272204761184,-14.));
#2634=CARTESIAN_POINT('Origin',(-108.495448371944,2.66361023805921,-14.));
#2635=CARTESIAN_POINT('',(-108.495448371944,2.66361023805921,-18.));
#2636=CARTESIAN_POINT('Origin',(4.00000005960464,0.,-18.));
#2637=CARTESIAN_POINT('',(10.4954484911537,-2.66361023805921,-18.));
#2638=CARTESIAN_POINT('Origin',(13.4954484911537,-2.66361023805921,-12.));
#2639=CARTESIAN_POINT('',(20.0337969064647,15.3272204761184,1.5));
#2640=CARTESIAN_POINT('',(13.4954484911537,13.8272204761184,3.));
#2641=CARTESIAN_POINT('Ctrl Pts',(20.0337969064648,15.3272204761184,1.5));
#2642=CARTESIAN_POINT('Ctrl Pts',(19.5870784452506,15.3272204761184,1.71635562540515));
#2643=CARTESIAN_POINT('Ctrl Pts',(19.0889352322231,15.2784880946333,1.92842010281402));
#2644=CARTESIAN_POINT('Ctrl Pts',(18.0793073501704,15.1162626284386,2.29252312267743));
#2645=CARTESIAN_POINT('Ctrl Pts',(17.5677058595481,15.0038309718421,2.44470984783597));
#2646=CARTESIAN_POINT('Ctrl Pts',(16.5387655957091,14.7491676214825,2.69937319819553));
#2647=CARTESIAN_POINT('Ctrl Pts',(15.9212418370418,14.5750141215133,2.8156877292459));
#2648=CARTESIAN_POINT('Ctrl Pts',(14.68280398843,14.2030661710854,2.96593673009379));
#2649=CARTESIAN_POINT('Ctrl Pts',(14.0616099862685,14.0062564609233,3.));
#2650=CARTESIAN_POINT('Ctrl Pts',(13.4954484911537,13.8272204761184,3.));
#2651=CARTESIAN_POINT('',(13.4954484911537,-13.8272204761184,3.));
#2652=CARTESIAN_POINT('',(13.4954484911537,-2.66361023805921,3.));
#2653=CARTESIAN_POINT('',(15.5087121405842,-13.8272204761184,2.86427830329754));
#2654=CARTESIAN_POINT('Origin',(13.4954484911537,-13.8272204761184,-12.));
#2655=CARTESIAN_POINT('',(16.1245945566689,-14.2309147540107,2.76778896674061));
#2656=CARTESIAN_POINT('Ctrl Pts',(15.5087121405842,-13.8272204761184,2.86427830329754));
#2657=CARTESIAN_POINT('Ctrl Pts',(15.5087121405842,-13.8454974328752,2.86427830329754));
#2658=CARTESIAN_POINT('Ctrl Pts',(15.5133951693368,-13.8645085637993,2.86364588855397));
#2659=CARTESIAN_POINT('Ctrl Pts',(15.5298267826601,-13.8997514262474,2.86140522125678));
#2660=CARTESIAN_POINT('Ctrl Pts',(15.5415133387324,-13.9160124651993,2.85980359035833));
#2661=CARTESIAN_POINT('Ctrl Pts',(15.6112728031344,-13.9968665331265,2.85014143037353));
#2662=CARTESIAN_POINT('Ctrl Pts',(15.7039847832492,-14.0480289827243,2.83673534502985));
#2663=CARTESIAN_POINT('Ctrl Pts',(15.8900567248388,-14.1414624680304,2.80802636672833));
#2664=CARTESIAN_POINT('Ctrl Pts',(16.0054900635277,-14.1873905805302,2.78899343480504));
#2665=CARTESIAN_POINT('Ctrl Pts',(16.1245945566689,-14.2309147540107,2.76778896674062));
#2666=CARTESIAN_POINT('',(22.1533553116744,-9.76614035945564,0.249108109865894));
#2667=CARTESIAN_POINT('Ctrl Pts',(16.1245945566689,-14.2309147540107,2.76778896674062));
#2668=CARTESIAN_POINT('Ctrl Pts',(16.6724181514022,-14.0091190951553,2.67025857461942));
#2669=CARTESIAN_POINT('Ctrl Pts',(17.195618174453,-13.7592168458568,2.54539104847704));
#2670=CARTESIAN_POINT('Ctrl Pts',(18.5329994115837,-13.0288562820033,2.15638370996225));
#2671=CARTESIAN_POINT('Ctrl Pts',(19.3923168520999,-12.4465132755082,1.81948524365389));
#2672=CARTESIAN_POINT('Ctrl Pts',(20.9200075085817,-11.1575136524345,1.06062522746724));
#2673=CARTESIAN_POINT('Ctrl Pts',(21.5949886258529,-10.4557729525324,0.643772496380005));
#2674=CARTESIAN_POINT('Ctrl Pts',(22.1533553116744,-9.76614035945564,0.249108109865894));
#2675=CARTESIAN_POINT('',(25.4954484911537,-0.327220476118417,-3.));
#2676=CARTESIAN_POINT('Ctrl Pts',(22.1533553116744,-9.76614035945564,0.249108109865894));
#2677=CARTESIAN_POINT('Ctrl Pts',(22.1717777388317,-9.74338702095269,0.236086781594054));
#2678=CARTESIAN_POINT('Ctrl Pts',(22.1900770001709,-9.72064958866673,0.223090183802901));
#2679=CARTESIAN_POINT('Ctrl Pts',(23.1905787823791,-8.47008480797489,-0.490840170562159));
#2680=CARTESIAN_POINT('Ctrl Pts',(24.0379033727557,-6.99812859741789,-1.29527698112551));
#2681=CARTESIAN_POINT('Ctrl Pts',(24.900878204621,-4.59434438420828,-2.2480870760344));
#2682=CARTESIAN_POINT('Ctrl Pts',(25.1231307266218,-3.75913097672238,-2.52083135377262));
#2683=CARTESIAN_POINT('Ctrl Pts',(25.4205179730717,-2.05620775889805,-2.89778316130803));
#2684=CARTESIAN_POINT('Ctrl Pts',(25.4954484911537,-1.18802225754621,-3.));
#2685=CARTESIAN_POINT('Ctrl Pts',(25.4954484911537,-0.327220476118417,-3.));
#2686=CARTESIAN_POINT('',(25.4954484911537,-2.66361023805921,-3.));
#2687=CARTESIAN_POINT('',(20.0337969064647,-2.66361023805921,1.5));
#2688=CARTESIAN_POINT('Origin',(10.4954484911537,-0.327220476118417,0.));
#2689=CARTESIAN_POINT('Ctrl Pts',(16.1245945566689,-14.2309147540107,2.76778896674059));
#2690=CARTESIAN_POINT('Ctrl Pts',(15.8910948816812,-14.3254510513778,2.72173198878674));
#2691=CARTESIAN_POINT('Ctrl Pts',(15.6558868776306,-14.4138349447523,2.66133097649897));
#2692=CARTESIAN_POINT('Ctrl Pts',(14.8721216348901,-14.6861919503415,2.42476411326819));
#2693=CARTESIAN_POINT('Ctrl Pts',(14.316905264702,-14.8435003998695,2.20117659784835));
#2694=CARTESIAN_POINT('Ctrl Pts',(12.6457752029251,-15.2160955492457,1.44102272796162));
#2695=CARTESIAN_POINT('Ctrl Pts',(11.5259965435363,-15.3272204761184,0.817276339459063));
#2696=CARTESIAN_POINT('Ctrl Pts',(10.4954484911537,-15.3272204761184,0.249108109865894));
#2697=CARTESIAN_POINT('Origin',(10.4954484911537,-0.327220476118417,0.249108109865894));
#2698=CARTESIAN_POINT('Ctrl Pts',(5.49544849115374,-13.8272204761184,2.86427830329754));
#2699=CARTESIAN_POINT('Ctrl Pts',(5.49544849115374,-15.3272204761184,2.86427830329754));
#2700=CARTESIAN_POINT('Ctrl Pts',(5.49544849115374,-15.3272204761184,0.249108109865894));
#2701=CARTESIAN_POINT('Ctrl Pts',(16.1245945566689,-13.8272204761184,2.86427830329754));
#2702=CARTESIAN_POINT('Ctrl Pts',(16.1245945566689,-15.3272204761184,2.86427830329754));
#2703=CARTESIAN_POINT('Ctrl Pts',(16.1245945566689,-15.3272204761184,0.249108109865894));
#2704=CARTESIAN_POINT('',(5.49544849115374,-13.8272204761184,2.86427830329754));
#2705=CARTESIAN_POINT('',(5.49544849115374,-13.8272204761184,2.86427830329754));
#2706=CARTESIAN_POINT('Origin',(5.49544849115374,-13.8272204761184,0.249108109865894));
#2707=CARTESIAN_POINT('Origin',(5.49544849115374,-13.8272204761184,3.));
#2708=CARTESIAN_POINT('',(5.49544849115374,-13.8272204761184,3.));
#2709=CARTESIAN_POINT('',(5.49544849115374,-13.8272204761184,3.));
#2710=CARTESIAN_POINT('',(5.49544849115374,-13.8272204761184,0.));
#2711=CARTESIAN_POINT('Origin',(4.00000005960464,0.,3.));
#2712=CARTESIAN_POINT('',(5.40041513602406,13.8272204761184,3.));
#2713=CARTESIAN_POINT('',(4.74772427537919,13.8272204761184,3.));
#2714=CARTESIAN_POINT('',(5.40041513602406,-13.8272204761184,3.));
#2715=CARTESIAN_POINT('',(5.40041513602406,4.00000005960464,3.));
#2716=CARTESIAN_POINT('',(3.2522758438301,-13.8272204761184,3.));
#2717=CARTESIAN_POINT('Origin',(4.74772427537919,13.8272204761184,1.5));
#2718=CARTESIAN_POINT('',(4.74772427537919,15.3272204761184,1.5));
#2719=CARTESIAN_POINT('Origin',(4.61956456019644,13.8272204761184,1.5));
#2720=CARTESIAN_POINT('Origin',(10.4954484911537,-2.66361023805921,-3.));
#2721=CARTESIAN_POINT('Origin',(10.4954484911537,-0.327220476118417,-3.));
#2722=CARTESIAN_POINT('Origin',(10.4954484911537,-0.327220476118417,0.));
#2723=CARTESIAN_POINT('Origin',(4.61956456019644,15.3272204761184,1.5));
#2724=CARTESIAN_POINT('Origin',(2.50455162805555,-5.32722047611842,3.));
#2725=CARTESIAN_POINT('',(-5.40041513602406,-15.1192111854105,3.));
#2726=CARTESIAN_POINT('',(-32.4954483719444,-15.1192111854105,3.));
#2727=CARTESIAN_POINT('',(-5.40041513602406,-4.00000005960464,3.));
#2728=CARTESIAN_POINT('Origin',(4.00000005960464,0.,-18.));
#2729=CARTESIAN_POINT('Ctrl Pts',(-2.92864478439821,3.90102385040911,15.6803642336464));
#2730=CARTESIAN_POINT('Ctrl Pts',(-2.92864478439821,1.3003412834697,15.6803642336464));
#2731=CARTESIAN_POINT('Ctrl Pts',(-2.92864478439821,-1.3003412834697,15.6803642336464));
#2732=CARTESIAN_POINT('Ctrl Pts',(-2.92864478439821,-3.90102385040911,15.6803642336464));
#2733=CARTESIAN_POINT('Ctrl Pts',(-3.24982486318418,3.90102385040911,15.8487471762983));
#2734=CARTESIAN_POINT('Ctrl Pts',(-3.24982486318418,1.3003412834697,15.8487471762983));
#2735=CARTESIAN_POINT('Ctrl Pts',(-3.24982486318418,-1.30034128346969,15.8487471762983));
#2736=CARTESIAN_POINT('Ctrl Pts',(-3.24982486318418,-3.90102385040911,15.8487471762983));
#2737=CARTESIAN_POINT('Ctrl Pts',(-3.79775174795586,3.90102385040911,16.3643624053116));
#2738=CARTESIAN_POINT('Ctrl Pts',(-3.79775174795586,1.30034128346971,16.3643624053116));
#2739=CARTESIAN_POINT('Ctrl Pts',(-3.79775174795586,-1.30034128346971,16.3643624053116));
#2740=CARTESIAN_POINT('Ctrl Pts',(-3.79775174795586,-3.90102385040911,16.3643624053116));
#2741=CARTESIAN_POINT('Ctrl Pts',(-4.00000005960465,3.90102385040911,17.0890544474104));
#2742=CARTESIAN_POINT('Ctrl Pts',(-4.00000005960465,1.3003412834697,17.0890544474104));
#2743=CARTESIAN_POINT('Ctrl Pts',(-4.00000005960465,-1.3003412834697,17.0890544474104));
#2744=CARTESIAN_POINT('Ctrl Pts',(-4.00000005960465,-3.90102385040911,17.0890544474104));
#2745=CARTESIAN_POINT('Ctrl Pts',(-4.00000005960465,3.90102385040911,17.4516967758624));
#2746=CARTESIAN_POINT('Ctrl Pts',(-4.00000005960465,1.3003412834697,17.4516967758624));
#2747=CARTESIAN_POINT('Ctrl Pts',(-4.00000005960465,-1.3003412834697,17.4516967758624));
#2748=CARTESIAN_POINT('Ctrl Pts',(-4.00000005960465,-3.90102385040911,17.4516967758624));
#2749=CARTESIAN_POINT('',(-4.00000005960464,-3.90102385040911,17.4516967758624));
#2750=CARTESIAN_POINT('',(-4.00000005960464,3.90102385040911,17.4516967758624));
#2751=CARTESIAN_POINT('Ctrl Pts',(-4.00000005960465,-3.90102385040911,17.4516967758624));
#2752=CARTESIAN_POINT('Ctrl Pts',(-4.00000005960465,-1.3003412834697,17.4516967758624));
#2753=CARTESIAN_POINT('Ctrl Pts',(-4.00000005960465,1.3003412834697,17.4516967758624));
#2754=CARTESIAN_POINT('Ctrl Pts',(-4.00000005960465,3.90102385040911,17.4516967758624));
#2755=CARTESIAN_POINT('',(-2.92864478439821,2.00000005960464,15.6803642336464));
#2756=CARTESIAN_POINT('Ctrl Pts',(-4.00000005960465,3.90102385040911,17.4516967758624));
#2757=CARTESIAN_POINT('Ctrl Pts',(-4.00000005960465,3.83861453306472,17.2599339387219));
#2758=CARTESIAN_POINT('Ctrl Pts',(-3.97271099420549,3.74934275417206,17.0810303703903));
#2759=CARTESIAN_POINT('Ctrl Pts',(-3.86569986865995,3.49291102563168,16.6953422607056));
#2760=CARTESIAN_POINT('Ctrl Pts',(-3.77185050382659,3.31123564176592,16.5037593276209));
#2761=CARTESIAN_POINT('Ctrl Pts',(-3.47880423711676,2.7936893369332,16.064629036899));
#2762=CARTESIAN_POINT('Ctrl Pts',(-3.22812364389256,2.39988189315911,15.8383804669118));
#2763=CARTESIAN_POINT('Ctrl Pts',(-2.93178950342901,2.00419415660998,15.6820155656086));
#2764=CARTESIAN_POINT('Ctrl Pts',(-2.93021773428921,2.0020970666691,15.6811888736188));
#2765=CARTESIAN_POINT('Ctrl Pts',(-2.92864478439821,2.00000005960464,15.6803642336464));
#2766=CARTESIAN_POINT('',(-2.9286447843982,-2.00000005960464,15.6803642336464));
#2767=CARTESIAN_POINT('Ctrl Pts',(-2.92864478439821,2.00000005960464,15.6803642336464));
#2768=CARTESIAN_POINT('Ctrl Pts',(-2.92864478439821,0.666666686534881,15.6803642336464));
#2769=CARTESIAN_POINT('Ctrl Pts',(-2.92864478439821,-0.666666686534882,
15.6803642336464));
#2770=CARTESIAN_POINT('Ctrl Pts',(-2.92864478439821,-2.00000005960464,15.6803642336464));
#2771=CARTESIAN_POINT('Ctrl Pts',(-2.9286447843982,-2.00000005960464,15.6803642336464));
#2772=CARTESIAN_POINT('Ctrl Pts',(-2.93021774032802,-2.00209707471986,15.6811888767847));
#2773=CARTESIAN_POINT('Ctrl Pts',(-2.93178951547439,-2.0041941726802,15.682015571944));
#2774=CARTESIAN_POINT('Ctrl Pts',(-3.22812374215373,-2.3998820267922,15.8383805226094));
#2775=CARTESIAN_POINT('Ctrl Pts',(-3.47880439220348,-2.79368958093572,16.0646291780986));
#2776=CARTESIAN_POINT('Ctrl Pts',(-3.77185059833693,-3.31123582619465,16.5037595226762));
#2777=CARTESIAN_POINT('Ctrl Pts',(-3.86569989732803,-3.49291109565783,16.6953423684244));
#2778=CARTESIAN_POINT('Ctrl Pts',(-3.9727109931149,-3.74934275057527,17.0810303632076));
#2779=CARTESIAN_POINT('Ctrl Pts',(-4.00000005960465,-3.83861453180242,17.2599339348432));
#2780=CARTESIAN_POINT('Ctrl Pts',(-4.00000005960465,-3.90102385040911,17.4516967758624));
#2781=CARTESIAN_POINT('Ctrl Pts',(-3.99308478876183,2.00000005960464,7.07811802536424));
#2782=CARTESIAN_POINT('Ctrl Pts',(-3.78770899091519,2.00000005960464,7.07704830297825));
#2783=CARTESIAN_POINT('Ctrl Pts',(-3.31219796626487,2.00000005960465,7.15356315776984));
#2784=CARTESIAN_POINT('Ctrl Pts',(-2.21547640362727,2.00000005960464,7.6805941998123));
#2785=CARTESIAN_POINT('Ctrl Pts',(-0.939990114483804,2.00000005960464,8.87059748668496));
#2786=CARTESIAN_POINT('Ctrl Pts',(-0.0891121959317853,2.00000005960464,
10.6423654360773));
#2787=CARTESIAN_POINT('Ctrl Pts',(-0.0813231047738306,2.00000005960464,
12.4343562027732));
#2788=CARTESIAN_POINT('Ctrl Pts',(-0.92038661223283,2.00000005960465,14.1429294115826));
#2789=CARTESIAN_POINT('Ctrl Pts',(-2.23057397644798,2.00000005960464,15.3295838147952));
#2790=CARTESIAN_POINT('Ctrl Pts',(-3.41326756979196,2.00000005960464,15.938645903422));
#2791=CARTESIAN_POINT('Ctrl Pts',(-3.94127038611798,2.00000005960464,16.0646641909027));
#2792=CARTESIAN_POINT('Ctrl Pts',(-4.15564894365446,2.00000005960464,16.081398837389));
#2793=CARTESIAN_POINT('Ctrl Pts',(-3.99308478876183,2.59839866028841,7.07811802536424));
#2794=CARTESIAN_POINT('Ctrl Pts',(-3.7885194799666,2.59839866028841,7.07705252449944));
#2795=CARTESIAN_POINT('Ctrl Pts',(-3.31286005637918,2.59839866028842,7.1538602913102));
#2796=CARTESIAN_POINT('Ctrl Pts',(-2.21650987727347,2.59839866028841,7.6805302043994));
#2797=CARTESIAN_POINT('Ctrl Pts',(-0.940469770880278,2.59839866028842,8.87115881496202));
#2798=CARTESIAN_POINT('Ctrl Pts',(-0.0895941130904222,2.59839866028841,
10.6426853592456));
#2799=CARTESIAN_POINT('Ctrl Pts',(-0.0820520137547956,2.59839866028841,
12.433393114469));
#2800=CARTESIAN_POINT('Ctrl Pts',(-0.921004080431618,2.59839866028842,14.1429068541381));
#2801=CARTESIAN_POINT('Ctrl Pts',(-2.23136924350474,2.59839866028841,15.329484362891));
#2802=CARTESIAN_POINT('Ctrl Pts',(-3.41389080849723,2.59839866028841,15.938550957072));
#2803=CARTESIAN_POINT('Ctrl Pts',(-3.94204665342311,2.59839866028841,16.0647247872566));
#2804=CARTESIAN_POINT('Ctrl Pts',(-4.15564894365446,2.59839866028841,16.081398837389));
#2805=CARTESIAN_POINT('Ctrl Pts',(-3.99569676382272,3.63493190545813,6.57664542919416));
#2806=CARTESIAN_POINT('Ctrl Pts',(-3.72753591189214,3.63493190545813,6.57524868396242));
#2807=CARTESIAN_POINT('Ctrl Pts',(-3.14426419586927,3.63493190545813,6.67403439477097));
#2808=CARTESIAN_POINT('Ctrl Pts',(-1.91078636217778,3.63493190545813,7.27287278635135));
#2809=CARTESIAN_POINT('Ctrl Pts',(-0.53419131268596,3.63493190545813,8.56050147437363));
#2810=CARTESIAN_POINT('Ctrl Pts',(0.414451550445598,3.63493190545813,10.5124411754858));
#2811=CARTESIAN_POINT('Ctrl Pts',(0.425988033648628,3.63493190545813,12.560442229743));
#2812=CARTESIAN_POINT('Ctrl Pts',(-0.520996819579322,3.63493190545813,14.4638238217738));
#2813=CARTESIAN_POINT('Ctrl Pts',(-1.93214135632984,3.63493190545813,15.7388576721852));
#2814=CARTESIAN_POINT('Ctrl Pts',(-3.22366281009473,3.63493190545813,16.4076648578483));
#2815=CARTESIAN_POINT('Ctrl Pts',(-3.84210898717847,3.63493190545813,16.5599285065025));
#2816=CARTESIAN_POINT('Ctrl Pts',(-4.11662158927921,3.63493190545813,16.5813572883964));
#2817=CARTESIAN_POINT('Ctrl Pts',(-4.0011642800984,4.00000005960464,5.52693801719309));
#2818=CARTESIAN_POINT('Ctrl Pts',(-3.6023436527273,4.00000005960464,5.52486071617921));
#2819=CARTESIAN_POINT('Ctrl Pts',(-2.79336181612728,4.00000005960465,5.670541373692));
#2820=CARTESIAN_POINT('Ctrl Pts',(-1.27396949692085,4.00000005960464,6.41934961313813));
#2821=CARTESIAN_POINT('Ctrl Pts',(0.314794197150579,4.00000005960465,7.91192290024031));
#2822=CARTESIAN_POINT('Ctrl Pts',(1.46808137709111,4.00000005960464,10.2407792206983));
#2823=CARTESIAN_POINT('Ctrl Pts',(1.48722895056864,4.00000005960464,12.8234627145183));
#2824=CARTESIAN_POINT('Ctrl Pts',(0.314442951580709,4.00000005960465,15.1355146898238));
#2825=CARTESIAN_POINT('Ctrl Pts',(-1.30819799209592,4.00000005960464,16.5954762192322));
#2826=CARTESIAN_POINT('Ctrl Pts',(-2.82736096418809,4.00000005960464,17.3893490701861));
#2827=CARTESIAN_POINT('Ctrl Pts',(-3.63527213296283,4.00000005960464,17.596697633776));
#2828=CARTESIAN_POINT('Ctrl Pts',(-4.03492758751047,4.00000005960464,17.6278952163375));
#2829=CARTESIAN_POINT('Ctrl Pts',(-4.0035018669855,4.00000005960464,5.07814515442792));
#2830=CARTESIAN_POINT('Ctrl Pts',(-3.54889250526611,4.00000005960464,5.07577727166758));
#2831=CARTESIAN_POINT('Ctrl Pts',(-2.6433968702695,4.00000005960465,5.24153406004962));
#2832=CARTESIAN_POINT('Ctrl Pts',(-1.00179816647687,4.00000005960464,6.05442772194798));
#2833=CARTESIAN_POINT('Ctrl Pts',(0.677726639317639,4.00000005960465,7.63468004497343));
#2834=CARTESIAN_POINT('Ctrl Pts',(1.9185074313311,4.00000005960464,10.1246616988659));
#2835=CARTESIAN_POINT('Ctrl Pts',(1.94088660828911,4.00000005960464,12.9358271973761));
#2836=CARTESIAN_POINT('Ctrl Pts',(0.671571510641106,4.00000005960465,15.4226879649386));
#2837=CARTESIAN_POINT('Ctrl Pts',(-1.0415089595019,4.00000005960464,16.9617066537099));
#2838=CARTESIAN_POINT('Ctrl Pts',(-2.65798235803791,4.00000005960464,17.8090506025919));
#2839=CARTESIAN_POINT('Ctrl Pts',(-3.54691147058947,4.00000005960464,18.0399643580853));
#2840=CARTESIAN_POINT('Ctrl Pts',(-4.00000005960568,4.00000005960464,18.0753329950016));
#2841=CARTESIAN_POINT('',(-2.87796244517038,2.00000005960464,7.37163732902148));
#2842=CARTESIAN_POINT('Ctrl Pts',(-2.87763948213575,2.00000005960464,7.37204336969478));
#2843=CARTESIAN_POINT('Ctrl Pts',(-2.75074224434369,2.00000005960464,7.4340601936115));
#2844=CARTESIAN_POINT('Ctrl Pts',(-2.08101384762052,2.00000005960464,7.80604508467974));
#2845=CARTESIAN_POINT('Ctrl Pts',(-0.939990114483804,2.00000005960464,8.87059748668496));
#2846=CARTESIAN_POINT('Ctrl Pts',(-0.0891121959317853,2.00000005960464,
10.6423654360773));
#2847=CARTESIAN_POINT('Ctrl Pts',(-0.0813231047738306,2.00000005960464,
12.4343562027732));
#2848=CARTESIAN_POINT('Ctrl Pts',(-0.92038661223283,2.00000005960465,14.1429294115826));
#2849=CARTESIAN_POINT('Ctrl Pts',(-2.08724351782978,2.00000005960464,15.199767481285));
#2850=CARTESIAN_POINT('Ctrl Pts',(-2.79749112346766,2.00000005960464,15.6113229652377));
#2851=CARTESIAN_POINT('Ctrl Pts',(-2.92844381516057,2.00000005960464,15.6799957628452));
#2852=CARTESIAN_POINT('',(-4.00000005960567,4.00000005960464,18.0753329950017));
#2853=CARTESIAN_POINT('Ctrl Pts',(-4.00004531636716,3.90005753104229,17.4510428066943));
#2854=CARTESIAN_POINT('Ctrl Pts',(-4.00003424275549,3.9232645260573,17.5224284244602));
#2855=CARTESIAN_POINT('Ctrl Pts',(-4.00002618022993,3.9425782055528,17.5950873491354));
#2856=CARTESIAN_POINT('Ctrl Pts',(-4.00001909642958,3.9578579132449,17.6686687750848));
#2857=CARTESIAN_POINT('Ctrl Pts',(-4.00001205234293,3.97305195875262,17.7418376836088));
#2858=CARTESIAN_POINT('Ctrl Pts',(-4.00000615914792,3.98421474627245,17.8157149808728));
#2859=CARTESIAN_POINT('Ctrl Pts',(-4.00000318494502,3.9912250638413,17.8899530462605));
#2860=CARTESIAN_POINT('Ctrl Pts',(-4.00000071666215,3.99704290724623,17.9515630139786));
#2861=CARTESIAN_POINT('Ctrl Pts',(-4.00000005960551,4.00000005960464,18.0134220064083));
#2862=CARTESIAN_POINT('Ctrl Pts',(-4.00000005960568,4.00000005960464,18.0753329950016));
#2863=CARTESIAN_POINT('',(-4.00000006053191,4.00000005960464,5.07812859531541));
#2864=CARTESIAN_POINT('Ctrl Pts',(-4.00000005960568,4.00000005960464,18.0753329950016));
#2865=CARTESIAN_POINT('Ctrl Pts',(-3.89536541342297,4.00000005960464,18.0671650894321));
#2866=CARTESIAN_POINT('Ctrl Pts',(-3.7911082366245,4.00000005985616,18.0546608994176));
#2867=CARTESIAN_POINT('Ctrl Pts',(-3.68742910945263,4.00000005579125,18.038255770345));
#2868=CARTESIAN_POINT('Ctrl Pts',(-3.48235312730977,4.00000004775092,18.0058066357072));
#2869=CARTESIAN_POINT('Ctrl Pts',(-3.27979256711002,4.00000003363822,17.9582390382583));
#2870=CARTESIAN_POINT('Ctrl Pts',(-3.08076049916247,4.00000002823592,17.8986072910848));
#2871=CARTESIAN_POINT('Ctrl Pts',(-2.94484706285507,4.00000002454684,17.8578864376316));
#2872=CARTESIAN_POINT('Ctrl Pts',(-2.8105794412997,4.00000002400845,17.8115384834811));
#2873=CARTESIAN_POINT('Ctrl Pts',(-2.67828542084574,4.00000002574524,17.760523507482));
#2874=CARTESIAN_POINT('Ctrl Pts',(-2.4426411475359,4.00000002883884,17.669654797725));
#2875=CARTESIAN_POINT('Ctrl Pts',(-2.21325623093657,4.00000003832844,17.5639806564323));
#2876=CARTESIAN_POINT('Ctrl Pts',(-1.99009362643167,4.00000004495563,17.4461936862698));
#2877=CARTESIAN_POINT('Ctrl Pts',(-1.87576555546067,4.00000004835079,17.38585043515));
#2878=CARTESIAN_POINT('Ctrl Pts',(-1.76307124640345,4.00000005110317,17.3223273141113));
#2879=CARTESIAN_POINT('Ctrl Pts',(-1.65200944847039,4.00000005299313,17.2559829740049));
#2880=CARTESIAN_POINT('Ctrl Pts',(-1.58955395574727,4.00000005405595,17.2186742996646));
#2881=CARTESIAN_POINT('Ctrl Pts',(-1.52761876562318,4.000000054292,17.1804668443669));
#2882=CARTESIAN_POINT('Ctrl Pts',(-1.46620679839404,4.00000005400457,17.1414292678701));
#2883=CARTESIAN_POINT('Ctrl Pts',(-1.23790718068871,4.00000005293604,16.996306677071));
#2884=CARTESIAN_POINT('Ctrl Pts',(-1.01684232790382,4.00000004396595,16.8397109901648));
#2885=CARTESIAN_POINT('Ctrl Pts',(-0.804352199969729,4.00000001660075,16.6723264442087));
#2886=CARTESIAN_POINT('Ctrl Pts',(-0.583605791629208,3.99999998817229,16.4984381902425));
#2887=CARTESIAN_POINT('Ctrl Pts',(-0.372113886000805,3.99999993701218,16.312907100731));
#2888=CARTESIAN_POINT('Ctrl Pts',(-0.171320008859483,3.99999991292543,16.1165094504758));
#2889=CARTESIAN_POINT('Ctrl Pts',(0.0150531571599161,3.99999989056856,15.9342167810083));
#2890=CARTESIAN_POINT('Ctrl Pts',(0.192210040457988,3.99999990468139,15.7425633017297));
#2891=CARTESIAN_POINT('Ctrl Pts',(0.359045739241919,3.99999996013854,15.5421649984335));
#2892=CARTESIAN_POINT('Ctrl Pts',(0.371954729674249,3.99999996442956,15.5266590857376));
#2893=CARTESIAN_POINT('Ctrl Pts',(0.38480195278276,3.99999996888123,15.5111008112713));
#2894=CARTESIAN_POINT('Ctrl Pts',(0.397586909637028,3.99999997344183,15.4954904564084));
#2895=CARTESIAN_POINT('Ctrl Pts',(0.446042453654083,3.99999999072671,15.4363265307255));
#2896=CARTESIAN_POINT('Ctrl Pts',(0.493579447587311,4.00000000367927,15.3764130233949));
#2897=CARTESIAN_POINT('Ctrl Pts',(0.540174233783232,4.00000001355738,15.3157575832737));
#2898=CARTESIAN_POINT('Ctrl Pts',(0.666255464760148,4.00000004028665,15.1516295084337));
#2899=CARTESIAN_POINT('Ctrl Pts',(0.785440972408089,4.00000004627664,14.9820708867256));
#2900=CARTESIAN_POINT('Ctrl Pts',(0.896821633172644,4.0000000465345,14.8075825718674));
#2901=CARTESIAN_POINT('Ctrl Pts',(1.0050342994174,4.00000004678503,14.6380572193533));
#2902=CARTESIAN_POINT('Ctrl Pts',(1.10588033527258,4.00000004407486,14.463877885686));
#2903=CARTESIAN_POINT('Ctrl Pts',(1.19848116125117,4.00000001047855,14.285486113971));
#2904=CARTESIAN_POINT('Ctrl Pts',(1.28713934711031,3.99999997831266,14.1146896800805));
#2905=CARTESIAN_POINT('Ctrl Pts',(1.36823972995758,3.99999992008957,13.9400313038659));
#2906=CARTESIAN_POINT('Ctrl Pts',(1.44096414868187,3.99999973889874,13.7618912622417));
#2907=CARTESIAN_POINT('Ctrl Pts',(1.47325851443703,3.99999965843825,13.6827855126082));
#2908=CARTESIAN_POINT('Ctrl Pts',(1.50390053338707,3.99999955254946,13.6029931523743));
#2909=CARTESIAN_POINT('Ctrl Pts',(1.53281521103448,3.99999940600098,13.5225474211171));
#2910=CARTESIAN_POINT('Ctrl Pts',(1.5996368559624,3.99999906732835,13.3366378233831));
#2911=CARTESIAN_POINT('Ctrl Pts',(1.65753168877979,3.99999894019621,13.1476943368086));
#2912=CARTESIAN_POINT('Ctrl Pts',(1.70550607935442,3.9999990453835,12.9562004346241));
#2913=CARTESIAN_POINT('Ctrl Pts',(1.71174759573015,3.99999905906848,12.9312868857073));
#2914=CARTESIAN_POINT('Ctrl Pts',(1.71782118654284,3.99999907581104,12.9063302396782));
#2915=CARTESIAN_POINT('Ctrl Pts',(1.72372465782586,3.99999909506002,12.8813316270395));
#2916=CARTESIAN_POINT('Ctrl Pts',(1.76807876364935,3.99999923968186,12.6935114349423));
#2917=CARTESIAN_POINT('Ctrl Pts',(1.80282954255262,3.99999951716546,12.5033180989346));
#2918=CARTESIAN_POINT('Ctrl Pts',(1.82797658578665,3.9999997113415,12.3117888951487));
#2919=CARTESIAN_POINT('Ctrl Pts',(1.85306147671339,3.99999990503762,12.1207330663761));
#2920=CARTESIAN_POINT('Ctrl Pts',(1.86858921026517,4.00000001000559,11.9283480641125));
#2921=CARTESIAN_POINT('Ctrl Pts',(1.87457096100502,4.00000004140477,11.73571447681));
#2922=CARTESIAN_POINT('Ctrl Pts',(1.87878149510114,4.00000006350654,11.600120346819));
#2923=CARTESIAN_POINT('Ctrl Pts',(1.87826251028085,4.00000005960464,11.4644041844393));
#2924=CARTESIAN_POINT('Ctrl Pts',(1.87302462271562,4.00000005960464,11.3289568305328));
#2925=CARTESIAN_POINT('Ctrl Pts',(1.86441288671083,4.00000005960464,11.1062646020605));
#2926=CARTESIAN_POINT('Ctrl Pts',(1.84318790798306,4.00000006166106,10.8837993299413));
#2927=CARTESIAN_POINT('Ctrl Pts',(1.80956356263175,4.00000004153206,10.6632581572772));
#2928=CARTESIAN_POINT('Ctrl Pts',(1.78472506497606,4.00000002666265,10.5003431222642));
#2929=CARTESIAN_POINT('Ctrl Pts',(1.75312149494875,3.99999999833132,10.3384775657308));
#2930=CARTESIAN_POINT('Ctrl Pts',(1.71485281600178,3.99999996502279,10.1783335976982));
#2931=CARTESIAN_POINT('Ctrl Pts',(1.66142009227356,3.9999999185157,9.95473224442239));
#2932=CARTESIAN_POINT('Ctrl Pts',(1.5949927340724,3.99999986588667,9.73448925551987));
#2933=CARTESIAN_POINT('Ctrl Pts',(1.5168732190083,3.9999998744866,9.51838646173526));
#2934=CARTESIAN_POINT('Ctrl Pts',(1.4748764236228,3.9999998791099,9.40221030773123));
#2935=CARTESIAN_POINT('Ctrl Pts',(1.42950099331357,3.99999990218252,9.28722989751577));
#2936=CARTESIAN_POINT('Ctrl Pts',(1.38095184364441,3.9999999382084,9.17356114356592));
#2937=CARTESIAN_POINT('Ctrl Pts',(1.29743318560304,4.00000000018341,8.97801782600381));
#2938=CARTESIAN_POINT('Ctrl Pts',(1.20442505132712,4.00000002399025,8.78662777872716));
#2939=CARTESIAN_POINT('Ctrl Pts',(1.10287180003712,4.00000003660511,8.59984729151825));
#2940=CARTESIAN_POINT('Ctrl Pts',(0.996626831347765,4.00000004980277,8.40443762453845));
#2941=CARTESIAN_POINT('Ctrl Pts',(0.881028493184698,4.00000005137304,8.21407259959274));
#2942=CARTESIAN_POINT('Ctrl Pts',(0.757103813763389,4.00000004873196,8.02929347039749));
#2943=CARTESIAN_POINT('Ctrl Pts',(0.689924526627791,4.00000004730024,7.92912512431146));
#2944=CARTESIAN_POINT('Ctrl Pts',(0.62029749537839,4.00000004417563,7.83059868589344));
#2945=CARTESIAN_POINT('Ctrl Pts',(0.548380914601826,4.00000003681393,7.73380363834884));
#2946=CARTESIAN_POINT('Ctrl Pts',(0.414962590428858,4.00000002315665,7.55423123804567));
#2947=CARTESIAN_POINT('Ctrl Pts',(0.27366626057625,3.9999999974009,7.38061534694349));
#2948=CARTESIAN_POINT('Ctrl Pts',(0.124818915422493,3.99999991430211,7.21364452395528));
#2949=CARTESIAN_POINT('Ctrl Pts',(0.0891654058361339,3.9999998943974,7.17364988493835));
#2950=CARTESIAN_POINT('Ctrl Pts',(0.0530785074419869,3.99999987101622,7.13403668648592));
#2951=CARTESIAN_POINT('Ctrl Pts',(0.0165624446340995,3.99999984316934,7.09481475085783));
#2952=CARTESIAN_POINT('Ctrl Pts',(-0.160162476712764,3.9999997084002,6.90499435523047));
#2953=CARTESIAN_POINT('Ctrl Pts',(-0.346505890450849,3.99999966177938,6.72432021369273));
#2954=CARTESIAN_POINT('Ctrl Pts',(-0.541881695958817,3.99999970502846,6.55407814933262));
#2955=CARTESIAN_POINT('Ctrl Pts',(-0.733755349795143,3.99999974750229,6.3868877091423));
#2956=CARTESIAN_POINT('Ctrl Pts',(-0.9343409176527,3.99999984780686,6.22975960585516));
#2957=CARTESIAN_POINT('Ctrl Pts',(-1.14304228480247,3.99999991349905,6.08393734582117));
#2958=CARTESIAN_POINT('Ctrl Pts',(-1.23942313584526,3.99999994383651,6.01659483764789));
#2959=CARTESIAN_POINT('Ctrl Pts',(-1.33753422956895,3.99999996810913,5.95166381237907));
#2960=CARTESIAN_POINT('Ctrl Pts',(-1.43731321904997,3.99999998512721,5.88926796038163));
#2961=CARTESIAN_POINT('Ctrl Pts',(-1.63270318710837,4.0000000184525,5.76708268277794));
#2962=CARTESIAN_POINT('Ctrl Pts',(-1.83449211583643,4.00000002929176,5.65461898644614));
#2963=CARTESIAN_POINT('Ctrl Pts',(-2.04218682644936,4.00000001155603,5.55491029712371));
#2964=CARTESIAN_POINT('Ctrl Pts',(-2.07132149325229,4.00000000906812,5.54092352089724));
#2965=CARTESIAN_POINT('Ctrl Pts',(-2.10057228662857,4.00000000585749,5.52718772904035));
#2966=CARTESIAN_POINT('Ctrl Pts',(-2.12993775645947,4.00000000167145,5.51371128891398));
#2967=CARTESIAN_POINT('Ctrl Pts',(-2.30429236424968,3.99999997681727,5.43369624246073));
#2968=CARTESIAN_POINT('Ctrl Pts',(-2.48262180375195,3.99999998007895,5.36260421666129));
#2969=CARTESIAN_POINT('Ctrl Pts',(-2.66472525842119,3.99999999723636,5.30217245220836));
#2970=CARTESIAN_POINT('Ctrl Pts',(-2.85321574566879,4.00000001499555,5.23962112528459));
#2971=CARTESIAN_POINT('Ctrl Pts',(-3.04575101560899,4.00000003983589,5.18849057539379));
#2972=CARTESIAN_POINT('Ctrl Pts',(-3.24078068651468,4.0000000502809,5.15094548114852));
#2973=CARTESIAN_POINT('Ctrl Pts',(-3.43109785206688,4.00000006047352,5.114307589673));
#2974=CARTESIAN_POINT('Ctrl Pts',(-3.6237913976771,4.00000005960464,5.09060707743344));
#2975=CARTESIAN_POINT('Ctrl Pts',(-3.81738029655386,4.00000005960464,5.08188178181962));
#2976=CARTESIAN_POINT('Ctrl Pts',(-3.87821144823302,4.00000005960464,5.07914004516009));
#2977=CARTESIAN_POINT('Ctrl Pts',(-3.93909556244991,4.00000005960464,5.07786999294162));
#2978=CARTESIAN_POINT('Ctrl Pts',(-4.00000006051065,4.00000005960464,5.07812860031839));
#2979=CARTESIAN_POINT('',(-4.00000005960464,3.93738922607489,5.57464482777622));
#2980=CARTESIAN_POINT('Ctrl Pts',(-4.00000014782047,4.00000005960464,5.07812860068912));
#2981=CARTESIAN_POINT('Ctrl Pts',(-3.99999995386044,4.00000005960464,5.15132756882906));
#2982=CARTESIAN_POINT('Ctrl Pts',(-3.99999978909645,3.99584249686305,5.22436083549738));
#2983=CARTESIAN_POINT('Ctrl Pts',(-3.99999951179553,3.98771070621404,5.29690046652899));
#2984=CARTESIAN_POINT('Ctrl Pts',(-3.9999992278444,3.9793838993147,5.37117973984292));
#2985=CARTESIAN_POINT('Ctrl Pts',(-3.99999881306656,3.96688984155762,5.44494235816321));
#2986=CARTESIAN_POINT('Ctrl Pts',(-3.99999819896108,3.95037138534655,5.51783744348956));
#2987=CARTESIAN_POINT('Ctrl Pts',(-3.99999803770663,3.94603389822263,5.53697854783732));
#2988=CARTESIAN_POINT('Ctrl Pts',(-3.99999786376239,3.94141864943036,5.55605979833072));
#2989=CARTESIAN_POINT('Ctrl Pts',(-3.99999767870748,3.93652764460794,5.57507472691611));
#2990=CARTESIAN_POINT('Ctrl Pts',(-2.87796244517038,2.00000005960464,7.37163732902148));
#2991=CARTESIAN_POINT('Ctrl Pts',(-2.87948767655287,2.00209601370037,7.37089214183668));
#2992=CARTESIAN_POINT('Ctrl Pts',(-2.88101182842599,2.00419209024192,7.37014507669014));
#2993=CARTESIAN_POINT('Ctrl Pts',(-3.04702560211896,2.23267557737412,7.28851095936748));
#2994=CARTESIAN_POINT('Ctrl Pts',(-3.20153670671784,2.46446348009207,7.18447902075988));
#2995=CARTESIAN_POINT('Ctrl Pts',(-3.47101219449437,2.89245204803133,6.94098863051574));
#2996=CARTESIAN_POINT('Ctrl Pts',(-3.59428781074202,3.09970437907914,6.79851839651018));
#2997=CARTESIAN_POINT('Ctrl Pts',(-3.7933220306494,3.4499440854232,6.4778651762034));
#2998=CARTESIAN_POINT('Ctrl Pts',(-3.87515802793354,3.60088881707533,6.30154116191212));
#2999=CARTESIAN_POINT('Ctrl Pts',(-3.97420987786841,3.81612302478173,5.93599038997989));
#3000=CARTESIAN_POINT('Ctrl Pts',(-4.00000005960464,3.88967050127284,5.76084583877987));
#3001=CARTESIAN_POINT('Ctrl Pts',(-4.00000005960464,3.93738922607489,5.57464482777622));
#3002=CARTESIAN_POINT('Ctrl Pts',(-4.15564894365443,-2.00000005960464,16.081398837389));
#3003=CARTESIAN_POINT('Ctrl Pts',(-3.9412647514982,-2.00000005960464,16.0646637510575));
#3004=CARTESIAN_POINT('Ctrl Pts',(-3.41324142247383,-2.00000005960464,15.9385877855417));
#3005=CARTESIAN_POINT('Ctrl Pts',(-2.22985435438458,-2.00000005960465,15.3291796517192));
#3006=CARTESIAN_POINT('Ctrl Pts',(-0.921483448538679,-2.00000005960464,
14.1436270379825));
#3007=CARTESIAN_POINT('Ctrl Pts',(-0.0811897211989236,-2.00000005960464,
12.4342421221169));
#3008=CARTESIAN_POINT('Ctrl Pts',(-0.0892452838479963,-2.00000005960464,
10.6423904454029));
#3009=CARTESIAN_POINT('Ctrl Pts',(-0.93993173464375,-2.00000005960464,8.87056743185742));
#3010=CARTESIAN_POINT('Ctrl Pts',(-2.21551462519812,-2.00000005960464,7.68060068578715));
#3011=CARTESIAN_POINT('Ctrl Pts',(-3.31212729408483,-2.00000005960464,7.1535622384192));
#3012=CARTESIAN_POINT('Ctrl Pts',(-3.78770726133604,-2.00000005960464,7.07704829404194));
#3013=CARTESIAN_POINT('Ctrl Pts',(-3.99308478818096,-2.00000005960464,7.07811802536122));
#3014=CARTESIAN_POINT('Ctrl Pts',(-4.15564894365443,-2.59839866028841,16.081398837389));
#3015=CARTESIAN_POINT('Ctrl Pts',(-3.94204103920635,-2.59839866028841,16.0647243490041));
#3016=CARTESIAN_POINT('Ctrl Pts',(-3.41407477082527,-2.59839866028841,15.9386590349197));
#3017=CARTESIAN_POINT('Ctrl Pts',(-2.23049355606207,-2.59839866028841,15.328780078638));
#3018=CARTESIAN_POINT('Ctrl Pts',(-0.921921980798485,-2.59839866028842,
14.1436821042446));
#3019=CARTESIAN_POINT('Ctrl Pts',(-0.0820397314721036,-2.59839866028841,
12.4333713272988));
#3020=CARTESIAN_POINT('Ctrl Pts',(-0.089685598705342,-2.59839866028842,
10.6426948580083));
#3021=CARTESIAN_POINT('Ctrl Pts',(-0.940440495067171,-2.59839866028841,
8.87114826703031));
#3022=CARTESIAN_POINT('Ctrl Pts',(-2.216539692207,-2.59839866028841,7.68053245123806));
#3023=CARTESIAN_POINT('Ctrl Pts',(-3.31279439769306,-2.59839866028842,7.1538625751859));
#3024=CARTESIAN_POINT('Ctrl Pts',(-3.78851775721031,-2.59839866028842,7.07705251559838));
#3025=CARTESIAN_POINT('Ctrl Pts',(-3.99308478818096,-2.59839866028842,7.07811802536122));
#3026=CARTESIAN_POINT('Ctrl Pts',(-4.11662158927918,-3.63493190545813,16.5813572883964));
#3027=CARTESIAN_POINT('Ctrl Pts',(-3.84210177202526,-3.63493190545813,16.559927943279));
#3028=CARTESIAN_POINT('Ctrl Pts',(-3.22363712855116,-3.63493190545813,16.4075205499158));
#3029=CARTESIAN_POINT('Ctrl Pts',(-1.93170793386854,-3.63493190545813,15.7385022923317));
#3030=CARTESIAN_POINT('Ctrl Pts',(-0.521730360889702,-3.63493190545813,
14.4645054835149));
#3031=CARTESIAN_POINT('Ctrl Pts',(0.426149392550226,-3.63493190545813,12.5602881572736));
#3032=CARTESIAN_POINT('Ctrl Pts',(0.41433622635166,-3.63493190545813,10.5124669958325));
#3033=CARTESIAN_POINT('Ctrl Pts',(-0.534127106011505,-3.63493190545813,
8.56046471855668));
#3034=CARTESIAN_POINT('Ctrl Pts',(-1.91082649280187,-3.63493190545813,7.27287981487327));
#3035=CARTESIAN_POINT('Ctrl Pts',(-3.14417757897496,-3.63493190545813,6.67403427587874));
#3036=CARTESIAN_POINT('Ctrl Pts',(-3.72753365359856,-3.63493190545813,6.57524867229437));
#3037=CARTESIAN_POINT('Ctrl Pts',(-3.9956967630651,-3.63493190545813,6.57664542919021));
#3038=CARTESIAN_POINT('Ctrl Pts',(-4.03492758751044,-4.00000005960464,17.6278952163375));
#3039=CARTESIAN_POINT('Ctrl Pts',(-3.63526162861689,-4.00000005960464,17.5966968137942));
#3040=CARTESIAN_POINT('Ctrl Pts',(-2.82753458164985,-4.00000005960464,17.3891812183003));
#3041=CARTESIAN_POINT('Ctrl Pts',(-1.30821634564838,-4.00000005960464,16.5949396682886));
#3042=CARTESIAN_POINT('Ctrl Pts',(0.314638776381124,-4.00000005960464,15.1362362031271));
#3043=CARTESIAN_POINT('Ctrl Pts',(1.48733456042695,-4.00000005960465,12.8233120456866));
#3044=CARTESIAN_POINT('Ctrl Pts',(1.4680425058293,-4.00000005960464,10.2407920981819));
#3045=CARTESIAN_POINT('Ctrl Pts',(0.314843129342317,-4.00000005960465,7.91189053027945));
#3046=CARTESIAN_POINT('Ctrl Pts',(-1.27400568858418,-4.00000005960464,6.41935377599512));
#3047=CARTESIAN_POINT('Ctrl Pts',(-2.79324655523637,-4.00000005960465,5.67054595390779));
#3048=CARTESIAN_POINT('Ctrl Pts',(-3.60234029414249,-4.00000005960465,5.52486069882622));
#3049=CARTESIAN_POINT('Ctrl Pts',(-4.00116427897081,-4.00000005960465,5.52693801718722));
#3050=CARTESIAN_POINT('Ctrl Pts',(-4.00000005960564,-4.00000005960464,18.0753329950016));
#3051=CARTESIAN_POINT('Ctrl Pts',(-3.5468995618335,-4.00000005960464,18.0399634284736));
#3052=CARTESIAN_POINT('Ctrl Pts',(-2.65826028075789,-4.00000005960464,17.8088877901649));
#3053=CARTESIAN_POINT('Ctrl Pts',(-1.04170628106401,-4.00000005960464,16.9610653668221));
#3054=CARTESIAN_POINT('Ctrl Pts',(0.672180940889276,-4.00000005960464,15.423433571602));
#3055=CARTESIAN_POINT('Ctrl Pts',(1.94095737630366,-4.00000005960465,12.9356863722561));
#3056=CARTESIAN_POINT('Ctrl Pts',(1.91850502799895,-4.00000005960464,10.1246676329973));
#3057=CARTESIAN_POINT('Ctrl Pts',(0.677766395789993,-4.00000005960465,7.63465132311927));
#3058=CARTESIAN_POINT('Ctrl Pts',(-1.00183190999749,-4.00000005960464,6.05443027432261));
#3059=CARTESIAN_POINT('Ctrl Pts',(-2.64326981857262,-4.00000005960465,5.24154094046626));
#3060=CARTESIAN_POINT('Ctrl Pts',(-3.54888867688192,-4.00000005960465,5.07577725188725));
#3061=CARTESIAN_POINT('Ctrl Pts',(-4.00350186569973,-4.00000005960465,5.07814515442122));
#3062=CARTESIAN_POINT('',(-4.00000006054915,-4.00000005960464,5.07812859531556));
#3063=CARTESIAN_POINT('',(-4.00000005960564,-4.00000005960464,18.0753329950017));
#3064=CARTESIAN_POINT('Ctrl Pts',(-4.0000000605277,-4.00000005960465,5.07812860036346));
#3065=CARTESIAN_POINT('Ctrl Pts',(-3.89774779200054,-4.00000005960465,5.07769442827658));
#3066=CARTESIAN_POINT('Ctrl Pts',(-3.79553002835476,-4.00000005960465,5.08157083313659));
#3067=CARTESIAN_POINT('Ctrl Pts',(-3.69360608689967,-4.00000005960465,5.08948054832377));
#3068=CARTESIAN_POINT('Ctrl Pts',(-3.49511788531702,-4.00000005960465,5.10488404548174));
#3069=CARTESIAN_POINT('Ctrl Pts',(-3.29793060645887,-4.0000000603005,5.1356420585505));
#3070=CARTESIAN_POINT('Ctrl Pts',(-3.10364584626218,-4.00000005176616,5.17954984803745));
#3071=CARTESIAN_POINT('Ctrl Pts',(-2.95538177531639,-4.00000004525337,5.21305709589865));
#3072=CARTESIAN_POINT('Ctrl Pts',(-2.80880671913774,-4.00000003281679,5.25422291002129));
#3073=CARTESIAN_POINT('Ctrl Pts',(-2.66461725798397,-4.00000002033099,5.30208087850259));
#3074=CARTESIAN_POINT('Ctrl Pts',(-2.45093970816015,-4.00000000182801,5.37300265990604));
#3075=CARTESIAN_POINT('Ctrl Pts',(-2.24250117620761,-3.99999998865898,5.45861903834865));
#3076=CARTESIAN_POINT('Ctrl Pts',(-2.03962008294426,-4.00000000838413,5.55613438371064));
#3077=CARTESIAN_POINT('Ctrl Pts',(-2.02578565862793,-4.00000000972918,5.56278393711846));
#3078=CARTESIAN_POINT('Ctrl Pts',(-2.01197706873949,-4.00000001119257,5.56948883745456));
#3079=CARTESIAN_POINT('Ctrl Pts',(-1.99819441156896,-4.00000001276154,5.57624820620091));
#3080=CARTESIAN_POINT('Ctrl Pts',(-1.80598441432203,-4.00000003464194,5.67051292105613));
#3081=CARTESIAN_POINT('Ctrl Pts',(-1.61885739222093,-4.00000002957782,5.77563499461224));
#3082=CARTESIAN_POINT('Ctrl Pts',(-1.43723458321452,-4.00000001072384,5.88918354918792));
#3083=CARTESIAN_POINT('Ctrl Pts',(-1.22686044246918,-3.99999998888521,6.02070711570697));
#3084=CARTESIAN_POINT('Ctrl Pts',(-1.02387146755145,-3.99999993604967,6.16353495388721));
#3085=CARTESIAN_POINT('Ctrl Pts',(-0.828888447630965,-3.99999986693206,
6.3164995796654));
#3086=CARTESIAN_POINT('Ctrl Pts',(-0.628139106317299,-3.9999997957704,6.47398789778555));
#3087=CARTESIAN_POINT('Ctrl Pts',(-0.435875868914906,-3.99999971221362,
6.64222063375531));
#3088=CARTESIAN_POINT('Ctrl Pts',(-0.252721627498733,-3.99999971020863,
6.81992590939368));
#3089=CARTESIAN_POINT('Ctrl Pts',(-0.109763207639138,-3.99999970864367,
6.95863121705974));
#3090=CARTESIAN_POINT('Ctrl Pts',(0.0276467362503666,-3.99999976597326,
7.10310737154643));
#3091=CARTESIAN_POINT('Ctrl Pts',(0.159232992598683,-3.99999986186213,7.25275617256823));
#3092=CARTESIAN_POINT('Ctrl Pts',(0.29546790168686,-3.99999996113853,7.40769173626718));
#3093=CARTESIAN_POINT('Ctrl Pts',(0.425254855768011,-4.00000000058062,7.56823228898405));
#3094=CARTESIAN_POINT('Ctrl Pts',(0.548333001460763,-4.00000002240561,7.73383611026751));
#3095=CARTESIAN_POINT('Ctrl Pts',(0.682703896317792,-4.0000000462331,7.91463452522862));
#3096=CARTESIAN_POINT('Ctrl Pts',(0.809079400555886,-4.00000004929546,8.10146816814335));
#3097=CARTESIAN_POINT('Ctrl Pts',(0.926417351238449,-4.00000004901473,8.29375515524328));
#3098=CARTESIAN_POINT('Ctrl Pts',(1.03827287082405,-4.00000004874712,8.47705783546309));
#3099=CARTESIAN_POINT('Ctrl Pts',(1.14191607254137,-4.00000004493214,8.66531684819415));
#3100=CARTESIAN_POINT('Ctrl Pts',(1.23640276981716,-4.00000002351167,8.85804835676822));
#3101=CARTESIAN_POINT('Ctrl Pts',(1.31367133367119,-4.00000000599461,9.01565876443728));
#3102=CARTESIAN_POINT('Ctrl Pts',(1.38481590737764,-3.99999997612245,9.17626063529923));
#3103=CARTESIAN_POINT('Ctrl Pts',(1.44929485568968,-3.99999991383769,9.33959575396056));
#3104=CARTESIAN_POINT('Ctrl Pts',(1.54024838943478,-3.99999982597925,9.56999507987747));
#3105=CARTESIAN_POINT('Ctrl Pts',(1.61805465799578,-3.99999982078086,9.80531410889328));
#3106=CARTESIAN_POINT('Ctrl Pts',(1.68111944699064,-3.99999987060359,10.0446760500303));
#3107=CARTESIAN_POINT('Ctrl Pts',(1.6928230880502,-3.99999987984975,10.0890971332851));
#3108=CARTESIAN_POINT('Ctrl Pts',(1.70401901548967,-3.99999989032628,10.1336573122815));
#3109=CARTESIAN_POINT('Ctrl Pts',(1.71469703641184,-3.99999990132209,10.1783507796842));
#3110=CARTESIAN_POINT('Ctrl Pts',(1.7703326107277,-3.99999995861347,10.4112166585994));
#3111=CARTESIAN_POINT('Ctrl Pts',(1.81190787555391,-4.00000002012436,10.6477048864142));
#3112=CARTESIAN_POINT('Ctrl Pts',(1.8391162726808,-4.00000004255077,10.88583085199));
#3113=CARTESIAN_POINT('Ctrl Pts',(1.86257791132926,-4.00000006188893,11.0911654525951));
#3114=CARTESIAN_POINT('Ctrl Pts',(1.87535663729415,-4.00000005960464,11.2977169289542));
#3115=CARTESIAN_POINT('Ctrl Pts',(1.87726628544643,-4.00000005960464,11.5041832266183));
#3116=CARTESIAN_POINT('Ctrl Pts',(1.87899376353993,-4.00000005960464,11.6909537611985));
#3117=CARTESIAN_POINT('Ctrl Pts',(1.87172330245525,-4.00000006835568,11.8779877977738));
#3118=CARTESIAN_POINT('Ctrl Pts',(1.85542456449754,-4.000000003707,12.064238354234));
#3119=CARTESIAN_POINT('Ctrl Pts',(1.83916489089746,-3.99999993921327,12.2500425105885));
#3120=CARTESIAN_POINT('Ctrl Pts',(1.81392082352349,-3.99999978328952,12.4350664319527));
#3121=CARTESIAN_POINT('Ctrl Pts',(1.7796914579672,-3.99999957814295,12.6183137926492));
#3122=CARTESIAN_POINT('Ctrl Pts',(1.76322674089593,-3.99999947946509,12.7064578729992));
#3123=CARTESIAN_POINT('Ctrl Pts',(1.74468344943642,-3.99999937310407,12.7941915964749));
#3124=CARTESIAN_POINT('Ctrl Pts',(1.72406319268352,-3.9999992805562,12.8814080168296));
#3125=CARTESIAN_POINT('Ctrl Pts',(1.67993899078941,-3.99999908251789,13.0680378433312));
#3126=CARTESIAN_POINT('Ctrl Pts',(1.62630396992486,-3.99999896580643,13.2522955185862));
#3127=CARTESIAN_POINT('Ctrl Pts',(1.56409122064884,-3.99999910806473,13.4336842043771));
#3128=CARTESIAN_POINT('Ctrl Pts',(1.53645607813204,-3.99999917125641,13.5142577562792));
#3129=CARTESIAN_POINT('Ctrl Pts',(1.50712852025125,-3.99999928287402,13.5942659090304));
#3130=CARTESIAN_POINT('Ctrl Pts',(1.47619055477017,-3.99999942363588,13.673668366909));
#3131=CARTESIAN_POINT('Ctrl Pts',(1.4061913173721,-3.99999974211909,13.8533217931317));
#3132=CARTESIAN_POINT('Ctrl Pts',(1.32764968241149,-3.99999987004779,14.0295265512929));
#3133=CARTESIAN_POINT('Ctrl Pts',(1.24139108258505,-3.99999994259206,14.2019013529876));
#3134=CARTESIAN_POINT('Ctrl Pts',(1.15260334244557,-4.00000001726335,14.3793302601373));
#3135=CARTESIAN_POINT('Ctrl Pts',(1.05563906379671,-4.00000003125157,14.5527019212281));
#3136=CARTESIAN_POINT('Ctrl Pts',(0.951343072389242,-4.00000003815714,14.7215920183915));
#3137=CARTESIAN_POINT('Ctrl Pts',(0.84315086565007,-4.00000004532068,14.8967913914634));
#3138=CARTESIAN_POINT('Ctrl Pts',(0.727068413854678,-4.00000004279648,15.0671688945486));
#3139=CARTESIAN_POINT('Ctrl Pts',(0.603987140346464,-4.00000002262955,15.2322310884621));
#3140=CARTESIAN_POINT('Ctrl Pts',(0.583033199936721,-4.00000001919623,15.2603320600932));
#3141=CARTESIAN_POINT('Ctrl Pts',(0.561876305122836,-4.00000001514055,15.2882789151181));
#3142=CARTESIAN_POINT('Ctrl Pts',(0.540520730761965,-4.0000000103028,15.3160691379005));
#3143=CARTESIAN_POINT('Ctrl Pts',(0.456559441673696,-3.99999999128275,15.4253288042263));
#3144=CARTESIAN_POINT('Ctrl Pts',(0.369527673490189,-3.99999996047615,15.5321678381604));
#3145=CARTESIAN_POINT('Ctrl Pts',(0.279561206997711,-3.99999990521925,15.6365434768446));
#3146=CARTESIAN_POINT('Ctrl Pts',(0.10496334399747,-3.99999979798221,15.8391052109442));
#3147=CARTESIAN_POINT('Ctrl Pts',(-0.0802078430901777,-3.99999975511583,
16.032309448557));
#3148=CARTESIAN_POINT('Ctrl Pts',(-0.274791348902153,-3.99999978918064,
16.215562371408));
#3149=CARTESIAN_POINT('Ctrl Pts',(-0.475153720610088,-3.99999982425712,
16.4042576572268));
#3150=CARTESIAN_POINT('Ctrl Pts',(-0.685496044257277,-3.99999991334548,
16.5824006892954));
#3151=CARTESIAN_POINT('Ctrl Pts',(-0.904505053181475,-3.99999996817166,
16.7493132692389));
#3152=CARTESIAN_POINT('Ctrl Pts',(-1.08611044519944,-4.00000001363431,16.8877195597485));
#3153=CARTESIAN_POINT('Ctrl Pts',(-1.27367433394906,-4.00000003725252,17.0184031700048));
#3154=CARTESIAN_POINT('Ctrl Pts',(-1.46642219781155,-4.00000004576244,17.1409689400032));
#3155=CARTESIAN_POINT('Ctrl Pts',(-1.58925819726537,-4.00000005118571,17.2190786972523));
#3156=CARTESIAN_POINT('Ctrl Pts',(-1.71419916426121,-4.00000005235977,17.2938913270112));
#3157=CARTESIAN_POINT('Ctrl Pts',(-1.84123008927406,-4.00000004898949,17.3648503260449));
#3158=CARTESIAN_POINT('Ctrl Pts',(-2.05044967859635,-4.00000004343864,17.4817196051993));
#3159=CARTESIAN_POINT('Ctrl Pts',(-2.26521577951303,-4.00000003601807,17.5882267880078));
#3160=CARTESIAN_POINT('Ctrl Pts',(-2.48557135376121,-4.00000003230642,17.6820647538482));
#3161=CARTESIAN_POINT('Ctrl Pts',(-2.54940181540785,-4.00000003123126,17.7092468240092));
#3162=CARTESIAN_POINT('Ctrl Pts',(-2.61370148554365,-4.00000003048193,17.735365586712));
#3163=CARTESIAN_POINT('Ctrl Pts',(-2.67847192666998,-4.00000003018435,17.760364267689));
#3164=CARTESIAN_POINT('Ctrl Pts',(-2.86574596484962,-4.00000002932394,17.8326442128973));
#3165=CARTESIAN_POINT('Ctrl Pts',(-3.05695451683347,-4.0000000328311,17.8955633937227));
#3166=CARTESIAN_POINT('Ctrl Pts',(-3.25120438814794,-4.00000003991614,17.9463838542625));
#3167=CARTESIAN_POINT('Ctrl Pts',(-3.39506350927655,-4.00000004516323,17.9840208768208));
#3168=CARTESIAN_POINT('Ctrl Pts',(-3.5405910422786,-4.00000005237837,18.0150216101964));
#3169=CARTESIAN_POINT('Ctrl Pts',(-3.68742910945256,-4.0000000566604,18.0382557703449));
#3170=CARTESIAN_POINT('Ctrl Pts',(-3.79110480920232,-4.00000005968376,18.0546603570973));
#3171=CARTESIAN_POINT('Ctrl Pts',(-3.89536561281179,-4.00000005960464,18.0671651049966));
#3172=CARTESIAN_POINT('Ctrl Pts',(-4.0000000596056,-4.00000005960464,18.0753329950016));
#3173=CARTESIAN_POINT('Ctrl Pts',(-4.00000005960465,-4.00000005960464,18.0753329950015));
#3174=CARTESIAN_POINT('Ctrl Pts',(-4.00000005960465,-4.00000005960464,17.8632479707813));
#3175=CARTESIAN_POINT('Ctrl Pts',(-4.00000005960465,-3.96647081529405,17.6527932820028));
#3176=CARTESIAN_POINT('Ctrl Pts',(-4.00000005960465,-3.90102385040911,17.4516967758624));
#3177=CARTESIAN_POINT('',(-2.87796244517038,-2.00000005960465,7.37163732902148));
#3178=CARTESIAN_POINT('Ctrl Pts',(-2.92818805604809,-2.00000005960464,15.6798271450017));
#3179=CARTESIAN_POINT('Ctrl Pts',(-2.7971776262894,-2.00000005960464,15.6111271377151));
#3180=CARTESIAN_POINT('Ctrl Pts',(-2.08673262049636,-2.00000005960465,15.1994929207352));
#3181=CARTESIAN_POINT('Ctrl Pts',(-0.921483448538679,-2.00000005960464,
14.1436270379825));
#3182=CARTESIAN_POINT('Ctrl Pts',(-0.0811897211989236,-2.00000005960464,
12.4342421221169));
#3183=CARTESIAN_POINT('Ctrl Pts',(-0.0892452838479963,-2.00000005960464,
10.6423904454029));
#3184=CARTESIAN_POINT('Ctrl Pts',(-0.93993173464375,-2.00000005960464,8.87056743185742));
#3185=CARTESIAN_POINT('Ctrl Pts',(-2.08103456770807,-2.00000005960464,7.80605454504457));
#3186=CARTESIAN_POINT('Ctrl Pts',(-2.75070764858327,-2.00000005960464,7.43407085853089));
#3187=CARTESIAN_POINT('Ctrl Pts',(-2.87758975913746,-2.00000005960464,7.37205633783629));
#3188=CARTESIAN_POINT('',(-4.00000005960464,-3.93738922607489,5.57464482777622));
#3189=CARTESIAN_POINT('Ctrl Pts',(-2.87796244517038,-2.00000005960464,7.37163732902149));
#3190=CARTESIAN_POINT('Ctrl Pts',(-2.87948767423888,-2.00209601052052,7.37089214296724));
#3191=CARTESIAN_POINT('Ctrl Pts',(-2.88101182379109,-2.00419208386756,7.37014507896195));
#3192=CARTESIAN_POINT('Ctrl Pts',(-3.04702559400943,-2.23267556569433,7.28851096414531));
#3193=CARTESIAN_POINT('Ctrl Pts',(-3.2015366973226,-2.46446346581659,7.18447902750907));
#3194=CARTESIAN_POINT('Ctrl Pts',(-3.47101235168683,-2.89245229708503,6.94098849010676));
#3195=CARTESIAN_POINT('Ctrl Pts',(-3.59428812372848,-3.09970490353989,6.79851803774348));
#3196=CARTESIAN_POINT('Ctrl Pts',(-3.79332225759221,-3.44994450833981,6.47786468024144));
#3197=CARTESIAN_POINT('Ctrl Pts',(-3.87515809553592,-3.60088896800032,6.30154089436252));
#3198=CARTESIAN_POINT('Ctrl Pts',(-3.97420987325451,-3.81612301155939,5.93599042133949));
#3199=CARTESIAN_POINT('Ctrl Pts',(-4.00000005960464,-3.88967049695737,5.76084585561908));
#3200=CARTESIAN_POINT('Ctrl Pts',(-4.00000005960464,-3.93738922607489,5.57464482777622));
#3201=CARTESIAN_POINT('Ctrl Pts',(-3.99999767978068,-3.93652764460794,5.5750747269237));
#3202=CARTESIAN_POINT('Ctrl Pts',(-3.99999792300093,-3.94477700486703,5.54300340343297));
#3203=CARTESIAN_POINT('Ctrl Pts',(-3.99999816079686,-3.95224750041453,5.51072210478855));
#3204=CARTESIAN_POINT('Ctrl Pts',(-3.99999837480019,-3.95892594952984,5.47826112771472));
#3205=CARTESIAN_POINT('Ctrl Pts',(-3.99999885665538,-3.97396331036625,5.40517119067497));
#3206=CARTESIAN_POINT('Ctrl Pts',(-3.99999924713598,-3.9849462554303,5.33137618753046));
#3207=CARTESIAN_POINT('Ctrl Pts',(-3.99999955461751,-3.9917560829683,5.2572278676328));
#3208=CARTESIAN_POINT('Ctrl Pts',(-3.9999998014853,-3.99722349159449,5.19769638000495));
#3209=CARTESIAN_POINT('Ctrl Pts',(-4.00000000125414,-4.00000005960465,5.13793660773205));
#3210=CARTESIAN_POINT('Ctrl Pts',(-4.00000016220347,-4.00000005960465,5.07812860079518));
#3211=CARTESIAN_POINT('Ctrl Pts',(-2.87796244517038,-3.93738922607489,7.37163732902148));
#3212=CARTESIAN_POINT('Ctrl Pts',(-2.87796244517038,-1.3124630753583,7.37163732902148));
#3213=CARTESIAN_POINT('Ctrl Pts',(-2.87796244517038,1.3124630753583,7.37163732902148));
#3214=CARTESIAN_POINT('Ctrl Pts',(-2.87796244517038,3.93738922607489,7.37163732902148));
#3215=CARTESIAN_POINT('Ctrl Pts',(-3.21230244519743,-3.93738922607489,7.2082877636725));
#3216=CARTESIAN_POINT('Ctrl Pts',(-3.21230244519743,-1.31246307535829,7.2082877636725));
#3217=CARTESIAN_POINT('Ctrl Pts',(-3.21230244519743,1.31246307535829,7.2082877636725));
#3218=CARTESIAN_POINT('Ctrl Pts',(-3.21230244519743,3.93738922607489,7.2082877636725));
#3219=CARTESIAN_POINT('Ctrl Pts',(-3.78687045914643,-3.93738922607489,6.69036222727327));
#3220=CARTESIAN_POINT('Ctrl Pts',(-3.78687045914643,-1.3124630753583,6.69036222727327));
#3221=CARTESIAN_POINT('Ctrl Pts',(-3.78687045914643,1.3124630753583,6.69036222727326));
#3222=CARTESIAN_POINT('Ctrl Pts',(-3.78687045914643,3.93738922607489,6.69036222727326));
#3223=CARTESIAN_POINT('Ctrl Pts',(-4.00000005960464,-3.93738922607489,5.94675545127116));
#3224=CARTESIAN_POINT('Ctrl Pts',(-4.00000005960464,-1.31246307535829,5.94675545127116));
#3225=CARTESIAN_POINT('Ctrl Pts',(-4.00000005960464,1.3124630753583,5.94675545127116));
#3226=CARTESIAN_POINT('Ctrl Pts',(-4.00000005960464,3.93738922607489,5.94675545127116));
#3227=CARTESIAN_POINT('Ctrl Pts',(-4.00000005960464,-3.93738922607489,5.57464482777622));
#3228=CARTESIAN_POINT('Ctrl Pts',(-4.00000005960464,-1.3124630753583,5.57464482777622));
#3229=CARTESIAN_POINT('Ctrl Pts',(-4.00000005960464,1.3124630753583,5.57464482777622));
#3230=CARTESIAN_POINT('Ctrl Pts',(-4.00000005960464,3.93738922607489,5.57464482777622));
#3231=CARTESIAN_POINT('Ctrl Pts',(-4.00000005960464,3.93738922607489,5.57464482777622));
#3232=CARTESIAN_POINT('Ctrl Pts',(-4.00000005960464,1.3124630753583,5.57464482777622));
#3233=CARTESIAN_POINT('Ctrl Pts',(-4.00000005960464,-1.3124630753583,5.57464482777622));
#3234=CARTESIAN_POINT('Ctrl Pts',(-4.00000005960464,-3.93738922607489,5.57464482777622));
#3235=CARTESIAN_POINT('Ctrl Pts',(-2.87796244517038,-2.00000005960465,7.37163732902148));
#3236=CARTESIAN_POINT('Ctrl Pts',(-2.87796244517038,-0.666666686534882,
7.37163732902148));
#3237=CARTESIAN_POINT('Ctrl Pts',(-2.87796244517038,0.666666686534882,7.37163732902148));
#3238=CARTESIAN_POINT('Ctrl Pts',(-2.87796244517038,2.00000005960465,7.37163732902148));
#3239=CARTESIAN_POINT('Origin',(-4.00000005960464,-4.00000005960464,25.));
#3240=CARTESIAN_POINT('',(-4.00000005960464,-4.00000005960464,18.2953001300193));
#3241=CARTESIAN_POINT('',(-4.00000005960464,-4.00000005960464,25.));
#3242=CARTESIAN_POINT('',(-4.00000005960464,-4.89858726958405E-16,17.630683142422));
#3243=CARTESIAN_POINT('Origin',(-4.00000005960464,0.,30.));
#3244=CARTESIAN_POINT('',(-4.00000005960464,4.00000005960464,18.2953001300193));
#3245=CARTESIAN_POINT('Origin',(-4.00000005960464,0.,30.));
#3246=CARTESIAN_POINT('',(-4.00000005960464,4.00000005960464,25.));
#3247=CARTESIAN_POINT('Origin',(4.00000005960464,-4.00000005960464,25.));
#3248=CARTESIAN_POINT('',(-4.00000005960464,-4.00000005960464,5.));
#3249=CARTESIAN_POINT('',(-4.00000005960464,-4.00000005960464,25.));
#3250=CARTESIAN_POINT('',(2.50000005960464,-4.00000005960464,5.));
#3251=CARTESIAN_POINT('',(4.00000005960464,-4.00000005960464,5.));
#3252=CARTESIAN_POINT('',(2.50000005960464,-4.00000005960464,16.8185737097108));
#3253=CARTESIAN_POINT('',(2.50000005960464,-4.00000005960464,25.));
#3254=CARTESIAN_POINT('',(2.70515179253881,-4.00000005960464,17.9301137823774));
#3255=CARTESIAN_POINT('Ctrl Pts',(2.70520623785178,-4.00000005960464,17.9303138984734));
#3256=CARTESIAN_POINT('Ctrl Pts',(2.57023741113227,-4.00000005960464,17.5763505745245));
#3257=CARTESIAN_POINT('Ctrl Pts',(2.50000005960464,-4.00000005960464,17.1974249438602));
#3258=CARTESIAN_POINT('Ctrl Pts',(2.50000005960464,-4.00000005960464,16.8185737097108));
#3259=CARTESIAN_POINT('Origin',(0.,-4.00000005960464,30.));
#3260=CARTESIAN_POINT('Ctrl Pts',(-4.36734084568682,-6.,16.0841072071588));
#3261=CARTESIAN_POINT('Ctrl Pts',(-4.36734084568682,6.,16.0841072071588));
#3262=CARTESIAN_POINT('Ctrl Pts',(-4.21907377328343,-6.,16.0928723816112));
#3263=CARTESIAN_POINT('Ctrl Pts',(-4.21907377328343,6.,16.0928723816112));
#3264=CARTESIAN_POINT('Ctrl Pts',(-3.89443713394878,-6.,16.0707733734652));
#3265=CARTESIAN_POINT('Ctrl Pts',(-3.89443713394878,6.,16.0707733734652));
#3266=CARTESIAN_POINT('Ctrl Pts',(-3.32774393943719,-6.,15.9190828521611));
#3267=CARTESIAN_POINT('Ctrl Pts',(-3.32774393943719,6.,15.9190828521611));
#3268=CARTESIAN_POINT('Ctrl Pts',(-2.45722482085965,-6.,15.4866196728277));
#3269=CARTESIAN_POINT('Ctrl Pts',(-2.45722482085965,6.,15.4866196728277));
#3270=CARTESIAN_POINT('Ctrl Pts',(-1.36738253977762,-6.,14.6048175595943));
#3271=CARTESIAN_POINT('Ctrl Pts',(-1.36738253977762,6.,14.6048175595943));
#3272=CARTESIAN_POINT('Ctrl Pts',(-0.493547935434992,-6.,13.4477722424215));
#3273=CARTESIAN_POINT('Ctrl Pts',(-0.493547935434992,6.,13.4477722424215));
#3274=CARTESIAN_POINT('Ctrl Pts',(-0.0279012172062213,-6.,12.1043187071318));
#3275=CARTESIAN_POINT('Ctrl Pts',(-0.0279012172062213,6.,12.1043187071318));
#3276=CARTESIAN_POINT('Ctrl Pts',(-0.0906270741497251,-6.,10.6846698674066));
#3277=CARTESIAN_POINT('Ctrl Pts',(-0.0906270741497251,6.,10.6846698674066));
#3278=CARTESIAN_POINT('Ctrl Pts',(-0.663744124100835,-6.,9.32262051150929));
#3279=CARTESIAN_POINT('Ctrl Pts',(-0.663744124100835,6.,9.32262051150929));
#3280=CARTESIAN_POINT('Ctrl Pts',(-1.60987452681089,-6.,8.1627990147775));
#3281=CARTESIAN_POINT('Ctrl Pts',(-1.60987452681089,6.,8.1627990147775));
#3282=CARTESIAN_POINT('Ctrl Pts',(-2.7310780565682,-6.,7.34097005945365));
#3283=CARTESIAN_POINT('Ctrl Pts',(-2.7310780565682,6.,7.34097005945365));
#3284=CARTESIAN_POINT('Ctrl Pts',(-3.81521908867623,-6.,6.96542901208902));
#3285=CARTESIAN_POINT('Ctrl Pts',(-3.81521908867623,6.,6.96542901208902));
#3286=CARTESIAN_POINT('Ctrl Pts',(-4.68293910245874,-6.,7.09912970350441));
#3287=CARTESIAN_POINT('Ctrl Pts',(-4.68293910245874,6.,7.09912970350441));
#3288=CARTESIAN_POINT('Ctrl Pts',(-5.24388453954836,-6.,7.73579601949738));
#3289=CARTESIAN_POINT('Ctrl Pts',(-5.24388453954836,6.,7.73579601949738));
#3290=CARTESIAN_POINT('Ctrl Pts',(-5.52006458125646,-6.,8.79196180631273));
#3291=CARTESIAN_POINT('Ctrl Pts',(-5.52006458125646,6.,8.79196180631273));
#3292=CARTESIAN_POINT('Ctrl Pts',(-5.59233436464194,-6.,10.1363877826785));
#3293=CARTESIAN_POINT('Ctrl Pts',(-5.59233436464194,6.,10.1363877826785));
#3294=CARTESIAN_POINT('Ctrl Pts',(-5.56324234376066,-6.,11.6108623050764));
#3295=CARTESIAN_POINT('Ctrl Pts',(-5.56324234376066,6.,11.6108623050764));
#3296=CARTESIAN_POINT('Ctrl Pts',(-5.51539479194127,-6.,13.0531877344779));
#3297=CARTESIAN_POINT('Ctrl Pts',(-5.51539479194127,6.,13.0531877344779));
#3298=CARTESIAN_POINT('Ctrl Pts',(-5.4688189934425,-6.,14.3196384508129));
#3299=CARTESIAN_POINT('Ctrl Pts',(-5.4688189934425,6.,14.3196384508129));
#3300=CARTESIAN_POINT('Ctrl Pts',(-5.34641213435736,-6.,15.3055484826328));
#3301=CARTESIAN_POINT('Ctrl Pts',(-5.34641213435736,6.,15.3055484826328));
#3302=CARTESIAN_POINT('Ctrl Pts',(-5.09781031212949,-6.,15.8132086345942));
#3303=CARTESIAN_POINT('Ctrl Pts',(-5.09781031212949,6.,15.8132086345942));
#3304=CARTESIAN_POINT('Ctrl Pts',(-4.78403956836913,-6.,16.0181823267504));
#3305=CARTESIAN_POINT('Ctrl Pts',(-4.78403956836913,6.,16.0181823267504));
#3306=CARTESIAN_POINT('Ctrl Pts',(-4.51560791809021,-6.,16.0753420327063));
#3307=CARTESIAN_POINT('Ctrl Pts',(-4.51560791809021,6.,16.0753420327063));
#3308=CARTESIAN_POINT('Ctrl Pts',(-4.36734084568682,-6.,16.0841072071588));
#3309=CARTESIAN_POINT('Ctrl Pts',(-4.36734084568682,6.,16.0841072071588));
#3310=CARTESIAN_POINT('Ctrl Pts',(3.7929515129821,-3.26044502093264,6.06434012163416));
#3311=CARTESIAN_POINT('Ctrl Pts',(3.92771709962613,-3.03130896246974,5.67940971374794));
#3312=CARTESIAN_POINT('Ctrl Pts',(4.00000005960464,-2.76582913369441,5.47294818331848));
#3313=CARTESIAN_POINT('Ctrl Pts',(4.00000005960464,-2.50000005960464,5.47294818331848));
#3314=CARTESIAN_POINT('Ctrl Pts',(3.67598423258884,-3.45931939432315,5.74567236792183));
#3315=CARTESIAN_POINT('Ctrl Pts',(3.88531903273559,-3.1857816201288,5.37005538932466));
#3316=CARTESIAN_POINT('Ctrl Pts',(4.00000005960464,-2.84306650546859,5.16751556421947));
#3317=CARTESIAN_POINT('Ctrl Pts',(4.00000005960464,-2.50000005960464,5.16751556421947));
#3318=CARTESIAN_POINT('Ctrl Pts',(3.69962418435821,-3.73923116890364,5.42898120750662));
#3319=CARTESIAN_POINT('Ctrl Pts',(3.95798735400473,-3.37417898428088,5.06143086244561));
#3320=CARTESIAN_POINT('Ctrl Pts',(4.09608303996298,-2.93723924917232,4.8627792831194));
#3321=CARTESIAN_POINT('Ctrl Pts',(4.09608303996298,-2.50000005960464,4.8627792831194));
#3322=CARTESIAN_POINT('Ctrl Pts',(3.85717489992606,-4.02088998226063,5.20397546710759));
#3323=CARTESIAN_POINT('Ctrl Pts',(4.12670607321413,-3.56261786533483,4.81904505922138));
#3324=CARTESIAN_POINT('Ctrl Pts',(4.27127199317116,-3.03165820778418,4.61258352879191));
#3325=CARTESIAN_POINT('Ctrl Pts',(4.27127199317116,-2.50000005960464,4.61258352879191));
#3326=CARTESIAN_POINT('',(4.27127199317116,-2.50000005960464,4.61258352879191));
#3327=CARTESIAN_POINT('',(4.00000005960464,-2.50000005960464,5.47294818331848));
#3328=CARTESIAN_POINT('Origin',(5.50000005960464,-2.50000005960464,5.47294818331848));
#3329=CARTESIAN_POINT('',(3.79449136589001,-3.25782078903319,6.05994184591194));
#3330=CARTESIAN_POINT('Origin',(2.50000005960464,-2.50000005960464,9.75739220354482));
#3331=CARTESIAN_POINT('',(3.91604407273958,-3.91604407273958,5.11990157529541));
#3332=CARTESIAN_POINT('Ctrl Pts',(3.79449136589001,-3.25782078903319,6.05994184591194));
#3333=CARTESIAN_POINT('Ctrl Pts',(3.7748554952506,-3.2913623152108,6.0120395821583));
#3334=CARTESIAN_POINT('Ctrl Pts',(3.75920559189818,-3.32559109664026,5.96315581618661));
#3335=CARTESIAN_POINT('Ctrl Pts',(3.7160880180365,-3.45521334385334,5.77803606219981));
#3336=CARTESIAN_POINT('Ctrl Pts',(3.71559644368823,-3.5522715456428,5.63942258477621));
#3337=CARTESIAN_POINT('Ctrl Pts',(3.77434237224659,-3.74187257006658,5.36864425966913));
#3338=CARTESIAN_POINT('Ctrl Pts',(3.83270162840087,-3.83270162840087,5.23892692105475));
#3339=CARTESIAN_POINT('Ctrl Pts',(3.91604407273958,-3.91604407273958,5.1199015752954));
#3340=CARTESIAN_POINT('Origin',(1.27127199317116,-2.50000005960464,8.89702754901825));
#3341=CARTESIAN_POINT('Origin',(5.50000005960464,0.,5.47294818331847));
#3342=CARTESIAN_POINT('',(4.27127199317116,2.50000005960464,4.61258352879191));
#3343=CARTESIAN_POINT('',(4.00000005960464,2.50000005960464,5.47294818331848));
#3344=CARTESIAN_POINT('Origin',(5.50000005960464,2.50000005960464,5.47294818331847));
#3345=CARTESIAN_POINT('',(4.00000005960464,0.,5.47294818331847));
#3346=CARTESIAN_POINT('',(4.27127199317116,0.,4.61258352879191));
#3347=CARTESIAN_POINT('Ctrl Pts',(4.00000005960464,2.50000005960464,5.47294818331848));
#3348=CARTESIAN_POINT('Ctrl Pts',(4.00000005960464,2.76631379125446,5.47294818331848));
#3349=CARTESIAN_POINT('Ctrl Pts',(3.92744753165693,3.03227509959507,5.68017967966375));
#3350=CARTESIAN_POINT('Ctrl Pts',(3.79221379488819,3.26169794088341,6.06644726288488));
#3351=CARTESIAN_POINT('Ctrl Pts',(4.00000005960464,2.50000005960464,5.16751556421947));
#3352=CARTESIAN_POINT('Ctrl Pts',(4.00000005960464,2.84369198162148,5.16751556421947));
#3353=CARTESIAN_POINT('Ctrl Pts',(3.88488832488516,3.1870269830152,5.37081192413069));
#3354=CARTESIAN_POINT('Ctrl Pts',(3.67484248030844,3.46081734052465,5.74772986305502));
#3355=CARTESIAN_POINT('Ctrl Pts',(4.09608303996298,2.50000005960464,4.8627792831194));
#3356=CARTESIAN_POINT('Ctrl Pts',(4.09608303996298,2.93803642036024,4.8627792831194));
#3357=CARTESIAN_POINT('Ctrl Pts',(3.95747240165111,3.37576883285595,5.06217334958111));
#3358=CARTESIAN_POINT('Ctrl Pts',(3.69821411048344,3.74122899104024,5.43099500170023));
#3359=CARTESIAN_POINT('Ctrl Pts',(4.27127199317116,2.50000005960464,4.61258352879191));
#3360=CARTESIAN_POINT('Ctrl Pts',(4.27127199317116,3.03262752290428,4.61258352879191));
#3361=CARTESIAN_POINT('Ctrl Pts',(4.12616693727572,3.56455013958549,4.81981502513718));
#3362=CARTESIAN_POINT('Ctrl Pts',(3.85569946373824,4.02339582216217,5.20608260835831));
#3363=CARTESIAN_POINT('',(3.91604407273958,3.91604407273958,5.11990157529541));
#3364=CARTESIAN_POINT('',(3.79449136589001,3.25782078903319,6.05994184591194));
#3365=CARTESIAN_POINT('Ctrl Pts',(3.91604407273958,3.91604407273958,5.11990157529541));
#3366=CARTESIAN_POINT('Ctrl Pts',(3.85024901399477,3.85024901399477,5.21386665729529));
#3367=CARTESIAN_POINT('Ctrl Pts',(3.7999431258248,3.77970670371063,5.31461151747417));
#3368=CARTESIAN_POINT('Ctrl Pts',(3.73423947622495,3.63202722735298,5.52551966727107));
#3369=CARTESIAN_POINT('Ctrl Pts',(3.71954353187577,3.5555981271171,5.63467173528741));
#3370=CARTESIAN_POINT('Ctrl Pts',(3.72906238130479,3.4036964775554,5.85160977332979));
#3371=CARTESIAN_POINT('Ctrl Pts',(3.75261725152585,3.32934915306155,5.95778875539932));
#3372=CARTESIAN_POINT('Ctrl Pts',(3.79449136589001,3.25782078903319,6.05994184591194));
#3373=CARTESIAN_POINT('Origin',(2.50000005960464,2.50000005960464,9.75739220354482));
#3374=CARTESIAN_POINT('Origin',(1.27127199317116,2.50000005960464,8.89702754901825));
#3375=CARTESIAN_POINT('Origin',(4.00000005960464,-4.00000005960464,5.));
#3376=CARTESIAN_POINT('',(5.3961900449465,-5.3961900449465,3.00603405540073));
#3377=CARTESIAN_POINT('',(3.00980464510326,-3.00980464510326,6.41414560750534));
#3378=CARTESIAN_POINT('',(4.88771202168559,-13.6964868619969,3.73221593079295));
#3379=CARTESIAN_POINT('',(5.29747265719713,-7.00763357217865,3.14701709594577));
#3380=CARTESIAN_POINT('',(4.88371527006361,-13.8272204761184,3.73792388365533));
#3381=CARTESIAN_POINT('Origin',(5.93402657737818,-13.8272204761184,2.23792388365533));
#3382=CARTESIAN_POINT('',(4.9286220994234,-13.8272204761184,3.67379028481605));
#3383=CARTESIAN_POINT('',(5.42060957175066,13.8272204761184,2.97115935686978));
#3384=CARTESIAN_POINT('',(5.39237126280317,5.39237126280317,3.0114878415069));
#3385=CARTESIAN_POINT('',(5.92039696463575,1.11566414429578,2.2573889879261));
#3386=CARTESIAN_POINT('',(3.00980464510326,3.00980464510326,6.41414560750534));
#3387=CARTESIAN_POINT('Origin',(2.50000005960464,2.50000005960464,25.));
#3388=CARTESIAN_POINT('',(2.50000005960464,4.00000005960464,5.));
#3389=CARTESIAN_POINT('Origin',(2.50000005960464,2.50000005960464,7.14222201011317));
#3390=CARTESIAN_POINT('',(2.50000005960464,4.00000005960464,16.8185737097109));
#3391=CARTESIAN_POINT('',(2.50000005960464,4.00000005960464,25.));
#3392=CARTESIAN_POINT('',(4.00000005960464,2.50000005960464,16.8185737097109));
#3393=CARTESIAN_POINT('Origin',(2.50000005960464,2.50000005960464,16.8185737097109));
#3394=CARTESIAN_POINT('',(4.00000005960464,2.50000005960464,25.));
#3395=CARTESIAN_POINT('Ctrl Pts',(2.50000005960464,4.00000005960464,16.8185737097109));
#3396=CARTESIAN_POINT('Ctrl Pts',(2.50000005960464,4.00000005960464,17.332270885426));
#3397=CARTESIAN_POINT('Ctrl Pts',(2.80131565299125,4.00000005960464,18.5312165957052));
#3398=CARTESIAN_POINT('Ctrl Pts',(3.73097186030158,4.00000005960464,19.3910897484429));
#3399=CARTESIAN_POINT('Ctrl Pts',(4.36206901965842,4.00000005960464,19.6572559941903));
#3400=CARTESIAN_POINT('Ctrl Pts',(2.94879901011747,4.00000005960464,16.8185737097109));
#3401=CARTESIAN_POINT('Ctrl Pts',(2.9396427486696,3.99962529392027,17.2577592133896));
#3402=CARTESIAN_POINT('Ctrl Pts',(3.17386873917742,3.99952117701311,18.2959530484861));
#3403=CARTESIAN_POINT('Ctrl Pts',(3.96654529684133,4.00020556099436,19.0630992624535));
#3404=CARTESIAN_POINT('Ctrl Pts',(4.51214291415458,4.00000005960464,19.3014212103912));
#3405=CARTESIAN_POINT('Ctrl Pts',(3.72617339248155,3.62385983661652,16.8185737097109));
#3406=CARTESIAN_POINT('Ctrl Pts',(3.70244650483461,3.63988692186312,17.129781235721));
#3407=CARTESIAN_POINT('Ctrl Pts',(3.82207515214686,3.6800763777608,17.8892271244847));
#3408=CARTESIAN_POINT('Ctrl Pts',(4.37559296149149,3.71467400621356,18.4925961590522));
#3409=CARTESIAN_POINT('Ctrl Pts',(4.77330150753493,3.72585176771024,18.6821975144595));
#3410=CARTESIAN_POINT('Ctrl Pts',(4.00000005960464,2.83659927248927,16.8185737097109));
#3411=CARTESIAN_POINT('Ctrl Pts',(3.98935533550519,2.87701234621081,17.0841502217282));
#3412=CARTESIAN_POINT('Ctrl Pts',(4.11366924132734,2.98124290270858,17.7215581594843));
#3413=CARTESIAN_POINT('Ctrl Pts',(4.58014214885981,3.07756059638061,18.2125230724749));
#3414=CARTESIAN_POINT('Ctrl Pts',(4.90656596926205,3.10880055232424,18.3662189687839));
#3415=CARTESIAN_POINT('Ctrl Pts',(4.00000005960464,2.50000005960464,16.8185737097109));
#3416=CARTESIAN_POINT('Ctrl Pts',(4.00000005960464,2.54702270990549,17.0843406517713));
#3417=CARTESIAN_POINT('Ctrl Pts',(4.15065785629792,2.67002523491354,17.7084160336944));
#3418=CARTESIAN_POINT('Ctrl Pts',(4.61548595995317,2.78776603078411,18.1658565309838));
#3419=CARTESIAN_POINT('Ctrl Pts',(4.93103453963153,2.82608702431797,18.3082024264897));
#3420=CARTESIAN_POINT('',(2.70515179261537,4.00000005960464,17.9301137824676));
#3421=CARTESIAN_POINT('',(4.93103453910976,2.8260870246083,18.3082024275681));
#3422=CARTESIAN_POINT('Ctrl Pts',(4.93103453619862,2.82608702390107,18.308202424941));
#3423=CARTESIAN_POINT('Ctrl Pts',(4.92945781865489,2.82777303774851,18.3079449772059));
#3424=CARTESIAN_POINT('Ctrl Pts',(4.92788032359058,2.82945835148849,18.3076877244695));
#3425=CARTESIAN_POINT('Ctrl Pts',(4.72856075713575,3.04220590935597,18.2752235478187));
#3426=CARTESIAN_POINT('Ctrl Pts',(4.52232295049641,3.2380346513039,18.2463904228613));
#3427=CARTESIAN_POINT('Ctrl Pts',(4.04970277497769,3.59438888785402,18.1773784625306));
#3428=CARTESIAN_POINT('Ctrl Pts',(3.78773221629651,3.7461441881761,18.1377660611348));
#3429=CARTESIAN_POINT('Ctrl Pts',(3.24664309584572,3.946426184246,18.0432797001894));
#3430=CARTESIAN_POINT('Ctrl Pts',(2.97682701068998,4.00000005960464,17.9910027329534));
#3431=CARTESIAN_POINT('Ctrl Pts',(2.70515179270693,4.00000005960464,17.9301137825754));
#3432=CARTESIAN_POINT('Ctrl Pts',(4.93103453963153,2.82608702431797,18.3082024264897));
#3433=CARTESIAN_POINT('Ctrl Pts',(4.61548595995317,2.78776603078411,18.1658565309838));
#3434=CARTESIAN_POINT('Ctrl Pts',(4.15065785629792,2.67002523491354,17.7084160336944));
#3435=CARTESIAN_POINT('Ctrl Pts',(4.00000005960464,2.54702270990549,17.0843406517713));
#3436=CARTESIAN_POINT('Ctrl Pts',(4.00000005960464,2.50000005960464,16.8185737097109));
#3437=CARTESIAN_POINT('Ctrl Pts',(2.50000005960464,4.00000005960464,16.8185737097109));
#3438=CARTESIAN_POINT('Ctrl Pts',(2.50000005960464,4.00000005960464,17.1974249853332));
#3439=CARTESIAN_POINT('Ctrl Pts',(2.57023738636566,4.00000005960464,17.5763506128509));
#3440=CARTESIAN_POINT('Ctrl Pts',(2.70520623354106,4.00000005960464,17.9303139536559));
#3441=CARTESIAN_POINT('Origin',(-4.00000005960464,4.00000005960464,25.));
#3442=CARTESIAN_POINT('Origin',(0.,4.00000005960464,30.));
#3443=CARTESIAN_POINT('',(-4.00000005960464,4.00000005960464,5.));
#3444=CARTESIAN_POINT('',(-4.00000005960464,4.00000005960464,5.));
#3445=CARTESIAN_POINT('',(-4.00000005960464,4.00000005960464,25.));
#3446=CARTESIAN_POINT('Ctrl Pts',(4.36206903161121,-4.00000005960464,19.6572559992314));
#3447=CARTESIAN_POINT('Ctrl Pts',(3.73097180946641,-4.00000005960464,19.3910897302615));
#3448=CARTESIAN_POINT('Ctrl Pts',(2.80131586998622,-4.00000005960465,18.5312169144682));
#3449=CARTESIAN_POINT('Ctrl Pts',(2.50000005960464,-4.00000005960464,17.3322709235948));
#3450=CARTESIAN_POINT('Ctrl Pts',(2.50000005960464,-4.00000005960464,16.8185737097108));
#3451=CARTESIAN_POINT('Ctrl Pts',(4.51214292449252,-4.00000005960464,19.3014212149049));
#3452=CARTESIAN_POINT('Ctrl Pts',(3.96654525282954,-4.00020556101228,19.0630992461526));
#3453=CARTESIAN_POINT('Ctrl Pts',(3.17386892059095,-3.99952117678939,18.2959533288874));
#3454=CARTESIAN_POINT('Ctrl Pts',(2.93964274798927,-3.99962529389243,17.2577592460222));
#3455=CARTESIAN_POINT('Ctrl Pts',(2.94879901011747,-4.00000005960464,16.8185737097108));
#3456=CARTESIAN_POINT('Ctrl Pts',(4.77330151506485,-3.72585176792044,18.6821975180506));
#3457=CARTESIAN_POINT('Ctrl Pts',(4.37559292927417,-3.71467400544212,18.4925961460432));
#3458=CARTESIAN_POINT('Ctrl Pts',(3.82207527266301,-3.6800763896959,17.8892273382043));
#3459=CARTESIAN_POINT('Ctrl Pts',(3.70244650307144,-3.63988692305371,17.1297812588445));
#3460=CARTESIAN_POINT('Ctrl Pts',(3.72617339248134,-3.62385983661627,16.8185737097109));
#3461=CARTESIAN_POINT('Ctrl Pts',(4.90656597544727,-3.10880055291513,18.366218971695));
#3462=CARTESIAN_POINT('Ctrl Pts',(4.58014212248481,-3.07756059422127,18.2125230619406));
#3463=CARTESIAN_POINT('Ctrl Pts',(4.11366934607074,-2.9812429346905,17.7215583355195));
#3464=CARTESIAN_POINT('Ctrl Pts',(3.98935533471426,-2.8770123492136,17.0841502414613));
#3465=CARTESIAN_POINT('Ctrl Pts',(4.00000005960464,-2.83659927248926,16.8185737097109));
#3466=CARTESIAN_POINT('Ctrl Pts',(4.93103454560792,-2.82608702504376,18.3082024291856));
#3467=CARTESIAN_POINT('Ctrl Pts',(4.61548593453553,-2.78776602813221,18.1658565212476));
#3468=CARTESIAN_POINT('Ctrl Pts',(4.15065796479545,-2.67002527331848,17.7084162014803));
#3469=CARTESIAN_POINT('Ctrl Pts',(4.00000005960464,-2.54702271339938,17.0843406715185));
#3470=CARTESIAN_POINT('Ctrl Pts',(4.00000005960464,-2.50000005960464,16.8185737097109));
#3471=CARTESIAN_POINT('',(4.00000005960464,-2.50000005960464,16.8185737097109));
#3472=CARTESIAN_POINT('Origin',(2.50000005960464,-2.50000005960464,16.8185737097108));
#3473=CARTESIAN_POINT('',(4.93103454417817,-2.82608702583934,18.3082024321409));
#3474=CARTESIAN_POINT('Ctrl Pts',(4.00000005960464,-2.50000005960464,16.8185737097109));
#3475=CARTESIAN_POINT('Ctrl Pts',(4.00000005960464,-2.54702271339938,17.0843406715185));
#3476=CARTESIAN_POINT('Ctrl Pts',(4.15065796479545,-2.67002527331848,17.7084162014803));
#3477=CARTESIAN_POINT('Ctrl Pts',(4.61548593453553,-2.78776602813221,18.1658565212476));
#3478=CARTESIAN_POINT('Ctrl Pts',(4.93103454560792,-2.82608702504376,18.3082024291856));
#3479=CARTESIAN_POINT('Ctrl Pts',(2.70515179270693,-4.00000005960464,17.9301137825754));
#3480=CARTESIAN_POINT('Ctrl Pts',(2.93080241062715,-4.00000005960464,17.9806875131472));
#3481=CARTESIAN_POINT('Ctrl Pts',(3.15565373426556,-3.96296124244194,18.0254223550616));
#3482=CARTESIAN_POINT('Ctrl Pts',(3.60460838543909,-3.82388313176238,18.1069407294675));
#3483=CARTESIAN_POINT('Ctrl Pts',(3.89418591330098,-3.69943127462372,18.1542684164978));
#3484=CARTESIAN_POINT('Ctrl Pts',(4.48298064610851,-3.27511356146537,18.2408923119314));
#3485=CARTESIAN_POINT('Ctrl Pts',(4.70953934074675,-3.06250878253771,18.2721254344014));
#3486=CARTESIAN_POINT('Ctrl Pts',(4.92788032355482,-2.82945835152731,18.3076877244639));
#3487=CARTESIAN_POINT('Ctrl Pts',(4.92945781875341,-2.82777303764454,18.3079449772223));
#3488=CARTESIAN_POINT('Ctrl Pts',(4.93103453619978,-2.82608702390121,18.3082024249416));
#3489=CARTESIAN_POINT('Origin',(2.50000005960464,-2.50000005960464,25.));
#3490=CARTESIAN_POINT('',(4.00000005960464,-2.50000005960464,25.));
#3491=CARTESIAN_POINT('Origin',(2.50000005960464,-2.50000005960464,7.14222201011317));
#3492=CARTESIAN_POINT('Origin',(5.50000005960464,0.,30.));
#3493=CARTESIAN_POINT('Origin',(4.93103453619727,0.,30.));
#3494=CARTESIAN_POINT('Origin',(4.00000005960464,0.,30.));
#3495=CARTESIAN_POINT('Origin',(4.00000005960464,4.00000005960464,25.));
#3496=CARTESIAN_POINT('Origin',(-32.4954483719444,-13.8272204761184,2.23792388365533));
#3497=CARTESIAN_POINT('Origin',(4.102864694236,-13.8272204761184,2.23792388365533));
#3498=CARTESIAN_POINT('',(-4.8877120216856,-13.6964868619969,3.73221593079295));
#3499=CARTESIAN_POINT('',(-32.4954483719444,-13.6964868619969,3.73221593079295));
#3500=CARTESIAN_POINT('Origin',(-5.93402657737818,-13.8272204761184,2.23792388365533));
#3501=CARTESIAN_POINT('Origin',(3.69989403298991,-13.8272204761184,2.81342563028948));
#3502=CARTESIAN_POINT('',(5.29722816599869,-14.5724517678397,2.80177967484496));
#3503=CARTESIAN_POINT('Origin',(3.99544849115374,-13.8272204761184,2.39133011997907));
#3504=CARTESIAN_POINT('Origin',(4.61956456019644,-13.8272204761184,1.5));
#3505=CARTESIAN_POINT('Origin',(-4.00000005960464,4.00000005960464,5.));
#3506=CARTESIAN_POINT('',(-5.3961900449465,-5.3961900449465,3.00603405540073));
#3507=CARTESIAN_POINT('',(-5.79019098494395,1.03540502616971,2.44334239828885));
#3508=CARTESIAN_POINT('',(-3.00980464510326,-3.00980464510326,6.41414560750534));
#3509=CARTESIAN_POINT('',(-4.00000005960464,-4.00000005960464,5.));
#3510=CARTESIAN_POINT('',(-5.39237126280317,5.39237126280317,3.0114878415069));
#3511=CARTESIAN_POINT('',(-3.00980464510326,3.00980464510326,6.41414560750534));
#3512=CARTESIAN_POINT('',(-5.36834329496363,5.58698410218958,3.04580333588301));
#3513=CARTESIAN_POINT('Origin',(-67.4954483719444,-5.32722047611842,3.));
#3514=CARTESIAN_POINT('',(-35.7477242157745,-5.3961900449465,3.00603405540073));
#3515=CARTESIAN_POINT('Origin',(3.99544849115374,-13.8272204761184,0.));
#3516=CARTESIAN_POINT('Origin',(3.99544849115374,-13.8272204761184,1.5));
#3517=CARTESIAN_POINT('Origin',(3.2522758438301,-13.8272204761184,1.5));
#3518=CARTESIAN_POINT('Origin',(4.19188150531717,13.8272204761184,2.11079470234321));
#3519=CARTESIAN_POINT('Origin',(5.49544849115374,5.32722047611842,3.));
#3520=CARTESIAN_POINT('',(4.74772427537919,5.39237126280317,3.0114878415069));
#3521=CARTESIAN_POINT('Origin',(4.00000005960464,4.00000005960464,5.));
#3522=CARTESIAN_POINT('Origin',(-4.00000005960464,-4.00000005960464,25.));
#3523=CARTESIAN_POINT('Origin',(-4.00000005960464,-4.00000005960464,5.));
#3524=CARTESIAN_POINT('Origin',(0.,0.,30.));
#3525=CARTESIAN_POINT('',(-7.9602041944578E-16,-9.74843858730208E-32,43.));
#3526=CARTESIAN_POINT('Origin',(0.,0.,30.));
#3527=CARTESIAN_POINT('',(0.,0.,0.));
#3528=CARTESIAN_POINT('',(1.45918276052001,1.41254940699406,-11.4115527691719));
#3529=UNCERTAINTY_MEASURE_WITH_UNIT(LENGTH_MEASURE(0.01),#3537,
'DISTANCE_ACCURACY_VALUE',
'Maximum model space distance between geometric entities at asserted c
onnectivities');
#3530=UNCERTAINTY_MEASURE_WITH_UNIT(LENGTH_MEASURE(0.01),#3537,
'DISTANCE_ACCURACY_VALUE',
'Maximum model space distance between geometric entities at asserted c
onnectivities');
#3531=UNCERTAINTY_MEASURE_WITH_UNIT(LENGTH_MEASURE(0.01),#3537,
'DISTANCE_ACCURACY_VALUE',
'Maximum model space distance between geometric entities at asserted c
onnectivities');
#3532=UNCERTAINTY_MEASURE_WITH_UNIT(LENGTH_MEASURE(0.01),#3537,
'DISTANCE_ACCURACY_VALUE',
'Maximum model space distance between geometric entities at asserted c
onnectivities');
#3533=(
GEOMETRIC_REPRESENTATION_CONTEXT(3)
GLOBAL_UNCERTAINTY_ASSIGNED_CONTEXT((#3529))
GLOBAL_UNIT_ASSIGNED_CONTEXT((#3537,#3539,#3540))
REPRESENTATION_CONTEXT('','3D')
);
#3534=(
GEOMETRIC_REPRESENTATION_CONTEXT(3)
GLOBAL_UNCERTAINTY_ASSIGNED_CONTEXT((#3530))
GLOBAL_UNIT_ASSIGNED_CONTEXT((#3537,#3539,#3540))
REPRESENTATION_CONTEXT('','3D')
);
#3535=(
GEOMETRIC_REPRESENTATION_CONTEXT(3)
GLOBAL_UNCERTAINTY_ASSIGNED_CONTEXT((#3531))
GLOBAL_UNIT_ASSIGNED_CONTEXT((#3537,#3539,#3540))
REPRESENTATION_CONTEXT('','3D')
);
#3536=(
GEOMETRIC_REPRESENTATION_CONTEXT(3)
GLOBAL_UNCERTAINTY_ASSIGNED_CONTEXT((#3532))
GLOBAL_UNIT_ASSIGNED_CONTEXT((#3537,#3539,#3540))
REPRESENTATION_CONTEXT('','3D')
);
#3537=(
LENGTH_UNIT()
NAMED_UNIT(*)
SI_UNIT(.MILLI.,.METRE.)
);
#3538=(
LENGTH_UNIT()
NAMED_UNIT(*)
SI_UNIT($,.METRE.)
);
#3539=(
NAMED_UNIT(*)
PLANE_ANGLE_UNIT()
SI_UNIT($,.RADIAN.)
);
#3540=(
NAMED_UNIT(*)
SI_UNIT($,.STERADIAN.)
SOLID_ANGLE_UNIT()
);
#3541=SHAPE_DEFINITION_REPRESENTATION(#3544,#3549);
#3542=SHAPE_DEFINITION_REPRESENTATION(#3545,#3550);
#3543=SHAPE_DEFINITION_REPRESENTATION(#3546,#3551);
#3544=PRODUCT_DEFINITION_SHAPE('',$,#3553);
#3545=PRODUCT_DEFINITION_SHAPE('',$,#3554);
#3546=PRODUCT_DEFINITION_SHAPE('',$,#3555);
#3547=PRODUCT_DEFINITION_SHAPE($,$,#17);
#3548=PRODUCT_DEFINITION_SHAPE($,$,#18);
#3549=SHAPE_REPRESENTATION('',(#1366,#1505,#1506),#3533);
#3550=SHAPE_REPRESENTATION('',(#1367),#3534);
#3551=SHAPE_REPRESENTATION('',(#1394),#3535);
#3552=PRODUCT_DEFINITION_CONTEXT('part definition',#3563,'design');
#3553=PRODUCT_DEFINITION('assembled transtibial prosthesis',
'assembled transtibial prosthesis v3',#3556,#3552);
#3554=PRODUCT_DEFINITION('Trans-tibial (below-knee) Prosthesis',
'Trans-tibial (below-knee) Prosthesis v6',#3557,#3552);
#3555=PRODUCT_DEFINITION('feet','feet v8',#3558,#3552);
#3556=PRODUCT_DEFINITION_FORMATION('',$,#3565);
#3557=PRODUCT_DEFINITION_FORMATION('',$,#3566);
#3558=PRODUCT_DEFINITION_FORMATION('',$,#3567);
#3559=PRODUCT_RELATED_PRODUCT_CATEGORY(
'assembled transtibial prosthesis v3',
'assembled transtibial prosthesis v3',(#3565));
#3560=PRODUCT_RELATED_PRODUCT_CATEGORY(
'Trans-tibial (below-knee) Prosthesis v6',
'Trans-tibial (below-knee) Prosthesis v6',(#3566));
#3561=PRODUCT_RELATED_PRODUCT_CATEGORY('feet v8','feet v8',(#3567));
#3562=APPLICATION_PROTOCOL_DEFINITION('international standard',
'automotive_design',2009,#3563);
#3563=APPLICATION_CONTEXT(
'Core Data for Automotive Mechanical Design Process');
#3564=PRODUCT_CONTEXT('part definition',#3563,'mechanical');
#3565=PRODUCT('assembled transtibial prosthesis',
'assembled transtibial prosthesis v3',$,(#3564));
#3566=PRODUCT('Trans-tibial (below-knee) Prosthesis',
'Trans-tibial (below-knee) Prosthesis v6',$,(#3564));
#3567=PRODUCT('feet','feet v8',$,(#3564));
#3568=PRESENTATION_STYLE_ASSIGNMENT((#3569));
#3569=SURFACE_STYLE_USAGE(.BOTH.,#3570);
#3570=SURFACE_SIDE_STYLE('',(#3571));
#3571=SURFACE_STYLE_FILL_AREA(#3572);
#3572=FILL_AREA_STYLE('Steel - Satin',(#3573));
#3573=FILL_AREA_STYLE_COLOUR('Steel - Satin',#3574);
#3574=COLOUR_RGB('Steel - Satin',0.627450980392157,0.627450980392157,0.627450980392157);
ENDSEC;
END-ISO-10303-21;
