ISO-10303-21;
HEADER;
/* Generated by software containing ST-Developer
 * from STEP Tools, Inc. (www.steptools.com) 
 */

FILE_DESCRIPTION(
/* description */ (''),
/* implementation_level */ '2;1');

FILE_NAME(
/* name */ 'base_comp1.step',
/* time_stamp */ '2026-07-02T14:43:03+05:30',
/* author */ (''),
/* organization */ (''),
/* preprocessor_version */ 'ST-DEVELOPER v20.1',
/* originating_system */ 'Autodesk Translation Framework v15.8.0.0',
/* authorisation */ '');

FILE_SCHEMA (('AUTOMOTIVE_DESIGN { 1 0 10303 214 3 1 1 }'));
ENDSEC;

DATA;
#10=MECHANICAL_DESIGN_GEOMETRIC_PRESENTATION_REPRESENTATION('',(#13),#9223);
#11=SHAPE_REPRESENTATION_RELATIONSHIP('SRR','None',#9230,#12);
#12=ADVANCED_BREP_SHAPE_REPRESENTATION('',(#14),#9222);
#13=STYLED_ITEM('',(#9239),#14);
#14=MANIFOLD_SOLID_BREP('Body1',#5903);
#15=CIRCLE('',#5921,4.);
#16=CIRCLE('',#5922,4.);
#17=CIRCLE('',#5923,4.);
#18=CIRCLE('',#5924,4.);
#19=CYLINDRICAL_SURFACE('',#5920,4.);
#20=FACE_BOUND('',#363,.T.);
#21=FACE_BOUND('',#364,.T.);
#22=FACE_BOUND('',#365,.T.);
#23=FACE_BOUND('',#366,.T.);
#24=FACE_BOUND('',#367,.T.);
#25=FACE_BOUND('',#368,.T.);
#26=FACE_BOUND('',#369,.T.);
#27=FACE_BOUND('',#370,.T.);
#28=FACE_BOUND('',#371,.T.);
#29=FACE_BOUND('',#372,.T.);
#30=FACE_BOUND('',#373,.T.);
#31=FACE_BOUND('',#374,.T.);
#32=FACE_BOUND('',#375,.T.);
#33=FACE_BOUND('',#376,.T.);
#34=FACE_BOUND('',#377,.T.);
#35=FACE_BOUND('',#378,.T.);
#36=FACE_BOUND('',#379,.T.);
#37=FACE_BOUND('',#380,.T.);
#38=FACE_BOUND('',#381,.T.);
#39=FACE_BOUND('',#382,.T.);
#40=FACE_BOUND('',#383,.T.);
#41=FACE_BOUND('',#384,.T.);
#42=FACE_BOUND('',#385,.T.);
#43=FACE_BOUND('',#386,.T.);
#44=FACE_BOUND('',#387,.T.);
#45=FACE_BOUND('',#388,.T.);
#46=FACE_BOUND('',#389,.T.);
#47=FACE_BOUND('',#390,.T.);
#48=FACE_BOUND('',#391,.T.);
#49=FACE_BOUND('',#392,.T.);
#50=FACE_BOUND('',#393,.T.);
#51=FACE_BOUND('',#394,.T.);
#52=FACE_BOUND('',#395,.T.);
#53=FACE_BOUND('',#397,.T.);
#54=FACE_BOUND('',#399,.T.);
#55=FACE_BOUND('',#400,.T.);
#56=FACE_BOUND('',#401,.T.);
#57=FACE_BOUND('',#402,.T.);
#58=FACE_BOUND('',#403,.T.);
#59=FACE_BOUND('',#404,.T.);
#60=FACE_BOUND('',#405,.T.);
#61=FACE_BOUND('',#406,.T.);
#62=FACE_BOUND('',#407,.T.);
#63=FACE_BOUND('',#408,.T.);
#64=FACE_BOUND('',#409,.T.);
#65=FACE_BOUND('',#410,.T.);
#66=FACE_BOUND('',#411,.T.);
#67=FACE_BOUND('',#412,.T.);
#68=FACE_BOUND('',#413,.T.);
#69=FACE_BOUND('',#414,.T.);
#70=FACE_BOUND('',#415,.T.);
#71=FACE_BOUND('',#416,.T.);
#72=FACE_BOUND('',#417,.T.);
#73=FACE_BOUND('',#418,.T.);
#74=FACE_BOUND('',#419,.T.);
#75=FACE_BOUND('',#420,.T.);
#76=FACE_BOUND('',#421,.T.);
#77=FACE_BOUND('',#422,.T.);
#78=FACE_BOUND('',#423,.T.);
#79=FACE_BOUND('',#424,.T.);
#80=FACE_BOUND('',#425,.T.);
#81=FACE_BOUND('',#426,.T.);
#82=FACE_BOUND('',#427,.T.);
#83=FACE_BOUND('',#428,.T.);
#84=FACE_BOUND('',#429,.T.);
#85=FACE_BOUND('',#430,.T.);
#86=FACE_BOUND('',#435,.T.);
#87=FACE_OUTER_BOUND('',#362,.T.);
#88=FACE_OUTER_BOUND('',#396,.T.);
#89=FACE_OUTER_BOUND('',#398,.T.);
#90=FACE_OUTER_BOUND('',#431,.T.);
#91=FACE_OUTER_BOUND('',#432,.T.);
#92=FACE_OUTER_BOUND('',#433,.T.);
#93=FACE_OUTER_BOUND('',#434,.T.);
#94=FACE_OUTER_BOUND('',#436,.T.);
#95=FACE_OUTER_BOUND('',#437,.T.);
#96=FACE_OUTER_BOUND('',#438,.T.);
#97=FACE_OUTER_BOUND('',#439,.T.);
#98=FACE_OUTER_BOUND('',#440,.T.);
#99=FACE_OUTER_BOUND('',#441,.T.);
#100=FACE_OUTER_BOUND('',#442,.T.);
#101=FACE_OUTER_BOUND('',#443,.T.);
#102=FACE_OUTER_BOUND('',#444,.T.);
#103=FACE_OUTER_BOUND('',#445,.T.);
#104=FACE_OUTER_BOUND('',#446,.T.);
#105=FACE_OUTER_BOUND('',#447,.T.);
#106=FACE_OUTER_BOUND('',#448,.T.);
#107=FACE_OUTER_BOUND('',#449,.T.);
#108=FACE_OUTER_BOUND('',#450,.T.);
#109=FACE_OUTER_BOUND('',#451,.T.);
#110=FACE_OUTER_BOUND('',#452,.T.);
#111=FACE_OUTER_BOUND('',#453,.T.);
#112=FACE_OUTER_BOUND('',#454,.T.);
#113=FACE_OUTER_BOUND('',#455,.T.);
#114=FACE_OUTER_BOUND('',#456,.T.);
#115=FACE_OUTER_BOUND('',#457,.T.);
#116=FACE_OUTER_BOUND('',#458,.T.);
#117=FACE_OUTER_BOUND('',#459,.T.);
#118=FACE_OUTER_BOUND('',#460,.T.);
#119=FACE_OUTER_BOUND('',#461,.T.);
#120=FACE_OUTER_BOUND('',#462,.T.);
#121=FACE_OUTER_BOUND('',#463,.T.);
#122=FACE_OUTER_BOUND('',#464,.T.);
#123=FACE_OUTER_BOUND('',#465,.T.);
#124=FACE_OUTER_BOUND('',#466,.T.);
#125=FACE_OUTER_BOUND('',#467,.T.);
#126=FACE_OUTER_BOUND('',#468,.T.);
#127=FACE_OUTER_BOUND('',#469,.T.);
#128=FACE_OUTER_BOUND('',#470,.T.);
#129=FACE_OUTER_BOUND('',#471,.T.);
#130=FACE_OUTER_BOUND('',#472,.T.);
#131=FACE_OUTER_BOUND('',#473,.T.);
#132=FACE_OUTER_BOUND('',#474,.T.);
#133=FACE_OUTER_BOUND('',#475,.T.);
#134=FACE_OUTER_BOUND('',#476,.T.);
#135=FACE_OUTER_BOUND('',#477,.T.);
#136=FACE_OUTER_BOUND('',#478,.T.);
#137=FACE_OUTER_BOUND('',#479,.T.);
#138=FACE_OUTER_BOUND('',#480,.T.);
#139=FACE_OUTER_BOUND('',#481,.T.);
#140=FACE_OUTER_BOUND('',#482,.T.);
#141=FACE_OUTER_BOUND('',#483,.T.);
#142=FACE_OUTER_BOUND('',#484,.T.);
#143=FACE_OUTER_BOUND('',#485,.T.);
#144=FACE_OUTER_BOUND('',#486,.T.);
#145=FACE_OUTER_BOUND('',#487,.T.);
#146=FACE_OUTER_BOUND('',#488,.T.);
#147=FACE_OUTER_BOUND('',#489,.T.);
#148=FACE_OUTER_BOUND('',#490,.T.);
#149=FACE_OUTER_BOUND('',#491,.T.);
#150=FACE_OUTER_BOUND('',#492,.T.);
#151=FACE_OUTER_BOUND('',#493,.T.);
#152=FACE_OUTER_BOUND('',#494,.T.);
#153=FACE_OUTER_BOUND('',#495,.T.);
#154=FACE_OUTER_BOUND('',#496,.T.);
#155=FACE_OUTER_BOUND('',#497,.T.);
#156=FACE_OUTER_BOUND('',#498,.T.);
#157=FACE_OUTER_BOUND('',#499,.T.);
#158=FACE_OUTER_BOUND('',#500,.T.);
#159=FACE_OUTER_BOUND('',#501,.T.);
#160=FACE_OUTER_BOUND('',#502,.T.);
#161=FACE_OUTER_BOUND('',#503,.T.);
#162=FACE_OUTER_BOUND('',#504,.T.);
#163=FACE_OUTER_BOUND('',#505,.T.);
#164=FACE_OUTER_BOUND('',#506,.T.);
#165=FACE_OUTER_BOUND('',#507,.T.);
#166=FACE_OUTER_BOUND('',#508,.T.);
#167=FACE_OUTER_BOUND('',#509,.T.);
#168=FACE_OUTER_BOUND('',#510,.T.);
#169=FACE_OUTER_BOUND('',#511,.T.);
#170=FACE_OUTER_BOUND('',#512,.T.);
#171=FACE_OUTER_BOUND('',#513,.T.);
#172=FACE_OUTER_BOUND('',#514,.T.);
#173=FACE_OUTER_BOUND('',#515,.T.);
#174=FACE_OUTER_BOUND('',#516,.T.);
#175=FACE_OUTER_BOUND('',#517,.T.);
#176=FACE_OUTER_BOUND('',#518,.T.);
#177=FACE_OUTER_BOUND('',#519,.T.);
#178=FACE_OUTER_BOUND('',#520,.T.);
#179=FACE_OUTER_BOUND('',#521,.T.);
#180=FACE_OUTER_BOUND('',#522,.T.);
#181=FACE_OUTER_BOUND('',#523,.T.);
#182=FACE_OUTER_BOUND('',#524,.T.);
#183=FACE_OUTER_BOUND('',#525,.T.);
#184=FACE_OUTER_BOUND('',#526,.T.);
#185=FACE_OUTER_BOUND('',#527,.T.);
#186=FACE_OUTER_BOUND('',#528,.T.);
#187=FACE_OUTER_BOUND('',#529,.T.);
#188=FACE_OUTER_BOUND('',#530,.T.);
#189=FACE_OUTER_BOUND('',#531,.T.);
#190=FACE_OUTER_BOUND('',#532,.T.);
#191=FACE_OUTER_BOUND('',#533,.T.);
#192=FACE_OUTER_BOUND('',#534,.T.);
#193=FACE_OUTER_BOUND('',#535,.T.);
#194=FACE_OUTER_BOUND('',#536,.T.);
#195=FACE_OUTER_BOUND('',#537,.T.);
#196=FACE_OUTER_BOUND('',#538,.T.);
#197=FACE_OUTER_BOUND('',#539,.T.);
#198=FACE_OUTER_BOUND('',#540,.T.);
#199=FACE_OUTER_BOUND('',#541,.T.);
#200=FACE_OUTER_BOUND('',#542,.T.);
#201=FACE_OUTER_BOUND('',#543,.T.);
#202=FACE_OUTER_BOUND('',#544,.T.);
#203=FACE_OUTER_BOUND('',#545,.T.);
#204=FACE_OUTER_BOUND('',#546,.T.);
#205=FACE_OUTER_BOUND('',#547,.T.);
#206=FACE_OUTER_BOUND('',#548,.T.);
#207=FACE_OUTER_BOUND('',#549,.T.);
#208=FACE_OUTER_BOUND('',#550,.T.);
#209=FACE_OUTER_BOUND('',#551,.T.);
#210=FACE_OUTER_BOUND('',#552,.T.);
#211=FACE_OUTER_BOUND('',#553,.T.);
#212=FACE_OUTER_BOUND('',#554,.T.);
#213=FACE_OUTER_BOUND('',#555,.T.);
#214=FACE_OUTER_BOUND('',#556,.T.);
#215=FACE_OUTER_BOUND('',#557,.T.);
#216=FACE_OUTER_BOUND('',#558,.T.);
#217=FACE_OUTER_BOUND('',#559,.T.);
#218=FACE_OUTER_BOUND('',#560,.T.);
#219=FACE_OUTER_BOUND('',#561,.T.);
#220=FACE_OUTER_BOUND('',#562,.T.);
#221=FACE_OUTER_BOUND('',#563,.T.);
#222=FACE_OUTER_BOUND('',#564,.T.);
#223=FACE_OUTER_BOUND('',#565,.T.);
#224=FACE_OUTER_BOUND('',#566,.T.);
#225=FACE_OUTER_BOUND('',#567,.T.);
#226=FACE_OUTER_BOUND('',#568,.T.);
#227=FACE_OUTER_BOUND('',#569,.T.);
#228=FACE_OUTER_BOUND('',#570,.T.);
#229=FACE_OUTER_BOUND('',#571,.T.);
#230=FACE_OUTER_BOUND('',#572,.T.);
#231=FACE_OUTER_BOUND('',#573,.T.);
#232=FACE_OUTER_BOUND('',#574,.T.);
#233=FACE_OUTER_BOUND('',#575,.T.);
#234=FACE_OUTER_BOUND('',#576,.T.);
#235=FACE_OUTER_BOUND('',#577,.T.);
#236=FACE_OUTER_BOUND('',#578,.T.);
#237=FACE_OUTER_BOUND('',#579,.T.);
#238=FACE_OUTER_BOUND('',#580,.T.);
#239=FACE_OUTER_BOUND('',#581,.T.);
#240=FACE_OUTER_BOUND('',#582,.T.);
#241=FACE_OUTER_BOUND('',#583,.T.);
#242=FACE_OUTER_BOUND('',#584,.T.);
#243=FACE_OUTER_BOUND('',#585,.T.);
#244=FACE_OUTER_BOUND('',#586,.T.);
#245=FACE_OUTER_BOUND('',#587,.T.);
#246=FACE_OUTER_BOUND('',#588,.T.);
#247=FACE_OUTER_BOUND('',#589,.T.);
#248=FACE_OUTER_BOUND('',#590,.T.);
#249=FACE_OUTER_BOUND('',#591,.T.);
#250=FACE_OUTER_BOUND('',#592,.T.);
#251=FACE_OUTER_BOUND('',#593,.T.);
#252=FACE_OUTER_BOUND('',#594,.T.);
#253=FACE_OUTER_BOUND('',#595,.T.);
#254=FACE_OUTER_BOUND('',#596,.T.);
#255=FACE_OUTER_BOUND('',#597,.T.);
#256=FACE_OUTER_BOUND('',#598,.T.);
#257=FACE_OUTER_BOUND('',#599,.T.);
#258=FACE_OUTER_BOUND('',#600,.T.);
#259=FACE_OUTER_BOUND('',#601,.T.);
#260=FACE_OUTER_BOUND('',#602,.T.);
#261=FACE_OUTER_BOUND('',#603,.T.);
#262=FACE_OUTER_BOUND('',#604,.T.);
#263=FACE_OUTER_BOUND('',#605,.T.);
#264=FACE_OUTER_BOUND('',#606,.T.);
#265=FACE_OUTER_BOUND('',#607,.T.);
#266=FACE_OUTER_BOUND('',#608,.T.);
#267=FACE_OUTER_BOUND('',#609,.T.);
#268=FACE_OUTER_BOUND('',#610,.T.);
#269=FACE_OUTER_BOUND('',#611,.T.);
#270=FACE_OUTER_BOUND('',#612,.T.);
#271=FACE_OUTER_BOUND('',#613,.T.);
#272=FACE_OUTER_BOUND('',#614,.T.);
#273=FACE_OUTER_BOUND('',#615,.T.);
#274=FACE_OUTER_BOUND('',#616,.T.);
#275=FACE_OUTER_BOUND('',#617,.T.);
#276=FACE_OUTER_BOUND('',#618,.T.);
#277=FACE_OUTER_BOUND('',#619,.T.);
#278=FACE_OUTER_BOUND('',#620,.T.);
#279=FACE_OUTER_BOUND('',#621,.T.);
#280=FACE_OUTER_BOUND('',#622,.T.);
#281=FACE_OUTER_BOUND('',#623,.T.);
#282=FACE_OUTER_BOUND('',#624,.T.);
#283=FACE_OUTER_BOUND('',#625,.T.);
#284=FACE_OUTER_BOUND('',#626,.T.);
#285=FACE_OUTER_BOUND('',#627,.T.);
#286=FACE_OUTER_BOUND('',#628,.T.);
#287=FACE_OUTER_BOUND('',#629,.T.);
#288=FACE_OUTER_BOUND('',#630,.T.);
#289=FACE_OUTER_BOUND('',#631,.T.);
#290=FACE_OUTER_BOUND('',#632,.T.);
#291=FACE_OUTER_BOUND('',#633,.T.);
#292=FACE_OUTER_BOUND('',#634,.T.);
#293=FACE_OUTER_BOUND('',#635,.T.);
#294=FACE_OUTER_BOUND('',#636,.T.);
#295=FACE_OUTER_BOUND('',#637,.T.);
#296=FACE_OUTER_BOUND('',#638,.T.);
#297=FACE_OUTER_BOUND('',#639,.T.);
#298=FACE_OUTER_BOUND('',#640,.T.);
#299=FACE_OUTER_BOUND('',#641,.T.);
#300=FACE_OUTER_BOUND('',#642,.T.);
#301=FACE_OUTER_BOUND('',#643,.T.);
#302=FACE_OUTER_BOUND('',#644,.T.);
#303=FACE_OUTER_BOUND('',#645,.T.);
#304=FACE_OUTER_BOUND('',#646,.T.);
#305=FACE_OUTER_BOUND('',#647,.T.);
#306=FACE_OUTER_BOUND('',#648,.T.);
#307=FACE_OUTER_BOUND('',#649,.T.);
#308=FACE_OUTER_BOUND('',#650,.T.);
#309=FACE_OUTER_BOUND('',#651,.T.);
#310=FACE_OUTER_BOUND('',#652,.T.);
#311=FACE_OUTER_BOUND('',#653,.T.);
#312=FACE_OUTER_BOUND('',#654,.T.);
#313=FACE_OUTER_BOUND('',#655,.T.);
#314=FACE_OUTER_BOUND('',#656,.T.);
#315=FACE_OUTER_BOUND('',#657,.T.);
#316=FACE_OUTER_BOUND('',#658,.T.);
#317=FACE_OUTER_BOUND('',#659,.T.);
#318=FACE_OUTER_BOUND('',#660,.T.);
#319=FACE_OUTER_BOUND('',#661,.T.);
#320=FACE_OUTER_BOUND('',#662,.T.);
#321=FACE_OUTER_BOUND('',#663,.T.);
#322=FACE_OUTER_BOUND('',#664,.T.);
#323=FACE_OUTER_BOUND('',#665,.T.);
#324=FACE_OUTER_BOUND('',#666,.T.);
#325=FACE_OUTER_BOUND('',#667,.T.);
#326=FACE_OUTER_BOUND('',#668,.T.);
#327=FACE_OUTER_BOUND('',#669,.T.);
#328=FACE_OUTER_BOUND('',#670,.T.);
#329=FACE_OUTER_BOUND('',#671,.T.);
#330=FACE_OUTER_BOUND('',#672,.T.);
#331=FACE_OUTER_BOUND('',#673,.T.);
#332=FACE_OUTER_BOUND('',#674,.T.);
#333=FACE_OUTER_BOUND('',#675,.T.);
#334=FACE_OUTER_BOUND('',#676,.T.);
#335=FACE_OUTER_BOUND('',#677,.T.);
#336=FACE_OUTER_BOUND('',#678,.T.);
#337=FACE_OUTER_BOUND('',#679,.T.);
#338=FACE_OUTER_BOUND('',#680,.T.);
#339=FACE_OUTER_BOUND('',#681,.T.);
#340=FACE_OUTER_BOUND('',#682,.T.);
#341=FACE_OUTER_BOUND('',#683,.T.);
#342=FACE_OUTER_BOUND('',#684,.T.);
#343=FACE_OUTER_BOUND('',#685,.T.);
#344=FACE_OUTER_BOUND('',#686,.T.);
#345=FACE_OUTER_BOUND('',#687,.T.);
#346=FACE_OUTER_BOUND('',#688,.T.);
#347=FACE_OUTER_BOUND('',#689,.T.);
#348=FACE_OUTER_BOUND('',#690,.T.);
#349=FACE_OUTER_BOUND('',#691,.T.);
#350=FACE_OUTER_BOUND('',#692,.T.);
#351=FACE_OUTER_BOUND('',#693,.T.);
#352=FACE_OUTER_BOUND('',#694,.T.);
#353=FACE_OUTER_BOUND('',#695,.T.);
#354=FACE_OUTER_BOUND('',#696,.T.);
#355=FACE_OUTER_BOUND('',#697,.T.);
#356=FACE_OUTER_BOUND('',#698,.T.);
#357=FACE_OUTER_BOUND('',#699,.T.);
#358=FACE_OUTER_BOUND('',#700,.T.);
#359=FACE_OUTER_BOUND('',#701,.T.);
#360=FACE_OUTER_BOUND('',#702,.T.);
#361=FACE_OUTER_BOUND('',#703,.T.);
#362=EDGE_LOOP('',(#3710,#3711,#3712,#3713,#3714,#3715,#3716,#3717,#3718,
#3719,#3720,#3721,#3722,#3723,#3724,#3725,#3726,#3727,#3728,#3729,#3730,
#3731,#3732,#3733,#3734,#3735,#3736,#3737,#3738,#3739,#3740,#3741,#3742,
#3743,#3744,#3745,#3746,#3747,#3748,#3749,#3750,#3751,#3752,#3753,#3754,
#3755,#3756,#3757,#3758,#3759,#3760,#3761,#3762,#3763,#3764,#3765,#3766,
#3767,#3768,#3769,#3770,#3771,#3772,#3773,#3774,#3775,#3776,#3777,#3778,
#3779,#3780,#3781,#3782,#3783,#3784,#3785,#3786,#3787,#3788,#3789,#3790,
#3791,#3792,#3793,#3794,#3795,#3796,#3797,#3798,#3799,#3800,#3801,#3802,
#3803,#3804,#3805,#3806,#3807,#3808,#3809,#3810,#3811,#3812,#3813,#3814,
#3815,#3816,#3817,#3818,#3819,#3820,#3821,#3822,#3823,#3824,#3825,#3826,
#3827,#3828,#3829,#3830,#3831,#3832,#3833,#3834,#3835,#3836,#3837,#3838,
#3839,#3840,#3841,#3842,#3843,#3844,#3845));
#363=EDGE_LOOP('',(#3846,#3847,#3848,#3849));
#364=EDGE_LOOP('',(#3850,#3851,#3852,#3853));
#365=EDGE_LOOP('',(#3854,#3855,#3856,#3857));
#366=EDGE_LOOP('',(#3858,#3859,#3860,#3861));
#367=EDGE_LOOP('',(#3862,#3863,#3864,#3865));
#368=EDGE_LOOP('',(#3866,#3867,#3868,#3869));
#369=EDGE_LOOP('',(#3870,#3871,#3872,#3873));
#370=EDGE_LOOP('',(#3874,#3875,#3876,#3877));
#371=EDGE_LOOP('',(#3878,#3879,#3880,#3881));
#372=EDGE_LOOP('',(#3882,#3883,#3884,#3885));
#373=EDGE_LOOP('',(#3886,#3887,#3888,#3889));
#374=EDGE_LOOP('',(#3890,#3891,#3892,#3893));
#375=EDGE_LOOP('',(#3894,#3895,#3896,#3897));
#376=EDGE_LOOP('',(#3898,#3899,#3900,#3901));
#377=EDGE_LOOP('',(#3902,#3903,#3904,#3905));
#378=EDGE_LOOP('',(#3906,#3907,#3908,#3909));
#379=EDGE_LOOP('',(#3910,#3911,#3912,#3913));
#380=EDGE_LOOP('',(#3914,#3915,#3916,#3917));
#381=EDGE_LOOP('',(#3918,#3919,#3920,#3921));
#382=EDGE_LOOP('',(#3922,#3923,#3924,#3925));
#383=EDGE_LOOP('',(#3926,#3927,#3928,#3929));
#384=EDGE_LOOP('',(#3930,#3931,#3932,#3933));
#385=EDGE_LOOP('',(#3934,#3935,#3936,#3937));
#386=EDGE_LOOP('',(#3938,#3939,#3940,#3941));
#387=EDGE_LOOP('',(#3942,#3943,#3944,#3945));
#388=EDGE_LOOP('',(#3946,#3947,#3948,#3949));
#389=EDGE_LOOP('',(#3950,#3951,#3952,#3953));
#390=EDGE_LOOP('',(#3954,#3955,#3956,#3957));
#391=EDGE_LOOP('',(#3958,#3959,#3960,#3961));
#392=EDGE_LOOP('',(#3962,#3963,#3964,#3965));
#393=EDGE_LOOP('',(#3966,#3967,#3968,#3969));
#394=EDGE_LOOP('',(#3970,#3971,#3972,#3973));
#395=EDGE_LOOP('',(#3974,#3975,#3976,#3977));
#396=EDGE_LOOP('',(#3978,#3979,#3980,#3981));
#397=EDGE_LOOP('',(#3982,#3983,#3984,#3985));
#398=EDGE_LOOP('',(#3986,#3987,#3988,#3989,#3990,#3991,#3992,#3993,#3994,
#3995,#3996,#3997,#3998,#3999,#4000,#4001,#4002,#4003,#4004,#4005,#4006,
#4007,#4008,#4009,#4010,#4011,#4012,#4013,#4014,#4015,#4016,#4017,#4018,
#4019,#4020,#4021,#4022,#4023,#4024,#4025,#4026,#4027,#4028,#4029,#4030,
#4031,#4032,#4033,#4034,#4035,#4036,#4037,#4038,#4039,#4040,#4041,#4042,
#4043,#4044,#4045,#4046,#4047,#4048,#4049,#4050,#4051,#4052,#4053,#4054,
#4055,#4056,#4057,#4058,#4059,#4060,#4061,#4062,#4063,#4064,#4065,#4066,
#4067,#4068,#4069,#4070,#4071,#4072,#4073,#4074,#4075,#4076,#4077,#4078,
#4079,#4080,#4081,#4082,#4083,#4084,#4085,#4086,#4087,#4088,#4089,#4090,
#4091,#4092,#4093,#4094,#4095,#4096,#4097,#4098,#4099,#4100,#4101,#4102,
#4103,#4104,#4105,#4106,#4107,#4108,#4109,#4110,#4111,#4112,#4113,#4114,
#4115,#4116,#4117,#4118,#4119,#4120,#4121));
#399=EDGE_LOOP('',(#4122,#4123,#4124,#4125));
#400=EDGE_LOOP('',(#4126,#4127,#4128,#4129));
#401=EDGE_LOOP('',(#4130,#4131,#4132,#4133));
#402=EDGE_LOOP('',(#4134,#4135,#4136,#4137));
#403=EDGE_LOOP('',(#4138,#4139,#4140,#4141));
#404=EDGE_LOOP('',(#4142,#4143,#4144,#4145));
#405=EDGE_LOOP('',(#4146,#4147,#4148,#4149));
#406=EDGE_LOOP('',(#4150,#4151,#4152,#4153));
#407=EDGE_LOOP('',(#4154,#4155,#4156,#4157));
#408=EDGE_LOOP('',(#4158,#4159,#4160,#4161));
#409=EDGE_LOOP('',(#4162,#4163,#4164,#4165));
#410=EDGE_LOOP('',(#4166,#4167,#4168,#4169));
#411=EDGE_LOOP('',(#4170,#4171,#4172,#4173));
#412=EDGE_LOOP('',(#4174,#4175,#4176,#4177));
#413=EDGE_LOOP('',(#4178,#4179,#4180,#4181));
#414=EDGE_LOOP('',(#4182,#4183,#4184,#4185));
#415=EDGE_LOOP('',(#4186,#4187,#4188,#4189));
#416=EDGE_LOOP('',(#4190,#4191,#4192,#4193));
#417=EDGE_LOOP('',(#4194,#4195,#4196,#4197));
#418=EDGE_LOOP('',(#4198,#4199,#4200,#4201));
#419=EDGE_LOOP('',(#4202,#4203,#4204,#4205));
#420=EDGE_LOOP('',(#4206,#4207,#4208,#4209));
#421=EDGE_LOOP('',(#4210,#4211,#4212,#4213));
#422=EDGE_LOOP('',(#4214,#4215,#4216,#4217));
#423=EDGE_LOOP('',(#4218,#4219,#4220,#4221));
#424=EDGE_LOOP('',(#4222,#4223,#4224,#4225));
#425=EDGE_LOOP('',(#4226,#4227,#4228,#4229));
#426=EDGE_LOOP('',(#4230,#4231,#4232,#4233));
#427=EDGE_LOOP('',(#4234,#4235,#4236,#4237));
#428=EDGE_LOOP('',(#4238,#4239,#4240,#4241));
#429=EDGE_LOOP('',(#4242,#4243,#4244,#4245));
#430=EDGE_LOOP('',(#4246,#4247,#4248,#4249));
#431=EDGE_LOOP('',(#4250,#4251,#4252,#4253,#4254,#4255,#4256,#4257));
#432=EDGE_LOOP('',(#4258,#4259,#4260,#4261,#4262,#4263,#4264,#4265));
#433=EDGE_LOOP('',(#4266,#4267,#4268,#4269));
#434=EDGE_LOOP('',(#4270,#4271,#4272,#4273));
#435=EDGE_LOOP('',(#4274,#4275,#4276,#4277));
#436=EDGE_LOOP('',(#4278,#4279,#4280,#4281));
#437=EDGE_LOOP('',(#4282,#4283,#4284,#4285));
#438=EDGE_LOOP('',(#4286,#4287,#4288,#4289));
#439=EDGE_LOOP('',(#4290,#4291,#4292,#4293));
#440=EDGE_LOOP('',(#4294,#4295,#4296,#4297));
#441=EDGE_LOOP('',(#4298,#4299,#4300,#4301));
#442=EDGE_LOOP('',(#4302,#4303,#4304,#4305));
#443=EDGE_LOOP('',(#4306,#4307,#4308,#4309));
#444=EDGE_LOOP('',(#4310,#4311,#4312,#4313));
#445=EDGE_LOOP('',(#4314,#4315,#4316,#4317));
#446=EDGE_LOOP('',(#4318,#4319,#4320,#4321));
#447=EDGE_LOOP('',(#4322,#4323,#4324,#4325));
#448=EDGE_LOOP('',(#4326,#4327,#4328,#4329));
#449=EDGE_LOOP('',(#4330,#4331,#4332,#4333));
#450=EDGE_LOOP('',(#4334,#4335,#4336,#4337));
#451=EDGE_LOOP('',(#4338,#4339,#4340,#4341));
#452=EDGE_LOOP('',(#4342,#4343,#4344,#4345));
#453=EDGE_LOOP('',(#4346,#4347,#4348,#4349));
#454=EDGE_LOOP('',(#4350,#4351,#4352,#4353));
#455=EDGE_LOOP('',(#4354,#4355,#4356,#4357));
#456=EDGE_LOOP('',(#4358,#4359,#4360,#4361,#4362));
#457=EDGE_LOOP('',(#4363,#4364,#4365,#4366));
#458=EDGE_LOOP('',(#4367,#4368,#4369,#4370,#4371));
#459=EDGE_LOOP('',(#4372,#4373,#4374,#4375));
#460=EDGE_LOOP('',(#4376,#4377,#4378,#4379,#4380));
#461=EDGE_LOOP('',(#4381,#4382,#4383,#4384,#4385));
#462=EDGE_LOOP('',(#4386,#4387,#4388,#4389));
#463=EDGE_LOOP('',(#4390,#4391,#4392,#4393));
#464=EDGE_LOOP('',(#4394,#4395,#4396,#4397));
#465=EDGE_LOOP('',(#4398,#4399,#4400,#4401));
#466=EDGE_LOOP('',(#4402,#4403,#4404,#4405));
#467=EDGE_LOOP('',(#4406,#4407,#4408,#4409));
#468=EDGE_LOOP('',(#4410,#4411,#4412,#4413));
#469=EDGE_LOOP('',(#4414,#4415,#4416,#4417));
#470=EDGE_LOOP('',(#4418,#4419,#4420,#4421));
#471=EDGE_LOOP('',(#4422,#4423,#4424,#4425));
#472=EDGE_LOOP('',(#4426,#4427,#4428,#4429));
#473=EDGE_LOOP('',(#4430,#4431,#4432,#4433));
#474=EDGE_LOOP('',(#4434,#4435,#4436,#4437));
#475=EDGE_LOOP('',(#4438,#4439,#4440,#4441));
#476=EDGE_LOOP('',(#4442,#4443,#4444,#4445));
#477=EDGE_LOOP('',(#4446,#4447,#4448,#4449));
#478=EDGE_LOOP('',(#4450,#4451,#4452,#4453));
#479=EDGE_LOOP('',(#4454,#4455,#4456,#4457));
#480=EDGE_LOOP('',(#4458,#4459,#4460,#4461));
#481=EDGE_LOOP('',(#4462,#4463,#4464,#4465));
#482=EDGE_LOOP('',(#4466,#4467,#4468,#4469));
#483=EDGE_LOOP('',(#4470,#4471,#4472,#4473));
#484=EDGE_LOOP('',(#4474,#4475,#4476,#4477));
#485=EDGE_LOOP('',(#4478,#4479,#4480,#4481));
#486=EDGE_LOOP('',(#4482,#4483,#4484,#4485));
#487=EDGE_LOOP('',(#4486,#4487,#4488,#4489));
#488=EDGE_LOOP('',(#4490,#4491,#4492,#4493));
#489=EDGE_LOOP('',(#4494,#4495,#4496,#4497));
#490=EDGE_LOOP('',(#4498,#4499,#4500,#4501));
#491=EDGE_LOOP('',(#4502,#4503,#4504,#4505));
#492=EDGE_LOOP('',(#4506,#4507,#4508,#4509));
#493=EDGE_LOOP('',(#4510,#4511,#4512,#4513));
#494=EDGE_LOOP('',(#4514,#4515,#4516,#4517));
#495=EDGE_LOOP('',(#4518,#4519,#4520,#4521));
#496=EDGE_LOOP('',(#4522,#4523,#4524,#4525));
#497=EDGE_LOOP('',(#4526,#4527,#4528,#4529));
#498=EDGE_LOOP('',(#4530,#4531,#4532,#4533));
#499=EDGE_LOOP('',(#4534,#4535,#4536,#4537));
#500=EDGE_LOOP('',(#4538,#4539,#4540,#4541));
#501=EDGE_LOOP('',(#4542,#4543,#4544,#4545));
#502=EDGE_LOOP('',(#4546,#4547,#4548,#4549));
#503=EDGE_LOOP('',(#4550,#4551,#4552,#4553));
#504=EDGE_LOOP('',(#4554,#4555,#4556,#4557));
#505=EDGE_LOOP('',(#4558,#4559,#4560,#4561));
#506=EDGE_LOOP('',(#4562,#4563,#4564,#4565));
#507=EDGE_LOOP('',(#4566,#4567,#4568,#4569));
#508=EDGE_LOOP('',(#4570,#4571,#4572,#4573));
#509=EDGE_LOOP('',(#4574,#4575,#4576,#4577));
#510=EDGE_LOOP('',(#4578,#4579,#4580,#4581));
#511=EDGE_LOOP('',(#4582,#4583,#4584,#4585));
#512=EDGE_LOOP('',(#4586,#4587,#4588,#4589));
#513=EDGE_LOOP('',(#4590,#4591,#4592,#4593));
#514=EDGE_LOOP('',(#4594,#4595,#4596,#4597));
#515=EDGE_LOOP('',(#4598,#4599,#4600,#4601));
#516=EDGE_LOOP('',(#4602,#4603,#4604,#4605));
#517=EDGE_LOOP('',(#4606,#4607,#4608,#4609));
#518=EDGE_LOOP('',(#4610,#4611,#4612,#4613));
#519=EDGE_LOOP('',(#4614,#4615,#4616,#4617));
#520=EDGE_LOOP('',(#4618,#4619,#4620,#4621));
#521=EDGE_LOOP('',(#4622,#4623,#4624,#4625));
#522=EDGE_LOOP('',(#4626,#4627,#4628,#4629));
#523=EDGE_LOOP('',(#4630,#4631,#4632,#4633));
#524=EDGE_LOOP('',(#4634,#4635,#4636,#4637));
#525=EDGE_LOOP('',(#4638,#4639,#4640,#4641));
#526=EDGE_LOOP('',(#4642,#4643,#4644,#4645));
#527=EDGE_LOOP('',(#4646,#4647,#4648,#4649));
#528=EDGE_LOOP('',(#4650,#4651,#4652,#4653));
#529=EDGE_LOOP('',(#4654,#4655,#4656,#4657));
#530=EDGE_LOOP('',(#4658,#4659,#4660,#4661));
#531=EDGE_LOOP('',(#4662,#4663,#4664,#4665));
#532=EDGE_LOOP('',(#4666,#4667,#4668,#4669));
#533=EDGE_LOOP('',(#4670,#4671,#4672,#4673));
#534=EDGE_LOOP('',(#4674,#4675,#4676,#4677));
#535=EDGE_LOOP('',(#4678,#4679,#4680,#4681));
#536=EDGE_LOOP('',(#4682,#4683,#4684,#4685));
#537=EDGE_LOOP('',(#4686,#4687,#4688,#4689));
#538=EDGE_LOOP('',(#4690,#4691,#4692,#4693));
#539=EDGE_LOOP('',(#4694,#4695,#4696,#4697));
#540=EDGE_LOOP('',(#4698,#4699,#4700,#4701));
#541=EDGE_LOOP('',(#4702,#4703,#4704,#4705));
#542=EDGE_LOOP('',(#4706,#4707,#4708,#4709));
#543=EDGE_LOOP('',(#4710,#4711,#4712,#4713));
#544=EDGE_LOOP('',(#4714,#4715,#4716,#4717));
#545=EDGE_LOOP('',(#4718,#4719,#4720,#4721));
#546=EDGE_LOOP('',(#4722,#4723,#4724,#4725));
#547=EDGE_LOOP('',(#4726,#4727,#4728,#4729));
#548=EDGE_LOOP('',(#4730,#4731,#4732,#4733));
#549=EDGE_LOOP('',(#4734,#4735,#4736,#4737));
#550=EDGE_LOOP('',(#4738,#4739,#4740,#4741));
#551=EDGE_LOOP('',(#4742,#4743,#4744,#4745));
#552=EDGE_LOOP('',(#4746,#4747,#4748,#4749));
#553=EDGE_LOOP('',(#4750,#4751,#4752,#4753));
#554=EDGE_LOOP('',(#4754,#4755,#4756,#4757));
#555=EDGE_LOOP('',(#4758,#4759,#4760,#4761));
#556=EDGE_LOOP('',(#4762,#4763,#4764,#4765));
#557=EDGE_LOOP('',(#4766,#4767,#4768,#4769));
#558=EDGE_LOOP('',(#4770,#4771,#4772,#4773));
#559=EDGE_LOOP('',(#4774,#4775,#4776,#4777));
#560=EDGE_LOOP('',(#4778,#4779,#4780,#4781));
#561=EDGE_LOOP('',(#4782,#4783,#4784,#4785));
#562=EDGE_LOOP('',(#4786,#4787,#4788,#4789));
#563=EDGE_LOOP('',(#4790,#4791,#4792,#4793));
#564=EDGE_LOOP('',(#4794,#4795,#4796,#4797));
#565=EDGE_LOOP('',(#4798,#4799,#4800,#4801));
#566=EDGE_LOOP('',(#4802,#4803,#4804,#4805));
#567=EDGE_LOOP('',(#4806,#4807,#4808,#4809));
#568=EDGE_LOOP('',(#4810,#4811,#4812,#4813));
#569=EDGE_LOOP('',(#4814,#4815,#4816,#4817));
#570=EDGE_LOOP('',(#4818,#4819,#4820,#4821));
#571=EDGE_LOOP('',(#4822,#4823,#4824,#4825));
#572=EDGE_LOOP('',(#4826,#4827,#4828,#4829));
#573=EDGE_LOOP('',(#4830,#4831,#4832,#4833));
#574=EDGE_LOOP('',(#4834,#4835,#4836,#4837));
#575=EDGE_LOOP('',(#4838,#4839,#4840,#4841));
#576=EDGE_LOOP('',(#4842,#4843,#4844,#4845));
#577=EDGE_LOOP('',(#4846,#4847,#4848,#4849));
#578=EDGE_LOOP('',(#4850,#4851,#4852,#4853));
#579=EDGE_LOOP('',(#4854,#4855,#4856,#4857));
#580=EDGE_LOOP('',(#4858,#4859,#4860,#4861));
#581=EDGE_LOOP('',(#4862,#4863,#4864,#4865));
#582=EDGE_LOOP('',(#4866,#4867,#4868,#4869));
#583=EDGE_LOOP('',(#4870,#4871,#4872,#4873));
#584=EDGE_LOOP('',(#4874,#4875,#4876,#4877));
#585=EDGE_LOOP('',(#4878,#4879,#4880,#4881));
#586=EDGE_LOOP('',(#4882,#4883,#4884,#4885));
#587=EDGE_LOOP('',(#4886,#4887,#4888,#4889));
#588=EDGE_LOOP('',(#4890,#4891,#4892,#4893));
#589=EDGE_LOOP('',(#4894,#4895,#4896,#4897));
#590=EDGE_LOOP('',(#4898,#4899,#4900,#4901));
#591=EDGE_LOOP('',(#4902,#4903,#4904,#4905));
#592=EDGE_LOOP('',(#4906,#4907,#4908,#4909));
#593=EDGE_LOOP('',(#4910,#4911,#4912,#4913));
#594=EDGE_LOOP('',(#4914,#4915,#4916,#4917));
#595=EDGE_LOOP('',(#4918,#4919,#4920,#4921));
#596=EDGE_LOOP('',(#4922,#4923,#4924,#4925));
#597=EDGE_LOOP('',(#4926,#4927,#4928,#4929));
#598=EDGE_LOOP('',(#4930,#4931,#4932,#4933));
#599=EDGE_LOOP('',(#4934,#4935,#4936,#4937));
#600=EDGE_LOOP('',(#4938,#4939,#4940,#4941));
#601=EDGE_LOOP('',(#4942,#4943,#4944,#4945));
#602=EDGE_LOOP('',(#4946,#4947,#4948,#4949));
#603=EDGE_LOOP('',(#4950,#4951,#4952,#4953));
#604=EDGE_LOOP('',(#4954,#4955,#4956,#4957));
#605=EDGE_LOOP('',(#4958,#4959,#4960,#4961));
#606=EDGE_LOOP('',(#4962,#4963,#4964,#4965));
#607=EDGE_LOOP('',(#4966,#4967,#4968,#4969));
#608=EDGE_LOOP('',(#4970,#4971,#4972,#4973));
#609=EDGE_LOOP('',(#4974,#4975,#4976,#4977));
#610=EDGE_LOOP('',(#4978,#4979,#4980,#4981));
#611=EDGE_LOOP('',(#4982,#4983,#4984,#4985));
#612=EDGE_LOOP('',(#4986,#4987,#4988,#4989));
#613=EDGE_LOOP('',(#4990,#4991,#4992,#4993));
#614=EDGE_LOOP('',(#4994,#4995,#4996,#4997));
#615=EDGE_LOOP('',(#4998,#4999,#5000,#5001));
#616=EDGE_LOOP('',(#5002,#5003,#5004,#5005));
#617=EDGE_LOOP('',(#5006,#5007,#5008,#5009));
#618=EDGE_LOOP('',(#5010,#5011,#5012,#5013));
#619=EDGE_LOOP('',(#5014,#5015,#5016,#5017));
#620=EDGE_LOOP('',(#5018,#5019,#5020,#5021));
#621=EDGE_LOOP('',(#5022,#5023,#5024,#5025));
#622=EDGE_LOOP('',(#5026,#5027,#5028,#5029));
#623=EDGE_LOOP('',(#5030,#5031,#5032,#5033));
#624=EDGE_LOOP('',(#5034,#5035,#5036,#5037));
#625=EDGE_LOOP('',(#5038,#5039,#5040,#5041));
#626=EDGE_LOOP('',(#5042,#5043,#5044,#5045));
#627=EDGE_LOOP('',(#5046,#5047,#5048,#5049));
#628=EDGE_LOOP('',(#5050,#5051,#5052,#5053));
#629=EDGE_LOOP('',(#5054,#5055,#5056,#5057));
#630=EDGE_LOOP('',(#5058,#5059,#5060,#5061));
#631=EDGE_LOOP('',(#5062,#5063,#5064,#5065));
#632=EDGE_LOOP('',(#5066,#5067,#5068,#5069));
#633=EDGE_LOOP('',(#5070,#5071,#5072,#5073));
#634=EDGE_LOOP('',(#5074,#5075,#5076,#5077));
#635=EDGE_LOOP('',(#5078,#5079,#5080,#5081));
#636=EDGE_LOOP('',(#5082,#5083,#5084,#5085));
#637=EDGE_LOOP('',(#5086,#5087,#5088,#5089));
#638=EDGE_LOOP('',(#5090,#5091,#5092,#5093));
#639=EDGE_LOOP('',(#5094,#5095,#5096,#5097));
#640=EDGE_LOOP('',(#5098,#5099,#5100,#5101));
#641=EDGE_LOOP('',(#5102,#5103,#5104,#5105));
#642=EDGE_LOOP('',(#5106,#5107,#5108,#5109));
#643=EDGE_LOOP('',(#5110,#5111,#5112,#5113));
#644=EDGE_LOOP('',(#5114,#5115,#5116,#5117));
#645=EDGE_LOOP('',(#5118,#5119,#5120,#5121));
#646=EDGE_LOOP('',(#5122,#5123,#5124,#5125));
#647=EDGE_LOOP('',(#5126,#5127,#5128,#5129));
#648=EDGE_LOOP('',(#5130,#5131,#5132,#5133));
#649=EDGE_LOOP('',(#5134,#5135,#5136,#5137));
#650=EDGE_LOOP('',(#5138,#5139,#5140,#5141));
#651=EDGE_LOOP('',(#5142,#5143,#5144,#5145));
#652=EDGE_LOOP('',(#5146,#5147,#5148,#5149));
#653=EDGE_LOOP('',(#5150,#5151,#5152,#5153));
#654=EDGE_LOOP('',(#5154,#5155,#5156,#5157));
#655=EDGE_LOOP('',(#5158,#5159,#5160,#5161));
#656=EDGE_LOOP('',(#5162,#5163,#5164,#5165));
#657=EDGE_LOOP('',(#5166,#5167,#5168,#5169));
#658=EDGE_LOOP('',(#5170,#5171,#5172,#5173));
#659=EDGE_LOOP('',(#5174,#5175,#5176,#5177));
#660=EDGE_LOOP('',(#5178,#5179,#5180,#5181));
#661=EDGE_LOOP('',(#5182,#5183,#5184,#5185));
#662=EDGE_LOOP('',(#5186,#5187,#5188,#5189));
#663=EDGE_LOOP('',(#5190,#5191,#5192,#5193));
#664=EDGE_LOOP('',(#5194,#5195,#5196,#5197));
#665=EDGE_LOOP('',(#5198,#5199,#5200,#5201));
#666=EDGE_LOOP('',(#5202,#5203,#5204,#5205));
#667=EDGE_LOOP('',(#5206,#5207,#5208,#5209));
#668=EDGE_LOOP('',(#5210,#5211,#5212,#5213));
#669=EDGE_LOOP('',(#5214,#5215,#5216,#5217));
#670=EDGE_LOOP('',(#5218,#5219,#5220,#5221));
#671=EDGE_LOOP('',(#5222,#5223,#5224,#5225));
#672=EDGE_LOOP('',(#5226,#5227,#5228,#5229));
#673=EDGE_LOOP('',(#5230,#5231,#5232,#5233));
#674=EDGE_LOOP('',(#5234,#5235,#5236,#5237));
#675=EDGE_LOOP('',(#5238,#5239,#5240,#5241));
#676=EDGE_LOOP('',(#5242,#5243,#5244,#5245));
#677=EDGE_LOOP('',(#5246,#5247,#5248,#5249));
#678=EDGE_LOOP('',(#5250,#5251,#5252,#5253));
#679=EDGE_LOOP('',(#5254,#5255,#5256,#5257));
#680=EDGE_LOOP('',(#5258,#5259,#5260,#5261));
#681=EDGE_LOOP('',(#5262,#5263,#5264,#5265));
#682=EDGE_LOOP('',(#5266,#5267,#5268,#5269));
#683=EDGE_LOOP('',(#5270,#5271,#5272,#5273));
#684=EDGE_LOOP('',(#5274,#5275,#5276,#5277));
#685=EDGE_LOOP('',(#5278,#5279,#5280,#5281));
#686=EDGE_LOOP('',(#5282,#5283,#5284,#5285));
#687=EDGE_LOOP('',(#5286,#5287,#5288,#5289));
#688=EDGE_LOOP('',(#5290,#5291,#5292,#5293));
#689=EDGE_LOOP('',(#5294,#5295,#5296,#5297));
#690=EDGE_LOOP('',(#5298,#5299,#5300,#5301));
#691=EDGE_LOOP('',(#5302,#5303,#5304,#5305));
#692=EDGE_LOOP('',(#5306,#5307,#5308,#5309));
#693=EDGE_LOOP('',(#5310,#5311,#5312,#5313));
#694=EDGE_LOOP('',(#5314,#5315,#5316,#5317));
#695=EDGE_LOOP('',(#5318,#5319,#5320,#5321));
#696=EDGE_LOOP('',(#5322,#5323,#5324,#5325));
#697=EDGE_LOOP('',(#5326,#5327,#5328,#5329));
#698=EDGE_LOOP('',(#5330,#5331,#5332,#5333));
#699=EDGE_LOOP('',(#5334,#5335,#5336,#5337));
#700=EDGE_LOOP('',(#5338,#5339,#5340,#5341));
#701=EDGE_LOOP('',(#5342,#5343,#5344,#5345));
#702=EDGE_LOOP('',(#5346,#5347,#5348,#5349));
#703=EDGE_LOOP('',(#5350,#5351,#5352,#5353));
#704=LINE('',#7578,#1522);
#705=LINE('',#7580,#1523);
#706=LINE('',#7582,#1524);
#707=LINE('',#7584,#1525);
#708=LINE('',#7586,#1526);
#709=LINE('',#7588,#1527);
#710=LINE('',#7590,#1528);
#711=LINE('',#7592,#1529);
#712=LINE('',#7594,#1530);
#713=LINE('',#7596,#1531);
#714=LINE('',#7598,#1532);
#715=LINE('',#7600,#1533);
#716=LINE('',#7602,#1534);
#717=LINE('',#7604,#1535);
#718=LINE('',#7606,#1536);
#719=LINE('',#7608,#1537);
#720=LINE('',#7610,#1538);
#721=LINE('',#7612,#1539);
#722=LINE('',#7614,#1540);
#723=LINE('',#7616,#1541);
#724=LINE('',#7618,#1542);
#725=LINE('',#7620,#1543);
#726=LINE('',#7622,#1544);
#727=LINE('',#7624,#1545);
#728=LINE('',#7626,#1546);
#729=LINE('',#7628,#1547);
#730=LINE('',#7630,#1548);
#731=LINE('',#7632,#1549);
#732=LINE('',#7634,#1550);
#733=LINE('',#7636,#1551);
#734=LINE('',#7638,#1552);
#735=LINE('',#7640,#1553);
#736=LINE('',#7642,#1554);
#737=LINE('',#7644,#1555);
#738=LINE('',#7646,#1556);
#739=LINE('',#7648,#1557);
#740=LINE('',#7650,#1558);
#741=LINE('',#7652,#1559);
#742=LINE('',#7654,#1560);
#743=LINE('',#7656,#1561);
#744=LINE('',#7658,#1562);
#745=LINE('',#7660,#1563);
#746=LINE('',#7662,#1564);
#747=LINE('',#7664,#1565);
#748=LINE('',#7666,#1566);
#749=LINE('',#7668,#1567);
#750=LINE('',#7670,#1568);
#751=LINE('',#7672,#1569);
#752=LINE('',#7674,#1570);
#753=LINE('',#7676,#1571);
#754=LINE('',#7678,#1572);
#755=LINE('',#7680,#1573);
#756=LINE('',#7682,#1574);
#757=LINE('',#7684,#1575);
#758=LINE('',#7686,#1576);
#759=LINE('',#7688,#1577);
#760=LINE('',#7690,#1578);
#761=LINE('',#7692,#1579);
#762=LINE('',#7694,#1580);
#763=LINE('',#7696,#1581);
#764=LINE('',#7698,#1582);
#765=LINE('',#7700,#1583);
#766=LINE('',#7702,#1584);
#767=LINE('',#7704,#1585);
#768=LINE('',#7706,#1586);
#769=LINE('',#7708,#1587);
#770=LINE('',#7710,#1588);
#771=LINE('',#7712,#1589);
#772=LINE('',#7714,#1590);
#773=LINE('',#7716,#1591);
#774=LINE('',#7718,#1592);
#775=LINE('',#7720,#1593);
#776=LINE('',#7722,#1594);
#777=LINE('',#7724,#1595);
#778=LINE('',#7726,#1596);
#779=LINE('',#7728,#1597);
#780=LINE('',#7730,#1598);
#781=LINE('',#7732,#1599);
#782=LINE('',#7734,#1600);
#783=LINE('',#7736,#1601);
#784=LINE('',#7738,#1602);
#785=LINE('',#7740,#1603);
#786=LINE('',#7742,#1604);
#787=LINE('',#7744,#1605);
#788=LINE('',#7746,#1606);
#789=LINE('',#7748,#1607);
#790=LINE('',#7750,#1608);
#791=LINE('',#7752,#1609);
#792=LINE('',#7754,#1610);
#793=LINE('',#7756,#1611);
#794=LINE('',#7758,#1612);
#795=LINE('',#7760,#1613);
#796=LINE('',#7762,#1614);
#797=LINE('',#7764,#1615);
#798=LINE('',#7766,#1616);
#799=LINE('',#7768,#1617);
#800=LINE('',#7770,#1618);
#801=LINE('',#7772,#1619);
#802=LINE('',#7774,#1620);
#803=LINE('',#7776,#1621);
#804=LINE('',#7778,#1622);
#805=LINE('',#7780,#1623);
#806=LINE('',#7782,#1624);
#807=LINE('',#7784,#1625);
#808=LINE('',#7786,#1626);
#809=LINE('',#7788,#1627);
#810=LINE('',#7790,#1628);
#811=LINE('',#7792,#1629);
#812=LINE('',#7794,#1630);
#813=LINE('',#7796,#1631);
#814=LINE('',#7798,#1632);
#815=LINE('',#7800,#1633);
#816=LINE('',#7802,#1634);
#817=LINE('',#7804,#1635);
#818=LINE('',#7806,#1636);
#819=LINE('',#7808,#1637);
#820=LINE('',#7810,#1638);
#821=LINE('',#7812,#1639);
#822=LINE('',#7814,#1640);
#823=LINE('',#7816,#1641);
#824=LINE('',#7818,#1642);
#825=LINE('',#7820,#1643);
#826=LINE('',#7822,#1644);
#827=LINE('',#7824,#1645);
#828=LINE('',#7826,#1646);
#829=LINE('',#7828,#1647);
#830=LINE('',#7830,#1648);
#831=LINE('',#7832,#1649);
#832=LINE('',#7834,#1650);
#833=LINE('',#7836,#1651);
#834=LINE('',#7838,#1652);
#835=LINE('',#7840,#1653);
#836=LINE('',#7842,#1654);
#837=LINE('',#7844,#1655);
#838=LINE('',#7846,#1656);
#839=LINE('',#7847,#1657);
#840=LINE('',#7850,#1658);
#841=LINE('',#7852,#1659);
#842=LINE('',#7854,#1660);
#843=LINE('',#7855,#1661);
#844=LINE('',#7858,#1662);
#845=LINE('',#7860,#1663);
#846=LINE('',#7862,#1664);
#847=LINE('',#7863,#1665);
#848=LINE('',#7866,#1666);
#849=LINE('',#7868,#1667);
#850=LINE('',#7870,#1668);
#851=LINE('',#7871,#1669);
#852=LINE('',#7874,#1670);
#853=LINE('',#7876,#1671);
#854=LINE('',#7878,#1672);
#855=LINE('',#7879,#1673);
#856=LINE('',#7882,#1674);
#857=LINE('',#7884,#1675);
#858=LINE('',#7886,#1676);
#859=LINE('',#7887,#1677);
#860=LINE('',#7890,#1678);
#861=LINE('',#7892,#1679);
#862=LINE('',#7894,#1680);
#863=LINE('',#7895,#1681);
#864=LINE('',#7898,#1682);
#865=LINE('',#7900,#1683);
#866=LINE('',#7902,#1684);
#867=LINE('',#7903,#1685);
#868=LINE('',#7906,#1686);
#869=LINE('',#7908,#1687);
#870=LINE('',#7910,#1688);
#871=LINE('',#7911,#1689);
#872=LINE('',#7914,#1690);
#873=LINE('',#7916,#1691);
#874=LINE('',#7918,#1692);
#875=LINE('',#7919,#1693);
#876=LINE('',#7922,#1694);
#877=LINE('',#7924,#1695);
#878=LINE('',#7926,#1696);
#879=LINE('',#7927,#1697);
#880=LINE('',#7930,#1698);
#881=LINE('',#7932,#1699);
#882=LINE('',#7934,#1700);
#883=LINE('',#7935,#1701);
#884=LINE('',#7938,#1702);
#885=LINE('',#7940,#1703);
#886=LINE('',#7942,#1704);
#887=LINE('',#7943,#1705);
#888=LINE('',#7946,#1706);
#889=LINE('',#7948,#1707);
#890=LINE('',#7950,#1708);
#891=LINE('',#7951,#1709);
#892=LINE('',#7954,#1710);
#893=LINE('',#7956,#1711);
#894=LINE('',#7958,#1712);
#895=LINE('',#7959,#1713);
#896=LINE('',#7962,#1714);
#897=LINE('',#7964,#1715);
#898=LINE('',#7966,#1716);
#899=LINE('',#7967,#1717);
#900=LINE('',#7970,#1718);
#901=LINE('',#7972,#1719);
#902=LINE('',#7974,#1720);
#903=LINE('',#7975,#1721);
#904=LINE('',#7978,#1722);
#905=LINE('',#7980,#1723);
#906=LINE('',#7982,#1724);
#907=LINE('',#7983,#1725);
#908=LINE('',#7986,#1726);
#909=LINE('',#7988,#1727);
#910=LINE('',#7990,#1728);
#911=LINE('',#7991,#1729);
#912=LINE('',#7994,#1730);
#913=LINE('',#7996,#1731);
#914=LINE('',#7998,#1732);
#915=LINE('',#7999,#1733);
#916=LINE('',#8002,#1734);
#917=LINE('',#8004,#1735);
#918=LINE('',#8006,#1736);
#919=LINE('',#8007,#1737);
#920=LINE('',#8010,#1738);
#921=LINE('',#8012,#1739);
#922=LINE('',#8014,#1740);
#923=LINE('',#8015,#1741);
#924=LINE('',#8018,#1742);
#925=LINE('',#8020,#1743);
#926=LINE('',#8022,#1744);
#927=LINE('',#8023,#1745);
#928=LINE('',#8026,#1746);
#929=LINE('',#8028,#1747);
#930=LINE('',#8030,#1748);
#931=LINE('',#8031,#1749);
#932=LINE('',#8034,#1750);
#933=LINE('',#8036,#1751);
#934=LINE('',#8038,#1752);
#935=LINE('',#8039,#1753);
#936=LINE('',#8042,#1754);
#937=LINE('',#8044,#1755);
#938=LINE('',#8046,#1756);
#939=LINE('',#8047,#1757);
#940=LINE('',#8050,#1758);
#941=LINE('',#8052,#1759);
#942=LINE('',#8054,#1760);
#943=LINE('',#8055,#1761);
#944=LINE('',#8058,#1762);
#945=LINE('',#8060,#1763);
#946=LINE('',#8062,#1764);
#947=LINE('',#8063,#1765);
#948=LINE('',#8066,#1766);
#949=LINE('',#8068,#1767);
#950=LINE('',#8070,#1768);
#951=LINE('',#8071,#1769);
#952=LINE('',#8074,#1770);
#953=LINE('',#8076,#1771);
#954=LINE('',#8078,#1772);
#955=LINE('',#8079,#1773);
#956=LINE('',#8082,#1774);
#957=LINE('',#8084,#1775);
#958=LINE('',#8086,#1776);
#959=LINE('',#8087,#1777);
#960=LINE('',#8090,#1778);
#961=LINE('',#8092,#1779);
#962=LINE('',#8094,#1780);
#963=LINE('',#8095,#1781);
#964=LINE('',#8098,#1782);
#965=LINE('',#8100,#1783);
#966=LINE('',#8102,#1784);
#967=LINE('',#8103,#1785);
#968=LINE('',#8106,#1786);
#969=LINE('',#8108,#1787);
#970=LINE('',#8110,#1788);
#971=LINE('',#8111,#1789);
#972=LINE('',#8115,#1790);
#973=LINE('',#8116,#1791);
#974=LINE('',#8117,#1792);
#975=LINE('',#8120,#1793);
#976=LINE('',#8122,#1794);
#977=LINE('',#8124,#1795);
#978=LINE('',#8125,#1796);
#979=LINE('',#8129,#1797);
#980=LINE('',#8131,#1798);
#981=LINE('',#8133,#1799);
#982=LINE('',#8135,#1800);
#983=LINE('',#8137,#1801);
#984=LINE('',#8139,#1802);
#985=LINE('',#8141,#1803);
#986=LINE('',#8143,#1804);
#987=LINE('',#8145,#1805);
#988=LINE('',#8147,#1806);
#989=LINE('',#8149,#1807);
#990=LINE('',#8151,#1808);
#991=LINE('',#8153,#1809);
#992=LINE('',#8155,#1810);
#993=LINE('',#8157,#1811);
#994=LINE('',#8159,#1812);
#995=LINE('',#8161,#1813);
#996=LINE('',#8163,#1814);
#997=LINE('',#8165,#1815);
#998=LINE('',#8167,#1816);
#999=LINE('',#8169,#1817);
#1000=LINE('',#8171,#1818);
#1001=LINE('',#8173,#1819);
#1002=LINE('',#8175,#1820);
#1003=LINE('',#8177,#1821);
#1004=LINE('',#8179,#1822);
#1005=LINE('',#8181,#1823);
#1006=LINE('',#8183,#1824);
#1007=LINE('',#8185,#1825);
#1008=LINE('',#8187,#1826);
#1009=LINE('',#8189,#1827);
#1010=LINE('',#8191,#1828);
#1011=LINE('',#8193,#1829);
#1012=LINE('',#8195,#1830);
#1013=LINE('',#8197,#1831);
#1014=LINE('',#8199,#1832);
#1015=LINE('',#8201,#1833);
#1016=LINE('',#8203,#1834);
#1017=LINE('',#8205,#1835);
#1018=LINE('',#8207,#1836);
#1019=LINE('',#8209,#1837);
#1020=LINE('',#8211,#1838);
#1021=LINE('',#8213,#1839);
#1022=LINE('',#8215,#1840);
#1023=LINE('',#8217,#1841);
#1024=LINE('',#8219,#1842);
#1025=LINE('',#8221,#1843);
#1026=LINE('',#8223,#1844);
#1027=LINE('',#8225,#1845);
#1028=LINE('',#8227,#1846);
#1029=LINE('',#8229,#1847);
#1030=LINE('',#8231,#1848);
#1031=LINE('',#8233,#1849);
#1032=LINE('',#8235,#1850);
#1033=LINE('',#8237,#1851);
#1034=LINE('',#8239,#1852);
#1035=LINE('',#8241,#1853);
#1036=LINE('',#8243,#1854);
#1037=LINE('',#8245,#1855);
#1038=LINE('',#8247,#1856);
#1039=LINE('',#8249,#1857);
#1040=LINE('',#8251,#1858);
#1041=LINE('',#8253,#1859);
#1042=LINE('',#8255,#1860);
#1043=LINE('',#8257,#1861);
#1044=LINE('',#8259,#1862);
#1045=LINE('',#8261,#1863);
#1046=LINE('',#8263,#1864);
#1047=LINE('',#8265,#1865);
#1048=LINE('',#8267,#1866);
#1049=LINE('',#8269,#1867);
#1050=LINE('',#8271,#1868);
#1051=LINE('',#8273,#1869);
#1052=LINE('',#8275,#1870);
#1053=LINE('',#8277,#1871);
#1054=LINE('',#8279,#1872);
#1055=LINE('',#8281,#1873);
#1056=LINE('',#8283,#1874);
#1057=LINE('',#8285,#1875);
#1058=LINE('',#8287,#1876);
#1059=LINE('',#8289,#1877);
#1060=LINE('',#8291,#1878);
#1061=LINE('',#8293,#1879);
#1062=LINE('',#8295,#1880);
#1063=LINE('',#8297,#1881);
#1064=LINE('',#8299,#1882);
#1065=LINE('',#8301,#1883);
#1066=LINE('',#8303,#1884);
#1067=LINE('',#8305,#1885);
#1068=LINE('',#8307,#1886);
#1069=LINE('',#8309,#1887);
#1070=LINE('',#8311,#1888);
#1071=LINE('',#8313,#1889);
#1072=LINE('',#8315,#1890);
#1073=LINE('',#8317,#1891);
#1074=LINE('',#8319,#1892);
#1075=LINE('',#8321,#1893);
#1076=LINE('',#8323,#1894);
#1077=LINE('',#8325,#1895);
#1078=LINE('',#8327,#1896);
#1079=LINE('',#8329,#1897);
#1080=LINE('',#8331,#1898);
#1081=LINE('',#8333,#1899);
#1082=LINE('',#8335,#1900);
#1083=LINE('',#8337,#1901);
#1084=LINE('',#8339,#1902);
#1085=LINE('',#8341,#1903);
#1086=LINE('',#8343,#1904);
#1087=LINE('',#8345,#1905);
#1088=LINE('',#8347,#1906);
#1089=LINE('',#8349,#1907);
#1090=LINE('',#8351,#1908);
#1091=LINE('',#8353,#1909);
#1092=LINE('',#8355,#1910);
#1093=LINE('',#8357,#1911);
#1094=LINE('',#8359,#1912);
#1095=LINE('',#8361,#1913);
#1096=LINE('',#8363,#1914);
#1097=LINE('',#8365,#1915);
#1098=LINE('',#8367,#1916);
#1099=LINE('',#8369,#1917);
#1100=LINE('',#8371,#1918);
#1101=LINE('',#8373,#1919);
#1102=LINE('',#8375,#1920);
#1103=LINE('',#8377,#1921);
#1104=LINE('',#8379,#1922);
#1105=LINE('',#8381,#1923);
#1106=LINE('',#8383,#1924);
#1107=LINE('',#8385,#1925);
#1108=LINE('',#8387,#1926);
#1109=LINE('',#8389,#1927);
#1110=LINE('',#8391,#1928);
#1111=LINE('',#8393,#1929);
#1112=LINE('',#8395,#1930);
#1113=LINE('',#8397,#1931);
#1114=LINE('',#8398,#1932);
#1115=LINE('',#8401,#1933);
#1116=LINE('',#8403,#1934);
#1117=LINE('',#8405,#1935);
#1118=LINE('',#8406,#1936);
#1119=LINE('',#8409,#1937);
#1120=LINE('',#8411,#1938);
#1121=LINE('',#8413,#1939);
#1122=LINE('',#8414,#1940);
#1123=LINE('',#8417,#1941);
#1124=LINE('',#8419,#1942);
#1125=LINE('',#8421,#1943);
#1126=LINE('',#8422,#1944);
#1127=LINE('',#8425,#1945);
#1128=LINE('',#8427,#1946);
#1129=LINE('',#8429,#1947);
#1130=LINE('',#8430,#1948);
#1131=LINE('',#8433,#1949);
#1132=LINE('',#8435,#1950);
#1133=LINE('',#8437,#1951);
#1134=LINE('',#8438,#1952);
#1135=LINE('',#8441,#1953);
#1136=LINE('',#8443,#1954);
#1137=LINE('',#8445,#1955);
#1138=LINE('',#8446,#1956);
#1139=LINE('',#8449,#1957);
#1140=LINE('',#8451,#1958);
#1141=LINE('',#8453,#1959);
#1142=LINE('',#8454,#1960);
#1143=LINE('',#8457,#1961);
#1144=LINE('',#8459,#1962);
#1145=LINE('',#8461,#1963);
#1146=LINE('',#8462,#1964);
#1147=LINE('',#8465,#1965);
#1148=LINE('',#8467,#1966);
#1149=LINE('',#8469,#1967);
#1150=LINE('',#8470,#1968);
#1151=LINE('',#8473,#1969);
#1152=LINE('',#8475,#1970);
#1153=LINE('',#8477,#1971);
#1154=LINE('',#8478,#1972);
#1155=LINE('',#8481,#1973);
#1156=LINE('',#8483,#1974);
#1157=LINE('',#8485,#1975);
#1158=LINE('',#8486,#1976);
#1159=LINE('',#8489,#1977);
#1160=LINE('',#8491,#1978);
#1161=LINE('',#8493,#1979);
#1162=LINE('',#8494,#1980);
#1163=LINE('',#8497,#1981);
#1164=LINE('',#8499,#1982);
#1165=LINE('',#8501,#1983);
#1166=LINE('',#8502,#1984);
#1167=LINE('',#8505,#1985);
#1168=LINE('',#8507,#1986);
#1169=LINE('',#8509,#1987);
#1170=LINE('',#8510,#1988);
#1171=LINE('',#8513,#1989);
#1172=LINE('',#8515,#1990);
#1173=LINE('',#8517,#1991);
#1174=LINE('',#8518,#1992);
#1175=LINE('',#8521,#1993);
#1176=LINE('',#8523,#1994);
#1177=LINE('',#8525,#1995);
#1178=LINE('',#8526,#1996);
#1179=LINE('',#8529,#1997);
#1180=LINE('',#8531,#1998);
#1181=LINE('',#8533,#1999);
#1182=LINE('',#8534,#2000);
#1183=LINE('',#8537,#2001);
#1184=LINE('',#8539,#2002);
#1185=LINE('',#8541,#2003);
#1186=LINE('',#8542,#2004);
#1187=LINE('',#8545,#2005);
#1188=LINE('',#8547,#2006);
#1189=LINE('',#8549,#2007);
#1190=LINE('',#8550,#2008);
#1191=LINE('',#8553,#2009);
#1192=LINE('',#8555,#2010);
#1193=LINE('',#8557,#2011);
#1194=LINE('',#8558,#2012);
#1195=LINE('',#8561,#2013);
#1196=LINE('',#8563,#2014);
#1197=LINE('',#8565,#2015);
#1198=LINE('',#8566,#2016);
#1199=LINE('',#8569,#2017);
#1200=LINE('',#8571,#2018);
#1201=LINE('',#8573,#2019);
#1202=LINE('',#8574,#2020);
#1203=LINE('',#8577,#2021);
#1204=LINE('',#8579,#2022);
#1205=LINE('',#8581,#2023);
#1206=LINE('',#8582,#2024);
#1207=LINE('',#8585,#2025);
#1208=LINE('',#8587,#2026);
#1209=LINE('',#8589,#2027);
#1210=LINE('',#8590,#2028);
#1211=LINE('',#8593,#2029);
#1212=LINE('',#8595,#2030);
#1213=LINE('',#8597,#2031);
#1214=LINE('',#8598,#2032);
#1215=LINE('',#8601,#2033);
#1216=LINE('',#8603,#2034);
#1217=LINE('',#8605,#2035);
#1218=LINE('',#8606,#2036);
#1219=LINE('',#8609,#2037);
#1220=LINE('',#8611,#2038);
#1221=LINE('',#8613,#2039);
#1222=LINE('',#8614,#2040);
#1223=LINE('',#8617,#2041);
#1224=LINE('',#8619,#2042);
#1225=LINE('',#8621,#2043);
#1226=LINE('',#8622,#2044);
#1227=LINE('',#8625,#2045);
#1228=LINE('',#8627,#2046);
#1229=LINE('',#8629,#2047);
#1230=LINE('',#8630,#2048);
#1231=LINE('',#8633,#2049);
#1232=LINE('',#8635,#2050);
#1233=LINE('',#8637,#2051);
#1234=LINE('',#8638,#2052);
#1235=LINE('',#8641,#2053);
#1236=LINE('',#8643,#2054);
#1237=LINE('',#8645,#2055);
#1238=LINE('',#8646,#2056);
#1239=LINE('',#8649,#2057);
#1240=LINE('',#8651,#2058);
#1241=LINE('',#8653,#2059);
#1242=LINE('',#8654,#2060);
#1243=LINE('',#8659,#2061);
#1244=LINE('',#8664,#2062);
#1245=LINE('',#8667,#2063);
#1246=LINE('',#8668,#2064);
#1247=LINE('',#8670,#2065);
#1248=LINE('',#8671,#2066);
#1249=LINE('',#8674,#2067);
#1250=LINE('',#8676,#2068);
#1251=LINE('',#8677,#2069);
#1252=LINE('',#8680,#2070);
#1253=LINE('',#8681,#2071);
#1254=LINE('',#8683,#2072);
#1255=LINE('',#8685,#2073);
#1256=LINE('',#8686,#2074);
#1257=LINE('',#8688,#2075);
#1258=LINE('',#8690,#2076);
#1259=LINE('',#8693,#2077);
#1260=LINE('',#8696,#2078);
#1261=LINE('',#8697,#2079);
#1262=LINE('',#8699,#2080);
#1263=LINE('',#8701,#2081);
#1264=LINE('',#8703,#2082);
#1265=LINE('',#8704,#2083);
#1266=LINE('',#8706,#2084);
#1267=LINE('',#8708,#2085);
#1268=LINE('',#8710,#2086);
#1269=LINE('',#8711,#2087);
#1270=LINE('',#8713,#2088);
#1271=LINE('',#8715,#2089);
#1272=LINE('',#8718,#2090);
#1273=LINE('',#8719,#2091);
#1274=LINE('',#8721,#2092);
#1275=LINE('',#8723,#2093);
#1276=LINE('',#8726,#2094);
#1277=LINE('',#8727,#2095);
#1278=LINE('',#8729,#2096);
#1279=LINE('',#8731,#2097);
#1280=LINE('',#8734,#2098);
#1281=LINE('',#8738,#2099);
#1282=LINE('',#8739,#2100);
#1283=LINE('',#8741,#2101);
#1284=LINE('',#8743,#2102);
#1285=LINE('',#8745,#2103);
#1286=LINE('',#8746,#2104);
#1287=LINE('',#8748,#2105);
#1288=LINE('',#8750,#2106);
#1289=LINE('',#8752,#2107);
#1290=LINE('',#8753,#2108);
#1291=LINE('',#8755,#2109);
#1292=LINE('',#8757,#2110);
#1293=LINE('',#8760,#2111);
#1294=LINE('',#8761,#2112);
#1295=LINE('',#8763,#2113);
#1296=LINE('',#8765,#2114);
#1297=LINE('',#8768,#2115);
#1298=LINE('',#8769,#2116);
#1299=LINE('',#8771,#2117);
#1300=LINE('',#8773,#2118);
#1301=LINE('',#8776,#2119);
#1302=LINE('',#8777,#2120);
#1303=LINE('',#8779,#2121);
#1304=LINE('',#8780,#2122);
#1305=LINE('',#8782,#2123);
#1306=LINE('',#8784,#2124);
#1307=LINE('',#8787,#2125);
#1308=LINE('',#8788,#2126);
#1309=LINE('',#8790,#2127);
#1310=LINE('',#8792,#2128);
#1311=LINE('',#8794,#2129);
#1312=LINE('',#8795,#2130);
#1313=LINE('',#8797,#2131);
#1314=LINE('',#8798,#2132);
#1315=LINE('',#8801,#2133);
#1316=LINE('',#8802,#2134);
#1317=LINE('',#8804,#2135);
#1318=LINE('',#8805,#2136);
#1319=LINE('',#8808,#2137);
#1320=LINE('',#8809,#2138);
#1321=LINE('',#8811,#2139);
#1322=LINE('',#8813,#2140);
#1323=LINE('',#8816,#2141);
#1324=LINE('',#8817,#2142);
#1325=LINE('',#8819,#2143);
#1326=LINE('',#8821,#2144);
#1327=LINE('',#8824,#2145);
#1328=LINE('',#8825,#2146);
#1329=LINE('',#8827,#2147);
#1330=LINE('',#8829,#2148);
#1331=LINE('',#8832,#2149);
#1332=LINE('',#8833,#2150);
#1333=LINE('',#8835,#2151);
#1334=LINE('',#8836,#2152);
#1335=LINE('',#8839,#2153);
#1336=LINE('',#8840,#2154);
#1337=LINE('',#8842,#2155);
#1338=LINE('',#8844,#2156);
#1339=LINE('',#8847,#2157);
#1340=LINE('',#8848,#2158);
#1341=LINE('',#8850,#2159);
#1342=LINE('',#8851,#2160);
#1343=LINE('',#8854,#2161);
#1344=LINE('',#8855,#2162);
#1345=LINE('',#8857,#2163);
#1346=LINE('',#8859,#2164);
#1347=LINE('',#8862,#2165);
#1348=LINE('',#8863,#2166);
#1349=LINE('',#8865,#2167);
#1350=LINE('',#8867,#2168);
#1351=LINE('',#8870,#2169);
#1352=LINE('',#8871,#2170);
#1353=LINE('',#8873,#2171);
#1354=LINE('',#8875,#2172);
#1355=LINE('',#8877,#2173);
#1356=LINE('',#8878,#2174);
#1357=LINE('',#8880,#2175);
#1358=LINE('',#8882,#2176);
#1359=LINE('',#8884,#2177);
#1360=LINE('',#8885,#2178);
#1361=LINE('',#8887,#2179);
#1362=LINE('',#8889,#2180);
#1363=LINE('',#8892,#2181);
#1364=LINE('',#8893,#2182);
#1365=LINE('',#8895,#2183);
#1366=LINE('',#8897,#2184);
#1367=LINE('',#8899,#2185);
#1368=LINE('',#8900,#2186);
#1369=LINE('',#8902,#2187);
#1370=LINE('',#8903,#2188);
#1371=LINE('',#8906,#2189);
#1372=LINE('',#8907,#2190);
#1373=LINE('',#8909,#2191);
#1374=LINE('',#8911,#2192);
#1375=LINE('',#8913,#2193);
#1376=LINE('',#8914,#2194);
#1377=LINE('',#8916,#2195);
#1378=LINE('',#8918,#2196);
#1379=LINE('',#8921,#2197);
#1380=LINE('',#8922,#2198);
#1381=LINE('',#8924,#2199);
#1382=LINE('',#8926,#2200);
#1383=LINE('',#8929,#2201);
#1384=LINE('',#8930,#2202);
#1385=LINE('',#8932,#2203);
#1386=LINE('',#8934,#2204);
#1387=LINE('',#8936,#2205);
#1388=LINE('',#8937,#2206);
#1389=LINE('',#8939,#2207);
#1390=LINE('',#8941,#2208);
#1391=LINE('',#8943,#2209);
#1392=LINE('',#8944,#2210);
#1393=LINE('',#8946,#2211);
#1394=LINE('',#8948,#2212);
#1395=LINE('',#8951,#2213);
#1396=LINE('',#8960,#2214);
#1397=LINE('',#8968,#2215);
#1398=LINE('',#8969,#2216);
#1399=LINE('',#8971,#2217);
#1400=LINE('',#8972,#2218);
#1401=LINE('',#8975,#2219);
#1402=LINE('',#8976,#2220);
#1403=LINE('',#8978,#2221);
#1404=LINE('',#8980,#2222);
#1405=LINE('',#8982,#2223);
#1406=LINE('',#8983,#2224);
#1407=LINE('',#8985,#2225);
#1408=LINE('',#8987,#2226);
#1409=LINE('',#8989,#2227);
#1410=LINE('',#8990,#2228);
#1411=LINE('',#8992,#2229);
#1412=LINE('',#8994,#2230);
#1413=LINE('',#8997,#2231);
#1414=LINE('',#8998,#2232);
#1415=LINE('',#9000,#2233);
#1416=LINE('',#9002,#2234);
#1417=LINE('',#9005,#2235);
#1418=LINE('',#9006,#2236);
#1419=LINE('',#9008,#2237);
#1420=LINE('',#9010,#2238);
#1421=LINE('',#9013,#2239);
#1422=LINE('',#9014,#2240);
#1423=LINE('',#9016,#2241);
#1424=LINE('',#9017,#2242);
#1425=LINE('',#9020,#2243);
#1426=LINE('',#9021,#2244);
#1427=LINE('',#9023,#2245);
#1428=LINE('',#9025,#2246);
#1429=LINE('',#9028,#2247);
#1430=LINE('',#9029,#2248);
#1431=LINE('',#9031,#2249);
#1432=LINE('',#9033,#2250);
#1433=LINE('',#9036,#2251);
#1434=LINE('',#9037,#2252);
#1435=LINE('',#9039,#2253);
#1436=LINE('',#9041,#2254);
#1437=LINE('',#9044,#2255);
#1438=LINE('',#9045,#2256);
#1439=LINE('',#9047,#2257);
#1440=LINE('',#9049,#2258);
#1441=LINE('',#9052,#2259);
#1442=LINE('',#9053,#2260);
#1443=LINE('',#9055,#2261);
#1444=LINE('',#9057,#2262);
#1445=LINE('',#9059,#2263);
#1446=LINE('',#9060,#2264);
#1447=LINE('',#9063,#2265);
#1448=LINE('',#9065,#2266);
#1449=LINE('',#9066,#2267);
#1450=LINE('',#9068,#2268);
#1451=LINE('',#9069,#2269);
#1452=LINE('',#9072,#2270);
#1453=LINE('',#9073,#2271);
#1454=LINE('',#9075,#2272);
#1455=LINE('',#9076,#2273);
#1456=LINE('',#9079,#2274);
#1457=LINE('',#9080,#2275);
#1458=LINE('',#9082,#2276);
#1459=LINE('',#9084,#2277);
#1460=LINE('',#9086,#2278);
#1461=LINE('',#9087,#2279);
#1462=LINE('',#9089,#2280);
#1463=LINE('',#9091,#2281);
#1464=LINE('',#9093,#2282);
#1465=LINE('',#9094,#2283);
#1466=LINE('',#9096,#2284);
#1467=LINE('',#9098,#2285);
#1468=LINE('',#9101,#2286);
#1469=LINE('',#9102,#2287);
#1470=LINE('',#9104,#2288);
#1471=LINE('',#9106,#2289);
#1472=LINE('',#9109,#2290);
#1473=LINE('',#9110,#2291);
#1474=LINE('',#9112,#2292);
#1475=LINE('',#9114,#2293);
#1476=LINE('',#9117,#2294);
#1477=LINE('',#9118,#2295);
#1478=LINE('',#9120,#2296);
#1479=LINE('',#9122,#2297);
#1480=LINE('',#9125,#2298);
#1481=LINE('',#9126,#2299);
#1482=LINE('',#9128,#2300);
#1483=LINE('',#9130,#2301);
#1484=LINE('',#9133,#2302);
#1485=LINE('',#9134,#2303);
#1486=LINE('',#9136,#2304);
#1487=LINE('',#9138,#2305);
#1488=LINE('',#9141,#2306);
#1489=LINE('',#9142,#2307);
#1490=LINE('',#9144,#2308);
#1491=LINE('',#9146,#2309);
#1492=LINE('',#9149,#2310);
#1493=LINE('',#9150,#2311);
#1494=LINE('',#9152,#2312);
#1495=LINE('',#9153,#2313);
#1496=LINE('',#9156,#2314);
#1497=LINE('',#9157,#2315);
#1498=LINE('',#9159,#2316);
#1499=LINE('',#9161,#2317);
#1500=LINE('',#9163,#2318);
#1501=LINE('',#9164,#2319);
#1502=LINE('',#9166,#2320);
#1503=LINE('',#9169,#2321);
#1504=LINE('',#9170,#2322);
#1505=LINE('',#9172,#2323);
#1506=LINE('',#9173,#2324);
#1507=LINE('',#9176,#2325);
#1508=LINE('',#9184,#2326);
#1509=LINE('',#9192,#2327);
#1510=LINE('',#9193,#2328);
#1511=LINE('',#9195,#2329);
#1512=LINE('',#9197,#2330);
#1513=LINE('',#9200,#2331);
#1514=LINE('',#9201,#2332);
#1515=LINE('',#9205,#2333);
#1516=LINE('',#9206,#2334);
#1517=LINE('',#9208,#2335);
#1518=LINE('',#9213,#2336);
#1519=LINE('',#9214,#2337);
#1520=LINE('',#9216,#2338);
#1521=LINE('',#9218,#2339);
#1522=VECTOR('',#6200,10.);
#1523=VECTOR('',#6201,10.);
#1524=VECTOR('',#6202,10.);
#1525=VECTOR('',#6203,10.);
#1526=VECTOR('',#6204,10.);
#1527=VECTOR('',#6205,10.);
#1528=VECTOR('',#6206,10.);
#1529=VECTOR('',#6207,10.);
#1530=VECTOR('',#6208,10.);
#1531=VECTOR('',#6209,10.);
#1532=VECTOR('',#6210,10.);
#1533=VECTOR('',#6211,10.);
#1534=VECTOR('',#6212,10.);
#1535=VECTOR('',#6213,10.);
#1536=VECTOR('',#6214,10.);
#1537=VECTOR('',#6215,10.);
#1538=VECTOR('',#6216,10.);
#1539=VECTOR('',#6217,10.);
#1540=VECTOR('',#6218,10.);
#1541=VECTOR('',#6219,10.);
#1542=VECTOR('',#6220,10.);
#1543=VECTOR('',#6221,10.);
#1544=VECTOR('',#6222,10.);
#1545=VECTOR('',#6223,10.);
#1546=VECTOR('',#6224,10.);
#1547=VECTOR('',#6225,10.);
#1548=VECTOR('',#6226,10.);
#1549=VECTOR('',#6227,10.);
#1550=VECTOR('',#6228,10.);
#1551=VECTOR('',#6229,10.);
#1552=VECTOR('',#6230,10.);
#1553=VECTOR('',#6231,10.);
#1554=VECTOR('',#6232,10.);
#1555=VECTOR('',#6233,10.);
#1556=VECTOR('',#6234,10.);
#1557=VECTOR('',#6235,10.);
#1558=VECTOR('',#6236,10.);
#1559=VECTOR('',#6237,10.);
#1560=VECTOR('',#6238,10.);
#1561=VECTOR('',#6239,10.);
#1562=VECTOR('',#6240,10.);
#1563=VECTOR('',#6241,10.);
#1564=VECTOR('',#6242,10.);
#1565=VECTOR('',#6243,10.);
#1566=VECTOR('',#6244,10.);
#1567=VECTOR('',#6245,10.);
#1568=VECTOR('',#6246,10.);
#1569=VECTOR('',#6247,10.);
#1570=VECTOR('',#6248,10.);
#1571=VECTOR('',#6249,10.);
#1572=VECTOR('',#6250,10.);
#1573=VECTOR('',#6251,10.);
#1574=VECTOR('',#6252,10.);
#1575=VECTOR('',#6253,10.);
#1576=VECTOR('',#6254,10.);
#1577=VECTOR('',#6255,10.);
#1578=VECTOR('',#6256,10.);
#1579=VECTOR('',#6257,10.);
#1580=VECTOR('',#6258,10.);
#1581=VECTOR('',#6259,10.);
#1582=VECTOR('',#6260,10.);
#1583=VECTOR('',#6261,10.);
#1584=VECTOR('',#6262,10.);
#1585=VECTOR('',#6263,10.);
#1586=VECTOR('',#6264,10.);
#1587=VECTOR('',#6265,10.);
#1588=VECTOR('',#6266,10.);
#1589=VECTOR('',#6267,10.);
#1590=VECTOR('',#6268,10.);
#1591=VECTOR('',#6269,10.);
#1592=VECTOR('',#6270,10.);
#1593=VECTOR('',#6271,10.);
#1594=VECTOR('',#6272,10.);
#1595=VECTOR('',#6273,10.);
#1596=VECTOR('',#6274,10.);
#1597=VECTOR('',#6275,10.);
#1598=VECTOR('',#6276,10.);
#1599=VECTOR('',#6277,10.);
#1600=VECTOR('',#6278,10.);
#1601=VECTOR('',#6279,10.);
#1602=VECTOR('',#6280,10.);
#1603=VECTOR('',#6281,10.);
#1604=VECTOR('',#6282,10.);
#1605=VECTOR('',#6283,10.);
#1606=VECTOR('',#6284,10.);
#1607=VECTOR('',#6285,10.);
#1608=VECTOR('',#6286,10.);
#1609=VECTOR('',#6287,10.);
#1610=VECTOR('',#6288,10.);
#1611=VECTOR('',#6289,10.);
#1612=VECTOR('',#6290,10.);
#1613=VECTOR('',#6291,10.);
#1614=VECTOR('',#6292,10.);
#1615=VECTOR('',#6293,10.);
#1616=VECTOR('',#6294,10.);
#1617=VECTOR('',#6295,10.);
#1618=VECTOR('',#6296,10.);
#1619=VECTOR('',#6297,10.);
#1620=VECTOR('',#6298,10.);
#1621=VECTOR('',#6299,10.);
#1622=VECTOR('',#6300,10.);
#1623=VECTOR('',#6301,10.);
#1624=VECTOR('',#6302,10.);
#1625=VECTOR('',#6303,10.);
#1626=VECTOR('',#6304,10.);
#1627=VECTOR('',#6305,10.);
#1628=VECTOR('',#6306,10.);
#1629=VECTOR('',#6307,10.);
#1630=VECTOR('',#6308,10.);
#1631=VECTOR('',#6309,10.);
#1632=VECTOR('',#6310,10.);
#1633=VECTOR('',#6311,10.);
#1634=VECTOR('',#6312,10.);
#1635=VECTOR('',#6313,10.);
#1636=VECTOR('',#6314,10.);
#1637=VECTOR('',#6315,10.);
#1638=VECTOR('',#6316,10.);
#1639=VECTOR('',#6317,10.);
#1640=VECTOR('',#6318,10.);
#1641=VECTOR('',#6319,10.);
#1642=VECTOR('',#6320,10.);
#1643=VECTOR('',#6321,10.);
#1644=VECTOR('',#6322,10.);
#1645=VECTOR('',#6323,10.);
#1646=VECTOR('',#6324,10.);
#1647=VECTOR('',#6325,10.);
#1648=VECTOR('',#6326,10.);
#1649=VECTOR('',#6327,10.);
#1650=VECTOR('',#6328,10.);
#1651=VECTOR('',#6329,10.);
#1652=VECTOR('',#6330,10.);
#1653=VECTOR('',#6331,10.);
#1654=VECTOR('',#6332,10.);
#1655=VECTOR('',#6333,10.);
#1656=VECTOR('',#6334,10.);
#1657=VECTOR('',#6335,10.);
#1658=VECTOR('',#6336,10.);
#1659=VECTOR('',#6337,10.);
#1660=VECTOR('',#6338,10.);
#1661=VECTOR('',#6339,10.);
#1662=VECTOR('',#6340,10.);
#1663=VECTOR('',#6341,10.);
#1664=VECTOR('',#6342,10.);
#1665=VECTOR('',#6343,10.);
#1666=VECTOR('',#6344,10.);
#1667=VECTOR('',#6345,10.);
#1668=VECTOR('',#6346,10.);
#1669=VECTOR('',#6347,10.);
#1670=VECTOR('',#6348,10.);
#1671=VECTOR('',#6349,10.);
#1672=VECTOR('',#6350,10.);
#1673=VECTOR('',#6351,10.);
#1674=VECTOR('',#6352,10.);
#1675=VECTOR('',#6353,10.);
#1676=VECTOR('',#6354,10.);
#1677=VECTOR('',#6355,10.);
#1678=VECTOR('',#6356,10.);
#1679=VECTOR('',#6357,10.);
#1680=VECTOR('',#6358,10.);
#1681=VECTOR('',#6359,10.);
#1682=VECTOR('',#6360,10.);
#1683=VECTOR('',#6361,10.);
#1684=VECTOR('',#6362,10.);
#1685=VECTOR('',#6363,10.);
#1686=VECTOR('',#6364,10.);
#1687=VECTOR('',#6365,10.);
#1688=VECTOR('',#6366,10.);
#1689=VECTOR('',#6367,10.);
#1690=VECTOR('',#6368,10.);
#1691=VECTOR('',#6369,10.);
#1692=VECTOR('',#6370,10.);
#1693=VECTOR('',#6371,10.);
#1694=VECTOR('',#6372,10.);
#1695=VECTOR('',#6373,10.);
#1696=VECTOR('',#6374,10.);
#1697=VECTOR('',#6375,10.);
#1698=VECTOR('',#6376,10.);
#1699=VECTOR('',#6377,10.);
#1700=VECTOR('',#6378,10.);
#1701=VECTOR('',#6379,10.);
#1702=VECTOR('',#6380,10.);
#1703=VECTOR('',#6381,10.);
#1704=VECTOR('',#6382,10.);
#1705=VECTOR('',#6383,10.);
#1706=VECTOR('',#6384,10.);
#1707=VECTOR('',#6385,10.);
#1708=VECTOR('',#6386,10.);
#1709=VECTOR('',#6387,10.);
#1710=VECTOR('',#6388,10.);
#1711=VECTOR('',#6389,10.);
#1712=VECTOR('',#6390,10.);
#1713=VECTOR('',#6391,10.);
#1714=VECTOR('',#6392,10.);
#1715=VECTOR('',#6393,10.);
#1716=VECTOR('',#6394,10.);
#1717=VECTOR('',#6395,10.);
#1718=VECTOR('',#6396,10.);
#1719=VECTOR('',#6397,10.);
#1720=VECTOR('',#6398,10.);
#1721=VECTOR('',#6399,10.);
#1722=VECTOR('',#6400,10.);
#1723=VECTOR('',#6401,10.);
#1724=VECTOR('',#6402,10.);
#1725=VECTOR('',#6403,10.);
#1726=VECTOR('',#6404,10.);
#1727=VECTOR('',#6405,10.);
#1728=VECTOR('',#6406,10.);
#1729=VECTOR('',#6407,10.);
#1730=VECTOR('',#6408,10.);
#1731=VECTOR('',#6409,10.);
#1732=VECTOR('',#6410,10.);
#1733=VECTOR('',#6411,10.);
#1734=VECTOR('',#6412,10.);
#1735=VECTOR('',#6413,10.);
#1736=VECTOR('',#6414,10.);
#1737=VECTOR('',#6415,10.);
#1738=VECTOR('',#6416,10.);
#1739=VECTOR('',#6417,10.);
#1740=VECTOR('',#6418,10.);
#1741=VECTOR('',#6419,10.);
#1742=VECTOR('',#6420,10.);
#1743=VECTOR('',#6421,10.);
#1744=VECTOR('',#6422,10.);
#1745=VECTOR('',#6423,10.);
#1746=VECTOR('',#6424,10.);
#1747=VECTOR('',#6425,10.);
#1748=VECTOR('',#6426,10.);
#1749=VECTOR('',#6427,10.);
#1750=VECTOR('',#6428,10.);
#1751=VECTOR('',#6429,10.);
#1752=VECTOR('',#6430,10.);
#1753=VECTOR('',#6431,10.);
#1754=VECTOR('',#6432,10.);
#1755=VECTOR('',#6433,10.);
#1756=VECTOR('',#6434,10.);
#1757=VECTOR('',#6435,10.);
#1758=VECTOR('',#6436,10.);
#1759=VECTOR('',#6437,10.);
#1760=VECTOR('',#6438,10.);
#1761=VECTOR('',#6439,10.);
#1762=VECTOR('',#6440,10.);
#1763=VECTOR('',#6441,10.);
#1764=VECTOR('',#6442,10.);
#1765=VECTOR('',#6443,10.);
#1766=VECTOR('',#6444,10.);
#1767=VECTOR('',#6445,10.);
#1768=VECTOR('',#6446,10.);
#1769=VECTOR('',#6447,10.);
#1770=VECTOR('',#6448,10.);
#1771=VECTOR('',#6449,10.);
#1772=VECTOR('',#6450,10.);
#1773=VECTOR('',#6451,10.);
#1774=VECTOR('',#6452,10.);
#1775=VECTOR('',#6453,10.);
#1776=VECTOR('',#6454,10.);
#1777=VECTOR('',#6455,10.);
#1778=VECTOR('',#6456,10.);
#1779=VECTOR('',#6457,10.);
#1780=VECTOR('',#6458,10.);
#1781=VECTOR('',#6459,10.);
#1782=VECTOR('',#6460,10.);
#1783=VECTOR('',#6461,10.);
#1784=VECTOR('',#6462,10.);
#1785=VECTOR('',#6463,10.);
#1786=VECTOR('',#6464,10.);
#1787=VECTOR('',#6465,10.);
#1788=VECTOR('',#6466,10.);
#1789=VECTOR('',#6467,10.);
#1790=VECTOR('',#6470,10.);
#1791=VECTOR('',#6471,10.);
#1792=VECTOR('',#6472,10.);
#1793=VECTOR('',#6473,10.);
#1794=VECTOR('',#6474,10.);
#1795=VECTOR('',#6475,10.);
#1796=VECTOR('',#6476,10.);
#1797=VECTOR('',#6479,10.);
#1798=VECTOR('',#6480,10.);
#1799=VECTOR('',#6481,10.);
#1800=VECTOR('',#6482,10.);
#1801=VECTOR('',#6483,10.);
#1802=VECTOR('',#6484,10.);
#1803=VECTOR('',#6485,10.);
#1804=VECTOR('',#6486,10.);
#1805=VECTOR('',#6487,10.);
#1806=VECTOR('',#6488,10.);
#1807=VECTOR('',#6489,10.);
#1808=VECTOR('',#6490,10.);
#1809=VECTOR('',#6491,10.);
#1810=VECTOR('',#6492,10.);
#1811=VECTOR('',#6493,10.);
#1812=VECTOR('',#6494,10.);
#1813=VECTOR('',#6495,10.);
#1814=VECTOR('',#6496,10.);
#1815=VECTOR('',#6497,10.);
#1816=VECTOR('',#6498,10.);
#1817=VECTOR('',#6499,10.);
#1818=VECTOR('',#6500,10.);
#1819=VECTOR('',#6501,10.);
#1820=VECTOR('',#6502,10.);
#1821=VECTOR('',#6503,10.);
#1822=VECTOR('',#6504,10.);
#1823=VECTOR('',#6505,10.);
#1824=VECTOR('',#6506,10.);
#1825=VECTOR('',#6507,10.);
#1826=VECTOR('',#6508,10.);
#1827=VECTOR('',#6509,10.);
#1828=VECTOR('',#6510,10.);
#1829=VECTOR('',#6511,10.);
#1830=VECTOR('',#6512,10.);
#1831=VECTOR('',#6513,10.);
#1832=VECTOR('',#6514,10.);
#1833=VECTOR('',#6515,10.);
#1834=VECTOR('',#6516,10.);
#1835=VECTOR('',#6517,10.);
#1836=VECTOR('',#6518,10.);
#1837=VECTOR('',#6519,10.);
#1838=VECTOR('',#6520,10.);
#1839=VECTOR('',#6521,10.);
#1840=VECTOR('',#6522,10.);
#1841=VECTOR('',#6523,10.);
#1842=VECTOR('',#6524,10.);
#1843=VECTOR('',#6525,10.);
#1844=VECTOR('',#6526,10.);
#1845=VECTOR('',#6527,10.);
#1846=VECTOR('',#6528,10.);
#1847=VECTOR('',#6529,10.);
#1848=VECTOR('',#6530,10.);
#1849=VECTOR('',#6531,10.);
#1850=VECTOR('',#6532,10.);
#1851=VECTOR('',#6533,10.);
#1852=VECTOR('',#6534,10.);
#1853=VECTOR('',#6535,10.);
#1854=VECTOR('',#6536,10.);
#1855=VECTOR('',#6537,10.);
#1856=VECTOR('',#6538,10.);
#1857=VECTOR('',#6539,10.);
#1858=VECTOR('',#6540,10.);
#1859=VECTOR('',#6541,10.);
#1860=VECTOR('',#6542,10.);
#1861=VECTOR('',#6543,10.);
#1862=VECTOR('',#6544,10.);
#1863=VECTOR('',#6545,10.);
#1864=VECTOR('',#6546,10.);
#1865=VECTOR('',#6547,10.);
#1866=VECTOR('',#6548,10.);
#1867=VECTOR('',#6549,10.);
#1868=VECTOR('',#6550,10.);
#1869=VECTOR('',#6551,10.);
#1870=VECTOR('',#6552,10.);
#1871=VECTOR('',#6553,10.);
#1872=VECTOR('',#6554,10.);
#1873=VECTOR('',#6555,10.);
#1874=VECTOR('',#6556,10.);
#1875=VECTOR('',#6557,10.);
#1876=VECTOR('',#6558,10.);
#1877=VECTOR('',#6559,10.);
#1878=VECTOR('',#6560,10.);
#1879=VECTOR('',#6561,10.);
#1880=VECTOR('',#6562,10.);
#1881=VECTOR('',#6563,10.);
#1882=VECTOR('',#6564,10.);
#1883=VECTOR('',#6565,10.);
#1884=VECTOR('',#6566,10.);
#1885=VECTOR('',#6567,10.);
#1886=VECTOR('',#6568,10.);
#1887=VECTOR('',#6569,10.);
#1888=VECTOR('',#6570,10.);
#1889=VECTOR('',#6571,10.);
#1890=VECTOR('',#6572,10.);
#1891=VECTOR('',#6573,10.);
#1892=VECTOR('',#6574,10.);
#1893=VECTOR('',#6575,10.);
#1894=VECTOR('',#6576,10.);
#1895=VECTOR('',#6577,10.);
#1896=VECTOR('',#6578,10.);
#1897=VECTOR('',#6579,10.);
#1898=VECTOR('',#6580,10.);
#1899=VECTOR('',#6581,10.);
#1900=VECTOR('',#6582,10.);
#1901=VECTOR('',#6583,10.);
#1902=VECTOR('',#6584,10.);
#1903=VECTOR('',#6585,10.);
#1904=VECTOR('',#6586,10.);
#1905=VECTOR('',#6587,10.);
#1906=VECTOR('',#6588,10.);
#1907=VECTOR('',#6589,10.);
#1908=VECTOR('',#6590,10.);
#1909=VECTOR('',#6591,10.);
#1910=VECTOR('',#6592,10.);
#1911=VECTOR('',#6593,10.);
#1912=VECTOR('',#6594,10.);
#1913=VECTOR('',#6595,10.);
#1914=VECTOR('',#6596,10.);
#1915=VECTOR('',#6597,10.);
#1916=VECTOR('',#6598,10.);
#1917=VECTOR('',#6599,10.);
#1918=VECTOR('',#6600,10.);
#1919=VECTOR('',#6601,10.);
#1920=VECTOR('',#6602,10.);
#1921=VECTOR('',#6603,10.);
#1922=VECTOR('',#6604,10.);
#1923=VECTOR('',#6605,10.);
#1924=VECTOR('',#6606,10.);
#1925=VECTOR('',#6607,10.);
#1926=VECTOR('',#6608,10.);
#1927=VECTOR('',#6609,10.);
#1928=VECTOR('',#6610,10.);
#1929=VECTOR('',#6611,10.);
#1930=VECTOR('',#6612,10.);
#1931=VECTOR('',#6613,10.);
#1932=VECTOR('',#6614,10.);
#1933=VECTOR('',#6615,10.);
#1934=VECTOR('',#6616,10.);
#1935=VECTOR('',#6617,10.);
#1936=VECTOR('',#6618,10.);
#1937=VECTOR('',#6619,10.);
#1938=VECTOR('',#6620,10.);
#1939=VECTOR('',#6621,10.);
#1940=VECTOR('',#6622,10.);
#1941=VECTOR('',#6623,10.);
#1942=VECTOR('',#6624,10.);
#1943=VECTOR('',#6625,10.);
#1944=VECTOR('',#6626,10.);
#1945=VECTOR('',#6627,10.);
#1946=VECTOR('',#6628,10.);
#1947=VECTOR('',#6629,10.);
#1948=VECTOR('',#6630,10.);
#1949=VECTOR('',#6631,10.);
#1950=VECTOR('',#6632,10.);
#1951=VECTOR('',#6633,10.);
#1952=VECTOR('',#6634,10.);
#1953=VECTOR('',#6635,10.);
#1954=VECTOR('',#6636,10.);
#1955=VECTOR('',#6637,10.);
#1956=VECTOR('',#6638,10.);
#1957=VECTOR('',#6639,10.);
#1958=VECTOR('',#6640,10.);
#1959=VECTOR('',#6641,10.);
#1960=VECTOR('',#6642,10.);
#1961=VECTOR('',#6643,10.);
#1962=VECTOR('',#6644,10.);
#1963=VECTOR('',#6645,10.);
#1964=VECTOR('',#6646,10.);
#1965=VECTOR('',#6647,10.);
#1966=VECTOR('',#6648,10.);
#1967=VECTOR('',#6649,10.);
#1968=VECTOR('',#6650,10.);
#1969=VECTOR('',#6651,10.);
#1970=VECTOR('',#6652,10.);
#1971=VECTOR('',#6653,10.);
#1972=VECTOR('',#6654,10.);
#1973=VECTOR('',#6655,10.);
#1974=VECTOR('',#6656,10.);
#1975=VECTOR('',#6657,10.);
#1976=VECTOR('',#6658,10.);
#1977=VECTOR('',#6659,10.);
#1978=VECTOR('',#6660,10.);
#1979=VECTOR('',#6661,10.);
#1980=VECTOR('',#6662,10.);
#1981=VECTOR('',#6663,10.);
#1982=VECTOR('',#6664,10.);
#1983=VECTOR('',#6665,10.);
#1984=VECTOR('',#6666,10.);
#1985=VECTOR('',#6667,10.);
#1986=VECTOR('',#6668,10.);
#1987=VECTOR('',#6669,10.);
#1988=VECTOR('',#6670,10.);
#1989=VECTOR('',#6671,10.);
#1990=VECTOR('',#6672,10.);
#1991=VECTOR('',#6673,10.);
#1992=VECTOR('',#6674,10.);
#1993=VECTOR('',#6675,10.);
#1994=VECTOR('',#6676,10.);
#1995=VECTOR('',#6677,10.);
#1996=VECTOR('',#6678,10.);
#1997=VECTOR('',#6679,10.);
#1998=VECTOR('',#6680,10.);
#1999=VECTOR('',#6681,10.);
#2000=VECTOR('',#6682,10.);
#2001=VECTOR('',#6683,10.);
#2002=VECTOR('',#6684,10.);
#2003=VECTOR('',#6685,10.);
#2004=VECTOR('',#6686,10.);
#2005=VECTOR('',#6687,10.);
#2006=VECTOR('',#6688,10.);
#2007=VECTOR('',#6689,10.);
#2008=VECTOR('',#6690,10.);
#2009=VECTOR('',#6691,10.);
#2010=VECTOR('',#6692,10.);
#2011=VECTOR('',#6693,10.);
#2012=VECTOR('',#6694,10.);
#2013=VECTOR('',#6695,10.);
#2014=VECTOR('',#6696,10.);
#2015=VECTOR('',#6697,10.);
#2016=VECTOR('',#6698,10.);
#2017=VECTOR('',#6699,10.);
#2018=VECTOR('',#6700,10.);
#2019=VECTOR('',#6701,10.);
#2020=VECTOR('',#6702,10.);
#2021=VECTOR('',#6703,10.);
#2022=VECTOR('',#6704,10.);
#2023=VECTOR('',#6705,10.);
#2024=VECTOR('',#6706,10.);
#2025=VECTOR('',#6707,10.);
#2026=VECTOR('',#6708,10.);
#2027=VECTOR('',#6709,10.);
#2028=VECTOR('',#6710,10.);
#2029=VECTOR('',#6711,10.);
#2030=VECTOR('',#6712,10.);
#2031=VECTOR('',#6713,10.);
#2032=VECTOR('',#6714,10.);
#2033=VECTOR('',#6715,10.);
#2034=VECTOR('',#6716,10.);
#2035=VECTOR('',#6717,10.);
#2036=VECTOR('',#6718,10.);
#2037=VECTOR('',#6719,10.);
#2038=VECTOR('',#6720,10.);
#2039=VECTOR('',#6721,10.);
#2040=VECTOR('',#6722,10.);
#2041=VECTOR('',#6723,10.);
#2042=VECTOR('',#6724,10.);
#2043=VECTOR('',#6725,10.);
#2044=VECTOR('',#6726,10.);
#2045=VECTOR('',#6727,10.);
#2046=VECTOR('',#6728,10.);
#2047=VECTOR('',#6729,10.);
#2048=VECTOR('',#6730,10.);
#2049=VECTOR('',#6731,10.);
#2050=VECTOR('',#6732,10.);
#2051=VECTOR('',#6733,10.);
#2052=VECTOR('',#6734,10.);
#2053=VECTOR('',#6735,10.);
#2054=VECTOR('',#6736,10.);
#2055=VECTOR('',#6737,10.);
#2056=VECTOR('',#6738,10.);
#2057=VECTOR('',#6739,10.);
#2058=VECTOR('',#6740,10.);
#2059=VECTOR('',#6741,10.);
#2060=VECTOR('',#6742,10.);
#2061=VECTOR('',#6747,10.);
#2062=VECTOR('',#6752,10.);
#2063=VECTOR('',#6757,10.);
#2064=VECTOR('',#6758,10.);
#2065=VECTOR('',#6759,10.);
#2066=VECTOR('',#6760,10.);
#2067=VECTOR('',#6763,10.);
#2068=VECTOR('',#6764,10.);
#2069=VECTOR('',#6765,10.);
#2070=VECTOR('',#6768,10.);
#2071=VECTOR('',#6769,10.);
#2072=VECTOR('',#6770,10.);
#2073=VECTOR('',#6771,10.);
#2074=VECTOR('',#6772,10.);
#2075=VECTOR('',#6775,10.);
#2076=VECTOR('',#6778,10.);
#2077=VECTOR('',#6783,10.);
#2078=VECTOR('',#6788,10.);
#2079=VECTOR('',#6789,10.);
#2080=VECTOR('',#6792,10.);
#2081=VECTOR('',#6795,10.);
#2082=VECTOR('',#6798,10.);
#2083=VECTOR('',#6799,10.);
#2084=VECTOR('',#6802,10.);
#2085=VECTOR('',#6805,10.);
#2086=VECTOR('',#6808,10.);
#2087=VECTOR('',#6809,10.);
#2088=VECTOR('',#6812,10.);
#2089=VECTOR('',#6815,10.);
#2090=VECTOR('',#6820,10.);
#2091=VECTOR('',#6821,10.);
#2092=VECTOR('',#6824,10.);
#2093=VECTOR('',#6827,10.);
#2094=VECTOR('',#6832,10.);
#2095=VECTOR('',#6833,10.);
#2096=VECTOR('',#6836,10.);
#2097=VECTOR('',#6839,10.);
#2098=VECTOR('',#6844,10.);
#2099=VECTOR('',#6851,10.);
#2100=VECTOR('',#6852,10.);
#2101=VECTOR('',#6855,10.);
#2102=VECTOR('',#6858,10.);
#2103=VECTOR('',#6861,10.);
#2104=VECTOR('',#6862,10.);
#2105=VECTOR('',#6865,10.);
#2106=VECTOR('',#6868,10.);
#2107=VECTOR('',#6871,10.);
#2108=VECTOR('',#6872,10.);
#2109=VECTOR('',#6875,10.);
#2110=VECTOR('',#6878,10.);
#2111=VECTOR('',#6883,10.);
#2112=VECTOR('',#6884,10.);
#2113=VECTOR('',#6887,10.);
#2114=VECTOR('',#6890,10.);
#2115=VECTOR('',#6895,10.);
#2116=VECTOR('',#6896,10.);
#2117=VECTOR('',#6899,10.);
#2118=VECTOR('',#6902,10.);
#2119=VECTOR('',#6907,10.);
#2120=VECTOR('',#6908,10.);
#2121=VECTOR('',#6911,10.);
#2122=VECTOR('',#6912,10.);
#2123=VECTOR('',#6915,10.);
#2124=VECTOR('',#6918,10.);
#2125=VECTOR('',#6923,10.);
#2126=VECTOR('',#6924,10.);
#2127=VECTOR('',#6927,10.);
#2128=VECTOR('',#6930,10.);
#2129=VECTOR('',#6933,10.);
#2130=VECTOR('',#6934,10.);
#2131=VECTOR('',#6937,10.);
#2132=VECTOR('',#6938,10.);
#2133=VECTOR('',#6943,10.);
#2134=VECTOR('',#6944,10.);
#2135=VECTOR('',#6947,10.);
#2136=VECTOR('',#6948,10.);
#2137=VECTOR('',#6953,10.);
#2138=VECTOR('',#6954,10.);
#2139=VECTOR('',#6957,10.);
#2140=VECTOR('',#6960,10.);
#2141=VECTOR('',#6965,10.);
#2142=VECTOR('',#6966,10.);
#2143=VECTOR('',#6969,10.);
#2144=VECTOR('',#6972,10.);
#2145=VECTOR('',#6977,10.);
#2146=VECTOR('',#6978,10.);
#2147=VECTOR('',#6981,10.);
#2148=VECTOR('',#6984,10.);
#2149=VECTOR('',#6989,10.);
#2150=VECTOR('',#6990,10.);
#2151=VECTOR('',#6993,10.);
#2152=VECTOR('',#6994,10.);
#2153=VECTOR('',#6999,10.);
#2154=VECTOR('',#7000,10.);
#2155=VECTOR('',#7003,10.);
#2156=VECTOR('',#7006,10.);
#2157=VECTOR('',#7011,10.);
#2158=VECTOR('',#7012,10.);
#2159=VECTOR('',#7015,10.);
#2160=VECTOR('',#7016,10.);
#2161=VECTOR('',#7021,10.);
#2162=VECTOR('',#7022,10.);
#2163=VECTOR('',#7025,10.);
#2164=VECTOR('',#7028,10.);
#2165=VECTOR('',#7033,10.);
#2166=VECTOR('',#7034,10.);
#2167=VECTOR('',#7037,10.);
#2168=VECTOR('',#7040,10.);
#2169=VECTOR('',#7045,10.);
#2170=VECTOR('',#7046,10.);
#2171=VECTOR('',#7049,10.);
#2172=VECTOR('',#7052,10.);
#2173=VECTOR('',#7055,10.);
#2174=VECTOR('',#7056,10.);
#2175=VECTOR('',#7059,10.);
#2176=VECTOR('',#7062,10.);
#2177=VECTOR('',#7065,10.);
#2178=VECTOR('',#7066,10.);
#2179=VECTOR('',#7069,10.);
#2180=VECTOR('',#7072,10.);
#2181=VECTOR('',#7077,10.);
#2182=VECTOR('',#7078,10.);
#2183=VECTOR('',#7081,10.);
#2184=VECTOR('',#7084,10.);
#2185=VECTOR('',#7087,10.);
#2186=VECTOR('',#7088,10.);
#2187=VECTOR('',#7091,10.);
#2188=VECTOR('',#7092,10.);
#2189=VECTOR('',#7097,10.);
#2190=VECTOR('',#7098,10.);
#2191=VECTOR('',#7101,10.);
#2192=VECTOR('',#7104,10.);
#2193=VECTOR('',#7107,10.);
#2194=VECTOR('',#7108,10.);
#2195=VECTOR('',#7111,10.);
#2196=VECTOR('',#7114,10.);
#2197=VECTOR('',#7119,10.);
#2198=VECTOR('',#7120,10.);
#2199=VECTOR('',#7123,10.);
#2200=VECTOR('',#7126,10.);
#2201=VECTOR('',#7131,10.);
#2202=VECTOR('',#7132,10.);
#2203=VECTOR('',#7135,10.);
#2204=VECTOR('',#7138,10.);
#2205=VECTOR('',#7141,10.);
#2206=VECTOR('',#7142,10.);
#2207=VECTOR('',#7145,10.);
#2208=VECTOR('',#7148,10.);
#2209=VECTOR('',#7151,10.);
#2210=VECTOR('',#7152,10.);
#2211=VECTOR('',#7155,10.);
#2212=VECTOR('',#7158,10.);
#2213=VECTOR('',#7163,10.);
#2214=VECTOR('',#7180,10.);
#2215=VECTOR('',#7195,10.);
#2216=VECTOR('',#7196,10.);
#2217=VECTOR('',#7199,10.);
#2218=VECTOR('',#7200,10.);
#2219=VECTOR('',#7205,10.);
#2220=VECTOR('',#7206,10.);
#2221=VECTOR('',#7209,10.);
#2222=VECTOR('',#7212,10.);
#2223=VECTOR('',#7215,10.);
#2224=VECTOR('',#7216,10.);
#2225=VECTOR('',#7219,10.);
#2226=VECTOR('',#7222,10.);
#2227=VECTOR('',#7225,10.);
#2228=VECTOR('',#7226,10.);
#2229=VECTOR('',#7229,10.);
#2230=VECTOR('',#7232,10.);
#2231=VECTOR('',#7237,10.);
#2232=VECTOR('',#7238,10.);
#2233=VECTOR('',#7241,10.);
#2234=VECTOR('',#7244,10.);
#2235=VECTOR('',#7249,10.);
#2236=VECTOR('',#7250,10.);
#2237=VECTOR('',#7253,10.);
#2238=VECTOR('',#7256,10.);
#2239=VECTOR('',#7261,10.);
#2240=VECTOR('',#7262,10.);
#2241=VECTOR('',#7265,10.);
#2242=VECTOR('',#7266,10.);
#2243=VECTOR('',#7271,10.);
#2244=VECTOR('',#7272,10.);
#2245=VECTOR('',#7275,10.);
#2246=VECTOR('',#7278,10.);
#2247=VECTOR('',#7283,10.);
#2248=VECTOR('',#7284,10.);
#2249=VECTOR('',#7287,10.);
#2250=VECTOR('',#7290,10.);
#2251=VECTOR('',#7295,10.);
#2252=VECTOR('',#7296,10.);
#2253=VECTOR('',#7299,10.);
#2254=VECTOR('',#7302,10.);
#2255=VECTOR('',#7307,10.);
#2256=VECTOR('',#7308,10.);
#2257=VECTOR('',#7311,10.);
#2258=VECTOR('',#7314,10.);
#2259=VECTOR('',#7319,10.);
#2260=VECTOR('',#7320,10.);
#2261=VECTOR('',#7323,10.);
#2262=VECTOR('',#7326,10.);
#2263=VECTOR('',#7329,10.);
#2264=VECTOR('',#7330,10.);
#2265=VECTOR('',#7335,10.);
#2266=VECTOR('',#7338,10.);
#2267=VECTOR('',#7339,10.);
#2268=VECTOR('',#7342,10.);
#2269=VECTOR('',#7343,10.);
#2270=VECTOR('',#7348,10.);
#2271=VECTOR('',#7349,10.);
#2272=VECTOR('',#7352,10.);
#2273=VECTOR('',#7353,10.);
#2274=VECTOR('',#7358,10.);
#2275=VECTOR('',#7359,10.);
#2276=VECTOR('',#7362,10.);
#2277=VECTOR('',#7365,10.);
#2278=VECTOR('',#7368,10.);
#2279=VECTOR('',#7369,10.);
#2280=VECTOR('',#7372,10.);
#2281=VECTOR('',#7375,10.);
#2282=VECTOR('',#7378,10.);
#2283=VECTOR('',#7379,10.);
#2284=VECTOR('',#7382,10.);
#2285=VECTOR('',#7385,10.);
#2286=VECTOR('',#7390,10.);
#2287=VECTOR('',#7391,10.);
#2288=VECTOR('',#7394,10.);
#2289=VECTOR('',#7397,10.);
#2290=VECTOR('',#7402,10.);
#2291=VECTOR('',#7403,10.);
#2292=VECTOR('',#7406,10.);
#2293=VECTOR('',#7409,10.);
#2294=VECTOR('',#7414,10.);
#2295=VECTOR('',#7415,10.);
#2296=VECTOR('',#7418,10.);
#2297=VECTOR('',#7421,10.);
#2298=VECTOR('',#7426,10.);
#2299=VECTOR('',#7427,10.);
#2300=VECTOR('',#7430,10.);
#2301=VECTOR('',#7433,10.);
#2302=VECTOR('',#7438,10.);
#2303=VECTOR('',#7439,10.);
#2304=VECTOR('',#7442,10.);
#2305=VECTOR('',#7445,10.);
#2306=VECTOR('',#7450,10.);
#2307=VECTOR('',#7451,10.);
#2308=VECTOR('',#7454,10.);
#2309=VECTOR('',#7457,10.);
#2310=VECTOR('',#7462,10.);
#2311=VECTOR('',#7463,10.);
#2312=VECTOR('',#7466,10.);
#2313=VECTOR('',#7467,10.);
#2314=VECTOR('',#7472,10.);
#2315=VECTOR('',#7473,10.);
#2316=VECTOR('',#7476,10.);
#2317=VECTOR('',#7479,10.);
#2318=VECTOR('',#7482,10.);
#2319=VECTOR('',#7483,10.);
#2320=VECTOR('',#7486,10.);
#2321=VECTOR('',#7491,10.);
#2322=VECTOR('',#7492,10.);
#2323=VECTOR('',#7495,10.);
#2324=VECTOR('',#7496,10.);
#2325=VECTOR('',#7501,10.);
#2326=VECTOR('',#7516,10.);
#2327=VECTOR('',#7531,10.);
#2328=VECTOR('',#7532,10.);
#2329=VECTOR('',#7535,10.);
#2330=VECTOR('',#7538,10.);
#2331=VECTOR('',#7543,10.);
#2332=VECTOR('',#7544,10.);
#2333=VECTOR('',#7551,10.);
#2334=VECTOR('',#7552,10.);
#2335=VECTOR('',#7555,10.);
#2336=VECTOR('',#7564,10.);
#2337=VECTOR('',#7565,10.);
#2338=VECTOR('',#7568,10.);
#2339=VECTOR('',#7571,10.);
#2340=VERTEX_POINT('',#7576);
#2341=VERTEX_POINT('',#7577);
#2342=VERTEX_POINT('',#7579);
#2343=VERTEX_POINT('',#7581);
#2344=VERTEX_POINT('',#7583);
#2345=VERTEX_POINT('',#7585);
#2346=VERTEX_POINT('',#7587);
#2347=VERTEX_POINT('',#7589);
#2348=VERTEX_POINT('',#7591);
#2349=VERTEX_POINT('',#7593);
#2350=VERTEX_POINT('',#7595);
#2351=VERTEX_POINT('',#7597);
#2352=VERTEX_POINT('',#7599);
#2353=VERTEX_POINT('',#7601);
#2354=VERTEX_POINT('',#7603);
#2355=VERTEX_POINT('',#7605);
#2356=VERTEX_POINT('',#7607);
#2357=VERTEX_POINT('',#7609);
#2358=VERTEX_POINT('',#7611);
#2359=VERTEX_POINT('',#7613);
#2360=VERTEX_POINT('',#7615);
#2361=VERTEX_POINT('',#7617);
#2362=VERTEX_POINT('',#7619);
#2363=VERTEX_POINT('',#7621);
#2364=VERTEX_POINT('',#7623);
#2365=VERTEX_POINT('',#7625);
#2366=VERTEX_POINT('',#7627);
#2367=VERTEX_POINT('',#7629);
#2368=VERTEX_POINT('',#7631);
#2369=VERTEX_POINT('',#7633);
#2370=VERTEX_POINT('',#7635);
#2371=VERTEX_POINT('',#7637);
#2372=VERTEX_POINT('',#7639);
#2373=VERTEX_POINT('',#7641);
#2374=VERTEX_POINT('',#7643);
#2375=VERTEX_POINT('',#7645);
#2376=VERTEX_POINT('',#7647);
#2377=VERTEX_POINT('',#7649);
#2378=VERTEX_POINT('',#7651);
#2379=VERTEX_POINT('',#7653);
#2380=VERTEX_POINT('',#7655);
#2381=VERTEX_POINT('',#7657);
#2382=VERTEX_POINT('',#7659);
#2383=VERTEX_POINT('',#7661);
#2384=VERTEX_POINT('',#7663);
#2385=VERTEX_POINT('',#7665);
#2386=VERTEX_POINT('',#7667);
#2387=VERTEX_POINT('',#7669);
#2388=VERTEX_POINT('',#7671);
#2389=VERTEX_POINT('',#7673);
#2390=VERTEX_POINT('',#7675);
#2391=VERTEX_POINT('',#7677);
#2392=VERTEX_POINT('',#7679);
#2393=VERTEX_POINT('',#7681);
#2394=VERTEX_POINT('',#7683);
#2395=VERTEX_POINT('',#7685);
#2396=VERTEX_POINT('',#7687);
#2397=VERTEX_POINT('',#7689);
#2398=VERTEX_POINT('',#7691);
#2399=VERTEX_POINT('',#7693);
#2400=VERTEX_POINT('',#7695);
#2401=VERTEX_POINT('',#7697);
#2402=VERTEX_POINT('',#7699);
#2403=VERTEX_POINT('',#7701);
#2404=VERTEX_POINT('',#7703);
#2405=VERTEX_POINT('',#7705);
#2406=VERTEX_POINT('',#7707);
#2407=VERTEX_POINT('',#7709);
#2408=VERTEX_POINT('',#7711);
#2409=VERTEX_POINT('',#7713);
#2410=VERTEX_POINT('',#7715);
#2411=VERTEX_POINT('',#7717);
#2412=VERTEX_POINT('',#7719);
#2413=VERTEX_POINT('',#7721);
#2414=VERTEX_POINT('',#7723);
#2415=VERTEX_POINT('',#7725);
#2416=VERTEX_POINT('',#7727);
#2417=VERTEX_POINT('',#7729);
#2418=VERTEX_POINT('',#7731);
#2419=VERTEX_POINT('',#7733);
#2420=VERTEX_POINT('',#7735);
#2421=VERTEX_POINT('',#7737);
#2422=VERTEX_POINT('',#7739);
#2423=VERTEX_POINT('',#7741);
#2424=VERTEX_POINT('',#7743);
#2425=VERTEX_POINT('',#7745);
#2426=VERTEX_POINT('',#7747);
#2427=VERTEX_POINT('',#7749);
#2428=VERTEX_POINT('',#7751);
#2429=VERTEX_POINT('',#7753);
#2430=VERTEX_POINT('',#7755);
#2431=VERTEX_POINT('',#7757);
#2432=VERTEX_POINT('',#7759);
#2433=VERTEX_POINT('',#7761);
#2434=VERTEX_POINT('',#7763);
#2435=VERTEX_POINT('',#7765);
#2436=VERTEX_POINT('',#7767);
#2437=VERTEX_POINT('',#7769);
#2438=VERTEX_POINT('',#7771);
#2439=VERTEX_POINT('',#7773);
#2440=VERTEX_POINT('',#7775);
#2441=VERTEX_POINT('',#7777);
#2442=VERTEX_POINT('',#7779);
#2443=VERTEX_POINT('',#7781);
#2444=VERTEX_POINT('',#7783);
#2445=VERTEX_POINT('',#7785);
#2446=VERTEX_POINT('',#7787);
#2447=VERTEX_POINT('',#7789);
#2448=VERTEX_POINT('',#7791);
#2449=VERTEX_POINT('',#7793);
#2450=VERTEX_POINT('',#7795);
#2451=VERTEX_POINT('',#7797);
#2452=VERTEX_POINT('',#7799);
#2453=VERTEX_POINT('',#7801);
#2454=VERTEX_POINT('',#7803);
#2455=VERTEX_POINT('',#7805);
#2456=VERTEX_POINT('',#7807);
#2457=VERTEX_POINT('',#7809);
#2458=VERTEX_POINT('',#7811);
#2459=VERTEX_POINT('',#7813);
#2460=VERTEX_POINT('',#7815);
#2461=VERTEX_POINT('',#7817);
#2462=VERTEX_POINT('',#7819);
#2463=VERTEX_POINT('',#7821);
#2464=VERTEX_POINT('',#7823);
#2465=VERTEX_POINT('',#7825);
#2466=VERTEX_POINT('',#7827);
#2467=VERTEX_POINT('',#7829);
#2468=VERTEX_POINT('',#7831);
#2469=VERTEX_POINT('',#7833);
#2470=VERTEX_POINT('',#7835);
#2471=VERTEX_POINT('',#7837);
#2472=VERTEX_POINT('',#7839);
#2473=VERTEX_POINT('',#7841);
#2474=VERTEX_POINT('',#7843);
#2475=VERTEX_POINT('',#7845);
#2476=VERTEX_POINT('',#7848);
#2477=VERTEX_POINT('',#7849);
#2478=VERTEX_POINT('',#7851);
#2479=VERTEX_POINT('',#7853);
#2480=VERTEX_POINT('',#7856);
#2481=VERTEX_POINT('',#7857);
#2482=VERTEX_POINT('',#7859);
#2483=VERTEX_POINT('',#7861);
#2484=VERTEX_POINT('',#7864);
#2485=VERTEX_POINT('',#7865);
#2486=VERTEX_POINT('',#7867);
#2487=VERTEX_POINT('',#7869);
#2488=VERTEX_POINT('',#7872);
#2489=VERTEX_POINT('',#7873);
#2490=VERTEX_POINT('',#7875);
#2491=VERTEX_POINT('',#7877);
#2492=VERTEX_POINT('',#7880);
#2493=VERTEX_POINT('',#7881);
#2494=VERTEX_POINT('',#7883);
#2495=VERTEX_POINT('',#7885);
#2496=VERTEX_POINT('',#7888);
#2497=VERTEX_POINT('',#7889);
#2498=VERTEX_POINT('',#7891);
#2499=VERTEX_POINT('',#7893);
#2500=VERTEX_POINT('',#7896);
#2501=VERTEX_POINT('',#7897);
#2502=VERTEX_POINT('',#7899);
#2503=VERTEX_POINT('',#7901);
#2504=VERTEX_POINT('',#7904);
#2505=VERTEX_POINT('',#7905);
#2506=VERTEX_POINT('',#7907);
#2507=VERTEX_POINT('',#7909);
#2508=VERTEX_POINT('',#7912);
#2509=VERTEX_POINT('',#7913);
#2510=VERTEX_POINT('',#7915);
#2511=VERTEX_POINT('',#7917);
#2512=VERTEX_POINT('',#7920);
#2513=VERTEX_POINT('',#7921);
#2514=VERTEX_POINT('',#7923);
#2515=VERTEX_POINT('',#7925);
#2516=VERTEX_POINT('',#7928);
#2517=VERTEX_POINT('',#7929);
#2518=VERTEX_POINT('',#7931);
#2519=VERTEX_POINT('',#7933);
#2520=VERTEX_POINT('',#7936);
#2521=VERTEX_POINT('',#7937);
#2522=VERTEX_POINT('',#7939);
#2523=VERTEX_POINT('',#7941);
#2524=VERTEX_POINT('',#7944);
#2525=VERTEX_POINT('',#7945);
#2526=VERTEX_POINT('',#7947);
#2527=VERTEX_POINT('',#7949);
#2528=VERTEX_POINT('',#7952);
#2529=VERTEX_POINT('',#7953);
#2530=VERTEX_POINT('',#7955);
#2531=VERTEX_POINT('',#7957);
#2532=VERTEX_POINT('',#7960);
#2533=VERTEX_POINT('',#7961);
#2534=VERTEX_POINT('',#7963);
#2535=VERTEX_POINT('',#7965);
#2536=VERTEX_POINT('',#7968);
#2537=VERTEX_POINT('',#7969);
#2538=VERTEX_POINT('',#7971);
#2539=VERTEX_POINT('',#7973);
#2540=VERTEX_POINT('',#7976);
#2541=VERTEX_POINT('',#7977);
#2542=VERTEX_POINT('',#7979);
#2543=VERTEX_POINT('',#7981);
#2544=VERTEX_POINT('',#7984);
#2545=VERTEX_POINT('',#7985);
#2546=VERTEX_POINT('',#7987);
#2547=VERTEX_POINT('',#7989);
#2548=VERTEX_POINT('',#7992);
#2549=VERTEX_POINT('',#7993);
#2550=VERTEX_POINT('',#7995);
#2551=VERTEX_POINT('',#7997);
#2552=VERTEX_POINT('',#8000);
#2553=VERTEX_POINT('',#8001);
#2554=VERTEX_POINT('',#8003);
#2555=VERTEX_POINT('',#8005);
#2556=VERTEX_POINT('',#8008);
#2557=VERTEX_POINT('',#8009);
#2558=VERTEX_POINT('',#8011);
#2559=VERTEX_POINT('',#8013);
#2560=VERTEX_POINT('',#8016);
#2561=VERTEX_POINT('',#8017);
#2562=VERTEX_POINT('',#8019);
#2563=VERTEX_POINT('',#8021);
#2564=VERTEX_POINT('',#8024);
#2565=VERTEX_POINT('',#8025);
#2566=VERTEX_POINT('',#8027);
#2567=VERTEX_POINT('',#8029);
#2568=VERTEX_POINT('',#8032);
#2569=VERTEX_POINT('',#8033);
#2570=VERTEX_POINT('',#8035);
#2571=VERTEX_POINT('',#8037);
#2572=VERTEX_POINT('',#8040);
#2573=VERTEX_POINT('',#8041);
#2574=VERTEX_POINT('',#8043);
#2575=VERTEX_POINT('',#8045);
#2576=VERTEX_POINT('',#8048);
#2577=VERTEX_POINT('',#8049);
#2578=VERTEX_POINT('',#8051);
#2579=VERTEX_POINT('',#8053);
#2580=VERTEX_POINT('',#8056);
#2581=VERTEX_POINT('',#8057);
#2582=VERTEX_POINT('',#8059);
#2583=VERTEX_POINT('',#8061);
#2584=VERTEX_POINT('',#8064);
#2585=VERTEX_POINT('',#8065);
#2586=VERTEX_POINT('',#8067);
#2587=VERTEX_POINT('',#8069);
#2588=VERTEX_POINT('',#8072);
#2589=VERTEX_POINT('',#8073);
#2590=VERTEX_POINT('',#8075);
#2591=VERTEX_POINT('',#8077);
#2592=VERTEX_POINT('',#8080);
#2593=VERTEX_POINT('',#8081);
#2594=VERTEX_POINT('',#8083);
#2595=VERTEX_POINT('',#8085);
#2596=VERTEX_POINT('',#8088);
#2597=VERTEX_POINT('',#8089);
#2598=VERTEX_POINT('',#8091);
#2599=VERTEX_POINT('',#8093);
#2600=VERTEX_POINT('',#8096);
#2601=VERTEX_POINT('',#8097);
#2602=VERTEX_POINT('',#8099);
#2603=VERTEX_POINT('',#8101);
#2604=VERTEX_POINT('',#8104);
#2605=VERTEX_POINT('',#8105);
#2606=VERTEX_POINT('',#8107);
#2607=VERTEX_POINT('',#8109);
#2608=VERTEX_POINT('',#8113);
#2609=VERTEX_POINT('',#8114);
#2610=VERTEX_POINT('',#8118);
#2611=VERTEX_POINT('',#8119);
#2612=VERTEX_POINT('',#8121);
#2613=VERTEX_POINT('',#8123);
#2614=VERTEX_POINT('',#8127);
#2615=VERTEX_POINT('',#8128);
#2616=VERTEX_POINT('',#8130);
#2617=VERTEX_POINT('',#8132);
#2618=VERTEX_POINT('',#8134);
#2619=VERTEX_POINT('',#8136);
#2620=VERTEX_POINT('',#8138);
#2621=VERTEX_POINT('',#8140);
#2622=VERTEX_POINT('',#8142);
#2623=VERTEX_POINT('',#8144);
#2624=VERTEX_POINT('',#8146);
#2625=VERTEX_POINT('',#8148);
#2626=VERTEX_POINT('',#8150);
#2627=VERTEX_POINT('',#8152);
#2628=VERTEX_POINT('',#8154);
#2629=VERTEX_POINT('',#8156);
#2630=VERTEX_POINT('',#8158);
#2631=VERTEX_POINT('',#8160);
#2632=VERTEX_POINT('',#8162);
#2633=VERTEX_POINT('',#8164);
#2634=VERTEX_POINT('',#8166);
#2635=VERTEX_POINT('',#8168);
#2636=VERTEX_POINT('',#8170);
#2637=VERTEX_POINT('',#8172);
#2638=VERTEX_POINT('',#8174);
#2639=VERTEX_POINT('',#8176);
#2640=VERTEX_POINT('',#8178);
#2641=VERTEX_POINT('',#8180);
#2642=VERTEX_POINT('',#8182);
#2643=VERTEX_POINT('',#8184);
#2644=VERTEX_POINT('',#8186);
#2645=VERTEX_POINT('',#8188);
#2646=VERTEX_POINT('',#8190);
#2647=VERTEX_POINT('',#8192);
#2648=VERTEX_POINT('',#8194);
#2649=VERTEX_POINT('',#8196);
#2650=VERTEX_POINT('',#8198);
#2651=VERTEX_POINT('',#8200);
#2652=VERTEX_POINT('',#8202);
#2653=VERTEX_POINT('',#8204);
#2654=VERTEX_POINT('',#8206);
#2655=VERTEX_POINT('',#8208);
#2656=VERTEX_POINT('',#8210);
#2657=VERTEX_POINT('',#8212);
#2658=VERTEX_POINT('',#8214);
#2659=VERTEX_POINT('',#8216);
#2660=VERTEX_POINT('',#8218);
#2661=VERTEX_POINT('',#8220);
#2662=VERTEX_POINT('',#8222);
#2663=VERTEX_POINT('',#8224);
#2664=VERTEX_POINT('',#8226);
#2665=VERTEX_POINT('',#8228);
#2666=VERTEX_POINT('',#8230);
#2667=VERTEX_POINT('',#8232);
#2668=VERTEX_POINT('',#8234);
#2669=VERTEX_POINT('',#8236);
#2670=VERTEX_POINT('',#8238);
#2671=VERTEX_POINT('',#8240);
#2672=VERTEX_POINT('',#8242);
#2673=VERTEX_POINT('',#8244);
#2674=VERTEX_POINT('',#8246);
#2675=VERTEX_POINT('',#8248);
#2676=VERTEX_POINT('',#8250);
#2677=VERTEX_POINT('',#8252);
#2678=VERTEX_POINT('',#8254);
#2679=VERTEX_POINT('',#8256);
#2680=VERTEX_POINT('',#8258);
#2681=VERTEX_POINT('',#8260);
#2682=VERTEX_POINT('',#8262);
#2683=VERTEX_POINT('',#8264);
#2684=VERTEX_POINT('',#8266);
#2685=VERTEX_POINT('',#8268);
#2686=VERTEX_POINT('',#8270);
#2687=VERTEX_POINT('',#8272);
#2688=VERTEX_POINT('',#8274);
#2689=VERTEX_POINT('',#8276);
#2690=VERTEX_POINT('',#8278);
#2691=VERTEX_POINT('',#8280);
#2692=VERTEX_POINT('',#8282);
#2693=VERTEX_POINT('',#8284);
#2694=VERTEX_POINT('',#8286);
#2695=VERTEX_POINT('',#8288);
#2696=VERTEX_POINT('',#8290);
#2697=VERTEX_POINT('',#8292);
#2698=VERTEX_POINT('',#8294);
#2699=VERTEX_POINT('',#8296);
#2700=VERTEX_POINT('',#8298);
#2701=VERTEX_POINT('',#8300);
#2702=VERTEX_POINT('',#8302);
#2703=VERTEX_POINT('',#8304);
#2704=VERTEX_POINT('',#8306);
#2705=VERTEX_POINT('',#8308);
#2706=VERTEX_POINT('',#8310);
#2707=VERTEX_POINT('',#8312);
#2708=VERTEX_POINT('',#8314);
#2709=VERTEX_POINT('',#8316);
#2710=VERTEX_POINT('',#8318);
#2711=VERTEX_POINT('',#8320);
#2712=VERTEX_POINT('',#8322);
#2713=VERTEX_POINT('',#8324);
#2714=VERTEX_POINT('',#8326);
#2715=VERTEX_POINT('',#8328);
#2716=VERTEX_POINT('',#8330);
#2717=VERTEX_POINT('',#8332);
#2718=VERTEX_POINT('',#8334);
#2719=VERTEX_POINT('',#8336);
#2720=VERTEX_POINT('',#8338);
#2721=VERTEX_POINT('',#8340);
#2722=VERTEX_POINT('',#8342);
#2723=VERTEX_POINT('',#8344);
#2724=VERTEX_POINT('',#8346);
#2725=VERTEX_POINT('',#8348);
#2726=VERTEX_POINT('',#8350);
#2727=VERTEX_POINT('',#8352);
#2728=VERTEX_POINT('',#8354);
#2729=VERTEX_POINT('',#8356);
#2730=VERTEX_POINT('',#8358);
#2731=VERTEX_POINT('',#8360);
#2732=VERTEX_POINT('',#8362);
#2733=VERTEX_POINT('',#8364);
#2734=VERTEX_POINT('',#8366);
#2735=VERTEX_POINT('',#8368);
#2736=VERTEX_POINT('',#8370);
#2737=VERTEX_POINT('',#8372);
#2738=VERTEX_POINT('',#8374);
#2739=VERTEX_POINT('',#8376);
#2740=VERTEX_POINT('',#8378);
#2741=VERTEX_POINT('',#8380);
#2742=VERTEX_POINT('',#8382);
#2743=VERTEX_POINT('',#8384);
#2744=VERTEX_POINT('',#8386);
#2745=VERTEX_POINT('',#8388);
#2746=VERTEX_POINT('',#8390);
#2747=VERTEX_POINT('',#8392);
#2748=VERTEX_POINT('',#8394);
#2749=VERTEX_POINT('',#8396);
#2750=VERTEX_POINT('',#8399);
#2751=VERTEX_POINT('',#8400);
#2752=VERTEX_POINT('',#8402);
#2753=VERTEX_POINT('',#8404);
#2754=VERTEX_POINT('',#8407);
#2755=VERTEX_POINT('',#8408);
#2756=VERTEX_POINT('',#8410);
#2757=VERTEX_POINT('',#8412);
#2758=VERTEX_POINT('',#8415);
#2759=VERTEX_POINT('',#8416);
#2760=VERTEX_POINT('',#8418);
#2761=VERTEX_POINT('',#8420);
#2762=VERTEX_POINT('',#8423);
#2763=VERTEX_POINT('',#8424);
#2764=VERTEX_POINT('',#8426);
#2765=VERTEX_POINT('',#8428);
#2766=VERTEX_POINT('',#8431);
#2767=VERTEX_POINT('',#8432);
#2768=VERTEX_POINT('',#8434);
#2769=VERTEX_POINT('',#8436);
#2770=VERTEX_POINT('',#8439);
#2771=VERTEX_POINT('',#8440);
#2772=VERTEX_POINT('',#8442);
#2773=VERTEX_POINT('',#8444);
#2774=VERTEX_POINT('',#8447);
#2775=VERTEX_POINT('',#8448);
#2776=VERTEX_POINT('',#8450);
#2777=VERTEX_POINT('',#8452);
#2778=VERTEX_POINT('',#8455);
#2779=VERTEX_POINT('',#8456);
#2780=VERTEX_POINT('',#8458);
#2781=VERTEX_POINT('',#8460);
#2782=VERTEX_POINT('',#8463);
#2783=VERTEX_POINT('',#8464);
#2784=VERTEX_POINT('',#8466);
#2785=VERTEX_POINT('',#8468);
#2786=VERTEX_POINT('',#8471);
#2787=VERTEX_POINT('',#8472);
#2788=VERTEX_POINT('',#8474);
#2789=VERTEX_POINT('',#8476);
#2790=VERTEX_POINT('',#8479);
#2791=VERTEX_POINT('',#8480);
#2792=VERTEX_POINT('',#8482);
#2793=VERTEX_POINT('',#8484);
#2794=VERTEX_POINT('',#8487);
#2795=VERTEX_POINT('',#8488);
#2796=VERTEX_POINT('',#8490);
#2797=VERTEX_POINT('',#8492);
#2798=VERTEX_POINT('',#8495);
#2799=VERTEX_POINT('',#8496);
#2800=VERTEX_POINT('',#8498);
#2801=VERTEX_POINT('',#8500);
#2802=VERTEX_POINT('',#8503);
#2803=VERTEX_POINT('',#8504);
#2804=VERTEX_POINT('',#8506);
#2805=VERTEX_POINT('',#8508);
#2806=VERTEX_POINT('',#8511);
#2807=VERTEX_POINT('',#8512);
#2808=VERTEX_POINT('',#8514);
#2809=VERTEX_POINT('',#8516);
#2810=VERTEX_POINT('',#8519);
#2811=VERTEX_POINT('',#8520);
#2812=VERTEX_POINT('',#8522);
#2813=VERTEX_POINT('',#8524);
#2814=VERTEX_POINT('',#8527);
#2815=VERTEX_POINT('',#8528);
#2816=VERTEX_POINT('',#8530);
#2817=VERTEX_POINT('',#8532);
#2818=VERTEX_POINT('',#8535);
#2819=VERTEX_POINT('',#8536);
#2820=VERTEX_POINT('',#8538);
#2821=VERTEX_POINT('',#8540);
#2822=VERTEX_POINT('',#8543);
#2823=VERTEX_POINT('',#8544);
#2824=VERTEX_POINT('',#8546);
#2825=VERTEX_POINT('',#8548);
#2826=VERTEX_POINT('',#8551);
#2827=VERTEX_POINT('',#8552);
#2828=VERTEX_POINT('',#8554);
#2829=VERTEX_POINT('',#8556);
#2830=VERTEX_POINT('',#8559);
#2831=VERTEX_POINT('',#8560);
#2832=VERTEX_POINT('',#8562);
#2833=VERTEX_POINT('',#8564);
#2834=VERTEX_POINT('',#8567);
#2835=VERTEX_POINT('',#8568);
#2836=VERTEX_POINT('',#8570);
#2837=VERTEX_POINT('',#8572);
#2838=VERTEX_POINT('',#8575);
#2839=VERTEX_POINT('',#8576);
#2840=VERTEX_POINT('',#8578);
#2841=VERTEX_POINT('',#8580);
#2842=VERTEX_POINT('',#8583);
#2843=VERTEX_POINT('',#8584);
#2844=VERTEX_POINT('',#8586);
#2845=VERTEX_POINT('',#8588);
#2846=VERTEX_POINT('',#8591);
#2847=VERTEX_POINT('',#8592);
#2848=VERTEX_POINT('',#8594);
#2849=VERTEX_POINT('',#8596);
#2850=VERTEX_POINT('',#8599);
#2851=VERTEX_POINT('',#8600);
#2852=VERTEX_POINT('',#8602);
#2853=VERTEX_POINT('',#8604);
#2854=VERTEX_POINT('',#8607);
#2855=VERTEX_POINT('',#8608);
#2856=VERTEX_POINT('',#8610);
#2857=VERTEX_POINT('',#8612);
#2858=VERTEX_POINT('',#8615);
#2859=VERTEX_POINT('',#8616);
#2860=VERTEX_POINT('',#8618);
#2861=VERTEX_POINT('',#8620);
#2862=VERTEX_POINT('',#8623);
#2863=VERTEX_POINT('',#8624);
#2864=VERTEX_POINT('',#8626);
#2865=VERTEX_POINT('',#8628);
#2866=VERTEX_POINT('',#8631);
#2867=VERTEX_POINT('',#8632);
#2868=VERTEX_POINT('',#8634);
#2869=VERTEX_POINT('',#8636);
#2870=VERTEX_POINT('',#8639);
#2871=VERTEX_POINT('',#8640);
#2872=VERTEX_POINT('',#8642);
#2873=VERTEX_POINT('',#8644);
#2874=VERTEX_POINT('',#8647);
#2875=VERTEX_POINT('',#8648);
#2876=VERTEX_POINT('',#8650);
#2877=VERTEX_POINT('',#8652);
#2878=VERTEX_POINT('',#8656);
#2879=VERTEX_POINT('',#8658);
#2880=VERTEX_POINT('',#8661);
#2881=VERTEX_POINT('',#8663);
#2882=VERTEX_POINT('',#8669);
#2883=VERTEX_POINT('',#8673);
#2884=VERTEX_POINT('',#8675);
#2885=VERTEX_POINT('',#8679);
#2886=VERTEX_POINT('',#8682);
#2887=VERTEX_POINT('',#8684);
#2888=EDGE_CURVE('',#2340,#2341,#704,.T.);
#2889=EDGE_CURVE('',#2342,#2340,#705,.T.);
#2890=EDGE_CURVE('',#2342,#2343,#706,.T.);
#2891=EDGE_CURVE('',#2343,#2344,#707,.T.);
#2892=EDGE_CURVE('',#2344,#2345,#708,.T.);
#2893=EDGE_CURVE('',#2345,#2346,#709,.T.);
#2894=EDGE_CURVE('',#2346,#2347,#710,.T.);
#2895=EDGE_CURVE('',#2347,#2348,#711,.T.);
#2896=EDGE_CURVE('',#2348,#2349,#712,.T.);
#2897=EDGE_CURVE('',#2349,#2350,#713,.T.);
#2898=EDGE_CURVE('',#2350,#2351,#714,.T.);
#2899=EDGE_CURVE('',#2351,#2352,#715,.T.);
#2900=EDGE_CURVE('',#2352,#2353,#716,.T.);
#2901=EDGE_CURVE('',#2353,#2354,#717,.T.);
#2902=EDGE_CURVE('',#2354,#2355,#718,.T.);
#2903=EDGE_CURVE('',#2355,#2356,#719,.T.);
#2904=EDGE_CURVE('',#2356,#2357,#720,.T.);
#2905=EDGE_CURVE('',#2357,#2358,#721,.T.);
#2906=EDGE_CURVE('',#2358,#2359,#722,.T.);
#2907=EDGE_CURVE('',#2359,#2360,#723,.T.);
#2908=EDGE_CURVE('',#2360,#2361,#724,.T.);
#2909=EDGE_CURVE('',#2361,#2362,#725,.T.);
#2910=EDGE_CURVE('',#2362,#2363,#726,.T.);
#2911=EDGE_CURVE('',#2363,#2364,#727,.T.);
#2912=EDGE_CURVE('',#2364,#2365,#728,.T.);
#2913=EDGE_CURVE('',#2365,#2366,#729,.T.);
#2914=EDGE_CURVE('',#2366,#2367,#730,.T.);
#2915=EDGE_CURVE('',#2367,#2368,#731,.T.);
#2916=EDGE_CURVE('',#2368,#2369,#732,.T.);
#2917=EDGE_CURVE('',#2369,#2370,#733,.T.);
#2918=EDGE_CURVE('',#2370,#2371,#734,.T.);
#2919=EDGE_CURVE('',#2371,#2372,#735,.T.);
#2920=EDGE_CURVE('',#2372,#2373,#736,.T.);
#2921=EDGE_CURVE('',#2373,#2374,#737,.T.);
#2922=EDGE_CURVE('',#2374,#2375,#738,.T.);
#2923=EDGE_CURVE('',#2375,#2376,#739,.T.);
#2924=EDGE_CURVE('',#2376,#2377,#740,.T.);
#2925=EDGE_CURVE('',#2377,#2378,#741,.T.);
#2926=EDGE_CURVE('',#2378,#2379,#742,.T.);
#2927=EDGE_CURVE('',#2379,#2380,#743,.T.);
#2928=EDGE_CURVE('',#2380,#2381,#744,.T.);
#2929=EDGE_CURVE('',#2381,#2382,#745,.T.);
#2930=EDGE_CURVE('',#2382,#2383,#746,.T.);
#2931=EDGE_CURVE('',#2383,#2384,#747,.T.);
#2932=EDGE_CURVE('',#2384,#2385,#748,.T.);
#2933=EDGE_CURVE('',#2385,#2386,#749,.T.);
#2934=EDGE_CURVE('',#2386,#2387,#750,.T.);
#2935=EDGE_CURVE('',#2387,#2388,#751,.T.);
#2936=EDGE_CURVE('',#2388,#2389,#752,.T.);
#2937=EDGE_CURVE('',#2389,#2390,#753,.T.);
#2938=EDGE_CURVE('',#2390,#2391,#754,.T.);
#2939=EDGE_CURVE('',#2391,#2392,#755,.T.);
#2940=EDGE_CURVE('',#2392,#2393,#756,.T.);
#2941=EDGE_CURVE('',#2393,#2394,#757,.T.);
#2942=EDGE_CURVE('',#2394,#2395,#758,.T.);
#2943=EDGE_CURVE('',#2395,#2396,#759,.T.);
#2944=EDGE_CURVE('',#2396,#2397,#760,.T.);
#2945=EDGE_CURVE('',#2397,#2398,#761,.T.);
#2946=EDGE_CURVE('',#2398,#2399,#762,.T.);
#2947=EDGE_CURVE('',#2399,#2400,#763,.T.);
#2948=EDGE_CURVE('',#2400,#2401,#764,.T.);
#2949=EDGE_CURVE('',#2401,#2402,#765,.T.);
#2950=EDGE_CURVE('',#2402,#2403,#766,.T.);
#2951=EDGE_CURVE('',#2403,#2404,#767,.T.);
#2952=EDGE_CURVE('',#2404,#2405,#768,.T.);
#2953=EDGE_CURVE('',#2405,#2406,#769,.T.);
#2954=EDGE_CURVE('',#2406,#2407,#770,.T.);
#2955=EDGE_CURVE('',#2407,#2408,#771,.T.);
#2956=EDGE_CURVE('',#2408,#2409,#772,.T.);
#2957=EDGE_CURVE('',#2409,#2410,#773,.T.);
#2958=EDGE_CURVE('',#2410,#2411,#774,.T.);
#2959=EDGE_CURVE('',#2411,#2412,#775,.T.);
#2960=EDGE_CURVE('',#2412,#2413,#776,.T.);
#2961=EDGE_CURVE('',#2413,#2414,#777,.T.);
#2962=EDGE_CURVE('',#2414,#2415,#778,.T.);
#2963=EDGE_CURVE('',#2415,#2416,#779,.T.);
#2964=EDGE_CURVE('',#2416,#2417,#780,.T.);
#2965=EDGE_CURVE('',#2417,#2418,#781,.T.);
#2966=EDGE_CURVE('',#2418,#2419,#782,.T.);
#2967=EDGE_CURVE('',#2419,#2420,#783,.T.);
#2968=EDGE_CURVE('',#2420,#2421,#784,.T.);
#2969=EDGE_CURVE('',#2421,#2422,#785,.T.);
#2970=EDGE_CURVE('',#2422,#2423,#786,.T.);
#2971=EDGE_CURVE('',#2423,#2424,#787,.T.);
#2972=EDGE_CURVE('',#2424,#2425,#788,.T.);
#2973=EDGE_CURVE('',#2425,#2426,#789,.T.);
#2974=EDGE_CURVE('',#2426,#2427,#790,.T.);
#2975=EDGE_CURVE('',#2427,#2428,#791,.T.);
#2976=EDGE_CURVE('',#2428,#2429,#792,.T.);
#2977=EDGE_CURVE('',#2429,#2430,#793,.T.);
#2978=EDGE_CURVE('',#2430,#2431,#794,.T.);
#2979=EDGE_CURVE('',#2431,#2432,#795,.T.);
#2980=EDGE_CURVE('',#2432,#2433,#796,.T.);
#2981=EDGE_CURVE('',#2433,#2434,#797,.T.);
#2982=EDGE_CURVE('',#2434,#2435,#798,.T.);
#2983=EDGE_CURVE('',#2435,#2436,#799,.T.);
#2984=EDGE_CURVE('',#2436,#2437,#800,.T.);
#2985=EDGE_CURVE('',#2437,#2438,#801,.T.);
#2986=EDGE_CURVE('',#2438,#2439,#802,.T.);
#2987=EDGE_CURVE('',#2439,#2440,#803,.T.);
#2988=EDGE_CURVE('',#2440,#2441,#804,.T.);
#2989=EDGE_CURVE('',#2441,#2442,#805,.T.);
#2990=EDGE_CURVE('',#2442,#2443,#806,.T.);
#2991=EDGE_CURVE('',#2443,#2444,#807,.T.);
#2992=EDGE_CURVE('',#2444,#2445,#808,.T.);
#2993=EDGE_CURVE('',#2445,#2446,#809,.T.);
#2994=EDGE_CURVE('',#2446,#2447,#810,.T.);
#2995=EDGE_CURVE('',#2447,#2448,#811,.T.);
#2996=EDGE_CURVE('',#2448,#2449,#812,.T.);
#2997=EDGE_CURVE('',#2449,#2450,#813,.T.);
#2998=EDGE_CURVE('',#2450,#2451,#814,.T.);
#2999=EDGE_CURVE('',#2451,#2452,#815,.T.);
#3000=EDGE_CURVE('',#2452,#2453,#816,.T.);
#3001=EDGE_CURVE('',#2453,#2454,#817,.T.);
#3002=EDGE_CURVE('',#2454,#2455,#818,.T.);
#3003=EDGE_CURVE('',#2455,#2456,#819,.T.);
#3004=EDGE_CURVE('',#2456,#2457,#820,.T.);
#3005=EDGE_CURVE('',#2457,#2458,#821,.T.);
#3006=EDGE_CURVE('',#2458,#2459,#822,.T.);
#3007=EDGE_CURVE('',#2459,#2460,#823,.T.);
#3008=EDGE_CURVE('',#2460,#2461,#824,.T.);
#3009=EDGE_CURVE('',#2461,#2462,#825,.T.);
#3010=EDGE_CURVE('',#2462,#2463,#826,.T.);
#3011=EDGE_CURVE('',#2463,#2464,#827,.T.);
#3012=EDGE_CURVE('',#2464,#2465,#828,.T.);
#3013=EDGE_CURVE('',#2465,#2466,#829,.T.);
#3014=EDGE_CURVE('',#2466,#2467,#830,.T.);
#3015=EDGE_CURVE('',#2467,#2468,#831,.T.);
#3016=EDGE_CURVE('',#2468,#2469,#832,.T.);
#3017=EDGE_CURVE('',#2469,#2470,#833,.T.);
#3018=EDGE_CURVE('',#2470,#2471,#834,.T.);
#3019=EDGE_CURVE('',#2471,#2472,#835,.T.);
#3020=EDGE_CURVE('',#2472,#2473,#836,.T.);
#3021=EDGE_CURVE('',#2474,#2473,#837,.T.);
#3022=EDGE_CURVE('',#2475,#2474,#838,.T.);
#3023=EDGE_CURVE('',#2341,#2475,#839,.T.);
#3024=EDGE_CURVE('',#2476,#2477,#840,.T.);
#3025=EDGE_CURVE('',#2477,#2478,#841,.T.);
#3026=EDGE_CURVE('',#2478,#2479,#842,.T.);
#3027=EDGE_CURVE('',#2479,#2476,#843,.T.);
#3028=EDGE_CURVE('',#2480,#2481,#844,.T.);
#3029=EDGE_CURVE('',#2481,#2482,#845,.T.);
#3030=EDGE_CURVE('',#2482,#2483,#846,.T.);
#3031=EDGE_CURVE('',#2483,#2480,#847,.T.);
#3032=EDGE_CURVE('',#2484,#2485,#848,.T.);
#3033=EDGE_CURVE('',#2485,#2486,#849,.T.);
#3034=EDGE_CURVE('',#2486,#2487,#850,.T.);
#3035=EDGE_CURVE('',#2487,#2484,#851,.T.);
#3036=EDGE_CURVE('',#2488,#2489,#852,.T.);
#3037=EDGE_CURVE('',#2489,#2490,#853,.T.);
#3038=EDGE_CURVE('',#2490,#2491,#854,.T.);
#3039=EDGE_CURVE('',#2491,#2488,#855,.T.);
#3040=EDGE_CURVE('',#2492,#2493,#856,.T.);
#3041=EDGE_CURVE('',#2493,#2494,#857,.T.);
#3042=EDGE_CURVE('',#2494,#2495,#858,.T.);
#3043=EDGE_CURVE('',#2495,#2492,#859,.T.);
#3044=EDGE_CURVE('',#2496,#2497,#860,.T.);
#3045=EDGE_CURVE('',#2497,#2498,#861,.T.);
#3046=EDGE_CURVE('',#2498,#2499,#862,.T.);
#3047=EDGE_CURVE('',#2499,#2496,#863,.T.);
#3048=EDGE_CURVE('',#2500,#2501,#864,.T.);
#3049=EDGE_CURVE('',#2501,#2502,#865,.T.);
#3050=EDGE_CURVE('',#2502,#2503,#866,.T.);
#3051=EDGE_CURVE('',#2503,#2500,#867,.T.);
#3052=EDGE_CURVE('',#2504,#2505,#868,.T.);
#3053=EDGE_CURVE('',#2505,#2506,#869,.T.);
#3054=EDGE_CURVE('',#2506,#2507,#870,.T.);
#3055=EDGE_CURVE('',#2507,#2504,#871,.T.);
#3056=EDGE_CURVE('',#2508,#2509,#872,.T.);
#3057=EDGE_CURVE('',#2509,#2510,#873,.T.);
#3058=EDGE_CURVE('',#2510,#2511,#874,.T.);
#3059=EDGE_CURVE('',#2511,#2508,#875,.T.);
#3060=EDGE_CURVE('',#2512,#2513,#876,.T.);
#3061=EDGE_CURVE('',#2513,#2514,#877,.T.);
#3062=EDGE_CURVE('',#2514,#2515,#878,.T.);
#3063=EDGE_CURVE('',#2515,#2512,#879,.T.);
#3064=EDGE_CURVE('',#2516,#2517,#880,.T.);
#3065=EDGE_CURVE('',#2517,#2518,#881,.T.);
#3066=EDGE_CURVE('',#2518,#2519,#882,.T.);
#3067=EDGE_CURVE('',#2519,#2516,#883,.T.);
#3068=EDGE_CURVE('',#2520,#2521,#884,.T.);
#3069=EDGE_CURVE('',#2521,#2522,#885,.T.);
#3070=EDGE_CURVE('',#2522,#2523,#886,.T.);
#3071=EDGE_CURVE('',#2523,#2520,#887,.T.);
#3072=EDGE_CURVE('',#2524,#2525,#888,.T.);
#3073=EDGE_CURVE('',#2525,#2526,#889,.T.);
#3074=EDGE_CURVE('',#2526,#2527,#890,.T.);
#3075=EDGE_CURVE('',#2527,#2524,#891,.T.);
#3076=EDGE_CURVE('',#2528,#2529,#892,.T.);
#3077=EDGE_CURVE('',#2529,#2530,#893,.T.);
#3078=EDGE_CURVE('',#2530,#2531,#894,.T.);
#3079=EDGE_CURVE('',#2531,#2528,#895,.T.);
#3080=EDGE_CURVE('',#2532,#2533,#896,.T.);
#3081=EDGE_CURVE('',#2533,#2534,#897,.T.);
#3082=EDGE_CURVE('',#2534,#2535,#898,.T.);
#3083=EDGE_CURVE('',#2535,#2532,#899,.T.);
#3084=EDGE_CURVE('',#2536,#2537,#900,.T.);
#3085=EDGE_CURVE('',#2537,#2538,#901,.T.);
#3086=EDGE_CURVE('',#2538,#2539,#902,.T.);
#3087=EDGE_CURVE('',#2539,#2536,#903,.T.);
#3088=EDGE_CURVE('',#2540,#2541,#904,.T.);
#3089=EDGE_CURVE('',#2541,#2542,#905,.T.);
#3090=EDGE_CURVE('',#2542,#2543,#906,.T.);
#3091=EDGE_CURVE('',#2543,#2540,#907,.T.);
#3092=EDGE_CURVE('',#2544,#2545,#908,.T.);
#3093=EDGE_CURVE('',#2545,#2546,#909,.T.);
#3094=EDGE_CURVE('',#2546,#2547,#910,.T.);
#3095=EDGE_CURVE('',#2547,#2544,#911,.T.);
#3096=EDGE_CURVE('',#2548,#2549,#912,.T.);
#3097=EDGE_CURVE('',#2549,#2550,#913,.T.);
#3098=EDGE_CURVE('',#2550,#2551,#914,.T.);
#3099=EDGE_CURVE('',#2551,#2548,#915,.T.);
#3100=EDGE_CURVE('',#2552,#2553,#916,.T.);
#3101=EDGE_CURVE('',#2553,#2554,#917,.T.);
#3102=EDGE_CURVE('',#2554,#2555,#918,.T.);
#3103=EDGE_CURVE('',#2555,#2552,#919,.T.);
#3104=EDGE_CURVE('',#2556,#2557,#920,.T.);
#3105=EDGE_CURVE('',#2557,#2558,#921,.T.);
#3106=EDGE_CURVE('',#2558,#2559,#922,.T.);
#3107=EDGE_CURVE('',#2559,#2556,#923,.T.);
#3108=EDGE_CURVE('',#2560,#2561,#924,.T.);
#3109=EDGE_CURVE('',#2561,#2562,#925,.T.);
#3110=EDGE_CURVE('',#2562,#2563,#926,.T.);
#3111=EDGE_CURVE('',#2563,#2560,#927,.T.);
#3112=EDGE_CURVE('',#2564,#2565,#928,.T.);
#3113=EDGE_CURVE('',#2565,#2566,#929,.T.);
#3114=EDGE_CURVE('',#2566,#2567,#930,.T.);
#3115=EDGE_CURVE('',#2567,#2564,#931,.T.);
#3116=EDGE_CURVE('',#2568,#2569,#932,.T.);
#3117=EDGE_CURVE('',#2569,#2570,#933,.T.);
#3118=EDGE_CURVE('',#2570,#2571,#934,.T.);
#3119=EDGE_CURVE('',#2571,#2568,#935,.T.);
#3120=EDGE_CURVE('',#2572,#2573,#936,.T.);
#3121=EDGE_CURVE('',#2573,#2574,#937,.T.);
#3122=EDGE_CURVE('',#2574,#2575,#938,.T.);
#3123=EDGE_CURVE('',#2575,#2572,#939,.T.);
#3124=EDGE_CURVE('',#2576,#2577,#940,.T.);
#3125=EDGE_CURVE('',#2577,#2578,#941,.T.);
#3126=EDGE_CURVE('',#2578,#2579,#942,.T.);
#3127=EDGE_CURVE('',#2579,#2576,#943,.T.);
#3128=EDGE_CURVE('',#2580,#2581,#944,.T.);
#3129=EDGE_CURVE('',#2581,#2582,#945,.T.);
#3130=EDGE_CURVE('',#2582,#2583,#946,.T.);
#3131=EDGE_CURVE('',#2583,#2580,#947,.T.);
#3132=EDGE_CURVE('',#2584,#2585,#948,.T.);
#3133=EDGE_CURVE('',#2585,#2586,#949,.T.);
#3134=EDGE_CURVE('',#2586,#2587,#950,.T.);
#3135=EDGE_CURVE('',#2587,#2584,#951,.T.);
#3136=EDGE_CURVE('',#2588,#2589,#952,.T.);
#3137=EDGE_CURVE('',#2589,#2590,#953,.T.);
#3138=EDGE_CURVE('',#2590,#2591,#954,.T.);
#3139=EDGE_CURVE('',#2591,#2588,#955,.T.);
#3140=EDGE_CURVE('',#2592,#2593,#956,.T.);
#3141=EDGE_CURVE('',#2593,#2594,#957,.T.);
#3142=EDGE_CURVE('',#2594,#2595,#958,.T.);
#3143=EDGE_CURVE('',#2595,#2592,#959,.T.);
#3144=EDGE_CURVE('',#2596,#2597,#960,.T.);
#3145=EDGE_CURVE('',#2597,#2598,#961,.T.);
#3146=EDGE_CURVE('',#2598,#2599,#962,.T.);
#3147=EDGE_CURVE('',#2599,#2596,#963,.T.);
#3148=EDGE_CURVE('',#2600,#2601,#964,.T.);
#3149=EDGE_CURVE('',#2601,#2602,#965,.T.);
#3150=EDGE_CURVE('',#2602,#2603,#966,.T.);
#3151=EDGE_CURVE('',#2603,#2600,#967,.T.);
#3152=EDGE_CURVE('',#2604,#2605,#968,.T.);
#3153=EDGE_CURVE('',#2605,#2606,#969,.T.);
#3154=EDGE_CURVE('',#2606,#2607,#970,.T.);
#3155=EDGE_CURVE('',#2607,#2604,#971,.T.);
#3156=EDGE_CURVE('',#2608,#2609,#972,.T.);
#3157=EDGE_CURVE('',#2608,#2340,#973,.T.);
#3158=EDGE_CURVE('',#2341,#2609,#974,.T.);
#3159=EDGE_CURVE('',#2610,#2611,#975,.T.);
#3160=EDGE_CURVE('',#2611,#2612,#976,.T.);
#3161=EDGE_CURVE('',#2613,#2612,#977,.T.);
#3162=EDGE_CURVE('',#2613,#2610,#978,.T.);
#3163=EDGE_CURVE('',#2614,#2615,#979,.T.);
#3164=EDGE_CURVE('',#2615,#2616,#980,.T.);
#3165=EDGE_CURVE('',#2616,#2617,#981,.T.);
#3166=EDGE_CURVE('',#2617,#2618,#982,.T.);
#3167=EDGE_CURVE('',#2618,#2619,#983,.T.);
#3168=EDGE_CURVE('',#2619,#2620,#984,.T.);
#3169=EDGE_CURVE('',#2620,#2621,#985,.T.);
#3170=EDGE_CURVE('',#2621,#2622,#986,.T.);
#3171=EDGE_CURVE('',#2622,#2623,#987,.T.);
#3172=EDGE_CURVE('',#2623,#2624,#988,.T.);
#3173=EDGE_CURVE('',#2624,#2625,#989,.T.);
#3174=EDGE_CURVE('',#2625,#2626,#990,.T.);
#3175=EDGE_CURVE('',#2626,#2627,#991,.T.);
#3176=EDGE_CURVE('',#2627,#2628,#992,.T.);
#3177=EDGE_CURVE('',#2628,#2629,#993,.T.);
#3178=EDGE_CURVE('',#2629,#2630,#994,.T.);
#3179=EDGE_CURVE('',#2630,#2631,#995,.T.);
#3180=EDGE_CURVE('',#2631,#2632,#996,.T.);
#3181=EDGE_CURVE('',#2632,#2633,#997,.T.);
#3182=EDGE_CURVE('',#2633,#2634,#998,.T.);
#3183=EDGE_CURVE('',#2634,#2635,#999,.T.);
#3184=EDGE_CURVE('',#2635,#2636,#1000,.T.);
#3185=EDGE_CURVE('',#2636,#2637,#1001,.T.);
#3186=EDGE_CURVE('',#2637,#2638,#1002,.T.);
#3187=EDGE_CURVE('',#2638,#2639,#1003,.T.);
#3188=EDGE_CURVE('',#2639,#2640,#1004,.T.);
#3189=EDGE_CURVE('',#2640,#2641,#1005,.T.);
#3190=EDGE_CURVE('',#2641,#2642,#1006,.T.);
#3191=EDGE_CURVE('',#2642,#2643,#1007,.T.);
#3192=EDGE_CURVE('',#2643,#2644,#1008,.T.);
#3193=EDGE_CURVE('',#2644,#2645,#1009,.T.);
#3194=EDGE_CURVE('',#2645,#2646,#1010,.T.);
#3195=EDGE_CURVE('',#2646,#2647,#1011,.T.);
#3196=EDGE_CURVE('',#2647,#2648,#1012,.T.);
#3197=EDGE_CURVE('',#2648,#2649,#1013,.T.);
#3198=EDGE_CURVE('',#2649,#2650,#1014,.T.);
#3199=EDGE_CURVE('',#2650,#2651,#1015,.T.);
#3200=EDGE_CURVE('',#2651,#2652,#1016,.T.);
#3201=EDGE_CURVE('',#2652,#2653,#1017,.T.);
#3202=EDGE_CURVE('',#2653,#2654,#1018,.T.);
#3203=EDGE_CURVE('',#2654,#2655,#1019,.T.);
#3204=EDGE_CURVE('',#2655,#2656,#1020,.T.);
#3205=EDGE_CURVE('',#2656,#2657,#1021,.T.);
#3206=EDGE_CURVE('',#2657,#2658,#1022,.T.);
#3207=EDGE_CURVE('',#2658,#2659,#1023,.T.);
#3208=EDGE_CURVE('',#2659,#2660,#1024,.T.);
#3209=EDGE_CURVE('',#2660,#2661,#1025,.T.);
#3210=EDGE_CURVE('',#2661,#2662,#1026,.T.);
#3211=EDGE_CURVE('',#2662,#2663,#1027,.T.);
#3212=EDGE_CURVE('',#2663,#2664,#1028,.T.);
#3213=EDGE_CURVE('',#2664,#2665,#1029,.T.);
#3214=EDGE_CURVE('',#2665,#2666,#1030,.T.);
#3215=EDGE_CURVE('',#2666,#2667,#1031,.T.);
#3216=EDGE_CURVE('',#2667,#2668,#1032,.T.);
#3217=EDGE_CURVE('',#2668,#2669,#1033,.T.);
#3218=EDGE_CURVE('',#2669,#2670,#1034,.T.);
#3219=EDGE_CURVE('',#2670,#2671,#1035,.T.);
#3220=EDGE_CURVE('',#2671,#2672,#1036,.T.);
#3221=EDGE_CURVE('',#2672,#2673,#1037,.T.);
#3222=EDGE_CURVE('',#2673,#2674,#1038,.T.);
#3223=EDGE_CURVE('',#2674,#2675,#1039,.T.);
#3224=EDGE_CURVE('',#2675,#2676,#1040,.T.);
#3225=EDGE_CURVE('',#2676,#2677,#1041,.T.);
#3226=EDGE_CURVE('',#2677,#2678,#1042,.T.);
#3227=EDGE_CURVE('',#2678,#2679,#1043,.T.);
#3228=EDGE_CURVE('',#2679,#2680,#1044,.T.);
#3229=EDGE_CURVE('',#2681,#2680,#1045,.T.);
#3230=EDGE_CURVE('',#2681,#2682,#1046,.T.);
#3231=EDGE_CURVE('',#2682,#2683,#1047,.T.);
#3232=EDGE_CURVE('',#2683,#2684,#1048,.T.);
#3233=EDGE_CURVE('',#2685,#2684,#1049,.T.);
#3234=EDGE_CURVE('',#2686,#2685,#1050,.T.);
#3235=EDGE_CURVE('',#2686,#2687,#1051,.T.);
#3236=EDGE_CURVE('',#2687,#2688,#1052,.T.);
#3237=EDGE_CURVE('',#2688,#2689,#1053,.T.);
#3238=EDGE_CURVE('',#2690,#2689,#1054,.T.);
#3239=EDGE_CURVE('',#2690,#2691,#1055,.T.);
#3240=EDGE_CURVE('',#2691,#2692,#1056,.T.);
#3241=EDGE_CURVE('',#2692,#2693,#1057,.T.);
#3242=EDGE_CURVE('',#2693,#2694,#1058,.T.);
#3243=EDGE_CURVE('',#2694,#2695,#1059,.T.);
#3244=EDGE_CURVE('',#2695,#2696,#1060,.T.);
#3245=EDGE_CURVE('',#2696,#2697,#1061,.T.);
#3246=EDGE_CURVE('',#2697,#2698,#1062,.T.);
#3247=EDGE_CURVE('',#2698,#2699,#1063,.T.);
#3248=EDGE_CURVE('',#2699,#2700,#1064,.T.);
#3249=EDGE_CURVE('',#2700,#2701,#1065,.T.);
#3250=EDGE_CURVE('',#2701,#2702,#1066,.T.);
#3251=EDGE_CURVE('',#2702,#2703,#1067,.T.);
#3252=EDGE_CURVE('',#2703,#2704,#1068,.T.);
#3253=EDGE_CURVE('',#2704,#2705,#1069,.T.);
#3254=EDGE_CURVE('',#2705,#2706,#1070,.T.);
#3255=EDGE_CURVE('',#2706,#2707,#1071,.T.);
#3256=EDGE_CURVE('',#2707,#2708,#1072,.T.);
#3257=EDGE_CURVE('',#2708,#2709,#1073,.T.);
#3258=EDGE_CURVE('',#2709,#2710,#1074,.T.);
#3259=EDGE_CURVE('',#2710,#2711,#1075,.T.);
#3260=EDGE_CURVE('',#2711,#2712,#1076,.T.);
#3261=EDGE_CURVE('',#2712,#2713,#1077,.T.);
#3262=EDGE_CURVE('',#2713,#2714,#1078,.T.);
#3263=EDGE_CURVE('',#2714,#2715,#1079,.T.);
#3264=EDGE_CURVE('',#2715,#2716,#1080,.T.);
#3265=EDGE_CURVE('',#2716,#2717,#1081,.T.);
#3266=EDGE_CURVE('',#2717,#2718,#1082,.T.);
#3267=EDGE_CURVE('',#2718,#2719,#1083,.T.);
#3268=EDGE_CURVE('',#2719,#2720,#1084,.T.);
#3269=EDGE_CURVE('',#2720,#2721,#1085,.T.);
#3270=EDGE_CURVE('',#2721,#2722,#1086,.T.);
#3271=EDGE_CURVE('',#2722,#2723,#1087,.T.);
#3272=EDGE_CURVE('',#2723,#2724,#1088,.T.);
#3273=EDGE_CURVE('',#2724,#2725,#1089,.T.);
#3274=EDGE_CURVE('',#2725,#2726,#1090,.T.);
#3275=EDGE_CURVE('',#2726,#2727,#1091,.T.);
#3276=EDGE_CURVE('',#2727,#2728,#1092,.T.);
#3277=EDGE_CURVE('',#2728,#2729,#1093,.T.);
#3278=EDGE_CURVE('',#2729,#2730,#1094,.T.);
#3279=EDGE_CURVE('',#2730,#2731,#1095,.T.);
#3280=EDGE_CURVE('',#2731,#2732,#1096,.T.);
#3281=EDGE_CURVE('',#2732,#2733,#1097,.T.);
#3282=EDGE_CURVE('',#2733,#2734,#1098,.T.);
#3283=EDGE_CURVE('',#2734,#2735,#1099,.T.);
#3284=EDGE_CURVE('',#2735,#2736,#1100,.T.);
#3285=EDGE_CURVE('',#2736,#2737,#1101,.T.);
#3286=EDGE_CURVE('',#2737,#2738,#1102,.T.);
#3287=EDGE_CURVE('',#2738,#2739,#1103,.T.);
#3288=EDGE_CURVE('',#2739,#2740,#1104,.T.);
#3289=EDGE_CURVE('',#2740,#2741,#1105,.T.);
#3290=EDGE_CURVE('',#2741,#2742,#1106,.T.);
#3291=EDGE_CURVE('',#2742,#2743,#1107,.T.);
#3292=EDGE_CURVE('',#2743,#2744,#1108,.T.);
#3293=EDGE_CURVE('',#2744,#2745,#1109,.T.);
#3294=EDGE_CURVE('',#2745,#2746,#1110,.T.);
#3295=EDGE_CURVE('',#2746,#2747,#1111,.T.);
#3296=EDGE_CURVE('',#2747,#2748,#1112,.T.);
#3297=EDGE_CURVE('',#2748,#2749,#1113,.T.);
#3298=EDGE_CURVE('',#2749,#2614,#1114,.T.);
#3299=EDGE_CURVE('',#2750,#2751,#1115,.T.);
#3300=EDGE_CURVE('',#2751,#2752,#1116,.T.);
#3301=EDGE_CURVE('',#2752,#2753,#1117,.T.);
#3302=EDGE_CURVE('',#2753,#2750,#1118,.T.);
#3303=EDGE_CURVE('',#2754,#2755,#1119,.T.);
#3304=EDGE_CURVE('',#2755,#2756,#1120,.T.);
#3305=EDGE_CURVE('',#2756,#2757,#1121,.T.);
#3306=EDGE_CURVE('',#2757,#2754,#1122,.T.);
#3307=EDGE_CURVE('',#2758,#2759,#1123,.T.);
#3308=EDGE_CURVE('',#2759,#2760,#1124,.T.);
#3309=EDGE_CURVE('',#2760,#2761,#1125,.T.);
#3310=EDGE_CURVE('',#2761,#2758,#1126,.T.);
#3311=EDGE_CURVE('',#2762,#2763,#1127,.T.);
#3312=EDGE_CURVE('',#2763,#2764,#1128,.T.);
#3313=EDGE_CURVE('',#2764,#2765,#1129,.T.);
#3314=EDGE_CURVE('',#2765,#2762,#1130,.T.);
#3315=EDGE_CURVE('',#2766,#2767,#1131,.T.);
#3316=EDGE_CURVE('',#2767,#2768,#1132,.T.);
#3317=EDGE_CURVE('',#2768,#2769,#1133,.T.);
#3318=EDGE_CURVE('',#2769,#2766,#1134,.T.);
#3319=EDGE_CURVE('',#2770,#2771,#1135,.T.);
#3320=EDGE_CURVE('',#2771,#2772,#1136,.T.);
#3321=EDGE_CURVE('',#2772,#2773,#1137,.T.);
#3322=EDGE_CURVE('',#2773,#2770,#1138,.T.);
#3323=EDGE_CURVE('',#2774,#2775,#1139,.T.);
#3324=EDGE_CURVE('',#2775,#2776,#1140,.T.);
#3325=EDGE_CURVE('',#2776,#2777,#1141,.T.);
#3326=EDGE_CURVE('',#2777,#2774,#1142,.T.);
#3327=EDGE_CURVE('',#2778,#2779,#1143,.T.);
#3328=EDGE_CURVE('',#2779,#2780,#1144,.T.);
#3329=EDGE_CURVE('',#2780,#2781,#1145,.T.);
#3330=EDGE_CURVE('',#2781,#2778,#1146,.T.);
#3331=EDGE_CURVE('',#2782,#2783,#1147,.T.);
#3332=EDGE_CURVE('',#2783,#2784,#1148,.T.);
#3333=EDGE_CURVE('',#2784,#2785,#1149,.T.);
#3334=EDGE_CURVE('',#2785,#2782,#1150,.T.);
#3335=EDGE_CURVE('',#2786,#2787,#1151,.T.);
#3336=EDGE_CURVE('',#2787,#2788,#1152,.T.);
#3337=EDGE_CURVE('',#2788,#2789,#1153,.T.);
#3338=EDGE_CURVE('',#2789,#2786,#1154,.T.);
#3339=EDGE_CURVE('',#2790,#2791,#1155,.T.);
#3340=EDGE_CURVE('',#2791,#2792,#1156,.T.);
#3341=EDGE_CURVE('',#2792,#2793,#1157,.T.);
#3342=EDGE_CURVE('',#2793,#2790,#1158,.T.);
#3343=EDGE_CURVE('',#2794,#2795,#1159,.T.);
#3344=EDGE_CURVE('',#2795,#2796,#1160,.T.);
#3345=EDGE_CURVE('',#2796,#2797,#1161,.T.);
#3346=EDGE_CURVE('',#2797,#2794,#1162,.T.);
#3347=EDGE_CURVE('',#2798,#2799,#1163,.T.);
#3348=EDGE_CURVE('',#2799,#2800,#1164,.T.);
#3349=EDGE_CURVE('',#2800,#2801,#1165,.T.);
#3350=EDGE_CURVE('',#2801,#2798,#1166,.T.);
#3351=EDGE_CURVE('',#2802,#2803,#1167,.T.);
#3352=EDGE_CURVE('',#2803,#2804,#1168,.T.);
#3353=EDGE_CURVE('',#2804,#2805,#1169,.T.);
#3354=EDGE_CURVE('',#2805,#2802,#1170,.T.);
#3355=EDGE_CURVE('',#2806,#2807,#1171,.T.);
#3356=EDGE_CURVE('',#2807,#2808,#1172,.T.);
#3357=EDGE_CURVE('',#2808,#2809,#1173,.T.);
#3358=EDGE_CURVE('',#2809,#2806,#1174,.T.);
#3359=EDGE_CURVE('',#2810,#2811,#1175,.T.);
#3360=EDGE_CURVE('',#2811,#2812,#1176,.T.);
#3361=EDGE_CURVE('',#2812,#2813,#1177,.T.);
#3362=EDGE_CURVE('',#2813,#2810,#1178,.T.);
#3363=EDGE_CURVE('',#2814,#2815,#1179,.T.);
#3364=EDGE_CURVE('',#2815,#2816,#1180,.T.);
#3365=EDGE_CURVE('',#2816,#2817,#1181,.T.);
#3366=EDGE_CURVE('',#2817,#2814,#1182,.T.);
#3367=EDGE_CURVE('',#2818,#2819,#1183,.T.);
#3368=EDGE_CURVE('',#2819,#2820,#1184,.T.);
#3369=EDGE_CURVE('',#2820,#2821,#1185,.T.);
#3370=EDGE_CURVE('',#2821,#2818,#1186,.T.);
#3371=EDGE_CURVE('',#2822,#2823,#1187,.T.);
#3372=EDGE_CURVE('',#2823,#2824,#1188,.T.);
#3373=EDGE_CURVE('',#2824,#2825,#1189,.T.);
#3374=EDGE_CURVE('',#2825,#2822,#1190,.T.);
#3375=EDGE_CURVE('',#2826,#2827,#1191,.T.);
#3376=EDGE_CURVE('',#2827,#2828,#1192,.T.);
#3377=EDGE_CURVE('',#2828,#2829,#1193,.T.);
#3378=EDGE_CURVE('',#2829,#2826,#1194,.T.);
#3379=EDGE_CURVE('',#2830,#2831,#1195,.T.);
#3380=EDGE_CURVE('',#2831,#2832,#1196,.T.);
#3381=EDGE_CURVE('',#2832,#2833,#1197,.T.);
#3382=EDGE_CURVE('',#2833,#2830,#1198,.T.);
#3383=EDGE_CURVE('',#2834,#2835,#1199,.T.);
#3384=EDGE_CURVE('',#2835,#2836,#1200,.T.);
#3385=EDGE_CURVE('',#2836,#2837,#1201,.T.);
#3386=EDGE_CURVE('',#2837,#2834,#1202,.T.);
#3387=EDGE_CURVE('',#2838,#2839,#1203,.T.);
#3388=EDGE_CURVE('',#2839,#2840,#1204,.T.);
#3389=EDGE_CURVE('',#2840,#2841,#1205,.T.);
#3390=EDGE_CURVE('',#2841,#2838,#1206,.T.);
#3391=EDGE_CURVE('',#2842,#2843,#1207,.T.);
#3392=EDGE_CURVE('',#2843,#2844,#1208,.T.);
#3393=EDGE_CURVE('',#2844,#2845,#1209,.T.);
#3394=EDGE_CURVE('',#2845,#2842,#1210,.T.);
#3395=EDGE_CURVE('',#2846,#2847,#1211,.T.);
#3396=EDGE_CURVE('',#2847,#2848,#1212,.T.);
#3397=EDGE_CURVE('',#2848,#2849,#1213,.T.);
#3398=EDGE_CURVE('',#2849,#2846,#1214,.T.);
#3399=EDGE_CURVE('',#2850,#2851,#1215,.T.);
#3400=EDGE_CURVE('',#2851,#2852,#1216,.T.);
#3401=EDGE_CURVE('',#2852,#2853,#1217,.T.);
#3402=EDGE_CURVE('',#2853,#2850,#1218,.T.);
#3403=EDGE_CURVE('',#2854,#2855,#1219,.T.);
#3404=EDGE_CURVE('',#2855,#2856,#1220,.T.);
#3405=EDGE_CURVE('',#2856,#2857,#1221,.T.);
#3406=EDGE_CURVE('',#2857,#2854,#1222,.T.);
#3407=EDGE_CURVE('',#2858,#2859,#1223,.T.);
#3408=EDGE_CURVE('',#2859,#2860,#1224,.T.);
#3409=EDGE_CURVE('',#2860,#2861,#1225,.T.);
#3410=EDGE_CURVE('',#2861,#2858,#1226,.T.);
#3411=EDGE_CURVE('',#2862,#2863,#1227,.T.);
#3412=EDGE_CURVE('',#2863,#2864,#1228,.T.);
#3413=EDGE_CURVE('',#2864,#2865,#1229,.T.);
#3414=EDGE_CURVE('',#2865,#2862,#1230,.T.);
#3415=EDGE_CURVE('',#2866,#2867,#1231,.T.);
#3416=EDGE_CURVE('',#2867,#2868,#1232,.T.);
#3417=EDGE_CURVE('',#2868,#2869,#1233,.T.);
#3418=EDGE_CURVE('',#2869,#2866,#1234,.T.);
#3419=EDGE_CURVE('',#2870,#2871,#1235,.T.);
#3420=EDGE_CURVE('',#2871,#2872,#1236,.T.);
#3421=EDGE_CURVE('',#2872,#2873,#1237,.T.);
#3422=EDGE_CURVE('',#2873,#2870,#1238,.T.);
#3423=EDGE_CURVE('',#2874,#2875,#1239,.T.);
#3424=EDGE_CURVE('',#2875,#2876,#1240,.T.);
#3425=EDGE_CURVE('',#2876,#2877,#1241,.T.);
#3426=EDGE_CURVE('',#2877,#2874,#1242,.T.);
#3427=EDGE_CURVE('',#2878,#2684,#15,.F.);
#3428=EDGE_CURVE('',#2879,#2878,#1243,.F.);
#3429=EDGE_CURVE('',#2681,#2879,#16,.F.);
#3430=EDGE_CURVE('',#2680,#2880,#17,.T.);
#3431=EDGE_CURVE('',#2880,#2881,#1244,.T.);
#3432=EDGE_CURVE('',#2881,#2685,#18,.T.);
#3433=EDGE_CURVE('',#2881,#2473,#1245,.T.);
#3434=EDGE_CURVE('',#2342,#2880,#1246,.T.);
#3435=EDGE_CURVE('',#2882,#2608,#1247,.T.);
#3436=EDGE_CURVE('',#2474,#2882,#1248,.T.);
#3437=EDGE_CURVE('',#2883,#2611,#1249,.T.);
#3438=EDGE_CURVE('',#2884,#2883,#1250,.T.);
#3439=EDGE_CURVE('',#2612,#2884,#1251,.T.);
#3440=EDGE_CURVE('',#2885,#2882,#1252,.T.);
#3441=EDGE_CURVE('',#2475,#2885,#1253,.T.);
#3442=EDGE_CURVE('',#2886,#2884,#1254,.T.);
#3443=EDGE_CURVE('',#2883,#2887,#1255,.T.);
#3444=EDGE_CURVE('',#2887,#2886,#1256,.T.);
#3445=EDGE_CURVE('',#2887,#2610,#1257,.T.);
#3446=EDGE_CURVE('',#2613,#2886,#1258,.T.);
#3447=EDGE_CURVE('',#2609,#2885,#1259,.T.);
#3448=EDGE_CURVE('',#2688,#2470,#1260,.T.);
#3449=EDGE_CURVE('',#2687,#2471,#1261,.T.);
#3450=EDGE_CURVE('',#2472,#2686,#1262,.T.);
#3451=EDGE_CURVE('',#2689,#2469,#1263,.T.);
#3452=EDGE_CURVE('',#2678,#2344,#1264,.T.);
#3453=EDGE_CURVE('',#2677,#2345,#1265,.T.);
#3454=EDGE_CURVE('',#2346,#2676,#1266,.T.);
#3455=EDGE_CURVE('',#2679,#2343,#1267,.T.);
#3456=EDGE_CURVE('',#2753,#2478,#1268,.T.);
#3457=EDGE_CURVE('',#2752,#2479,#1269,.T.);
#3458=EDGE_CURVE('',#2751,#2476,#1270,.T.);
#3459=EDGE_CURVE('',#2750,#2477,#1271,.T.);
#3460=EDGE_CURVE('',#2757,#2482,#1272,.T.);
#3461=EDGE_CURVE('',#2756,#2483,#1273,.T.);
#3462=EDGE_CURVE('',#2755,#2480,#1274,.T.);
#3463=EDGE_CURVE('',#2754,#2481,#1275,.T.);
#3464=EDGE_CURVE('',#2683,#2486,#1276,.T.);
#3465=EDGE_CURVE('',#2682,#2487,#1277,.T.);
#3466=EDGE_CURVE('',#2879,#2484,#1278,.T.);
#3467=EDGE_CURVE('',#2878,#2485,#1279,.T.);
#3468=EDGE_CURVE('',#2675,#2347,#1280,.T.);
#3469=EDGE_CURVE('',#2634,#2388,#1281,.T.);
#3470=EDGE_CURVE('',#2633,#2389,#1282,.T.);
#3471=EDGE_CURVE('',#2390,#2632,#1283,.T.);
#3472=EDGE_CURVE('',#2635,#2387,#1284,.T.);
#3473=EDGE_CURVE('',#2638,#2384,#1285,.T.);
#3474=EDGE_CURVE('',#2637,#2385,#1286,.T.);
#3475=EDGE_CURVE('',#2386,#2636,#1287,.T.);
#3476=EDGE_CURVE('',#2639,#2383,#1288,.T.);
#3477=EDGE_CURVE('',#2761,#2490,#1289,.T.);
#3478=EDGE_CURVE('',#2760,#2491,#1290,.T.);
#3479=EDGE_CURVE('',#2759,#2488,#1291,.T.);
#3480=EDGE_CURVE('',#2758,#2489,#1292,.T.);
#3481=EDGE_CURVE('',#2765,#2494,#1293,.T.);
#3482=EDGE_CURVE('',#2764,#2495,#1294,.T.);
#3483=EDGE_CURVE('',#2763,#2492,#1295,.T.);
#3484=EDGE_CURVE('',#2762,#2493,#1296,.T.);
#3485=EDGE_CURVE('',#2769,#2498,#1297,.T.);
#3486=EDGE_CURVE('',#2768,#2499,#1298,.T.);
#3487=EDGE_CURVE('',#2767,#2496,#1299,.T.);
#3488=EDGE_CURVE('',#2766,#2497,#1300,.T.);
#3489=EDGE_CURVE('',#2615,#2407,#1301,.T.);
#3490=EDGE_CURVE('',#2408,#2614,#1302,.T.);
#3491=EDGE_CURVE('',#2773,#2502,#1303,.T.);
#3492=EDGE_CURVE('',#2772,#2503,#1304,.T.);
#3493=EDGE_CURVE('',#2771,#2500,#1305,.T.);
#3494=EDGE_CURVE('',#2770,#2501,#1306,.T.);
#3495=EDGE_CURVE('',#2630,#2392,#1307,.T.);
#3496=EDGE_CURVE('',#2629,#2393,#1308,.T.);
#3497=EDGE_CURVE('',#2394,#2628,#1309,.T.);
#3498=EDGE_CURVE('',#2631,#2391,#1310,.T.);
#3499=EDGE_CURVE('',#2735,#2423,#1311,.T.);
#3500=EDGE_CURVE('',#2424,#2734,#1312,.T.);
#3501=EDGE_CURVE('',#2737,#2421,#1313,.T.);
#3502=EDGE_CURVE('',#2736,#2422,#1314,.T.);
#3503=EDGE_CURVE('',#2739,#2419,#1315,.T.);
#3504=EDGE_CURVE('',#2420,#2738,#1316,.T.);
#3505=EDGE_CURVE('',#2741,#2417,#1317,.T.);
#3506=EDGE_CURVE('',#2740,#2418,#1318,.T.);
#3507=EDGE_CURVE('',#2777,#2506,#1319,.T.);
#3508=EDGE_CURVE('',#2776,#2507,#1320,.T.);
#3509=EDGE_CURVE('',#2775,#2504,#1321,.T.);
#3510=EDGE_CURVE('',#2774,#2505,#1322,.T.);
#3511=EDGE_CURVE('',#2781,#2510,#1323,.T.);
#3512=EDGE_CURVE('',#2780,#2511,#1324,.T.);
#3513=EDGE_CURVE('',#2779,#2508,#1325,.T.);
#3514=EDGE_CURVE('',#2778,#2509,#1326,.T.);
#3515=EDGE_CURVE('',#2785,#2514,#1327,.T.);
#3516=EDGE_CURVE('',#2784,#2515,#1328,.T.);
#3517=EDGE_CURVE('',#2783,#2512,#1329,.T.);
#3518=EDGE_CURVE('',#2782,#2513,#1330,.T.);
#3519=EDGE_CURVE('',#2723,#2435,#1331,.T.);
#3520=EDGE_CURVE('',#2436,#2722,#1332,.T.);
#3521=EDGE_CURVE('',#2725,#2433,#1333,.T.);
#3522=EDGE_CURVE('',#2724,#2434,#1334,.T.);
#3523=EDGE_CURVE('',#2789,#2518,#1335,.T.);
#3524=EDGE_CURVE('',#2788,#2519,#1336,.T.);
#3525=EDGE_CURVE('',#2787,#2516,#1337,.T.);
#3526=EDGE_CURVE('',#2786,#2517,#1338,.T.);
#3527=EDGE_CURVE('',#2731,#2427,#1339,.T.);
#3528=EDGE_CURVE('',#2428,#2730,#1340,.T.);
#3529=EDGE_CURVE('',#2733,#2425,#1341,.T.);
#3530=EDGE_CURVE('',#2732,#2426,#1342,.T.);
#3531=EDGE_CURVE('',#2793,#2522,#1343,.T.);
#3532=EDGE_CURVE('',#2792,#2523,#1344,.T.);
#3533=EDGE_CURVE('',#2791,#2520,#1345,.T.);
#3534=EDGE_CURVE('',#2790,#2521,#1346,.T.);
#3535=EDGE_CURVE('',#2797,#2526,#1347,.T.);
#3536=EDGE_CURVE('',#2796,#2527,#1348,.T.);
#3537=EDGE_CURVE('',#2795,#2524,#1349,.T.);
#3538=EDGE_CURVE('',#2794,#2525,#1350,.T.);
#3539=EDGE_CURVE('',#2622,#2400,#1351,.T.);
#3540=EDGE_CURVE('',#2621,#2401,#1352,.T.);
#3541=EDGE_CURVE('',#2402,#2620,#1353,.T.);
#3542=EDGE_CURVE('',#2623,#2399,#1354,.T.);
#3543=EDGE_CURVE('',#2748,#2410,#1355,.T.);
#3544=EDGE_CURVE('',#2747,#2411,#1356,.T.);
#3545=EDGE_CURVE('',#2412,#2746,#1357,.T.);
#3546=EDGE_CURVE('',#2749,#2409,#1358,.T.);
#3547=EDGE_CURVE('',#2801,#2530,#1359,.T.);
#3548=EDGE_CURVE('',#2800,#2531,#1360,.T.);
#3549=EDGE_CURVE('',#2799,#2528,#1361,.T.);
#3550=EDGE_CURVE('',#2798,#2529,#1362,.T.);
#3551=EDGE_CURVE('',#2626,#2396,#1363,.T.);
#3552=EDGE_CURVE('',#2625,#2397,#1364,.T.);
#3553=EDGE_CURVE('',#2398,#2624,#1365,.T.);
#3554=EDGE_CURVE('',#2627,#2395,#1366,.T.);
#3555=EDGE_CURVE('',#2743,#2415,#1367,.T.);
#3556=EDGE_CURVE('',#2416,#2742,#1368,.T.);
#3557=EDGE_CURVE('',#2745,#2413,#1369,.T.);
#3558=EDGE_CURVE('',#2744,#2414,#1370,.T.);
#3559=EDGE_CURVE('',#2618,#2404,#1371,.T.);
#3560=EDGE_CURVE('',#2617,#2405,#1372,.T.);
#3561=EDGE_CURVE('',#2406,#2616,#1373,.T.);
#3562=EDGE_CURVE('',#2619,#2403,#1374,.T.);
#3563=EDGE_CURVE('',#2805,#2534,#1375,.T.);
#3564=EDGE_CURVE('',#2804,#2535,#1376,.T.);
#3565=EDGE_CURVE('',#2803,#2532,#1377,.T.);
#3566=EDGE_CURVE('',#2802,#2533,#1378,.T.);
#3567=EDGE_CURVE('',#2809,#2538,#1379,.T.);
#3568=EDGE_CURVE('',#2808,#2539,#1380,.T.);
#3569=EDGE_CURVE('',#2807,#2536,#1381,.T.);
#3570=EDGE_CURVE('',#2806,#2537,#1382,.T.);
#3571=EDGE_CURVE('',#2728,#2430,#1383,.T.);
#3572=EDGE_CURVE('',#2727,#2431,#1384,.T.);
#3573=EDGE_CURVE('',#2432,#2726,#1385,.T.);
#3574=EDGE_CURVE('',#2729,#2429,#1386,.T.);
#3575=EDGE_CURVE('',#2642,#2380,#1387,.T.);
#3576=EDGE_CURVE('',#2641,#2381,#1388,.T.);
#3577=EDGE_CURVE('',#2382,#2640,#1389,.T.);
#3578=EDGE_CURVE('',#2643,#2379,#1390,.T.);
#3579=EDGE_CURVE('',#2813,#2542,#1391,.T.);
#3580=EDGE_CURVE('',#2812,#2543,#1392,.T.);
#3581=EDGE_CURVE('',#2811,#2540,#1393,.T.);
#3582=EDGE_CURVE('',#2810,#2541,#1394,.T.);
#3583=EDGE_CURVE('',#2721,#2437,#1395,.T.);
#3584=EDGE_CURVE('',#2378,#2644,#1396,.T.);
#3585=EDGE_CURVE('',#2711,#2447,#1397,.T.);
#3586=EDGE_CURVE('',#2448,#2710,#1398,.T.);
#3587=EDGE_CURVE('',#2713,#2445,#1399,.T.);
#3588=EDGE_CURVE('',#2712,#2446,#1400,.T.);
#3589=EDGE_CURVE('',#2650,#2372,#1401,.T.);
#3590=EDGE_CURVE('',#2649,#2373,#1402,.T.);
#3591=EDGE_CURVE('',#2374,#2648,#1403,.T.);
#3592=EDGE_CURVE('',#2651,#2371,#1404,.T.);
#3593=EDGE_CURVE('',#2666,#2356,#1405,.T.);
#3594=EDGE_CURVE('',#2665,#2357,#1406,.T.);
#3595=EDGE_CURVE('',#2358,#2664,#1407,.T.);
#3596=EDGE_CURVE('',#2667,#2355,#1408,.T.);
#3597=EDGE_CURVE('',#2877,#2606,#1409,.T.);
#3598=EDGE_CURVE('',#2876,#2607,#1410,.T.);
#3599=EDGE_CURVE('',#2875,#2604,#1411,.T.);
#3600=EDGE_CURVE('',#2874,#2605,#1412,.T.);
#3601=EDGE_CURVE('',#2873,#2602,#1413,.T.);
#3602=EDGE_CURVE('',#2872,#2603,#1414,.T.);
#3603=EDGE_CURVE('',#2871,#2600,#1415,.T.);
#3604=EDGE_CURVE('',#2870,#2601,#1416,.T.);
#3605=EDGE_CURVE('',#2869,#2598,#1417,.T.);
#3606=EDGE_CURVE('',#2868,#2599,#1418,.T.);
#3607=EDGE_CURVE('',#2867,#2596,#1419,.T.);
#3608=EDGE_CURVE('',#2866,#2597,#1420,.T.);
#3609=EDGE_CURVE('',#2699,#2459,#1421,.T.);
#3610=EDGE_CURVE('',#2460,#2698,#1422,.T.);
#3611=EDGE_CURVE('',#2701,#2457,#1423,.T.);
#3612=EDGE_CURVE('',#2700,#2458,#1424,.T.);
#3613=EDGE_CURVE('',#2865,#2594,#1425,.T.);
#3614=EDGE_CURVE('',#2864,#2595,#1426,.T.);
#3615=EDGE_CURVE('',#2863,#2592,#1427,.T.);
#3616=EDGE_CURVE('',#2862,#2593,#1428,.T.);
#3617=EDGE_CURVE('',#2861,#2590,#1429,.T.);
#3618=EDGE_CURVE('',#2860,#2591,#1430,.T.);
#3619=EDGE_CURVE('',#2859,#2588,#1431,.T.);
#3620=EDGE_CURVE('',#2858,#2589,#1432,.T.);
#3621=EDGE_CURVE('',#2857,#2586,#1433,.T.);
#3622=EDGE_CURVE('',#2856,#2587,#1434,.T.);
#3623=EDGE_CURVE('',#2855,#2584,#1435,.T.);
#3624=EDGE_CURVE('',#2854,#2585,#1436,.T.);
#3625=EDGE_CURVE('',#2853,#2582,#1437,.T.);
#3626=EDGE_CURVE('',#2852,#2583,#1438,.T.);
#3627=EDGE_CURVE('',#2851,#2580,#1439,.T.);
#3628=EDGE_CURVE('',#2850,#2581,#1440,.T.);
#3629=EDGE_CURVE('',#2662,#2360,#1441,.T.);
#3630=EDGE_CURVE('',#2661,#2361,#1442,.T.);
#3631=EDGE_CURVE('',#2362,#2660,#1443,.T.);
#3632=EDGE_CURVE('',#2663,#2359,#1444,.T.);
#3633=EDGE_CURVE('',#2646,#2376,#1445,.T.);
#3634=EDGE_CURVE('',#2645,#2377,#1446,.T.);
#3635=EDGE_CURVE('',#2647,#2375,#1447,.T.);
#3636=EDGE_CURVE('',#2707,#2451,#1448,.T.);
#3637=EDGE_CURVE('',#2452,#2706,#1449,.T.);
#3638=EDGE_CURVE('',#2709,#2449,#1450,.T.);
#3639=EDGE_CURVE('',#2708,#2450,#1451,.T.);
#3640=EDGE_CURVE('',#2715,#2443,#1452,.T.);
#3641=EDGE_CURVE('',#2444,#2714,#1453,.T.);
#3642=EDGE_CURVE('',#2717,#2441,#1454,.T.);
#3643=EDGE_CURVE('',#2716,#2442,#1455,.T.);
#3644=EDGE_CURVE('',#2654,#2368,#1456,.T.);
#3645=EDGE_CURVE('',#2653,#2369,#1457,.T.);
#3646=EDGE_CURVE('',#2370,#2652,#1458,.T.);
#3647=EDGE_CURVE('',#2655,#2367,#1459,.T.);
#3648=EDGE_CURVE('',#2670,#2352,#1460,.T.);
#3649=EDGE_CURVE('',#2669,#2353,#1461,.T.);
#3650=EDGE_CURVE('',#2354,#2668,#1462,.T.);
#3651=EDGE_CURVE('',#2671,#2351,#1463,.T.);
#3652=EDGE_CURVE('',#2849,#2578,#1464,.T.);
#3653=EDGE_CURVE('',#2848,#2579,#1465,.T.);
#3654=EDGE_CURVE('',#2847,#2576,#1466,.T.);
#3655=EDGE_CURVE('',#2846,#2577,#1467,.T.);
#3656=EDGE_CURVE('',#2845,#2574,#1468,.T.);
#3657=EDGE_CURVE('',#2844,#2575,#1469,.T.);
#3658=EDGE_CURVE('',#2843,#2572,#1470,.T.);
#3659=EDGE_CURVE('',#2842,#2573,#1471,.T.);
#3660=EDGE_CURVE('',#2841,#2570,#1472,.T.);
#3661=EDGE_CURVE('',#2840,#2571,#1473,.T.);
#3662=EDGE_CURVE('',#2839,#2568,#1474,.T.);
#3663=EDGE_CURVE('',#2838,#2569,#1475,.T.);
#3664=EDGE_CURVE('',#2837,#2566,#1476,.T.);
#3665=EDGE_CURVE('',#2836,#2567,#1477,.T.);
#3666=EDGE_CURVE('',#2835,#2564,#1478,.T.);
#3667=EDGE_CURVE('',#2834,#2565,#1479,.T.);
#3668=EDGE_CURVE('',#2833,#2562,#1480,.T.);
#3669=EDGE_CURVE('',#2832,#2563,#1481,.T.);
#3670=EDGE_CURVE('',#2831,#2560,#1482,.T.);
#3671=EDGE_CURVE('',#2830,#2561,#1483,.T.);
#3672=EDGE_CURVE('',#2829,#2558,#1484,.T.);
#3673=EDGE_CURVE('',#2828,#2559,#1485,.T.);
#3674=EDGE_CURVE('',#2827,#2556,#1486,.T.);
#3675=EDGE_CURVE('',#2826,#2557,#1487,.T.);
#3676=EDGE_CURVE('',#2825,#2554,#1488,.T.);
#3677=EDGE_CURVE('',#2824,#2555,#1489,.T.);
#3678=EDGE_CURVE('',#2823,#2552,#1490,.T.);
#3679=EDGE_CURVE('',#2822,#2553,#1491,.T.);
#3680=EDGE_CURVE('',#2695,#2463,#1492,.T.);
#3681=EDGE_CURVE('',#2464,#2694,#1493,.T.);
#3682=EDGE_CURVE('',#2697,#2461,#1494,.T.);
#3683=EDGE_CURVE('',#2696,#2462,#1495,.T.);
#3684=EDGE_CURVE('',#2658,#2364,#1496,.T.);
#3685=EDGE_CURVE('',#2657,#2365,#1497,.T.);
#3686=EDGE_CURVE('',#2366,#2656,#1498,.T.);
#3687=EDGE_CURVE('',#2659,#2363,#1499,.T.);
#3688=EDGE_CURVE('',#2720,#2438,#1500,.T.);
#3689=EDGE_CURVE('',#2719,#2439,#1501,.T.);
#3690=EDGE_CURVE('',#2440,#2718,#1502,.T.);
#3691=EDGE_CURVE('',#2703,#2455,#1503,.T.);
#3692=EDGE_CURVE('',#2456,#2702,#1504,.T.);
#3693=EDGE_CURVE('',#2705,#2453,#1505,.T.);
#3694=EDGE_CURVE('',#2704,#2454,#1506,.T.);
#3695=EDGE_CURVE('',#2350,#2672,#1507,.T.);
#3696=EDGE_CURVE('',#2693,#2465,#1508,.T.);
#3697=EDGE_CURVE('',#2821,#2546,#1509,.T.);
#3698=EDGE_CURVE('',#2820,#2547,#1510,.T.);
#3699=EDGE_CURVE('',#2819,#2544,#1511,.T.);
#3700=EDGE_CURVE('',#2818,#2545,#1512,.T.);
#3701=EDGE_CURVE('',#2674,#2348,#1513,.T.);
#3702=EDGE_CURVE('',#2673,#2349,#1514,.T.);
#3703=EDGE_CURVE('',#2691,#2467,#1515,.T.);
#3704=EDGE_CURVE('',#2468,#2690,#1516,.T.);
#3705=EDGE_CURVE('',#2692,#2466,#1517,.T.);
#3706=EDGE_CURVE('',#2817,#2550,#1518,.T.);
#3707=EDGE_CURVE('',#2816,#2551,#1519,.T.);
#3708=EDGE_CURVE('',#2815,#2548,#1520,.T.);
#3709=EDGE_CURVE('',#2814,#2549,#1521,.T.);
#3710=ORIENTED_EDGE('',*,*,#2888,.F.);
#3711=ORIENTED_EDGE('',*,*,#2889,.F.);
#3712=ORIENTED_EDGE('',*,*,#2890,.T.);
#3713=ORIENTED_EDGE('',*,*,#2891,.T.);
#3714=ORIENTED_EDGE('',*,*,#2892,.T.);
#3715=ORIENTED_EDGE('',*,*,#2893,.T.);
#3716=ORIENTED_EDGE('',*,*,#2894,.T.);
#3717=ORIENTED_EDGE('',*,*,#2895,.T.);
#3718=ORIENTED_EDGE('',*,*,#2896,.T.);
#3719=ORIENTED_EDGE('',*,*,#2897,.T.);
#3720=ORIENTED_EDGE('',*,*,#2898,.T.);
#3721=ORIENTED_EDGE('',*,*,#2899,.T.);
#3722=ORIENTED_EDGE('',*,*,#2900,.T.);
#3723=ORIENTED_EDGE('',*,*,#2901,.T.);
#3724=ORIENTED_EDGE('',*,*,#2902,.T.);
#3725=ORIENTED_EDGE('',*,*,#2903,.T.);
#3726=ORIENTED_EDGE('',*,*,#2904,.T.);
#3727=ORIENTED_EDGE('',*,*,#2905,.T.);
#3728=ORIENTED_EDGE('',*,*,#2906,.T.);
#3729=ORIENTED_EDGE('',*,*,#2907,.T.);
#3730=ORIENTED_EDGE('',*,*,#2908,.T.);
#3731=ORIENTED_EDGE('',*,*,#2909,.T.);
#3732=ORIENTED_EDGE('',*,*,#2910,.T.);
#3733=ORIENTED_EDGE('',*,*,#2911,.T.);
#3734=ORIENTED_EDGE('',*,*,#2912,.T.);
#3735=ORIENTED_EDGE('',*,*,#2913,.T.);
#3736=ORIENTED_EDGE('',*,*,#2914,.T.);
#3737=ORIENTED_EDGE('',*,*,#2915,.T.);
#3738=ORIENTED_EDGE('',*,*,#2916,.T.);
#3739=ORIENTED_EDGE('',*,*,#2917,.T.);
#3740=ORIENTED_EDGE('',*,*,#2918,.T.);
#3741=ORIENTED_EDGE('',*,*,#2919,.T.);
#3742=ORIENTED_EDGE('',*,*,#2920,.T.);
#3743=ORIENTED_EDGE('',*,*,#2921,.T.);
#3744=ORIENTED_EDGE('',*,*,#2922,.T.);
#3745=ORIENTED_EDGE('',*,*,#2923,.T.);
#3746=ORIENTED_EDGE('',*,*,#2924,.T.);
#3747=ORIENTED_EDGE('',*,*,#2925,.T.);
#3748=ORIENTED_EDGE('',*,*,#2926,.T.);
#3749=ORIENTED_EDGE('',*,*,#2927,.T.);
#3750=ORIENTED_EDGE('',*,*,#2928,.T.);
#3751=ORIENTED_EDGE('',*,*,#2929,.T.);
#3752=ORIENTED_EDGE('',*,*,#2930,.T.);
#3753=ORIENTED_EDGE('',*,*,#2931,.T.);
#3754=ORIENTED_EDGE('',*,*,#2932,.T.);
#3755=ORIENTED_EDGE('',*,*,#2933,.T.);
#3756=ORIENTED_EDGE('',*,*,#2934,.T.);
#3757=ORIENTED_EDGE('',*,*,#2935,.T.);
#3758=ORIENTED_EDGE('',*,*,#2936,.T.);
#3759=ORIENTED_EDGE('',*,*,#2937,.T.);
#3760=ORIENTED_EDGE('',*,*,#2938,.T.);
#3761=ORIENTED_EDGE('',*,*,#2939,.T.);
#3762=ORIENTED_EDGE('',*,*,#2940,.T.);
#3763=ORIENTED_EDGE('',*,*,#2941,.T.);
#3764=ORIENTED_EDGE('',*,*,#2942,.T.);
#3765=ORIENTED_EDGE('',*,*,#2943,.T.);
#3766=ORIENTED_EDGE('',*,*,#2944,.T.);
#3767=ORIENTED_EDGE('',*,*,#2945,.T.);
#3768=ORIENTED_EDGE('',*,*,#2946,.T.);
#3769=ORIENTED_EDGE('',*,*,#2947,.T.);
#3770=ORIENTED_EDGE('',*,*,#2948,.T.);
#3771=ORIENTED_EDGE('',*,*,#2949,.T.);
#3772=ORIENTED_EDGE('',*,*,#2950,.T.);
#3773=ORIENTED_EDGE('',*,*,#2951,.T.);
#3774=ORIENTED_EDGE('',*,*,#2952,.T.);
#3775=ORIENTED_EDGE('',*,*,#2953,.T.);
#3776=ORIENTED_EDGE('',*,*,#2954,.T.);
#3777=ORIENTED_EDGE('',*,*,#2955,.T.);
#3778=ORIENTED_EDGE('',*,*,#2956,.T.);
#3779=ORIENTED_EDGE('',*,*,#2957,.T.);
#3780=ORIENTED_EDGE('',*,*,#2958,.T.);
#3781=ORIENTED_EDGE('',*,*,#2959,.T.);
#3782=ORIENTED_EDGE('',*,*,#2960,.T.);
#3783=ORIENTED_EDGE('',*,*,#2961,.T.);
#3784=ORIENTED_EDGE('',*,*,#2962,.T.);
#3785=ORIENTED_EDGE('',*,*,#2963,.T.);
#3786=ORIENTED_EDGE('',*,*,#2964,.T.);
#3787=ORIENTED_EDGE('',*,*,#2965,.T.);
#3788=ORIENTED_EDGE('',*,*,#2966,.T.);
#3789=ORIENTED_EDGE('',*,*,#2967,.T.);
#3790=ORIENTED_EDGE('',*,*,#2968,.T.);
#3791=ORIENTED_EDGE('',*,*,#2969,.T.);
#3792=ORIENTED_EDGE('',*,*,#2970,.T.);
#3793=ORIENTED_EDGE('',*,*,#2971,.T.);
#3794=ORIENTED_EDGE('',*,*,#2972,.T.);
#3795=ORIENTED_EDGE('',*,*,#2973,.T.);
#3796=ORIENTED_EDGE('',*,*,#2974,.T.);
#3797=ORIENTED_EDGE('',*,*,#2975,.T.);
#3798=ORIENTED_EDGE('',*,*,#2976,.T.);
#3799=ORIENTED_EDGE('',*,*,#2977,.T.);
#3800=ORIENTED_EDGE('',*,*,#2978,.T.);
#3801=ORIENTED_EDGE('',*,*,#2979,.T.);
#3802=ORIENTED_EDGE('',*,*,#2980,.T.);
#3803=ORIENTED_EDGE('',*,*,#2981,.T.);
#3804=ORIENTED_EDGE('',*,*,#2982,.T.);
#3805=ORIENTED_EDGE('',*,*,#2983,.T.);
#3806=ORIENTED_EDGE('',*,*,#2984,.T.);
#3807=ORIENTED_EDGE('',*,*,#2985,.T.);
#3808=ORIENTED_EDGE('',*,*,#2986,.T.);
#3809=ORIENTED_EDGE('',*,*,#2987,.T.);
#3810=ORIENTED_EDGE('',*,*,#2988,.T.);
#3811=ORIENTED_EDGE('',*,*,#2989,.T.);
#3812=ORIENTED_EDGE('',*,*,#2990,.T.);
#3813=ORIENTED_EDGE('',*,*,#2991,.T.);
#3814=ORIENTED_EDGE('',*,*,#2992,.T.);
#3815=ORIENTED_EDGE('',*,*,#2993,.T.);
#3816=ORIENTED_EDGE('',*,*,#2994,.T.);
#3817=ORIENTED_EDGE('',*,*,#2995,.T.);
#3818=ORIENTED_EDGE('',*,*,#2996,.T.);
#3819=ORIENTED_EDGE('',*,*,#2997,.T.);
#3820=ORIENTED_EDGE('',*,*,#2998,.T.);
#3821=ORIENTED_EDGE('',*,*,#2999,.T.);
#3822=ORIENTED_EDGE('',*,*,#3000,.T.);
#3823=ORIENTED_EDGE('',*,*,#3001,.T.);
#3824=ORIENTED_EDGE('',*,*,#3002,.T.);
#3825=ORIENTED_EDGE('',*,*,#3003,.T.);
#3826=ORIENTED_EDGE('',*,*,#3004,.T.);
#3827=ORIENTED_EDGE('',*,*,#3005,.T.);
#3828=ORIENTED_EDGE('',*,*,#3006,.T.);
#3829=ORIENTED_EDGE('',*,*,#3007,.T.);
#3830=ORIENTED_EDGE('',*,*,#3008,.T.);
#3831=ORIENTED_EDGE('',*,*,#3009,.T.);
#3832=ORIENTED_EDGE('',*,*,#3010,.T.);
#3833=ORIENTED_EDGE('',*,*,#3011,.T.);
#3834=ORIENTED_EDGE('',*,*,#3012,.T.);
#3835=ORIENTED_EDGE('',*,*,#3013,.T.);
#3836=ORIENTED_EDGE('',*,*,#3014,.T.);
#3837=ORIENTED_EDGE('',*,*,#3015,.T.);
#3838=ORIENTED_EDGE('',*,*,#3016,.T.);
#3839=ORIENTED_EDGE('',*,*,#3017,.T.);
#3840=ORIENTED_EDGE('',*,*,#3018,.T.);
#3841=ORIENTED_EDGE('',*,*,#3019,.T.);
#3842=ORIENTED_EDGE('',*,*,#3020,.T.);
#3843=ORIENTED_EDGE('',*,*,#3021,.F.);
#3844=ORIENTED_EDGE('',*,*,#3022,.F.);
#3845=ORIENTED_EDGE('',*,*,#3023,.F.);
#3846=ORIENTED_EDGE('',*,*,#3024,.T.);
#3847=ORIENTED_EDGE('',*,*,#3025,.T.);
#3848=ORIENTED_EDGE('',*,*,#3026,.T.);
#3849=ORIENTED_EDGE('',*,*,#3027,.T.);
#3850=ORIENTED_EDGE('',*,*,#3028,.T.);
#3851=ORIENTED_EDGE('',*,*,#3029,.T.);
#3852=ORIENTED_EDGE('',*,*,#3030,.T.);
#3853=ORIENTED_EDGE('',*,*,#3031,.T.);
#3854=ORIENTED_EDGE('',*,*,#3032,.T.);
#3855=ORIENTED_EDGE('',*,*,#3033,.T.);
#3856=ORIENTED_EDGE('',*,*,#3034,.T.);
#3857=ORIENTED_EDGE('',*,*,#3035,.T.);
#3858=ORIENTED_EDGE('',*,*,#3036,.T.);
#3859=ORIENTED_EDGE('',*,*,#3037,.T.);
#3860=ORIENTED_EDGE('',*,*,#3038,.T.);
#3861=ORIENTED_EDGE('',*,*,#3039,.T.);
#3862=ORIENTED_EDGE('',*,*,#3040,.T.);
#3863=ORIENTED_EDGE('',*,*,#3041,.T.);
#3864=ORIENTED_EDGE('',*,*,#3042,.T.);
#3865=ORIENTED_EDGE('',*,*,#3043,.T.);
#3866=ORIENTED_EDGE('',*,*,#3044,.T.);
#3867=ORIENTED_EDGE('',*,*,#3045,.T.);
#3868=ORIENTED_EDGE('',*,*,#3046,.T.);
#3869=ORIENTED_EDGE('',*,*,#3047,.T.);
#3870=ORIENTED_EDGE('',*,*,#3048,.T.);
#3871=ORIENTED_EDGE('',*,*,#3049,.T.);
#3872=ORIENTED_EDGE('',*,*,#3050,.T.);
#3873=ORIENTED_EDGE('',*,*,#3051,.T.);
#3874=ORIENTED_EDGE('',*,*,#3052,.T.);
#3875=ORIENTED_EDGE('',*,*,#3053,.T.);
#3876=ORIENTED_EDGE('',*,*,#3054,.T.);
#3877=ORIENTED_EDGE('',*,*,#3055,.T.);
#3878=ORIENTED_EDGE('',*,*,#3056,.T.);
#3879=ORIENTED_EDGE('',*,*,#3057,.T.);
#3880=ORIENTED_EDGE('',*,*,#3058,.T.);
#3881=ORIENTED_EDGE('',*,*,#3059,.T.);
#3882=ORIENTED_EDGE('',*,*,#3060,.T.);
#3883=ORIENTED_EDGE('',*,*,#3061,.T.);
#3884=ORIENTED_EDGE('',*,*,#3062,.T.);
#3885=ORIENTED_EDGE('',*,*,#3063,.T.);
#3886=ORIENTED_EDGE('',*,*,#3064,.T.);
#3887=ORIENTED_EDGE('',*,*,#3065,.T.);
#3888=ORIENTED_EDGE('',*,*,#3066,.T.);
#3889=ORIENTED_EDGE('',*,*,#3067,.T.);
#3890=ORIENTED_EDGE('',*,*,#3068,.T.);
#3891=ORIENTED_EDGE('',*,*,#3069,.T.);
#3892=ORIENTED_EDGE('',*,*,#3070,.T.);
#3893=ORIENTED_EDGE('',*,*,#3071,.T.);
#3894=ORIENTED_EDGE('',*,*,#3072,.T.);
#3895=ORIENTED_EDGE('',*,*,#3073,.T.);
#3896=ORIENTED_EDGE('',*,*,#3074,.T.);
#3897=ORIENTED_EDGE('',*,*,#3075,.T.);
#3898=ORIENTED_EDGE('',*,*,#3076,.T.);
#3899=ORIENTED_EDGE('',*,*,#3077,.T.);
#3900=ORIENTED_EDGE('',*,*,#3078,.T.);
#3901=ORIENTED_EDGE('',*,*,#3079,.T.);
#3902=ORIENTED_EDGE('',*,*,#3080,.T.);
#3903=ORIENTED_EDGE('',*,*,#3081,.T.);
#3904=ORIENTED_EDGE('',*,*,#3082,.T.);
#3905=ORIENTED_EDGE('',*,*,#3083,.T.);
#3906=ORIENTED_EDGE('',*,*,#3084,.T.);
#3907=ORIENTED_EDGE('',*,*,#3085,.T.);
#3908=ORIENTED_EDGE('',*,*,#3086,.T.);
#3909=ORIENTED_EDGE('',*,*,#3087,.T.);
#3910=ORIENTED_EDGE('',*,*,#3088,.T.);
#3911=ORIENTED_EDGE('',*,*,#3089,.T.);
#3912=ORIENTED_EDGE('',*,*,#3090,.T.);
#3913=ORIENTED_EDGE('',*,*,#3091,.T.);
#3914=ORIENTED_EDGE('',*,*,#3092,.T.);
#3915=ORIENTED_EDGE('',*,*,#3093,.T.);
#3916=ORIENTED_EDGE('',*,*,#3094,.T.);
#3917=ORIENTED_EDGE('',*,*,#3095,.T.);
#3918=ORIENTED_EDGE('',*,*,#3096,.T.);
#3919=ORIENTED_EDGE('',*,*,#3097,.T.);
#3920=ORIENTED_EDGE('',*,*,#3098,.T.);
#3921=ORIENTED_EDGE('',*,*,#3099,.T.);
#3922=ORIENTED_EDGE('',*,*,#3100,.T.);
#3923=ORIENTED_EDGE('',*,*,#3101,.T.);
#3924=ORIENTED_EDGE('',*,*,#3102,.T.);
#3925=ORIENTED_EDGE('',*,*,#3103,.T.);
#3926=ORIENTED_EDGE('',*,*,#3104,.T.);
#3927=ORIENTED_EDGE('',*,*,#3105,.T.);
#3928=ORIENTED_EDGE('',*,*,#3106,.T.);
#3929=ORIENTED_EDGE('',*,*,#3107,.T.);
#3930=ORIENTED_EDGE('',*,*,#3108,.T.);
#3931=ORIENTED_EDGE('',*,*,#3109,.T.);
#3932=ORIENTED_EDGE('',*,*,#3110,.T.);
#3933=ORIENTED_EDGE('',*,*,#3111,.T.);
#3934=ORIENTED_EDGE('',*,*,#3112,.T.);
#3935=ORIENTED_EDGE('',*,*,#3113,.T.);
#3936=ORIENTED_EDGE('',*,*,#3114,.T.);
#3937=ORIENTED_EDGE('',*,*,#3115,.T.);
#3938=ORIENTED_EDGE('',*,*,#3116,.T.);
#3939=ORIENTED_EDGE('',*,*,#3117,.T.);
#3940=ORIENTED_EDGE('',*,*,#3118,.T.);
#3941=ORIENTED_EDGE('',*,*,#3119,.T.);
#3942=ORIENTED_EDGE('',*,*,#3120,.T.);
#3943=ORIENTED_EDGE('',*,*,#3121,.T.);
#3944=ORIENTED_EDGE('',*,*,#3122,.T.);
#3945=ORIENTED_EDGE('',*,*,#3123,.T.);
#3946=ORIENTED_EDGE('',*,*,#3124,.T.);
#3947=ORIENTED_EDGE('',*,*,#3125,.T.);
#3948=ORIENTED_EDGE('',*,*,#3126,.T.);
#3949=ORIENTED_EDGE('',*,*,#3127,.T.);
#3950=ORIENTED_EDGE('',*,*,#3128,.T.);
#3951=ORIENTED_EDGE('',*,*,#3129,.T.);
#3952=ORIENTED_EDGE('',*,*,#3130,.T.);
#3953=ORIENTED_EDGE('',*,*,#3131,.T.);
#3954=ORIENTED_EDGE('',*,*,#3132,.T.);
#3955=ORIENTED_EDGE('',*,*,#3133,.T.);
#3956=ORIENTED_EDGE('',*,*,#3134,.T.);
#3957=ORIENTED_EDGE('',*,*,#3135,.T.);
#3958=ORIENTED_EDGE('',*,*,#3136,.T.);
#3959=ORIENTED_EDGE('',*,*,#3137,.T.);
#3960=ORIENTED_EDGE('',*,*,#3138,.T.);
#3961=ORIENTED_EDGE('',*,*,#3139,.T.);
#3962=ORIENTED_EDGE('',*,*,#3140,.T.);
#3963=ORIENTED_EDGE('',*,*,#3141,.T.);
#3964=ORIENTED_EDGE('',*,*,#3142,.T.);
#3965=ORIENTED_EDGE('',*,*,#3143,.T.);
#3966=ORIENTED_EDGE('',*,*,#3144,.T.);
#3967=ORIENTED_EDGE('',*,*,#3145,.T.);
#3968=ORIENTED_EDGE('',*,*,#3146,.T.);
#3969=ORIENTED_EDGE('',*,*,#3147,.T.);
#3970=ORIENTED_EDGE('',*,*,#3148,.T.);
#3971=ORIENTED_EDGE('',*,*,#3149,.T.);
#3972=ORIENTED_EDGE('',*,*,#3150,.T.);
#3973=ORIENTED_EDGE('',*,*,#3151,.T.);
#3974=ORIENTED_EDGE('',*,*,#3152,.T.);
#3975=ORIENTED_EDGE('',*,*,#3153,.T.);
#3976=ORIENTED_EDGE('',*,*,#3154,.T.);
#3977=ORIENTED_EDGE('',*,*,#3155,.T.);
#3978=ORIENTED_EDGE('',*,*,#3156,.F.);
#3979=ORIENTED_EDGE('',*,*,#3157,.T.);
#3980=ORIENTED_EDGE('',*,*,#2888,.T.);
#3981=ORIENTED_EDGE('',*,*,#3158,.T.);
#3982=ORIENTED_EDGE('',*,*,#3159,.T.);
#3983=ORIENTED_EDGE('',*,*,#3160,.T.);
#3984=ORIENTED_EDGE('',*,*,#3161,.F.);
#3985=ORIENTED_EDGE('',*,*,#3162,.T.);
#3986=ORIENTED_EDGE('',*,*,#3163,.T.);
#3987=ORIENTED_EDGE('',*,*,#3164,.T.);
#3988=ORIENTED_EDGE('',*,*,#3165,.T.);
#3989=ORIENTED_EDGE('',*,*,#3166,.T.);
#3990=ORIENTED_EDGE('',*,*,#3167,.T.);
#3991=ORIENTED_EDGE('',*,*,#3168,.T.);
#3992=ORIENTED_EDGE('',*,*,#3169,.T.);
#3993=ORIENTED_EDGE('',*,*,#3170,.T.);
#3994=ORIENTED_EDGE('',*,*,#3171,.T.);
#3995=ORIENTED_EDGE('',*,*,#3172,.T.);
#3996=ORIENTED_EDGE('',*,*,#3173,.T.);
#3997=ORIENTED_EDGE('',*,*,#3174,.T.);
#3998=ORIENTED_EDGE('',*,*,#3175,.T.);
#3999=ORIENTED_EDGE('',*,*,#3176,.T.);
#4000=ORIENTED_EDGE('',*,*,#3177,.T.);
#4001=ORIENTED_EDGE('',*,*,#3178,.T.);
#4002=ORIENTED_EDGE('',*,*,#3179,.T.);
#4003=ORIENTED_EDGE('',*,*,#3180,.T.);
#4004=ORIENTED_EDGE('',*,*,#3181,.T.);
#4005=ORIENTED_EDGE('',*,*,#3182,.T.);
#4006=ORIENTED_EDGE('',*,*,#3183,.T.);
#4007=ORIENTED_EDGE('',*,*,#3184,.T.);
#4008=ORIENTED_EDGE('',*,*,#3185,.T.);
#4009=ORIENTED_EDGE('',*,*,#3186,.T.);
#4010=ORIENTED_EDGE('',*,*,#3187,.T.);
#4011=ORIENTED_EDGE('',*,*,#3188,.T.);
#4012=ORIENTED_EDGE('',*,*,#3189,.T.);
#4013=ORIENTED_EDGE('',*,*,#3190,.T.);
#4014=ORIENTED_EDGE('',*,*,#3191,.T.);
#4015=ORIENTED_EDGE('',*,*,#3192,.T.);
#4016=ORIENTED_EDGE('',*,*,#3193,.T.);
#4017=ORIENTED_EDGE('',*,*,#3194,.T.);
#4018=ORIENTED_EDGE('',*,*,#3195,.T.);
#4019=ORIENTED_EDGE('',*,*,#3196,.T.);
#4020=ORIENTED_EDGE('',*,*,#3197,.T.);
#4021=ORIENTED_EDGE('',*,*,#3198,.T.);
#4022=ORIENTED_EDGE('',*,*,#3199,.T.);
#4023=ORIENTED_EDGE('',*,*,#3200,.T.);
#4024=ORIENTED_EDGE('',*,*,#3201,.T.);
#4025=ORIENTED_EDGE('',*,*,#3202,.T.);
#4026=ORIENTED_EDGE('',*,*,#3203,.T.);
#4027=ORIENTED_EDGE('',*,*,#3204,.T.);
#4028=ORIENTED_EDGE('',*,*,#3205,.T.);
#4029=ORIENTED_EDGE('',*,*,#3206,.T.);
#4030=ORIENTED_EDGE('',*,*,#3207,.T.);
#4031=ORIENTED_EDGE('',*,*,#3208,.T.);
#4032=ORIENTED_EDGE('',*,*,#3209,.T.);
#4033=ORIENTED_EDGE('',*,*,#3210,.T.);
#4034=ORIENTED_EDGE('',*,*,#3211,.T.);
#4035=ORIENTED_EDGE('',*,*,#3212,.T.);
#4036=ORIENTED_EDGE('',*,*,#3213,.T.);
#4037=ORIENTED_EDGE('',*,*,#3214,.T.);
#4038=ORIENTED_EDGE('',*,*,#3215,.T.);
#4039=ORIENTED_EDGE('',*,*,#3216,.T.);
#4040=ORIENTED_EDGE('',*,*,#3217,.T.);
#4041=ORIENTED_EDGE('',*,*,#3218,.T.);
#4042=ORIENTED_EDGE('',*,*,#3219,.T.);
#4043=ORIENTED_EDGE('',*,*,#3220,.T.);
#4044=ORIENTED_EDGE('',*,*,#3221,.T.);
#4045=ORIENTED_EDGE('',*,*,#3222,.T.);
#4046=ORIENTED_EDGE('',*,*,#3223,.T.);
#4047=ORIENTED_EDGE('',*,*,#3224,.T.);
#4048=ORIENTED_EDGE('',*,*,#3225,.T.);
#4049=ORIENTED_EDGE('',*,*,#3226,.T.);
#4050=ORIENTED_EDGE('',*,*,#3227,.T.);
#4051=ORIENTED_EDGE('',*,*,#3228,.T.);
#4052=ORIENTED_EDGE('',*,*,#3229,.F.);
#4053=ORIENTED_EDGE('',*,*,#3230,.T.);
#4054=ORIENTED_EDGE('',*,*,#3231,.T.);
#4055=ORIENTED_EDGE('',*,*,#3232,.T.);
#4056=ORIENTED_EDGE('',*,*,#3233,.F.);
#4057=ORIENTED_EDGE('',*,*,#3234,.F.);
#4058=ORIENTED_EDGE('',*,*,#3235,.T.);
#4059=ORIENTED_EDGE('',*,*,#3236,.T.);
#4060=ORIENTED_EDGE('',*,*,#3237,.T.);
#4061=ORIENTED_EDGE('',*,*,#3238,.F.);
#4062=ORIENTED_EDGE('',*,*,#3239,.T.);
#4063=ORIENTED_EDGE('',*,*,#3240,.T.);
#4064=ORIENTED_EDGE('',*,*,#3241,.T.);
#4065=ORIENTED_EDGE('',*,*,#3242,.T.);
#4066=ORIENTED_EDGE('',*,*,#3243,.T.);
#4067=ORIENTED_EDGE('',*,*,#3244,.T.);
#4068=ORIENTED_EDGE('',*,*,#3245,.T.);
#4069=ORIENTED_EDGE('',*,*,#3246,.T.);
#4070=ORIENTED_EDGE('',*,*,#3247,.T.);
#4071=ORIENTED_EDGE('',*,*,#3248,.T.);
#4072=ORIENTED_EDGE('',*,*,#3249,.T.);
#4073=ORIENTED_EDGE('',*,*,#3250,.T.);
#4074=ORIENTED_EDGE('',*,*,#3251,.T.);
#4075=ORIENTED_EDGE('',*,*,#3252,.T.);
#4076=ORIENTED_EDGE('',*,*,#3253,.T.);
#4077=ORIENTED_EDGE('',*,*,#3254,.T.);
#4078=ORIENTED_EDGE('',*,*,#3255,.T.);
#4079=ORIENTED_EDGE('',*,*,#3256,.T.);
#4080=ORIENTED_EDGE('',*,*,#3257,.T.);
#4081=ORIENTED_EDGE('',*,*,#3258,.T.);
#4082=ORIENTED_EDGE('',*,*,#3259,.T.);
#4083=ORIENTED_EDGE('',*,*,#3260,.T.);
#4084=ORIENTED_EDGE('',*,*,#3261,.T.);
#4085=ORIENTED_EDGE('',*,*,#3262,.T.);
#4086=ORIENTED_EDGE('',*,*,#3263,.T.);
#4087=ORIENTED_EDGE('',*,*,#3264,.T.);
#4088=ORIENTED_EDGE('',*,*,#3265,.T.);
#4089=ORIENTED_EDGE('',*,*,#3266,.T.);
#4090=ORIENTED_EDGE('',*,*,#3267,.T.);
#4091=ORIENTED_EDGE('',*,*,#3268,.T.);
#4092=ORIENTED_EDGE('',*,*,#3269,.T.);
#4093=ORIENTED_EDGE('',*,*,#3270,.T.);
#4094=ORIENTED_EDGE('',*,*,#3271,.T.);
#4095=ORIENTED_EDGE('',*,*,#3272,.T.);
#4096=ORIENTED_EDGE('',*,*,#3273,.T.);
#4097=ORIENTED_EDGE('',*,*,#3274,.T.);
#4098=ORIENTED_EDGE('',*,*,#3275,.T.);
#4099=ORIENTED_EDGE('',*,*,#3276,.T.);
#4100=ORIENTED_EDGE('',*,*,#3277,.T.);
#4101=ORIENTED_EDGE('',*,*,#3278,.T.);
#4102=ORIENTED_EDGE('',*,*,#3279,.T.);
#4103=ORIENTED_EDGE('',*,*,#3280,.T.);
#4104=ORIENTED_EDGE('',*,*,#3281,.T.);
#4105=ORIENTED_EDGE('',*,*,#3282,.T.);
#4106=ORIENTED_EDGE('',*,*,#3283,.T.);
#4107=ORIENTED_EDGE('',*,*,#3284,.T.);
#4108=ORIENTED_EDGE('',*,*,#3285,.T.);
#4109=ORIENTED_EDGE('',*,*,#3286,.T.);
#4110=ORIENTED_EDGE('',*,*,#3287,.T.);
#4111=ORIENTED_EDGE('',*,*,#3288,.T.);
#4112=ORIENTED_EDGE('',*,*,#3289,.T.);
#4113=ORIENTED_EDGE('',*,*,#3290,.T.);
#4114=ORIENTED_EDGE('',*,*,#3291,.T.);
#4115=ORIENTED_EDGE('',*,*,#3292,.T.);
#4116=ORIENTED_EDGE('',*,*,#3293,.T.);
#4117=ORIENTED_EDGE('',*,*,#3294,.T.);
#4118=ORIENTED_EDGE('',*,*,#3295,.T.);
#4119=ORIENTED_EDGE('',*,*,#3296,.T.);
#4120=ORIENTED_EDGE('',*,*,#3297,.T.);
#4121=ORIENTED_EDGE('',*,*,#3298,.T.);
#4122=ORIENTED_EDGE('',*,*,#3299,.T.);
#4123=ORIENTED_EDGE('',*,*,#3300,.T.);
#4124=ORIENTED_EDGE('',*,*,#3301,.T.);
#4125=ORIENTED_EDGE('',*,*,#3302,.T.);
#4126=ORIENTED_EDGE('',*,*,#3303,.T.);
#4127=ORIENTED_EDGE('',*,*,#3304,.T.);
#4128=ORIENTED_EDGE('',*,*,#3305,.T.);
#4129=ORIENTED_EDGE('',*,*,#3306,.T.);
#4130=ORIENTED_EDGE('',*,*,#3307,.T.);
#4131=ORIENTED_EDGE('',*,*,#3308,.T.);
#4132=ORIENTED_EDGE('',*,*,#3309,.T.);
#4133=ORIENTED_EDGE('',*,*,#3310,.T.);
#4134=ORIENTED_EDGE('',*,*,#3311,.T.);
#4135=ORIENTED_EDGE('',*,*,#3312,.T.);
#4136=ORIENTED_EDGE('',*,*,#3313,.T.);
#4137=ORIENTED_EDGE('',*,*,#3314,.T.);
#4138=ORIENTED_EDGE('',*,*,#3315,.T.);
#4139=ORIENTED_EDGE('',*,*,#3316,.T.);
#4140=ORIENTED_EDGE('',*,*,#3317,.T.);
#4141=ORIENTED_EDGE('',*,*,#3318,.T.);
#4142=ORIENTED_EDGE('',*,*,#3319,.T.);
#4143=ORIENTED_EDGE('',*,*,#3320,.T.);
#4144=ORIENTED_EDGE('',*,*,#3321,.T.);
#4145=ORIENTED_EDGE('',*,*,#3322,.T.);
#4146=ORIENTED_EDGE('',*,*,#3323,.T.);
#4147=ORIENTED_EDGE('',*,*,#3324,.T.);
#4148=ORIENTED_EDGE('',*,*,#3325,.T.);
#4149=ORIENTED_EDGE('',*,*,#3326,.T.);
#4150=ORIENTED_EDGE('',*,*,#3327,.T.);
#4151=ORIENTED_EDGE('',*,*,#3328,.T.);
#4152=ORIENTED_EDGE('',*,*,#3329,.T.);
#4153=ORIENTED_EDGE('',*,*,#3330,.T.);
#4154=ORIENTED_EDGE('',*,*,#3331,.T.);
#4155=ORIENTED_EDGE('',*,*,#3332,.T.);
#4156=ORIENTED_EDGE('',*,*,#3333,.T.);
#4157=ORIENTED_EDGE('',*,*,#3334,.T.);
#4158=ORIENTED_EDGE('',*,*,#3335,.T.);
#4159=ORIENTED_EDGE('',*,*,#3336,.T.);
#4160=ORIENTED_EDGE('',*,*,#3337,.T.);
#4161=ORIENTED_EDGE('',*,*,#3338,.T.);
#4162=ORIENTED_EDGE('',*,*,#3339,.T.);
#4163=ORIENTED_EDGE('',*,*,#3340,.T.);
#4164=ORIENTED_EDGE('',*,*,#3341,.T.);
#4165=ORIENTED_EDGE('',*,*,#3342,.T.);
#4166=ORIENTED_EDGE('',*,*,#3343,.T.);
#4167=ORIENTED_EDGE('',*,*,#3344,.T.);
#4168=ORIENTED_EDGE('',*,*,#3345,.T.);
#4169=ORIENTED_EDGE('',*,*,#3346,.T.);
#4170=ORIENTED_EDGE('',*,*,#3347,.T.);
#4171=ORIENTED_EDGE('',*,*,#3348,.T.);
#4172=ORIENTED_EDGE('',*,*,#3349,.T.);
#4173=ORIENTED_EDGE('',*,*,#3350,.T.);
#4174=ORIENTED_EDGE('',*,*,#3351,.T.);
#4175=ORIENTED_EDGE('',*,*,#3352,.T.);
#4176=ORIENTED_EDGE('',*,*,#3353,.T.);
#4177=ORIENTED_EDGE('',*,*,#3354,.T.);
#4178=ORIENTED_EDGE('',*,*,#3355,.T.);
#4179=ORIENTED_EDGE('',*,*,#3356,.T.);
#4180=ORIENTED_EDGE('',*,*,#3357,.T.);
#4181=ORIENTED_EDGE('',*,*,#3358,.T.);
#4182=ORIENTED_EDGE('',*,*,#3359,.T.);
#4183=ORIENTED_EDGE('',*,*,#3360,.T.);
#4184=ORIENTED_EDGE('',*,*,#3361,.T.);
#4185=ORIENTED_EDGE('',*,*,#3362,.T.);
#4186=ORIENTED_EDGE('',*,*,#3363,.T.);
#4187=ORIENTED_EDGE('',*,*,#3364,.T.);
#4188=ORIENTED_EDGE('',*,*,#3365,.T.);
#4189=ORIENTED_EDGE('',*,*,#3366,.T.);
#4190=ORIENTED_EDGE('',*,*,#3367,.T.);
#4191=ORIENTED_EDGE('',*,*,#3368,.T.);
#4192=ORIENTED_EDGE('',*,*,#3369,.T.);
#4193=ORIENTED_EDGE('',*,*,#3370,.T.);
#4194=ORIENTED_EDGE('',*,*,#3371,.T.);
#4195=ORIENTED_EDGE('',*,*,#3372,.T.);
#4196=ORIENTED_EDGE('',*,*,#3373,.T.);
#4197=ORIENTED_EDGE('',*,*,#3374,.T.);
#4198=ORIENTED_EDGE('',*,*,#3375,.T.);
#4199=ORIENTED_EDGE('',*,*,#3376,.T.);
#4200=ORIENTED_EDGE('',*,*,#3377,.T.);
#4201=ORIENTED_EDGE('',*,*,#3378,.T.);
#4202=ORIENTED_EDGE('',*,*,#3379,.T.);
#4203=ORIENTED_EDGE('',*,*,#3380,.T.);
#4204=ORIENTED_EDGE('',*,*,#3381,.T.);
#4205=ORIENTED_EDGE('',*,*,#3382,.T.);
#4206=ORIENTED_EDGE('',*,*,#3383,.T.);
#4207=ORIENTED_EDGE('',*,*,#3384,.T.);
#4208=ORIENTED_EDGE('',*,*,#3385,.T.);
#4209=ORIENTED_EDGE('',*,*,#3386,.T.);
#4210=ORIENTED_EDGE('',*,*,#3387,.T.);
#4211=ORIENTED_EDGE('',*,*,#3388,.T.);
#4212=ORIENTED_EDGE('',*,*,#3389,.T.);
#4213=ORIENTED_EDGE('',*,*,#3390,.T.);
#4214=ORIENTED_EDGE('',*,*,#3391,.T.);
#4215=ORIENTED_EDGE('',*,*,#3392,.T.);
#4216=ORIENTED_EDGE('',*,*,#3393,.T.);
#4217=ORIENTED_EDGE('',*,*,#3394,.T.);
#4218=ORIENTED_EDGE('',*,*,#3395,.T.);
#4219=ORIENTED_EDGE('',*,*,#3396,.T.);
#4220=ORIENTED_EDGE('',*,*,#3397,.T.);
#4221=ORIENTED_EDGE('',*,*,#3398,.T.);
#4222=ORIENTED_EDGE('',*,*,#3399,.T.);
#4223=ORIENTED_EDGE('',*,*,#3400,.T.);
#4224=ORIENTED_EDGE('',*,*,#3401,.T.);
#4225=ORIENTED_EDGE('',*,*,#3402,.T.);
#4226=ORIENTED_EDGE('',*,*,#3403,.T.);
#4227=ORIENTED_EDGE('',*,*,#3404,.T.);
#4228=ORIENTED_EDGE('',*,*,#3405,.T.);
#4229=ORIENTED_EDGE('',*,*,#3406,.T.);
#4230=ORIENTED_EDGE('',*,*,#3407,.T.);
#4231=ORIENTED_EDGE('',*,*,#3408,.T.);
#4232=ORIENTED_EDGE('',*,*,#3409,.T.);
#4233=ORIENTED_EDGE('',*,*,#3410,.T.);
#4234=ORIENTED_EDGE('',*,*,#3411,.T.);
#4235=ORIENTED_EDGE('',*,*,#3412,.T.);
#4236=ORIENTED_EDGE('',*,*,#3413,.T.);
#4237=ORIENTED_EDGE('',*,*,#3414,.T.);
#4238=ORIENTED_EDGE('',*,*,#3415,.T.);
#4239=ORIENTED_EDGE('',*,*,#3416,.T.);
#4240=ORIENTED_EDGE('',*,*,#3417,.T.);
#4241=ORIENTED_EDGE('',*,*,#3418,.T.);
#4242=ORIENTED_EDGE('',*,*,#3419,.T.);
#4243=ORIENTED_EDGE('',*,*,#3420,.T.);
#4244=ORIENTED_EDGE('',*,*,#3421,.T.);
#4245=ORIENTED_EDGE('',*,*,#3422,.T.);
#4246=ORIENTED_EDGE('',*,*,#3423,.T.);
#4247=ORIENTED_EDGE('',*,*,#3424,.T.);
#4248=ORIENTED_EDGE('',*,*,#3425,.T.);
#4249=ORIENTED_EDGE('',*,*,#3426,.T.);
#4250=ORIENTED_EDGE('',*,*,#3427,.F.);
#4251=ORIENTED_EDGE('',*,*,#3428,.F.);
#4252=ORIENTED_EDGE('',*,*,#3429,.F.);
#4253=ORIENTED_EDGE('',*,*,#3229,.T.);
#4254=ORIENTED_EDGE('',*,*,#3430,.T.);
#4255=ORIENTED_EDGE('',*,*,#3431,.T.);
#4256=ORIENTED_EDGE('',*,*,#3432,.T.);
#4257=ORIENTED_EDGE('',*,*,#3233,.T.);
#4258=ORIENTED_EDGE('',*,*,#3433,.F.);
#4259=ORIENTED_EDGE('',*,*,#3431,.F.);
#4260=ORIENTED_EDGE('',*,*,#3434,.F.);
#4261=ORIENTED_EDGE('',*,*,#2889,.T.);
#4262=ORIENTED_EDGE('',*,*,#3157,.F.);
#4263=ORIENTED_EDGE('',*,*,#3435,.F.);
#4264=ORIENTED_EDGE('',*,*,#3436,.F.);
#4265=ORIENTED_EDGE('',*,*,#3021,.T.);
#4266=ORIENTED_EDGE('',*,*,#3437,.F.);
#4267=ORIENTED_EDGE('',*,*,#3438,.F.);
#4268=ORIENTED_EDGE('',*,*,#3439,.F.);
#4269=ORIENTED_EDGE('',*,*,#3160,.F.);
#4270=ORIENTED_EDGE('',*,*,#3022,.T.);
#4271=ORIENTED_EDGE('',*,*,#3436,.T.);
#4272=ORIENTED_EDGE('',*,*,#3440,.F.);
#4273=ORIENTED_EDGE('',*,*,#3441,.F.);
#4274=ORIENTED_EDGE('',*,*,#3442,.T.);
#4275=ORIENTED_EDGE('',*,*,#3438,.T.);
#4276=ORIENTED_EDGE('',*,*,#3443,.T.);
#4277=ORIENTED_EDGE('',*,*,#3444,.T.);
#4278=ORIENTED_EDGE('',*,*,#3159,.F.);
#4279=ORIENTED_EDGE('',*,*,#3445,.F.);
#4280=ORIENTED_EDGE('',*,*,#3443,.F.);
#4281=ORIENTED_EDGE('',*,*,#3437,.T.);
#4282=ORIENTED_EDGE('',*,*,#3445,.T.);
#4283=ORIENTED_EDGE('',*,*,#3162,.F.);
#4284=ORIENTED_EDGE('',*,*,#3446,.T.);
#4285=ORIENTED_EDGE('',*,*,#3444,.F.);
#4286=ORIENTED_EDGE('',*,*,#3442,.F.);
#4287=ORIENTED_EDGE('',*,*,#3446,.F.);
#4288=ORIENTED_EDGE('',*,*,#3161,.T.);
#4289=ORIENTED_EDGE('',*,*,#3439,.T.);
#4290=ORIENTED_EDGE('',*,*,#3440,.T.);
#4291=ORIENTED_EDGE('',*,*,#3435,.T.);
#4292=ORIENTED_EDGE('',*,*,#3156,.T.);
#4293=ORIENTED_EDGE('',*,*,#3447,.T.);
#4294=ORIENTED_EDGE('',*,*,#3023,.T.);
#4295=ORIENTED_EDGE('',*,*,#3441,.T.);
#4296=ORIENTED_EDGE('',*,*,#3447,.F.);
#4297=ORIENTED_EDGE('',*,*,#3158,.F.);
#4298=ORIENTED_EDGE('',*,*,#3018,.F.);
#4299=ORIENTED_EDGE('',*,*,#3448,.F.);
#4300=ORIENTED_EDGE('',*,*,#3236,.F.);
#4301=ORIENTED_EDGE('',*,*,#3449,.T.);
#4302=ORIENTED_EDGE('',*,*,#3019,.F.);
#4303=ORIENTED_EDGE('',*,*,#3449,.F.);
#4304=ORIENTED_EDGE('',*,*,#3235,.F.);
#4305=ORIENTED_EDGE('',*,*,#3450,.F.);
#4306=ORIENTED_EDGE('',*,*,#3017,.F.);
#4307=ORIENTED_EDGE('',*,*,#3451,.F.);
#4308=ORIENTED_EDGE('',*,*,#3237,.F.);
#4309=ORIENTED_EDGE('',*,*,#3448,.T.);
#4310=ORIENTED_EDGE('',*,*,#2892,.F.);
#4311=ORIENTED_EDGE('',*,*,#3452,.F.);
#4312=ORIENTED_EDGE('',*,*,#3226,.F.);
#4313=ORIENTED_EDGE('',*,*,#3453,.T.);
#4314=ORIENTED_EDGE('',*,*,#2893,.F.);
#4315=ORIENTED_EDGE('',*,*,#3453,.F.);
#4316=ORIENTED_EDGE('',*,*,#3225,.F.);
#4317=ORIENTED_EDGE('',*,*,#3454,.F.);
#4318=ORIENTED_EDGE('',*,*,#2891,.F.);
#4319=ORIENTED_EDGE('',*,*,#3455,.F.);
#4320=ORIENTED_EDGE('',*,*,#3227,.F.);
#4321=ORIENTED_EDGE('',*,*,#3452,.T.);
#4322=ORIENTED_EDGE('',*,*,#3026,.F.);
#4323=ORIENTED_EDGE('',*,*,#3456,.F.);
#4324=ORIENTED_EDGE('',*,*,#3301,.F.);
#4325=ORIENTED_EDGE('',*,*,#3457,.T.);
#4326=ORIENTED_EDGE('',*,*,#3027,.F.);
#4327=ORIENTED_EDGE('',*,*,#3457,.F.);
#4328=ORIENTED_EDGE('',*,*,#3300,.F.);
#4329=ORIENTED_EDGE('',*,*,#3458,.T.);
#4330=ORIENTED_EDGE('',*,*,#3024,.F.);
#4331=ORIENTED_EDGE('',*,*,#3458,.F.);
#4332=ORIENTED_EDGE('',*,*,#3299,.F.);
#4333=ORIENTED_EDGE('',*,*,#3459,.T.);
#4334=ORIENTED_EDGE('',*,*,#3025,.F.);
#4335=ORIENTED_EDGE('',*,*,#3459,.F.);
#4336=ORIENTED_EDGE('',*,*,#3302,.F.);
#4337=ORIENTED_EDGE('',*,*,#3456,.T.);
#4338=ORIENTED_EDGE('',*,*,#3030,.F.);
#4339=ORIENTED_EDGE('',*,*,#3460,.F.);
#4340=ORIENTED_EDGE('',*,*,#3305,.F.);
#4341=ORIENTED_EDGE('',*,*,#3461,.T.);
#4342=ORIENTED_EDGE('',*,*,#3031,.F.);
#4343=ORIENTED_EDGE('',*,*,#3461,.F.);
#4344=ORIENTED_EDGE('',*,*,#3304,.F.);
#4345=ORIENTED_EDGE('',*,*,#3462,.T.);
#4346=ORIENTED_EDGE('',*,*,#3028,.F.);
#4347=ORIENTED_EDGE('',*,*,#3462,.F.);
#4348=ORIENTED_EDGE('',*,*,#3303,.F.);
#4349=ORIENTED_EDGE('',*,*,#3463,.T.);
#4350=ORIENTED_EDGE('',*,*,#3029,.F.);
#4351=ORIENTED_EDGE('',*,*,#3463,.F.);
#4352=ORIENTED_EDGE('',*,*,#3306,.F.);
#4353=ORIENTED_EDGE('',*,*,#3460,.T.);
#4354=ORIENTED_EDGE('',*,*,#3034,.F.);
#4355=ORIENTED_EDGE('',*,*,#3464,.F.);
#4356=ORIENTED_EDGE('',*,*,#3231,.F.);
#4357=ORIENTED_EDGE('',*,*,#3465,.T.);
#4358=ORIENTED_EDGE('',*,*,#3035,.F.);
#4359=ORIENTED_EDGE('',*,*,#3465,.F.);
#4360=ORIENTED_EDGE('',*,*,#3230,.F.);
#4361=ORIENTED_EDGE('',*,*,#3429,.T.);
#4362=ORIENTED_EDGE('',*,*,#3466,.T.);
#4363=ORIENTED_EDGE('',*,*,#3032,.F.);
#4364=ORIENTED_EDGE('',*,*,#3466,.F.);
#4365=ORIENTED_EDGE('',*,*,#3428,.T.);
#4366=ORIENTED_EDGE('',*,*,#3467,.T.);
#4367=ORIENTED_EDGE('',*,*,#3033,.F.);
#4368=ORIENTED_EDGE('',*,*,#3467,.F.);
#4369=ORIENTED_EDGE('',*,*,#3427,.T.);
#4370=ORIENTED_EDGE('',*,*,#3232,.F.);
#4371=ORIENTED_EDGE('',*,*,#3464,.T.);
#4372=ORIENTED_EDGE('',*,*,#3454,.T.);
#4373=ORIENTED_EDGE('',*,*,#3224,.F.);
#4374=ORIENTED_EDGE('',*,*,#3468,.T.);
#4375=ORIENTED_EDGE('',*,*,#2894,.F.);
#4376=ORIENTED_EDGE('',*,*,#3434,.T.);
#4377=ORIENTED_EDGE('',*,*,#3430,.F.);
#4378=ORIENTED_EDGE('',*,*,#3228,.F.);
#4379=ORIENTED_EDGE('',*,*,#3455,.T.);
#4380=ORIENTED_EDGE('',*,*,#2890,.F.);
#4381=ORIENTED_EDGE('',*,*,#3450,.T.);
#4382=ORIENTED_EDGE('',*,*,#3234,.T.);
#4383=ORIENTED_EDGE('',*,*,#3432,.F.);
#4384=ORIENTED_EDGE('',*,*,#3433,.T.);
#4385=ORIENTED_EDGE('',*,*,#3020,.F.);
#4386=ORIENTED_EDGE('',*,*,#2936,.F.);
#4387=ORIENTED_EDGE('',*,*,#3469,.F.);
#4388=ORIENTED_EDGE('',*,*,#3182,.F.);
#4389=ORIENTED_EDGE('',*,*,#3470,.T.);
#4390=ORIENTED_EDGE('',*,*,#2937,.F.);
#4391=ORIENTED_EDGE('',*,*,#3470,.F.);
#4392=ORIENTED_EDGE('',*,*,#3181,.F.);
#4393=ORIENTED_EDGE('',*,*,#3471,.F.);
#4394=ORIENTED_EDGE('',*,*,#2935,.F.);
#4395=ORIENTED_EDGE('',*,*,#3472,.F.);
#4396=ORIENTED_EDGE('',*,*,#3183,.F.);
#4397=ORIENTED_EDGE('',*,*,#3469,.T.);
#4398=ORIENTED_EDGE('',*,*,#2932,.F.);
#4399=ORIENTED_EDGE('',*,*,#3473,.F.);
#4400=ORIENTED_EDGE('',*,*,#3186,.F.);
#4401=ORIENTED_EDGE('',*,*,#3474,.T.);
#4402=ORIENTED_EDGE('',*,*,#2933,.F.);
#4403=ORIENTED_EDGE('',*,*,#3474,.F.);
#4404=ORIENTED_EDGE('',*,*,#3185,.F.);
#4405=ORIENTED_EDGE('',*,*,#3475,.F.);
#4406=ORIENTED_EDGE('',*,*,#2931,.F.);
#4407=ORIENTED_EDGE('',*,*,#3476,.F.);
#4408=ORIENTED_EDGE('',*,*,#3187,.F.);
#4409=ORIENTED_EDGE('',*,*,#3473,.T.);
#4410=ORIENTED_EDGE('',*,*,#3038,.F.);
#4411=ORIENTED_EDGE('',*,*,#3477,.F.);
#4412=ORIENTED_EDGE('',*,*,#3309,.F.);
#4413=ORIENTED_EDGE('',*,*,#3478,.T.);
#4414=ORIENTED_EDGE('',*,*,#3039,.F.);
#4415=ORIENTED_EDGE('',*,*,#3478,.F.);
#4416=ORIENTED_EDGE('',*,*,#3308,.F.);
#4417=ORIENTED_EDGE('',*,*,#3479,.T.);
#4418=ORIENTED_EDGE('',*,*,#3036,.F.);
#4419=ORIENTED_EDGE('',*,*,#3479,.F.);
#4420=ORIENTED_EDGE('',*,*,#3307,.F.);
#4421=ORIENTED_EDGE('',*,*,#3480,.T.);
#4422=ORIENTED_EDGE('',*,*,#3037,.F.);
#4423=ORIENTED_EDGE('',*,*,#3480,.F.);
#4424=ORIENTED_EDGE('',*,*,#3310,.F.);
#4425=ORIENTED_EDGE('',*,*,#3477,.T.);
#4426=ORIENTED_EDGE('',*,*,#3042,.F.);
#4427=ORIENTED_EDGE('',*,*,#3481,.F.);
#4428=ORIENTED_EDGE('',*,*,#3313,.F.);
#4429=ORIENTED_EDGE('',*,*,#3482,.T.);
#4430=ORIENTED_EDGE('',*,*,#3043,.F.);
#4431=ORIENTED_EDGE('',*,*,#3482,.F.);
#4432=ORIENTED_EDGE('',*,*,#3312,.F.);
#4433=ORIENTED_EDGE('',*,*,#3483,.T.);
#4434=ORIENTED_EDGE('',*,*,#3040,.F.);
#4435=ORIENTED_EDGE('',*,*,#3483,.F.);
#4436=ORIENTED_EDGE('',*,*,#3311,.F.);
#4437=ORIENTED_EDGE('',*,*,#3484,.T.);
#4438=ORIENTED_EDGE('',*,*,#3041,.F.);
#4439=ORIENTED_EDGE('',*,*,#3484,.F.);
#4440=ORIENTED_EDGE('',*,*,#3314,.F.);
#4441=ORIENTED_EDGE('',*,*,#3481,.T.);
#4442=ORIENTED_EDGE('',*,*,#3046,.F.);
#4443=ORIENTED_EDGE('',*,*,#3485,.F.);
#4444=ORIENTED_EDGE('',*,*,#3317,.F.);
#4445=ORIENTED_EDGE('',*,*,#3486,.T.);
#4446=ORIENTED_EDGE('',*,*,#3047,.F.);
#4447=ORIENTED_EDGE('',*,*,#3486,.F.);
#4448=ORIENTED_EDGE('',*,*,#3316,.F.);
#4449=ORIENTED_EDGE('',*,*,#3487,.T.);
#4450=ORIENTED_EDGE('',*,*,#3044,.F.);
#4451=ORIENTED_EDGE('',*,*,#3487,.F.);
#4452=ORIENTED_EDGE('',*,*,#3315,.F.);
#4453=ORIENTED_EDGE('',*,*,#3488,.T.);
#4454=ORIENTED_EDGE('',*,*,#3045,.F.);
#4455=ORIENTED_EDGE('',*,*,#3488,.F.);
#4456=ORIENTED_EDGE('',*,*,#3318,.F.);
#4457=ORIENTED_EDGE('',*,*,#3485,.T.);
#4458=ORIENTED_EDGE('',*,*,#2955,.F.);
#4459=ORIENTED_EDGE('',*,*,#3489,.F.);
#4460=ORIENTED_EDGE('',*,*,#3163,.F.);
#4461=ORIENTED_EDGE('',*,*,#3490,.F.);
#4462=ORIENTED_EDGE('',*,*,#3050,.F.);
#4463=ORIENTED_EDGE('',*,*,#3491,.F.);
#4464=ORIENTED_EDGE('',*,*,#3321,.F.);
#4465=ORIENTED_EDGE('',*,*,#3492,.T.);
#4466=ORIENTED_EDGE('',*,*,#3051,.F.);
#4467=ORIENTED_EDGE('',*,*,#3492,.F.);
#4468=ORIENTED_EDGE('',*,*,#3320,.F.);
#4469=ORIENTED_EDGE('',*,*,#3493,.T.);
#4470=ORIENTED_EDGE('',*,*,#3048,.F.);
#4471=ORIENTED_EDGE('',*,*,#3493,.F.);
#4472=ORIENTED_EDGE('',*,*,#3319,.F.);
#4473=ORIENTED_EDGE('',*,*,#3494,.T.);
#4474=ORIENTED_EDGE('',*,*,#3049,.F.);
#4475=ORIENTED_EDGE('',*,*,#3494,.F.);
#4476=ORIENTED_EDGE('',*,*,#3322,.F.);
#4477=ORIENTED_EDGE('',*,*,#3491,.T.);
#4478=ORIENTED_EDGE('',*,*,#2940,.F.);
#4479=ORIENTED_EDGE('',*,*,#3495,.F.);
#4480=ORIENTED_EDGE('',*,*,#3178,.F.);
#4481=ORIENTED_EDGE('',*,*,#3496,.T.);
#4482=ORIENTED_EDGE('',*,*,#2941,.F.);
#4483=ORIENTED_EDGE('',*,*,#3496,.F.);
#4484=ORIENTED_EDGE('',*,*,#3177,.F.);
#4485=ORIENTED_EDGE('',*,*,#3497,.F.);
#4486=ORIENTED_EDGE('',*,*,#2939,.F.);
#4487=ORIENTED_EDGE('',*,*,#3498,.F.);
#4488=ORIENTED_EDGE('',*,*,#3179,.F.);
#4489=ORIENTED_EDGE('',*,*,#3495,.T.);
#4490=ORIENTED_EDGE('',*,*,#2971,.F.);
#4491=ORIENTED_EDGE('',*,*,#3499,.F.);
#4492=ORIENTED_EDGE('',*,*,#3283,.F.);
#4493=ORIENTED_EDGE('',*,*,#3500,.F.);
#4494=ORIENTED_EDGE('',*,*,#2969,.F.);
#4495=ORIENTED_EDGE('',*,*,#3501,.F.);
#4496=ORIENTED_EDGE('',*,*,#3285,.F.);
#4497=ORIENTED_EDGE('',*,*,#3502,.T.);
#4498=ORIENTED_EDGE('',*,*,#2970,.F.);
#4499=ORIENTED_EDGE('',*,*,#3502,.F.);
#4500=ORIENTED_EDGE('',*,*,#3284,.F.);
#4501=ORIENTED_EDGE('',*,*,#3499,.T.);
#4502=ORIENTED_EDGE('',*,*,#2967,.F.);
#4503=ORIENTED_EDGE('',*,*,#3503,.F.);
#4504=ORIENTED_EDGE('',*,*,#3287,.F.);
#4505=ORIENTED_EDGE('',*,*,#3504,.F.);
#4506=ORIENTED_EDGE('',*,*,#2965,.F.);
#4507=ORIENTED_EDGE('',*,*,#3505,.F.);
#4508=ORIENTED_EDGE('',*,*,#3289,.F.);
#4509=ORIENTED_EDGE('',*,*,#3506,.T.);
#4510=ORIENTED_EDGE('',*,*,#2966,.F.);
#4511=ORIENTED_EDGE('',*,*,#3506,.F.);
#4512=ORIENTED_EDGE('',*,*,#3288,.F.);
#4513=ORIENTED_EDGE('',*,*,#3503,.T.);
#4514=ORIENTED_EDGE('',*,*,#3054,.F.);
#4515=ORIENTED_EDGE('',*,*,#3507,.F.);
#4516=ORIENTED_EDGE('',*,*,#3325,.F.);
#4517=ORIENTED_EDGE('',*,*,#3508,.T.);
#4518=ORIENTED_EDGE('',*,*,#3055,.F.);
#4519=ORIENTED_EDGE('',*,*,#3508,.F.);
#4520=ORIENTED_EDGE('',*,*,#3324,.F.);
#4521=ORIENTED_EDGE('',*,*,#3509,.T.);
#4522=ORIENTED_EDGE('',*,*,#3052,.F.);
#4523=ORIENTED_EDGE('',*,*,#3509,.F.);
#4524=ORIENTED_EDGE('',*,*,#3323,.F.);
#4525=ORIENTED_EDGE('',*,*,#3510,.T.);
#4526=ORIENTED_EDGE('',*,*,#3053,.F.);
#4527=ORIENTED_EDGE('',*,*,#3510,.F.);
#4528=ORIENTED_EDGE('',*,*,#3326,.F.);
#4529=ORIENTED_EDGE('',*,*,#3507,.T.);
#4530=ORIENTED_EDGE('',*,*,#3058,.F.);
#4531=ORIENTED_EDGE('',*,*,#3511,.F.);
#4532=ORIENTED_EDGE('',*,*,#3329,.F.);
#4533=ORIENTED_EDGE('',*,*,#3512,.T.);
#4534=ORIENTED_EDGE('',*,*,#3059,.F.);
#4535=ORIENTED_EDGE('',*,*,#3512,.F.);
#4536=ORIENTED_EDGE('',*,*,#3328,.F.);
#4537=ORIENTED_EDGE('',*,*,#3513,.T.);
#4538=ORIENTED_EDGE('',*,*,#3056,.F.);
#4539=ORIENTED_EDGE('',*,*,#3513,.F.);
#4540=ORIENTED_EDGE('',*,*,#3327,.F.);
#4541=ORIENTED_EDGE('',*,*,#3514,.T.);
#4542=ORIENTED_EDGE('',*,*,#3057,.F.);
#4543=ORIENTED_EDGE('',*,*,#3514,.F.);
#4544=ORIENTED_EDGE('',*,*,#3330,.F.);
#4545=ORIENTED_EDGE('',*,*,#3511,.T.);
#4546=ORIENTED_EDGE('',*,*,#3062,.F.);
#4547=ORIENTED_EDGE('',*,*,#3515,.F.);
#4548=ORIENTED_EDGE('',*,*,#3333,.F.);
#4549=ORIENTED_EDGE('',*,*,#3516,.T.);
#4550=ORIENTED_EDGE('',*,*,#3063,.F.);
#4551=ORIENTED_EDGE('',*,*,#3516,.F.);
#4552=ORIENTED_EDGE('',*,*,#3332,.F.);
#4553=ORIENTED_EDGE('',*,*,#3517,.T.);
#4554=ORIENTED_EDGE('',*,*,#3060,.F.);
#4555=ORIENTED_EDGE('',*,*,#3517,.F.);
#4556=ORIENTED_EDGE('',*,*,#3331,.F.);
#4557=ORIENTED_EDGE('',*,*,#3518,.T.);
#4558=ORIENTED_EDGE('',*,*,#3061,.F.);
#4559=ORIENTED_EDGE('',*,*,#3518,.F.);
#4560=ORIENTED_EDGE('',*,*,#3334,.F.);
#4561=ORIENTED_EDGE('',*,*,#3515,.T.);
#4562=ORIENTED_EDGE('',*,*,#2983,.F.);
#4563=ORIENTED_EDGE('',*,*,#3519,.F.);
#4564=ORIENTED_EDGE('',*,*,#3271,.F.);
#4565=ORIENTED_EDGE('',*,*,#3520,.F.);
#4566=ORIENTED_EDGE('',*,*,#2981,.F.);
#4567=ORIENTED_EDGE('',*,*,#3521,.F.);
#4568=ORIENTED_EDGE('',*,*,#3273,.F.);
#4569=ORIENTED_EDGE('',*,*,#3522,.T.);
#4570=ORIENTED_EDGE('',*,*,#2982,.F.);
#4571=ORIENTED_EDGE('',*,*,#3522,.F.);
#4572=ORIENTED_EDGE('',*,*,#3272,.F.);
#4573=ORIENTED_EDGE('',*,*,#3519,.T.);
#4574=ORIENTED_EDGE('',*,*,#3066,.F.);
#4575=ORIENTED_EDGE('',*,*,#3523,.F.);
#4576=ORIENTED_EDGE('',*,*,#3337,.F.);
#4577=ORIENTED_EDGE('',*,*,#3524,.T.);
#4578=ORIENTED_EDGE('',*,*,#3067,.F.);
#4579=ORIENTED_EDGE('',*,*,#3524,.F.);
#4580=ORIENTED_EDGE('',*,*,#3336,.F.);
#4581=ORIENTED_EDGE('',*,*,#3525,.T.);
#4582=ORIENTED_EDGE('',*,*,#3064,.F.);
#4583=ORIENTED_EDGE('',*,*,#3525,.F.);
#4584=ORIENTED_EDGE('',*,*,#3335,.F.);
#4585=ORIENTED_EDGE('',*,*,#3526,.T.);
#4586=ORIENTED_EDGE('',*,*,#3065,.F.);
#4587=ORIENTED_EDGE('',*,*,#3526,.F.);
#4588=ORIENTED_EDGE('',*,*,#3338,.F.);
#4589=ORIENTED_EDGE('',*,*,#3523,.T.);
#4590=ORIENTED_EDGE('',*,*,#2975,.F.);
#4591=ORIENTED_EDGE('',*,*,#3527,.F.);
#4592=ORIENTED_EDGE('',*,*,#3279,.F.);
#4593=ORIENTED_EDGE('',*,*,#3528,.F.);
#4594=ORIENTED_EDGE('',*,*,#2973,.F.);
#4595=ORIENTED_EDGE('',*,*,#3529,.F.);
#4596=ORIENTED_EDGE('',*,*,#3281,.F.);
#4597=ORIENTED_EDGE('',*,*,#3530,.T.);
#4598=ORIENTED_EDGE('',*,*,#2974,.F.);
#4599=ORIENTED_EDGE('',*,*,#3530,.F.);
#4600=ORIENTED_EDGE('',*,*,#3280,.F.);
#4601=ORIENTED_EDGE('',*,*,#3527,.T.);
#4602=ORIENTED_EDGE('',*,*,#3070,.F.);
#4603=ORIENTED_EDGE('',*,*,#3531,.F.);
#4604=ORIENTED_EDGE('',*,*,#3341,.F.);
#4605=ORIENTED_EDGE('',*,*,#3532,.T.);
#4606=ORIENTED_EDGE('',*,*,#3071,.F.);
#4607=ORIENTED_EDGE('',*,*,#3532,.F.);
#4608=ORIENTED_EDGE('',*,*,#3340,.F.);
#4609=ORIENTED_EDGE('',*,*,#3533,.T.);
#4610=ORIENTED_EDGE('',*,*,#3068,.F.);
#4611=ORIENTED_EDGE('',*,*,#3533,.F.);
#4612=ORIENTED_EDGE('',*,*,#3339,.F.);
#4613=ORIENTED_EDGE('',*,*,#3534,.T.);
#4614=ORIENTED_EDGE('',*,*,#3069,.F.);
#4615=ORIENTED_EDGE('',*,*,#3534,.F.);
#4616=ORIENTED_EDGE('',*,*,#3342,.F.);
#4617=ORIENTED_EDGE('',*,*,#3531,.T.);
#4618=ORIENTED_EDGE('',*,*,#3074,.F.);
#4619=ORIENTED_EDGE('',*,*,#3535,.F.);
#4620=ORIENTED_EDGE('',*,*,#3345,.F.);
#4621=ORIENTED_EDGE('',*,*,#3536,.T.);
#4622=ORIENTED_EDGE('',*,*,#3075,.F.);
#4623=ORIENTED_EDGE('',*,*,#3536,.F.);
#4624=ORIENTED_EDGE('',*,*,#3344,.F.);
#4625=ORIENTED_EDGE('',*,*,#3537,.T.);
#4626=ORIENTED_EDGE('',*,*,#3072,.F.);
#4627=ORIENTED_EDGE('',*,*,#3537,.F.);
#4628=ORIENTED_EDGE('',*,*,#3343,.F.);
#4629=ORIENTED_EDGE('',*,*,#3538,.T.);
#4630=ORIENTED_EDGE('',*,*,#3073,.F.);
#4631=ORIENTED_EDGE('',*,*,#3538,.F.);
#4632=ORIENTED_EDGE('',*,*,#3346,.F.);
#4633=ORIENTED_EDGE('',*,*,#3535,.T.);
#4634=ORIENTED_EDGE('',*,*,#2948,.F.);
#4635=ORIENTED_EDGE('',*,*,#3539,.F.);
#4636=ORIENTED_EDGE('',*,*,#3170,.F.);
#4637=ORIENTED_EDGE('',*,*,#3540,.T.);
#4638=ORIENTED_EDGE('',*,*,#2949,.F.);
#4639=ORIENTED_EDGE('',*,*,#3540,.F.);
#4640=ORIENTED_EDGE('',*,*,#3169,.F.);
#4641=ORIENTED_EDGE('',*,*,#3541,.F.);
#4642=ORIENTED_EDGE('',*,*,#2947,.F.);
#4643=ORIENTED_EDGE('',*,*,#3542,.F.);
#4644=ORIENTED_EDGE('',*,*,#3171,.F.);
#4645=ORIENTED_EDGE('',*,*,#3539,.T.);
#4646=ORIENTED_EDGE('',*,*,#2958,.F.);
#4647=ORIENTED_EDGE('',*,*,#3543,.F.);
#4648=ORIENTED_EDGE('',*,*,#3296,.F.);
#4649=ORIENTED_EDGE('',*,*,#3544,.T.);
#4650=ORIENTED_EDGE('',*,*,#2959,.F.);
#4651=ORIENTED_EDGE('',*,*,#3544,.F.);
#4652=ORIENTED_EDGE('',*,*,#3295,.F.);
#4653=ORIENTED_EDGE('',*,*,#3545,.F.);
#4654=ORIENTED_EDGE('',*,*,#2957,.F.);
#4655=ORIENTED_EDGE('',*,*,#3546,.F.);
#4656=ORIENTED_EDGE('',*,*,#3297,.F.);
#4657=ORIENTED_EDGE('',*,*,#3543,.T.);
#4658=ORIENTED_EDGE('',*,*,#3078,.F.);
#4659=ORIENTED_EDGE('',*,*,#3547,.F.);
#4660=ORIENTED_EDGE('',*,*,#3349,.F.);
#4661=ORIENTED_EDGE('',*,*,#3548,.T.);
#4662=ORIENTED_EDGE('',*,*,#3079,.F.);
#4663=ORIENTED_EDGE('',*,*,#3548,.F.);
#4664=ORIENTED_EDGE('',*,*,#3348,.F.);
#4665=ORIENTED_EDGE('',*,*,#3549,.T.);
#4666=ORIENTED_EDGE('',*,*,#3076,.F.);
#4667=ORIENTED_EDGE('',*,*,#3549,.F.);
#4668=ORIENTED_EDGE('',*,*,#3347,.F.);
#4669=ORIENTED_EDGE('',*,*,#3550,.T.);
#4670=ORIENTED_EDGE('',*,*,#3077,.F.);
#4671=ORIENTED_EDGE('',*,*,#3550,.F.);
#4672=ORIENTED_EDGE('',*,*,#3350,.F.);
#4673=ORIENTED_EDGE('',*,*,#3547,.T.);
#4674=ORIENTED_EDGE('',*,*,#2944,.F.);
#4675=ORIENTED_EDGE('',*,*,#3551,.F.);
#4676=ORIENTED_EDGE('',*,*,#3174,.F.);
#4677=ORIENTED_EDGE('',*,*,#3552,.T.);
#4678=ORIENTED_EDGE('',*,*,#2945,.F.);
#4679=ORIENTED_EDGE('',*,*,#3552,.F.);
#4680=ORIENTED_EDGE('',*,*,#3173,.F.);
#4681=ORIENTED_EDGE('',*,*,#3553,.F.);
#4682=ORIENTED_EDGE('',*,*,#2943,.F.);
#4683=ORIENTED_EDGE('',*,*,#3554,.F.);
#4684=ORIENTED_EDGE('',*,*,#3175,.F.);
#4685=ORIENTED_EDGE('',*,*,#3551,.T.);
#4686=ORIENTED_EDGE('',*,*,#2963,.F.);
#4687=ORIENTED_EDGE('',*,*,#3555,.F.);
#4688=ORIENTED_EDGE('',*,*,#3291,.F.);
#4689=ORIENTED_EDGE('',*,*,#3556,.F.);
#4690=ORIENTED_EDGE('',*,*,#2961,.F.);
#4691=ORIENTED_EDGE('',*,*,#3557,.F.);
#4692=ORIENTED_EDGE('',*,*,#3293,.F.);
#4693=ORIENTED_EDGE('',*,*,#3558,.T.);
#4694=ORIENTED_EDGE('',*,*,#2962,.F.);
#4695=ORIENTED_EDGE('',*,*,#3558,.F.);
#4696=ORIENTED_EDGE('',*,*,#3292,.F.);
#4697=ORIENTED_EDGE('',*,*,#3555,.T.);
#4698=ORIENTED_EDGE('',*,*,#2952,.F.);
#4699=ORIENTED_EDGE('',*,*,#3559,.F.);
#4700=ORIENTED_EDGE('',*,*,#3166,.F.);
#4701=ORIENTED_EDGE('',*,*,#3560,.T.);
#4702=ORIENTED_EDGE('',*,*,#2953,.F.);
#4703=ORIENTED_EDGE('',*,*,#3560,.F.);
#4704=ORIENTED_EDGE('',*,*,#3165,.F.);
#4705=ORIENTED_EDGE('',*,*,#3561,.F.);
#4706=ORIENTED_EDGE('',*,*,#2951,.F.);
#4707=ORIENTED_EDGE('',*,*,#3562,.F.);
#4708=ORIENTED_EDGE('',*,*,#3167,.F.);
#4709=ORIENTED_EDGE('',*,*,#3559,.T.);
#4710=ORIENTED_EDGE('',*,*,#3082,.F.);
#4711=ORIENTED_EDGE('',*,*,#3563,.F.);
#4712=ORIENTED_EDGE('',*,*,#3353,.F.);
#4713=ORIENTED_EDGE('',*,*,#3564,.T.);
#4714=ORIENTED_EDGE('',*,*,#3083,.F.);
#4715=ORIENTED_EDGE('',*,*,#3564,.F.);
#4716=ORIENTED_EDGE('',*,*,#3352,.F.);
#4717=ORIENTED_EDGE('',*,*,#3565,.T.);
#4718=ORIENTED_EDGE('',*,*,#3080,.F.);
#4719=ORIENTED_EDGE('',*,*,#3565,.F.);
#4720=ORIENTED_EDGE('',*,*,#3351,.F.);
#4721=ORIENTED_EDGE('',*,*,#3566,.T.);
#4722=ORIENTED_EDGE('',*,*,#3081,.F.);
#4723=ORIENTED_EDGE('',*,*,#3566,.F.);
#4724=ORIENTED_EDGE('',*,*,#3354,.F.);
#4725=ORIENTED_EDGE('',*,*,#3563,.T.);
#4726=ORIENTED_EDGE('',*,*,#3086,.F.);
#4727=ORIENTED_EDGE('',*,*,#3567,.F.);
#4728=ORIENTED_EDGE('',*,*,#3357,.F.);
#4729=ORIENTED_EDGE('',*,*,#3568,.T.);
#4730=ORIENTED_EDGE('',*,*,#3087,.F.);
#4731=ORIENTED_EDGE('',*,*,#3568,.F.);
#4732=ORIENTED_EDGE('',*,*,#3356,.F.);
#4733=ORIENTED_EDGE('',*,*,#3569,.T.);
#4734=ORIENTED_EDGE('',*,*,#3084,.F.);
#4735=ORIENTED_EDGE('',*,*,#3569,.F.);
#4736=ORIENTED_EDGE('',*,*,#3355,.F.);
#4737=ORIENTED_EDGE('',*,*,#3570,.T.);
#4738=ORIENTED_EDGE('',*,*,#3085,.F.);
#4739=ORIENTED_EDGE('',*,*,#3570,.F.);
#4740=ORIENTED_EDGE('',*,*,#3358,.F.);
#4741=ORIENTED_EDGE('',*,*,#3567,.T.);
#4742=ORIENTED_EDGE('',*,*,#2978,.F.);
#4743=ORIENTED_EDGE('',*,*,#3571,.F.);
#4744=ORIENTED_EDGE('',*,*,#3276,.F.);
#4745=ORIENTED_EDGE('',*,*,#3572,.T.);
#4746=ORIENTED_EDGE('',*,*,#2979,.F.);
#4747=ORIENTED_EDGE('',*,*,#3572,.F.);
#4748=ORIENTED_EDGE('',*,*,#3275,.F.);
#4749=ORIENTED_EDGE('',*,*,#3573,.F.);
#4750=ORIENTED_EDGE('',*,*,#2977,.F.);
#4751=ORIENTED_EDGE('',*,*,#3574,.F.);
#4752=ORIENTED_EDGE('',*,*,#3277,.F.);
#4753=ORIENTED_EDGE('',*,*,#3571,.T.);
#4754=ORIENTED_EDGE('',*,*,#2928,.F.);
#4755=ORIENTED_EDGE('',*,*,#3575,.F.);
#4756=ORIENTED_EDGE('',*,*,#3190,.F.);
#4757=ORIENTED_EDGE('',*,*,#3576,.T.);
#4758=ORIENTED_EDGE('',*,*,#2929,.F.);
#4759=ORIENTED_EDGE('',*,*,#3576,.F.);
#4760=ORIENTED_EDGE('',*,*,#3189,.F.);
#4761=ORIENTED_EDGE('',*,*,#3577,.F.);
#4762=ORIENTED_EDGE('',*,*,#2927,.F.);
#4763=ORIENTED_EDGE('',*,*,#3578,.F.);
#4764=ORIENTED_EDGE('',*,*,#3191,.F.);
#4765=ORIENTED_EDGE('',*,*,#3575,.T.);
#4766=ORIENTED_EDGE('',*,*,#3090,.F.);
#4767=ORIENTED_EDGE('',*,*,#3579,.F.);
#4768=ORIENTED_EDGE('',*,*,#3361,.F.);
#4769=ORIENTED_EDGE('',*,*,#3580,.T.);
#4770=ORIENTED_EDGE('',*,*,#3091,.F.);
#4771=ORIENTED_EDGE('',*,*,#3580,.F.);
#4772=ORIENTED_EDGE('',*,*,#3360,.F.);
#4773=ORIENTED_EDGE('',*,*,#3581,.T.);
#4774=ORIENTED_EDGE('',*,*,#3088,.F.);
#4775=ORIENTED_EDGE('',*,*,#3581,.F.);
#4776=ORIENTED_EDGE('',*,*,#3359,.F.);
#4777=ORIENTED_EDGE('',*,*,#3582,.T.);
#4778=ORIENTED_EDGE('',*,*,#3089,.F.);
#4779=ORIENTED_EDGE('',*,*,#3582,.F.);
#4780=ORIENTED_EDGE('',*,*,#3362,.F.);
#4781=ORIENTED_EDGE('',*,*,#3579,.T.);
#4782=ORIENTED_EDGE('',*,*,#3520,.T.);
#4783=ORIENTED_EDGE('',*,*,#3270,.F.);
#4784=ORIENTED_EDGE('',*,*,#3583,.T.);
#4785=ORIENTED_EDGE('',*,*,#2984,.F.);
#4786=ORIENTED_EDGE('',*,*,#3528,.T.);
#4787=ORIENTED_EDGE('',*,*,#3278,.F.);
#4788=ORIENTED_EDGE('',*,*,#3574,.T.);
#4789=ORIENTED_EDGE('',*,*,#2976,.F.);
#4790=ORIENTED_EDGE('',*,*,#3545,.T.);
#4791=ORIENTED_EDGE('',*,*,#3294,.F.);
#4792=ORIENTED_EDGE('',*,*,#3557,.T.);
#4793=ORIENTED_EDGE('',*,*,#2960,.F.);
#4794=ORIENTED_EDGE('',*,*,#3500,.T.);
#4795=ORIENTED_EDGE('',*,*,#3282,.F.);
#4796=ORIENTED_EDGE('',*,*,#3529,.T.);
#4797=ORIENTED_EDGE('',*,*,#2972,.F.);
#4798=ORIENTED_EDGE('',*,*,#3521,.T.);
#4799=ORIENTED_EDGE('',*,*,#2980,.F.);
#4800=ORIENTED_EDGE('',*,*,#3573,.T.);
#4801=ORIENTED_EDGE('',*,*,#3274,.F.);
#4802=ORIENTED_EDGE('',*,*,#3505,.T.);
#4803=ORIENTED_EDGE('',*,*,#2964,.F.);
#4804=ORIENTED_EDGE('',*,*,#3556,.T.);
#4805=ORIENTED_EDGE('',*,*,#3290,.F.);
#4806=ORIENTED_EDGE('',*,*,#3501,.T.);
#4807=ORIENTED_EDGE('',*,*,#2968,.F.);
#4808=ORIENTED_EDGE('',*,*,#3504,.T.);
#4809=ORIENTED_EDGE('',*,*,#3286,.F.);
#4810=ORIENTED_EDGE('',*,*,#3490,.T.);
#4811=ORIENTED_EDGE('',*,*,#3298,.F.);
#4812=ORIENTED_EDGE('',*,*,#3546,.T.);
#4813=ORIENTED_EDGE('',*,*,#2956,.F.);
#4814=ORIENTED_EDGE('',*,*,#3578,.T.);
#4815=ORIENTED_EDGE('',*,*,#2926,.F.);
#4816=ORIENTED_EDGE('',*,*,#3584,.T.);
#4817=ORIENTED_EDGE('',*,*,#3192,.F.);
#4818=ORIENTED_EDGE('',*,*,#3541,.T.);
#4819=ORIENTED_EDGE('',*,*,#3168,.F.);
#4820=ORIENTED_EDGE('',*,*,#3562,.T.);
#4821=ORIENTED_EDGE('',*,*,#2950,.F.);
#4822=ORIENTED_EDGE('',*,*,#3542,.T.);
#4823=ORIENTED_EDGE('',*,*,#2946,.F.);
#4824=ORIENTED_EDGE('',*,*,#3553,.T.);
#4825=ORIENTED_EDGE('',*,*,#3172,.F.);
#4826=ORIENTED_EDGE('',*,*,#3489,.T.);
#4827=ORIENTED_EDGE('',*,*,#2954,.F.);
#4828=ORIENTED_EDGE('',*,*,#3561,.T.);
#4829=ORIENTED_EDGE('',*,*,#3164,.F.);
#4830=ORIENTED_EDGE('',*,*,#3497,.T.);
#4831=ORIENTED_EDGE('',*,*,#3176,.F.);
#4832=ORIENTED_EDGE('',*,*,#3554,.T.);
#4833=ORIENTED_EDGE('',*,*,#2942,.F.);
#4834=ORIENTED_EDGE('',*,*,#3476,.T.);
#4835=ORIENTED_EDGE('',*,*,#2930,.F.);
#4836=ORIENTED_EDGE('',*,*,#3577,.T.);
#4837=ORIENTED_EDGE('',*,*,#3188,.F.);
#4838=ORIENTED_EDGE('',*,*,#3471,.T.);
#4839=ORIENTED_EDGE('',*,*,#3180,.F.);
#4840=ORIENTED_EDGE('',*,*,#3498,.T.);
#4841=ORIENTED_EDGE('',*,*,#2938,.F.);
#4842=ORIENTED_EDGE('',*,*,#2995,.F.);
#4843=ORIENTED_EDGE('',*,*,#3585,.F.);
#4844=ORIENTED_EDGE('',*,*,#3259,.F.);
#4845=ORIENTED_EDGE('',*,*,#3586,.F.);
#4846=ORIENTED_EDGE('',*,*,#2993,.F.);
#4847=ORIENTED_EDGE('',*,*,#3587,.F.);
#4848=ORIENTED_EDGE('',*,*,#3261,.F.);
#4849=ORIENTED_EDGE('',*,*,#3588,.T.);
#4850=ORIENTED_EDGE('',*,*,#2994,.F.);
#4851=ORIENTED_EDGE('',*,*,#3588,.F.);
#4852=ORIENTED_EDGE('',*,*,#3260,.F.);
#4853=ORIENTED_EDGE('',*,*,#3585,.T.);
#4854=ORIENTED_EDGE('',*,*,#2920,.F.);
#4855=ORIENTED_EDGE('',*,*,#3589,.F.);
#4856=ORIENTED_EDGE('',*,*,#3198,.F.);
#4857=ORIENTED_EDGE('',*,*,#3590,.T.);
#4858=ORIENTED_EDGE('',*,*,#2921,.F.);
#4859=ORIENTED_EDGE('',*,*,#3590,.F.);
#4860=ORIENTED_EDGE('',*,*,#3197,.F.);
#4861=ORIENTED_EDGE('',*,*,#3591,.F.);
#4862=ORIENTED_EDGE('',*,*,#2919,.F.);
#4863=ORIENTED_EDGE('',*,*,#3592,.F.);
#4864=ORIENTED_EDGE('',*,*,#3199,.F.);
#4865=ORIENTED_EDGE('',*,*,#3589,.T.);
#4866=ORIENTED_EDGE('',*,*,#2904,.F.);
#4867=ORIENTED_EDGE('',*,*,#3593,.F.);
#4868=ORIENTED_EDGE('',*,*,#3214,.F.);
#4869=ORIENTED_EDGE('',*,*,#3594,.T.);
#4870=ORIENTED_EDGE('',*,*,#2905,.F.);
#4871=ORIENTED_EDGE('',*,*,#3594,.F.);
#4872=ORIENTED_EDGE('',*,*,#3213,.F.);
#4873=ORIENTED_EDGE('',*,*,#3595,.F.);
#4874=ORIENTED_EDGE('',*,*,#2903,.F.);
#4875=ORIENTED_EDGE('',*,*,#3596,.F.);
#4876=ORIENTED_EDGE('',*,*,#3215,.F.);
#4877=ORIENTED_EDGE('',*,*,#3593,.T.);
#4878=ORIENTED_EDGE('',*,*,#3154,.F.);
#4879=ORIENTED_EDGE('',*,*,#3597,.F.);
#4880=ORIENTED_EDGE('',*,*,#3425,.F.);
#4881=ORIENTED_EDGE('',*,*,#3598,.T.);
#4882=ORIENTED_EDGE('',*,*,#3155,.F.);
#4883=ORIENTED_EDGE('',*,*,#3598,.F.);
#4884=ORIENTED_EDGE('',*,*,#3424,.F.);
#4885=ORIENTED_EDGE('',*,*,#3599,.T.);
#4886=ORIENTED_EDGE('',*,*,#3152,.F.);
#4887=ORIENTED_EDGE('',*,*,#3599,.F.);
#4888=ORIENTED_EDGE('',*,*,#3423,.F.);
#4889=ORIENTED_EDGE('',*,*,#3600,.T.);
#4890=ORIENTED_EDGE('',*,*,#3153,.F.);
#4891=ORIENTED_EDGE('',*,*,#3600,.F.);
#4892=ORIENTED_EDGE('',*,*,#3426,.F.);
#4893=ORIENTED_EDGE('',*,*,#3597,.T.);
#4894=ORIENTED_EDGE('',*,*,#3150,.F.);
#4895=ORIENTED_EDGE('',*,*,#3601,.F.);
#4896=ORIENTED_EDGE('',*,*,#3421,.F.);
#4897=ORIENTED_EDGE('',*,*,#3602,.T.);
#4898=ORIENTED_EDGE('',*,*,#3151,.F.);
#4899=ORIENTED_EDGE('',*,*,#3602,.F.);
#4900=ORIENTED_EDGE('',*,*,#3420,.F.);
#4901=ORIENTED_EDGE('',*,*,#3603,.T.);
#4902=ORIENTED_EDGE('',*,*,#3148,.F.);
#4903=ORIENTED_EDGE('',*,*,#3603,.F.);
#4904=ORIENTED_EDGE('',*,*,#3419,.F.);
#4905=ORIENTED_EDGE('',*,*,#3604,.T.);
#4906=ORIENTED_EDGE('',*,*,#3149,.F.);
#4907=ORIENTED_EDGE('',*,*,#3604,.F.);
#4908=ORIENTED_EDGE('',*,*,#3422,.F.);
#4909=ORIENTED_EDGE('',*,*,#3601,.T.);
#4910=ORIENTED_EDGE('',*,*,#3146,.F.);
#4911=ORIENTED_EDGE('',*,*,#3605,.F.);
#4912=ORIENTED_EDGE('',*,*,#3417,.F.);
#4913=ORIENTED_EDGE('',*,*,#3606,.T.);
#4914=ORIENTED_EDGE('',*,*,#3147,.F.);
#4915=ORIENTED_EDGE('',*,*,#3606,.F.);
#4916=ORIENTED_EDGE('',*,*,#3416,.F.);
#4917=ORIENTED_EDGE('',*,*,#3607,.T.);
#4918=ORIENTED_EDGE('',*,*,#3144,.F.);
#4919=ORIENTED_EDGE('',*,*,#3607,.F.);
#4920=ORIENTED_EDGE('',*,*,#3415,.F.);
#4921=ORIENTED_EDGE('',*,*,#3608,.T.);
#4922=ORIENTED_EDGE('',*,*,#3145,.F.);
#4923=ORIENTED_EDGE('',*,*,#3608,.F.);
#4924=ORIENTED_EDGE('',*,*,#3418,.F.);
#4925=ORIENTED_EDGE('',*,*,#3605,.T.);
#4926=ORIENTED_EDGE('',*,*,#3007,.F.);
#4927=ORIENTED_EDGE('',*,*,#3609,.F.);
#4928=ORIENTED_EDGE('',*,*,#3247,.F.);
#4929=ORIENTED_EDGE('',*,*,#3610,.F.);
#4930=ORIENTED_EDGE('',*,*,#3005,.F.);
#4931=ORIENTED_EDGE('',*,*,#3611,.F.);
#4932=ORIENTED_EDGE('',*,*,#3249,.F.);
#4933=ORIENTED_EDGE('',*,*,#3612,.T.);
#4934=ORIENTED_EDGE('',*,*,#3006,.F.);
#4935=ORIENTED_EDGE('',*,*,#3612,.F.);
#4936=ORIENTED_EDGE('',*,*,#3248,.F.);
#4937=ORIENTED_EDGE('',*,*,#3609,.T.);
#4938=ORIENTED_EDGE('',*,*,#3142,.F.);
#4939=ORIENTED_EDGE('',*,*,#3613,.F.);
#4940=ORIENTED_EDGE('',*,*,#3413,.F.);
#4941=ORIENTED_EDGE('',*,*,#3614,.T.);
#4942=ORIENTED_EDGE('',*,*,#3143,.F.);
#4943=ORIENTED_EDGE('',*,*,#3614,.F.);
#4944=ORIENTED_EDGE('',*,*,#3412,.F.);
#4945=ORIENTED_EDGE('',*,*,#3615,.T.);
#4946=ORIENTED_EDGE('',*,*,#3140,.F.);
#4947=ORIENTED_EDGE('',*,*,#3615,.F.);
#4948=ORIENTED_EDGE('',*,*,#3411,.F.);
#4949=ORIENTED_EDGE('',*,*,#3616,.T.);
#4950=ORIENTED_EDGE('',*,*,#3141,.F.);
#4951=ORIENTED_EDGE('',*,*,#3616,.F.);
#4952=ORIENTED_EDGE('',*,*,#3414,.F.);
#4953=ORIENTED_EDGE('',*,*,#3613,.T.);
#4954=ORIENTED_EDGE('',*,*,#3138,.F.);
#4955=ORIENTED_EDGE('',*,*,#3617,.F.);
#4956=ORIENTED_EDGE('',*,*,#3409,.F.);
#4957=ORIENTED_EDGE('',*,*,#3618,.T.);
#4958=ORIENTED_EDGE('',*,*,#3139,.F.);
#4959=ORIENTED_EDGE('',*,*,#3618,.F.);
#4960=ORIENTED_EDGE('',*,*,#3408,.F.);
#4961=ORIENTED_EDGE('',*,*,#3619,.T.);
#4962=ORIENTED_EDGE('',*,*,#3136,.F.);
#4963=ORIENTED_EDGE('',*,*,#3619,.F.);
#4964=ORIENTED_EDGE('',*,*,#3407,.F.);
#4965=ORIENTED_EDGE('',*,*,#3620,.T.);
#4966=ORIENTED_EDGE('',*,*,#3137,.F.);
#4967=ORIENTED_EDGE('',*,*,#3620,.F.);
#4968=ORIENTED_EDGE('',*,*,#3410,.F.);
#4969=ORIENTED_EDGE('',*,*,#3617,.T.);
#4970=ORIENTED_EDGE('',*,*,#3134,.F.);
#4971=ORIENTED_EDGE('',*,*,#3621,.F.);
#4972=ORIENTED_EDGE('',*,*,#3405,.F.);
#4973=ORIENTED_EDGE('',*,*,#3622,.T.);
#4974=ORIENTED_EDGE('',*,*,#3135,.F.);
#4975=ORIENTED_EDGE('',*,*,#3622,.F.);
#4976=ORIENTED_EDGE('',*,*,#3404,.F.);
#4977=ORIENTED_EDGE('',*,*,#3623,.T.);
#4978=ORIENTED_EDGE('',*,*,#3132,.F.);
#4979=ORIENTED_EDGE('',*,*,#3623,.F.);
#4980=ORIENTED_EDGE('',*,*,#3403,.F.);
#4981=ORIENTED_EDGE('',*,*,#3624,.T.);
#4982=ORIENTED_EDGE('',*,*,#3133,.F.);
#4983=ORIENTED_EDGE('',*,*,#3624,.F.);
#4984=ORIENTED_EDGE('',*,*,#3406,.F.);
#4985=ORIENTED_EDGE('',*,*,#3621,.T.);
#4986=ORIENTED_EDGE('',*,*,#3130,.F.);
#4987=ORIENTED_EDGE('',*,*,#3625,.F.);
#4988=ORIENTED_EDGE('',*,*,#3401,.F.);
#4989=ORIENTED_EDGE('',*,*,#3626,.T.);
#4990=ORIENTED_EDGE('',*,*,#3131,.F.);
#4991=ORIENTED_EDGE('',*,*,#3626,.F.);
#4992=ORIENTED_EDGE('',*,*,#3400,.F.);
#4993=ORIENTED_EDGE('',*,*,#3627,.T.);
#4994=ORIENTED_EDGE('',*,*,#3128,.F.);
#4995=ORIENTED_EDGE('',*,*,#3627,.F.);
#4996=ORIENTED_EDGE('',*,*,#3399,.F.);
#4997=ORIENTED_EDGE('',*,*,#3628,.T.);
#4998=ORIENTED_EDGE('',*,*,#3129,.F.);
#4999=ORIENTED_EDGE('',*,*,#3628,.F.);
#5000=ORIENTED_EDGE('',*,*,#3402,.F.);
#5001=ORIENTED_EDGE('',*,*,#3625,.T.);
#5002=ORIENTED_EDGE('',*,*,#2908,.F.);
#5003=ORIENTED_EDGE('',*,*,#3629,.F.);
#5004=ORIENTED_EDGE('',*,*,#3210,.F.);
#5005=ORIENTED_EDGE('',*,*,#3630,.T.);
#5006=ORIENTED_EDGE('',*,*,#2909,.F.);
#5007=ORIENTED_EDGE('',*,*,#3630,.F.);
#5008=ORIENTED_EDGE('',*,*,#3209,.F.);
#5009=ORIENTED_EDGE('',*,*,#3631,.F.);
#5010=ORIENTED_EDGE('',*,*,#2907,.F.);
#5011=ORIENTED_EDGE('',*,*,#3632,.F.);
#5012=ORIENTED_EDGE('',*,*,#3211,.F.);
#5013=ORIENTED_EDGE('',*,*,#3629,.T.);
#5014=ORIENTED_EDGE('',*,*,#2924,.F.);
#5015=ORIENTED_EDGE('',*,*,#3633,.F.);
#5016=ORIENTED_EDGE('',*,*,#3194,.F.);
#5017=ORIENTED_EDGE('',*,*,#3634,.T.);
#5018=ORIENTED_EDGE('',*,*,#2925,.F.);
#5019=ORIENTED_EDGE('',*,*,#3634,.F.);
#5020=ORIENTED_EDGE('',*,*,#3193,.F.);
#5021=ORIENTED_EDGE('',*,*,#3584,.F.);
#5022=ORIENTED_EDGE('',*,*,#2923,.F.);
#5023=ORIENTED_EDGE('',*,*,#3635,.F.);
#5024=ORIENTED_EDGE('',*,*,#3195,.F.);
#5025=ORIENTED_EDGE('',*,*,#3633,.T.);
#5026=ORIENTED_EDGE('',*,*,#2999,.F.);
#5027=ORIENTED_EDGE('',*,*,#3636,.F.);
#5028=ORIENTED_EDGE('',*,*,#3255,.F.);
#5029=ORIENTED_EDGE('',*,*,#3637,.F.);
#5030=ORIENTED_EDGE('',*,*,#2997,.F.);
#5031=ORIENTED_EDGE('',*,*,#3638,.F.);
#5032=ORIENTED_EDGE('',*,*,#3257,.F.);
#5033=ORIENTED_EDGE('',*,*,#3639,.T.);
#5034=ORIENTED_EDGE('',*,*,#2998,.F.);
#5035=ORIENTED_EDGE('',*,*,#3639,.F.);
#5036=ORIENTED_EDGE('',*,*,#3256,.F.);
#5037=ORIENTED_EDGE('',*,*,#3636,.T.);
#5038=ORIENTED_EDGE('',*,*,#2991,.F.);
#5039=ORIENTED_EDGE('',*,*,#3640,.F.);
#5040=ORIENTED_EDGE('',*,*,#3263,.F.);
#5041=ORIENTED_EDGE('',*,*,#3641,.F.);
#5042=ORIENTED_EDGE('',*,*,#2989,.F.);
#5043=ORIENTED_EDGE('',*,*,#3642,.F.);
#5044=ORIENTED_EDGE('',*,*,#3265,.F.);
#5045=ORIENTED_EDGE('',*,*,#3643,.T.);
#5046=ORIENTED_EDGE('',*,*,#2990,.F.);
#5047=ORIENTED_EDGE('',*,*,#3643,.F.);
#5048=ORIENTED_EDGE('',*,*,#3264,.F.);
#5049=ORIENTED_EDGE('',*,*,#3640,.T.);
#5050=ORIENTED_EDGE('',*,*,#2916,.F.);
#5051=ORIENTED_EDGE('',*,*,#3644,.F.);
#5052=ORIENTED_EDGE('',*,*,#3202,.F.);
#5053=ORIENTED_EDGE('',*,*,#3645,.T.);
#5054=ORIENTED_EDGE('',*,*,#2917,.F.);
#5055=ORIENTED_EDGE('',*,*,#3645,.F.);
#5056=ORIENTED_EDGE('',*,*,#3201,.F.);
#5057=ORIENTED_EDGE('',*,*,#3646,.F.);
#5058=ORIENTED_EDGE('',*,*,#2915,.F.);
#5059=ORIENTED_EDGE('',*,*,#3647,.F.);
#5060=ORIENTED_EDGE('',*,*,#3203,.F.);
#5061=ORIENTED_EDGE('',*,*,#3644,.T.);
#5062=ORIENTED_EDGE('',*,*,#2900,.F.);
#5063=ORIENTED_EDGE('',*,*,#3648,.F.);
#5064=ORIENTED_EDGE('',*,*,#3218,.F.);
#5065=ORIENTED_EDGE('',*,*,#3649,.T.);
#5066=ORIENTED_EDGE('',*,*,#2901,.F.);
#5067=ORIENTED_EDGE('',*,*,#3649,.F.);
#5068=ORIENTED_EDGE('',*,*,#3217,.F.);
#5069=ORIENTED_EDGE('',*,*,#3650,.F.);
#5070=ORIENTED_EDGE('',*,*,#2899,.F.);
#5071=ORIENTED_EDGE('',*,*,#3651,.F.);
#5072=ORIENTED_EDGE('',*,*,#3219,.F.);
#5073=ORIENTED_EDGE('',*,*,#3648,.T.);
#5074=ORIENTED_EDGE('',*,*,#3126,.F.);
#5075=ORIENTED_EDGE('',*,*,#3652,.F.);
#5076=ORIENTED_EDGE('',*,*,#3397,.F.);
#5077=ORIENTED_EDGE('',*,*,#3653,.T.);
#5078=ORIENTED_EDGE('',*,*,#3127,.F.);
#5079=ORIENTED_EDGE('',*,*,#3653,.F.);
#5080=ORIENTED_EDGE('',*,*,#3396,.F.);
#5081=ORIENTED_EDGE('',*,*,#3654,.T.);
#5082=ORIENTED_EDGE('',*,*,#3124,.F.);
#5083=ORIENTED_EDGE('',*,*,#3654,.F.);
#5084=ORIENTED_EDGE('',*,*,#3395,.F.);
#5085=ORIENTED_EDGE('',*,*,#3655,.T.);
#5086=ORIENTED_EDGE('',*,*,#3125,.F.);
#5087=ORIENTED_EDGE('',*,*,#3655,.F.);
#5088=ORIENTED_EDGE('',*,*,#3398,.F.);
#5089=ORIENTED_EDGE('',*,*,#3652,.T.);
#5090=ORIENTED_EDGE('',*,*,#3122,.F.);
#5091=ORIENTED_EDGE('',*,*,#3656,.F.);
#5092=ORIENTED_EDGE('',*,*,#3393,.F.);
#5093=ORIENTED_EDGE('',*,*,#3657,.T.);
#5094=ORIENTED_EDGE('',*,*,#3123,.F.);
#5095=ORIENTED_EDGE('',*,*,#3657,.F.);
#5096=ORIENTED_EDGE('',*,*,#3392,.F.);
#5097=ORIENTED_EDGE('',*,*,#3658,.T.);
#5098=ORIENTED_EDGE('',*,*,#3120,.F.);
#5099=ORIENTED_EDGE('',*,*,#3658,.F.);
#5100=ORIENTED_EDGE('',*,*,#3391,.F.);
#5101=ORIENTED_EDGE('',*,*,#3659,.T.);
#5102=ORIENTED_EDGE('',*,*,#3121,.F.);
#5103=ORIENTED_EDGE('',*,*,#3659,.F.);
#5104=ORIENTED_EDGE('',*,*,#3394,.F.);
#5105=ORIENTED_EDGE('',*,*,#3656,.T.);
#5106=ORIENTED_EDGE('',*,*,#3118,.F.);
#5107=ORIENTED_EDGE('',*,*,#3660,.F.);
#5108=ORIENTED_EDGE('',*,*,#3389,.F.);
#5109=ORIENTED_EDGE('',*,*,#3661,.T.);
#5110=ORIENTED_EDGE('',*,*,#3119,.F.);
#5111=ORIENTED_EDGE('',*,*,#3661,.F.);
#5112=ORIENTED_EDGE('',*,*,#3388,.F.);
#5113=ORIENTED_EDGE('',*,*,#3662,.T.);
#5114=ORIENTED_EDGE('',*,*,#3116,.F.);
#5115=ORIENTED_EDGE('',*,*,#3662,.F.);
#5116=ORIENTED_EDGE('',*,*,#3387,.F.);
#5117=ORIENTED_EDGE('',*,*,#3663,.T.);
#5118=ORIENTED_EDGE('',*,*,#3117,.F.);
#5119=ORIENTED_EDGE('',*,*,#3663,.F.);
#5120=ORIENTED_EDGE('',*,*,#3390,.F.);
#5121=ORIENTED_EDGE('',*,*,#3660,.T.);
#5122=ORIENTED_EDGE('',*,*,#3114,.F.);
#5123=ORIENTED_EDGE('',*,*,#3664,.F.);
#5124=ORIENTED_EDGE('',*,*,#3385,.F.);
#5125=ORIENTED_EDGE('',*,*,#3665,.T.);
#5126=ORIENTED_EDGE('',*,*,#3115,.F.);
#5127=ORIENTED_EDGE('',*,*,#3665,.F.);
#5128=ORIENTED_EDGE('',*,*,#3384,.F.);
#5129=ORIENTED_EDGE('',*,*,#3666,.T.);
#5130=ORIENTED_EDGE('',*,*,#3112,.F.);
#5131=ORIENTED_EDGE('',*,*,#3666,.F.);
#5132=ORIENTED_EDGE('',*,*,#3383,.F.);
#5133=ORIENTED_EDGE('',*,*,#3667,.T.);
#5134=ORIENTED_EDGE('',*,*,#3113,.F.);
#5135=ORIENTED_EDGE('',*,*,#3667,.F.);
#5136=ORIENTED_EDGE('',*,*,#3386,.F.);
#5137=ORIENTED_EDGE('',*,*,#3664,.T.);
#5138=ORIENTED_EDGE('',*,*,#3110,.F.);
#5139=ORIENTED_EDGE('',*,*,#3668,.F.);
#5140=ORIENTED_EDGE('',*,*,#3381,.F.);
#5141=ORIENTED_EDGE('',*,*,#3669,.T.);
#5142=ORIENTED_EDGE('',*,*,#3111,.F.);
#5143=ORIENTED_EDGE('',*,*,#3669,.F.);
#5144=ORIENTED_EDGE('',*,*,#3380,.F.);
#5145=ORIENTED_EDGE('',*,*,#3670,.T.);
#5146=ORIENTED_EDGE('',*,*,#3108,.F.);
#5147=ORIENTED_EDGE('',*,*,#3670,.F.);
#5148=ORIENTED_EDGE('',*,*,#3379,.F.);
#5149=ORIENTED_EDGE('',*,*,#3671,.T.);
#5150=ORIENTED_EDGE('',*,*,#3109,.F.);
#5151=ORIENTED_EDGE('',*,*,#3671,.F.);
#5152=ORIENTED_EDGE('',*,*,#3382,.F.);
#5153=ORIENTED_EDGE('',*,*,#3668,.T.);
#5154=ORIENTED_EDGE('',*,*,#3106,.F.);
#5155=ORIENTED_EDGE('',*,*,#3672,.F.);
#5156=ORIENTED_EDGE('',*,*,#3377,.F.);
#5157=ORIENTED_EDGE('',*,*,#3673,.T.);
#5158=ORIENTED_EDGE('',*,*,#3107,.F.);
#5159=ORIENTED_EDGE('',*,*,#3673,.F.);
#5160=ORIENTED_EDGE('',*,*,#3376,.F.);
#5161=ORIENTED_EDGE('',*,*,#3674,.T.);
#5162=ORIENTED_EDGE('',*,*,#3104,.F.);
#5163=ORIENTED_EDGE('',*,*,#3674,.F.);
#5164=ORIENTED_EDGE('',*,*,#3375,.F.);
#5165=ORIENTED_EDGE('',*,*,#3675,.T.);
#5166=ORIENTED_EDGE('',*,*,#3105,.F.);
#5167=ORIENTED_EDGE('',*,*,#3675,.F.);
#5168=ORIENTED_EDGE('',*,*,#3378,.F.);
#5169=ORIENTED_EDGE('',*,*,#3672,.T.);
#5170=ORIENTED_EDGE('',*,*,#3102,.F.);
#5171=ORIENTED_EDGE('',*,*,#3676,.F.);
#5172=ORIENTED_EDGE('',*,*,#3373,.F.);
#5173=ORIENTED_EDGE('',*,*,#3677,.T.);
#5174=ORIENTED_EDGE('',*,*,#3103,.F.);
#5175=ORIENTED_EDGE('',*,*,#3677,.F.);
#5176=ORIENTED_EDGE('',*,*,#3372,.F.);
#5177=ORIENTED_EDGE('',*,*,#3678,.T.);
#5178=ORIENTED_EDGE('',*,*,#3100,.F.);
#5179=ORIENTED_EDGE('',*,*,#3678,.F.);
#5180=ORIENTED_EDGE('',*,*,#3371,.F.);
#5181=ORIENTED_EDGE('',*,*,#3679,.T.);
#5182=ORIENTED_EDGE('',*,*,#3101,.F.);
#5183=ORIENTED_EDGE('',*,*,#3679,.F.);
#5184=ORIENTED_EDGE('',*,*,#3374,.F.);
#5185=ORIENTED_EDGE('',*,*,#3676,.T.);
#5186=ORIENTED_EDGE('',*,*,#3011,.F.);
#5187=ORIENTED_EDGE('',*,*,#3680,.F.);
#5188=ORIENTED_EDGE('',*,*,#3243,.F.);
#5189=ORIENTED_EDGE('',*,*,#3681,.F.);
#5190=ORIENTED_EDGE('',*,*,#3009,.F.);
#5191=ORIENTED_EDGE('',*,*,#3682,.F.);
#5192=ORIENTED_EDGE('',*,*,#3245,.F.);
#5193=ORIENTED_EDGE('',*,*,#3683,.T.);
#5194=ORIENTED_EDGE('',*,*,#3010,.F.);
#5195=ORIENTED_EDGE('',*,*,#3683,.F.);
#5196=ORIENTED_EDGE('',*,*,#3244,.F.);
#5197=ORIENTED_EDGE('',*,*,#3680,.T.);
#5198=ORIENTED_EDGE('',*,*,#2912,.F.);
#5199=ORIENTED_EDGE('',*,*,#3684,.F.);
#5200=ORIENTED_EDGE('',*,*,#3206,.F.);
#5201=ORIENTED_EDGE('',*,*,#3685,.T.);
#5202=ORIENTED_EDGE('',*,*,#2913,.F.);
#5203=ORIENTED_EDGE('',*,*,#3685,.F.);
#5204=ORIENTED_EDGE('',*,*,#3205,.F.);
#5205=ORIENTED_EDGE('',*,*,#3686,.F.);
#5206=ORIENTED_EDGE('',*,*,#2911,.F.);
#5207=ORIENTED_EDGE('',*,*,#3687,.F.);
#5208=ORIENTED_EDGE('',*,*,#3207,.F.);
#5209=ORIENTED_EDGE('',*,*,#3684,.T.);
#5210=ORIENTED_EDGE('',*,*,#2986,.F.);
#5211=ORIENTED_EDGE('',*,*,#3688,.F.);
#5212=ORIENTED_EDGE('',*,*,#3268,.F.);
#5213=ORIENTED_EDGE('',*,*,#3689,.T.);
#5214=ORIENTED_EDGE('',*,*,#2987,.F.);
#5215=ORIENTED_EDGE('',*,*,#3689,.F.);
#5216=ORIENTED_EDGE('',*,*,#3267,.F.);
#5217=ORIENTED_EDGE('',*,*,#3690,.F.);
#5218=ORIENTED_EDGE('',*,*,#2985,.F.);
#5219=ORIENTED_EDGE('',*,*,#3583,.F.);
#5220=ORIENTED_EDGE('',*,*,#3269,.F.);
#5221=ORIENTED_EDGE('',*,*,#3688,.T.);
#5222=ORIENTED_EDGE('',*,*,#3003,.F.);
#5223=ORIENTED_EDGE('',*,*,#3691,.F.);
#5224=ORIENTED_EDGE('',*,*,#3251,.F.);
#5225=ORIENTED_EDGE('',*,*,#3692,.F.);
#5226=ORIENTED_EDGE('',*,*,#3001,.F.);
#5227=ORIENTED_EDGE('',*,*,#3693,.F.);
#5228=ORIENTED_EDGE('',*,*,#3253,.F.);
#5229=ORIENTED_EDGE('',*,*,#3694,.T.);
#5230=ORIENTED_EDGE('',*,*,#3002,.F.);
#5231=ORIENTED_EDGE('',*,*,#3694,.F.);
#5232=ORIENTED_EDGE('',*,*,#3252,.F.);
#5233=ORIENTED_EDGE('',*,*,#3691,.T.);
#5234=ORIENTED_EDGE('',*,*,#3651,.T.);
#5235=ORIENTED_EDGE('',*,*,#2898,.F.);
#5236=ORIENTED_EDGE('',*,*,#3695,.T.);
#5237=ORIENTED_EDGE('',*,*,#3220,.F.);
#5238=ORIENTED_EDGE('',*,*,#3647,.T.);
#5239=ORIENTED_EDGE('',*,*,#2914,.F.);
#5240=ORIENTED_EDGE('',*,*,#3686,.T.);
#5241=ORIENTED_EDGE('',*,*,#3204,.F.);
#5242=ORIENTED_EDGE('',*,*,#3472,.T.);
#5243=ORIENTED_EDGE('',*,*,#2934,.F.);
#5244=ORIENTED_EDGE('',*,*,#3475,.T.);
#5245=ORIENTED_EDGE('',*,*,#3184,.F.);
#5246=ORIENTED_EDGE('',*,*,#3631,.T.);
#5247=ORIENTED_EDGE('',*,*,#3208,.F.);
#5248=ORIENTED_EDGE('',*,*,#3687,.T.);
#5249=ORIENTED_EDGE('',*,*,#2910,.F.);
#5250=ORIENTED_EDGE('',*,*,#3595,.T.);
#5251=ORIENTED_EDGE('',*,*,#3212,.F.);
#5252=ORIENTED_EDGE('',*,*,#3632,.T.);
#5253=ORIENTED_EDGE('',*,*,#2906,.F.);
#5254=ORIENTED_EDGE('',*,*,#3596,.T.);
#5255=ORIENTED_EDGE('',*,*,#2902,.F.);
#5256=ORIENTED_EDGE('',*,*,#3650,.T.);
#5257=ORIENTED_EDGE('',*,*,#3216,.F.);
#5258=ORIENTED_EDGE('',*,*,#3591,.T.);
#5259=ORIENTED_EDGE('',*,*,#3196,.F.);
#5260=ORIENTED_EDGE('',*,*,#3635,.T.);
#5261=ORIENTED_EDGE('',*,*,#2922,.F.);
#5262=ORIENTED_EDGE('',*,*,#3681,.T.);
#5263=ORIENTED_EDGE('',*,*,#3242,.F.);
#5264=ORIENTED_EDGE('',*,*,#3696,.T.);
#5265=ORIENTED_EDGE('',*,*,#3012,.F.);
#5266=ORIENTED_EDGE('',*,*,#3637,.T.);
#5267=ORIENTED_EDGE('',*,*,#3254,.F.);
#5268=ORIENTED_EDGE('',*,*,#3693,.T.);
#5269=ORIENTED_EDGE('',*,*,#3000,.F.);
#5270=ORIENTED_EDGE('',*,*,#3610,.T.);
#5271=ORIENTED_EDGE('',*,*,#3246,.F.);
#5272=ORIENTED_EDGE('',*,*,#3682,.T.);
#5273=ORIENTED_EDGE('',*,*,#3008,.F.);
#5274=ORIENTED_EDGE('',*,*,#3642,.T.);
#5275=ORIENTED_EDGE('',*,*,#2988,.F.);
#5276=ORIENTED_EDGE('',*,*,#3690,.T.);
#5277=ORIENTED_EDGE('',*,*,#3266,.F.);
#5278=ORIENTED_EDGE('',*,*,#3586,.T.);
#5279=ORIENTED_EDGE('',*,*,#3258,.F.);
#5280=ORIENTED_EDGE('',*,*,#3638,.T.);
#5281=ORIENTED_EDGE('',*,*,#2996,.F.);
#5282=ORIENTED_EDGE('',*,*,#3611,.T.);
#5283=ORIENTED_EDGE('',*,*,#3004,.F.);
#5284=ORIENTED_EDGE('',*,*,#3692,.T.);
#5285=ORIENTED_EDGE('',*,*,#3250,.F.);
#5286=ORIENTED_EDGE('',*,*,#3587,.T.);
#5287=ORIENTED_EDGE('',*,*,#2992,.F.);
#5288=ORIENTED_EDGE('',*,*,#3641,.T.);
#5289=ORIENTED_EDGE('',*,*,#3262,.F.);
#5290=ORIENTED_EDGE('',*,*,#3094,.F.);
#5291=ORIENTED_EDGE('',*,*,#3697,.F.);
#5292=ORIENTED_EDGE('',*,*,#3369,.F.);
#5293=ORIENTED_EDGE('',*,*,#3698,.T.);
#5294=ORIENTED_EDGE('',*,*,#3095,.F.);
#5295=ORIENTED_EDGE('',*,*,#3698,.F.);
#5296=ORIENTED_EDGE('',*,*,#3368,.F.);
#5297=ORIENTED_EDGE('',*,*,#3699,.T.);
#5298=ORIENTED_EDGE('',*,*,#3092,.F.);
#5299=ORIENTED_EDGE('',*,*,#3699,.F.);
#5300=ORIENTED_EDGE('',*,*,#3367,.F.);
#5301=ORIENTED_EDGE('',*,*,#3700,.T.);
#5302=ORIENTED_EDGE('',*,*,#3093,.F.);
#5303=ORIENTED_EDGE('',*,*,#3700,.F.);
#5304=ORIENTED_EDGE('',*,*,#3370,.F.);
#5305=ORIENTED_EDGE('',*,*,#3697,.T.);
#5306=ORIENTED_EDGE('',*,*,#2896,.F.);
#5307=ORIENTED_EDGE('',*,*,#3701,.F.);
#5308=ORIENTED_EDGE('',*,*,#3222,.F.);
#5309=ORIENTED_EDGE('',*,*,#3702,.T.);
#5310=ORIENTED_EDGE('',*,*,#2897,.F.);
#5311=ORIENTED_EDGE('',*,*,#3702,.F.);
#5312=ORIENTED_EDGE('',*,*,#3221,.F.);
#5313=ORIENTED_EDGE('',*,*,#3695,.F.);
#5314=ORIENTED_EDGE('',*,*,#2895,.F.);
#5315=ORIENTED_EDGE('',*,*,#3468,.F.);
#5316=ORIENTED_EDGE('',*,*,#3223,.F.);
#5317=ORIENTED_EDGE('',*,*,#3701,.T.);
#5318=ORIENTED_EDGE('',*,*,#3015,.F.);
#5319=ORIENTED_EDGE('',*,*,#3703,.F.);
#5320=ORIENTED_EDGE('',*,*,#3239,.F.);
#5321=ORIENTED_EDGE('',*,*,#3704,.F.);
#5322=ORIENTED_EDGE('',*,*,#3013,.F.);
#5323=ORIENTED_EDGE('',*,*,#3696,.F.);
#5324=ORIENTED_EDGE('',*,*,#3241,.F.);
#5325=ORIENTED_EDGE('',*,*,#3705,.T.);
#5326=ORIENTED_EDGE('',*,*,#3014,.F.);
#5327=ORIENTED_EDGE('',*,*,#3705,.F.);
#5328=ORIENTED_EDGE('',*,*,#3240,.F.);
#5329=ORIENTED_EDGE('',*,*,#3703,.T.);
#5330=ORIENTED_EDGE('',*,*,#3592,.T.);
#5331=ORIENTED_EDGE('',*,*,#2918,.F.);
#5332=ORIENTED_EDGE('',*,*,#3646,.T.);
#5333=ORIENTED_EDGE('',*,*,#3200,.F.);
#5334=ORIENTED_EDGE('',*,*,#3451,.T.);
#5335=ORIENTED_EDGE('',*,*,#3016,.F.);
#5336=ORIENTED_EDGE('',*,*,#3704,.T.);
#5337=ORIENTED_EDGE('',*,*,#3238,.T.);
#5338=ORIENTED_EDGE('',*,*,#3098,.F.);
#5339=ORIENTED_EDGE('',*,*,#3706,.F.);
#5340=ORIENTED_EDGE('',*,*,#3365,.F.);
#5341=ORIENTED_EDGE('',*,*,#3707,.T.);
#5342=ORIENTED_EDGE('',*,*,#3099,.F.);
#5343=ORIENTED_EDGE('',*,*,#3707,.F.);
#5344=ORIENTED_EDGE('',*,*,#3364,.F.);
#5345=ORIENTED_EDGE('',*,*,#3708,.T.);
#5346=ORIENTED_EDGE('',*,*,#3096,.F.);
#5347=ORIENTED_EDGE('',*,*,#3708,.F.);
#5348=ORIENTED_EDGE('',*,*,#3363,.F.);
#5349=ORIENTED_EDGE('',*,*,#3709,.T.);
#5350=ORIENTED_EDGE('',*,*,#3097,.F.);
#5351=ORIENTED_EDGE('',*,*,#3709,.F.);
#5352=ORIENTED_EDGE('',*,*,#3366,.F.);
#5353=ORIENTED_EDGE('',*,*,#3706,.T.);
#5354=PLANE('',#5917);
#5355=PLANE('',#5918);
#5356=PLANE('',#5919);
#5357=PLANE('',#5925);
#5358=PLANE('',#5926);
#5359=PLANE('',#5927);
#5360=PLANE('',#5928);
#5361=PLANE('',#5929);
#5362=PLANE('',#5930);
#5363=PLANE('',#5931);
#5364=PLANE('',#5932);
#5365=PLANE('',#5933);
#5366=PLANE('',#5934);
#5367=PLANE('',#5935);
#5368=PLANE('',#5936);
#5369=PLANE('',#5937);
#5370=PLANE('',#5938);
#5371=PLANE('',#5939);
#5372=PLANE('',#5940);
#5373=PLANE('',#5941);
#5374=PLANE('',#5942);
#5375=PLANE('',#5943);
#5376=PLANE('',#5944);
#5377=PLANE('',#5945);
#5378=PLANE('',#5946);
#5379=PLANE('',#5947);
#5380=PLANE('',#5948);
#5381=PLANE('',#5949);
#5382=PLANE('',#5950);
#5383=PLANE('',#5951);
#5384=PLANE('',#5952);
#5385=PLANE('',#5953);
#5386=PLANE('',#5954);
#5387=PLANE('',#5955);
#5388=PLANE('',#5956);
#5389=PLANE('',#5957);
#5390=PLANE('',#5958);
#5391=PLANE('',#5959);
#5392=PLANE('',#5960);
#5393=PLANE('',#5961);
#5394=PLANE('',#5962);
#5395=PLANE('',#5963);
#5396=PLANE('',#5964);
#5397=PLANE('',#5965);
#5398=PLANE('',#5966);
#5399=PLANE('',#5967);
#5400=PLANE('',#5968);
#5401=PLANE('',#5969);
#5402=PLANE('',#5970);
#5403=PLANE('',#5971);
#5404=PLANE('',#5972);
#5405=PLANE('',#5973);
#5406=PLANE('',#5974);
#5407=PLANE('',#5975);
#5408=PLANE('',#5976);
#5409=PLANE('',#5977);
#5410=PLANE('',#5978);
#5411=PLANE('',#5979);
#5412=PLANE('',#5980);
#5413=PLANE('',#5981);
#5414=PLANE('',#5982);
#5415=PLANE('',#5983);
#5416=PLANE('',#5984);
#5417=PLANE('',#5985);
#5418=PLANE('',#5986);
#5419=PLANE('',#5987);
#5420=PLANE('',#5988);
#5421=PLANE('',#5989);
#5422=PLANE('',#5990);
#5423=PLANE('',#5991);
#5424=PLANE('',#5992);
#5425=PLANE('',#5993);
#5426=PLANE('',#5994);
#5427=PLANE('',#5995);
#5428=PLANE('',#5996);
#5429=PLANE('',#5997);
#5430=PLANE('',#5998);
#5431=PLANE('',#5999);
#5432=PLANE('',#6000);
#5433=PLANE('',#6001);
#5434=PLANE('',#6002);
#5435=PLANE('',#6003);
#5436=PLANE('',#6004);
#5437=PLANE('',#6005);
#5438=PLANE('',#6006);
#5439=PLANE('',#6007);
#5440=PLANE('',#6008);
#5441=PLANE('',#6009);
#5442=PLANE('',#6010);
#5443=PLANE('',#6011);
#5444=PLANE('',#6012);
#5445=PLANE('',#6013);
#5446=PLANE('',#6014);
#5447=PLANE('',#6015);
#5448=PLANE('',#6016);
#5449=PLANE('',#6017);
#5450=PLANE('',#6018);
#5451=PLANE('',#6019);
#5452=PLANE('',#6020);
#5453=PLANE('',#6021);
#5454=PLANE('',#6022);
#5455=PLANE('',#6023);
#5456=PLANE('',#6024);
#5457=PLANE('',#6025);
#5458=PLANE('',#6026);
#5459=PLANE('',#6027);
#5460=PLANE('',#6028);
#5461=PLANE('',#6029);
#5462=PLANE('',#6030);
#5463=PLANE('',#6031);
#5464=PLANE('',#6032);
#5465=PLANE('',#6033);
#5466=PLANE('',#6034);
#5467=PLANE('',#6035);
#5468=PLANE('',#6036);
#5469=PLANE('',#6037);
#5470=PLANE('',#6038);
#5471=PLANE('',#6039);
#5472=PLANE('',#6040);
#5473=PLANE('',#6041);
#5474=PLANE('',#6042);
#5475=PLANE('',#6043);
#5476=PLANE('',#6044);
#5477=PLANE('',#6045);
#5478=PLANE('',#6046);
#5479=PLANE('',#6047);
#5480=PLANE('',#6048);
#5481=PLANE('',#6049);
#5482=PLANE('',#6050);
#5483=PLANE('',#6051);
#5484=PLANE('',#6052);
#5485=PLANE('',#6053);
#5486=PLANE('',#6054);
#5487=PLANE('',#6055);
#5488=PLANE('',#6056);
#5489=PLANE('',#6057);
#5490=PLANE('',#6058);
#5491=PLANE('',#6059);
#5492=PLANE('',#6060);
#5493=PLANE('',#6061);
#5494=PLANE('',#6062);
#5495=PLANE('',#6063);
#5496=PLANE('',#6064);
#5497=PLANE('',#6065);
#5498=PLANE('',#6066);
#5499=PLANE('',#6067);
#5500=PLANE('',#6068);
#5501=PLANE('',#6069);
#5502=PLANE('',#6070);
#5503=PLANE('',#6071);
#5504=PLANE('',#6072);
#5505=PLANE('',#6073);
#5506=PLANE('',#6074);
#5507=PLANE('',#6075);
#5508=PLANE('',#6076);
#5509=PLANE('',#6077);
#5510=PLANE('',#6078);
#5511=PLANE('',#6079);
#5512=PLANE('',#6080);
#5513=PLANE('',#6081);
#5514=PLANE('',#6082);
#5515=PLANE('',#6083);
#5516=PLANE('',#6084);
#5517=PLANE('',#6085);
#5518=PLANE('',#6086);
#5519=PLANE('',#6087);
#5520=PLANE('',#6088);
#5521=PLANE('',#6089);
#5522=PLANE('',#6090);
#5523=PLANE('',#6091);
#5524=PLANE('',#6092);
#5525=PLANE('',#6093);
#5526=PLANE('',#6094);
#5527=PLANE('',#6095);
#5528=PLANE('',#6096);
#5529=PLANE('',#6097);
#5530=PLANE('',#6098);
#5531=PLANE('',#6099);
#5532=PLANE('',#6100);
#5533=PLANE('',#6101);
#5534=PLANE('',#6102);
#5535=PLANE('',#6103);
#5536=PLANE('',#6104);
#5537=PLANE('',#6105);
#5538=PLANE('',#6106);
#5539=PLANE('',#6107);
#5540=PLANE('',#6108);
#5541=PLANE('',#6109);
#5542=PLANE('',#6110);
#5543=PLANE('',#6111);
#5544=PLANE('',#6112);
#5545=PLANE('',#6113);
#5546=PLANE('',#6114);
#5547=PLANE('',#6115);
#5548=PLANE('',#6116);
#5549=PLANE('',#6117);
#5550=PLANE('',#6118);
#5551=PLANE('',#6119);
#5552=PLANE('',#6120);
#5553=PLANE('',#6121);
#5554=PLANE('',#6122);
#5555=PLANE('',#6123);
#5556=PLANE('',#6124);
#5557=PLANE('',#6125);
#5558=PLANE('',#6126);
#5559=PLANE('',#6127);
#5560=PLANE('',#6128);
#5561=PLANE('',#6129);
#5562=PLANE('',#6130);
#5563=PLANE('',#6131);
#5564=PLANE('',#6132);
#5565=PLANE('',#6133);
#5566=PLANE('',#6134);
#5567=PLANE('',#6135);
#5568=PLANE('',#6136);
#5569=PLANE('',#6137);
#5570=PLANE('',#6138);
#5571=PLANE('',#6139);
#5572=PLANE('',#6140);
#5573=PLANE('',#6141);
#5574=PLANE('',#6142);
#5575=PLANE('',#6143);
#5576=PLANE('',#6144);
#5577=PLANE('',#6145);
#5578=PLANE('',#6146);
#5579=PLANE('',#6147);
#5580=PLANE('',#6148);
#5581=PLANE('',#6149);
#5582=PLANE('',#6150);
#5583=PLANE('',#6151);
#5584=PLANE('',#6152);
#5585=PLANE('',#6153);
#5586=PLANE('',#6154);
#5587=PLANE('',#6155);
#5588=PLANE('',#6156);
#5589=PLANE('',#6157);
#5590=PLANE('',#6158);
#5591=PLANE('',#6159);
#5592=PLANE('',#6160);
#5593=PLANE('',#6161);
#5594=PLANE('',#6162);
#5595=PLANE('',#6163);
#5596=PLANE('',#6164);
#5597=PLANE('',#6165);
#5598=PLANE('',#6166);
#5599=PLANE('',#6167);
#5600=PLANE('',#6168);
#5601=PLANE('',#6169);
#5602=PLANE('',#6170);
#5603=PLANE('',#6171);
#5604=PLANE('',#6172);
#5605=PLANE('',#6173);
#5606=PLANE('',#6174);
#5607=PLANE('',#6175);
#5608=PLANE('',#6176);
#5609=PLANE('',#6177);
#5610=PLANE('',#6178);
#5611=PLANE('',#6179);
#5612=PLANE('',#6180);
#5613=PLANE('',#6181);
#5614=PLANE('',#6182);
#5615=PLANE('',#6183);
#5616=PLANE('',#6184);
#5617=PLANE('',#6185);
#5618=PLANE('',#6186);
#5619=PLANE('',#6187);
#5620=PLANE('',#6188);
#5621=PLANE('',#6189);
#5622=PLANE('',#6190);
#5623=PLANE('',#6191);
#5624=PLANE('',#6192);
#5625=PLANE('',#6193);
#5626=PLANE('',#6194);
#5627=PLANE('',#6195);
#5628=ADVANCED_FACE('',(#87,#20,#21,#22,#23,#24,#25,#26,#27,#28,#29,#30,
#31,#32,#33,#34,#35,#36,#37,#38,#39,#40,#41,#42,#43,#44,#45,#46,#47,#48,
#49,#50,#51,#52),#5354,.F.);
#5629=ADVANCED_FACE('',(#88,#53),#5355,.T.);
#5630=ADVANCED_FACE('',(#89,#54,#55,#56,#57,#58,#59,#60,#61,#62,#63,#64,
#65,#66,#67,#68,#69,#70,#71,#72,#73,#74,#75,#76,#77,#78,#79,#80,#81,#82,
#83,#84,#85),#5356,.T.);
#5631=ADVANCED_FACE('',(#90),#19,.F.);
#5632=ADVANCED_FACE('',(#91),#5357,.T.);
#5633=ADVANCED_FACE('',(#92),#5358,.F.);
#5634=ADVANCED_FACE('',(#93,#86),#5359,.T.);
#5635=ADVANCED_FACE('',(#94),#5360,.T.);
#5636=ADVANCED_FACE('',(#95),#5361,.F.);
#5637=ADVANCED_FACE('',(#96),#5362,.T.);
#5638=ADVANCED_FACE('',(#97),#5363,.T.);
#5639=ADVANCED_FACE('',(#98),#5364,.T.);
#5640=ADVANCED_FACE('',(#99),#5365,.F.);
#5641=ADVANCED_FACE('',(#100),#5366,.F.);
#5642=ADVANCED_FACE('',(#101),#5367,.F.);
#5643=ADVANCED_FACE('',(#102),#5368,.F.);
#5644=ADVANCED_FACE('',(#103),#5369,.F.);
#5645=ADVANCED_FACE('',(#104),#5370,.F.);
#5646=ADVANCED_FACE('',(#105),#5371,.F.);
#5647=ADVANCED_FACE('',(#106),#5372,.F.);
#5648=ADVANCED_FACE('',(#107),#5373,.F.);
#5649=ADVANCED_FACE('',(#108),#5374,.F.);
#5650=ADVANCED_FACE('',(#109),#5375,.F.);
#5651=ADVANCED_FACE('',(#110),#5376,.F.);
#5652=ADVANCED_FACE('',(#111),#5377,.F.);
#5653=ADVANCED_FACE('',(#112),#5378,.F.);
#5654=ADVANCED_FACE('',(#113),#5379,.F.);
#5655=ADVANCED_FACE('',(#114),#5380,.F.);
#5656=ADVANCED_FACE('',(#115),#5381,.F.);
#5657=ADVANCED_FACE('',(#116),#5382,.F.);
#5658=ADVANCED_FACE('',(#117),#5383,.T.);
#5659=ADVANCED_FACE('',(#118),#5384,.T.);
#5660=ADVANCED_FACE('',(#119),#5385,.T.);
#5661=ADVANCED_FACE('',(#120),#5386,.F.);
#5662=ADVANCED_FACE('',(#121),#5387,.F.);
#5663=ADVANCED_FACE('',(#122),#5388,.F.);
#5664=ADVANCED_FACE('',(#123),#5389,.F.);
#5665=ADVANCED_FACE('',(#124),#5390,.F.);
#5666=ADVANCED_FACE('',(#125),#5391,.F.);
#5667=ADVANCED_FACE('',(#126),#5392,.F.);
#5668=ADVANCED_FACE('',(#127),#5393,.F.);
#5669=ADVANCED_FACE('',(#128),#5394,.F.);
#5670=ADVANCED_FACE('',(#129),#5395,.F.);
#5671=ADVANCED_FACE('',(#130),#5396,.F.);
#5672=ADVANCED_FACE('',(#131),#5397,.F.);
#5673=ADVANCED_FACE('',(#132),#5398,.F.);
#5674=ADVANCED_FACE('',(#133),#5399,.F.);
#5675=ADVANCED_FACE('',(#134),#5400,.F.);
#5676=ADVANCED_FACE('',(#135),#5401,.F.);
#5677=ADVANCED_FACE('',(#136),#5402,.F.);
#5678=ADVANCED_FACE('',(#137),#5403,.F.);
#5679=ADVANCED_FACE('',(#138),#5404,.F.);
#5680=ADVANCED_FACE('',(#139),#5405,.F.);
#5681=ADVANCED_FACE('',(#140),#5406,.F.);
#5682=ADVANCED_FACE('',(#141),#5407,.F.);
#5683=ADVANCED_FACE('',(#142),#5408,.F.);
#5684=ADVANCED_FACE('',(#143),#5409,.F.);
#5685=ADVANCED_FACE('',(#144),#5410,.F.);
#5686=ADVANCED_FACE('',(#145),#5411,.F.);
#5687=ADVANCED_FACE('',(#146),#5412,.F.);
#5688=ADVANCED_FACE('',(#147),#5413,.F.);
#5689=ADVANCED_FACE('',(#148),#5414,.F.);
#5690=ADVANCED_FACE('',(#149),#5415,.F.);
#5691=ADVANCED_FACE('',(#150),#5416,.F.);
#5692=ADVANCED_FACE('',(#151),#5417,.F.);
#5693=ADVANCED_FACE('',(#152),#5418,.F.);
#5694=ADVANCED_FACE('',(#153),#5419,.F.);
#5695=ADVANCED_FACE('',(#154),#5420,.F.);
#5696=ADVANCED_FACE('',(#155),#5421,.F.);
#5697=ADVANCED_FACE('',(#156),#5422,.F.);
#5698=ADVANCED_FACE('',(#157),#5423,.F.);
#5699=ADVANCED_FACE('',(#158),#5424,.F.);
#5700=ADVANCED_FACE('',(#159),#5425,.F.);
#5701=ADVANCED_FACE('',(#160),#5426,.F.);
#5702=ADVANCED_FACE('',(#161),#5427,.F.);
#5703=ADVANCED_FACE('',(#162),#5428,.F.);
#5704=ADVANCED_FACE('',(#163),#5429,.F.);
#5705=ADVANCED_FACE('',(#164),#5430,.F.);
#5706=ADVANCED_FACE('',(#165),#5431,.F.);
#5707=ADVANCED_FACE('',(#166),#5432,.F.);
#5708=ADVANCED_FACE('',(#167),#5433,.F.);
#5709=ADVANCED_FACE('',(#168),#5434,.F.);
#5710=ADVANCED_FACE('',(#169),#5435,.F.);
#5711=ADVANCED_FACE('',(#170),#5436,.F.);
#5712=ADVANCED_FACE('',(#171),#5437,.F.);
#5713=ADVANCED_FACE('',(#172),#5438,.F.);
#5714=ADVANCED_FACE('',(#173),#5439,.F.);
#5715=ADVANCED_FACE('',(#174),#5440,.F.);
#5716=ADVANCED_FACE('',(#175),#5441,.F.);
#5717=ADVANCED_FACE('',(#176),#5442,.F.);
#5718=ADVANCED_FACE('',(#177),#5443,.F.);
#5719=ADVANCED_FACE('',(#178),#5444,.F.);
#5720=ADVANCED_FACE('',(#179),#5445,.F.);
#5721=ADVANCED_FACE('',(#180),#5446,.F.);
#5722=ADVANCED_FACE('',(#181),#5447,.F.);
#5723=ADVANCED_FACE('',(#182),#5448,.F.);
#5724=ADVANCED_FACE('',(#183),#5449,.F.);
#5725=ADVANCED_FACE('',(#184),#5450,.F.);
#5726=ADVANCED_FACE('',(#185),#5451,.F.);
#5727=ADVANCED_FACE('',(#186),#5452,.F.);
#5728=ADVANCED_FACE('',(#187),#5453,.F.);
#5729=ADVANCED_FACE('',(#188),#5454,.F.);
#5730=ADVANCED_FACE('',(#189),#5455,.F.);
#5731=ADVANCED_FACE('',(#190),#5456,.F.);
#5732=ADVANCED_FACE('',(#191),#5457,.F.);
#5733=ADVANCED_FACE('',(#192),#5458,.F.);
#5734=ADVANCED_FACE('',(#193),#5459,.F.);
#5735=ADVANCED_FACE('',(#194),#5460,.F.);
#5736=ADVANCED_FACE('',(#195),#5461,.F.);
#5737=ADVANCED_FACE('',(#196),#5462,.F.);
#5738=ADVANCED_FACE('',(#197),#5463,.F.);
#5739=ADVANCED_FACE('',(#198),#5464,.F.);
#5740=ADVANCED_FACE('',(#199),#5465,.F.);
#5741=ADVANCED_FACE('',(#200),#5466,.F.);
#5742=ADVANCED_FACE('',(#201),#5467,.F.);
#5743=ADVANCED_FACE('',(#202),#5468,.F.);
#5744=ADVANCED_FACE('',(#203),#5469,.F.);
#5745=ADVANCED_FACE('',(#204),#5470,.F.);
#5746=ADVANCED_FACE('',(#205),#5471,.F.);
#5747=ADVANCED_FACE('',(#206),#5472,.F.);
#5748=ADVANCED_FACE('',(#207),#5473,.F.);
#5749=ADVANCED_FACE('',(#208),#5474,.F.);
#5750=ADVANCED_FACE('',(#209),#5475,.F.);
#5751=ADVANCED_FACE('',(#210),#5476,.F.);
#5752=ADVANCED_FACE('',(#211),#5477,.F.);
#5753=ADVANCED_FACE('',(#212),#5478,.F.);
#5754=ADVANCED_FACE('',(#213),#5479,.F.);
#5755=ADVANCED_FACE('',(#214),#5480,.F.);
#5756=ADVANCED_FACE('',(#215),#5481,.F.);
#5757=ADVANCED_FACE('',(#216),#5482,.F.);
#5758=ADVANCED_FACE('',(#217),#5483,.F.);
#5759=ADVANCED_FACE('',(#218),#5484,.F.);
#5760=ADVANCED_FACE('',(#219),#5485,.T.);
#5761=ADVANCED_FACE('',(#220),#5486,.T.);
#5762=ADVANCED_FACE('',(#221),#5487,.T.);
#5763=ADVANCED_FACE('',(#222),#5488,.T.);
#5764=ADVANCED_FACE('',(#223),#5489,.T.);
#5765=ADVANCED_FACE('',(#224),#5490,.T.);
#5766=ADVANCED_FACE('',(#225),#5491,.T.);
#5767=ADVANCED_FACE('',(#226),#5492,.T.);
#5768=ADVANCED_FACE('',(#227),#5493,.T.);
#5769=ADVANCED_FACE('',(#228),#5494,.T.);
#5770=ADVANCED_FACE('',(#229),#5495,.T.);
#5771=ADVANCED_FACE('',(#230),#5496,.T.);
#5772=ADVANCED_FACE('',(#231),#5497,.T.);
#5773=ADVANCED_FACE('',(#232),#5498,.T.);
#5774=ADVANCED_FACE('',(#233),#5499,.T.);
#5775=ADVANCED_FACE('',(#234),#5500,.F.);
#5776=ADVANCED_FACE('',(#235),#5501,.F.);
#5777=ADVANCED_FACE('',(#236),#5502,.F.);
#5778=ADVANCED_FACE('',(#237),#5503,.F.);
#5779=ADVANCED_FACE('',(#238),#5504,.F.);
#5780=ADVANCED_FACE('',(#239),#5505,.F.);
#5781=ADVANCED_FACE('',(#240),#5506,.F.);
#5782=ADVANCED_FACE('',(#241),#5507,.F.);
#5783=ADVANCED_FACE('',(#242),#5508,.F.);
#5784=ADVANCED_FACE('',(#243),#5509,.F.);
#5785=ADVANCED_FACE('',(#244),#5510,.F.);
#5786=ADVANCED_FACE('',(#245),#5511,.F.);
#5787=ADVANCED_FACE('',(#246),#5512,.F.);
#5788=ADVANCED_FACE('',(#247),#5513,.F.);
#5789=ADVANCED_FACE('',(#248),#5514,.F.);
#5790=ADVANCED_FACE('',(#249),#5515,.F.);
#5791=ADVANCED_FACE('',(#250),#5516,.F.);
#5792=ADVANCED_FACE('',(#251),#5517,.F.);
#5793=ADVANCED_FACE('',(#252),#5518,.F.);
#5794=ADVANCED_FACE('',(#253),#5519,.F.);
#5795=ADVANCED_FACE('',(#254),#5520,.F.);
#5796=ADVANCED_FACE('',(#255),#5521,.F.);
#5797=ADVANCED_FACE('',(#256),#5522,.F.);
#5798=ADVANCED_FACE('',(#257),#5523,.F.);
#5799=ADVANCED_FACE('',(#258),#5524,.F.);
#5800=ADVANCED_FACE('',(#259),#5525,.F.);
#5801=ADVANCED_FACE('',(#260),#5526,.F.);
#5802=ADVANCED_FACE('',(#261),#5527,.F.);
#5803=ADVANCED_FACE('',(#262),#5528,.F.);
#5804=ADVANCED_FACE('',(#263),#5529,.F.);
#5805=ADVANCED_FACE('',(#264),#5530,.F.);
#5806=ADVANCED_FACE('',(#265),#5531,.F.);
#5807=ADVANCED_FACE('',(#266),#5532,.F.);
#5808=ADVANCED_FACE('',(#267),#5533,.F.);
#5809=ADVANCED_FACE('',(#268),#5534,.F.);
#5810=ADVANCED_FACE('',(#269),#5535,.F.);
#5811=ADVANCED_FACE('',(#270),#5536,.F.);
#5812=ADVANCED_FACE('',(#271),#5537,.F.);
#5813=ADVANCED_FACE('',(#272),#5538,.F.);
#5814=ADVANCED_FACE('',(#273),#5539,.F.);
#5815=ADVANCED_FACE('',(#274),#5540,.F.);
#5816=ADVANCED_FACE('',(#275),#5541,.F.);
#5817=ADVANCED_FACE('',(#276),#5542,.F.);
#5818=ADVANCED_FACE('',(#277),#5543,.F.);
#5819=ADVANCED_FACE('',(#278),#5544,.F.);
#5820=ADVANCED_FACE('',(#279),#5545,.F.);
#5821=ADVANCED_FACE('',(#280),#5546,.F.);
#5822=ADVANCED_FACE('',(#281),#5547,.F.);
#5823=ADVANCED_FACE('',(#282),#5548,.F.);
#5824=ADVANCED_FACE('',(#283),#5549,.F.);
#5825=ADVANCED_FACE('',(#284),#5550,.F.);
#5826=ADVANCED_FACE('',(#285),#5551,.F.);
#5827=ADVANCED_FACE('',(#286),#5552,.F.);
#5828=ADVANCED_FACE('',(#287),#5553,.F.);
#5829=ADVANCED_FACE('',(#288),#5554,.F.);
#5830=ADVANCED_FACE('',(#289),#5555,.F.);
#5831=ADVANCED_FACE('',(#290),#5556,.F.);
#5832=ADVANCED_FACE('',(#291),#5557,.F.);
#5833=ADVANCED_FACE('',(#292),#5558,.F.);
#5834=ADVANCED_FACE('',(#293),#5559,.F.);
#5835=ADVANCED_FACE('',(#294),#5560,.F.);
#5836=ADVANCED_FACE('',(#295),#5561,.F.);
#5837=ADVANCED_FACE('',(#296),#5562,.F.);
#5838=ADVANCED_FACE('',(#297),#5563,.F.);
#5839=ADVANCED_FACE('',(#298),#5564,.F.);
#5840=ADVANCED_FACE('',(#299),#5565,.F.);
#5841=ADVANCED_FACE('',(#300),#5566,.F.);
#5842=ADVANCED_FACE('',(#301),#5567,.F.);
#5843=ADVANCED_FACE('',(#302),#5568,.F.);
#5844=ADVANCED_FACE('',(#303),#5569,.F.);
#5845=ADVANCED_FACE('',(#304),#5570,.F.);
#5846=ADVANCED_FACE('',(#305),#5571,.F.);
#5847=ADVANCED_FACE('',(#306),#5572,.F.);
#5848=ADVANCED_FACE('',(#307),#5573,.F.);
#5849=ADVANCED_FACE('',(#308),#5574,.F.);
#5850=ADVANCED_FACE('',(#309),#5575,.F.);
#5851=ADVANCED_FACE('',(#310),#5576,.F.);
#5852=ADVANCED_FACE('',(#311),#5577,.F.);
#5853=ADVANCED_FACE('',(#312),#5578,.F.);
#5854=ADVANCED_FACE('',(#313),#5579,.F.);
#5855=ADVANCED_FACE('',(#314),#5580,.F.);
#5856=ADVANCED_FACE('',(#315),#5581,.F.);
#5857=ADVANCED_FACE('',(#316),#5582,.F.);
#5858=ADVANCED_FACE('',(#317),#5583,.F.);
#5859=ADVANCED_FACE('',(#318),#5584,.F.);
#5860=ADVANCED_FACE('',(#319),#5585,.F.);
#5861=ADVANCED_FACE('',(#320),#5586,.F.);
#5862=ADVANCED_FACE('',(#321),#5587,.F.);
#5863=ADVANCED_FACE('',(#322),#5588,.F.);
#5864=ADVANCED_FACE('',(#323),#5589,.F.);
#5865=ADVANCED_FACE('',(#324),#5590,.F.);
#5866=ADVANCED_FACE('',(#325),#5591,.F.);
#5867=ADVANCED_FACE('',(#326),#5592,.F.);
#5868=ADVANCED_FACE('',(#327),#5593,.F.);
#5869=ADVANCED_FACE('',(#328),#5594,.F.);
#5870=ADVANCED_FACE('',(#329),#5595,.F.);
#5871=ADVANCED_FACE('',(#330),#5596,.F.);
#5872=ADVANCED_FACE('',(#331),#5597,.F.);
#5873=ADVANCED_FACE('',(#332),#5598,.T.);
#5874=ADVANCED_FACE('',(#333),#5599,.T.);
#5875=ADVANCED_FACE('',(#334),#5600,.T.);
#5876=ADVANCED_FACE('',(#335),#5601,.T.);
#5877=ADVANCED_FACE('',(#336),#5602,.T.);
#5878=ADVANCED_FACE('',(#337),#5603,.T.);
#5879=ADVANCED_FACE('',(#338),#5604,.T.);
#5880=ADVANCED_FACE('',(#339),#5605,.T.);
#5881=ADVANCED_FACE('',(#340),#5606,.T.);
#5882=ADVANCED_FACE('',(#341),#5607,.T.);
#5883=ADVANCED_FACE('',(#342),#5608,.T.);
#5884=ADVANCED_FACE('',(#343),#5609,.T.);
#5885=ADVANCED_FACE('',(#344),#5610,.T.);
#5886=ADVANCED_FACE('',(#345),#5611,.T.);
#5887=ADVANCED_FACE('',(#346),#5612,.F.);
#5888=ADVANCED_FACE('',(#347),#5613,.F.);
#5889=ADVANCED_FACE('',(#348),#5614,.F.);
#5890=ADVANCED_FACE('',(#349),#5615,.F.);
#5891=ADVANCED_FACE('',(#350),#5616,.F.);
#5892=ADVANCED_FACE('',(#351),#5617,.F.);
#5893=ADVANCED_FACE('',(#352),#5618,.F.);
#5894=ADVANCED_FACE('',(#353),#5619,.F.);
#5895=ADVANCED_FACE('',(#354),#5620,.F.);
#5896=ADVANCED_FACE('',(#355),#5621,.F.);
#5897=ADVANCED_FACE('',(#356),#5622,.T.);
#5898=ADVANCED_FACE('',(#357),#5623,.T.);
#5899=ADVANCED_FACE('',(#358),#5624,.F.);
#5900=ADVANCED_FACE('',(#359),#5625,.F.);
#5901=ADVANCED_FACE('',(#360),#5626,.F.);
#5902=ADVANCED_FACE('',(#361),#5627,.F.);
#5903=CLOSED_SHELL('',(#5628,#5629,#5630,#5631,#5632,#5633,#5634,#5635,
#5636,#5637,#5638,#5639,#5640,#5641,#5642,#5643,#5644,#5645,#5646,#5647,
#5648,#5649,#5650,#5651,#5652,#5653,#5654,#5655,#5656,#5657,#5658,#5659,
#5660,#5661,#5662,#5663,#5664,#5665,#5666,#5667,#5668,#5669,#5670,#5671,
#5672,#5673,#5674,#5675,#5676,#5677,#5678,#5679,#5680,#5681,#5682,#5683,
#5684,#5685,#5686,#5687,#5688,#5689,#5690,#5691,#5692,#5693,#5694,#5695,
#5696,#5697,#5698,#5699,#5700,#5701,#5702,#5703,#5704,#5705,#5706,#5707,
#5708,#5709,#5710,#5711,#5712,#5713,#5714,#5715,#5716,#5717,#5718,#5719,
#5720,#5721,#5722,#5723,#5724,#5725,#5726,#5727,#5728,#5729,#5730,#5731,
#5732,#5733,#5734,#5735,#5736,#5737,#5738,#5739,#5740,#5741,#5742,#5743,
#5744,#5745,#5746,#5747,#5748,#5749,#5750,#5751,#5752,#5753,#5754,#5755,
#5756,#5757,#5758,#5759,#5760,#5761,#5762,#5763,#5764,#5765,#5766,#5767,
#5768,#5769,#5770,#5771,#5772,#5773,#5774,#5775,#5776,#5777,#5778,#5779,
#5780,#5781,#5782,#5783,#5784,#5785,#5786,#5787,#5788,#5789,#5790,#5791,
#5792,#5793,#5794,#5795,#5796,#5797,#5798,#5799,#5800,#5801,#5802,#5803,
#5804,#5805,#5806,#5807,#5808,#5809,#5810,#5811,#5812,#5813,#5814,#5815,
#5816,#5817,#5818,#5819,#5820,#5821,#5822,#5823,#5824,#5825,#5826,#5827,
#5828,#5829,#5830,#5831,#5832,#5833,#5834,#5835,#5836,#5837,#5838,#5839,
#5840,#5841,#5842,#5843,#5844,#5845,#5846,#5847,#5848,#5849,#5850,#5851,
#5852,#5853,#5854,#5855,#5856,#5857,#5858,#5859,#5860,#5861,#5862,#5863,
#5864,#5865,#5866,#5867,#5868,#5869,#5870,#5871,#5872,#5873,#5874,#5875,
#5876,#5877,#5878,#5879,#5880,#5881,#5882,#5883,#5884,#5885,#5886,#5887,
#5888,#5889,#5890,#5891,#5892,#5893,#5894,#5895,#5896,#5897,#5898,#5899,
#5900,#5901,#5902));
#5904=DERIVED_UNIT_ELEMENT(#5906,1.);
#5905=DERIVED_UNIT_ELEMENT(#9225,-3.);
#5906=(
MASS_UNIT()
NAMED_UNIT(*)
SI_UNIT(.KILO.,.GRAM.)
);
#5907=DERIVED_UNIT((#5904,#5905));
#5908=MEASURE_REPRESENTATION_ITEM('density measure',
POSITIVE_RATIO_MEASURE(7850.),#5907);
#5909=PROPERTY_DEFINITION_REPRESENTATION(#5914,#5911);
#5910=PROPERTY_DEFINITION_REPRESENTATION(#5915,#5912);
#5911=REPRESENTATION('material name',(#5913),#9222);
#5912=REPRESENTATION('density',(#5908),#9222);
#5913=DESCRIPTIVE_REPRESENTATION_ITEM('Steel','Steel');
#5914=PROPERTY_DEFINITION('material property','material name',#9232);
#5915=PROPERTY_DEFINITION('material property','density of part',#9232);
#5916=AXIS2_PLACEMENT_3D('',#7574,#6196,#6197);
#5917=AXIS2_PLACEMENT_3D('',#7575,#6198,#6199);
#5918=AXIS2_PLACEMENT_3D('',#8112,#6468,#6469);
#5919=AXIS2_PLACEMENT_3D('',#8126,#6477,#6478);
#5920=AXIS2_PLACEMENT_3D('',#8655,#6743,#6744);
#5921=AXIS2_PLACEMENT_3D('',#8657,#6745,#6746);
#5922=AXIS2_PLACEMENT_3D('',#8660,#6748,#6749);
#5923=AXIS2_PLACEMENT_3D('',#8662,#6750,#6751);
#5924=AXIS2_PLACEMENT_3D('',#8665,#6753,#6754);
#5925=AXIS2_PLACEMENT_3D('',#8666,#6755,#6756);
#5926=AXIS2_PLACEMENT_3D('',#8672,#6761,#6762);
#5927=AXIS2_PLACEMENT_3D('',#8678,#6766,#6767);
#5928=AXIS2_PLACEMENT_3D('',#8687,#6773,#6774);
#5929=AXIS2_PLACEMENT_3D('',#8689,#6776,#6777);
#5930=AXIS2_PLACEMENT_3D('',#8691,#6779,#6780);
#5931=AXIS2_PLACEMENT_3D('',#8692,#6781,#6782);
#5932=AXIS2_PLACEMENT_3D('',#8694,#6784,#6785);
#5933=AXIS2_PLACEMENT_3D('',#8695,#6786,#6787);
#5934=AXIS2_PLACEMENT_3D('',#8698,#6790,#6791);
#5935=AXIS2_PLACEMENT_3D('',#8700,#6793,#6794);
#5936=AXIS2_PLACEMENT_3D('',#8702,#6796,#6797);
#5937=AXIS2_PLACEMENT_3D('',#8705,#6800,#6801);
#5938=AXIS2_PLACEMENT_3D('',#8707,#6803,#6804);
#5939=AXIS2_PLACEMENT_3D('',#8709,#6806,#6807);
#5940=AXIS2_PLACEMENT_3D('',#8712,#6810,#6811);
#5941=AXIS2_PLACEMENT_3D('',#8714,#6813,#6814);
#5942=AXIS2_PLACEMENT_3D('',#8716,#6816,#6817);
#5943=AXIS2_PLACEMENT_3D('',#8717,#6818,#6819);
#5944=AXIS2_PLACEMENT_3D('',#8720,#6822,#6823);
#5945=AXIS2_PLACEMENT_3D('',#8722,#6825,#6826);
#5946=AXIS2_PLACEMENT_3D('',#8724,#6828,#6829);
#5947=AXIS2_PLACEMENT_3D('',#8725,#6830,#6831);
#5948=AXIS2_PLACEMENT_3D('',#8728,#6834,#6835);
#5949=AXIS2_PLACEMENT_3D('',#8730,#6837,#6838);
#5950=AXIS2_PLACEMENT_3D('',#8732,#6840,#6841);
#5951=AXIS2_PLACEMENT_3D('',#8733,#6842,#6843);
#5952=AXIS2_PLACEMENT_3D('',#8735,#6845,#6846);
#5953=AXIS2_PLACEMENT_3D('',#8736,#6847,#6848);
#5954=AXIS2_PLACEMENT_3D('',#8737,#6849,#6850);
#5955=AXIS2_PLACEMENT_3D('',#8740,#6853,#6854);
#5956=AXIS2_PLACEMENT_3D('',#8742,#6856,#6857);
#5957=AXIS2_PLACEMENT_3D('',#8744,#6859,#6860);
#5958=AXIS2_PLACEMENT_3D('',#8747,#6863,#6864);
#5959=AXIS2_PLACEMENT_3D('',#8749,#6866,#6867);
#5960=AXIS2_PLACEMENT_3D('',#8751,#6869,#6870);
#5961=AXIS2_PLACEMENT_3D('',#8754,#6873,#6874);
#5962=AXIS2_PLACEMENT_3D('',#8756,#6876,#6877);
#5963=AXIS2_PLACEMENT_3D('',#8758,#6879,#6880);
#5964=AXIS2_PLACEMENT_3D('',#8759,#6881,#6882);
#5965=AXIS2_PLACEMENT_3D('',#8762,#6885,#6886);
#5966=AXIS2_PLACEMENT_3D('',#8764,#6888,#6889);
#5967=AXIS2_PLACEMENT_3D('',#8766,#6891,#6892);
#5968=AXIS2_PLACEMENT_3D('',#8767,#6893,#6894);
#5969=AXIS2_PLACEMENT_3D('',#8770,#6897,#6898);
#5970=AXIS2_PLACEMENT_3D('',#8772,#6900,#6901);
#5971=AXIS2_PLACEMENT_3D('',#8774,#6903,#6904);
#5972=AXIS2_PLACEMENT_3D('',#8775,#6905,#6906);
#5973=AXIS2_PLACEMENT_3D('',#8778,#6909,#6910);
#5974=AXIS2_PLACEMENT_3D('',#8781,#6913,#6914);
#5975=AXIS2_PLACEMENT_3D('',#8783,#6916,#6917);
#5976=AXIS2_PLACEMENT_3D('',#8785,#6919,#6920);
#5977=AXIS2_PLACEMENT_3D('',#8786,#6921,#6922);
#5978=AXIS2_PLACEMENT_3D('',#8789,#6925,#6926);
#5979=AXIS2_PLACEMENT_3D('',#8791,#6928,#6929);
#5980=AXIS2_PLACEMENT_3D('',#8793,#6931,#6932);
#5981=AXIS2_PLACEMENT_3D('',#8796,#6935,#6936);
#5982=AXIS2_PLACEMENT_3D('',#8799,#6939,#6940);
#5983=AXIS2_PLACEMENT_3D('',#8800,#6941,#6942);
#5984=AXIS2_PLACEMENT_3D('',#8803,#6945,#6946);
#5985=AXIS2_PLACEMENT_3D('',#8806,#6949,#6950);
#5986=AXIS2_PLACEMENT_3D('',#8807,#6951,#6952);
#5987=AXIS2_PLACEMENT_3D('',#8810,#6955,#6956);
#5988=AXIS2_PLACEMENT_3D('',#8812,#6958,#6959);
#5989=AXIS2_PLACEMENT_3D('',#8814,#6961,#6962);
#5990=AXIS2_PLACEMENT_3D('',#8815,#6963,#6964);
#5991=AXIS2_PLACEMENT_3D('',#8818,#6967,#6968);
#5992=AXIS2_PLACEMENT_3D('',#8820,#6970,#6971);
#5993=AXIS2_PLACEMENT_3D('',#8822,#6973,#6974);
#5994=AXIS2_PLACEMENT_3D('',#8823,#6975,#6976);
#5995=AXIS2_PLACEMENT_3D('',#8826,#6979,#6980);
#5996=AXIS2_PLACEMENT_3D('',#8828,#6982,#6983);
#5997=AXIS2_PLACEMENT_3D('',#8830,#6985,#6986);
#5998=AXIS2_PLACEMENT_3D('',#8831,#6987,#6988);
#5999=AXIS2_PLACEMENT_3D('',#8834,#6991,#6992);
#6000=AXIS2_PLACEMENT_3D('',#8837,#6995,#6996);
#6001=AXIS2_PLACEMENT_3D('',#8838,#6997,#6998);
#6002=AXIS2_PLACEMENT_3D('',#8841,#7001,#7002);
#6003=AXIS2_PLACEMENT_3D('',#8843,#7004,#7005);
#6004=AXIS2_PLACEMENT_3D('',#8845,#7007,#7008);
#6005=AXIS2_PLACEMENT_3D('',#8846,#7009,#7010);
#6006=AXIS2_PLACEMENT_3D('',#8849,#7013,#7014);
#6007=AXIS2_PLACEMENT_3D('',#8852,#7017,#7018);
#6008=AXIS2_PLACEMENT_3D('',#8853,#7019,#7020);
#6009=AXIS2_PLACEMENT_3D('',#8856,#7023,#7024);
#6010=AXIS2_PLACEMENT_3D('',#8858,#7026,#7027);
#6011=AXIS2_PLACEMENT_3D('',#8860,#7029,#7030);
#6012=AXIS2_PLACEMENT_3D('',#8861,#7031,#7032);
#6013=AXIS2_PLACEMENT_3D('',#8864,#7035,#7036);
#6014=AXIS2_PLACEMENT_3D('',#8866,#7038,#7039);
#6015=AXIS2_PLACEMENT_3D('',#8868,#7041,#7042);
#6016=AXIS2_PLACEMENT_3D('',#8869,#7043,#7044);
#6017=AXIS2_PLACEMENT_3D('',#8872,#7047,#7048);
#6018=AXIS2_PLACEMENT_3D('',#8874,#7050,#7051);
#6019=AXIS2_PLACEMENT_3D('',#8876,#7053,#7054);
#6020=AXIS2_PLACEMENT_3D('',#8879,#7057,#7058);
#6021=AXIS2_PLACEMENT_3D('',#8881,#7060,#7061);
#6022=AXIS2_PLACEMENT_3D('',#8883,#7063,#7064);
#6023=AXIS2_PLACEMENT_3D('',#8886,#7067,#7068);
#6024=AXIS2_PLACEMENT_3D('',#8888,#7070,#7071);
#6025=AXIS2_PLACEMENT_3D('',#8890,#7073,#7074);
#6026=AXIS2_PLACEMENT_3D('',#8891,#7075,#7076);
#6027=AXIS2_PLACEMENT_3D('',#8894,#7079,#7080);
#6028=AXIS2_PLACEMENT_3D('',#8896,#7082,#7083);
#6029=AXIS2_PLACEMENT_3D('',#8898,#7085,#7086);
#6030=AXIS2_PLACEMENT_3D('',#8901,#7089,#7090);
#6031=AXIS2_PLACEMENT_3D('',#8904,#7093,#7094);
#6032=AXIS2_PLACEMENT_3D('',#8905,#7095,#7096);
#6033=AXIS2_PLACEMENT_3D('',#8908,#7099,#7100);
#6034=AXIS2_PLACEMENT_3D('',#8910,#7102,#7103);
#6035=AXIS2_PLACEMENT_3D('',#8912,#7105,#7106);
#6036=AXIS2_PLACEMENT_3D('',#8915,#7109,#7110);
#6037=AXIS2_PLACEMENT_3D('',#8917,#7112,#7113);
#6038=AXIS2_PLACEMENT_3D('',#8919,#7115,#7116);
#6039=AXIS2_PLACEMENT_3D('',#8920,#7117,#7118);
#6040=AXIS2_PLACEMENT_3D('',#8923,#7121,#7122);
#6041=AXIS2_PLACEMENT_3D('',#8925,#7124,#7125);
#6042=AXIS2_PLACEMENT_3D('',#8927,#7127,#7128);
#6043=AXIS2_PLACEMENT_3D('',#8928,#7129,#7130);
#6044=AXIS2_PLACEMENT_3D('',#8931,#7133,#7134);
#6045=AXIS2_PLACEMENT_3D('',#8933,#7136,#7137);
#6046=AXIS2_PLACEMENT_3D('',#8935,#7139,#7140);
#6047=AXIS2_PLACEMENT_3D('',#8938,#7143,#7144);
#6048=AXIS2_PLACEMENT_3D('',#8940,#7146,#7147);
#6049=AXIS2_PLACEMENT_3D('',#8942,#7149,#7150);
#6050=AXIS2_PLACEMENT_3D('',#8945,#7153,#7154);
#6051=AXIS2_PLACEMENT_3D('',#8947,#7156,#7157);
#6052=AXIS2_PLACEMENT_3D('',#8949,#7159,#7160);
#6053=AXIS2_PLACEMENT_3D('',#8950,#7161,#7162);
#6054=AXIS2_PLACEMENT_3D('',#8952,#7164,#7165);
#6055=AXIS2_PLACEMENT_3D('',#8953,#7166,#7167);
#6056=AXIS2_PLACEMENT_3D('',#8954,#7168,#7169);
#6057=AXIS2_PLACEMENT_3D('',#8955,#7170,#7171);
#6058=AXIS2_PLACEMENT_3D('',#8956,#7172,#7173);
#6059=AXIS2_PLACEMENT_3D('',#8957,#7174,#7175);
#6060=AXIS2_PLACEMENT_3D('',#8958,#7176,#7177);
#6061=AXIS2_PLACEMENT_3D('',#8959,#7178,#7179);
#6062=AXIS2_PLACEMENT_3D('',#8961,#7181,#7182);
#6063=AXIS2_PLACEMENT_3D('',#8962,#7183,#7184);
#6064=AXIS2_PLACEMENT_3D('',#8963,#7185,#7186);
#6065=AXIS2_PLACEMENT_3D('',#8964,#7187,#7188);
#6066=AXIS2_PLACEMENT_3D('',#8965,#7189,#7190);
#6067=AXIS2_PLACEMENT_3D('',#8966,#7191,#7192);
#6068=AXIS2_PLACEMENT_3D('',#8967,#7193,#7194);
#6069=AXIS2_PLACEMENT_3D('',#8970,#7197,#7198);
#6070=AXIS2_PLACEMENT_3D('',#8973,#7201,#7202);
#6071=AXIS2_PLACEMENT_3D('',#8974,#7203,#7204);
#6072=AXIS2_PLACEMENT_3D('',#8977,#7207,#7208);
#6073=AXIS2_PLACEMENT_3D('',#8979,#7210,#7211);
#6074=AXIS2_PLACEMENT_3D('',#8981,#7213,#7214);
#6075=AXIS2_PLACEMENT_3D('',#8984,#7217,#7218);
#6076=AXIS2_PLACEMENT_3D('',#8986,#7220,#7221);
#6077=AXIS2_PLACEMENT_3D('',#8988,#7223,#7224);
#6078=AXIS2_PLACEMENT_3D('',#8991,#7227,#7228);
#6079=AXIS2_PLACEMENT_3D('',#8993,#7230,#7231);
#6080=AXIS2_PLACEMENT_3D('',#8995,#7233,#7234);
#6081=AXIS2_PLACEMENT_3D('',#8996,#7235,#7236);
#6082=AXIS2_PLACEMENT_3D('',#8999,#7239,#7240);
#6083=AXIS2_PLACEMENT_3D('',#9001,#7242,#7243);
#6084=AXIS2_PLACEMENT_3D('',#9003,#7245,#7246);
#6085=AXIS2_PLACEMENT_3D('',#9004,#7247,#7248);
#6086=AXIS2_PLACEMENT_3D('',#9007,#7251,#7252);
#6087=AXIS2_PLACEMENT_3D('',#9009,#7254,#7255);
#6088=AXIS2_PLACEMENT_3D('',#9011,#7257,#7258);
#6089=AXIS2_PLACEMENT_3D('',#9012,#7259,#7260);
#6090=AXIS2_PLACEMENT_3D('',#9015,#7263,#7264);
#6091=AXIS2_PLACEMENT_3D('',#9018,#7267,#7268);
#6092=AXIS2_PLACEMENT_3D('',#9019,#7269,#7270);
#6093=AXIS2_PLACEMENT_3D('',#9022,#7273,#7274);
#6094=AXIS2_PLACEMENT_3D('',#9024,#7276,#7277);
#6095=AXIS2_PLACEMENT_3D('',#9026,#7279,#7280);
#6096=AXIS2_PLACEMENT_3D('',#9027,#7281,#7282);
#6097=AXIS2_PLACEMENT_3D('',#9030,#7285,#7286);
#6098=AXIS2_PLACEMENT_3D('',#9032,#7288,#7289);
#6099=AXIS2_PLACEMENT_3D('',#9034,#7291,#7292);
#6100=AXIS2_PLACEMENT_3D('',#9035,#7293,#7294);
#6101=AXIS2_PLACEMENT_3D('',#9038,#7297,#7298);
#6102=AXIS2_PLACEMENT_3D('',#9040,#7300,#7301);
#6103=AXIS2_PLACEMENT_3D('',#9042,#7303,#7304);
#6104=AXIS2_PLACEMENT_3D('',#9043,#7305,#7306);
#6105=AXIS2_PLACEMENT_3D('',#9046,#7309,#7310);
#6106=AXIS2_PLACEMENT_3D('',#9048,#7312,#7313);
#6107=AXIS2_PLACEMENT_3D('',#9050,#7315,#7316);
#6108=AXIS2_PLACEMENT_3D('',#9051,#7317,#7318);
#6109=AXIS2_PLACEMENT_3D('',#9054,#7321,#7322);
#6110=AXIS2_PLACEMENT_3D('',#9056,#7324,#7325);
#6111=AXIS2_PLACEMENT_3D('',#9058,#7327,#7328);
#6112=AXIS2_PLACEMENT_3D('',#9061,#7331,#7332);
#6113=AXIS2_PLACEMENT_3D('',#9062,#7333,#7334);
#6114=AXIS2_PLACEMENT_3D('',#9064,#7336,#7337);
#6115=AXIS2_PLACEMENT_3D('',#9067,#7340,#7341);
#6116=AXIS2_PLACEMENT_3D('',#9070,#7344,#7345);
#6117=AXIS2_PLACEMENT_3D('',#9071,#7346,#7347);
#6118=AXIS2_PLACEMENT_3D('',#9074,#7350,#7351);
#6119=AXIS2_PLACEMENT_3D('',#9077,#7354,#7355);
#6120=AXIS2_PLACEMENT_3D('',#9078,#7356,#7357);
#6121=AXIS2_PLACEMENT_3D('',#9081,#7360,#7361);
#6122=AXIS2_PLACEMENT_3D('',#9083,#7363,#7364);
#6123=AXIS2_PLACEMENT_3D('',#9085,#7366,#7367);
#6124=AXIS2_PLACEMENT_3D('',#9088,#7370,#7371);
#6125=AXIS2_PLACEMENT_3D('',#9090,#7373,#7374);
#6126=AXIS2_PLACEMENT_3D('',#9092,#7376,#7377);
#6127=AXIS2_PLACEMENT_3D('',#9095,#7380,#7381);
#6128=AXIS2_PLACEMENT_3D('',#9097,#7383,#7384);
#6129=AXIS2_PLACEMENT_3D('',#9099,#7386,#7387);
#6130=AXIS2_PLACEMENT_3D('',#9100,#7388,#7389);
#6131=AXIS2_PLACEMENT_3D('',#9103,#7392,#7393);
#6132=AXIS2_PLACEMENT_3D('',#9105,#7395,#7396);
#6133=AXIS2_PLACEMENT_3D('',#9107,#7398,#7399);
#6134=AXIS2_PLACEMENT_3D('',#9108,#7400,#7401);
#6135=AXIS2_PLACEMENT_3D('',#9111,#7404,#7405);
#6136=AXIS2_PLACEMENT_3D('',#9113,#7407,#7408);
#6137=AXIS2_PLACEMENT_3D('',#9115,#7410,#7411);
#6138=AXIS2_PLACEMENT_3D('',#9116,#7412,#7413);
#6139=AXIS2_PLACEMENT_3D('',#9119,#7416,#7417);
#6140=AXIS2_PLACEMENT_3D('',#9121,#7419,#7420);
#6141=AXIS2_PLACEMENT_3D('',#9123,#7422,#7423);
#6142=AXIS2_PLACEMENT_3D('',#9124,#7424,#7425);
#6143=AXIS2_PLACEMENT_3D('',#9127,#7428,#7429);
#6144=AXIS2_PLACEMENT_3D('',#9129,#7431,#7432);
#6145=AXIS2_PLACEMENT_3D('',#9131,#7434,#7435);
#6146=AXIS2_PLACEMENT_3D('',#9132,#7436,#7437);
#6147=AXIS2_PLACEMENT_3D('',#9135,#7440,#7441);
#6148=AXIS2_PLACEMENT_3D('',#9137,#7443,#7444);
#6149=AXIS2_PLACEMENT_3D('',#9139,#7446,#7447);
#6150=AXIS2_PLACEMENT_3D('',#9140,#7448,#7449);
#6151=AXIS2_PLACEMENT_3D('',#9143,#7452,#7453);
#6152=AXIS2_PLACEMENT_3D('',#9145,#7455,#7456);
#6153=AXIS2_PLACEMENT_3D('',#9147,#7458,#7459);
#6154=AXIS2_PLACEMENT_3D('',#9148,#7460,#7461);
#6155=AXIS2_PLACEMENT_3D('',#9151,#7464,#7465);
#6156=AXIS2_PLACEMENT_3D('',#9154,#7468,#7469);
#6157=AXIS2_PLACEMENT_3D('',#9155,#7470,#7471);
#6158=AXIS2_PLACEMENT_3D('',#9158,#7474,#7475);
#6159=AXIS2_PLACEMENT_3D('',#9160,#7477,#7478);
#6160=AXIS2_PLACEMENT_3D('',#9162,#7480,#7481);
#6161=AXIS2_PLACEMENT_3D('',#9165,#7484,#7485);
#6162=AXIS2_PLACEMENT_3D('',#9167,#7487,#7488);
#6163=AXIS2_PLACEMENT_3D('',#9168,#7489,#7490);
#6164=AXIS2_PLACEMENT_3D('',#9171,#7493,#7494);
#6165=AXIS2_PLACEMENT_3D('',#9174,#7497,#7498);
#6166=AXIS2_PLACEMENT_3D('',#9175,#7499,#7500);
#6167=AXIS2_PLACEMENT_3D('',#9177,#7502,#7503);
#6168=AXIS2_PLACEMENT_3D('',#9178,#7504,#7505);
#6169=AXIS2_PLACEMENT_3D('',#9179,#7506,#7507);
#6170=AXIS2_PLACEMENT_3D('',#9180,#7508,#7509);
#6171=AXIS2_PLACEMENT_3D('',#9181,#7510,#7511);
#6172=AXIS2_PLACEMENT_3D('',#9182,#7512,#7513);
#6173=AXIS2_PLACEMENT_3D('',#9183,#7514,#7515);
#6174=AXIS2_PLACEMENT_3D('',#9185,#7517,#7518);
#6175=AXIS2_PLACEMENT_3D('',#9186,#7519,#7520);
#6176=AXIS2_PLACEMENT_3D('',#9187,#7521,#7522);
#6177=AXIS2_PLACEMENT_3D('',#9188,#7523,#7524);
#6178=AXIS2_PLACEMENT_3D('',#9189,#7525,#7526);
#6179=AXIS2_PLACEMENT_3D('',#9190,#7527,#7528);
#6180=AXIS2_PLACEMENT_3D('',#9191,#7529,#7530);
#6181=AXIS2_PLACEMENT_3D('',#9194,#7533,#7534);
#6182=AXIS2_PLACEMENT_3D('',#9196,#7536,#7537);
#6183=AXIS2_PLACEMENT_3D('',#9198,#7539,#7540);
#6184=AXIS2_PLACEMENT_3D('',#9199,#7541,#7542);
#6185=AXIS2_PLACEMENT_3D('',#9202,#7545,#7546);
#6186=AXIS2_PLACEMENT_3D('',#9203,#7547,#7548);
#6187=AXIS2_PLACEMENT_3D('',#9204,#7549,#7550);
#6188=AXIS2_PLACEMENT_3D('',#9207,#7553,#7554);
#6189=AXIS2_PLACEMENT_3D('',#9209,#7556,#7557);
#6190=AXIS2_PLACEMENT_3D('',#9210,#7558,#7559);
#6191=AXIS2_PLACEMENT_3D('',#9211,#7560,#7561);
#6192=AXIS2_PLACEMENT_3D('',#9212,#7562,#7563);
#6193=AXIS2_PLACEMENT_3D('',#9215,#7566,#7567);
#6194=AXIS2_PLACEMENT_3D('',#9217,#7569,#7570);
#6195=AXIS2_PLACEMENT_3D('',#9219,#7572,#7573);
#6196=DIRECTION('axis',(0.,0.,1.));
#6197=DIRECTION('refdir',(1.,0.,0.));
#6198=DIRECTION('center_axis',(0.,0.,1.));
#6199=DIRECTION('ref_axis',(1.,0.,0.));
#6200=DIRECTION('',(0.,1.,0.));
#6201=DIRECTION('',(1.,0.,0.));
#6202=DIRECTION('',(0.,-1.,0.));
#6203=DIRECTION('',(-1.,0.,0.));
#6204=DIRECTION('',(0.,-1.,0.));
#6205=DIRECTION('',(1.,0.,0.));
#6206=DIRECTION('',(0.,-1.,0.));
#6207=DIRECTION('',(-1.,0.,0.));
#6208=DIRECTION('',(0.,-1.,0.));
#6209=DIRECTION('',(1.,0.,0.));
#6210=DIRECTION('',(0.,-1.,0.));
#6211=DIRECTION('',(-1.,0.,0.));
#6212=DIRECTION('',(0.,-1.,0.));
#6213=DIRECTION('',(1.,0.,0.));
#6214=DIRECTION('',(0.,-1.,0.));
#6215=DIRECTION('',(-1.,0.,0.));
#6216=DIRECTION('',(0.,-1.,0.));
#6217=DIRECTION('',(1.,0.,0.));
#6218=DIRECTION('',(0.,-1.,0.));
#6219=DIRECTION('',(-1.,0.,0.));
#6220=DIRECTION('',(0.,-1.,0.));
#6221=DIRECTION('',(1.,0.,0.));
#6222=DIRECTION('',(0.,-1.,0.));
#6223=DIRECTION('',(-1.,0.,0.));
#6224=DIRECTION('',(0.,-1.,0.));
#6225=DIRECTION('',(1.,0.,0.));
#6226=DIRECTION('',(0.,-1.,0.));
#6227=DIRECTION('',(-1.,0.,0.));
#6228=DIRECTION('',(0.,-1.,0.));
#6229=DIRECTION('',(1.,0.,0.));
#6230=DIRECTION('',(0.,-1.,0.));
#6231=DIRECTION('',(-1.,0.,0.));
#6232=DIRECTION('',(0.,-1.,0.));
#6233=DIRECTION('',(1.,0.,0.));
#6234=DIRECTION('',(0.,-1.,0.));
#6235=DIRECTION('',(-1.,0.,0.));
#6236=DIRECTION('',(0.,-1.,0.));
#6237=DIRECTION('',(1.,0.,0.));
#6238=DIRECTION('',(0.,-1.,0.));
#6239=DIRECTION('',(-1.,0.,0.));
#6240=DIRECTION('',(0.,-1.,0.));
#6241=DIRECTION('',(1.,0.,0.));
#6242=DIRECTION('',(0.,-1.,0.));
#6243=DIRECTION('',(-1.,-3.35611538559988E-9,0.));
#6244=DIRECTION('',(3.35611538559988E-9,-1.,0.));
#6245=DIRECTION('',(1.,3.35611538559988E-9,0.));
#6246=DIRECTION('',(0.,-1.,0.));
#6247=DIRECTION('',(-1.,-3.35611539677907E-9,0.));
#6248=DIRECTION('',(3.35611538559988E-9,-1.,0.));
#6249=DIRECTION('',(1.,3.35611539677907E-9,0.));
#6250=DIRECTION('',(0.,-1.,0.));
#6251=DIRECTION('',(-1.,0.,0.));
#6252=DIRECTION('',(0.,-1.,0.));
#6253=DIRECTION('',(1.,0.,0.));
#6254=DIRECTION('',(0.,-1.,0.));
#6255=DIRECTION('',(-1.,0.,0.));
#6256=DIRECTION('',(0.,-1.,0.));
#6257=DIRECTION('',(1.,0.,0.));
#6258=DIRECTION('',(0.,-1.,0.));
#6259=DIRECTION('',(-1.,0.,0.));
#6260=DIRECTION('',(0.,-1.,0.));
#6261=DIRECTION('',(1.,0.,0.));
#6262=DIRECTION('',(0.,-1.,0.));
#6263=DIRECTION('',(-1.,0.,0.));
#6264=DIRECTION('',(0.,-1.,0.));
#6265=DIRECTION('',(1.,0.,0.));
#6266=DIRECTION('',(0.,-1.,0.));
#6267=DIRECTION('',(-1.,0.,0.));
#6268=DIRECTION('',(0.,1.,0.));
#6269=DIRECTION('',(1.,0.,0.));
#6270=DIRECTION('',(0.,1.,0.));
#6271=DIRECTION('',(-1.,0.,0.));
#6272=DIRECTION('',(0.,1.,0.));
#6273=DIRECTION('',(1.,0.,0.));
#6274=DIRECTION('',(0.,1.,0.));
#6275=DIRECTION('',(-1.,0.,0.));
#6276=DIRECTION('',(0.,1.,0.));
#6277=DIRECTION('',(1.,0.,0.));
#6278=DIRECTION('',(0.,1.,0.));
#6279=DIRECTION('',(-1.,0.,0.));
#6280=DIRECTION('',(0.,1.,0.));
#6281=DIRECTION('',(1.,0.,0.));
#6282=DIRECTION('',(0.,1.,0.));
#6283=DIRECTION('',(-1.,0.,0.));
#6284=DIRECTION('',(0.,1.,0.));
#6285=DIRECTION('',(1.,0.,0.));
#6286=DIRECTION('',(0.,1.,0.));
#6287=DIRECTION('',(-1.,0.,0.));
#6288=DIRECTION('',(0.,1.,0.));
#6289=DIRECTION('',(1.,0.,0.));
#6290=DIRECTION('',(0.,1.,0.));
#6291=DIRECTION('',(-1.,0.,0.));
#6292=DIRECTION('',(0.,1.,0.));
#6293=DIRECTION('',(1.,3.35611538559988E-9,0.));
#6294=DIRECTION('',(-3.35611538559988E-9,1.,0.));
#6295=DIRECTION('',(-1.,-3.35611538559988E-9,0.));
#6296=DIRECTION('',(0.,1.,0.));
#6297=DIRECTION('',(1.,0.,0.));
#6298=DIRECTION('',(0.,1.,0.));
#6299=DIRECTION('',(-1.,0.,0.));
#6300=DIRECTION('',(0.,1.,0.));
#6301=DIRECTION('',(1.,0.,0.));
#6302=DIRECTION('',(0.,1.,0.));
#6303=DIRECTION('',(-1.,0.,0.));
#6304=DIRECTION('',(0.,1.,0.));
#6305=DIRECTION('',(1.,0.,0.));
#6306=DIRECTION('',(0.,1.,0.));
#6307=DIRECTION('',(-1.,0.,0.));
#6308=DIRECTION('',(0.,1.,0.));
#6309=DIRECTION('',(1.,0.,0.));
#6310=DIRECTION('',(0.,1.,0.));
#6311=DIRECTION('',(-1.,0.,0.));
#6312=DIRECTION('',(0.,1.,0.));
#6313=DIRECTION('',(1.,0.,0.));
#6314=DIRECTION('',(0.,1.,0.));
#6315=DIRECTION('',(-1.,0.,0.));
#6316=DIRECTION('',(0.,1.,0.));
#6317=DIRECTION('',(1.,0.,0.));
#6318=DIRECTION('',(0.,1.,0.));
#6319=DIRECTION('',(-1.,0.,0.));
#6320=DIRECTION('',(0.,1.,0.));
#6321=DIRECTION('',(1.,2.230711171336E-9,0.));
#6322=DIRECTION('',(-2.230711171336E-9,1.,0.));
#6323=DIRECTION('',(-1.,-2.230711171336E-9,0.));
#6324=DIRECTION('',(0.,1.,0.));
#6325=DIRECTION('',(1.,0.,0.));
#6326=DIRECTION('',(0.,1.,0.));
#6327=DIRECTION('',(-1.,0.,0.));
#6328=DIRECTION('',(0.,1.,0.));
#6329=DIRECTION('',(1.,0.,0.));
#6330=DIRECTION('',(0.,1.,0.));
#6331=DIRECTION('',(-1.,0.,0.));
#6332=DIRECTION('',(0.,1.,0.));
#6333=DIRECTION('',(1.,0.,0.));
#6334=DIRECTION('',(0.,-1.,0.));
#6335=DIRECTION('',(-1.,0.,0.));
#6336=DIRECTION('',(-1.,0.,0.));
#6337=DIRECTION('',(0.,-1.,0.));
#6338=DIRECTION('',(1.,0.,0.));
#6339=DIRECTION('',(0.,1.,0.));
#6340=DIRECTION('',(0.,-1.,0.));
#6341=DIRECTION('',(1.,0.,0.));
#6342=DIRECTION('',(0.,1.,0.));
#6343=DIRECTION('',(-1.,0.,0.));
#6344=DIRECTION('',(-1.,0.,0.));
#6345=DIRECTION('',(0.,-1.,0.));
#6346=DIRECTION('',(1.,0.,0.));
#6347=DIRECTION('',(0.,1.,0.));
#6348=DIRECTION('',(0.,-1.,0.));
#6349=DIRECTION('',(1.,0.,0.));
#6350=DIRECTION('',(0.,1.,0.));
#6351=DIRECTION('',(-1.,0.,0.));
#6352=DIRECTION('',(1.,0.,0.));
#6353=DIRECTION('',(0.,1.,0.));
#6354=DIRECTION('',(-1.,0.,0.));
#6355=DIRECTION('',(0.,-1.,0.));
#6356=DIRECTION('',(3.35611538559988E-9,-1.,0.));
#6357=DIRECTION('',(1.,3.35611538559988E-9,0.));
#6358=DIRECTION('',(-3.35611538559988E-9,1.,0.));
#6359=DIRECTION('',(-1.,-3.35611538559988E-9,0.));
#6360=DIRECTION('',(0.,-1.,0.));
#6361=DIRECTION('',(1.,0.,0.));
#6362=DIRECTION('',(0.,1.,0.));
#6363=DIRECTION('',(-1.,0.,0.));
#6364=DIRECTION('',(3.35611510804412E-9,-1.,0.));
#6365=DIRECTION('',(1.,3.35611489216742E-9,0.));
#6366=DIRECTION('',(-3.35611538559988E-9,1.,0.));
#6367=DIRECTION('',(-1.,-3.35611489216742E-9,0.));
#6368=DIRECTION('',(0.,-1.,0.));
#6369=DIRECTION('',(1.,0.,0.));
#6370=DIRECTION('',(0.,1.,0.));
#6371=DIRECTION('',(-1.,0.,0.));
#6372=DIRECTION('',(0.,-1.,0.));
#6373=DIRECTION('',(1.,0.,0.));
#6374=DIRECTION('',(0.,1.,0.));
#6375=DIRECTION('',(-1.,0.,0.));
#6376=DIRECTION('',(0.,-1.,0.));
#6377=DIRECTION('',(1.,0.,0.));
#6378=DIRECTION('',(0.,1.,0.));
#6379=DIRECTION('',(-1.,0.,0.));
#6380=DIRECTION('',(0.,-1.,0.));
#6381=DIRECTION('',(1.,0.,0.));
#6382=DIRECTION('',(0.,1.,0.));
#6383=DIRECTION('',(-1.,0.,0.));
#6384=DIRECTION('',(0.,-1.,0.));
#6385=DIRECTION('',(1.,0.,0.));
#6386=DIRECTION('',(0.,1.,0.));
#6387=DIRECTION('',(-1.,0.,0.));
#6388=DIRECTION('',(0.,-1.,0.));
#6389=DIRECTION('',(1.,0.,0.));
#6390=DIRECTION('',(0.,1.,0.));
#6391=DIRECTION('',(-1.,0.,0.));
#6392=DIRECTION('',(3.3561151234818E-9,-1.,0.));
#6393=DIRECTION('',(1.,3.3561150683933E-9,0.));
#6394=DIRECTION('',(-3.3561151234818E-9,1.,0.));
#6395=DIRECTION('',(-1.,-3.3561150683933E-9,0.));
#6396=DIRECTION('',(0.,-1.,0.));
#6397=DIRECTION('',(1.,0.,0.));
#6398=DIRECTION('',(0.,1.,0.));
#6399=DIRECTION('',(-1.,0.,0.));
#6400=DIRECTION('',(0.,-1.,0.));
#6401=DIRECTION('',(1.,0.,0.));
#6402=DIRECTION('',(0.,1.,0.));
#6403=DIRECTION('',(-1.,0.,0.));
#6404=DIRECTION('',(-1.,0.,0.));
#6405=DIRECTION('',(0.,-1.,0.));
#6406=DIRECTION('',(1.,0.,0.));
#6407=DIRECTION('',(0.,1.,0.));
#6408=DIRECTION('',(0.,-1.,0.));
#6409=DIRECTION('',(1.,0.,0.));
#6410=DIRECTION('',(0.,1.,0.));
#6411=DIRECTION('',(-1.,0.,0.));
#6412=DIRECTION('',(0.,-1.,0.));
#6413=DIRECTION('',(1.,0.,0.));
#6414=DIRECTION('',(0.,1.,0.));
#6415=DIRECTION('',(-1.,0.,0.));
#6416=DIRECTION('',(0.,-1.,0.));
#6417=DIRECTION('',(1.,0.,0.));
#6418=DIRECTION('',(0.,1.,0.));
#6419=DIRECTION('',(-1.,0.,0.));
#6420=DIRECTION('',(0.,-1.,0.));
#6421=DIRECTION('',(1.,0.,0.));
#6422=DIRECTION('',(0.,1.,0.));
#6423=DIRECTION('',(-1.,0.,0.));
#6424=DIRECTION('',(0.,-1.,0.));
#6425=DIRECTION('',(1.,0.,0.));
#6426=DIRECTION('',(0.,1.,0.));
#6427=DIRECTION('',(-1.,0.,0.));
#6428=DIRECTION('',(0.,-1.,0.));
#6429=DIRECTION('',(1.,0.,0.));
#6430=DIRECTION('',(0.,1.,0.));
#6431=DIRECTION('',(-1.,0.,0.));
#6432=DIRECTION('',(0.,-1.,0.));
#6433=DIRECTION('',(1.,0.,0.));
#6434=DIRECTION('',(0.,1.,0.));
#6435=DIRECTION('',(-1.,0.,0.));
#6436=DIRECTION('',(0.,-1.,0.));
#6437=DIRECTION('',(1.,0.,0.));
#6438=DIRECTION('',(0.,1.,0.));
#6439=DIRECTION('',(-1.,0.,0.));
#6440=DIRECTION('',(0.,-1.,0.));
#6441=DIRECTION('',(1.,0.,0.));
#6442=DIRECTION('',(0.,1.,0.));
#6443=DIRECTION('',(-1.,0.,0.));
#6444=DIRECTION('',(0.,-1.,0.));
#6445=DIRECTION('',(1.,0.,0.));
#6446=DIRECTION('',(0.,1.,0.));
#6447=DIRECTION('',(-1.,0.,0.));
#6448=DIRECTION('',(0.,-1.,0.));
#6449=DIRECTION('',(1.,0.,0.));
#6450=DIRECTION('',(0.,1.,0.));
#6451=DIRECTION('',(-1.,0.,0.));
#6452=DIRECTION('',(0.,-1.,0.));
#6453=DIRECTION('',(1.,0.,0.));
#6454=DIRECTION('',(0.,1.,0.));
#6455=DIRECTION('',(-1.,0.,0.));
#6456=DIRECTION('',(0.,-1.,0.));
#6457=DIRECTION('',(1.,0.,0.));
#6458=DIRECTION('',(0.,1.,0.));
#6459=DIRECTION('',(-1.,0.,0.));
#6460=DIRECTION('',(0.,-1.,0.));
#6461=DIRECTION('',(1.,0.,0.));
#6462=DIRECTION('',(0.,1.,0.));
#6463=DIRECTION('',(-1.,0.,0.));
#6464=DIRECTION('',(0.,-1.,0.));
#6465=DIRECTION('',(1.,0.,0.));
#6466=DIRECTION('',(0.,1.,0.));
#6467=DIRECTION('',(-1.,0.,0.));
#6468=DIRECTION('center_axis',(1.,0.,0.));
#6469=DIRECTION('ref_axis',(0.,0.,-1.));
#6470=DIRECTION('',(0.,1.,0.));
#6471=DIRECTION('',(0.,0.,-1.));
#6472=DIRECTION('',(0.,0.,1.));
#6473=DIRECTION('',(0.,-1.,0.));
#6474=DIRECTION('',(0.,0.,1.));
#6475=DIRECTION('',(0.,-1.,0.));
#6476=DIRECTION('',(0.,0.,-1.));
#6477=DIRECTION('center_axis',(0.,0.,1.));
#6478=DIRECTION('ref_axis',(1.,0.,0.));
#6479=DIRECTION('',(1.,0.,0.));
#6480=DIRECTION('',(0.,1.,0.));
#6481=DIRECTION('',(-1.,0.,0.));
#6482=DIRECTION('',(0.,1.,0.));
#6483=DIRECTION('',(1.,0.,0.));
#6484=DIRECTION('',(0.,1.,0.));
#6485=DIRECTION('',(-1.,0.,0.));
#6486=DIRECTION('',(0.,1.,0.));
#6487=DIRECTION('',(1.,0.,0.));
#6488=DIRECTION('',(0.,1.,0.));
#6489=DIRECTION('',(-1.,0.,0.));
#6490=DIRECTION('',(0.,1.,0.));
#6491=DIRECTION('',(1.,0.,0.));
#6492=DIRECTION('',(0.,1.,0.));
#6493=DIRECTION('',(-1.,0.,0.));
#6494=DIRECTION('',(0.,1.,0.));
#6495=DIRECTION('',(1.,0.,0.));
#6496=DIRECTION('',(0.,1.,0.));
#6497=DIRECTION('',(-1.,-3.35611539677907E-9,0.));
#6498=DIRECTION('',(-3.35611538559988E-9,1.,0.));
#6499=DIRECTION('',(1.,3.35611539677907E-9,0.));
#6500=DIRECTION('',(0.,1.,0.));
#6501=DIRECTION('',(-1.,-3.35611538559988E-9,0.));
#6502=DIRECTION('',(-3.35611538559988E-9,1.,0.));
#6503=DIRECTION('',(1.,3.35611538559988E-9,0.));
#6504=DIRECTION('',(0.,1.,0.));
#6505=DIRECTION('',(-1.,0.,0.));
#6506=DIRECTION('',(0.,1.,0.));
#6507=DIRECTION('',(1.,0.,0.));
#6508=DIRECTION('',(0.,1.,0.));
#6509=DIRECTION('',(-1.,0.,0.));
#6510=DIRECTION('',(0.,1.,0.));
#6511=DIRECTION('',(1.,0.,0.));
#6512=DIRECTION('',(0.,1.,0.));
#6513=DIRECTION('',(-1.,0.,0.));
#6514=DIRECTION('',(0.,1.,0.));
#6515=DIRECTION('',(1.,0.,0.));
#6516=DIRECTION('',(0.,1.,0.));
#6517=DIRECTION('',(-1.,0.,0.));
#6518=DIRECTION('',(0.,1.,0.));
#6519=DIRECTION('',(1.,0.,0.));
#6520=DIRECTION('',(0.,1.,0.));
#6521=DIRECTION('',(-1.,0.,0.));
#6522=DIRECTION('',(0.,1.,0.));
#6523=DIRECTION('',(1.,0.,0.));
#6524=DIRECTION('',(0.,1.,0.));
#6525=DIRECTION('',(-1.,0.,0.));
#6526=DIRECTION('',(0.,1.,0.));
#6527=DIRECTION('',(1.,0.,0.));
#6528=DIRECTION('',(0.,1.,0.));
#6529=DIRECTION('',(-1.,0.,0.));
#6530=DIRECTION('',(0.,1.,0.));
#6531=DIRECTION('',(1.,0.,0.));
#6532=DIRECTION('',(0.,1.,0.));
#6533=DIRECTION('',(-1.,0.,0.));
#6534=DIRECTION('',(0.,1.,0.));
#6535=DIRECTION('',(1.,0.,0.));
#6536=DIRECTION('',(0.,1.,0.));
#6537=DIRECTION('',(-1.,0.,0.));
#6538=DIRECTION('',(0.,1.,0.));
#6539=DIRECTION('',(1.,0.,0.));
#6540=DIRECTION('',(0.,1.,0.));
#6541=DIRECTION('',(-1.,0.,0.));
#6542=DIRECTION('',(0.,1.,0.));
#6543=DIRECTION('',(1.,0.,0.));
#6544=DIRECTION('',(0.,1.,0.));
#6545=DIRECTION('',(1.,0.,0.));
#6546=DIRECTION('',(0.,-1.,0.));
#6547=DIRECTION('',(-1.,0.,0.));
#6548=DIRECTION('',(0.,1.,0.));
#6549=DIRECTION('',(1.,0.,0.));
#6550=DIRECTION('',(0.,1.,0.));
#6551=DIRECTION('',(1.,0.,0.));
#6552=DIRECTION('',(0.,-1.,0.));
#6553=DIRECTION('',(-1.,0.,0.));
#6554=DIRECTION('',(0.,1.,0.));
#6555=DIRECTION('',(1.,0.,0.));
#6556=DIRECTION('',(0.,-1.,0.));
#6557=DIRECTION('',(-1.,0.,0.));
#6558=DIRECTION('',(0.,-1.,0.));
#6559=DIRECTION('',(1.,2.230711171336E-9,0.));
#6560=DIRECTION('',(2.230711171336E-9,-1.,0.));
#6561=DIRECTION('',(-1.,-2.230711171336E-9,0.));
#6562=DIRECTION('',(0.,-1.,0.));
#6563=DIRECTION('',(1.,0.,0.));
#6564=DIRECTION('',(0.,-1.,0.));
#6565=DIRECTION('',(-1.,0.,0.));
#6566=DIRECTION('',(0.,-1.,0.));
#6567=DIRECTION('',(1.,0.,0.));
#6568=DIRECTION('',(0.,-1.,0.));
#6569=DIRECTION('',(-1.,0.,0.));
#6570=DIRECTION('',(0.,-1.,0.));
#6571=DIRECTION('',(1.,0.,0.));
#6572=DIRECTION('',(0.,-1.,0.));
#6573=DIRECTION('',(-1.,0.,0.));
#6574=DIRECTION('',(0.,-1.,0.));
#6575=DIRECTION('',(1.,0.,0.));
#6576=DIRECTION('',(0.,-1.,0.));
#6577=DIRECTION('',(-1.,0.,0.));
#6578=DIRECTION('',(0.,-1.,0.));
#6579=DIRECTION('',(1.,0.,0.));
#6580=DIRECTION('',(0.,-1.,0.));
#6581=DIRECTION('',(-1.,0.,0.));
#6582=DIRECTION('',(0.,-1.,0.));
#6583=DIRECTION('',(1.,0.,0.));
#6584=DIRECTION('',(0.,-1.,0.));
#6585=DIRECTION('',(-1.,0.,0.));
#6586=DIRECTION('',(0.,-1.,0.));
#6587=DIRECTION('',(1.,3.35611538559988E-9,0.));
#6588=DIRECTION('',(3.35611538559988E-9,-1.,0.));
#6589=DIRECTION('',(-1.,-3.35611538559988E-9,0.));
#6590=DIRECTION('',(0.,-1.,0.));
#6591=DIRECTION('',(1.,0.,0.));
#6592=DIRECTION('',(0.,-1.,0.));
#6593=DIRECTION('',(-1.,0.,0.));
#6594=DIRECTION('',(0.,-1.,0.));
#6595=DIRECTION('',(1.,0.,0.));
#6596=DIRECTION('',(0.,-1.,0.));
#6597=DIRECTION('',(-1.,0.,0.));
#6598=DIRECTION('',(0.,-1.,0.));
#6599=DIRECTION('',(1.,0.,0.));
#6600=DIRECTION('',(0.,-1.,0.));
#6601=DIRECTION('',(-1.,0.,0.));
#6602=DIRECTION('',(0.,-1.,0.));
#6603=DIRECTION('',(1.,0.,0.));
#6604=DIRECTION('',(0.,-1.,0.));
#6605=DIRECTION('',(-1.,0.,0.));
#6606=DIRECTION('',(0.,-1.,0.));
#6607=DIRECTION('',(1.,0.,0.));
#6608=DIRECTION('',(0.,-1.,0.));
#6609=DIRECTION('',(-1.,0.,0.));
#6610=DIRECTION('',(0.,-1.,0.));
#6611=DIRECTION('',(1.,0.,0.));
#6612=DIRECTION('',(0.,-1.,0.));
#6613=DIRECTION('',(-1.,0.,0.));
#6614=DIRECTION('',(0.,-1.,0.));
#6615=DIRECTION('',(1.,0.,0.));
#6616=DIRECTION('',(0.,-1.,0.));
#6617=DIRECTION('',(-1.,0.,0.));
#6618=DIRECTION('',(0.,1.,0.));
#6619=DIRECTION('',(0.,1.,0.));
#6620=DIRECTION('',(1.,0.,0.));
#6621=DIRECTION('',(0.,-1.,0.));
#6622=DIRECTION('',(-1.,0.,0.));
#6623=DIRECTION('',(0.,1.,0.));
#6624=DIRECTION('',(1.,0.,0.));
#6625=DIRECTION('',(0.,-1.,0.));
#6626=DIRECTION('',(-1.,0.,0.));
#6627=DIRECTION('',(-1.,0.,0.));
#6628=DIRECTION('',(0.,1.,0.));
#6629=DIRECTION('',(1.,0.,0.));
#6630=DIRECTION('',(0.,-1.,0.));
#6631=DIRECTION('',(-3.35611538559988E-9,1.,0.));
#6632=DIRECTION('',(1.,3.35611538559988E-9,0.));
#6633=DIRECTION('',(3.35611538559988E-9,-1.,0.));
#6634=DIRECTION('',(-1.,-3.35611538559988E-9,0.));
#6635=DIRECTION('',(0.,1.,0.));
#6636=DIRECTION('',(1.,0.,0.));
#6637=DIRECTION('',(0.,-1.,0.));
#6638=DIRECTION('',(-1.,0.,0.));
#6639=DIRECTION('',(-3.35611510804412E-9,1.,0.));
#6640=DIRECTION('',(1.,3.35611489216742E-9,0.));
#6641=DIRECTION('',(3.35611538559988E-9,-1.,0.));
#6642=DIRECTION('',(-1.,-3.35611489216742E-9,0.));
#6643=DIRECTION('',(0.,1.,0.));
#6644=DIRECTION('',(1.,0.,0.));
#6645=DIRECTION('',(0.,-1.,0.));
#6646=DIRECTION('',(-1.,0.,0.));
#6647=DIRECTION('',(0.,1.,0.));
#6648=DIRECTION('',(1.,0.,0.));
#6649=DIRECTION('',(0.,-1.,0.));
#6650=DIRECTION('',(-1.,0.,0.));
#6651=DIRECTION('',(0.,1.,0.));
#6652=DIRECTION('',(1.,0.,0.));
#6653=DIRECTION('',(0.,-1.,0.));
#6654=DIRECTION('',(-1.,0.,0.));
#6655=DIRECTION('',(0.,1.,0.));
#6656=DIRECTION('',(1.,0.,0.));
#6657=DIRECTION('',(0.,-1.,0.));
#6658=DIRECTION('',(-1.,0.,0.));
#6659=DIRECTION('',(0.,1.,0.));
#6660=DIRECTION('',(1.,0.,0.));
#6661=DIRECTION('',(0.,-1.,0.));
#6662=DIRECTION('',(-1.,0.,0.));
#6663=DIRECTION('',(0.,1.,0.));
#6664=DIRECTION('',(1.,0.,0.));
#6665=DIRECTION('',(0.,-1.,0.));
#6666=DIRECTION('',(-1.,0.,0.));
#6667=DIRECTION('',(-3.3561151234818E-9,1.,0.));
#6668=DIRECTION('',(1.,3.3561150683933E-9,0.));
#6669=DIRECTION('',(3.3561151234818E-9,-1.,0.));
#6670=DIRECTION('',(-1.,-3.3561150683933E-9,0.));
#6671=DIRECTION('',(0.,1.,0.));
#6672=DIRECTION('',(1.,0.,0.));
#6673=DIRECTION('',(0.,-1.,0.));
#6674=DIRECTION('',(-1.,0.,0.));
#6675=DIRECTION('',(0.,1.,0.));
#6676=DIRECTION('',(1.,0.,0.));
#6677=DIRECTION('',(0.,-1.,0.));
#6678=DIRECTION('',(-1.,0.,0.));
#6679=DIRECTION('',(0.,1.,0.));
#6680=DIRECTION('',(1.,0.,0.));
#6681=DIRECTION('',(0.,-1.,0.));
#6682=DIRECTION('',(-1.,0.,0.));
#6683=DIRECTION('',(1.,0.,0.));
#6684=DIRECTION('',(0.,-1.,0.));
#6685=DIRECTION('',(-1.,0.,0.));
#6686=DIRECTION('',(0.,1.,0.));
#6687=DIRECTION('',(0.,1.,0.));
#6688=DIRECTION('',(1.,0.,0.));
#6689=DIRECTION('',(0.,-1.,0.));
#6690=DIRECTION('',(-1.,0.,0.));
#6691=DIRECTION('',(0.,1.,0.));
#6692=DIRECTION('',(1.,0.,0.));
#6693=DIRECTION('',(0.,-1.,0.));
#6694=DIRECTION('',(-1.,0.,0.));
#6695=DIRECTION('',(0.,1.,0.));
#6696=DIRECTION('',(1.,0.,0.));
#6697=DIRECTION('',(0.,-1.,0.));
#6698=DIRECTION('',(-1.,0.,0.));
#6699=DIRECTION('',(0.,1.,0.));
#6700=DIRECTION('',(1.,0.,0.));
#6701=DIRECTION('',(0.,-1.,0.));
#6702=DIRECTION('',(-1.,0.,0.));
#6703=DIRECTION('',(0.,1.,0.));
#6704=DIRECTION('',(1.,0.,0.));
#6705=DIRECTION('',(0.,-1.,0.));
#6706=DIRECTION('',(-1.,0.,0.));
#6707=DIRECTION('',(0.,1.,0.));
#6708=DIRECTION('',(1.,0.,0.));
#6709=DIRECTION('',(0.,-1.,0.));
#6710=DIRECTION('',(-1.,0.,0.));
#6711=DIRECTION('',(0.,1.,0.));
#6712=DIRECTION('',(1.,0.,0.));
#6713=DIRECTION('',(0.,-1.,0.));
#6714=DIRECTION('',(-1.,0.,0.));
#6715=DIRECTION('',(0.,1.,0.));
#6716=DIRECTION('',(1.,0.,0.));
#6717=DIRECTION('',(0.,-1.,0.));
#6718=DIRECTION('',(-1.,0.,0.));
#6719=DIRECTION('',(0.,1.,0.));
#6720=DIRECTION('',(1.,0.,0.));
#6721=DIRECTION('',(0.,-1.,0.));
#6722=DIRECTION('',(-1.,0.,0.));
#6723=DIRECTION('',(0.,1.,0.));
#6724=DIRECTION('',(1.,0.,0.));
#6725=DIRECTION('',(0.,-1.,0.));
#6726=DIRECTION('',(-1.,0.,0.));
#6727=DIRECTION('',(0.,1.,0.));
#6728=DIRECTION('',(1.,0.,0.));
#6729=DIRECTION('',(0.,-1.,0.));
#6730=DIRECTION('',(-1.,0.,0.));
#6731=DIRECTION('',(0.,1.,0.));
#6732=DIRECTION('',(1.,0.,0.));
#6733=DIRECTION('',(0.,-1.,0.));
#6734=DIRECTION('',(-1.,0.,0.));
#6735=DIRECTION('',(0.,1.,0.));
#6736=DIRECTION('',(1.,0.,0.));
#6737=DIRECTION('',(0.,-1.,0.));
#6738=DIRECTION('',(-1.,0.,0.));
#6739=DIRECTION('',(0.,1.,0.));
#6740=DIRECTION('',(1.,0.,0.));
#6741=DIRECTION('',(0.,-1.,0.));
#6742=DIRECTION('',(-1.,0.,0.));
#6743=DIRECTION('center_axis',(-1.,0.,0.));
#6744=DIRECTION('ref_axis',(0.,0.707106781186546,-0.707106781186549));
#6745=DIRECTION('center_axis',(1.,0.,0.));
#6746=DIRECTION('ref_axis',(0.,0.707106781186546,-0.707106781186549));
#6747=DIRECTION('',(1.,0.,0.));
#6748=DIRECTION('center_axis',(-1.,0.,0.));
#6749=DIRECTION('ref_axis',(0.,0.707106781186546,-0.707106781186549));
#6750=DIRECTION('center_axis',(1.,0.,0.));
#6751=DIRECTION('ref_axis',(0.,0.707106781186546,-0.707106781186549));
#6752=DIRECTION('',(-1.,0.,0.));
#6753=DIRECTION('center_axis',(-1.,0.,0.));
#6754=DIRECTION('ref_axis',(0.,0.707106781186546,-0.707106781186549));
#6755=DIRECTION('center_axis',(0.,-1.,0.));
#6756=DIRECTION('ref_axis',(0.,0.,-1.));
#6757=DIRECTION('',(0.,0.,-1.));
#6758=DIRECTION('',(0.,0.,1.));
#6759=DIRECTION('',(1.,0.,0.));
#6760=DIRECTION('',(0.,0.,1.));
#6761=DIRECTION('center_axis',(0.,-1.,0.));
#6762=DIRECTION('ref_axis',(0.,0.,-1.));
#6763=DIRECTION('',(1.,0.,0.));
#6764=DIRECTION('',(0.,0.,-1.));
#6765=DIRECTION('',(-1.,0.,0.));
#6766=DIRECTION('center_axis',(-1.,0.,0.));
#6767=DIRECTION('ref_axis',(0.,0.,1.));
#6768=DIRECTION('',(0.,-1.,0.));
#6769=DIRECTION('',(0.,0.,1.));
#6770=DIRECTION('',(0.,-1.,0.));
#6771=DIRECTION('',(0.,1.,0.));
#6772=DIRECTION('',(0.,0.,1.));
#6773=DIRECTION('center_axis',(0.,0.,1.));
#6774=DIRECTION('ref_axis',(1.,0.,0.));
#6775=DIRECTION('',(1.,0.,0.));
#6776=DIRECTION('center_axis',(0.,1.,0.));
#6777=DIRECTION('ref_axis',(0.,0.,1.));
#6778=DIRECTION('',(-1.,0.,0.));
#6779=DIRECTION('center_axis',(0.,0.,-1.));
#6780=DIRECTION('ref_axis',(-1.,0.,0.));
#6781=DIRECTION('center_axis',(0.,0.,1.));
#6782=DIRECTION('ref_axis',(1.,0.,0.));
#6783=DIRECTION('',(-1.,0.,0.));
#6784=DIRECTION('center_axis',(0.,1.,0.));
#6785=DIRECTION('ref_axis',(0.,0.,1.));
#6786=DIRECTION('center_axis',(1.,0.,0.));
#6787=DIRECTION('ref_axis',(0.,-1.,0.));
#6788=DIRECTION('',(0.,0.,-1.));
#6789=DIRECTION('',(0.,0.,-1.));
#6790=DIRECTION('center_axis',(0.,1.,0.));
#6791=DIRECTION('ref_axis',(1.,0.,0.));
#6792=DIRECTION('',(0.,0.,1.));
#6793=DIRECTION('center_axis',(0.,-1.,0.));
#6794=DIRECTION('ref_axis',(-1.,0.,0.));
#6795=DIRECTION('',(0.,0.,-1.));
#6796=DIRECTION('center_axis',(-1.,0.,0.));
#6797=DIRECTION('ref_axis',(0.,1.,0.));
#6798=DIRECTION('',(0.,0.,-1.));
#6799=DIRECTION('',(0.,0.,-1.));
#6800=DIRECTION('center_axis',(0.,-1.,0.));
#6801=DIRECTION('ref_axis',(-1.,0.,0.));
#6802=DIRECTION('',(0.,0.,1.));
#6803=DIRECTION('center_axis',(0.,1.,0.));
#6804=DIRECTION('ref_axis',(1.,0.,0.));
#6805=DIRECTION('',(0.,0.,-1.));
#6806=DIRECTION('center_axis',(0.,-1.,0.));
#6807=DIRECTION('ref_axis',(-1.,0.,0.));
#6808=DIRECTION('',(0.,0.,-1.));
#6809=DIRECTION('',(0.,0.,-1.));
#6810=DIRECTION('center_axis',(1.,0.,0.));
#6811=DIRECTION('ref_axis',(0.,-1.,0.));
#6812=DIRECTION('',(0.,0.,-1.));
#6813=DIRECTION('center_axis',(0.,1.,0.));
#6814=DIRECTION('ref_axis',(1.,0.,0.));
#6815=DIRECTION('',(0.,0.,-1.));
#6816=DIRECTION('center_axis',(-1.,0.,0.));
#6817=DIRECTION('ref_axis',(0.,1.,0.));
#6818=DIRECTION('center_axis',(1.,0.,0.));
#6819=DIRECTION('ref_axis',(0.,-1.,0.));
#6820=DIRECTION('',(0.,0.,-1.));
#6821=DIRECTION('',(0.,0.,-1.));
#6822=DIRECTION('center_axis',(0.,1.,0.));
#6823=DIRECTION('ref_axis',(1.,0.,0.));
#6824=DIRECTION('',(0.,0.,-1.));
#6825=DIRECTION('center_axis',(-1.,0.,0.));
#6826=DIRECTION('ref_axis',(0.,1.,0.));
#6827=DIRECTION('',(0.,0.,-1.));
#6828=DIRECTION('center_axis',(0.,-1.,0.));
#6829=DIRECTION('ref_axis',(-1.,0.,0.));
#6830=DIRECTION('center_axis',(0.,-1.,0.));
#6831=DIRECTION('ref_axis',(-1.,0.,0.));
#6832=DIRECTION('',(0.,0.,-1.));
#6833=DIRECTION('',(0.,0.,-1.));
#6834=DIRECTION('center_axis',(1.,0.,0.));
#6835=DIRECTION('ref_axis',(0.,-1.,0.));
#6836=DIRECTION('',(0.,0.,-1.));
#6837=DIRECTION('center_axis',(0.,1.,0.));
#6838=DIRECTION('ref_axis',(1.,0.,0.));
#6839=DIRECTION('',(0.,0.,-1.));
#6840=DIRECTION('center_axis',(-1.,0.,0.));
#6841=DIRECTION('ref_axis',(0.,1.,0.));
#6842=DIRECTION('center_axis',(1.,0.,0.));
#6843=DIRECTION('ref_axis',(0.,1.,0.));
#6844=DIRECTION('',(0.,0.,-1.));
#6845=DIRECTION('center_axis',(1.,0.,0.));
#6846=DIRECTION('ref_axis',(0.,1.,0.));
#6847=DIRECTION('center_axis',(-1.,0.,0.));
#6848=DIRECTION('ref_axis',(0.,-1.,0.));
#6849=DIRECTION('center_axis',(-1.,-3.35611538559988E-9,0.));
#6850=DIRECTION('ref_axis',(-3.35611538559988E-9,1.,0.));
#6851=DIRECTION('',(0.,0.,-1.));
#6852=DIRECTION('',(0.,0.,-1.));
#6853=DIRECTION('center_axis',(3.35611539677907E-9,-1.,0.));
#6854=DIRECTION('ref_axis',(-1.,-3.35611539677907E-9,0.));
#6855=DIRECTION('',(0.,0.,1.));
#6856=DIRECTION('center_axis',(-3.35611539677907E-9,1.,0.));
#6857=DIRECTION('ref_axis',(1.,3.35611539677907E-9,0.));
#6858=DIRECTION('',(0.,0.,-1.));
#6859=DIRECTION('center_axis',(-1.,-3.35611538559988E-9,0.));
#6860=DIRECTION('ref_axis',(-3.35611538559988E-9,1.,0.));
#6861=DIRECTION('',(0.,0.,-1.));
#6862=DIRECTION('',(0.,0.,-1.));
#6863=DIRECTION('center_axis',(3.35611538559988E-9,-1.,0.));
#6864=DIRECTION('ref_axis',(-1.,-3.35611538559988E-9,0.));
#6865=DIRECTION('',(0.,0.,1.));
#6866=DIRECTION('center_axis',(-3.35611538559988E-9,1.,0.));
#6867=DIRECTION('ref_axis',(1.,3.35611538559988E-9,0.));
#6868=DIRECTION('',(0.,0.,-1.));
#6869=DIRECTION('center_axis',(1.,0.,0.));
#6870=DIRECTION('ref_axis',(0.,-1.,0.));
#6871=DIRECTION('',(0.,0.,-1.));
#6872=DIRECTION('',(0.,0.,-1.));
#6873=DIRECTION('center_axis',(0.,1.,0.));
#6874=DIRECTION('ref_axis',(1.,0.,0.));
#6875=DIRECTION('',(0.,0.,-1.));
#6876=DIRECTION('center_axis',(-1.,0.,0.));
#6877=DIRECTION('ref_axis',(0.,1.,0.));
#6878=DIRECTION('',(0.,0.,-1.));
#6879=DIRECTION('center_axis',(0.,-1.,0.));
#6880=DIRECTION('ref_axis',(-1.,0.,0.));
#6881=DIRECTION('center_axis',(0.,1.,0.));
#6882=DIRECTION('ref_axis',(1.,0.,0.));
#6883=DIRECTION('',(0.,0.,-1.));
#6884=DIRECTION('',(0.,0.,-1.));
#6885=DIRECTION('center_axis',(-1.,0.,0.));
#6886=DIRECTION('ref_axis',(0.,1.,0.));
#6887=DIRECTION('',(0.,0.,-1.));
#6888=DIRECTION('center_axis',(0.,-1.,0.));
#6889=DIRECTION('ref_axis',(-1.,0.,0.));
#6890=DIRECTION('',(0.,0.,-1.));
#6891=DIRECTION('center_axis',(1.,0.,0.));
#6892=DIRECTION('ref_axis',(0.,-1.,0.));
#6893=DIRECTION('center_axis',(1.,3.35611538559988E-9,0.));
#6894=DIRECTION('ref_axis',(3.35611538559988E-9,-1.,0.));
#6895=DIRECTION('',(0.,0.,-1.));
#6896=DIRECTION('',(0.,0.,-1.));
#6897=DIRECTION('center_axis',(-3.35611538559988E-9,1.,0.));
#6898=DIRECTION('ref_axis',(1.,3.35611538559988E-9,0.));
#6899=DIRECTION('',(0.,0.,-1.));
#6900=DIRECTION('center_axis',(-1.,-3.35611538559988E-9,0.));
#6901=DIRECTION('ref_axis',(-3.35611538559988E-9,1.,0.));
#6902=DIRECTION('',(0.,0.,-1.));
#6903=DIRECTION('center_axis',(3.35611538559988E-9,-1.,0.));
#6904=DIRECTION('ref_axis',(-1.,-3.35611538559988E-9,0.));
#6905=DIRECTION('center_axis',(0.,1.,0.));
#6906=DIRECTION('ref_axis',(1.,0.,0.));
#6907=DIRECTION('',(0.,0.,-1.));
#6908=DIRECTION('',(0.,0.,1.));
#6909=DIRECTION('center_axis',(1.,0.,0.));
#6910=DIRECTION('ref_axis',(0.,-1.,0.));
#6911=DIRECTION('',(0.,0.,-1.));
#6912=DIRECTION('',(0.,0.,-1.));
#6913=DIRECTION('center_axis',(0.,1.,0.));
#6914=DIRECTION('ref_axis',(1.,0.,0.));
#6915=DIRECTION('',(0.,0.,-1.));
#6916=DIRECTION('center_axis',(-1.,0.,0.));
#6917=DIRECTION('ref_axis',(0.,1.,0.));
#6918=DIRECTION('',(0.,0.,-1.));
#6919=DIRECTION('center_axis',(0.,-1.,0.));
#6920=DIRECTION('ref_axis',(-1.,0.,0.));
#6921=DIRECTION('center_axis',(-1.,0.,0.));
#6922=DIRECTION('ref_axis',(0.,1.,0.));
#6923=DIRECTION('',(0.,0.,-1.));
#6924=DIRECTION('',(0.,0.,-1.));
#6925=DIRECTION('center_axis',(0.,-1.,0.));
#6926=DIRECTION('ref_axis',(-1.,0.,0.));
#6927=DIRECTION('',(0.,0.,1.));
#6928=DIRECTION('center_axis',(0.,1.,0.));
#6929=DIRECTION('ref_axis',(1.,0.,0.));
#6930=DIRECTION('',(0.,0.,-1.));
#6931=DIRECTION('center_axis',(0.,1.,0.));
#6932=DIRECTION('ref_axis',(1.,0.,0.));
#6933=DIRECTION('',(0.,0.,-1.));
#6934=DIRECTION('',(0.,0.,1.));
#6935=DIRECTION('center_axis',(0.,-1.,0.));
#6936=DIRECTION('ref_axis',(-1.,0.,0.));
#6937=DIRECTION('',(0.,0.,-1.));
#6938=DIRECTION('',(0.,0.,-1.));
#6939=DIRECTION('center_axis',(1.,0.,0.));
#6940=DIRECTION('ref_axis',(0.,-1.,0.));
#6941=DIRECTION('center_axis',(0.,1.,0.));
#6942=DIRECTION('ref_axis',(1.,0.,0.));
#6943=DIRECTION('',(0.,0.,-1.));
#6944=DIRECTION('',(0.,0.,1.));
#6945=DIRECTION('center_axis',(0.,-1.,0.));
#6946=DIRECTION('ref_axis',(-1.,0.,0.));
#6947=DIRECTION('',(0.,0.,-1.));
#6948=DIRECTION('',(0.,0.,-1.));
#6949=DIRECTION('center_axis',(1.,0.,0.));
#6950=DIRECTION('ref_axis',(0.,-1.,0.));
#6951=DIRECTION('center_axis',(1.,3.35611538559988E-9,0.));
#6952=DIRECTION('ref_axis',(3.35611538559988E-9,-1.,0.));
#6953=DIRECTION('',(0.,0.,-1.));
#6954=DIRECTION('',(0.,0.,-1.));
#6955=DIRECTION('center_axis',(-3.35611489216742E-9,1.,0.));
#6956=DIRECTION('ref_axis',(1.,3.35611489216742E-9,0.));
#6957=DIRECTION('',(0.,0.,-1.));
#6958=DIRECTION('center_axis',(-1.,-3.35611510804412E-9,0.));
#6959=DIRECTION('ref_axis',(-3.35611510804412E-9,1.,0.));
#6960=DIRECTION('',(0.,0.,-1.));
#6961=DIRECTION('center_axis',(3.35611489216742E-9,-1.,0.));
#6962=DIRECTION('ref_axis',(-1.,-3.35611489216742E-9,0.));
#6963=DIRECTION('center_axis',(1.,0.,0.));
#6964=DIRECTION('ref_axis',(0.,-1.,0.));
#6965=DIRECTION('',(0.,0.,-1.));
#6966=DIRECTION('',(0.,0.,-1.));
#6967=DIRECTION('center_axis',(0.,1.,0.));
#6968=DIRECTION('ref_axis',(1.,0.,0.));
#6969=DIRECTION('',(0.,0.,-1.));
#6970=DIRECTION('center_axis',(-1.,0.,0.));
#6971=DIRECTION('ref_axis',(0.,1.,0.));
#6972=DIRECTION('',(0.,0.,-1.));
#6973=DIRECTION('center_axis',(0.,-1.,0.));
#6974=DIRECTION('ref_axis',(-1.,0.,0.));
#6975=DIRECTION('center_axis',(1.,0.,0.));
#6976=DIRECTION('ref_axis',(0.,-1.,0.));
#6977=DIRECTION('',(0.,0.,-1.));
#6978=DIRECTION('',(0.,0.,-1.));
#6979=DIRECTION('center_axis',(0.,1.,0.));
#6980=DIRECTION('ref_axis',(1.,0.,0.));
#6981=DIRECTION('',(0.,0.,-1.));
#6982=DIRECTION('center_axis',(-1.,0.,0.));
#6983=DIRECTION('ref_axis',(0.,1.,0.));
#6984=DIRECTION('',(0.,0.,-1.));
#6985=DIRECTION('center_axis',(0.,-1.,0.));
#6986=DIRECTION('ref_axis',(-1.,0.,0.));
#6987=DIRECTION('center_axis',(-3.35611538559988E-9,1.,0.));
#6988=DIRECTION('ref_axis',(1.,3.35611538559988E-9,0.));
#6989=DIRECTION('',(0.,0.,-1.));
#6990=DIRECTION('',(0.,0.,1.));
#6991=DIRECTION('center_axis',(3.35611538559988E-9,-1.,0.));
#6992=DIRECTION('ref_axis',(-1.,-3.35611538559988E-9,0.));
#6993=DIRECTION('',(0.,0.,-1.));
#6994=DIRECTION('',(0.,0.,-1.));
#6995=DIRECTION('center_axis',(1.,3.35611538559988E-9,0.));
#6996=DIRECTION('ref_axis',(3.35611538559988E-9,-1.,0.));
#6997=DIRECTION('center_axis',(1.,0.,0.));
#6998=DIRECTION('ref_axis',(0.,-1.,0.));
#6999=DIRECTION('',(0.,0.,-1.));
#7000=DIRECTION('',(0.,0.,-1.));
#7001=DIRECTION('center_axis',(0.,1.,0.));
#7002=DIRECTION('ref_axis',(1.,0.,0.));
#7003=DIRECTION('',(0.,0.,-1.));
#7004=DIRECTION('center_axis',(-1.,0.,0.));
#7005=DIRECTION('ref_axis',(0.,1.,0.));
#7006=DIRECTION('',(0.,0.,-1.));
#7007=DIRECTION('center_axis',(0.,-1.,0.));
#7008=DIRECTION('ref_axis',(-1.,0.,0.));
#7009=DIRECTION('center_axis',(0.,1.,0.));
#7010=DIRECTION('ref_axis',(1.,0.,0.));
#7011=DIRECTION('',(0.,0.,-1.));
#7012=DIRECTION('',(0.,0.,1.));
#7013=DIRECTION('center_axis',(0.,-1.,0.));
#7014=DIRECTION('ref_axis',(-1.,0.,0.));
#7015=DIRECTION('',(0.,0.,-1.));
#7016=DIRECTION('',(0.,0.,-1.));
#7017=DIRECTION('center_axis',(1.,0.,0.));
#7018=DIRECTION('ref_axis',(0.,-1.,0.));
#7019=DIRECTION('center_axis',(1.,0.,0.));
#7020=DIRECTION('ref_axis',(0.,-1.,0.));
#7021=DIRECTION('',(0.,0.,-1.));
#7022=DIRECTION('',(0.,0.,-1.));
#7023=DIRECTION('center_axis',(0.,1.,0.));
#7024=DIRECTION('ref_axis',(1.,0.,0.));
#7025=DIRECTION('',(0.,0.,-1.));
#7026=DIRECTION('center_axis',(-1.,0.,0.));
#7027=DIRECTION('ref_axis',(0.,1.,0.));
#7028=DIRECTION('',(0.,0.,-1.));
#7029=DIRECTION('center_axis',(0.,-1.,0.));
#7030=DIRECTION('ref_axis',(-1.,0.,0.));
#7031=DIRECTION('center_axis',(1.,0.,0.));
#7032=DIRECTION('ref_axis',(0.,-1.,0.));
#7033=DIRECTION('',(0.,0.,-1.));
#7034=DIRECTION('',(0.,0.,-1.));
#7035=DIRECTION('center_axis',(0.,1.,0.));
#7036=DIRECTION('ref_axis',(1.,0.,0.));
#7037=DIRECTION('',(0.,0.,-1.));
#7038=DIRECTION('center_axis',(-1.,0.,0.));
#7039=DIRECTION('ref_axis',(0.,1.,0.));
#7040=DIRECTION('',(0.,0.,-1.));
#7041=DIRECTION('center_axis',(0.,-1.,0.));
#7042=DIRECTION('ref_axis',(-1.,0.,0.));
#7043=DIRECTION('center_axis',(-1.,0.,0.));
#7044=DIRECTION('ref_axis',(0.,1.,0.));
#7045=DIRECTION('',(0.,0.,-1.));
#7046=DIRECTION('',(0.,0.,-1.));
#7047=DIRECTION('center_axis',(0.,-1.,0.));
#7048=DIRECTION('ref_axis',(-1.,0.,0.));
#7049=DIRECTION('',(0.,0.,1.));
#7050=DIRECTION('center_axis',(0.,1.,0.));
#7051=DIRECTION('ref_axis',(1.,0.,0.));
#7052=DIRECTION('',(0.,0.,-1.));
#7053=DIRECTION('center_axis',(1.,0.,0.));
#7054=DIRECTION('ref_axis',(0.,-1.,0.));
#7055=DIRECTION('',(0.,0.,-1.));
#7056=DIRECTION('',(0.,0.,-1.));
#7057=DIRECTION('center_axis',(0.,1.,0.));
#7058=DIRECTION('ref_axis',(1.,0.,0.));
#7059=DIRECTION('',(0.,0.,1.));
#7060=DIRECTION('center_axis',(0.,-1.,0.));
#7061=DIRECTION('ref_axis',(-1.,0.,0.));
#7062=DIRECTION('',(0.,0.,-1.));
#7063=DIRECTION('center_axis',(1.,0.,0.));
#7064=DIRECTION('ref_axis',(0.,-1.,0.));
#7065=DIRECTION('',(0.,0.,-1.));
#7066=DIRECTION('',(0.,0.,-1.));
#7067=DIRECTION('center_axis',(0.,1.,0.));
#7068=DIRECTION('ref_axis',(1.,0.,0.));
#7069=DIRECTION('',(0.,0.,-1.));
#7070=DIRECTION('center_axis',(-1.,0.,0.));
#7071=DIRECTION('ref_axis',(0.,1.,0.));
#7072=DIRECTION('',(0.,0.,-1.));
#7073=DIRECTION('center_axis',(0.,-1.,0.));
#7074=DIRECTION('ref_axis',(-1.,0.,0.));
#7075=DIRECTION('center_axis',(-1.,0.,0.));
#7076=DIRECTION('ref_axis',(0.,1.,0.));
#7077=DIRECTION('',(0.,0.,-1.));
#7078=DIRECTION('',(0.,0.,-1.));
#7079=DIRECTION('center_axis',(0.,-1.,0.));
#7080=DIRECTION('ref_axis',(-1.,0.,0.));
#7081=DIRECTION('',(0.,0.,1.));
#7082=DIRECTION('center_axis',(0.,1.,0.));
#7083=DIRECTION('ref_axis',(1.,0.,0.));
#7084=DIRECTION('',(0.,0.,-1.));
#7085=DIRECTION('center_axis',(0.,1.,0.));
#7086=DIRECTION('ref_axis',(1.,0.,0.));
#7087=DIRECTION('',(0.,0.,-1.));
#7088=DIRECTION('',(0.,0.,1.));
#7089=DIRECTION('center_axis',(0.,-1.,0.));
#7090=DIRECTION('ref_axis',(-1.,0.,0.));
#7091=DIRECTION('',(0.,0.,-1.));
#7092=DIRECTION('',(0.,0.,-1.));
#7093=DIRECTION('center_axis',(1.,0.,0.));
#7094=DIRECTION('ref_axis',(0.,-1.,0.));
#7095=DIRECTION('center_axis',(-1.,0.,0.));
#7096=DIRECTION('ref_axis',(0.,1.,0.));
#7097=DIRECTION('',(0.,0.,-1.));
#7098=DIRECTION('',(0.,0.,-1.));
#7099=DIRECTION('center_axis',(0.,-1.,0.));
#7100=DIRECTION('ref_axis',(-1.,0.,0.));
#7101=DIRECTION('',(0.,0.,1.));
#7102=DIRECTION('center_axis',(0.,1.,0.));
#7103=DIRECTION('ref_axis',(1.,0.,0.));
#7104=DIRECTION('',(0.,0.,-1.));
#7105=DIRECTION('center_axis',(1.,3.3561151234818E-9,0.));
#7106=DIRECTION('ref_axis',(3.3561151234818E-9,-1.,0.));
#7107=DIRECTION('',(0.,0.,-1.));
#7108=DIRECTION('',(0.,0.,-1.));
#7109=DIRECTION('center_axis',(-3.3561150683933E-9,1.,0.));
#7110=DIRECTION('ref_axis',(1.,3.3561150683933E-9,0.));
#7111=DIRECTION('',(0.,0.,-1.));
#7112=DIRECTION('center_axis',(-1.,-3.3561151234818E-9,0.));
#7113=DIRECTION('ref_axis',(-3.3561151234818E-9,1.,0.));
#7114=DIRECTION('',(0.,0.,-1.));
#7115=DIRECTION('center_axis',(3.3561150683933E-9,-1.,0.));
#7116=DIRECTION('ref_axis',(-1.,-3.3561150683933E-9,0.));
#7117=DIRECTION('center_axis',(1.,0.,0.));
#7118=DIRECTION('ref_axis',(0.,-1.,0.));
#7119=DIRECTION('',(0.,0.,-1.));
#7120=DIRECTION('',(0.,0.,-1.));
#7121=DIRECTION('center_axis',(0.,1.,0.));
#7122=DIRECTION('ref_axis',(1.,0.,0.));
#7123=DIRECTION('',(0.,0.,-1.));
#7124=DIRECTION('center_axis',(-1.,0.,0.));
#7125=DIRECTION('ref_axis',(0.,1.,0.));
#7126=DIRECTION('',(0.,0.,-1.));
#7127=DIRECTION('center_axis',(0.,-1.,0.));
#7128=DIRECTION('ref_axis',(-1.,0.,0.));
#7129=DIRECTION('center_axis',(1.,0.,0.));
#7130=DIRECTION('ref_axis',(0.,-1.,0.));
#7131=DIRECTION('',(0.,0.,-1.));
#7132=DIRECTION('',(0.,0.,-1.));
#7133=DIRECTION('center_axis',(0.,1.,0.));
#7134=DIRECTION('ref_axis',(1.,0.,0.));
#7135=DIRECTION('',(0.,0.,1.));
#7136=DIRECTION('center_axis',(0.,-1.,0.));
#7137=DIRECTION('ref_axis',(-1.,0.,0.));
#7138=DIRECTION('',(0.,0.,-1.));
#7139=DIRECTION('center_axis',(-1.,0.,0.));
#7140=DIRECTION('ref_axis',(0.,1.,0.));
#7141=DIRECTION('',(0.,0.,-1.));
#7142=DIRECTION('',(0.,0.,-1.));
#7143=DIRECTION('center_axis',(0.,-1.,0.));
#7144=DIRECTION('ref_axis',(-1.,0.,0.));
#7145=DIRECTION('',(0.,0.,1.));
#7146=DIRECTION('center_axis',(0.,1.,0.));
#7147=DIRECTION('ref_axis',(1.,0.,0.));
#7148=DIRECTION('',(0.,0.,-1.));
#7149=DIRECTION('center_axis',(1.,0.,0.));
#7150=DIRECTION('ref_axis',(0.,-1.,0.));
#7151=DIRECTION('',(0.,0.,-1.));
#7152=DIRECTION('',(0.,0.,-1.));
#7153=DIRECTION('center_axis',(0.,1.,0.));
#7154=DIRECTION('ref_axis',(1.,0.,0.));
#7155=DIRECTION('',(0.,0.,-1.));
#7156=DIRECTION('center_axis',(-1.,0.,0.));
#7157=DIRECTION('ref_axis',(0.,1.,0.));
#7158=DIRECTION('',(0.,0.,-1.));
#7159=DIRECTION('center_axis',(0.,-1.,0.));
#7160=DIRECTION('ref_axis',(-1.,0.,0.));
#7161=DIRECTION('center_axis',(-1.,0.,0.));
#7162=DIRECTION('ref_axis',(0.,-1.,0.));
#7163=DIRECTION('',(0.,0.,-1.));
#7164=DIRECTION('center_axis',(-1.,0.,0.));
#7165=DIRECTION('ref_axis',(0.,-1.,0.));
#7166=DIRECTION('center_axis',(-1.,0.,0.));
#7167=DIRECTION('ref_axis',(0.,-1.,0.));
#7168=DIRECTION('center_axis',(-1.,0.,0.));
#7169=DIRECTION('ref_axis',(0.,-1.,0.));
#7170=DIRECTION('center_axis',(-1.,0.,0.));
#7171=DIRECTION('ref_axis',(0.,-1.,0.));
#7172=DIRECTION('center_axis',(-1.,0.,0.));
#7173=DIRECTION('ref_axis',(0.,-1.,0.));
#7174=DIRECTION('center_axis',(-1.,0.,0.));
#7175=DIRECTION('ref_axis',(0.,-1.,0.));
#7176=DIRECTION('center_axis',(-1.,0.,0.));
#7177=DIRECTION('ref_axis',(0.,-1.,0.));
#7178=DIRECTION('center_axis',(1.,0.,0.));
#7179=DIRECTION('ref_axis',(0.,1.,0.));
#7180=DIRECTION('',(0.,0.,1.));
#7181=DIRECTION('center_axis',(1.,0.,0.));
#7182=DIRECTION('ref_axis',(0.,1.,0.));
#7183=DIRECTION('center_axis',(1.,0.,0.));
#7184=DIRECTION('ref_axis',(0.,1.,0.));
#7185=DIRECTION('center_axis',(1.,0.,0.));
#7186=DIRECTION('ref_axis',(0.,1.,0.));
#7187=DIRECTION('center_axis',(1.,0.,0.));
#7188=DIRECTION('ref_axis',(0.,1.,0.));
#7189=DIRECTION('center_axis',(1.,0.,0.));
#7190=DIRECTION('ref_axis',(0.,1.,0.));
#7191=DIRECTION('center_axis',(1.,0.,0.));
#7192=DIRECTION('ref_axis',(0.,1.,0.));
#7193=DIRECTION('center_axis',(0.,1.,0.));
#7194=DIRECTION('ref_axis',(1.,0.,0.));
#7195=DIRECTION('',(0.,0.,-1.));
#7196=DIRECTION('',(0.,0.,1.));
#7197=DIRECTION('center_axis',(0.,-1.,0.));
#7198=DIRECTION('ref_axis',(-1.,0.,0.));
#7199=DIRECTION('',(0.,0.,-1.));
#7200=DIRECTION('',(0.,0.,-1.));
#7201=DIRECTION('center_axis',(1.,0.,0.));
#7202=DIRECTION('ref_axis',(0.,-1.,0.));
#7203=DIRECTION('center_axis',(-1.,0.,0.));
#7204=DIRECTION('ref_axis',(0.,1.,0.));
#7205=DIRECTION('',(0.,0.,-1.));
#7206=DIRECTION('',(0.,0.,-1.));
#7207=DIRECTION('center_axis',(0.,-1.,0.));
#7208=DIRECTION('ref_axis',(-1.,0.,0.));
#7209=DIRECTION('',(0.,0.,1.));
#7210=DIRECTION('center_axis',(0.,1.,0.));
#7211=DIRECTION('ref_axis',(1.,0.,0.));
#7212=DIRECTION('',(0.,0.,-1.));
#7213=DIRECTION('center_axis',(-1.,0.,0.));
#7214=DIRECTION('ref_axis',(0.,1.,0.));
#7215=DIRECTION('',(0.,0.,-1.));
#7216=DIRECTION('',(0.,0.,-1.));
#7217=DIRECTION('center_axis',(0.,-1.,0.));
#7218=DIRECTION('ref_axis',(-1.,0.,0.));
#7219=DIRECTION('',(0.,0.,1.));
#7220=DIRECTION('center_axis',(0.,1.,0.));
#7221=DIRECTION('ref_axis',(1.,0.,0.));
#7222=DIRECTION('',(0.,0.,-1.));
#7223=DIRECTION('center_axis',(1.,0.,0.));
#7224=DIRECTION('ref_axis',(0.,-1.,0.));
#7225=DIRECTION('',(0.,0.,-1.));
#7226=DIRECTION('',(0.,0.,-1.));
#7227=DIRECTION('center_axis',(0.,1.,0.));
#7228=DIRECTION('ref_axis',(1.,0.,0.));
#7229=DIRECTION('',(0.,0.,-1.));
#7230=DIRECTION('center_axis',(-1.,0.,0.));
#7231=DIRECTION('ref_axis',(0.,1.,0.));
#7232=DIRECTION('',(0.,0.,-1.));
#7233=DIRECTION('center_axis',(0.,-1.,0.));
#7234=DIRECTION('ref_axis',(-1.,0.,0.));
#7235=DIRECTION('center_axis',(1.,0.,0.));
#7236=DIRECTION('ref_axis',(0.,-1.,0.));
#7237=DIRECTION('',(0.,0.,-1.));
#7238=DIRECTION('',(0.,0.,-1.));
#7239=DIRECTION('center_axis',(0.,1.,0.));
#7240=DIRECTION('ref_axis',(1.,0.,0.));
#7241=DIRECTION('',(0.,0.,-1.));
#7242=DIRECTION('center_axis',(-1.,0.,0.));
#7243=DIRECTION('ref_axis',(0.,1.,0.));
#7244=DIRECTION('',(0.,0.,-1.));
#7245=DIRECTION('center_axis',(0.,-1.,0.));
#7246=DIRECTION('ref_axis',(-1.,0.,0.));
#7247=DIRECTION('center_axis',(1.,0.,0.));
#7248=DIRECTION('ref_axis',(0.,-1.,0.));
#7249=DIRECTION('',(0.,0.,-1.));
#7250=DIRECTION('',(0.,0.,-1.));
#7251=DIRECTION('center_axis',(0.,1.,0.));
#7252=DIRECTION('ref_axis',(1.,0.,0.));
#7253=DIRECTION('',(0.,0.,-1.));
#7254=DIRECTION('center_axis',(-1.,0.,0.));
#7255=DIRECTION('ref_axis',(0.,1.,0.));
#7256=DIRECTION('',(0.,0.,-1.));
#7257=DIRECTION('center_axis',(0.,-1.,0.));
#7258=DIRECTION('ref_axis',(-1.,0.,0.));
#7259=DIRECTION('center_axis',(0.,1.,0.));
#7260=DIRECTION('ref_axis',(1.,0.,0.));
#7261=DIRECTION('',(0.,0.,-1.));
#7262=DIRECTION('',(0.,0.,1.));
#7263=DIRECTION('center_axis',(0.,-1.,0.));
#7264=DIRECTION('ref_axis',(-1.,0.,0.));
#7265=DIRECTION('',(0.,0.,-1.));
#7266=DIRECTION('',(0.,0.,-1.));
#7267=DIRECTION('center_axis',(1.,0.,0.));
#7268=DIRECTION('ref_axis',(0.,-1.,0.));
#7269=DIRECTION('center_axis',(1.,0.,0.));
#7270=DIRECTION('ref_axis',(0.,-1.,0.));
#7271=DIRECTION('',(0.,0.,-1.));
#7272=DIRECTION('',(0.,0.,-1.));
#7273=DIRECTION('center_axis',(0.,1.,0.));
#7274=DIRECTION('ref_axis',(1.,0.,0.));
#7275=DIRECTION('',(0.,0.,-1.));
#7276=DIRECTION('center_axis',(-1.,0.,0.));
#7277=DIRECTION('ref_axis',(0.,1.,0.));
#7278=DIRECTION('',(0.,0.,-1.));
#7279=DIRECTION('center_axis',(0.,-1.,0.));
#7280=DIRECTION('ref_axis',(-1.,0.,0.));
#7281=DIRECTION('center_axis',(1.,0.,0.));
#7282=DIRECTION('ref_axis',(0.,-1.,0.));
#7283=DIRECTION('',(0.,0.,-1.));
#7284=DIRECTION('',(0.,0.,-1.));
#7285=DIRECTION('center_axis',(0.,1.,0.));
#7286=DIRECTION('ref_axis',(1.,0.,0.));
#7287=DIRECTION('',(0.,0.,-1.));
#7288=DIRECTION('center_axis',(-1.,0.,0.));
#7289=DIRECTION('ref_axis',(0.,1.,0.));
#7290=DIRECTION('',(0.,0.,-1.));
#7291=DIRECTION('center_axis',(0.,-1.,0.));
#7292=DIRECTION('ref_axis',(-1.,0.,0.));
#7293=DIRECTION('center_axis',(1.,0.,0.));
#7294=DIRECTION('ref_axis',(0.,-1.,0.));
#7295=DIRECTION('',(0.,0.,-1.));
#7296=DIRECTION('',(0.,0.,-1.));
#7297=DIRECTION('center_axis',(0.,1.,0.));
#7298=DIRECTION('ref_axis',(1.,0.,0.));
#7299=DIRECTION('',(0.,0.,-1.));
#7300=DIRECTION('center_axis',(-1.,0.,0.));
#7301=DIRECTION('ref_axis',(0.,1.,0.));
#7302=DIRECTION('',(0.,0.,-1.));
#7303=DIRECTION('center_axis',(0.,-1.,0.));
#7304=DIRECTION('ref_axis',(-1.,0.,0.));
#7305=DIRECTION('center_axis',(1.,0.,0.));
#7306=DIRECTION('ref_axis',(0.,-1.,0.));
#7307=DIRECTION('',(0.,0.,-1.));
#7308=DIRECTION('',(0.,0.,-1.));
#7309=DIRECTION('center_axis',(0.,1.,0.));
#7310=DIRECTION('ref_axis',(1.,0.,0.));
#7311=DIRECTION('',(0.,0.,-1.));
#7312=DIRECTION('center_axis',(-1.,0.,0.));
#7313=DIRECTION('ref_axis',(0.,1.,0.));
#7314=DIRECTION('',(0.,0.,-1.));
#7315=DIRECTION('center_axis',(0.,-1.,0.));
#7316=DIRECTION('ref_axis',(-1.,0.,0.));
#7317=DIRECTION('center_axis',(-1.,0.,0.));
#7318=DIRECTION('ref_axis',(0.,1.,0.));
#7319=DIRECTION('',(0.,0.,-1.));
#7320=DIRECTION('',(0.,0.,-1.));
#7321=DIRECTION('center_axis',(0.,-1.,0.));
#7322=DIRECTION('ref_axis',(-1.,0.,0.));
#7323=DIRECTION('',(0.,0.,1.));
#7324=DIRECTION('center_axis',(0.,1.,0.));
#7325=DIRECTION('ref_axis',(1.,0.,0.));
#7326=DIRECTION('',(0.,0.,-1.));
#7327=DIRECTION('center_axis',(-1.,0.,0.));
#7328=DIRECTION('ref_axis',(0.,1.,0.));
#7329=DIRECTION('',(0.,0.,-1.));
#7330=DIRECTION('',(0.,0.,-1.));
#7331=DIRECTION('center_axis',(0.,-1.,0.));
#7332=DIRECTION('ref_axis',(-1.,0.,0.));
#7333=DIRECTION('center_axis',(0.,1.,0.));
#7334=DIRECTION('ref_axis',(1.,0.,0.));
#7335=DIRECTION('',(0.,0.,-1.));
#7336=DIRECTION('center_axis',(0.,1.,0.));
#7337=DIRECTION('ref_axis',(1.,0.,0.));
#7338=DIRECTION('',(0.,0.,-1.));
#7339=DIRECTION('',(0.,0.,1.));
#7340=DIRECTION('center_axis',(0.,-1.,0.));
#7341=DIRECTION('ref_axis',(-1.,0.,0.));
#7342=DIRECTION('',(0.,0.,-1.));
#7343=DIRECTION('',(0.,0.,-1.));
#7344=DIRECTION('center_axis',(1.,0.,0.));
#7345=DIRECTION('ref_axis',(0.,-1.,0.));
#7346=DIRECTION('center_axis',(0.,1.,0.));
#7347=DIRECTION('ref_axis',(1.,0.,0.));
#7348=DIRECTION('',(0.,0.,-1.));
#7349=DIRECTION('',(0.,0.,1.));
#7350=DIRECTION('center_axis',(0.,-1.,0.));
#7351=DIRECTION('ref_axis',(-1.,0.,0.));
#7352=DIRECTION('',(0.,0.,-1.));
#7353=DIRECTION('',(0.,0.,-1.));
#7354=DIRECTION('center_axis',(1.,0.,0.));
#7355=DIRECTION('ref_axis',(0.,-1.,0.));
#7356=DIRECTION('center_axis',(-1.,0.,0.));
#7357=DIRECTION('ref_axis',(0.,1.,0.));
#7358=DIRECTION('',(0.,0.,-1.));
#7359=DIRECTION('',(0.,0.,-1.));
#7360=DIRECTION('center_axis',(0.,-1.,0.));
#7361=DIRECTION('ref_axis',(-1.,0.,0.));
#7362=DIRECTION('',(0.,0.,1.));
#7363=DIRECTION('center_axis',(0.,1.,0.));
#7364=DIRECTION('ref_axis',(1.,0.,0.));
#7365=DIRECTION('',(0.,0.,-1.));
#7366=DIRECTION('center_axis',(-1.,0.,0.));
#7367=DIRECTION('ref_axis',(0.,1.,0.));
#7368=DIRECTION('',(0.,0.,-1.));
#7369=DIRECTION('',(0.,0.,-1.));
#7370=DIRECTION('center_axis',(0.,-1.,0.));
#7371=DIRECTION('ref_axis',(-1.,0.,0.));
#7372=DIRECTION('',(0.,0.,1.));
#7373=DIRECTION('center_axis',(0.,1.,0.));
#7374=DIRECTION('ref_axis',(1.,0.,0.));
#7375=DIRECTION('',(0.,0.,-1.));
#7376=DIRECTION('center_axis',(1.,0.,0.));
#7377=DIRECTION('ref_axis',(0.,-1.,0.));
#7378=DIRECTION('',(0.,0.,-1.));
#7379=DIRECTION('',(0.,0.,-1.));
#7380=DIRECTION('center_axis',(0.,1.,0.));
#7381=DIRECTION('ref_axis',(1.,0.,0.));
#7382=DIRECTION('',(0.,0.,-1.));
#7383=DIRECTION('center_axis',(-1.,0.,0.));
#7384=DIRECTION('ref_axis',(0.,1.,0.));
#7385=DIRECTION('',(0.,0.,-1.));
#7386=DIRECTION('center_axis',(0.,-1.,0.));
#7387=DIRECTION('ref_axis',(-1.,0.,0.));
#7388=DIRECTION('center_axis',(1.,0.,0.));
#7389=DIRECTION('ref_axis',(0.,-1.,0.));
#7390=DIRECTION('',(0.,0.,-1.));
#7391=DIRECTION('',(0.,0.,-1.));
#7392=DIRECTION('center_axis',(0.,1.,0.));
#7393=DIRECTION('ref_axis',(1.,0.,0.));
#7394=DIRECTION('',(0.,0.,-1.));
#7395=DIRECTION('center_axis',(-1.,0.,0.));
#7396=DIRECTION('ref_axis',(0.,1.,0.));
#7397=DIRECTION('',(0.,0.,-1.));
#7398=DIRECTION('center_axis',(0.,-1.,0.));
#7399=DIRECTION('ref_axis',(-1.,0.,0.));
#7400=DIRECTION('center_axis',(1.,0.,0.));
#7401=DIRECTION('ref_axis',(0.,-1.,0.));
#7402=DIRECTION('',(0.,0.,-1.));
#7403=DIRECTION('',(0.,0.,-1.));
#7404=DIRECTION('center_axis',(0.,1.,0.));
#7405=DIRECTION('ref_axis',(1.,0.,0.));
#7406=DIRECTION('',(0.,0.,-1.));
#7407=DIRECTION('center_axis',(-1.,0.,0.));
#7408=DIRECTION('ref_axis',(0.,1.,0.));
#7409=DIRECTION('',(0.,0.,-1.));
#7410=DIRECTION('center_axis',(0.,-1.,0.));
#7411=DIRECTION('ref_axis',(-1.,0.,0.));
#7412=DIRECTION('center_axis',(1.,0.,0.));
#7413=DIRECTION('ref_axis',(0.,-1.,0.));
#7414=DIRECTION('',(0.,0.,-1.));
#7415=DIRECTION('',(0.,0.,-1.));
#7416=DIRECTION('center_axis',(0.,1.,0.));
#7417=DIRECTION('ref_axis',(1.,0.,0.));
#7418=DIRECTION('',(0.,0.,-1.));
#7419=DIRECTION('center_axis',(-1.,0.,0.));
#7420=DIRECTION('ref_axis',(0.,1.,0.));
#7421=DIRECTION('',(0.,0.,-1.));
#7422=DIRECTION('center_axis',(0.,-1.,0.));
#7423=DIRECTION('ref_axis',(-1.,0.,0.));
#7424=DIRECTION('center_axis',(1.,0.,0.));
#7425=DIRECTION('ref_axis',(0.,-1.,0.));
#7426=DIRECTION('',(0.,0.,-1.));
#7427=DIRECTION('',(0.,0.,-1.));
#7428=DIRECTION('center_axis',(0.,1.,0.));
#7429=DIRECTION('ref_axis',(1.,0.,0.));
#7430=DIRECTION('',(0.,0.,-1.));
#7431=DIRECTION('center_axis',(-1.,0.,0.));
#7432=DIRECTION('ref_axis',(0.,1.,0.));
#7433=DIRECTION('',(0.,0.,-1.));
#7434=DIRECTION('center_axis',(0.,-1.,0.));
#7435=DIRECTION('ref_axis',(-1.,0.,0.));
#7436=DIRECTION('center_axis',(1.,0.,0.));
#7437=DIRECTION('ref_axis',(0.,-1.,0.));
#7438=DIRECTION('',(0.,0.,-1.));
#7439=DIRECTION('',(0.,0.,-1.));
#7440=DIRECTION('center_axis',(0.,1.,0.));
#7441=DIRECTION('ref_axis',(1.,0.,0.));
#7442=DIRECTION('',(0.,0.,-1.));
#7443=DIRECTION('center_axis',(-1.,0.,0.));
#7444=DIRECTION('ref_axis',(0.,1.,0.));
#7445=DIRECTION('',(0.,0.,-1.));
#7446=DIRECTION('center_axis',(0.,-1.,0.));
#7447=DIRECTION('ref_axis',(-1.,0.,0.));
#7448=DIRECTION('center_axis',(1.,0.,0.));
#7449=DIRECTION('ref_axis',(0.,-1.,0.));
#7450=DIRECTION('',(0.,0.,-1.));
#7451=DIRECTION('',(0.,0.,-1.));
#7452=DIRECTION('center_axis',(0.,1.,0.));
#7453=DIRECTION('ref_axis',(1.,0.,0.));
#7454=DIRECTION('',(0.,0.,-1.));
#7455=DIRECTION('center_axis',(-1.,0.,0.));
#7456=DIRECTION('ref_axis',(0.,1.,0.));
#7457=DIRECTION('',(0.,0.,-1.));
#7458=DIRECTION('center_axis',(0.,-1.,0.));
#7459=DIRECTION('ref_axis',(-1.,0.,0.));
#7460=DIRECTION('center_axis',(-2.230711171336E-9,1.,0.));
#7461=DIRECTION('ref_axis',(1.,2.230711171336E-9,0.));
#7462=DIRECTION('',(0.,0.,-1.));
#7463=DIRECTION('',(0.,0.,1.));
#7464=DIRECTION('center_axis',(2.230711171336E-9,-1.,0.));
#7465=DIRECTION('ref_axis',(-1.,-2.230711171336E-9,0.));
#7466=DIRECTION('',(0.,0.,-1.));
#7467=DIRECTION('',(0.,0.,-1.));
#7468=DIRECTION('center_axis',(1.,2.230711171336E-9,0.));
#7469=DIRECTION('ref_axis',(2.230711171336E-9,-1.,0.));
#7470=DIRECTION('center_axis',(-1.,0.,0.));
#7471=DIRECTION('ref_axis',(0.,1.,0.));
#7472=DIRECTION('',(0.,0.,-1.));
#7473=DIRECTION('',(0.,0.,-1.));
#7474=DIRECTION('center_axis',(0.,-1.,0.));
#7475=DIRECTION('ref_axis',(-1.,0.,0.));
#7476=DIRECTION('',(0.,0.,1.));
#7477=DIRECTION('center_axis',(0.,1.,0.));
#7478=DIRECTION('ref_axis',(1.,0.,0.));
#7479=DIRECTION('',(0.,0.,-1.));
#7480=DIRECTION('center_axis',(1.,0.,0.));
#7481=DIRECTION('ref_axis',(0.,-1.,0.));
#7482=DIRECTION('',(0.,0.,-1.));
#7483=DIRECTION('',(0.,0.,-1.));
#7484=DIRECTION('center_axis',(0.,1.,0.));
#7485=DIRECTION('ref_axis',(1.,0.,0.));
#7486=DIRECTION('',(0.,0.,1.));
#7487=DIRECTION('center_axis',(0.,-1.,0.));
#7488=DIRECTION('ref_axis',(-1.,0.,0.));
#7489=DIRECTION('center_axis',(0.,1.,0.));
#7490=DIRECTION('ref_axis',(1.,0.,0.));
#7491=DIRECTION('',(0.,0.,-1.));
#7492=DIRECTION('',(0.,0.,1.));
#7493=DIRECTION('center_axis',(0.,-1.,0.));
#7494=DIRECTION('ref_axis',(-1.,0.,0.));
#7495=DIRECTION('',(0.,0.,-1.));
#7496=DIRECTION('',(0.,0.,-1.));
#7497=DIRECTION('center_axis',(1.,0.,0.));
#7498=DIRECTION('ref_axis',(0.,-1.,0.));
#7499=DIRECTION('center_axis',(1.,0.,0.));
#7500=DIRECTION('ref_axis',(0.,1.,0.));
#7501=DIRECTION('',(0.,0.,1.));
#7502=DIRECTION('center_axis',(1.,0.,0.));
#7503=DIRECTION('ref_axis',(0.,1.,0.));
#7504=DIRECTION('center_axis',(1.,0.,0.));
#7505=DIRECTION('ref_axis',(0.,1.,0.));
#7506=DIRECTION('center_axis',(1.,0.,0.));
#7507=DIRECTION('ref_axis',(0.,1.,0.));
#7508=DIRECTION('center_axis',(1.,0.,0.));
#7509=DIRECTION('ref_axis',(0.,1.,0.));
#7510=DIRECTION('center_axis',(1.,0.,0.));
#7511=DIRECTION('ref_axis',(0.,1.,0.));
#7512=DIRECTION('center_axis',(1.,0.,0.));
#7513=DIRECTION('ref_axis',(0.,1.,0.));
#7514=DIRECTION('center_axis',(-1.,0.,0.));
#7515=DIRECTION('ref_axis',(0.,-1.,0.));
#7516=DIRECTION('',(0.,0.,-1.));
#7517=DIRECTION('center_axis',(-1.,0.,0.));
#7518=DIRECTION('ref_axis',(0.,-1.,0.));
#7519=DIRECTION('center_axis',(-1.,0.,0.));
#7520=DIRECTION('ref_axis',(0.,-1.,0.));
#7521=DIRECTION('center_axis',(-1.,0.,0.));
#7522=DIRECTION('ref_axis',(0.,-1.,0.));
#7523=DIRECTION('center_axis',(-1.,0.,0.));
#7524=DIRECTION('ref_axis',(0.,-1.,0.));
#7525=DIRECTION('center_axis',(-1.,0.,0.));
#7526=DIRECTION('ref_axis',(0.,-1.,0.));
#7527=DIRECTION('center_axis',(-1.,0.,0.));
#7528=DIRECTION('ref_axis',(0.,-1.,0.));
#7529=DIRECTION('center_axis',(0.,-1.,0.));
#7530=DIRECTION('ref_axis',(-1.,0.,0.));
#7531=DIRECTION('',(0.,0.,-1.));
#7532=DIRECTION('',(0.,0.,-1.));
#7533=DIRECTION('center_axis',(1.,0.,0.));
#7534=DIRECTION('ref_axis',(0.,-1.,0.));
#7535=DIRECTION('',(0.,0.,-1.));
#7536=DIRECTION('center_axis',(0.,1.,0.));
#7537=DIRECTION('ref_axis',(1.,0.,0.));
#7538=DIRECTION('',(0.,0.,-1.));
#7539=DIRECTION('center_axis',(-1.,0.,0.));
#7540=DIRECTION('ref_axis',(0.,1.,0.));
#7541=DIRECTION('center_axis',(-1.,0.,0.));
#7542=DIRECTION('ref_axis',(0.,1.,0.));
#7543=DIRECTION('',(0.,0.,-1.));
#7544=DIRECTION('',(0.,0.,-1.));
#7545=DIRECTION('center_axis',(0.,-1.,0.));
#7546=DIRECTION('ref_axis',(-1.,0.,0.));
#7547=DIRECTION('center_axis',(0.,1.,0.));
#7548=DIRECTION('ref_axis',(1.,0.,0.));
#7549=DIRECTION('center_axis',(0.,1.,0.));
#7550=DIRECTION('ref_axis',(1.,0.,0.));
#7551=DIRECTION('',(0.,0.,-1.));
#7552=DIRECTION('',(0.,0.,1.));
#7553=DIRECTION('center_axis',(0.,-1.,0.));
#7554=DIRECTION('ref_axis',(-1.,0.,0.));
#7555=DIRECTION('',(0.,0.,-1.));
#7556=DIRECTION('center_axis',(1.,0.,0.));
#7557=DIRECTION('ref_axis',(0.,-1.,0.));
#7558=DIRECTION('center_axis',(1.,0.,0.));
#7559=DIRECTION('ref_axis',(0.,1.,0.));
#7560=DIRECTION('center_axis',(-1.,0.,0.));
#7561=DIRECTION('ref_axis',(0.,-1.,0.));
#7562=DIRECTION('center_axis',(1.,0.,0.));
#7563=DIRECTION('ref_axis',(0.,-1.,0.));
#7564=DIRECTION('',(0.,0.,-1.));
#7565=DIRECTION('',(0.,0.,-1.));
#7566=DIRECTION('center_axis',(0.,1.,0.));
#7567=DIRECTION('ref_axis',(1.,0.,0.));
#7568=DIRECTION('',(0.,0.,-1.));
#7569=DIRECTION('center_axis',(-1.,0.,0.));
#7570=DIRECTION('ref_axis',(0.,1.,0.));
#7571=DIRECTION('',(0.,0.,-1.));
#7572=DIRECTION('center_axis',(0.,-1.,0.));
#7573=DIRECTION('ref_axis',(-1.,0.,0.));
#7574=CARTESIAN_POINT('',(0.,0.,0.));
#7575=CARTESIAN_POINT('Origin',(5.,-60.,0.));
#7576=CARTESIAN_POINT('',(40.,42.0000006258487,1.38777878078145E-16));
#7577=CARTESIAN_POINT('',(40.,80.,1.38777878078145E-16));
#7578=CARTESIAN_POINT('',(40.,70.,1.38777878078145E-16));
#7579=CARTESIAN_POINT('',(35.0000005215406,42.0000006258488,0.));
#7580=CARTESIAN_POINT('',(-10.0000002793968,42.0000006258487,0.));
#7581=CARTESIAN_POINT('',(35.0000002533197,34.0000005066395,0.));
#7582=CARTESIAN_POINT('',(35.,25.,0.));
#7583=CARTESIAN_POINT('',(17.0000002533197,34.0000005066395,0.));
#7584=CARTESIAN_POINT('',(11.0000001266599,34.0000005066395,0.));
#7585=CARTESIAN_POINT('',(17.0000002533197,32.0000004768372,0.));
#7586=CARTESIAN_POINT('',(17.0000002533197,-13.9999997615814,0.));
#7587=CARTESIAN_POINT('',(35.0000002533197,32.0000004768372,0.));
#7588=CARTESIAN_POINT('',(20.0000001266599,32.0000004768372,0.));
#7589=CARTESIAN_POINT('',(35.,24.0000003576279,0.));
#7590=CARTESIAN_POINT('',(35.,25.,0.));
#7591=CARTESIAN_POINT('',(17.0000002533197,24.0000003576279,0.));
#7592=CARTESIAN_POINT('',(11.0000001266599,24.0000003576279,0.));
#7593=CARTESIAN_POINT('',(17.0000002533197,22.0000003576279,0.));
#7594=CARTESIAN_POINT('',(17.0000002533197,-18.9999998211861,0.));
#7595=CARTESIAN_POINT('',(35.,22.0000003576279,0.));
#7596=CARTESIAN_POINT('',(20.0000001266599,22.0000003576279,0.));
#7597=CARTESIAN_POINT('',(35.0000002533197,16.0000002384186,0.));
#7598=CARTESIAN_POINT('',(35.,25.,0.));
#7599=CARTESIAN_POINT('',(17.0000002533197,16.0000002384186,0.));
#7600=CARTESIAN_POINT('',(11.0000001266599,16.0000002384186,0.));
#7601=CARTESIAN_POINT('',(17.0000002533197,14.0000002086163,0.));
#7602=CARTESIAN_POINT('',(17.0000002533197,-22.9999998956919,0.));
#7603=CARTESIAN_POINT('',(35.,14.0000002086163,0.));
#7604=CARTESIAN_POINT('',(20.0000001266599,14.0000002086163,0.));
#7605=CARTESIAN_POINT('',(35.0000002533197,8.00000011920929,0.));
#7606=CARTESIAN_POINT('',(35.,25.,0.));
#7607=CARTESIAN_POINT('',(17.0000002533197,8.00000011920929,0.));
#7608=CARTESIAN_POINT('',(11.0000001266599,8.00000011920929,0.));
#7609=CARTESIAN_POINT('',(17.0000002533197,6.00000008940697,0.));
#7610=CARTESIAN_POINT('',(17.0000002533197,-26.9999999552965,0.));
#7611=CARTESIAN_POINT('',(35.,6.00000008940697,0.));
#7612=CARTESIAN_POINT('',(20.0000001266599,6.00000008940697,0.));
#7613=CARTESIAN_POINT('',(35.0000005215406,0.,0.));
#7614=CARTESIAN_POINT('',(35.,25.,0.));
#7615=CARTESIAN_POINT('',(17.0000002533197,0.,0.));
#7616=CARTESIAN_POINT('',(11.0000001266599,0.,0.));
#7617=CARTESIAN_POINT('',(17.0000002533197,-2.00000002980232,0.));
#7618=CARTESIAN_POINT('',(17.0000002533197,-31.0000000149012,0.));
#7619=CARTESIAN_POINT('',(35.,-2.00000002980232,0.));
#7620=CARTESIAN_POINT('',(20.0000002607703,-2.00000002980232,0.));
#7621=CARTESIAN_POINT('',(35.0000002533197,-8.00000011920929,0.));
#7622=CARTESIAN_POINT('',(35.,25.,0.));
#7623=CARTESIAN_POINT('',(17.0000002533197,-8.00000011920929,0.));
#7624=CARTESIAN_POINT('',(11.0000001266599,-8.00000011920929,0.));
#7625=CARTESIAN_POINT('',(17.0000002533197,-10.0000001192093,0.));
#7626=CARTESIAN_POINT('',(17.0000002533197,-35.0000000596046,0.));
#7627=CARTESIAN_POINT('',(35.,-10.0000001192093,0.));
#7628=CARTESIAN_POINT('',(20.0000001266599,-10.0000001192093,0.));
#7629=CARTESIAN_POINT('',(35.0000002533197,-16.0000002384186,0.));
#7630=CARTESIAN_POINT('',(35.,25.,0.));
#7631=CARTESIAN_POINT('',(17.0000002533197,-16.0000002384186,0.));
#7632=CARTESIAN_POINT('',(11.0000001266599,-16.0000002384186,0.));
#7633=CARTESIAN_POINT('',(17.0000002533197,-18.0000002384186,0.));
#7634=CARTESIAN_POINT('',(17.0000002533197,-39.0000001192093,0.));
#7635=CARTESIAN_POINT('',(35.,-18.0000002384186,0.));
#7636=CARTESIAN_POINT('',(20.0000001266599,-18.0000002384186,0.));
#7637=CARTESIAN_POINT('',(35.0000002533197,-24.0000003576279,0.));
#7638=CARTESIAN_POINT('',(35.,25.,0.));
#7639=CARTESIAN_POINT('',(17.0000002533197,-24.0000003576279,0.));
#7640=CARTESIAN_POINT('',(11.0000001266599,-24.0000003576279,0.));
#7641=CARTESIAN_POINT('',(17.0000002533197,-26.0000003576279,0.));
#7642=CARTESIAN_POINT('',(17.0000002533197,-43.0000001788139,0.));
#7643=CARTESIAN_POINT('',(35.,-26.0000003576279,0.));
#7644=CARTESIAN_POINT('',(20.0000001266599,-26.0000003576279,0.));
#7645=CARTESIAN_POINT('',(35.0000002533197,-32.0000004768372,0.));
#7646=CARTESIAN_POINT('',(35.,25.,0.));
#7647=CARTESIAN_POINT('',(17.0000002533197,-32.0000004768372,0.));
#7648=CARTESIAN_POINT('',(11.0000001266599,-32.0000004768372,0.));
#7649=CARTESIAN_POINT('',(17.0000002533197,-34.0000004768372,0.));
#7650=CARTESIAN_POINT('',(17.0000002533197,-47.0000002384186,0.));
#7651=CARTESIAN_POINT('',(35.,-34.0000004768372,0.));
#7652=CARTESIAN_POINT('',(20.0000001266599,-34.0000004768372,0.));
#7653=CARTESIAN_POINT('',(35.0000002533197,-40.0000005960464,0.));
#7654=CARTESIAN_POINT('',(35.,25.,0.));
#7655=CARTESIAN_POINT('',(17.0000002533197,-40.0000005960464,0.));
#7656=CARTESIAN_POINT('',(11.0000001266599,-40.0000005960464,0.));
#7657=CARTESIAN_POINT('',(17.0000002533197,-42.0000006258488,0.));
#7658=CARTESIAN_POINT('',(17.0000002533197,-51.0000003129244,0.));
#7659=CARTESIAN_POINT('',(35.,-42.0000006258488,0.));
#7660=CARTESIAN_POINT('',(20.0000001266599,-42.0000006258488,0.));
#7661=CARTESIAN_POINT('',(35.0000002533197,-48.0000006548457,0.));
#7662=CARTESIAN_POINT('',(35.,25.,0.));
#7663=CARTESIAN_POINT('',(17.0000002533197,-48.0000007152557,0.));
#7664=CARTESIAN_POINT('',(11.0000001065232,-48.0000007353924,0.));
#7665=CARTESIAN_POINT('',(17.000000260032,-50.0000007152557,0.));
#7666=CARTESIAN_POINT('',(17.0000002768125,-55.0000003374912,0.));
#7667=CARTESIAN_POINT('',(35.,-50.0000006548457,0.));
#7668=CARTESIAN_POINT('',(20.0000001132354,-50.0000007051874,0.));
#7669=CARTESIAN_POINT('',(35.0000002000741,-56.000000774055,0.));
#7670=CARTESIAN_POINT('',(35.,25.,0.));
#7671=CARTESIAN_POINT('',(17.000000260032,-56.000000834465,0.));
#7672=CARTESIAN_POINT('',(11.0000001233038,-56.0000008546017,0.));
#7673=CARTESIAN_POINT('',(17.0000002667442,-58.000000834465,0.));
#7674=CARTESIAN_POINT('',(17.0000002701003,-59.0000003970958,0.));
#7675=CARTESIAN_POINT('',(35.,-58.000000774055,0.));
#7676=CARTESIAN_POINT('',(20.0000001000371,-58.0000008243967,0.));
#7677=CARTESIAN_POINT('',(35.0000001812075,-64.0000009536743,0.));
#7678=CARTESIAN_POINT('',(35.,25.,0.));
#7679=CARTESIAN_POINT('',(17.0000002533197,-64.0000009536743,0.));
#7680=CARTESIAN_POINT('',(11.0000001266599,-64.0000009536743,0.));
#7681=CARTESIAN_POINT('',(17.0000002533197,-66.0000009834766,0.));
#7682=CARTESIAN_POINT('',(17.0000002533197,-63.0000004917383,0.));
#7683=CARTESIAN_POINT('',(35.,-66.0000009834766,0.));
#7684=CARTESIAN_POINT('',(20.0000000906038,-66.0000009834766,0.));
#7685=CARTESIAN_POINT('',(35.0000005215406,-72.0000010728836,0.));
#7686=CARTESIAN_POINT('',(35.,25.,0.));
#7687=CARTESIAN_POINT('',(17.0000002533197,-72.0000010728836,0.));
#7688=CARTESIAN_POINT('',(11.0000001266599,-72.0000010728836,0.));
#7689=CARTESIAN_POINT('',(17.0000002533197,-74.0000011026859,0.));
#7690=CARTESIAN_POINT('',(17.0000002533197,-67.000000551343,0.));
#7691=CARTESIAN_POINT('',(35.,-74.0000011026859,0.));
#7692=CARTESIAN_POINT('',(20.0000002607703,-74.0000011026859,0.));
#7693=CARTESIAN_POINT('',(35.0000005215406,-80.0000011920929,0.));
#7694=CARTESIAN_POINT('',(35.,25.,0.));
#7695=CARTESIAN_POINT('',(17.0000002533197,-80.0000011920929,0.));
#7696=CARTESIAN_POINT('',(11.0000001266599,-80.0000011920929,0.));
#7697=CARTESIAN_POINT('',(17.0000002533197,-82.0000012218952,0.));
#7698=CARTESIAN_POINT('',(17.0000002533197,-71.0000006109476,0.));
#7699=CARTESIAN_POINT('',(35.,-82.0000012218952,0.));
#7700=CARTESIAN_POINT('',(20.0000002607703,-82.0000012218952,0.));
#7701=CARTESIAN_POINT('',(35.0000005215406,-88.0000013113022,0.));
#7702=CARTESIAN_POINT('',(35.,25.,0.));
#7703=CARTESIAN_POINT('',(17.0000002533197,-88.0000013113022,0.));
#7704=CARTESIAN_POINT('',(11.0000001266599,-88.0000013113022,0.));
#7705=CARTESIAN_POINT('',(17.0000002533197,-90.0000013411045,0.));
#7706=CARTESIAN_POINT('',(17.0000002533197,-75.0000006705523,0.));
#7707=CARTESIAN_POINT('',(35.,-90.0000013411045,0.));
#7708=CARTESIAN_POINT('',(20.0000002607703,-90.0000013411045,0.));
#7709=CARTESIAN_POINT('',(35.0000005215406,-96.0000014305115,0.));
#7710=CARTESIAN_POINT('',(35.,25.,0.));
#7711=CARTESIAN_POINT('',(-25.,-96.0000014305115,0.));
#7712=CARTESIAN_POINT('',(-10.0000001862645,-96.0000024437904,0.));
#7713=CARTESIAN_POINT('',(-25.,-90.0000013411045,0.));
#7714=CARTESIAN_POINT('',(-25.,-145.,0.));
#7715=CARTESIAN_POINT('',(-7.00000010430813,-90.0000013411045,0.));
#7716=CARTESIAN_POINT('',(-1.00000005215406,-90.0000013411045,0.));
#7717=CARTESIAN_POINT('',(-7.00000010430813,-88.0000013113022,0.));
#7718=CARTESIAN_POINT('',(-7.00000010430813,-74.0000006556511,0.));
#7719=CARTESIAN_POINT('',(-25.,-88.0000013113022,0.));
#7720=CARTESIAN_POINT('',(-10.0000001862645,-88.0000013113022,0.));
#7721=CARTESIAN_POINT('',(-25.000000372529,-82.0000012218952,0.));
#7722=CARTESIAN_POINT('',(-25.,-145.,0.));
#7723=CARTESIAN_POINT('',(-7.00000037252902,-82.0000012218952,0.));
#7724=CARTESIAN_POINT('',(-1.00000018626451,-82.0000012218952,0.));
#7725=CARTESIAN_POINT('',(-7.00000037252902,-80.0000011920929,0.));
#7726=CARTESIAN_POINT('',(-7.00000037252902,-70.0000005960464,0.));
#7727=CARTESIAN_POINT('',(-25.000000372529,-80.0000011920929,0.));
#7728=CARTESIAN_POINT('',(-10.0000001862645,-80.0000011920929,0.));
#7729=CARTESIAN_POINT('',(-25.000000372529,-74.0000011026859,0.));
#7730=CARTESIAN_POINT('',(-25.,-145.,0.));
#7731=CARTESIAN_POINT('',(-7.00000010430813,-74.0000011026859,0.));
#7732=CARTESIAN_POINT('',(-1.00000005215406,-74.0000011026859,0.));
#7733=CARTESIAN_POINT('',(-7.00000010430813,-72.0000010728836,0.));
#7734=CARTESIAN_POINT('',(-7.00000010430813,-66.0000005364418,0.));
#7735=CARTESIAN_POINT('',(-25.000000372529,-72.0000010728836,0.));
#7736=CARTESIAN_POINT('',(-10.0000001862645,-72.0000010728836,0.));
#7737=CARTESIAN_POINT('',(-25.000000372529,-66.0000009834766,0.));
#7738=CARTESIAN_POINT('',(-25.,-145.,0.));
#7739=CARTESIAN_POINT('',(-7.00000010430813,-66.0000009834766,0.));
#7740=CARTESIAN_POINT('',(-1.00000005215406,-66.0000009834766,0.));
#7741=CARTESIAN_POINT('',(-7.00000010430813,-64.0000009536743,0.));
#7742=CARTESIAN_POINT('',(-7.00000010430813,-62.0000004768372,0.));
#7743=CARTESIAN_POINT('',(-25.000000372529,-64.0000009536743,0.));
#7744=CARTESIAN_POINT('',(-10.0000001862645,-64.0000009536743,0.));
#7745=CARTESIAN_POINT('',(-25.000000372529,-58.000000834465,0.));
#7746=CARTESIAN_POINT('',(-25.,-145.,0.));
#7747=CARTESIAN_POINT('',(-7.00000037252903,-58.000000834465,0.));
#7748=CARTESIAN_POINT('',(-1.00000018626451,-58.000000834465,0.));
#7749=CARTESIAN_POINT('',(-7.00000037252903,-56.000000834465,0.));
#7750=CARTESIAN_POINT('',(-7.00000037252903,-58.0000004172325,0.));
#7751=CARTESIAN_POINT('',(-25.000000372529,-56.000000834465,0.));
#7752=CARTESIAN_POINT('',(-10.0000001862645,-56.000000834465,0.));
#7753=CARTESIAN_POINT('',(-25.000000372529,-50.0000007450581,0.));
#7754=CARTESIAN_POINT('',(-25.,-145.,0.));
#7755=CARTESIAN_POINT('',(-7.00000010430813,-50.0000007450581,0.));
#7756=CARTESIAN_POINT('',(-1.00000005215406,-50.0000007450581,0.));
#7757=CARTESIAN_POINT('',(-7.00000010430813,-48.0000007152557,0.));
#7758=CARTESIAN_POINT('',(-7.00000010430813,-54.0000003576279,0.));
#7759=CARTESIAN_POINT('',(-25.,-48.0000007152557,0.));
#7760=CARTESIAN_POINT('',(-10.0000001862645,-48.0000007152557,0.));
#7761=CARTESIAN_POINT('',(-25.0000003658168,-42.0000005960464,0.));
#7762=CARTESIAN_POINT('',(-25.,-145.,0.));
#7763=CARTESIAN_POINT('',(-7.0000003658168,-42.0000005356364,0.));
#7764=CARTESIAN_POINT('',(-1.00000021311344,-42.0000005154997,0.));
#7765=CARTESIAN_POINT('',(-7.00000037252903,-40.0000005356364,0.));
#7766=CARTESIAN_POINT('',(-7.00000033896787,-50.0000002879549,0.));
#7767=CARTESIAN_POINT('',(-25.000000372529,-40.0000005960464,0.));
#7768=CARTESIAN_POINT('',(-10.0000002198257,-40.0000005457047,0.));
#7769=CARTESIAN_POINT('',(-25.000000372529,-34.0000005066395,0.));
#7770=CARTESIAN_POINT('',(-25.,-145.,0.));
#7771=CARTESIAN_POINT('',(-7.00000010430813,-34.0000005066395,0.));
#7772=CARTESIAN_POINT('',(-1.00000005215406,-34.0000005066395,0.));
#7773=CARTESIAN_POINT('',(-7.00000010430813,-32.0000004768372,0.));
#7774=CARTESIAN_POINT('',(-7.00000010430813,-46.0000002384186,0.));
#7775=CARTESIAN_POINT('',(-25.,-32.0000004768372,0.));
#7776=CARTESIAN_POINT('',(-10.0000001862645,-32.0000004768372,0.));
#7777=CARTESIAN_POINT('',(-25.000000372529,-26.0000003576279,0.));
#7778=CARTESIAN_POINT('',(-25.,-145.,0.));
#7779=CARTESIAN_POINT('',(-7.00000037252903,-26.0000003576279,0.));
#7780=CARTESIAN_POINT('',(-1.00000018626451,-26.0000003576279,0.));
#7781=CARTESIAN_POINT('',(-7.00000037252903,-24.0000003576279,0.));
#7782=CARTESIAN_POINT('',(-7.00000037252903,-42.0000001788139,0.));
#7783=CARTESIAN_POINT('',(-25.000000372529,-24.0000003576279,0.));
#7784=CARTESIAN_POINT('',(-10.0000001862645,-24.0000003576279,0.));
#7785=CARTESIAN_POINT('',(-25.000000372529,-18.0000002384186,0.));
#7786=CARTESIAN_POINT('',(-25.,-145.,0.));
#7787=CARTESIAN_POINT('',(-7.00000037252903,-18.0000002384186,0.));
#7788=CARTESIAN_POINT('',(-1.00000018626451,-18.0000002384186,0.));
#7789=CARTESIAN_POINT('',(-7.00000037252903,-16.0000002384186,0.));
#7790=CARTESIAN_POINT('',(-7.00000037252903,-38.0000001192093,0.));
#7791=CARTESIAN_POINT('',(-25.000000372529,-16.0000002384186,0.));
#7792=CARTESIAN_POINT('',(-10.0000001862645,-16.0000002384186,0.));
#7793=CARTESIAN_POINT('',(-25.000000372529,-10.0000001490116,0.));
#7794=CARTESIAN_POINT('',(-25.,-145.,0.));
#7795=CARTESIAN_POINT('',(-7.00000037252903,-10.0000001490116,0.));
#7796=CARTESIAN_POINT('',(-1.00000018626451,-10.0000001490116,0.));
#7797=CARTESIAN_POINT('',(-7.00000037252903,-8.00000011920929,0.));
#7798=CARTESIAN_POINT('',(-7.00000037252903,-34.0000000596046,0.));
#7799=CARTESIAN_POINT('',(-25.000000372529,-8.00000011920929,0.));
#7800=CARTESIAN_POINT('',(-10.0000001862645,-8.00000011920929,0.));
#7801=CARTESIAN_POINT('',(-25.000000372529,-2.,0.));
#7802=CARTESIAN_POINT('',(-25.,-145.,0.));
#7803=CARTESIAN_POINT('',(-7.00000037252903,-2.,0.));
#7804=CARTESIAN_POINT('',(-1.00000018626451,-2.,0.));
#7805=CARTESIAN_POINT('',(-7.00000037252903,0.,0.));
#7806=CARTESIAN_POINT('',(-7.00000037252903,-30.,0.));
#7807=CARTESIAN_POINT('',(-25.000000372529,0.,0.));
#7808=CARTESIAN_POINT('',(-10.0000001862645,0.,0.));
#7809=CARTESIAN_POINT('',(-25.000000372529,6.00000011920929,0.));
#7810=CARTESIAN_POINT('',(-25.,-145.,0.));
#7811=CARTESIAN_POINT('',(-7.00000037252903,6.00000011920929,0.));
#7812=CARTESIAN_POINT('',(-1.00000018626451,6.00000011920929,0.));
#7813=CARTESIAN_POINT('',(-7.00000037252903,8.00000011920929,0.));
#7814=CARTESIAN_POINT('',(-7.00000037252903,-25.9999999403954,0.));
#7815=CARTESIAN_POINT('',(-25.000000372529,8.00000011920929,0.));
#7816=CARTESIAN_POINT('',(-10.0000001862645,8.00000011920929,0.));
#7817=CARTESIAN_POINT('',(-25.0000003680676,14.0000002384186,0.));
#7818=CARTESIAN_POINT('',(-25.,-145.,0.));
#7819=CARTESIAN_POINT('',(-7.00000036806761,14.0000002785714,0.));
#7820=CARTESIAN_POINT('',(-1.00000026657012,14.0000002919557,0.));
#7821=CARTESIAN_POINT('',(-7.00000037252903,16.0000002785714,0.));
#7822=CARTESIAN_POINT('',(-7.000000287762,-21.9999998740986,0.));
#7823=CARTESIAN_POINT('',(-25.000000372529,16.0000002384186,0.));
#7824=CARTESIAN_POINT('',(-10.0000002710315,16.0000002718792,0.));
#7825=CARTESIAN_POINT('',(-25.000000372529,22.0000003576279,0.));
#7826=CARTESIAN_POINT('',(-25.,-145.,0.));
#7827=CARTESIAN_POINT('',(-7.00000037252903,22.0000003576279,0.));
#7828=CARTESIAN_POINT('',(-1.00000018626451,22.0000003576279,0.));
#7829=CARTESIAN_POINT('',(-7.00000037252903,24.0000003576279,0.));
#7830=CARTESIAN_POINT('',(-7.00000037252903,-17.9999998211861,0.));
#7831=CARTESIAN_POINT('',(-25.000000372529,24.0000003576279,0.));
#7832=CARTESIAN_POINT('',(-10.0000001862645,24.0000003576279,0.));
#7833=CARTESIAN_POINT('',(-25.000000372529,32.0000004768372,0.));
#7834=CARTESIAN_POINT('',(-25.,25.,0.));
#7835=CARTESIAN_POINT('',(-7.00000037252902,32.0000004768372,0.));
#7836=CARTESIAN_POINT('',(-1.00000018626451,32.0000004768372,0.));
#7837=CARTESIAN_POINT('',(-7.00000037252902,34.0000005066395,0.));
#7838=CARTESIAN_POINT('',(-7.00000037252902,-12.9999997466803,0.));
#7839=CARTESIAN_POINT('',(-25.000000372529,34.0000005066395,0.));
#7840=CARTESIAN_POINT('',(-10.0000001862645,34.0000005066395,0.));
#7841=CARTESIAN_POINT('',(-25.000000372529,42.0000006258488,0.));
#7842=CARTESIAN_POINT('',(-25.,25.,0.));
#7843=CARTESIAN_POINT('',(-30.000000372529,42.0000006258487,1.38777878078145E-16));
#7844=CARTESIAN_POINT('',(-10.0000002793968,42.0000006258487,0.));
#7845=CARTESIAN_POINT('',(-30.000000372529,80.,1.38777878078145E-16));
#7846=CARTESIAN_POINT('',(-30.000000372529,40.5000001564622,1.38777878078145E-16));
#7847=CARTESIAN_POINT('',(19.9999999068677,80.,1.38777878078145E-16));
#7848=CARTESIAN_POINT('',(32.9999996572733,29.0000004321337,0.));
#7849=CARTESIAN_POINT('',(-23.0000003427267,29.0000004321337,0.));
#7850=CARTESIAN_POINT('',(-9.00000017136335,29.0000004321337,0.));
#7851=CARTESIAN_POINT('',(-23.0000003427267,27.0000004023314,0.));
#7852=CARTESIAN_POINT('',(-23.0000003427267,-16.4999997988343,0.));
#7853=CARTESIAN_POINT('',(32.9999996572733,27.0000004023314,0.));
#7854=CARTESIAN_POINT('',(18.9999998286366,27.0000004023314,0.));
#7855=CARTESIAN_POINT('',(32.9999996572733,-15.4999997839332,0.));
#7856=CARTESIAN_POINT('',(-4.00000005960464,34.0000005066395,0.));
#7857=CARTESIAN_POINT('',(-4.00000005960464,32.0000004768372,0.));
#7858=CARTESIAN_POINT('',(-4.00000005960464,-13.9999997615814,0.));
#7859=CARTESIAN_POINT('',(13.9999999403954,32.0000004768372,0.));
#7860=CARTESIAN_POINT('',(9.49999997019768,32.0000004768372,0.));
#7861=CARTESIAN_POINT('',(13.9999999403954,34.0000005066395,0.));
#7862=CARTESIAN_POINT('',(13.9999999403954,-12.9999997466803,0.));
#7863=CARTESIAN_POINT('',(0.499999970197678,34.0000005066395,0.));
#7864=CARTESIAN_POINT('',(32.9999996572733,39.0000005811453,0.));
#7865=CARTESIAN_POINT('',(-23.0000003427267,39.0000005811453,0.));
#7866=CARTESIAN_POINT('',(-9.00000017136335,39.0000005811453,0.));
#7867=CARTESIAN_POINT('',(-23.0000003427267,37.000000551343,0.));
#7868=CARTESIAN_POINT('',(-23.0000003427267,-11.4999997243285,0.));
#7869=CARTESIAN_POINT('',(32.9999996572733,37.000000551343,0.));
#7870=CARTESIAN_POINT('',(18.9999998286366,37.000000551343,0.));
#7871=CARTESIAN_POINT('',(32.9999996572733,-10.4999997094274,0.));
#7872=CARTESIAN_POINT('',(-23.0000003427267,-76.0000011324883,0.));
#7873=CARTESIAN_POINT('',(-23.0000003427267,-78.0000011324883,0.));
#7874=CARTESIAN_POINT('',(-23.0000003427267,-69.0000005662441,0.));
#7875=CARTESIAN_POINT('',(32.9999996572733,-78.0000011324883,0.));
#7876=CARTESIAN_POINT('',(18.9999998286366,-78.0000011324883,0.));
#7877=CARTESIAN_POINT('',(32.9999996572733,-76.0000011324883,0.));
#7878=CARTESIAN_POINT('',(32.9999996572733,-68.0000005662441,0.));
#7879=CARTESIAN_POINT('',(-9.00000017136335,-76.0000011324883,0.));
#7880=CARTESIAN_POINT('',(-22.9999995082617,-94.0000014007092,0.));
#7881=CARTESIAN_POINT('',(33.0000004917383,-94.0000014007092,0.));
#7882=CARTESIAN_POINT('',(19.0000002458692,-94.0000014007092,0.));
#7883=CARTESIAN_POINT('',(33.0000004917383,-92.0000013709068,0.));
#7884=CARTESIAN_POINT('',(33.0000004917383,-76.0000006854534,0.));
#7885=CARTESIAN_POINT('',(-22.9999995082617,-92.0000013709068,0.));
#7886=CARTESIAN_POINT('',(-8.99999975413084,-92.0000013709068,0.));
#7887=CARTESIAN_POINT('',(-22.9999995082617,-77.0000007003546,0.));
#7888=CARTESIAN_POINT('',(-23.0000003427267,-52.0000007748604,0.));
#7889=CARTESIAN_POINT('',(-23.0000003360145,-54.0000007748604,0.));
#7890=CARTESIAN_POINT('',(-23.0000003259461,-57.0000004344158,0.));
#7891=CARTESIAN_POINT('',(32.9999996639855,-54.0000005869179,0.));
#7892=CARTESIAN_POINT('',(18.9999998219244,-54.0000006339035,0.));
#7893=CARTESIAN_POINT('',(32.9999996572733,-52.0000005869179,0.));
#7894=CARTESIAN_POINT('',(32.9999996706977,-56.0000002464733,0.));
#7895=CARTESIAN_POINT('',(-9.00000018478781,-52.0000007278748,0.));
#7896=CARTESIAN_POINT('',(-4.00000005960464,-64.0000009536743,0.));
#7897=CARTESIAN_POINT('',(-4.00000005960464,-66.0000009834766,0.));
#7898=CARTESIAN_POINT('',(-4.00000005960464,-63.0000004917383,0.));
#7899=CARTESIAN_POINT('',(14.0000002086163,-66.0000009834766,0.));
#7900=CARTESIAN_POINT('',(9.50000010430813,-66.0000009834766,0.));
#7901=CARTESIAN_POINT('',(14.0000002086163,-64.0000009536743,0.));
#7902=CARTESIAN_POINT('',(14.0000002086163,-62.0000004768372,0.));
#7903=CARTESIAN_POINT('',(0.499999970197678,-64.0000009536743,0.));
#7904=CARTESIAN_POINT('',(-4.00000005960464,-48.0000007152557,0.));
#7905=CARTESIAN_POINT('',(-4.00000005289241,-50.0000007152557,0.));
#7906=CARTESIAN_POINT('',(-4.00000003611184,-55.0000003727304,0.));
#7907=CARTESIAN_POINT('',(13.9999999471076,-50.0000006548457,0.));
#7908=CARTESIAN_POINT('',(9.49999995677322,-50.0000006699482,0.));
#7909=CARTESIAN_POINT('',(13.9999999403954,-48.0000006548457,0.));
#7910=CARTESIAN_POINT('',(13.9999999605321,-54.0000003123203,0.));
#7911=CARTESIAN_POINT('',(0.499999950060989,-48.0000007001532,0.));
#7912=CARTESIAN_POINT('',(-4.00000005960464,-88.0000013113022,0.));
#7913=CARTESIAN_POINT('',(-4.00000005960464,-90.0000013411045,0.));
#7914=CARTESIAN_POINT('',(-4.00000005960464,-75.0000006705523,0.));
#7915=CARTESIAN_POINT('',(14.0000002086163,-90.0000013411045,0.));
#7916=CARTESIAN_POINT('',(9.50000010430813,-90.0000013411045,0.));
#7917=CARTESIAN_POINT('',(14.0000002086163,-88.0000013113022,0.));
#7918=CARTESIAN_POINT('',(14.0000002086163,-74.0000006556511,0.));
#7919=CARTESIAN_POINT('',(0.499999970197678,-88.0000013113022,0.));
#7920=CARTESIAN_POINT('',(-4.00000005960464,-72.0000010728836,0.));
#7921=CARTESIAN_POINT('',(-4.00000005960464,-74.0000011026859,0.));
#7922=CARTESIAN_POINT('',(-4.00000005960464,-67.000000551343,0.));
#7923=CARTESIAN_POINT('',(14.0000002086163,-74.0000011026859,0.));
#7924=CARTESIAN_POINT('',(9.50000010430813,-74.0000011026859,0.));
#7925=CARTESIAN_POINT('',(14.0000002086163,-72.0000010728836,0.));
#7926=CARTESIAN_POINT('',(14.0000002086163,-66.0000005364418,0.));
#7927=CARTESIAN_POINT('',(0.499999970197678,-72.0000010728836,0.));
#7928=CARTESIAN_POINT('',(-23.0000003427267,-60.0000008940697,0.));
#7929=CARTESIAN_POINT('',(-23.0000003427267,-62.000000923872,0.));
#7930=CARTESIAN_POINT('',(-23.0000003427267,-61.000000461936,0.));
#7931=CARTESIAN_POINT('',(32.9999996572733,-62.000000923872,0.));
#7932=CARTESIAN_POINT('',(18.9999998286366,-62.000000923872,0.));
#7933=CARTESIAN_POINT('',(32.9999996572733,-60.0000008940697,0.));
#7934=CARTESIAN_POINT('',(32.9999996572733,-60.0000004470348,0.));
#7935=CARTESIAN_POINT('',(-9.00000017136335,-60.0000008940697,0.));
#7936=CARTESIAN_POINT('',(-4.00000005960464,-80.0000011920929,0.));
#7937=CARTESIAN_POINT('',(-4.00000005960464,-82.0000012218952,0.));
#7938=CARTESIAN_POINT('',(-4.00000005960464,-71.0000006109476,0.));
#7939=CARTESIAN_POINT('',(14.0000002086163,-82.0000012218952,0.));
#7940=CARTESIAN_POINT('',(9.50000010430813,-82.0000012218952,0.));
#7941=CARTESIAN_POINT('',(14.0000002086163,-80.0000011920929,0.));
#7942=CARTESIAN_POINT('',(14.0000002086163,-70.0000005960464,0.));
#7943=CARTESIAN_POINT('',(0.499999970197678,-80.0000011920929,0.));
#7944=CARTESIAN_POINT('',(-4.00000005960464,-40.0000005960464,0.));
#7945=CARTESIAN_POINT('',(-4.00000005960464,-42.0000006258488,0.));
#7946=CARTESIAN_POINT('',(-4.00000005960464,-51.0000003129244,0.));
#7947=CARTESIAN_POINT('',(13.9999999403954,-42.0000006258488,0.));
#7948=CARTESIAN_POINT('',(9.49999997019768,-42.0000006258488,0.));
#7949=CARTESIAN_POINT('',(13.9999999403954,-40.0000005960464,0.));
#7950=CARTESIAN_POINT('',(13.9999999403954,-50.0000002980232,0.));
#7951=CARTESIAN_POINT('',(0.499999970197678,-40.0000005960464,0.));
#7952=CARTESIAN_POINT('',(-23.0000003427267,-68.000001013279,0.));
#7953=CARTESIAN_POINT('',(-23.0000003427267,-70.0000010430813,0.));
#7954=CARTESIAN_POINT('',(-23.0000003427267,-65.0000005215406,0.));
#7955=CARTESIAN_POINT('',(32.9999996572733,-70.0000010430813,0.));
#7956=CARTESIAN_POINT('',(18.9999998286366,-70.0000010430813,0.));
#7957=CARTESIAN_POINT('',(32.9999996572733,-68.000001013279,0.));
#7958=CARTESIAN_POINT('',(32.9999996572733,-64.0000005066395,0.));
#7959=CARTESIAN_POINT('',(-9.00000017136335,-68.000001013279,0.));
#7960=CARTESIAN_POINT('',(-23.0000003427267,-44.0000006556511,0.));
#7961=CARTESIAN_POINT('',(-23.0000003351033,-46.2714999134183,0.));
#7962=CARTESIAN_POINT('',(-23.0000003120661,-53.1357500036948,0.));
#7963=CARTESIAN_POINT('',(32.9999996648967,-46.2714997254758,0.));
#7964=CARTESIAN_POINT('',(18.9999998094111,-46.2714997724614,0.));
#7965=CARTESIAN_POINT('',(32.9999996572733,-44.0000004677086,0.));
#7966=CARTESIAN_POINT('',(32.9999996841222,-52.0000001868687,0.));
#7967=CARTESIAN_POINT('',(-9.00000019821227,-44.0000006086655,0.));
#7968=CARTESIAN_POINT('',(-23.0000003427267,-84.0000012516975,0.));
#7969=CARTESIAN_POINT('',(-23.0000003427267,-86.0000012814999,0.));
#7970=CARTESIAN_POINT('',(-23.0000003427267,-73.0000006407499,0.));
#7971=CARTESIAN_POINT('',(32.9999996572733,-86.0000012814999,0.));
#7972=CARTESIAN_POINT('',(18.9999998286366,-86.0000012814999,0.));
#7973=CARTESIAN_POINT('',(32.9999996572733,-84.0000012516975,0.));
#7974=CARTESIAN_POINT('',(32.9999996572733,-72.0000006258488,0.));
#7975=CARTESIAN_POINT('',(-9.00000017136335,-84.0000012516975,0.));
#7976=CARTESIAN_POINT('',(-4.00000005960464,-56.000000834465,0.));
#7977=CARTESIAN_POINT('',(-4.00000005960464,-58.000000834465,0.));
#7978=CARTESIAN_POINT('',(-4.00000005960464,-59.0000004172325,0.));
#7979=CARTESIAN_POINT('',(13.9999999403954,-58.000000834465,0.));
#7980=CARTESIAN_POINT('',(9.49999997019768,-58.000000834465,0.));
#7981=CARTESIAN_POINT('',(13.9999999403954,-56.000000834465,0.));
#7982=CARTESIAN_POINT('',(13.9999999403954,-58.0000004172325,0.));
#7983=CARTESIAN_POINT('',(0.499999970197678,-56.000000834465,0.));
#7984=CARTESIAN_POINT('',(13.9999999403954,24.0000003576279,0.));
#7985=CARTESIAN_POINT('',(-4.00000005960464,24.0000003576279,0.));
#7986=CARTESIAN_POINT('',(0.499999970197678,24.0000003576279,0.));
#7987=CARTESIAN_POINT('',(-4.00000005960464,22.0000003576279,0.));
#7988=CARTESIAN_POINT('',(-4.00000005960464,-18.9999998211861,0.));
#7989=CARTESIAN_POINT('',(13.9999999403954,22.0000003576279,0.));
#7990=CARTESIAN_POINT('',(9.49999997019768,22.0000003576279,0.));
#7991=CARTESIAN_POINT('',(13.9999999403954,-17.9999998211861,0.));
#7992=CARTESIAN_POINT('',(-23.0000003427267,20.0000002980232,0.));
#7993=CARTESIAN_POINT('',(-23.0000003427267,18.0000002980232,0.));
#7994=CARTESIAN_POINT('',(-23.0000003427267,-20.9999998509884,0.));
#7995=CARTESIAN_POINT('',(32.9999996572733,18.0000002980232,0.));
#7996=CARTESIAN_POINT('',(18.9999998286366,18.0000002980232,0.));
#7997=CARTESIAN_POINT('',(32.9999996572733,20.0000002980232,0.));
#7998=CARTESIAN_POINT('',(32.9999996572733,-19.9999998509884,0.));
#7999=CARTESIAN_POINT('',(-9.00000017136335,20.0000002980232,0.));
#8000=CARTESIAN_POINT('',(-23.0000003427267,-20.0000002980232,0.));
#8001=CARTESIAN_POINT('',(-23.0000003427267,-22.0000002980232,0.));
#8002=CARTESIAN_POINT('',(-23.0000003427267,-41.0000001490116,0.));
#8003=CARTESIAN_POINT('',(32.9999996572733,-22.0000002980232,0.));
#8004=CARTESIAN_POINT('',(18.9999998286366,-22.0000002980232,0.));
#8005=CARTESIAN_POINT('',(32.9999996572733,-20.0000002980232,0.));
#8006=CARTESIAN_POINT('',(32.9999996572733,-40.0000001490116,0.));
#8007=CARTESIAN_POINT('',(-9.00000017136335,-20.0000002980232,0.));
#8008=CARTESIAN_POINT('',(-23.0000003427267,-4.00000005960464,0.));
#8009=CARTESIAN_POINT('',(-23.0000003427267,-6.00000005960464,0.));
#8010=CARTESIAN_POINT('',(-23.0000003427267,-33.0000000298023,0.));
#8011=CARTESIAN_POINT('',(32.9999996572733,-6.00000005960464,0.));
#8012=CARTESIAN_POINT('',(18.9999998286366,-6.00000005960465,0.));
#8013=CARTESIAN_POINT('',(32.9999996572733,-4.00000005960464,0.));
#8014=CARTESIAN_POINT('',(32.9999996572733,-32.0000000298023,0.));
#8015=CARTESIAN_POINT('',(-9.00000017136335,-4.00000005960464,0.));
#8016=CARTESIAN_POINT('',(-23.0000003427267,12.0000001788139,0.));
#8017=CARTESIAN_POINT('',(-23.0000003427267,10.0000001788139,0.));
#8018=CARTESIAN_POINT('',(-23.0000003427267,-24.999999910593,0.));
#8019=CARTESIAN_POINT('',(32.9999996572733,10.0000001788139,0.));
#8020=CARTESIAN_POINT('',(18.9999998286366,10.0000001788139,0.));
#8021=CARTESIAN_POINT('',(32.9999996572733,12.0000001788139,0.));
#8022=CARTESIAN_POINT('',(32.9999996572733,-23.999999910593,0.));
#8023=CARTESIAN_POINT('',(-9.00000017136335,12.0000001788139,0.));
#8024=CARTESIAN_POINT('',(-4.00000005960464,16.0000002384186,0.));
#8025=CARTESIAN_POINT('',(-4.00000005960464,14.0000002086163,0.));
#8026=CARTESIAN_POINT('',(-4.00000005960464,-22.9999998956919,0.));
#8027=CARTESIAN_POINT('',(13.9999999403954,14.0000002086163,0.));
#8028=CARTESIAN_POINT('',(9.49999997019768,14.0000002086163,0.));
#8029=CARTESIAN_POINT('',(13.9999999403954,16.0000002384186,0.));
#8030=CARTESIAN_POINT('',(13.9999999403954,-21.9999998807907,0.));
#8031=CARTESIAN_POINT('',(0.499999970197678,16.0000002384186,0.));
#8032=CARTESIAN_POINT('',(-4.00000005960464,8.00000011920929,0.));
#8033=CARTESIAN_POINT('',(-4.00000005960464,6.00000008940697,0.));
#8034=CARTESIAN_POINT('',(-4.00000005960464,-26.9999999552965,0.));
#8035=CARTESIAN_POINT('',(13.9999999403954,6.00000008940697,0.));
#8036=CARTESIAN_POINT('',(9.49999997019768,6.00000008940697,0.));
#8037=CARTESIAN_POINT('',(13.9999999403954,8.00000011920929,0.));
#8038=CARTESIAN_POINT('',(13.9999999403954,-25.9999999403954,0.));
#8039=CARTESIAN_POINT('',(0.499999970197678,8.00000011920929,0.));
#8040=CARTESIAN_POINT('',(-4.00000005960464,-8.00000011920929,0.));
#8041=CARTESIAN_POINT('',(-4.00000005960464,-10.0000001192093,0.));
#8042=CARTESIAN_POINT('',(-4.00000005960464,-35.0000000596046,0.));
#8043=CARTESIAN_POINT('',(13.9999999403954,-10.0000001192093,0.));
#8044=CARTESIAN_POINT('',(9.49999997019768,-10.0000001192093,0.));
#8045=CARTESIAN_POINT('',(13.9999999403954,-8.00000011920929,0.));
#8046=CARTESIAN_POINT('',(13.9999999403954,-34.0000000596046,0.));
#8047=CARTESIAN_POINT('',(0.499999970197678,-8.00000011920929,0.));
#8048=CARTESIAN_POINT('',(-4.00000005960464,-24.0000003576279,0.));
#8049=CARTESIAN_POINT('',(-4.00000005960464,-26.0000003576279,0.));
#8050=CARTESIAN_POINT('',(-4.00000005960464,-43.0000001788139,0.));
#8051=CARTESIAN_POINT('',(13.9999999403954,-26.0000003576279,0.));
#8052=CARTESIAN_POINT('',(9.49999997019768,-26.0000003576279,0.));
#8053=CARTESIAN_POINT('',(13.9999999403954,-24.0000003576279,0.));
#8054=CARTESIAN_POINT('',(13.9999999403954,-42.0000001788139,0.));
#8055=CARTESIAN_POINT('',(0.499999970197678,-24.0000003576279,0.));
#8056=CARTESIAN_POINT('',(-4.00000005960464,-32.0000004768372,0.));
#8057=CARTESIAN_POINT('',(-4.00000005960464,-34.0000004768372,0.));
#8058=CARTESIAN_POINT('',(-4.00000005960464,-47.0000002384186,0.));
#8059=CARTESIAN_POINT('',(13.9999999403954,-34.0000004768372,0.));
#8060=CARTESIAN_POINT('',(9.49999997019768,-34.0000004768372,0.));
#8061=CARTESIAN_POINT('',(13.9999999403954,-32.0000004768372,0.));
#8062=CARTESIAN_POINT('',(13.9999999403954,-46.0000002384186,0.));
#8063=CARTESIAN_POINT('',(0.499999970197678,-32.0000004768372,0.));
#8064=CARTESIAN_POINT('',(-4.00000005960464,-16.0000002384186,0.));
#8065=CARTESIAN_POINT('',(-4.00000005960464,-18.0000002384186,0.));
#8066=CARTESIAN_POINT('',(-4.00000005960464,-39.0000001192093,0.));
#8067=CARTESIAN_POINT('',(13.9999999403954,-18.0000002384186,0.));
#8068=CARTESIAN_POINT('',(9.49999997019768,-18.0000002384186,0.));
#8069=CARTESIAN_POINT('',(13.9999999403954,-16.0000002384186,0.));
#8070=CARTESIAN_POINT('',(13.9999999403954,-38.0000001192093,0.));
#8071=CARTESIAN_POINT('',(0.499999970197678,-16.0000002384186,0.));
#8072=CARTESIAN_POINT('',(-4.00000005960464,0.,0.));
#8073=CARTESIAN_POINT('',(-4.00000005960464,-2.,0.));
#8074=CARTESIAN_POINT('',(-4.00000005960464,-31.,0.));
#8075=CARTESIAN_POINT('',(13.9999999403954,-2.,0.));
#8076=CARTESIAN_POINT('',(9.49999997019768,-2.,0.));
#8077=CARTESIAN_POINT('',(13.9999999403954,0.,0.));
#8078=CARTESIAN_POINT('',(13.9999999403954,-30.,0.));
#8079=CARTESIAN_POINT('',(0.499999970197678,0.,0.));
#8080=CARTESIAN_POINT('',(-23.0000003427267,-36.0000005364418,0.));
#8081=CARTESIAN_POINT('',(-23.0000003427267,-38.0000005662441,0.));
#8082=CARTESIAN_POINT('',(-23.0000003427267,-49.0000002831221,0.));
#8083=CARTESIAN_POINT('',(32.9999996572733,-38.0000005662441,0.));
#8084=CARTESIAN_POINT('',(18.9999998286366,-38.0000005662441,0.));
#8085=CARTESIAN_POINT('',(32.9999996572733,-36.0000005364418,0.));
#8086=CARTESIAN_POINT('',(32.9999996572733,-48.0000002682209,0.));
#8087=CARTESIAN_POINT('',(-9.00000017136335,-36.0000005364418,0.));
#8088=CARTESIAN_POINT('',(-23.0000003427267,4.00000005960464,0.));
#8089=CARTESIAN_POINT('',(-23.0000003427267,2.00000002980232,0.));
#8090=CARTESIAN_POINT('',(-23.0000003427267,-28.9999999850988,0.));
#8091=CARTESIAN_POINT('',(32.9999996572733,2.00000002980232,0.));
#8092=CARTESIAN_POINT('',(18.9999998286366,2.00000002980232,0.));
#8093=CARTESIAN_POINT('',(32.9999996572733,4.00000005960464,0.));
#8094=CARTESIAN_POINT('',(32.9999996572733,-27.9999999701977,0.));
#8095=CARTESIAN_POINT('',(-9.00000017136335,4.00000005960464,0.));
#8096=CARTESIAN_POINT('',(-23.0000003427267,-12.0000001788139,0.));
#8097=CARTESIAN_POINT('',(-23.0000003427267,-14.0000002086163,0.));
#8098=CARTESIAN_POINT('',(-23.0000003427267,-37.0000001043081,0.));
#8099=CARTESIAN_POINT('',(32.9999996572733,-14.0000002086163,0.));
#8100=CARTESIAN_POINT('',(18.9999998286366,-14.0000002086163,0.));
#8101=CARTESIAN_POINT('',(32.9999996572733,-12.0000001788139,0.));
#8102=CARTESIAN_POINT('',(32.9999996572733,-36.000000089407,0.));
#8103=CARTESIAN_POINT('',(-9.00000017136335,-12.0000001788139,0.));
#8104=CARTESIAN_POINT('',(-23.0000003427267,-28.0000004172325,0.));
#8105=CARTESIAN_POINT('',(-23.0000003427267,-30.0000004172325,0.));
#8106=CARTESIAN_POINT('',(-23.0000003427267,-45.0000002086163,0.));
#8107=CARTESIAN_POINT('',(32.9999996572733,-30.0000004172325,0.));
#8108=CARTESIAN_POINT('',(18.9999998286366,-30.0000004172325,0.));
#8109=CARTESIAN_POINT('',(32.9999996572733,-28.0000004172325,0.));
#8110=CARTESIAN_POINT('',(32.9999996572733,-44.0000002086163,0.));
#8111=CARTESIAN_POINT('',(-9.00000017136335,-28.0000004172325,0.));
#8112=CARTESIAN_POINT('Origin',(40.0000005215406,-145.,0.));
#8113=CARTESIAN_POINT('',(40.,42.0000006258487,15.5));
#8114=CARTESIAN_POINT('',(40.,80.,15.5));
#8115=CARTESIAN_POINT('',(40.,42.0000006258487,15.5));
#8116=CARTESIAN_POINT('',(40.,42.0000006258487,0.));
#8117=CARTESIAN_POINT('',(40.,80.,11.5));
#8118=CARTESIAN_POINT('',(40.0000005215406,73.5000006482005,4.50000011175871));
#8119=CARTESIAN_POINT('',(40.0000005215406,49.0000006482005,4.50000011175871));
#8120=CARTESIAN_POINT('',(40.0000005215406,-47.2499996758997,4.50000011175871));
#8121=CARTESIAN_POINT('',(40.0000005215406,49.0000006482005,10.5000001117587));
#8122=CARTESIAN_POINT('',(40.0000005215406,49.0000006482005,0.750000055879354));
#8123=CARTESIAN_POINT('',(40.0000005215406,73.5000006482005,10.5000001117587));
#8124=CARTESIAN_POINT('',(40.0000005215406,-50.7499996758997,10.5000001117587));
#8125=CARTESIAN_POINT('',(40.0000005215406,73.5000006482005,3.75000005587935));
#8126=CARTESIAN_POINT('Origin',(5.,-60.,5.));
#8127=CARTESIAN_POINT('',(-25.000000372529,-96.0000014305115,5.));
#8128=CARTESIAN_POINT('',(35.0000005215406,-96.0000014305115,5.));
#8129=CARTESIAN_POINT('',(-10.0000001862645,-96.0000024437904,5.));
#8130=CARTESIAN_POINT('',(35.0000005215406,-90.0000013411045,5.));
#8131=CARTESIAN_POINT('',(35.,25.,5.));
#8132=CARTESIAN_POINT('',(17.0000002533197,-90.0000013411045,5.));
#8133=CARTESIAN_POINT('',(20.0000002607703,-90.0000013411045,5.));
#8134=CARTESIAN_POINT('',(17.0000002533197,-88.0000013113022,5.));
#8135=CARTESIAN_POINT('',(17.0000002533197,-75.0000006705523,5.));
#8136=CARTESIAN_POINT('',(35.0000005215406,-88.0000013113022,5.));
#8137=CARTESIAN_POINT('',(11.0000001266599,-88.0000013113022,5.));
#8138=CARTESIAN_POINT('',(35.0000005215406,-82.0000012218952,5.));
#8139=CARTESIAN_POINT('',(35.,25.,5.));
#8140=CARTESIAN_POINT('',(17.0000002533197,-82.0000012218952,5.));
#8141=CARTESIAN_POINT('',(20.0000002607703,-82.0000012218952,5.));
#8142=CARTESIAN_POINT('',(17.0000002533197,-80.0000011920929,5.));
#8143=CARTESIAN_POINT('',(17.0000002533197,-71.0000006109476,5.));
#8144=CARTESIAN_POINT('',(35.0000005215406,-80.0000011920929,5.));
#8145=CARTESIAN_POINT('',(11.0000001266599,-80.0000011920929,5.));
#8146=CARTESIAN_POINT('',(35.0000005215406,-74.0000011026859,5.));
#8147=CARTESIAN_POINT('',(35.,25.,5.));
#8148=CARTESIAN_POINT('',(17.0000002533197,-74.0000011026859,5.));
#8149=CARTESIAN_POINT('',(20.0000002607703,-74.0000011026859,5.));
#8150=CARTESIAN_POINT('',(17.0000002533197,-72.0000010728836,5.));
#8151=CARTESIAN_POINT('',(17.0000002533197,-67.000000551343,5.));
#8152=CARTESIAN_POINT('',(35.0000005215406,-72.0000010728836,5.));
#8153=CARTESIAN_POINT('',(11.0000001266599,-72.0000010728836,5.));
#8154=CARTESIAN_POINT('',(35.0000001812075,-66.0000009834766,5.));
#8155=CARTESIAN_POINT('',(35.,25.,5.));
#8156=CARTESIAN_POINT('',(17.0000002533197,-66.0000009834766,5.));
#8157=CARTESIAN_POINT('',(20.0000000906038,-66.0000009834766,5.));
#8158=CARTESIAN_POINT('',(17.0000002533197,-64.0000009536743,5.));
#8159=CARTESIAN_POINT('',(17.0000002533197,-63.0000004917383,5.));
#8160=CARTESIAN_POINT('',(35.0000001812075,-64.0000009536743,5.));
#8161=CARTESIAN_POINT('',(11.0000001266599,-64.0000009536743,5.));
#8162=CARTESIAN_POINT('',(35.0000002067864,-58.000000774055,5.));
#8163=CARTESIAN_POINT('',(35.,25.,5.));
#8164=CARTESIAN_POINT('',(17.0000002667442,-58.000000834465,5.));
#8165=CARTESIAN_POINT('',(20.0000001000371,-58.0000008243967,5.));
#8166=CARTESIAN_POINT('',(17.000000260032,-56.000000834465,5.));
#8167=CARTESIAN_POINT('',(17.0000002701003,-59.0000003970958,5.));
#8168=CARTESIAN_POINT('',(35.0000002000741,-56.000000774055,5.));
#8169=CARTESIAN_POINT('',(11.0000001233038,-56.0000008546017,5.));
#8170=CARTESIAN_POINT('',(35.000000260032,-50.0000006548457,5.));
#8171=CARTESIAN_POINT('',(35.,25.,5.));
#8172=CARTESIAN_POINT('',(17.000000260032,-50.0000007152557,5.));
#8173=CARTESIAN_POINT('',(20.0000001132354,-50.0000007051874,5.));
#8174=CARTESIAN_POINT('',(17.0000002533197,-48.0000007152557,5.));
#8175=CARTESIAN_POINT('',(17.0000002768125,-55.0000003374912,5.));
#8176=CARTESIAN_POINT('',(35.0000002533197,-48.0000006548457,5.));
#8177=CARTESIAN_POINT('',(11.0000001065232,-48.0000007353924,5.));
#8178=CARTESIAN_POINT('',(35.0000002533197,-42.0000006258488,5.));
#8179=CARTESIAN_POINT('',(35.,25.,5.));
#8180=CARTESIAN_POINT('',(17.0000002533197,-42.0000006258488,5.));
#8181=CARTESIAN_POINT('',(20.0000001266599,-42.0000006258488,5.));
#8182=CARTESIAN_POINT('',(17.0000002533197,-40.0000005960464,5.));
#8183=CARTESIAN_POINT('',(17.0000002533197,-51.0000003129244,5.));
#8184=CARTESIAN_POINT('',(35.0000002533197,-40.0000005960464,5.));
#8185=CARTESIAN_POINT('',(11.0000001266599,-40.0000005960464,5.));
#8186=CARTESIAN_POINT('',(35.0000002533197,-34.0000004768372,5.));
#8187=CARTESIAN_POINT('',(35.,25.,5.));
#8188=CARTESIAN_POINT('',(17.0000002533197,-34.0000004768372,5.));
#8189=CARTESIAN_POINT('',(20.0000001266599,-34.0000004768372,5.));
#8190=CARTESIAN_POINT('',(17.0000002533197,-32.0000004768372,5.));
#8191=CARTESIAN_POINT('',(17.0000002533197,-47.0000002384186,5.));
#8192=CARTESIAN_POINT('',(35.0000002533197,-32.0000004768372,5.));
#8193=CARTESIAN_POINT('',(11.0000001266599,-32.0000004768372,5.));
#8194=CARTESIAN_POINT('',(35.0000002533197,-26.0000003576279,5.));
#8195=CARTESIAN_POINT('',(35.,25.,5.));
#8196=CARTESIAN_POINT('',(17.0000002533197,-26.0000003576279,5.));
#8197=CARTESIAN_POINT('',(20.0000001266599,-26.0000003576279,5.));
#8198=CARTESIAN_POINT('',(17.0000002533197,-24.0000003576279,5.));
#8199=CARTESIAN_POINT('',(17.0000002533197,-43.0000001788139,5.));
#8200=CARTESIAN_POINT('',(35.0000002533197,-24.0000003576279,5.));
#8201=CARTESIAN_POINT('',(11.0000001266599,-24.0000003576279,5.));
#8202=CARTESIAN_POINT('',(35.0000002533197,-18.0000002384186,5.));
#8203=CARTESIAN_POINT('',(35.,25.,5.));
#8204=CARTESIAN_POINT('',(17.0000002533197,-18.0000002384186,5.));
#8205=CARTESIAN_POINT('',(20.0000001266599,-18.0000002384186,5.));
#8206=CARTESIAN_POINT('',(17.0000002533197,-16.0000002384186,5.));
#8207=CARTESIAN_POINT('',(17.0000002533197,-39.0000001192093,5.));
#8208=CARTESIAN_POINT('',(35.0000002533197,-16.0000002384186,5.));
#8209=CARTESIAN_POINT('',(11.0000001266599,-16.0000002384186,5.));
#8210=CARTESIAN_POINT('',(35.0000002533197,-10.0000001192093,5.));
#8211=CARTESIAN_POINT('',(35.,25.,5.));
#8212=CARTESIAN_POINT('',(17.0000002533197,-10.0000001192093,5.));
#8213=CARTESIAN_POINT('',(20.0000001266599,-10.0000001192093,5.));
#8214=CARTESIAN_POINT('',(17.0000002533197,-8.00000011920929,5.));
#8215=CARTESIAN_POINT('',(17.0000002533197,-35.0000000596046,5.));
#8216=CARTESIAN_POINT('',(35.0000002533197,-8.00000011920929,5.));
#8217=CARTESIAN_POINT('',(11.0000001266599,-8.00000011920929,5.));
#8218=CARTESIAN_POINT('',(35.0000005215406,-2.00000002980232,5.));
#8219=CARTESIAN_POINT('',(35.,25.,5.));
#8220=CARTESIAN_POINT('',(17.0000002533197,-2.00000002980232,5.));
#8221=CARTESIAN_POINT('',(20.0000002607703,-2.00000002980232,5.));
#8222=CARTESIAN_POINT('',(17.0000002533197,0.,5.));
#8223=CARTESIAN_POINT('',(17.0000002533197,-31.0000000149012,5.));
#8224=CARTESIAN_POINT('',(35.0000005215406,0.,5.));
#8225=CARTESIAN_POINT('',(11.0000001266599,0.,5.));
#8226=CARTESIAN_POINT('',(35.0000002533197,6.00000008940697,5.));
#8227=CARTESIAN_POINT('',(35.,25.,5.));
#8228=CARTESIAN_POINT('',(17.0000002533197,6.00000008940697,5.));
#8229=CARTESIAN_POINT('',(20.0000001266599,6.00000008940697,5.));
#8230=CARTESIAN_POINT('',(17.0000002533197,8.00000011920929,5.));
#8231=CARTESIAN_POINT('',(17.0000002533197,-26.9999999552965,5.));
#8232=CARTESIAN_POINT('',(35.0000002533197,8.00000011920929,5.));
#8233=CARTESIAN_POINT('',(11.0000001266599,8.00000011920929,5.));
#8234=CARTESIAN_POINT('',(35.0000002533197,14.0000002086163,5.));
#8235=CARTESIAN_POINT('',(35.,25.,5.));
#8236=CARTESIAN_POINT('',(17.0000002533197,14.0000002086163,5.));
#8237=CARTESIAN_POINT('',(20.0000001266599,14.0000002086163,5.));
#8238=CARTESIAN_POINT('',(17.0000002533197,16.0000002384186,5.));
#8239=CARTESIAN_POINT('',(17.0000002533197,-22.9999998956919,5.));
#8240=CARTESIAN_POINT('',(35.0000002533197,16.0000002384186,5.));
#8241=CARTESIAN_POINT('',(11.0000001266599,16.0000002384186,5.));
#8242=CARTESIAN_POINT('',(35.0000002533197,22.0000003576279,5.));
#8243=CARTESIAN_POINT('',(35.,25.,5.));
#8244=CARTESIAN_POINT('',(17.0000002533197,22.0000003576279,5.));
#8245=CARTESIAN_POINT('',(20.0000001266599,22.0000003576279,5.));
#8246=CARTESIAN_POINT('',(17.0000002533197,24.0000003576279,5.));
#8247=CARTESIAN_POINT('',(17.0000002533197,-18.9999998211861,5.));
#8248=CARTESIAN_POINT('',(35.0000002533197,24.0000003576279,5.));
#8249=CARTESIAN_POINT('',(11.0000001266599,24.0000003576279,5.));
#8250=CARTESIAN_POINT('',(35.0000002533197,32.0000004768372,5.));
#8251=CARTESIAN_POINT('',(35.,25.,5.));
#8252=CARTESIAN_POINT('',(17.0000002533197,32.0000004768372,5.));
#8253=CARTESIAN_POINT('',(20.0000001266599,32.0000004768372,5.));
#8254=CARTESIAN_POINT('',(17.0000002533197,34.0000005066395,5.));
#8255=CARTESIAN_POINT('',(17.0000002533197,-13.9999997615814,5.));
#8256=CARTESIAN_POINT('',(35.0000002533197,34.0000005066395,5.));
#8257=CARTESIAN_POINT('',(11.0000001266599,34.0000005066395,5.));
#8258=CARTESIAN_POINT('',(35.,38.0000006258487,5.));
#8259=CARTESIAN_POINT('',(35.,25.,5.));
#8260=CARTESIAN_POINT('',(32.9999996572733,38.0000006258487,5.));
#8261=CARTESIAN_POINT('',(-10.0000001862645,38.0000006258487,5.));
#8262=CARTESIAN_POINT('',(32.9999996572733,37.000000551343,5.));
#8263=CARTESIAN_POINT('',(32.9999996572733,-10.4999997094274,5.));
#8264=CARTESIAN_POINT('',(-23.0000003427267,37.000000551343,5.));
#8265=CARTESIAN_POINT('',(18.9999998286366,37.000000551343,5.));
#8266=CARTESIAN_POINT('',(-23.0000003427267,38.0000006258487,5.));
#8267=CARTESIAN_POINT('',(-23.0000003427267,-11.4999997243285,5.));
#8268=CARTESIAN_POINT('',(-25.,38.0000006258487,5.));
#8269=CARTESIAN_POINT('',(-10.0000001862645,38.0000006258487,5.));
#8270=CARTESIAN_POINT('',(-25.000000372529,34.0000005066395,5.));
#8271=CARTESIAN_POINT('',(-25.,25.,5.));
#8272=CARTESIAN_POINT('',(-7.00000037252902,34.0000005066395,5.));
#8273=CARTESIAN_POINT('',(-10.0000001862645,34.0000005066395,5.));
#8274=CARTESIAN_POINT('',(-7.00000037252902,32.0000004768372,5.));
#8275=CARTESIAN_POINT('',(-7.00000037252902,-12.9999997466803,5.));
#8276=CARTESIAN_POINT('',(-25.000000372529,32.0000004768372,5.));
#8277=CARTESIAN_POINT('',(-1.00000018626451,32.0000004768372,5.));
#8278=CARTESIAN_POINT('',(-25.000000372529,24.0000003576279,5.));
#8279=CARTESIAN_POINT('',(-25.,25.,5.));
#8280=CARTESIAN_POINT('',(-7.00000037252903,24.0000003576279,5.));
#8281=CARTESIAN_POINT('',(-10.0000001862645,24.0000003576279,5.));
#8282=CARTESIAN_POINT('',(-7.00000037252903,22.0000003576279,5.));
#8283=CARTESIAN_POINT('',(-7.00000037252903,-17.9999998211861,5.));
#8284=CARTESIAN_POINT('',(-25.000000372529,22.0000003576279,5.));
#8285=CARTESIAN_POINT('',(-1.00000018626451,22.0000003576279,5.));
#8286=CARTESIAN_POINT('',(-25.000000372529,16.0000002384186,5.));
#8287=CARTESIAN_POINT('',(-25.,-145.,5.));
#8288=CARTESIAN_POINT('',(-7.00000037252903,16.0000002785714,5.));
#8289=CARTESIAN_POINT('',(-10.0000002710315,16.0000002718792,5.));
#8290=CARTESIAN_POINT('',(-7.00000036806761,14.0000002785714,5.));
#8291=CARTESIAN_POINT('',(-7.000000287762,-21.9999998740986,5.));
#8292=CARTESIAN_POINT('',(-25.0000003680676,14.0000002384186,5.));
#8293=CARTESIAN_POINT('',(-1.00000026657012,14.0000002919557,5.));
#8294=CARTESIAN_POINT('',(-25.000000372529,8.00000011920929,5.));
#8295=CARTESIAN_POINT('',(-25.,-145.,5.));
#8296=CARTESIAN_POINT('',(-7.00000037252903,8.00000011920929,5.));
#8297=CARTESIAN_POINT('',(-10.0000001862645,8.00000011920929,5.));
#8298=CARTESIAN_POINT('',(-7.00000037252903,6.00000011920929,5.));
#8299=CARTESIAN_POINT('',(-7.00000037252903,-25.9999999403954,5.));
#8300=CARTESIAN_POINT('',(-25.000000372529,6.00000011920929,5.));
#8301=CARTESIAN_POINT('',(-1.00000018626451,6.00000011920929,5.));
#8302=CARTESIAN_POINT('',(-25.000000372529,0.,5.));
#8303=CARTESIAN_POINT('',(-25.,-145.,5.));
#8304=CARTESIAN_POINT('',(-7.00000037252903,0.,5.));
#8305=CARTESIAN_POINT('',(-10.0000001862645,0.,5.));
#8306=CARTESIAN_POINT('',(-7.00000037252903,-2.,5.));
#8307=CARTESIAN_POINT('',(-7.00000037252903,-30.,5.));
#8308=CARTESIAN_POINT('',(-25.000000372529,-2.,5.));
#8309=CARTESIAN_POINT('',(-1.00000018626451,-2.,5.));
#8310=CARTESIAN_POINT('',(-25.000000372529,-8.00000011920929,5.));
#8311=CARTESIAN_POINT('',(-25.,-145.,5.));
#8312=CARTESIAN_POINT('',(-7.00000037252903,-8.00000011920929,5.));
#8313=CARTESIAN_POINT('',(-10.0000001862645,-8.00000011920929,5.));
#8314=CARTESIAN_POINT('',(-7.00000037252903,-10.0000001490116,5.));
#8315=CARTESIAN_POINT('',(-7.00000037252903,-34.0000000596046,5.));
#8316=CARTESIAN_POINT('',(-25.000000372529,-10.0000001490116,5.));
#8317=CARTESIAN_POINT('',(-1.00000018626451,-10.0000001490116,5.));
#8318=CARTESIAN_POINT('',(-25.000000372529,-16.0000002384186,5.));
#8319=CARTESIAN_POINT('',(-25.,-145.,5.));
#8320=CARTESIAN_POINT('',(-7.00000037252903,-16.0000002384186,5.));
#8321=CARTESIAN_POINT('',(-10.0000001862645,-16.0000002384186,5.));
#8322=CARTESIAN_POINT('',(-7.00000037252903,-18.0000002384186,5.));
#8323=CARTESIAN_POINT('',(-7.00000037252903,-38.0000001192093,5.));
#8324=CARTESIAN_POINT('',(-25.000000372529,-18.0000002384186,5.));
#8325=CARTESIAN_POINT('',(-1.00000018626451,-18.0000002384186,5.));
#8326=CARTESIAN_POINT('',(-25.000000372529,-24.0000003576279,5.));
#8327=CARTESIAN_POINT('',(-25.,-145.,5.));
#8328=CARTESIAN_POINT('',(-7.00000037252903,-24.0000003576279,5.));
#8329=CARTESIAN_POINT('',(-10.0000001862645,-24.0000003576279,5.));
#8330=CARTESIAN_POINT('',(-7.00000037252903,-26.0000003576279,5.));
#8331=CARTESIAN_POINT('',(-7.00000037252903,-42.0000001788139,5.));
#8332=CARTESIAN_POINT('',(-25.000000372529,-26.0000003576279,5.));
#8333=CARTESIAN_POINT('',(-1.00000018626451,-26.0000003576279,5.));
#8334=CARTESIAN_POINT('',(-25.000000372529,-32.0000004768372,5.));
#8335=CARTESIAN_POINT('',(-25.,-145.,5.));
#8336=CARTESIAN_POINT('',(-7.00000010430813,-32.0000004768372,5.));
#8337=CARTESIAN_POINT('',(-10.0000001862645,-32.0000004768372,5.));
#8338=CARTESIAN_POINT('',(-7.00000010430813,-34.0000005066395,5.));
#8339=CARTESIAN_POINT('',(-7.00000010430813,-46.0000002384186,5.));
#8340=CARTESIAN_POINT('',(-25.000000372529,-34.0000005066395,5.));
#8341=CARTESIAN_POINT('',(-1.00000005215406,-34.0000005066395,5.));
#8342=CARTESIAN_POINT('',(-25.000000372529,-40.0000005960464,5.));
#8343=CARTESIAN_POINT('',(-25.,-145.,5.));
#8344=CARTESIAN_POINT('',(-7.00000037252903,-40.0000005356364,5.));
#8345=CARTESIAN_POINT('',(-10.0000002198257,-40.0000005457047,5.));
#8346=CARTESIAN_POINT('',(-7.0000003658168,-42.0000005356364,5.));
#8347=CARTESIAN_POINT('',(-7.00000033896787,-50.0000002879549,5.));
#8348=CARTESIAN_POINT('',(-25.0000003658168,-42.0000005960464,5.));
#8349=CARTESIAN_POINT('',(-1.00000021311344,-42.0000005154997,5.));
#8350=CARTESIAN_POINT('',(-25.000000372529,-48.0000007152557,5.));
#8351=CARTESIAN_POINT('',(-25.,-145.,5.));
#8352=CARTESIAN_POINT('',(-7.00000010430813,-48.0000007152557,5.));
#8353=CARTESIAN_POINT('',(-10.0000001862645,-48.0000007152557,5.));
#8354=CARTESIAN_POINT('',(-7.00000010430813,-50.0000007450581,5.));
#8355=CARTESIAN_POINT('',(-7.00000010430813,-54.0000003576279,5.));
#8356=CARTESIAN_POINT('',(-25.000000372529,-50.0000007450581,5.));
#8357=CARTESIAN_POINT('',(-1.00000005215406,-50.0000007450581,5.));
#8358=CARTESIAN_POINT('',(-25.000000372529,-56.000000834465,5.));
#8359=CARTESIAN_POINT('',(-25.,-145.,5.));
#8360=CARTESIAN_POINT('',(-7.00000037252903,-56.000000834465,5.));
#8361=CARTESIAN_POINT('',(-10.0000001862645,-56.000000834465,5.));
#8362=CARTESIAN_POINT('',(-7.00000037252903,-58.000000834465,5.));
#8363=CARTESIAN_POINT('',(-7.00000037252903,-58.0000004172325,5.));
#8364=CARTESIAN_POINT('',(-25.000000372529,-58.000000834465,5.));
#8365=CARTESIAN_POINT('',(-1.00000018626451,-58.000000834465,5.));
#8366=CARTESIAN_POINT('',(-25.000000372529,-64.0000009536743,5.));
#8367=CARTESIAN_POINT('',(-25.,-145.,5.));
#8368=CARTESIAN_POINT('',(-7.00000010430813,-64.0000009536743,5.));
#8369=CARTESIAN_POINT('',(-10.0000001862645,-64.0000009536743,5.));
#8370=CARTESIAN_POINT('',(-7.00000010430813,-66.0000009834766,5.));
#8371=CARTESIAN_POINT('',(-7.00000010430813,-62.0000004768372,5.));
#8372=CARTESIAN_POINT('',(-25.000000372529,-66.0000009834766,5.));
#8373=CARTESIAN_POINT('',(-1.00000005215406,-66.0000009834766,5.));
#8374=CARTESIAN_POINT('',(-25.000000372529,-72.0000010728836,5.));
#8375=CARTESIAN_POINT('',(-25.,-145.,5.));
#8376=CARTESIAN_POINT('',(-7.00000010430813,-72.0000010728836,5.));
#8377=CARTESIAN_POINT('',(-10.0000001862645,-72.0000010728836,5.));
#8378=CARTESIAN_POINT('',(-7.00000010430813,-74.0000011026859,5.));
#8379=CARTESIAN_POINT('',(-7.00000010430813,-66.0000005364418,5.));
#8380=CARTESIAN_POINT('',(-25.000000372529,-74.0000011026859,5.));
#8381=CARTESIAN_POINT('',(-1.00000005215406,-74.0000011026859,5.));
#8382=CARTESIAN_POINT('',(-25.000000372529,-80.0000011920929,5.));
#8383=CARTESIAN_POINT('',(-25.,-145.,5.));
#8384=CARTESIAN_POINT('',(-7.00000037252902,-80.0000011920929,5.));
#8385=CARTESIAN_POINT('',(-10.0000001862645,-80.0000011920929,5.));
#8386=CARTESIAN_POINT('',(-7.00000037252902,-82.0000012218952,5.));
#8387=CARTESIAN_POINT('',(-7.00000037252902,-70.0000005960464,5.));
#8388=CARTESIAN_POINT('',(-25.000000372529,-82.0000012218952,5.));
#8389=CARTESIAN_POINT('',(-1.00000018626451,-82.0000012218952,5.));
#8390=CARTESIAN_POINT('',(-25.000000372529,-88.0000013113022,5.));
#8391=CARTESIAN_POINT('',(-25.,-145.,5.));
#8392=CARTESIAN_POINT('',(-7.00000010430813,-88.0000013113022,5.));
#8393=CARTESIAN_POINT('',(-10.0000001862645,-88.0000013113022,5.));
#8394=CARTESIAN_POINT('',(-7.00000010430813,-90.0000013411045,5.));
#8395=CARTESIAN_POINT('',(-7.00000010430813,-74.0000006556511,5.));
#8396=CARTESIAN_POINT('',(-25.000000372529,-90.0000013411045,5.));
#8397=CARTESIAN_POINT('',(-1.00000005215406,-90.0000013411045,5.));
#8398=CARTESIAN_POINT('',(-25.,-145.,5.));
#8399=CARTESIAN_POINT('',(-23.0000003427267,29.0000004321337,5.));
#8400=CARTESIAN_POINT('',(32.9999996572733,29.0000004321337,5.));
#8401=CARTESIAN_POINT('',(-9.00000017136335,29.0000004321337,5.));
#8402=CARTESIAN_POINT('',(32.9999996572733,27.0000004023314,5.));
#8403=CARTESIAN_POINT('',(32.9999996572733,-15.4999997839332,5.));
#8404=CARTESIAN_POINT('',(-23.0000003427267,27.0000004023314,5.));
#8405=CARTESIAN_POINT('',(18.9999998286366,27.0000004023314,5.));
#8406=CARTESIAN_POINT('',(-23.0000003427267,-16.4999997988343,5.));
#8407=CARTESIAN_POINT('',(-4.00000005960464,32.0000004768372,5.));
#8408=CARTESIAN_POINT('',(-4.00000005960464,34.0000005066395,5.));
#8409=CARTESIAN_POINT('',(-4.00000005960464,-13.9999997615814,5.));
#8410=CARTESIAN_POINT('',(13.9999999403954,34.0000005066395,5.));
#8411=CARTESIAN_POINT('',(0.499999970197678,34.0000005066395,5.));
#8412=CARTESIAN_POINT('',(13.9999999403954,32.0000004768372,5.));
#8413=CARTESIAN_POINT('',(13.9999999403954,-12.9999997466803,5.));
#8414=CARTESIAN_POINT('',(9.49999997019768,32.0000004768372,5.));
#8415=CARTESIAN_POINT('',(-23.0000003427267,-78.0000011324883,5.));
#8416=CARTESIAN_POINT('',(-23.0000003427267,-76.0000011324883,5.));
#8417=CARTESIAN_POINT('',(-23.0000003427267,-69.0000005662441,5.));
#8418=CARTESIAN_POINT('',(32.9999996572733,-76.0000011324883,5.));
#8419=CARTESIAN_POINT('',(-9.00000017136335,-76.0000011324883,5.));
#8420=CARTESIAN_POINT('',(32.9999996572733,-78.0000011324883,5.));
#8421=CARTESIAN_POINT('',(32.9999996572733,-68.0000005662441,5.));
#8422=CARTESIAN_POINT('',(18.9999998286366,-78.0000011324883,5.));
#8423=CARTESIAN_POINT('',(33.0000004917383,-94.0000014007092,5.));
#8424=CARTESIAN_POINT('',(-22.9999995082617,-94.0000014007092,5.));
#8425=CARTESIAN_POINT('',(19.0000002458692,-94.0000014007092,5.));
#8426=CARTESIAN_POINT('',(-22.9999995082617,-92.0000013709068,5.));
#8427=CARTESIAN_POINT('',(-22.9999995082617,-77.0000007003546,5.));
#8428=CARTESIAN_POINT('',(33.0000004917383,-92.0000013709068,5.));
#8429=CARTESIAN_POINT('',(-8.99999975413084,-92.0000013709068,5.));
#8430=CARTESIAN_POINT('',(33.0000004917383,-76.0000006854534,5.));
#8431=CARTESIAN_POINT('',(-23.0000003360145,-54.0000007748604,5.));
#8432=CARTESIAN_POINT('',(-23.0000003427267,-52.0000007748604,5.));
#8433=CARTESIAN_POINT('',(-23.0000003259461,-57.0000004344158,5.));
#8434=CARTESIAN_POINT('',(32.9999996572733,-52.0000005869179,5.));
#8435=CARTESIAN_POINT('',(-9.00000018478781,-52.0000007278748,5.));
#8436=CARTESIAN_POINT('',(32.9999996639855,-54.0000005869179,5.));
#8437=CARTESIAN_POINT('',(32.9999996706977,-56.0000002464733,5.));
#8438=CARTESIAN_POINT('',(18.9999998219244,-54.0000006339035,5.));
#8439=CARTESIAN_POINT('',(-4.00000005960464,-66.0000009834766,5.));
#8440=CARTESIAN_POINT('',(-4.00000005960464,-64.0000009536743,5.));
#8441=CARTESIAN_POINT('',(-4.00000005960464,-63.0000004917383,5.));
#8442=CARTESIAN_POINT('',(14.0000002086163,-64.0000009536743,5.));
#8443=CARTESIAN_POINT('',(0.499999970197678,-64.0000009536743,5.));
#8444=CARTESIAN_POINT('',(14.0000002086163,-66.0000009834766,5.));
#8445=CARTESIAN_POINT('',(14.0000002086163,-62.0000004768372,5.));
#8446=CARTESIAN_POINT('',(9.50000010430813,-66.0000009834766,5.));
#8447=CARTESIAN_POINT('',(-4.00000005289241,-50.0000007152557,5.));
#8448=CARTESIAN_POINT('',(-4.00000005960464,-48.0000007152557,5.));
#8449=CARTESIAN_POINT('',(-4.00000003611184,-55.0000003727304,5.));
#8450=CARTESIAN_POINT('',(13.9999999403954,-48.0000006548457,5.));
#8451=CARTESIAN_POINT('',(0.499999950060989,-48.0000007001532,5.));
#8452=CARTESIAN_POINT('',(13.9999999471076,-50.0000006548457,5.));
#8453=CARTESIAN_POINT('',(13.9999999605321,-54.0000003123203,5.));
#8454=CARTESIAN_POINT('',(9.49999995677322,-50.0000006699482,5.));
#8455=CARTESIAN_POINT('',(-4.00000005960464,-90.0000013411045,5.));
#8456=CARTESIAN_POINT('',(-4.00000005960464,-88.0000013113022,5.));
#8457=CARTESIAN_POINT('',(-4.00000005960464,-75.0000006705523,5.));
#8458=CARTESIAN_POINT('',(14.0000002086163,-88.0000013113022,5.));
#8459=CARTESIAN_POINT('',(0.499999970197678,-88.0000013113022,5.));
#8460=CARTESIAN_POINT('',(14.0000002086163,-90.0000013411045,5.));
#8461=CARTESIAN_POINT('',(14.0000002086163,-74.0000006556511,5.));
#8462=CARTESIAN_POINT('',(9.50000010430813,-90.0000013411045,5.));
#8463=CARTESIAN_POINT('',(-4.00000005960464,-74.0000011026859,5.));
#8464=CARTESIAN_POINT('',(-4.00000005960464,-72.0000010728836,5.));
#8465=CARTESIAN_POINT('',(-4.00000005960464,-67.000000551343,5.));
#8466=CARTESIAN_POINT('',(14.0000002086163,-72.0000010728836,5.));
#8467=CARTESIAN_POINT('',(0.499999970197678,-72.0000010728836,5.));
#8468=CARTESIAN_POINT('',(14.0000002086163,-74.0000011026859,5.));
#8469=CARTESIAN_POINT('',(14.0000002086163,-66.0000005364418,5.));
#8470=CARTESIAN_POINT('',(9.50000010430813,-74.0000011026859,5.));
#8471=CARTESIAN_POINT('',(-23.0000003427267,-62.000000923872,5.));
#8472=CARTESIAN_POINT('',(-23.0000003427267,-60.0000008940697,5.));
#8473=CARTESIAN_POINT('',(-23.0000003427267,-61.000000461936,5.));
#8474=CARTESIAN_POINT('',(32.9999996572733,-60.0000008940697,5.));
#8475=CARTESIAN_POINT('',(-9.00000017136335,-60.0000008940697,5.));
#8476=CARTESIAN_POINT('',(32.9999996572733,-62.000000923872,5.));
#8477=CARTESIAN_POINT('',(32.9999996572733,-60.0000004470348,5.));
#8478=CARTESIAN_POINT('',(18.9999998286366,-62.000000923872,5.));
#8479=CARTESIAN_POINT('',(-4.00000005960464,-82.0000012218952,5.));
#8480=CARTESIAN_POINT('',(-4.00000005960464,-80.0000011920929,5.));
#8481=CARTESIAN_POINT('',(-4.00000005960464,-71.0000006109476,5.));
#8482=CARTESIAN_POINT('',(14.0000002086163,-80.0000011920929,5.));
#8483=CARTESIAN_POINT('',(0.499999970197678,-80.0000011920929,5.));
#8484=CARTESIAN_POINT('',(14.0000002086163,-82.0000012218952,5.));
#8485=CARTESIAN_POINT('',(14.0000002086163,-70.0000005960464,5.));
#8486=CARTESIAN_POINT('',(9.50000010430813,-82.0000012218952,5.));
#8487=CARTESIAN_POINT('',(-4.00000005960464,-42.0000006258488,5.));
#8488=CARTESIAN_POINT('',(-4.00000005960464,-40.0000005960464,5.));
#8489=CARTESIAN_POINT('',(-4.00000005960464,-51.0000003129244,5.));
#8490=CARTESIAN_POINT('',(13.9999999403954,-40.0000005960464,5.));
#8491=CARTESIAN_POINT('',(0.499999970197678,-40.0000005960464,5.));
#8492=CARTESIAN_POINT('',(13.9999999403954,-42.0000006258488,5.));
#8493=CARTESIAN_POINT('',(13.9999999403954,-50.0000002980232,5.));
#8494=CARTESIAN_POINT('',(9.49999997019768,-42.0000006258488,5.));
#8495=CARTESIAN_POINT('',(-23.0000003427267,-70.0000010430813,5.));
#8496=CARTESIAN_POINT('',(-23.0000003427267,-68.000001013279,5.));
#8497=CARTESIAN_POINT('',(-23.0000003427267,-65.0000005215406,5.));
#8498=CARTESIAN_POINT('',(32.9999996572733,-68.000001013279,5.));
#8499=CARTESIAN_POINT('',(-9.00000017136335,-68.000001013279,5.));
#8500=CARTESIAN_POINT('',(32.9999996572733,-70.0000010430813,5.));
#8501=CARTESIAN_POINT('',(32.9999996572733,-64.0000005066395,5.));
#8502=CARTESIAN_POINT('',(18.9999998286366,-70.0000010430813,5.));
#8503=CARTESIAN_POINT('',(-23.0000003351033,-46.2714999134183,5.));
#8504=CARTESIAN_POINT('',(-23.0000003427267,-44.0000006556511,5.));
#8505=CARTESIAN_POINT('',(-23.0000003120661,-53.1357500036948,5.));
#8506=CARTESIAN_POINT('',(32.9999996572733,-44.0000004677086,5.));
#8507=CARTESIAN_POINT('',(-9.00000019821227,-44.0000006086655,5.));
#8508=CARTESIAN_POINT('',(32.9999996648967,-46.2714997254758,5.));
#8509=CARTESIAN_POINT('',(32.9999996841222,-52.0000001868687,5.));
#8510=CARTESIAN_POINT('',(18.9999998094111,-46.2714997724614,5.));
#8511=CARTESIAN_POINT('',(-23.0000003427267,-86.0000012814999,5.));
#8512=CARTESIAN_POINT('',(-23.0000003427267,-84.0000012516975,5.));
#8513=CARTESIAN_POINT('',(-23.0000003427267,-73.0000006407499,5.));
#8514=CARTESIAN_POINT('',(32.9999996572733,-84.0000012516975,5.));
#8515=CARTESIAN_POINT('',(-9.00000017136335,-84.0000012516975,5.));
#8516=CARTESIAN_POINT('',(32.9999996572733,-86.0000012814999,5.));
#8517=CARTESIAN_POINT('',(32.9999996572733,-72.0000006258488,5.));
#8518=CARTESIAN_POINT('',(18.9999998286366,-86.0000012814999,5.));
#8519=CARTESIAN_POINT('',(-4.00000005960464,-58.000000834465,5.));
#8520=CARTESIAN_POINT('',(-4.00000005960464,-56.000000834465,5.));
#8521=CARTESIAN_POINT('',(-4.00000005960464,-59.0000004172325,5.));
#8522=CARTESIAN_POINT('',(13.9999999403954,-56.000000834465,5.));
#8523=CARTESIAN_POINT('',(0.499999970197678,-56.000000834465,5.));
#8524=CARTESIAN_POINT('',(13.9999999403954,-58.000000834465,5.));
#8525=CARTESIAN_POINT('',(13.9999999403954,-58.0000004172325,5.));
#8526=CARTESIAN_POINT('',(9.49999997019768,-58.000000834465,5.));
#8527=CARTESIAN_POINT('',(-23.0000003427267,18.0000002980232,5.));
#8528=CARTESIAN_POINT('',(-23.0000003427267,20.0000002980232,5.));
#8529=CARTESIAN_POINT('',(-23.0000003427267,-20.9999998509884,5.));
#8530=CARTESIAN_POINT('',(32.9999996572733,20.0000002980232,5.));
#8531=CARTESIAN_POINT('',(-9.00000017136335,20.0000002980232,5.));
#8532=CARTESIAN_POINT('',(32.9999996572733,18.0000002980232,5.));
#8533=CARTESIAN_POINT('',(32.9999996572733,-19.9999998509884,5.));
#8534=CARTESIAN_POINT('',(18.9999998286366,18.0000002980232,5.));
#8535=CARTESIAN_POINT('',(-4.00000005960464,24.0000003576279,5.));
#8536=CARTESIAN_POINT('',(13.9999999403954,24.0000003576279,5.));
#8537=CARTESIAN_POINT('',(0.499999970197678,24.0000003576279,5.));
#8538=CARTESIAN_POINT('',(13.9999999403954,22.0000003576279,5.));
#8539=CARTESIAN_POINT('',(13.9999999403954,-17.9999998211861,5.));
#8540=CARTESIAN_POINT('',(-4.00000005960464,22.0000003576279,5.));
#8541=CARTESIAN_POINT('',(9.49999997019768,22.0000003576279,5.));
#8542=CARTESIAN_POINT('',(-4.00000005960464,-18.9999998211861,5.));
#8543=CARTESIAN_POINT('',(-23.0000003427267,-22.0000002980232,5.));
#8544=CARTESIAN_POINT('',(-23.0000003427267,-20.0000002980232,5.));
#8545=CARTESIAN_POINT('',(-23.0000003427267,-41.0000001490116,5.));
#8546=CARTESIAN_POINT('',(32.9999996572733,-20.0000002980232,5.));
#8547=CARTESIAN_POINT('',(-9.00000017136335,-20.0000002980232,5.));
#8548=CARTESIAN_POINT('',(32.9999996572733,-22.0000002980232,5.));
#8549=CARTESIAN_POINT('',(32.9999996572733,-40.0000001490116,5.));
#8550=CARTESIAN_POINT('',(18.9999998286366,-22.0000002980232,5.));
#8551=CARTESIAN_POINT('',(-23.0000003427267,-6.00000005960464,5.));
#8552=CARTESIAN_POINT('',(-23.0000003427267,-4.00000005960464,5.));
#8553=CARTESIAN_POINT('',(-23.0000003427267,-33.0000000298023,5.));
#8554=CARTESIAN_POINT('',(32.9999996572733,-4.00000005960464,5.));
#8555=CARTESIAN_POINT('',(-9.00000017136335,-4.00000005960464,5.));
#8556=CARTESIAN_POINT('',(32.9999996572733,-6.00000005960464,5.));
#8557=CARTESIAN_POINT('',(32.9999996572733,-32.0000000298023,5.));
#8558=CARTESIAN_POINT('',(18.9999998286366,-6.00000005960465,5.));
#8559=CARTESIAN_POINT('',(-23.0000003427267,10.0000001788139,5.));
#8560=CARTESIAN_POINT('',(-23.0000003427267,12.0000001788139,5.));
#8561=CARTESIAN_POINT('',(-23.0000003427267,-24.999999910593,5.));
#8562=CARTESIAN_POINT('',(32.9999996572733,12.0000001788139,5.));
#8563=CARTESIAN_POINT('',(-9.00000017136335,12.0000001788139,5.));
#8564=CARTESIAN_POINT('',(32.9999996572733,10.0000001788139,5.));
#8565=CARTESIAN_POINT('',(32.9999996572733,-23.999999910593,5.));
#8566=CARTESIAN_POINT('',(18.9999998286366,10.0000001788139,5.));
#8567=CARTESIAN_POINT('',(-4.00000005960464,14.0000002086163,5.));
#8568=CARTESIAN_POINT('',(-4.00000005960464,16.0000002384186,5.));
#8569=CARTESIAN_POINT('',(-4.00000005960464,-22.9999998956919,5.));
#8570=CARTESIAN_POINT('',(13.9999999403954,16.0000002384186,5.));
#8571=CARTESIAN_POINT('',(0.499999970197678,16.0000002384186,5.));
#8572=CARTESIAN_POINT('',(13.9999999403954,14.0000002086163,5.));
#8573=CARTESIAN_POINT('',(13.9999999403954,-21.9999998807907,5.));
#8574=CARTESIAN_POINT('',(9.49999997019768,14.0000002086163,5.));
#8575=CARTESIAN_POINT('',(-4.00000005960464,6.00000008940697,5.));
#8576=CARTESIAN_POINT('',(-4.00000005960464,8.00000011920929,5.));
#8577=CARTESIAN_POINT('',(-4.00000005960464,-26.9999999552965,5.));
#8578=CARTESIAN_POINT('',(13.9999999403954,8.00000011920929,5.));
#8579=CARTESIAN_POINT('',(0.499999970197678,8.00000011920929,5.));
#8580=CARTESIAN_POINT('',(13.9999999403954,6.00000008940697,5.));
#8581=CARTESIAN_POINT('',(13.9999999403954,-25.9999999403954,5.));
#8582=CARTESIAN_POINT('',(9.49999997019768,6.00000008940697,5.));
#8583=CARTESIAN_POINT('',(-4.00000005960464,-10.0000001192093,5.));
#8584=CARTESIAN_POINT('',(-4.00000005960464,-8.00000011920929,5.));
#8585=CARTESIAN_POINT('',(-4.00000005960464,-35.0000000596046,5.));
#8586=CARTESIAN_POINT('',(13.9999999403954,-8.00000011920929,5.));
#8587=CARTESIAN_POINT('',(0.499999970197678,-8.00000011920929,5.));
#8588=CARTESIAN_POINT('',(13.9999999403954,-10.0000001192093,5.));
#8589=CARTESIAN_POINT('',(13.9999999403954,-34.0000000596046,5.));
#8590=CARTESIAN_POINT('',(9.49999997019768,-10.0000001192093,5.));
#8591=CARTESIAN_POINT('',(-4.00000005960464,-26.0000003576279,5.));
#8592=CARTESIAN_POINT('',(-4.00000005960464,-24.0000003576279,5.));
#8593=CARTESIAN_POINT('',(-4.00000005960464,-43.0000001788139,5.));
#8594=CARTESIAN_POINT('',(13.9999999403954,-24.0000003576279,5.));
#8595=CARTESIAN_POINT('',(0.499999970197678,-24.0000003576279,5.));
#8596=CARTESIAN_POINT('',(13.9999999403954,-26.0000003576279,5.));
#8597=CARTESIAN_POINT('',(13.9999999403954,-42.0000001788139,5.));
#8598=CARTESIAN_POINT('',(9.49999997019768,-26.0000003576279,5.));
#8599=CARTESIAN_POINT('',(-4.00000005960464,-34.0000004768372,5.));
#8600=CARTESIAN_POINT('',(-4.00000005960464,-32.0000004768372,5.));
#8601=CARTESIAN_POINT('',(-4.00000005960464,-47.0000002384186,5.));
#8602=CARTESIAN_POINT('',(13.9999999403954,-32.0000004768372,5.));
#8603=CARTESIAN_POINT('',(0.499999970197678,-32.0000004768372,5.));
#8604=CARTESIAN_POINT('',(13.9999999403954,-34.0000004768372,5.));
#8605=CARTESIAN_POINT('',(13.9999999403954,-46.0000002384186,5.));
#8606=CARTESIAN_POINT('',(9.49999997019768,-34.0000004768372,5.));
#8607=CARTESIAN_POINT('',(-4.00000005960464,-18.0000002384186,5.));
#8608=CARTESIAN_POINT('',(-4.00000005960464,-16.0000002384186,5.));
#8609=CARTESIAN_POINT('',(-4.00000005960464,-39.0000001192093,5.));
#8610=CARTESIAN_POINT('',(13.9999999403954,-16.0000002384186,5.));
#8611=CARTESIAN_POINT('',(0.499999970197678,-16.0000002384186,5.));
#8612=CARTESIAN_POINT('',(13.9999999403954,-18.0000002384186,5.));
#8613=CARTESIAN_POINT('',(13.9999999403954,-38.0000001192093,5.));
#8614=CARTESIAN_POINT('',(9.49999997019768,-18.0000002384186,5.));
#8615=CARTESIAN_POINT('',(-4.00000005960464,-2.,5.));
#8616=CARTESIAN_POINT('',(-4.00000005960464,0.,5.));
#8617=CARTESIAN_POINT('',(-4.00000005960464,-31.,5.));
#8618=CARTESIAN_POINT('',(13.9999999403954,0.,5.));
#8619=CARTESIAN_POINT('',(0.499999970197678,0.,5.));
#8620=CARTESIAN_POINT('',(13.9999999403954,-2.,5.));
#8621=CARTESIAN_POINT('',(13.9999999403954,-30.,5.));
#8622=CARTESIAN_POINT('',(9.49999997019768,-2.,5.));
#8623=CARTESIAN_POINT('',(-23.0000003427267,-38.0000005662441,5.));
#8624=CARTESIAN_POINT('',(-23.0000003427267,-36.0000005364418,5.));
#8625=CARTESIAN_POINT('',(-23.0000003427267,-49.0000002831221,5.));
#8626=CARTESIAN_POINT('',(32.9999996572733,-36.0000005364418,5.));
#8627=CARTESIAN_POINT('',(-9.00000017136335,-36.0000005364418,5.));
#8628=CARTESIAN_POINT('',(32.9999996572733,-38.0000005662441,5.));
#8629=CARTESIAN_POINT('',(32.9999996572733,-48.0000002682209,5.));
#8630=CARTESIAN_POINT('',(18.9999998286366,-38.0000005662441,5.));
#8631=CARTESIAN_POINT('',(-23.0000003427267,2.00000002980232,5.));
#8632=CARTESIAN_POINT('',(-23.0000003427267,4.00000005960464,5.));
#8633=CARTESIAN_POINT('',(-23.0000003427267,-28.9999999850988,5.));
#8634=CARTESIAN_POINT('',(32.9999996572733,4.00000005960464,5.));
#8635=CARTESIAN_POINT('',(-9.00000017136335,4.00000005960464,5.));
#8636=CARTESIAN_POINT('',(32.9999996572733,2.00000002980232,5.));
#8637=CARTESIAN_POINT('',(32.9999996572733,-27.9999999701977,5.));
#8638=CARTESIAN_POINT('',(18.9999998286366,2.00000002980232,5.));
#8639=CARTESIAN_POINT('',(-23.0000003427267,-14.0000002086163,5.));
#8640=CARTESIAN_POINT('',(-23.0000003427267,-12.0000001788139,5.));
#8641=CARTESIAN_POINT('',(-23.0000003427267,-37.0000001043081,5.));
#8642=CARTESIAN_POINT('',(32.9999996572733,-12.0000001788139,5.));
#8643=CARTESIAN_POINT('',(-9.00000017136335,-12.0000001788139,5.));
#8644=CARTESIAN_POINT('',(32.9999996572733,-14.0000002086163,5.));
#8645=CARTESIAN_POINT('',(32.9999996572733,-36.000000089407,5.));
#8646=CARTESIAN_POINT('',(18.9999998286366,-14.0000002086163,5.));
#8647=CARTESIAN_POINT('',(-23.0000003427267,-30.0000004172325,5.));
#8648=CARTESIAN_POINT('',(-23.0000003427267,-28.0000004172325,5.));
#8649=CARTESIAN_POINT('',(-23.0000003427267,-45.0000002086163,5.));
#8650=CARTESIAN_POINT('',(32.9999996572733,-28.0000004172325,5.));
#8651=CARTESIAN_POINT('',(-9.00000017136335,-28.0000004172325,5.));
#8652=CARTESIAN_POINT('',(32.9999996572733,-30.0000004172325,5.));
#8653=CARTESIAN_POINT('',(32.9999996572733,-44.0000002086163,5.));
#8654=CARTESIAN_POINT('',(18.9999998286366,-30.0000004172325,5.));
#8655=CARTESIAN_POINT('Origin',(-10.0000001862645,38.0000006258487,9.));
#8656=CARTESIAN_POINT('',(-23.0000003427267,39.0000005811453,5.1270166422502));
#8657=CARTESIAN_POINT('Origin',(-23.0000003427267,38.0000006258487,9.));
#8658=CARTESIAN_POINT('',(32.9999996572733,39.0000005811453,5.1270166422502));
#8659=CARTESIAN_POINT('',(-10.0000001862645,39.0000005811453,5.1270166422502));
#8660=CARTESIAN_POINT('Origin',(32.9999996572733,38.0000006258487,9.));
#8661=CARTESIAN_POINT('',(35.,42.0000006258487,9.));
#8662=CARTESIAN_POINT('Origin',(35.,38.0000006258487,9.));
#8663=CARTESIAN_POINT('',(-25.,42.0000006258487,9.));
#8664=CARTESIAN_POINT('',(-10.0000001862645,42.0000006258487,9.));
#8665=CARTESIAN_POINT('Origin',(-25.,38.0000006258487,9.));
#8666=CARTESIAN_POINT('Origin',(-25.000000372529,42.0000006258487,5.));
#8667=CARTESIAN_POINT('',(-25.,42.0000006258488,2.5));
#8668=CARTESIAN_POINT('',(35.,42.0000006258488,2.5));
#8669=CARTESIAN_POINT('',(-30.000000372529,42.0000006258487,15.5));
#8670=CARTESIAN_POINT('',(-30.000000372529,42.0000006258487,15.5));
#8671=CARTESIAN_POINT('',(-30.000000372529,42.0000006258487,5.));
#8672=CARTESIAN_POINT('Origin',(40.0000005215406,49.0000006482005,1.50000011175871));
#8673=CARTESIAN_POINT('',(-30.000000372529,49.0000006482005,4.50000011175871));
#8674=CARTESIAN_POINT('',(40.0000005215406,49.0000006482005,4.50000011175871));
#8675=CARTESIAN_POINT('',(-30.000000372529,49.0000006482005,10.5000001117587));
#8676=CARTESIAN_POINT('',(-30.000000372529,49.0000006482005,0.750000055879354));
#8677=CARTESIAN_POINT('',(40.0000005215406,49.0000006482005,10.5000001117587));
#8678=CARTESIAN_POINT('Origin',(-30.000000372529,25.,0.));
#8679=CARTESIAN_POINT('',(-30.000000372529,80.,15.5));
#8680=CARTESIAN_POINT('',(-30.000000372529,70.,15.5));
#8681=CARTESIAN_POINT('',(-30.000000372529,80.,0.));
#8682=CARTESIAN_POINT('',(-30.000000372529,73.5000006482005,10.5000001117587));
#8683=CARTESIAN_POINT('',(-30.000000372529,37.7500003241003,10.5000001117587));
#8684=CARTESIAN_POINT('',(-30.000000372529,73.5000006482005,4.50000011175871));
#8685=CARTESIAN_POINT('',(-30.000000372529,37.7500003241003,4.50000011175871));
#8686=CARTESIAN_POINT('',(-30.000000372529,73.5000006482005,3.75000005587935));
#8687=CARTESIAN_POINT('Origin',(40.0000005215406,68.5000006482005,4.50000011175871));
#8688=CARTESIAN_POINT('',(40.0000005215406,73.5000006482005,4.50000011175871));
#8689=CARTESIAN_POINT('Origin',(40.0000005215406,73.5000006482005,7.50000011175871));
#8690=CARTESIAN_POINT('',(40.0000005215406,73.5000006482005,10.5000001117587));
#8691=CARTESIAN_POINT('Origin',(40.0000005215406,43.5000006482005,10.5000001117587));
#8692=CARTESIAN_POINT('Origin',(4.99999981373549,56.0000003129244,15.5));
#8693=CARTESIAN_POINT('',(40.,80.,15.5));
#8694=CARTESIAN_POINT('Origin',(35.,80.,0.));
#8695=CARTESIAN_POINT('Origin',(-7.00000037252902,34.0000005066395,5.));
#8696=CARTESIAN_POINT('',(-7.00000037252902,32.0000004768372,5.));
#8697=CARTESIAN_POINT('',(-7.00000037252902,34.0000005066395,5.));
#8698=CARTESIAN_POINT('Origin',(-25.000000372529,34.0000005066395,5.));
#8699=CARTESIAN_POINT('',(-25.,34.0000005066395,2.5));
#8700=CARTESIAN_POINT('Origin',(-7.00000037252902,32.0000004768372,5.));
#8701=CARTESIAN_POINT('',(-25.,32.0000004768372,2.5));
#8702=CARTESIAN_POINT('Origin',(17.0000002533197,32.0000004768372,5.));
#8703=CARTESIAN_POINT('',(17.0000002533197,34.0000005066395,5.));
#8704=CARTESIAN_POINT('',(17.0000002533197,32.0000004768372,5.));
#8705=CARTESIAN_POINT('Origin',(35.0000002533197,32.0000004768372,5.));
#8706=CARTESIAN_POINT('',(35.,32.0000004768372,2.5));
#8707=CARTESIAN_POINT('Origin',(17.0000002533197,34.0000005066395,5.));
#8708=CARTESIAN_POINT('',(35.,34.0000005066395,2.5));
#8709=CARTESIAN_POINT('Origin',(32.9999996572733,27.0000004023314,5.));
#8710=CARTESIAN_POINT('',(-23.0000003427267,27.0000004023314,5.));
#8711=CARTESIAN_POINT('',(32.9999996572733,27.0000004023314,5.));
#8712=CARTESIAN_POINT('Origin',(32.9999996572733,29.0000004321337,5.));
#8713=CARTESIAN_POINT('',(32.9999996572733,29.0000004321337,5.));
#8714=CARTESIAN_POINT('Origin',(-23.0000003427267,29.0000004321337,5.));
#8715=CARTESIAN_POINT('',(-23.0000003427267,29.0000004321337,5.));
#8716=CARTESIAN_POINT('Origin',(-23.0000003427267,27.0000004023314,5.));
#8717=CARTESIAN_POINT('Origin',(13.9999999403954,34.0000005066395,5.));
#8718=CARTESIAN_POINT('',(13.9999999403954,32.0000004768372,5.));
#8719=CARTESIAN_POINT('',(13.9999999403954,34.0000005066395,5.));
#8720=CARTESIAN_POINT('Origin',(-4.00000005960464,34.0000005066395,5.));
#8721=CARTESIAN_POINT('',(-4.00000005960464,34.0000005066395,5.));
#8722=CARTESIAN_POINT('Origin',(-4.00000005960464,32.0000004768372,5.));
#8723=CARTESIAN_POINT('',(-4.00000005960464,32.0000004768372,5.));
#8724=CARTESIAN_POINT('Origin',(13.9999999403954,32.0000004768372,5.));
#8725=CARTESIAN_POINT('Origin',(32.9999996572733,37.000000551343,5.));
#8726=CARTESIAN_POINT('',(-23.0000003427267,37.000000551343,5.));
#8727=CARTESIAN_POINT('',(32.9999996572733,37.000000551343,5.));
#8728=CARTESIAN_POINT('Origin',(32.9999996572733,39.0000005811453,5.));
#8729=CARTESIAN_POINT('',(32.9999996572733,39.0000005811453,5.));
#8730=CARTESIAN_POINT('Origin',(-23.0000003427267,39.0000005811453,5.));
#8731=CARTESIAN_POINT('',(-23.0000003427267,39.0000005811453,5.));
#8732=CARTESIAN_POINT('Origin',(-23.0000003427267,37.000000551343,5.));
#8733=CARTESIAN_POINT('Origin',(35.,-145.,0.));
#8734=CARTESIAN_POINT('',(35.,24.0000003576279,2.5));
#8735=CARTESIAN_POINT('Origin',(35.,-145.,0.));
#8736=CARTESIAN_POINT('Origin',(-25.,25.,0.));
#8737=CARTESIAN_POINT('Origin',(17.0000002667442,-58.000000834465,5.));
#8738=CARTESIAN_POINT('',(17.000000260032,-56.000000834465,5.));
#8739=CARTESIAN_POINT('',(17.0000002667442,-58.000000834465,5.));
#8740=CARTESIAN_POINT('Origin',(35.0000002067864,-58.000000774055,5.));
#8741=CARTESIAN_POINT('',(35.,-58.000000774055,2.5));
#8742=CARTESIAN_POINT('Origin',(17.000000260032,-56.000000834465,5.));
#8743=CARTESIAN_POINT('',(35.,-56.000000774055,2.5));
#8744=CARTESIAN_POINT('Origin',(17.000000260032,-50.0000007152557,5.));
#8745=CARTESIAN_POINT('',(17.0000002533197,-48.0000007152557,5.));
#8746=CARTESIAN_POINT('',(17.000000260032,-50.0000007152557,5.));
#8747=CARTESIAN_POINT('Origin',(35.000000260032,-50.0000006548457,5.));
#8748=CARTESIAN_POINT('',(35.,-50.0000006548457,2.5));
#8749=CARTESIAN_POINT('Origin',(17.0000002533197,-48.0000007152557,5.));
#8750=CARTESIAN_POINT('',(35.,-48.0000006548457,2.5));
#8751=CARTESIAN_POINT('Origin',(32.9999996572733,-76.0000011324883,5.));
#8752=CARTESIAN_POINT('',(32.9999996572733,-78.0000011324883,5.));
#8753=CARTESIAN_POINT('',(32.9999996572733,-76.0000011324883,5.));
#8754=CARTESIAN_POINT('Origin',(-23.0000003427267,-76.0000011324883,5.));
#8755=CARTESIAN_POINT('',(-23.0000003427267,-76.0000011324883,5.));
#8756=CARTESIAN_POINT('Origin',(-23.0000003427267,-78.0000011324883,5.));
#8757=CARTESIAN_POINT('',(-23.0000003427267,-78.0000011324883,5.));
#8758=CARTESIAN_POINT('Origin',(32.9999996572733,-78.0000011324883,5.));
#8759=CARTESIAN_POINT('Origin',(-22.9999995082617,-92.0000013709068,5.));
#8760=CARTESIAN_POINT('',(33.0000004917383,-92.0000013709068,5.));
#8761=CARTESIAN_POINT('',(-22.9999995082617,-92.0000013709068,5.));
#8762=CARTESIAN_POINT('Origin',(-22.9999995082617,-94.0000014007092,5.));
#8763=CARTESIAN_POINT('',(-22.9999995082617,-94.0000014007092,5.));
#8764=CARTESIAN_POINT('Origin',(33.0000004917383,-94.0000014007092,5.));
#8765=CARTESIAN_POINT('',(33.0000004917383,-94.0000014007092,5.));
#8766=CARTESIAN_POINT('Origin',(33.0000004917383,-92.0000013709068,5.));
#8767=CARTESIAN_POINT('Origin',(32.9999996572733,-52.0000005869179,5.));
#8768=CARTESIAN_POINT('',(32.9999996639855,-54.0000005869179,5.));
#8769=CARTESIAN_POINT('',(32.9999996572733,-52.0000005869179,5.));
#8770=CARTESIAN_POINT('Origin',(-23.0000003427267,-52.0000007748604,5.));
#8771=CARTESIAN_POINT('',(-23.0000003427267,-52.0000007748604,5.));
#8772=CARTESIAN_POINT('Origin',(-23.0000003360145,-54.0000007748604,5.));
#8773=CARTESIAN_POINT('',(-23.0000003360145,-54.0000007748604,5.));
#8774=CARTESIAN_POINT('Origin',(32.9999996639855,-54.0000005869179,5.));
#8775=CARTESIAN_POINT('Origin',(-25.000000372529,-96.0000014305115,5.));
#8776=CARTESIAN_POINT('',(35.,-96.0000014305115,2.5));
#8777=CARTESIAN_POINT('',(-25.,-96.0000014305115,2.5));
#8778=CARTESIAN_POINT('Origin',(14.0000002086163,-64.0000009536743,5.));
#8779=CARTESIAN_POINT('',(14.0000002086163,-66.0000009834766,5.));
#8780=CARTESIAN_POINT('',(14.0000002086163,-64.0000009536743,5.));
#8781=CARTESIAN_POINT('Origin',(-4.00000005960464,-64.0000009536743,5.));
#8782=CARTESIAN_POINT('',(-4.00000005960464,-64.0000009536743,5.));
#8783=CARTESIAN_POINT('Origin',(-4.00000005960464,-66.0000009834766,5.));
#8784=CARTESIAN_POINT('',(-4.00000005960464,-66.0000009834766,5.));
#8785=CARTESIAN_POINT('Origin',(14.0000002086163,-66.0000009834766,5.));
#8786=CARTESIAN_POINT('Origin',(17.0000002533197,-66.0000009834766,5.));
#8787=CARTESIAN_POINT('',(17.0000002533197,-64.0000009536743,5.));
#8788=CARTESIAN_POINT('',(17.0000002533197,-66.0000009834766,5.));
#8789=CARTESIAN_POINT('Origin',(35.0000001812075,-66.0000009834766,5.));
#8790=CARTESIAN_POINT('',(35.,-66.0000009834766,2.5));
#8791=CARTESIAN_POINT('Origin',(17.0000002533197,-64.0000009536743,5.));
#8792=CARTESIAN_POINT('',(35.,-64.0000009536743,2.5));
#8793=CARTESIAN_POINT('Origin',(-25.000000372529,-64.0000009536743,5.));
#8794=CARTESIAN_POINT('',(-7.00000010430813,-64.0000009536743,5.));
#8795=CARTESIAN_POINT('',(-25.,-64.0000009536743,2.5));
#8796=CARTESIAN_POINT('Origin',(-7.00000010430813,-66.0000009834766,5.));
#8797=CARTESIAN_POINT('',(-25.,-66.0000009834766,2.5));
#8798=CARTESIAN_POINT('',(-7.00000010430813,-66.0000009834766,5.));
#8799=CARTESIAN_POINT('Origin',(-7.00000010430813,-64.0000009536743,5.));
#8800=CARTESIAN_POINT('Origin',(-25.000000372529,-72.0000010728836,5.));
#8801=CARTESIAN_POINT('',(-7.00000010430813,-72.0000010728836,5.));
#8802=CARTESIAN_POINT('',(-25.,-72.0000010728836,2.5));
#8803=CARTESIAN_POINT('Origin',(-7.00000010430813,-74.0000011026859,5.));
#8804=CARTESIAN_POINT('',(-25.,-74.0000011026859,2.5));
#8805=CARTESIAN_POINT('',(-7.00000010430813,-74.0000011026859,5.));
#8806=CARTESIAN_POINT('Origin',(-7.00000010430813,-72.0000010728836,5.));
#8807=CARTESIAN_POINT('Origin',(13.9999999403954,-48.0000006548457,5.));
#8808=CARTESIAN_POINT('',(13.9999999471076,-50.0000006548457,5.));
#8809=CARTESIAN_POINT('',(13.9999999403954,-48.0000006548457,5.));
#8810=CARTESIAN_POINT('Origin',(-4.00000005960464,-48.0000007152557,5.));
#8811=CARTESIAN_POINT('',(-4.00000005960464,-48.0000007152557,5.));
#8812=CARTESIAN_POINT('Origin',(-4.00000005289241,-50.0000007152557,5.));
#8813=CARTESIAN_POINT('',(-4.00000005289241,-50.0000007152557,5.));
#8814=CARTESIAN_POINT('Origin',(13.9999999471076,-50.0000006548457,5.));
#8815=CARTESIAN_POINT('Origin',(14.0000002086163,-88.0000013113022,5.));
#8816=CARTESIAN_POINT('',(14.0000002086163,-90.0000013411045,5.));
#8817=CARTESIAN_POINT('',(14.0000002086163,-88.0000013113022,5.));
#8818=CARTESIAN_POINT('Origin',(-4.00000005960464,-88.0000013113022,5.));
#8819=CARTESIAN_POINT('',(-4.00000005960464,-88.0000013113022,5.));
#8820=CARTESIAN_POINT('Origin',(-4.00000005960464,-90.0000013411045,5.));
#8821=CARTESIAN_POINT('',(-4.00000005960464,-90.0000013411045,5.));
#8822=CARTESIAN_POINT('Origin',(14.0000002086163,-90.0000013411045,5.));
#8823=CARTESIAN_POINT('Origin',(14.0000002086163,-72.0000010728836,5.));
#8824=CARTESIAN_POINT('',(14.0000002086163,-74.0000011026859,5.));
#8825=CARTESIAN_POINT('',(14.0000002086163,-72.0000010728836,5.));
#8826=CARTESIAN_POINT('Origin',(-4.00000005960464,-72.0000010728836,5.));
#8827=CARTESIAN_POINT('',(-4.00000005960464,-72.0000010728836,5.));
#8828=CARTESIAN_POINT('Origin',(-4.00000005960464,-74.0000011026859,5.));
#8829=CARTESIAN_POINT('',(-4.00000005960464,-74.0000011026859,5.));
#8830=CARTESIAN_POINT('Origin',(14.0000002086163,-74.0000011026859,5.));
#8831=CARTESIAN_POINT('Origin',(-25.000000372529,-40.0000005960464,5.));
#8832=CARTESIAN_POINT('',(-7.00000037252903,-40.0000005356364,5.));
#8833=CARTESIAN_POINT('',(-25.,-40.0000005960464,2.5));
#8834=CARTESIAN_POINT('Origin',(-7.0000003658168,-42.0000005356364,5.));
#8835=CARTESIAN_POINT('',(-25.,-42.0000005960464,2.5));
#8836=CARTESIAN_POINT('',(-7.0000003658168,-42.0000005356364,5.));
#8837=CARTESIAN_POINT('Origin',(-7.00000037252903,-40.0000005356364,5.));
#8838=CARTESIAN_POINT('Origin',(32.9999996572733,-60.0000008940697,5.));
#8839=CARTESIAN_POINT('',(32.9999996572733,-62.000000923872,5.));
#8840=CARTESIAN_POINT('',(32.9999996572733,-60.0000008940697,5.));
#8841=CARTESIAN_POINT('Origin',(-23.0000003427267,-60.0000008940697,5.));
#8842=CARTESIAN_POINT('',(-23.0000003427267,-60.0000008940697,5.));
#8843=CARTESIAN_POINT('Origin',(-23.0000003427267,-62.000000923872,5.));
#8844=CARTESIAN_POINT('',(-23.0000003427267,-62.000000923872,5.));
#8845=CARTESIAN_POINT('Origin',(32.9999996572733,-62.000000923872,5.));
#8846=CARTESIAN_POINT('Origin',(-25.000000372529,-56.000000834465,5.));
#8847=CARTESIAN_POINT('',(-7.00000037252903,-56.000000834465,5.));
#8848=CARTESIAN_POINT('',(-25.,-56.000000834465,2.5));
#8849=CARTESIAN_POINT('Origin',(-7.00000037252903,-58.000000834465,5.));
#8850=CARTESIAN_POINT('',(-25.,-58.000000834465,2.5));
#8851=CARTESIAN_POINT('',(-7.00000037252903,-58.000000834465,5.));
#8852=CARTESIAN_POINT('Origin',(-7.00000037252903,-56.000000834465,5.));
#8853=CARTESIAN_POINT('Origin',(14.0000002086163,-80.0000011920929,5.));
#8854=CARTESIAN_POINT('',(14.0000002086163,-82.0000012218952,5.));
#8855=CARTESIAN_POINT('',(14.0000002086163,-80.0000011920929,5.));
#8856=CARTESIAN_POINT('Origin',(-4.00000005960464,-80.0000011920929,5.));
#8857=CARTESIAN_POINT('',(-4.00000005960464,-80.0000011920929,5.));
#8858=CARTESIAN_POINT('Origin',(-4.00000005960464,-82.0000012218952,5.));
#8859=CARTESIAN_POINT('',(-4.00000005960464,-82.0000012218952,5.));
#8860=CARTESIAN_POINT('Origin',(14.0000002086163,-82.0000012218952,5.));
#8861=CARTESIAN_POINT('Origin',(13.9999999403954,-40.0000005960464,5.));
#8862=CARTESIAN_POINT('',(13.9999999403954,-42.0000006258488,5.));
#8863=CARTESIAN_POINT('',(13.9999999403954,-40.0000005960464,5.));
#8864=CARTESIAN_POINT('Origin',(-4.00000005960464,-40.0000005960464,5.));
#8865=CARTESIAN_POINT('',(-4.00000005960464,-40.0000005960464,5.));
#8866=CARTESIAN_POINT('Origin',(-4.00000005960464,-42.0000006258488,5.));
#8867=CARTESIAN_POINT('',(-4.00000005960464,-42.0000006258488,5.));
#8868=CARTESIAN_POINT('Origin',(13.9999999403954,-42.0000006258488,5.));
#8869=CARTESIAN_POINT('Origin',(17.0000002533197,-82.0000012218952,5.));
#8870=CARTESIAN_POINT('',(17.0000002533197,-80.0000011920929,5.));
#8871=CARTESIAN_POINT('',(17.0000002533197,-82.0000012218952,5.));
#8872=CARTESIAN_POINT('Origin',(35.0000005215406,-82.0000012218952,5.));
#8873=CARTESIAN_POINT('',(35.,-82.0000012218952,2.5));
#8874=CARTESIAN_POINT('Origin',(17.0000002533197,-80.0000011920929,5.));
#8875=CARTESIAN_POINT('',(35.,-80.0000011920929,2.5));
#8876=CARTESIAN_POINT('Origin',(-7.00000010430813,-88.0000013113022,5.));
#8877=CARTESIAN_POINT('',(-7.00000010430813,-90.0000013411045,5.));
#8878=CARTESIAN_POINT('',(-7.00000010430813,-88.0000013113022,5.));
#8879=CARTESIAN_POINT('Origin',(-25.000000372529,-88.0000013113022,5.));
#8880=CARTESIAN_POINT('',(-25.,-88.0000013113022,2.5));
#8881=CARTESIAN_POINT('Origin',(-7.00000010430813,-90.0000013411045,5.));
#8882=CARTESIAN_POINT('',(-25.,-90.0000013411045,2.5));
#8883=CARTESIAN_POINT('Origin',(32.9999996572733,-68.000001013279,5.));
#8884=CARTESIAN_POINT('',(32.9999996572733,-70.0000010430813,5.));
#8885=CARTESIAN_POINT('',(32.9999996572733,-68.000001013279,5.));
#8886=CARTESIAN_POINT('Origin',(-23.0000003427267,-68.000001013279,5.));
#8887=CARTESIAN_POINT('',(-23.0000003427267,-68.000001013279,5.));
#8888=CARTESIAN_POINT('Origin',(-23.0000003427267,-70.0000010430813,5.));
#8889=CARTESIAN_POINT('',(-23.0000003427267,-70.0000010430813,5.));
#8890=CARTESIAN_POINT('Origin',(32.9999996572733,-70.0000010430813,5.));
#8891=CARTESIAN_POINT('Origin',(17.0000002533197,-74.0000011026859,5.));
#8892=CARTESIAN_POINT('',(17.0000002533197,-72.0000010728836,5.));
#8893=CARTESIAN_POINT('',(17.0000002533197,-74.0000011026859,5.));
#8894=CARTESIAN_POINT('Origin',(35.0000005215406,-74.0000011026859,5.));
#8895=CARTESIAN_POINT('',(35.,-74.0000011026859,2.5));
#8896=CARTESIAN_POINT('Origin',(17.0000002533197,-72.0000010728836,5.));
#8897=CARTESIAN_POINT('',(35.,-72.0000010728836,2.5));
#8898=CARTESIAN_POINT('Origin',(-25.000000372529,-80.0000011920929,5.));
#8899=CARTESIAN_POINT('',(-7.00000037252902,-80.0000011920929,5.));
#8900=CARTESIAN_POINT('',(-25.,-80.0000011920929,2.5));
#8901=CARTESIAN_POINT('Origin',(-7.00000037252902,-82.0000012218952,5.));
#8902=CARTESIAN_POINT('',(-25.,-82.0000012218952,2.5));
#8903=CARTESIAN_POINT('',(-7.00000037252902,-82.0000012218952,5.));
#8904=CARTESIAN_POINT('Origin',(-7.00000037252902,-80.0000011920929,5.));
#8905=CARTESIAN_POINT('Origin',(17.0000002533197,-90.0000013411045,5.));
#8906=CARTESIAN_POINT('',(17.0000002533197,-88.0000013113022,5.));
#8907=CARTESIAN_POINT('',(17.0000002533197,-90.0000013411045,5.));
#8908=CARTESIAN_POINT('Origin',(35.0000005215406,-90.0000013411045,5.));
#8909=CARTESIAN_POINT('',(35.,-90.0000013411045,2.5));
#8910=CARTESIAN_POINT('Origin',(17.0000002533197,-88.0000013113022,5.));
#8911=CARTESIAN_POINT('',(35.,-88.0000013113022,2.5));
#8912=CARTESIAN_POINT('Origin',(32.9999996572733,-44.0000004677086,5.));
#8913=CARTESIAN_POINT('',(32.9999996648967,-46.2714997254758,5.));
#8914=CARTESIAN_POINT('',(32.9999996572733,-44.0000004677086,5.));
#8915=CARTESIAN_POINT('Origin',(-23.0000003427267,-44.0000006556511,5.));
#8916=CARTESIAN_POINT('',(-23.0000003427267,-44.0000006556511,5.));
#8917=CARTESIAN_POINT('Origin',(-23.0000003351033,-46.2714999134183,5.));
#8918=CARTESIAN_POINT('',(-23.0000003351033,-46.2714999134183,5.));
#8919=CARTESIAN_POINT('Origin',(32.9999996648967,-46.2714997254758,5.));
#8920=CARTESIAN_POINT('Origin',(32.9999996572733,-84.0000012516975,5.));
#8921=CARTESIAN_POINT('',(32.9999996572733,-86.0000012814999,5.));
#8922=CARTESIAN_POINT('',(32.9999996572733,-84.0000012516975,5.));
#8923=CARTESIAN_POINT('Origin',(-23.0000003427267,-84.0000012516975,5.));
#8924=CARTESIAN_POINT('',(-23.0000003427267,-84.0000012516975,5.));
#8925=CARTESIAN_POINT('Origin',(-23.0000003427267,-86.0000012814999,5.));
#8926=CARTESIAN_POINT('',(-23.0000003427267,-86.0000012814999,5.));
#8927=CARTESIAN_POINT('Origin',(32.9999996572733,-86.0000012814999,5.));
#8928=CARTESIAN_POINT('Origin',(-7.00000010430813,-48.0000007152557,5.));
#8929=CARTESIAN_POINT('',(-7.00000010430813,-50.0000007450581,5.));
#8930=CARTESIAN_POINT('',(-7.00000010430813,-48.0000007152557,5.));
#8931=CARTESIAN_POINT('Origin',(-25.000000372529,-48.0000007152557,5.));
#8932=CARTESIAN_POINT('',(-25.,-48.0000007152557,2.5));
#8933=CARTESIAN_POINT('Origin',(-7.00000010430813,-50.0000007450581,5.));
#8934=CARTESIAN_POINT('',(-25.,-50.0000007450581,2.5));
#8935=CARTESIAN_POINT('Origin',(17.0000002533197,-42.0000006258488,5.));
#8936=CARTESIAN_POINT('',(17.0000002533197,-40.0000005960464,5.));
#8937=CARTESIAN_POINT('',(17.0000002533197,-42.0000006258488,5.));
#8938=CARTESIAN_POINT('Origin',(35.0000002533197,-42.0000006258488,5.));
#8939=CARTESIAN_POINT('',(35.,-42.0000006258488,2.5));
#8940=CARTESIAN_POINT('Origin',(17.0000002533197,-40.0000005960464,5.));
#8941=CARTESIAN_POINT('',(35.,-40.0000005960464,2.5));
#8942=CARTESIAN_POINT('Origin',(13.9999999403954,-56.000000834465,5.));
#8943=CARTESIAN_POINT('',(13.9999999403954,-58.000000834465,5.));
#8944=CARTESIAN_POINT('',(13.9999999403954,-56.000000834465,5.));
#8945=CARTESIAN_POINT('Origin',(-4.00000005960464,-56.000000834465,5.));
#8946=CARTESIAN_POINT('',(-4.00000005960464,-56.000000834465,5.));
#8947=CARTESIAN_POINT('Origin',(-4.00000005960464,-58.000000834465,5.));
#8948=CARTESIAN_POINT('',(-4.00000005960464,-58.000000834465,5.));
#8949=CARTESIAN_POINT('Origin',(13.9999999403954,-58.000000834465,5.));
#8950=CARTESIAN_POINT('Origin',(-25.,25.,0.));
#8951=CARTESIAN_POINT('',(-25.,-34.0000005066395,2.5));
#8952=CARTESIAN_POINT('Origin',(-25.,25.,0.));
#8953=CARTESIAN_POINT('Origin',(-25.,25.,0.));
#8954=CARTESIAN_POINT('Origin',(-25.,25.,0.));
#8955=CARTESIAN_POINT('Origin',(-25.,25.,0.));
#8956=CARTESIAN_POINT('Origin',(-25.,25.,0.));
#8957=CARTESIAN_POINT('Origin',(-25.,25.,0.));
#8958=CARTESIAN_POINT('Origin',(-25.,25.,0.));
#8959=CARTESIAN_POINT('Origin',(35.,-145.,0.));
#8960=CARTESIAN_POINT('',(35.,-34.0000004768372,2.5));
#8961=CARTESIAN_POINT('Origin',(35.,-145.,0.));
#8962=CARTESIAN_POINT('Origin',(35.,-145.,0.));
#8963=CARTESIAN_POINT('Origin',(35.,-145.,0.));
#8964=CARTESIAN_POINT('Origin',(35.,-145.,0.));
#8965=CARTESIAN_POINT('Origin',(35.,-145.,0.));
#8966=CARTESIAN_POINT('Origin',(35.,-145.,0.));
#8967=CARTESIAN_POINT('Origin',(-25.000000372529,-16.0000002384186,5.));
#8968=CARTESIAN_POINT('',(-7.00000037252903,-16.0000002384186,5.));
#8969=CARTESIAN_POINT('',(-25.,-16.0000002384186,2.5));
#8970=CARTESIAN_POINT('Origin',(-7.00000037252903,-18.0000002384186,5.));
#8971=CARTESIAN_POINT('',(-25.,-18.0000002384186,2.5));
#8972=CARTESIAN_POINT('',(-7.00000037252903,-18.0000002384186,5.));
#8973=CARTESIAN_POINT('Origin',(-7.00000037252903,-16.0000002384186,5.));
#8974=CARTESIAN_POINT('Origin',(17.0000002533197,-26.0000003576279,5.));
#8975=CARTESIAN_POINT('',(17.0000002533197,-24.0000003576279,5.));
#8976=CARTESIAN_POINT('',(17.0000002533197,-26.0000003576279,5.));
#8977=CARTESIAN_POINT('Origin',(35.0000002533197,-26.0000003576279,5.));
#8978=CARTESIAN_POINT('',(35.,-26.0000003576279,2.5));
#8979=CARTESIAN_POINT('Origin',(17.0000002533197,-24.0000003576279,5.));
#8980=CARTESIAN_POINT('',(35.,-24.0000003576279,2.5));
#8981=CARTESIAN_POINT('Origin',(17.0000002533197,6.00000008940697,5.));
#8982=CARTESIAN_POINT('',(17.0000002533197,8.00000011920929,5.));
#8983=CARTESIAN_POINT('',(17.0000002533197,6.00000008940697,5.));
#8984=CARTESIAN_POINT('Origin',(35.0000002533197,6.00000008940697,5.));
#8985=CARTESIAN_POINT('',(35.,6.00000008940697,2.5));
#8986=CARTESIAN_POINT('Origin',(17.0000002533197,8.00000011920929,5.));
#8987=CARTESIAN_POINT('',(35.,8.00000011920929,2.5));
#8988=CARTESIAN_POINT('Origin',(32.9999996572733,-28.0000004172325,5.));
#8989=CARTESIAN_POINT('',(32.9999996572733,-30.0000004172325,5.));
#8990=CARTESIAN_POINT('',(32.9999996572733,-28.0000004172325,5.));
#8991=CARTESIAN_POINT('Origin',(-23.0000003427267,-28.0000004172325,5.));
#8992=CARTESIAN_POINT('',(-23.0000003427267,-28.0000004172325,5.));
#8993=CARTESIAN_POINT('Origin',(-23.0000003427267,-30.0000004172325,5.));
#8994=CARTESIAN_POINT('',(-23.0000003427267,-30.0000004172325,5.));
#8995=CARTESIAN_POINT('Origin',(32.9999996572733,-30.0000004172325,5.));
#8996=CARTESIAN_POINT('Origin',(32.9999996572733,-12.0000001788139,5.));
#8997=CARTESIAN_POINT('',(32.9999996572733,-14.0000002086163,5.));
#8998=CARTESIAN_POINT('',(32.9999996572733,-12.0000001788139,5.));
#8999=CARTESIAN_POINT('Origin',(-23.0000003427267,-12.0000001788139,5.));
#9000=CARTESIAN_POINT('',(-23.0000003427267,-12.0000001788139,5.));
#9001=CARTESIAN_POINT('Origin',(-23.0000003427267,-14.0000002086163,5.));
#9002=CARTESIAN_POINT('',(-23.0000003427267,-14.0000002086163,5.));
#9003=CARTESIAN_POINT('Origin',(32.9999996572733,-14.0000002086163,5.));
#9004=CARTESIAN_POINT('Origin',(32.9999996572733,4.00000005960464,5.));
#9005=CARTESIAN_POINT('',(32.9999996572733,2.00000002980232,5.));
#9006=CARTESIAN_POINT('',(32.9999996572733,4.00000005960464,5.));
#9007=CARTESIAN_POINT('Origin',(-23.0000003427267,4.00000005960464,5.));
#9008=CARTESIAN_POINT('',(-23.0000003427267,4.00000005960464,5.));
#9009=CARTESIAN_POINT('Origin',(-23.0000003427267,2.00000002980232,5.));
#9010=CARTESIAN_POINT('',(-23.0000003427267,2.00000002980232,5.));
#9011=CARTESIAN_POINT('Origin',(32.9999996572733,2.00000002980232,5.));
#9012=CARTESIAN_POINT('Origin',(-25.000000372529,8.00000011920929,5.));
#9013=CARTESIAN_POINT('',(-7.00000037252903,8.00000011920929,5.));
#9014=CARTESIAN_POINT('',(-25.,8.00000011920929,2.5));
#9015=CARTESIAN_POINT('Origin',(-7.00000037252903,6.00000011920929,5.));
#9016=CARTESIAN_POINT('',(-25.,6.00000011920929,2.5));
#9017=CARTESIAN_POINT('',(-7.00000037252903,6.00000011920929,5.));
#9018=CARTESIAN_POINT('Origin',(-7.00000037252903,8.00000011920929,5.));
#9019=CARTESIAN_POINT('Origin',(32.9999996572733,-36.0000005364418,5.));
#9020=CARTESIAN_POINT('',(32.9999996572733,-38.0000005662441,5.));
#9021=CARTESIAN_POINT('',(32.9999996572733,-36.0000005364418,5.));
#9022=CARTESIAN_POINT('Origin',(-23.0000003427267,-36.0000005364418,5.));
#9023=CARTESIAN_POINT('',(-23.0000003427267,-36.0000005364418,5.));
#9024=CARTESIAN_POINT('Origin',(-23.0000003427267,-38.0000005662441,5.));
#9025=CARTESIAN_POINT('',(-23.0000003427267,-38.0000005662441,5.));
#9026=CARTESIAN_POINT('Origin',(32.9999996572733,-38.0000005662441,5.));
#9027=CARTESIAN_POINT('Origin',(13.9999999403954,0.,5.));
#9028=CARTESIAN_POINT('',(13.9999999403954,-2.,5.));
#9029=CARTESIAN_POINT('',(13.9999999403954,0.,5.));
#9030=CARTESIAN_POINT('Origin',(-4.00000005960464,0.,5.));
#9031=CARTESIAN_POINT('',(-4.00000005960464,0.,5.));
#9032=CARTESIAN_POINT('Origin',(-4.00000005960464,-2.,5.));
#9033=CARTESIAN_POINT('',(-4.00000005960464,-2.,5.));
#9034=CARTESIAN_POINT('Origin',(13.9999999403954,-2.,5.));
#9035=CARTESIAN_POINT('Origin',(13.9999999403954,-16.0000002384186,5.));
#9036=CARTESIAN_POINT('',(13.9999999403954,-18.0000002384186,5.));
#9037=CARTESIAN_POINT('',(13.9999999403954,-16.0000002384186,5.));
#9038=CARTESIAN_POINT('Origin',(-4.00000005960464,-16.0000002384186,5.));
#9039=CARTESIAN_POINT('',(-4.00000005960464,-16.0000002384186,5.));
#9040=CARTESIAN_POINT('Origin',(-4.00000005960464,-18.0000002384186,5.));
#9041=CARTESIAN_POINT('',(-4.00000005960464,-18.0000002384186,5.));
#9042=CARTESIAN_POINT('Origin',(13.9999999403954,-18.0000002384186,5.));
#9043=CARTESIAN_POINT('Origin',(13.9999999403954,-32.0000004768372,5.));
#9044=CARTESIAN_POINT('',(13.9999999403954,-34.0000004768372,5.));
#9045=CARTESIAN_POINT('',(13.9999999403954,-32.0000004768372,5.));
#9046=CARTESIAN_POINT('Origin',(-4.00000005960464,-32.0000004768372,5.));
#9047=CARTESIAN_POINT('',(-4.00000005960464,-32.0000004768372,5.));
#9048=CARTESIAN_POINT('Origin',(-4.00000005960464,-34.0000004768372,5.));
#9049=CARTESIAN_POINT('',(-4.00000005960464,-34.0000004768372,5.));
#9050=CARTESIAN_POINT('Origin',(13.9999999403954,-34.0000004768372,5.));
#9051=CARTESIAN_POINT('Origin',(17.0000002533197,-2.00000002980232,5.));
#9052=CARTESIAN_POINT('',(17.0000002533197,0.,5.));
#9053=CARTESIAN_POINT('',(17.0000002533197,-2.00000002980232,5.));
#9054=CARTESIAN_POINT('Origin',(35.0000005215406,-2.00000002980232,5.));
#9055=CARTESIAN_POINT('',(35.,-2.00000002980232,2.5));
#9056=CARTESIAN_POINT('Origin',(17.0000002533197,0.,5.));
#9057=CARTESIAN_POINT('',(35.,0.,2.5));
#9058=CARTESIAN_POINT('Origin',(17.0000002533197,-34.0000004768372,5.));
#9059=CARTESIAN_POINT('',(17.0000002533197,-32.0000004768372,5.));
#9060=CARTESIAN_POINT('',(17.0000002533197,-34.0000004768372,5.));
#9061=CARTESIAN_POINT('Origin',(35.0000002533197,-34.0000004768372,5.));
#9062=CARTESIAN_POINT('Origin',(17.0000002533197,-32.0000004768372,5.));
#9063=CARTESIAN_POINT('',(35.,-32.0000004768372,2.5));
#9064=CARTESIAN_POINT('Origin',(-25.000000372529,-8.00000011920929,5.));
#9065=CARTESIAN_POINT('',(-7.00000037252903,-8.00000011920929,5.));
#9066=CARTESIAN_POINT('',(-25.,-8.00000011920929,2.5));
#9067=CARTESIAN_POINT('Origin',(-7.00000037252903,-10.0000001490116,5.));
#9068=CARTESIAN_POINT('',(-25.,-10.0000001490116,2.5));
#9069=CARTESIAN_POINT('',(-7.00000037252903,-10.0000001490116,5.));
#9070=CARTESIAN_POINT('Origin',(-7.00000037252903,-8.00000011920929,5.));
#9071=CARTESIAN_POINT('Origin',(-25.000000372529,-24.0000003576279,5.));
#9072=CARTESIAN_POINT('',(-7.00000037252903,-24.0000003576279,5.));
#9073=CARTESIAN_POINT('',(-25.,-24.0000003576279,2.5));
#9074=CARTESIAN_POINT('Origin',(-7.00000037252903,-26.0000003576279,5.));
#9075=CARTESIAN_POINT('',(-25.,-26.0000003576279,2.5));
#9076=CARTESIAN_POINT('',(-7.00000037252903,-26.0000003576279,5.));
#9077=CARTESIAN_POINT('Origin',(-7.00000037252903,-24.0000003576279,5.));
#9078=CARTESIAN_POINT('Origin',(17.0000002533197,-18.0000002384186,5.));
#9079=CARTESIAN_POINT('',(17.0000002533197,-16.0000002384186,5.));
#9080=CARTESIAN_POINT('',(17.0000002533197,-18.0000002384186,5.));
#9081=CARTESIAN_POINT('Origin',(35.0000002533197,-18.0000002384186,5.));
#9082=CARTESIAN_POINT('',(35.,-18.0000002384186,2.5));
#9083=CARTESIAN_POINT('Origin',(17.0000002533197,-16.0000002384186,5.));
#9084=CARTESIAN_POINT('',(35.,-16.0000002384186,2.5));
#9085=CARTESIAN_POINT('Origin',(17.0000002533197,14.0000002086163,5.));
#9086=CARTESIAN_POINT('',(17.0000002533197,16.0000002384186,5.));
#9087=CARTESIAN_POINT('',(17.0000002533197,14.0000002086163,5.));
#9088=CARTESIAN_POINT('Origin',(35.0000002533197,14.0000002086163,5.));
#9089=CARTESIAN_POINT('',(35.,14.0000002086163,2.5));
#9090=CARTESIAN_POINT('Origin',(17.0000002533197,16.0000002384186,5.));
#9091=CARTESIAN_POINT('',(35.,16.0000002384186,2.5));
#9092=CARTESIAN_POINT('Origin',(13.9999999403954,-24.0000003576279,5.));
#9093=CARTESIAN_POINT('',(13.9999999403954,-26.0000003576279,5.));
#9094=CARTESIAN_POINT('',(13.9999999403954,-24.0000003576279,5.));
#9095=CARTESIAN_POINT('Origin',(-4.00000005960464,-24.0000003576279,5.));
#9096=CARTESIAN_POINT('',(-4.00000005960464,-24.0000003576279,5.));
#9097=CARTESIAN_POINT('Origin',(-4.00000005960464,-26.0000003576279,5.));
#9098=CARTESIAN_POINT('',(-4.00000005960464,-26.0000003576279,5.));
#9099=CARTESIAN_POINT('Origin',(13.9999999403954,-26.0000003576279,5.));
#9100=CARTESIAN_POINT('Origin',(13.9999999403954,-8.00000011920929,5.));
#9101=CARTESIAN_POINT('',(13.9999999403954,-10.0000001192093,5.));
#9102=CARTESIAN_POINT('',(13.9999999403954,-8.00000011920929,5.));
#9103=CARTESIAN_POINT('Origin',(-4.00000005960464,-8.00000011920929,5.));
#9104=CARTESIAN_POINT('',(-4.00000005960464,-8.00000011920929,5.));
#9105=CARTESIAN_POINT('Origin',(-4.00000005960464,-10.0000001192093,5.));
#9106=CARTESIAN_POINT('',(-4.00000005960464,-10.0000001192093,5.));
#9107=CARTESIAN_POINT('Origin',(13.9999999403954,-10.0000001192093,5.));
#9108=CARTESIAN_POINT('Origin',(13.9999999403954,8.00000011920929,5.));
#9109=CARTESIAN_POINT('',(13.9999999403954,6.00000008940697,5.));
#9110=CARTESIAN_POINT('',(13.9999999403954,8.00000011920929,5.));
#9111=CARTESIAN_POINT('Origin',(-4.00000005960464,8.00000011920929,5.));
#9112=CARTESIAN_POINT('',(-4.00000005960464,8.00000011920929,5.));
#9113=CARTESIAN_POINT('Origin',(-4.00000005960464,6.00000008940697,5.));
#9114=CARTESIAN_POINT('',(-4.00000005960464,6.00000008940697,5.));
#9115=CARTESIAN_POINT('Origin',(13.9999999403954,6.00000008940697,5.));
#9116=CARTESIAN_POINT('Origin',(13.9999999403954,16.0000002384186,5.));
#9117=CARTESIAN_POINT('',(13.9999999403954,14.0000002086163,5.));
#9118=CARTESIAN_POINT('',(13.9999999403954,16.0000002384186,5.));
#9119=CARTESIAN_POINT('Origin',(-4.00000005960464,16.0000002384186,5.));
#9120=CARTESIAN_POINT('',(-4.00000005960464,16.0000002384186,5.));
#9121=CARTESIAN_POINT('Origin',(-4.00000005960464,14.0000002086163,5.));
#9122=CARTESIAN_POINT('',(-4.00000005960464,14.0000002086163,5.));
#9123=CARTESIAN_POINT('Origin',(13.9999999403954,14.0000002086163,5.));
#9124=CARTESIAN_POINT('Origin',(32.9999996572733,12.0000001788139,5.));
#9125=CARTESIAN_POINT('',(32.9999996572733,10.0000001788139,5.));
#9126=CARTESIAN_POINT('',(32.9999996572733,12.0000001788139,5.));
#9127=CARTESIAN_POINT('Origin',(-23.0000003427267,12.0000001788139,5.));
#9128=CARTESIAN_POINT('',(-23.0000003427267,12.0000001788139,5.));
#9129=CARTESIAN_POINT('Origin',(-23.0000003427267,10.0000001788139,5.));
#9130=CARTESIAN_POINT('',(-23.0000003427267,10.0000001788139,5.));
#9131=CARTESIAN_POINT('Origin',(32.9999996572733,10.0000001788139,5.));
#9132=CARTESIAN_POINT('Origin',(32.9999996572733,-4.00000005960464,5.));
#9133=CARTESIAN_POINT('',(32.9999996572733,-6.00000005960464,5.));
#9134=CARTESIAN_POINT('',(32.9999996572733,-4.00000005960464,5.));
#9135=CARTESIAN_POINT('Origin',(-23.0000003427267,-4.00000005960464,5.));
#9136=CARTESIAN_POINT('',(-23.0000003427267,-4.00000005960464,5.));
#9137=CARTESIAN_POINT('Origin',(-23.0000003427267,-6.00000005960464,5.));
#9138=CARTESIAN_POINT('',(-23.0000003427267,-6.00000005960464,5.));
#9139=CARTESIAN_POINT('Origin',(32.9999996572733,-6.00000005960464,5.));
#9140=CARTESIAN_POINT('Origin',(32.9999996572733,-20.0000002980232,5.));
#9141=CARTESIAN_POINT('',(32.9999996572733,-22.0000002980232,5.));
#9142=CARTESIAN_POINT('',(32.9999996572733,-20.0000002980232,5.));
#9143=CARTESIAN_POINT('Origin',(-23.0000003427267,-20.0000002980232,5.));
#9144=CARTESIAN_POINT('',(-23.0000003427267,-20.0000002980232,5.));
#9145=CARTESIAN_POINT('Origin',(-23.0000003427267,-22.0000002980232,5.));
#9146=CARTESIAN_POINT('',(-23.0000003427267,-22.0000002980232,5.));
#9147=CARTESIAN_POINT('Origin',(32.9999996572733,-22.0000002980232,5.));
#9148=CARTESIAN_POINT('Origin',(-25.000000372529,16.0000002384186,5.));
#9149=CARTESIAN_POINT('',(-7.00000037252903,16.0000002785714,5.));
#9150=CARTESIAN_POINT('',(-25.,16.0000002384186,2.5));
#9151=CARTESIAN_POINT('Origin',(-7.00000036806761,14.0000002785714,5.));
#9152=CARTESIAN_POINT('',(-25.,14.0000002384186,2.5));
#9153=CARTESIAN_POINT('',(-7.00000036806761,14.0000002785714,5.));
#9154=CARTESIAN_POINT('Origin',(-7.00000037252903,16.0000002785714,5.));
#9155=CARTESIAN_POINT('Origin',(17.0000002533197,-10.0000001192093,5.));
#9156=CARTESIAN_POINT('',(17.0000002533197,-8.00000011920929,5.));
#9157=CARTESIAN_POINT('',(17.0000002533197,-10.0000001192093,5.));
#9158=CARTESIAN_POINT('Origin',(35.0000002533197,-10.0000001192093,5.));
#9159=CARTESIAN_POINT('',(35.,-10.0000001192093,2.5));
#9160=CARTESIAN_POINT('Origin',(17.0000002533197,-8.00000011920929,5.));
#9161=CARTESIAN_POINT('',(35.,-8.00000011920929,2.5));
#9162=CARTESIAN_POINT('Origin',(-7.00000010430813,-32.0000004768372,5.));
#9163=CARTESIAN_POINT('',(-7.00000010430813,-34.0000005066395,5.));
#9164=CARTESIAN_POINT('',(-7.00000010430813,-32.0000004768372,5.));
#9165=CARTESIAN_POINT('Origin',(-25.000000372529,-32.0000004768372,5.));
#9166=CARTESIAN_POINT('',(-25.,-32.0000004768372,2.5));
#9167=CARTESIAN_POINT('Origin',(-7.00000010430813,-34.0000005066395,5.));
#9168=CARTESIAN_POINT('Origin',(-25.000000372529,0.,5.));
#9169=CARTESIAN_POINT('',(-7.00000037252903,0.,5.));
#9170=CARTESIAN_POINT('',(-25.,0.,2.5));
#9171=CARTESIAN_POINT('Origin',(-7.00000037252903,-2.,5.));
#9172=CARTESIAN_POINT('',(-25.,-2.,2.5));
#9173=CARTESIAN_POINT('',(-7.00000037252903,-2.,5.));
#9174=CARTESIAN_POINT('Origin',(-7.00000037252903,0.,5.));
#9175=CARTESIAN_POINT('Origin',(35.,-145.,0.));
#9176=CARTESIAN_POINT('',(35.,22.0000003576279,2.5));
#9177=CARTESIAN_POINT('Origin',(35.,-145.,0.));
#9178=CARTESIAN_POINT('Origin',(35.,-145.,0.));
#9179=CARTESIAN_POINT('Origin',(35.,-145.,0.));
#9180=CARTESIAN_POINT('Origin',(35.,-145.,0.));
#9181=CARTESIAN_POINT('Origin',(35.,-145.,0.));
#9182=CARTESIAN_POINT('Origin',(35.,-145.,0.));
#9183=CARTESIAN_POINT('Origin',(-25.,25.,0.));
#9184=CARTESIAN_POINT('',(-25.,22.0000003576279,2.5));
#9185=CARTESIAN_POINT('Origin',(-25.,25.,0.));
#9186=CARTESIAN_POINT('Origin',(-25.,25.,0.));
#9187=CARTESIAN_POINT('Origin',(-25.,25.,0.));
#9188=CARTESIAN_POINT('Origin',(-25.,25.,0.));
#9189=CARTESIAN_POINT('Origin',(-25.,25.,0.));
#9190=CARTESIAN_POINT('Origin',(-25.,25.,0.));
#9191=CARTESIAN_POINT('Origin',(13.9999999403954,22.0000003576279,5.));
#9192=CARTESIAN_POINT('',(-4.00000005960464,22.0000003576279,5.));
#9193=CARTESIAN_POINT('',(13.9999999403954,22.0000003576279,5.));
#9194=CARTESIAN_POINT('Origin',(13.9999999403954,24.0000003576279,5.));
#9195=CARTESIAN_POINT('',(13.9999999403954,24.0000003576279,5.));
#9196=CARTESIAN_POINT('Origin',(-4.00000005960464,24.0000003576279,5.));
#9197=CARTESIAN_POINT('',(-4.00000005960464,24.0000003576279,5.));
#9198=CARTESIAN_POINT('Origin',(-4.00000005960464,22.0000003576279,5.));
#9199=CARTESIAN_POINT('Origin',(17.0000002533197,22.0000003576279,5.));
#9200=CARTESIAN_POINT('',(17.0000002533197,24.0000003576279,5.));
#9201=CARTESIAN_POINT('',(17.0000002533197,22.0000003576279,5.));
#9202=CARTESIAN_POINT('Origin',(35.0000002533197,22.0000003576279,5.));
#9203=CARTESIAN_POINT('Origin',(17.0000002533197,24.0000003576279,5.));
#9204=CARTESIAN_POINT('Origin',(-25.000000372529,24.0000003576279,5.));
#9205=CARTESIAN_POINT('',(-7.00000037252903,24.0000003576279,5.));
#9206=CARTESIAN_POINT('',(-25.,24.0000003576279,2.5));
#9207=CARTESIAN_POINT('Origin',(-7.00000037252903,22.0000003576279,5.));
#9208=CARTESIAN_POINT('',(-7.00000037252903,22.0000003576279,5.));
#9209=CARTESIAN_POINT('Origin',(-7.00000037252903,24.0000003576279,5.));
#9210=CARTESIAN_POINT('Origin',(35.,-145.,0.));
#9211=CARTESIAN_POINT('Origin',(-25.,25.,0.));
#9212=CARTESIAN_POINT('Origin',(32.9999996572733,20.0000002980232,5.));
#9213=CARTESIAN_POINT('',(32.9999996572733,18.0000002980232,5.));
#9214=CARTESIAN_POINT('',(32.9999996572733,20.0000002980232,5.));
#9215=CARTESIAN_POINT('Origin',(-23.0000003427267,20.0000002980232,5.));
#9216=CARTESIAN_POINT('',(-23.0000003427267,20.0000002980232,5.));
#9217=CARTESIAN_POINT('Origin',(-23.0000003427267,18.0000002980232,5.));
#9218=CARTESIAN_POINT('',(-23.0000003427267,18.0000002980232,5.));
#9219=CARTESIAN_POINT('Origin',(32.9999996572733,18.0000002980232,5.));
#9220=UNCERTAINTY_MEASURE_WITH_UNIT(LENGTH_MEASURE(0.01),#9224,
'DISTANCE_ACCURACY_VALUE',
'Maximum model space distance between geometric entities at asserted c
onnectivities');
#9221=UNCERTAINTY_MEASURE_WITH_UNIT(LENGTH_MEASURE(0.01),#9224,
'DISTANCE_ACCURACY_VALUE',
'Maximum model space distance between geometric entities at asserted c
onnectivities');
#9222=(
GEOMETRIC_REPRESENTATION_CONTEXT(3)
GLOBAL_UNCERTAINTY_ASSIGNED_CONTEXT((#9220))
GLOBAL_UNIT_ASSIGNED_CONTEXT((#9224,#9226,#9227))
REPRESENTATION_CONTEXT('','3D')
);
#9223=(
GEOMETRIC_REPRESENTATION_CONTEXT(3)
GLOBAL_UNCERTAINTY_ASSIGNED_CONTEXT((#9221))
GLOBAL_UNIT_ASSIGNED_CONTEXT((#9224,#9226,#9227))
REPRESENTATION_CONTEXT('','3D')
);
#9224=(
LENGTH_UNIT()
NAMED_UNIT(*)
SI_UNIT(.MILLI.,.METRE.)
);
#9225=(
LENGTH_UNIT()
NAMED_UNIT(*)
SI_UNIT($,.METRE.)
);
#9226=(
NAMED_UNIT(*)
PLANE_ANGLE_UNIT()
SI_UNIT($,.RADIAN.)
);
#9227=(
NAMED_UNIT(*)
SI_UNIT($,.STERADIAN.)
SOLID_ANGLE_UNIT()
);
#9228=SHAPE_DEFINITION_REPRESENTATION(#9229,#9230);
#9229=PRODUCT_DEFINITION_SHAPE('',$,#9232);
#9230=SHAPE_REPRESENTATION('',(#5916),#9222);
#9231=PRODUCT_DEFINITION_CONTEXT('part definition',#9236,'design');
#9232=PRODUCT_DEFINITION('(Unsaved)','(Unsaved)',#9233,#9231);
#9233=PRODUCT_DEFINITION_FORMATION('',$,#9238);
#9234=PRODUCT_RELATED_PRODUCT_CATEGORY('(Unsaved)','(Unsaved)',(#9238));
#9235=APPLICATION_PROTOCOL_DEFINITION('international standard',
'automotive_design',2009,#9236);
#9236=APPLICATION_CONTEXT(
'Core Data for Automotive Mechanical Design Process');
#9237=PRODUCT_CONTEXT('part definition',#9236,'mechanical');
#9238=PRODUCT('(Unsaved)','(Unsaved)',$,(#9237));
#9239=PRESENTATION_STYLE_ASSIGNMENT((#9240));
#9240=SURFACE_STYLE_USAGE(.BOTH.,#9241);
#9241=SURFACE_SIDE_STYLE('',(#9242));
#9242=SURFACE_STYLE_FILL_AREA(#9243);
#9243=FILL_AREA_STYLE('Steel - Satin',(#9244));
#9244=FILL_AREA_STYLE_COLOUR('Steel - Satin',#9245);
#9245=COLOUR_RGB('Steel - Satin',0.627450980392157,0.627450980392157,0.627450980392157);
ENDSEC;
END-ISO-10303-21;
