ISO-10303-21;
HEADER;
/* Generated by software containing ST-Developer
 * from STEP Tools, Inc. (www.steptools.com) 
 */

FILE_DESCRIPTION(
/* description */ (''),
/* implementation_level */ '2;1');

FILE_NAME(
/* name */ 'base_comp13.step',
/* time_stamp */ '2026-07-02T14:42:47+05:30',
/* author */ (''),
/* organization */ (''),
/* preprocessor_version */ 'ST-DEVELOPER v20.1',
/* originating_system */ 'Autodesk Translation Framework v15.8.0.0',
/* authorisation */ '');

FILE_SCHEMA (('AUTOMOTIVE_DESIGN { 1 0 10303 214 3 1 1 }'));
ENDSEC;

DATA;
#10=MECHANICAL_DESIGN_GEOMETRIC_PRESENTATION_REPRESENTATION('',(#13),#4935);
#11=SHAPE_REPRESENTATION_RELATIONSHIP('SRR','None',#4942,#12);
#12=ADVANCED_BREP_SHAPE_REPRESENTATION('',(#14),#4934);
#13=STYLED_ITEM('',(#4951),#14);
#14=MANIFOLD_SOLID_BREP('Body1',#3151);
#15=CIRCLE('',#3167,4.);
#16=CIRCLE('',#3168,4.);
#17=CIRCLE('',#3169,4.);
#18=CIRCLE('',#3170,4.);
#19=CYLINDRICAL_SURFACE('',#3166,4.);
#20=FACE_BOUND('',#203,.T.);
#21=FACE_BOUND('',#204,.T.);
#22=FACE_BOUND('',#205,.T.);
#23=FACE_BOUND('',#206,.T.);
#24=FACE_BOUND('',#207,.T.);
#25=FACE_BOUND('',#208,.T.);
#26=FACE_BOUND('',#209,.T.);
#27=FACE_BOUND('',#210,.T.);
#28=FACE_BOUND('',#211,.T.);
#29=FACE_BOUND('',#212,.T.);
#30=FACE_BOUND('',#213,.T.);
#31=FACE_BOUND('',#214,.T.);
#32=FACE_BOUND('',#215,.T.);
#33=FACE_BOUND('',#216,.T.);
#34=FACE_BOUND('',#217,.T.);
#35=FACE_BOUND('',#218,.T.);
#36=FACE_BOUND('',#219,.T.);
#37=FACE_BOUND('',#220,.T.);
#38=FACE_BOUND('',#224,.T.);
#39=FACE_BOUND('',#225,.T.);
#40=FACE_BOUND('',#226,.T.);
#41=FACE_BOUND('',#227,.T.);
#42=FACE_BOUND('',#228,.T.);
#43=FACE_BOUND('',#229,.T.);
#44=FACE_BOUND('',#230,.T.);
#45=FACE_BOUND('',#231,.T.);
#46=FACE_BOUND('',#232,.T.);
#47=FACE_BOUND('',#233,.T.);
#48=FACE_BOUND('',#234,.T.);
#49=FACE_BOUND('',#235,.T.);
#50=FACE_BOUND('',#236,.T.);
#51=FACE_BOUND('',#237,.T.);
#52=FACE_BOUND('',#238,.T.);
#53=FACE_BOUND('',#239,.T.);
#54=FACE_BOUND('',#241,.T.);
#55=FACE_OUTER_BOUND('',#202,.T.);
#56=FACE_OUTER_BOUND('',#221,.T.);
#57=FACE_OUTER_BOUND('',#222,.T.);
#58=FACE_OUTER_BOUND('',#223,.T.);
#59=FACE_OUTER_BOUND('',#240,.T.);
#60=FACE_OUTER_BOUND('',#242,.T.);
#61=FACE_OUTER_BOUND('',#243,.T.);
#62=FACE_OUTER_BOUND('',#244,.T.);
#63=FACE_OUTER_BOUND('',#245,.T.);
#64=FACE_OUTER_BOUND('',#246,.T.);
#65=FACE_OUTER_BOUND('',#247,.T.);
#66=FACE_OUTER_BOUND('',#248,.T.);
#67=FACE_OUTER_BOUND('',#249,.T.);
#68=FACE_OUTER_BOUND('',#250,.T.);
#69=FACE_OUTER_BOUND('',#251,.T.);
#70=FACE_OUTER_BOUND('',#252,.T.);
#71=FACE_OUTER_BOUND('',#253,.T.);
#72=FACE_OUTER_BOUND('',#254,.T.);
#73=FACE_OUTER_BOUND('',#255,.T.);
#74=FACE_OUTER_BOUND('',#256,.T.);
#75=FACE_OUTER_BOUND('',#257,.T.);
#76=FACE_OUTER_BOUND('',#258,.T.);
#77=FACE_OUTER_BOUND('',#259,.T.);
#78=FACE_OUTER_BOUND('',#260,.T.);
#79=FACE_OUTER_BOUND('',#261,.T.);
#80=FACE_OUTER_BOUND('',#262,.T.);
#81=FACE_OUTER_BOUND('',#263,.T.);
#82=FACE_OUTER_BOUND('',#264,.T.);
#83=FACE_OUTER_BOUND('',#265,.T.);
#84=FACE_OUTER_BOUND('',#266,.T.);
#85=FACE_OUTER_BOUND('',#267,.T.);
#86=FACE_OUTER_BOUND('',#268,.T.);
#87=FACE_OUTER_BOUND('',#269,.T.);
#88=FACE_OUTER_BOUND('',#270,.T.);
#89=FACE_OUTER_BOUND('',#271,.T.);
#90=FACE_OUTER_BOUND('',#272,.T.);
#91=FACE_OUTER_BOUND('',#273,.T.);
#92=FACE_OUTER_BOUND('',#274,.T.);
#93=FACE_OUTER_BOUND('',#275,.T.);
#94=FACE_OUTER_BOUND('',#276,.T.);
#95=FACE_OUTER_BOUND('',#277,.T.);
#96=FACE_OUTER_BOUND('',#278,.T.);
#97=FACE_OUTER_BOUND('',#279,.T.);
#98=FACE_OUTER_BOUND('',#280,.T.);
#99=FACE_OUTER_BOUND('',#281,.T.);
#100=FACE_OUTER_BOUND('',#282,.T.);
#101=FACE_OUTER_BOUND('',#283,.T.);
#102=FACE_OUTER_BOUND('',#284,.T.);
#103=FACE_OUTER_BOUND('',#285,.T.);
#104=FACE_OUTER_BOUND('',#286,.T.);
#105=FACE_OUTER_BOUND('',#287,.T.);
#106=FACE_OUTER_BOUND('',#288,.T.);
#107=FACE_OUTER_BOUND('',#289,.T.);
#108=FACE_OUTER_BOUND('',#290,.T.);
#109=FACE_OUTER_BOUND('',#291,.T.);
#110=FACE_OUTER_BOUND('',#292,.T.);
#111=FACE_OUTER_BOUND('',#293,.T.);
#112=FACE_OUTER_BOUND('',#294,.T.);
#113=FACE_OUTER_BOUND('',#295,.T.);
#114=FACE_OUTER_BOUND('',#296,.T.);
#115=FACE_OUTER_BOUND('',#297,.T.);
#116=FACE_OUTER_BOUND('',#298,.T.);
#117=FACE_OUTER_BOUND('',#299,.T.);
#118=FACE_OUTER_BOUND('',#300,.T.);
#119=FACE_OUTER_BOUND('',#301,.T.);
#120=FACE_OUTER_BOUND('',#302,.T.);
#121=FACE_OUTER_BOUND('',#303,.T.);
#122=FACE_OUTER_BOUND('',#304,.T.);
#123=FACE_OUTER_BOUND('',#305,.T.);
#124=FACE_OUTER_BOUND('',#306,.T.);
#125=FACE_OUTER_BOUND('',#307,.T.);
#126=FACE_OUTER_BOUND('',#308,.T.);
#127=FACE_OUTER_BOUND('',#309,.T.);
#128=FACE_OUTER_BOUND('',#310,.T.);
#129=FACE_OUTER_BOUND('',#311,.T.);
#130=FACE_OUTER_BOUND('',#312,.T.);
#131=FACE_OUTER_BOUND('',#313,.T.);
#132=FACE_OUTER_BOUND('',#314,.T.);
#133=FACE_OUTER_BOUND('',#315,.T.);
#134=FACE_OUTER_BOUND('',#316,.T.);
#135=FACE_OUTER_BOUND('',#317,.T.);
#136=FACE_OUTER_BOUND('',#318,.T.);
#137=FACE_OUTER_BOUND('',#319,.T.);
#138=FACE_OUTER_BOUND('',#320,.T.);
#139=FACE_OUTER_BOUND('',#321,.T.);
#140=FACE_OUTER_BOUND('',#322,.T.);
#141=FACE_OUTER_BOUND('',#323,.T.);
#142=FACE_OUTER_BOUND('',#324,.T.);
#143=FACE_OUTER_BOUND('',#325,.T.);
#144=FACE_OUTER_BOUND('',#326,.T.);
#145=FACE_OUTER_BOUND('',#327,.T.);
#146=FACE_OUTER_BOUND('',#328,.T.);
#147=FACE_OUTER_BOUND('',#329,.T.);
#148=FACE_OUTER_BOUND('',#330,.T.);
#149=FACE_OUTER_BOUND('',#331,.T.);
#150=FACE_OUTER_BOUND('',#332,.T.);
#151=FACE_OUTER_BOUND('',#333,.T.);
#152=FACE_OUTER_BOUND('',#334,.T.);
#153=FACE_OUTER_BOUND('',#335,.T.);
#154=FACE_OUTER_BOUND('',#336,.T.);
#155=FACE_OUTER_BOUND('',#337,.T.);
#156=FACE_OUTER_BOUND('',#338,.T.);
#157=FACE_OUTER_BOUND('',#339,.T.);
#158=FACE_OUTER_BOUND('',#340,.T.);
#159=FACE_OUTER_BOUND('',#341,.T.);
#160=FACE_OUTER_BOUND('',#342,.T.);
#161=FACE_OUTER_BOUND('',#343,.T.);
#162=FACE_OUTER_BOUND('',#344,.T.);
#163=FACE_OUTER_BOUND('',#345,.T.);
#164=FACE_OUTER_BOUND('',#346,.T.);
#165=FACE_OUTER_BOUND('',#347,.T.);
#166=FACE_OUTER_BOUND('',#348,.T.);
#167=FACE_OUTER_BOUND('',#349,.T.);
#168=FACE_OUTER_BOUND('',#350,.T.);
#169=FACE_OUTER_BOUND('',#351,.T.);
#170=FACE_OUTER_BOUND('',#352,.T.);
#171=FACE_OUTER_BOUND('',#353,.T.);
#172=FACE_OUTER_BOUND('',#354,.T.);
#173=FACE_OUTER_BOUND('',#355,.T.);
#174=FACE_OUTER_BOUND('',#356,.T.);
#175=FACE_OUTER_BOUND('',#357,.T.);
#176=FACE_OUTER_BOUND('',#358,.T.);
#177=FACE_OUTER_BOUND('',#359,.T.);
#178=FACE_OUTER_BOUND('',#360,.T.);
#179=FACE_OUTER_BOUND('',#361,.T.);
#180=FACE_OUTER_BOUND('',#362,.T.);
#181=FACE_OUTER_BOUND('',#363,.T.);
#182=FACE_OUTER_BOUND('',#364,.T.);
#183=FACE_OUTER_BOUND('',#365,.T.);
#184=FACE_OUTER_BOUND('',#366,.T.);
#185=FACE_OUTER_BOUND('',#367,.T.);
#186=FACE_OUTER_BOUND('',#368,.T.);
#187=FACE_OUTER_BOUND('',#369,.T.);
#188=FACE_OUTER_BOUND('',#370,.T.);
#189=FACE_OUTER_BOUND('',#371,.T.);
#190=FACE_OUTER_BOUND('',#372,.T.);
#191=FACE_OUTER_BOUND('',#373,.T.);
#192=FACE_OUTER_BOUND('',#374,.T.);
#193=FACE_OUTER_BOUND('',#375,.T.);
#194=FACE_OUTER_BOUND('',#376,.T.);
#195=FACE_OUTER_BOUND('',#377,.T.);
#196=FACE_OUTER_BOUND('',#378,.T.);
#197=FACE_OUTER_BOUND('',#379,.T.);
#198=FACE_OUTER_BOUND('',#380,.T.);
#199=FACE_OUTER_BOUND('',#381,.T.);
#200=FACE_OUTER_BOUND('',#382,.T.);
#201=FACE_OUTER_BOUND('',#383,.T.);
#202=EDGE_LOOP('',(#1982,#1983,#1984,#1985,#1986,#1987,#1988,#1989,#1990,
#1991,#1992,#1993,#1994,#1995,#1996,#1997,#1998,#1999,#2000,#2001,#2002,
#2003,#2004,#2005,#2006,#2007,#2008,#2009,#2010,#2011,#2012,#2013,#2014,
#2015,#2016,#2017,#2018,#2019,#2020,#2021,#2022,#2023,#2024,#2025,#2026,
#2027,#2028,#2029,#2030,#2031,#2032,#2033,#2034,#2035,#2036,#2037,#2038,
#2039,#2040,#2041,#2042,#2043,#2044,#2045,#2046,#2047,#2048,#2049,#2050,
#2051,#2052,#2053));
#203=EDGE_LOOP('',(#2054,#2055,#2056,#2057));
#204=EDGE_LOOP('',(#2058,#2059,#2060,#2061));
#205=EDGE_LOOP('',(#2062,#2063,#2064,#2065));
#206=EDGE_LOOP('',(#2066,#2067,#2068,#2069));
#207=EDGE_LOOP('',(#2070,#2071,#2072,#2073));
#208=EDGE_LOOP('',(#2074,#2075,#2076,#2077));
#209=EDGE_LOOP('',(#2078,#2079,#2080,#2081));
#210=EDGE_LOOP('',(#2082,#2083,#2084,#2085));
#211=EDGE_LOOP('',(#2086,#2087,#2088,#2089));
#212=EDGE_LOOP('',(#2090,#2091,#2092,#2093));
#213=EDGE_LOOP('',(#2094,#2095,#2096,#2097));
#214=EDGE_LOOP('',(#2098,#2099,#2100,#2101));
#215=EDGE_LOOP('',(#2102,#2103,#2104,#2105));
#216=EDGE_LOOP('',(#2106,#2107,#2108,#2109));
#217=EDGE_LOOP('',(#2110,#2111,#2112,#2113));
#218=EDGE_LOOP('',(#2114,#2115,#2116,#2117));
#219=EDGE_LOOP('',(#2118,#2119,#2120,#2121));
#220=EDGE_LOOP('',(#2122,#2123,#2124,#2125));
#221=EDGE_LOOP('',(#2126,#2127,#2128,#2129,#2130,#2131,#2132,#2133));
#222=EDGE_LOOP('',(#2134,#2135,#2136,#2137,#2138,#2139,#2140,#2141));
#223=EDGE_LOOP('',(#2142,#2143,#2144,#2145,#2146,#2147,#2148,#2149,#2150,
#2151,#2152,#2153,#2154,#2155,#2156,#2157,#2158,#2159,#2160,#2161,#2162,
#2163,#2164,#2165,#2166,#2167,#2168,#2169,#2170,#2171,#2172,#2173,#2174,
#2175,#2176,#2177,#2178,#2179,#2180,#2181,#2182,#2183,#2184,#2185,#2186,
#2187,#2188,#2189,#2190,#2191,#2192,#2193,#2194,#2195,#2196,#2197,#2198,
#2199,#2200,#2201,#2202,#2203,#2204,#2205,#2206,#2207,#2208,#2209,#2210,
#2211,#2212,#2213));
#224=EDGE_LOOP('',(#2214,#2215,#2216,#2217));
#225=EDGE_LOOP('',(#2218,#2219,#2220,#2221));
#226=EDGE_LOOP('',(#2222,#2223,#2224,#2225));
#227=EDGE_LOOP('',(#2226,#2227,#2228,#2229));
#228=EDGE_LOOP('',(#2230,#2231,#2232,#2233));
#229=EDGE_LOOP('',(#2234,#2235,#2236,#2237));
#230=EDGE_LOOP('',(#2238,#2239,#2240,#2241));
#231=EDGE_LOOP('',(#2242,#2243,#2244,#2245));
#232=EDGE_LOOP('',(#2246,#2247,#2248,#2249));
#233=EDGE_LOOP('',(#2250,#2251,#2252,#2253));
#234=EDGE_LOOP('',(#2254,#2255,#2256,#2257));
#235=EDGE_LOOP('',(#2258,#2259,#2260,#2261));
#236=EDGE_LOOP('',(#2262,#2263,#2264,#2265));
#237=EDGE_LOOP('',(#2266,#2267,#2268,#2269));
#238=EDGE_LOOP('',(#2270,#2271,#2272,#2273));
#239=EDGE_LOOP('',(#2274,#2275,#2276,#2277));
#240=EDGE_LOOP('',(#2278,#2279,#2280,#2281));
#241=EDGE_LOOP('',(#2282,#2283,#2284,#2285));
#242=EDGE_LOOP('',(#2286,#2287,#2288,#2289));
#243=EDGE_LOOP('',(#2290,#2291,#2292,#2293));
#244=EDGE_LOOP('',(#2294,#2295,#2296,#2297));
#245=EDGE_LOOP('',(#2298,#2299,#2300,#2301));
#246=EDGE_LOOP('',(#2302,#2303,#2304,#2305));
#247=EDGE_LOOP('',(#2306,#2307,#2308,#2309));
#248=EDGE_LOOP('',(#2310,#2311,#2312,#2313));
#249=EDGE_LOOP('',(#2314,#2315,#2316,#2317));
#250=EDGE_LOOP('',(#2318,#2319,#2320,#2321));
#251=EDGE_LOOP('',(#2322,#2323,#2324,#2325));
#252=EDGE_LOOP('',(#2326,#2327,#2328,#2329));
#253=EDGE_LOOP('',(#2330,#2331,#2332,#2333));
#254=EDGE_LOOP('',(#2334,#2335,#2336,#2337));
#255=EDGE_LOOP('',(#2338,#2339,#2340,#2341));
#256=EDGE_LOOP('',(#2342,#2343,#2344,#2345));
#257=EDGE_LOOP('',(#2346,#2347,#2348,#2349));
#258=EDGE_LOOP('',(#2350,#2351,#2352,#2353));
#259=EDGE_LOOP('',(#2354,#2355,#2356,#2357));
#260=EDGE_LOOP('',(#2358,#2359,#2360,#2361));
#261=EDGE_LOOP('',(#2362,#2363,#2364,#2365));
#262=EDGE_LOOP('',(#2366,#2367,#2368,#2369));
#263=EDGE_LOOP('',(#2370,#2371,#2372,#2373));
#264=EDGE_LOOP('',(#2374,#2375,#2376,#2377,#2378));
#265=EDGE_LOOP('',(#2379,#2380,#2381,#2382));
#266=EDGE_LOOP('',(#2383,#2384,#2385,#2386,#2387));
#267=EDGE_LOOP('',(#2388,#2389,#2390,#2391));
#268=EDGE_LOOP('',(#2392,#2393,#2394,#2395,#2396));
#269=EDGE_LOOP('',(#2397,#2398,#2399,#2400,#2401));
#270=EDGE_LOOP('',(#2402,#2403,#2404,#2405));
#271=EDGE_LOOP('',(#2406,#2407,#2408,#2409));
#272=EDGE_LOOP('',(#2410,#2411,#2412,#2413));
#273=EDGE_LOOP('',(#2414,#2415,#2416,#2417));
#274=EDGE_LOOP('',(#2418,#2419,#2420,#2421));
#275=EDGE_LOOP('',(#2422,#2423,#2424,#2425));
#276=EDGE_LOOP('',(#2426,#2427,#2428,#2429));
#277=EDGE_LOOP('',(#2430,#2431,#2432,#2433));
#278=EDGE_LOOP('',(#2434,#2435,#2436,#2437));
#279=EDGE_LOOP('',(#2438,#2439,#2440,#2441));
#280=EDGE_LOOP('',(#2442,#2443,#2444,#2445));
#281=EDGE_LOOP('',(#2446,#2447,#2448,#2449));
#282=EDGE_LOOP('',(#2450,#2451,#2452,#2453));
#283=EDGE_LOOP('',(#2454,#2455,#2456,#2457));
#284=EDGE_LOOP('',(#2458,#2459,#2460,#2461));
#285=EDGE_LOOP('',(#2462,#2463,#2464,#2465));
#286=EDGE_LOOP('',(#2466,#2467,#2468,#2469));
#287=EDGE_LOOP('',(#2470,#2471,#2472,#2473));
#288=EDGE_LOOP('',(#2474,#2475,#2476,#2477));
#289=EDGE_LOOP('',(#2478,#2479,#2480,#2481));
#290=EDGE_LOOP('',(#2482,#2483,#2484,#2485));
#291=EDGE_LOOP('',(#2486,#2487,#2488,#2489));
#292=EDGE_LOOP('',(#2490,#2491,#2492,#2493));
#293=EDGE_LOOP('',(#2494,#2495,#2496,#2497));
#294=EDGE_LOOP('',(#2498,#2499,#2500,#2501));
#295=EDGE_LOOP('',(#2502,#2503,#2504,#2505));
#296=EDGE_LOOP('',(#2506,#2507,#2508,#2509));
#297=EDGE_LOOP('',(#2510,#2511,#2512,#2513));
#298=EDGE_LOOP('',(#2514,#2515,#2516,#2517));
#299=EDGE_LOOP('',(#2518,#2519,#2520,#2521));
#300=EDGE_LOOP('',(#2522,#2523,#2524,#2525));
#301=EDGE_LOOP('',(#2526,#2527,#2528,#2529));
#302=EDGE_LOOP('',(#2530,#2531,#2532,#2533));
#303=EDGE_LOOP('',(#2534,#2535,#2536,#2537));
#304=EDGE_LOOP('',(#2538,#2539,#2540,#2541));
#305=EDGE_LOOP('',(#2542,#2543,#2544,#2545));
#306=EDGE_LOOP('',(#2546,#2547,#2548,#2549));
#307=EDGE_LOOP('',(#2550,#2551,#2552,#2553));
#308=EDGE_LOOP('',(#2554,#2555,#2556,#2557));
#309=EDGE_LOOP('',(#2558,#2559,#2560,#2561));
#310=EDGE_LOOP('',(#2562,#2563,#2564,#2565));
#311=EDGE_LOOP('',(#2566,#2567,#2568,#2569));
#312=EDGE_LOOP('',(#2570,#2571,#2572,#2573));
#313=EDGE_LOOP('',(#2574,#2575,#2576,#2577));
#314=EDGE_LOOP('',(#2578,#2579,#2580,#2581));
#315=EDGE_LOOP('',(#2582,#2583,#2584,#2585));
#316=EDGE_LOOP('',(#2586,#2587,#2588,#2589));
#317=EDGE_LOOP('',(#2590,#2591,#2592,#2593));
#318=EDGE_LOOP('',(#2594,#2595,#2596,#2597));
#319=EDGE_LOOP('',(#2598,#2599,#2600,#2601));
#320=EDGE_LOOP('',(#2602,#2603,#2604,#2605));
#321=EDGE_LOOP('',(#2606,#2607,#2608,#2609));
#322=EDGE_LOOP('',(#2610,#2611,#2612,#2613));
#323=EDGE_LOOP('',(#2614,#2615,#2616,#2617));
#324=EDGE_LOOP('',(#2618,#2619,#2620,#2621));
#325=EDGE_LOOP('',(#2622,#2623,#2624,#2625));
#326=EDGE_LOOP('',(#2626,#2627,#2628,#2629));
#327=EDGE_LOOP('',(#2630,#2631,#2632,#2633));
#328=EDGE_LOOP('',(#2634,#2635,#2636,#2637));
#329=EDGE_LOOP('',(#2638,#2639,#2640,#2641));
#330=EDGE_LOOP('',(#2642,#2643,#2644,#2645));
#331=EDGE_LOOP('',(#2646,#2647,#2648,#2649));
#332=EDGE_LOOP('',(#2650,#2651,#2652,#2653));
#333=EDGE_LOOP('',(#2654,#2655,#2656,#2657));
#334=EDGE_LOOP('',(#2658,#2659,#2660,#2661));
#335=EDGE_LOOP('',(#2662,#2663,#2664,#2665));
#336=EDGE_LOOP('',(#2666,#2667,#2668,#2669));
#337=EDGE_LOOP('',(#2670,#2671,#2672,#2673));
#338=EDGE_LOOP('',(#2674,#2675,#2676,#2677));
#339=EDGE_LOOP('',(#2678,#2679,#2680,#2681));
#340=EDGE_LOOP('',(#2682,#2683,#2684,#2685));
#341=EDGE_LOOP('',(#2686,#2687,#2688,#2689));
#342=EDGE_LOOP('',(#2690,#2691,#2692,#2693));
#343=EDGE_LOOP('',(#2694,#2695,#2696,#2697));
#344=EDGE_LOOP('',(#2698,#2699,#2700,#2701));
#345=EDGE_LOOP('',(#2702,#2703,#2704,#2705));
#346=EDGE_LOOP('',(#2706,#2707,#2708,#2709));
#347=EDGE_LOOP('',(#2710,#2711,#2712,#2713));
#348=EDGE_LOOP('',(#2714,#2715,#2716,#2717));
#349=EDGE_LOOP('',(#2718,#2719,#2720,#2721));
#350=EDGE_LOOP('',(#2722,#2723,#2724,#2725));
#351=EDGE_LOOP('',(#2726,#2727,#2728,#2729));
#352=EDGE_LOOP('',(#2730,#2731,#2732,#2733));
#353=EDGE_LOOP('',(#2734,#2735,#2736,#2737));
#354=EDGE_LOOP('',(#2738,#2739,#2740,#2741));
#355=EDGE_LOOP('',(#2742,#2743,#2744,#2745));
#356=EDGE_LOOP('',(#2746,#2747,#2748,#2749));
#357=EDGE_LOOP('',(#2750,#2751,#2752,#2753));
#358=EDGE_LOOP('',(#2754,#2755,#2756,#2757));
#359=EDGE_LOOP('',(#2758,#2759,#2760,#2761));
#360=EDGE_LOOP('',(#2762,#2763,#2764,#2765));
#361=EDGE_LOOP('',(#2766,#2767,#2768,#2769));
#362=EDGE_LOOP('',(#2770,#2771,#2772,#2773));
#363=EDGE_LOOP('',(#2774,#2775,#2776,#2777));
#364=EDGE_LOOP('',(#2778,#2779,#2780,#2781));
#365=EDGE_LOOP('',(#2782,#2783,#2784,#2785));
#366=EDGE_LOOP('',(#2786,#2787,#2788,#2789));
#367=EDGE_LOOP('',(#2790,#2791,#2792,#2793));
#368=EDGE_LOOP('',(#2794,#2795,#2796,#2797));
#369=EDGE_LOOP('',(#2798,#2799,#2800,#2801));
#370=EDGE_LOOP('',(#2802,#2803,#2804,#2805));
#371=EDGE_LOOP('',(#2806,#2807,#2808,#2809));
#372=EDGE_LOOP('',(#2810,#2811,#2812,#2813));
#373=EDGE_LOOP('',(#2814,#2815,#2816,#2817));
#374=EDGE_LOOP('',(#2818,#2819,#2820,#2821));
#375=EDGE_LOOP('',(#2822,#2823,#2824,#2825));
#376=EDGE_LOOP('',(#2826,#2827,#2828,#2829));
#377=EDGE_LOOP('',(#2830,#2831,#2832,#2833));
#378=EDGE_LOOP('',(#2834,#2835,#2836,#2837));
#379=EDGE_LOOP('',(#2838,#2839,#2840,#2841));
#380=EDGE_LOOP('',(#2842,#2843,#2844,#2845));
#381=EDGE_LOOP('',(#2846,#2847,#2848,#2849));
#382=EDGE_LOOP('',(#2850,#2851,#2852,#2853));
#383=EDGE_LOOP('',(#2854,#2855,#2856,#2857));
#384=LINE('',#4058,#818);
#385=LINE('',#4060,#819);
#386=LINE('',#4062,#820);
#387=LINE('',#4064,#821);
#388=LINE('',#4066,#822);
#389=LINE('',#4068,#823);
#390=LINE('',#4070,#824);
#391=LINE('',#4072,#825);
#392=LINE('',#4074,#826);
#393=LINE('',#4076,#827);
#394=LINE('',#4078,#828);
#395=LINE('',#4080,#829);
#396=LINE('',#4082,#830);
#397=LINE('',#4084,#831);
#398=LINE('',#4086,#832);
#399=LINE('',#4088,#833);
#400=LINE('',#4090,#834);
#401=LINE('',#4092,#835);
#402=LINE('',#4094,#836);
#403=LINE('',#4096,#837);
#404=LINE('',#4098,#838);
#405=LINE('',#4100,#839);
#406=LINE('',#4102,#840);
#407=LINE('',#4104,#841);
#408=LINE('',#4106,#842);
#409=LINE('',#4108,#843);
#410=LINE('',#4110,#844);
#411=LINE('',#4112,#845);
#412=LINE('',#4114,#846);
#413=LINE('',#4116,#847);
#414=LINE('',#4118,#848);
#415=LINE('',#4120,#849);
#416=LINE('',#4122,#850);
#417=LINE('',#4124,#851);
#418=LINE('',#4126,#852);
#419=LINE('',#4128,#853);
#420=LINE('',#4130,#854);
#421=LINE('',#4132,#855);
#422=LINE('',#4134,#856);
#423=LINE('',#4136,#857);
#424=LINE('',#4138,#858);
#425=LINE('',#4140,#859);
#426=LINE('',#4142,#860);
#427=LINE('',#4144,#861);
#428=LINE('',#4146,#862);
#429=LINE('',#4148,#863);
#430=LINE('',#4150,#864);
#431=LINE('',#4152,#865);
#432=LINE('',#4154,#866);
#433=LINE('',#4156,#867);
#434=LINE('',#4158,#868);
#435=LINE('',#4160,#869);
#436=LINE('',#4162,#870);
#437=LINE('',#4164,#871);
#438=LINE('',#4166,#872);
#439=LINE('',#4168,#873);
#440=LINE('',#4170,#874);
#441=LINE('',#4172,#875);
#442=LINE('',#4174,#876);
#443=LINE('',#4176,#877);
#444=LINE('',#4178,#878);
#445=LINE('',#4180,#879);
#446=LINE('',#4182,#880);
#447=LINE('',#4184,#881);
#448=LINE('',#4186,#882);
#449=LINE('',#4188,#883);
#450=LINE('',#4190,#884);
#451=LINE('',#4192,#885);
#452=LINE('',#4194,#886);
#453=LINE('',#4196,#887);
#454=LINE('',#4198,#888);
#455=LINE('',#4199,#889);
#456=LINE('',#4202,#890);
#457=LINE('',#4204,#891);
#458=LINE('',#4206,#892);
#459=LINE('',#4207,#893);
#460=LINE('',#4210,#894);
#461=LINE('',#4212,#895);
#462=LINE('',#4214,#896);
#463=LINE('',#4215,#897);
#464=LINE('',#4218,#898);
#465=LINE('',#4220,#899);
#466=LINE('',#4222,#900);
#467=LINE('',#4223,#901);
#468=LINE('',#4226,#902);
#469=LINE('',#4228,#903);
#470=LINE('',#4230,#904);
#471=LINE('',#4231,#905);
#472=LINE('',#4234,#906);
#473=LINE('',#4236,#907);
#474=LINE('',#4238,#908);
#475=LINE('',#4239,#909);
#476=LINE('',#4242,#910);
#477=LINE('',#4244,#911);
#478=LINE('',#4246,#912);
#479=LINE('',#4247,#913);
#480=LINE('',#4250,#914);
#481=LINE('',#4252,#915);
#482=LINE('',#4254,#916);
#483=LINE('',#4255,#917);
#484=LINE('',#4258,#918);
#485=LINE('',#4260,#919);
#486=LINE('',#4262,#920);
#487=LINE('',#4263,#921);
#488=LINE('',#4266,#922);
#489=LINE('',#4268,#923);
#490=LINE('',#4270,#924);
#491=LINE('',#4271,#925);
#492=LINE('',#4274,#926);
#493=LINE('',#4276,#927);
#494=LINE('',#4278,#928);
#495=LINE('',#4279,#929);
#496=LINE('',#4282,#930);
#497=LINE('',#4284,#931);
#498=LINE('',#4286,#932);
#499=LINE('',#4287,#933);
#500=LINE('',#4290,#934);
#501=LINE('',#4292,#935);
#502=LINE('',#4294,#936);
#503=LINE('',#4295,#937);
#504=LINE('',#4298,#938);
#505=LINE('',#4300,#939);
#506=LINE('',#4302,#940);
#507=LINE('',#4303,#941);
#508=LINE('',#4306,#942);
#509=LINE('',#4308,#943);
#510=LINE('',#4310,#944);
#511=LINE('',#4311,#945);
#512=LINE('',#4314,#946);
#513=LINE('',#4316,#947);
#514=LINE('',#4318,#948);
#515=LINE('',#4319,#949);
#516=LINE('',#4322,#950);
#517=LINE('',#4324,#951);
#518=LINE('',#4326,#952);
#519=LINE('',#4327,#953);
#520=LINE('',#4330,#954);
#521=LINE('',#4332,#955);
#522=LINE('',#4334,#956);
#523=LINE('',#4335,#957);
#524=LINE('',#4338,#958);
#525=LINE('',#4340,#959);
#526=LINE('',#4342,#960);
#527=LINE('',#4343,#961);
#528=LINE('',#4349,#962);
#529=LINE('',#4353,#963);
#530=LINE('',#4357,#964);
#531=LINE('',#4360,#965);
#532=LINE('',#4362,#966);
#533=LINE('',#4363,#967);
#534=LINE('',#4365,#968);
#535=LINE('',#4367,#969);
#536=LINE('',#4368,#970);
#537=LINE('',#4372,#971);
#538=LINE('',#4374,#972);
#539=LINE('',#4376,#973);
#540=LINE('',#4378,#974);
#541=LINE('',#4380,#975);
#542=LINE('',#4382,#976);
#543=LINE('',#4384,#977);
#544=LINE('',#4386,#978);
#545=LINE('',#4388,#979);
#546=LINE('',#4390,#980);
#547=LINE('',#4392,#981);
#548=LINE('',#4394,#982);
#549=LINE('',#4396,#983);
#550=LINE('',#4398,#984);
#551=LINE('',#4400,#985);
#552=LINE('',#4402,#986);
#553=LINE('',#4404,#987);
#554=LINE('',#4406,#988);
#555=LINE('',#4408,#989);
#556=LINE('',#4410,#990);
#557=LINE('',#4412,#991);
#558=LINE('',#4414,#992);
#559=LINE('',#4416,#993);
#560=LINE('',#4418,#994);
#561=LINE('',#4420,#995);
#562=LINE('',#4422,#996);
#563=LINE('',#4424,#997);
#564=LINE('',#4426,#998);
#565=LINE('',#4428,#999);
#566=LINE('',#4430,#1000);
#567=LINE('',#4432,#1001);
#568=LINE('',#4434,#1002);
#569=LINE('',#4436,#1003);
#570=LINE('',#4437,#1004);
#571=LINE('',#4439,#1005);
#572=LINE('',#4441,#1006);
#573=LINE('',#4442,#1007);
#574=LINE('',#4444,#1008);
#575=LINE('',#4446,#1009);
#576=LINE('',#4448,#1010);
#577=LINE('',#4450,#1011);
#578=LINE('',#4452,#1012);
#579=LINE('',#4454,#1013);
#580=LINE('',#4456,#1014);
#581=LINE('',#4458,#1015);
#582=LINE('',#4460,#1016);
#583=LINE('',#4462,#1017);
#584=LINE('',#4464,#1018);
#585=LINE('',#4466,#1019);
#586=LINE('',#4468,#1020);
#587=LINE('',#4470,#1021);
#588=LINE('',#4472,#1022);
#589=LINE('',#4474,#1023);
#590=LINE('',#4476,#1024);
#591=LINE('',#4478,#1025);
#592=LINE('',#4480,#1026);
#593=LINE('',#4482,#1027);
#594=LINE('',#4484,#1028);
#595=LINE('',#4486,#1029);
#596=LINE('',#4488,#1030);
#597=LINE('',#4490,#1031);
#598=LINE('',#4492,#1032);
#599=LINE('',#4494,#1033);
#600=LINE('',#4496,#1034);
#601=LINE('',#4498,#1035);
#602=LINE('',#4500,#1036);
#603=LINE('',#4502,#1037);
#604=LINE('',#4504,#1038);
#605=LINE('',#4506,#1039);
#606=LINE('',#4507,#1040);
#607=LINE('',#4510,#1041);
#608=LINE('',#4512,#1042);
#609=LINE('',#4514,#1043);
#610=LINE('',#4515,#1044);
#611=LINE('',#4518,#1045);
#612=LINE('',#4520,#1046);
#613=LINE('',#4522,#1047);
#614=LINE('',#4523,#1048);
#615=LINE('',#4526,#1049);
#616=LINE('',#4528,#1050);
#617=LINE('',#4530,#1051);
#618=LINE('',#4531,#1052);
#619=LINE('',#4534,#1053);
#620=LINE('',#4536,#1054);
#621=LINE('',#4538,#1055);
#622=LINE('',#4539,#1056);
#623=LINE('',#4542,#1057);
#624=LINE('',#4544,#1058);
#625=LINE('',#4546,#1059);
#626=LINE('',#4547,#1060);
#627=LINE('',#4550,#1061);
#628=LINE('',#4552,#1062);
#629=LINE('',#4554,#1063);
#630=LINE('',#4555,#1064);
#631=LINE('',#4558,#1065);
#632=LINE('',#4560,#1066);
#633=LINE('',#4562,#1067);
#634=LINE('',#4563,#1068);
#635=LINE('',#4566,#1069);
#636=LINE('',#4568,#1070);
#637=LINE('',#4570,#1071);
#638=LINE('',#4571,#1072);
#639=LINE('',#4574,#1073);
#640=LINE('',#4576,#1074);
#641=LINE('',#4578,#1075);
#642=LINE('',#4579,#1076);
#643=LINE('',#4582,#1077);
#644=LINE('',#4584,#1078);
#645=LINE('',#4586,#1079);
#646=LINE('',#4587,#1080);
#647=LINE('',#4590,#1081);
#648=LINE('',#4592,#1082);
#649=LINE('',#4594,#1083);
#650=LINE('',#4595,#1084);
#651=LINE('',#4598,#1085);
#652=LINE('',#4600,#1086);
#653=LINE('',#4602,#1087);
#654=LINE('',#4603,#1088);
#655=LINE('',#4606,#1089);
#656=LINE('',#4608,#1090);
#657=LINE('',#4610,#1091);
#658=LINE('',#4611,#1092);
#659=LINE('',#4614,#1093);
#660=LINE('',#4616,#1094);
#661=LINE('',#4618,#1095);
#662=LINE('',#4619,#1096);
#663=LINE('',#4622,#1097);
#664=LINE('',#4624,#1098);
#665=LINE('',#4626,#1099);
#666=LINE('',#4627,#1100);
#667=LINE('',#4630,#1101);
#668=LINE('',#4632,#1102);
#669=LINE('',#4634,#1103);
#670=LINE('',#4635,#1104);
#671=LINE('',#4638,#1105);
#672=LINE('',#4640,#1106);
#673=LINE('',#4641,#1107);
#674=LINE('',#4644,#1108);
#675=LINE('',#4646,#1109);
#676=LINE('',#4648,#1110);
#677=LINE('',#4649,#1111);
#678=LINE('',#4651,#1112);
#679=LINE('',#4652,#1113);
#680=LINE('',#4654,#1114);
#681=LINE('',#4656,#1115);
#682=LINE('',#4657,#1116);
#683=LINE('',#4661,#1117);
#684=LINE('',#4664,#1118);
#685=LINE('',#4665,#1119);
#686=LINE('',#4667,#1120);
#687=LINE('',#4669,#1121);
#688=LINE('',#4671,#1122);
#689=LINE('',#4672,#1123);
#690=LINE('',#4674,#1124);
#691=LINE('',#4676,#1125);
#692=LINE('',#4678,#1126);
#693=LINE('',#4679,#1127);
#694=LINE('',#4681,#1128);
#695=LINE('',#4683,#1129);
#696=LINE('',#4686,#1130);
#697=LINE('',#4687,#1131);
#698=LINE('',#4689,#1132);
#699=LINE('',#4691,#1133);
#700=LINE('',#4694,#1134);
#701=LINE('',#4695,#1135);
#702=LINE('',#4697,#1136);
#703=LINE('',#4699,#1137);
#704=LINE('',#4702,#1138);
#705=LINE('',#4706,#1139);
#706=LINE('',#4707,#1140);
#707=LINE('',#4709,#1141);
#708=LINE('',#4710,#1142);
#709=LINE('',#4713,#1143);
#710=LINE('',#4714,#1144);
#711=LINE('',#4716,#1145);
#712=LINE('',#4718,#1146);
#713=LINE('',#4720,#1147);
#714=LINE('',#4721,#1148);
#715=LINE('',#4723,#1149);
#716=LINE('',#4725,#1150);
#717=LINE('',#4727,#1151);
#718=LINE('',#4728,#1152);
#719=LINE('',#4730,#1153);
#720=LINE('',#4732,#1154);
#721=LINE('',#4735,#1155);
#722=LINE('',#4736,#1156);
#723=LINE('',#4738,#1157);
#724=LINE('',#4740,#1158);
#725=LINE('',#4743,#1159);
#726=LINE('',#4744,#1160);
#727=LINE('',#4746,#1161);
#728=LINE('',#4748,#1162);
#729=LINE('',#4751,#1163);
#730=LINE('',#4752,#1164);
#731=LINE('',#4754,#1165);
#732=LINE('',#4755,#1166);
#733=LINE('',#4758,#1167);
#734=LINE('',#4759,#1168);
#735=LINE('',#4761,#1169);
#736=LINE('',#4763,#1170);
#737=LINE('',#4766,#1171);
#738=LINE('',#4767,#1172);
#739=LINE('',#4769,#1173);
#740=LINE('',#4771,#1174);
#741=LINE('',#4774,#1175);
#742=LINE('',#4775,#1176);
#743=LINE('',#4777,#1177);
#744=LINE('',#4779,#1178);
#745=LINE('',#4781,#1179);
#746=LINE('',#4782,#1180);
#747=LINE('',#4784,#1181);
#748=LINE('',#4785,#1182);
#749=LINE('',#4787,#1183);
#750=LINE('',#4788,#1184);
#751=LINE('',#4791,#1185);
#752=LINE('',#4792,#1186);
#753=LINE('',#4794,#1187);
#754=LINE('',#4795,#1188);
#755=LINE('',#4798,#1189);
#756=LINE('',#4799,#1190);
#757=LINE('',#4801,#1191);
#758=LINE('',#4803,#1192);
#759=LINE('',#4805,#1193);
#760=LINE('',#4806,#1194);
#761=LINE('',#4808,#1195);
#762=LINE('',#4810,#1196);
#763=LINE('',#4812,#1197);
#764=LINE('',#4813,#1198);
#765=LINE('',#4815,#1199);
#766=LINE('',#4817,#1200);
#767=LINE('',#4820,#1201);
#768=LINE('',#4821,#1202);
#769=LINE('',#4823,#1203);
#770=LINE('',#4825,#1204);
#771=LINE('',#4828,#1205);
#772=LINE('',#4829,#1206);
#773=LINE('',#4831,#1207);
#774=LINE('',#4833,#1208);
#775=LINE('',#4836,#1209);
#776=LINE('',#4837,#1210);
#777=LINE('',#4839,#1211);
#778=LINE('',#4841,#1212);
#779=LINE('',#4844,#1213);
#780=LINE('',#4845,#1214);
#781=LINE('',#4847,#1215);
#782=LINE('',#4849,#1216);
#783=LINE('',#4852,#1217);
#784=LINE('',#4853,#1218);
#785=LINE('',#4855,#1219);
#786=LINE('',#4857,#1220);
#787=LINE('',#4860,#1221);
#788=LINE('',#4861,#1222);
#789=LINE('',#4863,#1223);
#790=LINE('',#4865,#1224);
#791=LINE('',#4868,#1225);
#792=LINE('',#4869,#1226);
#793=LINE('',#4871,#1227);
#794=LINE('',#4872,#1228);
#795=LINE('',#4875,#1229);
#796=LINE('',#4876,#1230);
#797=LINE('',#4878,#1231);
#798=LINE('',#4880,#1232);
#799=LINE('',#4882,#1233);
#800=LINE('',#4883,#1234);
#801=LINE('',#4885,#1235);
#802=LINE('',#4886,#1236);
#803=LINE('',#4889,#1237);
#804=LINE('',#4896,#1238);
#805=LINE('',#4904,#1239);
#806=LINE('',#4905,#1240);
#807=LINE('',#4907,#1241);
#808=LINE('',#4909,#1242);
#809=LINE('',#4912,#1243);
#810=LINE('',#4913,#1244);
#811=LINE('',#4917,#1245);
#812=LINE('',#4918,#1246);
#813=LINE('',#4920,#1247);
#814=LINE('',#4925,#1248);
#815=LINE('',#4926,#1249);
#816=LINE('',#4928,#1250);
#817=LINE('',#4930,#1251);
#818=VECTOR('',#3320,10.);
#819=VECTOR('',#3321,10.);
#820=VECTOR('',#3322,10.);
#821=VECTOR('',#3323,10.);
#822=VECTOR('',#3324,10.);
#823=VECTOR('',#3325,10.);
#824=VECTOR('',#3326,10.);
#825=VECTOR('',#3327,10.);
#826=VECTOR('',#3328,10.);
#827=VECTOR('',#3329,10.);
#828=VECTOR('',#3330,10.);
#829=VECTOR('',#3331,10.);
#830=VECTOR('',#3332,10.);
#831=VECTOR('',#3333,10.);
#832=VECTOR('',#3334,10.);
#833=VECTOR('',#3335,10.);
#834=VECTOR('',#3336,10.);
#835=VECTOR('',#3337,10.);
#836=VECTOR('',#3338,10.);
#837=VECTOR('',#3339,10.);
#838=VECTOR('',#3340,10.);
#839=VECTOR('',#3341,10.);
#840=VECTOR('',#3342,10.);
#841=VECTOR('',#3343,10.);
#842=VECTOR('',#3344,10.);
#843=VECTOR('',#3345,10.);
#844=VECTOR('',#3346,10.);
#845=VECTOR('',#3347,10.);
#846=VECTOR('',#3348,10.);
#847=VECTOR('',#3349,10.);
#848=VECTOR('',#3350,10.);
#849=VECTOR('',#3351,10.);
#850=VECTOR('',#3352,10.);
#851=VECTOR('',#3353,10.);
#852=VECTOR('',#3354,10.);
#853=VECTOR('',#3355,10.);
#854=VECTOR('',#3356,10.);
#855=VECTOR('',#3357,10.);
#856=VECTOR('',#3358,10.);
#857=VECTOR('',#3359,10.);
#858=VECTOR('',#3360,10.);
#859=VECTOR('',#3361,10.);
#860=VECTOR('',#3362,10.);
#861=VECTOR('',#3363,10.);
#862=VECTOR('',#3364,10.);
#863=VECTOR('',#3365,10.);
#864=VECTOR('',#3366,10.);
#865=VECTOR('',#3367,10.);
#866=VECTOR('',#3368,10.);
#867=VECTOR('',#3369,10.);
#868=VECTOR('',#3370,10.);
#869=VECTOR('',#3371,10.);
#870=VECTOR('',#3372,10.);
#871=VECTOR('',#3373,10.);
#872=VECTOR('',#3374,10.);
#873=VECTOR('',#3375,10.);
#874=VECTOR('',#3376,10.);
#875=VECTOR('',#3377,10.);
#876=VECTOR('',#3378,10.);
#877=VECTOR('',#3379,10.);
#878=VECTOR('',#3380,10.);
#879=VECTOR('',#3381,10.);
#880=VECTOR('',#3382,10.);
#881=VECTOR('',#3383,10.);
#882=VECTOR('',#3384,10.);
#883=VECTOR('',#3385,10.);
#884=VECTOR('',#3386,10.);
#885=VECTOR('',#3387,10.);
#886=VECTOR('',#3388,10.);
#887=VECTOR('',#3389,10.);
#888=VECTOR('',#3390,10.);
#889=VECTOR('',#3391,10.);
#890=VECTOR('',#3392,10.);
#891=VECTOR('',#3393,10.);
#892=VECTOR('',#3394,10.);
#893=VECTOR('',#3395,10.);
#894=VECTOR('',#3396,10.);
#895=VECTOR('',#3397,10.);
#896=VECTOR('',#3398,10.);
#897=VECTOR('',#3399,10.);
#898=VECTOR('',#3400,10.);
#899=VECTOR('',#3401,10.);
#900=VECTOR('',#3402,10.);
#901=VECTOR('',#3403,10.);
#902=VECTOR('',#3404,10.);
#903=VECTOR('',#3405,10.);
#904=VECTOR('',#3406,10.);
#905=VECTOR('',#3407,10.);
#906=VECTOR('',#3408,10.);
#907=VECTOR('',#3409,10.);
#908=VECTOR('',#3410,10.);
#909=VECTOR('',#3411,10.);
#910=VECTOR('',#3412,10.);
#911=VECTOR('',#3413,10.);
#912=VECTOR('',#3414,10.);
#913=VECTOR('',#3415,10.);
#914=VECTOR('',#3416,10.);
#915=VECTOR('',#3417,10.);
#916=VECTOR('',#3418,10.);
#917=VECTOR('',#3419,10.);
#918=VECTOR('',#3420,10.);
#919=VECTOR('',#3421,10.);
#920=VECTOR('',#3422,10.);
#921=VECTOR('',#3423,10.);
#922=VECTOR('',#3424,10.);
#923=VECTOR('',#3425,10.);
#924=VECTOR('',#3426,10.);
#925=VECTOR('',#3427,10.);
#926=VECTOR('',#3428,10.);
#927=VECTOR('',#3429,10.);
#928=VECTOR('',#3430,10.);
#929=VECTOR('',#3431,10.);
#930=VECTOR('',#3432,10.);
#931=VECTOR('',#3433,10.);
#932=VECTOR('',#3434,10.);
#933=VECTOR('',#3435,10.);
#934=VECTOR('',#3436,10.);
#935=VECTOR('',#3437,10.);
#936=VECTOR('',#3438,10.);
#937=VECTOR('',#3439,10.);
#938=VECTOR('',#3440,10.);
#939=VECTOR('',#3441,10.);
#940=VECTOR('',#3442,10.);
#941=VECTOR('',#3443,10.);
#942=VECTOR('',#3444,10.);
#943=VECTOR('',#3445,10.);
#944=VECTOR('',#3446,10.);
#945=VECTOR('',#3447,10.);
#946=VECTOR('',#3448,10.);
#947=VECTOR('',#3449,10.);
#948=VECTOR('',#3450,10.);
#949=VECTOR('',#3451,10.);
#950=VECTOR('',#3452,10.);
#951=VECTOR('',#3453,10.);
#952=VECTOR('',#3454,10.);
#953=VECTOR('',#3455,10.);
#954=VECTOR('',#3456,10.);
#955=VECTOR('',#3457,10.);
#956=VECTOR('',#3458,10.);
#957=VECTOR('',#3459,10.);
#958=VECTOR('',#3460,10.);
#959=VECTOR('',#3461,10.);
#960=VECTOR('',#3462,10.);
#961=VECTOR('',#3463,10.);
#962=VECTOR('',#3468,10.);
#963=VECTOR('',#3471,10.);
#964=VECTOR('',#3474,10.);
#965=VECTOR('',#3477,10.);
#966=VECTOR('',#3480,10.);
#967=VECTOR('',#3481,10.);
#968=VECTOR('',#3482,10.);
#969=VECTOR('',#3483,10.);
#970=VECTOR('',#3484,10.);
#971=VECTOR('',#3487,10.);
#972=VECTOR('',#3488,10.);
#973=VECTOR('',#3489,10.);
#974=VECTOR('',#3490,10.);
#975=VECTOR('',#3491,10.);
#976=VECTOR('',#3492,10.);
#977=VECTOR('',#3493,10.);
#978=VECTOR('',#3494,10.);
#979=VECTOR('',#3495,10.);
#980=VECTOR('',#3496,10.);
#981=VECTOR('',#3497,10.);
#982=VECTOR('',#3498,10.);
#983=VECTOR('',#3499,10.);
#984=VECTOR('',#3500,10.);
#985=VECTOR('',#3501,10.);
#986=VECTOR('',#3502,10.);
#987=VECTOR('',#3503,10.);
#988=VECTOR('',#3504,10.);
#989=VECTOR('',#3505,10.);
#990=VECTOR('',#3506,10.);
#991=VECTOR('',#3507,10.);
#992=VECTOR('',#3508,10.);
#993=VECTOR('',#3509,10.);
#994=VECTOR('',#3510,10.);
#995=VECTOR('',#3511,10.);
#996=VECTOR('',#3512,10.);
#997=VECTOR('',#3513,10.);
#998=VECTOR('',#3514,10.);
#999=VECTOR('',#3515,10.);
#1000=VECTOR('',#3516,10.);
#1001=VECTOR('',#3517,10.);
#1002=VECTOR('',#3518,10.);
#1003=VECTOR('',#3519,10.);
#1004=VECTOR('',#3520,10.);
#1005=VECTOR('',#3521,10.);
#1006=VECTOR('',#3522,10.);
#1007=VECTOR('',#3523,10.);
#1008=VECTOR('',#3524,10.);
#1009=VECTOR('',#3525,10.);
#1010=VECTOR('',#3526,10.);
#1011=VECTOR('',#3527,10.);
#1012=VECTOR('',#3528,10.);
#1013=VECTOR('',#3529,10.);
#1014=VECTOR('',#3530,10.);
#1015=VECTOR('',#3531,10.);
#1016=VECTOR('',#3532,10.);
#1017=VECTOR('',#3533,10.);
#1018=VECTOR('',#3534,10.);
#1019=VECTOR('',#3535,10.);
#1020=VECTOR('',#3536,10.);
#1021=VECTOR('',#3537,10.);
#1022=VECTOR('',#3538,10.);
#1023=VECTOR('',#3539,10.);
#1024=VECTOR('',#3540,10.);
#1025=VECTOR('',#3541,10.);
#1026=VECTOR('',#3542,10.);
#1027=VECTOR('',#3543,10.);
#1028=VECTOR('',#3544,10.);
#1029=VECTOR('',#3545,10.);
#1030=VECTOR('',#3546,10.);
#1031=VECTOR('',#3547,10.);
#1032=VECTOR('',#3548,10.);
#1033=VECTOR('',#3549,10.);
#1034=VECTOR('',#3550,10.);
#1035=VECTOR('',#3551,10.);
#1036=VECTOR('',#3552,10.);
#1037=VECTOR('',#3553,10.);
#1038=VECTOR('',#3554,10.);
#1039=VECTOR('',#3555,10.);
#1040=VECTOR('',#3556,10.);
#1041=VECTOR('',#3557,10.);
#1042=VECTOR('',#3558,10.);
#1043=VECTOR('',#3559,10.);
#1044=VECTOR('',#3560,10.);
#1045=VECTOR('',#3561,10.);
#1046=VECTOR('',#3562,10.);
#1047=VECTOR('',#3563,10.);
#1048=VECTOR('',#3564,10.);
#1049=VECTOR('',#3565,10.);
#1050=VECTOR('',#3566,10.);
#1051=VECTOR('',#3567,10.);
#1052=VECTOR('',#3568,10.);
#1053=VECTOR('',#3569,10.);
#1054=VECTOR('',#3570,10.);
#1055=VECTOR('',#3571,10.);
#1056=VECTOR('',#3572,10.);
#1057=VECTOR('',#3573,10.);
#1058=VECTOR('',#3574,10.);
#1059=VECTOR('',#3575,10.);
#1060=VECTOR('',#3576,10.);
#1061=VECTOR('',#3577,10.);
#1062=VECTOR('',#3578,10.);
#1063=VECTOR('',#3579,10.);
#1064=VECTOR('',#3580,10.);
#1065=VECTOR('',#3581,10.);
#1066=VECTOR('',#3582,10.);
#1067=VECTOR('',#3583,10.);
#1068=VECTOR('',#3584,10.);
#1069=VECTOR('',#3585,10.);
#1070=VECTOR('',#3586,10.);
#1071=VECTOR('',#3587,10.);
#1072=VECTOR('',#3588,10.);
#1073=VECTOR('',#3589,10.);
#1074=VECTOR('',#3590,10.);
#1075=VECTOR('',#3591,10.);
#1076=VECTOR('',#3592,10.);
#1077=VECTOR('',#3593,10.);
#1078=VECTOR('',#3594,10.);
#1079=VECTOR('',#3595,10.);
#1080=VECTOR('',#3596,10.);
#1081=VECTOR('',#3597,10.);
#1082=VECTOR('',#3598,10.);
#1083=VECTOR('',#3599,10.);
#1084=VECTOR('',#3600,10.);
#1085=VECTOR('',#3601,10.);
#1086=VECTOR('',#3602,10.);
#1087=VECTOR('',#3603,10.);
#1088=VECTOR('',#3604,10.);
#1089=VECTOR('',#3605,10.);
#1090=VECTOR('',#3606,10.);
#1091=VECTOR('',#3607,10.);
#1092=VECTOR('',#3608,10.);
#1093=VECTOR('',#3609,10.);
#1094=VECTOR('',#3610,10.);
#1095=VECTOR('',#3611,10.);
#1096=VECTOR('',#3612,10.);
#1097=VECTOR('',#3613,10.);
#1098=VECTOR('',#3614,10.);
#1099=VECTOR('',#3615,10.);
#1100=VECTOR('',#3616,10.);
#1101=VECTOR('',#3617,10.);
#1102=VECTOR('',#3618,10.);
#1103=VECTOR('',#3619,10.);
#1104=VECTOR('',#3620,10.);
#1105=VECTOR('',#3623,10.);
#1106=VECTOR('',#3624,10.);
#1107=VECTOR('',#3625,10.);
#1108=VECTOR('',#3626,10.);
#1109=VECTOR('',#3627,10.);
#1110=VECTOR('',#3628,10.);
#1111=VECTOR('',#3629,10.);
#1112=VECTOR('',#3632,10.);
#1113=VECTOR('',#3633,10.);
#1114=VECTOR('',#3636,10.);
#1115=VECTOR('',#3639,10.);
#1116=VECTOR('',#3640,10.);
#1117=VECTOR('',#3647,10.);
#1118=VECTOR('',#3652,10.);
#1119=VECTOR('',#3653,10.);
#1120=VECTOR('',#3656,10.);
#1121=VECTOR('',#3659,10.);
#1122=VECTOR('',#3662,10.);
#1123=VECTOR('',#3663,10.);
#1124=VECTOR('',#3666,10.);
#1125=VECTOR('',#3669,10.);
#1126=VECTOR('',#3672,10.);
#1127=VECTOR('',#3673,10.);
#1128=VECTOR('',#3676,10.);
#1129=VECTOR('',#3679,10.);
#1130=VECTOR('',#3684,10.);
#1131=VECTOR('',#3685,10.);
#1132=VECTOR('',#3688,10.);
#1133=VECTOR('',#3691,10.);
#1134=VECTOR('',#3696,10.);
#1135=VECTOR('',#3697,10.);
#1136=VECTOR('',#3700,10.);
#1137=VECTOR('',#3703,10.);
#1138=VECTOR('',#3708,10.);
#1139=VECTOR('',#3715,10.);
#1140=VECTOR('',#3716,10.);
#1141=VECTOR('',#3719,10.);
#1142=VECTOR('',#3720,10.);
#1143=VECTOR('',#3725,10.);
#1144=VECTOR('',#3726,10.);
#1145=VECTOR('',#3729,10.);
#1146=VECTOR('',#3732,10.);
#1147=VECTOR('',#3735,10.);
#1148=VECTOR('',#3736,10.);
#1149=VECTOR('',#3739,10.);
#1150=VECTOR('',#3742,10.);
#1151=VECTOR('',#3745,10.);
#1152=VECTOR('',#3746,10.);
#1153=VECTOR('',#3749,10.);
#1154=VECTOR('',#3752,10.);
#1155=VECTOR('',#3757,10.);
#1156=VECTOR('',#3758,10.);
#1157=VECTOR('',#3761,10.);
#1158=VECTOR('',#3764,10.);
#1159=VECTOR('',#3769,10.);
#1160=VECTOR('',#3770,10.);
#1161=VECTOR('',#3773,10.);
#1162=VECTOR('',#3776,10.);
#1163=VECTOR('',#3781,10.);
#1164=VECTOR('',#3782,10.);
#1165=VECTOR('',#3785,10.);
#1166=VECTOR('',#3786,10.);
#1167=VECTOR('',#3791,10.);
#1168=VECTOR('',#3792,10.);
#1169=VECTOR('',#3795,10.);
#1170=VECTOR('',#3798,10.);
#1171=VECTOR('',#3803,10.);
#1172=VECTOR('',#3804,10.);
#1173=VECTOR('',#3807,10.);
#1174=VECTOR('',#3810,10.);
#1175=VECTOR('',#3815,10.);
#1176=VECTOR('',#3816,10.);
#1177=VECTOR('',#3819,10.);
#1178=VECTOR('',#3822,10.);
#1179=VECTOR('',#3825,10.);
#1180=VECTOR('',#3826,10.);
#1181=VECTOR('',#3829,10.);
#1182=VECTOR('',#3830,10.);
#1183=VECTOR('',#3833,10.);
#1184=VECTOR('',#3834,10.);
#1185=VECTOR('',#3839,10.);
#1186=VECTOR('',#3840,10.);
#1187=VECTOR('',#3843,10.);
#1188=VECTOR('',#3844,10.);
#1189=VECTOR('',#3849,10.);
#1190=VECTOR('',#3850,10.);
#1191=VECTOR('',#3853,10.);
#1192=VECTOR('',#3856,10.);
#1193=VECTOR('',#3859,10.);
#1194=VECTOR('',#3860,10.);
#1195=VECTOR('',#3863,10.);
#1196=VECTOR('',#3866,10.);
#1197=VECTOR('',#3869,10.);
#1198=VECTOR('',#3870,10.);
#1199=VECTOR('',#3873,10.);
#1200=VECTOR('',#3876,10.);
#1201=VECTOR('',#3881,10.);
#1202=VECTOR('',#3882,10.);
#1203=VECTOR('',#3885,10.);
#1204=VECTOR('',#3888,10.);
#1205=VECTOR('',#3893,10.);
#1206=VECTOR('',#3894,10.);
#1207=VECTOR('',#3897,10.);
#1208=VECTOR('',#3900,10.);
#1209=VECTOR('',#3905,10.);
#1210=VECTOR('',#3906,10.);
#1211=VECTOR('',#3909,10.);
#1212=VECTOR('',#3912,10.);
#1213=VECTOR('',#3917,10.);
#1214=VECTOR('',#3918,10.);
#1215=VECTOR('',#3921,10.);
#1216=VECTOR('',#3924,10.);
#1217=VECTOR('',#3929,10.);
#1218=VECTOR('',#3930,10.);
#1219=VECTOR('',#3933,10.);
#1220=VECTOR('',#3936,10.);
#1221=VECTOR('',#3941,10.);
#1222=VECTOR('',#3942,10.);
#1223=VECTOR('',#3945,10.);
#1224=VECTOR('',#3948,10.);
#1225=VECTOR('',#3953,10.);
#1226=VECTOR('',#3954,10.);
#1227=VECTOR('',#3957,10.);
#1228=VECTOR('',#3958,10.);
#1229=VECTOR('',#3963,10.);
#1230=VECTOR('',#3964,10.);
#1231=VECTOR('',#3967,10.);
#1232=VECTOR('',#3970,10.);
#1233=VECTOR('',#3973,10.);
#1234=VECTOR('',#3974,10.);
#1235=VECTOR('',#3977,10.);
#1236=VECTOR('',#3978,10.);
#1237=VECTOR('',#3983,10.);
#1238=VECTOR('',#3996,10.);
#1239=VECTOR('',#4011,10.);
#1240=VECTOR('',#4012,10.);
#1241=VECTOR('',#4015,10.);
#1242=VECTOR('',#4018,10.);
#1243=VECTOR('',#4023,10.);
#1244=VECTOR('',#4024,10.);
#1245=VECTOR('',#4031,10.);
#1246=VECTOR('',#4032,10.);
#1247=VECTOR('',#4035,10.);
#1248=VECTOR('',#4044,10.);
#1249=VECTOR('',#4045,10.);
#1250=VECTOR('',#4048,10.);
#1251=VECTOR('',#4051,10.);
#1252=VERTEX_POINT('',#4056);
#1253=VERTEX_POINT('',#4057);
#1254=VERTEX_POINT('',#4059);
#1255=VERTEX_POINT('',#4061);
#1256=VERTEX_POINT('',#4063);
#1257=VERTEX_POINT('',#4065);
#1258=VERTEX_POINT('',#4067);
#1259=VERTEX_POINT('',#4069);
#1260=VERTEX_POINT('',#4071);
#1261=VERTEX_POINT('',#4073);
#1262=VERTEX_POINT('',#4075);
#1263=VERTEX_POINT('',#4077);
#1264=VERTEX_POINT('',#4079);
#1265=VERTEX_POINT('',#4081);
#1266=VERTEX_POINT('',#4083);
#1267=VERTEX_POINT('',#4085);
#1268=VERTEX_POINT('',#4087);
#1269=VERTEX_POINT('',#4089);
#1270=VERTEX_POINT('',#4091);
#1271=VERTEX_POINT('',#4093);
#1272=VERTEX_POINT('',#4095);
#1273=VERTEX_POINT('',#4097);
#1274=VERTEX_POINT('',#4099);
#1275=VERTEX_POINT('',#4101);
#1276=VERTEX_POINT('',#4103);
#1277=VERTEX_POINT('',#4105);
#1278=VERTEX_POINT('',#4107);
#1279=VERTEX_POINT('',#4109);
#1280=VERTEX_POINT('',#4111);
#1281=VERTEX_POINT('',#4113);
#1282=VERTEX_POINT('',#4115);
#1283=VERTEX_POINT('',#4117);
#1284=VERTEX_POINT('',#4119);
#1285=VERTEX_POINT('',#4121);
#1286=VERTEX_POINT('',#4123);
#1287=VERTEX_POINT('',#4125);
#1288=VERTEX_POINT('',#4127);
#1289=VERTEX_POINT('',#4129);
#1290=VERTEX_POINT('',#4131);
#1291=VERTEX_POINT('',#4133);
#1292=VERTEX_POINT('',#4135);
#1293=VERTEX_POINT('',#4137);
#1294=VERTEX_POINT('',#4139);
#1295=VERTEX_POINT('',#4141);
#1296=VERTEX_POINT('',#4143);
#1297=VERTEX_POINT('',#4145);
#1298=VERTEX_POINT('',#4147);
#1299=VERTEX_POINT('',#4149);
#1300=VERTEX_POINT('',#4151);
#1301=VERTEX_POINT('',#4153);
#1302=VERTEX_POINT('',#4155);
#1303=VERTEX_POINT('',#4157);
#1304=VERTEX_POINT('',#4159);
#1305=VERTEX_POINT('',#4161);
#1306=VERTEX_POINT('',#4163);
#1307=VERTEX_POINT('',#4165);
#1308=VERTEX_POINT('',#4167);
#1309=VERTEX_POINT('',#4169);
#1310=VERTEX_POINT('',#4171);
#1311=VERTEX_POINT('',#4173);
#1312=VERTEX_POINT('',#4175);
#1313=VERTEX_POINT('',#4177);
#1314=VERTEX_POINT('',#4179);
#1315=VERTEX_POINT('',#4181);
#1316=VERTEX_POINT('',#4183);
#1317=VERTEX_POINT('',#4185);
#1318=VERTEX_POINT('',#4187);
#1319=VERTEX_POINT('',#4189);
#1320=VERTEX_POINT('',#4191);
#1321=VERTEX_POINT('',#4193);
#1322=VERTEX_POINT('',#4195);
#1323=VERTEX_POINT('',#4197);
#1324=VERTEX_POINT('',#4200);
#1325=VERTEX_POINT('',#4201);
#1326=VERTEX_POINT('',#4203);
#1327=VERTEX_POINT('',#4205);
#1328=VERTEX_POINT('',#4208);
#1329=VERTEX_POINT('',#4209);
#1330=VERTEX_POINT('',#4211);
#1331=VERTEX_POINT('',#4213);
#1332=VERTEX_POINT('',#4216);
#1333=VERTEX_POINT('',#4217);
#1334=VERTEX_POINT('',#4219);
#1335=VERTEX_POINT('',#4221);
#1336=VERTEX_POINT('',#4224);
#1337=VERTEX_POINT('',#4225);
#1338=VERTEX_POINT('',#4227);
#1339=VERTEX_POINT('',#4229);
#1340=VERTEX_POINT('',#4232);
#1341=VERTEX_POINT('',#4233);
#1342=VERTEX_POINT('',#4235);
#1343=VERTEX_POINT('',#4237);
#1344=VERTEX_POINT('',#4240);
#1345=VERTEX_POINT('',#4241);
#1346=VERTEX_POINT('',#4243);
#1347=VERTEX_POINT('',#4245);
#1348=VERTEX_POINT('',#4248);
#1349=VERTEX_POINT('',#4249);
#1350=VERTEX_POINT('',#4251);
#1351=VERTEX_POINT('',#4253);
#1352=VERTEX_POINT('',#4256);
#1353=VERTEX_POINT('',#4257);
#1354=VERTEX_POINT('',#4259);
#1355=VERTEX_POINT('',#4261);
#1356=VERTEX_POINT('',#4264);
#1357=VERTEX_POINT('',#4265);
#1358=VERTEX_POINT('',#4267);
#1359=VERTEX_POINT('',#4269);
#1360=VERTEX_POINT('',#4272);
#1361=VERTEX_POINT('',#4273);
#1362=VERTEX_POINT('',#4275);
#1363=VERTEX_POINT('',#4277);
#1364=VERTEX_POINT('',#4280);
#1365=VERTEX_POINT('',#4281);
#1366=VERTEX_POINT('',#4283);
#1367=VERTEX_POINT('',#4285);
#1368=VERTEX_POINT('',#4288);
#1369=VERTEX_POINT('',#4289);
#1370=VERTEX_POINT('',#4291);
#1371=VERTEX_POINT('',#4293);
#1372=VERTEX_POINT('',#4296);
#1373=VERTEX_POINT('',#4297);
#1374=VERTEX_POINT('',#4299);
#1375=VERTEX_POINT('',#4301);
#1376=VERTEX_POINT('',#4304);
#1377=VERTEX_POINT('',#4305);
#1378=VERTEX_POINT('',#4307);
#1379=VERTEX_POINT('',#4309);
#1380=VERTEX_POINT('',#4312);
#1381=VERTEX_POINT('',#4313);
#1382=VERTEX_POINT('',#4315);
#1383=VERTEX_POINT('',#4317);
#1384=VERTEX_POINT('',#4320);
#1385=VERTEX_POINT('',#4321);
#1386=VERTEX_POINT('',#4323);
#1387=VERTEX_POINT('',#4325);
#1388=VERTEX_POINT('',#4328);
#1389=VERTEX_POINT('',#4329);
#1390=VERTEX_POINT('',#4331);
#1391=VERTEX_POINT('',#4333);
#1392=VERTEX_POINT('',#4336);
#1393=VERTEX_POINT('',#4337);
#1394=VERTEX_POINT('',#4339);
#1395=VERTEX_POINT('',#4341);
#1396=VERTEX_POINT('',#4345);
#1397=VERTEX_POINT('',#4346);
#1398=VERTEX_POINT('',#4348);
#1399=VERTEX_POINT('',#4350);
#1400=VERTEX_POINT('',#4352);
#1401=VERTEX_POINT('',#4354);
#1402=VERTEX_POINT('',#4356);
#1403=VERTEX_POINT('',#4358);
#1404=VERTEX_POINT('',#4364);
#1405=VERTEX_POINT('',#4366);
#1406=VERTEX_POINT('',#4370);
#1407=VERTEX_POINT('',#4371);
#1408=VERTEX_POINT('',#4373);
#1409=VERTEX_POINT('',#4375);
#1410=VERTEX_POINT('',#4377);
#1411=VERTEX_POINT('',#4379);
#1412=VERTEX_POINT('',#4381);
#1413=VERTEX_POINT('',#4383);
#1414=VERTEX_POINT('',#4385);
#1415=VERTEX_POINT('',#4387);
#1416=VERTEX_POINT('',#4389);
#1417=VERTEX_POINT('',#4391);
#1418=VERTEX_POINT('',#4393);
#1419=VERTEX_POINT('',#4395);
#1420=VERTEX_POINT('',#4397);
#1421=VERTEX_POINT('',#4399);
#1422=VERTEX_POINT('',#4401);
#1423=VERTEX_POINT('',#4403);
#1424=VERTEX_POINT('',#4405);
#1425=VERTEX_POINT('',#4407);
#1426=VERTEX_POINT('',#4409);
#1427=VERTEX_POINT('',#4411);
#1428=VERTEX_POINT('',#4413);
#1429=VERTEX_POINT('',#4415);
#1430=VERTEX_POINT('',#4417);
#1431=VERTEX_POINT('',#4419);
#1432=VERTEX_POINT('',#4421);
#1433=VERTEX_POINT('',#4423);
#1434=VERTEX_POINT('',#4425);
#1435=VERTEX_POINT('',#4427);
#1436=VERTEX_POINT('',#4429);
#1437=VERTEX_POINT('',#4431);
#1438=VERTEX_POINT('',#4433);
#1439=VERTEX_POINT('',#4435);
#1440=VERTEX_POINT('',#4438);
#1441=VERTEX_POINT('',#4440);
#1442=VERTEX_POINT('',#4443);
#1443=VERTEX_POINT('',#4445);
#1444=VERTEX_POINT('',#4447);
#1445=VERTEX_POINT('',#4449);
#1446=VERTEX_POINT('',#4451);
#1447=VERTEX_POINT('',#4453);
#1448=VERTEX_POINT('',#4455);
#1449=VERTEX_POINT('',#4457);
#1450=VERTEX_POINT('',#4459);
#1451=VERTEX_POINT('',#4461);
#1452=VERTEX_POINT('',#4463);
#1453=VERTEX_POINT('',#4465);
#1454=VERTEX_POINT('',#4467);
#1455=VERTEX_POINT('',#4469);
#1456=VERTEX_POINT('',#4471);
#1457=VERTEX_POINT('',#4473);
#1458=VERTEX_POINT('',#4475);
#1459=VERTEX_POINT('',#4477);
#1460=VERTEX_POINT('',#4479);
#1461=VERTEX_POINT('',#4481);
#1462=VERTEX_POINT('',#4483);
#1463=VERTEX_POINT('',#4485);
#1464=VERTEX_POINT('',#4487);
#1465=VERTEX_POINT('',#4489);
#1466=VERTEX_POINT('',#4491);
#1467=VERTEX_POINT('',#4493);
#1468=VERTEX_POINT('',#4495);
#1469=VERTEX_POINT('',#4497);
#1470=VERTEX_POINT('',#4499);
#1471=VERTEX_POINT('',#4501);
#1472=VERTEX_POINT('',#4503);
#1473=VERTEX_POINT('',#4505);
#1474=VERTEX_POINT('',#4508);
#1475=VERTEX_POINT('',#4509);
#1476=VERTEX_POINT('',#4511);
#1477=VERTEX_POINT('',#4513);
#1478=VERTEX_POINT('',#4516);
#1479=VERTEX_POINT('',#4517);
#1480=VERTEX_POINT('',#4519);
#1481=VERTEX_POINT('',#4521);
#1482=VERTEX_POINT('',#4524);
#1483=VERTEX_POINT('',#4525);
#1484=VERTEX_POINT('',#4527);
#1485=VERTEX_POINT('',#4529);
#1486=VERTEX_POINT('',#4532);
#1487=VERTEX_POINT('',#4533);
#1488=VERTEX_POINT('',#4535);
#1489=VERTEX_POINT('',#4537);
#1490=VERTEX_POINT('',#4540);
#1491=VERTEX_POINT('',#4541);
#1492=VERTEX_POINT('',#4543);
#1493=VERTEX_POINT('',#4545);
#1494=VERTEX_POINT('',#4548);
#1495=VERTEX_POINT('',#4549);
#1496=VERTEX_POINT('',#4551);
#1497=VERTEX_POINT('',#4553);
#1498=VERTEX_POINT('',#4556);
#1499=VERTEX_POINT('',#4557);
#1500=VERTEX_POINT('',#4559);
#1501=VERTEX_POINT('',#4561);
#1502=VERTEX_POINT('',#4564);
#1503=VERTEX_POINT('',#4565);
#1504=VERTEX_POINT('',#4567);
#1505=VERTEX_POINT('',#4569);
#1506=VERTEX_POINT('',#4572);
#1507=VERTEX_POINT('',#4573);
#1508=VERTEX_POINT('',#4575);
#1509=VERTEX_POINT('',#4577);
#1510=VERTEX_POINT('',#4580);
#1511=VERTEX_POINT('',#4581);
#1512=VERTEX_POINT('',#4583);
#1513=VERTEX_POINT('',#4585);
#1514=VERTEX_POINT('',#4588);
#1515=VERTEX_POINT('',#4589);
#1516=VERTEX_POINT('',#4591);
#1517=VERTEX_POINT('',#4593);
#1518=VERTEX_POINT('',#4596);
#1519=VERTEX_POINT('',#4597);
#1520=VERTEX_POINT('',#4599);
#1521=VERTEX_POINT('',#4601);
#1522=VERTEX_POINT('',#4604);
#1523=VERTEX_POINT('',#4605);
#1524=VERTEX_POINT('',#4607);
#1525=VERTEX_POINT('',#4609);
#1526=VERTEX_POINT('',#4612);
#1527=VERTEX_POINT('',#4613);
#1528=VERTEX_POINT('',#4615);
#1529=VERTEX_POINT('',#4617);
#1530=VERTEX_POINT('',#4620);
#1531=VERTEX_POINT('',#4621);
#1532=VERTEX_POINT('',#4623);
#1533=VERTEX_POINT('',#4625);
#1534=VERTEX_POINT('',#4628);
#1535=VERTEX_POINT('',#4629);
#1536=VERTEX_POINT('',#4631);
#1537=VERTEX_POINT('',#4633);
#1538=VERTEX_POINT('',#4637);
#1539=VERTEX_POINT('',#4639);
#1540=VERTEX_POINT('',#4642);
#1541=VERTEX_POINT('',#4643);
#1542=VERTEX_POINT('',#4645);
#1543=VERTEX_POINT('',#4647);
#1544=EDGE_CURVE('',#1252,#1253,#384,.T.);
#1545=EDGE_CURVE('',#1253,#1254,#385,.T.);
#1546=EDGE_CURVE('',#1254,#1255,#386,.T.);
#1547=EDGE_CURVE('',#1255,#1256,#387,.T.);
#1548=EDGE_CURVE('',#1256,#1257,#388,.T.);
#1549=EDGE_CURVE('',#1257,#1258,#389,.T.);
#1550=EDGE_CURVE('',#1258,#1259,#390,.T.);
#1551=EDGE_CURVE('',#1259,#1260,#391,.T.);
#1552=EDGE_CURVE('',#1260,#1261,#392,.T.);
#1553=EDGE_CURVE('',#1261,#1262,#393,.T.);
#1554=EDGE_CURVE('',#1262,#1263,#394,.T.);
#1555=EDGE_CURVE('',#1263,#1264,#395,.T.);
#1556=EDGE_CURVE('',#1264,#1265,#396,.T.);
#1557=EDGE_CURVE('',#1265,#1266,#397,.T.);
#1558=EDGE_CURVE('',#1266,#1267,#398,.T.);
#1559=EDGE_CURVE('',#1267,#1268,#399,.T.);
#1560=EDGE_CURVE('',#1268,#1269,#400,.T.);
#1561=EDGE_CURVE('',#1269,#1270,#401,.T.);
#1562=EDGE_CURVE('',#1270,#1271,#402,.T.);
#1563=EDGE_CURVE('',#1271,#1272,#403,.T.);
#1564=EDGE_CURVE('',#1272,#1273,#404,.T.);
#1565=EDGE_CURVE('',#1273,#1274,#405,.T.);
#1566=EDGE_CURVE('',#1274,#1275,#406,.T.);
#1567=EDGE_CURVE('',#1275,#1276,#407,.T.);
#1568=EDGE_CURVE('',#1276,#1277,#408,.T.);
#1569=EDGE_CURVE('',#1277,#1278,#409,.T.);
#1570=EDGE_CURVE('',#1278,#1279,#410,.T.);
#1571=EDGE_CURVE('',#1279,#1280,#411,.T.);
#1572=EDGE_CURVE('',#1280,#1281,#412,.T.);
#1573=EDGE_CURVE('',#1281,#1282,#413,.T.);
#1574=EDGE_CURVE('',#1282,#1283,#414,.T.);
#1575=EDGE_CURVE('',#1283,#1284,#415,.T.);
#1576=EDGE_CURVE('',#1284,#1285,#416,.T.);
#1577=EDGE_CURVE('',#1285,#1286,#417,.T.);
#1578=EDGE_CURVE('',#1287,#1286,#418,.T.);
#1579=EDGE_CURVE('',#1288,#1287,#419,.T.);
#1580=EDGE_CURVE('',#1289,#1288,#420,.T.);
#1581=EDGE_CURVE('',#1290,#1289,#421,.T.);
#1582=EDGE_CURVE('',#1291,#1290,#422,.T.);
#1583=EDGE_CURVE('',#1291,#1292,#423,.T.);
#1584=EDGE_CURVE('',#1292,#1293,#424,.T.);
#1585=EDGE_CURVE('',#1293,#1294,#425,.T.);
#1586=EDGE_CURVE('',#1294,#1295,#426,.T.);
#1587=EDGE_CURVE('',#1295,#1296,#427,.T.);
#1588=EDGE_CURVE('',#1296,#1297,#428,.T.);
#1589=EDGE_CURVE('',#1297,#1298,#429,.T.);
#1590=EDGE_CURVE('',#1298,#1299,#430,.T.);
#1591=EDGE_CURVE('',#1299,#1300,#431,.T.);
#1592=EDGE_CURVE('',#1300,#1301,#432,.T.);
#1593=EDGE_CURVE('',#1301,#1302,#433,.T.);
#1594=EDGE_CURVE('',#1302,#1303,#434,.T.);
#1595=EDGE_CURVE('',#1303,#1304,#435,.T.);
#1596=EDGE_CURVE('',#1304,#1305,#436,.T.);
#1597=EDGE_CURVE('',#1305,#1306,#437,.T.);
#1598=EDGE_CURVE('',#1306,#1307,#438,.T.);
#1599=EDGE_CURVE('',#1307,#1308,#439,.T.);
#1600=EDGE_CURVE('',#1308,#1309,#440,.T.);
#1601=EDGE_CURVE('',#1309,#1310,#441,.T.);
#1602=EDGE_CURVE('',#1310,#1311,#442,.T.);
#1603=EDGE_CURVE('',#1311,#1312,#443,.T.);
#1604=EDGE_CURVE('',#1312,#1313,#444,.T.);
#1605=EDGE_CURVE('',#1313,#1314,#445,.T.);
#1606=EDGE_CURVE('',#1314,#1315,#446,.T.);
#1607=EDGE_CURVE('',#1315,#1316,#447,.T.);
#1608=EDGE_CURVE('',#1316,#1317,#448,.T.);
#1609=EDGE_CURVE('',#1317,#1318,#449,.T.);
#1610=EDGE_CURVE('',#1318,#1319,#450,.T.);
#1611=EDGE_CURVE('',#1319,#1320,#451,.T.);
#1612=EDGE_CURVE('',#1320,#1321,#452,.T.);
#1613=EDGE_CURVE('',#1321,#1322,#453,.T.);
#1614=EDGE_CURVE('',#1322,#1323,#454,.T.);
#1615=EDGE_CURVE('',#1323,#1252,#455,.T.);
#1616=EDGE_CURVE('',#1324,#1325,#456,.T.);
#1617=EDGE_CURVE('',#1325,#1326,#457,.T.);
#1618=EDGE_CURVE('',#1326,#1327,#458,.T.);
#1619=EDGE_CURVE('',#1327,#1324,#459,.T.);
#1620=EDGE_CURVE('',#1328,#1329,#460,.T.);
#1621=EDGE_CURVE('',#1329,#1330,#461,.T.);
#1622=EDGE_CURVE('',#1330,#1331,#462,.T.);
#1623=EDGE_CURVE('',#1331,#1328,#463,.T.);
#1624=EDGE_CURVE('',#1332,#1333,#464,.T.);
#1625=EDGE_CURVE('',#1333,#1334,#465,.T.);
#1626=EDGE_CURVE('',#1334,#1335,#466,.T.);
#1627=EDGE_CURVE('',#1335,#1332,#467,.T.);
#1628=EDGE_CURVE('',#1336,#1337,#468,.T.);
#1629=EDGE_CURVE('',#1337,#1338,#469,.T.);
#1630=EDGE_CURVE('',#1338,#1339,#470,.T.);
#1631=EDGE_CURVE('',#1339,#1336,#471,.T.);
#1632=EDGE_CURVE('',#1340,#1341,#472,.T.);
#1633=EDGE_CURVE('',#1341,#1342,#473,.T.);
#1634=EDGE_CURVE('',#1342,#1343,#474,.T.);
#1635=EDGE_CURVE('',#1343,#1340,#475,.T.);
#1636=EDGE_CURVE('',#1344,#1345,#476,.T.);
#1637=EDGE_CURVE('',#1345,#1346,#477,.T.);
#1638=EDGE_CURVE('',#1346,#1347,#478,.T.);
#1639=EDGE_CURVE('',#1347,#1344,#479,.T.);
#1640=EDGE_CURVE('',#1348,#1349,#480,.T.);
#1641=EDGE_CURVE('',#1349,#1350,#481,.T.);
#1642=EDGE_CURVE('',#1350,#1351,#482,.T.);
#1643=EDGE_CURVE('',#1351,#1348,#483,.T.);
#1644=EDGE_CURVE('',#1352,#1353,#484,.T.);
#1645=EDGE_CURVE('',#1353,#1354,#485,.T.);
#1646=EDGE_CURVE('',#1354,#1355,#486,.T.);
#1647=EDGE_CURVE('',#1355,#1352,#487,.T.);
#1648=EDGE_CURVE('',#1356,#1357,#488,.T.);
#1649=EDGE_CURVE('',#1357,#1358,#489,.T.);
#1650=EDGE_CURVE('',#1358,#1359,#490,.T.);
#1651=EDGE_CURVE('',#1359,#1356,#491,.T.);
#1652=EDGE_CURVE('',#1360,#1361,#492,.T.);
#1653=EDGE_CURVE('',#1361,#1362,#493,.T.);
#1654=EDGE_CURVE('',#1362,#1363,#494,.T.);
#1655=EDGE_CURVE('',#1363,#1360,#495,.T.);
#1656=EDGE_CURVE('',#1364,#1365,#496,.T.);
#1657=EDGE_CURVE('',#1365,#1366,#497,.T.);
#1658=EDGE_CURVE('',#1366,#1367,#498,.T.);
#1659=EDGE_CURVE('',#1367,#1364,#499,.T.);
#1660=EDGE_CURVE('',#1368,#1369,#500,.T.);
#1661=EDGE_CURVE('',#1369,#1370,#501,.T.);
#1662=EDGE_CURVE('',#1370,#1371,#502,.T.);
#1663=EDGE_CURVE('',#1371,#1368,#503,.T.);
#1664=EDGE_CURVE('',#1372,#1373,#504,.T.);
#1665=EDGE_CURVE('',#1373,#1374,#505,.T.);
#1666=EDGE_CURVE('',#1374,#1375,#506,.T.);
#1667=EDGE_CURVE('',#1375,#1372,#507,.T.);
#1668=EDGE_CURVE('',#1376,#1377,#508,.T.);
#1669=EDGE_CURVE('',#1377,#1378,#509,.T.);
#1670=EDGE_CURVE('',#1378,#1379,#510,.T.);
#1671=EDGE_CURVE('',#1379,#1376,#511,.T.);
#1672=EDGE_CURVE('',#1380,#1381,#512,.T.);
#1673=EDGE_CURVE('',#1381,#1382,#513,.T.);
#1674=EDGE_CURVE('',#1382,#1383,#514,.T.);
#1675=EDGE_CURVE('',#1383,#1380,#515,.T.);
#1676=EDGE_CURVE('',#1384,#1385,#516,.T.);
#1677=EDGE_CURVE('',#1385,#1386,#517,.T.);
#1678=EDGE_CURVE('',#1386,#1387,#518,.T.);
#1679=EDGE_CURVE('',#1387,#1384,#519,.T.);
#1680=EDGE_CURVE('',#1388,#1389,#520,.T.);
#1681=EDGE_CURVE('',#1389,#1390,#521,.T.);
#1682=EDGE_CURVE('',#1390,#1391,#522,.T.);
#1683=EDGE_CURVE('',#1391,#1388,#523,.T.);
#1684=EDGE_CURVE('',#1392,#1393,#524,.T.);
#1685=EDGE_CURVE('',#1394,#1392,#525,.T.);
#1686=EDGE_CURVE('',#1395,#1394,#526,.T.);
#1687=EDGE_CURVE('',#1393,#1395,#527,.T.);
#1688=EDGE_CURVE('',#1396,#1397,#15,.F.);
#1689=EDGE_CURVE('',#1398,#1396,#528,.F.);
#1690=EDGE_CURVE('',#1399,#1398,#16,.F.);
#1691=EDGE_CURVE('',#1399,#1400,#529,.T.);
#1692=EDGE_CURVE('',#1400,#1401,#17,.T.);
#1693=EDGE_CURVE('',#1401,#1402,#530,.T.);
#1694=EDGE_CURVE('',#1402,#1403,#18,.T.);
#1695=EDGE_CURVE('',#1403,#1397,#531,.T.);
#1696=EDGE_CURVE('',#1402,#1286,#532,.T.);
#1697=EDGE_CURVE('',#1291,#1401,#533,.T.);
#1698=EDGE_CURVE('',#1290,#1404,#534,.T.);
#1699=EDGE_CURVE('',#1405,#1404,#535,.T.);
#1700=EDGE_CURVE('',#1287,#1405,#536,.T.);
#1701=EDGE_CURVE('',#1406,#1407,#537,.T.);
#1702=EDGE_CURVE('',#1407,#1408,#538,.T.);
#1703=EDGE_CURVE('',#1408,#1409,#539,.T.);
#1704=EDGE_CURVE('',#1409,#1410,#540,.T.);
#1705=EDGE_CURVE('',#1410,#1411,#541,.T.);
#1706=EDGE_CURVE('',#1411,#1412,#542,.T.);
#1707=EDGE_CURVE('',#1412,#1413,#543,.T.);
#1708=EDGE_CURVE('',#1413,#1414,#544,.T.);
#1709=EDGE_CURVE('',#1414,#1415,#545,.T.);
#1710=EDGE_CURVE('',#1415,#1416,#546,.T.);
#1711=EDGE_CURVE('',#1416,#1417,#547,.T.);
#1712=EDGE_CURVE('',#1417,#1418,#548,.T.);
#1713=EDGE_CURVE('',#1418,#1419,#549,.T.);
#1714=EDGE_CURVE('',#1419,#1420,#550,.T.);
#1715=EDGE_CURVE('',#1420,#1421,#551,.T.);
#1716=EDGE_CURVE('',#1421,#1422,#552,.T.);
#1717=EDGE_CURVE('',#1422,#1423,#553,.T.);
#1718=EDGE_CURVE('',#1423,#1424,#554,.T.);
#1719=EDGE_CURVE('',#1424,#1425,#555,.T.);
#1720=EDGE_CURVE('',#1425,#1426,#556,.T.);
#1721=EDGE_CURVE('',#1426,#1427,#557,.T.);
#1722=EDGE_CURVE('',#1427,#1428,#558,.T.);
#1723=EDGE_CURVE('',#1428,#1429,#559,.T.);
#1724=EDGE_CURVE('',#1429,#1430,#560,.T.);
#1725=EDGE_CURVE('',#1430,#1431,#561,.T.);
#1726=EDGE_CURVE('',#1431,#1432,#562,.T.);
#1727=EDGE_CURVE('',#1432,#1433,#563,.T.);
#1728=EDGE_CURVE('',#1433,#1434,#564,.T.);
#1729=EDGE_CURVE('',#1434,#1435,#565,.T.);
#1730=EDGE_CURVE('',#1435,#1436,#566,.T.);
#1731=EDGE_CURVE('',#1436,#1437,#567,.T.);
#1732=EDGE_CURVE('',#1437,#1438,#568,.T.);
#1733=EDGE_CURVE('',#1438,#1439,#569,.T.);
#1734=EDGE_CURVE('',#1439,#1400,#570,.T.);
#1735=EDGE_CURVE('',#1399,#1440,#571,.T.);
#1736=EDGE_CURVE('',#1440,#1441,#572,.T.);
#1737=EDGE_CURVE('',#1441,#1397,#573,.T.);
#1738=EDGE_CURVE('',#1442,#1403,#574,.T.);
#1739=EDGE_CURVE('',#1442,#1443,#575,.T.);
#1740=EDGE_CURVE('',#1443,#1444,#576,.T.);
#1741=EDGE_CURVE('',#1444,#1445,#577,.T.);
#1742=EDGE_CURVE('',#1446,#1445,#578,.T.);
#1743=EDGE_CURVE('',#1446,#1447,#579,.T.);
#1744=EDGE_CURVE('',#1447,#1448,#580,.T.);
#1745=EDGE_CURVE('',#1448,#1449,#581,.T.);
#1746=EDGE_CURVE('',#1449,#1450,#582,.T.);
#1747=EDGE_CURVE('',#1450,#1451,#583,.T.);
#1748=EDGE_CURVE('',#1451,#1452,#584,.T.);
#1749=EDGE_CURVE('',#1452,#1453,#585,.T.);
#1750=EDGE_CURVE('',#1453,#1454,#586,.T.);
#1751=EDGE_CURVE('',#1454,#1455,#587,.T.);
#1752=EDGE_CURVE('',#1455,#1456,#588,.T.);
#1753=EDGE_CURVE('',#1456,#1457,#589,.T.);
#1754=EDGE_CURVE('',#1457,#1458,#590,.T.);
#1755=EDGE_CURVE('',#1458,#1459,#591,.T.);
#1756=EDGE_CURVE('',#1459,#1460,#592,.T.);
#1757=EDGE_CURVE('',#1460,#1461,#593,.T.);
#1758=EDGE_CURVE('',#1461,#1462,#594,.T.);
#1759=EDGE_CURVE('',#1462,#1463,#595,.T.);
#1760=EDGE_CURVE('',#1463,#1464,#596,.T.);
#1761=EDGE_CURVE('',#1464,#1465,#597,.T.);
#1762=EDGE_CURVE('',#1465,#1466,#598,.T.);
#1763=EDGE_CURVE('',#1466,#1467,#599,.T.);
#1764=EDGE_CURVE('',#1467,#1468,#600,.T.);
#1765=EDGE_CURVE('',#1468,#1469,#601,.T.);
#1766=EDGE_CURVE('',#1469,#1470,#602,.T.);
#1767=EDGE_CURVE('',#1470,#1471,#603,.T.);
#1768=EDGE_CURVE('',#1471,#1472,#604,.T.);
#1769=EDGE_CURVE('',#1472,#1473,#605,.T.);
#1770=EDGE_CURVE('',#1473,#1406,#606,.T.);
#1771=EDGE_CURVE('',#1474,#1475,#607,.T.);
#1772=EDGE_CURVE('',#1475,#1476,#608,.T.);
#1773=EDGE_CURVE('',#1476,#1477,#609,.T.);
#1774=EDGE_CURVE('',#1477,#1474,#610,.T.);
#1775=EDGE_CURVE('',#1478,#1479,#611,.T.);
#1776=EDGE_CURVE('',#1479,#1480,#612,.T.);
#1777=EDGE_CURVE('',#1480,#1481,#613,.T.);
#1778=EDGE_CURVE('',#1481,#1478,#614,.T.);
#1779=EDGE_CURVE('',#1482,#1483,#615,.T.);
#1780=EDGE_CURVE('',#1483,#1484,#616,.T.);
#1781=EDGE_CURVE('',#1484,#1485,#617,.T.);
#1782=EDGE_CURVE('',#1485,#1482,#618,.T.);
#1783=EDGE_CURVE('',#1486,#1487,#619,.T.);
#1784=EDGE_CURVE('',#1487,#1488,#620,.T.);
#1785=EDGE_CURVE('',#1488,#1489,#621,.T.);
#1786=EDGE_CURVE('',#1489,#1486,#622,.T.);
#1787=EDGE_CURVE('',#1490,#1491,#623,.T.);
#1788=EDGE_CURVE('',#1491,#1492,#624,.T.);
#1789=EDGE_CURVE('',#1492,#1493,#625,.T.);
#1790=EDGE_CURVE('',#1493,#1490,#626,.T.);
#1791=EDGE_CURVE('',#1494,#1495,#627,.T.);
#1792=EDGE_CURVE('',#1495,#1496,#628,.T.);
#1793=EDGE_CURVE('',#1496,#1497,#629,.T.);
#1794=EDGE_CURVE('',#1497,#1494,#630,.T.);
#1795=EDGE_CURVE('',#1498,#1499,#631,.T.);
#1796=EDGE_CURVE('',#1499,#1500,#632,.T.);
#1797=EDGE_CURVE('',#1500,#1501,#633,.T.);
#1798=EDGE_CURVE('',#1501,#1498,#634,.T.);
#1799=EDGE_CURVE('',#1502,#1503,#635,.T.);
#1800=EDGE_CURVE('',#1503,#1504,#636,.T.);
#1801=EDGE_CURVE('',#1504,#1505,#637,.T.);
#1802=EDGE_CURVE('',#1505,#1502,#638,.T.);
#1803=EDGE_CURVE('',#1506,#1507,#639,.T.);
#1804=EDGE_CURVE('',#1507,#1508,#640,.T.);
#1805=EDGE_CURVE('',#1508,#1509,#641,.T.);
#1806=EDGE_CURVE('',#1509,#1506,#642,.T.);
#1807=EDGE_CURVE('',#1510,#1511,#643,.T.);
#1808=EDGE_CURVE('',#1511,#1512,#644,.T.);
#1809=EDGE_CURVE('',#1512,#1513,#645,.T.);
#1810=EDGE_CURVE('',#1513,#1510,#646,.T.);
#1811=EDGE_CURVE('',#1514,#1515,#647,.T.);
#1812=EDGE_CURVE('',#1515,#1516,#648,.T.);
#1813=EDGE_CURVE('',#1516,#1517,#649,.T.);
#1814=EDGE_CURVE('',#1517,#1514,#650,.T.);
#1815=EDGE_CURVE('',#1518,#1519,#651,.T.);
#1816=EDGE_CURVE('',#1519,#1520,#652,.T.);
#1817=EDGE_CURVE('',#1520,#1521,#653,.T.);
#1818=EDGE_CURVE('',#1521,#1518,#654,.T.);
#1819=EDGE_CURVE('',#1522,#1523,#655,.T.);
#1820=EDGE_CURVE('',#1523,#1524,#656,.T.);
#1821=EDGE_CURVE('',#1524,#1525,#657,.T.);
#1822=EDGE_CURVE('',#1525,#1522,#658,.T.);
#1823=EDGE_CURVE('',#1526,#1527,#659,.T.);
#1824=EDGE_CURVE('',#1527,#1528,#660,.T.);
#1825=EDGE_CURVE('',#1528,#1529,#661,.T.);
#1826=EDGE_CURVE('',#1529,#1526,#662,.T.);
#1827=EDGE_CURVE('',#1530,#1531,#663,.T.);
#1828=EDGE_CURVE('',#1531,#1532,#664,.T.);
#1829=EDGE_CURVE('',#1532,#1533,#665,.T.);
#1830=EDGE_CURVE('',#1533,#1530,#666,.T.);
#1831=EDGE_CURVE('',#1534,#1535,#667,.T.);
#1832=EDGE_CURVE('',#1535,#1536,#668,.T.);
#1833=EDGE_CURVE('',#1536,#1537,#669,.T.);
#1834=EDGE_CURVE('',#1537,#1534,#670,.T.);
#1835=EDGE_CURVE('',#1404,#1538,#671,.T.);
#1836=EDGE_CURVE('',#1538,#1539,#672,.T.);
#1837=EDGE_CURVE('',#1539,#1405,#673,.T.);
#1838=EDGE_CURVE('',#1540,#1541,#674,.T.);
#1839=EDGE_CURVE('',#1541,#1542,#675,.T.);
#1840=EDGE_CURVE('',#1542,#1543,#676,.T.);
#1841=EDGE_CURVE('',#1543,#1540,#677,.T.);
#1842=EDGE_CURVE('',#1540,#1392,#678,.T.);
#1843=EDGE_CURVE('',#1394,#1543,#679,.T.);
#1844=EDGE_CURVE('',#1393,#1541,#680,.T.);
#1845=EDGE_CURVE('',#1288,#1539,#681,.T.);
#1846=EDGE_CURVE('',#1289,#1538,#682,.T.);
#1847=EDGE_CURVE('',#1542,#1395,#683,.T.);
#1848=EDGE_CURVE('',#1444,#1283,#684,.T.);
#1849=EDGE_CURVE('',#1443,#1284,#685,.T.);
#1850=EDGE_CURVE('',#1285,#1442,#686,.T.);
#1851=EDGE_CURVE('',#1445,#1282,#687,.T.);
#1852=EDGE_CURVE('',#1438,#1293,#688,.T.);
#1853=EDGE_CURVE('',#1437,#1294,#689,.T.);
#1854=EDGE_CURVE('',#1295,#1436,#690,.T.);
#1855=EDGE_CURVE('',#1439,#1292,#691,.T.);
#1856=EDGE_CURVE('',#1537,#1390,#692,.T.);
#1857=EDGE_CURVE('',#1536,#1391,#693,.T.);
#1858=EDGE_CURVE('',#1535,#1388,#694,.T.);
#1859=EDGE_CURVE('',#1534,#1389,#695,.T.);
#1860=EDGE_CURVE('',#1533,#1386,#696,.T.);
#1861=EDGE_CURVE('',#1532,#1387,#697,.T.);
#1862=EDGE_CURVE('',#1531,#1384,#698,.T.);
#1863=EDGE_CURVE('',#1530,#1385,#699,.T.);
#1864=EDGE_CURVE('',#1441,#1382,#700,.T.);
#1865=EDGE_CURVE('',#1440,#1383,#701,.T.);
#1866=EDGE_CURVE('',#1398,#1380,#702,.T.);
#1867=EDGE_CURVE('',#1396,#1381,#703,.T.);
#1868=EDGE_CURVE('',#1435,#1296,#704,.T.);
#1869=EDGE_CURVE('',#1467,#1260,#705,.T.);
#1870=EDGE_CURVE('',#1261,#1466,#706,.T.);
#1871=EDGE_CURVE('',#1469,#1258,#707,.T.);
#1872=EDGE_CURVE('',#1468,#1259,#708,.T.);
#1873=EDGE_CURVE('',#1410,#1321,#709,.T.);
#1874=EDGE_CURVE('',#1409,#1322,#710,.T.);
#1875=EDGE_CURVE('',#1323,#1408,#711,.T.);
#1876=EDGE_CURVE('',#1411,#1320,#712,.T.);
#1877=EDGE_CURVE('',#1426,#1305,#713,.T.);
#1878=EDGE_CURVE('',#1425,#1306,#714,.T.);
#1879=EDGE_CURVE('',#1307,#1424,#715,.T.);
#1880=EDGE_CURVE('',#1427,#1304,#716,.T.);
#1881=EDGE_CURVE('',#1477,#1326,#717,.T.);
#1882=EDGE_CURVE('',#1476,#1327,#718,.T.);
#1883=EDGE_CURVE('',#1475,#1324,#719,.T.);
#1884=EDGE_CURVE('',#1474,#1325,#720,.T.);
#1885=EDGE_CURVE('',#1481,#1330,#721,.T.);
#1886=EDGE_CURVE('',#1480,#1331,#722,.T.);
#1887=EDGE_CURVE('',#1479,#1328,#723,.T.);
#1888=EDGE_CURVE('',#1478,#1329,#724,.T.);
#1889=EDGE_CURVE('',#1485,#1334,#725,.T.);
#1890=EDGE_CURVE('',#1484,#1335,#726,.T.);
#1891=EDGE_CURVE('',#1483,#1332,#727,.T.);
#1892=EDGE_CURVE('',#1482,#1333,#728,.T.);
#1893=EDGE_CURVE('',#1455,#1272,#729,.T.);
#1894=EDGE_CURVE('',#1273,#1454,#730,.T.);
#1895=EDGE_CURVE('',#1457,#1270,#731,.T.);
#1896=EDGE_CURVE('',#1456,#1271,#732,.T.);
#1897=EDGE_CURVE('',#1489,#1338,#733,.T.);
#1898=EDGE_CURVE('',#1488,#1339,#734,.T.);
#1899=EDGE_CURVE('',#1487,#1336,#735,.T.);
#1900=EDGE_CURVE('',#1486,#1337,#736,.T.);
#1901=EDGE_CURVE('',#1493,#1342,#737,.T.);
#1902=EDGE_CURVE('',#1492,#1343,#738,.T.);
#1903=EDGE_CURVE('',#1491,#1340,#739,.T.);
#1904=EDGE_CURVE('',#1490,#1341,#740,.T.);
#1905=EDGE_CURVE('',#1422,#1309,#741,.T.);
#1906=EDGE_CURVE('',#1421,#1310,#742,.T.);
#1907=EDGE_CURVE('',#1311,#1420,#743,.T.);
#1908=EDGE_CURVE('',#1423,#1308,#744,.T.);
#1909=EDGE_CURVE('',#1407,#1252,#745,.T.);
#1910=EDGE_CURVE('',#1253,#1406,#746,.T.);
#1911=EDGE_CURVE('',#1463,#1264,#747,.T.);
#1912=EDGE_CURVE('',#1265,#1462,#748,.T.);
#1913=EDGE_CURVE('',#1465,#1262,#749,.T.);
#1914=EDGE_CURVE('',#1464,#1263,#750,.T.);
#1915=EDGE_CURVE('',#1471,#1256,#751,.T.);
#1916=EDGE_CURVE('',#1257,#1470,#752,.T.);
#1917=EDGE_CURVE('',#1473,#1254,#753,.T.);
#1918=EDGE_CURVE('',#1472,#1255,#754,.T.);
#1919=EDGE_CURVE('',#1414,#1317,#755,.T.);
#1920=EDGE_CURVE('',#1413,#1318,#756,.T.);
#1921=EDGE_CURVE('',#1319,#1412,#757,.T.);
#1922=EDGE_CURVE('',#1415,#1316,#758,.T.);
#1923=EDGE_CURVE('',#1430,#1301,#759,.T.);
#1924=EDGE_CURVE('',#1429,#1302,#760,.T.);
#1925=EDGE_CURVE('',#1303,#1428,#761,.T.);
#1926=EDGE_CURVE('',#1431,#1300,#762,.T.);
#1927=EDGE_CURVE('',#1497,#1346,#763,.T.);
#1928=EDGE_CURVE('',#1496,#1347,#764,.T.);
#1929=EDGE_CURVE('',#1495,#1344,#765,.T.);
#1930=EDGE_CURVE('',#1494,#1345,#766,.T.);
#1931=EDGE_CURVE('',#1501,#1350,#767,.T.);
#1932=EDGE_CURVE('',#1500,#1351,#768,.T.);
#1933=EDGE_CURVE('',#1499,#1348,#769,.T.);
#1934=EDGE_CURVE('',#1498,#1349,#770,.T.);
#1935=EDGE_CURVE('',#1505,#1354,#771,.T.);
#1936=EDGE_CURVE('',#1504,#1355,#772,.T.);
#1937=EDGE_CURVE('',#1503,#1352,#773,.T.);
#1938=EDGE_CURVE('',#1502,#1353,#774,.T.);
#1939=EDGE_CURVE('',#1509,#1358,#775,.T.);
#1940=EDGE_CURVE('',#1508,#1359,#776,.T.);
#1941=EDGE_CURVE('',#1507,#1356,#777,.T.);
#1942=EDGE_CURVE('',#1506,#1357,#778,.T.);
#1943=EDGE_CURVE('',#1513,#1362,#779,.T.);
#1944=EDGE_CURVE('',#1512,#1363,#780,.T.);
#1945=EDGE_CURVE('',#1511,#1360,#781,.T.);
#1946=EDGE_CURVE('',#1510,#1361,#782,.T.);
#1947=EDGE_CURVE('',#1517,#1366,#783,.T.);
#1948=EDGE_CURVE('',#1516,#1367,#784,.T.);
#1949=EDGE_CURVE('',#1515,#1364,#785,.T.);
#1950=EDGE_CURVE('',#1514,#1365,#786,.T.);
#1951=EDGE_CURVE('',#1521,#1370,#787,.T.);
#1952=EDGE_CURVE('',#1520,#1371,#788,.T.);
#1953=EDGE_CURVE('',#1519,#1368,#789,.T.);
#1954=EDGE_CURVE('',#1518,#1369,#790,.T.);
#1955=EDGE_CURVE('',#1451,#1276,#791,.T.);
#1956=EDGE_CURVE('',#1277,#1450,#792,.T.);
#1957=EDGE_CURVE('',#1453,#1274,#793,.T.);
#1958=EDGE_CURVE('',#1452,#1275,#794,.T.);
#1959=EDGE_CURVE('',#1418,#1313,#795,.T.);
#1960=EDGE_CURVE('',#1417,#1314,#796,.T.);
#1961=EDGE_CURVE('',#1315,#1416,#797,.T.);
#1962=EDGE_CURVE('',#1419,#1312,#798,.T.);
#1963=EDGE_CURVE('',#1459,#1268,#799,.T.);
#1964=EDGE_CURVE('',#1269,#1458,#800,.T.);
#1965=EDGE_CURVE('',#1461,#1266,#801,.T.);
#1966=EDGE_CURVE('',#1460,#1267,#802,.T.);
#1967=EDGE_CURVE('',#1299,#1432,#803,.T.);
#1968=EDGE_CURVE('',#1449,#1278,#804,.T.);
#1969=EDGE_CURVE('',#1525,#1378,#805,.T.);
#1970=EDGE_CURVE('',#1524,#1379,#806,.T.);
#1971=EDGE_CURVE('',#1523,#1376,#807,.T.);
#1972=EDGE_CURVE('',#1522,#1377,#808,.T.);
#1973=EDGE_CURVE('',#1434,#1297,#809,.T.);
#1974=EDGE_CURVE('',#1433,#1298,#810,.T.);
#1975=EDGE_CURVE('',#1447,#1280,#811,.T.);
#1976=EDGE_CURVE('',#1281,#1446,#812,.T.);
#1977=EDGE_CURVE('',#1448,#1279,#813,.T.);
#1978=EDGE_CURVE('',#1529,#1374,#814,.T.);
#1979=EDGE_CURVE('',#1528,#1375,#815,.T.);
#1980=EDGE_CURVE('',#1527,#1372,#816,.T.);
#1981=EDGE_CURVE('',#1526,#1373,#817,.T.);
#1982=ORIENTED_EDGE('',*,*,#1544,.T.);
#1983=ORIENTED_EDGE('',*,*,#1545,.T.);
#1984=ORIENTED_EDGE('',*,*,#1546,.T.);
#1985=ORIENTED_EDGE('',*,*,#1547,.T.);
#1986=ORIENTED_EDGE('',*,*,#1548,.T.);
#1987=ORIENTED_EDGE('',*,*,#1549,.T.);
#1988=ORIENTED_EDGE('',*,*,#1550,.T.);
#1989=ORIENTED_EDGE('',*,*,#1551,.T.);
#1990=ORIENTED_EDGE('',*,*,#1552,.T.);
#1991=ORIENTED_EDGE('',*,*,#1553,.T.);
#1992=ORIENTED_EDGE('',*,*,#1554,.T.);
#1993=ORIENTED_EDGE('',*,*,#1555,.T.);
#1994=ORIENTED_EDGE('',*,*,#1556,.T.);
#1995=ORIENTED_EDGE('',*,*,#1557,.T.);
#1996=ORIENTED_EDGE('',*,*,#1558,.T.);
#1997=ORIENTED_EDGE('',*,*,#1559,.T.);
#1998=ORIENTED_EDGE('',*,*,#1560,.T.);
#1999=ORIENTED_EDGE('',*,*,#1561,.T.);
#2000=ORIENTED_EDGE('',*,*,#1562,.T.);
#2001=ORIENTED_EDGE('',*,*,#1563,.T.);
#2002=ORIENTED_EDGE('',*,*,#1564,.T.);
#2003=ORIENTED_EDGE('',*,*,#1565,.T.);
#2004=ORIENTED_EDGE('',*,*,#1566,.T.);
#2005=ORIENTED_EDGE('',*,*,#1567,.T.);
#2006=ORIENTED_EDGE('',*,*,#1568,.T.);
#2007=ORIENTED_EDGE('',*,*,#1569,.T.);
#2008=ORIENTED_EDGE('',*,*,#1570,.T.);
#2009=ORIENTED_EDGE('',*,*,#1571,.T.);
#2010=ORIENTED_EDGE('',*,*,#1572,.T.);
#2011=ORIENTED_EDGE('',*,*,#1573,.T.);
#2012=ORIENTED_EDGE('',*,*,#1574,.T.);
#2013=ORIENTED_EDGE('',*,*,#1575,.T.);
#2014=ORIENTED_EDGE('',*,*,#1576,.T.);
#2015=ORIENTED_EDGE('',*,*,#1577,.T.);
#2016=ORIENTED_EDGE('',*,*,#1578,.F.);
#2017=ORIENTED_EDGE('',*,*,#1579,.F.);
#2018=ORIENTED_EDGE('',*,*,#1580,.F.);
#2019=ORIENTED_EDGE('',*,*,#1581,.F.);
#2020=ORIENTED_EDGE('',*,*,#1582,.F.);
#2021=ORIENTED_EDGE('',*,*,#1583,.T.);
#2022=ORIENTED_EDGE('',*,*,#1584,.T.);
#2023=ORIENTED_EDGE('',*,*,#1585,.T.);
#2024=ORIENTED_EDGE('',*,*,#1586,.T.);
#2025=ORIENTED_EDGE('',*,*,#1587,.T.);
#2026=ORIENTED_EDGE('',*,*,#1588,.T.);
#2027=ORIENTED_EDGE('',*,*,#1589,.T.);
#2028=ORIENTED_EDGE('',*,*,#1590,.T.);
#2029=ORIENTED_EDGE('',*,*,#1591,.T.);
#2030=ORIENTED_EDGE('',*,*,#1592,.T.);
#2031=ORIENTED_EDGE('',*,*,#1593,.T.);
#2032=ORIENTED_EDGE('',*,*,#1594,.T.);
#2033=ORIENTED_EDGE('',*,*,#1595,.T.);
#2034=ORIENTED_EDGE('',*,*,#1596,.T.);
#2035=ORIENTED_EDGE('',*,*,#1597,.T.);
#2036=ORIENTED_EDGE('',*,*,#1598,.T.);
#2037=ORIENTED_EDGE('',*,*,#1599,.T.);
#2038=ORIENTED_EDGE('',*,*,#1600,.T.);
#2039=ORIENTED_EDGE('',*,*,#1601,.T.);
#2040=ORIENTED_EDGE('',*,*,#1602,.T.);
#2041=ORIENTED_EDGE('',*,*,#1603,.T.);
#2042=ORIENTED_EDGE('',*,*,#1604,.T.);
#2043=ORIENTED_EDGE('',*,*,#1605,.T.);
#2044=ORIENTED_EDGE('',*,*,#1606,.T.);
#2045=ORIENTED_EDGE('',*,*,#1607,.T.);
#2046=ORIENTED_EDGE('',*,*,#1608,.T.);
#2047=ORIENTED_EDGE('',*,*,#1609,.T.);
#2048=ORIENTED_EDGE('',*,*,#1610,.T.);
#2049=ORIENTED_EDGE('',*,*,#1611,.T.);
#2050=ORIENTED_EDGE('',*,*,#1612,.T.);
#2051=ORIENTED_EDGE('',*,*,#1613,.T.);
#2052=ORIENTED_EDGE('',*,*,#1614,.T.);
#2053=ORIENTED_EDGE('',*,*,#1615,.T.);
#2054=ORIENTED_EDGE('',*,*,#1616,.T.);
#2055=ORIENTED_EDGE('',*,*,#1617,.T.);
#2056=ORIENTED_EDGE('',*,*,#1618,.T.);
#2057=ORIENTED_EDGE('',*,*,#1619,.T.);
#2058=ORIENTED_EDGE('',*,*,#1620,.T.);
#2059=ORIENTED_EDGE('',*,*,#1621,.T.);
#2060=ORIENTED_EDGE('',*,*,#1622,.T.);
#2061=ORIENTED_EDGE('',*,*,#1623,.T.);
#2062=ORIENTED_EDGE('',*,*,#1624,.T.);
#2063=ORIENTED_EDGE('',*,*,#1625,.T.);
#2064=ORIENTED_EDGE('',*,*,#1626,.T.);
#2065=ORIENTED_EDGE('',*,*,#1627,.T.);
#2066=ORIENTED_EDGE('',*,*,#1628,.T.);
#2067=ORIENTED_EDGE('',*,*,#1629,.T.);
#2068=ORIENTED_EDGE('',*,*,#1630,.T.);
#2069=ORIENTED_EDGE('',*,*,#1631,.T.);
#2070=ORIENTED_EDGE('',*,*,#1632,.T.);
#2071=ORIENTED_EDGE('',*,*,#1633,.T.);
#2072=ORIENTED_EDGE('',*,*,#1634,.T.);
#2073=ORIENTED_EDGE('',*,*,#1635,.T.);
#2074=ORIENTED_EDGE('',*,*,#1636,.T.);
#2075=ORIENTED_EDGE('',*,*,#1637,.T.);
#2076=ORIENTED_EDGE('',*,*,#1638,.T.);
#2077=ORIENTED_EDGE('',*,*,#1639,.T.);
#2078=ORIENTED_EDGE('',*,*,#1640,.T.);
#2079=ORIENTED_EDGE('',*,*,#1641,.T.);
#2080=ORIENTED_EDGE('',*,*,#1642,.T.);
#2081=ORIENTED_EDGE('',*,*,#1643,.T.);
#2082=ORIENTED_EDGE('',*,*,#1644,.T.);
#2083=ORIENTED_EDGE('',*,*,#1645,.T.);
#2084=ORIENTED_EDGE('',*,*,#1646,.T.);
#2085=ORIENTED_EDGE('',*,*,#1647,.T.);
#2086=ORIENTED_EDGE('',*,*,#1648,.T.);
#2087=ORIENTED_EDGE('',*,*,#1649,.T.);
#2088=ORIENTED_EDGE('',*,*,#1650,.T.);
#2089=ORIENTED_EDGE('',*,*,#1651,.T.);
#2090=ORIENTED_EDGE('',*,*,#1652,.T.);
#2091=ORIENTED_EDGE('',*,*,#1653,.T.);
#2092=ORIENTED_EDGE('',*,*,#1654,.T.);
#2093=ORIENTED_EDGE('',*,*,#1655,.T.);
#2094=ORIENTED_EDGE('',*,*,#1656,.T.);
#2095=ORIENTED_EDGE('',*,*,#1657,.T.);
#2096=ORIENTED_EDGE('',*,*,#1658,.T.);
#2097=ORIENTED_EDGE('',*,*,#1659,.T.);
#2098=ORIENTED_EDGE('',*,*,#1660,.T.);
#2099=ORIENTED_EDGE('',*,*,#1661,.T.);
#2100=ORIENTED_EDGE('',*,*,#1662,.T.);
#2101=ORIENTED_EDGE('',*,*,#1663,.T.);
#2102=ORIENTED_EDGE('',*,*,#1664,.T.);
#2103=ORIENTED_EDGE('',*,*,#1665,.T.);
#2104=ORIENTED_EDGE('',*,*,#1666,.T.);
#2105=ORIENTED_EDGE('',*,*,#1667,.T.);
#2106=ORIENTED_EDGE('',*,*,#1668,.T.);
#2107=ORIENTED_EDGE('',*,*,#1669,.T.);
#2108=ORIENTED_EDGE('',*,*,#1670,.T.);
#2109=ORIENTED_EDGE('',*,*,#1671,.T.);
#2110=ORIENTED_EDGE('',*,*,#1672,.T.);
#2111=ORIENTED_EDGE('',*,*,#1673,.T.);
#2112=ORIENTED_EDGE('',*,*,#1674,.T.);
#2113=ORIENTED_EDGE('',*,*,#1675,.T.);
#2114=ORIENTED_EDGE('',*,*,#1676,.T.);
#2115=ORIENTED_EDGE('',*,*,#1677,.T.);
#2116=ORIENTED_EDGE('',*,*,#1678,.T.);
#2117=ORIENTED_EDGE('',*,*,#1679,.T.);
#2118=ORIENTED_EDGE('',*,*,#1680,.T.);
#2119=ORIENTED_EDGE('',*,*,#1681,.T.);
#2120=ORIENTED_EDGE('',*,*,#1682,.T.);
#2121=ORIENTED_EDGE('',*,*,#1683,.T.);
#2122=ORIENTED_EDGE('',*,*,#1684,.F.);
#2123=ORIENTED_EDGE('',*,*,#1685,.F.);
#2124=ORIENTED_EDGE('',*,*,#1686,.F.);
#2125=ORIENTED_EDGE('',*,*,#1687,.F.);
#2126=ORIENTED_EDGE('',*,*,#1688,.F.);
#2127=ORIENTED_EDGE('',*,*,#1689,.F.);
#2128=ORIENTED_EDGE('',*,*,#1690,.F.);
#2129=ORIENTED_EDGE('',*,*,#1691,.T.);
#2130=ORIENTED_EDGE('',*,*,#1692,.T.);
#2131=ORIENTED_EDGE('',*,*,#1693,.T.);
#2132=ORIENTED_EDGE('',*,*,#1694,.T.);
#2133=ORIENTED_EDGE('',*,*,#1695,.T.);
#2134=ORIENTED_EDGE('',*,*,#1696,.F.);
#2135=ORIENTED_EDGE('',*,*,#1693,.F.);
#2136=ORIENTED_EDGE('',*,*,#1697,.F.);
#2137=ORIENTED_EDGE('',*,*,#1582,.T.);
#2138=ORIENTED_EDGE('',*,*,#1698,.T.);
#2139=ORIENTED_EDGE('',*,*,#1699,.F.);
#2140=ORIENTED_EDGE('',*,*,#1700,.F.);
#2141=ORIENTED_EDGE('',*,*,#1578,.T.);
#2142=ORIENTED_EDGE('',*,*,#1701,.T.);
#2143=ORIENTED_EDGE('',*,*,#1702,.T.);
#2144=ORIENTED_EDGE('',*,*,#1703,.T.);
#2145=ORIENTED_EDGE('',*,*,#1704,.T.);
#2146=ORIENTED_EDGE('',*,*,#1705,.T.);
#2147=ORIENTED_EDGE('',*,*,#1706,.T.);
#2148=ORIENTED_EDGE('',*,*,#1707,.T.);
#2149=ORIENTED_EDGE('',*,*,#1708,.T.);
#2150=ORIENTED_EDGE('',*,*,#1709,.T.);
#2151=ORIENTED_EDGE('',*,*,#1710,.T.);
#2152=ORIENTED_EDGE('',*,*,#1711,.T.);
#2153=ORIENTED_EDGE('',*,*,#1712,.T.);
#2154=ORIENTED_EDGE('',*,*,#1713,.T.);
#2155=ORIENTED_EDGE('',*,*,#1714,.T.);
#2156=ORIENTED_EDGE('',*,*,#1715,.T.);
#2157=ORIENTED_EDGE('',*,*,#1716,.T.);
#2158=ORIENTED_EDGE('',*,*,#1717,.T.);
#2159=ORIENTED_EDGE('',*,*,#1718,.T.);
#2160=ORIENTED_EDGE('',*,*,#1719,.T.);
#2161=ORIENTED_EDGE('',*,*,#1720,.T.);
#2162=ORIENTED_EDGE('',*,*,#1721,.T.);
#2163=ORIENTED_EDGE('',*,*,#1722,.T.);
#2164=ORIENTED_EDGE('',*,*,#1723,.T.);
#2165=ORIENTED_EDGE('',*,*,#1724,.T.);
#2166=ORIENTED_EDGE('',*,*,#1725,.T.);
#2167=ORIENTED_EDGE('',*,*,#1726,.T.);
#2168=ORIENTED_EDGE('',*,*,#1727,.T.);
#2169=ORIENTED_EDGE('',*,*,#1728,.T.);
#2170=ORIENTED_EDGE('',*,*,#1729,.T.);
#2171=ORIENTED_EDGE('',*,*,#1730,.T.);
#2172=ORIENTED_EDGE('',*,*,#1731,.T.);
#2173=ORIENTED_EDGE('',*,*,#1732,.T.);
#2174=ORIENTED_EDGE('',*,*,#1733,.T.);
#2175=ORIENTED_EDGE('',*,*,#1734,.T.);
#2176=ORIENTED_EDGE('',*,*,#1691,.F.);
#2177=ORIENTED_EDGE('',*,*,#1735,.T.);
#2178=ORIENTED_EDGE('',*,*,#1736,.T.);
#2179=ORIENTED_EDGE('',*,*,#1737,.T.);
#2180=ORIENTED_EDGE('',*,*,#1695,.F.);
#2181=ORIENTED_EDGE('',*,*,#1738,.F.);
#2182=ORIENTED_EDGE('',*,*,#1739,.T.);
#2183=ORIENTED_EDGE('',*,*,#1740,.T.);
#2184=ORIENTED_EDGE('',*,*,#1741,.T.);
#2185=ORIENTED_EDGE('',*,*,#1742,.F.);
#2186=ORIENTED_EDGE('',*,*,#1743,.T.);
#2187=ORIENTED_EDGE('',*,*,#1744,.T.);
#2188=ORIENTED_EDGE('',*,*,#1745,.T.);
#2189=ORIENTED_EDGE('',*,*,#1746,.T.);
#2190=ORIENTED_EDGE('',*,*,#1747,.T.);
#2191=ORIENTED_EDGE('',*,*,#1748,.T.);
#2192=ORIENTED_EDGE('',*,*,#1749,.T.);
#2193=ORIENTED_EDGE('',*,*,#1750,.T.);
#2194=ORIENTED_EDGE('',*,*,#1751,.T.);
#2195=ORIENTED_EDGE('',*,*,#1752,.T.);
#2196=ORIENTED_EDGE('',*,*,#1753,.T.);
#2197=ORIENTED_EDGE('',*,*,#1754,.T.);
#2198=ORIENTED_EDGE('',*,*,#1755,.T.);
#2199=ORIENTED_EDGE('',*,*,#1756,.T.);
#2200=ORIENTED_EDGE('',*,*,#1757,.T.);
#2201=ORIENTED_EDGE('',*,*,#1758,.T.);
#2202=ORIENTED_EDGE('',*,*,#1759,.T.);
#2203=ORIENTED_EDGE('',*,*,#1760,.T.);
#2204=ORIENTED_EDGE('',*,*,#1761,.T.);
#2205=ORIENTED_EDGE('',*,*,#1762,.T.);
#2206=ORIENTED_EDGE('',*,*,#1763,.T.);
#2207=ORIENTED_EDGE('',*,*,#1764,.T.);
#2208=ORIENTED_EDGE('',*,*,#1765,.T.);
#2209=ORIENTED_EDGE('',*,*,#1766,.T.);
#2210=ORIENTED_EDGE('',*,*,#1767,.T.);
#2211=ORIENTED_EDGE('',*,*,#1768,.T.);
#2212=ORIENTED_EDGE('',*,*,#1769,.T.);
#2213=ORIENTED_EDGE('',*,*,#1770,.T.);
#2214=ORIENTED_EDGE('',*,*,#1771,.T.);
#2215=ORIENTED_EDGE('',*,*,#1772,.T.);
#2216=ORIENTED_EDGE('',*,*,#1773,.T.);
#2217=ORIENTED_EDGE('',*,*,#1774,.T.);
#2218=ORIENTED_EDGE('',*,*,#1775,.T.);
#2219=ORIENTED_EDGE('',*,*,#1776,.T.);
#2220=ORIENTED_EDGE('',*,*,#1777,.T.);
#2221=ORIENTED_EDGE('',*,*,#1778,.T.);
#2222=ORIENTED_EDGE('',*,*,#1779,.T.);
#2223=ORIENTED_EDGE('',*,*,#1780,.T.);
#2224=ORIENTED_EDGE('',*,*,#1781,.T.);
#2225=ORIENTED_EDGE('',*,*,#1782,.T.);
#2226=ORIENTED_EDGE('',*,*,#1783,.T.);
#2227=ORIENTED_EDGE('',*,*,#1784,.T.);
#2228=ORIENTED_EDGE('',*,*,#1785,.T.);
#2229=ORIENTED_EDGE('',*,*,#1786,.T.);
#2230=ORIENTED_EDGE('',*,*,#1787,.T.);
#2231=ORIENTED_EDGE('',*,*,#1788,.T.);
#2232=ORIENTED_EDGE('',*,*,#1789,.T.);
#2233=ORIENTED_EDGE('',*,*,#1790,.T.);
#2234=ORIENTED_EDGE('',*,*,#1791,.T.);
#2235=ORIENTED_EDGE('',*,*,#1792,.T.);
#2236=ORIENTED_EDGE('',*,*,#1793,.T.);
#2237=ORIENTED_EDGE('',*,*,#1794,.T.);
#2238=ORIENTED_EDGE('',*,*,#1795,.T.);
#2239=ORIENTED_EDGE('',*,*,#1796,.T.);
#2240=ORIENTED_EDGE('',*,*,#1797,.T.);
#2241=ORIENTED_EDGE('',*,*,#1798,.T.);
#2242=ORIENTED_EDGE('',*,*,#1799,.T.);
#2243=ORIENTED_EDGE('',*,*,#1800,.T.);
#2244=ORIENTED_EDGE('',*,*,#1801,.T.);
#2245=ORIENTED_EDGE('',*,*,#1802,.T.);
#2246=ORIENTED_EDGE('',*,*,#1803,.T.);
#2247=ORIENTED_EDGE('',*,*,#1804,.T.);
#2248=ORIENTED_EDGE('',*,*,#1805,.T.);
#2249=ORIENTED_EDGE('',*,*,#1806,.T.);
#2250=ORIENTED_EDGE('',*,*,#1807,.T.);
#2251=ORIENTED_EDGE('',*,*,#1808,.T.);
#2252=ORIENTED_EDGE('',*,*,#1809,.T.);
#2253=ORIENTED_EDGE('',*,*,#1810,.T.);
#2254=ORIENTED_EDGE('',*,*,#1811,.T.);
#2255=ORIENTED_EDGE('',*,*,#1812,.T.);
#2256=ORIENTED_EDGE('',*,*,#1813,.T.);
#2257=ORIENTED_EDGE('',*,*,#1814,.T.);
#2258=ORIENTED_EDGE('',*,*,#1815,.T.);
#2259=ORIENTED_EDGE('',*,*,#1816,.T.);
#2260=ORIENTED_EDGE('',*,*,#1817,.T.);
#2261=ORIENTED_EDGE('',*,*,#1818,.T.);
#2262=ORIENTED_EDGE('',*,*,#1819,.T.);
#2263=ORIENTED_EDGE('',*,*,#1820,.T.);
#2264=ORIENTED_EDGE('',*,*,#1821,.T.);
#2265=ORIENTED_EDGE('',*,*,#1822,.T.);
#2266=ORIENTED_EDGE('',*,*,#1823,.T.);
#2267=ORIENTED_EDGE('',*,*,#1824,.T.);
#2268=ORIENTED_EDGE('',*,*,#1825,.T.);
#2269=ORIENTED_EDGE('',*,*,#1826,.T.);
#2270=ORIENTED_EDGE('',*,*,#1827,.T.);
#2271=ORIENTED_EDGE('',*,*,#1828,.T.);
#2272=ORIENTED_EDGE('',*,*,#1829,.T.);
#2273=ORIENTED_EDGE('',*,*,#1830,.T.);
#2274=ORIENTED_EDGE('',*,*,#1831,.T.);
#2275=ORIENTED_EDGE('',*,*,#1832,.T.);
#2276=ORIENTED_EDGE('',*,*,#1833,.T.);
#2277=ORIENTED_EDGE('',*,*,#1834,.T.);
#2278=ORIENTED_EDGE('',*,*,#1699,.T.);
#2279=ORIENTED_EDGE('',*,*,#1835,.T.);
#2280=ORIENTED_EDGE('',*,*,#1836,.T.);
#2281=ORIENTED_EDGE('',*,*,#1837,.T.);
#2282=ORIENTED_EDGE('',*,*,#1838,.T.);
#2283=ORIENTED_EDGE('',*,*,#1839,.T.);
#2284=ORIENTED_EDGE('',*,*,#1840,.T.);
#2285=ORIENTED_EDGE('',*,*,#1841,.T.);
#2286=ORIENTED_EDGE('',*,*,#1685,.T.);
#2287=ORIENTED_EDGE('',*,*,#1842,.F.);
#2288=ORIENTED_EDGE('',*,*,#1841,.F.);
#2289=ORIENTED_EDGE('',*,*,#1843,.F.);
#2290=ORIENTED_EDGE('',*,*,#1684,.T.);
#2291=ORIENTED_EDGE('',*,*,#1844,.T.);
#2292=ORIENTED_EDGE('',*,*,#1838,.F.);
#2293=ORIENTED_EDGE('',*,*,#1842,.T.);
#2294=ORIENTED_EDGE('',*,*,#1580,.T.);
#2295=ORIENTED_EDGE('',*,*,#1845,.T.);
#2296=ORIENTED_EDGE('',*,*,#1836,.F.);
#2297=ORIENTED_EDGE('',*,*,#1846,.F.);
#2298=ORIENTED_EDGE('',*,*,#1579,.T.);
#2299=ORIENTED_EDGE('',*,*,#1700,.T.);
#2300=ORIENTED_EDGE('',*,*,#1837,.F.);
#2301=ORIENTED_EDGE('',*,*,#1845,.F.);
#2302=ORIENTED_EDGE('',*,*,#1581,.T.);
#2303=ORIENTED_EDGE('',*,*,#1846,.T.);
#2304=ORIENTED_EDGE('',*,*,#1835,.F.);
#2305=ORIENTED_EDGE('',*,*,#1698,.F.);
#2306=ORIENTED_EDGE('',*,*,#1687,.T.);
#2307=ORIENTED_EDGE('',*,*,#1847,.F.);
#2308=ORIENTED_EDGE('',*,*,#1839,.F.);
#2309=ORIENTED_EDGE('',*,*,#1844,.F.);
#2310=ORIENTED_EDGE('',*,*,#1686,.T.);
#2311=ORIENTED_EDGE('',*,*,#1843,.T.);
#2312=ORIENTED_EDGE('',*,*,#1840,.F.);
#2313=ORIENTED_EDGE('',*,*,#1847,.T.);
#2314=ORIENTED_EDGE('',*,*,#1575,.F.);
#2315=ORIENTED_EDGE('',*,*,#1848,.F.);
#2316=ORIENTED_EDGE('',*,*,#1740,.F.);
#2317=ORIENTED_EDGE('',*,*,#1849,.T.);
#2318=ORIENTED_EDGE('',*,*,#1576,.F.);
#2319=ORIENTED_EDGE('',*,*,#1849,.F.);
#2320=ORIENTED_EDGE('',*,*,#1739,.F.);
#2321=ORIENTED_EDGE('',*,*,#1850,.F.);
#2322=ORIENTED_EDGE('',*,*,#1574,.F.);
#2323=ORIENTED_EDGE('',*,*,#1851,.F.);
#2324=ORIENTED_EDGE('',*,*,#1741,.F.);
#2325=ORIENTED_EDGE('',*,*,#1848,.T.);
#2326=ORIENTED_EDGE('',*,*,#1585,.F.);
#2327=ORIENTED_EDGE('',*,*,#1852,.F.);
#2328=ORIENTED_EDGE('',*,*,#1732,.F.);
#2329=ORIENTED_EDGE('',*,*,#1853,.T.);
#2330=ORIENTED_EDGE('',*,*,#1586,.F.);
#2331=ORIENTED_EDGE('',*,*,#1853,.F.);
#2332=ORIENTED_EDGE('',*,*,#1731,.F.);
#2333=ORIENTED_EDGE('',*,*,#1854,.F.);
#2334=ORIENTED_EDGE('',*,*,#1584,.F.);
#2335=ORIENTED_EDGE('',*,*,#1855,.F.);
#2336=ORIENTED_EDGE('',*,*,#1733,.F.);
#2337=ORIENTED_EDGE('',*,*,#1852,.T.);
#2338=ORIENTED_EDGE('',*,*,#1682,.F.);
#2339=ORIENTED_EDGE('',*,*,#1856,.F.);
#2340=ORIENTED_EDGE('',*,*,#1833,.F.);
#2341=ORIENTED_EDGE('',*,*,#1857,.T.);
#2342=ORIENTED_EDGE('',*,*,#1683,.F.);
#2343=ORIENTED_EDGE('',*,*,#1857,.F.);
#2344=ORIENTED_EDGE('',*,*,#1832,.F.);
#2345=ORIENTED_EDGE('',*,*,#1858,.T.);
#2346=ORIENTED_EDGE('',*,*,#1680,.F.);
#2347=ORIENTED_EDGE('',*,*,#1858,.F.);
#2348=ORIENTED_EDGE('',*,*,#1831,.F.);
#2349=ORIENTED_EDGE('',*,*,#1859,.T.);
#2350=ORIENTED_EDGE('',*,*,#1681,.F.);
#2351=ORIENTED_EDGE('',*,*,#1859,.F.);
#2352=ORIENTED_EDGE('',*,*,#1834,.F.);
#2353=ORIENTED_EDGE('',*,*,#1856,.T.);
#2354=ORIENTED_EDGE('',*,*,#1678,.F.);
#2355=ORIENTED_EDGE('',*,*,#1860,.F.);
#2356=ORIENTED_EDGE('',*,*,#1829,.F.);
#2357=ORIENTED_EDGE('',*,*,#1861,.T.);
#2358=ORIENTED_EDGE('',*,*,#1679,.F.);
#2359=ORIENTED_EDGE('',*,*,#1861,.F.);
#2360=ORIENTED_EDGE('',*,*,#1828,.F.);
#2361=ORIENTED_EDGE('',*,*,#1862,.T.);
#2362=ORIENTED_EDGE('',*,*,#1676,.F.);
#2363=ORIENTED_EDGE('',*,*,#1862,.F.);
#2364=ORIENTED_EDGE('',*,*,#1827,.F.);
#2365=ORIENTED_EDGE('',*,*,#1863,.T.);
#2366=ORIENTED_EDGE('',*,*,#1677,.F.);
#2367=ORIENTED_EDGE('',*,*,#1863,.F.);
#2368=ORIENTED_EDGE('',*,*,#1830,.F.);
#2369=ORIENTED_EDGE('',*,*,#1860,.T.);
#2370=ORIENTED_EDGE('',*,*,#1674,.F.);
#2371=ORIENTED_EDGE('',*,*,#1864,.F.);
#2372=ORIENTED_EDGE('',*,*,#1736,.F.);
#2373=ORIENTED_EDGE('',*,*,#1865,.T.);
#2374=ORIENTED_EDGE('',*,*,#1675,.F.);
#2375=ORIENTED_EDGE('',*,*,#1865,.F.);
#2376=ORIENTED_EDGE('',*,*,#1735,.F.);
#2377=ORIENTED_EDGE('',*,*,#1690,.T.);
#2378=ORIENTED_EDGE('',*,*,#1866,.T.);
#2379=ORIENTED_EDGE('',*,*,#1672,.F.);
#2380=ORIENTED_EDGE('',*,*,#1866,.F.);
#2381=ORIENTED_EDGE('',*,*,#1689,.T.);
#2382=ORIENTED_EDGE('',*,*,#1867,.T.);
#2383=ORIENTED_EDGE('',*,*,#1673,.F.);
#2384=ORIENTED_EDGE('',*,*,#1867,.F.);
#2385=ORIENTED_EDGE('',*,*,#1688,.T.);
#2386=ORIENTED_EDGE('',*,*,#1737,.F.);
#2387=ORIENTED_EDGE('',*,*,#1864,.T.);
#2388=ORIENTED_EDGE('',*,*,#1854,.T.);
#2389=ORIENTED_EDGE('',*,*,#1730,.F.);
#2390=ORIENTED_EDGE('',*,*,#1868,.T.);
#2391=ORIENTED_EDGE('',*,*,#1587,.F.);
#2392=ORIENTED_EDGE('',*,*,#1697,.T.);
#2393=ORIENTED_EDGE('',*,*,#1692,.F.);
#2394=ORIENTED_EDGE('',*,*,#1734,.F.);
#2395=ORIENTED_EDGE('',*,*,#1855,.T.);
#2396=ORIENTED_EDGE('',*,*,#1583,.F.);
#2397=ORIENTED_EDGE('',*,*,#1850,.T.);
#2398=ORIENTED_EDGE('',*,*,#1738,.T.);
#2399=ORIENTED_EDGE('',*,*,#1694,.F.);
#2400=ORIENTED_EDGE('',*,*,#1696,.T.);
#2401=ORIENTED_EDGE('',*,*,#1577,.F.);
#2402=ORIENTED_EDGE('',*,*,#1552,.F.);
#2403=ORIENTED_EDGE('',*,*,#1869,.F.);
#2404=ORIENTED_EDGE('',*,*,#1763,.F.);
#2405=ORIENTED_EDGE('',*,*,#1870,.F.);
#2406=ORIENTED_EDGE('',*,*,#1550,.F.);
#2407=ORIENTED_EDGE('',*,*,#1871,.F.);
#2408=ORIENTED_EDGE('',*,*,#1765,.F.);
#2409=ORIENTED_EDGE('',*,*,#1872,.T.);
#2410=ORIENTED_EDGE('',*,*,#1551,.F.);
#2411=ORIENTED_EDGE('',*,*,#1872,.F.);
#2412=ORIENTED_EDGE('',*,*,#1764,.F.);
#2413=ORIENTED_EDGE('',*,*,#1869,.T.);
#2414=ORIENTED_EDGE('',*,*,#1613,.F.);
#2415=ORIENTED_EDGE('',*,*,#1873,.F.);
#2416=ORIENTED_EDGE('',*,*,#1704,.F.);
#2417=ORIENTED_EDGE('',*,*,#1874,.T.);
#2418=ORIENTED_EDGE('',*,*,#1614,.F.);
#2419=ORIENTED_EDGE('',*,*,#1874,.F.);
#2420=ORIENTED_EDGE('',*,*,#1703,.F.);
#2421=ORIENTED_EDGE('',*,*,#1875,.F.);
#2422=ORIENTED_EDGE('',*,*,#1612,.F.);
#2423=ORIENTED_EDGE('',*,*,#1876,.F.);
#2424=ORIENTED_EDGE('',*,*,#1705,.F.);
#2425=ORIENTED_EDGE('',*,*,#1873,.T.);
#2426=ORIENTED_EDGE('',*,*,#1597,.F.);
#2427=ORIENTED_EDGE('',*,*,#1877,.F.);
#2428=ORIENTED_EDGE('',*,*,#1720,.F.);
#2429=ORIENTED_EDGE('',*,*,#1878,.T.);
#2430=ORIENTED_EDGE('',*,*,#1598,.F.);
#2431=ORIENTED_EDGE('',*,*,#1878,.F.);
#2432=ORIENTED_EDGE('',*,*,#1719,.F.);
#2433=ORIENTED_EDGE('',*,*,#1879,.F.);
#2434=ORIENTED_EDGE('',*,*,#1596,.F.);
#2435=ORIENTED_EDGE('',*,*,#1880,.F.);
#2436=ORIENTED_EDGE('',*,*,#1721,.F.);
#2437=ORIENTED_EDGE('',*,*,#1877,.T.);
#2438=ORIENTED_EDGE('',*,*,#1618,.F.);
#2439=ORIENTED_EDGE('',*,*,#1881,.F.);
#2440=ORIENTED_EDGE('',*,*,#1773,.F.);
#2441=ORIENTED_EDGE('',*,*,#1882,.T.);
#2442=ORIENTED_EDGE('',*,*,#1619,.F.);
#2443=ORIENTED_EDGE('',*,*,#1882,.F.);
#2444=ORIENTED_EDGE('',*,*,#1772,.F.);
#2445=ORIENTED_EDGE('',*,*,#1883,.T.);
#2446=ORIENTED_EDGE('',*,*,#1616,.F.);
#2447=ORIENTED_EDGE('',*,*,#1883,.F.);
#2448=ORIENTED_EDGE('',*,*,#1771,.F.);
#2449=ORIENTED_EDGE('',*,*,#1884,.T.);
#2450=ORIENTED_EDGE('',*,*,#1617,.F.);
#2451=ORIENTED_EDGE('',*,*,#1884,.F.);
#2452=ORIENTED_EDGE('',*,*,#1774,.F.);
#2453=ORIENTED_EDGE('',*,*,#1881,.T.);
#2454=ORIENTED_EDGE('',*,*,#1622,.F.);
#2455=ORIENTED_EDGE('',*,*,#1885,.F.);
#2456=ORIENTED_EDGE('',*,*,#1777,.F.);
#2457=ORIENTED_EDGE('',*,*,#1886,.T.);
#2458=ORIENTED_EDGE('',*,*,#1623,.F.);
#2459=ORIENTED_EDGE('',*,*,#1886,.F.);
#2460=ORIENTED_EDGE('',*,*,#1776,.F.);
#2461=ORIENTED_EDGE('',*,*,#1887,.T.);
#2462=ORIENTED_EDGE('',*,*,#1620,.F.);
#2463=ORIENTED_EDGE('',*,*,#1887,.F.);
#2464=ORIENTED_EDGE('',*,*,#1775,.F.);
#2465=ORIENTED_EDGE('',*,*,#1888,.T.);
#2466=ORIENTED_EDGE('',*,*,#1621,.F.);
#2467=ORIENTED_EDGE('',*,*,#1888,.F.);
#2468=ORIENTED_EDGE('',*,*,#1778,.F.);
#2469=ORIENTED_EDGE('',*,*,#1885,.T.);
#2470=ORIENTED_EDGE('',*,*,#1626,.F.);
#2471=ORIENTED_EDGE('',*,*,#1889,.F.);
#2472=ORIENTED_EDGE('',*,*,#1781,.F.);
#2473=ORIENTED_EDGE('',*,*,#1890,.T.);
#2474=ORIENTED_EDGE('',*,*,#1627,.F.);
#2475=ORIENTED_EDGE('',*,*,#1890,.F.);
#2476=ORIENTED_EDGE('',*,*,#1780,.F.);
#2477=ORIENTED_EDGE('',*,*,#1891,.T.);
#2478=ORIENTED_EDGE('',*,*,#1624,.F.);
#2479=ORIENTED_EDGE('',*,*,#1891,.F.);
#2480=ORIENTED_EDGE('',*,*,#1779,.F.);
#2481=ORIENTED_EDGE('',*,*,#1892,.T.);
#2482=ORIENTED_EDGE('',*,*,#1625,.F.);
#2483=ORIENTED_EDGE('',*,*,#1892,.F.);
#2484=ORIENTED_EDGE('',*,*,#1782,.F.);
#2485=ORIENTED_EDGE('',*,*,#1889,.T.);
#2486=ORIENTED_EDGE('',*,*,#1564,.F.);
#2487=ORIENTED_EDGE('',*,*,#1893,.F.);
#2488=ORIENTED_EDGE('',*,*,#1751,.F.);
#2489=ORIENTED_EDGE('',*,*,#1894,.F.);
#2490=ORIENTED_EDGE('',*,*,#1562,.F.);
#2491=ORIENTED_EDGE('',*,*,#1895,.F.);
#2492=ORIENTED_EDGE('',*,*,#1753,.F.);
#2493=ORIENTED_EDGE('',*,*,#1896,.T.);
#2494=ORIENTED_EDGE('',*,*,#1563,.F.);
#2495=ORIENTED_EDGE('',*,*,#1896,.F.);
#2496=ORIENTED_EDGE('',*,*,#1752,.F.);
#2497=ORIENTED_EDGE('',*,*,#1893,.T.);
#2498=ORIENTED_EDGE('',*,*,#1630,.F.);
#2499=ORIENTED_EDGE('',*,*,#1897,.F.);
#2500=ORIENTED_EDGE('',*,*,#1785,.F.);
#2501=ORIENTED_EDGE('',*,*,#1898,.T.);
#2502=ORIENTED_EDGE('',*,*,#1631,.F.);
#2503=ORIENTED_EDGE('',*,*,#1898,.F.);
#2504=ORIENTED_EDGE('',*,*,#1784,.F.);
#2505=ORIENTED_EDGE('',*,*,#1899,.T.);
#2506=ORIENTED_EDGE('',*,*,#1628,.F.);
#2507=ORIENTED_EDGE('',*,*,#1899,.F.);
#2508=ORIENTED_EDGE('',*,*,#1783,.F.);
#2509=ORIENTED_EDGE('',*,*,#1900,.T.);
#2510=ORIENTED_EDGE('',*,*,#1629,.F.);
#2511=ORIENTED_EDGE('',*,*,#1900,.F.);
#2512=ORIENTED_EDGE('',*,*,#1786,.F.);
#2513=ORIENTED_EDGE('',*,*,#1897,.T.);
#2514=ORIENTED_EDGE('',*,*,#1634,.F.);
#2515=ORIENTED_EDGE('',*,*,#1901,.F.);
#2516=ORIENTED_EDGE('',*,*,#1789,.F.);
#2517=ORIENTED_EDGE('',*,*,#1902,.T.);
#2518=ORIENTED_EDGE('',*,*,#1635,.F.);
#2519=ORIENTED_EDGE('',*,*,#1902,.F.);
#2520=ORIENTED_EDGE('',*,*,#1788,.F.);
#2521=ORIENTED_EDGE('',*,*,#1903,.T.);
#2522=ORIENTED_EDGE('',*,*,#1632,.F.);
#2523=ORIENTED_EDGE('',*,*,#1903,.F.);
#2524=ORIENTED_EDGE('',*,*,#1787,.F.);
#2525=ORIENTED_EDGE('',*,*,#1904,.T.);
#2526=ORIENTED_EDGE('',*,*,#1633,.F.);
#2527=ORIENTED_EDGE('',*,*,#1904,.F.);
#2528=ORIENTED_EDGE('',*,*,#1790,.F.);
#2529=ORIENTED_EDGE('',*,*,#1901,.T.);
#2530=ORIENTED_EDGE('',*,*,#1601,.F.);
#2531=ORIENTED_EDGE('',*,*,#1905,.F.);
#2532=ORIENTED_EDGE('',*,*,#1716,.F.);
#2533=ORIENTED_EDGE('',*,*,#1906,.T.);
#2534=ORIENTED_EDGE('',*,*,#1602,.F.);
#2535=ORIENTED_EDGE('',*,*,#1906,.F.);
#2536=ORIENTED_EDGE('',*,*,#1715,.F.);
#2537=ORIENTED_EDGE('',*,*,#1907,.F.);
#2538=ORIENTED_EDGE('',*,*,#1600,.F.);
#2539=ORIENTED_EDGE('',*,*,#1908,.F.);
#2540=ORIENTED_EDGE('',*,*,#1717,.F.);
#2541=ORIENTED_EDGE('',*,*,#1905,.T.);
#2542=ORIENTED_EDGE('',*,*,#1544,.F.);
#2543=ORIENTED_EDGE('',*,*,#1909,.F.);
#2544=ORIENTED_EDGE('',*,*,#1701,.F.);
#2545=ORIENTED_EDGE('',*,*,#1910,.F.);
#2546=ORIENTED_EDGE('',*,*,#1556,.F.);
#2547=ORIENTED_EDGE('',*,*,#1911,.F.);
#2548=ORIENTED_EDGE('',*,*,#1759,.F.);
#2549=ORIENTED_EDGE('',*,*,#1912,.F.);
#2550=ORIENTED_EDGE('',*,*,#1554,.F.);
#2551=ORIENTED_EDGE('',*,*,#1913,.F.);
#2552=ORIENTED_EDGE('',*,*,#1761,.F.);
#2553=ORIENTED_EDGE('',*,*,#1914,.T.);
#2554=ORIENTED_EDGE('',*,*,#1555,.F.);
#2555=ORIENTED_EDGE('',*,*,#1914,.F.);
#2556=ORIENTED_EDGE('',*,*,#1760,.F.);
#2557=ORIENTED_EDGE('',*,*,#1911,.T.);
#2558=ORIENTED_EDGE('',*,*,#1548,.F.);
#2559=ORIENTED_EDGE('',*,*,#1915,.F.);
#2560=ORIENTED_EDGE('',*,*,#1767,.F.);
#2561=ORIENTED_EDGE('',*,*,#1916,.F.);
#2562=ORIENTED_EDGE('',*,*,#1546,.F.);
#2563=ORIENTED_EDGE('',*,*,#1917,.F.);
#2564=ORIENTED_EDGE('',*,*,#1769,.F.);
#2565=ORIENTED_EDGE('',*,*,#1918,.T.);
#2566=ORIENTED_EDGE('',*,*,#1547,.F.);
#2567=ORIENTED_EDGE('',*,*,#1918,.F.);
#2568=ORIENTED_EDGE('',*,*,#1768,.F.);
#2569=ORIENTED_EDGE('',*,*,#1915,.T.);
#2570=ORIENTED_EDGE('',*,*,#1609,.F.);
#2571=ORIENTED_EDGE('',*,*,#1919,.F.);
#2572=ORIENTED_EDGE('',*,*,#1708,.F.);
#2573=ORIENTED_EDGE('',*,*,#1920,.T.);
#2574=ORIENTED_EDGE('',*,*,#1610,.F.);
#2575=ORIENTED_EDGE('',*,*,#1920,.F.);
#2576=ORIENTED_EDGE('',*,*,#1707,.F.);
#2577=ORIENTED_EDGE('',*,*,#1921,.F.);
#2578=ORIENTED_EDGE('',*,*,#1608,.F.);
#2579=ORIENTED_EDGE('',*,*,#1922,.F.);
#2580=ORIENTED_EDGE('',*,*,#1709,.F.);
#2581=ORIENTED_EDGE('',*,*,#1919,.T.);
#2582=ORIENTED_EDGE('',*,*,#1593,.F.);
#2583=ORIENTED_EDGE('',*,*,#1923,.F.);
#2584=ORIENTED_EDGE('',*,*,#1724,.F.);
#2585=ORIENTED_EDGE('',*,*,#1924,.T.);
#2586=ORIENTED_EDGE('',*,*,#1594,.F.);
#2587=ORIENTED_EDGE('',*,*,#1924,.F.);
#2588=ORIENTED_EDGE('',*,*,#1723,.F.);
#2589=ORIENTED_EDGE('',*,*,#1925,.F.);
#2590=ORIENTED_EDGE('',*,*,#1592,.F.);
#2591=ORIENTED_EDGE('',*,*,#1926,.F.);
#2592=ORIENTED_EDGE('',*,*,#1725,.F.);
#2593=ORIENTED_EDGE('',*,*,#1923,.T.);
#2594=ORIENTED_EDGE('',*,*,#1638,.F.);
#2595=ORIENTED_EDGE('',*,*,#1927,.F.);
#2596=ORIENTED_EDGE('',*,*,#1793,.F.);
#2597=ORIENTED_EDGE('',*,*,#1928,.T.);
#2598=ORIENTED_EDGE('',*,*,#1639,.F.);
#2599=ORIENTED_EDGE('',*,*,#1928,.F.);
#2600=ORIENTED_EDGE('',*,*,#1792,.F.);
#2601=ORIENTED_EDGE('',*,*,#1929,.T.);
#2602=ORIENTED_EDGE('',*,*,#1636,.F.);
#2603=ORIENTED_EDGE('',*,*,#1929,.F.);
#2604=ORIENTED_EDGE('',*,*,#1791,.F.);
#2605=ORIENTED_EDGE('',*,*,#1930,.T.);
#2606=ORIENTED_EDGE('',*,*,#1637,.F.);
#2607=ORIENTED_EDGE('',*,*,#1930,.F.);
#2608=ORIENTED_EDGE('',*,*,#1794,.F.);
#2609=ORIENTED_EDGE('',*,*,#1927,.T.);
#2610=ORIENTED_EDGE('',*,*,#1642,.F.);
#2611=ORIENTED_EDGE('',*,*,#1931,.F.);
#2612=ORIENTED_EDGE('',*,*,#1797,.F.);
#2613=ORIENTED_EDGE('',*,*,#1932,.T.);
#2614=ORIENTED_EDGE('',*,*,#1643,.F.);
#2615=ORIENTED_EDGE('',*,*,#1932,.F.);
#2616=ORIENTED_EDGE('',*,*,#1796,.F.);
#2617=ORIENTED_EDGE('',*,*,#1933,.T.);
#2618=ORIENTED_EDGE('',*,*,#1640,.F.);
#2619=ORIENTED_EDGE('',*,*,#1933,.F.);
#2620=ORIENTED_EDGE('',*,*,#1795,.F.);
#2621=ORIENTED_EDGE('',*,*,#1934,.T.);
#2622=ORIENTED_EDGE('',*,*,#1641,.F.);
#2623=ORIENTED_EDGE('',*,*,#1934,.F.);
#2624=ORIENTED_EDGE('',*,*,#1798,.F.);
#2625=ORIENTED_EDGE('',*,*,#1931,.T.);
#2626=ORIENTED_EDGE('',*,*,#1646,.F.);
#2627=ORIENTED_EDGE('',*,*,#1935,.F.);
#2628=ORIENTED_EDGE('',*,*,#1801,.F.);
#2629=ORIENTED_EDGE('',*,*,#1936,.T.);
#2630=ORIENTED_EDGE('',*,*,#1647,.F.);
#2631=ORIENTED_EDGE('',*,*,#1936,.F.);
#2632=ORIENTED_EDGE('',*,*,#1800,.F.);
#2633=ORIENTED_EDGE('',*,*,#1937,.T.);
#2634=ORIENTED_EDGE('',*,*,#1644,.F.);
#2635=ORIENTED_EDGE('',*,*,#1937,.F.);
#2636=ORIENTED_EDGE('',*,*,#1799,.F.);
#2637=ORIENTED_EDGE('',*,*,#1938,.T.);
#2638=ORIENTED_EDGE('',*,*,#1645,.F.);
#2639=ORIENTED_EDGE('',*,*,#1938,.F.);
#2640=ORIENTED_EDGE('',*,*,#1802,.F.);
#2641=ORIENTED_EDGE('',*,*,#1935,.T.);
#2642=ORIENTED_EDGE('',*,*,#1650,.F.);
#2643=ORIENTED_EDGE('',*,*,#1939,.F.);
#2644=ORIENTED_EDGE('',*,*,#1805,.F.);
#2645=ORIENTED_EDGE('',*,*,#1940,.T.);
#2646=ORIENTED_EDGE('',*,*,#1651,.F.);
#2647=ORIENTED_EDGE('',*,*,#1940,.F.);
#2648=ORIENTED_EDGE('',*,*,#1804,.F.);
#2649=ORIENTED_EDGE('',*,*,#1941,.T.);
#2650=ORIENTED_EDGE('',*,*,#1648,.F.);
#2651=ORIENTED_EDGE('',*,*,#1941,.F.);
#2652=ORIENTED_EDGE('',*,*,#1803,.F.);
#2653=ORIENTED_EDGE('',*,*,#1942,.T.);
#2654=ORIENTED_EDGE('',*,*,#1649,.F.);
#2655=ORIENTED_EDGE('',*,*,#1942,.F.);
#2656=ORIENTED_EDGE('',*,*,#1806,.F.);
#2657=ORIENTED_EDGE('',*,*,#1939,.T.);
#2658=ORIENTED_EDGE('',*,*,#1654,.F.);
#2659=ORIENTED_EDGE('',*,*,#1943,.F.);
#2660=ORIENTED_EDGE('',*,*,#1809,.F.);
#2661=ORIENTED_EDGE('',*,*,#1944,.T.);
#2662=ORIENTED_EDGE('',*,*,#1655,.F.);
#2663=ORIENTED_EDGE('',*,*,#1944,.F.);
#2664=ORIENTED_EDGE('',*,*,#1808,.F.);
#2665=ORIENTED_EDGE('',*,*,#1945,.T.);
#2666=ORIENTED_EDGE('',*,*,#1652,.F.);
#2667=ORIENTED_EDGE('',*,*,#1945,.F.);
#2668=ORIENTED_EDGE('',*,*,#1807,.F.);
#2669=ORIENTED_EDGE('',*,*,#1946,.T.);
#2670=ORIENTED_EDGE('',*,*,#1653,.F.);
#2671=ORIENTED_EDGE('',*,*,#1946,.F.);
#2672=ORIENTED_EDGE('',*,*,#1810,.F.);
#2673=ORIENTED_EDGE('',*,*,#1943,.T.);
#2674=ORIENTED_EDGE('',*,*,#1658,.F.);
#2675=ORIENTED_EDGE('',*,*,#1947,.F.);
#2676=ORIENTED_EDGE('',*,*,#1813,.F.);
#2677=ORIENTED_EDGE('',*,*,#1948,.T.);
#2678=ORIENTED_EDGE('',*,*,#1659,.F.);
#2679=ORIENTED_EDGE('',*,*,#1948,.F.);
#2680=ORIENTED_EDGE('',*,*,#1812,.F.);
#2681=ORIENTED_EDGE('',*,*,#1949,.T.);
#2682=ORIENTED_EDGE('',*,*,#1656,.F.);
#2683=ORIENTED_EDGE('',*,*,#1949,.F.);
#2684=ORIENTED_EDGE('',*,*,#1811,.F.);
#2685=ORIENTED_EDGE('',*,*,#1950,.T.);
#2686=ORIENTED_EDGE('',*,*,#1657,.F.);
#2687=ORIENTED_EDGE('',*,*,#1950,.F.);
#2688=ORIENTED_EDGE('',*,*,#1814,.F.);
#2689=ORIENTED_EDGE('',*,*,#1947,.T.);
#2690=ORIENTED_EDGE('',*,*,#1662,.F.);
#2691=ORIENTED_EDGE('',*,*,#1951,.F.);
#2692=ORIENTED_EDGE('',*,*,#1817,.F.);
#2693=ORIENTED_EDGE('',*,*,#1952,.T.);
#2694=ORIENTED_EDGE('',*,*,#1663,.F.);
#2695=ORIENTED_EDGE('',*,*,#1952,.F.);
#2696=ORIENTED_EDGE('',*,*,#1816,.F.);
#2697=ORIENTED_EDGE('',*,*,#1953,.T.);
#2698=ORIENTED_EDGE('',*,*,#1660,.F.);
#2699=ORIENTED_EDGE('',*,*,#1953,.F.);
#2700=ORIENTED_EDGE('',*,*,#1815,.F.);
#2701=ORIENTED_EDGE('',*,*,#1954,.T.);
#2702=ORIENTED_EDGE('',*,*,#1661,.F.);
#2703=ORIENTED_EDGE('',*,*,#1954,.F.);
#2704=ORIENTED_EDGE('',*,*,#1818,.F.);
#2705=ORIENTED_EDGE('',*,*,#1951,.T.);
#2706=ORIENTED_EDGE('',*,*,#1568,.F.);
#2707=ORIENTED_EDGE('',*,*,#1955,.F.);
#2708=ORIENTED_EDGE('',*,*,#1747,.F.);
#2709=ORIENTED_EDGE('',*,*,#1956,.F.);
#2710=ORIENTED_EDGE('',*,*,#1566,.F.);
#2711=ORIENTED_EDGE('',*,*,#1957,.F.);
#2712=ORIENTED_EDGE('',*,*,#1749,.F.);
#2713=ORIENTED_EDGE('',*,*,#1958,.T.);
#2714=ORIENTED_EDGE('',*,*,#1567,.F.);
#2715=ORIENTED_EDGE('',*,*,#1958,.F.);
#2716=ORIENTED_EDGE('',*,*,#1748,.F.);
#2717=ORIENTED_EDGE('',*,*,#1955,.T.);
#2718=ORIENTED_EDGE('',*,*,#1605,.F.);
#2719=ORIENTED_EDGE('',*,*,#1959,.F.);
#2720=ORIENTED_EDGE('',*,*,#1712,.F.);
#2721=ORIENTED_EDGE('',*,*,#1960,.T.);
#2722=ORIENTED_EDGE('',*,*,#1606,.F.);
#2723=ORIENTED_EDGE('',*,*,#1960,.F.);
#2724=ORIENTED_EDGE('',*,*,#1711,.F.);
#2725=ORIENTED_EDGE('',*,*,#1961,.F.);
#2726=ORIENTED_EDGE('',*,*,#1604,.F.);
#2727=ORIENTED_EDGE('',*,*,#1962,.F.);
#2728=ORIENTED_EDGE('',*,*,#1713,.F.);
#2729=ORIENTED_EDGE('',*,*,#1959,.T.);
#2730=ORIENTED_EDGE('',*,*,#1560,.F.);
#2731=ORIENTED_EDGE('',*,*,#1963,.F.);
#2732=ORIENTED_EDGE('',*,*,#1755,.F.);
#2733=ORIENTED_EDGE('',*,*,#1964,.F.);
#2734=ORIENTED_EDGE('',*,*,#1558,.F.);
#2735=ORIENTED_EDGE('',*,*,#1965,.F.);
#2736=ORIENTED_EDGE('',*,*,#1757,.F.);
#2737=ORIENTED_EDGE('',*,*,#1966,.T.);
#2738=ORIENTED_EDGE('',*,*,#1559,.F.);
#2739=ORIENTED_EDGE('',*,*,#1966,.F.);
#2740=ORIENTED_EDGE('',*,*,#1756,.F.);
#2741=ORIENTED_EDGE('',*,*,#1963,.T.);
#2742=ORIENTED_EDGE('',*,*,#1926,.T.);
#2743=ORIENTED_EDGE('',*,*,#1591,.F.);
#2744=ORIENTED_EDGE('',*,*,#1967,.T.);
#2745=ORIENTED_EDGE('',*,*,#1726,.F.);
#2746=ORIENTED_EDGE('',*,*,#1922,.T.);
#2747=ORIENTED_EDGE('',*,*,#1607,.F.);
#2748=ORIENTED_EDGE('',*,*,#1961,.T.);
#2749=ORIENTED_EDGE('',*,*,#1710,.F.);
#2750=ORIENTED_EDGE('',*,*,#1907,.T.);
#2751=ORIENTED_EDGE('',*,*,#1714,.F.);
#2752=ORIENTED_EDGE('',*,*,#1962,.T.);
#2753=ORIENTED_EDGE('',*,*,#1603,.F.);
#2754=ORIENTED_EDGE('',*,*,#1879,.T.);
#2755=ORIENTED_EDGE('',*,*,#1718,.F.);
#2756=ORIENTED_EDGE('',*,*,#1908,.T.);
#2757=ORIENTED_EDGE('',*,*,#1599,.F.);
#2758=ORIENTED_EDGE('',*,*,#1880,.T.);
#2759=ORIENTED_EDGE('',*,*,#1595,.F.);
#2760=ORIENTED_EDGE('',*,*,#1925,.T.);
#2761=ORIENTED_EDGE('',*,*,#1722,.F.);
#2762=ORIENTED_EDGE('',*,*,#1875,.T.);
#2763=ORIENTED_EDGE('',*,*,#1702,.F.);
#2764=ORIENTED_EDGE('',*,*,#1909,.T.);
#2765=ORIENTED_EDGE('',*,*,#1615,.F.);
#2766=ORIENTED_EDGE('',*,*,#1956,.T.);
#2767=ORIENTED_EDGE('',*,*,#1746,.F.);
#2768=ORIENTED_EDGE('',*,*,#1968,.T.);
#2769=ORIENTED_EDGE('',*,*,#1569,.F.);
#2770=ORIENTED_EDGE('',*,*,#1912,.T.);
#2771=ORIENTED_EDGE('',*,*,#1758,.F.);
#2772=ORIENTED_EDGE('',*,*,#1965,.T.);
#2773=ORIENTED_EDGE('',*,*,#1557,.F.);
#2774=ORIENTED_EDGE('',*,*,#1894,.T.);
#2775=ORIENTED_EDGE('',*,*,#1750,.F.);
#2776=ORIENTED_EDGE('',*,*,#1957,.T.);
#2777=ORIENTED_EDGE('',*,*,#1565,.F.);
#2778=ORIENTED_EDGE('',*,*,#1917,.T.);
#2779=ORIENTED_EDGE('',*,*,#1545,.F.);
#2780=ORIENTED_EDGE('',*,*,#1910,.T.);
#2781=ORIENTED_EDGE('',*,*,#1770,.F.);
#2782=ORIENTED_EDGE('',*,*,#1870,.T.);
#2783=ORIENTED_EDGE('',*,*,#1762,.F.);
#2784=ORIENTED_EDGE('',*,*,#1913,.T.);
#2785=ORIENTED_EDGE('',*,*,#1553,.F.);
#2786=ORIENTED_EDGE('',*,*,#1895,.T.);
#2787=ORIENTED_EDGE('',*,*,#1561,.F.);
#2788=ORIENTED_EDGE('',*,*,#1964,.T.);
#2789=ORIENTED_EDGE('',*,*,#1754,.F.);
#2790=ORIENTED_EDGE('',*,*,#1871,.T.);
#2791=ORIENTED_EDGE('',*,*,#1549,.F.);
#2792=ORIENTED_EDGE('',*,*,#1916,.T.);
#2793=ORIENTED_EDGE('',*,*,#1766,.F.);
#2794=ORIENTED_EDGE('',*,*,#1670,.F.);
#2795=ORIENTED_EDGE('',*,*,#1969,.F.);
#2796=ORIENTED_EDGE('',*,*,#1821,.F.);
#2797=ORIENTED_EDGE('',*,*,#1970,.T.);
#2798=ORIENTED_EDGE('',*,*,#1671,.F.);
#2799=ORIENTED_EDGE('',*,*,#1970,.F.);
#2800=ORIENTED_EDGE('',*,*,#1820,.F.);
#2801=ORIENTED_EDGE('',*,*,#1971,.T.);
#2802=ORIENTED_EDGE('',*,*,#1668,.F.);
#2803=ORIENTED_EDGE('',*,*,#1971,.F.);
#2804=ORIENTED_EDGE('',*,*,#1819,.F.);
#2805=ORIENTED_EDGE('',*,*,#1972,.T.);
#2806=ORIENTED_EDGE('',*,*,#1669,.F.);
#2807=ORIENTED_EDGE('',*,*,#1972,.F.);
#2808=ORIENTED_EDGE('',*,*,#1822,.F.);
#2809=ORIENTED_EDGE('',*,*,#1969,.T.);
#2810=ORIENTED_EDGE('',*,*,#1589,.F.);
#2811=ORIENTED_EDGE('',*,*,#1973,.F.);
#2812=ORIENTED_EDGE('',*,*,#1728,.F.);
#2813=ORIENTED_EDGE('',*,*,#1974,.T.);
#2814=ORIENTED_EDGE('',*,*,#1590,.F.);
#2815=ORIENTED_EDGE('',*,*,#1974,.F.);
#2816=ORIENTED_EDGE('',*,*,#1727,.F.);
#2817=ORIENTED_EDGE('',*,*,#1967,.F.);
#2818=ORIENTED_EDGE('',*,*,#1588,.F.);
#2819=ORIENTED_EDGE('',*,*,#1868,.F.);
#2820=ORIENTED_EDGE('',*,*,#1729,.F.);
#2821=ORIENTED_EDGE('',*,*,#1973,.T.);
#2822=ORIENTED_EDGE('',*,*,#1572,.F.);
#2823=ORIENTED_EDGE('',*,*,#1975,.F.);
#2824=ORIENTED_EDGE('',*,*,#1743,.F.);
#2825=ORIENTED_EDGE('',*,*,#1976,.F.);
#2826=ORIENTED_EDGE('',*,*,#1570,.F.);
#2827=ORIENTED_EDGE('',*,*,#1968,.F.);
#2828=ORIENTED_EDGE('',*,*,#1745,.F.);
#2829=ORIENTED_EDGE('',*,*,#1977,.T.);
#2830=ORIENTED_EDGE('',*,*,#1571,.F.);
#2831=ORIENTED_EDGE('',*,*,#1977,.F.);
#2832=ORIENTED_EDGE('',*,*,#1744,.F.);
#2833=ORIENTED_EDGE('',*,*,#1975,.T.);
#2834=ORIENTED_EDGE('',*,*,#1876,.T.);
#2835=ORIENTED_EDGE('',*,*,#1611,.F.);
#2836=ORIENTED_EDGE('',*,*,#1921,.T.);
#2837=ORIENTED_EDGE('',*,*,#1706,.F.);
#2838=ORIENTED_EDGE('',*,*,#1851,.T.);
#2839=ORIENTED_EDGE('',*,*,#1573,.F.);
#2840=ORIENTED_EDGE('',*,*,#1976,.T.);
#2841=ORIENTED_EDGE('',*,*,#1742,.T.);
#2842=ORIENTED_EDGE('',*,*,#1666,.F.);
#2843=ORIENTED_EDGE('',*,*,#1978,.F.);
#2844=ORIENTED_EDGE('',*,*,#1825,.F.);
#2845=ORIENTED_EDGE('',*,*,#1979,.T.);
#2846=ORIENTED_EDGE('',*,*,#1667,.F.);
#2847=ORIENTED_EDGE('',*,*,#1979,.F.);
#2848=ORIENTED_EDGE('',*,*,#1824,.F.);
#2849=ORIENTED_EDGE('',*,*,#1980,.T.);
#2850=ORIENTED_EDGE('',*,*,#1664,.F.);
#2851=ORIENTED_EDGE('',*,*,#1980,.F.);
#2852=ORIENTED_EDGE('',*,*,#1823,.F.);
#2853=ORIENTED_EDGE('',*,*,#1981,.T.);
#2854=ORIENTED_EDGE('',*,*,#1665,.F.);
#2855=ORIENTED_EDGE('',*,*,#1981,.F.);
#2856=ORIENTED_EDGE('',*,*,#1826,.F.);
#2857=ORIENTED_EDGE('',*,*,#1978,.T.);
#2858=PLANE('',#3165);
#2859=PLANE('',#3171);
#2860=PLANE('',#3172);
#2861=PLANE('',#3173);
#2862=PLANE('',#3174);
#2863=PLANE('',#3175);
#2864=PLANE('',#3176);
#2865=PLANE('',#3177);
#2866=PLANE('',#3178);
#2867=PLANE('',#3179);
#2868=PLANE('',#3180);
#2869=PLANE('',#3181);
#2870=PLANE('',#3182);
#2871=PLANE('',#3183);
#2872=PLANE('',#3184);
#2873=PLANE('',#3185);
#2874=PLANE('',#3186);
#2875=PLANE('',#3187);
#2876=PLANE('',#3188);
#2877=PLANE('',#3189);
#2878=PLANE('',#3190);
#2879=PLANE('',#3191);
#2880=PLANE('',#3192);
#2881=PLANE('',#3193);
#2882=PLANE('',#3194);
#2883=PLANE('',#3195);
#2884=PLANE('',#3196);
#2885=PLANE('',#3197);
#2886=PLANE('',#3198);
#2887=PLANE('',#3199);
#2888=PLANE('',#3200);
#2889=PLANE('',#3201);
#2890=PLANE('',#3202);
#2891=PLANE('',#3203);
#2892=PLANE('',#3204);
#2893=PLANE('',#3205);
#2894=PLANE('',#3206);
#2895=PLANE('',#3207);
#2896=PLANE('',#3208);
#2897=PLANE('',#3209);
#2898=PLANE('',#3210);
#2899=PLANE('',#3211);
#2900=PLANE('',#3212);
#2901=PLANE('',#3213);
#2902=PLANE('',#3214);
#2903=PLANE('',#3215);
#2904=PLANE('',#3216);
#2905=PLANE('',#3217);
#2906=PLANE('',#3218);
#2907=PLANE('',#3219);
#2908=PLANE('',#3220);
#2909=PLANE('',#3221);
#2910=PLANE('',#3222);
#2911=PLANE('',#3223);
#2912=PLANE('',#3224);
#2913=PLANE('',#3225);
#2914=PLANE('',#3226);
#2915=PLANE('',#3227);
#2916=PLANE('',#3228);
#2917=PLANE('',#3229);
#2918=PLANE('',#3230);
#2919=PLANE('',#3231);
#2920=PLANE('',#3232);
#2921=PLANE('',#3233);
#2922=PLANE('',#3234);
#2923=PLANE('',#3235);
#2924=PLANE('',#3236);
#2925=PLANE('',#3237);
#2926=PLANE('',#3238);
#2927=PLANE('',#3239);
#2928=PLANE('',#3240);
#2929=PLANE('',#3241);
#2930=PLANE('',#3242);
#2931=PLANE('',#3243);
#2932=PLANE('',#3244);
#2933=PLANE('',#3245);
#2934=PLANE('',#3246);
#2935=PLANE('',#3247);
#2936=PLANE('',#3248);
#2937=PLANE('',#3249);
#2938=PLANE('',#3250);
#2939=PLANE('',#3251);
#2940=PLANE('',#3252);
#2941=PLANE('',#3253);
#2942=PLANE('',#3254);
#2943=PLANE('',#3255);
#2944=PLANE('',#3256);
#2945=PLANE('',#3257);
#2946=PLANE('',#3258);
#2947=PLANE('',#3259);
#2948=PLANE('',#3260);
#2949=PLANE('',#3261);
#2950=PLANE('',#3262);
#2951=PLANE('',#3263);
#2952=PLANE('',#3264);
#2953=PLANE('',#3265);
#2954=PLANE('',#3266);
#2955=PLANE('',#3267);
#2956=PLANE('',#3268);
#2957=PLANE('',#3269);
#2958=PLANE('',#3270);
#2959=PLANE('',#3271);
#2960=PLANE('',#3272);
#2961=PLANE('',#3273);
#2962=PLANE('',#3274);
#2963=PLANE('',#3275);
#2964=PLANE('',#3276);
#2965=PLANE('',#3277);
#2966=PLANE('',#3278);
#2967=PLANE('',#3279);
#2968=PLANE('',#3280);
#2969=PLANE('',#3281);
#2970=PLANE('',#3282);
#2971=PLANE('',#3283);
#2972=PLANE('',#3284);
#2973=PLANE('',#3285);
#2974=PLANE('',#3286);
#2975=PLANE('',#3287);
#2976=PLANE('',#3288);
#2977=PLANE('',#3289);
#2978=PLANE('',#3290);
#2979=PLANE('',#3291);
#2980=PLANE('',#3292);
#2981=PLANE('',#3293);
#2982=PLANE('',#3294);
#2983=PLANE('',#3295);
#2984=PLANE('',#3296);
#2985=PLANE('',#3297);
#2986=PLANE('',#3298);
#2987=PLANE('',#3299);
#2988=PLANE('',#3300);
#2989=PLANE('',#3301);
#2990=PLANE('',#3302);
#2991=PLANE('',#3303);
#2992=PLANE('',#3304);
#2993=PLANE('',#3305);
#2994=PLANE('',#3306);
#2995=PLANE('',#3307);
#2996=PLANE('',#3308);
#2997=PLANE('',#3309);
#2998=PLANE('',#3310);
#2999=PLANE('',#3311);
#3000=PLANE('',#3312);
#3001=PLANE('',#3313);
#3002=PLANE('',#3314);
#3003=PLANE('',#3315);
#3004=ADVANCED_FACE('',(#55,#20,#21,#22,#23,#24,#25,#26,#27,#28,#29,#30,
#31,#32,#33,#34,#35,#36,#37),#2858,.F.);
#3005=ADVANCED_FACE('',(#56),#19,.F.);
#3006=ADVANCED_FACE('',(#57),#2859,.T.);
#3007=ADVANCED_FACE('',(#58,#38,#39,#40,#41,#42,#43,#44,#45,#46,#47,#48,
#49,#50,#51,#52,#53),#2860,.T.);
#3008=ADVANCED_FACE('',(#59,#54),#2861,.T.);
#3009=ADVANCED_FACE('',(#60),#2862,.F.);
#3010=ADVANCED_FACE('',(#61),#2863,.F.);
#3011=ADVANCED_FACE('',(#62),#2864,.T.);
#3012=ADVANCED_FACE('',(#63),#2865,.T.);
#3013=ADVANCED_FACE('',(#64),#2866,.T.);
#3014=ADVANCED_FACE('',(#65),#2867,.T.);
#3015=ADVANCED_FACE('',(#66),#2868,.F.);
#3016=ADVANCED_FACE('',(#67),#2869,.F.);
#3017=ADVANCED_FACE('',(#68),#2870,.F.);
#3018=ADVANCED_FACE('',(#69),#2871,.F.);
#3019=ADVANCED_FACE('',(#70),#2872,.F.);
#3020=ADVANCED_FACE('',(#71),#2873,.F.);
#3021=ADVANCED_FACE('',(#72),#2874,.F.);
#3022=ADVANCED_FACE('',(#73),#2875,.F.);
#3023=ADVANCED_FACE('',(#74),#2876,.F.);
#3024=ADVANCED_FACE('',(#75),#2877,.F.);
#3025=ADVANCED_FACE('',(#76),#2878,.F.);
#3026=ADVANCED_FACE('',(#77),#2879,.F.);
#3027=ADVANCED_FACE('',(#78),#2880,.F.);
#3028=ADVANCED_FACE('',(#79),#2881,.F.);
#3029=ADVANCED_FACE('',(#80),#2882,.F.);
#3030=ADVANCED_FACE('',(#81),#2883,.F.);
#3031=ADVANCED_FACE('',(#82),#2884,.F.);
#3032=ADVANCED_FACE('',(#83),#2885,.F.);
#3033=ADVANCED_FACE('',(#84),#2886,.F.);
#3034=ADVANCED_FACE('',(#85),#2887,.T.);
#3035=ADVANCED_FACE('',(#86),#2888,.T.);
#3036=ADVANCED_FACE('',(#87),#2889,.T.);
#3037=ADVANCED_FACE('',(#88),#2890,.F.);
#3038=ADVANCED_FACE('',(#89),#2891,.F.);
#3039=ADVANCED_FACE('',(#90),#2892,.F.);
#3040=ADVANCED_FACE('',(#91),#2893,.F.);
#3041=ADVANCED_FACE('',(#92),#2894,.F.);
#3042=ADVANCED_FACE('',(#93),#2895,.F.);
#3043=ADVANCED_FACE('',(#94),#2896,.F.);
#3044=ADVANCED_FACE('',(#95),#2897,.F.);
#3045=ADVANCED_FACE('',(#96),#2898,.F.);
#3046=ADVANCED_FACE('',(#97),#2899,.F.);
#3047=ADVANCED_FACE('',(#98),#2900,.F.);
#3048=ADVANCED_FACE('',(#99),#2901,.F.);
#3049=ADVANCED_FACE('',(#100),#2902,.F.);
#3050=ADVANCED_FACE('',(#101),#2903,.F.);
#3051=ADVANCED_FACE('',(#102),#2904,.F.);
#3052=ADVANCED_FACE('',(#103),#2905,.F.);
#3053=ADVANCED_FACE('',(#104),#2906,.F.);
#3054=ADVANCED_FACE('',(#105),#2907,.F.);
#3055=ADVANCED_FACE('',(#106),#2908,.F.);
#3056=ADVANCED_FACE('',(#107),#2909,.F.);
#3057=ADVANCED_FACE('',(#108),#2910,.F.);
#3058=ADVANCED_FACE('',(#109),#2911,.F.);
#3059=ADVANCED_FACE('',(#110),#2912,.F.);
#3060=ADVANCED_FACE('',(#111),#2913,.F.);
#3061=ADVANCED_FACE('',(#112),#2914,.F.);
#3062=ADVANCED_FACE('',(#113),#2915,.F.);
#3063=ADVANCED_FACE('',(#114),#2916,.F.);
#3064=ADVANCED_FACE('',(#115),#2917,.F.);
#3065=ADVANCED_FACE('',(#116),#2918,.F.);
#3066=ADVANCED_FACE('',(#117),#2919,.F.);
#3067=ADVANCED_FACE('',(#118),#2920,.F.);
#3068=ADVANCED_FACE('',(#119),#2921,.F.);
#3069=ADVANCED_FACE('',(#120),#2922,.F.);
#3070=ADVANCED_FACE('',(#121),#2923,.F.);
#3071=ADVANCED_FACE('',(#122),#2924,.F.);
#3072=ADVANCED_FACE('',(#123),#2925,.F.);
#3073=ADVANCED_FACE('',(#124),#2926,.F.);
#3074=ADVANCED_FACE('',(#125),#2927,.F.);
#3075=ADVANCED_FACE('',(#126),#2928,.F.);
#3076=ADVANCED_FACE('',(#127),#2929,.F.);
#3077=ADVANCED_FACE('',(#128),#2930,.F.);
#3078=ADVANCED_FACE('',(#129),#2931,.F.);
#3079=ADVANCED_FACE('',(#130),#2932,.F.);
#3080=ADVANCED_FACE('',(#131),#2933,.F.);
#3081=ADVANCED_FACE('',(#132),#2934,.F.);
#3082=ADVANCED_FACE('',(#133),#2935,.F.);
#3083=ADVANCED_FACE('',(#134),#2936,.F.);
#3084=ADVANCED_FACE('',(#135),#2937,.F.);
#3085=ADVANCED_FACE('',(#136),#2938,.F.);
#3086=ADVANCED_FACE('',(#137),#2939,.F.);
#3087=ADVANCED_FACE('',(#138),#2940,.F.);
#3088=ADVANCED_FACE('',(#139),#2941,.F.);
#3089=ADVANCED_FACE('',(#140),#2942,.F.);
#3090=ADVANCED_FACE('',(#141),#2943,.F.);
#3091=ADVANCED_FACE('',(#142),#2944,.F.);
#3092=ADVANCED_FACE('',(#143),#2945,.F.);
#3093=ADVANCED_FACE('',(#144),#2946,.F.);
#3094=ADVANCED_FACE('',(#145),#2947,.F.);
#3095=ADVANCED_FACE('',(#146),#2948,.F.);
#3096=ADVANCED_FACE('',(#147),#2949,.F.);
#3097=ADVANCED_FACE('',(#148),#2950,.F.);
#3098=ADVANCED_FACE('',(#149),#2951,.F.);
#3099=ADVANCED_FACE('',(#150),#2952,.F.);
#3100=ADVANCED_FACE('',(#151),#2953,.F.);
#3101=ADVANCED_FACE('',(#152),#2954,.F.);
#3102=ADVANCED_FACE('',(#153),#2955,.F.);
#3103=ADVANCED_FACE('',(#154),#2956,.F.);
#3104=ADVANCED_FACE('',(#155),#2957,.F.);
#3105=ADVANCED_FACE('',(#156),#2958,.F.);
#3106=ADVANCED_FACE('',(#157),#2959,.F.);
#3107=ADVANCED_FACE('',(#158),#2960,.F.);
#3108=ADVANCED_FACE('',(#159),#2961,.F.);
#3109=ADVANCED_FACE('',(#160),#2962,.F.);
#3110=ADVANCED_FACE('',(#161),#2963,.F.);
#3111=ADVANCED_FACE('',(#162),#2964,.F.);
#3112=ADVANCED_FACE('',(#163),#2965,.F.);
#3113=ADVANCED_FACE('',(#164),#2966,.F.);
#3114=ADVANCED_FACE('',(#165),#2967,.F.);
#3115=ADVANCED_FACE('',(#166),#2968,.F.);
#3116=ADVANCED_FACE('',(#167),#2969,.F.);
#3117=ADVANCED_FACE('',(#168),#2970,.F.);
#3118=ADVANCED_FACE('',(#169),#2971,.F.);
#3119=ADVANCED_FACE('',(#170),#2972,.F.);
#3120=ADVANCED_FACE('',(#171),#2973,.F.);
#3121=ADVANCED_FACE('',(#172),#2974,.F.);
#3122=ADVANCED_FACE('',(#173),#2975,.T.);
#3123=ADVANCED_FACE('',(#174),#2976,.T.);
#3124=ADVANCED_FACE('',(#175),#2977,.T.);
#3125=ADVANCED_FACE('',(#176),#2978,.T.);
#3126=ADVANCED_FACE('',(#177),#2979,.T.);
#3127=ADVANCED_FACE('',(#178),#2980,.T.);
#3128=ADVANCED_FACE('',(#179),#2981,.T.);
#3129=ADVANCED_FACE('',(#180),#2982,.T.);
#3130=ADVANCED_FACE('',(#181),#2983,.T.);
#3131=ADVANCED_FACE('',(#182),#2984,.T.);
#3132=ADVANCED_FACE('',(#183),#2985,.T.);
#3133=ADVANCED_FACE('',(#184),#2986,.T.);
#3134=ADVANCED_FACE('',(#185),#2987,.T.);
#3135=ADVANCED_FACE('',(#186),#2988,.F.);
#3136=ADVANCED_FACE('',(#187),#2989,.F.);
#3137=ADVANCED_FACE('',(#188),#2990,.F.);
#3138=ADVANCED_FACE('',(#189),#2991,.F.);
#3139=ADVANCED_FACE('',(#190),#2992,.F.);
#3140=ADVANCED_FACE('',(#191),#2993,.F.);
#3141=ADVANCED_FACE('',(#192),#2994,.F.);
#3142=ADVANCED_FACE('',(#193),#2995,.F.);
#3143=ADVANCED_FACE('',(#194),#2996,.F.);
#3144=ADVANCED_FACE('',(#195),#2997,.F.);
#3145=ADVANCED_FACE('',(#196),#2998,.T.);
#3146=ADVANCED_FACE('',(#197),#2999,.T.);
#3147=ADVANCED_FACE('',(#198),#3000,.F.);
#3148=ADVANCED_FACE('',(#199),#3001,.F.);
#3149=ADVANCED_FACE('',(#200),#3002,.F.);
#3150=ADVANCED_FACE('',(#201),#3003,.F.);
#3151=CLOSED_SHELL('',(#3004,#3005,#3006,#3007,#3008,#3009,#3010,#3011,
#3012,#3013,#3014,#3015,#3016,#3017,#3018,#3019,#3020,#3021,#3022,#3023,
#3024,#3025,#3026,#3027,#3028,#3029,#3030,#3031,#3032,#3033,#3034,#3035,
#3036,#3037,#3038,#3039,#3040,#3041,#3042,#3043,#3044,#3045,#3046,#3047,
#3048,#3049,#3050,#3051,#3052,#3053,#3054,#3055,#3056,#3057,#3058,#3059,
#3060,#3061,#3062,#3063,#3064,#3065,#3066,#3067,#3068,#3069,#3070,#3071,
#3072,#3073,#3074,#3075,#3076,#3077,#3078,#3079,#3080,#3081,#3082,#3083,
#3084,#3085,#3086,#3087,#3088,#3089,#3090,#3091,#3092,#3093,#3094,#3095,
#3096,#3097,#3098,#3099,#3100,#3101,#3102,#3103,#3104,#3105,#3106,#3107,
#3108,#3109,#3110,#3111,#3112,#3113,#3114,#3115,#3116,#3117,#3118,#3119,
#3120,#3121,#3122,#3123,#3124,#3125,#3126,#3127,#3128,#3129,#3130,#3131,
#3132,#3133,#3134,#3135,#3136,#3137,#3138,#3139,#3140,#3141,#3142,#3143,
#3144,#3145,#3146,#3147,#3148,#3149,#3150));
#3152=DERIVED_UNIT_ELEMENT(#3154,1.);
#3153=DERIVED_UNIT_ELEMENT(#4937,-3.);
#3154=(
MASS_UNIT()
NAMED_UNIT(*)
SI_UNIT(.KILO.,.GRAM.)
);
#3155=DERIVED_UNIT((#3152,#3153));
#3156=MEASURE_REPRESENTATION_ITEM('density measure',
POSITIVE_RATIO_MEASURE(7850.),#3155);
#3157=PROPERTY_DEFINITION_REPRESENTATION(#3162,#3159);
#3158=PROPERTY_DEFINITION_REPRESENTATION(#3163,#3160);
#3159=REPRESENTATION('material name',(#3161),#4934);
#3160=REPRESENTATION('density',(#3156),#4934);
#3161=DESCRIPTIVE_REPRESENTATION_ITEM('Steel','Steel');
#3162=PROPERTY_DEFINITION('material property','material name',#4944);
#3163=PROPERTY_DEFINITION('material property','density of part',#4944);
#3164=AXIS2_PLACEMENT_3D('',#4054,#3316,#3317);
#3165=AXIS2_PLACEMENT_3D('',#4055,#3318,#3319);
#3166=AXIS2_PLACEMENT_3D('',#4344,#3464,#3465);
#3167=AXIS2_PLACEMENT_3D('',#4347,#3466,#3467);
#3168=AXIS2_PLACEMENT_3D('',#4351,#3469,#3470);
#3169=AXIS2_PLACEMENT_3D('',#4355,#3472,#3473);
#3170=AXIS2_PLACEMENT_3D('',#4359,#3475,#3476);
#3171=AXIS2_PLACEMENT_3D('',#4361,#3478,#3479);
#3172=AXIS2_PLACEMENT_3D('',#4369,#3485,#3486);
#3173=AXIS2_PLACEMENT_3D('',#4636,#3621,#3622);
#3174=AXIS2_PLACEMENT_3D('',#4650,#3630,#3631);
#3175=AXIS2_PLACEMENT_3D('',#4653,#3634,#3635);
#3176=AXIS2_PLACEMENT_3D('',#4655,#3637,#3638);
#3177=AXIS2_PLACEMENT_3D('',#4658,#3641,#3642);
#3178=AXIS2_PLACEMENT_3D('',#4659,#3643,#3644);
#3179=AXIS2_PLACEMENT_3D('',#4660,#3645,#3646);
#3180=AXIS2_PLACEMENT_3D('',#4662,#3648,#3649);
#3181=AXIS2_PLACEMENT_3D('',#4663,#3650,#3651);
#3182=AXIS2_PLACEMENT_3D('',#4666,#3654,#3655);
#3183=AXIS2_PLACEMENT_3D('',#4668,#3657,#3658);
#3184=AXIS2_PLACEMENT_3D('',#4670,#3660,#3661);
#3185=AXIS2_PLACEMENT_3D('',#4673,#3664,#3665);
#3186=AXIS2_PLACEMENT_3D('',#4675,#3667,#3668);
#3187=AXIS2_PLACEMENT_3D('',#4677,#3670,#3671);
#3188=AXIS2_PLACEMENT_3D('',#4680,#3674,#3675);
#3189=AXIS2_PLACEMENT_3D('',#4682,#3677,#3678);
#3190=AXIS2_PLACEMENT_3D('',#4684,#3680,#3681);
#3191=AXIS2_PLACEMENT_3D('',#4685,#3682,#3683);
#3192=AXIS2_PLACEMENT_3D('',#4688,#3686,#3687);
#3193=AXIS2_PLACEMENT_3D('',#4690,#3689,#3690);
#3194=AXIS2_PLACEMENT_3D('',#4692,#3692,#3693);
#3195=AXIS2_PLACEMENT_3D('',#4693,#3694,#3695);
#3196=AXIS2_PLACEMENT_3D('',#4696,#3698,#3699);
#3197=AXIS2_PLACEMENT_3D('',#4698,#3701,#3702);
#3198=AXIS2_PLACEMENT_3D('',#4700,#3704,#3705);
#3199=AXIS2_PLACEMENT_3D('',#4701,#3706,#3707);
#3200=AXIS2_PLACEMENT_3D('',#4703,#3709,#3710);
#3201=AXIS2_PLACEMENT_3D('',#4704,#3711,#3712);
#3202=AXIS2_PLACEMENT_3D('',#4705,#3713,#3714);
#3203=AXIS2_PLACEMENT_3D('',#4708,#3717,#3718);
#3204=AXIS2_PLACEMENT_3D('',#4711,#3721,#3722);
#3205=AXIS2_PLACEMENT_3D('',#4712,#3723,#3724);
#3206=AXIS2_PLACEMENT_3D('',#4715,#3727,#3728);
#3207=AXIS2_PLACEMENT_3D('',#4717,#3730,#3731);
#3208=AXIS2_PLACEMENT_3D('',#4719,#3733,#3734);
#3209=AXIS2_PLACEMENT_3D('',#4722,#3737,#3738);
#3210=AXIS2_PLACEMENT_3D('',#4724,#3740,#3741);
#3211=AXIS2_PLACEMENT_3D('',#4726,#3743,#3744);
#3212=AXIS2_PLACEMENT_3D('',#4729,#3747,#3748);
#3213=AXIS2_PLACEMENT_3D('',#4731,#3750,#3751);
#3214=AXIS2_PLACEMENT_3D('',#4733,#3753,#3754);
#3215=AXIS2_PLACEMENT_3D('',#4734,#3755,#3756);
#3216=AXIS2_PLACEMENT_3D('',#4737,#3759,#3760);
#3217=AXIS2_PLACEMENT_3D('',#4739,#3762,#3763);
#3218=AXIS2_PLACEMENT_3D('',#4741,#3765,#3766);
#3219=AXIS2_PLACEMENT_3D('',#4742,#3767,#3768);
#3220=AXIS2_PLACEMENT_3D('',#4745,#3771,#3772);
#3221=AXIS2_PLACEMENT_3D('',#4747,#3774,#3775);
#3222=AXIS2_PLACEMENT_3D('',#4749,#3777,#3778);
#3223=AXIS2_PLACEMENT_3D('',#4750,#3779,#3780);
#3224=AXIS2_PLACEMENT_3D('',#4753,#3783,#3784);
#3225=AXIS2_PLACEMENT_3D('',#4756,#3787,#3788);
#3226=AXIS2_PLACEMENT_3D('',#4757,#3789,#3790);
#3227=AXIS2_PLACEMENT_3D('',#4760,#3793,#3794);
#3228=AXIS2_PLACEMENT_3D('',#4762,#3796,#3797);
#3229=AXIS2_PLACEMENT_3D('',#4764,#3799,#3800);
#3230=AXIS2_PLACEMENT_3D('',#4765,#3801,#3802);
#3231=AXIS2_PLACEMENT_3D('',#4768,#3805,#3806);
#3232=AXIS2_PLACEMENT_3D('',#4770,#3808,#3809);
#3233=AXIS2_PLACEMENT_3D('',#4772,#3811,#3812);
#3234=AXIS2_PLACEMENT_3D('',#4773,#3813,#3814);
#3235=AXIS2_PLACEMENT_3D('',#4776,#3817,#3818);
#3236=AXIS2_PLACEMENT_3D('',#4778,#3820,#3821);
#3237=AXIS2_PLACEMENT_3D('',#4780,#3823,#3824);
#3238=AXIS2_PLACEMENT_3D('',#4783,#3827,#3828);
#3239=AXIS2_PLACEMENT_3D('',#4786,#3831,#3832);
#3240=AXIS2_PLACEMENT_3D('',#4789,#3835,#3836);
#3241=AXIS2_PLACEMENT_3D('',#4790,#3837,#3838);
#3242=AXIS2_PLACEMENT_3D('',#4793,#3841,#3842);
#3243=AXIS2_PLACEMENT_3D('',#4796,#3845,#3846);
#3244=AXIS2_PLACEMENT_3D('',#4797,#3847,#3848);
#3245=AXIS2_PLACEMENT_3D('',#4800,#3851,#3852);
#3246=AXIS2_PLACEMENT_3D('',#4802,#3854,#3855);
#3247=AXIS2_PLACEMENT_3D('',#4804,#3857,#3858);
#3248=AXIS2_PLACEMENT_3D('',#4807,#3861,#3862);
#3249=AXIS2_PLACEMENT_3D('',#4809,#3864,#3865);
#3250=AXIS2_PLACEMENT_3D('',#4811,#3867,#3868);
#3251=AXIS2_PLACEMENT_3D('',#4814,#3871,#3872);
#3252=AXIS2_PLACEMENT_3D('',#4816,#3874,#3875);
#3253=AXIS2_PLACEMENT_3D('',#4818,#3877,#3878);
#3254=AXIS2_PLACEMENT_3D('',#4819,#3879,#3880);
#3255=AXIS2_PLACEMENT_3D('',#4822,#3883,#3884);
#3256=AXIS2_PLACEMENT_3D('',#4824,#3886,#3887);
#3257=AXIS2_PLACEMENT_3D('',#4826,#3889,#3890);
#3258=AXIS2_PLACEMENT_3D('',#4827,#3891,#3892);
#3259=AXIS2_PLACEMENT_3D('',#4830,#3895,#3896);
#3260=AXIS2_PLACEMENT_3D('',#4832,#3898,#3899);
#3261=AXIS2_PLACEMENT_3D('',#4834,#3901,#3902);
#3262=AXIS2_PLACEMENT_3D('',#4835,#3903,#3904);
#3263=AXIS2_PLACEMENT_3D('',#4838,#3907,#3908);
#3264=AXIS2_PLACEMENT_3D('',#4840,#3910,#3911);
#3265=AXIS2_PLACEMENT_3D('',#4842,#3913,#3914);
#3266=AXIS2_PLACEMENT_3D('',#4843,#3915,#3916);
#3267=AXIS2_PLACEMENT_3D('',#4846,#3919,#3920);
#3268=AXIS2_PLACEMENT_3D('',#4848,#3922,#3923);
#3269=AXIS2_PLACEMENT_3D('',#4850,#3925,#3926);
#3270=AXIS2_PLACEMENT_3D('',#4851,#3927,#3928);
#3271=AXIS2_PLACEMENT_3D('',#4854,#3931,#3932);
#3272=AXIS2_PLACEMENT_3D('',#4856,#3934,#3935);
#3273=AXIS2_PLACEMENT_3D('',#4858,#3937,#3938);
#3274=AXIS2_PLACEMENT_3D('',#4859,#3939,#3940);
#3275=AXIS2_PLACEMENT_3D('',#4862,#3943,#3944);
#3276=AXIS2_PLACEMENT_3D('',#4864,#3946,#3947);
#3277=AXIS2_PLACEMENT_3D('',#4866,#3949,#3950);
#3278=AXIS2_PLACEMENT_3D('',#4867,#3951,#3952);
#3279=AXIS2_PLACEMENT_3D('',#4870,#3955,#3956);
#3280=AXIS2_PLACEMENT_3D('',#4873,#3959,#3960);
#3281=AXIS2_PLACEMENT_3D('',#4874,#3961,#3962);
#3282=AXIS2_PLACEMENT_3D('',#4877,#3965,#3966);
#3283=AXIS2_PLACEMENT_3D('',#4879,#3968,#3969);
#3284=AXIS2_PLACEMENT_3D('',#4881,#3971,#3972);
#3285=AXIS2_PLACEMENT_3D('',#4884,#3975,#3976);
#3286=AXIS2_PLACEMENT_3D('',#4887,#3979,#3980);
#3287=AXIS2_PLACEMENT_3D('',#4888,#3981,#3982);
#3288=AXIS2_PLACEMENT_3D('',#4890,#3984,#3985);
#3289=AXIS2_PLACEMENT_3D('',#4891,#3986,#3987);
#3290=AXIS2_PLACEMENT_3D('',#4892,#3988,#3989);
#3291=AXIS2_PLACEMENT_3D('',#4893,#3990,#3991);
#3292=AXIS2_PLACEMENT_3D('',#4894,#3992,#3993);
#3293=AXIS2_PLACEMENT_3D('',#4895,#3994,#3995);
#3294=AXIS2_PLACEMENT_3D('',#4897,#3997,#3998);
#3295=AXIS2_PLACEMENT_3D('',#4898,#3999,#4000);
#3296=AXIS2_PLACEMENT_3D('',#4899,#4001,#4002);
#3297=AXIS2_PLACEMENT_3D('',#4900,#4003,#4004);
#3298=AXIS2_PLACEMENT_3D('',#4901,#4005,#4006);
#3299=AXIS2_PLACEMENT_3D('',#4902,#4007,#4008);
#3300=AXIS2_PLACEMENT_3D('',#4903,#4009,#4010);
#3301=AXIS2_PLACEMENT_3D('',#4906,#4013,#4014);
#3302=AXIS2_PLACEMENT_3D('',#4908,#4016,#4017);
#3303=AXIS2_PLACEMENT_3D('',#4910,#4019,#4020);
#3304=AXIS2_PLACEMENT_3D('',#4911,#4021,#4022);
#3305=AXIS2_PLACEMENT_3D('',#4914,#4025,#4026);
#3306=AXIS2_PLACEMENT_3D('',#4915,#4027,#4028);
#3307=AXIS2_PLACEMENT_3D('',#4916,#4029,#4030);
#3308=AXIS2_PLACEMENT_3D('',#4919,#4033,#4034);
#3309=AXIS2_PLACEMENT_3D('',#4921,#4036,#4037);
#3310=AXIS2_PLACEMENT_3D('',#4922,#4038,#4039);
#3311=AXIS2_PLACEMENT_3D('',#4923,#4040,#4041);
#3312=AXIS2_PLACEMENT_3D('',#4924,#4042,#4043);
#3313=AXIS2_PLACEMENT_3D('',#4927,#4046,#4047);
#3314=AXIS2_PLACEMENT_3D('',#4929,#4049,#4050);
#3315=AXIS2_PLACEMENT_3D('',#4931,#4052,#4053);
#3316=DIRECTION('axis',(0.,0.,1.));
#3317=DIRECTION('refdir',(1.,0.,0.));
#3318=DIRECTION('center_axis',(0.,0.,1.));
#3319=DIRECTION('ref_axis',(1.,0.,0.));
#3320=DIRECTION('',(-1.,0.,0.));
#3321=DIRECTION('',(0.,1.,0.));
#3322=DIRECTION('',(1.,0.,0.));
#3323=DIRECTION('',(0.,1.,0.));
#3324=DIRECTION('',(-1.,0.,0.));
#3325=DIRECTION('',(0.,1.,0.));
#3326=DIRECTION('',(1.,0.,0.));
#3327=DIRECTION('',(0.,1.,0.));
#3328=DIRECTION('',(-1.,0.,0.));
#3329=DIRECTION('',(0.,1.,0.));
#3330=DIRECTION('',(1.,0.,0.));
#3331=DIRECTION('',(0.,1.,0.));
#3332=DIRECTION('',(-1.,0.,0.));
#3333=DIRECTION('',(0.,1.,0.));
#3334=DIRECTION('',(1.,0.,0.));
#3335=DIRECTION('',(0.,1.,0.));
#3336=DIRECTION('',(-1.,0.,0.));
#3337=DIRECTION('',(0.,1.,0.));
#3338=DIRECTION('',(1.,0.,0.));
#3339=DIRECTION('',(0.,1.,0.));
#3340=DIRECTION('',(-1.,0.,0.));
#3341=DIRECTION('',(0.,1.,0.));
#3342=DIRECTION('',(1.,2.230711171336E-9,0.));
#3343=DIRECTION('',(-2.230711171336E-9,1.,0.));
#3344=DIRECTION('',(-1.,-2.230711171336E-9,0.));
#3345=DIRECTION('',(0.,1.,0.));
#3346=DIRECTION('',(1.,0.,0.));
#3347=DIRECTION('',(0.,1.,0.));
#3348=DIRECTION('',(-1.,0.,0.));
#3349=DIRECTION('',(0.,1.,0.));
#3350=DIRECTION('',(1.,0.,0.));
#3351=DIRECTION('',(0.,1.,0.));
#3352=DIRECTION('',(-1.,0.,0.));
#3353=DIRECTION('',(0.,1.,0.));
#3354=DIRECTION('',(1.,0.,0.));
#3355=DIRECTION('',(0.,-1.,0.));
#3356=DIRECTION('',(-1.,0.,0.));
#3357=DIRECTION('',(0.,1.,0.));
#3358=DIRECTION('',(1.,0.,0.));
#3359=DIRECTION('',(0.,-1.,0.));
#3360=DIRECTION('',(-1.,0.,0.));
#3361=DIRECTION('',(0.,-1.,0.));
#3362=DIRECTION('',(1.,0.,0.));
#3363=DIRECTION('',(0.,-1.,0.));
#3364=DIRECTION('',(-1.,0.,0.));
#3365=DIRECTION('',(0.,-1.,0.));
#3366=DIRECTION('',(1.,0.,0.));
#3367=DIRECTION('',(0.,-1.,0.));
#3368=DIRECTION('',(-1.,0.,0.));
#3369=DIRECTION('',(0.,-1.,0.));
#3370=DIRECTION('',(1.,0.,0.));
#3371=DIRECTION('',(0.,-1.,0.));
#3372=DIRECTION('',(-1.,0.,0.));
#3373=DIRECTION('',(0.,-1.,0.));
#3374=DIRECTION('',(1.,0.,0.));
#3375=DIRECTION('',(0.,-1.,0.));
#3376=DIRECTION('',(-1.,0.,0.));
#3377=DIRECTION('',(0.,-1.,0.));
#3378=DIRECTION('',(1.,0.,0.));
#3379=DIRECTION('',(0.,-1.,0.));
#3380=DIRECTION('',(-1.,0.,0.));
#3381=DIRECTION('',(0.,-1.,0.));
#3382=DIRECTION('',(1.,0.,0.));
#3383=DIRECTION('',(0.,-1.,0.));
#3384=DIRECTION('',(-1.,0.,0.));
#3385=DIRECTION('',(0.,-1.,0.));
#3386=DIRECTION('',(1.,0.,0.));
#3387=DIRECTION('',(0.,-1.,0.));
#3388=DIRECTION('',(-1.,0.,0.));
#3389=DIRECTION('',(0.,-1.,0.));
#3390=DIRECTION('',(1.,0.,0.));
#3391=DIRECTION('',(0.,-1.,0.));
#3392=DIRECTION('',(0.,-1.,0.));
#3393=DIRECTION('',(1.,0.,0.));
#3394=DIRECTION('',(0.,1.,0.));
#3395=DIRECTION('',(-1.,0.,0.));
#3396=DIRECTION('',(0.,-1.,0.));
#3397=DIRECTION('',(1.,0.,0.));
#3398=DIRECTION('',(0.,1.,0.));
#3399=DIRECTION('',(-1.,0.,0.));
#3400=DIRECTION('',(0.,-1.,0.));
#3401=DIRECTION('',(1.,0.,0.));
#3402=DIRECTION('',(0.,1.,0.));
#3403=DIRECTION('',(-1.,0.,0.));
#3404=DIRECTION('',(0.,-1.,0.));
#3405=DIRECTION('',(1.,0.,0.));
#3406=DIRECTION('',(0.,1.,0.));
#3407=DIRECTION('',(-1.,0.,0.));
#3408=DIRECTION('',(0.,-1.,0.));
#3409=DIRECTION('',(1.,0.,0.));
#3410=DIRECTION('',(0.,1.,0.));
#3411=DIRECTION('',(-1.,0.,0.));
#3412=DIRECTION('',(0.,-1.,0.));
#3413=DIRECTION('',(1.,0.,0.));
#3414=DIRECTION('',(0.,1.,0.));
#3415=DIRECTION('',(-1.,0.,0.));
#3416=DIRECTION('',(0.,-1.,0.));
#3417=DIRECTION('',(1.,0.,0.));
#3418=DIRECTION('',(0.,1.,0.));
#3419=DIRECTION('',(-1.,0.,0.));
#3420=DIRECTION('',(0.,-1.,0.));
#3421=DIRECTION('',(1.,0.,0.));
#3422=DIRECTION('',(0.,1.,0.));
#3423=DIRECTION('',(-1.,0.,0.));
#3424=DIRECTION('',(0.,-1.,0.));
#3425=DIRECTION('',(1.,0.,0.));
#3426=DIRECTION('',(0.,1.,0.));
#3427=DIRECTION('',(-1.,0.,0.));
#3428=DIRECTION('',(0.,-1.,0.));
#3429=DIRECTION('',(1.,0.,0.));
#3430=DIRECTION('',(0.,1.,0.));
#3431=DIRECTION('',(-1.,0.,0.));
#3432=DIRECTION('',(0.,-1.,0.));
#3433=DIRECTION('',(1.,0.,0.));
#3434=DIRECTION('',(0.,1.,0.));
#3435=DIRECTION('',(-1.,0.,0.));
#3436=DIRECTION('',(0.,-1.,0.));
#3437=DIRECTION('',(1.,0.,0.));
#3438=DIRECTION('',(0.,1.,0.));
#3439=DIRECTION('',(-1.,0.,0.));
#3440=DIRECTION('',(0.,-1.,0.));
#3441=DIRECTION('',(1.,0.,0.));
#3442=DIRECTION('',(0.,1.,0.));
#3443=DIRECTION('',(-1.,0.,0.));
#3444=DIRECTION('',(-1.,0.,0.));
#3445=DIRECTION('',(0.,-1.,0.));
#3446=DIRECTION('',(1.,0.,0.));
#3447=DIRECTION('',(0.,1.,0.));
#3448=DIRECTION('',(-1.,0.,0.));
#3449=DIRECTION('',(0.,-1.,0.));
#3450=DIRECTION('',(1.,0.,0.));
#3451=DIRECTION('',(0.,1.,0.));
#3452=DIRECTION('',(0.,-1.,0.));
#3453=DIRECTION('',(1.,0.,0.));
#3454=DIRECTION('',(0.,1.,0.));
#3455=DIRECTION('',(-1.,0.,0.));
#3456=DIRECTION('',(-1.,0.,0.));
#3457=DIRECTION('',(0.,-1.,0.));
#3458=DIRECTION('',(1.,0.,0.));
#3459=DIRECTION('',(0.,1.,0.));
#3460=DIRECTION('',(0.,-1.,0.));
#3461=DIRECTION('',(1.,0.,0.));
#3462=DIRECTION('',(0.,1.,0.));
#3463=DIRECTION('',(-1.,0.,0.));
#3464=DIRECTION('center_axis',(-1.,0.,0.));
#3465=DIRECTION('ref_axis',(0.,0.707106781186546,-0.707106781186549));
#3466=DIRECTION('center_axis',(1.,0.,0.));
#3467=DIRECTION('ref_axis',(0.,0.707106781186546,-0.707106781186549));
#3468=DIRECTION('',(1.,0.,0.));
#3469=DIRECTION('center_axis',(-1.,0.,0.));
#3470=DIRECTION('ref_axis',(0.,0.707106781186546,-0.707106781186549));
#3471=DIRECTION('',(1.,0.,0.));
#3472=DIRECTION('center_axis',(1.,0.,0.));
#3473=DIRECTION('ref_axis',(0.,0.707106781186546,-0.707106781186549));
#3474=DIRECTION('',(-1.,0.,0.));
#3475=DIRECTION('center_axis',(-1.,0.,0.));
#3476=DIRECTION('ref_axis',(0.,0.707106781186546,-0.707106781186549));
#3477=DIRECTION('',(1.,0.,0.));
#3478=DIRECTION('center_axis',(0.,-1.,0.));
#3479=DIRECTION('ref_axis',(0.,0.,-1.));
#3480=DIRECTION('',(0.,0.,-1.));
#3481=DIRECTION('',(0.,0.,1.));
#3482=DIRECTION('',(0.,0.,1.));
#3483=DIRECTION('',(1.,0.,0.));
#3484=DIRECTION('',(0.,0.,1.));
#3485=DIRECTION('center_axis',(0.,0.,1.));
#3486=DIRECTION('ref_axis',(1.,0.,0.));
#3487=DIRECTION('',(1.,0.,0.));
#3488=DIRECTION('',(0.,1.,0.));
#3489=DIRECTION('',(-1.,0.,0.));
#3490=DIRECTION('',(0.,1.,0.));
#3491=DIRECTION('',(1.,0.,0.));
#3492=DIRECTION('',(0.,1.,0.));
#3493=DIRECTION('',(-1.,0.,0.));
#3494=DIRECTION('',(0.,1.,0.));
#3495=DIRECTION('',(1.,0.,0.));
#3496=DIRECTION('',(0.,1.,0.));
#3497=DIRECTION('',(-1.,0.,0.));
#3498=DIRECTION('',(0.,1.,0.));
#3499=DIRECTION('',(1.,0.,0.));
#3500=DIRECTION('',(0.,1.,0.));
#3501=DIRECTION('',(-1.,0.,0.));
#3502=DIRECTION('',(0.,1.,0.));
#3503=DIRECTION('',(1.,0.,0.));
#3504=DIRECTION('',(0.,1.,0.));
#3505=DIRECTION('',(-1.,0.,0.));
#3506=DIRECTION('',(0.,1.,0.));
#3507=DIRECTION('',(1.,0.,0.));
#3508=DIRECTION('',(0.,1.,0.));
#3509=DIRECTION('',(-1.,0.,0.));
#3510=DIRECTION('',(0.,1.,0.));
#3511=DIRECTION('',(1.,0.,0.));
#3512=DIRECTION('',(0.,1.,0.));
#3513=DIRECTION('',(-1.,0.,0.));
#3514=DIRECTION('',(0.,1.,0.));
#3515=DIRECTION('',(1.,0.,0.));
#3516=DIRECTION('',(0.,1.,0.));
#3517=DIRECTION('',(-1.,0.,0.));
#3518=DIRECTION('',(0.,1.,0.));
#3519=DIRECTION('',(1.,0.,0.));
#3520=DIRECTION('',(0.,1.,0.));
#3521=DIRECTION('',(0.,-1.,0.));
#3522=DIRECTION('',(-1.,0.,0.));
#3523=DIRECTION('',(0.,1.,0.));
#3524=DIRECTION('',(0.,1.,0.));
#3525=DIRECTION('',(1.,0.,0.));
#3526=DIRECTION('',(0.,-1.,0.));
#3527=DIRECTION('',(-1.,0.,0.));
#3528=DIRECTION('',(0.,1.,0.));
#3529=DIRECTION('',(1.,0.,0.));
#3530=DIRECTION('',(0.,-1.,0.));
#3531=DIRECTION('',(-1.,0.,0.));
#3532=DIRECTION('',(0.,-1.,0.));
#3533=DIRECTION('',(1.,2.230711171336E-9,0.));
#3534=DIRECTION('',(2.230711171336E-9,-1.,0.));
#3535=DIRECTION('',(-1.,-2.230711171336E-9,0.));
#3536=DIRECTION('',(0.,-1.,0.));
#3537=DIRECTION('',(1.,0.,0.));
#3538=DIRECTION('',(0.,-1.,0.));
#3539=DIRECTION('',(-1.,0.,0.));
#3540=DIRECTION('',(0.,-1.,0.));
#3541=DIRECTION('',(1.,0.,0.));
#3542=DIRECTION('',(0.,-1.,0.));
#3543=DIRECTION('',(-1.,0.,0.));
#3544=DIRECTION('',(0.,-1.,0.));
#3545=DIRECTION('',(1.,0.,0.));
#3546=DIRECTION('',(0.,-1.,0.));
#3547=DIRECTION('',(-1.,0.,0.));
#3548=DIRECTION('',(0.,-1.,0.));
#3549=DIRECTION('',(1.,0.,0.));
#3550=DIRECTION('',(0.,-1.,0.));
#3551=DIRECTION('',(-1.,0.,0.));
#3552=DIRECTION('',(0.,-1.,0.));
#3553=DIRECTION('',(1.,0.,0.));
#3554=DIRECTION('',(0.,-1.,0.));
#3555=DIRECTION('',(-1.,0.,0.));
#3556=DIRECTION('',(0.,-1.,0.));
#3557=DIRECTION('',(0.,1.,0.));
#3558=DIRECTION('',(1.,0.,0.));
#3559=DIRECTION('',(0.,-1.,0.));
#3560=DIRECTION('',(-1.,0.,0.));
#3561=DIRECTION('',(0.,1.,0.));
#3562=DIRECTION('',(1.,0.,0.));
#3563=DIRECTION('',(0.,-1.,0.));
#3564=DIRECTION('',(-1.,0.,0.));
#3565=DIRECTION('',(0.,1.,0.));
#3566=DIRECTION('',(1.,0.,0.));
#3567=DIRECTION('',(0.,-1.,0.));
#3568=DIRECTION('',(-1.,0.,0.));
#3569=DIRECTION('',(0.,1.,0.));
#3570=DIRECTION('',(1.,0.,0.));
#3571=DIRECTION('',(0.,-1.,0.));
#3572=DIRECTION('',(-1.,0.,0.));
#3573=DIRECTION('',(0.,1.,0.));
#3574=DIRECTION('',(1.,0.,0.));
#3575=DIRECTION('',(0.,-1.,0.));
#3576=DIRECTION('',(-1.,0.,0.));
#3577=DIRECTION('',(0.,1.,0.));
#3578=DIRECTION('',(1.,0.,0.));
#3579=DIRECTION('',(0.,-1.,0.));
#3580=DIRECTION('',(-1.,0.,0.));
#3581=DIRECTION('',(0.,1.,0.));
#3582=DIRECTION('',(1.,0.,0.));
#3583=DIRECTION('',(0.,-1.,0.));
#3584=DIRECTION('',(-1.,0.,0.));
#3585=DIRECTION('',(0.,1.,0.));
#3586=DIRECTION('',(1.,0.,0.));
#3587=DIRECTION('',(0.,-1.,0.));
#3588=DIRECTION('',(-1.,0.,0.));
#3589=DIRECTION('',(0.,1.,0.));
#3590=DIRECTION('',(1.,0.,0.));
#3591=DIRECTION('',(0.,-1.,0.));
#3592=DIRECTION('',(-1.,0.,0.));
#3593=DIRECTION('',(0.,1.,0.));
#3594=DIRECTION('',(1.,0.,0.));
#3595=DIRECTION('',(0.,-1.,0.));
#3596=DIRECTION('',(-1.,0.,0.));
#3597=DIRECTION('',(0.,1.,0.));
#3598=DIRECTION('',(1.,0.,0.));
#3599=DIRECTION('',(0.,-1.,0.));
#3600=DIRECTION('',(-1.,0.,0.));
#3601=DIRECTION('',(0.,1.,0.));
#3602=DIRECTION('',(1.,0.,0.));
#3603=DIRECTION('',(0.,-1.,0.));
#3604=DIRECTION('',(-1.,0.,0.));
#3605=DIRECTION('',(1.,0.,0.));
#3606=DIRECTION('',(0.,-1.,0.));
#3607=DIRECTION('',(-1.,0.,0.));
#3608=DIRECTION('',(0.,1.,0.));
#3609=DIRECTION('',(0.,1.,0.));
#3610=DIRECTION('',(1.,0.,0.));
#3611=DIRECTION('',(0.,-1.,0.));
#3612=DIRECTION('',(-1.,0.,0.));
#3613=DIRECTION('',(0.,1.,0.));
#3614=DIRECTION('',(1.,0.,0.));
#3615=DIRECTION('',(0.,-1.,0.));
#3616=DIRECTION('',(-1.,0.,0.));
#3617=DIRECTION('',(1.,0.,0.));
#3618=DIRECTION('',(0.,-1.,0.));
#3619=DIRECTION('',(-1.,0.,0.));
#3620=DIRECTION('',(0.,1.,0.));
#3621=DIRECTION('center_axis',(0.,0.,1.));
#3622=DIRECTION('ref_axis',(1.,0.,0.));
#3623=DIRECTION('',(0.,1.,0.));
#3624=DIRECTION('',(-1.,0.,0.));
#3625=DIRECTION('',(0.,-1.,0.));
#3626=DIRECTION('',(0.,-1.,0.));
#3627=DIRECTION('',(-1.,0.,0.));
#3628=DIRECTION('',(0.,1.,0.));
#3629=DIRECTION('',(1.,0.,0.));
#3630=DIRECTION('center_axis',(0.,1.,0.));
#3631=DIRECTION('ref_axis',(0.,0.,1.));
#3632=DIRECTION('',(0.,0.,-1.));
#3633=DIRECTION('',(0.,0.,1.));
#3634=DIRECTION('center_axis',(1.,0.,0.));
#3635=DIRECTION('ref_axis',(0.,1.,0.));
#3636=DIRECTION('',(0.,0.,1.));
#3637=DIRECTION('center_axis',(0.,1.,0.));
#3638=DIRECTION('ref_axis',(0.,0.,1.));
#3639=DIRECTION('',(0.,0.,1.));
#3640=DIRECTION('',(0.,0.,1.));
#3641=DIRECTION('center_axis',(-1.,0.,0.));
#3642=DIRECTION('ref_axis',(0.,0.,1.));
#3643=DIRECTION('center_axis',(1.,0.,0.));
#3644=DIRECTION('ref_axis',(0.,0.,-1.));
#3645=DIRECTION('center_axis',(0.,1.,0.));
#3646=DIRECTION('ref_axis',(0.,0.,1.));
#3647=DIRECTION('',(0.,0.,-1.));
#3648=DIRECTION('center_axis',(-1.,0.,0.));
#3649=DIRECTION('ref_axis',(0.,-1.,0.));
#3650=DIRECTION('center_axis',(1.,0.,0.));
#3651=DIRECTION('ref_axis',(0.,-1.,0.));
#3652=DIRECTION('',(0.,0.,-1.));
#3653=DIRECTION('',(0.,0.,-1.));
#3654=DIRECTION('center_axis',(0.,1.,0.));
#3655=DIRECTION('ref_axis',(1.,0.,0.));
#3656=DIRECTION('',(0.,0.,1.));
#3657=DIRECTION('center_axis',(0.,-1.,0.));
#3658=DIRECTION('ref_axis',(-1.,0.,0.));
#3659=DIRECTION('',(0.,0.,-1.));
#3660=DIRECTION('center_axis',(-1.,0.,0.));
#3661=DIRECTION('ref_axis',(0.,1.,0.));
#3662=DIRECTION('',(0.,0.,-1.));
#3663=DIRECTION('',(0.,0.,-1.));
#3664=DIRECTION('center_axis',(0.,-1.,0.));
#3665=DIRECTION('ref_axis',(-1.,0.,0.));
#3666=DIRECTION('',(0.,0.,1.));
#3667=DIRECTION('center_axis',(0.,1.,0.));
#3668=DIRECTION('ref_axis',(1.,0.,0.));
#3669=DIRECTION('',(0.,0.,-1.));
#3670=DIRECTION('center_axis',(0.,-1.,0.));
#3671=DIRECTION('ref_axis',(-1.,0.,0.));
#3672=DIRECTION('',(0.,0.,-1.));
#3673=DIRECTION('',(0.,0.,-1.));
#3674=DIRECTION('center_axis',(1.,0.,0.));
#3675=DIRECTION('ref_axis',(0.,-1.,0.));
#3676=DIRECTION('',(0.,0.,-1.));
#3677=DIRECTION('center_axis',(0.,1.,0.));
#3678=DIRECTION('ref_axis',(1.,0.,0.));
#3679=DIRECTION('',(0.,0.,-1.));
#3680=DIRECTION('center_axis',(-1.,0.,0.));
#3681=DIRECTION('ref_axis',(0.,1.,0.));
#3682=DIRECTION('center_axis',(1.,0.,0.));
#3683=DIRECTION('ref_axis',(0.,-1.,0.));
#3684=DIRECTION('',(0.,0.,-1.));
#3685=DIRECTION('',(0.,0.,-1.));
#3686=DIRECTION('center_axis',(0.,1.,0.));
#3687=DIRECTION('ref_axis',(1.,0.,0.));
#3688=DIRECTION('',(0.,0.,-1.));
#3689=DIRECTION('center_axis',(-1.,0.,0.));
#3690=DIRECTION('ref_axis',(0.,1.,0.));
#3691=DIRECTION('',(0.,0.,-1.));
#3692=DIRECTION('center_axis',(0.,-1.,0.));
#3693=DIRECTION('ref_axis',(-1.,0.,0.));
#3694=DIRECTION('center_axis',(0.,-1.,0.));
#3695=DIRECTION('ref_axis',(-1.,0.,0.));
#3696=DIRECTION('',(0.,0.,-1.));
#3697=DIRECTION('',(0.,0.,-1.));
#3698=DIRECTION('center_axis',(1.,0.,0.));
#3699=DIRECTION('ref_axis',(0.,-1.,0.));
#3700=DIRECTION('',(0.,0.,-1.));
#3701=DIRECTION('center_axis',(0.,1.,0.));
#3702=DIRECTION('ref_axis',(1.,0.,0.));
#3703=DIRECTION('',(0.,0.,-1.));
#3704=DIRECTION('center_axis',(-1.,0.,0.));
#3705=DIRECTION('ref_axis',(0.,1.,0.));
#3706=DIRECTION('center_axis',(1.,0.,0.));
#3707=DIRECTION('ref_axis',(0.,1.,0.));
#3708=DIRECTION('',(0.,0.,-1.));
#3709=DIRECTION('center_axis',(1.,0.,0.));
#3710=DIRECTION('ref_axis',(0.,1.,0.));
#3711=DIRECTION('center_axis',(-1.,0.,0.));
#3712=DIRECTION('ref_axis',(0.,-1.,0.));
#3713=DIRECTION('center_axis',(0.,1.,0.));
#3714=DIRECTION('ref_axis',(1.,0.,0.));
#3715=DIRECTION('',(0.,0.,-1.));
#3716=DIRECTION('',(0.,0.,1.));
#3717=DIRECTION('center_axis',(0.,-1.,0.));
#3718=DIRECTION('ref_axis',(-1.,0.,0.));
#3719=DIRECTION('',(0.,0.,-1.));
#3720=DIRECTION('',(0.,0.,-1.));
#3721=DIRECTION('center_axis',(1.,0.,0.));
#3722=DIRECTION('ref_axis',(0.,-1.,0.));
#3723=DIRECTION('center_axis',(-1.,0.,0.));
#3724=DIRECTION('ref_axis',(0.,1.,0.));
#3725=DIRECTION('',(0.,0.,-1.));
#3726=DIRECTION('',(0.,0.,-1.));
#3727=DIRECTION('center_axis',(0.,-1.,0.));
#3728=DIRECTION('ref_axis',(-1.,0.,0.));
#3729=DIRECTION('',(0.,0.,1.));
#3730=DIRECTION('center_axis',(0.,1.,0.));
#3731=DIRECTION('ref_axis',(1.,0.,0.));
#3732=DIRECTION('',(0.,0.,-1.));
#3733=DIRECTION('center_axis',(-1.,0.,0.));
#3734=DIRECTION('ref_axis',(0.,1.,0.));
#3735=DIRECTION('',(0.,0.,-1.));
#3736=DIRECTION('',(0.,0.,-1.));
#3737=DIRECTION('center_axis',(0.,-1.,0.));
#3738=DIRECTION('ref_axis',(-1.,0.,0.));
#3739=DIRECTION('',(0.,0.,1.));
#3740=DIRECTION('center_axis',(0.,1.,0.));
#3741=DIRECTION('ref_axis',(1.,0.,0.));
#3742=DIRECTION('',(0.,0.,-1.));
#3743=DIRECTION('center_axis',(1.,0.,0.));
#3744=DIRECTION('ref_axis',(0.,-1.,0.));
#3745=DIRECTION('',(0.,0.,-1.));
#3746=DIRECTION('',(0.,0.,-1.));
#3747=DIRECTION('center_axis',(0.,1.,0.));
#3748=DIRECTION('ref_axis',(1.,0.,0.));
#3749=DIRECTION('',(0.,0.,-1.));
#3750=DIRECTION('center_axis',(-1.,0.,0.));
#3751=DIRECTION('ref_axis',(0.,1.,0.));
#3752=DIRECTION('',(0.,0.,-1.));
#3753=DIRECTION('center_axis',(0.,-1.,0.));
#3754=DIRECTION('ref_axis',(-1.,0.,0.));
#3755=DIRECTION('center_axis',(1.,0.,0.));
#3756=DIRECTION('ref_axis',(0.,-1.,0.));
#3757=DIRECTION('',(0.,0.,-1.));
#3758=DIRECTION('',(0.,0.,-1.));
#3759=DIRECTION('center_axis',(0.,1.,0.));
#3760=DIRECTION('ref_axis',(1.,0.,0.));
#3761=DIRECTION('',(0.,0.,-1.));
#3762=DIRECTION('center_axis',(-1.,0.,0.));
#3763=DIRECTION('ref_axis',(0.,1.,0.));
#3764=DIRECTION('',(0.,0.,-1.));
#3765=DIRECTION('center_axis',(0.,-1.,0.));
#3766=DIRECTION('ref_axis',(-1.,0.,0.));
#3767=DIRECTION('center_axis',(1.,0.,0.));
#3768=DIRECTION('ref_axis',(0.,-1.,0.));
#3769=DIRECTION('',(0.,0.,-1.));
#3770=DIRECTION('',(0.,0.,-1.));
#3771=DIRECTION('center_axis',(0.,1.,0.));
#3772=DIRECTION('ref_axis',(1.,0.,0.));
#3773=DIRECTION('',(0.,0.,-1.));
#3774=DIRECTION('center_axis',(-1.,0.,0.));
#3775=DIRECTION('ref_axis',(0.,1.,0.));
#3776=DIRECTION('',(0.,0.,-1.));
#3777=DIRECTION('center_axis',(0.,-1.,0.));
#3778=DIRECTION('ref_axis',(-1.,0.,0.));
#3779=DIRECTION('center_axis',(0.,1.,0.));
#3780=DIRECTION('ref_axis',(1.,0.,0.));
#3781=DIRECTION('',(0.,0.,-1.));
#3782=DIRECTION('',(0.,0.,1.));
#3783=DIRECTION('center_axis',(0.,-1.,0.));
#3784=DIRECTION('ref_axis',(-1.,0.,0.));
#3785=DIRECTION('',(0.,0.,-1.));
#3786=DIRECTION('',(0.,0.,-1.));
#3787=DIRECTION('center_axis',(1.,0.,0.));
#3788=DIRECTION('ref_axis',(0.,-1.,0.));
#3789=DIRECTION('center_axis',(1.,0.,0.));
#3790=DIRECTION('ref_axis',(0.,-1.,0.));
#3791=DIRECTION('',(0.,0.,-1.));
#3792=DIRECTION('',(0.,0.,-1.));
#3793=DIRECTION('center_axis',(0.,1.,0.));
#3794=DIRECTION('ref_axis',(1.,0.,0.));
#3795=DIRECTION('',(0.,0.,-1.));
#3796=DIRECTION('center_axis',(-1.,0.,0.));
#3797=DIRECTION('ref_axis',(0.,1.,0.));
#3798=DIRECTION('',(0.,0.,-1.));
#3799=DIRECTION('center_axis',(0.,-1.,0.));
#3800=DIRECTION('ref_axis',(-1.,0.,0.));
#3801=DIRECTION('center_axis',(1.,0.,0.));
#3802=DIRECTION('ref_axis',(0.,-1.,0.));
#3803=DIRECTION('',(0.,0.,-1.));
#3804=DIRECTION('',(0.,0.,-1.));
#3805=DIRECTION('center_axis',(0.,1.,0.));
#3806=DIRECTION('ref_axis',(1.,0.,0.));
#3807=DIRECTION('',(0.,0.,-1.));
#3808=DIRECTION('center_axis',(-1.,0.,0.));
#3809=DIRECTION('ref_axis',(0.,1.,0.));
#3810=DIRECTION('',(0.,0.,-1.));
#3811=DIRECTION('center_axis',(0.,-1.,0.));
#3812=DIRECTION('ref_axis',(-1.,0.,0.));
#3813=DIRECTION('center_axis',(-1.,0.,0.));
#3814=DIRECTION('ref_axis',(0.,1.,0.));
#3815=DIRECTION('',(0.,0.,-1.));
#3816=DIRECTION('',(0.,0.,-1.));
#3817=DIRECTION('center_axis',(0.,-1.,0.));
#3818=DIRECTION('ref_axis',(-1.,0.,0.));
#3819=DIRECTION('',(0.,0.,1.));
#3820=DIRECTION('center_axis',(0.,1.,0.));
#3821=DIRECTION('ref_axis',(1.,0.,0.));
#3822=DIRECTION('',(0.,0.,-1.));
#3823=DIRECTION('center_axis',(0.,1.,0.));
#3824=DIRECTION('ref_axis',(1.,0.,0.));
#3825=DIRECTION('',(0.,0.,-1.));
#3826=DIRECTION('',(0.,0.,1.));
#3827=DIRECTION('center_axis',(0.,1.,0.));
#3828=DIRECTION('ref_axis',(1.,0.,0.));
#3829=DIRECTION('',(0.,0.,-1.));
#3830=DIRECTION('',(0.,0.,1.));
#3831=DIRECTION('center_axis',(0.,-1.,0.));
#3832=DIRECTION('ref_axis',(-1.,0.,0.));
#3833=DIRECTION('',(0.,0.,-1.));
#3834=DIRECTION('',(0.,0.,-1.));
#3835=DIRECTION('center_axis',(1.,0.,0.));
#3836=DIRECTION('ref_axis',(0.,-1.,0.));
#3837=DIRECTION('center_axis',(0.,1.,0.));
#3838=DIRECTION('ref_axis',(1.,0.,0.));
#3839=DIRECTION('',(0.,0.,-1.));
#3840=DIRECTION('',(0.,0.,1.));
#3841=DIRECTION('center_axis',(0.,-1.,0.));
#3842=DIRECTION('ref_axis',(-1.,0.,0.));
#3843=DIRECTION('',(0.,0.,-1.));
#3844=DIRECTION('',(0.,0.,-1.));
#3845=DIRECTION('center_axis',(1.,0.,0.));
#3846=DIRECTION('ref_axis',(0.,-1.,0.));
#3847=DIRECTION('center_axis',(-1.,0.,0.));
#3848=DIRECTION('ref_axis',(0.,1.,0.));
#3849=DIRECTION('',(0.,0.,-1.));
#3850=DIRECTION('',(0.,0.,-1.));
#3851=DIRECTION('center_axis',(0.,-1.,0.));
#3852=DIRECTION('ref_axis',(-1.,0.,0.));
#3853=DIRECTION('',(0.,0.,1.));
#3854=DIRECTION('center_axis',(0.,1.,0.));
#3855=DIRECTION('ref_axis',(1.,0.,0.));
#3856=DIRECTION('',(0.,0.,-1.));
#3857=DIRECTION('center_axis',(-1.,0.,0.));
#3858=DIRECTION('ref_axis',(0.,1.,0.));
#3859=DIRECTION('',(0.,0.,-1.));
#3860=DIRECTION('',(0.,0.,-1.));
#3861=DIRECTION('center_axis',(0.,-1.,0.));
#3862=DIRECTION('ref_axis',(-1.,0.,0.));
#3863=DIRECTION('',(0.,0.,1.));
#3864=DIRECTION('center_axis',(0.,1.,0.));
#3865=DIRECTION('ref_axis',(1.,0.,0.));
#3866=DIRECTION('',(0.,0.,-1.));
#3867=DIRECTION('center_axis',(1.,0.,0.));
#3868=DIRECTION('ref_axis',(0.,-1.,0.));
#3869=DIRECTION('',(0.,0.,-1.));
#3870=DIRECTION('',(0.,0.,-1.));
#3871=DIRECTION('center_axis',(0.,1.,0.));
#3872=DIRECTION('ref_axis',(1.,0.,0.));
#3873=DIRECTION('',(0.,0.,-1.));
#3874=DIRECTION('center_axis',(-1.,0.,0.));
#3875=DIRECTION('ref_axis',(0.,1.,0.));
#3876=DIRECTION('',(0.,0.,-1.));
#3877=DIRECTION('center_axis',(0.,-1.,0.));
#3878=DIRECTION('ref_axis',(-1.,0.,0.));
#3879=DIRECTION('center_axis',(1.,0.,0.));
#3880=DIRECTION('ref_axis',(0.,-1.,0.));
#3881=DIRECTION('',(0.,0.,-1.));
#3882=DIRECTION('',(0.,0.,-1.));
#3883=DIRECTION('center_axis',(0.,1.,0.));
#3884=DIRECTION('ref_axis',(1.,0.,0.));
#3885=DIRECTION('',(0.,0.,-1.));
#3886=DIRECTION('center_axis',(-1.,0.,0.));
#3887=DIRECTION('ref_axis',(0.,1.,0.));
#3888=DIRECTION('',(0.,0.,-1.));
#3889=DIRECTION('center_axis',(0.,-1.,0.));
#3890=DIRECTION('ref_axis',(-1.,0.,0.));
#3891=DIRECTION('center_axis',(1.,0.,0.));
#3892=DIRECTION('ref_axis',(0.,-1.,0.));
#3893=DIRECTION('',(0.,0.,-1.));
#3894=DIRECTION('',(0.,0.,-1.));
#3895=DIRECTION('center_axis',(0.,1.,0.));
#3896=DIRECTION('ref_axis',(1.,0.,0.));
#3897=DIRECTION('',(0.,0.,-1.));
#3898=DIRECTION('center_axis',(-1.,0.,0.));
#3899=DIRECTION('ref_axis',(0.,1.,0.));
#3900=DIRECTION('',(0.,0.,-1.));
#3901=DIRECTION('center_axis',(0.,-1.,0.));
#3902=DIRECTION('ref_axis',(-1.,0.,0.));
#3903=DIRECTION('center_axis',(1.,0.,0.));
#3904=DIRECTION('ref_axis',(0.,-1.,0.));
#3905=DIRECTION('',(0.,0.,-1.));
#3906=DIRECTION('',(0.,0.,-1.));
#3907=DIRECTION('center_axis',(0.,1.,0.));
#3908=DIRECTION('ref_axis',(1.,0.,0.));
#3909=DIRECTION('',(0.,0.,-1.));
#3910=DIRECTION('center_axis',(-1.,0.,0.));
#3911=DIRECTION('ref_axis',(0.,1.,0.));
#3912=DIRECTION('',(0.,0.,-1.));
#3913=DIRECTION('center_axis',(0.,-1.,0.));
#3914=DIRECTION('ref_axis',(-1.,0.,0.));
#3915=DIRECTION('center_axis',(1.,0.,0.));
#3916=DIRECTION('ref_axis',(0.,-1.,0.));
#3917=DIRECTION('',(0.,0.,-1.));
#3918=DIRECTION('',(0.,0.,-1.));
#3919=DIRECTION('center_axis',(0.,1.,0.));
#3920=DIRECTION('ref_axis',(1.,0.,0.));
#3921=DIRECTION('',(0.,0.,-1.));
#3922=DIRECTION('center_axis',(-1.,0.,0.));
#3923=DIRECTION('ref_axis',(0.,1.,0.));
#3924=DIRECTION('',(0.,0.,-1.));
#3925=DIRECTION('center_axis',(0.,-1.,0.));
#3926=DIRECTION('ref_axis',(-1.,0.,0.));
#3927=DIRECTION('center_axis',(1.,0.,0.));
#3928=DIRECTION('ref_axis',(0.,-1.,0.));
#3929=DIRECTION('',(0.,0.,-1.));
#3930=DIRECTION('',(0.,0.,-1.));
#3931=DIRECTION('center_axis',(0.,1.,0.));
#3932=DIRECTION('ref_axis',(1.,0.,0.));
#3933=DIRECTION('',(0.,0.,-1.));
#3934=DIRECTION('center_axis',(-1.,0.,0.));
#3935=DIRECTION('ref_axis',(0.,1.,0.));
#3936=DIRECTION('',(0.,0.,-1.));
#3937=DIRECTION('center_axis',(0.,-1.,0.));
#3938=DIRECTION('ref_axis',(-1.,0.,0.));
#3939=DIRECTION('center_axis',(1.,0.,0.));
#3940=DIRECTION('ref_axis',(0.,-1.,0.));
#3941=DIRECTION('',(0.,0.,-1.));
#3942=DIRECTION('',(0.,0.,-1.));
#3943=DIRECTION('center_axis',(0.,1.,0.));
#3944=DIRECTION('ref_axis',(1.,0.,0.));
#3945=DIRECTION('',(0.,0.,-1.));
#3946=DIRECTION('center_axis',(-1.,0.,0.));
#3947=DIRECTION('ref_axis',(0.,1.,0.));
#3948=DIRECTION('',(0.,0.,-1.));
#3949=DIRECTION('center_axis',(0.,-1.,0.));
#3950=DIRECTION('ref_axis',(-1.,0.,0.));
#3951=DIRECTION('center_axis',(-2.230711171336E-9,1.,0.));
#3952=DIRECTION('ref_axis',(1.,2.230711171336E-9,0.));
#3953=DIRECTION('',(0.,0.,-1.));
#3954=DIRECTION('',(0.,0.,1.));
#3955=DIRECTION('center_axis',(2.230711171336E-9,-1.,0.));
#3956=DIRECTION('ref_axis',(-1.,-2.230711171336E-9,0.));
#3957=DIRECTION('',(0.,0.,-1.));
#3958=DIRECTION('',(0.,0.,-1.));
#3959=DIRECTION('center_axis',(1.,2.230711171336E-9,0.));
#3960=DIRECTION('ref_axis',(2.230711171336E-9,-1.,0.));
#3961=DIRECTION('center_axis',(-1.,0.,0.));
#3962=DIRECTION('ref_axis',(0.,1.,0.));
#3963=DIRECTION('',(0.,0.,-1.));
#3964=DIRECTION('',(0.,0.,-1.));
#3965=DIRECTION('center_axis',(0.,-1.,0.));
#3966=DIRECTION('ref_axis',(-1.,0.,0.));
#3967=DIRECTION('',(0.,0.,1.));
#3968=DIRECTION('center_axis',(0.,1.,0.));
#3969=DIRECTION('ref_axis',(1.,0.,0.));
#3970=DIRECTION('',(0.,0.,-1.));
#3971=DIRECTION('center_axis',(0.,1.,0.));
#3972=DIRECTION('ref_axis',(1.,0.,0.));
#3973=DIRECTION('',(0.,0.,-1.));
#3974=DIRECTION('',(0.,0.,1.));
#3975=DIRECTION('center_axis',(0.,-1.,0.));
#3976=DIRECTION('ref_axis',(-1.,0.,0.));
#3977=DIRECTION('',(0.,0.,-1.));
#3978=DIRECTION('',(0.,0.,-1.));
#3979=DIRECTION('center_axis',(1.,0.,0.));
#3980=DIRECTION('ref_axis',(0.,-1.,0.));
#3981=DIRECTION('center_axis',(1.,0.,0.));
#3982=DIRECTION('ref_axis',(0.,1.,0.));
#3983=DIRECTION('',(0.,0.,1.));
#3984=DIRECTION('center_axis',(1.,0.,0.));
#3985=DIRECTION('ref_axis',(0.,1.,0.));
#3986=DIRECTION('center_axis',(1.,0.,0.));
#3987=DIRECTION('ref_axis',(0.,1.,0.));
#3988=DIRECTION('center_axis',(1.,0.,0.));
#3989=DIRECTION('ref_axis',(0.,1.,0.));
#3990=DIRECTION('center_axis',(1.,0.,0.));
#3991=DIRECTION('ref_axis',(0.,1.,0.));
#3992=DIRECTION('center_axis',(1.,0.,0.));
#3993=DIRECTION('ref_axis',(0.,1.,0.));
#3994=DIRECTION('center_axis',(-1.,0.,0.));
#3995=DIRECTION('ref_axis',(0.,-1.,0.));
#3996=DIRECTION('',(0.,0.,-1.));
#3997=DIRECTION('center_axis',(-1.,0.,0.));
#3998=DIRECTION('ref_axis',(0.,-1.,0.));
#3999=DIRECTION('center_axis',(-1.,0.,0.));
#4000=DIRECTION('ref_axis',(0.,-1.,0.));
#4001=DIRECTION('center_axis',(-1.,0.,0.));
#4002=DIRECTION('ref_axis',(0.,-1.,0.));
#4003=DIRECTION('center_axis',(-1.,0.,0.));
#4004=DIRECTION('ref_axis',(0.,-1.,0.));
#4005=DIRECTION('center_axis',(-1.,0.,0.));
#4006=DIRECTION('ref_axis',(0.,-1.,0.));
#4007=DIRECTION('center_axis',(-1.,0.,0.));
#4008=DIRECTION('ref_axis',(0.,-1.,0.));
#4009=DIRECTION('center_axis',(0.,-1.,0.));
#4010=DIRECTION('ref_axis',(-1.,0.,0.));
#4011=DIRECTION('',(0.,0.,-1.));
#4012=DIRECTION('',(0.,0.,-1.));
#4013=DIRECTION('center_axis',(1.,0.,0.));
#4014=DIRECTION('ref_axis',(0.,-1.,0.));
#4015=DIRECTION('',(0.,0.,-1.));
#4016=DIRECTION('center_axis',(0.,1.,0.));
#4017=DIRECTION('ref_axis',(1.,0.,0.));
#4018=DIRECTION('',(0.,0.,-1.));
#4019=DIRECTION('center_axis',(-1.,0.,0.));
#4020=DIRECTION('ref_axis',(0.,1.,0.));
#4021=DIRECTION('center_axis',(-1.,0.,0.));
#4022=DIRECTION('ref_axis',(0.,1.,0.));
#4023=DIRECTION('',(0.,0.,-1.));
#4024=DIRECTION('',(0.,0.,-1.));
#4025=DIRECTION('center_axis',(0.,-1.,0.));
#4026=DIRECTION('ref_axis',(-1.,0.,0.));
#4027=DIRECTION('center_axis',(0.,1.,0.));
#4028=DIRECTION('ref_axis',(1.,0.,0.));
#4029=DIRECTION('center_axis',(0.,1.,0.));
#4030=DIRECTION('ref_axis',(1.,0.,0.));
#4031=DIRECTION('',(0.,0.,-1.));
#4032=DIRECTION('',(0.,0.,1.));
#4033=DIRECTION('center_axis',(0.,-1.,0.));
#4034=DIRECTION('ref_axis',(-1.,0.,0.));
#4035=DIRECTION('',(0.,0.,-1.));
#4036=DIRECTION('center_axis',(1.,0.,0.));
#4037=DIRECTION('ref_axis',(0.,-1.,0.));
#4038=DIRECTION('center_axis',(1.,0.,0.));
#4039=DIRECTION('ref_axis',(0.,1.,0.));
#4040=DIRECTION('center_axis',(-1.,0.,0.));
#4041=DIRECTION('ref_axis',(0.,-1.,0.));
#4042=DIRECTION('center_axis',(1.,0.,0.));
#4043=DIRECTION('ref_axis',(0.,-1.,0.));
#4044=DIRECTION('',(0.,0.,-1.));
#4045=DIRECTION('',(0.,0.,-1.));
#4046=DIRECTION('center_axis',(0.,1.,0.));
#4047=DIRECTION('ref_axis',(1.,0.,0.));
#4048=DIRECTION('',(0.,0.,-1.));
#4049=DIRECTION('center_axis',(-1.,0.,0.));
#4050=DIRECTION('ref_axis',(0.,1.,0.));
#4051=DIRECTION('',(0.,0.,-1.));
#4052=DIRECTION('center_axis',(0.,-1.,0.));
#4053=DIRECTION('ref_axis',(-1.,0.,0.));
#4054=CARTESIAN_POINT('',(0.,0.,0.));
#4055=CARTESIAN_POINT('Origin',(5.,-60.,0.));
#4056=CARTESIAN_POINT('',(35.0000002533197,-32.0000004768372,0.));
#4057=CARTESIAN_POINT('',(-25.,-32.0000004768372,0.));
#4058=CARTESIAN_POINT('',(-10.0000001862645,-32.0000019073486,0.));
#4059=CARTESIAN_POINT('',(-25.000000372529,-26.0000003576279,0.));
#4060=CARTESIAN_POINT('',(-25.,-145.,0.));
#4061=CARTESIAN_POINT('',(-7.00000037252903,-26.0000003576279,0.));
#4062=CARTESIAN_POINT('',(-1.00000018626451,-26.0000003576279,0.));
#4063=CARTESIAN_POINT('',(-7.00000037252903,-24.0000003576279,0.));
#4064=CARTESIAN_POINT('',(-7.00000037252903,-42.0000001788139,0.));
#4065=CARTESIAN_POINT('',(-25.000000372529,-24.0000003576279,0.));
#4066=CARTESIAN_POINT('',(-10.0000001862645,-24.0000003576279,0.));
#4067=CARTESIAN_POINT('',(-25.000000372529,-18.0000002384186,0.));
#4068=CARTESIAN_POINT('',(-25.,-145.,0.));
#4069=CARTESIAN_POINT('',(-7.00000037252903,-18.0000002384186,0.));
#4070=CARTESIAN_POINT('',(-1.00000018626451,-18.0000002384186,0.));
#4071=CARTESIAN_POINT('',(-7.00000037252903,-16.0000002384186,0.));
#4072=CARTESIAN_POINT('',(-7.00000037252903,-38.0000001192093,0.));
#4073=CARTESIAN_POINT('',(-25.000000372529,-16.0000002384186,0.));
#4074=CARTESIAN_POINT('',(-10.0000001862645,-16.0000002384186,0.));
#4075=CARTESIAN_POINT('',(-25.000000372529,-10.0000001490116,0.));
#4076=CARTESIAN_POINT('',(-25.,-145.,0.));
#4077=CARTESIAN_POINT('',(-7.00000037252903,-10.0000001490116,0.));
#4078=CARTESIAN_POINT('',(-1.00000018626451,-10.0000001490116,0.));
#4079=CARTESIAN_POINT('',(-7.00000037252903,-8.00000011920929,0.));
#4080=CARTESIAN_POINT('',(-7.00000037252903,-34.0000000596046,0.));
#4081=CARTESIAN_POINT('',(-25.000000372529,-8.00000011920929,0.));
#4082=CARTESIAN_POINT('',(-10.0000001862645,-8.00000011920929,0.));
#4083=CARTESIAN_POINT('',(-25.000000372529,-2.,0.));
#4084=CARTESIAN_POINT('',(-25.,-145.,0.));
#4085=CARTESIAN_POINT('',(-7.00000037252903,-2.,0.));
#4086=CARTESIAN_POINT('',(-1.00000018626451,-2.,0.));
#4087=CARTESIAN_POINT('',(-7.00000037252903,0.,0.));
#4088=CARTESIAN_POINT('',(-7.00000037252903,-30.,0.));
#4089=CARTESIAN_POINT('',(-25.000000372529,0.,0.));
#4090=CARTESIAN_POINT('',(-10.0000001862645,0.,0.));
#4091=CARTESIAN_POINT('',(-25.000000372529,6.00000011920929,0.));
#4092=CARTESIAN_POINT('',(-25.,-145.,0.));
#4093=CARTESIAN_POINT('',(-7.00000037252903,6.00000011920929,0.));
#4094=CARTESIAN_POINT('',(-1.00000018626451,6.00000011920929,0.));
#4095=CARTESIAN_POINT('',(-7.00000037252903,8.00000011920929,0.));
#4096=CARTESIAN_POINT('',(-7.00000037252903,-25.9999999403954,0.));
#4097=CARTESIAN_POINT('',(-25.000000372529,8.00000011920929,0.));
#4098=CARTESIAN_POINT('',(-10.0000001862645,8.00000011920929,0.));
#4099=CARTESIAN_POINT('',(-25.0000003680676,14.0000002384186,0.));
#4100=CARTESIAN_POINT('',(-25.,-145.,0.));
#4101=CARTESIAN_POINT('',(-7.00000036806761,14.0000002785714,0.));
#4102=CARTESIAN_POINT('',(-1.00000026657012,14.0000002919557,0.));
#4103=CARTESIAN_POINT('',(-7.00000037252903,16.0000002785714,0.));
#4104=CARTESIAN_POINT('',(-7.000000287762,-21.9999998740986,0.));
#4105=CARTESIAN_POINT('',(-25.000000372529,16.0000002384186,0.));
#4106=CARTESIAN_POINT('',(-10.0000002710315,16.0000002718792,0.));
#4107=CARTESIAN_POINT('',(-25.000000372529,22.0000003576279,0.));
#4108=CARTESIAN_POINT('',(-25.,-145.,0.));
#4109=CARTESIAN_POINT('',(-7.00000037252903,22.0000003576279,0.));
#4110=CARTESIAN_POINT('',(-1.00000018626451,22.0000003576279,0.));
#4111=CARTESIAN_POINT('',(-7.00000037252903,24.0000003576279,0.));
#4112=CARTESIAN_POINT('',(-7.00000037252903,-17.9999998211861,0.));
#4113=CARTESIAN_POINT('',(-25.000000372529,24.0000003576279,0.));
#4114=CARTESIAN_POINT('',(-10.0000001862645,24.0000003576279,0.));
#4115=CARTESIAN_POINT('',(-25.000000372529,32.0000004768372,0.));
#4116=CARTESIAN_POINT('',(-25.,25.,0.));
#4117=CARTESIAN_POINT('',(-7.00000037252902,32.0000004768372,0.));
#4118=CARTESIAN_POINT('',(-1.00000018626451,32.0000004768372,0.));
#4119=CARTESIAN_POINT('',(-7.00000037252902,34.0000005066395,0.));
#4120=CARTESIAN_POINT('',(-7.00000037252902,-12.9999997466803,0.));
#4121=CARTESIAN_POINT('',(-25.000000372529,34.0000005066395,0.));
#4122=CARTESIAN_POINT('',(-10.0000001862645,34.0000005066395,0.));
#4123=CARTESIAN_POINT('',(-25.000000372529,42.0000006258488,0.));
#4124=CARTESIAN_POINT('',(-25.,25.,0.));
#4125=CARTESIAN_POINT('',(-31.000000372529,42.0000006258487,0.));
#4126=CARTESIAN_POINT('',(-10.0000002793968,42.0000006258487,0.));
#4127=CARTESIAN_POINT('',(-31.000000372529,72.,0.));
#4128=CARTESIAN_POINT('',(-31.000000372529,40.5000001564622,0.));
#4129=CARTESIAN_POINT('',(41.,72.,0.));
#4130=CARTESIAN_POINT('',(19.9999999068677,72.,0.));
#4131=CARTESIAN_POINT('',(41.,42.0000006258487,0.));
#4132=CARTESIAN_POINT('',(41.,-44.4999998435378,0.));
#4133=CARTESIAN_POINT('',(35.0000005215406,42.0000006258488,0.));
#4134=CARTESIAN_POINT('',(-10.0000002793968,42.0000006258487,0.));
#4135=CARTESIAN_POINT('',(35.0000002533197,34.0000005066395,0.));
#4136=CARTESIAN_POINT('',(35.,25.,0.));
#4137=CARTESIAN_POINT('',(17.0000002533197,34.0000005066395,0.));
#4138=CARTESIAN_POINT('',(11.0000001266599,34.0000005066395,0.));
#4139=CARTESIAN_POINT('',(17.0000002533197,32.0000004768372,0.));
#4140=CARTESIAN_POINT('',(17.0000002533197,-13.9999997615814,0.));
#4141=CARTESIAN_POINT('',(35.0000002533197,32.0000004768372,0.));
#4142=CARTESIAN_POINT('',(20.0000001266599,32.0000004768372,0.));
#4143=CARTESIAN_POINT('',(35.,24.0000003576279,0.));
#4144=CARTESIAN_POINT('',(35.,25.,0.));
#4145=CARTESIAN_POINT('',(17.0000002533197,24.0000003576279,0.));
#4146=CARTESIAN_POINT('',(11.0000001266599,24.0000003576279,0.));
#4147=CARTESIAN_POINT('',(17.0000002533197,22.0000003576279,0.));
#4148=CARTESIAN_POINT('',(17.0000002533197,-18.9999998211861,0.));
#4149=CARTESIAN_POINT('',(35.,22.0000003576279,0.));
#4150=CARTESIAN_POINT('',(20.0000001266599,22.0000003576279,0.));
#4151=CARTESIAN_POINT('',(35.0000002533197,16.0000002384186,0.));
#4152=CARTESIAN_POINT('',(35.,25.,0.));
#4153=CARTESIAN_POINT('',(17.0000002533197,16.0000002384186,0.));
#4154=CARTESIAN_POINT('',(11.0000001266599,16.0000002384186,0.));
#4155=CARTESIAN_POINT('',(17.0000002533197,14.0000002086163,0.));
#4156=CARTESIAN_POINT('',(17.0000002533197,-22.9999998956919,0.));
#4157=CARTESIAN_POINT('',(35.,14.0000002086163,0.));
#4158=CARTESIAN_POINT('',(20.0000001266599,14.0000002086163,0.));
#4159=CARTESIAN_POINT('',(35.0000002533197,8.00000011920929,0.));
#4160=CARTESIAN_POINT('',(35.,25.,0.));
#4161=CARTESIAN_POINT('',(17.0000002533197,8.00000011920929,0.));
#4162=CARTESIAN_POINT('',(11.0000001266599,8.00000011920929,0.));
#4163=CARTESIAN_POINT('',(17.0000002533197,6.00000008940697,0.));
#4164=CARTESIAN_POINT('',(17.0000002533197,-26.9999999552965,0.));
#4165=CARTESIAN_POINT('',(35.,6.00000008940697,0.));
#4166=CARTESIAN_POINT('',(20.0000001266599,6.00000008940697,0.));
#4167=CARTESIAN_POINT('',(35.0000005215406,0.,0.));
#4168=CARTESIAN_POINT('',(35.,25.,0.));
#4169=CARTESIAN_POINT('',(17.0000002533197,0.,0.));
#4170=CARTESIAN_POINT('',(11.0000001266599,0.,0.));
#4171=CARTESIAN_POINT('',(17.0000002533197,-2.00000002980232,0.));
#4172=CARTESIAN_POINT('',(17.0000002533197,-31.0000000149012,0.));
#4173=CARTESIAN_POINT('',(35.,-2.00000002980232,0.));
#4174=CARTESIAN_POINT('',(20.0000002607703,-2.00000002980232,0.));
#4175=CARTESIAN_POINT('',(35.0000002533197,-8.00000011920929,0.));
#4176=CARTESIAN_POINT('',(35.,25.,0.));
#4177=CARTESIAN_POINT('',(17.0000002533197,-8.00000011920929,0.));
#4178=CARTESIAN_POINT('',(11.0000001266599,-8.00000011920929,0.));
#4179=CARTESIAN_POINT('',(17.0000002533197,-10.0000001192093,0.));
#4180=CARTESIAN_POINT('',(17.0000002533197,-35.0000000596046,0.));
#4181=CARTESIAN_POINT('',(35.,-10.0000001192093,0.));
#4182=CARTESIAN_POINT('',(20.0000001266599,-10.0000001192093,0.));
#4183=CARTESIAN_POINT('',(35.0000002533197,-16.0000002384186,0.));
#4184=CARTESIAN_POINT('',(35.,25.,0.));
#4185=CARTESIAN_POINT('',(17.0000002533197,-16.0000002384186,0.));
#4186=CARTESIAN_POINT('',(11.0000001266599,-16.0000002384186,0.));
#4187=CARTESIAN_POINT('',(17.0000002533197,-18.0000002384186,0.));
#4188=CARTESIAN_POINT('',(17.0000002533197,-39.0000001192093,0.));
#4189=CARTESIAN_POINT('',(35.,-18.0000002384186,0.));
#4190=CARTESIAN_POINT('',(20.0000001266599,-18.0000002384186,0.));
#4191=CARTESIAN_POINT('',(35.0000002533197,-24.0000003576279,0.));
#4192=CARTESIAN_POINT('',(35.,25.,0.));
#4193=CARTESIAN_POINT('',(17.0000002533197,-24.0000003576279,0.));
#4194=CARTESIAN_POINT('',(11.0000001266599,-24.0000003576279,0.));
#4195=CARTESIAN_POINT('',(17.0000002533197,-26.0000003576279,0.));
#4196=CARTESIAN_POINT('',(17.0000002533197,-43.0000001788139,0.));
#4197=CARTESIAN_POINT('',(35.,-26.0000003576279,0.));
#4198=CARTESIAN_POINT('',(20.0000001266599,-26.0000003576279,0.));
#4199=CARTESIAN_POINT('',(35.,25.,0.));
#4200=CARTESIAN_POINT('',(-23.0000003427267,-28.0000004172325,0.));
#4201=CARTESIAN_POINT('',(-23.0000003427267,-30.0000004172325,0.));
#4202=CARTESIAN_POINT('',(-23.0000003427267,-45.0000002086163,0.));
#4203=CARTESIAN_POINT('',(32.9999996572733,-30.0000004172325,0.));
#4204=CARTESIAN_POINT('',(18.9999998286366,-30.0000004172325,0.));
#4205=CARTESIAN_POINT('',(32.9999996572733,-28.0000004172325,0.));
#4206=CARTESIAN_POINT('',(32.9999996572733,-44.0000002086163,0.));
#4207=CARTESIAN_POINT('',(-9.00000017136335,-28.0000004172325,0.));
#4208=CARTESIAN_POINT('',(-23.0000003427267,-12.0000001788139,0.));
#4209=CARTESIAN_POINT('',(-23.0000003427267,-14.0000002086163,0.));
#4210=CARTESIAN_POINT('',(-23.0000003427267,-37.0000001043081,0.));
#4211=CARTESIAN_POINT('',(32.9999996572733,-14.0000002086163,0.));
#4212=CARTESIAN_POINT('',(18.9999998286366,-14.0000002086163,0.));
#4213=CARTESIAN_POINT('',(32.9999996572733,-12.0000001788139,0.));
#4214=CARTESIAN_POINT('',(32.9999996572733,-36.000000089407,0.));
#4215=CARTESIAN_POINT('',(-9.00000017136335,-12.0000001788139,0.));
#4216=CARTESIAN_POINT('',(-23.0000003427267,4.00000005960464,0.));
#4217=CARTESIAN_POINT('',(-23.0000003427267,2.00000002980232,0.));
#4218=CARTESIAN_POINT('',(-23.0000003427267,-28.9999999850988,0.));
#4219=CARTESIAN_POINT('',(32.9999996572733,2.00000002980232,0.));
#4220=CARTESIAN_POINT('',(18.9999998286366,2.00000002980232,0.));
#4221=CARTESIAN_POINT('',(32.9999996572733,4.00000005960464,0.));
#4222=CARTESIAN_POINT('',(32.9999996572733,-27.9999999701977,0.));
#4223=CARTESIAN_POINT('',(-9.00000017136335,4.00000005960464,0.));
#4224=CARTESIAN_POINT('',(-4.00000005960464,0.,0.));
#4225=CARTESIAN_POINT('',(-4.00000005960464,-2.,0.));
#4226=CARTESIAN_POINT('',(-4.00000005960464,-31.,0.));
#4227=CARTESIAN_POINT('',(13.9999999403954,-2.,0.));
#4228=CARTESIAN_POINT('',(9.49999997019768,-2.,0.));
#4229=CARTESIAN_POINT('',(13.9999999403954,0.,0.));
#4230=CARTESIAN_POINT('',(13.9999999403954,-30.,0.));
#4231=CARTESIAN_POINT('',(0.499999970197678,0.,0.));
#4232=CARTESIAN_POINT('',(-4.00000005960464,-16.0000002384186,0.));
#4233=CARTESIAN_POINT('',(-4.00000005960464,-18.0000002384186,0.));
#4234=CARTESIAN_POINT('',(-4.00000005960464,-39.0000001192093,0.));
#4235=CARTESIAN_POINT('',(13.9999999403954,-18.0000002384186,0.));
#4236=CARTESIAN_POINT('',(9.49999997019768,-18.0000002384186,0.));
#4237=CARTESIAN_POINT('',(13.9999999403954,-16.0000002384186,0.));
#4238=CARTESIAN_POINT('',(13.9999999403954,-38.0000001192093,0.));
#4239=CARTESIAN_POINT('',(0.499999970197678,-16.0000002384186,0.));
#4240=CARTESIAN_POINT('',(-4.00000005960464,-24.0000003576279,0.));
#4241=CARTESIAN_POINT('',(-4.00000005960464,-26.0000003576279,0.));
#4242=CARTESIAN_POINT('',(-4.00000005960464,-43.0000001788139,0.));
#4243=CARTESIAN_POINT('',(13.9999999403954,-26.0000003576279,0.));
#4244=CARTESIAN_POINT('',(9.49999997019768,-26.0000003576279,0.));
#4245=CARTESIAN_POINT('',(13.9999999403954,-24.0000003576279,0.));
#4246=CARTESIAN_POINT('',(13.9999999403954,-42.0000001788139,0.));
#4247=CARTESIAN_POINT('',(0.499999970197678,-24.0000003576279,0.));
#4248=CARTESIAN_POINT('',(-4.00000005960464,-8.00000011920929,0.));
#4249=CARTESIAN_POINT('',(-4.00000005960464,-10.0000001192093,0.));
#4250=CARTESIAN_POINT('',(-4.00000005960464,-35.0000000596046,0.));
#4251=CARTESIAN_POINT('',(13.9999999403954,-10.0000001192093,0.));
#4252=CARTESIAN_POINT('',(9.49999997019768,-10.0000001192093,0.));
#4253=CARTESIAN_POINT('',(13.9999999403954,-8.00000011920929,0.));
#4254=CARTESIAN_POINT('',(13.9999999403954,-34.0000000596046,0.));
#4255=CARTESIAN_POINT('',(0.499999970197678,-8.00000011920929,0.));
#4256=CARTESIAN_POINT('',(-4.00000005960464,8.00000011920929,0.));
#4257=CARTESIAN_POINT('',(-4.00000005960464,6.00000008940697,0.));
#4258=CARTESIAN_POINT('',(-4.00000005960464,-26.9999999552965,0.));
#4259=CARTESIAN_POINT('',(13.9999999403954,6.00000008940697,0.));
#4260=CARTESIAN_POINT('',(9.49999997019768,6.00000008940697,0.));
#4261=CARTESIAN_POINT('',(13.9999999403954,8.00000011920929,0.));
#4262=CARTESIAN_POINT('',(13.9999999403954,-25.9999999403954,0.));
#4263=CARTESIAN_POINT('',(0.499999970197678,8.00000011920929,0.));
#4264=CARTESIAN_POINT('',(-4.00000005960464,16.0000002384186,0.));
#4265=CARTESIAN_POINT('',(-4.00000005960464,14.0000002086163,0.));
#4266=CARTESIAN_POINT('',(-4.00000005960464,-22.9999998956919,0.));
#4267=CARTESIAN_POINT('',(13.9999999403954,14.0000002086163,0.));
#4268=CARTESIAN_POINT('',(9.49999997019768,14.0000002086163,0.));
#4269=CARTESIAN_POINT('',(13.9999999403954,16.0000002384186,0.));
#4270=CARTESIAN_POINT('',(13.9999999403954,-21.9999998807907,0.));
#4271=CARTESIAN_POINT('',(0.499999970197678,16.0000002384186,0.));
#4272=CARTESIAN_POINT('',(-23.0000003427267,12.0000001788139,0.));
#4273=CARTESIAN_POINT('',(-23.0000003427267,10.0000001788139,0.));
#4274=CARTESIAN_POINT('',(-23.0000003427267,-24.999999910593,0.));
#4275=CARTESIAN_POINT('',(32.9999996572733,10.0000001788139,0.));
#4276=CARTESIAN_POINT('',(18.9999998286366,10.0000001788139,0.));
#4277=CARTESIAN_POINT('',(32.9999996572733,12.0000001788139,0.));
#4278=CARTESIAN_POINT('',(32.9999996572733,-23.999999910593,0.));
#4279=CARTESIAN_POINT('',(-9.00000017136335,12.0000001788139,0.));
#4280=CARTESIAN_POINT('',(-23.0000003427267,-4.00000005960464,0.));
#4281=CARTESIAN_POINT('',(-23.0000003427267,-6.00000005960464,0.));
#4282=CARTESIAN_POINT('',(-23.0000003427267,-33.0000000298023,0.));
#4283=CARTESIAN_POINT('',(32.9999996572733,-6.00000005960464,0.));
#4284=CARTESIAN_POINT('',(18.9999998286366,-6.00000005960465,0.));
#4285=CARTESIAN_POINT('',(32.9999996572733,-4.00000005960464,0.));
#4286=CARTESIAN_POINT('',(32.9999996572733,-32.0000000298023,0.));
#4287=CARTESIAN_POINT('',(-9.00000017136335,-4.00000005960464,0.));
#4288=CARTESIAN_POINT('',(-23.0000003427267,-20.0000002980232,0.));
#4289=CARTESIAN_POINT('',(-23.0000003427267,-22.0000002980232,0.));
#4290=CARTESIAN_POINT('',(-23.0000003427267,-41.0000001490116,0.));
#4291=CARTESIAN_POINT('',(32.9999996572733,-22.0000002980232,0.));
#4292=CARTESIAN_POINT('',(18.9999998286366,-22.0000002980232,0.));
#4293=CARTESIAN_POINT('',(32.9999996572733,-20.0000002980232,0.));
#4294=CARTESIAN_POINT('',(32.9999996572733,-40.0000001490116,0.));
#4295=CARTESIAN_POINT('',(-9.00000017136335,-20.0000002980232,0.));
#4296=CARTESIAN_POINT('',(-23.0000003427267,20.0000002980232,0.));
#4297=CARTESIAN_POINT('',(-23.0000003427267,18.0000002980232,0.));
#4298=CARTESIAN_POINT('',(-23.0000003427267,-20.9999998509884,0.));
#4299=CARTESIAN_POINT('',(32.9999996572733,18.0000002980232,0.));
#4300=CARTESIAN_POINT('',(18.9999998286366,18.0000002980232,0.));
#4301=CARTESIAN_POINT('',(32.9999996572733,20.0000002980232,0.));
#4302=CARTESIAN_POINT('',(32.9999996572733,-19.9999998509884,0.));
#4303=CARTESIAN_POINT('',(-9.00000017136335,20.0000002980232,0.));
#4304=CARTESIAN_POINT('',(13.9999999403954,24.0000003576279,0.));
#4305=CARTESIAN_POINT('',(-4.00000005960464,24.0000003576279,0.));
#4306=CARTESIAN_POINT('',(0.499999970197678,24.0000003576279,0.));
#4307=CARTESIAN_POINT('',(-4.00000005960464,22.0000003576279,0.));
#4308=CARTESIAN_POINT('',(-4.00000005960464,-18.9999998211861,0.));
#4309=CARTESIAN_POINT('',(13.9999999403954,22.0000003576279,0.));
#4310=CARTESIAN_POINT('',(9.49999997019768,22.0000003576279,0.));
#4311=CARTESIAN_POINT('',(13.9999999403954,-17.9999998211861,0.));
#4312=CARTESIAN_POINT('',(32.9999996572733,39.0000005811453,0.));
#4313=CARTESIAN_POINT('',(-23.0000003427267,39.0000005811453,0.));
#4314=CARTESIAN_POINT('',(-9.00000017136335,39.0000005811453,0.));
#4315=CARTESIAN_POINT('',(-23.0000003427267,37.000000551343,0.));
#4316=CARTESIAN_POINT('',(-23.0000003427267,-11.4999997243285,0.));
#4317=CARTESIAN_POINT('',(32.9999996572733,37.000000551343,0.));
#4318=CARTESIAN_POINT('',(18.9999998286366,37.000000551343,0.));
#4319=CARTESIAN_POINT('',(32.9999996572733,-10.4999997094274,0.));
#4320=CARTESIAN_POINT('',(-4.00000005960464,34.0000005066395,0.));
#4321=CARTESIAN_POINT('',(-4.00000005960464,32.0000004768372,0.));
#4322=CARTESIAN_POINT('',(-4.00000005960464,-13.9999997615814,0.));
#4323=CARTESIAN_POINT('',(13.9999999403954,32.0000004768372,0.));
#4324=CARTESIAN_POINT('',(9.49999997019768,32.0000004768372,0.));
#4325=CARTESIAN_POINT('',(13.9999999403954,34.0000005066395,0.));
#4326=CARTESIAN_POINT('',(13.9999999403954,-12.9999997466803,0.));
#4327=CARTESIAN_POINT('',(0.499999970197678,34.0000005066395,0.));
#4328=CARTESIAN_POINT('',(32.9999996572733,29.0000004321337,0.));
#4329=CARTESIAN_POINT('',(-23.0000003427267,29.0000004321337,0.));
#4330=CARTESIAN_POINT('',(-9.00000017136335,29.0000004321337,0.));
#4331=CARTESIAN_POINT('',(-23.0000003427267,27.0000004023314,0.));
#4332=CARTESIAN_POINT('',(-23.0000003427267,-16.4999997988343,0.));
#4333=CARTESIAN_POINT('',(32.9999996572733,27.0000004023314,0.));
#4334=CARTESIAN_POINT('',(18.9999998286366,27.0000004023314,0.));
#4335=CARTESIAN_POINT('',(32.9999996572733,-15.4999997839332,0.));
#4336=CARTESIAN_POINT('',(35.0000005215406,66.0000008940697,0.));
#4337=CARTESIAN_POINT('',(35.0000005215406,48.0000007748604,0.));
#4338=CARTESIAN_POINT('',(35.0000005215406,54.0000005438924,0.));
#4339=CARTESIAN_POINT('',(-25.0000004470348,66.0000008940697,0.));
#4340=CARTESIAN_POINT('',(20.0000001676381,66.0000008940697,0.));
#4341=CARTESIAN_POINT('',(-25.0000004470348,48.0000007748604,0.));
#4342=CARTESIAN_POINT('',(-25.0000004470348,58.000000603497,0.));
#4343=CARTESIAN_POINT('',(-10.0000003166497,48.0000007748604,0.));
#4344=CARTESIAN_POINT('Origin',(-10.0000001862645,38.0000006258487,9.));
#4345=CARTESIAN_POINT('',(-23.0000003427267,39.0000005811453,5.1270166422502));
#4346=CARTESIAN_POINT('',(-23.0000003427267,38.0000006258487,5.));
#4347=CARTESIAN_POINT('Origin',(-23.0000003427267,38.0000006258487,9.));
#4348=CARTESIAN_POINT('',(32.9999996572733,39.0000005811453,5.1270166422502));
#4349=CARTESIAN_POINT('',(-10.0000001862645,39.0000005811453,5.1270166422502));
#4350=CARTESIAN_POINT('',(32.9999996572733,38.0000006258487,5.));
#4351=CARTESIAN_POINT('Origin',(32.9999996572733,38.0000006258487,9.));
#4352=CARTESIAN_POINT('',(35.,38.0000006258487,5.));
#4353=CARTESIAN_POINT('',(-10.0000001862645,38.0000006258487,5.));
#4354=CARTESIAN_POINT('',(35.,42.0000006258487,9.));
#4355=CARTESIAN_POINT('Origin',(35.,38.0000006258487,9.));
#4356=CARTESIAN_POINT('',(-25.,42.0000006258487,9.));
#4357=CARTESIAN_POINT('',(-10.0000001862645,42.0000006258487,9.));
#4358=CARTESIAN_POINT('',(-25.,38.0000006258487,5.));
#4359=CARTESIAN_POINT('Origin',(-25.,38.0000006258487,9.));
#4360=CARTESIAN_POINT('',(-10.0000001862645,38.0000006258487,5.));
#4361=CARTESIAN_POINT('Origin',(-25.000000372529,42.0000006258487,5.));
#4362=CARTESIAN_POINT('',(-25.,42.0000006258488,2.5));
#4363=CARTESIAN_POINT('',(35.,42.0000006258488,2.5));
#4364=CARTESIAN_POINT('',(41.,42.0000006258487,10.));
#4365=CARTESIAN_POINT('',(41.,42.0000006258487,7.5));
#4366=CARTESIAN_POINT('',(-31.000000372529,42.0000006258487,10.));
#4367=CARTESIAN_POINT('',(-30.000000372529,42.0000006258487,10.));
#4368=CARTESIAN_POINT('',(-31.000000372529,42.0000006258487,5.));
#4369=CARTESIAN_POINT('Origin',(5.,-60.,5.));
#4370=CARTESIAN_POINT('',(-25.000000372529,-32.0000004768372,5.));
#4371=CARTESIAN_POINT('',(35.0000002533197,-32.0000004768372,5.));
#4372=CARTESIAN_POINT('',(-10.0000001862645,-32.0000019073486,5.));
#4373=CARTESIAN_POINT('',(35.0000002533197,-26.0000003576279,5.));
#4374=CARTESIAN_POINT('',(35.,25.,5.));
#4375=CARTESIAN_POINT('',(17.0000002533197,-26.0000003576279,5.));
#4376=CARTESIAN_POINT('',(20.0000001266599,-26.0000003576279,5.));
#4377=CARTESIAN_POINT('',(17.0000002533197,-24.0000003576279,5.));
#4378=CARTESIAN_POINT('',(17.0000002533197,-43.0000001788139,5.));
#4379=CARTESIAN_POINT('',(35.0000002533197,-24.0000003576279,5.));
#4380=CARTESIAN_POINT('',(11.0000001266599,-24.0000003576279,5.));
#4381=CARTESIAN_POINT('',(35.0000002533197,-18.0000002384186,5.));
#4382=CARTESIAN_POINT('',(35.,25.,5.));
#4383=CARTESIAN_POINT('',(17.0000002533197,-18.0000002384186,5.));
#4384=CARTESIAN_POINT('',(20.0000001266599,-18.0000002384186,5.));
#4385=CARTESIAN_POINT('',(17.0000002533197,-16.0000002384186,5.));
#4386=CARTESIAN_POINT('',(17.0000002533197,-39.0000001192093,5.));
#4387=CARTESIAN_POINT('',(35.0000002533197,-16.0000002384186,5.));
#4388=CARTESIAN_POINT('',(11.0000001266599,-16.0000002384186,5.));
#4389=CARTESIAN_POINT('',(35.0000002533197,-10.0000001192093,5.));
#4390=CARTESIAN_POINT('',(35.,25.,5.));
#4391=CARTESIAN_POINT('',(17.0000002533197,-10.0000001192093,5.));
#4392=CARTESIAN_POINT('',(20.0000001266599,-10.0000001192093,5.));
#4393=CARTESIAN_POINT('',(17.0000002533197,-8.00000011920929,5.));
#4394=CARTESIAN_POINT('',(17.0000002533197,-35.0000000596046,5.));
#4395=CARTESIAN_POINT('',(35.0000002533197,-8.00000011920929,5.));
#4396=CARTESIAN_POINT('',(11.0000001266599,-8.00000011920929,5.));
#4397=CARTESIAN_POINT('',(35.0000005215406,-2.00000002980232,5.));
#4398=CARTESIAN_POINT('',(35.,25.,5.));
#4399=CARTESIAN_POINT('',(17.0000002533197,-2.00000002980232,5.));
#4400=CARTESIAN_POINT('',(20.0000002607703,-2.00000002980232,5.));
#4401=CARTESIAN_POINT('',(17.0000002533197,0.,5.));
#4402=CARTESIAN_POINT('',(17.0000002533197,-31.0000000149012,5.));
#4403=CARTESIAN_POINT('',(35.0000005215406,0.,5.));
#4404=CARTESIAN_POINT('',(11.0000001266599,0.,5.));
#4405=CARTESIAN_POINT('',(35.0000002533197,6.00000008940697,5.));
#4406=CARTESIAN_POINT('',(35.,25.,5.));
#4407=CARTESIAN_POINT('',(17.0000002533197,6.00000008940697,5.));
#4408=CARTESIAN_POINT('',(20.0000001266599,6.00000008940697,5.));
#4409=CARTESIAN_POINT('',(17.0000002533197,8.00000011920929,5.));
#4410=CARTESIAN_POINT('',(17.0000002533197,-26.9999999552965,5.));
#4411=CARTESIAN_POINT('',(35.0000002533197,8.00000011920929,5.));
#4412=CARTESIAN_POINT('',(11.0000001266599,8.00000011920929,5.));
#4413=CARTESIAN_POINT('',(35.0000002533197,14.0000002086163,5.));
#4414=CARTESIAN_POINT('',(35.,25.,5.));
#4415=CARTESIAN_POINT('',(17.0000002533197,14.0000002086163,5.));
#4416=CARTESIAN_POINT('',(20.0000001266599,14.0000002086163,5.));
#4417=CARTESIAN_POINT('',(17.0000002533197,16.0000002384186,5.));
#4418=CARTESIAN_POINT('',(17.0000002533197,-22.9999998956919,5.));
#4419=CARTESIAN_POINT('',(35.0000002533197,16.0000002384186,5.));
#4420=CARTESIAN_POINT('',(11.0000001266599,16.0000002384186,5.));
#4421=CARTESIAN_POINT('',(35.0000002533197,22.0000003576279,5.));
#4422=CARTESIAN_POINT('',(35.,25.,5.));
#4423=CARTESIAN_POINT('',(17.0000002533197,22.0000003576279,5.));
#4424=CARTESIAN_POINT('',(20.0000001266599,22.0000003576279,5.));
#4425=CARTESIAN_POINT('',(17.0000002533197,24.0000003576279,5.));
#4426=CARTESIAN_POINT('',(17.0000002533197,-18.9999998211861,5.));
#4427=CARTESIAN_POINT('',(35.0000002533197,24.0000003576279,5.));
#4428=CARTESIAN_POINT('',(11.0000001266599,24.0000003576279,5.));
#4429=CARTESIAN_POINT('',(35.0000002533197,32.0000004768372,5.));
#4430=CARTESIAN_POINT('',(35.,25.,5.));
#4431=CARTESIAN_POINT('',(17.0000002533197,32.0000004768372,5.));
#4432=CARTESIAN_POINT('',(20.0000001266599,32.0000004768372,5.));
#4433=CARTESIAN_POINT('',(17.0000002533197,34.0000005066395,5.));
#4434=CARTESIAN_POINT('',(17.0000002533197,-13.9999997615814,5.));
#4435=CARTESIAN_POINT('',(35.0000002533197,34.0000005066395,5.));
#4436=CARTESIAN_POINT('',(11.0000001266599,34.0000005066395,5.));
#4437=CARTESIAN_POINT('',(35.,25.,5.));
#4438=CARTESIAN_POINT('',(32.9999996572733,37.000000551343,5.));
#4439=CARTESIAN_POINT('',(32.9999996572733,-10.4999997094274,5.));
#4440=CARTESIAN_POINT('',(-23.0000003427267,37.000000551343,5.));
#4441=CARTESIAN_POINT('',(18.9999998286366,37.000000551343,5.));
#4442=CARTESIAN_POINT('',(-23.0000003427267,-11.4999997243285,5.));
#4443=CARTESIAN_POINT('',(-25.000000372529,34.0000005066395,5.));
#4444=CARTESIAN_POINT('',(-25.,25.,5.));
#4445=CARTESIAN_POINT('',(-7.00000037252902,34.0000005066395,5.));
#4446=CARTESIAN_POINT('',(-10.0000001862645,34.0000005066395,5.));
#4447=CARTESIAN_POINT('',(-7.00000037252902,32.0000004768372,5.));
#4448=CARTESIAN_POINT('',(-7.00000037252902,-12.9999997466803,5.));
#4449=CARTESIAN_POINT('',(-25.000000372529,32.0000004768372,5.));
#4450=CARTESIAN_POINT('',(-1.00000018626451,32.0000004768372,5.));
#4451=CARTESIAN_POINT('',(-25.000000372529,24.0000003576279,5.));
#4452=CARTESIAN_POINT('',(-25.,25.,5.));
#4453=CARTESIAN_POINT('',(-7.00000037252903,24.0000003576279,5.));
#4454=CARTESIAN_POINT('',(-10.0000001862645,24.0000003576279,5.));
#4455=CARTESIAN_POINT('',(-7.00000037252903,22.0000003576279,5.));
#4456=CARTESIAN_POINT('',(-7.00000037252903,-17.9999998211861,5.));
#4457=CARTESIAN_POINT('',(-25.000000372529,22.0000003576279,5.));
#4458=CARTESIAN_POINT('',(-1.00000018626451,22.0000003576279,5.));
#4459=CARTESIAN_POINT('',(-25.000000372529,16.0000002384186,5.));
#4460=CARTESIAN_POINT('',(-25.,-145.,5.));
#4461=CARTESIAN_POINT('',(-7.00000037252903,16.0000002785714,5.));
#4462=CARTESIAN_POINT('',(-10.0000002710315,16.0000002718792,5.));
#4463=CARTESIAN_POINT('',(-7.00000036806761,14.0000002785714,5.));
#4464=CARTESIAN_POINT('',(-7.000000287762,-21.9999998740986,5.));
#4465=CARTESIAN_POINT('',(-25.0000003680676,14.0000002384186,5.));
#4466=CARTESIAN_POINT('',(-1.00000026657012,14.0000002919557,5.));
#4467=CARTESIAN_POINT('',(-25.000000372529,8.00000011920929,5.));
#4468=CARTESIAN_POINT('',(-25.,-145.,5.));
#4469=CARTESIAN_POINT('',(-7.00000037252903,8.00000011920929,5.));
#4470=CARTESIAN_POINT('',(-10.0000001862645,8.00000011920929,5.));
#4471=CARTESIAN_POINT('',(-7.00000037252903,6.00000011920929,5.));
#4472=CARTESIAN_POINT('',(-7.00000037252903,-25.9999999403954,5.));
#4473=CARTESIAN_POINT('',(-25.000000372529,6.00000011920929,5.));
#4474=CARTESIAN_POINT('',(-1.00000018626451,6.00000011920929,5.));
#4475=CARTESIAN_POINT('',(-25.000000372529,0.,5.));
#4476=CARTESIAN_POINT('',(-25.,-145.,5.));
#4477=CARTESIAN_POINT('',(-7.00000037252903,0.,5.));
#4478=CARTESIAN_POINT('',(-10.0000001862645,0.,5.));
#4479=CARTESIAN_POINT('',(-7.00000037252903,-2.,5.));
#4480=CARTESIAN_POINT('',(-7.00000037252903,-30.,5.));
#4481=CARTESIAN_POINT('',(-25.000000372529,-2.,5.));
#4482=CARTESIAN_POINT('',(-1.00000018626451,-2.,5.));
#4483=CARTESIAN_POINT('',(-25.000000372529,-8.00000011920929,5.));
#4484=CARTESIAN_POINT('',(-25.,-145.,5.));
#4485=CARTESIAN_POINT('',(-7.00000037252903,-8.00000011920929,5.));
#4486=CARTESIAN_POINT('',(-10.0000001862645,-8.00000011920929,5.));
#4487=CARTESIAN_POINT('',(-7.00000037252903,-10.0000001490116,5.));
#4488=CARTESIAN_POINT('',(-7.00000037252903,-34.0000000596046,5.));
#4489=CARTESIAN_POINT('',(-25.000000372529,-10.0000001490116,5.));
#4490=CARTESIAN_POINT('',(-1.00000018626451,-10.0000001490116,5.));
#4491=CARTESIAN_POINT('',(-25.000000372529,-16.0000002384186,5.));
#4492=CARTESIAN_POINT('',(-25.,-145.,5.));
#4493=CARTESIAN_POINT('',(-7.00000037252903,-16.0000002384186,5.));
#4494=CARTESIAN_POINT('',(-10.0000001862645,-16.0000002384186,5.));
#4495=CARTESIAN_POINT('',(-7.00000037252903,-18.0000002384186,5.));
#4496=CARTESIAN_POINT('',(-7.00000037252903,-38.0000001192093,5.));
#4497=CARTESIAN_POINT('',(-25.000000372529,-18.0000002384186,5.));
#4498=CARTESIAN_POINT('',(-1.00000018626451,-18.0000002384186,5.));
#4499=CARTESIAN_POINT('',(-25.000000372529,-24.0000003576279,5.));
#4500=CARTESIAN_POINT('',(-25.,-145.,5.));
#4501=CARTESIAN_POINT('',(-7.00000037252903,-24.0000003576279,5.));
#4502=CARTESIAN_POINT('',(-10.0000001862645,-24.0000003576279,5.));
#4503=CARTESIAN_POINT('',(-7.00000037252903,-26.0000003576279,5.));
#4504=CARTESIAN_POINT('',(-7.00000037252903,-42.0000001788139,5.));
#4505=CARTESIAN_POINT('',(-25.000000372529,-26.0000003576279,5.));
#4506=CARTESIAN_POINT('',(-1.00000018626451,-26.0000003576279,5.));
#4507=CARTESIAN_POINT('',(-25.,-145.,5.));
#4508=CARTESIAN_POINT('',(-23.0000003427267,-30.0000004172325,5.));
#4509=CARTESIAN_POINT('',(-23.0000003427267,-28.0000004172325,5.));
#4510=CARTESIAN_POINT('',(-23.0000003427267,-45.0000002086163,5.));
#4511=CARTESIAN_POINT('',(32.9999996572733,-28.0000004172325,5.));
#4512=CARTESIAN_POINT('',(-9.00000017136335,-28.0000004172325,5.));
#4513=CARTESIAN_POINT('',(32.9999996572733,-30.0000004172325,5.));
#4514=CARTESIAN_POINT('',(32.9999996572733,-44.0000002086163,5.));
#4515=CARTESIAN_POINT('',(18.9999998286366,-30.0000004172325,5.));
#4516=CARTESIAN_POINT('',(-23.0000003427267,-14.0000002086163,5.));
#4517=CARTESIAN_POINT('',(-23.0000003427267,-12.0000001788139,5.));
#4518=CARTESIAN_POINT('',(-23.0000003427267,-37.0000001043081,5.));
#4519=CARTESIAN_POINT('',(32.9999996572733,-12.0000001788139,5.));
#4520=CARTESIAN_POINT('',(-9.00000017136335,-12.0000001788139,5.));
#4521=CARTESIAN_POINT('',(32.9999996572733,-14.0000002086163,5.));
#4522=CARTESIAN_POINT('',(32.9999996572733,-36.000000089407,5.));
#4523=CARTESIAN_POINT('',(18.9999998286366,-14.0000002086163,5.));
#4524=CARTESIAN_POINT('',(-23.0000003427267,2.00000002980232,5.));
#4525=CARTESIAN_POINT('',(-23.0000003427267,4.00000005960464,5.));
#4526=CARTESIAN_POINT('',(-23.0000003427267,-28.9999999850988,5.));
#4527=CARTESIAN_POINT('',(32.9999996572733,4.00000005960464,5.));
#4528=CARTESIAN_POINT('',(-9.00000017136335,4.00000005960464,5.));
#4529=CARTESIAN_POINT('',(32.9999996572733,2.00000002980232,5.));
#4530=CARTESIAN_POINT('',(32.9999996572733,-27.9999999701977,5.));
#4531=CARTESIAN_POINT('',(18.9999998286366,2.00000002980232,5.));
#4532=CARTESIAN_POINT('',(-4.00000005960464,-2.,5.));
#4533=CARTESIAN_POINT('',(-4.00000005960464,0.,5.));
#4534=CARTESIAN_POINT('',(-4.00000005960464,-31.,5.));
#4535=CARTESIAN_POINT('',(13.9999999403954,0.,5.));
#4536=CARTESIAN_POINT('',(0.499999970197678,0.,5.));
#4537=CARTESIAN_POINT('',(13.9999999403954,-2.,5.));
#4538=CARTESIAN_POINT('',(13.9999999403954,-30.,5.));
#4539=CARTESIAN_POINT('',(9.49999997019768,-2.,5.));
#4540=CARTESIAN_POINT('',(-4.00000005960464,-18.0000002384186,5.));
#4541=CARTESIAN_POINT('',(-4.00000005960464,-16.0000002384186,5.));
#4542=CARTESIAN_POINT('',(-4.00000005960464,-39.0000001192093,5.));
#4543=CARTESIAN_POINT('',(13.9999999403954,-16.0000002384186,5.));
#4544=CARTESIAN_POINT('',(0.499999970197678,-16.0000002384186,5.));
#4545=CARTESIAN_POINT('',(13.9999999403954,-18.0000002384186,5.));
#4546=CARTESIAN_POINT('',(13.9999999403954,-38.0000001192093,5.));
#4547=CARTESIAN_POINT('',(9.49999997019768,-18.0000002384186,5.));
#4548=CARTESIAN_POINT('',(-4.00000005960464,-26.0000003576279,5.));
#4549=CARTESIAN_POINT('',(-4.00000005960464,-24.0000003576279,5.));
#4550=CARTESIAN_POINT('',(-4.00000005960464,-43.0000001788139,5.));
#4551=CARTESIAN_POINT('',(13.9999999403954,-24.0000003576279,5.));
#4552=CARTESIAN_POINT('',(0.499999970197678,-24.0000003576279,5.));
#4553=CARTESIAN_POINT('',(13.9999999403954,-26.0000003576279,5.));
#4554=CARTESIAN_POINT('',(13.9999999403954,-42.0000001788139,5.));
#4555=CARTESIAN_POINT('',(9.49999997019768,-26.0000003576279,5.));
#4556=CARTESIAN_POINT('',(-4.00000005960464,-10.0000001192093,5.));
#4557=CARTESIAN_POINT('',(-4.00000005960464,-8.00000011920929,5.));
#4558=CARTESIAN_POINT('',(-4.00000005960464,-35.0000000596046,5.));
#4559=CARTESIAN_POINT('',(13.9999999403954,-8.00000011920929,5.));
#4560=CARTESIAN_POINT('',(0.499999970197678,-8.00000011920929,5.));
#4561=CARTESIAN_POINT('',(13.9999999403954,-10.0000001192093,5.));
#4562=CARTESIAN_POINT('',(13.9999999403954,-34.0000000596046,5.));
#4563=CARTESIAN_POINT('',(9.49999997019768,-10.0000001192093,5.));
#4564=CARTESIAN_POINT('',(-4.00000005960464,6.00000008940697,5.));
#4565=CARTESIAN_POINT('',(-4.00000005960464,8.00000011920929,5.));
#4566=CARTESIAN_POINT('',(-4.00000005960464,-26.9999999552965,5.));
#4567=CARTESIAN_POINT('',(13.9999999403954,8.00000011920929,5.));
#4568=CARTESIAN_POINT('',(0.499999970197678,8.00000011920929,5.));
#4569=CARTESIAN_POINT('',(13.9999999403954,6.00000008940697,5.));
#4570=CARTESIAN_POINT('',(13.9999999403954,-25.9999999403954,5.));
#4571=CARTESIAN_POINT('',(9.49999997019768,6.00000008940697,5.));
#4572=CARTESIAN_POINT('',(-4.00000005960464,14.0000002086163,5.));
#4573=CARTESIAN_POINT('',(-4.00000005960464,16.0000002384186,5.));
#4574=CARTESIAN_POINT('',(-4.00000005960464,-22.9999998956919,5.));
#4575=CARTESIAN_POINT('',(13.9999999403954,16.0000002384186,5.));
#4576=CARTESIAN_POINT('',(0.499999970197678,16.0000002384186,5.));
#4577=CARTESIAN_POINT('',(13.9999999403954,14.0000002086163,5.));
#4578=CARTESIAN_POINT('',(13.9999999403954,-21.9999998807907,5.));
#4579=CARTESIAN_POINT('',(9.49999997019768,14.0000002086163,5.));
#4580=CARTESIAN_POINT('',(-23.0000003427267,10.0000001788139,5.));
#4581=CARTESIAN_POINT('',(-23.0000003427267,12.0000001788139,5.));
#4582=CARTESIAN_POINT('',(-23.0000003427267,-24.999999910593,5.));
#4583=CARTESIAN_POINT('',(32.9999996572733,12.0000001788139,5.));
#4584=CARTESIAN_POINT('',(-9.00000017136335,12.0000001788139,5.));
#4585=CARTESIAN_POINT('',(32.9999996572733,10.0000001788139,5.));
#4586=CARTESIAN_POINT('',(32.9999996572733,-23.999999910593,5.));
#4587=CARTESIAN_POINT('',(18.9999998286366,10.0000001788139,5.));
#4588=CARTESIAN_POINT('',(-23.0000003427267,-6.00000005960464,5.));
#4589=CARTESIAN_POINT('',(-23.0000003427267,-4.00000005960464,5.));
#4590=CARTESIAN_POINT('',(-23.0000003427267,-33.0000000298023,5.));
#4591=CARTESIAN_POINT('',(32.9999996572733,-4.00000005960464,5.));
#4592=CARTESIAN_POINT('',(-9.00000017136335,-4.00000005960464,5.));
#4593=CARTESIAN_POINT('',(32.9999996572733,-6.00000005960464,5.));
#4594=CARTESIAN_POINT('',(32.9999996572733,-32.0000000298023,5.));
#4595=CARTESIAN_POINT('',(18.9999998286366,-6.00000005960465,5.));
#4596=CARTESIAN_POINT('',(-23.0000003427267,-22.0000002980232,5.));
#4597=CARTESIAN_POINT('',(-23.0000003427267,-20.0000002980232,5.));
#4598=CARTESIAN_POINT('',(-23.0000003427267,-41.0000001490116,5.));
#4599=CARTESIAN_POINT('',(32.9999996572733,-20.0000002980232,5.));
#4600=CARTESIAN_POINT('',(-9.00000017136335,-20.0000002980232,5.));
#4601=CARTESIAN_POINT('',(32.9999996572733,-22.0000002980232,5.));
#4602=CARTESIAN_POINT('',(32.9999996572733,-40.0000001490116,5.));
#4603=CARTESIAN_POINT('',(18.9999998286366,-22.0000002980232,5.));
#4604=CARTESIAN_POINT('',(-4.00000005960464,24.0000003576279,5.));
#4605=CARTESIAN_POINT('',(13.9999999403954,24.0000003576279,5.));
#4606=CARTESIAN_POINT('',(0.499999970197678,24.0000003576279,5.));
#4607=CARTESIAN_POINT('',(13.9999999403954,22.0000003576279,5.));
#4608=CARTESIAN_POINT('',(13.9999999403954,-17.9999998211861,5.));
#4609=CARTESIAN_POINT('',(-4.00000005960464,22.0000003576279,5.));
#4610=CARTESIAN_POINT('',(9.49999997019768,22.0000003576279,5.));
#4611=CARTESIAN_POINT('',(-4.00000005960464,-18.9999998211861,5.));
#4612=CARTESIAN_POINT('',(-23.0000003427267,18.0000002980232,5.));
#4613=CARTESIAN_POINT('',(-23.0000003427267,20.0000002980232,5.));
#4614=CARTESIAN_POINT('',(-23.0000003427267,-20.9999998509884,5.));
#4615=CARTESIAN_POINT('',(32.9999996572733,20.0000002980232,5.));
#4616=CARTESIAN_POINT('',(-9.00000017136335,20.0000002980232,5.));
#4617=CARTESIAN_POINT('',(32.9999996572733,18.0000002980232,5.));
#4618=CARTESIAN_POINT('',(32.9999996572733,-19.9999998509884,5.));
#4619=CARTESIAN_POINT('',(18.9999998286366,18.0000002980232,5.));
#4620=CARTESIAN_POINT('',(-4.00000005960464,32.0000004768372,5.));
#4621=CARTESIAN_POINT('',(-4.00000005960464,34.0000005066395,5.));
#4622=CARTESIAN_POINT('',(-4.00000005960464,-13.9999997615814,5.));
#4623=CARTESIAN_POINT('',(13.9999999403954,34.0000005066395,5.));
#4624=CARTESIAN_POINT('',(0.499999970197678,34.0000005066395,5.));
#4625=CARTESIAN_POINT('',(13.9999999403954,32.0000004768372,5.));
#4626=CARTESIAN_POINT('',(13.9999999403954,-12.9999997466803,5.));
#4627=CARTESIAN_POINT('',(9.49999997019768,32.0000004768372,5.));
#4628=CARTESIAN_POINT('',(-23.0000003427267,29.0000004321337,5.));
#4629=CARTESIAN_POINT('',(32.9999996572733,29.0000004321337,5.));
#4630=CARTESIAN_POINT('',(-9.00000017136335,29.0000004321337,5.));
#4631=CARTESIAN_POINT('',(32.9999996572733,27.0000004023314,5.));
#4632=CARTESIAN_POINT('',(32.9999996572733,-15.4999997839332,5.));
#4633=CARTESIAN_POINT('',(-23.0000003427267,27.0000004023314,5.));
#4634=CARTESIAN_POINT('',(18.9999998286366,27.0000004023314,5.));
#4635=CARTESIAN_POINT('',(-23.0000003427267,-16.4999997988343,5.));
#4636=CARTESIAN_POINT('Origin',(4.99999981373549,56.0000003129244,10.));
#4637=CARTESIAN_POINT('',(41.,72.,10.));
#4638=CARTESIAN_POINT('',(41.,42.0000006258487,10.));
#4639=CARTESIAN_POINT('',(-31.000000372529,72.,10.));
#4640=CARTESIAN_POINT('',(-30.000000372529,72.,10.));
#4641=CARTESIAN_POINT('',(-31.000000372529,70.,10.));
#4642=CARTESIAN_POINT('',(35.0000005215406,66.0000008940697,10.));
#4643=CARTESIAN_POINT('',(35.0000005215406,48.0000007748604,10.));
#4644=CARTESIAN_POINT('',(35.0000005215406,58.000000603497,10.));
#4645=CARTESIAN_POINT('',(-25.0000004470348,48.0000007748604,10.));
#4646=CARTESIAN_POINT('',(-10.0000003166497,48.0000007748604,10.));
#4647=CARTESIAN_POINT('',(-25.0000004470348,66.0000008940697,10.));
#4648=CARTESIAN_POINT('',(-25.0000004470348,54.0000005438924,10.));
#4649=CARTESIAN_POINT('',(20.0000001676381,66.0000008940697,10.));
#4650=CARTESIAN_POINT('Origin',(35.0000005215406,66.0000008940697,-2.5));
#4651=CARTESIAN_POINT('',(35.0000005215406,66.0000008940697,-2.5));
#4652=CARTESIAN_POINT('',(-25.0000004470348,66.0000008940697,7.5));
#4653=CARTESIAN_POINT('Origin',(35.0000005215406,52.0000007748604,-2.5));
#4654=CARTESIAN_POINT('',(35.0000005215406,48.0000007748604,-2.5));
#4655=CARTESIAN_POINT('Origin',(35.,72.,0.));
#4656=CARTESIAN_POINT('',(-31.000000372529,72.,7.5));
#4657=CARTESIAN_POINT('',(41.,72.,5.));
#4658=CARTESIAN_POINT('Origin',(-31.000000372529,25.,0.));
#4659=CARTESIAN_POINT('Origin',(41.,-145.,0.));
#4660=CARTESIAN_POINT('Origin',(-25.0000004470348,48.0000007748604,-2.5));
#4661=CARTESIAN_POINT('',(-25.0000004470348,48.0000007748604,-2.5));
#4662=CARTESIAN_POINT('Origin',(-25.0000004470348,60.0000008940697,-2.5));
#4663=CARTESIAN_POINT('Origin',(-7.00000037252902,34.0000005066395,5.));
#4664=CARTESIAN_POINT('',(-7.00000037252902,32.0000004768372,5.));
#4665=CARTESIAN_POINT('',(-7.00000037252902,34.0000005066395,5.));
#4666=CARTESIAN_POINT('Origin',(-25.000000372529,34.0000005066395,5.));
#4667=CARTESIAN_POINT('',(-25.,34.0000005066395,2.5));
#4668=CARTESIAN_POINT('Origin',(-7.00000037252902,32.0000004768372,5.));
#4669=CARTESIAN_POINT('',(-25.,32.0000004768372,2.5));
#4670=CARTESIAN_POINT('Origin',(17.0000002533197,32.0000004768372,5.));
#4671=CARTESIAN_POINT('',(17.0000002533197,34.0000005066395,5.));
#4672=CARTESIAN_POINT('',(17.0000002533197,32.0000004768372,5.));
#4673=CARTESIAN_POINT('Origin',(35.0000002533197,32.0000004768372,5.));
#4674=CARTESIAN_POINT('',(35.,32.0000004768372,2.5));
#4675=CARTESIAN_POINT('Origin',(17.0000002533197,34.0000005066395,5.));
#4676=CARTESIAN_POINT('',(35.,34.0000005066395,2.5));
#4677=CARTESIAN_POINT('Origin',(32.9999996572733,27.0000004023314,5.));
#4678=CARTESIAN_POINT('',(-23.0000003427267,27.0000004023314,5.));
#4679=CARTESIAN_POINT('',(32.9999996572733,27.0000004023314,5.));
#4680=CARTESIAN_POINT('Origin',(32.9999996572733,29.0000004321337,5.));
#4681=CARTESIAN_POINT('',(32.9999996572733,29.0000004321337,5.));
#4682=CARTESIAN_POINT('Origin',(-23.0000003427267,29.0000004321337,5.));
#4683=CARTESIAN_POINT('',(-23.0000003427267,29.0000004321337,5.));
#4684=CARTESIAN_POINT('Origin',(-23.0000003427267,27.0000004023314,5.));
#4685=CARTESIAN_POINT('Origin',(13.9999999403954,34.0000005066395,5.));
#4686=CARTESIAN_POINT('',(13.9999999403954,32.0000004768372,5.));
#4687=CARTESIAN_POINT('',(13.9999999403954,34.0000005066395,5.));
#4688=CARTESIAN_POINT('Origin',(-4.00000005960464,34.0000005066395,5.));
#4689=CARTESIAN_POINT('',(-4.00000005960464,34.0000005066395,5.));
#4690=CARTESIAN_POINT('Origin',(-4.00000005960464,32.0000004768372,5.));
#4691=CARTESIAN_POINT('',(-4.00000005960464,32.0000004768372,5.));
#4692=CARTESIAN_POINT('Origin',(13.9999999403954,32.0000004768372,5.));
#4693=CARTESIAN_POINT('Origin',(32.9999996572733,37.000000551343,5.));
#4694=CARTESIAN_POINT('',(-23.0000003427267,37.000000551343,5.));
#4695=CARTESIAN_POINT('',(32.9999996572733,37.000000551343,5.));
#4696=CARTESIAN_POINT('Origin',(32.9999996572733,39.0000005811453,5.));
#4697=CARTESIAN_POINT('',(32.9999996572733,39.0000005811453,5.));
#4698=CARTESIAN_POINT('Origin',(-23.0000003427267,39.0000005811453,5.));
#4699=CARTESIAN_POINT('',(-23.0000003427267,39.0000005811453,5.));
#4700=CARTESIAN_POINT('Origin',(-23.0000003427267,37.000000551343,5.));
#4701=CARTESIAN_POINT('Origin',(35.,-145.,0.));
#4702=CARTESIAN_POINT('',(35.,24.0000003576279,2.5));
#4703=CARTESIAN_POINT('Origin',(35.,-145.,0.));
#4704=CARTESIAN_POINT('Origin',(-25.,25.,0.));
#4705=CARTESIAN_POINT('Origin',(-25.000000372529,-16.0000002384186,5.));
#4706=CARTESIAN_POINT('',(-7.00000037252903,-16.0000002384186,5.));
#4707=CARTESIAN_POINT('',(-25.,-16.0000002384186,2.5));
#4708=CARTESIAN_POINT('Origin',(-7.00000037252903,-18.0000002384186,5.));
#4709=CARTESIAN_POINT('',(-25.,-18.0000002384186,2.5));
#4710=CARTESIAN_POINT('',(-7.00000037252903,-18.0000002384186,5.));
#4711=CARTESIAN_POINT('Origin',(-7.00000037252903,-16.0000002384186,5.));
#4712=CARTESIAN_POINT('Origin',(17.0000002533197,-26.0000003576279,5.));
#4713=CARTESIAN_POINT('',(17.0000002533197,-24.0000003576279,5.));
#4714=CARTESIAN_POINT('',(17.0000002533197,-26.0000003576279,5.));
#4715=CARTESIAN_POINT('Origin',(35.0000002533197,-26.0000003576279,5.));
#4716=CARTESIAN_POINT('',(35.,-26.0000003576279,2.5));
#4717=CARTESIAN_POINT('Origin',(17.0000002533197,-24.0000003576279,5.));
#4718=CARTESIAN_POINT('',(35.,-24.0000003576279,2.5));
#4719=CARTESIAN_POINT('Origin',(17.0000002533197,6.00000008940697,5.));
#4720=CARTESIAN_POINT('',(17.0000002533197,8.00000011920929,5.));
#4721=CARTESIAN_POINT('',(17.0000002533197,6.00000008940697,5.));
#4722=CARTESIAN_POINT('Origin',(35.0000002533197,6.00000008940697,5.));
#4723=CARTESIAN_POINT('',(35.,6.00000008940697,2.5));
#4724=CARTESIAN_POINT('Origin',(17.0000002533197,8.00000011920929,5.));
#4725=CARTESIAN_POINT('',(35.,8.00000011920929,2.5));
#4726=CARTESIAN_POINT('Origin',(32.9999996572733,-28.0000004172325,5.));
#4727=CARTESIAN_POINT('',(32.9999996572733,-30.0000004172325,5.));
#4728=CARTESIAN_POINT('',(32.9999996572733,-28.0000004172325,5.));
#4729=CARTESIAN_POINT('Origin',(-23.0000003427267,-28.0000004172325,5.));
#4730=CARTESIAN_POINT('',(-23.0000003427267,-28.0000004172325,5.));
#4731=CARTESIAN_POINT('Origin',(-23.0000003427267,-30.0000004172325,5.));
#4732=CARTESIAN_POINT('',(-23.0000003427267,-30.0000004172325,5.));
#4733=CARTESIAN_POINT('Origin',(32.9999996572733,-30.0000004172325,5.));
#4734=CARTESIAN_POINT('Origin',(32.9999996572733,-12.0000001788139,5.));
#4735=CARTESIAN_POINT('',(32.9999996572733,-14.0000002086163,5.));
#4736=CARTESIAN_POINT('',(32.9999996572733,-12.0000001788139,5.));
#4737=CARTESIAN_POINT('Origin',(-23.0000003427267,-12.0000001788139,5.));
#4738=CARTESIAN_POINT('',(-23.0000003427267,-12.0000001788139,5.));
#4739=CARTESIAN_POINT('Origin',(-23.0000003427267,-14.0000002086163,5.));
#4740=CARTESIAN_POINT('',(-23.0000003427267,-14.0000002086163,5.));
#4741=CARTESIAN_POINT('Origin',(32.9999996572733,-14.0000002086163,5.));
#4742=CARTESIAN_POINT('Origin',(32.9999996572733,4.00000005960464,5.));
#4743=CARTESIAN_POINT('',(32.9999996572733,2.00000002980232,5.));
#4744=CARTESIAN_POINT('',(32.9999996572733,4.00000005960464,5.));
#4745=CARTESIAN_POINT('Origin',(-23.0000003427267,4.00000005960464,5.));
#4746=CARTESIAN_POINT('',(-23.0000003427267,4.00000005960464,5.));
#4747=CARTESIAN_POINT('Origin',(-23.0000003427267,2.00000002980232,5.));
#4748=CARTESIAN_POINT('',(-23.0000003427267,2.00000002980232,5.));
#4749=CARTESIAN_POINT('Origin',(32.9999996572733,2.00000002980232,5.));
#4750=CARTESIAN_POINT('Origin',(-25.000000372529,8.00000011920929,5.));
#4751=CARTESIAN_POINT('',(-7.00000037252903,8.00000011920929,5.));
#4752=CARTESIAN_POINT('',(-25.,8.00000011920929,2.5));
#4753=CARTESIAN_POINT('Origin',(-7.00000037252903,6.00000011920929,5.));
#4754=CARTESIAN_POINT('',(-25.,6.00000011920929,2.5));
#4755=CARTESIAN_POINT('',(-7.00000037252903,6.00000011920929,5.));
#4756=CARTESIAN_POINT('Origin',(-7.00000037252903,8.00000011920929,5.));
#4757=CARTESIAN_POINT('Origin',(13.9999999403954,0.,5.));
#4758=CARTESIAN_POINT('',(13.9999999403954,-2.,5.));
#4759=CARTESIAN_POINT('',(13.9999999403954,0.,5.));
#4760=CARTESIAN_POINT('Origin',(-4.00000005960464,0.,5.));
#4761=CARTESIAN_POINT('',(-4.00000005960464,0.,5.));
#4762=CARTESIAN_POINT('Origin',(-4.00000005960464,-2.,5.));
#4763=CARTESIAN_POINT('',(-4.00000005960464,-2.,5.));
#4764=CARTESIAN_POINT('Origin',(13.9999999403954,-2.,5.));
#4765=CARTESIAN_POINT('Origin',(13.9999999403954,-16.0000002384186,5.));
#4766=CARTESIAN_POINT('',(13.9999999403954,-18.0000002384186,5.));
#4767=CARTESIAN_POINT('',(13.9999999403954,-16.0000002384186,5.));
#4768=CARTESIAN_POINT('Origin',(-4.00000005960464,-16.0000002384186,5.));
#4769=CARTESIAN_POINT('',(-4.00000005960464,-16.0000002384186,5.));
#4770=CARTESIAN_POINT('Origin',(-4.00000005960464,-18.0000002384186,5.));
#4771=CARTESIAN_POINT('',(-4.00000005960464,-18.0000002384186,5.));
#4772=CARTESIAN_POINT('Origin',(13.9999999403954,-18.0000002384186,5.));
#4773=CARTESIAN_POINT('Origin',(17.0000002533197,-2.00000002980232,5.));
#4774=CARTESIAN_POINT('',(17.0000002533197,0.,5.));
#4775=CARTESIAN_POINT('',(17.0000002533197,-2.00000002980232,5.));
#4776=CARTESIAN_POINT('Origin',(35.0000005215406,-2.00000002980232,5.));
#4777=CARTESIAN_POINT('',(35.,-2.00000002980232,2.5));
#4778=CARTESIAN_POINT('Origin',(17.0000002533197,0.,5.));
#4779=CARTESIAN_POINT('',(35.,0.,2.5));
#4780=CARTESIAN_POINT('Origin',(17.0000002533197,-32.0000004768372,5.));
#4781=CARTESIAN_POINT('',(35.,-32.0000004768372,2.5));
#4782=CARTESIAN_POINT('',(-25.,-32.0000004768372,2.5));
#4783=CARTESIAN_POINT('Origin',(-25.000000372529,-8.00000011920929,5.));
#4784=CARTESIAN_POINT('',(-7.00000037252903,-8.00000011920929,5.));
#4785=CARTESIAN_POINT('',(-25.,-8.00000011920929,2.5));
#4786=CARTESIAN_POINT('Origin',(-7.00000037252903,-10.0000001490116,5.));
#4787=CARTESIAN_POINT('',(-25.,-10.0000001490116,2.5));
#4788=CARTESIAN_POINT('',(-7.00000037252903,-10.0000001490116,5.));
#4789=CARTESIAN_POINT('Origin',(-7.00000037252903,-8.00000011920929,5.));
#4790=CARTESIAN_POINT('Origin',(-25.000000372529,-24.0000003576279,5.));
#4791=CARTESIAN_POINT('',(-7.00000037252903,-24.0000003576279,5.));
#4792=CARTESIAN_POINT('',(-25.,-24.0000003576279,2.5));
#4793=CARTESIAN_POINT('Origin',(-7.00000037252903,-26.0000003576279,5.));
#4794=CARTESIAN_POINT('',(-25.,-26.0000003576279,2.5));
#4795=CARTESIAN_POINT('',(-7.00000037252903,-26.0000003576279,5.));
#4796=CARTESIAN_POINT('Origin',(-7.00000037252903,-24.0000003576279,5.));
#4797=CARTESIAN_POINT('Origin',(17.0000002533197,-18.0000002384186,5.));
#4798=CARTESIAN_POINT('',(17.0000002533197,-16.0000002384186,5.));
#4799=CARTESIAN_POINT('',(17.0000002533197,-18.0000002384186,5.));
#4800=CARTESIAN_POINT('Origin',(35.0000002533197,-18.0000002384186,5.));
#4801=CARTESIAN_POINT('',(35.,-18.0000002384186,2.5));
#4802=CARTESIAN_POINT('Origin',(17.0000002533197,-16.0000002384186,5.));
#4803=CARTESIAN_POINT('',(35.,-16.0000002384186,2.5));
#4804=CARTESIAN_POINT('Origin',(17.0000002533197,14.0000002086163,5.));
#4805=CARTESIAN_POINT('',(17.0000002533197,16.0000002384186,5.));
#4806=CARTESIAN_POINT('',(17.0000002533197,14.0000002086163,5.));
#4807=CARTESIAN_POINT('Origin',(35.0000002533197,14.0000002086163,5.));
#4808=CARTESIAN_POINT('',(35.,14.0000002086163,2.5));
#4809=CARTESIAN_POINT('Origin',(17.0000002533197,16.0000002384186,5.));
#4810=CARTESIAN_POINT('',(35.,16.0000002384186,2.5));
#4811=CARTESIAN_POINT('Origin',(13.9999999403954,-24.0000003576279,5.));
#4812=CARTESIAN_POINT('',(13.9999999403954,-26.0000003576279,5.));
#4813=CARTESIAN_POINT('',(13.9999999403954,-24.0000003576279,5.));
#4814=CARTESIAN_POINT('Origin',(-4.00000005960464,-24.0000003576279,5.));
#4815=CARTESIAN_POINT('',(-4.00000005960464,-24.0000003576279,5.));
#4816=CARTESIAN_POINT('Origin',(-4.00000005960464,-26.0000003576279,5.));
#4817=CARTESIAN_POINT('',(-4.00000005960464,-26.0000003576279,5.));
#4818=CARTESIAN_POINT('Origin',(13.9999999403954,-26.0000003576279,5.));
#4819=CARTESIAN_POINT('Origin',(13.9999999403954,-8.00000011920929,5.));
#4820=CARTESIAN_POINT('',(13.9999999403954,-10.0000001192093,5.));
#4821=CARTESIAN_POINT('',(13.9999999403954,-8.00000011920929,5.));
#4822=CARTESIAN_POINT('Origin',(-4.00000005960464,-8.00000011920929,5.));
#4823=CARTESIAN_POINT('',(-4.00000005960464,-8.00000011920929,5.));
#4824=CARTESIAN_POINT('Origin',(-4.00000005960464,-10.0000001192093,5.));
#4825=CARTESIAN_POINT('',(-4.00000005960464,-10.0000001192093,5.));
#4826=CARTESIAN_POINT('Origin',(13.9999999403954,-10.0000001192093,5.));
#4827=CARTESIAN_POINT('Origin',(13.9999999403954,8.00000011920929,5.));
#4828=CARTESIAN_POINT('',(13.9999999403954,6.00000008940697,5.));
#4829=CARTESIAN_POINT('',(13.9999999403954,8.00000011920929,5.));
#4830=CARTESIAN_POINT('Origin',(-4.00000005960464,8.00000011920929,5.));
#4831=CARTESIAN_POINT('',(-4.00000005960464,8.00000011920929,5.));
#4832=CARTESIAN_POINT('Origin',(-4.00000005960464,6.00000008940697,5.));
#4833=CARTESIAN_POINT('',(-4.00000005960464,6.00000008940697,5.));
#4834=CARTESIAN_POINT('Origin',(13.9999999403954,6.00000008940697,5.));
#4835=CARTESIAN_POINT('Origin',(13.9999999403954,16.0000002384186,5.));
#4836=CARTESIAN_POINT('',(13.9999999403954,14.0000002086163,5.));
#4837=CARTESIAN_POINT('',(13.9999999403954,16.0000002384186,5.));
#4838=CARTESIAN_POINT('Origin',(-4.00000005960464,16.0000002384186,5.));
#4839=CARTESIAN_POINT('',(-4.00000005960464,16.0000002384186,5.));
#4840=CARTESIAN_POINT('Origin',(-4.00000005960464,14.0000002086163,5.));
#4841=CARTESIAN_POINT('',(-4.00000005960464,14.0000002086163,5.));
#4842=CARTESIAN_POINT('Origin',(13.9999999403954,14.0000002086163,5.));
#4843=CARTESIAN_POINT('Origin',(32.9999996572733,12.0000001788139,5.));
#4844=CARTESIAN_POINT('',(32.9999996572733,10.0000001788139,5.));
#4845=CARTESIAN_POINT('',(32.9999996572733,12.0000001788139,5.));
#4846=CARTESIAN_POINT('Origin',(-23.0000003427267,12.0000001788139,5.));
#4847=CARTESIAN_POINT('',(-23.0000003427267,12.0000001788139,5.));
#4848=CARTESIAN_POINT('Origin',(-23.0000003427267,10.0000001788139,5.));
#4849=CARTESIAN_POINT('',(-23.0000003427267,10.0000001788139,5.));
#4850=CARTESIAN_POINT('Origin',(32.9999996572733,10.0000001788139,5.));
#4851=CARTESIAN_POINT('Origin',(32.9999996572733,-4.00000005960464,5.));
#4852=CARTESIAN_POINT('',(32.9999996572733,-6.00000005960464,5.));
#4853=CARTESIAN_POINT('',(32.9999996572733,-4.00000005960464,5.));
#4854=CARTESIAN_POINT('Origin',(-23.0000003427267,-4.00000005960464,5.));
#4855=CARTESIAN_POINT('',(-23.0000003427267,-4.00000005960464,5.));
#4856=CARTESIAN_POINT('Origin',(-23.0000003427267,-6.00000005960464,5.));
#4857=CARTESIAN_POINT('',(-23.0000003427267,-6.00000005960464,5.));
#4858=CARTESIAN_POINT('Origin',(32.9999996572733,-6.00000005960464,5.));
#4859=CARTESIAN_POINT('Origin',(32.9999996572733,-20.0000002980232,5.));
#4860=CARTESIAN_POINT('',(32.9999996572733,-22.0000002980232,5.));
#4861=CARTESIAN_POINT('',(32.9999996572733,-20.0000002980232,5.));
#4862=CARTESIAN_POINT('Origin',(-23.0000003427267,-20.0000002980232,5.));
#4863=CARTESIAN_POINT('',(-23.0000003427267,-20.0000002980232,5.));
#4864=CARTESIAN_POINT('Origin',(-23.0000003427267,-22.0000002980232,5.));
#4865=CARTESIAN_POINT('',(-23.0000003427267,-22.0000002980232,5.));
#4866=CARTESIAN_POINT('Origin',(32.9999996572733,-22.0000002980232,5.));
#4867=CARTESIAN_POINT('Origin',(-25.000000372529,16.0000002384186,5.));
#4868=CARTESIAN_POINT('',(-7.00000037252903,16.0000002785714,5.));
#4869=CARTESIAN_POINT('',(-25.,16.0000002384186,2.5));
#4870=CARTESIAN_POINT('Origin',(-7.00000036806761,14.0000002785714,5.));
#4871=CARTESIAN_POINT('',(-25.,14.0000002384186,2.5));
#4872=CARTESIAN_POINT('',(-7.00000036806761,14.0000002785714,5.));
#4873=CARTESIAN_POINT('Origin',(-7.00000037252903,16.0000002785714,5.));
#4874=CARTESIAN_POINT('Origin',(17.0000002533197,-10.0000001192093,5.));
#4875=CARTESIAN_POINT('',(17.0000002533197,-8.00000011920929,5.));
#4876=CARTESIAN_POINT('',(17.0000002533197,-10.0000001192093,5.));
#4877=CARTESIAN_POINT('Origin',(35.0000002533197,-10.0000001192093,5.));
#4878=CARTESIAN_POINT('',(35.,-10.0000001192093,2.5));
#4879=CARTESIAN_POINT('Origin',(17.0000002533197,-8.00000011920929,5.));
#4880=CARTESIAN_POINT('',(35.,-8.00000011920929,2.5));
#4881=CARTESIAN_POINT('Origin',(-25.000000372529,0.,5.));
#4882=CARTESIAN_POINT('',(-7.00000037252903,0.,5.));
#4883=CARTESIAN_POINT('',(-25.,0.,2.5));
#4884=CARTESIAN_POINT('Origin',(-7.00000037252903,-2.,5.));
#4885=CARTESIAN_POINT('',(-25.,-2.,2.5));
#4886=CARTESIAN_POINT('',(-7.00000037252903,-2.,5.));
#4887=CARTESIAN_POINT('Origin',(-7.00000037252903,0.,5.));
#4888=CARTESIAN_POINT('Origin',(35.,-145.,0.));
#4889=CARTESIAN_POINT('',(35.,22.0000003576279,2.5));
#4890=CARTESIAN_POINT('Origin',(35.,-145.,0.));
#4891=CARTESIAN_POINT('Origin',(35.,-145.,0.));
#4892=CARTESIAN_POINT('Origin',(35.,-145.,0.));
#4893=CARTESIAN_POINT('Origin',(35.,-145.,0.));
#4894=CARTESIAN_POINT('Origin',(35.,-145.,0.));
#4895=CARTESIAN_POINT('Origin',(-25.,25.,0.));
#4896=CARTESIAN_POINT('',(-25.,22.0000003576279,2.5));
#4897=CARTESIAN_POINT('Origin',(-25.,25.,0.));
#4898=CARTESIAN_POINT('Origin',(-25.,25.,0.));
#4899=CARTESIAN_POINT('Origin',(-25.,25.,0.));
#4900=CARTESIAN_POINT('Origin',(-25.,25.,0.));
#4901=CARTESIAN_POINT('Origin',(-25.,25.,0.));
#4902=CARTESIAN_POINT('Origin',(-25.,25.,0.));
#4903=CARTESIAN_POINT('Origin',(13.9999999403954,22.0000003576279,5.));
#4904=CARTESIAN_POINT('',(-4.00000005960464,22.0000003576279,5.));
#4905=CARTESIAN_POINT('',(13.9999999403954,22.0000003576279,5.));
#4906=CARTESIAN_POINT('Origin',(13.9999999403954,24.0000003576279,5.));
#4907=CARTESIAN_POINT('',(13.9999999403954,24.0000003576279,5.));
#4908=CARTESIAN_POINT('Origin',(-4.00000005960464,24.0000003576279,5.));
#4909=CARTESIAN_POINT('',(-4.00000005960464,24.0000003576279,5.));
#4910=CARTESIAN_POINT('Origin',(-4.00000005960464,22.0000003576279,5.));
#4911=CARTESIAN_POINT('Origin',(17.0000002533197,22.0000003576279,5.));
#4912=CARTESIAN_POINT('',(17.0000002533197,24.0000003576279,5.));
#4913=CARTESIAN_POINT('',(17.0000002533197,22.0000003576279,5.));
#4914=CARTESIAN_POINT('Origin',(35.0000002533197,22.0000003576279,5.));
#4915=CARTESIAN_POINT('Origin',(17.0000002533197,24.0000003576279,5.));
#4916=CARTESIAN_POINT('Origin',(-25.000000372529,24.0000003576279,5.));
#4917=CARTESIAN_POINT('',(-7.00000037252903,24.0000003576279,5.));
#4918=CARTESIAN_POINT('',(-25.,24.0000003576279,2.5));
#4919=CARTESIAN_POINT('Origin',(-7.00000037252903,22.0000003576279,5.));
#4920=CARTESIAN_POINT('',(-7.00000037252903,22.0000003576279,5.));
#4921=CARTESIAN_POINT('Origin',(-7.00000037252903,24.0000003576279,5.));
#4922=CARTESIAN_POINT('Origin',(35.,-145.,0.));
#4923=CARTESIAN_POINT('Origin',(-25.,25.,0.));
#4924=CARTESIAN_POINT('Origin',(32.9999996572733,20.0000002980232,5.));
#4925=CARTESIAN_POINT('',(32.9999996572733,18.0000002980232,5.));
#4926=CARTESIAN_POINT('',(32.9999996572733,20.0000002980232,5.));
#4927=CARTESIAN_POINT('Origin',(-23.0000003427267,20.0000002980232,5.));
#4928=CARTESIAN_POINT('',(-23.0000003427267,20.0000002980232,5.));
#4929=CARTESIAN_POINT('Origin',(-23.0000003427267,18.0000002980232,5.));
#4930=CARTESIAN_POINT('',(-23.0000003427267,18.0000002980232,5.));
#4931=CARTESIAN_POINT('Origin',(32.9999996572733,18.0000002980232,5.));
#4932=UNCERTAINTY_MEASURE_WITH_UNIT(LENGTH_MEASURE(0.01),#4936,
'DISTANCE_ACCURACY_VALUE',
'Maximum model space distance between geometric entities at asserted c
onnectivities');
#4933=UNCERTAINTY_MEASURE_WITH_UNIT(LENGTH_MEASURE(0.01),#4936,
'DISTANCE_ACCURACY_VALUE',
'Maximum model space distance between geometric entities at asserted c
onnectivities');
#4934=(
GEOMETRIC_REPRESENTATION_CONTEXT(3)
GLOBAL_UNCERTAINTY_ASSIGNED_CONTEXT((#4932))
GLOBAL_UNIT_ASSIGNED_CONTEXT((#4936,#4938,#4939))
REPRESENTATION_CONTEXT('','3D')
);
#4935=(
GEOMETRIC_REPRESENTATION_CONTEXT(3)
GLOBAL_UNCERTAINTY_ASSIGNED_CONTEXT((#4933))
GLOBAL_UNIT_ASSIGNED_CONTEXT((#4936,#4938,#4939))
REPRESENTATION_CONTEXT('','3D')
);
#4936=(
LENGTH_UNIT()
NAMED_UNIT(*)
SI_UNIT(.MILLI.,.METRE.)
);
#4937=(
LENGTH_UNIT()
NAMED_UNIT(*)
SI_UNIT($,.METRE.)
);
#4938=(
NAMED_UNIT(*)
PLANE_ANGLE_UNIT()
SI_UNIT($,.RADIAN.)
);
#4939=(
NAMED_UNIT(*)
SI_UNIT($,.STERADIAN.)
SOLID_ANGLE_UNIT()
);
#4940=SHAPE_DEFINITION_REPRESENTATION(#4941,#4942);
#4941=PRODUCT_DEFINITION_SHAPE('',$,#4944);
#4942=SHAPE_REPRESENTATION('',(#3164),#4934);
#4943=PRODUCT_DEFINITION_CONTEXT('part definition',#4948,'design');
#4944=PRODUCT_DEFINITION('(Unsaved)','(Unsaved)',#4945,#4943);
#4945=PRODUCT_DEFINITION_FORMATION('',$,#4950);
#4946=PRODUCT_RELATED_PRODUCT_CATEGORY('(Unsaved)','(Unsaved)',(#4950));
#4947=APPLICATION_PROTOCOL_DEFINITION('international standard',
'automotive_design',2009,#4948);
#4948=APPLICATION_CONTEXT(
'Core Data for Automotive Mechanical Design Process');
#4949=PRODUCT_CONTEXT('part definition',#4948,'mechanical');
#4950=PRODUCT('(Unsaved)','(Unsaved)',$,(#4949));
#4951=PRESENTATION_STYLE_ASSIGNMENT((#4952));
#4952=SURFACE_STYLE_USAGE(.BOTH.,#4953);
#4953=SURFACE_SIDE_STYLE('',(#4954));
#4954=SURFACE_STYLE_FILL_AREA(#4955);
#4955=FILL_AREA_STYLE('Steel - Satin',(#4956));
#4956=FILL_AREA_STYLE_COLOUR('Steel - Satin',#4957);
#4957=COLOUR_RGB('Steel - Satin',0.627450980392157,0.627450980392157,0.627450980392157);
ENDSEC;
END-ISO-10303-21;
