ISO-10303-21;
HEADER;
/* Generated by software containing ST-Developer
 * from STEP Tools, Inc. (www.steptools.com) 
 */

FILE_DESCRIPTION(
/* description */ (''),
/* implementation_level */ '2;1');

FILE_NAME(
/* name */ 'base_comp12.step',
/* time_stamp */ '2026-07-02T14:42:55+05:30',
/* author */ (''),
/* organization */ (''),
/* preprocessor_version */ 'ST-DEVELOPER v20.1',
/* originating_system */ 'Autodesk Translation Framework v15.8.0.0',
/* authorisation */ '');

FILE_SCHEMA (('AUTOMOTIVE_DESIGN { 1 0 10303 214 3 1 1 }'));
ENDSEC;

DATA;
#10=MECHANICAL_DESIGN_GEOMETRIC_PRESENTATION_REPRESENTATION('',(#13),#7824);
#11=SHAPE_REPRESENTATION_RELATIONSHIP('SRR','None',#7831,#12);
#12=ADVANCED_BREP_SHAPE_REPRESENTATION('',(#14),#7823);
#13=STYLED_ITEM('',(#7840),#14);
#14=MANIFOLD_SOLID_BREP('Body1',#4996);
#15=FACE_BOUND('',#321,.T.);
#16=FACE_BOUND('',#322,.T.);
#17=FACE_BOUND('',#323,.T.);
#18=FACE_BOUND('',#324,.T.);
#19=FACE_BOUND('',#325,.T.);
#20=FACE_BOUND('',#326,.T.);
#21=FACE_BOUND('',#327,.T.);
#22=FACE_BOUND('',#328,.T.);
#23=FACE_BOUND('',#329,.T.);
#24=FACE_BOUND('',#330,.T.);
#25=FACE_BOUND('',#331,.T.);
#26=FACE_BOUND('',#332,.T.);
#27=FACE_BOUND('',#333,.T.);
#28=FACE_BOUND('',#334,.T.);
#29=FACE_BOUND('',#335,.T.);
#30=FACE_BOUND('',#336,.T.);
#31=FACE_BOUND('',#337,.T.);
#32=FACE_BOUND('',#338,.T.);
#33=FACE_BOUND('',#339,.T.);
#34=FACE_BOUND('',#340,.T.);
#35=FACE_BOUND('',#341,.T.);
#36=FACE_BOUND('',#342,.T.);
#37=FACE_BOUND('',#343,.T.);
#38=FACE_BOUND('',#344,.T.);
#39=FACE_BOUND('',#345,.T.);
#40=FACE_BOUND('',#346,.T.);
#41=FACE_BOUND('',#347,.T.);
#42=FACE_BOUND('',#348,.T.);
#43=FACE_BOUND('',#349,.T.);
#44=FACE_BOUND('',#355,.T.);
#45=FACE_BOUND('',#384,.T.);
#46=FACE_BOUND('',#385,.T.);
#47=FACE_BOUND('',#386,.T.);
#48=FACE_BOUND('',#387,.T.);
#49=FACE_BOUND('',#388,.T.);
#50=FACE_BOUND('',#389,.T.);
#51=FACE_BOUND('',#390,.T.);
#52=FACE_BOUND('',#391,.T.);
#53=FACE_BOUND('',#392,.T.);
#54=FACE_BOUND('',#393,.T.);
#55=FACE_BOUND('',#394,.T.);
#56=FACE_BOUND('',#395,.T.);
#57=FACE_BOUND('',#396,.T.);
#58=FACE_BOUND('',#397,.T.);
#59=FACE_BOUND('',#398,.T.);
#60=FACE_BOUND('',#399,.T.);
#61=FACE_BOUND('',#400,.T.);
#62=FACE_BOUND('',#401,.T.);
#63=FACE_BOUND('',#402,.T.);
#64=FACE_BOUND('',#403,.T.);
#65=FACE_BOUND('',#404,.T.);
#66=FACE_BOUND('',#405,.T.);
#67=FACE_BOUND('',#406,.T.);
#68=FACE_BOUND('',#407,.T.);
#69=FACE_BOUND('',#408,.T.);
#70=FACE_BOUND('',#409,.T.);
#71=CIRCLE('',#5015,7.5);
#72=CIRCLE('',#5016,7.5);
#73=CIRCLE('',#5017,7.5);
#74=CIRCLE('',#5018,7.5);
#75=CIRCLE('',#5019,7.5);
#76=CIRCLE('',#5020,7.5);
#77=CYLINDRICAL_SURFACE('',#5014,7.5);
#78=FACE_OUTER_BOUND('',#315,.T.);
#79=FACE_OUTER_BOUND('',#316,.T.);
#80=FACE_OUTER_BOUND('',#317,.T.);
#81=FACE_OUTER_BOUND('',#318,.T.);
#82=FACE_OUTER_BOUND('',#319,.T.);
#83=FACE_OUTER_BOUND('',#320,.T.);
#84=FACE_OUTER_BOUND('',#350,.T.);
#85=FACE_OUTER_BOUND('',#351,.T.);
#86=FACE_OUTER_BOUND('',#352,.T.);
#87=FACE_OUTER_BOUND('',#353,.T.);
#88=FACE_OUTER_BOUND('',#354,.T.);
#89=FACE_OUTER_BOUND('',#356,.T.);
#90=FACE_OUTER_BOUND('',#357,.T.);
#91=FACE_OUTER_BOUND('',#358,.T.);
#92=FACE_OUTER_BOUND('',#359,.T.);
#93=FACE_OUTER_BOUND('',#360,.T.);
#94=FACE_OUTER_BOUND('',#361,.T.);
#95=FACE_OUTER_BOUND('',#362,.T.);
#96=FACE_OUTER_BOUND('',#363,.T.);
#97=FACE_OUTER_BOUND('',#364,.T.);
#98=FACE_OUTER_BOUND('',#365,.T.);
#99=FACE_OUTER_BOUND('',#366,.T.);
#100=FACE_OUTER_BOUND('',#367,.T.);
#101=FACE_OUTER_BOUND('',#368,.T.);
#102=FACE_OUTER_BOUND('',#369,.T.);
#103=FACE_OUTER_BOUND('',#370,.T.);
#104=FACE_OUTER_BOUND('',#371,.T.);
#105=FACE_OUTER_BOUND('',#372,.T.);
#106=FACE_OUTER_BOUND('',#373,.T.);
#107=FACE_OUTER_BOUND('',#374,.T.);
#108=FACE_OUTER_BOUND('',#375,.T.);
#109=FACE_OUTER_BOUND('',#376,.T.);
#110=FACE_OUTER_BOUND('',#377,.T.);
#111=FACE_OUTER_BOUND('',#378,.T.);
#112=FACE_OUTER_BOUND('',#379,.T.);
#113=FACE_OUTER_BOUND('',#380,.T.);
#114=FACE_OUTER_BOUND('',#381,.T.);
#115=FACE_OUTER_BOUND('',#382,.T.);
#116=FACE_OUTER_BOUND('',#383,.T.);
#117=FACE_OUTER_BOUND('',#410,.T.);
#118=FACE_OUTER_BOUND('',#411,.T.);
#119=FACE_OUTER_BOUND('',#412,.T.);
#120=FACE_OUTER_BOUND('',#413,.T.);
#121=FACE_OUTER_BOUND('',#414,.T.);
#122=FACE_OUTER_BOUND('',#415,.T.);
#123=FACE_OUTER_BOUND('',#416,.T.);
#124=FACE_OUTER_BOUND('',#417,.T.);
#125=FACE_OUTER_BOUND('',#418,.T.);
#126=FACE_OUTER_BOUND('',#419,.T.);
#127=FACE_OUTER_BOUND('',#420,.T.);
#128=FACE_OUTER_BOUND('',#421,.T.);
#129=FACE_OUTER_BOUND('',#422,.T.);
#130=FACE_OUTER_BOUND('',#423,.T.);
#131=FACE_OUTER_BOUND('',#424,.T.);
#132=FACE_OUTER_BOUND('',#425,.T.);
#133=FACE_OUTER_BOUND('',#426,.T.);
#134=FACE_OUTER_BOUND('',#427,.T.);
#135=FACE_OUTER_BOUND('',#428,.T.);
#136=FACE_OUTER_BOUND('',#429,.T.);
#137=FACE_OUTER_BOUND('',#430,.T.);
#138=FACE_OUTER_BOUND('',#431,.T.);
#139=FACE_OUTER_BOUND('',#432,.T.);
#140=FACE_OUTER_BOUND('',#433,.T.);
#141=FACE_OUTER_BOUND('',#434,.T.);
#142=FACE_OUTER_BOUND('',#435,.T.);
#143=FACE_OUTER_BOUND('',#436,.T.);
#144=FACE_OUTER_BOUND('',#437,.T.);
#145=FACE_OUTER_BOUND('',#438,.T.);
#146=FACE_OUTER_BOUND('',#439,.T.);
#147=FACE_OUTER_BOUND('',#440,.T.);
#148=FACE_OUTER_BOUND('',#441,.T.);
#149=FACE_OUTER_BOUND('',#442,.T.);
#150=FACE_OUTER_BOUND('',#443,.T.);
#151=FACE_OUTER_BOUND('',#444,.T.);
#152=FACE_OUTER_BOUND('',#445,.T.);
#153=FACE_OUTER_BOUND('',#446,.T.);
#154=FACE_OUTER_BOUND('',#447,.T.);
#155=FACE_OUTER_BOUND('',#448,.T.);
#156=FACE_OUTER_BOUND('',#449,.T.);
#157=FACE_OUTER_BOUND('',#450,.T.);
#158=FACE_OUTER_BOUND('',#451,.T.);
#159=FACE_OUTER_BOUND('',#452,.T.);
#160=FACE_OUTER_BOUND('',#453,.T.);
#161=FACE_OUTER_BOUND('',#454,.T.);
#162=FACE_OUTER_BOUND('',#455,.T.);
#163=FACE_OUTER_BOUND('',#456,.T.);
#164=FACE_OUTER_BOUND('',#457,.T.);
#165=FACE_OUTER_BOUND('',#458,.T.);
#166=FACE_OUTER_BOUND('',#459,.T.);
#167=FACE_OUTER_BOUND('',#460,.T.);
#168=FACE_OUTER_BOUND('',#461,.T.);
#169=FACE_OUTER_BOUND('',#462,.T.);
#170=FACE_OUTER_BOUND('',#463,.T.);
#171=FACE_OUTER_BOUND('',#464,.T.);
#172=FACE_OUTER_BOUND('',#465,.T.);
#173=FACE_OUTER_BOUND('',#466,.T.);
#174=FACE_OUTER_BOUND('',#467,.T.);
#175=FACE_OUTER_BOUND('',#468,.T.);
#176=FACE_OUTER_BOUND('',#469,.T.);
#177=FACE_OUTER_BOUND('',#470,.T.);
#178=FACE_OUTER_BOUND('',#471,.T.);
#179=FACE_OUTER_BOUND('',#472,.T.);
#180=FACE_OUTER_BOUND('',#473,.T.);
#181=FACE_OUTER_BOUND('',#474,.T.);
#182=FACE_OUTER_BOUND('',#475,.T.);
#183=FACE_OUTER_BOUND('',#476,.T.);
#184=FACE_OUTER_BOUND('',#477,.T.);
#185=FACE_OUTER_BOUND('',#478,.T.);
#186=FACE_OUTER_BOUND('',#479,.T.);
#187=FACE_OUTER_BOUND('',#480,.T.);
#188=FACE_OUTER_BOUND('',#481,.T.);
#189=FACE_OUTER_BOUND('',#482,.T.);
#190=FACE_OUTER_BOUND('',#483,.T.);
#191=FACE_OUTER_BOUND('',#484,.T.);
#192=FACE_OUTER_BOUND('',#485,.T.);
#193=FACE_OUTER_BOUND('',#486,.T.);
#194=FACE_OUTER_BOUND('',#487,.T.);
#195=FACE_OUTER_BOUND('',#488,.T.);
#196=FACE_OUTER_BOUND('',#489,.T.);
#197=FACE_OUTER_BOUND('',#490,.T.);
#198=FACE_OUTER_BOUND('',#491,.T.);
#199=FACE_OUTER_BOUND('',#492,.T.);
#200=FACE_OUTER_BOUND('',#493,.T.);
#201=FACE_OUTER_BOUND('',#494,.T.);
#202=FACE_OUTER_BOUND('',#495,.T.);
#203=FACE_OUTER_BOUND('',#496,.T.);
#204=FACE_OUTER_BOUND('',#497,.T.);
#205=FACE_OUTER_BOUND('',#498,.T.);
#206=FACE_OUTER_BOUND('',#499,.T.);
#207=FACE_OUTER_BOUND('',#500,.T.);
#208=FACE_OUTER_BOUND('',#501,.T.);
#209=FACE_OUTER_BOUND('',#502,.T.);
#210=FACE_OUTER_BOUND('',#503,.T.);
#211=FACE_OUTER_BOUND('',#504,.T.);
#212=FACE_OUTER_BOUND('',#505,.T.);
#213=FACE_OUTER_BOUND('',#506,.T.);
#214=FACE_OUTER_BOUND('',#507,.T.);
#215=FACE_OUTER_BOUND('',#508,.T.);
#216=FACE_OUTER_BOUND('',#509,.T.);
#217=FACE_OUTER_BOUND('',#510,.T.);
#218=FACE_OUTER_BOUND('',#511,.T.);
#219=FACE_OUTER_BOUND('',#512,.T.);
#220=FACE_OUTER_BOUND('',#513,.T.);
#221=FACE_OUTER_BOUND('',#514,.T.);
#222=FACE_OUTER_BOUND('',#515,.T.);
#223=FACE_OUTER_BOUND('',#516,.T.);
#224=FACE_OUTER_BOUND('',#517,.T.);
#225=FACE_OUTER_BOUND('',#518,.T.);
#226=FACE_OUTER_BOUND('',#519,.T.);
#227=FACE_OUTER_BOUND('',#520,.T.);
#228=FACE_OUTER_BOUND('',#521,.T.);
#229=FACE_OUTER_BOUND('',#522,.T.);
#230=FACE_OUTER_BOUND('',#523,.T.);
#231=FACE_OUTER_BOUND('',#524,.T.);
#232=FACE_OUTER_BOUND('',#525,.T.);
#233=FACE_OUTER_BOUND('',#526,.T.);
#234=FACE_OUTER_BOUND('',#527,.T.);
#235=FACE_OUTER_BOUND('',#528,.T.);
#236=FACE_OUTER_BOUND('',#529,.T.);
#237=FACE_OUTER_BOUND('',#530,.T.);
#238=FACE_OUTER_BOUND('',#531,.T.);
#239=FACE_OUTER_BOUND('',#532,.T.);
#240=FACE_OUTER_BOUND('',#533,.T.);
#241=FACE_OUTER_BOUND('',#534,.T.);
#242=FACE_OUTER_BOUND('',#535,.T.);
#243=FACE_OUTER_BOUND('',#536,.T.);
#244=FACE_OUTER_BOUND('',#537,.T.);
#245=FACE_OUTER_BOUND('',#538,.T.);
#246=FACE_OUTER_BOUND('',#539,.T.);
#247=FACE_OUTER_BOUND('',#540,.T.);
#248=FACE_OUTER_BOUND('',#541,.T.);
#249=FACE_OUTER_BOUND('',#542,.T.);
#250=FACE_OUTER_BOUND('',#543,.T.);
#251=FACE_OUTER_BOUND('',#544,.T.);
#252=FACE_OUTER_BOUND('',#545,.T.);
#253=FACE_OUTER_BOUND('',#546,.T.);
#254=FACE_OUTER_BOUND('',#547,.T.);
#255=FACE_OUTER_BOUND('',#548,.T.);
#256=FACE_OUTER_BOUND('',#549,.T.);
#257=FACE_OUTER_BOUND('',#550,.T.);
#258=FACE_OUTER_BOUND('',#551,.T.);
#259=FACE_OUTER_BOUND('',#552,.T.);
#260=FACE_OUTER_BOUND('',#553,.T.);
#261=FACE_OUTER_BOUND('',#554,.T.);
#262=FACE_OUTER_BOUND('',#555,.T.);
#263=FACE_OUTER_BOUND('',#556,.T.);
#264=FACE_OUTER_BOUND('',#557,.T.);
#265=FACE_OUTER_BOUND('',#558,.T.);
#266=FACE_OUTER_BOUND('',#559,.T.);
#267=FACE_OUTER_BOUND('',#560,.T.);
#268=FACE_OUTER_BOUND('',#561,.T.);
#269=FACE_OUTER_BOUND('',#562,.T.);
#270=FACE_OUTER_BOUND('',#563,.T.);
#271=FACE_OUTER_BOUND('',#564,.T.);
#272=FACE_OUTER_BOUND('',#565,.T.);
#273=FACE_OUTER_BOUND('',#566,.T.);
#274=FACE_OUTER_BOUND('',#567,.T.);
#275=FACE_OUTER_BOUND('',#568,.T.);
#276=FACE_OUTER_BOUND('',#569,.T.);
#277=FACE_OUTER_BOUND('',#570,.T.);
#278=FACE_OUTER_BOUND('',#571,.T.);
#279=FACE_OUTER_BOUND('',#572,.T.);
#280=FACE_OUTER_BOUND('',#573,.T.);
#281=FACE_OUTER_BOUND('',#574,.T.);
#282=FACE_OUTER_BOUND('',#575,.T.);
#283=FACE_OUTER_BOUND('',#576,.T.);
#284=FACE_OUTER_BOUND('',#577,.T.);
#285=FACE_OUTER_BOUND('',#578,.T.);
#286=FACE_OUTER_BOUND('',#579,.T.);
#287=FACE_OUTER_BOUND('',#580,.T.);
#288=FACE_OUTER_BOUND('',#581,.T.);
#289=FACE_OUTER_BOUND('',#582,.T.);
#290=FACE_OUTER_BOUND('',#583,.T.);
#291=FACE_OUTER_BOUND('',#584,.T.);
#292=FACE_OUTER_BOUND('',#585,.T.);
#293=FACE_OUTER_BOUND('',#586,.T.);
#294=FACE_OUTER_BOUND('',#587,.T.);
#295=FACE_OUTER_BOUND('',#588,.T.);
#296=FACE_OUTER_BOUND('',#589,.T.);
#297=FACE_OUTER_BOUND('',#590,.T.);
#298=FACE_OUTER_BOUND('',#591,.T.);
#299=FACE_OUTER_BOUND('',#592,.T.);
#300=FACE_OUTER_BOUND('',#593,.T.);
#301=FACE_OUTER_BOUND('',#594,.T.);
#302=FACE_OUTER_BOUND('',#595,.T.);
#303=FACE_OUTER_BOUND('',#596,.T.);
#304=FACE_OUTER_BOUND('',#597,.T.);
#305=FACE_OUTER_BOUND('',#598,.T.);
#306=FACE_OUTER_BOUND('',#599,.T.);
#307=FACE_OUTER_BOUND('',#600,.T.);
#308=FACE_OUTER_BOUND('',#601,.T.);
#309=FACE_OUTER_BOUND('',#602,.T.);
#310=FACE_OUTER_BOUND('',#603,.T.);
#311=FACE_OUTER_BOUND('',#604,.T.);
#312=FACE_OUTER_BOUND('',#605,.T.);
#313=FACE_OUTER_BOUND('',#606,.T.);
#314=FACE_OUTER_BOUND('',#607,.T.);
#315=EDGE_LOOP('',(#3137,#3138,#3139,#3140));
#316=EDGE_LOOP('',(#3141,#3142,#3143,#3144));
#317=EDGE_LOOP('',(#3145,#3146,#3147,#3148));
#318=EDGE_LOOP('',(#3149,#3150,#3151,#3152));
#319=EDGE_LOOP('',(#3153,#3154,#3155,#3156,#3157,#3158,#3159,#3160,#3161,
#3162,#3163,#3164));
#320=EDGE_LOOP('',(#3165,#3166,#3167,#3168,#3169,#3170,#3171,#3172,#3173,
#3174,#3175,#3176,#3177,#3178,#3179,#3180,#3181,#3182,#3183,#3184,#3185,
#3186,#3187,#3188,#3189,#3190,#3191,#3192,#3193,#3194,#3195,#3196,#3197,
#3198,#3199,#3200,#3201,#3202,#3203,#3204,#3205,#3206,#3207,#3208,#3209,
#3210,#3211,#3212,#3213,#3214,#3215,#3216,#3217,#3218,#3219,#3220,#3221,
#3222,#3223,#3224,#3225,#3226,#3227,#3228,#3229,#3230,#3231,#3232,#3233,
#3234,#3235,#3236,#3237,#3238,#3239,#3240,#3241,#3242,#3243,#3244,#3245,
#3246,#3247,#3248,#3249,#3250,#3251,#3252,#3253,#3254,#3255,#3256,#3257,
#3258,#3259,#3260,#3261,#3262,#3263,#3264,#3265,#3266,#3267,#3268));
#321=EDGE_LOOP('',(#3269,#3270,#3271,#3272));
#322=EDGE_LOOP('',(#3273,#3274,#3275,#3276));
#323=EDGE_LOOP('',(#3277,#3278,#3279,#3280));
#324=EDGE_LOOP('',(#3281,#3282,#3283,#3284));
#325=EDGE_LOOP('',(#3285,#3286,#3287,#3288));
#326=EDGE_LOOP('',(#3289,#3290,#3291,#3292));
#327=EDGE_LOOP('',(#3293,#3294,#3295,#3296));
#328=EDGE_LOOP('',(#3297,#3298,#3299,#3300));
#329=EDGE_LOOP('',(#3301,#3302,#3303,#3304));
#330=EDGE_LOOP('',(#3305,#3306,#3307,#3308));
#331=EDGE_LOOP('',(#3309,#3310,#3311,#3312));
#332=EDGE_LOOP('',(#3313,#3314,#3315,#3316));
#333=EDGE_LOOP('',(#3317,#3318,#3319,#3320));
#334=EDGE_LOOP('',(#3321,#3322,#3323,#3324));
#335=EDGE_LOOP('',(#3325,#3326,#3327,#3328));
#336=EDGE_LOOP('',(#3329,#3330,#3331,#3332));
#337=EDGE_LOOP('',(#3333,#3334,#3335,#3336));
#338=EDGE_LOOP('',(#3337,#3338,#3339,#3340));
#339=EDGE_LOOP('',(#3341,#3342,#3343,#3344));
#340=EDGE_LOOP('',(#3345,#3346,#3347,#3348));
#341=EDGE_LOOP('',(#3349,#3350,#3351,#3352));
#342=EDGE_LOOP('',(#3353,#3354,#3355,#3356));
#343=EDGE_LOOP('',(#3357,#3358,#3359,#3360));
#344=EDGE_LOOP('',(#3361,#3362,#3363,#3364));
#345=EDGE_LOOP('',(#3365,#3366,#3367,#3368));
#346=EDGE_LOOP('',(#3369,#3370,#3371,#3372));
#347=EDGE_LOOP('',(#3373,#3374,#3375,#3376));
#348=EDGE_LOOP('',(#3377,#3378,#3379,#3380));
#349=EDGE_LOOP('',(#3381,#3382,#3383,#3384));
#350=EDGE_LOOP('',(#3385,#3386,#3387,#3388));
#351=EDGE_LOOP('',(#3389,#3390,#3391,#3392));
#352=EDGE_LOOP('',(#3393,#3394,#3395,#3396));
#353=EDGE_LOOP('',(#3397,#3398,#3399,#3400,#3401));
#354=EDGE_LOOP('',(#3402,#3403,#3404,#3405));
#355=EDGE_LOOP('',(#3406,#3407,#3408,#3409));
#356=EDGE_LOOP('',(#3410,#3411,#3412,#3413,#3414));
#357=EDGE_LOOP('',(#3415,#3416,#3417,#3418));
#358=EDGE_LOOP('',(#3419,#3420,#3421,#3422));
#359=EDGE_LOOP('',(#3423,#3424,#3425,#3426));
#360=EDGE_LOOP('',(#3427,#3428,#3429,#3430));
#361=EDGE_LOOP('',(#3431,#3432,#3433,#3434));
#362=EDGE_LOOP('',(#3435,#3436,#3437,#3438));
#363=EDGE_LOOP('',(#3439,#3440,#3441,#3442));
#364=EDGE_LOOP('',(#3443,#3444,#3445,#3446));
#365=EDGE_LOOP('',(#3447,#3448,#3449,#3450));
#366=EDGE_LOOP('',(#3451,#3452,#3453,#3454));
#367=EDGE_LOOP('',(#3455,#3456,#3457,#3458));
#368=EDGE_LOOP('',(#3459,#3460,#3461,#3462));
#369=EDGE_LOOP('',(#3463,#3464,#3465,#3466));
#370=EDGE_LOOP('',(#3467,#3468,#3469,#3470));
#371=EDGE_LOOP('',(#3471,#3472,#3473,#3474));
#372=EDGE_LOOP('',(#3475,#3476,#3477,#3478));
#373=EDGE_LOOP('',(#3479,#3480,#3481,#3482));
#374=EDGE_LOOP('',(#3483,#3484,#3485,#3486));
#375=EDGE_LOOP('',(#3487,#3488,#3489,#3490));
#376=EDGE_LOOP('',(#3491,#3492,#3493,#3494));
#377=EDGE_LOOP('',(#3495,#3496,#3497,#3498));
#378=EDGE_LOOP('',(#3499,#3500,#3501,#3502));
#379=EDGE_LOOP('',(#3503,#3504,#3505,#3506));
#380=EDGE_LOOP('',(#3507,#3508,#3509,#3510));
#381=EDGE_LOOP('',(#3511,#3512,#3513,#3514));
#382=EDGE_LOOP('',(#3515,#3516,#3517,#3518));
#383=EDGE_LOOP('',(#3519,#3520,#3521,#3522,#3523,#3524,#3525,#3526,#3527,
#3528,#3529,#3530,#3531,#3532,#3533,#3534,#3535,#3536,#3537,#3538,#3539,
#3540,#3541,#3542,#3543,#3544,#3545,#3546,#3547,#3548,#3549,#3550,#3551,
#3552,#3553,#3554,#3555,#3556,#3557,#3558,#3559,#3560,#3561,#3562,#3563,
#3564,#3565,#3566,#3567,#3568,#3569,#3570,#3571,#3572,#3573,#3574,#3575,
#3576,#3577,#3578,#3579,#3580,#3581,#3582,#3583,#3584,#3585,#3586,#3587,
#3588,#3589,#3590,#3591,#3592,#3593,#3594,#3595,#3596,#3597,#3598,#3599,
#3600,#3601,#3602,#3603,#3604,#3605,#3606,#3607,#3608,#3609,#3610,#3611,
#3612,#3613,#3614,#3615,#3616,#3617,#3618,#3619,#3620,#3621,#3622));
#384=EDGE_LOOP('',(#3623,#3624,#3625,#3626));
#385=EDGE_LOOP('',(#3627,#3628,#3629,#3630));
#386=EDGE_LOOP('',(#3631,#3632,#3633,#3634));
#387=EDGE_LOOP('',(#3635,#3636,#3637,#3638));
#388=EDGE_LOOP('',(#3639,#3640,#3641,#3642));
#389=EDGE_LOOP('',(#3643,#3644,#3645,#3646));
#390=EDGE_LOOP('',(#3647,#3648,#3649,#3650));
#391=EDGE_LOOP('',(#3651,#3652,#3653,#3654));
#392=EDGE_LOOP('',(#3655,#3656,#3657,#3658));
#393=EDGE_LOOP('',(#3659,#3660,#3661,#3662));
#394=EDGE_LOOP('',(#3663,#3664,#3665,#3666));
#395=EDGE_LOOP('',(#3667,#3668,#3669,#3670));
#396=EDGE_LOOP('',(#3671,#3672,#3673,#3674));
#397=EDGE_LOOP('',(#3675,#3676,#3677,#3678));
#398=EDGE_LOOP('',(#3679,#3680,#3681,#3682));
#399=EDGE_LOOP('',(#3683,#3684,#3685,#3686));
#400=EDGE_LOOP('',(#3687,#3688,#3689,#3690));
#401=EDGE_LOOP('',(#3691,#3692,#3693,#3694));
#402=EDGE_LOOP('',(#3695,#3696,#3697,#3698));
#403=EDGE_LOOP('',(#3699,#3700,#3701,#3702));
#404=EDGE_LOOP('',(#3703,#3704,#3705,#3706));
#405=EDGE_LOOP('',(#3707,#3708,#3709,#3710));
#406=EDGE_LOOP('',(#3711,#3712,#3713,#3714));
#407=EDGE_LOOP('',(#3715,#3716,#3717,#3718));
#408=EDGE_LOOP('',(#3719,#3720,#3721,#3722));
#409=EDGE_LOOP('',(#3723,#3724,#3725,#3726));
#410=EDGE_LOOP('',(#3727,#3728,#3729,#3730));
#411=EDGE_LOOP('',(#3731,#3732,#3733,#3734));
#412=EDGE_LOOP('',(#3735,#3736,#3737,#3738));
#413=EDGE_LOOP('',(#3739,#3740,#3741,#3742));
#414=EDGE_LOOP('',(#3743,#3744,#3745,#3746));
#415=EDGE_LOOP('',(#3747,#3748,#3749,#3750));
#416=EDGE_LOOP('',(#3751,#3752,#3753,#3754));
#417=EDGE_LOOP('',(#3755,#3756,#3757,#3758));
#418=EDGE_LOOP('',(#3759,#3760,#3761,#3762));
#419=EDGE_LOOP('',(#3763,#3764,#3765,#3766));
#420=EDGE_LOOP('',(#3767,#3768,#3769,#3770));
#421=EDGE_LOOP('',(#3771,#3772,#3773,#3774));
#422=EDGE_LOOP('',(#3775,#3776,#3777,#3778));
#423=EDGE_LOOP('',(#3779,#3780,#3781,#3782));
#424=EDGE_LOOP('',(#3783,#3784,#3785,#3786));
#425=EDGE_LOOP('',(#3787,#3788,#3789,#3790));
#426=EDGE_LOOP('',(#3791,#3792,#3793,#3794));
#427=EDGE_LOOP('',(#3795,#3796,#3797,#3798));
#428=EDGE_LOOP('',(#3799,#3800,#3801,#3802));
#429=EDGE_LOOP('',(#3803,#3804,#3805,#3806));
#430=EDGE_LOOP('',(#3807,#3808,#3809,#3810));
#431=EDGE_LOOP('',(#3811,#3812,#3813,#3814));
#432=EDGE_LOOP('',(#3815,#3816,#3817,#3818));
#433=EDGE_LOOP('',(#3819,#3820,#3821,#3822));
#434=EDGE_LOOP('',(#3823,#3824,#3825,#3826));
#435=EDGE_LOOP('',(#3827,#3828,#3829,#3830));
#436=EDGE_LOOP('',(#3831,#3832,#3833,#3834));
#437=EDGE_LOOP('',(#3835,#3836,#3837,#3838));
#438=EDGE_LOOP('',(#3839,#3840,#3841,#3842));
#439=EDGE_LOOP('',(#3843,#3844,#3845,#3846));
#440=EDGE_LOOP('',(#3847,#3848,#3849,#3850));
#441=EDGE_LOOP('',(#3851,#3852,#3853,#3854));
#442=EDGE_LOOP('',(#3855,#3856,#3857,#3858));
#443=EDGE_LOOP('',(#3859,#3860,#3861,#3862));
#444=EDGE_LOOP('',(#3863,#3864,#3865,#3866));
#445=EDGE_LOOP('',(#3867,#3868,#3869,#3870));
#446=EDGE_LOOP('',(#3871,#3872,#3873,#3874));
#447=EDGE_LOOP('',(#3875,#3876,#3877,#3878));
#448=EDGE_LOOP('',(#3879,#3880,#3881,#3882));
#449=EDGE_LOOP('',(#3883,#3884,#3885,#3886));
#450=EDGE_LOOP('',(#3887,#3888,#3889,#3890));
#451=EDGE_LOOP('',(#3891,#3892,#3893,#3894));
#452=EDGE_LOOP('',(#3895,#3896,#3897,#3898));
#453=EDGE_LOOP('',(#3899,#3900,#3901,#3902));
#454=EDGE_LOOP('',(#3903,#3904,#3905,#3906));
#455=EDGE_LOOP('',(#3907,#3908,#3909,#3910));
#456=EDGE_LOOP('',(#3911,#3912,#3913,#3914));
#457=EDGE_LOOP('',(#3915,#3916,#3917,#3918));
#458=EDGE_LOOP('',(#3919,#3920,#3921,#3922));
#459=EDGE_LOOP('',(#3923,#3924,#3925,#3926));
#460=EDGE_LOOP('',(#3927,#3928,#3929,#3930));
#461=EDGE_LOOP('',(#3931,#3932,#3933,#3934));
#462=EDGE_LOOP('',(#3935,#3936,#3937,#3938));
#463=EDGE_LOOP('',(#3939,#3940,#3941,#3942));
#464=EDGE_LOOP('',(#3943,#3944,#3945,#3946));
#465=EDGE_LOOP('',(#3947,#3948,#3949,#3950));
#466=EDGE_LOOP('',(#3951,#3952,#3953,#3954));
#467=EDGE_LOOP('',(#3955,#3956,#3957,#3958));
#468=EDGE_LOOP('',(#3959,#3960,#3961,#3962));
#469=EDGE_LOOP('',(#3963,#3964,#3965,#3966));
#470=EDGE_LOOP('',(#3967,#3968,#3969,#3970));
#471=EDGE_LOOP('',(#3971,#3972,#3973,#3974));
#472=EDGE_LOOP('',(#3975,#3976,#3977,#3978));
#473=EDGE_LOOP('',(#3979,#3980,#3981,#3982));
#474=EDGE_LOOP('',(#3983,#3984,#3985,#3986));
#475=EDGE_LOOP('',(#3987,#3988,#3989,#3990));
#476=EDGE_LOOP('',(#3991,#3992,#3993,#3994));
#477=EDGE_LOOP('',(#3995,#3996,#3997,#3998));
#478=EDGE_LOOP('',(#3999,#4000,#4001,#4002));
#479=EDGE_LOOP('',(#4003,#4004,#4005,#4006));
#480=EDGE_LOOP('',(#4007,#4008,#4009,#4010));
#481=EDGE_LOOP('',(#4011,#4012,#4013,#4014));
#482=EDGE_LOOP('',(#4015,#4016,#4017,#4018));
#483=EDGE_LOOP('',(#4019,#4020,#4021,#4022));
#484=EDGE_LOOP('',(#4023,#4024,#4025,#4026));
#485=EDGE_LOOP('',(#4027,#4028,#4029,#4030));
#486=EDGE_LOOP('',(#4031,#4032,#4033,#4034));
#487=EDGE_LOOP('',(#4035,#4036,#4037,#4038));
#488=EDGE_LOOP('',(#4039,#4040,#4041,#4042));
#489=EDGE_LOOP('',(#4043,#4044,#4045,#4046));
#490=EDGE_LOOP('',(#4047,#4048,#4049,#4050));
#491=EDGE_LOOP('',(#4051,#4052,#4053,#4054));
#492=EDGE_LOOP('',(#4055,#4056,#4057,#4058));
#493=EDGE_LOOP('',(#4059,#4060,#4061,#4062));
#494=EDGE_LOOP('',(#4063,#4064,#4065,#4066));
#495=EDGE_LOOP('',(#4067,#4068,#4069,#4070));
#496=EDGE_LOOP('',(#4071,#4072,#4073,#4074));
#497=EDGE_LOOP('',(#4075,#4076,#4077,#4078));
#498=EDGE_LOOP('',(#4079,#4080,#4081,#4082));
#499=EDGE_LOOP('',(#4083,#4084,#4085,#4086));
#500=EDGE_LOOP('',(#4087,#4088,#4089,#4090));
#501=EDGE_LOOP('',(#4091,#4092,#4093,#4094));
#502=EDGE_LOOP('',(#4095,#4096,#4097,#4098));
#503=EDGE_LOOP('',(#4099,#4100,#4101,#4102));
#504=EDGE_LOOP('',(#4103,#4104,#4105,#4106));
#505=EDGE_LOOP('',(#4107,#4108,#4109,#4110));
#506=EDGE_LOOP('',(#4111,#4112,#4113,#4114));
#507=EDGE_LOOP('',(#4115,#4116,#4117,#4118));
#508=EDGE_LOOP('',(#4119,#4120,#4121,#4122));
#509=EDGE_LOOP('',(#4123,#4124,#4125,#4126));
#510=EDGE_LOOP('',(#4127,#4128,#4129,#4130));
#511=EDGE_LOOP('',(#4131,#4132,#4133,#4134));
#512=EDGE_LOOP('',(#4135,#4136,#4137,#4138));
#513=EDGE_LOOP('',(#4139,#4140,#4141,#4142));
#514=EDGE_LOOP('',(#4143,#4144,#4145,#4146));
#515=EDGE_LOOP('',(#4147,#4148,#4149,#4150));
#516=EDGE_LOOP('',(#4151,#4152,#4153,#4154));
#517=EDGE_LOOP('',(#4155,#4156,#4157,#4158));
#518=EDGE_LOOP('',(#4159,#4160,#4161,#4162));
#519=EDGE_LOOP('',(#4163,#4164,#4165,#4166));
#520=EDGE_LOOP('',(#4167,#4168,#4169,#4170));
#521=EDGE_LOOP('',(#4171,#4172,#4173,#4174));
#522=EDGE_LOOP('',(#4175,#4176,#4177,#4178));
#523=EDGE_LOOP('',(#4179,#4180,#4181,#4182));
#524=EDGE_LOOP('',(#4183,#4184,#4185,#4186));
#525=EDGE_LOOP('',(#4187,#4188,#4189,#4190));
#526=EDGE_LOOP('',(#4191,#4192,#4193,#4194));
#527=EDGE_LOOP('',(#4195,#4196,#4197,#4198));
#528=EDGE_LOOP('',(#4199,#4200,#4201,#4202));
#529=EDGE_LOOP('',(#4203,#4204,#4205,#4206));
#530=EDGE_LOOP('',(#4207,#4208,#4209,#4210));
#531=EDGE_LOOP('',(#4211,#4212,#4213,#4214));
#532=EDGE_LOOP('',(#4215,#4216,#4217,#4218));
#533=EDGE_LOOP('',(#4219,#4220,#4221,#4222));
#534=EDGE_LOOP('',(#4223,#4224,#4225,#4226));
#535=EDGE_LOOP('',(#4227,#4228,#4229,#4230));
#536=EDGE_LOOP('',(#4231,#4232,#4233,#4234));
#537=EDGE_LOOP('',(#4235,#4236,#4237,#4238));
#538=EDGE_LOOP('',(#4239,#4240,#4241,#4242));
#539=EDGE_LOOP('',(#4243,#4244,#4245,#4246));
#540=EDGE_LOOP('',(#4247,#4248,#4249,#4250));
#541=EDGE_LOOP('',(#4251,#4252,#4253,#4254));
#542=EDGE_LOOP('',(#4255,#4256,#4257,#4258));
#543=EDGE_LOOP('',(#4259,#4260,#4261,#4262));
#544=EDGE_LOOP('',(#4263,#4264,#4265,#4266));
#545=EDGE_LOOP('',(#4267,#4268,#4269,#4270));
#546=EDGE_LOOP('',(#4271,#4272,#4273,#4274));
#547=EDGE_LOOP('',(#4275,#4276,#4277,#4278));
#548=EDGE_LOOP('',(#4279,#4280,#4281,#4282));
#549=EDGE_LOOP('',(#4283,#4284,#4285,#4286));
#550=EDGE_LOOP('',(#4287,#4288,#4289,#4290));
#551=EDGE_LOOP('',(#4291,#4292,#4293,#4294));
#552=EDGE_LOOP('',(#4295,#4296,#4297,#4298));
#553=EDGE_LOOP('',(#4299,#4300,#4301,#4302));
#554=EDGE_LOOP('',(#4303,#4304,#4305,#4306));
#555=EDGE_LOOP('',(#4307,#4308,#4309,#4310));
#556=EDGE_LOOP('',(#4311,#4312,#4313,#4314));
#557=EDGE_LOOP('',(#4315,#4316,#4317,#4318));
#558=EDGE_LOOP('',(#4319,#4320,#4321,#4322));
#559=EDGE_LOOP('',(#4323,#4324,#4325,#4326));
#560=EDGE_LOOP('',(#4327,#4328,#4329,#4330));
#561=EDGE_LOOP('',(#4331,#4332,#4333,#4334));
#562=EDGE_LOOP('',(#4335,#4336,#4337,#4338));
#563=EDGE_LOOP('',(#4339,#4340,#4341,#4342));
#564=EDGE_LOOP('',(#4343,#4344,#4345,#4346));
#565=EDGE_LOOP('',(#4347,#4348,#4349,#4350));
#566=EDGE_LOOP('',(#4351,#4352,#4353,#4354));
#567=EDGE_LOOP('',(#4355,#4356,#4357,#4358));
#568=EDGE_LOOP('',(#4359,#4360,#4361,#4362));
#569=EDGE_LOOP('',(#4363,#4364,#4365,#4366));
#570=EDGE_LOOP('',(#4367,#4368,#4369,#4370));
#571=EDGE_LOOP('',(#4371,#4372,#4373,#4374));
#572=EDGE_LOOP('',(#4375,#4376,#4377,#4378));
#573=EDGE_LOOP('',(#4379,#4380,#4381,#4382));
#574=EDGE_LOOP('',(#4383,#4384,#4385,#4386));
#575=EDGE_LOOP('',(#4387,#4388,#4389,#4390));
#576=EDGE_LOOP('',(#4391,#4392,#4393,#4394));
#577=EDGE_LOOP('',(#4395,#4396,#4397,#4398));
#578=EDGE_LOOP('',(#4399,#4400,#4401,#4402));
#579=EDGE_LOOP('',(#4403,#4404,#4405,#4406));
#580=EDGE_LOOP('',(#4407,#4408,#4409,#4410));
#581=EDGE_LOOP('',(#4411,#4412,#4413,#4414));
#582=EDGE_LOOP('',(#4415,#4416,#4417,#4418));
#583=EDGE_LOOP('',(#4419,#4420,#4421,#4422));
#584=EDGE_LOOP('',(#4423,#4424,#4425,#4426));
#585=EDGE_LOOP('',(#4427,#4428,#4429,#4430));
#586=EDGE_LOOP('',(#4431,#4432,#4433,#4434,#4435));
#587=EDGE_LOOP('',(#4436,#4437,#4438,#4439));
#588=EDGE_LOOP('',(#4440,#4441,#4442,#4443,#4444));
#589=EDGE_LOOP('',(#4445,#4446,#4447,#4448));
#590=EDGE_LOOP('',(#4449,#4450,#4451,#4452));
#591=EDGE_LOOP('',(#4453,#4454,#4455,#4456));
#592=EDGE_LOOP('',(#4457,#4458,#4459,#4460));
#593=EDGE_LOOP('',(#4461,#4462,#4463,#4464));
#594=EDGE_LOOP('',(#4465,#4466,#4467,#4468));
#595=EDGE_LOOP('',(#4469,#4470,#4471,#4472));
#596=EDGE_LOOP('',(#4473,#4474,#4475,#4476));
#597=EDGE_LOOP('',(#4477,#4478,#4479,#4480));
#598=EDGE_LOOP('',(#4481,#4482,#4483,#4484));
#599=EDGE_LOOP('',(#4485,#4486,#4487,#4488));
#600=EDGE_LOOP('',(#4489,#4490,#4491,#4492));
#601=EDGE_LOOP('',(#4493,#4494,#4495,#4496));
#602=EDGE_LOOP('',(#4497,#4498,#4499,#4500));
#603=EDGE_LOOP('',(#4501,#4502,#4503,#4504));
#604=EDGE_LOOP('',(#4505,#4506,#4507,#4508));
#605=EDGE_LOOP('',(#4509,#4510,#4511,#4512,#4513));
#606=EDGE_LOOP('',(#4514,#4515,#4516,#4517));
#607=EDGE_LOOP('',(#4518,#4519,#4520,#4521,#4522));
#608=LINE('',#6432,#1295);
#609=LINE('',#6434,#1296);
#610=LINE('',#6436,#1297);
#611=LINE('',#6437,#1298);
#612=LINE('',#6440,#1299);
#613=LINE('',#6442,#1300);
#614=LINE('',#6443,#1301);
#615=LINE('',#6447,#1302);
#616=LINE('',#6448,#1303);
#617=LINE('',#6449,#1304);
#618=LINE('',#6451,#1305);
#619=LINE('',#6452,#1306);
#620=LINE('',#6458,#1307);
#621=LINE('',#6462,#1308);
#622=LINE('',#6466,#1309);
#623=LINE('',#6470,#1310);
#624=LINE('',#6474,#1311);
#625=LINE('',#6477,#1312);
#626=LINE('',#6480,#1313);
#627=LINE('',#6482,#1314);
#628=LINE('',#6483,#1315);
#629=LINE('',#6485,#1316);
#630=LINE('',#6487,#1317);
#631=LINE('',#6489,#1318);
#632=LINE('',#6491,#1319);
#633=LINE('',#6493,#1320);
#634=LINE('',#6495,#1321);
#635=LINE('',#6497,#1322);
#636=LINE('',#6499,#1323);
#637=LINE('',#6501,#1324);
#638=LINE('',#6503,#1325);
#639=LINE('',#6505,#1326);
#640=LINE('',#6507,#1327);
#641=LINE('',#6509,#1328);
#642=LINE('',#6511,#1329);
#643=LINE('',#6513,#1330);
#644=LINE('',#6515,#1331);
#645=LINE('',#6517,#1332);
#646=LINE('',#6519,#1333);
#647=LINE('',#6521,#1334);
#648=LINE('',#6523,#1335);
#649=LINE('',#6525,#1336);
#650=LINE('',#6527,#1337);
#651=LINE('',#6529,#1338);
#652=LINE('',#6531,#1339);
#653=LINE('',#6533,#1340);
#654=LINE('',#6535,#1341);
#655=LINE('',#6537,#1342);
#656=LINE('',#6539,#1343);
#657=LINE('',#6541,#1344);
#658=LINE('',#6543,#1345);
#659=LINE('',#6545,#1346);
#660=LINE('',#6547,#1347);
#661=LINE('',#6549,#1348);
#662=LINE('',#6551,#1349);
#663=LINE('',#6553,#1350);
#664=LINE('',#6555,#1351);
#665=LINE('',#6557,#1352);
#666=LINE('',#6559,#1353);
#667=LINE('',#6561,#1354);
#668=LINE('',#6563,#1355);
#669=LINE('',#6565,#1356);
#670=LINE('',#6567,#1357);
#671=LINE('',#6569,#1358);
#672=LINE('',#6571,#1359);
#673=LINE('',#6573,#1360);
#674=LINE('',#6575,#1361);
#675=LINE('',#6577,#1362);
#676=LINE('',#6579,#1363);
#677=LINE('',#6581,#1364);
#678=LINE('',#6583,#1365);
#679=LINE('',#6585,#1366);
#680=LINE('',#6587,#1367);
#681=LINE('',#6589,#1368);
#682=LINE('',#6591,#1369);
#683=LINE('',#6593,#1370);
#684=LINE('',#6595,#1371);
#685=LINE('',#6597,#1372);
#686=LINE('',#6599,#1373);
#687=LINE('',#6601,#1374);
#688=LINE('',#6603,#1375);
#689=LINE('',#6605,#1376);
#690=LINE('',#6607,#1377);
#691=LINE('',#6609,#1378);
#692=LINE('',#6611,#1379);
#693=LINE('',#6613,#1380);
#694=LINE('',#6615,#1381);
#695=LINE('',#6617,#1382);
#696=LINE('',#6619,#1383);
#697=LINE('',#6621,#1384);
#698=LINE('',#6623,#1385);
#699=LINE('',#6625,#1386);
#700=LINE('',#6627,#1387);
#701=LINE('',#6629,#1388);
#702=LINE('',#6631,#1389);
#703=LINE('',#6633,#1390);
#704=LINE('',#6635,#1391);
#705=LINE('',#6637,#1392);
#706=LINE('',#6639,#1393);
#707=LINE('',#6641,#1394);
#708=LINE('',#6643,#1395);
#709=LINE('',#6645,#1396);
#710=LINE('',#6647,#1397);
#711=LINE('',#6649,#1398);
#712=LINE('',#6651,#1399);
#713=LINE('',#6653,#1400);
#714=LINE('',#6655,#1401);
#715=LINE('',#6657,#1402);
#716=LINE('',#6659,#1403);
#717=LINE('',#6661,#1404);
#718=LINE('',#6663,#1405);
#719=LINE('',#6665,#1406);
#720=LINE('',#6667,#1407);
#721=LINE('',#6669,#1408);
#722=LINE('',#6671,#1409);
#723=LINE('',#6673,#1410);
#724=LINE('',#6675,#1411);
#725=LINE('',#6677,#1412);
#726=LINE('',#6679,#1413);
#727=LINE('',#6680,#1414);
#728=LINE('',#6683,#1415);
#729=LINE('',#6685,#1416);
#730=LINE('',#6687,#1417);
#731=LINE('',#6688,#1418);
#732=LINE('',#6691,#1419);
#733=LINE('',#6693,#1420);
#734=LINE('',#6695,#1421);
#735=LINE('',#6696,#1422);
#736=LINE('',#6699,#1423);
#737=LINE('',#6701,#1424);
#738=LINE('',#6703,#1425);
#739=LINE('',#6704,#1426);
#740=LINE('',#6707,#1427);
#741=LINE('',#6709,#1428);
#742=LINE('',#6711,#1429);
#743=LINE('',#6712,#1430);
#744=LINE('',#6715,#1431);
#745=LINE('',#6717,#1432);
#746=LINE('',#6719,#1433);
#747=LINE('',#6720,#1434);
#748=LINE('',#6723,#1435);
#749=LINE('',#6725,#1436);
#750=LINE('',#6727,#1437);
#751=LINE('',#6728,#1438);
#752=LINE('',#6731,#1439);
#753=LINE('',#6733,#1440);
#754=LINE('',#6735,#1441);
#755=LINE('',#6736,#1442);
#756=LINE('',#6739,#1443);
#757=LINE('',#6741,#1444);
#758=LINE('',#6743,#1445);
#759=LINE('',#6744,#1446);
#760=LINE('',#6747,#1447);
#761=LINE('',#6749,#1448);
#762=LINE('',#6751,#1449);
#763=LINE('',#6752,#1450);
#764=LINE('',#6755,#1451);
#765=LINE('',#6757,#1452);
#766=LINE('',#6759,#1453);
#767=LINE('',#6760,#1454);
#768=LINE('',#6763,#1455);
#769=LINE('',#6765,#1456);
#770=LINE('',#6767,#1457);
#771=LINE('',#6768,#1458);
#772=LINE('',#6771,#1459);
#773=LINE('',#6773,#1460);
#774=LINE('',#6775,#1461);
#775=LINE('',#6776,#1462);
#776=LINE('',#6779,#1463);
#777=LINE('',#6781,#1464);
#778=LINE('',#6783,#1465);
#779=LINE('',#6784,#1466);
#780=LINE('',#6787,#1467);
#781=LINE('',#6789,#1468);
#782=LINE('',#6791,#1469);
#783=LINE('',#6792,#1470);
#784=LINE('',#6795,#1471);
#785=LINE('',#6797,#1472);
#786=LINE('',#6799,#1473);
#787=LINE('',#6800,#1474);
#788=LINE('',#6803,#1475);
#789=LINE('',#6805,#1476);
#790=LINE('',#6807,#1477);
#791=LINE('',#6808,#1478);
#792=LINE('',#6811,#1479);
#793=LINE('',#6813,#1480);
#794=LINE('',#6815,#1481);
#795=LINE('',#6816,#1482);
#796=LINE('',#6819,#1483);
#797=LINE('',#6821,#1484);
#798=LINE('',#6823,#1485);
#799=LINE('',#6824,#1486);
#800=LINE('',#6827,#1487);
#801=LINE('',#6829,#1488);
#802=LINE('',#6831,#1489);
#803=LINE('',#6832,#1490);
#804=LINE('',#6835,#1491);
#805=LINE('',#6837,#1492);
#806=LINE('',#6839,#1493);
#807=LINE('',#6840,#1494);
#808=LINE('',#6843,#1495);
#809=LINE('',#6845,#1496);
#810=LINE('',#6847,#1497);
#811=LINE('',#6848,#1498);
#812=LINE('',#6851,#1499);
#813=LINE('',#6853,#1500);
#814=LINE('',#6855,#1501);
#815=LINE('',#6856,#1502);
#816=LINE('',#6859,#1503);
#817=LINE('',#6861,#1504);
#818=LINE('',#6863,#1505);
#819=LINE('',#6864,#1506);
#820=LINE('',#6867,#1507);
#821=LINE('',#6869,#1508);
#822=LINE('',#6871,#1509);
#823=LINE('',#6872,#1510);
#824=LINE('',#6875,#1511);
#825=LINE('',#6877,#1512);
#826=LINE('',#6879,#1513);
#827=LINE('',#6880,#1514);
#828=LINE('',#6883,#1515);
#829=LINE('',#6885,#1516);
#830=LINE('',#6887,#1517);
#831=LINE('',#6888,#1518);
#832=LINE('',#6891,#1519);
#833=LINE('',#6893,#1520);
#834=LINE('',#6895,#1521);
#835=LINE('',#6896,#1522);
#836=LINE('',#6899,#1523);
#837=LINE('',#6901,#1524);
#838=LINE('',#6903,#1525);
#839=LINE('',#6904,#1526);
#840=LINE('',#6907,#1527);
#841=LINE('',#6909,#1528);
#842=LINE('',#6911,#1529);
#843=LINE('',#6912,#1530);
#844=LINE('',#6915,#1531);
#845=LINE('',#6917,#1532);
#846=LINE('',#6918,#1533);
#847=LINE('',#6921,#1534);
#848=LINE('',#6923,#1535);
#849=LINE('',#6924,#1536);
#850=LINE('',#6928,#1537);
#851=LINE('',#6930,#1538);
#852=LINE('',#6932,#1539);
#853=LINE('',#6933,#1540);
#854=LINE('',#6935,#1541);
#855=LINE('',#6936,#1542);
#856=LINE('',#6938,#1543);
#857=LINE('',#6940,#1544);
#858=LINE('',#6943,#1545);
#859=LINE('',#6945,#1546);
#860=LINE('',#6946,#1547);
#861=LINE('',#6949,#1548);
#862=LINE('',#6950,#1549);
#863=LINE('',#6953,#1550);
#864=LINE('',#6954,#1551);
#865=LINE('',#6957,#1552);
#866=LINE('',#6959,#1553);
#867=LINE('',#6960,#1554);
#868=LINE('',#6963,#1555);
#869=LINE('',#6964,#1556);
#870=LINE('',#6967,#1557);
#871=LINE('',#6968,#1558);
#872=LINE('',#6971,#1559);
#873=LINE('',#6973,#1560);
#874=LINE('',#6974,#1561);
#875=LINE('',#6977,#1562);
#876=LINE('',#6978,#1563);
#877=LINE('',#6981,#1564);
#878=LINE('',#6982,#1565);
#879=LINE('',#6985,#1566);
#880=LINE('',#6987,#1567);
#881=LINE('',#6988,#1568);
#882=LINE('',#6991,#1569);
#883=LINE('',#6992,#1570);
#884=LINE('',#6995,#1571);
#885=LINE('',#6996,#1572);
#886=LINE('',#6999,#1573);
#887=LINE('',#7001,#1574);
#888=LINE('',#7002,#1575);
#889=LINE('',#7005,#1576);
#890=LINE('',#7006,#1577);
#891=LINE('',#7009,#1578);
#892=LINE('',#7010,#1579);
#893=LINE('',#7012,#1580);
#894=LINE('',#7015,#1581);
#895=LINE('',#7018,#1582);
#896=LINE('',#7021,#1583);
#897=LINE('',#7024,#1584);
#898=LINE('',#7029,#1585);
#899=LINE('',#7030,#1586);
#900=LINE('',#7031,#1587);
#901=LINE('',#7034,#1588);
#902=LINE('',#7036,#1589);
#903=LINE('',#7038,#1590);
#904=LINE('',#7040,#1591);
#905=LINE('',#7042,#1592);
#906=LINE('',#7044,#1593);
#907=LINE('',#7046,#1594);
#908=LINE('',#7048,#1595);
#909=LINE('',#7050,#1596);
#910=LINE('',#7052,#1597);
#911=LINE('',#7054,#1598);
#912=LINE('',#7056,#1599);
#913=LINE('',#7058,#1600);
#914=LINE('',#7060,#1601);
#915=LINE('',#7062,#1602);
#916=LINE('',#7064,#1603);
#917=LINE('',#7066,#1604);
#918=LINE('',#7068,#1605);
#919=LINE('',#7070,#1606);
#920=LINE('',#7072,#1607);
#921=LINE('',#7074,#1608);
#922=LINE('',#7076,#1609);
#923=LINE('',#7078,#1610);
#924=LINE('',#7080,#1611);
#925=LINE('',#7082,#1612);
#926=LINE('',#7084,#1613);
#927=LINE('',#7086,#1614);
#928=LINE('',#7088,#1615);
#929=LINE('',#7090,#1616);
#930=LINE('',#7092,#1617);
#931=LINE('',#7094,#1618);
#932=LINE('',#7096,#1619);
#933=LINE('',#7098,#1620);
#934=LINE('',#7100,#1621);
#935=LINE('',#7102,#1622);
#936=LINE('',#7104,#1623);
#937=LINE('',#7106,#1624);
#938=LINE('',#7108,#1625);
#939=LINE('',#7110,#1626);
#940=LINE('',#7112,#1627);
#941=LINE('',#7114,#1628);
#942=LINE('',#7116,#1629);
#943=LINE('',#7118,#1630);
#944=LINE('',#7120,#1631);
#945=LINE('',#7122,#1632);
#946=LINE('',#7124,#1633);
#947=LINE('',#7126,#1634);
#948=LINE('',#7128,#1635);
#949=LINE('',#7129,#1636);
#950=LINE('',#7131,#1637);
#951=LINE('',#7133,#1638);
#952=LINE('',#7135,#1639);
#953=LINE('',#7137,#1640);
#954=LINE('',#7139,#1641);
#955=LINE('',#7141,#1642);
#956=LINE('',#7143,#1643);
#957=LINE('',#7145,#1644);
#958=LINE('',#7147,#1645);
#959=LINE('',#7149,#1646);
#960=LINE('',#7151,#1647);
#961=LINE('',#7153,#1648);
#962=LINE('',#7155,#1649);
#963=LINE('',#7157,#1650);
#964=LINE('',#7159,#1651);
#965=LINE('',#7161,#1652);
#966=LINE('',#7163,#1653);
#967=LINE('',#7165,#1654);
#968=LINE('',#7167,#1655);
#969=LINE('',#7169,#1656);
#970=LINE('',#7171,#1657);
#971=LINE('',#7173,#1658);
#972=LINE('',#7175,#1659);
#973=LINE('',#7177,#1660);
#974=LINE('',#7179,#1661);
#975=LINE('',#7181,#1662);
#976=LINE('',#7183,#1663);
#977=LINE('',#7185,#1664);
#978=LINE('',#7187,#1665);
#979=LINE('',#7189,#1666);
#980=LINE('',#7191,#1667);
#981=LINE('',#7193,#1668);
#982=LINE('',#7195,#1669);
#983=LINE('',#7197,#1670);
#984=LINE('',#7199,#1671);
#985=LINE('',#7201,#1672);
#986=LINE('',#7203,#1673);
#987=LINE('',#7205,#1674);
#988=LINE('',#7207,#1675);
#989=LINE('',#7209,#1676);
#990=LINE('',#7211,#1677);
#991=LINE('',#7213,#1678);
#992=LINE('',#7215,#1679);
#993=LINE('',#7217,#1680);
#994=LINE('',#7219,#1681);
#995=LINE('',#7221,#1682);
#996=LINE('',#7223,#1683);
#997=LINE('',#7225,#1684);
#998=LINE('',#7226,#1685);
#999=LINE('',#7229,#1686);
#1000=LINE('',#7231,#1687);
#1001=LINE('',#7233,#1688);
#1002=LINE('',#7234,#1689);
#1003=LINE('',#7237,#1690);
#1004=LINE('',#7239,#1691);
#1005=LINE('',#7241,#1692);
#1006=LINE('',#7242,#1693);
#1007=LINE('',#7245,#1694);
#1008=LINE('',#7247,#1695);
#1009=LINE('',#7249,#1696);
#1010=LINE('',#7250,#1697);
#1011=LINE('',#7253,#1698);
#1012=LINE('',#7255,#1699);
#1013=LINE('',#7257,#1700);
#1014=LINE('',#7258,#1701);
#1015=LINE('',#7261,#1702);
#1016=LINE('',#7263,#1703);
#1017=LINE('',#7265,#1704);
#1018=LINE('',#7266,#1705);
#1019=LINE('',#7269,#1706);
#1020=LINE('',#7271,#1707);
#1021=LINE('',#7273,#1708);
#1022=LINE('',#7274,#1709);
#1023=LINE('',#7277,#1710);
#1024=LINE('',#7279,#1711);
#1025=LINE('',#7281,#1712);
#1026=LINE('',#7282,#1713);
#1027=LINE('',#7285,#1714);
#1028=LINE('',#7287,#1715);
#1029=LINE('',#7289,#1716);
#1030=LINE('',#7290,#1717);
#1031=LINE('',#7293,#1718);
#1032=LINE('',#7295,#1719);
#1033=LINE('',#7297,#1720);
#1034=LINE('',#7298,#1721);
#1035=LINE('',#7301,#1722);
#1036=LINE('',#7303,#1723);
#1037=LINE('',#7305,#1724);
#1038=LINE('',#7306,#1725);
#1039=LINE('',#7309,#1726);
#1040=LINE('',#7311,#1727);
#1041=LINE('',#7313,#1728);
#1042=LINE('',#7314,#1729);
#1043=LINE('',#7317,#1730);
#1044=LINE('',#7319,#1731);
#1045=LINE('',#7321,#1732);
#1046=LINE('',#7322,#1733);
#1047=LINE('',#7325,#1734);
#1048=LINE('',#7327,#1735);
#1049=LINE('',#7329,#1736);
#1050=LINE('',#7330,#1737);
#1051=LINE('',#7333,#1738);
#1052=LINE('',#7335,#1739);
#1053=LINE('',#7337,#1740);
#1054=LINE('',#7338,#1741);
#1055=LINE('',#7341,#1742);
#1056=LINE('',#7343,#1743);
#1057=LINE('',#7345,#1744);
#1058=LINE('',#7346,#1745);
#1059=LINE('',#7349,#1746);
#1060=LINE('',#7351,#1747);
#1061=LINE('',#7353,#1748);
#1062=LINE('',#7354,#1749);
#1063=LINE('',#7357,#1750);
#1064=LINE('',#7359,#1751);
#1065=LINE('',#7361,#1752);
#1066=LINE('',#7362,#1753);
#1067=LINE('',#7365,#1754);
#1068=LINE('',#7367,#1755);
#1069=LINE('',#7369,#1756);
#1070=LINE('',#7370,#1757);
#1071=LINE('',#7373,#1758);
#1072=LINE('',#7375,#1759);
#1073=LINE('',#7377,#1760);
#1074=LINE('',#7378,#1761);
#1075=LINE('',#7381,#1762);
#1076=LINE('',#7383,#1763);
#1077=LINE('',#7385,#1764);
#1078=LINE('',#7386,#1765);
#1079=LINE('',#7389,#1766);
#1080=LINE('',#7391,#1767);
#1081=LINE('',#7393,#1768);
#1082=LINE('',#7394,#1769);
#1083=LINE('',#7397,#1770);
#1084=LINE('',#7399,#1771);
#1085=LINE('',#7401,#1772);
#1086=LINE('',#7402,#1773);
#1087=LINE('',#7405,#1774);
#1088=LINE('',#7407,#1775);
#1089=LINE('',#7409,#1776);
#1090=LINE('',#7410,#1777);
#1091=LINE('',#7413,#1778);
#1092=LINE('',#7415,#1779);
#1093=LINE('',#7417,#1780);
#1094=LINE('',#7418,#1781);
#1095=LINE('',#7421,#1782);
#1096=LINE('',#7423,#1783);
#1097=LINE('',#7425,#1784);
#1098=LINE('',#7426,#1785);
#1099=LINE('',#7428,#1786);
#1100=LINE('',#7429,#1787);
#1101=LINE('',#7431,#1788);
#1102=LINE('',#7432,#1789);
#1103=LINE('',#7435,#1790);
#1104=LINE('',#7436,#1791);
#1105=LINE('',#7438,#1792);
#1106=LINE('',#7440,#1793);
#1107=LINE('',#7443,#1794);
#1108=LINE('',#7444,#1795);
#1109=LINE('',#7446,#1796);
#1110=LINE('',#7448,#1797);
#1111=LINE('',#7450,#1798);
#1112=LINE('',#7451,#1799);
#1113=LINE('',#7453,#1800);
#1114=LINE('',#7455,#1801);
#1115=LINE('',#7458,#1802);
#1116=LINE('',#7462,#1803);
#1117=LINE('',#7464,#1804);
#1118=LINE('',#7465,#1805);
#1119=LINE('',#7467,#1806);
#1120=LINE('',#7469,#1807);
#1121=LINE('',#7471,#1808);
#1122=LINE('',#7472,#1809);
#1123=LINE('',#7474,#1810);
#1124=LINE('',#7476,#1811);
#1125=LINE('',#7478,#1812);
#1126=LINE('',#7479,#1813);
#1127=LINE('',#7481,#1814);
#1128=LINE('',#7483,#1815);
#1129=LINE('',#7486,#1816);
#1130=LINE('',#7487,#1817);
#1131=LINE('',#7489,#1818);
#1132=LINE('',#7491,#1819);
#1133=LINE('',#7494,#1820);
#1134=LINE('',#7495,#1821);
#1135=LINE('',#7497,#1822);
#1136=LINE('',#7499,#1823);
#1137=LINE('',#7502,#1824);
#1138=LINE('',#7503,#1825);
#1139=LINE('',#7505,#1826);
#1140=LINE('',#7507,#1827);
#1141=LINE('',#7509,#1828);
#1142=LINE('',#7510,#1829);
#1143=LINE('',#7512,#1830);
#1144=LINE('',#7514,#1831);
#1145=LINE('',#7516,#1832);
#1146=LINE('',#7517,#1833);
#1147=LINE('',#7519,#1834);
#1148=LINE('',#7521,#1835);
#1149=LINE('',#7524,#1836);
#1150=LINE('',#7525,#1837);
#1151=LINE('',#7527,#1838);
#1152=LINE('',#7529,#1839);
#1153=LINE('',#7532,#1840);
#1154=LINE('',#7533,#1841);
#1155=LINE('',#7535,#1842);
#1156=LINE('',#7537,#1843);
#1157=LINE('',#7539,#1844);
#1158=LINE('',#7540,#1845);
#1159=LINE('',#7542,#1846);
#1160=LINE('',#7543,#1847);
#1161=LINE('',#7546,#1848);
#1162=LINE('',#7547,#1849);
#1163=LINE('',#7549,#1850);
#1164=LINE('',#7551,#1851);
#1165=LINE('',#7554,#1852);
#1166=LINE('',#7555,#1853);
#1167=LINE('',#7557,#1854);
#1168=LINE('',#7558,#1855);
#1169=LINE('',#7561,#1856);
#1170=LINE('',#7562,#1857);
#1171=LINE('',#7564,#1858);
#1172=LINE('',#7565,#1859);
#1173=LINE('',#7568,#1860);
#1174=LINE('',#7569,#1861);
#1175=LINE('',#7571,#1862);
#1176=LINE('',#7573,#1863);
#1177=LINE('',#7575,#1864);
#1178=LINE('',#7576,#1865);
#1179=LINE('',#7578,#1866);
#1180=LINE('',#7580,#1867);
#1181=LINE('',#7583,#1868);
#1182=LINE('',#7584,#1869);
#1183=LINE('',#7586,#1870);
#1184=LINE('',#7588,#1871);
#1185=LINE('',#7591,#1872);
#1186=LINE('',#7592,#1873);
#1187=LINE('',#7594,#1874);
#1188=LINE('',#7596,#1875);
#1189=LINE('',#7599,#1876);
#1190=LINE('',#7600,#1877);
#1191=LINE('',#7602,#1878);
#1192=LINE('',#7603,#1879);
#1193=LINE('',#7606,#1880);
#1194=LINE('',#7607,#1881);
#1195=LINE('',#7609,#1882);
#1196=LINE('',#7611,#1883);
#1197=LINE('',#7614,#1884);
#1198=LINE('',#7615,#1885);
#1199=LINE('',#7617,#1886);
#1200=LINE('',#7619,#1887);
#1201=LINE('',#7622,#1888);
#1202=LINE('',#7623,#1889);
#1203=LINE('',#7625,#1890);
#1204=LINE('',#7626,#1891);
#1205=LINE('',#7629,#1892);
#1206=LINE('',#7630,#1893);
#1207=LINE('',#7632,#1894);
#1208=LINE('',#7634,#1895);
#1209=LINE('',#7637,#1896);
#1210=LINE('',#7638,#1897);
#1211=LINE('',#7640,#1898);
#1212=LINE('',#7642,#1899);
#1213=LINE('',#7645,#1900);
#1214=LINE('',#7646,#1901);
#1215=LINE('',#7648,#1902);
#1216=LINE('',#7650,#1903);
#1217=LINE('',#7652,#1904);
#1218=LINE('',#7653,#1905);
#1219=LINE('',#7656,#1906);
#1220=LINE('',#7658,#1907);
#1221=LINE('',#7659,#1908);
#1222=LINE('',#7661,#1909);
#1223=LINE('',#7663,#1910);
#1224=LINE('',#7665,#1911);
#1225=LINE('',#7666,#1912);
#1226=LINE('',#7668,#1913);
#1227=LINE('',#7670,#1914);
#1228=LINE('',#7673,#1915);
#1229=LINE('',#7674,#1916);
#1230=LINE('',#7676,#1917);
#1231=LINE('',#7678,#1918);
#1232=LINE('',#7681,#1919);
#1233=LINE('',#7682,#1920);
#1234=LINE('',#7684,#1921);
#1235=LINE('',#7686,#1922);
#1236=LINE('',#7688,#1923);
#1237=LINE('',#7689,#1924);
#1238=LINE('',#7691,#1925);
#1239=LINE('',#7693,#1926);
#1240=LINE('',#7696,#1927);
#1241=LINE('',#7697,#1928);
#1242=LINE('',#7699,#1929);
#1243=LINE('',#7701,#1930);
#1244=LINE('',#7704,#1931);
#1245=LINE('',#7705,#1932);
#1246=LINE('',#7707,#1933);
#1247=LINE('',#7708,#1934);
#1248=LINE('',#7711,#1935);
#1249=LINE('',#7712,#1936);
#1250=LINE('',#7714,#1937);
#1251=LINE('',#7717,#1938);
#1252=LINE('',#7718,#1939);
#1253=LINE('',#7720,#1940);
#1254=LINE('',#7722,#1941);
#1255=LINE('',#7724,#1942);
#1256=LINE('',#7725,#1943);
#1257=LINE('',#7727,#1944);
#1258=LINE('',#7729,#1945);
#1259=LINE('',#7732,#1946);
#1260=LINE('',#7733,#1947);
#1261=LINE('',#7735,#1948);
#1262=LINE('',#7737,#1949);
#1263=LINE('',#7740,#1950);
#1264=LINE('',#7741,#1951);
#1265=LINE('',#7743,#1952);
#1266=LINE('',#7745,#1953);
#1267=LINE('',#7747,#1954);
#1268=LINE('',#7748,#1955);
#1269=LINE('',#7750,#1956);
#1270=LINE('',#7752,#1957);
#1271=LINE('',#7754,#1958);
#1272=LINE('',#7755,#1959);
#1273=LINE('',#7757,#1960);
#1274=LINE('',#7759,#1961);
#1275=LINE('',#7762,#1962);
#1276=LINE('',#7772,#1963);
#1277=LINE('',#7782,#1964);
#1278=LINE('',#7783,#1965);
#1279=LINE('',#7785,#1966);
#1280=LINE('',#7787,#1967);
#1281=LINE('',#7790,#1968);
#1282=LINE('',#7791,#1969);
#1283=LINE('',#7793,#1970);
#1284=LINE('',#7795,#1971);
#1285=LINE('',#7798,#1972);
#1286=LINE('',#7799,#1973);
#1287=LINE('',#7801,#1974);
#1288=LINE('',#7803,#1975);
#1289=LINE('',#7806,#1976);
#1290=LINE('',#7807,#1977);
#1291=LINE('',#7810,#1978);
#1292=LINE('',#7812,#1979);
#1293=LINE('',#7813,#1980);
#1294=LINE('',#7815,#1981);
#1295=VECTOR('',#5257,10.);
#1296=VECTOR('',#5258,10.);
#1297=VECTOR('',#5259,10.);
#1298=VECTOR('',#5260,10.);
#1299=VECTOR('',#5263,10.);
#1300=VECTOR('',#5264,10.);
#1301=VECTOR('',#5265,10.);
#1302=VECTOR('',#5268,10.);
#1303=VECTOR('',#5269,10.);
#1304=VECTOR('',#5270,10.);
#1305=VECTOR('',#5273,10.);
#1306=VECTOR('',#5274,10.);
#1307=VECTOR('',#5279,7.5);
#1308=VECTOR('',#5282,10.);
#1309=VECTOR('',#5285,7.5);
#1310=VECTOR('',#5288,10.);
#1311=VECTOR('',#5291,10.);
#1312=VECTOR('',#5294,10.);
#1313=VECTOR('',#5297,10.);
#1314=VECTOR('',#5298,10.);
#1315=VECTOR('',#5299,10.);
#1316=VECTOR('',#5300,10.);
#1317=VECTOR('',#5301,10.);
#1318=VECTOR('',#5302,10.);
#1319=VECTOR('',#5303,10.);
#1320=VECTOR('',#5304,10.);
#1321=VECTOR('',#5305,10.);
#1322=VECTOR('',#5306,10.);
#1323=VECTOR('',#5307,10.);
#1324=VECTOR('',#5308,10.);
#1325=VECTOR('',#5309,10.);
#1326=VECTOR('',#5310,10.);
#1327=VECTOR('',#5311,10.);
#1328=VECTOR('',#5312,10.);
#1329=VECTOR('',#5313,10.);
#1330=VECTOR('',#5314,10.);
#1331=VECTOR('',#5315,10.);
#1332=VECTOR('',#5316,10.);
#1333=VECTOR('',#5317,10.);
#1334=VECTOR('',#5318,10.);
#1335=VECTOR('',#5319,10.);
#1336=VECTOR('',#5320,10.);
#1337=VECTOR('',#5321,10.);
#1338=VECTOR('',#5322,10.);
#1339=VECTOR('',#5323,10.);
#1340=VECTOR('',#5324,10.);
#1341=VECTOR('',#5325,10.);
#1342=VECTOR('',#5326,10.);
#1343=VECTOR('',#5327,10.);
#1344=VECTOR('',#5328,10.);
#1345=VECTOR('',#5329,10.);
#1346=VECTOR('',#5330,10.);
#1347=VECTOR('',#5331,10.);
#1348=VECTOR('',#5332,10.);
#1349=VECTOR('',#5333,10.);
#1350=VECTOR('',#5334,10.);
#1351=VECTOR('',#5335,10.);
#1352=VECTOR('',#5336,10.);
#1353=VECTOR('',#5337,10.);
#1354=VECTOR('',#5338,10.);
#1355=VECTOR('',#5339,10.);
#1356=VECTOR('',#5340,10.);
#1357=VECTOR('',#5341,10.);
#1358=VECTOR('',#5342,10.);
#1359=VECTOR('',#5343,10.);
#1360=VECTOR('',#5344,10.);
#1361=VECTOR('',#5345,10.);
#1362=VECTOR('',#5346,10.);
#1363=VECTOR('',#5347,10.);
#1364=VECTOR('',#5348,10.);
#1365=VECTOR('',#5349,10.);
#1366=VECTOR('',#5350,10.);
#1367=VECTOR('',#5351,10.);
#1368=VECTOR('',#5352,10.);
#1369=VECTOR('',#5353,10.);
#1370=VECTOR('',#5354,10.);
#1371=VECTOR('',#5355,10.);
#1372=VECTOR('',#5356,10.);
#1373=VECTOR('',#5357,10.);
#1374=VECTOR('',#5358,10.);
#1375=VECTOR('',#5359,10.);
#1376=VECTOR('',#5360,10.);
#1377=VECTOR('',#5361,10.);
#1378=VECTOR('',#5362,10.);
#1379=VECTOR('',#5363,10.);
#1380=VECTOR('',#5364,10.);
#1381=VECTOR('',#5365,10.);
#1382=VECTOR('',#5366,10.);
#1383=VECTOR('',#5367,10.);
#1384=VECTOR('',#5368,10.);
#1385=VECTOR('',#5369,10.);
#1386=VECTOR('',#5370,10.);
#1387=VECTOR('',#5371,10.);
#1388=VECTOR('',#5372,10.);
#1389=VECTOR('',#5373,10.);
#1390=VECTOR('',#5374,10.);
#1391=VECTOR('',#5375,10.);
#1392=VECTOR('',#5376,10.);
#1393=VECTOR('',#5377,10.);
#1394=VECTOR('',#5378,10.);
#1395=VECTOR('',#5379,10.);
#1396=VECTOR('',#5380,10.);
#1397=VECTOR('',#5381,10.);
#1398=VECTOR('',#5382,10.);
#1399=VECTOR('',#5383,10.);
#1400=VECTOR('',#5384,10.);
#1401=VECTOR('',#5385,10.);
#1402=VECTOR('',#5386,10.);
#1403=VECTOR('',#5387,10.);
#1404=VECTOR('',#5388,10.);
#1405=VECTOR('',#5389,10.);
#1406=VECTOR('',#5390,10.);
#1407=VECTOR('',#5391,10.);
#1408=VECTOR('',#5392,10.);
#1409=VECTOR('',#5393,10.);
#1410=VECTOR('',#5394,10.);
#1411=VECTOR('',#5395,10.);
#1412=VECTOR('',#5396,10.);
#1413=VECTOR('',#5397,10.);
#1414=VECTOR('',#5398,10.);
#1415=VECTOR('',#5399,10.);
#1416=VECTOR('',#5400,10.);
#1417=VECTOR('',#5401,10.);
#1418=VECTOR('',#5402,10.);
#1419=VECTOR('',#5403,10.);
#1420=VECTOR('',#5404,10.);
#1421=VECTOR('',#5405,10.);
#1422=VECTOR('',#5406,10.);
#1423=VECTOR('',#5407,10.);
#1424=VECTOR('',#5408,10.);
#1425=VECTOR('',#5409,10.);
#1426=VECTOR('',#5410,10.);
#1427=VECTOR('',#5411,10.);
#1428=VECTOR('',#5412,10.);
#1429=VECTOR('',#5413,10.);
#1430=VECTOR('',#5414,10.);
#1431=VECTOR('',#5415,10.);
#1432=VECTOR('',#5416,10.);
#1433=VECTOR('',#5417,10.);
#1434=VECTOR('',#5418,10.);
#1435=VECTOR('',#5419,10.);
#1436=VECTOR('',#5420,10.);
#1437=VECTOR('',#5421,10.);
#1438=VECTOR('',#5422,10.);
#1439=VECTOR('',#5423,10.);
#1440=VECTOR('',#5424,10.);
#1441=VECTOR('',#5425,10.);
#1442=VECTOR('',#5426,10.);
#1443=VECTOR('',#5427,10.);
#1444=VECTOR('',#5428,10.);
#1445=VECTOR('',#5429,10.);
#1446=VECTOR('',#5430,10.);
#1447=VECTOR('',#5431,10.);
#1448=VECTOR('',#5432,10.);
#1449=VECTOR('',#5433,10.);
#1450=VECTOR('',#5434,10.);
#1451=VECTOR('',#5435,10.);
#1452=VECTOR('',#5436,10.);
#1453=VECTOR('',#5437,10.);
#1454=VECTOR('',#5438,10.);
#1455=VECTOR('',#5439,10.);
#1456=VECTOR('',#5440,10.);
#1457=VECTOR('',#5441,10.);
#1458=VECTOR('',#5442,10.);
#1459=VECTOR('',#5443,10.);
#1460=VECTOR('',#5444,10.);
#1461=VECTOR('',#5445,10.);
#1462=VECTOR('',#5446,10.);
#1463=VECTOR('',#5447,10.);
#1464=VECTOR('',#5448,10.);
#1465=VECTOR('',#5449,10.);
#1466=VECTOR('',#5450,10.);
#1467=VECTOR('',#5451,10.);
#1468=VECTOR('',#5452,10.);
#1469=VECTOR('',#5453,10.);
#1470=VECTOR('',#5454,10.);
#1471=VECTOR('',#5455,10.);
#1472=VECTOR('',#5456,10.);
#1473=VECTOR('',#5457,10.);
#1474=VECTOR('',#5458,10.);
#1475=VECTOR('',#5459,10.);
#1476=VECTOR('',#5460,10.);
#1477=VECTOR('',#5461,10.);
#1478=VECTOR('',#5462,10.);
#1479=VECTOR('',#5463,10.);
#1480=VECTOR('',#5464,10.);
#1481=VECTOR('',#5465,10.);
#1482=VECTOR('',#5466,10.);
#1483=VECTOR('',#5467,10.);
#1484=VECTOR('',#5468,10.);
#1485=VECTOR('',#5469,10.);
#1486=VECTOR('',#5470,10.);
#1487=VECTOR('',#5471,10.);
#1488=VECTOR('',#5472,10.);
#1489=VECTOR('',#5473,10.);
#1490=VECTOR('',#5474,10.);
#1491=VECTOR('',#5475,10.);
#1492=VECTOR('',#5476,10.);
#1493=VECTOR('',#5477,10.);
#1494=VECTOR('',#5478,10.);
#1495=VECTOR('',#5479,10.);
#1496=VECTOR('',#5480,10.);
#1497=VECTOR('',#5481,10.);
#1498=VECTOR('',#5482,10.);
#1499=VECTOR('',#5483,10.);
#1500=VECTOR('',#5484,10.);
#1501=VECTOR('',#5485,10.);
#1502=VECTOR('',#5486,10.);
#1503=VECTOR('',#5487,10.);
#1504=VECTOR('',#5488,10.);
#1505=VECTOR('',#5489,10.);
#1506=VECTOR('',#5490,10.);
#1507=VECTOR('',#5491,10.);
#1508=VECTOR('',#5492,10.);
#1509=VECTOR('',#5493,10.);
#1510=VECTOR('',#5494,10.);
#1511=VECTOR('',#5495,10.);
#1512=VECTOR('',#5496,10.);
#1513=VECTOR('',#5497,10.);
#1514=VECTOR('',#5498,10.);
#1515=VECTOR('',#5499,10.);
#1516=VECTOR('',#5500,10.);
#1517=VECTOR('',#5501,10.);
#1518=VECTOR('',#5502,10.);
#1519=VECTOR('',#5503,10.);
#1520=VECTOR('',#5504,10.);
#1521=VECTOR('',#5505,10.);
#1522=VECTOR('',#5506,10.);
#1523=VECTOR('',#5507,10.);
#1524=VECTOR('',#5508,10.);
#1525=VECTOR('',#5509,10.);
#1526=VECTOR('',#5510,10.);
#1527=VECTOR('',#5511,10.);
#1528=VECTOR('',#5512,10.);
#1529=VECTOR('',#5513,10.);
#1530=VECTOR('',#5514,10.);
#1531=VECTOR('',#5517,10.);
#1532=VECTOR('',#5518,10.);
#1533=VECTOR('',#5519,10.);
#1534=VECTOR('',#5522,10.);
#1535=VECTOR('',#5523,10.);
#1536=VECTOR('',#5524,10.);
#1537=VECTOR('',#5527,10.);
#1538=VECTOR('',#5528,10.);
#1539=VECTOR('',#5529,10.);
#1540=VECTOR('',#5530,10.);
#1541=VECTOR('',#5533,10.);
#1542=VECTOR('',#5534,10.);
#1543=VECTOR('',#5537,10.);
#1544=VECTOR('',#5540,10.);
#1545=VECTOR('',#5543,10.);
#1546=VECTOR('',#5544,10.);
#1547=VECTOR('',#5545,10.);
#1548=VECTOR('',#5548,10.);
#1549=VECTOR('',#5549,10.);
#1550=VECTOR('',#5552,10.);
#1551=VECTOR('',#5553,10.);
#1552=VECTOR('',#5556,10.);
#1553=VECTOR('',#5557,10.);
#1554=VECTOR('',#5558,10.);
#1555=VECTOR('',#5561,10.);
#1556=VECTOR('',#5562,10.);
#1557=VECTOR('',#5565,10.);
#1558=VECTOR('',#5566,10.);
#1559=VECTOR('',#5569,10.);
#1560=VECTOR('',#5570,10.);
#1561=VECTOR('',#5571,10.);
#1562=VECTOR('',#5574,10.);
#1563=VECTOR('',#5575,10.);
#1564=VECTOR('',#5578,10.);
#1565=VECTOR('',#5579,10.);
#1566=VECTOR('',#5582,10.);
#1567=VECTOR('',#5583,10.);
#1568=VECTOR('',#5584,10.);
#1569=VECTOR('',#5587,10.);
#1570=VECTOR('',#5588,10.);
#1571=VECTOR('',#5591,10.);
#1572=VECTOR('',#5592,10.);
#1573=VECTOR('',#5595,10.);
#1574=VECTOR('',#5596,10.);
#1575=VECTOR('',#5597,10.);
#1576=VECTOR('',#5600,10.);
#1577=VECTOR('',#5601,10.);
#1578=VECTOR('',#5604,10.);
#1579=VECTOR('',#5605,10.);
#1580=VECTOR('',#5608,10.);
#1581=VECTOR('',#5613,10.);
#1582=VECTOR('',#5618,10.);
#1583=VECTOR('',#5623,10.);
#1584=VECTOR('',#5628,10.);
#1585=VECTOR('',#5633,10.);
#1586=VECTOR('',#5634,10.);
#1587=VECTOR('',#5635,10.);
#1588=VECTOR('',#5638,10.);
#1589=VECTOR('',#5639,10.);
#1590=VECTOR('',#5640,10.);
#1591=VECTOR('',#5641,10.);
#1592=VECTOR('',#5642,10.);
#1593=VECTOR('',#5643,10.);
#1594=VECTOR('',#5644,10.);
#1595=VECTOR('',#5645,10.);
#1596=VECTOR('',#5646,10.);
#1597=VECTOR('',#5647,10.);
#1598=VECTOR('',#5648,10.);
#1599=VECTOR('',#5649,10.);
#1600=VECTOR('',#5650,10.);
#1601=VECTOR('',#5651,10.);
#1602=VECTOR('',#5652,10.);
#1603=VECTOR('',#5653,10.);
#1604=VECTOR('',#5654,10.);
#1605=VECTOR('',#5655,10.);
#1606=VECTOR('',#5656,10.);
#1607=VECTOR('',#5657,10.);
#1608=VECTOR('',#5658,10.);
#1609=VECTOR('',#5659,10.);
#1610=VECTOR('',#5660,10.);
#1611=VECTOR('',#5661,10.);
#1612=VECTOR('',#5662,10.);
#1613=VECTOR('',#5663,10.);
#1614=VECTOR('',#5664,10.);
#1615=VECTOR('',#5665,10.);
#1616=VECTOR('',#5666,10.);
#1617=VECTOR('',#5667,10.);
#1618=VECTOR('',#5668,10.);
#1619=VECTOR('',#5669,10.);
#1620=VECTOR('',#5670,10.);
#1621=VECTOR('',#5671,10.);
#1622=VECTOR('',#5672,10.);
#1623=VECTOR('',#5673,10.);
#1624=VECTOR('',#5674,10.);
#1625=VECTOR('',#5675,10.);
#1626=VECTOR('',#5676,10.);
#1627=VECTOR('',#5677,10.);
#1628=VECTOR('',#5678,10.);
#1629=VECTOR('',#5679,10.);
#1630=VECTOR('',#5680,10.);
#1631=VECTOR('',#5681,10.);
#1632=VECTOR('',#5682,10.);
#1633=VECTOR('',#5683,10.);
#1634=VECTOR('',#5684,10.);
#1635=VECTOR('',#5685,10.);
#1636=VECTOR('',#5686,10.);
#1637=VECTOR('',#5687,10.);
#1638=VECTOR('',#5688,10.);
#1639=VECTOR('',#5689,10.);
#1640=VECTOR('',#5690,10.);
#1641=VECTOR('',#5691,10.);
#1642=VECTOR('',#5692,10.);
#1643=VECTOR('',#5693,10.);
#1644=VECTOR('',#5694,10.);
#1645=VECTOR('',#5695,10.);
#1646=VECTOR('',#5696,10.);
#1647=VECTOR('',#5697,10.);
#1648=VECTOR('',#5698,10.);
#1649=VECTOR('',#5699,10.);
#1650=VECTOR('',#5700,10.);
#1651=VECTOR('',#5701,10.);
#1652=VECTOR('',#5702,10.);
#1653=VECTOR('',#5703,10.);
#1654=VECTOR('',#5704,10.);
#1655=VECTOR('',#5705,10.);
#1656=VECTOR('',#5706,10.);
#1657=VECTOR('',#5707,10.);
#1658=VECTOR('',#5708,10.);
#1659=VECTOR('',#5709,10.);
#1660=VECTOR('',#5710,10.);
#1661=VECTOR('',#5711,10.);
#1662=VECTOR('',#5712,10.);
#1663=VECTOR('',#5713,10.);
#1664=VECTOR('',#5714,10.);
#1665=VECTOR('',#5715,10.);
#1666=VECTOR('',#5716,10.);
#1667=VECTOR('',#5717,10.);
#1668=VECTOR('',#5718,10.);
#1669=VECTOR('',#5719,10.);
#1670=VECTOR('',#5720,10.);
#1671=VECTOR('',#5721,10.);
#1672=VECTOR('',#5722,10.);
#1673=VECTOR('',#5723,10.);
#1674=VECTOR('',#5724,10.);
#1675=VECTOR('',#5725,10.);
#1676=VECTOR('',#5726,10.);
#1677=VECTOR('',#5727,10.);
#1678=VECTOR('',#5728,10.);
#1679=VECTOR('',#5729,10.);
#1680=VECTOR('',#5730,10.);
#1681=VECTOR('',#5731,10.);
#1682=VECTOR('',#5732,10.);
#1683=VECTOR('',#5733,10.);
#1684=VECTOR('',#5734,10.);
#1685=VECTOR('',#5735,10.);
#1686=VECTOR('',#5736,10.);
#1687=VECTOR('',#5737,10.);
#1688=VECTOR('',#5738,10.);
#1689=VECTOR('',#5739,10.);
#1690=VECTOR('',#5740,10.);
#1691=VECTOR('',#5741,10.);
#1692=VECTOR('',#5742,10.);
#1693=VECTOR('',#5743,10.);
#1694=VECTOR('',#5744,10.);
#1695=VECTOR('',#5745,10.);
#1696=VECTOR('',#5746,10.);
#1697=VECTOR('',#5747,10.);
#1698=VECTOR('',#5748,10.);
#1699=VECTOR('',#5749,10.);
#1700=VECTOR('',#5750,10.);
#1701=VECTOR('',#5751,10.);
#1702=VECTOR('',#5752,10.);
#1703=VECTOR('',#5753,10.);
#1704=VECTOR('',#5754,10.);
#1705=VECTOR('',#5755,10.);
#1706=VECTOR('',#5756,10.);
#1707=VECTOR('',#5757,10.);
#1708=VECTOR('',#5758,10.);
#1709=VECTOR('',#5759,10.);
#1710=VECTOR('',#5760,10.);
#1711=VECTOR('',#5761,10.);
#1712=VECTOR('',#5762,10.);
#1713=VECTOR('',#5763,10.);
#1714=VECTOR('',#5764,10.);
#1715=VECTOR('',#5765,10.);
#1716=VECTOR('',#5766,10.);
#1717=VECTOR('',#5767,10.);
#1718=VECTOR('',#5768,10.);
#1719=VECTOR('',#5769,10.);
#1720=VECTOR('',#5770,10.);
#1721=VECTOR('',#5771,10.);
#1722=VECTOR('',#5772,10.);
#1723=VECTOR('',#5773,10.);
#1724=VECTOR('',#5774,10.);
#1725=VECTOR('',#5775,10.);
#1726=VECTOR('',#5776,10.);
#1727=VECTOR('',#5777,10.);
#1728=VECTOR('',#5778,10.);
#1729=VECTOR('',#5779,10.);
#1730=VECTOR('',#5780,10.);
#1731=VECTOR('',#5781,10.);
#1732=VECTOR('',#5782,10.);
#1733=VECTOR('',#5783,10.);
#1734=VECTOR('',#5784,10.);
#1735=VECTOR('',#5785,10.);
#1736=VECTOR('',#5786,10.);
#1737=VECTOR('',#5787,10.);
#1738=VECTOR('',#5788,10.);
#1739=VECTOR('',#5789,10.);
#1740=VECTOR('',#5790,10.);
#1741=VECTOR('',#5791,10.);
#1742=VECTOR('',#5792,10.);
#1743=VECTOR('',#5793,10.);
#1744=VECTOR('',#5794,10.);
#1745=VECTOR('',#5795,10.);
#1746=VECTOR('',#5796,10.);
#1747=VECTOR('',#5797,10.);
#1748=VECTOR('',#5798,10.);
#1749=VECTOR('',#5799,10.);
#1750=VECTOR('',#5800,10.);
#1751=VECTOR('',#5801,10.);
#1752=VECTOR('',#5802,10.);
#1753=VECTOR('',#5803,10.);
#1754=VECTOR('',#5804,10.);
#1755=VECTOR('',#5805,10.);
#1756=VECTOR('',#5806,10.);
#1757=VECTOR('',#5807,10.);
#1758=VECTOR('',#5808,10.);
#1759=VECTOR('',#5809,10.);
#1760=VECTOR('',#5810,10.);
#1761=VECTOR('',#5811,10.);
#1762=VECTOR('',#5812,10.);
#1763=VECTOR('',#5813,10.);
#1764=VECTOR('',#5814,10.);
#1765=VECTOR('',#5815,10.);
#1766=VECTOR('',#5816,10.);
#1767=VECTOR('',#5817,10.);
#1768=VECTOR('',#5818,10.);
#1769=VECTOR('',#5819,10.);
#1770=VECTOR('',#5820,10.);
#1771=VECTOR('',#5821,10.);
#1772=VECTOR('',#5822,10.);
#1773=VECTOR('',#5823,10.);
#1774=VECTOR('',#5824,10.);
#1775=VECTOR('',#5825,10.);
#1776=VECTOR('',#5826,10.);
#1777=VECTOR('',#5827,10.);
#1778=VECTOR('',#5828,10.);
#1779=VECTOR('',#5829,10.);
#1780=VECTOR('',#5830,10.);
#1781=VECTOR('',#5831,10.);
#1782=VECTOR('',#5832,10.);
#1783=VECTOR('',#5833,10.);
#1784=VECTOR('',#5834,10.);
#1785=VECTOR('',#5835,10.);
#1786=VECTOR('',#5838,10.);
#1787=VECTOR('',#5839,10.);
#1788=VECTOR('',#5842,10.);
#1789=VECTOR('',#5843,10.);
#1790=VECTOR('',#5848,10.);
#1791=VECTOR('',#5849,10.);
#1792=VECTOR('',#5852,10.);
#1793=VECTOR('',#5855,10.);
#1794=VECTOR('',#5860,10.);
#1795=VECTOR('',#5861,10.);
#1796=VECTOR('',#5864,10.);
#1797=VECTOR('',#5867,10.);
#1798=VECTOR('',#5870,10.);
#1799=VECTOR('',#5871,10.);
#1800=VECTOR('',#5874,10.);
#1801=VECTOR('',#5877,10.);
#1802=VECTOR('',#5882,10.);
#1803=VECTOR('',#5889,10.);
#1804=VECTOR('',#5892,10.);
#1805=VECTOR('',#5893,10.);
#1806=VECTOR('',#5896,10.);
#1807=VECTOR('',#5899,10.);
#1808=VECTOR('',#5902,10.);
#1809=VECTOR('',#5903,10.);
#1810=VECTOR('',#5906,10.);
#1811=VECTOR('',#5909,10.);
#1812=VECTOR('',#5912,10.);
#1813=VECTOR('',#5913,10.);
#1814=VECTOR('',#5916,10.);
#1815=VECTOR('',#5919,10.);
#1816=VECTOR('',#5924,10.);
#1817=VECTOR('',#5925,10.);
#1818=VECTOR('',#5928,10.);
#1819=VECTOR('',#5931,10.);
#1820=VECTOR('',#5936,10.);
#1821=VECTOR('',#5937,10.);
#1822=VECTOR('',#5940,10.);
#1823=VECTOR('',#5943,10.);
#1824=VECTOR('',#5948,10.);
#1825=VECTOR('',#5949,10.);
#1826=VECTOR('',#5952,10.);
#1827=VECTOR('',#5955,10.);
#1828=VECTOR('',#5958,10.);
#1829=VECTOR('',#5959,10.);
#1830=VECTOR('',#5962,10.);
#1831=VECTOR('',#5965,10.);
#1832=VECTOR('',#5968,10.);
#1833=VECTOR('',#5969,10.);
#1834=VECTOR('',#5972,10.);
#1835=VECTOR('',#5975,10.);
#1836=VECTOR('',#5980,10.);
#1837=VECTOR('',#5981,10.);
#1838=VECTOR('',#5984,10.);
#1839=VECTOR('',#5987,10.);
#1840=VECTOR('',#5992,10.);
#1841=VECTOR('',#5993,10.);
#1842=VECTOR('',#5996,10.);
#1843=VECTOR('',#5999,10.);
#1844=VECTOR('',#6002,10.);
#1845=VECTOR('',#6003,10.);
#1846=VECTOR('',#6006,10.);
#1847=VECTOR('',#6007,10.);
#1848=VECTOR('',#6012,10.);
#1849=VECTOR('',#6013,10.);
#1850=VECTOR('',#6016,10.);
#1851=VECTOR('',#6019,10.);
#1852=VECTOR('',#6024,10.);
#1853=VECTOR('',#6025,10.);
#1854=VECTOR('',#6028,10.);
#1855=VECTOR('',#6029,10.);
#1856=VECTOR('',#6034,10.);
#1857=VECTOR('',#6035,10.);
#1858=VECTOR('',#6038,10.);
#1859=VECTOR('',#6039,10.);
#1860=VECTOR('',#6044,10.);
#1861=VECTOR('',#6045,10.);
#1862=VECTOR('',#6048,10.);
#1863=VECTOR('',#6051,10.);
#1864=VECTOR('',#6054,10.);
#1865=VECTOR('',#6055,10.);
#1866=VECTOR('',#6058,10.);
#1867=VECTOR('',#6061,10.);
#1868=VECTOR('',#6066,10.);
#1869=VECTOR('',#6067,10.);
#1870=VECTOR('',#6070,10.);
#1871=VECTOR('',#6073,10.);
#1872=VECTOR('',#6078,10.);
#1873=VECTOR('',#6079,10.);
#1874=VECTOR('',#6082,10.);
#1875=VECTOR('',#6085,10.);
#1876=VECTOR('',#6090,10.);
#1877=VECTOR('',#6091,10.);
#1878=VECTOR('',#6094,10.);
#1879=VECTOR('',#6095,10.);
#1880=VECTOR('',#6100,10.);
#1881=VECTOR('',#6101,10.);
#1882=VECTOR('',#6104,10.);
#1883=VECTOR('',#6107,10.);
#1884=VECTOR('',#6112,10.);
#1885=VECTOR('',#6113,10.);
#1886=VECTOR('',#6116,10.);
#1887=VECTOR('',#6119,10.);
#1888=VECTOR('',#6124,10.);
#1889=VECTOR('',#6125,10.);
#1890=VECTOR('',#6128,10.);
#1891=VECTOR('',#6129,10.);
#1892=VECTOR('',#6134,10.);
#1893=VECTOR('',#6135,10.);
#1894=VECTOR('',#6138,10.);
#1895=VECTOR('',#6141,10.);
#1896=VECTOR('',#6146,10.);
#1897=VECTOR('',#6147,10.);
#1898=VECTOR('',#6150,10.);
#1899=VECTOR('',#6153,10.);
#1900=VECTOR('',#6158,10.);
#1901=VECTOR('',#6159,10.);
#1902=VECTOR('',#6162,10.);
#1903=VECTOR('',#6165,10.);
#1904=VECTOR('',#6168,10.);
#1905=VECTOR('',#6169,10.);
#1906=VECTOR('',#6174,10.);
#1907=VECTOR('',#6177,10.);
#1908=VECTOR('',#6178,10.);
#1909=VECTOR('',#6181,10.);
#1910=VECTOR('',#6184,10.);
#1911=VECTOR('',#6187,10.);
#1912=VECTOR('',#6188,10.);
#1913=VECTOR('',#6191,10.);
#1914=VECTOR('',#6194,10.);
#1915=VECTOR('',#6199,10.);
#1916=VECTOR('',#6200,10.);
#1917=VECTOR('',#6203,10.);
#1918=VECTOR('',#6206,10.);
#1919=VECTOR('',#6211,10.);
#1920=VECTOR('',#6212,10.);
#1921=VECTOR('',#6215,10.);
#1922=VECTOR('',#6218,10.);
#1923=VECTOR('',#6221,10.);
#1924=VECTOR('',#6222,10.);
#1925=VECTOR('',#6225,10.);
#1926=VECTOR('',#6228,10.);
#1927=VECTOR('',#6233,10.);
#1928=VECTOR('',#6234,10.);
#1929=VECTOR('',#6237,10.);
#1930=VECTOR('',#6240,10.);
#1931=VECTOR('',#6245,10.);
#1932=VECTOR('',#6246,10.);
#1933=VECTOR('',#6249,10.);
#1934=VECTOR('',#6250,10.);
#1935=VECTOR('',#6255,10.);
#1936=VECTOR('',#6256,10.);
#1937=VECTOR('',#6259,10.);
#1938=VECTOR('',#6264,10.);
#1939=VECTOR('',#6265,10.);
#1940=VECTOR('',#6268,10.);
#1941=VECTOR('',#6271,10.);
#1942=VECTOR('',#6274,10.);
#1943=VECTOR('',#6275,10.);
#1944=VECTOR('',#6278,10.);
#1945=VECTOR('',#6281,10.);
#1946=VECTOR('',#6286,10.);
#1947=VECTOR('',#6287,10.);
#1948=VECTOR('',#6290,10.);
#1949=VECTOR('',#6293,10.);
#1950=VECTOR('',#6298,10.);
#1951=VECTOR('',#6299,10.);
#1952=VECTOR('',#6302,10.);
#1953=VECTOR('',#6305,10.);
#1954=VECTOR('',#6308,10.);
#1955=VECTOR('',#6309,10.);
#1956=VECTOR('',#6312,10.);
#1957=VECTOR('',#6315,10.);
#1958=VECTOR('',#6318,10.);
#1959=VECTOR('',#6319,10.);
#1960=VECTOR('',#6322,10.);
#1961=VECTOR('',#6325,10.);
#1962=VECTOR('',#6330,10.);
#1963=VECTOR('',#6349,10.);
#1964=VECTOR('',#6368,10.);
#1965=VECTOR('',#6369,10.);
#1966=VECTOR('',#6372,10.);
#1967=VECTOR('',#6375,10.);
#1968=VECTOR('',#6380,10.);
#1969=VECTOR('',#6381,10.);
#1970=VECTOR('',#6384,10.);
#1971=VECTOR('',#6387,10.);
#1972=VECTOR('',#6392,10.);
#1973=VECTOR('',#6393,10.);
#1974=VECTOR('',#6396,10.);
#1975=VECTOR('',#6399,10.);
#1976=VECTOR('',#6404,10.);
#1977=VECTOR('',#6405,10.);
#1978=VECTOR('',#6410,10.);
#1979=VECTOR('',#6413,10.);
#1980=VECTOR('',#6414,10.);
#1981=VECTOR('',#6417,10.);
#1982=VERTEX_POINT('',#6430);
#1983=VERTEX_POINT('',#6431);
#1984=VERTEX_POINT('',#6433);
#1985=VERTEX_POINT('',#6435);
#1986=VERTEX_POINT('',#6439);
#1987=VERTEX_POINT('',#6441);
#1988=VERTEX_POINT('',#6445);
#1989=VERTEX_POINT('',#6446);
#1990=VERTEX_POINT('',#6454);
#1991=VERTEX_POINT('',#6455);
#1992=VERTEX_POINT('',#6457);
#1993=VERTEX_POINT('',#6459);
#1994=VERTEX_POINT('',#6461);
#1995=VERTEX_POINT('',#6463);
#1996=VERTEX_POINT('',#6465);
#1997=VERTEX_POINT('',#6467);
#1998=VERTEX_POINT('',#6469);
#1999=VERTEX_POINT('',#6471);
#2000=VERTEX_POINT('',#6473);
#2001=VERTEX_POINT('',#6475);
#2002=VERTEX_POINT('',#6479);
#2003=VERTEX_POINT('',#6481);
#2004=VERTEX_POINT('',#6484);
#2005=VERTEX_POINT('',#6486);
#2006=VERTEX_POINT('',#6488);
#2007=VERTEX_POINT('',#6490);
#2008=VERTEX_POINT('',#6492);
#2009=VERTEX_POINT('',#6494);
#2010=VERTEX_POINT('',#6496);
#2011=VERTEX_POINT('',#6498);
#2012=VERTEX_POINT('',#6500);
#2013=VERTEX_POINT('',#6502);
#2014=VERTEX_POINT('',#6504);
#2015=VERTEX_POINT('',#6506);
#2016=VERTEX_POINT('',#6508);
#2017=VERTEX_POINT('',#6510);
#2018=VERTEX_POINT('',#6512);
#2019=VERTEX_POINT('',#6514);
#2020=VERTEX_POINT('',#6516);
#2021=VERTEX_POINT('',#6518);
#2022=VERTEX_POINT('',#6520);
#2023=VERTEX_POINT('',#6522);
#2024=VERTEX_POINT('',#6524);
#2025=VERTEX_POINT('',#6526);
#2026=VERTEX_POINT('',#6528);
#2027=VERTEX_POINT('',#6530);
#2028=VERTEX_POINT('',#6532);
#2029=VERTEX_POINT('',#6534);
#2030=VERTEX_POINT('',#6536);
#2031=VERTEX_POINT('',#6538);
#2032=VERTEX_POINT('',#6540);
#2033=VERTEX_POINT('',#6542);
#2034=VERTEX_POINT('',#6544);
#2035=VERTEX_POINT('',#6546);
#2036=VERTEX_POINT('',#6548);
#2037=VERTEX_POINT('',#6550);
#2038=VERTEX_POINT('',#6552);
#2039=VERTEX_POINT('',#6554);
#2040=VERTEX_POINT('',#6556);
#2041=VERTEX_POINT('',#6558);
#2042=VERTEX_POINT('',#6560);
#2043=VERTEX_POINT('',#6562);
#2044=VERTEX_POINT('',#6564);
#2045=VERTEX_POINT('',#6566);
#2046=VERTEX_POINT('',#6568);
#2047=VERTEX_POINT('',#6570);
#2048=VERTEX_POINT('',#6572);
#2049=VERTEX_POINT('',#6574);
#2050=VERTEX_POINT('',#6576);
#2051=VERTEX_POINT('',#6578);
#2052=VERTEX_POINT('',#6580);
#2053=VERTEX_POINT('',#6582);
#2054=VERTEX_POINT('',#6584);
#2055=VERTEX_POINT('',#6586);
#2056=VERTEX_POINT('',#6588);
#2057=VERTEX_POINT('',#6590);
#2058=VERTEX_POINT('',#6592);
#2059=VERTEX_POINT('',#6594);
#2060=VERTEX_POINT('',#6596);
#2061=VERTEX_POINT('',#6598);
#2062=VERTEX_POINT('',#6600);
#2063=VERTEX_POINT('',#6602);
#2064=VERTEX_POINT('',#6604);
#2065=VERTEX_POINT('',#6606);
#2066=VERTEX_POINT('',#6608);
#2067=VERTEX_POINT('',#6610);
#2068=VERTEX_POINT('',#6612);
#2069=VERTEX_POINT('',#6614);
#2070=VERTEX_POINT('',#6616);
#2071=VERTEX_POINT('',#6618);
#2072=VERTEX_POINT('',#6620);
#2073=VERTEX_POINT('',#6622);
#2074=VERTEX_POINT('',#6624);
#2075=VERTEX_POINT('',#6626);
#2076=VERTEX_POINT('',#6628);
#2077=VERTEX_POINT('',#6630);
#2078=VERTEX_POINT('',#6632);
#2079=VERTEX_POINT('',#6634);
#2080=VERTEX_POINT('',#6636);
#2081=VERTEX_POINT('',#6638);
#2082=VERTEX_POINT('',#6640);
#2083=VERTEX_POINT('',#6642);
#2084=VERTEX_POINT('',#6644);
#2085=VERTEX_POINT('',#6646);
#2086=VERTEX_POINT('',#6648);
#2087=VERTEX_POINT('',#6650);
#2088=VERTEX_POINT('',#6652);
#2089=VERTEX_POINT('',#6654);
#2090=VERTEX_POINT('',#6656);
#2091=VERTEX_POINT('',#6658);
#2092=VERTEX_POINT('',#6660);
#2093=VERTEX_POINT('',#6662);
#2094=VERTEX_POINT('',#6664);
#2095=VERTEX_POINT('',#6666);
#2096=VERTEX_POINT('',#6668);
#2097=VERTEX_POINT('',#6670);
#2098=VERTEX_POINT('',#6672);
#2099=VERTEX_POINT('',#6674);
#2100=VERTEX_POINT('',#6676);
#2101=VERTEX_POINT('',#6678);
#2102=VERTEX_POINT('',#6681);
#2103=VERTEX_POINT('',#6682);
#2104=VERTEX_POINT('',#6684);
#2105=VERTEX_POINT('',#6686);
#2106=VERTEX_POINT('',#6689);
#2107=VERTEX_POINT('',#6690);
#2108=VERTEX_POINT('',#6692);
#2109=VERTEX_POINT('',#6694);
#2110=VERTEX_POINT('',#6697);
#2111=VERTEX_POINT('',#6698);
#2112=VERTEX_POINT('',#6700);
#2113=VERTEX_POINT('',#6702);
#2114=VERTEX_POINT('',#6705);
#2115=VERTEX_POINT('',#6706);
#2116=VERTEX_POINT('',#6708);
#2117=VERTEX_POINT('',#6710);
#2118=VERTEX_POINT('',#6713);
#2119=VERTEX_POINT('',#6714);
#2120=VERTEX_POINT('',#6716);
#2121=VERTEX_POINT('',#6718);
#2122=VERTEX_POINT('',#6721);
#2123=VERTEX_POINT('',#6722);
#2124=VERTEX_POINT('',#6724);
#2125=VERTEX_POINT('',#6726);
#2126=VERTEX_POINT('',#6729);
#2127=VERTEX_POINT('',#6730);
#2128=VERTEX_POINT('',#6732);
#2129=VERTEX_POINT('',#6734);
#2130=VERTEX_POINT('',#6737);
#2131=VERTEX_POINT('',#6738);
#2132=VERTEX_POINT('',#6740);
#2133=VERTEX_POINT('',#6742);
#2134=VERTEX_POINT('',#6745);
#2135=VERTEX_POINT('',#6746);
#2136=VERTEX_POINT('',#6748);
#2137=VERTEX_POINT('',#6750);
#2138=VERTEX_POINT('',#6753);
#2139=VERTEX_POINT('',#6754);
#2140=VERTEX_POINT('',#6756);
#2141=VERTEX_POINT('',#6758);
#2142=VERTEX_POINT('',#6761);
#2143=VERTEX_POINT('',#6762);
#2144=VERTEX_POINT('',#6764);
#2145=VERTEX_POINT('',#6766);
#2146=VERTEX_POINT('',#6769);
#2147=VERTEX_POINT('',#6770);
#2148=VERTEX_POINT('',#6772);
#2149=VERTEX_POINT('',#6774);
#2150=VERTEX_POINT('',#6777);
#2151=VERTEX_POINT('',#6778);
#2152=VERTEX_POINT('',#6780);
#2153=VERTEX_POINT('',#6782);
#2154=VERTEX_POINT('',#6785);
#2155=VERTEX_POINT('',#6786);
#2156=VERTEX_POINT('',#6788);
#2157=VERTEX_POINT('',#6790);
#2158=VERTEX_POINT('',#6793);
#2159=VERTEX_POINT('',#6794);
#2160=VERTEX_POINT('',#6796);
#2161=VERTEX_POINT('',#6798);
#2162=VERTEX_POINT('',#6801);
#2163=VERTEX_POINT('',#6802);
#2164=VERTEX_POINT('',#6804);
#2165=VERTEX_POINT('',#6806);
#2166=VERTEX_POINT('',#6809);
#2167=VERTEX_POINT('',#6810);
#2168=VERTEX_POINT('',#6812);
#2169=VERTEX_POINT('',#6814);
#2170=VERTEX_POINT('',#6817);
#2171=VERTEX_POINT('',#6818);
#2172=VERTEX_POINT('',#6820);
#2173=VERTEX_POINT('',#6822);
#2174=VERTEX_POINT('',#6825);
#2175=VERTEX_POINT('',#6826);
#2176=VERTEX_POINT('',#6828);
#2177=VERTEX_POINT('',#6830);
#2178=VERTEX_POINT('',#6833);
#2179=VERTEX_POINT('',#6834);
#2180=VERTEX_POINT('',#6836);
#2181=VERTEX_POINT('',#6838);
#2182=VERTEX_POINT('',#6841);
#2183=VERTEX_POINT('',#6842);
#2184=VERTEX_POINT('',#6844);
#2185=VERTEX_POINT('',#6846);
#2186=VERTEX_POINT('',#6849);
#2187=VERTEX_POINT('',#6850);
#2188=VERTEX_POINT('',#6852);
#2189=VERTEX_POINT('',#6854);
#2190=VERTEX_POINT('',#6857);
#2191=VERTEX_POINT('',#6858);
#2192=VERTEX_POINT('',#6860);
#2193=VERTEX_POINT('',#6862);
#2194=VERTEX_POINT('',#6865);
#2195=VERTEX_POINT('',#6866);
#2196=VERTEX_POINT('',#6868);
#2197=VERTEX_POINT('',#6870);
#2198=VERTEX_POINT('',#6873);
#2199=VERTEX_POINT('',#6874);
#2200=VERTEX_POINT('',#6876);
#2201=VERTEX_POINT('',#6878);
#2202=VERTEX_POINT('',#6881);
#2203=VERTEX_POINT('',#6882);
#2204=VERTEX_POINT('',#6884);
#2205=VERTEX_POINT('',#6886);
#2206=VERTEX_POINT('',#6889);
#2207=VERTEX_POINT('',#6890);
#2208=VERTEX_POINT('',#6892);
#2209=VERTEX_POINT('',#6894);
#2210=VERTEX_POINT('',#6897);
#2211=VERTEX_POINT('',#6898);
#2212=VERTEX_POINT('',#6900);
#2213=VERTEX_POINT('',#6902);
#2214=VERTEX_POINT('',#6905);
#2215=VERTEX_POINT('',#6906);
#2216=VERTEX_POINT('',#6908);
#2217=VERTEX_POINT('',#6910);
#2218=VERTEX_POINT('',#6914);
#2219=VERTEX_POINT('',#6916);
#2220=VERTEX_POINT('',#6920);
#2221=VERTEX_POINT('',#6922);
#2222=VERTEX_POINT('',#6926);
#2223=VERTEX_POINT('',#6927);
#2224=VERTEX_POINT('',#6929);
#2225=VERTEX_POINT('',#6931);
#2226=VERTEX_POINT('',#6942);
#2227=VERTEX_POINT('',#6944);
#2228=VERTEX_POINT('',#6948);
#2229=VERTEX_POINT('',#6952);
#2230=VERTEX_POINT('',#6956);
#2231=VERTEX_POINT('',#6958);
#2232=VERTEX_POINT('',#6962);
#2233=VERTEX_POINT('',#6966);
#2234=VERTEX_POINT('',#6970);
#2235=VERTEX_POINT('',#6972);
#2236=VERTEX_POINT('',#6976);
#2237=VERTEX_POINT('',#6980);
#2238=VERTEX_POINT('',#6984);
#2239=VERTEX_POINT('',#6986);
#2240=VERTEX_POINT('',#6990);
#2241=VERTEX_POINT('',#6994);
#2242=VERTEX_POINT('',#6998);
#2243=VERTEX_POINT('',#7000);
#2244=VERTEX_POINT('',#7004);
#2245=VERTEX_POINT('',#7008);
#2246=VERTEX_POINT('',#7027);
#2247=VERTEX_POINT('',#7028);
#2248=VERTEX_POINT('',#7033);
#2249=VERTEX_POINT('',#7035);
#2250=VERTEX_POINT('',#7037);
#2251=VERTEX_POINT('',#7039);
#2252=VERTEX_POINT('',#7041);
#2253=VERTEX_POINT('',#7043);
#2254=VERTEX_POINT('',#7045);
#2255=VERTEX_POINT('',#7047);
#2256=VERTEX_POINT('',#7049);
#2257=VERTEX_POINT('',#7051);
#2258=VERTEX_POINT('',#7053);
#2259=VERTEX_POINT('',#7055);
#2260=VERTEX_POINT('',#7057);
#2261=VERTEX_POINT('',#7059);
#2262=VERTEX_POINT('',#7061);
#2263=VERTEX_POINT('',#7063);
#2264=VERTEX_POINT('',#7065);
#2265=VERTEX_POINT('',#7067);
#2266=VERTEX_POINT('',#7069);
#2267=VERTEX_POINT('',#7071);
#2268=VERTEX_POINT('',#7073);
#2269=VERTEX_POINT('',#7075);
#2270=VERTEX_POINT('',#7077);
#2271=VERTEX_POINT('',#7079);
#2272=VERTEX_POINT('',#7081);
#2273=VERTEX_POINT('',#7083);
#2274=VERTEX_POINT('',#7085);
#2275=VERTEX_POINT('',#7087);
#2276=VERTEX_POINT('',#7089);
#2277=VERTEX_POINT('',#7091);
#2278=VERTEX_POINT('',#7093);
#2279=VERTEX_POINT('',#7095);
#2280=VERTEX_POINT('',#7097);
#2281=VERTEX_POINT('',#7099);
#2282=VERTEX_POINT('',#7101);
#2283=VERTEX_POINT('',#7103);
#2284=VERTEX_POINT('',#7105);
#2285=VERTEX_POINT('',#7107);
#2286=VERTEX_POINT('',#7109);
#2287=VERTEX_POINT('',#7111);
#2288=VERTEX_POINT('',#7113);
#2289=VERTEX_POINT('',#7115);
#2290=VERTEX_POINT('',#7117);
#2291=VERTEX_POINT('',#7119);
#2292=VERTEX_POINT('',#7121);
#2293=VERTEX_POINT('',#7123);
#2294=VERTEX_POINT('',#7125);
#2295=VERTEX_POINT('',#7127);
#2296=VERTEX_POINT('',#7130);
#2297=VERTEX_POINT('',#7132);
#2298=VERTEX_POINT('',#7134);
#2299=VERTEX_POINT('',#7136);
#2300=VERTEX_POINT('',#7138);
#2301=VERTEX_POINT('',#7140);
#2302=VERTEX_POINT('',#7142);
#2303=VERTEX_POINT('',#7144);
#2304=VERTEX_POINT('',#7146);
#2305=VERTEX_POINT('',#7148);
#2306=VERTEX_POINT('',#7150);
#2307=VERTEX_POINT('',#7152);
#2308=VERTEX_POINT('',#7154);
#2309=VERTEX_POINT('',#7156);
#2310=VERTEX_POINT('',#7158);
#2311=VERTEX_POINT('',#7160);
#2312=VERTEX_POINT('',#7162);
#2313=VERTEX_POINT('',#7164);
#2314=VERTEX_POINT('',#7166);
#2315=VERTEX_POINT('',#7168);
#2316=VERTEX_POINT('',#7170);
#2317=VERTEX_POINT('',#7172);
#2318=VERTEX_POINT('',#7174);
#2319=VERTEX_POINT('',#7176);
#2320=VERTEX_POINT('',#7178);
#2321=VERTEX_POINT('',#7180);
#2322=VERTEX_POINT('',#7182);
#2323=VERTEX_POINT('',#7184);
#2324=VERTEX_POINT('',#7186);
#2325=VERTEX_POINT('',#7188);
#2326=VERTEX_POINT('',#7190);
#2327=VERTEX_POINT('',#7192);
#2328=VERTEX_POINT('',#7194);
#2329=VERTEX_POINT('',#7196);
#2330=VERTEX_POINT('',#7198);
#2331=VERTEX_POINT('',#7200);
#2332=VERTEX_POINT('',#7202);
#2333=VERTEX_POINT('',#7204);
#2334=VERTEX_POINT('',#7206);
#2335=VERTEX_POINT('',#7208);
#2336=VERTEX_POINT('',#7210);
#2337=VERTEX_POINT('',#7212);
#2338=VERTEX_POINT('',#7214);
#2339=VERTEX_POINT('',#7216);
#2340=VERTEX_POINT('',#7218);
#2341=VERTEX_POINT('',#7220);
#2342=VERTEX_POINT('',#7222);
#2343=VERTEX_POINT('',#7224);
#2344=VERTEX_POINT('',#7227);
#2345=VERTEX_POINT('',#7228);
#2346=VERTEX_POINT('',#7230);
#2347=VERTEX_POINT('',#7232);
#2348=VERTEX_POINT('',#7235);
#2349=VERTEX_POINT('',#7236);
#2350=VERTEX_POINT('',#7238);
#2351=VERTEX_POINT('',#7240);
#2352=VERTEX_POINT('',#7243);
#2353=VERTEX_POINT('',#7244);
#2354=VERTEX_POINT('',#7246);
#2355=VERTEX_POINT('',#7248);
#2356=VERTEX_POINT('',#7251);
#2357=VERTEX_POINT('',#7252);
#2358=VERTEX_POINT('',#7254);
#2359=VERTEX_POINT('',#7256);
#2360=VERTEX_POINT('',#7259);
#2361=VERTEX_POINT('',#7260);
#2362=VERTEX_POINT('',#7262);
#2363=VERTEX_POINT('',#7264);
#2364=VERTEX_POINT('',#7267);
#2365=VERTEX_POINT('',#7268);
#2366=VERTEX_POINT('',#7270);
#2367=VERTEX_POINT('',#7272);
#2368=VERTEX_POINT('',#7275);
#2369=VERTEX_POINT('',#7276);
#2370=VERTEX_POINT('',#7278);
#2371=VERTEX_POINT('',#7280);
#2372=VERTEX_POINT('',#7283);
#2373=VERTEX_POINT('',#7284);
#2374=VERTEX_POINT('',#7286);
#2375=VERTEX_POINT('',#7288);
#2376=VERTEX_POINT('',#7291);
#2377=VERTEX_POINT('',#7292);
#2378=VERTEX_POINT('',#7294);
#2379=VERTEX_POINT('',#7296);
#2380=VERTEX_POINT('',#7299);
#2381=VERTEX_POINT('',#7300);
#2382=VERTEX_POINT('',#7302);
#2383=VERTEX_POINT('',#7304);
#2384=VERTEX_POINT('',#7307);
#2385=VERTEX_POINT('',#7308);
#2386=VERTEX_POINT('',#7310);
#2387=VERTEX_POINT('',#7312);
#2388=VERTEX_POINT('',#7315);
#2389=VERTEX_POINT('',#7316);
#2390=VERTEX_POINT('',#7318);
#2391=VERTEX_POINT('',#7320);
#2392=VERTEX_POINT('',#7323);
#2393=VERTEX_POINT('',#7324);
#2394=VERTEX_POINT('',#7326);
#2395=VERTEX_POINT('',#7328);
#2396=VERTEX_POINT('',#7331);
#2397=VERTEX_POINT('',#7332);
#2398=VERTEX_POINT('',#7334);
#2399=VERTEX_POINT('',#7336);
#2400=VERTEX_POINT('',#7339);
#2401=VERTEX_POINT('',#7340);
#2402=VERTEX_POINT('',#7342);
#2403=VERTEX_POINT('',#7344);
#2404=VERTEX_POINT('',#7347);
#2405=VERTEX_POINT('',#7348);
#2406=VERTEX_POINT('',#7350);
#2407=VERTEX_POINT('',#7352);
#2408=VERTEX_POINT('',#7355);
#2409=VERTEX_POINT('',#7356);
#2410=VERTEX_POINT('',#7358);
#2411=VERTEX_POINT('',#7360);
#2412=VERTEX_POINT('',#7363);
#2413=VERTEX_POINT('',#7364);
#2414=VERTEX_POINT('',#7366);
#2415=VERTEX_POINT('',#7368);
#2416=VERTEX_POINT('',#7371);
#2417=VERTEX_POINT('',#7372);
#2418=VERTEX_POINT('',#7374);
#2419=VERTEX_POINT('',#7376);
#2420=VERTEX_POINT('',#7379);
#2421=VERTEX_POINT('',#7380);
#2422=VERTEX_POINT('',#7382);
#2423=VERTEX_POINT('',#7384);
#2424=VERTEX_POINT('',#7387);
#2425=VERTEX_POINT('',#7388);
#2426=VERTEX_POINT('',#7390);
#2427=VERTEX_POINT('',#7392);
#2428=VERTEX_POINT('',#7395);
#2429=VERTEX_POINT('',#7396);
#2430=VERTEX_POINT('',#7398);
#2431=VERTEX_POINT('',#7400);
#2432=VERTEX_POINT('',#7403);
#2433=VERTEX_POINT('',#7404);
#2434=VERTEX_POINT('',#7406);
#2435=VERTEX_POINT('',#7408);
#2436=VERTEX_POINT('',#7411);
#2437=VERTEX_POINT('',#7412);
#2438=VERTEX_POINT('',#7414);
#2439=VERTEX_POINT('',#7416);
#2440=VERTEX_POINT('',#7419);
#2441=VERTEX_POINT('',#7420);
#2442=VERTEX_POINT('',#7422);
#2443=VERTEX_POINT('',#7424);
#2444=EDGE_CURVE('',#1982,#1983,#608,.T.);
#2445=EDGE_CURVE('',#1982,#1984,#609,.T.);
#2446=EDGE_CURVE('',#1985,#1984,#610,.T.);
#2447=EDGE_CURVE('',#1985,#1983,#611,.T.);
#2448=EDGE_CURVE('',#1984,#1986,#612,.T.);
#2449=EDGE_CURVE('',#1986,#1987,#613,.T.);
#2450=EDGE_CURVE('',#1987,#1985,#614,.T.);
#2451=EDGE_CURVE('',#1988,#1989,#615,.T.);
#2452=EDGE_CURVE('',#1988,#1987,#616,.T.);
#2453=EDGE_CURVE('',#1986,#1989,#617,.T.);
#2454=EDGE_CURVE('',#1983,#1988,#618,.T.);
#2455=EDGE_CURVE('',#1989,#1982,#619,.T.);
#2456=EDGE_CURVE('',#1990,#1991,#71,.T.);
#2457=EDGE_CURVE('',#1991,#1992,#620,.T.);
#2458=EDGE_CURVE('',#1993,#1992,#72,.F.);
#2459=EDGE_CURVE('',#1993,#1994,#621,.T.);
#2460=EDGE_CURVE('',#1995,#1994,#73,.F.);
#2461=EDGE_CURVE('',#1995,#1996,#622,.T.);
#2462=EDGE_CURVE('',#1997,#1996,#74,.F.);
#2463=EDGE_CURVE('',#1997,#1998,#623,.T.);
#2464=EDGE_CURVE('',#1999,#1998,#75,.F.);
#2465=EDGE_CURVE('',#1999,#2000,#624,.T.);
#2466=EDGE_CURVE('',#2000,#2001,#76,.T.);
#2467=EDGE_CURVE('',#1990,#2001,#625,.F.);
#2468=EDGE_CURVE('',#1995,#2002,#626,.T.);
#2469=EDGE_CURVE('',#2002,#2003,#627,.T.);
#2470=EDGE_CURVE('',#2003,#1992,#628,.T.);
#2471=EDGE_CURVE('',#1991,#2004,#629,.T.);
#2472=EDGE_CURVE('',#2004,#2005,#630,.T.);
#2473=EDGE_CURVE('',#2005,#2006,#631,.T.);
#2474=EDGE_CURVE('',#2006,#2007,#632,.T.);
#2475=EDGE_CURVE('',#2007,#2008,#633,.T.);
#2476=EDGE_CURVE('',#2008,#2009,#634,.T.);
#2477=EDGE_CURVE('',#2009,#2010,#635,.T.);
#2478=EDGE_CURVE('',#2010,#2011,#636,.T.);
#2479=EDGE_CURVE('',#2011,#2012,#637,.T.);
#2480=EDGE_CURVE('',#2012,#2013,#638,.T.);
#2481=EDGE_CURVE('',#2013,#2014,#639,.T.);
#2482=EDGE_CURVE('',#2014,#2015,#640,.T.);
#2483=EDGE_CURVE('',#2015,#2016,#641,.T.);
#2484=EDGE_CURVE('',#2016,#2017,#642,.T.);
#2485=EDGE_CURVE('',#2017,#2018,#643,.T.);
#2486=EDGE_CURVE('',#2018,#2019,#644,.T.);
#2487=EDGE_CURVE('',#2019,#2020,#645,.T.);
#2488=EDGE_CURVE('',#2020,#2021,#646,.T.);
#2489=EDGE_CURVE('',#2021,#2022,#647,.T.);
#2490=EDGE_CURVE('',#2022,#2023,#648,.T.);
#2491=EDGE_CURVE('',#2023,#2024,#649,.T.);
#2492=EDGE_CURVE('',#2024,#2025,#650,.T.);
#2493=EDGE_CURVE('',#2025,#2026,#651,.T.);
#2494=EDGE_CURVE('',#2026,#2027,#652,.T.);
#2495=EDGE_CURVE('',#2027,#2028,#653,.T.);
#2496=EDGE_CURVE('',#2028,#2029,#654,.T.);
#2497=EDGE_CURVE('',#2029,#2030,#655,.T.);
#2498=EDGE_CURVE('',#2030,#2031,#656,.T.);
#2499=EDGE_CURVE('',#2031,#2032,#657,.T.);
#2500=EDGE_CURVE('',#2032,#2033,#658,.T.);
#2501=EDGE_CURVE('',#2033,#2034,#659,.T.);
#2502=EDGE_CURVE('',#2034,#2035,#660,.T.);
#2503=EDGE_CURVE('',#2035,#2036,#661,.T.);
#2504=EDGE_CURVE('',#2036,#2037,#662,.T.);
#2505=EDGE_CURVE('',#2037,#2038,#663,.T.);
#2506=EDGE_CURVE('',#2038,#2039,#664,.T.);
#2507=EDGE_CURVE('',#2039,#2040,#665,.T.);
#2508=EDGE_CURVE('',#2040,#2041,#666,.T.);
#2509=EDGE_CURVE('',#2041,#2042,#667,.T.);
#2510=EDGE_CURVE('',#2042,#2043,#668,.T.);
#2511=EDGE_CURVE('',#2043,#2044,#669,.T.);
#2512=EDGE_CURVE('',#2044,#2045,#670,.T.);
#2513=EDGE_CURVE('',#2045,#2046,#671,.T.);
#2514=EDGE_CURVE('',#2046,#2047,#672,.T.);
#2515=EDGE_CURVE('',#2047,#2048,#673,.T.);
#2516=EDGE_CURVE('',#2048,#2049,#674,.T.);
#2517=EDGE_CURVE('',#2049,#2050,#675,.T.);
#2518=EDGE_CURVE('',#2050,#2051,#676,.T.);
#2519=EDGE_CURVE('',#2051,#2052,#677,.T.);
#2520=EDGE_CURVE('',#2053,#2052,#678,.T.);
#2521=EDGE_CURVE('',#2053,#2054,#679,.T.);
#2522=EDGE_CURVE('',#2054,#2055,#680,.T.);
#2523=EDGE_CURVE('',#2055,#2056,#681,.T.);
#2524=EDGE_CURVE('',#2056,#2057,#682,.T.);
#2525=EDGE_CURVE('',#2057,#2058,#683,.T.);
#2526=EDGE_CURVE('',#2058,#2059,#684,.T.);
#2527=EDGE_CURVE('',#2059,#2060,#685,.T.);
#2528=EDGE_CURVE('',#2060,#2061,#686,.T.);
#2529=EDGE_CURVE('',#2061,#2062,#687,.T.);
#2530=EDGE_CURVE('',#2062,#2063,#688,.T.);
#2531=EDGE_CURVE('',#2063,#2064,#689,.T.);
#2532=EDGE_CURVE('',#2064,#2065,#690,.T.);
#2533=EDGE_CURVE('',#2065,#2066,#691,.T.);
#2534=EDGE_CURVE('',#2066,#2067,#692,.T.);
#2535=EDGE_CURVE('',#2067,#2068,#693,.T.);
#2536=EDGE_CURVE('',#2068,#2069,#694,.T.);
#2537=EDGE_CURVE('',#2069,#2070,#695,.T.);
#2538=EDGE_CURVE('',#2070,#2071,#696,.T.);
#2539=EDGE_CURVE('',#2071,#2072,#697,.T.);
#2540=EDGE_CURVE('',#2072,#2073,#698,.T.);
#2541=EDGE_CURVE('',#2073,#2074,#699,.T.);
#2542=EDGE_CURVE('',#2074,#2075,#700,.T.);
#2543=EDGE_CURVE('',#2075,#2076,#701,.T.);
#2544=EDGE_CURVE('',#2076,#2077,#702,.T.);
#2545=EDGE_CURVE('',#2077,#2078,#703,.T.);
#2546=EDGE_CURVE('',#2078,#2079,#704,.T.);
#2547=EDGE_CURVE('',#2079,#2080,#705,.T.);
#2548=EDGE_CURVE('',#2080,#2081,#706,.T.);
#2549=EDGE_CURVE('',#2081,#2082,#707,.T.);
#2550=EDGE_CURVE('',#2082,#2083,#708,.T.);
#2551=EDGE_CURVE('',#2083,#2084,#709,.T.);
#2552=EDGE_CURVE('',#2084,#2085,#710,.T.);
#2553=EDGE_CURVE('',#2085,#2086,#711,.T.);
#2554=EDGE_CURVE('',#2086,#2087,#712,.T.);
#2555=EDGE_CURVE('',#2087,#2088,#713,.T.);
#2556=EDGE_CURVE('',#2088,#2089,#714,.T.);
#2557=EDGE_CURVE('',#2089,#2090,#715,.T.);
#2558=EDGE_CURVE('',#2090,#2091,#716,.T.);
#2559=EDGE_CURVE('',#2091,#2092,#717,.T.);
#2560=EDGE_CURVE('',#2092,#2093,#718,.T.);
#2561=EDGE_CURVE('',#2093,#2094,#719,.T.);
#2562=EDGE_CURVE('',#2094,#2095,#720,.T.);
#2563=EDGE_CURVE('',#2095,#2096,#721,.T.);
#2564=EDGE_CURVE('',#2096,#2097,#722,.T.);
#2565=EDGE_CURVE('',#2097,#2098,#723,.T.);
#2566=EDGE_CURVE('',#2098,#2099,#724,.T.);
#2567=EDGE_CURVE('',#2099,#2100,#725,.T.);
#2568=EDGE_CURVE('',#2100,#2101,#726,.T.);
#2569=EDGE_CURVE('',#2101,#1996,#727,.T.);
#2570=EDGE_CURVE('',#2102,#2103,#728,.T.);
#2571=EDGE_CURVE('',#2103,#2104,#729,.T.);
#2572=EDGE_CURVE('',#2104,#2105,#730,.T.);
#2573=EDGE_CURVE('',#2105,#2102,#731,.T.);
#2574=EDGE_CURVE('',#2106,#2107,#732,.T.);
#2575=EDGE_CURVE('',#2107,#2108,#733,.T.);
#2576=EDGE_CURVE('',#2108,#2109,#734,.T.);
#2577=EDGE_CURVE('',#2109,#2106,#735,.T.);
#2578=EDGE_CURVE('',#2110,#2111,#736,.T.);
#2579=EDGE_CURVE('',#2111,#2112,#737,.T.);
#2580=EDGE_CURVE('',#2112,#2113,#738,.T.);
#2581=EDGE_CURVE('',#2113,#2110,#739,.T.);
#2582=EDGE_CURVE('',#2114,#2115,#740,.T.);
#2583=EDGE_CURVE('',#2115,#2116,#741,.T.);
#2584=EDGE_CURVE('',#2116,#2117,#742,.T.);
#2585=EDGE_CURVE('',#2117,#2114,#743,.T.);
#2586=EDGE_CURVE('',#2118,#2119,#744,.T.);
#2587=EDGE_CURVE('',#2119,#2120,#745,.T.);
#2588=EDGE_CURVE('',#2120,#2121,#746,.T.);
#2589=EDGE_CURVE('',#2121,#2118,#747,.T.);
#2590=EDGE_CURVE('',#2122,#2123,#748,.T.);
#2591=EDGE_CURVE('',#2123,#2124,#749,.T.);
#2592=EDGE_CURVE('',#2124,#2125,#750,.T.);
#2593=EDGE_CURVE('',#2125,#2122,#751,.T.);
#2594=EDGE_CURVE('',#2126,#2127,#752,.T.);
#2595=EDGE_CURVE('',#2127,#2128,#753,.T.);
#2596=EDGE_CURVE('',#2128,#2129,#754,.T.);
#2597=EDGE_CURVE('',#2129,#2126,#755,.T.);
#2598=EDGE_CURVE('',#2130,#2131,#756,.T.);
#2599=EDGE_CURVE('',#2131,#2132,#757,.T.);
#2600=EDGE_CURVE('',#2132,#2133,#758,.T.);
#2601=EDGE_CURVE('',#2133,#2130,#759,.T.);
#2602=EDGE_CURVE('',#2134,#2135,#760,.T.);
#2603=EDGE_CURVE('',#2135,#2136,#761,.T.);
#2604=EDGE_CURVE('',#2136,#2137,#762,.T.);
#2605=EDGE_CURVE('',#2137,#2134,#763,.T.);
#2606=EDGE_CURVE('',#2138,#2139,#764,.T.);
#2607=EDGE_CURVE('',#2139,#2140,#765,.T.);
#2608=EDGE_CURVE('',#2140,#2141,#766,.T.);
#2609=EDGE_CURVE('',#2141,#2138,#767,.T.);
#2610=EDGE_CURVE('',#2142,#2143,#768,.T.);
#2611=EDGE_CURVE('',#2143,#2144,#769,.T.);
#2612=EDGE_CURVE('',#2144,#2145,#770,.T.);
#2613=EDGE_CURVE('',#2145,#2142,#771,.T.);
#2614=EDGE_CURVE('',#2146,#2147,#772,.T.);
#2615=EDGE_CURVE('',#2147,#2148,#773,.T.);
#2616=EDGE_CURVE('',#2148,#2149,#774,.T.);
#2617=EDGE_CURVE('',#2149,#2146,#775,.T.);
#2618=EDGE_CURVE('',#2150,#2151,#776,.T.);
#2619=EDGE_CURVE('',#2151,#2152,#777,.T.);
#2620=EDGE_CURVE('',#2152,#2153,#778,.T.);
#2621=EDGE_CURVE('',#2153,#2150,#779,.T.);
#2622=EDGE_CURVE('',#2154,#2155,#780,.T.);
#2623=EDGE_CURVE('',#2155,#2156,#781,.T.);
#2624=EDGE_CURVE('',#2156,#2157,#782,.T.);
#2625=EDGE_CURVE('',#2157,#2154,#783,.T.);
#2626=EDGE_CURVE('',#2158,#2159,#784,.T.);
#2627=EDGE_CURVE('',#2159,#2160,#785,.T.);
#2628=EDGE_CURVE('',#2160,#2161,#786,.T.);
#2629=EDGE_CURVE('',#2161,#2158,#787,.T.);
#2630=EDGE_CURVE('',#2162,#2163,#788,.T.);
#2631=EDGE_CURVE('',#2163,#2164,#789,.T.);
#2632=EDGE_CURVE('',#2164,#2165,#790,.T.);
#2633=EDGE_CURVE('',#2165,#2162,#791,.T.);
#2634=EDGE_CURVE('',#2166,#2167,#792,.T.);
#2635=EDGE_CURVE('',#2167,#2168,#793,.T.);
#2636=EDGE_CURVE('',#2168,#2169,#794,.T.);
#2637=EDGE_CURVE('',#2169,#2166,#795,.T.);
#2638=EDGE_CURVE('',#2170,#2171,#796,.T.);
#2639=EDGE_CURVE('',#2171,#2172,#797,.T.);
#2640=EDGE_CURVE('',#2172,#2173,#798,.T.);
#2641=EDGE_CURVE('',#2173,#2170,#799,.T.);
#2642=EDGE_CURVE('',#2174,#2175,#800,.T.);
#2643=EDGE_CURVE('',#2175,#2176,#801,.T.);
#2644=EDGE_CURVE('',#2176,#2177,#802,.T.);
#2645=EDGE_CURVE('',#2177,#2174,#803,.T.);
#2646=EDGE_CURVE('',#2178,#2179,#804,.T.);
#2647=EDGE_CURVE('',#2179,#2180,#805,.T.);
#2648=EDGE_CURVE('',#2180,#2181,#806,.T.);
#2649=EDGE_CURVE('',#2181,#2178,#807,.T.);
#2650=EDGE_CURVE('',#2182,#2183,#808,.T.);
#2651=EDGE_CURVE('',#2183,#2184,#809,.T.);
#2652=EDGE_CURVE('',#2184,#2185,#810,.T.);
#2653=EDGE_CURVE('',#2185,#2182,#811,.T.);
#2654=EDGE_CURVE('',#2186,#2187,#812,.T.);
#2655=EDGE_CURVE('',#2187,#2188,#813,.T.);
#2656=EDGE_CURVE('',#2188,#2189,#814,.T.);
#2657=EDGE_CURVE('',#2189,#2186,#815,.T.);
#2658=EDGE_CURVE('',#2190,#2191,#816,.T.);
#2659=EDGE_CURVE('',#2191,#2192,#817,.T.);
#2660=EDGE_CURVE('',#2192,#2193,#818,.T.);
#2661=EDGE_CURVE('',#2193,#2190,#819,.T.);
#2662=EDGE_CURVE('',#2194,#2195,#820,.T.);
#2663=EDGE_CURVE('',#2195,#2196,#821,.T.);
#2664=EDGE_CURVE('',#2196,#2197,#822,.T.);
#2665=EDGE_CURVE('',#2197,#2194,#823,.T.);
#2666=EDGE_CURVE('',#2198,#2199,#824,.T.);
#2667=EDGE_CURVE('',#2199,#2200,#825,.T.);
#2668=EDGE_CURVE('',#2200,#2201,#826,.T.);
#2669=EDGE_CURVE('',#2201,#2198,#827,.T.);
#2670=EDGE_CURVE('',#2202,#2203,#828,.T.);
#2671=EDGE_CURVE('',#2203,#2204,#829,.T.);
#2672=EDGE_CURVE('',#2204,#2205,#830,.T.);
#2673=EDGE_CURVE('',#2205,#2202,#831,.T.);
#2674=EDGE_CURVE('',#2206,#2207,#832,.T.);
#2675=EDGE_CURVE('',#2207,#2208,#833,.T.);
#2676=EDGE_CURVE('',#2208,#2209,#834,.T.);
#2677=EDGE_CURVE('',#2209,#2206,#835,.T.);
#2678=EDGE_CURVE('',#2210,#2211,#836,.T.);
#2679=EDGE_CURVE('',#2211,#2212,#837,.T.);
#2680=EDGE_CURVE('',#2212,#2213,#838,.T.);
#2681=EDGE_CURVE('',#2213,#2210,#839,.T.);
#2682=EDGE_CURVE('',#2214,#2215,#840,.T.);
#2683=EDGE_CURVE('',#2215,#2216,#841,.T.);
#2684=EDGE_CURVE('',#2216,#2217,#842,.T.);
#2685=EDGE_CURVE('',#2217,#2214,#843,.T.);
#2686=EDGE_CURVE('',#2218,#1997,#844,.F.);
#2687=EDGE_CURVE('',#2218,#2219,#845,.T.);
#2688=EDGE_CURVE('',#1998,#2219,#846,.T.);
#2689=EDGE_CURVE('',#1990,#2220,#847,.T.);
#2690=EDGE_CURVE('',#2001,#2221,#848,.F.);
#2691=EDGE_CURVE('',#2221,#2220,#849,.T.);
#2692=EDGE_CURVE('',#2222,#2223,#850,.T.);
#2693=EDGE_CURVE('',#2224,#2222,#851,.T.);
#2694=EDGE_CURVE('',#2225,#2224,#852,.T.);
#2695=EDGE_CURVE('',#2223,#2225,#853,.T.);
#2696=EDGE_CURVE('',#2225,#1999,#854,.T.);
#2697=EDGE_CURVE('',#2223,#2219,#855,.T.);
#2698=EDGE_CURVE('',#2224,#2000,#856,.T.);
#2699=EDGE_CURVE('',#2222,#2221,#857,.T.);
#2700=EDGE_CURVE('',#2226,#2217,#858,.T.);
#2701=EDGE_CURVE('',#2227,#2226,#859,.T.);
#2702=EDGE_CURVE('',#2214,#2227,#860,.T.);
#2703=EDGE_CURVE('',#2228,#2227,#861,.T.);
#2704=EDGE_CURVE('',#2215,#2228,#862,.T.);
#2705=EDGE_CURVE('',#2226,#2229,#863,.T.);
#2706=EDGE_CURVE('',#2229,#2228,#864,.T.);
#2707=EDGE_CURVE('',#2230,#2209,#865,.T.);
#2708=EDGE_CURVE('',#2231,#2230,#866,.T.);
#2709=EDGE_CURVE('',#2206,#2231,#867,.T.);
#2710=EDGE_CURVE('',#2232,#2231,#868,.T.);
#2711=EDGE_CURVE('',#2207,#2232,#869,.T.);
#2712=EDGE_CURVE('',#2230,#2233,#870,.T.);
#2713=EDGE_CURVE('',#2233,#2232,#871,.T.);
#2714=EDGE_CURVE('',#2234,#2109,#872,.T.);
#2715=EDGE_CURVE('',#2235,#2234,#873,.T.);
#2716=EDGE_CURVE('',#2106,#2235,#874,.T.);
#2717=EDGE_CURVE('',#2236,#2235,#875,.T.);
#2718=EDGE_CURVE('',#2107,#2236,#876,.T.);
#2719=EDGE_CURVE('',#2234,#2237,#877,.T.);
#2720=EDGE_CURVE('',#2237,#2236,#878,.T.);
#2721=EDGE_CURVE('',#2238,#2213,#879,.T.);
#2722=EDGE_CURVE('',#2239,#2238,#880,.T.);
#2723=EDGE_CURVE('',#2210,#2239,#881,.T.);
#2724=EDGE_CURVE('',#2240,#2239,#882,.T.);
#2725=EDGE_CURVE('',#2211,#2240,#883,.T.);
#2726=EDGE_CURVE('',#2238,#2241,#884,.T.);
#2727=EDGE_CURVE('',#2241,#2240,#885,.T.);
#2728=EDGE_CURVE('',#2242,#2105,#886,.T.);
#2729=EDGE_CURVE('',#2243,#2242,#887,.T.);
#2730=EDGE_CURVE('',#2102,#2243,#888,.T.);
#2731=EDGE_CURVE('',#2244,#2243,#889,.T.);
#2732=EDGE_CURVE('',#2103,#2244,#890,.T.);
#2733=EDGE_CURVE('',#2242,#2245,#891,.T.);
#2734=EDGE_CURVE('',#2245,#2244,#892,.T.);
#2735=EDGE_CURVE('',#2216,#2229,#893,.T.);
#2736=EDGE_CURVE('',#2104,#2245,#894,.T.);
#2737=EDGE_CURVE('',#2212,#2241,#895,.T.);
#2738=EDGE_CURVE('',#2108,#2237,#896,.T.);
#2739=EDGE_CURVE('',#2208,#2233,#897,.T.);
#2740=EDGE_CURVE('',#2246,#2247,#898,.T.);
#2741=EDGE_CURVE('',#2247,#2053,#899,.T.);
#2742=EDGE_CURVE('',#2052,#2246,#900,.T.);
#2743=EDGE_CURVE('',#2218,#2248,#901,.T.);
#2744=EDGE_CURVE('',#2248,#2249,#902,.T.);
#2745=EDGE_CURVE('',#2249,#2250,#903,.T.);
#2746=EDGE_CURVE('',#2250,#2251,#904,.T.);
#2747=EDGE_CURVE('',#2251,#2252,#905,.T.);
#2748=EDGE_CURVE('',#2252,#2253,#906,.T.);
#2749=EDGE_CURVE('',#2253,#2254,#907,.T.);
#2750=EDGE_CURVE('',#2254,#2255,#908,.T.);
#2751=EDGE_CURVE('',#2255,#2256,#909,.T.);
#2752=EDGE_CURVE('',#2256,#2257,#910,.T.);
#2753=EDGE_CURVE('',#2257,#2258,#911,.T.);
#2754=EDGE_CURVE('',#2258,#2259,#912,.T.);
#2755=EDGE_CURVE('',#2259,#2260,#913,.T.);
#2756=EDGE_CURVE('',#2260,#2261,#914,.T.);
#2757=EDGE_CURVE('',#2261,#2262,#915,.T.);
#2758=EDGE_CURVE('',#2262,#2263,#916,.T.);
#2759=EDGE_CURVE('',#2263,#2264,#917,.T.);
#2760=EDGE_CURVE('',#2264,#2265,#918,.T.);
#2761=EDGE_CURVE('',#2265,#2266,#919,.T.);
#2762=EDGE_CURVE('',#2266,#2267,#920,.T.);
#2763=EDGE_CURVE('',#2267,#2268,#921,.T.);
#2764=EDGE_CURVE('',#2268,#2269,#922,.T.);
#2765=EDGE_CURVE('',#2269,#2270,#923,.T.);
#2766=EDGE_CURVE('',#2270,#2271,#924,.T.);
#2767=EDGE_CURVE('',#2271,#2272,#925,.T.);
#2768=EDGE_CURVE('',#2272,#2273,#926,.T.);
#2769=EDGE_CURVE('',#2273,#2274,#927,.T.);
#2770=EDGE_CURVE('',#2274,#2275,#928,.T.);
#2771=EDGE_CURVE('',#2275,#2276,#929,.T.);
#2772=EDGE_CURVE('',#2276,#2277,#930,.T.);
#2773=EDGE_CURVE('',#2277,#2278,#931,.T.);
#2774=EDGE_CURVE('',#2278,#2279,#932,.T.);
#2775=EDGE_CURVE('',#2279,#2280,#933,.T.);
#2776=EDGE_CURVE('',#2280,#2281,#934,.T.);
#2777=EDGE_CURVE('',#2281,#2282,#935,.T.);
#2778=EDGE_CURVE('',#2282,#2283,#936,.T.);
#2779=EDGE_CURVE('',#2283,#2284,#937,.T.);
#2780=EDGE_CURVE('',#2284,#2285,#938,.T.);
#2781=EDGE_CURVE('',#2285,#2286,#939,.T.);
#2782=EDGE_CURVE('',#2286,#2287,#940,.T.);
#2783=EDGE_CURVE('',#2287,#2288,#941,.T.);
#2784=EDGE_CURVE('',#2288,#2289,#942,.T.);
#2785=EDGE_CURVE('',#2289,#2290,#943,.T.);
#2786=EDGE_CURVE('',#2290,#2291,#944,.T.);
#2787=EDGE_CURVE('',#2291,#2292,#945,.T.);
#2788=EDGE_CURVE('',#2292,#2293,#946,.T.);
#2789=EDGE_CURVE('',#2293,#2294,#947,.T.);
#2790=EDGE_CURVE('',#2294,#2295,#948,.T.);
#2791=EDGE_CURVE('',#2295,#2247,#949,.T.);
#2792=EDGE_CURVE('',#2246,#2296,#950,.T.);
#2793=EDGE_CURVE('',#2296,#2297,#951,.T.);
#2794=EDGE_CURVE('',#2297,#2298,#952,.T.);
#2795=EDGE_CURVE('',#2298,#2299,#953,.T.);
#2796=EDGE_CURVE('',#2299,#2300,#954,.T.);
#2797=EDGE_CURVE('',#2300,#2301,#955,.T.);
#2798=EDGE_CURVE('',#2301,#2302,#956,.T.);
#2799=EDGE_CURVE('',#2302,#2303,#957,.T.);
#2800=EDGE_CURVE('',#2303,#2304,#958,.T.);
#2801=EDGE_CURVE('',#2304,#2305,#959,.T.);
#2802=EDGE_CURVE('',#2305,#2306,#960,.T.);
#2803=EDGE_CURVE('',#2306,#2307,#961,.T.);
#2804=EDGE_CURVE('',#2307,#2308,#962,.T.);
#2805=EDGE_CURVE('',#2308,#2309,#963,.T.);
#2806=EDGE_CURVE('',#2309,#2310,#964,.T.);
#2807=EDGE_CURVE('',#2310,#2311,#965,.T.);
#2808=EDGE_CURVE('',#2311,#2312,#966,.T.);
#2809=EDGE_CURVE('',#2312,#2313,#967,.T.);
#2810=EDGE_CURVE('',#2313,#2314,#968,.T.);
#2811=EDGE_CURVE('',#2314,#2315,#969,.T.);
#2812=EDGE_CURVE('',#2315,#2316,#970,.T.);
#2813=EDGE_CURVE('',#2316,#2317,#971,.T.);
#2814=EDGE_CURVE('',#2317,#2318,#972,.T.);
#2815=EDGE_CURVE('',#2318,#2319,#973,.T.);
#2816=EDGE_CURVE('',#2319,#2320,#974,.T.);
#2817=EDGE_CURVE('',#2320,#2321,#975,.T.);
#2818=EDGE_CURVE('',#2321,#2322,#976,.T.);
#2819=EDGE_CURVE('',#2322,#2323,#977,.T.);
#2820=EDGE_CURVE('',#2323,#2324,#978,.T.);
#2821=EDGE_CURVE('',#2324,#2325,#979,.T.);
#2822=EDGE_CURVE('',#2325,#2326,#980,.T.);
#2823=EDGE_CURVE('',#2326,#2327,#981,.T.);
#2824=EDGE_CURVE('',#2327,#2328,#982,.T.);
#2825=EDGE_CURVE('',#2328,#2329,#983,.T.);
#2826=EDGE_CURVE('',#2329,#2330,#984,.T.);
#2827=EDGE_CURVE('',#2330,#2331,#985,.T.);
#2828=EDGE_CURVE('',#2331,#2332,#986,.T.);
#2829=EDGE_CURVE('',#2332,#2333,#987,.T.);
#2830=EDGE_CURVE('',#2333,#2334,#988,.T.);
#2831=EDGE_CURVE('',#2334,#2335,#989,.T.);
#2832=EDGE_CURVE('',#2335,#2336,#990,.T.);
#2833=EDGE_CURVE('',#2336,#2337,#991,.T.);
#2834=EDGE_CURVE('',#2337,#2338,#992,.T.);
#2835=EDGE_CURVE('',#2338,#2339,#993,.T.);
#2836=EDGE_CURVE('',#2339,#2340,#994,.T.);
#2837=EDGE_CURVE('',#2340,#2341,#995,.T.);
#2838=EDGE_CURVE('',#2341,#2342,#996,.T.);
#2839=EDGE_CURVE('',#2342,#2343,#997,.T.);
#2840=EDGE_CURVE('',#2343,#2220,#998,.T.);
#2841=EDGE_CURVE('',#2344,#2345,#999,.T.);
#2842=EDGE_CURVE('',#2345,#2346,#1000,.T.);
#2843=EDGE_CURVE('',#2346,#2347,#1001,.T.);
#2844=EDGE_CURVE('',#2347,#2344,#1002,.T.);
#2845=EDGE_CURVE('',#2348,#2349,#1003,.T.);
#2846=EDGE_CURVE('',#2349,#2350,#1004,.T.);
#2847=EDGE_CURVE('',#2350,#2351,#1005,.T.);
#2848=EDGE_CURVE('',#2351,#2348,#1006,.T.);
#2849=EDGE_CURVE('',#2352,#2353,#1007,.T.);
#2850=EDGE_CURVE('',#2353,#2354,#1008,.T.);
#2851=EDGE_CURVE('',#2354,#2355,#1009,.T.);
#2852=EDGE_CURVE('',#2355,#2352,#1010,.T.);
#2853=EDGE_CURVE('',#2356,#2357,#1011,.T.);
#2854=EDGE_CURVE('',#2357,#2358,#1012,.T.);
#2855=EDGE_CURVE('',#2358,#2359,#1013,.T.);
#2856=EDGE_CURVE('',#2359,#2356,#1014,.T.);
#2857=EDGE_CURVE('',#2360,#2361,#1015,.T.);
#2858=EDGE_CURVE('',#2361,#2362,#1016,.T.);
#2859=EDGE_CURVE('',#2362,#2363,#1017,.T.);
#2860=EDGE_CURVE('',#2363,#2360,#1018,.T.);
#2861=EDGE_CURVE('',#2364,#2365,#1019,.T.);
#2862=EDGE_CURVE('',#2365,#2366,#1020,.T.);
#2863=EDGE_CURVE('',#2366,#2367,#1021,.T.);
#2864=EDGE_CURVE('',#2367,#2364,#1022,.T.);
#2865=EDGE_CURVE('',#2368,#2369,#1023,.T.);
#2866=EDGE_CURVE('',#2369,#2370,#1024,.T.);
#2867=EDGE_CURVE('',#2370,#2371,#1025,.T.);
#2868=EDGE_CURVE('',#2371,#2368,#1026,.T.);
#2869=EDGE_CURVE('',#2372,#2373,#1027,.T.);
#2870=EDGE_CURVE('',#2373,#2374,#1028,.T.);
#2871=EDGE_CURVE('',#2374,#2375,#1029,.T.);
#2872=EDGE_CURVE('',#2375,#2372,#1030,.T.);
#2873=EDGE_CURVE('',#2376,#2377,#1031,.T.);
#2874=EDGE_CURVE('',#2377,#2378,#1032,.T.);
#2875=EDGE_CURVE('',#2378,#2379,#1033,.T.);
#2876=EDGE_CURVE('',#2379,#2376,#1034,.T.);
#2877=EDGE_CURVE('',#2380,#2381,#1035,.T.);
#2878=EDGE_CURVE('',#2381,#2382,#1036,.T.);
#2879=EDGE_CURVE('',#2382,#2383,#1037,.T.);
#2880=EDGE_CURVE('',#2383,#2380,#1038,.T.);
#2881=EDGE_CURVE('',#2384,#2385,#1039,.T.);
#2882=EDGE_CURVE('',#2385,#2386,#1040,.T.);
#2883=EDGE_CURVE('',#2386,#2387,#1041,.T.);
#2884=EDGE_CURVE('',#2387,#2384,#1042,.T.);
#2885=EDGE_CURVE('',#2388,#2389,#1043,.T.);
#2886=EDGE_CURVE('',#2389,#2390,#1044,.T.);
#2887=EDGE_CURVE('',#2390,#2391,#1045,.T.);
#2888=EDGE_CURVE('',#2391,#2388,#1046,.T.);
#2889=EDGE_CURVE('',#2392,#2393,#1047,.T.);
#2890=EDGE_CURVE('',#2393,#2394,#1048,.T.);
#2891=EDGE_CURVE('',#2394,#2395,#1049,.T.);
#2892=EDGE_CURVE('',#2395,#2392,#1050,.T.);
#2893=EDGE_CURVE('',#2396,#2397,#1051,.T.);
#2894=EDGE_CURVE('',#2397,#2398,#1052,.T.);
#2895=EDGE_CURVE('',#2398,#2399,#1053,.T.);
#2896=EDGE_CURVE('',#2399,#2396,#1054,.T.);
#2897=EDGE_CURVE('',#2400,#2401,#1055,.T.);
#2898=EDGE_CURVE('',#2401,#2402,#1056,.T.);
#2899=EDGE_CURVE('',#2402,#2403,#1057,.T.);
#2900=EDGE_CURVE('',#2403,#2400,#1058,.T.);
#2901=EDGE_CURVE('',#2404,#2405,#1059,.T.);
#2902=EDGE_CURVE('',#2405,#2406,#1060,.T.);
#2903=EDGE_CURVE('',#2406,#2407,#1061,.T.);
#2904=EDGE_CURVE('',#2407,#2404,#1062,.T.);
#2905=EDGE_CURVE('',#2408,#2409,#1063,.T.);
#2906=EDGE_CURVE('',#2409,#2410,#1064,.T.);
#2907=EDGE_CURVE('',#2410,#2411,#1065,.T.);
#2908=EDGE_CURVE('',#2411,#2408,#1066,.T.);
#2909=EDGE_CURVE('',#2412,#2413,#1067,.T.);
#2910=EDGE_CURVE('',#2413,#2414,#1068,.T.);
#2911=EDGE_CURVE('',#2414,#2415,#1069,.T.);
#2912=EDGE_CURVE('',#2415,#2412,#1070,.T.);
#2913=EDGE_CURVE('',#2416,#2417,#1071,.T.);
#2914=EDGE_CURVE('',#2417,#2418,#1072,.T.);
#2915=EDGE_CURVE('',#2418,#2419,#1073,.T.);
#2916=EDGE_CURVE('',#2419,#2416,#1074,.T.);
#2917=EDGE_CURVE('',#2420,#2421,#1075,.T.);
#2918=EDGE_CURVE('',#2421,#2422,#1076,.T.);
#2919=EDGE_CURVE('',#2422,#2423,#1077,.T.);
#2920=EDGE_CURVE('',#2423,#2420,#1078,.T.);
#2921=EDGE_CURVE('',#2424,#2425,#1079,.T.);
#2922=EDGE_CURVE('',#2425,#2426,#1080,.T.);
#2923=EDGE_CURVE('',#2426,#2427,#1081,.T.);
#2924=EDGE_CURVE('',#2427,#2424,#1082,.T.);
#2925=EDGE_CURVE('',#2428,#2429,#1083,.T.);
#2926=EDGE_CURVE('',#2429,#2430,#1084,.T.);
#2927=EDGE_CURVE('',#2430,#2431,#1085,.T.);
#2928=EDGE_CURVE('',#2431,#2428,#1086,.T.);
#2929=EDGE_CURVE('',#2432,#2433,#1087,.T.);
#2930=EDGE_CURVE('',#2433,#2434,#1088,.T.);
#2931=EDGE_CURVE('',#2434,#2435,#1089,.T.);
#2932=EDGE_CURVE('',#2435,#2432,#1090,.T.);
#2933=EDGE_CURVE('',#2436,#2437,#1091,.T.);
#2934=EDGE_CURVE('',#2437,#2438,#1092,.T.);
#2935=EDGE_CURVE('',#2438,#2439,#1093,.T.);
#2936=EDGE_CURVE('',#2439,#2436,#1094,.T.);
#2937=EDGE_CURVE('',#2440,#2441,#1095,.T.);
#2938=EDGE_CURVE('',#2441,#2442,#1096,.T.);
#2939=EDGE_CURVE('',#2442,#2443,#1097,.T.);
#2940=EDGE_CURVE('',#2443,#2440,#1098,.T.);
#2941=EDGE_CURVE('',#2049,#2298,#1099,.T.);
#2942=EDGE_CURVE('',#2299,#2048,#1100,.T.);
#2943=EDGE_CURVE('',#2051,#2296,#1101,.T.);
#2944=EDGE_CURVE('',#2050,#2297,#1102,.T.);
#2945=EDGE_CURVE('',#2113,#2442,#1103,.T.);
#2946=EDGE_CURVE('',#2112,#2443,#1104,.T.);
#2947=EDGE_CURVE('',#2111,#2440,#1105,.T.);
#2948=EDGE_CURVE('',#2110,#2441,#1106,.T.);
#2949=EDGE_CURVE('',#2056,#2293,#1107,.T.);
#2950=EDGE_CURVE('',#2055,#2294,#1108,.T.);
#2951=EDGE_CURVE('',#2295,#2054,#1109,.T.);
#2952=EDGE_CURVE('',#2057,#2292,#1110,.T.);
#2953=EDGE_CURVE('',#2117,#2438,#1111,.T.);
#2954=EDGE_CURVE('',#2116,#2439,#1112,.T.);
#2955=EDGE_CURVE('',#2115,#2436,#1113,.T.);
#2956=EDGE_CURVE('',#2114,#2437,#1114,.T.);
#2957=EDGE_CURVE('',#2291,#2058,#1115,.T.);
#2958=EDGE_CURVE('',#2047,#2300,#1116,.T.);
#2959=EDGE_CURVE('',#2088,#2261,#1117,.T.);
#2960=EDGE_CURVE('',#2087,#2262,#1118,.T.);
#2961=EDGE_CURVE('',#2263,#2086,#1119,.T.);
#2962=EDGE_CURVE('',#2089,#2260,#1120,.T.);
#2963=EDGE_CURVE('',#2092,#2257,#1121,.T.);
#2964=EDGE_CURVE('',#2091,#2258,#1122,.T.);
#2965=EDGE_CURVE('',#2259,#2090,#1123,.T.);
#2966=EDGE_CURVE('',#2093,#2256,#1124,.T.);
#2967=EDGE_CURVE('',#2205,#2346,#1125,.T.);
#2968=EDGE_CURVE('',#2204,#2347,#1126,.T.);
#2969=EDGE_CURVE('',#2203,#2344,#1127,.T.);
#2970=EDGE_CURVE('',#2202,#2345,#1128,.T.);
#2971=EDGE_CURVE('',#2201,#2350,#1129,.T.);
#2972=EDGE_CURVE('',#2200,#2351,#1130,.T.);
#2973=EDGE_CURVE('',#2199,#2348,#1131,.T.);
#2974=EDGE_CURVE('',#2198,#2349,#1132,.T.);
#2975=EDGE_CURVE('',#2197,#2354,#1133,.T.);
#2976=EDGE_CURVE('',#2196,#2355,#1134,.T.);
#2977=EDGE_CURVE('',#2195,#2352,#1135,.T.);
#2978=EDGE_CURVE('',#2194,#2353,#1136,.T.);
#2979=EDGE_CURVE('',#2064,#2285,#1137,.T.);
#2980=EDGE_CURVE('',#2063,#2286,#1138,.T.);
#2981=EDGE_CURVE('',#2287,#2062,#1139,.T.);
#2982=EDGE_CURVE('',#2065,#2284,#1140,.T.);
#2983=EDGE_CURVE('',#2038,#2309,#1141,.T.);
#2984=EDGE_CURVE('',#2037,#2310,#1142,.T.);
#2985=EDGE_CURVE('',#2311,#2036,#1143,.T.);
#2986=EDGE_CURVE('',#2039,#2308,#1144,.T.);
#2987=EDGE_CURVE('',#2193,#2358,#1145,.T.);
#2988=EDGE_CURVE('',#2192,#2359,#1146,.T.);
#2989=EDGE_CURVE('',#2191,#2356,#1147,.T.);
#2990=EDGE_CURVE('',#2190,#2357,#1148,.T.);
#2991=EDGE_CURVE('',#2189,#2362,#1149,.T.);
#2992=EDGE_CURVE('',#2188,#2363,#1150,.T.);
#2993=EDGE_CURVE('',#2187,#2360,#1151,.T.);
#2994=EDGE_CURVE('',#2186,#2361,#1152,.T.);
#2995=EDGE_CURVE('',#2084,#2265,#1153,.T.);
#2996=EDGE_CURVE('',#2083,#2266,#1154,.T.);
#2997=EDGE_CURVE('',#2267,#2082,#1155,.T.);
#2998=EDGE_CURVE('',#2085,#2264,#1156,.T.);
#2999=EDGE_CURVE('',#2021,#2326,#1157,.T.);
#3000=EDGE_CURVE('',#2327,#2020,#1158,.T.);
#3001=EDGE_CURVE('',#2023,#2324,#1159,.T.);
#3002=EDGE_CURVE('',#2022,#2325,#1160,.T.);
#3003=EDGE_CURVE('',#2185,#2366,#1161,.T.);
#3004=EDGE_CURVE('',#2184,#2367,#1162,.T.);
#3005=EDGE_CURVE('',#2183,#2364,#1163,.T.);
#3006=EDGE_CURVE('',#2182,#2365,#1164,.T.);
#3007=EDGE_CURVE('',#2025,#2322,#1165,.T.);
#3008=EDGE_CURVE('',#2323,#2024,#1166,.T.);
#3009=EDGE_CURVE('',#2027,#2320,#1167,.T.);
#3010=EDGE_CURVE('',#2026,#2321,#1168,.T.);
#3011=EDGE_CURVE('',#2041,#2306,#1169,.T.);
#3012=EDGE_CURVE('',#2307,#2040,#1170,.T.);
#3013=EDGE_CURVE('',#2043,#2304,#1171,.T.);
#3014=EDGE_CURVE('',#2042,#2305,#1172,.T.);
#3015=EDGE_CURVE('',#2068,#2281,#1173,.T.);
#3016=EDGE_CURVE('',#2067,#2282,#1174,.T.);
#3017=EDGE_CURVE('',#2283,#2066,#1175,.T.);
#3018=EDGE_CURVE('',#2069,#2280,#1176,.T.);
#3019=EDGE_CURVE('',#2181,#2370,#1177,.T.);
#3020=EDGE_CURVE('',#2180,#2371,#1178,.T.);
#3021=EDGE_CURVE('',#2179,#2368,#1179,.T.);
#3022=EDGE_CURVE('',#2178,#2369,#1180,.T.);
#3023=EDGE_CURVE('',#2177,#2374,#1181,.T.);
#3024=EDGE_CURVE('',#2176,#2375,#1182,.T.);
#3025=EDGE_CURVE('',#2175,#2372,#1183,.T.);
#3026=EDGE_CURVE('',#2174,#2373,#1184,.T.);
#3027=EDGE_CURVE('',#2173,#2378,#1185,.T.);
#3028=EDGE_CURVE('',#2172,#2379,#1186,.T.);
#3029=EDGE_CURVE('',#2171,#2376,#1187,.T.);
#3030=EDGE_CURVE('',#2170,#2377,#1188,.T.);
#3031=EDGE_CURVE('',#2009,#2338,#1189,.T.);
#3032=EDGE_CURVE('',#2339,#2008,#1190,.T.);
#3033=EDGE_CURVE('',#2011,#2336,#1191,.T.);
#3034=EDGE_CURVE('',#2010,#2337,#1192,.T.);
#3035=EDGE_CURVE('',#2169,#2382,#1193,.T.);
#3036=EDGE_CURVE('',#2168,#2383,#1194,.T.);
#3037=EDGE_CURVE('',#2167,#2380,#1195,.T.);
#3038=EDGE_CURVE('',#2166,#2381,#1196,.T.);
#3039=EDGE_CURVE('',#2165,#2386,#1197,.T.);
#3040=EDGE_CURVE('',#2164,#2387,#1198,.T.);
#3041=EDGE_CURVE('',#2163,#2384,#1199,.T.);
#3042=EDGE_CURVE('',#2162,#2385,#1200,.T.);
#3043=EDGE_CURVE('',#2017,#2330,#1201,.T.);
#3044=EDGE_CURVE('',#2331,#2016,#1202,.T.);
#3045=EDGE_CURVE('',#2019,#2328,#1203,.T.);
#3046=EDGE_CURVE('',#2018,#2329,#1204,.T.);
#3047=EDGE_CURVE('',#2161,#2390,#1205,.T.);
#3048=EDGE_CURVE('',#2160,#2391,#1206,.T.);
#3049=EDGE_CURVE('',#2159,#2388,#1207,.T.);
#3050=EDGE_CURVE('',#2158,#2389,#1208,.T.);
#3051=EDGE_CURVE('',#2157,#2394,#1209,.T.);
#3052=EDGE_CURVE('',#2156,#2395,#1210,.T.);
#3053=EDGE_CURVE('',#2155,#2392,#1211,.T.);
#3054=EDGE_CURVE('',#2154,#2393,#1212,.T.);
#3055=EDGE_CURVE('',#2076,#2273,#1213,.T.);
#3056=EDGE_CURVE('',#2075,#2274,#1214,.T.);
#3057=EDGE_CURVE('',#2275,#2074,#1215,.T.);
#3058=EDGE_CURVE('',#2077,#2272,#1216,.T.);
#3059=EDGE_CURVE('',#2060,#2289,#1217,.T.);
#3060=EDGE_CURVE('',#2059,#2290,#1218,.T.);
#3061=EDGE_CURVE('',#2061,#2288,#1219,.T.);
#3062=EDGE_CURVE('',#2034,#2313,#1220,.T.);
#3063=EDGE_CURVE('',#2033,#2314,#1221,.T.);
#3064=EDGE_CURVE('',#2315,#2032,#1222,.T.);
#3065=EDGE_CURVE('',#2035,#2312,#1223,.T.);
#3066=EDGE_CURVE('',#2153,#2398,#1224,.T.);
#3067=EDGE_CURVE('',#2152,#2399,#1225,.T.);
#3068=EDGE_CURVE('',#2151,#2396,#1226,.T.);
#3069=EDGE_CURVE('',#2150,#2397,#1227,.T.);
#3070=EDGE_CURVE('',#2149,#2402,#1228,.T.);
#3071=EDGE_CURVE('',#2148,#2403,#1229,.T.);
#3072=EDGE_CURVE('',#2147,#2400,#1230,.T.);
#3073=EDGE_CURVE('',#2146,#2401,#1231,.T.);
#3074=EDGE_CURVE('',#2080,#2269,#1232,.T.);
#3075=EDGE_CURVE('',#2079,#2270,#1233,.T.);
#3076=EDGE_CURVE('',#2271,#2078,#1234,.T.);
#3077=EDGE_CURVE('',#2081,#2268,#1235,.T.);
#3078=EDGE_CURVE('',#2145,#2406,#1236,.T.);
#3079=EDGE_CURVE('',#2144,#2407,#1237,.T.);
#3080=EDGE_CURVE('',#2143,#2404,#1238,.T.);
#3081=EDGE_CURVE('',#2142,#2405,#1239,.T.);
#3082=EDGE_CURVE('',#2141,#2410,#1240,.T.);
#3083=EDGE_CURVE('',#2140,#2411,#1241,.T.);
#3084=EDGE_CURVE('',#2139,#2408,#1242,.T.);
#3085=EDGE_CURVE('',#2138,#2409,#1243,.T.);
#3086=EDGE_CURVE('',#2029,#2318,#1244,.T.);
#3087=EDGE_CURVE('',#2319,#2028,#1245,.T.);
#3088=EDGE_CURVE('',#2031,#2316,#1246,.T.);
#3089=EDGE_CURVE('',#2030,#2317,#1247,.T.);
#3090=EDGE_CURVE('',#2045,#2302,#1248,.T.);
#3091=EDGE_CURVE('',#2303,#2044,#1249,.T.);
#3092=EDGE_CURVE('',#2046,#2301,#1250,.T.);
#3093=EDGE_CURVE('',#2072,#2277,#1251,.T.);
#3094=EDGE_CURVE('',#2071,#2278,#1252,.T.);
#3095=EDGE_CURVE('',#2279,#2070,#1253,.T.);
#3096=EDGE_CURVE('',#2073,#2276,#1254,.T.);
#3097=EDGE_CURVE('',#2137,#2414,#1255,.T.);
#3098=EDGE_CURVE('',#2136,#2415,#1256,.T.);
#3099=EDGE_CURVE('',#2135,#2412,#1257,.T.);
#3100=EDGE_CURVE('',#2134,#2413,#1258,.T.);
#3101=EDGE_CURVE('',#2133,#2418,#1259,.T.);
#3102=EDGE_CURVE('',#2132,#2419,#1260,.T.);
#3103=EDGE_CURVE('',#2131,#2416,#1261,.T.);
#3104=EDGE_CURVE('',#2130,#2417,#1262,.T.);
#3105=EDGE_CURVE('',#2014,#2333,#1263,.T.);
#3106=EDGE_CURVE('',#2013,#2334,#1264,.T.);
#3107=EDGE_CURVE('',#2335,#2012,#1265,.T.);
#3108=EDGE_CURVE('',#2015,#2332,#1266,.T.);
#3109=EDGE_CURVE('',#2096,#2253,#1267,.T.);
#3110=EDGE_CURVE('',#2095,#2254,#1268,.T.);
#3111=EDGE_CURVE('',#2255,#2094,#1269,.T.);
#3112=EDGE_CURVE('',#2097,#2252,#1270,.T.);
#3113=EDGE_CURVE('',#2129,#2422,#1271,.T.);
#3114=EDGE_CURVE('',#2128,#2423,#1272,.T.);
#3115=EDGE_CURVE('',#2127,#2420,#1273,.T.);
#3116=EDGE_CURVE('',#2126,#2421,#1274,.T.);
#3117=EDGE_CURVE('',#2007,#2340,#1275,.T.);
#3118=EDGE_CURVE('',#2251,#2098,#1276,.T.);
#3119=EDGE_CURVE('',#2002,#2434,#1277,.T.);
#3120=EDGE_CURVE('',#1994,#2435,#1278,.T.);
#3121=EDGE_CURVE('',#2432,#1993,#1279,.F.);
#3122=EDGE_CURVE('',#2003,#2433,#1280,.T.);
#3123=EDGE_CURVE('',#2121,#2430,#1281,.T.);
#3124=EDGE_CURVE('',#2120,#2431,#1282,.T.);
#3125=EDGE_CURVE('',#2119,#2428,#1283,.T.);
#3126=EDGE_CURVE('',#2118,#2429,#1284,.T.);
#3127=EDGE_CURVE('',#2125,#2426,#1285,.T.);
#3128=EDGE_CURVE('',#2124,#2427,#1286,.T.);
#3129=EDGE_CURVE('',#2123,#2424,#1287,.T.);
#3130=EDGE_CURVE('',#2122,#2425,#1288,.T.);
#3131=EDGE_CURVE('',#2100,#2249,#1289,.T.);
#3132=EDGE_CURVE('',#2099,#2250,#1290,.T.);
#3133=EDGE_CURVE('',#2101,#2248,#1291,.T.);
#3134=EDGE_CURVE('',#2006,#2341,#1292,.T.);
#3135=EDGE_CURVE('',#2005,#2342,#1293,.T.);
#3136=EDGE_CURVE('',#2343,#2004,#1294,.T.);
#3137=ORIENTED_EDGE('',*,*,#2444,.F.);
#3138=ORIENTED_EDGE('',*,*,#2445,.T.);
#3139=ORIENTED_EDGE('',*,*,#2446,.F.);
#3140=ORIENTED_EDGE('',*,*,#2447,.T.);
#3141=ORIENTED_EDGE('',*,*,#2446,.T.);
#3142=ORIENTED_EDGE('',*,*,#2448,.T.);
#3143=ORIENTED_EDGE('',*,*,#2449,.T.);
#3144=ORIENTED_EDGE('',*,*,#2450,.T.);
#3145=ORIENTED_EDGE('',*,*,#2451,.F.);
#3146=ORIENTED_EDGE('',*,*,#2452,.T.);
#3147=ORIENTED_EDGE('',*,*,#2449,.F.);
#3148=ORIENTED_EDGE('',*,*,#2453,.T.);
#3149=ORIENTED_EDGE('',*,*,#2444,.T.);
#3150=ORIENTED_EDGE('',*,*,#2454,.T.);
#3151=ORIENTED_EDGE('',*,*,#2451,.T.);
#3152=ORIENTED_EDGE('',*,*,#2455,.T.);
#3153=ORIENTED_EDGE('',*,*,#2456,.T.);
#3154=ORIENTED_EDGE('',*,*,#2457,.T.);
#3155=ORIENTED_EDGE('',*,*,#2458,.F.);
#3156=ORIENTED_EDGE('',*,*,#2459,.T.);
#3157=ORIENTED_EDGE('',*,*,#2460,.F.);
#3158=ORIENTED_EDGE('',*,*,#2461,.T.);
#3159=ORIENTED_EDGE('',*,*,#2462,.F.);
#3160=ORIENTED_EDGE('',*,*,#2463,.T.);
#3161=ORIENTED_EDGE('',*,*,#2464,.F.);
#3162=ORIENTED_EDGE('',*,*,#2465,.T.);
#3163=ORIENTED_EDGE('',*,*,#2466,.T.);
#3164=ORIENTED_EDGE('',*,*,#2467,.F.);
#3165=ORIENTED_EDGE('',*,*,#2461,.F.);
#3166=ORIENTED_EDGE('',*,*,#2468,.T.);
#3167=ORIENTED_EDGE('',*,*,#2469,.T.);
#3168=ORIENTED_EDGE('',*,*,#2470,.T.);
#3169=ORIENTED_EDGE('',*,*,#2457,.F.);
#3170=ORIENTED_EDGE('',*,*,#2471,.T.);
#3171=ORIENTED_EDGE('',*,*,#2472,.T.);
#3172=ORIENTED_EDGE('',*,*,#2473,.T.);
#3173=ORIENTED_EDGE('',*,*,#2474,.T.);
#3174=ORIENTED_EDGE('',*,*,#2475,.T.);
#3175=ORIENTED_EDGE('',*,*,#2476,.T.);
#3176=ORIENTED_EDGE('',*,*,#2477,.T.);
#3177=ORIENTED_EDGE('',*,*,#2478,.T.);
#3178=ORIENTED_EDGE('',*,*,#2479,.T.);
#3179=ORIENTED_EDGE('',*,*,#2480,.T.);
#3180=ORIENTED_EDGE('',*,*,#2481,.T.);
#3181=ORIENTED_EDGE('',*,*,#2482,.T.);
#3182=ORIENTED_EDGE('',*,*,#2483,.T.);
#3183=ORIENTED_EDGE('',*,*,#2484,.T.);
#3184=ORIENTED_EDGE('',*,*,#2485,.T.);
#3185=ORIENTED_EDGE('',*,*,#2486,.T.);
#3186=ORIENTED_EDGE('',*,*,#2487,.T.);
#3187=ORIENTED_EDGE('',*,*,#2488,.T.);
#3188=ORIENTED_EDGE('',*,*,#2489,.T.);
#3189=ORIENTED_EDGE('',*,*,#2490,.T.);
#3190=ORIENTED_EDGE('',*,*,#2491,.T.);
#3191=ORIENTED_EDGE('',*,*,#2492,.T.);
#3192=ORIENTED_EDGE('',*,*,#2493,.T.);
#3193=ORIENTED_EDGE('',*,*,#2494,.T.);
#3194=ORIENTED_EDGE('',*,*,#2495,.T.);
#3195=ORIENTED_EDGE('',*,*,#2496,.T.);
#3196=ORIENTED_EDGE('',*,*,#2497,.T.);
#3197=ORIENTED_EDGE('',*,*,#2498,.T.);
#3198=ORIENTED_EDGE('',*,*,#2499,.T.);
#3199=ORIENTED_EDGE('',*,*,#2500,.T.);
#3200=ORIENTED_EDGE('',*,*,#2501,.T.);
#3201=ORIENTED_EDGE('',*,*,#2502,.T.);
#3202=ORIENTED_EDGE('',*,*,#2503,.T.);
#3203=ORIENTED_EDGE('',*,*,#2504,.T.);
#3204=ORIENTED_EDGE('',*,*,#2505,.T.);
#3205=ORIENTED_EDGE('',*,*,#2506,.T.);
#3206=ORIENTED_EDGE('',*,*,#2507,.T.);
#3207=ORIENTED_EDGE('',*,*,#2508,.T.);
#3208=ORIENTED_EDGE('',*,*,#2509,.T.);
#3209=ORIENTED_EDGE('',*,*,#2510,.T.);
#3210=ORIENTED_EDGE('',*,*,#2511,.T.);
#3211=ORIENTED_EDGE('',*,*,#2512,.T.);
#3212=ORIENTED_EDGE('',*,*,#2513,.T.);
#3213=ORIENTED_EDGE('',*,*,#2514,.T.);
#3214=ORIENTED_EDGE('',*,*,#2515,.T.);
#3215=ORIENTED_EDGE('',*,*,#2516,.T.);
#3216=ORIENTED_EDGE('',*,*,#2517,.T.);
#3217=ORIENTED_EDGE('',*,*,#2518,.T.);
#3218=ORIENTED_EDGE('',*,*,#2519,.T.);
#3219=ORIENTED_EDGE('',*,*,#2520,.F.);
#3220=ORIENTED_EDGE('',*,*,#2521,.T.);
#3221=ORIENTED_EDGE('',*,*,#2522,.T.);
#3222=ORIENTED_EDGE('',*,*,#2523,.T.);
#3223=ORIENTED_EDGE('',*,*,#2524,.T.);
#3224=ORIENTED_EDGE('',*,*,#2525,.T.);
#3225=ORIENTED_EDGE('',*,*,#2526,.T.);
#3226=ORIENTED_EDGE('',*,*,#2527,.T.);
#3227=ORIENTED_EDGE('',*,*,#2528,.T.);
#3228=ORIENTED_EDGE('',*,*,#2529,.T.);
#3229=ORIENTED_EDGE('',*,*,#2530,.T.);
#3230=ORIENTED_EDGE('',*,*,#2531,.T.);
#3231=ORIENTED_EDGE('',*,*,#2532,.T.);
#3232=ORIENTED_EDGE('',*,*,#2533,.T.);
#3233=ORIENTED_EDGE('',*,*,#2534,.T.);
#3234=ORIENTED_EDGE('',*,*,#2535,.T.);
#3235=ORIENTED_EDGE('',*,*,#2536,.T.);
#3236=ORIENTED_EDGE('',*,*,#2537,.T.);
#3237=ORIENTED_EDGE('',*,*,#2538,.T.);
#3238=ORIENTED_EDGE('',*,*,#2539,.T.);
#3239=ORIENTED_EDGE('',*,*,#2540,.T.);
#3240=ORIENTED_EDGE('',*,*,#2541,.T.);
#3241=ORIENTED_EDGE('',*,*,#2542,.T.);
#3242=ORIENTED_EDGE('',*,*,#2543,.T.);
#3243=ORIENTED_EDGE('',*,*,#2544,.T.);
#3244=ORIENTED_EDGE('',*,*,#2545,.T.);
#3245=ORIENTED_EDGE('',*,*,#2546,.T.);
#3246=ORIENTED_EDGE('',*,*,#2547,.T.);
#3247=ORIENTED_EDGE('',*,*,#2548,.T.);
#3248=ORIENTED_EDGE('',*,*,#2549,.T.);
#3249=ORIENTED_EDGE('',*,*,#2550,.T.);
#3250=ORIENTED_EDGE('',*,*,#2551,.T.);
#3251=ORIENTED_EDGE('',*,*,#2552,.T.);
#3252=ORIENTED_EDGE('',*,*,#2553,.T.);
#3253=ORIENTED_EDGE('',*,*,#2554,.T.);
#3254=ORIENTED_EDGE('',*,*,#2555,.T.);
#3255=ORIENTED_EDGE('',*,*,#2556,.T.);
#3256=ORIENTED_EDGE('',*,*,#2557,.T.);
#3257=ORIENTED_EDGE('',*,*,#2558,.T.);
#3258=ORIENTED_EDGE('',*,*,#2559,.T.);
#3259=ORIENTED_EDGE('',*,*,#2560,.T.);
#3260=ORIENTED_EDGE('',*,*,#2561,.T.);
#3261=ORIENTED_EDGE('',*,*,#2562,.T.);
#3262=ORIENTED_EDGE('',*,*,#2563,.T.);
#3263=ORIENTED_EDGE('',*,*,#2564,.T.);
#3264=ORIENTED_EDGE('',*,*,#2565,.T.);
#3265=ORIENTED_EDGE('',*,*,#2566,.T.);
#3266=ORIENTED_EDGE('',*,*,#2567,.T.);
#3267=ORIENTED_EDGE('',*,*,#2568,.T.);
#3268=ORIENTED_EDGE('',*,*,#2569,.T.);
#3269=ORIENTED_EDGE('',*,*,#2570,.T.);
#3270=ORIENTED_EDGE('',*,*,#2571,.T.);
#3271=ORIENTED_EDGE('',*,*,#2572,.T.);
#3272=ORIENTED_EDGE('',*,*,#2573,.T.);
#3273=ORIENTED_EDGE('',*,*,#2574,.T.);
#3274=ORIENTED_EDGE('',*,*,#2575,.T.);
#3275=ORIENTED_EDGE('',*,*,#2576,.T.);
#3276=ORIENTED_EDGE('',*,*,#2577,.T.);
#3277=ORIENTED_EDGE('',*,*,#2578,.T.);
#3278=ORIENTED_EDGE('',*,*,#2579,.T.);
#3279=ORIENTED_EDGE('',*,*,#2580,.T.);
#3280=ORIENTED_EDGE('',*,*,#2581,.T.);
#3281=ORIENTED_EDGE('',*,*,#2582,.T.);
#3282=ORIENTED_EDGE('',*,*,#2583,.T.);
#3283=ORIENTED_EDGE('',*,*,#2584,.T.);
#3284=ORIENTED_EDGE('',*,*,#2585,.T.);
#3285=ORIENTED_EDGE('',*,*,#2586,.T.);
#3286=ORIENTED_EDGE('',*,*,#2587,.T.);
#3287=ORIENTED_EDGE('',*,*,#2588,.T.);
#3288=ORIENTED_EDGE('',*,*,#2589,.T.);
#3289=ORIENTED_EDGE('',*,*,#2590,.T.);
#3290=ORIENTED_EDGE('',*,*,#2591,.T.);
#3291=ORIENTED_EDGE('',*,*,#2592,.T.);
#3292=ORIENTED_EDGE('',*,*,#2593,.T.);
#3293=ORIENTED_EDGE('',*,*,#2594,.T.);
#3294=ORIENTED_EDGE('',*,*,#2595,.T.);
#3295=ORIENTED_EDGE('',*,*,#2596,.T.);
#3296=ORIENTED_EDGE('',*,*,#2597,.T.);
#3297=ORIENTED_EDGE('',*,*,#2598,.T.);
#3298=ORIENTED_EDGE('',*,*,#2599,.T.);
#3299=ORIENTED_EDGE('',*,*,#2600,.T.);
#3300=ORIENTED_EDGE('',*,*,#2601,.T.);
#3301=ORIENTED_EDGE('',*,*,#2602,.T.);
#3302=ORIENTED_EDGE('',*,*,#2603,.T.);
#3303=ORIENTED_EDGE('',*,*,#2604,.T.);
#3304=ORIENTED_EDGE('',*,*,#2605,.T.);
#3305=ORIENTED_EDGE('',*,*,#2606,.T.);
#3306=ORIENTED_EDGE('',*,*,#2607,.T.);
#3307=ORIENTED_EDGE('',*,*,#2608,.T.);
#3308=ORIENTED_EDGE('',*,*,#2609,.T.);
#3309=ORIENTED_EDGE('',*,*,#2610,.T.);
#3310=ORIENTED_EDGE('',*,*,#2611,.T.);
#3311=ORIENTED_EDGE('',*,*,#2612,.T.);
#3312=ORIENTED_EDGE('',*,*,#2613,.T.);
#3313=ORIENTED_EDGE('',*,*,#2614,.T.);
#3314=ORIENTED_EDGE('',*,*,#2615,.T.);
#3315=ORIENTED_EDGE('',*,*,#2616,.T.);
#3316=ORIENTED_EDGE('',*,*,#2617,.T.);
#3317=ORIENTED_EDGE('',*,*,#2618,.T.);
#3318=ORIENTED_EDGE('',*,*,#2619,.T.);
#3319=ORIENTED_EDGE('',*,*,#2620,.T.);
#3320=ORIENTED_EDGE('',*,*,#2621,.T.);
#3321=ORIENTED_EDGE('',*,*,#2622,.T.);
#3322=ORIENTED_EDGE('',*,*,#2623,.T.);
#3323=ORIENTED_EDGE('',*,*,#2624,.T.);
#3324=ORIENTED_EDGE('',*,*,#2625,.T.);
#3325=ORIENTED_EDGE('',*,*,#2626,.T.);
#3326=ORIENTED_EDGE('',*,*,#2627,.T.);
#3327=ORIENTED_EDGE('',*,*,#2628,.T.);
#3328=ORIENTED_EDGE('',*,*,#2629,.T.);
#3329=ORIENTED_EDGE('',*,*,#2630,.T.);
#3330=ORIENTED_EDGE('',*,*,#2631,.T.);
#3331=ORIENTED_EDGE('',*,*,#2632,.T.);
#3332=ORIENTED_EDGE('',*,*,#2633,.T.);
#3333=ORIENTED_EDGE('',*,*,#2634,.T.);
#3334=ORIENTED_EDGE('',*,*,#2635,.T.);
#3335=ORIENTED_EDGE('',*,*,#2636,.T.);
#3336=ORIENTED_EDGE('',*,*,#2637,.T.);
#3337=ORIENTED_EDGE('',*,*,#2638,.T.);
#3338=ORIENTED_EDGE('',*,*,#2639,.T.);
#3339=ORIENTED_EDGE('',*,*,#2640,.T.);
#3340=ORIENTED_EDGE('',*,*,#2641,.T.);
#3341=ORIENTED_EDGE('',*,*,#2642,.T.);
#3342=ORIENTED_EDGE('',*,*,#2643,.T.);
#3343=ORIENTED_EDGE('',*,*,#2644,.T.);
#3344=ORIENTED_EDGE('',*,*,#2645,.T.);
#3345=ORIENTED_EDGE('',*,*,#2646,.T.);
#3346=ORIENTED_EDGE('',*,*,#2647,.T.);
#3347=ORIENTED_EDGE('',*,*,#2648,.T.);
#3348=ORIENTED_EDGE('',*,*,#2649,.T.);
#3349=ORIENTED_EDGE('',*,*,#2650,.T.);
#3350=ORIENTED_EDGE('',*,*,#2651,.T.);
#3351=ORIENTED_EDGE('',*,*,#2652,.T.);
#3352=ORIENTED_EDGE('',*,*,#2653,.T.);
#3353=ORIENTED_EDGE('',*,*,#2654,.T.);
#3354=ORIENTED_EDGE('',*,*,#2655,.T.);
#3355=ORIENTED_EDGE('',*,*,#2656,.T.);
#3356=ORIENTED_EDGE('',*,*,#2657,.T.);
#3357=ORIENTED_EDGE('',*,*,#2658,.T.);
#3358=ORIENTED_EDGE('',*,*,#2659,.T.);
#3359=ORIENTED_EDGE('',*,*,#2660,.T.);
#3360=ORIENTED_EDGE('',*,*,#2661,.T.);
#3361=ORIENTED_EDGE('',*,*,#2662,.T.);
#3362=ORIENTED_EDGE('',*,*,#2663,.T.);
#3363=ORIENTED_EDGE('',*,*,#2664,.T.);
#3364=ORIENTED_EDGE('',*,*,#2665,.T.);
#3365=ORIENTED_EDGE('',*,*,#2666,.T.);
#3366=ORIENTED_EDGE('',*,*,#2667,.T.);
#3367=ORIENTED_EDGE('',*,*,#2668,.T.);
#3368=ORIENTED_EDGE('',*,*,#2669,.T.);
#3369=ORIENTED_EDGE('',*,*,#2670,.T.);
#3370=ORIENTED_EDGE('',*,*,#2671,.T.);
#3371=ORIENTED_EDGE('',*,*,#2672,.T.);
#3372=ORIENTED_EDGE('',*,*,#2673,.T.);
#3373=ORIENTED_EDGE('',*,*,#2674,.T.);
#3374=ORIENTED_EDGE('',*,*,#2675,.T.);
#3375=ORIENTED_EDGE('',*,*,#2676,.T.);
#3376=ORIENTED_EDGE('',*,*,#2677,.T.);
#3377=ORIENTED_EDGE('',*,*,#2678,.T.);
#3378=ORIENTED_EDGE('',*,*,#2679,.T.);
#3379=ORIENTED_EDGE('',*,*,#2680,.T.);
#3380=ORIENTED_EDGE('',*,*,#2681,.T.);
#3381=ORIENTED_EDGE('',*,*,#2682,.T.);
#3382=ORIENTED_EDGE('',*,*,#2683,.T.);
#3383=ORIENTED_EDGE('',*,*,#2684,.T.);
#3384=ORIENTED_EDGE('',*,*,#2685,.T.);
#3385=ORIENTED_EDGE('',*,*,#2686,.F.);
#3386=ORIENTED_EDGE('',*,*,#2687,.T.);
#3387=ORIENTED_EDGE('',*,*,#2688,.F.);
#3388=ORIENTED_EDGE('',*,*,#2463,.F.);
#3389=ORIENTED_EDGE('',*,*,#2689,.F.);
#3390=ORIENTED_EDGE('',*,*,#2467,.T.);
#3391=ORIENTED_EDGE('',*,*,#2690,.T.);
#3392=ORIENTED_EDGE('',*,*,#2691,.T.);
#3393=ORIENTED_EDGE('',*,*,#2692,.F.);
#3394=ORIENTED_EDGE('',*,*,#2693,.F.);
#3395=ORIENTED_EDGE('',*,*,#2694,.F.);
#3396=ORIENTED_EDGE('',*,*,#2695,.F.);
#3397=ORIENTED_EDGE('',*,*,#2695,.T.);
#3398=ORIENTED_EDGE('',*,*,#2696,.T.);
#3399=ORIENTED_EDGE('',*,*,#2464,.T.);
#3400=ORIENTED_EDGE('',*,*,#2688,.T.);
#3401=ORIENTED_EDGE('',*,*,#2697,.F.);
#3402=ORIENTED_EDGE('',*,*,#2694,.T.);
#3403=ORIENTED_EDGE('',*,*,#2698,.T.);
#3404=ORIENTED_EDGE('',*,*,#2465,.F.);
#3405=ORIENTED_EDGE('',*,*,#2696,.F.);
#3406=ORIENTED_EDGE('',*,*,#2445,.F.);
#3407=ORIENTED_EDGE('',*,*,#2455,.F.);
#3408=ORIENTED_EDGE('',*,*,#2453,.F.);
#3409=ORIENTED_EDGE('',*,*,#2448,.F.);
#3410=ORIENTED_EDGE('',*,*,#2693,.T.);
#3411=ORIENTED_EDGE('',*,*,#2699,.T.);
#3412=ORIENTED_EDGE('',*,*,#2690,.F.);
#3413=ORIENTED_EDGE('',*,*,#2466,.F.);
#3414=ORIENTED_EDGE('',*,*,#2698,.F.);
#3415=ORIENTED_EDGE('',*,*,#2685,.F.);
#3416=ORIENTED_EDGE('',*,*,#2700,.F.);
#3417=ORIENTED_EDGE('',*,*,#2701,.F.);
#3418=ORIENTED_EDGE('',*,*,#2702,.F.);
#3419=ORIENTED_EDGE('',*,*,#2702,.T.);
#3420=ORIENTED_EDGE('',*,*,#2703,.F.);
#3421=ORIENTED_EDGE('',*,*,#2704,.F.);
#3422=ORIENTED_EDGE('',*,*,#2682,.F.);
#3423=ORIENTED_EDGE('',*,*,#2701,.T.);
#3424=ORIENTED_EDGE('',*,*,#2705,.T.);
#3425=ORIENTED_EDGE('',*,*,#2706,.T.);
#3426=ORIENTED_EDGE('',*,*,#2703,.T.);
#3427=ORIENTED_EDGE('',*,*,#2677,.F.);
#3428=ORIENTED_EDGE('',*,*,#2707,.F.);
#3429=ORIENTED_EDGE('',*,*,#2708,.F.);
#3430=ORIENTED_EDGE('',*,*,#2709,.F.);
#3431=ORIENTED_EDGE('',*,*,#2709,.T.);
#3432=ORIENTED_EDGE('',*,*,#2710,.F.);
#3433=ORIENTED_EDGE('',*,*,#2711,.F.);
#3434=ORIENTED_EDGE('',*,*,#2674,.F.);
#3435=ORIENTED_EDGE('',*,*,#2708,.T.);
#3436=ORIENTED_EDGE('',*,*,#2712,.T.);
#3437=ORIENTED_EDGE('',*,*,#2713,.T.);
#3438=ORIENTED_EDGE('',*,*,#2710,.T.);
#3439=ORIENTED_EDGE('',*,*,#2577,.F.);
#3440=ORIENTED_EDGE('',*,*,#2714,.F.);
#3441=ORIENTED_EDGE('',*,*,#2715,.F.);
#3442=ORIENTED_EDGE('',*,*,#2716,.F.);
#3443=ORIENTED_EDGE('',*,*,#2716,.T.);
#3444=ORIENTED_EDGE('',*,*,#2717,.F.);
#3445=ORIENTED_EDGE('',*,*,#2718,.F.);
#3446=ORIENTED_EDGE('',*,*,#2574,.F.);
#3447=ORIENTED_EDGE('',*,*,#2715,.T.);
#3448=ORIENTED_EDGE('',*,*,#2719,.T.);
#3449=ORIENTED_EDGE('',*,*,#2720,.T.);
#3450=ORIENTED_EDGE('',*,*,#2717,.T.);
#3451=ORIENTED_EDGE('',*,*,#2681,.F.);
#3452=ORIENTED_EDGE('',*,*,#2721,.F.);
#3453=ORIENTED_EDGE('',*,*,#2722,.F.);
#3454=ORIENTED_EDGE('',*,*,#2723,.F.);
#3455=ORIENTED_EDGE('',*,*,#2723,.T.);
#3456=ORIENTED_EDGE('',*,*,#2724,.F.);
#3457=ORIENTED_EDGE('',*,*,#2725,.F.);
#3458=ORIENTED_EDGE('',*,*,#2678,.F.);
#3459=ORIENTED_EDGE('',*,*,#2722,.T.);
#3460=ORIENTED_EDGE('',*,*,#2726,.T.);
#3461=ORIENTED_EDGE('',*,*,#2727,.T.);
#3462=ORIENTED_EDGE('',*,*,#2724,.T.);
#3463=ORIENTED_EDGE('',*,*,#2573,.F.);
#3464=ORIENTED_EDGE('',*,*,#2728,.F.);
#3465=ORIENTED_EDGE('',*,*,#2729,.F.);
#3466=ORIENTED_EDGE('',*,*,#2730,.F.);
#3467=ORIENTED_EDGE('',*,*,#2730,.T.);
#3468=ORIENTED_EDGE('',*,*,#2731,.F.);
#3469=ORIENTED_EDGE('',*,*,#2732,.F.);
#3470=ORIENTED_EDGE('',*,*,#2570,.F.);
#3471=ORIENTED_EDGE('',*,*,#2729,.T.);
#3472=ORIENTED_EDGE('',*,*,#2733,.T.);
#3473=ORIENTED_EDGE('',*,*,#2734,.T.);
#3474=ORIENTED_EDGE('',*,*,#2731,.T.);
#3475=ORIENTED_EDGE('',*,*,#2683,.F.);
#3476=ORIENTED_EDGE('',*,*,#2704,.T.);
#3477=ORIENTED_EDGE('',*,*,#2706,.F.);
#3478=ORIENTED_EDGE('',*,*,#2735,.F.);
#3479=ORIENTED_EDGE('',*,*,#2700,.T.);
#3480=ORIENTED_EDGE('',*,*,#2684,.F.);
#3481=ORIENTED_EDGE('',*,*,#2735,.T.);
#3482=ORIENTED_EDGE('',*,*,#2705,.F.);
#3483=ORIENTED_EDGE('',*,*,#2571,.F.);
#3484=ORIENTED_EDGE('',*,*,#2732,.T.);
#3485=ORIENTED_EDGE('',*,*,#2734,.F.);
#3486=ORIENTED_EDGE('',*,*,#2736,.F.);
#3487=ORIENTED_EDGE('',*,*,#2728,.T.);
#3488=ORIENTED_EDGE('',*,*,#2572,.F.);
#3489=ORIENTED_EDGE('',*,*,#2736,.T.);
#3490=ORIENTED_EDGE('',*,*,#2733,.F.);
#3491=ORIENTED_EDGE('',*,*,#2679,.F.);
#3492=ORIENTED_EDGE('',*,*,#2725,.T.);
#3493=ORIENTED_EDGE('',*,*,#2727,.F.);
#3494=ORIENTED_EDGE('',*,*,#2737,.F.);
#3495=ORIENTED_EDGE('',*,*,#2721,.T.);
#3496=ORIENTED_EDGE('',*,*,#2680,.F.);
#3497=ORIENTED_EDGE('',*,*,#2737,.T.);
#3498=ORIENTED_EDGE('',*,*,#2726,.F.);
#3499=ORIENTED_EDGE('',*,*,#2575,.F.);
#3500=ORIENTED_EDGE('',*,*,#2718,.T.);
#3501=ORIENTED_EDGE('',*,*,#2720,.F.);
#3502=ORIENTED_EDGE('',*,*,#2738,.F.);
#3503=ORIENTED_EDGE('',*,*,#2714,.T.);
#3504=ORIENTED_EDGE('',*,*,#2576,.F.);
#3505=ORIENTED_EDGE('',*,*,#2738,.T.);
#3506=ORIENTED_EDGE('',*,*,#2719,.F.);
#3507=ORIENTED_EDGE('',*,*,#2675,.F.);
#3508=ORIENTED_EDGE('',*,*,#2711,.T.);
#3509=ORIENTED_EDGE('',*,*,#2713,.F.);
#3510=ORIENTED_EDGE('',*,*,#2739,.F.);
#3511=ORIENTED_EDGE('',*,*,#2707,.T.);
#3512=ORIENTED_EDGE('',*,*,#2676,.F.);
#3513=ORIENTED_EDGE('',*,*,#2739,.T.);
#3514=ORIENTED_EDGE('',*,*,#2712,.F.);
#3515=ORIENTED_EDGE('',*,*,#2740,.T.);
#3516=ORIENTED_EDGE('',*,*,#2741,.T.);
#3517=ORIENTED_EDGE('',*,*,#2520,.T.);
#3518=ORIENTED_EDGE('',*,*,#2742,.T.);
#3519=ORIENTED_EDGE('',*,*,#2687,.F.);
#3520=ORIENTED_EDGE('',*,*,#2743,.T.);
#3521=ORIENTED_EDGE('',*,*,#2744,.T.);
#3522=ORIENTED_EDGE('',*,*,#2745,.T.);
#3523=ORIENTED_EDGE('',*,*,#2746,.T.);
#3524=ORIENTED_EDGE('',*,*,#2747,.T.);
#3525=ORIENTED_EDGE('',*,*,#2748,.T.);
#3526=ORIENTED_EDGE('',*,*,#2749,.T.);
#3527=ORIENTED_EDGE('',*,*,#2750,.T.);
#3528=ORIENTED_EDGE('',*,*,#2751,.T.);
#3529=ORIENTED_EDGE('',*,*,#2752,.T.);
#3530=ORIENTED_EDGE('',*,*,#2753,.T.);
#3531=ORIENTED_EDGE('',*,*,#2754,.T.);
#3532=ORIENTED_EDGE('',*,*,#2755,.T.);
#3533=ORIENTED_EDGE('',*,*,#2756,.T.);
#3534=ORIENTED_EDGE('',*,*,#2757,.T.);
#3535=ORIENTED_EDGE('',*,*,#2758,.T.);
#3536=ORIENTED_EDGE('',*,*,#2759,.T.);
#3537=ORIENTED_EDGE('',*,*,#2760,.T.);
#3538=ORIENTED_EDGE('',*,*,#2761,.T.);
#3539=ORIENTED_EDGE('',*,*,#2762,.T.);
#3540=ORIENTED_EDGE('',*,*,#2763,.T.);
#3541=ORIENTED_EDGE('',*,*,#2764,.T.);
#3542=ORIENTED_EDGE('',*,*,#2765,.T.);
#3543=ORIENTED_EDGE('',*,*,#2766,.T.);
#3544=ORIENTED_EDGE('',*,*,#2767,.T.);
#3545=ORIENTED_EDGE('',*,*,#2768,.T.);
#3546=ORIENTED_EDGE('',*,*,#2769,.T.);
#3547=ORIENTED_EDGE('',*,*,#2770,.T.);
#3548=ORIENTED_EDGE('',*,*,#2771,.T.);
#3549=ORIENTED_EDGE('',*,*,#2772,.T.);
#3550=ORIENTED_EDGE('',*,*,#2773,.T.);
#3551=ORIENTED_EDGE('',*,*,#2774,.T.);
#3552=ORIENTED_EDGE('',*,*,#2775,.T.);
#3553=ORIENTED_EDGE('',*,*,#2776,.T.);
#3554=ORIENTED_EDGE('',*,*,#2777,.T.);
#3555=ORIENTED_EDGE('',*,*,#2778,.T.);
#3556=ORIENTED_EDGE('',*,*,#2779,.T.);
#3557=ORIENTED_EDGE('',*,*,#2780,.T.);
#3558=ORIENTED_EDGE('',*,*,#2781,.T.);
#3559=ORIENTED_EDGE('',*,*,#2782,.T.);
#3560=ORIENTED_EDGE('',*,*,#2783,.T.);
#3561=ORIENTED_EDGE('',*,*,#2784,.T.);
#3562=ORIENTED_EDGE('',*,*,#2785,.T.);
#3563=ORIENTED_EDGE('',*,*,#2786,.T.);
#3564=ORIENTED_EDGE('',*,*,#2787,.T.);
#3565=ORIENTED_EDGE('',*,*,#2788,.T.);
#3566=ORIENTED_EDGE('',*,*,#2789,.T.);
#3567=ORIENTED_EDGE('',*,*,#2790,.T.);
#3568=ORIENTED_EDGE('',*,*,#2791,.T.);
#3569=ORIENTED_EDGE('',*,*,#2740,.F.);
#3570=ORIENTED_EDGE('',*,*,#2792,.T.);
#3571=ORIENTED_EDGE('',*,*,#2793,.T.);
#3572=ORIENTED_EDGE('',*,*,#2794,.T.);
#3573=ORIENTED_EDGE('',*,*,#2795,.T.);
#3574=ORIENTED_EDGE('',*,*,#2796,.T.);
#3575=ORIENTED_EDGE('',*,*,#2797,.T.);
#3576=ORIENTED_EDGE('',*,*,#2798,.T.);
#3577=ORIENTED_EDGE('',*,*,#2799,.T.);
#3578=ORIENTED_EDGE('',*,*,#2800,.T.);
#3579=ORIENTED_EDGE('',*,*,#2801,.T.);
#3580=ORIENTED_EDGE('',*,*,#2802,.T.);
#3581=ORIENTED_EDGE('',*,*,#2803,.T.);
#3582=ORIENTED_EDGE('',*,*,#2804,.T.);
#3583=ORIENTED_EDGE('',*,*,#2805,.T.);
#3584=ORIENTED_EDGE('',*,*,#2806,.T.);
#3585=ORIENTED_EDGE('',*,*,#2807,.T.);
#3586=ORIENTED_EDGE('',*,*,#2808,.T.);
#3587=ORIENTED_EDGE('',*,*,#2809,.T.);
#3588=ORIENTED_EDGE('',*,*,#2810,.T.);
#3589=ORIENTED_EDGE('',*,*,#2811,.T.);
#3590=ORIENTED_EDGE('',*,*,#2812,.T.);
#3591=ORIENTED_EDGE('',*,*,#2813,.T.);
#3592=ORIENTED_EDGE('',*,*,#2814,.T.);
#3593=ORIENTED_EDGE('',*,*,#2815,.T.);
#3594=ORIENTED_EDGE('',*,*,#2816,.T.);
#3595=ORIENTED_EDGE('',*,*,#2817,.T.);
#3596=ORIENTED_EDGE('',*,*,#2818,.T.);
#3597=ORIENTED_EDGE('',*,*,#2819,.T.);
#3598=ORIENTED_EDGE('',*,*,#2820,.T.);
#3599=ORIENTED_EDGE('',*,*,#2821,.T.);
#3600=ORIENTED_EDGE('',*,*,#2822,.T.);
#3601=ORIENTED_EDGE('',*,*,#2823,.T.);
#3602=ORIENTED_EDGE('',*,*,#2824,.T.);
#3603=ORIENTED_EDGE('',*,*,#2825,.T.);
#3604=ORIENTED_EDGE('',*,*,#2826,.T.);
#3605=ORIENTED_EDGE('',*,*,#2827,.T.);
#3606=ORIENTED_EDGE('',*,*,#2828,.T.);
#3607=ORIENTED_EDGE('',*,*,#2829,.T.);
#3608=ORIENTED_EDGE('',*,*,#2830,.T.);
#3609=ORIENTED_EDGE('',*,*,#2831,.T.);
#3610=ORIENTED_EDGE('',*,*,#2832,.T.);
#3611=ORIENTED_EDGE('',*,*,#2833,.T.);
#3612=ORIENTED_EDGE('',*,*,#2834,.T.);
#3613=ORIENTED_EDGE('',*,*,#2835,.T.);
#3614=ORIENTED_EDGE('',*,*,#2836,.T.);
#3615=ORIENTED_EDGE('',*,*,#2837,.T.);
#3616=ORIENTED_EDGE('',*,*,#2838,.T.);
#3617=ORIENTED_EDGE('',*,*,#2839,.T.);
#3618=ORIENTED_EDGE('',*,*,#2840,.T.);
#3619=ORIENTED_EDGE('',*,*,#2691,.F.);
#3620=ORIENTED_EDGE('',*,*,#2699,.F.);
#3621=ORIENTED_EDGE('',*,*,#2692,.T.);
#3622=ORIENTED_EDGE('',*,*,#2697,.T.);
#3623=ORIENTED_EDGE('',*,*,#2841,.T.);
#3624=ORIENTED_EDGE('',*,*,#2842,.T.);
#3625=ORIENTED_EDGE('',*,*,#2843,.T.);
#3626=ORIENTED_EDGE('',*,*,#2844,.T.);
#3627=ORIENTED_EDGE('',*,*,#2845,.T.);
#3628=ORIENTED_EDGE('',*,*,#2846,.T.);
#3629=ORIENTED_EDGE('',*,*,#2847,.T.);
#3630=ORIENTED_EDGE('',*,*,#2848,.T.);
#3631=ORIENTED_EDGE('',*,*,#2849,.T.);
#3632=ORIENTED_EDGE('',*,*,#2850,.T.);
#3633=ORIENTED_EDGE('',*,*,#2851,.T.);
#3634=ORIENTED_EDGE('',*,*,#2852,.T.);
#3635=ORIENTED_EDGE('',*,*,#2853,.T.);
#3636=ORIENTED_EDGE('',*,*,#2854,.T.);
#3637=ORIENTED_EDGE('',*,*,#2855,.T.);
#3638=ORIENTED_EDGE('',*,*,#2856,.T.);
#3639=ORIENTED_EDGE('',*,*,#2857,.T.);
#3640=ORIENTED_EDGE('',*,*,#2858,.T.);
#3641=ORIENTED_EDGE('',*,*,#2859,.T.);
#3642=ORIENTED_EDGE('',*,*,#2860,.T.);
#3643=ORIENTED_EDGE('',*,*,#2861,.T.);
#3644=ORIENTED_EDGE('',*,*,#2862,.T.);
#3645=ORIENTED_EDGE('',*,*,#2863,.T.);
#3646=ORIENTED_EDGE('',*,*,#2864,.T.);
#3647=ORIENTED_EDGE('',*,*,#2865,.T.);
#3648=ORIENTED_EDGE('',*,*,#2866,.T.);
#3649=ORIENTED_EDGE('',*,*,#2867,.T.);
#3650=ORIENTED_EDGE('',*,*,#2868,.T.);
#3651=ORIENTED_EDGE('',*,*,#2869,.T.);
#3652=ORIENTED_EDGE('',*,*,#2870,.T.);
#3653=ORIENTED_EDGE('',*,*,#2871,.T.);
#3654=ORIENTED_EDGE('',*,*,#2872,.T.);
#3655=ORIENTED_EDGE('',*,*,#2873,.T.);
#3656=ORIENTED_EDGE('',*,*,#2874,.T.);
#3657=ORIENTED_EDGE('',*,*,#2875,.T.);
#3658=ORIENTED_EDGE('',*,*,#2876,.T.);
#3659=ORIENTED_EDGE('',*,*,#2877,.T.);
#3660=ORIENTED_EDGE('',*,*,#2878,.T.);
#3661=ORIENTED_EDGE('',*,*,#2879,.T.);
#3662=ORIENTED_EDGE('',*,*,#2880,.T.);
#3663=ORIENTED_EDGE('',*,*,#2881,.T.);
#3664=ORIENTED_EDGE('',*,*,#2882,.T.);
#3665=ORIENTED_EDGE('',*,*,#2883,.T.);
#3666=ORIENTED_EDGE('',*,*,#2884,.T.);
#3667=ORIENTED_EDGE('',*,*,#2885,.T.);
#3668=ORIENTED_EDGE('',*,*,#2886,.T.);
#3669=ORIENTED_EDGE('',*,*,#2887,.T.);
#3670=ORIENTED_EDGE('',*,*,#2888,.T.);
#3671=ORIENTED_EDGE('',*,*,#2889,.T.);
#3672=ORIENTED_EDGE('',*,*,#2890,.T.);
#3673=ORIENTED_EDGE('',*,*,#2891,.T.);
#3674=ORIENTED_EDGE('',*,*,#2892,.T.);
#3675=ORIENTED_EDGE('',*,*,#2893,.T.);
#3676=ORIENTED_EDGE('',*,*,#2894,.T.);
#3677=ORIENTED_EDGE('',*,*,#2895,.T.);
#3678=ORIENTED_EDGE('',*,*,#2896,.T.);
#3679=ORIENTED_EDGE('',*,*,#2897,.T.);
#3680=ORIENTED_EDGE('',*,*,#2898,.T.);
#3681=ORIENTED_EDGE('',*,*,#2899,.T.);
#3682=ORIENTED_EDGE('',*,*,#2900,.T.);
#3683=ORIENTED_EDGE('',*,*,#2901,.T.);
#3684=ORIENTED_EDGE('',*,*,#2902,.T.);
#3685=ORIENTED_EDGE('',*,*,#2903,.T.);
#3686=ORIENTED_EDGE('',*,*,#2904,.T.);
#3687=ORIENTED_EDGE('',*,*,#2905,.T.);
#3688=ORIENTED_EDGE('',*,*,#2906,.T.);
#3689=ORIENTED_EDGE('',*,*,#2907,.T.);
#3690=ORIENTED_EDGE('',*,*,#2908,.T.);
#3691=ORIENTED_EDGE('',*,*,#2909,.T.);
#3692=ORIENTED_EDGE('',*,*,#2910,.T.);
#3693=ORIENTED_EDGE('',*,*,#2911,.T.);
#3694=ORIENTED_EDGE('',*,*,#2912,.T.);
#3695=ORIENTED_EDGE('',*,*,#2913,.T.);
#3696=ORIENTED_EDGE('',*,*,#2914,.T.);
#3697=ORIENTED_EDGE('',*,*,#2915,.T.);
#3698=ORIENTED_EDGE('',*,*,#2916,.T.);
#3699=ORIENTED_EDGE('',*,*,#2917,.T.);
#3700=ORIENTED_EDGE('',*,*,#2918,.T.);
#3701=ORIENTED_EDGE('',*,*,#2919,.T.);
#3702=ORIENTED_EDGE('',*,*,#2920,.T.);
#3703=ORIENTED_EDGE('',*,*,#2921,.T.);
#3704=ORIENTED_EDGE('',*,*,#2922,.T.);
#3705=ORIENTED_EDGE('',*,*,#2923,.T.);
#3706=ORIENTED_EDGE('',*,*,#2924,.T.);
#3707=ORIENTED_EDGE('',*,*,#2925,.T.);
#3708=ORIENTED_EDGE('',*,*,#2926,.T.);
#3709=ORIENTED_EDGE('',*,*,#2927,.T.);
#3710=ORIENTED_EDGE('',*,*,#2928,.T.);
#3711=ORIENTED_EDGE('',*,*,#2929,.T.);
#3712=ORIENTED_EDGE('',*,*,#2930,.T.);
#3713=ORIENTED_EDGE('',*,*,#2931,.T.);
#3714=ORIENTED_EDGE('',*,*,#2932,.T.);
#3715=ORIENTED_EDGE('',*,*,#2933,.T.);
#3716=ORIENTED_EDGE('',*,*,#2934,.T.);
#3717=ORIENTED_EDGE('',*,*,#2935,.T.);
#3718=ORIENTED_EDGE('',*,*,#2936,.T.);
#3719=ORIENTED_EDGE('',*,*,#2937,.T.);
#3720=ORIENTED_EDGE('',*,*,#2938,.T.);
#3721=ORIENTED_EDGE('',*,*,#2939,.T.);
#3722=ORIENTED_EDGE('',*,*,#2940,.T.);
#3723=ORIENTED_EDGE('',*,*,#2450,.F.);
#3724=ORIENTED_EDGE('',*,*,#2452,.F.);
#3725=ORIENTED_EDGE('',*,*,#2454,.F.);
#3726=ORIENTED_EDGE('',*,*,#2447,.F.);
#3727=ORIENTED_EDGE('',*,*,#2795,.F.);
#3728=ORIENTED_EDGE('',*,*,#2941,.F.);
#3729=ORIENTED_EDGE('',*,*,#2516,.F.);
#3730=ORIENTED_EDGE('',*,*,#2942,.F.);
#3731=ORIENTED_EDGE('',*,*,#2793,.F.);
#3732=ORIENTED_EDGE('',*,*,#2943,.F.);
#3733=ORIENTED_EDGE('',*,*,#2518,.F.);
#3734=ORIENTED_EDGE('',*,*,#2944,.T.);
#3735=ORIENTED_EDGE('',*,*,#2794,.F.);
#3736=ORIENTED_EDGE('',*,*,#2944,.F.);
#3737=ORIENTED_EDGE('',*,*,#2517,.F.);
#3738=ORIENTED_EDGE('',*,*,#2941,.T.);
#3739=ORIENTED_EDGE('',*,*,#2939,.F.);
#3740=ORIENTED_EDGE('',*,*,#2945,.F.);
#3741=ORIENTED_EDGE('',*,*,#2580,.F.);
#3742=ORIENTED_EDGE('',*,*,#2946,.T.);
#3743=ORIENTED_EDGE('',*,*,#2940,.F.);
#3744=ORIENTED_EDGE('',*,*,#2946,.F.);
#3745=ORIENTED_EDGE('',*,*,#2579,.F.);
#3746=ORIENTED_EDGE('',*,*,#2947,.T.);
#3747=ORIENTED_EDGE('',*,*,#2937,.F.);
#3748=ORIENTED_EDGE('',*,*,#2947,.F.);
#3749=ORIENTED_EDGE('',*,*,#2578,.F.);
#3750=ORIENTED_EDGE('',*,*,#2948,.T.);
#3751=ORIENTED_EDGE('',*,*,#2938,.F.);
#3752=ORIENTED_EDGE('',*,*,#2948,.F.);
#3753=ORIENTED_EDGE('',*,*,#2581,.F.);
#3754=ORIENTED_EDGE('',*,*,#2945,.T.);
#3755=ORIENTED_EDGE('',*,*,#2789,.F.);
#3756=ORIENTED_EDGE('',*,*,#2949,.F.);
#3757=ORIENTED_EDGE('',*,*,#2523,.F.);
#3758=ORIENTED_EDGE('',*,*,#2950,.T.);
#3759=ORIENTED_EDGE('',*,*,#2790,.F.);
#3760=ORIENTED_EDGE('',*,*,#2950,.F.);
#3761=ORIENTED_EDGE('',*,*,#2522,.F.);
#3762=ORIENTED_EDGE('',*,*,#2951,.F.);
#3763=ORIENTED_EDGE('',*,*,#2788,.F.);
#3764=ORIENTED_EDGE('',*,*,#2952,.F.);
#3765=ORIENTED_EDGE('',*,*,#2524,.F.);
#3766=ORIENTED_EDGE('',*,*,#2949,.T.);
#3767=ORIENTED_EDGE('',*,*,#2935,.F.);
#3768=ORIENTED_EDGE('',*,*,#2953,.F.);
#3769=ORIENTED_EDGE('',*,*,#2584,.F.);
#3770=ORIENTED_EDGE('',*,*,#2954,.T.);
#3771=ORIENTED_EDGE('',*,*,#2936,.F.);
#3772=ORIENTED_EDGE('',*,*,#2954,.F.);
#3773=ORIENTED_EDGE('',*,*,#2583,.F.);
#3774=ORIENTED_EDGE('',*,*,#2955,.T.);
#3775=ORIENTED_EDGE('',*,*,#2933,.F.);
#3776=ORIENTED_EDGE('',*,*,#2955,.F.);
#3777=ORIENTED_EDGE('',*,*,#2582,.F.);
#3778=ORIENTED_EDGE('',*,*,#2956,.T.);
#3779=ORIENTED_EDGE('',*,*,#2934,.F.);
#3780=ORIENTED_EDGE('',*,*,#2956,.F.);
#3781=ORIENTED_EDGE('',*,*,#2585,.F.);
#3782=ORIENTED_EDGE('',*,*,#2953,.T.);
#3783=ORIENTED_EDGE('',*,*,#2952,.T.);
#3784=ORIENTED_EDGE('',*,*,#2787,.F.);
#3785=ORIENTED_EDGE('',*,*,#2957,.T.);
#3786=ORIENTED_EDGE('',*,*,#2525,.F.);
#3787=ORIENTED_EDGE('',*,*,#2791,.F.);
#3788=ORIENTED_EDGE('',*,*,#2951,.T.);
#3789=ORIENTED_EDGE('',*,*,#2521,.F.);
#3790=ORIENTED_EDGE('',*,*,#2741,.F.);
#3791=ORIENTED_EDGE('',*,*,#2943,.T.);
#3792=ORIENTED_EDGE('',*,*,#2792,.F.);
#3793=ORIENTED_EDGE('',*,*,#2742,.F.);
#3794=ORIENTED_EDGE('',*,*,#2519,.F.);
#3795=ORIENTED_EDGE('',*,*,#2942,.T.);
#3796=ORIENTED_EDGE('',*,*,#2515,.F.);
#3797=ORIENTED_EDGE('',*,*,#2958,.T.);
#3798=ORIENTED_EDGE('',*,*,#2796,.F.);
#3799=ORIENTED_EDGE('',*,*,#2757,.F.);
#3800=ORIENTED_EDGE('',*,*,#2959,.F.);
#3801=ORIENTED_EDGE('',*,*,#2555,.F.);
#3802=ORIENTED_EDGE('',*,*,#2960,.T.);
#3803=ORIENTED_EDGE('',*,*,#2758,.F.);
#3804=ORIENTED_EDGE('',*,*,#2960,.F.);
#3805=ORIENTED_EDGE('',*,*,#2554,.F.);
#3806=ORIENTED_EDGE('',*,*,#2961,.F.);
#3807=ORIENTED_EDGE('',*,*,#2756,.F.);
#3808=ORIENTED_EDGE('',*,*,#2962,.F.);
#3809=ORIENTED_EDGE('',*,*,#2556,.F.);
#3810=ORIENTED_EDGE('',*,*,#2959,.T.);
#3811=ORIENTED_EDGE('',*,*,#2753,.F.);
#3812=ORIENTED_EDGE('',*,*,#2963,.F.);
#3813=ORIENTED_EDGE('',*,*,#2559,.F.);
#3814=ORIENTED_EDGE('',*,*,#2964,.T.);
#3815=ORIENTED_EDGE('',*,*,#2754,.F.);
#3816=ORIENTED_EDGE('',*,*,#2964,.F.);
#3817=ORIENTED_EDGE('',*,*,#2558,.F.);
#3818=ORIENTED_EDGE('',*,*,#2965,.F.);
#3819=ORIENTED_EDGE('',*,*,#2752,.F.);
#3820=ORIENTED_EDGE('',*,*,#2966,.F.);
#3821=ORIENTED_EDGE('',*,*,#2560,.F.);
#3822=ORIENTED_EDGE('',*,*,#2963,.T.);
#3823=ORIENTED_EDGE('',*,*,#2843,.F.);
#3824=ORIENTED_EDGE('',*,*,#2967,.F.);
#3825=ORIENTED_EDGE('',*,*,#2672,.F.);
#3826=ORIENTED_EDGE('',*,*,#2968,.T.);
#3827=ORIENTED_EDGE('',*,*,#2844,.F.);
#3828=ORIENTED_EDGE('',*,*,#2968,.F.);
#3829=ORIENTED_EDGE('',*,*,#2671,.F.);
#3830=ORIENTED_EDGE('',*,*,#2969,.T.);
#3831=ORIENTED_EDGE('',*,*,#2841,.F.);
#3832=ORIENTED_EDGE('',*,*,#2969,.F.);
#3833=ORIENTED_EDGE('',*,*,#2670,.F.);
#3834=ORIENTED_EDGE('',*,*,#2970,.T.);
#3835=ORIENTED_EDGE('',*,*,#2842,.F.);
#3836=ORIENTED_EDGE('',*,*,#2970,.F.);
#3837=ORIENTED_EDGE('',*,*,#2673,.F.);
#3838=ORIENTED_EDGE('',*,*,#2967,.T.);
#3839=ORIENTED_EDGE('',*,*,#2847,.F.);
#3840=ORIENTED_EDGE('',*,*,#2971,.F.);
#3841=ORIENTED_EDGE('',*,*,#2668,.F.);
#3842=ORIENTED_EDGE('',*,*,#2972,.T.);
#3843=ORIENTED_EDGE('',*,*,#2848,.F.);
#3844=ORIENTED_EDGE('',*,*,#2972,.F.);
#3845=ORIENTED_EDGE('',*,*,#2667,.F.);
#3846=ORIENTED_EDGE('',*,*,#2973,.T.);
#3847=ORIENTED_EDGE('',*,*,#2845,.F.);
#3848=ORIENTED_EDGE('',*,*,#2973,.F.);
#3849=ORIENTED_EDGE('',*,*,#2666,.F.);
#3850=ORIENTED_EDGE('',*,*,#2974,.T.);
#3851=ORIENTED_EDGE('',*,*,#2846,.F.);
#3852=ORIENTED_EDGE('',*,*,#2974,.F.);
#3853=ORIENTED_EDGE('',*,*,#2669,.F.);
#3854=ORIENTED_EDGE('',*,*,#2971,.T.);
#3855=ORIENTED_EDGE('',*,*,#2851,.F.);
#3856=ORIENTED_EDGE('',*,*,#2975,.F.);
#3857=ORIENTED_EDGE('',*,*,#2664,.F.);
#3858=ORIENTED_EDGE('',*,*,#2976,.T.);
#3859=ORIENTED_EDGE('',*,*,#2852,.F.);
#3860=ORIENTED_EDGE('',*,*,#2976,.F.);
#3861=ORIENTED_EDGE('',*,*,#2663,.F.);
#3862=ORIENTED_EDGE('',*,*,#2977,.T.);
#3863=ORIENTED_EDGE('',*,*,#2849,.F.);
#3864=ORIENTED_EDGE('',*,*,#2977,.F.);
#3865=ORIENTED_EDGE('',*,*,#2662,.F.);
#3866=ORIENTED_EDGE('',*,*,#2978,.T.);
#3867=ORIENTED_EDGE('',*,*,#2850,.F.);
#3868=ORIENTED_EDGE('',*,*,#2978,.F.);
#3869=ORIENTED_EDGE('',*,*,#2665,.F.);
#3870=ORIENTED_EDGE('',*,*,#2975,.T.);
#3871=ORIENTED_EDGE('',*,*,#2781,.F.);
#3872=ORIENTED_EDGE('',*,*,#2979,.F.);
#3873=ORIENTED_EDGE('',*,*,#2531,.F.);
#3874=ORIENTED_EDGE('',*,*,#2980,.T.);
#3875=ORIENTED_EDGE('',*,*,#2782,.F.);
#3876=ORIENTED_EDGE('',*,*,#2980,.F.);
#3877=ORIENTED_EDGE('',*,*,#2530,.F.);
#3878=ORIENTED_EDGE('',*,*,#2981,.F.);
#3879=ORIENTED_EDGE('',*,*,#2780,.F.);
#3880=ORIENTED_EDGE('',*,*,#2982,.F.);
#3881=ORIENTED_EDGE('',*,*,#2532,.F.);
#3882=ORIENTED_EDGE('',*,*,#2979,.T.);
#3883=ORIENTED_EDGE('',*,*,#2806,.F.);
#3884=ORIENTED_EDGE('',*,*,#2983,.F.);
#3885=ORIENTED_EDGE('',*,*,#2505,.F.);
#3886=ORIENTED_EDGE('',*,*,#2984,.T.);
#3887=ORIENTED_EDGE('',*,*,#2807,.F.);
#3888=ORIENTED_EDGE('',*,*,#2984,.F.);
#3889=ORIENTED_EDGE('',*,*,#2504,.F.);
#3890=ORIENTED_EDGE('',*,*,#2985,.F.);
#3891=ORIENTED_EDGE('',*,*,#2805,.F.);
#3892=ORIENTED_EDGE('',*,*,#2986,.F.);
#3893=ORIENTED_EDGE('',*,*,#2506,.F.);
#3894=ORIENTED_EDGE('',*,*,#2983,.T.);
#3895=ORIENTED_EDGE('',*,*,#2855,.F.);
#3896=ORIENTED_EDGE('',*,*,#2987,.F.);
#3897=ORIENTED_EDGE('',*,*,#2660,.F.);
#3898=ORIENTED_EDGE('',*,*,#2988,.T.);
#3899=ORIENTED_EDGE('',*,*,#2856,.F.);
#3900=ORIENTED_EDGE('',*,*,#2988,.F.);
#3901=ORIENTED_EDGE('',*,*,#2659,.F.);
#3902=ORIENTED_EDGE('',*,*,#2989,.T.);
#3903=ORIENTED_EDGE('',*,*,#2853,.F.);
#3904=ORIENTED_EDGE('',*,*,#2989,.F.);
#3905=ORIENTED_EDGE('',*,*,#2658,.F.);
#3906=ORIENTED_EDGE('',*,*,#2990,.T.);
#3907=ORIENTED_EDGE('',*,*,#2854,.F.);
#3908=ORIENTED_EDGE('',*,*,#2990,.F.);
#3909=ORIENTED_EDGE('',*,*,#2661,.F.);
#3910=ORIENTED_EDGE('',*,*,#2987,.T.);
#3911=ORIENTED_EDGE('',*,*,#2859,.F.);
#3912=ORIENTED_EDGE('',*,*,#2991,.F.);
#3913=ORIENTED_EDGE('',*,*,#2656,.F.);
#3914=ORIENTED_EDGE('',*,*,#2992,.T.);
#3915=ORIENTED_EDGE('',*,*,#2860,.F.);
#3916=ORIENTED_EDGE('',*,*,#2992,.F.);
#3917=ORIENTED_EDGE('',*,*,#2655,.F.);
#3918=ORIENTED_EDGE('',*,*,#2993,.T.);
#3919=ORIENTED_EDGE('',*,*,#2857,.F.);
#3920=ORIENTED_EDGE('',*,*,#2993,.F.);
#3921=ORIENTED_EDGE('',*,*,#2654,.F.);
#3922=ORIENTED_EDGE('',*,*,#2994,.T.);
#3923=ORIENTED_EDGE('',*,*,#2858,.F.);
#3924=ORIENTED_EDGE('',*,*,#2994,.F.);
#3925=ORIENTED_EDGE('',*,*,#2657,.F.);
#3926=ORIENTED_EDGE('',*,*,#2991,.T.);
#3927=ORIENTED_EDGE('',*,*,#2761,.F.);
#3928=ORIENTED_EDGE('',*,*,#2995,.F.);
#3929=ORIENTED_EDGE('',*,*,#2551,.F.);
#3930=ORIENTED_EDGE('',*,*,#2996,.T.);
#3931=ORIENTED_EDGE('',*,*,#2762,.F.);
#3932=ORIENTED_EDGE('',*,*,#2996,.F.);
#3933=ORIENTED_EDGE('',*,*,#2550,.F.);
#3934=ORIENTED_EDGE('',*,*,#2997,.F.);
#3935=ORIENTED_EDGE('',*,*,#2760,.F.);
#3936=ORIENTED_EDGE('',*,*,#2998,.F.);
#3937=ORIENTED_EDGE('',*,*,#2552,.F.);
#3938=ORIENTED_EDGE('',*,*,#2995,.T.);
#3939=ORIENTED_EDGE('',*,*,#2823,.F.);
#3940=ORIENTED_EDGE('',*,*,#2999,.F.);
#3941=ORIENTED_EDGE('',*,*,#2488,.F.);
#3942=ORIENTED_EDGE('',*,*,#3000,.F.);
#3943=ORIENTED_EDGE('',*,*,#2821,.F.);
#3944=ORIENTED_EDGE('',*,*,#3001,.F.);
#3945=ORIENTED_EDGE('',*,*,#2490,.F.);
#3946=ORIENTED_EDGE('',*,*,#3002,.T.);
#3947=ORIENTED_EDGE('',*,*,#2822,.F.);
#3948=ORIENTED_EDGE('',*,*,#3002,.F.);
#3949=ORIENTED_EDGE('',*,*,#2489,.F.);
#3950=ORIENTED_EDGE('',*,*,#2999,.T.);
#3951=ORIENTED_EDGE('',*,*,#2863,.F.);
#3952=ORIENTED_EDGE('',*,*,#3003,.F.);
#3953=ORIENTED_EDGE('',*,*,#2652,.F.);
#3954=ORIENTED_EDGE('',*,*,#3004,.T.);
#3955=ORIENTED_EDGE('',*,*,#2864,.F.);
#3956=ORIENTED_EDGE('',*,*,#3004,.F.);
#3957=ORIENTED_EDGE('',*,*,#2651,.F.);
#3958=ORIENTED_EDGE('',*,*,#3005,.T.);
#3959=ORIENTED_EDGE('',*,*,#2861,.F.);
#3960=ORIENTED_EDGE('',*,*,#3005,.F.);
#3961=ORIENTED_EDGE('',*,*,#2650,.F.);
#3962=ORIENTED_EDGE('',*,*,#3006,.T.);
#3963=ORIENTED_EDGE('',*,*,#2862,.F.);
#3964=ORIENTED_EDGE('',*,*,#3006,.F.);
#3965=ORIENTED_EDGE('',*,*,#2653,.F.);
#3966=ORIENTED_EDGE('',*,*,#3003,.T.);
#3967=ORIENTED_EDGE('',*,*,#2819,.F.);
#3968=ORIENTED_EDGE('',*,*,#3007,.F.);
#3969=ORIENTED_EDGE('',*,*,#2492,.F.);
#3970=ORIENTED_EDGE('',*,*,#3008,.F.);
#3971=ORIENTED_EDGE('',*,*,#2817,.F.);
#3972=ORIENTED_EDGE('',*,*,#3009,.F.);
#3973=ORIENTED_EDGE('',*,*,#2494,.F.);
#3974=ORIENTED_EDGE('',*,*,#3010,.T.);
#3975=ORIENTED_EDGE('',*,*,#2818,.F.);
#3976=ORIENTED_EDGE('',*,*,#3010,.F.);
#3977=ORIENTED_EDGE('',*,*,#2493,.F.);
#3978=ORIENTED_EDGE('',*,*,#3007,.T.);
#3979=ORIENTED_EDGE('',*,*,#2803,.F.);
#3980=ORIENTED_EDGE('',*,*,#3011,.F.);
#3981=ORIENTED_EDGE('',*,*,#2508,.F.);
#3982=ORIENTED_EDGE('',*,*,#3012,.F.);
#3983=ORIENTED_EDGE('',*,*,#2801,.F.);
#3984=ORIENTED_EDGE('',*,*,#3013,.F.);
#3985=ORIENTED_EDGE('',*,*,#2510,.F.);
#3986=ORIENTED_EDGE('',*,*,#3014,.T.);
#3987=ORIENTED_EDGE('',*,*,#2802,.F.);
#3988=ORIENTED_EDGE('',*,*,#3014,.F.);
#3989=ORIENTED_EDGE('',*,*,#2509,.F.);
#3990=ORIENTED_EDGE('',*,*,#3011,.T.);
#3991=ORIENTED_EDGE('',*,*,#2777,.F.);
#3992=ORIENTED_EDGE('',*,*,#3015,.F.);
#3993=ORIENTED_EDGE('',*,*,#2535,.F.);
#3994=ORIENTED_EDGE('',*,*,#3016,.T.);
#3995=ORIENTED_EDGE('',*,*,#2778,.F.);
#3996=ORIENTED_EDGE('',*,*,#3016,.F.);
#3997=ORIENTED_EDGE('',*,*,#2534,.F.);
#3998=ORIENTED_EDGE('',*,*,#3017,.F.);
#3999=ORIENTED_EDGE('',*,*,#2776,.F.);
#4000=ORIENTED_EDGE('',*,*,#3018,.F.);
#4001=ORIENTED_EDGE('',*,*,#2536,.F.);
#4002=ORIENTED_EDGE('',*,*,#3015,.T.);
#4003=ORIENTED_EDGE('',*,*,#2867,.F.);
#4004=ORIENTED_EDGE('',*,*,#3019,.F.);
#4005=ORIENTED_EDGE('',*,*,#2648,.F.);
#4006=ORIENTED_EDGE('',*,*,#3020,.T.);
#4007=ORIENTED_EDGE('',*,*,#2868,.F.);
#4008=ORIENTED_EDGE('',*,*,#3020,.F.);
#4009=ORIENTED_EDGE('',*,*,#2647,.F.);
#4010=ORIENTED_EDGE('',*,*,#3021,.T.);
#4011=ORIENTED_EDGE('',*,*,#2865,.F.);
#4012=ORIENTED_EDGE('',*,*,#3021,.F.);
#4013=ORIENTED_EDGE('',*,*,#2646,.F.);
#4014=ORIENTED_EDGE('',*,*,#3022,.T.);
#4015=ORIENTED_EDGE('',*,*,#2866,.F.);
#4016=ORIENTED_EDGE('',*,*,#3022,.F.);
#4017=ORIENTED_EDGE('',*,*,#2649,.F.);
#4018=ORIENTED_EDGE('',*,*,#3019,.T.);
#4019=ORIENTED_EDGE('',*,*,#2871,.F.);
#4020=ORIENTED_EDGE('',*,*,#3023,.F.);
#4021=ORIENTED_EDGE('',*,*,#2644,.F.);
#4022=ORIENTED_EDGE('',*,*,#3024,.T.);
#4023=ORIENTED_EDGE('',*,*,#2872,.F.);
#4024=ORIENTED_EDGE('',*,*,#3024,.F.);
#4025=ORIENTED_EDGE('',*,*,#2643,.F.);
#4026=ORIENTED_EDGE('',*,*,#3025,.T.);
#4027=ORIENTED_EDGE('',*,*,#2869,.F.);
#4028=ORIENTED_EDGE('',*,*,#3025,.F.);
#4029=ORIENTED_EDGE('',*,*,#2642,.F.);
#4030=ORIENTED_EDGE('',*,*,#3026,.T.);
#4031=ORIENTED_EDGE('',*,*,#2870,.F.);
#4032=ORIENTED_EDGE('',*,*,#3026,.F.);
#4033=ORIENTED_EDGE('',*,*,#2645,.F.);
#4034=ORIENTED_EDGE('',*,*,#3023,.T.);
#4035=ORIENTED_EDGE('',*,*,#2875,.F.);
#4036=ORIENTED_EDGE('',*,*,#3027,.F.);
#4037=ORIENTED_EDGE('',*,*,#2640,.F.);
#4038=ORIENTED_EDGE('',*,*,#3028,.T.);
#4039=ORIENTED_EDGE('',*,*,#2876,.F.);
#4040=ORIENTED_EDGE('',*,*,#3028,.F.);
#4041=ORIENTED_EDGE('',*,*,#2639,.F.);
#4042=ORIENTED_EDGE('',*,*,#3029,.T.);
#4043=ORIENTED_EDGE('',*,*,#2873,.F.);
#4044=ORIENTED_EDGE('',*,*,#3029,.F.);
#4045=ORIENTED_EDGE('',*,*,#2638,.F.);
#4046=ORIENTED_EDGE('',*,*,#3030,.T.);
#4047=ORIENTED_EDGE('',*,*,#2874,.F.);
#4048=ORIENTED_EDGE('',*,*,#3030,.F.);
#4049=ORIENTED_EDGE('',*,*,#2641,.F.);
#4050=ORIENTED_EDGE('',*,*,#3027,.T.);
#4051=ORIENTED_EDGE('',*,*,#2835,.F.);
#4052=ORIENTED_EDGE('',*,*,#3031,.F.);
#4053=ORIENTED_EDGE('',*,*,#2476,.F.);
#4054=ORIENTED_EDGE('',*,*,#3032,.F.);
#4055=ORIENTED_EDGE('',*,*,#2833,.F.);
#4056=ORIENTED_EDGE('',*,*,#3033,.F.);
#4057=ORIENTED_EDGE('',*,*,#2478,.F.);
#4058=ORIENTED_EDGE('',*,*,#3034,.T.);
#4059=ORIENTED_EDGE('',*,*,#2834,.F.);
#4060=ORIENTED_EDGE('',*,*,#3034,.F.);
#4061=ORIENTED_EDGE('',*,*,#2477,.F.);
#4062=ORIENTED_EDGE('',*,*,#3031,.T.);
#4063=ORIENTED_EDGE('',*,*,#2879,.F.);
#4064=ORIENTED_EDGE('',*,*,#3035,.F.);
#4065=ORIENTED_EDGE('',*,*,#2636,.F.);
#4066=ORIENTED_EDGE('',*,*,#3036,.T.);
#4067=ORIENTED_EDGE('',*,*,#2880,.F.);
#4068=ORIENTED_EDGE('',*,*,#3036,.F.);
#4069=ORIENTED_EDGE('',*,*,#2635,.F.);
#4070=ORIENTED_EDGE('',*,*,#3037,.T.);
#4071=ORIENTED_EDGE('',*,*,#2877,.F.);
#4072=ORIENTED_EDGE('',*,*,#3037,.F.);
#4073=ORIENTED_EDGE('',*,*,#2634,.F.);
#4074=ORIENTED_EDGE('',*,*,#3038,.T.);
#4075=ORIENTED_EDGE('',*,*,#2878,.F.);
#4076=ORIENTED_EDGE('',*,*,#3038,.F.);
#4077=ORIENTED_EDGE('',*,*,#2637,.F.);
#4078=ORIENTED_EDGE('',*,*,#3035,.T.);
#4079=ORIENTED_EDGE('',*,*,#2883,.F.);
#4080=ORIENTED_EDGE('',*,*,#3039,.F.);
#4081=ORIENTED_EDGE('',*,*,#2632,.F.);
#4082=ORIENTED_EDGE('',*,*,#3040,.T.);
#4083=ORIENTED_EDGE('',*,*,#2884,.F.);
#4084=ORIENTED_EDGE('',*,*,#3040,.F.);
#4085=ORIENTED_EDGE('',*,*,#2631,.F.);
#4086=ORIENTED_EDGE('',*,*,#3041,.T.);
#4087=ORIENTED_EDGE('',*,*,#2881,.F.);
#4088=ORIENTED_EDGE('',*,*,#3041,.F.);
#4089=ORIENTED_EDGE('',*,*,#2630,.F.);
#4090=ORIENTED_EDGE('',*,*,#3042,.T.);
#4091=ORIENTED_EDGE('',*,*,#2882,.F.);
#4092=ORIENTED_EDGE('',*,*,#3042,.F.);
#4093=ORIENTED_EDGE('',*,*,#2633,.F.);
#4094=ORIENTED_EDGE('',*,*,#3039,.T.);
#4095=ORIENTED_EDGE('',*,*,#2827,.F.);
#4096=ORIENTED_EDGE('',*,*,#3043,.F.);
#4097=ORIENTED_EDGE('',*,*,#2484,.F.);
#4098=ORIENTED_EDGE('',*,*,#3044,.F.);
#4099=ORIENTED_EDGE('',*,*,#2825,.F.);
#4100=ORIENTED_EDGE('',*,*,#3045,.F.);
#4101=ORIENTED_EDGE('',*,*,#2486,.F.);
#4102=ORIENTED_EDGE('',*,*,#3046,.T.);
#4103=ORIENTED_EDGE('',*,*,#2826,.F.);
#4104=ORIENTED_EDGE('',*,*,#3046,.F.);
#4105=ORIENTED_EDGE('',*,*,#2485,.F.);
#4106=ORIENTED_EDGE('',*,*,#3043,.T.);
#4107=ORIENTED_EDGE('',*,*,#2887,.F.);
#4108=ORIENTED_EDGE('',*,*,#3047,.F.);
#4109=ORIENTED_EDGE('',*,*,#2628,.F.);
#4110=ORIENTED_EDGE('',*,*,#3048,.T.);
#4111=ORIENTED_EDGE('',*,*,#2888,.F.);
#4112=ORIENTED_EDGE('',*,*,#3048,.F.);
#4113=ORIENTED_EDGE('',*,*,#2627,.F.);
#4114=ORIENTED_EDGE('',*,*,#3049,.T.);
#4115=ORIENTED_EDGE('',*,*,#2885,.F.);
#4116=ORIENTED_EDGE('',*,*,#3049,.F.);
#4117=ORIENTED_EDGE('',*,*,#2626,.F.);
#4118=ORIENTED_EDGE('',*,*,#3050,.T.);
#4119=ORIENTED_EDGE('',*,*,#2886,.F.);
#4120=ORIENTED_EDGE('',*,*,#3050,.F.);
#4121=ORIENTED_EDGE('',*,*,#2629,.F.);
#4122=ORIENTED_EDGE('',*,*,#3047,.T.);
#4123=ORIENTED_EDGE('',*,*,#2891,.F.);
#4124=ORIENTED_EDGE('',*,*,#3051,.F.);
#4125=ORIENTED_EDGE('',*,*,#2624,.F.);
#4126=ORIENTED_EDGE('',*,*,#3052,.T.);
#4127=ORIENTED_EDGE('',*,*,#2892,.F.);
#4128=ORIENTED_EDGE('',*,*,#3052,.F.);
#4129=ORIENTED_EDGE('',*,*,#2623,.F.);
#4130=ORIENTED_EDGE('',*,*,#3053,.T.);
#4131=ORIENTED_EDGE('',*,*,#2889,.F.);
#4132=ORIENTED_EDGE('',*,*,#3053,.F.);
#4133=ORIENTED_EDGE('',*,*,#2622,.F.);
#4134=ORIENTED_EDGE('',*,*,#3054,.T.);
#4135=ORIENTED_EDGE('',*,*,#2890,.F.);
#4136=ORIENTED_EDGE('',*,*,#3054,.F.);
#4137=ORIENTED_EDGE('',*,*,#2625,.F.);
#4138=ORIENTED_EDGE('',*,*,#3051,.T.);
#4139=ORIENTED_EDGE('',*,*,#2769,.F.);
#4140=ORIENTED_EDGE('',*,*,#3055,.F.);
#4141=ORIENTED_EDGE('',*,*,#2543,.F.);
#4142=ORIENTED_EDGE('',*,*,#3056,.T.);
#4143=ORIENTED_EDGE('',*,*,#2770,.F.);
#4144=ORIENTED_EDGE('',*,*,#3056,.F.);
#4145=ORIENTED_EDGE('',*,*,#2542,.F.);
#4146=ORIENTED_EDGE('',*,*,#3057,.F.);
#4147=ORIENTED_EDGE('',*,*,#2768,.F.);
#4148=ORIENTED_EDGE('',*,*,#3058,.F.);
#4149=ORIENTED_EDGE('',*,*,#2544,.F.);
#4150=ORIENTED_EDGE('',*,*,#3055,.T.);
#4151=ORIENTED_EDGE('',*,*,#2785,.F.);
#4152=ORIENTED_EDGE('',*,*,#3059,.F.);
#4153=ORIENTED_EDGE('',*,*,#2527,.F.);
#4154=ORIENTED_EDGE('',*,*,#3060,.T.);
#4155=ORIENTED_EDGE('',*,*,#2786,.F.);
#4156=ORIENTED_EDGE('',*,*,#3060,.F.);
#4157=ORIENTED_EDGE('',*,*,#2526,.F.);
#4158=ORIENTED_EDGE('',*,*,#2957,.F.);
#4159=ORIENTED_EDGE('',*,*,#2784,.F.);
#4160=ORIENTED_EDGE('',*,*,#3061,.F.);
#4161=ORIENTED_EDGE('',*,*,#2528,.F.);
#4162=ORIENTED_EDGE('',*,*,#3059,.T.);
#4163=ORIENTED_EDGE('',*,*,#2810,.F.);
#4164=ORIENTED_EDGE('',*,*,#3062,.F.);
#4165=ORIENTED_EDGE('',*,*,#2501,.F.);
#4166=ORIENTED_EDGE('',*,*,#3063,.T.);
#4167=ORIENTED_EDGE('',*,*,#2811,.F.);
#4168=ORIENTED_EDGE('',*,*,#3063,.F.);
#4169=ORIENTED_EDGE('',*,*,#2500,.F.);
#4170=ORIENTED_EDGE('',*,*,#3064,.F.);
#4171=ORIENTED_EDGE('',*,*,#2809,.F.);
#4172=ORIENTED_EDGE('',*,*,#3065,.F.);
#4173=ORIENTED_EDGE('',*,*,#2502,.F.);
#4174=ORIENTED_EDGE('',*,*,#3062,.T.);
#4175=ORIENTED_EDGE('',*,*,#2895,.F.);
#4176=ORIENTED_EDGE('',*,*,#3066,.F.);
#4177=ORIENTED_EDGE('',*,*,#2620,.F.);
#4178=ORIENTED_EDGE('',*,*,#3067,.T.);
#4179=ORIENTED_EDGE('',*,*,#2896,.F.);
#4180=ORIENTED_EDGE('',*,*,#3067,.F.);
#4181=ORIENTED_EDGE('',*,*,#2619,.F.);
#4182=ORIENTED_EDGE('',*,*,#3068,.T.);
#4183=ORIENTED_EDGE('',*,*,#2893,.F.);
#4184=ORIENTED_EDGE('',*,*,#3068,.F.);
#4185=ORIENTED_EDGE('',*,*,#2618,.F.);
#4186=ORIENTED_EDGE('',*,*,#3069,.T.);
#4187=ORIENTED_EDGE('',*,*,#2894,.F.);
#4188=ORIENTED_EDGE('',*,*,#3069,.F.);
#4189=ORIENTED_EDGE('',*,*,#2621,.F.);
#4190=ORIENTED_EDGE('',*,*,#3066,.T.);
#4191=ORIENTED_EDGE('',*,*,#2899,.F.);
#4192=ORIENTED_EDGE('',*,*,#3070,.F.);
#4193=ORIENTED_EDGE('',*,*,#2616,.F.);
#4194=ORIENTED_EDGE('',*,*,#3071,.T.);
#4195=ORIENTED_EDGE('',*,*,#2900,.F.);
#4196=ORIENTED_EDGE('',*,*,#3071,.F.);
#4197=ORIENTED_EDGE('',*,*,#2615,.F.);
#4198=ORIENTED_EDGE('',*,*,#3072,.T.);
#4199=ORIENTED_EDGE('',*,*,#2897,.F.);
#4200=ORIENTED_EDGE('',*,*,#3072,.F.);
#4201=ORIENTED_EDGE('',*,*,#2614,.F.);
#4202=ORIENTED_EDGE('',*,*,#3073,.T.);
#4203=ORIENTED_EDGE('',*,*,#2898,.F.);
#4204=ORIENTED_EDGE('',*,*,#3073,.F.);
#4205=ORIENTED_EDGE('',*,*,#2617,.F.);
#4206=ORIENTED_EDGE('',*,*,#3070,.T.);
#4207=ORIENTED_EDGE('',*,*,#2765,.F.);
#4208=ORIENTED_EDGE('',*,*,#3074,.F.);
#4209=ORIENTED_EDGE('',*,*,#2547,.F.);
#4210=ORIENTED_EDGE('',*,*,#3075,.T.);
#4211=ORIENTED_EDGE('',*,*,#2766,.F.);
#4212=ORIENTED_EDGE('',*,*,#3075,.F.);
#4213=ORIENTED_EDGE('',*,*,#2546,.F.);
#4214=ORIENTED_EDGE('',*,*,#3076,.F.);
#4215=ORIENTED_EDGE('',*,*,#2764,.F.);
#4216=ORIENTED_EDGE('',*,*,#3077,.F.);
#4217=ORIENTED_EDGE('',*,*,#2548,.F.);
#4218=ORIENTED_EDGE('',*,*,#3074,.T.);
#4219=ORIENTED_EDGE('',*,*,#2903,.F.);
#4220=ORIENTED_EDGE('',*,*,#3078,.F.);
#4221=ORIENTED_EDGE('',*,*,#2612,.F.);
#4222=ORIENTED_EDGE('',*,*,#3079,.T.);
#4223=ORIENTED_EDGE('',*,*,#2904,.F.);
#4224=ORIENTED_EDGE('',*,*,#3079,.F.);
#4225=ORIENTED_EDGE('',*,*,#2611,.F.);
#4226=ORIENTED_EDGE('',*,*,#3080,.T.);
#4227=ORIENTED_EDGE('',*,*,#2901,.F.);
#4228=ORIENTED_EDGE('',*,*,#3080,.F.);
#4229=ORIENTED_EDGE('',*,*,#2610,.F.);
#4230=ORIENTED_EDGE('',*,*,#3081,.T.);
#4231=ORIENTED_EDGE('',*,*,#2902,.F.);
#4232=ORIENTED_EDGE('',*,*,#3081,.F.);
#4233=ORIENTED_EDGE('',*,*,#2613,.F.);
#4234=ORIENTED_EDGE('',*,*,#3078,.T.);
#4235=ORIENTED_EDGE('',*,*,#2907,.F.);
#4236=ORIENTED_EDGE('',*,*,#3082,.F.);
#4237=ORIENTED_EDGE('',*,*,#2608,.F.);
#4238=ORIENTED_EDGE('',*,*,#3083,.T.);
#4239=ORIENTED_EDGE('',*,*,#2908,.F.);
#4240=ORIENTED_EDGE('',*,*,#3083,.F.);
#4241=ORIENTED_EDGE('',*,*,#2607,.F.);
#4242=ORIENTED_EDGE('',*,*,#3084,.T.);
#4243=ORIENTED_EDGE('',*,*,#2905,.F.);
#4244=ORIENTED_EDGE('',*,*,#3084,.F.);
#4245=ORIENTED_EDGE('',*,*,#2606,.F.);
#4246=ORIENTED_EDGE('',*,*,#3085,.T.);
#4247=ORIENTED_EDGE('',*,*,#2906,.F.);
#4248=ORIENTED_EDGE('',*,*,#3085,.F.);
#4249=ORIENTED_EDGE('',*,*,#2609,.F.);
#4250=ORIENTED_EDGE('',*,*,#3082,.T.);
#4251=ORIENTED_EDGE('',*,*,#2815,.F.);
#4252=ORIENTED_EDGE('',*,*,#3086,.F.);
#4253=ORIENTED_EDGE('',*,*,#2496,.F.);
#4254=ORIENTED_EDGE('',*,*,#3087,.F.);
#4255=ORIENTED_EDGE('',*,*,#2813,.F.);
#4256=ORIENTED_EDGE('',*,*,#3088,.F.);
#4257=ORIENTED_EDGE('',*,*,#2498,.F.);
#4258=ORIENTED_EDGE('',*,*,#3089,.T.);
#4259=ORIENTED_EDGE('',*,*,#2814,.F.);
#4260=ORIENTED_EDGE('',*,*,#3089,.F.);
#4261=ORIENTED_EDGE('',*,*,#2497,.F.);
#4262=ORIENTED_EDGE('',*,*,#3086,.T.);
#4263=ORIENTED_EDGE('',*,*,#2799,.F.);
#4264=ORIENTED_EDGE('',*,*,#3090,.F.);
#4265=ORIENTED_EDGE('',*,*,#2512,.F.);
#4266=ORIENTED_EDGE('',*,*,#3091,.F.);
#4267=ORIENTED_EDGE('',*,*,#2797,.F.);
#4268=ORIENTED_EDGE('',*,*,#2958,.F.);
#4269=ORIENTED_EDGE('',*,*,#2514,.F.);
#4270=ORIENTED_EDGE('',*,*,#3092,.T.);
#4271=ORIENTED_EDGE('',*,*,#2798,.F.);
#4272=ORIENTED_EDGE('',*,*,#3092,.F.);
#4273=ORIENTED_EDGE('',*,*,#2513,.F.);
#4274=ORIENTED_EDGE('',*,*,#3090,.T.);
#4275=ORIENTED_EDGE('',*,*,#2773,.F.);
#4276=ORIENTED_EDGE('',*,*,#3093,.F.);
#4277=ORIENTED_EDGE('',*,*,#2539,.F.);
#4278=ORIENTED_EDGE('',*,*,#3094,.T.);
#4279=ORIENTED_EDGE('',*,*,#2774,.F.);
#4280=ORIENTED_EDGE('',*,*,#3094,.F.);
#4281=ORIENTED_EDGE('',*,*,#2538,.F.);
#4282=ORIENTED_EDGE('',*,*,#3095,.F.);
#4283=ORIENTED_EDGE('',*,*,#2772,.F.);
#4284=ORIENTED_EDGE('',*,*,#3096,.F.);
#4285=ORIENTED_EDGE('',*,*,#2540,.F.);
#4286=ORIENTED_EDGE('',*,*,#3093,.T.);
#4287=ORIENTED_EDGE('',*,*,#2911,.F.);
#4288=ORIENTED_EDGE('',*,*,#3097,.F.);
#4289=ORIENTED_EDGE('',*,*,#2604,.F.);
#4290=ORIENTED_EDGE('',*,*,#3098,.T.);
#4291=ORIENTED_EDGE('',*,*,#2912,.F.);
#4292=ORIENTED_EDGE('',*,*,#3098,.F.);
#4293=ORIENTED_EDGE('',*,*,#2603,.F.);
#4294=ORIENTED_EDGE('',*,*,#3099,.T.);
#4295=ORIENTED_EDGE('',*,*,#2909,.F.);
#4296=ORIENTED_EDGE('',*,*,#3099,.F.);
#4297=ORIENTED_EDGE('',*,*,#2602,.F.);
#4298=ORIENTED_EDGE('',*,*,#3100,.T.);
#4299=ORIENTED_EDGE('',*,*,#2910,.F.);
#4300=ORIENTED_EDGE('',*,*,#3100,.F.);
#4301=ORIENTED_EDGE('',*,*,#2605,.F.);
#4302=ORIENTED_EDGE('',*,*,#3097,.T.);
#4303=ORIENTED_EDGE('',*,*,#2915,.F.);
#4304=ORIENTED_EDGE('',*,*,#3101,.F.);
#4305=ORIENTED_EDGE('',*,*,#2600,.F.);
#4306=ORIENTED_EDGE('',*,*,#3102,.T.);
#4307=ORIENTED_EDGE('',*,*,#2916,.F.);
#4308=ORIENTED_EDGE('',*,*,#3102,.F.);
#4309=ORIENTED_EDGE('',*,*,#2599,.F.);
#4310=ORIENTED_EDGE('',*,*,#3103,.T.);
#4311=ORIENTED_EDGE('',*,*,#2913,.F.);
#4312=ORIENTED_EDGE('',*,*,#3103,.F.);
#4313=ORIENTED_EDGE('',*,*,#2598,.F.);
#4314=ORIENTED_EDGE('',*,*,#3104,.T.);
#4315=ORIENTED_EDGE('',*,*,#2914,.F.);
#4316=ORIENTED_EDGE('',*,*,#3104,.F.);
#4317=ORIENTED_EDGE('',*,*,#2601,.F.);
#4318=ORIENTED_EDGE('',*,*,#3101,.T.);
#4319=ORIENTED_EDGE('',*,*,#2830,.F.);
#4320=ORIENTED_EDGE('',*,*,#3105,.F.);
#4321=ORIENTED_EDGE('',*,*,#2481,.F.);
#4322=ORIENTED_EDGE('',*,*,#3106,.T.);
#4323=ORIENTED_EDGE('',*,*,#2831,.F.);
#4324=ORIENTED_EDGE('',*,*,#3106,.F.);
#4325=ORIENTED_EDGE('',*,*,#2480,.F.);
#4326=ORIENTED_EDGE('',*,*,#3107,.F.);
#4327=ORIENTED_EDGE('',*,*,#2829,.F.);
#4328=ORIENTED_EDGE('',*,*,#3108,.F.);
#4329=ORIENTED_EDGE('',*,*,#2482,.F.);
#4330=ORIENTED_EDGE('',*,*,#3105,.T.);
#4331=ORIENTED_EDGE('',*,*,#2749,.F.);
#4332=ORIENTED_EDGE('',*,*,#3109,.F.);
#4333=ORIENTED_EDGE('',*,*,#2563,.F.);
#4334=ORIENTED_EDGE('',*,*,#3110,.T.);
#4335=ORIENTED_EDGE('',*,*,#2750,.F.);
#4336=ORIENTED_EDGE('',*,*,#3110,.F.);
#4337=ORIENTED_EDGE('',*,*,#2562,.F.);
#4338=ORIENTED_EDGE('',*,*,#3111,.F.);
#4339=ORIENTED_EDGE('',*,*,#2748,.F.);
#4340=ORIENTED_EDGE('',*,*,#3112,.F.);
#4341=ORIENTED_EDGE('',*,*,#2564,.F.);
#4342=ORIENTED_EDGE('',*,*,#3109,.T.);
#4343=ORIENTED_EDGE('',*,*,#2919,.F.);
#4344=ORIENTED_EDGE('',*,*,#3113,.F.);
#4345=ORIENTED_EDGE('',*,*,#2596,.F.);
#4346=ORIENTED_EDGE('',*,*,#3114,.T.);
#4347=ORIENTED_EDGE('',*,*,#2920,.F.);
#4348=ORIENTED_EDGE('',*,*,#3114,.F.);
#4349=ORIENTED_EDGE('',*,*,#2595,.F.);
#4350=ORIENTED_EDGE('',*,*,#3115,.T.);
#4351=ORIENTED_EDGE('',*,*,#2917,.F.);
#4352=ORIENTED_EDGE('',*,*,#3115,.F.);
#4353=ORIENTED_EDGE('',*,*,#2594,.F.);
#4354=ORIENTED_EDGE('',*,*,#3116,.T.);
#4355=ORIENTED_EDGE('',*,*,#2918,.F.);
#4356=ORIENTED_EDGE('',*,*,#3116,.F.);
#4357=ORIENTED_EDGE('',*,*,#2597,.F.);
#4358=ORIENTED_EDGE('',*,*,#3113,.T.);
#4359=ORIENTED_EDGE('',*,*,#3032,.T.);
#4360=ORIENTED_EDGE('',*,*,#2475,.F.);
#4361=ORIENTED_EDGE('',*,*,#3117,.T.);
#4362=ORIENTED_EDGE('',*,*,#2836,.F.);
#4363=ORIENTED_EDGE('',*,*,#3044,.T.);
#4364=ORIENTED_EDGE('',*,*,#2483,.F.);
#4365=ORIENTED_EDGE('',*,*,#3108,.T.);
#4366=ORIENTED_EDGE('',*,*,#2828,.F.);
#4367=ORIENTED_EDGE('',*,*,#3064,.T.);
#4368=ORIENTED_EDGE('',*,*,#2499,.F.);
#4369=ORIENTED_EDGE('',*,*,#3088,.T.);
#4370=ORIENTED_EDGE('',*,*,#2812,.F.);
#4371=ORIENTED_EDGE('',*,*,#3000,.T.);
#4372=ORIENTED_EDGE('',*,*,#2487,.F.);
#4373=ORIENTED_EDGE('',*,*,#3045,.T.);
#4374=ORIENTED_EDGE('',*,*,#2824,.F.);
#4375=ORIENTED_EDGE('',*,*,#3033,.T.);
#4376=ORIENTED_EDGE('',*,*,#2832,.F.);
#4377=ORIENTED_EDGE('',*,*,#3107,.T.);
#4378=ORIENTED_EDGE('',*,*,#2479,.F.);
#4379=ORIENTED_EDGE('',*,*,#3013,.T.);
#4380=ORIENTED_EDGE('',*,*,#2800,.F.);
#4381=ORIENTED_EDGE('',*,*,#3091,.T.);
#4382=ORIENTED_EDGE('',*,*,#2511,.F.);
#4383=ORIENTED_EDGE('',*,*,#3009,.T.);
#4384=ORIENTED_EDGE('',*,*,#2816,.F.);
#4385=ORIENTED_EDGE('',*,*,#3087,.T.);
#4386=ORIENTED_EDGE('',*,*,#2495,.F.);
#4387=ORIENTED_EDGE('',*,*,#3001,.T.);
#4388=ORIENTED_EDGE('',*,*,#2820,.F.);
#4389=ORIENTED_EDGE('',*,*,#3008,.T.);
#4390=ORIENTED_EDGE('',*,*,#2491,.F.);
#4391=ORIENTED_EDGE('',*,*,#2985,.T.);
#4392=ORIENTED_EDGE('',*,*,#2503,.F.);
#4393=ORIENTED_EDGE('',*,*,#3065,.T.);
#4394=ORIENTED_EDGE('',*,*,#2808,.F.);
#4395=ORIENTED_EDGE('',*,*,#3112,.T.);
#4396=ORIENTED_EDGE('',*,*,#2747,.F.);
#4397=ORIENTED_EDGE('',*,*,#3118,.T.);
#4398=ORIENTED_EDGE('',*,*,#2565,.F.);
#4399=ORIENTED_EDGE('',*,*,#3057,.T.);
#4400=ORIENTED_EDGE('',*,*,#2541,.F.);
#4401=ORIENTED_EDGE('',*,*,#3096,.T.);
#4402=ORIENTED_EDGE('',*,*,#2771,.F.);
#4403=ORIENTED_EDGE('',*,*,#3058,.T.);
#4404=ORIENTED_EDGE('',*,*,#2767,.F.);
#4405=ORIENTED_EDGE('',*,*,#3076,.T.);
#4406=ORIENTED_EDGE('',*,*,#2545,.F.);
#4407=ORIENTED_EDGE('',*,*,#3018,.T.);
#4408=ORIENTED_EDGE('',*,*,#2775,.F.);
#4409=ORIENTED_EDGE('',*,*,#3095,.T.);
#4410=ORIENTED_EDGE('',*,*,#2537,.F.);
#4411=ORIENTED_EDGE('',*,*,#2997,.T.);
#4412=ORIENTED_EDGE('',*,*,#2549,.F.);
#4413=ORIENTED_EDGE('',*,*,#3077,.T.);
#4414=ORIENTED_EDGE('',*,*,#2763,.F.);
#4415=ORIENTED_EDGE('',*,*,#2981,.T.);
#4416=ORIENTED_EDGE('',*,*,#2529,.F.);
#4417=ORIENTED_EDGE('',*,*,#3061,.T.);
#4418=ORIENTED_EDGE('',*,*,#2783,.F.);
#4419=ORIENTED_EDGE('',*,*,#2982,.T.);
#4420=ORIENTED_EDGE('',*,*,#2779,.F.);
#4421=ORIENTED_EDGE('',*,*,#3017,.T.);
#4422=ORIENTED_EDGE('',*,*,#2533,.F.);
#4423=ORIENTED_EDGE('',*,*,#2966,.T.);
#4424=ORIENTED_EDGE('',*,*,#2751,.F.);
#4425=ORIENTED_EDGE('',*,*,#3111,.T.);
#4426=ORIENTED_EDGE('',*,*,#2561,.F.);
#4427=ORIENTED_EDGE('',*,*,#2961,.T.);
#4428=ORIENTED_EDGE('',*,*,#2553,.F.);
#4429=ORIENTED_EDGE('',*,*,#2998,.T.);
#4430=ORIENTED_EDGE('',*,*,#2759,.F.);
#4431=ORIENTED_EDGE('',*,*,#2931,.F.);
#4432=ORIENTED_EDGE('',*,*,#3119,.F.);
#4433=ORIENTED_EDGE('',*,*,#2468,.F.);
#4434=ORIENTED_EDGE('',*,*,#2460,.T.);
#4435=ORIENTED_EDGE('',*,*,#3120,.T.);
#4436=ORIENTED_EDGE('',*,*,#2932,.F.);
#4437=ORIENTED_EDGE('',*,*,#3120,.F.);
#4438=ORIENTED_EDGE('',*,*,#2459,.F.);
#4439=ORIENTED_EDGE('',*,*,#3121,.F.);
#4440=ORIENTED_EDGE('',*,*,#2929,.F.);
#4441=ORIENTED_EDGE('',*,*,#3121,.T.);
#4442=ORIENTED_EDGE('',*,*,#2458,.T.);
#4443=ORIENTED_EDGE('',*,*,#2470,.F.);
#4444=ORIENTED_EDGE('',*,*,#3122,.T.);
#4445=ORIENTED_EDGE('',*,*,#2930,.F.);
#4446=ORIENTED_EDGE('',*,*,#3122,.F.);
#4447=ORIENTED_EDGE('',*,*,#2469,.F.);
#4448=ORIENTED_EDGE('',*,*,#3119,.T.);
#4449=ORIENTED_EDGE('',*,*,#2927,.F.);
#4450=ORIENTED_EDGE('',*,*,#3123,.F.);
#4451=ORIENTED_EDGE('',*,*,#2588,.F.);
#4452=ORIENTED_EDGE('',*,*,#3124,.T.);
#4453=ORIENTED_EDGE('',*,*,#2928,.F.);
#4454=ORIENTED_EDGE('',*,*,#3124,.F.);
#4455=ORIENTED_EDGE('',*,*,#2587,.F.);
#4456=ORIENTED_EDGE('',*,*,#3125,.T.);
#4457=ORIENTED_EDGE('',*,*,#2925,.F.);
#4458=ORIENTED_EDGE('',*,*,#3125,.F.);
#4459=ORIENTED_EDGE('',*,*,#2586,.F.);
#4460=ORIENTED_EDGE('',*,*,#3126,.T.);
#4461=ORIENTED_EDGE('',*,*,#2926,.F.);
#4462=ORIENTED_EDGE('',*,*,#3126,.F.);
#4463=ORIENTED_EDGE('',*,*,#2589,.F.);
#4464=ORIENTED_EDGE('',*,*,#3123,.T.);
#4465=ORIENTED_EDGE('',*,*,#2923,.F.);
#4466=ORIENTED_EDGE('',*,*,#3127,.F.);
#4467=ORIENTED_EDGE('',*,*,#2592,.F.);
#4468=ORIENTED_EDGE('',*,*,#3128,.T.);
#4469=ORIENTED_EDGE('',*,*,#2924,.F.);
#4470=ORIENTED_EDGE('',*,*,#3128,.F.);
#4471=ORIENTED_EDGE('',*,*,#2591,.F.);
#4472=ORIENTED_EDGE('',*,*,#3129,.T.);
#4473=ORIENTED_EDGE('',*,*,#2921,.F.);
#4474=ORIENTED_EDGE('',*,*,#3129,.F.);
#4475=ORIENTED_EDGE('',*,*,#2590,.F.);
#4476=ORIENTED_EDGE('',*,*,#3130,.T.);
#4477=ORIENTED_EDGE('',*,*,#2922,.F.);
#4478=ORIENTED_EDGE('',*,*,#3130,.F.);
#4479=ORIENTED_EDGE('',*,*,#2593,.F.);
#4480=ORIENTED_EDGE('',*,*,#3127,.T.);
#4481=ORIENTED_EDGE('',*,*,#2745,.F.);
#4482=ORIENTED_EDGE('',*,*,#3131,.F.);
#4483=ORIENTED_EDGE('',*,*,#2567,.F.);
#4484=ORIENTED_EDGE('',*,*,#3132,.T.);
#4485=ORIENTED_EDGE('',*,*,#2746,.F.);
#4486=ORIENTED_EDGE('',*,*,#3132,.F.);
#4487=ORIENTED_EDGE('',*,*,#2566,.F.);
#4488=ORIENTED_EDGE('',*,*,#3118,.F.);
#4489=ORIENTED_EDGE('',*,*,#2744,.F.);
#4490=ORIENTED_EDGE('',*,*,#3133,.F.);
#4491=ORIENTED_EDGE('',*,*,#2568,.F.);
#4492=ORIENTED_EDGE('',*,*,#3131,.T.);
#4493=ORIENTED_EDGE('',*,*,#2838,.F.);
#4494=ORIENTED_EDGE('',*,*,#3134,.F.);
#4495=ORIENTED_EDGE('',*,*,#2473,.F.);
#4496=ORIENTED_EDGE('',*,*,#3135,.T.);
#4497=ORIENTED_EDGE('',*,*,#2839,.F.);
#4498=ORIENTED_EDGE('',*,*,#3135,.F.);
#4499=ORIENTED_EDGE('',*,*,#2472,.F.);
#4500=ORIENTED_EDGE('',*,*,#3136,.F.);
#4501=ORIENTED_EDGE('',*,*,#2837,.F.);
#4502=ORIENTED_EDGE('',*,*,#3117,.F.);
#4503=ORIENTED_EDGE('',*,*,#2474,.F.);
#4504=ORIENTED_EDGE('',*,*,#3134,.T.);
#4505=ORIENTED_EDGE('',*,*,#2962,.T.);
#4506=ORIENTED_EDGE('',*,*,#2755,.F.);
#4507=ORIENTED_EDGE('',*,*,#2965,.T.);
#4508=ORIENTED_EDGE('',*,*,#2557,.F.);
#4509=ORIENTED_EDGE('',*,*,#2569,.F.);
#4510=ORIENTED_EDGE('',*,*,#3133,.T.);
#4511=ORIENTED_EDGE('',*,*,#2743,.F.);
#4512=ORIENTED_EDGE('',*,*,#2686,.T.);
#4513=ORIENTED_EDGE('',*,*,#2462,.T.);
#4514=ORIENTED_EDGE('',*,*,#2986,.T.);
#4515=ORIENTED_EDGE('',*,*,#2804,.F.);
#4516=ORIENTED_EDGE('',*,*,#3012,.T.);
#4517=ORIENTED_EDGE('',*,*,#2507,.F.);
#4518=ORIENTED_EDGE('',*,*,#2689,.T.);
#4519=ORIENTED_EDGE('',*,*,#2840,.F.);
#4520=ORIENTED_EDGE('',*,*,#3136,.T.);
#4521=ORIENTED_EDGE('',*,*,#2471,.F.);
#4522=ORIENTED_EDGE('',*,*,#2456,.F.);
#4523=PLANE('',#5010);
#4524=PLANE('',#5011);
#4525=PLANE('',#5012);
#4526=PLANE('',#5013);
#4527=PLANE('',#5021);
#4528=PLANE('',#5022);
#4529=PLANE('',#5023);
#4530=PLANE('',#5024);
#4531=PLANE('',#5025);
#4532=PLANE('',#5026);
#4533=PLANE('',#5027);
#4534=PLANE('',#5028);
#4535=PLANE('',#5029);
#4536=PLANE('',#5030);
#4537=PLANE('',#5031);
#4538=PLANE('',#5032);
#4539=PLANE('',#5033);
#4540=PLANE('',#5034);
#4541=PLANE('',#5035);
#4542=PLANE('',#5036);
#4543=PLANE('',#5037);
#4544=PLANE('',#5038);
#4545=PLANE('',#5039);
#4546=PLANE('',#5040);
#4547=PLANE('',#5041);
#4548=PLANE('',#5042);
#4549=PLANE('',#5043);
#4550=PLANE('',#5044);
#4551=PLANE('',#5045);
#4552=PLANE('',#5046);
#4553=PLANE('',#5047);
#4554=PLANE('',#5048);
#4555=PLANE('',#5049);
#4556=PLANE('',#5050);
#4557=PLANE('',#5051);
#4558=PLANE('',#5052);
#4559=PLANE('',#5053);
#4560=PLANE('',#5054);
#4561=PLANE('',#5055);
#4562=PLANE('',#5056);
#4563=PLANE('',#5057);
#4564=PLANE('',#5058);
#4565=PLANE('',#5059);
#4566=PLANE('',#5060);
#4567=PLANE('',#5061);
#4568=PLANE('',#5062);
#4569=PLANE('',#5063);
#4570=PLANE('',#5064);
#4571=PLANE('',#5065);
#4572=PLANE('',#5066);
#4573=PLANE('',#5067);
#4574=PLANE('',#5068);
#4575=PLANE('',#5069);
#4576=PLANE('',#5070);
#4577=PLANE('',#5071);
#4578=PLANE('',#5072);
#4579=PLANE('',#5073);
#4580=PLANE('',#5074);
#4581=PLANE('',#5075);
#4582=PLANE('',#5076);
#4583=PLANE('',#5077);
#4584=PLANE('',#5078);
#4585=PLANE('',#5079);
#4586=PLANE('',#5080);
#4587=PLANE('',#5081);
#4588=PLANE('',#5082);
#4589=PLANE('',#5083);
#4590=PLANE('',#5084);
#4591=PLANE('',#5085);
#4592=PLANE('',#5086);
#4593=PLANE('',#5087);
#4594=PLANE('',#5088);
#4595=PLANE('',#5089);
#4596=PLANE('',#5090);
#4597=PLANE('',#5091);
#4598=PLANE('',#5092);
#4599=PLANE('',#5093);
#4600=PLANE('',#5094);
#4601=PLANE('',#5095);
#4602=PLANE('',#5096);
#4603=PLANE('',#5097);
#4604=PLANE('',#5098);
#4605=PLANE('',#5099);
#4606=PLANE('',#5100);
#4607=PLANE('',#5101);
#4608=PLANE('',#5102);
#4609=PLANE('',#5103);
#4610=PLANE('',#5104);
#4611=PLANE('',#5105);
#4612=PLANE('',#5106);
#4613=PLANE('',#5107);
#4614=PLANE('',#5108);
#4615=PLANE('',#5109);
#4616=PLANE('',#5110);
#4617=PLANE('',#5111);
#4618=PLANE('',#5112);
#4619=PLANE('',#5113);
#4620=PLANE('',#5114);
#4621=PLANE('',#5115);
#4622=PLANE('',#5116);
#4623=PLANE('',#5117);
#4624=PLANE('',#5118);
#4625=PLANE('',#5119);
#4626=PLANE('',#5120);
#4627=PLANE('',#5121);
#4628=PLANE('',#5122);
#4629=PLANE('',#5123);
#4630=PLANE('',#5124);
#4631=PLANE('',#5125);
#4632=PLANE('',#5126);
#4633=PLANE('',#5127);
#4634=PLANE('',#5128);
#4635=PLANE('',#5129);
#4636=PLANE('',#5130);
#4637=PLANE('',#5131);
#4638=PLANE('',#5132);
#4639=PLANE('',#5133);
#4640=PLANE('',#5134);
#4641=PLANE('',#5135);
#4642=PLANE('',#5136);
#4643=PLANE('',#5137);
#4644=PLANE('',#5138);
#4645=PLANE('',#5139);
#4646=PLANE('',#5140);
#4647=PLANE('',#5141);
#4648=PLANE('',#5142);
#4649=PLANE('',#5143);
#4650=PLANE('',#5144);
#4651=PLANE('',#5145);
#4652=PLANE('',#5146);
#4653=PLANE('',#5147);
#4654=PLANE('',#5148);
#4655=PLANE('',#5149);
#4656=PLANE('',#5150);
#4657=PLANE('',#5151);
#4658=PLANE('',#5152);
#4659=PLANE('',#5153);
#4660=PLANE('',#5154);
#4661=PLANE('',#5155);
#4662=PLANE('',#5156);
#4663=PLANE('',#5157);
#4664=PLANE('',#5158);
#4665=PLANE('',#5159);
#4666=PLANE('',#5160);
#4667=PLANE('',#5161);
#4668=PLANE('',#5162);
#4669=PLANE('',#5163);
#4670=PLANE('',#5164);
#4671=PLANE('',#5165);
#4672=PLANE('',#5166);
#4673=PLANE('',#5167);
#4674=PLANE('',#5168);
#4675=PLANE('',#5169);
#4676=PLANE('',#5170);
#4677=PLANE('',#5171);
#4678=PLANE('',#5172);
#4679=PLANE('',#5173);
#4680=PLANE('',#5174);
#4681=PLANE('',#5175);
#4682=PLANE('',#5176);
#4683=PLANE('',#5177);
#4684=PLANE('',#5178);
#4685=PLANE('',#5179);
#4686=PLANE('',#5180);
#4687=PLANE('',#5181);
#4688=PLANE('',#5182);
#4689=PLANE('',#5183);
#4690=PLANE('',#5184);
#4691=PLANE('',#5185);
#4692=PLANE('',#5186);
#4693=PLANE('',#5187);
#4694=PLANE('',#5188);
#4695=PLANE('',#5189);
#4696=PLANE('',#5190);
#4697=PLANE('',#5191);
#4698=PLANE('',#5192);
#4699=PLANE('',#5193);
#4700=PLANE('',#5194);
#4701=PLANE('',#5195);
#4702=PLANE('',#5196);
#4703=PLANE('',#5197);
#4704=PLANE('',#5198);
#4705=PLANE('',#5199);
#4706=PLANE('',#5200);
#4707=PLANE('',#5201);
#4708=PLANE('',#5202);
#4709=PLANE('',#5203);
#4710=PLANE('',#5204);
#4711=PLANE('',#5205);
#4712=PLANE('',#5206);
#4713=PLANE('',#5207);
#4714=PLANE('',#5208);
#4715=PLANE('',#5209);
#4716=PLANE('',#5210);
#4717=PLANE('',#5211);
#4718=PLANE('',#5212);
#4719=PLANE('',#5213);
#4720=PLANE('',#5214);
#4721=PLANE('',#5215);
#4722=PLANE('',#5216);
#4723=PLANE('',#5217);
#4724=PLANE('',#5218);
#4725=PLANE('',#5219);
#4726=PLANE('',#5220);
#4727=PLANE('',#5221);
#4728=PLANE('',#5222);
#4729=PLANE('',#5223);
#4730=PLANE('',#5224);
#4731=PLANE('',#5225);
#4732=PLANE('',#5226);
#4733=PLANE('',#5227);
#4734=PLANE('',#5228);
#4735=PLANE('',#5229);
#4736=PLANE('',#5230);
#4737=PLANE('',#5231);
#4738=PLANE('',#5232);
#4739=PLANE('',#5233);
#4740=PLANE('',#5234);
#4741=PLANE('',#5235);
#4742=PLANE('',#5236);
#4743=PLANE('',#5237);
#4744=PLANE('',#5238);
#4745=PLANE('',#5239);
#4746=PLANE('',#5240);
#4747=PLANE('',#5241);
#4748=PLANE('',#5242);
#4749=PLANE('',#5243);
#4750=PLANE('',#5244);
#4751=PLANE('',#5245);
#4752=PLANE('',#5246);
#4753=PLANE('',#5247);
#4754=PLANE('',#5248);
#4755=PLANE('',#5249);
#4756=PLANE('',#5250);
#4757=PLANE('',#5251);
#4758=PLANE('',#5252);
#4759=ADVANCED_FACE('',(#78),#4523,.T.);
#4760=ADVANCED_FACE('',(#79),#4524,.T.);
#4761=ADVANCED_FACE('',(#80),#4525,.T.);
#4762=ADVANCED_FACE('',(#81),#4526,.T.);
#4763=ADVANCED_FACE('',(#82),#77,.F.);
#4764=ADVANCED_FACE('',(#83,#15,#16,#17,#18,#19,#20,#21,#22,#23,#24,#25,
#26,#27,#28,#29,#30,#31,#32,#33,#34,#35,#36,#37,#38,#39,#40,#41,#42,#43),
#4527,.T.);
#4765=ADVANCED_FACE('',(#84),#4528,.F.);
#4766=ADVANCED_FACE('',(#85),#4529,.T.);
#4767=ADVANCED_FACE('',(#86),#4530,.F.);
#4768=ADVANCED_FACE('',(#87),#4531,.T.);
#4769=ADVANCED_FACE('',(#88,#44),#4532,.T.);
#4770=ADVANCED_FACE('',(#89),#4533,.T.);
#4771=ADVANCED_FACE('',(#90),#4534,.F.);
#4772=ADVANCED_FACE('',(#91),#4535,.T.);
#4773=ADVANCED_FACE('',(#92),#4536,.T.);
#4774=ADVANCED_FACE('',(#93),#4537,.F.);
#4775=ADVANCED_FACE('',(#94),#4538,.T.);
#4776=ADVANCED_FACE('',(#95),#4539,.T.);
#4777=ADVANCED_FACE('',(#96),#4540,.F.);
#4778=ADVANCED_FACE('',(#97),#4541,.T.);
#4779=ADVANCED_FACE('',(#98),#4542,.T.);
#4780=ADVANCED_FACE('',(#99),#4543,.F.);
#4781=ADVANCED_FACE('',(#100),#4544,.T.);
#4782=ADVANCED_FACE('',(#101),#4545,.T.);
#4783=ADVANCED_FACE('',(#102),#4546,.F.);
#4784=ADVANCED_FACE('',(#103),#4547,.T.);
#4785=ADVANCED_FACE('',(#104),#4548,.T.);
#4786=ADVANCED_FACE('',(#105),#4549,.T.);
#4787=ADVANCED_FACE('',(#106),#4550,.T.);
#4788=ADVANCED_FACE('',(#107),#4551,.T.);
#4789=ADVANCED_FACE('',(#108),#4552,.T.);
#4790=ADVANCED_FACE('',(#109),#4553,.T.);
#4791=ADVANCED_FACE('',(#110),#4554,.T.);
#4792=ADVANCED_FACE('',(#111),#4555,.T.);
#4793=ADVANCED_FACE('',(#112),#4556,.T.);
#4794=ADVANCED_FACE('',(#113),#4557,.T.);
#4795=ADVANCED_FACE('',(#114),#4558,.T.);
#4796=ADVANCED_FACE('',(#115),#4559,.T.);
#4797=ADVANCED_FACE('',(#116,#45,#46,#47,#48,#49,#50,#51,#52,#53,#54,#55,
#56,#57,#58,#59,#60,#61,#62,#63,#64,#65,#66,#67,#68,#69,#70),#4560,.F.);
#4798=ADVANCED_FACE('',(#117),#4561,.F.);
#4799=ADVANCED_FACE('',(#118),#4562,.F.);
#4800=ADVANCED_FACE('',(#119),#4563,.F.);
#4801=ADVANCED_FACE('',(#120),#4564,.F.);
#4802=ADVANCED_FACE('',(#121),#4565,.F.);
#4803=ADVANCED_FACE('',(#122),#4566,.F.);
#4804=ADVANCED_FACE('',(#123),#4567,.F.);
#4805=ADVANCED_FACE('',(#124),#4568,.F.);
#4806=ADVANCED_FACE('',(#125),#4569,.F.);
#4807=ADVANCED_FACE('',(#126),#4570,.F.);
#4808=ADVANCED_FACE('',(#127),#4571,.F.);
#4809=ADVANCED_FACE('',(#128),#4572,.F.);
#4810=ADVANCED_FACE('',(#129),#4573,.F.);
#4811=ADVANCED_FACE('',(#130),#4574,.F.);
#4812=ADVANCED_FACE('',(#131),#4575,.T.);
#4813=ADVANCED_FACE('',(#132),#4576,.T.);
#4814=ADVANCED_FACE('',(#133),#4577,.T.);
#4815=ADVANCED_FACE('',(#134),#4578,.T.);
#4816=ADVANCED_FACE('',(#135),#4579,.F.);
#4817=ADVANCED_FACE('',(#136),#4580,.F.);
#4818=ADVANCED_FACE('',(#137),#4581,.F.);
#4819=ADVANCED_FACE('',(#138),#4582,.F.);
#4820=ADVANCED_FACE('',(#139),#4583,.F.);
#4821=ADVANCED_FACE('',(#140),#4584,.F.);
#4822=ADVANCED_FACE('',(#141),#4585,.F.);
#4823=ADVANCED_FACE('',(#142),#4586,.F.);
#4824=ADVANCED_FACE('',(#143),#4587,.F.);
#4825=ADVANCED_FACE('',(#144),#4588,.F.);
#4826=ADVANCED_FACE('',(#145),#4589,.F.);
#4827=ADVANCED_FACE('',(#146),#4590,.F.);
#4828=ADVANCED_FACE('',(#147),#4591,.F.);
#4829=ADVANCED_FACE('',(#148),#4592,.F.);
#4830=ADVANCED_FACE('',(#149),#4593,.F.);
#4831=ADVANCED_FACE('',(#150),#4594,.F.);
#4832=ADVANCED_FACE('',(#151),#4595,.F.);
#4833=ADVANCED_FACE('',(#152),#4596,.F.);
#4834=ADVANCED_FACE('',(#153),#4597,.F.);
#4835=ADVANCED_FACE('',(#154),#4598,.F.);
#4836=ADVANCED_FACE('',(#155),#4599,.F.);
#4837=ADVANCED_FACE('',(#156),#4600,.F.);
#4838=ADVANCED_FACE('',(#157),#4601,.F.);
#4839=ADVANCED_FACE('',(#158),#4602,.F.);
#4840=ADVANCED_FACE('',(#159),#4603,.F.);
#4841=ADVANCED_FACE('',(#160),#4604,.F.);
#4842=ADVANCED_FACE('',(#161),#4605,.F.);
#4843=ADVANCED_FACE('',(#162),#4606,.F.);
#4844=ADVANCED_FACE('',(#163),#4607,.F.);
#4845=ADVANCED_FACE('',(#164),#4608,.F.);
#4846=ADVANCED_FACE('',(#165),#4609,.F.);
#4847=ADVANCED_FACE('',(#166),#4610,.F.);
#4848=ADVANCED_FACE('',(#167),#4611,.F.);
#4849=ADVANCED_FACE('',(#168),#4612,.F.);
#4850=ADVANCED_FACE('',(#169),#4613,.F.);
#4851=ADVANCED_FACE('',(#170),#4614,.F.);
#4852=ADVANCED_FACE('',(#171),#4615,.F.);
#4853=ADVANCED_FACE('',(#172),#4616,.F.);
#4854=ADVANCED_FACE('',(#173),#4617,.F.);
#4855=ADVANCED_FACE('',(#174),#4618,.F.);
#4856=ADVANCED_FACE('',(#175),#4619,.F.);
#4857=ADVANCED_FACE('',(#176),#4620,.F.);
#4858=ADVANCED_FACE('',(#177),#4621,.F.);
#4859=ADVANCED_FACE('',(#178),#4622,.F.);
#4860=ADVANCED_FACE('',(#179),#4623,.F.);
#4861=ADVANCED_FACE('',(#180),#4624,.F.);
#4862=ADVANCED_FACE('',(#181),#4625,.F.);
#4863=ADVANCED_FACE('',(#182),#4626,.F.);
#4864=ADVANCED_FACE('',(#183),#4627,.F.);
#4865=ADVANCED_FACE('',(#184),#4628,.F.);
#4866=ADVANCED_FACE('',(#185),#4629,.F.);
#4867=ADVANCED_FACE('',(#186),#4630,.F.);
#4868=ADVANCED_FACE('',(#187),#4631,.F.);
#4869=ADVANCED_FACE('',(#188),#4632,.F.);
#4870=ADVANCED_FACE('',(#189),#4633,.F.);
#4871=ADVANCED_FACE('',(#190),#4634,.F.);
#4872=ADVANCED_FACE('',(#191),#4635,.F.);
#4873=ADVANCED_FACE('',(#192),#4636,.F.);
#4874=ADVANCED_FACE('',(#193),#4637,.F.);
#4875=ADVANCED_FACE('',(#194),#4638,.F.);
#4876=ADVANCED_FACE('',(#195),#4639,.F.);
#4877=ADVANCED_FACE('',(#196),#4640,.F.);
#4878=ADVANCED_FACE('',(#197),#4641,.F.);
#4879=ADVANCED_FACE('',(#198),#4642,.F.);
#4880=ADVANCED_FACE('',(#199),#4643,.F.);
#4881=ADVANCED_FACE('',(#200),#4644,.F.);
#4882=ADVANCED_FACE('',(#201),#4645,.F.);
#4883=ADVANCED_FACE('',(#202),#4646,.F.);
#4884=ADVANCED_FACE('',(#203),#4647,.F.);
#4885=ADVANCED_FACE('',(#204),#4648,.F.);
#4886=ADVANCED_FACE('',(#205),#4649,.F.);
#4887=ADVANCED_FACE('',(#206),#4650,.F.);
#4888=ADVANCED_FACE('',(#207),#4651,.F.);
#4889=ADVANCED_FACE('',(#208),#4652,.F.);
#4890=ADVANCED_FACE('',(#209),#4653,.F.);
#4891=ADVANCED_FACE('',(#210),#4654,.F.);
#4892=ADVANCED_FACE('',(#211),#4655,.F.);
#4893=ADVANCED_FACE('',(#212),#4656,.F.);
#4894=ADVANCED_FACE('',(#213),#4657,.F.);
#4895=ADVANCED_FACE('',(#214),#4658,.F.);
#4896=ADVANCED_FACE('',(#215),#4659,.F.);
#4897=ADVANCED_FACE('',(#216),#4660,.F.);
#4898=ADVANCED_FACE('',(#217),#4661,.F.);
#4899=ADVANCED_FACE('',(#218),#4662,.F.);
#4900=ADVANCED_FACE('',(#219),#4663,.F.);
#4901=ADVANCED_FACE('',(#220),#4664,.F.);
#4902=ADVANCED_FACE('',(#221),#4665,.F.);
#4903=ADVANCED_FACE('',(#222),#4666,.F.);
#4904=ADVANCED_FACE('',(#223),#4667,.F.);
#4905=ADVANCED_FACE('',(#224),#4668,.F.);
#4906=ADVANCED_FACE('',(#225),#4669,.F.);
#4907=ADVANCED_FACE('',(#226),#4670,.F.);
#4908=ADVANCED_FACE('',(#227),#4671,.F.);
#4909=ADVANCED_FACE('',(#228),#4672,.F.);
#4910=ADVANCED_FACE('',(#229),#4673,.F.);
#4911=ADVANCED_FACE('',(#230),#4674,.F.);
#4912=ADVANCED_FACE('',(#231),#4675,.F.);
#4913=ADVANCED_FACE('',(#232),#4676,.F.);
#4914=ADVANCED_FACE('',(#233),#4677,.F.);
#4915=ADVANCED_FACE('',(#234),#4678,.F.);
#4916=ADVANCED_FACE('',(#235),#4679,.F.);
#4917=ADVANCED_FACE('',(#236),#4680,.F.);
#4918=ADVANCED_FACE('',(#237),#4681,.F.);
#4919=ADVANCED_FACE('',(#238),#4682,.F.);
#4920=ADVANCED_FACE('',(#239),#4683,.F.);
#4921=ADVANCED_FACE('',(#240),#4684,.F.);
#4922=ADVANCED_FACE('',(#241),#4685,.F.);
#4923=ADVANCED_FACE('',(#242),#4686,.F.);
#4924=ADVANCED_FACE('',(#243),#4687,.F.);
#4925=ADVANCED_FACE('',(#244),#4688,.F.);
#4926=ADVANCED_FACE('',(#245),#4689,.F.);
#4927=ADVANCED_FACE('',(#246),#4690,.F.);
#4928=ADVANCED_FACE('',(#247),#4691,.F.);
#4929=ADVANCED_FACE('',(#248),#4692,.F.);
#4930=ADVANCED_FACE('',(#249),#4693,.F.);
#4931=ADVANCED_FACE('',(#250),#4694,.F.);
#4932=ADVANCED_FACE('',(#251),#4695,.F.);
#4933=ADVANCED_FACE('',(#252),#4696,.F.);
#4934=ADVANCED_FACE('',(#253),#4697,.F.);
#4935=ADVANCED_FACE('',(#254),#4698,.F.);
#4936=ADVANCED_FACE('',(#255),#4699,.F.);
#4937=ADVANCED_FACE('',(#256),#4700,.F.);
#4938=ADVANCED_FACE('',(#257),#4701,.F.);
#4939=ADVANCED_FACE('',(#258),#4702,.F.);
#4940=ADVANCED_FACE('',(#259),#4703,.F.);
#4941=ADVANCED_FACE('',(#260),#4704,.F.);
#4942=ADVANCED_FACE('',(#261),#4705,.F.);
#4943=ADVANCED_FACE('',(#262),#4706,.F.);
#4944=ADVANCED_FACE('',(#263),#4707,.F.);
#4945=ADVANCED_FACE('',(#264),#4708,.F.);
#4946=ADVANCED_FACE('',(#265),#4709,.F.);
#4947=ADVANCED_FACE('',(#266),#4710,.F.);
#4948=ADVANCED_FACE('',(#267),#4711,.F.);
#4949=ADVANCED_FACE('',(#268),#4712,.F.);
#4950=ADVANCED_FACE('',(#269),#4713,.F.);
#4951=ADVANCED_FACE('',(#270),#4714,.F.);
#4952=ADVANCED_FACE('',(#271),#4715,.F.);
#4953=ADVANCED_FACE('',(#272),#4716,.F.);
#4954=ADVANCED_FACE('',(#273),#4717,.F.);
#4955=ADVANCED_FACE('',(#274),#4718,.F.);
#4956=ADVANCED_FACE('',(#275),#4719,.T.);
#4957=ADVANCED_FACE('',(#276),#4720,.T.);
#4958=ADVANCED_FACE('',(#277),#4721,.T.);
#4959=ADVANCED_FACE('',(#278),#4722,.T.);
#4960=ADVANCED_FACE('',(#279),#4723,.T.);
#4961=ADVANCED_FACE('',(#280),#4724,.T.);
#4962=ADVANCED_FACE('',(#281),#4725,.T.);
#4963=ADVANCED_FACE('',(#282),#4726,.T.);
#4964=ADVANCED_FACE('',(#283),#4727,.T.);
#4965=ADVANCED_FACE('',(#284),#4728,.T.);
#4966=ADVANCED_FACE('',(#285),#4729,.T.);
#4967=ADVANCED_FACE('',(#286),#4730,.T.);
#4968=ADVANCED_FACE('',(#287),#4731,.T.);
#4969=ADVANCED_FACE('',(#288),#4732,.T.);
#4970=ADVANCED_FACE('',(#289),#4733,.T.);
#4971=ADVANCED_FACE('',(#290),#4734,.T.);
#4972=ADVANCED_FACE('',(#291),#4735,.T.);
#4973=ADVANCED_FACE('',(#292),#4736,.T.);
#4974=ADVANCED_FACE('',(#293),#4737,.F.);
#4975=ADVANCED_FACE('',(#294),#4738,.F.);
#4976=ADVANCED_FACE('',(#295),#4739,.F.);
#4977=ADVANCED_FACE('',(#296),#4740,.F.);
#4978=ADVANCED_FACE('',(#297),#4741,.F.);
#4979=ADVANCED_FACE('',(#298),#4742,.F.);
#4980=ADVANCED_FACE('',(#299),#4743,.F.);
#4981=ADVANCED_FACE('',(#300),#4744,.F.);
#4982=ADVANCED_FACE('',(#301),#4745,.F.);
#4983=ADVANCED_FACE('',(#302),#4746,.F.);
#4984=ADVANCED_FACE('',(#303),#4747,.F.);
#4985=ADVANCED_FACE('',(#304),#4748,.F.);
#4986=ADVANCED_FACE('',(#305),#4749,.F.);
#4987=ADVANCED_FACE('',(#306),#4750,.F.);
#4988=ADVANCED_FACE('',(#307),#4751,.F.);
#4989=ADVANCED_FACE('',(#308),#4752,.F.);
#4990=ADVANCED_FACE('',(#309),#4753,.F.);
#4991=ADVANCED_FACE('',(#310),#4754,.F.);
#4992=ADVANCED_FACE('',(#311),#4755,.T.);
#4993=ADVANCED_FACE('',(#312),#4756,.T.);
#4994=ADVANCED_FACE('',(#313),#4757,.T.);
#4995=ADVANCED_FACE('',(#314),#4758,.T.);
#4996=CLOSED_SHELL('',(#4759,#4760,#4761,#4762,#4763,#4764,#4765,#4766,
#4767,#4768,#4769,#4770,#4771,#4772,#4773,#4774,#4775,#4776,#4777,#4778,
#4779,#4780,#4781,#4782,#4783,#4784,#4785,#4786,#4787,#4788,#4789,#4790,
#4791,#4792,#4793,#4794,#4795,#4796,#4797,#4798,#4799,#4800,#4801,#4802,
#4803,#4804,#4805,#4806,#4807,#4808,#4809,#4810,#4811,#4812,#4813,#4814,
#4815,#4816,#4817,#4818,#4819,#4820,#4821,#4822,#4823,#4824,#4825,#4826,
#4827,#4828,#4829,#4830,#4831,#4832,#4833,#4834,#4835,#4836,#4837,#4838,
#4839,#4840,#4841,#4842,#4843,#4844,#4845,#4846,#4847,#4848,#4849,#4850,
#4851,#4852,#4853,#4854,#4855,#4856,#4857,#4858,#4859,#4860,#4861,#4862,
#4863,#4864,#4865,#4866,#4867,#4868,#4869,#4870,#4871,#4872,#4873,#4874,
#4875,#4876,#4877,#4878,#4879,#4880,#4881,#4882,#4883,#4884,#4885,#4886,
#4887,#4888,#4889,#4890,#4891,#4892,#4893,#4894,#4895,#4896,#4897,#4898,
#4899,#4900,#4901,#4902,#4903,#4904,#4905,#4906,#4907,#4908,#4909,#4910,
#4911,#4912,#4913,#4914,#4915,#4916,#4917,#4918,#4919,#4920,#4921,#4922,
#4923,#4924,#4925,#4926,#4927,#4928,#4929,#4930,#4931,#4932,#4933,#4934,
#4935,#4936,#4937,#4938,#4939,#4940,#4941,#4942,#4943,#4944,#4945,#4946,
#4947,#4948,#4949,#4950,#4951,#4952,#4953,#4954,#4955,#4956,#4957,#4958,
#4959,#4960,#4961,#4962,#4963,#4964,#4965,#4966,#4967,#4968,#4969,#4970,
#4971,#4972,#4973,#4974,#4975,#4976,#4977,#4978,#4979,#4980,#4981,#4982,
#4983,#4984,#4985,#4986,#4987,#4988,#4989,#4990,#4991,#4992,#4993,#4994,
#4995));
#4997=DERIVED_UNIT_ELEMENT(#4999,1.);
#4998=DERIVED_UNIT_ELEMENT(#7826,-3.);
#4999=(
MASS_UNIT()
NAMED_UNIT(*)
SI_UNIT(.KILO.,.GRAM.)
);
#5000=DERIVED_UNIT((#4997,#4998));
#5001=MEASURE_REPRESENTATION_ITEM('density measure',
POSITIVE_RATIO_MEASURE(7850.),#5000);
#5002=PROPERTY_DEFINITION_REPRESENTATION(#5007,#5004);
#5003=PROPERTY_DEFINITION_REPRESENTATION(#5008,#5005);
#5004=REPRESENTATION('material name',(#5006),#7823);
#5005=REPRESENTATION('density',(#5001),#7823);
#5006=DESCRIPTIVE_REPRESENTATION_ITEM('Steel','Steel');
#5007=PROPERTY_DEFINITION('material property','material name',#7833);
#5008=PROPERTY_DEFINITION('material property','density of part',#7833);
#5009=AXIS2_PLACEMENT_3D('',#6428,#5253,#5254);
#5010=AXIS2_PLACEMENT_3D('',#6429,#5255,#5256);
#5011=AXIS2_PLACEMENT_3D('',#6438,#5261,#5262);
#5012=AXIS2_PLACEMENT_3D('',#6444,#5266,#5267);
#5013=AXIS2_PLACEMENT_3D('',#6450,#5271,#5272);
#5014=AXIS2_PLACEMENT_3D('',#6453,#5275,#5276);
#5015=AXIS2_PLACEMENT_3D('',#6456,#5277,#5278);
#5016=AXIS2_PLACEMENT_3D('',#6460,#5280,#5281);
#5017=AXIS2_PLACEMENT_3D('',#6464,#5283,#5284);
#5018=AXIS2_PLACEMENT_3D('',#6468,#5286,#5287);
#5019=AXIS2_PLACEMENT_3D('',#6472,#5289,#5290);
#5020=AXIS2_PLACEMENT_3D('',#6476,#5292,#5293);
#5021=AXIS2_PLACEMENT_3D('',#6478,#5295,#5296);
#5022=AXIS2_PLACEMENT_3D('',#6913,#5515,#5516);
#5023=AXIS2_PLACEMENT_3D('',#6919,#5520,#5521);
#5024=AXIS2_PLACEMENT_3D('',#6925,#5525,#5526);
#5025=AXIS2_PLACEMENT_3D('',#6934,#5531,#5532);
#5026=AXIS2_PLACEMENT_3D('',#6937,#5535,#5536);
#5027=AXIS2_PLACEMENT_3D('',#6939,#5538,#5539);
#5028=AXIS2_PLACEMENT_3D('',#6941,#5541,#5542);
#5029=AXIS2_PLACEMENT_3D('',#6947,#5546,#5547);
#5030=AXIS2_PLACEMENT_3D('',#6951,#5550,#5551);
#5031=AXIS2_PLACEMENT_3D('',#6955,#5554,#5555);
#5032=AXIS2_PLACEMENT_3D('',#6961,#5559,#5560);
#5033=AXIS2_PLACEMENT_3D('',#6965,#5563,#5564);
#5034=AXIS2_PLACEMENT_3D('',#6969,#5567,#5568);
#5035=AXIS2_PLACEMENT_3D('',#6975,#5572,#5573);
#5036=AXIS2_PLACEMENT_3D('',#6979,#5576,#5577);
#5037=AXIS2_PLACEMENT_3D('',#6983,#5580,#5581);
#5038=AXIS2_PLACEMENT_3D('',#6989,#5585,#5586);
#5039=AXIS2_PLACEMENT_3D('',#6993,#5589,#5590);
#5040=AXIS2_PLACEMENT_3D('',#6997,#5593,#5594);
#5041=AXIS2_PLACEMENT_3D('',#7003,#5598,#5599);
#5042=AXIS2_PLACEMENT_3D('',#7007,#5602,#5603);
#5043=AXIS2_PLACEMENT_3D('',#7011,#5606,#5607);
#5044=AXIS2_PLACEMENT_3D('',#7013,#5609,#5610);
#5045=AXIS2_PLACEMENT_3D('',#7014,#5611,#5612);
#5046=AXIS2_PLACEMENT_3D('',#7016,#5614,#5615);
#5047=AXIS2_PLACEMENT_3D('',#7017,#5616,#5617);
#5048=AXIS2_PLACEMENT_3D('',#7019,#5619,#5620);
#5049=AXIS2_PLACEMENT_3D('',#7020,#5621,#5622);
#5050=AXIS2_PLACEMENT_3D('',#7022,#5624,#5625);
#5051=AXIS2_PLACEMENT_3D('',#7023,#5626,#5627);
#5052=AXIS2_PLACEMENT_3D('',#7025,#5629,#5630);
#5053=AXIS2_PLACEMENT_3D('',#7026,#5631,#5632);
#5054=AXIS2_PLACEMENT_3D('',#7032,#5636,#5637);
#5055=AXIS2_PLACEMENT_3D('',#7427,#5836,#5837);
#5056=AXIS2_PLACEMENT_3D('',#7430,#5840,#5841);
#5057=AXIS2_PLACEMENT_3D('',#7433,#5844,#5845);
#5058=AXIS2_PLACEMENT_3D('',#7434,#5846,#5847);
#5059=AXIS2_PLACEMENT_3D('',#7437,#5850,#5851);
#5060=AXIS2_PLACEMENT_3D('',#7439,#5853,#5854);
#5061=AXIS2_PLACEMENT_3D('',#7441,#5856,#5857);
#5062=AXIS2_PLACEMENT_3D('',#7442,#5858,#5859);
#5063=AXIS2_PLACEMENT_3D('',#7445,#5862,#5863);
#5064=AXIS2_PLACEMENT_3D('',#7447,#5865,#5866);
#5065=AXIS2_PLACEMENT_3D('',#7449,#5868,#5869);
#5066=AXIS2_PLACEMENT_3D('',#7452,#5872,#5873);
#5067=AXIS2_PLACEMENT_3D('',#7454,#5875,#5876);
#5068=AXIS2_PLACEMENT_3D('',#7456,#5878,#5879);
#5069=AXIS2_PLACEMENT_3D('',#7457,#5880,#5881);
#5070=AXIS2_PLACEMENT_3D('',#7459,#5883,#5884);
#5071=AXIS2_PLACEMENT_3D('',#7460,#5885,#5886);
#5072=AXIS2_PLACEMENT_3D('',#7461,#5887,#5888);
#5073=AXIS2_PLACEMENT_3D('',#7463,#5890,#5891);
#5074=AXIS2_PLACEMENT_3D('',#7466,#5894,#5895);
#5075=AXIS2_PLACEMENT_3D('',#7468,#5897,#5898);
#5076=AXIS2_PLACEMENT_3D('',#7470,#5900,#5901);
#5077=AXIS2_PLACEMENT_3D('',#7473,#5904,#5905);
#5078=AXIS2_PLACEMENT_3D('',#7475,#5907,#5908);
#5079=AXIS2_PLACEMENT_3D('',#7477,#5910,#5911);
#5080=AXIS2_PLACEMENT_3D('',#7480,#5914,#5915);
#5081=AXIS2_PLACEMENT_3D('',#7482,#5917,#5918);
#5082=AXIS2_PLACEMENT_3D('',#7484,#5920,#5921);
#5083=AXIS2_PLACEMENT_3D('',#7485,#5922,#5923);
#5084=AXIS2_PLACEMENT_3D('',#7488,#5926,#5927);
#5085=AXIS2_PLACEMENT_3D('',#7490,#5929,#5930);
#5086=AXIS2_PLACEMENT_3D('',#7492,#5932,#5933);
#5087=AXIS2_PLACEMENT_3D('',#7493,#5934,#5935);
#5088=AXIS2_PLACEMENT_3D('',#7496,#5938,#5939);
#5089=AXIS2_PLACEMENT_3D('',#7498,#5941,#5942);
#5090=AXIS2_PLACEMENT_3D('',#7500,#5944,#5945);
#5091=AXIS2_PLACEMENT_3D('',#7501,#5946,#5947);
#5092=AXIS2_PLACEMENT_3D('',#7504,#5950,#5951);
#5093=AXIS2_PLACEMENT_3D('',#7506,#5953,#5954);
#5094=AXIS2_PLACEMENT_3D('',#7508,#5956,#5957);
#5095=AXIS2_PLACEMENT_3D('',#7511,#5960,#5961);
#5096=AXIS2_PLACEMENT_3D('',#7513,#5963,#5964);
#5097=AXIS2_PLACEMENT_3D('',#7515,#5966,#5967);
#5098=AXIS2_PLACEMENT_3D('',#7518,#5970,#5971);
#5099=AXIS2_PLACEMENT_3D('',#7520,#5973,#5974);
#5100=AXIS2_PLACEMENT_3D('',#7522,#5976,#5977);
#5101=AXIS2_PLACEMENT_3D('',#7523,#5978,#5979);
#5102=AXIS2_PLACEMENT_3D('',#7526,#5982,#5983);
#5103=AXIS2_PLACEMENT_3D('',#7528,#5985,#5986);
#5104=AXIS2_PLACEMENT_3D('',#7530,#5988,#5989);
#5105=AXIS2_PLACEMENT_3D('',#7531,#5990,#5991);
#5106=AXIS2_PLACEMENT_3D('',#7534,#5994,#5995);
#5107=AXIS2_PLACEMENT_3D('',#7536,#5997,#5998);
#5108=AXIS2_PLACEMENT_3D('',#7538,#6000,#6001);
#5109=AXIS2_PLACEMENT_3D('',#7541,#6004,#6005);
#5110=AXIS2_PLACEMENT_3D('',#7544,#6008,#6009);
#5111=AXIS2_PLACEMENT_3D('',#7545,#6010,#6011);
#5112=AXIS2_PLACEMENT_3D('',#7548,#6014,#6015);
#5113=AXIS2_PLACEMENT_3D('',#7550,#6017,#6018);
#5114=AXIS2_PLACEMENT_3D('',#7552,#6020,#6021);
#5115=AXIS2_PLACEMENT_3D('',#7553,#6022,#6023);
#5116=AXIS2_PLACEMENT_3D('',#7556,#6026,#6027);
#5117=AXIS2_PLACEMENT_3D('',#7559,#6030,#6031);
#5118=AXIS2_PLACEMENT_3D('',#7560,#6032,#6033);
#5119=AXIS2_PLACEMENT_3D('',#7563,#6036,#6037);
#5120=AXIS2_PLACEMENT_3D('',#7566,#6040,#6041);
#5121=AXIS2_PLACEMENT_3D('',#7567,#6042,#6043);
#5122=AXIS2_PLACEMENT_3D('',#7570,#6046,#6047);
#5123=AXIS2_PLACEMENT_3D('',#7572,#6049,#6050);
#5124=AXIS2_PLACEMENT_3D('',#7574,#6052,#6053);
#5125=AXIS2_PLACEMENT_3D('',#7577,#6056,#6057);
#5126=AXIS2_PLACEMENT_3D('',#7579,#6059,#6060);
#5127=AXIS2_PLACEMENT_3D('',#7581,#6062,#6063);
#5128=AXIS2_PLACEMENT_3D('',#7582,#6064,#6065);
#5129=AXIS2_PLACEMENT_3D('',#7585,#6068,#6069);
#5130=AXIS2_PLACEMENT_3D('',#7587,#6071,#6072);
#5131=AXIS2_PLACEMENT_3D('',#7589,#6074,#6075);
#5132=AXIS2_PLACEMENT_3D('',#7590,#6076,#6077);
#5133=AXIS2_PLACEMENT_3D('',#7593,#6080,#6081);
#5134=AXIS2_PLACEMENT_3D('',#7595,#6083,#6084);
#5135=AXIS2_PLACEMENT_3D('',#7597,#6086,#6087);
#5136=AXIS2_PLACEMENT_3D('',#7598,#6088,#6089);
#5137=AXIS2_PLACEMENT_3D('',#7601,#6092,#6093);
#5138=AXIS2_PLACEMENT_3D('',#7604,#6096,#6097);
#5139=AXIS2_PLACEMENT_3D('',#7605,#6098,#6099);
#5140=AXIS2_PLACEMENT_3D('',#7608,#6102,#6103);
#5141=AXIS2_PLACEMENT_3D('',#7610,#6105,#6106);
#5142=AXIS2_PLACEMENT_3D('',#7612,#6108,#6109);
#5143=AXIS2_PLACEMENT_3D('',#7613,#6110,#6111);
#5144=AXIS2_PLACEMENT_3D('',#7616,#6114,#6115);
#5145=AXIS2_PLACEMENT_3D('',#7618,#6117,#6118);
#5146=AXIS2_PLACEMENT_3D('',#7620,#6120,#6121);
#5147=AXIS2_PLACEMENT_3D('',#7621,#6122,#6123);
#5148=AXIS2_PLACEMENT_3D('',#7624,#6126,#6127);
#5149=AXIS2_PLACEMENT_3D('',#7627,#6130,#6131);
#5150=AXIS2_PLACEMENT_3D('',#7628,#6132,#6133);
#5151=AXIS2_PLACEMENT_3D('',#7631,#6136,#6137);
#5152=AXIS2_PLACEMENT_3D('',#7633,#6139,#6140);
#5153=AXIS2_PLACEMENT_3D('',#7635,#6142,#6143);
#5154=AXIS2_PLACEMENT_3D('',#7636,#6144,#6145);
#5155=AXIS2_PLACEMENT_3D('',#7639,#6148,#6149);
#5156=AXIS2_PLACEMENT_3D('',#7641,#6151,#6152);
#5157=AXIS2_PLACEMENT_3D('',#7643,#6154,#6155);
#5158=AXIS2_PLACEMENT_3D('',#7644,#6156,#6157);
#5159=AXIS2_PLACEMENT_3D('',#7647,#6160,#6161);
#5160=AXIS2_PLACEMENT_3D('',#7649,#6163,#6164);
#5161=AXIS2_PLACEMENT_3D('',#7651,#6166,#6167);
#5162=AXIS2_PLACEMENT_3D('',#7654,#6170,#6171);
#5163=AXIS2_PLACEMENT_3D('',#7655,#6172,#6173);
#5164=AXIS2_PLACEMENT_3D('',#7657,#6175,#6176);
#5165=AXIS2_PLACEMENT_3D('',#7660,#6179,#6180);
#5166=AXIS2_PLACEMENT_3D('',#7662,#6182,#6183);
#5167=AXIS2_PLACEMENT_3D('',#7664,#6185,#6186);
#5168=AXIS2_PLACEMENT_3D('',#7667,#6189,#6190);
#5169=AXIS2_PLACEMENT_3D('',#7669,#6192,#6193);
#5170=AXIS2_PLACEMENT_3D('',#7671,#6195,#6196);
#5171=AXIS2_PLACEMENT_3D('',#7672,#6197,#6198);
#5172=AXIS2_PLACEMENT_3D('',#7675,#6201,#6202);
#5173=AXIS2_PLACEMENT_3D('',#7677,#6204,#6205);
#5174=AXIS2_PLACEMENT_3D('',#7679,#6207,#6208);
#5175=AXIS2_PLACEMENT_3D('',#7680,#6209,#6210);
#5176=AXIS2_PLACEMENT_3D('',#7683,#6213,#6214);
#5177=AXIS2_PLACEMENT_3D('',#7685,#6216,#6217);
#5178=AXIS2_PLACEMENT_3D('',#7687,#6219,#6220);
#5179=AXIS2_PLACEMENT_3D('',#7690,#6223,#6224);
#5180=AXIS2_PLACEMENT_3D('',#7692,#6226,#6227);
#5181=AXIS2_PLACEMENT_3D('',#7694,#6229,#6230);
#5182=AXIS2_PLACEMENT_3D('',#7695,#6231,#6232);
#5183=AXIS2_PLACEMENT_3D('',#7698,#6235,#6236);
#5184=AXIS2_PLACEMENT_3D('',#7700,#6238,#6239);
#5185=AXIS2_PLACEMENT_3D('',#7702,#6241,#6242);
#5186=AXIS2_PLACEMENT_3D('',#7703,#6243,#6244);
#5187=AXIS2_PLACEMENT_3D('',#7706,#6247,#6248);
#5188=AXIS2_PLACEMENT_3D('',#7709,#6251,#6252);
#5189=AXIS2_PLACEMENT_3D('',#7710,#6253,#6254);
#5190=AXIS2_PLACEMENT_3D('',#7713,#6257,#6258);
#5191=AXIS2_PLACEMENT_3D('',#7715,#6260,#6261);
#5192=AXIS2_PLACEMENT_3D('',#7716,#6262,#6263);
#5193=AXIS2_PLACEMENT_3D('',#7719,#6266,#6267);
#5194=AXIS2_PLACEMENT_3D('',#7721,#6269,#6270);
#5195=AXIS2_PLACEMENT_3D('',#7723,#6272,#6273);
#5196=AXIS2_PLACEMENT_3D('',#7726,#6276,#6277);
#5197=AXIS2_PLACEMENT_3D('',#7728,#6279,#6280);
#5198=AXIS2_PLACEMENT_3D('',#7730,#6282,#6283);
#5199=AXIS2_PLACEMENT_3D('',#7731,#6284,#6285);
#5200=AXIS2_PLACEMENT_3D('',#7734,#6288,#6289);
#5201=AXIS2_PLACEMENT_3D('',#7736,#6291,#6292);
#5202=AXIS2_PLACEMENT_3D('',#7738,#6294,#6295);
#5203=AXIS2_PLACEMENT_3D('',#7739,#6296,#6297);
#5204=AXIS2_PLACEMENT_3D('',#7742,#6300,#6301);
#5205=AXIS2_PLACEMENT_3D('',#7744,#6303,#6304);
#5206=AXIS2_PLACEMENT_3D('',#7746,#6306,#6307);
#5207=AXIS2_PLACEMENT_3D('',#7749,#6310,#6311);
#5208=AXIS2_PLACEMENT_3D('',#7751,#6313,#6314);
#5209=AXIS2_PLACEMENT_3D('',#7753,#6316,#6317);
#5210=AXIS2_PLACEMENT_3D('',#7756,#6320,#6321);
#5211=AXIS2_PLACEMENT_3D('',#7758,#6323,#6324);
#5212=AXIS2_PLACEMENT_3D('',#7760,#6326,#6327);
#5213=AXIS2_PLACEMENT_3D('',#7761,#6328,#6329);
#5214=AXIS2_PLACEMENT_3D('',#7763,#6331,#6332);
#5215=AXIS2_PLACEMENT_3D('',#7764,#6333,#6334);
#5216=AXIS2_PLACEMENT_3D('',#7765,#6335,#6336);
#5217=AXIS2_PLACEMENT_3D('',#7766,#6337,#6338);
#5218=AXIS2_PLACEMENT_3D('',#7767,#6339,#6340);
#5219=AXIS2_PLACEMENT_3D('',#7768,#6341,#6342);
#5220=AXIS2_PLACEMENT_3D('',#7769,#6343,#6344);
#5221=AXIS2_PLACEMENT_3D('',#7770,#6345,#6346);
#5222=AXIS2_PLACEMENT_3D('',#7771,#6347,#6348);
#5223=AXIS2_PLACEMENT_3D('',#7773,#6350,#6351);
#5224=AXIS2_PLACEMENT_3D('',#7774,#6352,#6353);
#5225=AXIS2_PLACEMENT_3D('',#7775,#6354,#6355);
#5226=AXIS2_PLACEMENT_3D('',#7776,#6356,#6357);
#5227=AXIS2_PLACEMENT_3D('',#7777,#6358,#6359);
#5228=AXIS2_PLACEMENT_3D('',#7778,#6360,#6361);
#5229=AXIS2_PLACEMENT_3D('',#7779,#6362,#6363);
#5230=AXIS2_PLACEMENT_3D('',#7780,#6364,#6365);
#5231=AXIS2_PLACEMENT_3D('',#7781,#6366,#6367);
#5232=AXIS2_PLACEMENT_3D('',#7784,#6370,#6371);
#5233=AXIS2_PLACEMENT_3D('',#7786,#6373,#6374);
#5234=AXIS2_PLACEMENT_3D('',#7788,#6376,#6377);
#5235=AXIS2_PLACEMENT_3D('',#7789,#6378,#6379);
#5236=AXIS2_PLACEMENT_3D('',#7792,#6382,#6383);
#5237=AXIS2_PLACEMENT_3D('',#7794,#6385,#6386);
#5238=AXIS2_PLACEMENT_3D('',#7796,#6388,#6389);
#5239=AXIS2_PLACEMENT_3D('',#7797,#6390,#6391);
#5240=AXIS2_PLACEMENT_3D('',#7800,#6394,#6395);
#5241=AXIS2_PLACEMENT_3D('',#7802,#6397,#6398);
#5242=AXIS2_PLACEMENT_3D('',#7804,#6400,#6401);
#5243=AXIS2_PLACEMENT_3D('',#7805,#6402,#6403);
#5244=AXIS2_PLACEMENT_3D('',#7808,#6406,#6407);
#5245=AXIS2_PLACEMENT_3D('',#7809,#6408,#6409);
#5246=AXIS2_PLACEMENT_3D('',#7811,#6411,#6412);
#5247=AXIS2_PLACEMENT_3D('',#7814,#6415,#6416);
#5248=AXIS2_PLACEMENT_3D('',#7816,#6418,#6419);
#5249=AXIS2_PLACEMENT_3D('',#7817,#6420,#6421);
#5250=AXIS2_PLACEMENT_3D('',#7818,#6422,#6423);
#5251=AXIS2_PLACEMENT_3D('',#7819,#6424,#6425);
#5252=AXIS2_PLACEMENT_3D('',#7820,#6426,#6427);
#5253=DIRECTION('axis',(0.,0.,1.));
#5254=DIRECTION('refdir',(1.,0.,0.));
#5255=DIRECTION('center_axis',(-1.,0.,0.));
#5256=DIRECTION('ref_axis',(0.,0.,1.));
#5257=DIRECTION('',(0.,0.,-1.));
#5258=DIRECTION('',(0.,1.,0.));
#5259=DIRECTION('',(0.,0.,1.));
#5260=DIRECTION('',(0.,-1.,0.));
#5261=DIRECTION('center_axis',(0.,-1.,0.));
#5262=DIRECTION('ref_axis',(0.,0.,-1.));
#5263=DIRECTION('',(-1.,0.,0.));
#5264=DIRECTION('',(0.,0.,-1.));
#5265=DIRECTION('',(1.,0.,0.));
#5266=DIRECTION('center_axis',(1.,0.,0.));
#5267=DIRECTION('ref_axis',(0.,0.,-1.));
#5268=DIRECTION('',(0.,0.,1.));
#5269=DIRECTION('',(0.,1.,0.));
#5270=DIRECTION('',(0.,-1.,0.));
#5271=DIRECTION('center_axis',(0.,1.,0.));
#5272=DIRECTION('ref_axis',(0.,0.,1.));
#5273=DIRECTION('',(-1.,0.,0.));
#5274=DIRECTION('',(1.,0.,0.));
#5275=DIRECTION('center_axis',(-1.,0.,0.));
#5276=DIRECTION('ref_axis',(0.,0.942809041582063,-0.333333333333333));
#5277=DIRECTION('center_axis',(-1.,0.,0.));
#5278=DIRECTION('ref_axis',(0.,0.942809041582063,-0.333333333333333));
#5279=DIRECTION('',(1.,0.,0.));
#5280=DIRECTION('center_axis',(1.,0.,0.));
#5281=DIRECTION('ref_axis',(0.,0.942809041582063,-0.333333333333333));
#5282=DIRECTION('',(1.,0.,0.));
#5283=DIRECTION('center_axis',(-1.,0.,0.));
#5284=DIRECTION('ref_axis',(0.,0.942809041582063,-0.333333333333333));
#5285=DIRECTION('',(1.,0.,0.));
#5286=DIRECTION('center_axis',(1.,0.,0.));
#5287=DIRECTION('ref_axis',(0.,0.942809041582063,-0.333333333333333));
#5288=DIRECTION('',(1.,0.,0.));
#5289=DIRECTION('center_axis',(1.,0.,0.));
#5290=DIRECTION('ref_axis',(0.,0.942809041582063,-0.333333333333333));
#5291=DIRECTION('',(-1.,0.,0.));
#5292=DIRECTION('center_axis',(-1.,0.,0.));
#5293=DIRECTION('ref_axis',(0.,0.942809041582063,-0.333333333333333));
#5294=DIRECTION('',(1.,0.,0.));
#5295=DIRECTION('center_axis',(0.,0.,1.));
#5296=DIRECTION('ref_axis',(1.,0.,0.));
#5297=DIRECTION('',(0.,-1.,0.));
#5298=DIRECTION('',(-1.,0.,0.));
#5299=DIRECTION('',(0.,1.,0.));
#5300=DIRECTION('',(0.,-1.,0.));
#5301=DIRECTION('',(1.,0.,0.));
#5302=DIRECTION('',(0.,-1.,0.));
#5303=DIRECTION('',(-1.,0.,0.));
#5304=DIRECTION('',(0.,-1.,0.));
#5305=DIRECTION('',(1.,3.35611538559988E-9,0.));
#5306=DIRECTION('',(3.35611538559988E-9,-1.,0.));
#5307=DIRECTION('',(-1.,-3.35611538559988E-9,0.));
#5308=DIRECTION('',(0.,-1.,0.));
#5309=DIRECTION('',(1.,0.,0.));
#5310=DIRECTION('',(0.,-1.,0.));
#5311=DIRECTION('',(-1.,0.,0.));
#5312=DIRECTION('',(0.,-1.,0.));
#5313=DIRECTION('',(1.,0.,0.));
#5314=DIRECTION('',(0.,-1.,0.));
#5315=DIRECTION('',(-1.,0.,0.));
#5316=DIRECTION('',(0.,-1.,0.));
#5317=DIRECTION('',(1.,0.,0.));
#5318=DIRECTION('',(0.,-1.,0.));
#5319=DIRECTION('',(-1.,0.,0.));
#5320=DIRECTION('',(0.,-1.,0.));
#5321=DIRECTION('',(1.,0.,0.));
#5322=DIRECTION('',(0.,-1.,0.));
#5323=DIRECTION('',(-1.,0.,0.));
#5324=DIRECTION('',(0.,-1.,0.));
#5325=DIRECTION('',(1.,0.,0.));
#5326=DIRECTION('',(0.,-1.,0.));
#5327=DIRECTION('',(-1.,0.,0.));
#5328=DIRECTION('',(0.,-1.,0.));
#5329=DIRECTION('',(1.,0.,0.));
#5330=DIRECTION('',(0.,-1.,0.));
#5331=DIRECTION('',(-1.,0.,0.));
#5332=DIRECTION('',(0.,-1.,0.));
#5333=DIRECTION('',(1.,0.,0.));
#5334=DIRECTION('',(0.,-1.,0.));
#5335=DIRECTION('',(-1.,0.,0.));
#5336=DIRECTION('',(0.,-1.,0.));
#5337=DIRECTION('',(1.,0.,0.));
#5338=DIRECTION('',(0.,-1.,0.));
#5339=DIRECTION('',(-1.,0.,0.));
#5340=DIRECTION('',(0.,-1.,0.));
#5341=DIRECTION('',(1.,0.,0.));
#5342=DIRECTION('',(0.,-1.,0.));
#5343=DIRECTION('',(-1.,0.,0.));
#5344=DIRECTION('',(0.,-1.,0.));
#5345=DIRECTION('',(1.,0.,0.));
#5346=DIRECTION('',(0.,-1.,0.));
#5347=DIRECTION('',(-1.,0.,0.));
#5348=DIRECTION('',(0.,-1.,0.));
#5349=DIRECTION('',(-1.,0.,0.));
#5350=DIRECTION('',(0.,1.,0.));
#5351=DIRECTION('',(-1.,0.,0.));
#5352=DIRECTION('',(0.,1.,0.));
#5353=DIRECTION('',(1.,0.,0.));
#5354=DIRECTION('',(0.,1.,0.));
#5355=DIRECTION('',(-1.,0.,0.));
#5356=DIRECTION('',(0.,1.,0.));
#5357=DIRECTION('',(1.,0.,0.));
#5358=DIRECTION('',(0.,1.,0.));
#5359=DIRECTION('',(-1.,0.,0.));
#5360=DIRECTION('',(0.,1.,0.));
#5361=DIRECTION('',(1.,0.,0.));
#5362=DIRECTION('',(0.,1.,0.));
#5363=DIRECTION('',(-1.,0.,0.));
#5364=DIRECTION('',(0.,1.,0.));
#5365=DIRECTION('',(1.,0.,0.));
#5366=DIRECTION('',(0.,1.,0.));
#5367=DIRECTION('',(-1.,0.,0.));
#5368=DIRECTION('',(0.,1.,0.));
#5369=DIRECTION('',(1.,0.,0.));
#5370=DIRECTION('',(0.,1.,0.));
#5371=DIRECTION('',(-1.,0.,0.));
#5372=DIRECTION('',(0.,1.,0.));
#5373=DIRECTION('',(1.,0.,0.));
#5374=DIRECTION('',(0.,1.,0.));
#5375=DIRECTION('',(-1.,0.,0.));
#5376=DIRECTION('',(0.,1.,0.));
#5377=DIRECTION('',(1.,0.,0.));
#5378=DIRECTION('',(0.,1.,0.));
#5379=DIRECTION('',(-1.,0.,0.));
#5380=DIRECTION('',(0.,1.,0.));
#5381=DIRECTION('',(1.,0.,0.));
#5382=DIRECTION('',(0.,1.,0.));
#5383=DIRECTION('',(-1.,-3.35611539677907E-9,0.));
#5384=DIRECTION('',(-3.35611538559988E-9,1.,0.));
#5385=DIRECTION('',(1.,3.35611539677907E-9,0.));
#5386=DIRECTION('',(0.,1.,0.));
#5387=DIRECTION('',(-1.,-3.35611538559988E-9,0.));
#5388=DIRECTION('',(-3.35611538559988E-9,1.,0.));
#5389=DIRECTION('',(1.,3.35611538559988E-9,0.));
#5390=DIRECTION('',(0.,1.,0.));
#5391=DIRECTION('',(-1.,0.,0.));
#5392=DIRECTION('',(0.,1.,0.));
#5393=DIRECTION('',(1.,0.,0.));
#5394=DIRECTION('',(0.,1.,0.));
#5395=DIRECTION('',(-1.,0.,0.));
#5396=DIRECTION('',(0.,1.,0.));
#5397=DIRECTION('',(1.,0.,0.));
#5398=DIRECTION('',(0.,1.,0.));
#5399=DIRECTION('',(0.,1.,0.));
#5400=DIRECTION('',(1.,0.,0.));
#5401=DIRECTION('',(0.,-1.,0.));
#5402=DIRECTION('',(-1.,0.,0.));
#5403=DIRECTION('',(0.,1.,0.));
#5404=DIRECTION('',(1.,0.,0.));
#5405=DIRECTION('',(0.,-1.,0.));
#5406=DIRECTION('',(-1.,0.,0.));
#5407=DIRECTION('',(0.,1.,0.));
#5408=DIRECTION('',(1.,0.,0.));
#5409=DIRECTION('',(0.,-1.,0.));
#5410=DIRECTION('',(-1.,0.,0.));
#5411=DIRECTION('',(0.,1.,0.));
#5412=DIRECTION('',(1.,0.,0.));
#5413=DIRECTION('',(0.,-1.,0.));
#5414=DIRECTION('',(-1.,0.,0.));
#5415=DIRECTION('',(0.,1.,0.));
#5416=DIRECTION('',(1.,0.,0.));
#5417=DIRECTION('',(0.,-1.,0.));
#5418=DIRECTION('',(-1.,0.,0.));
#5419=DIRECTION('',(0.,1.,0.));
#5420=DIRECTION('',(1.,0.,0.));
#5421=DIRECTION('',(0.,-1.,0.));
#5422=DIRECTION('',(-1.,0.,0.));
#5423=DIRECTION('',(0.,1.,0.));
#5424=DIRECTION('',(1.,0.,0.));
#5425=DIRECTION('',(0.,-1.,0.));
#5426=DIRECTION('',(-1.,0.,0.));
#5427=DIRECTION('',(0.,1.,0.));
#5428=DIRECTION('',(1.,0.,0.));
#5429=DIRECTION('',(0.,-1.,0.));
#5430=DIRECTION('',(-1.,0.,0.));
#5431=DIRECTION('',(-3.3561151234818E-9,1.,0.));
#5432=DIRECTION('',(1.,3.3561150683933E-9,0.));
#5433=DIRECTION('',(3.3561151234818E-9,-1.,0.));
#5434=DIRECTION('',(-1.,-3.3561150683933E-9,0.));
#5435=DIRECTION('',(0.,1.,0.));
#5436=DIRECTION('',(1.,0.,0.));
#5437=DIRECTION('',(0.,-1.,0.));
#5438=DIRECTION('',(-1.,0.,0.));
#5439=DIRECTION('',(0.,1.,0.));
#5440=DIRECTION('',(1.,0.,0.));
#5441=DIRECTION('',(0.,-1.,0.));
#5442=DIRECTION('',(-1.,0.,0.));
#5443=DIRECTION('',(0.,1.,0.));
#5444=DIRECTION('',(1.,0.,0.));
#5445=DIRECTION('',(0.,-1.,0.));
#5446=DIRECTION('',(-1.,0.,0.));
#5447=DIRECTION('',(0.,1.,0.));
#5448=DIRECTION('',(1.,0.,0.));
#5449=DIRECTION('',(0.,-1.,0.));
#5450=DIRECTION('',(-1.,0.,0.));
#5451=DIRECTION('',(0.,1.,0.));
#5452=DIRECTION('',(1.,0.,0.));
#5453=DIRECTION('',(0.,-1.,0.));
#5454=DIRECTION('',(-1.,0.,0.));
#5455=DIRECTION('',(0.,1.,0.));
#5456=DIRECTION('',(1.,0.,0.));
#5457=DIRECTION('',(0.,-1.,0.));
#5458=DIRECTION('',(-1.,0.,0.));
#5459=DIRECTION('',(0.,-1.,0.));
#5460=DIRECTION('',(-1.,0.,0.));
#5461=DIRECTION('',(0.,1.,0.));
#5462=DIRECTION('',(1.,0.,0.));
#5463=DIRECTION('',(0.,1.,0.));
#5464=DIRECTION('',(1.,0.,0.));
#5465=DIRECTION('',(0.,-1.,0.));
#5466=DIRECTION('',(-1.,0.,0.));
#5467=DIRECTION('',(0.,1.,0.));
#5468=DIRECTION('',(1.,0.,0.));
#5469=DIRECTION('',(0.,-1.,0.));
#5470=DIRECTION('',(-1.,0.,0.));
#5471=DIRECTION('',(0.,1.,0.));
#5472=DIRECTION('',(1.,0.,0.));
#5473=DIRECTION('',(0.,-1.,0.));
#5474=DIRECTION('',(-1.,0.,0.));
#5475=DIRECTION('',(-3.35611510804412E-9,1.,0.));
#5476=DIRECTION('',(1.,3.35611489216742E-9,0.));
#5477=DIRECTION('',(3.35611538559988E-9,-1.,0.));
#5478=DIRECTION('',(-1.,-3.35611489216742E-9,0.));
#5479=DIRECTION('',(0.,1.,0.));
#5480=DIRECTION('',(1.,0.,0.));
#5481=DIRECTION('',(0.,-1.,0.));
#5482=DIRECTION('',(-1.,0.,0.));
#5483=DIRECTION('',(0.,1.,0.));
#5484=DIRECTION('',(1.,0.,0.));
#5485=DIRECTION('',(0.,-1.,0.));
#5486=DIRECTION('',(-1.,0.,0.));
#5487=DIRECTION('',(0.,1.,0.));
#5488=DIRECTION('',(1.,0.,0.));
#5489=DIRECTION('',(0.,-1.,0.));
#5490=DIRECTION('',(-1.,0.,0.));
#5491=DIRECTION('',(-3.35611538559988E-9,1.,0.));
#5492=DIRECTION('',(1.,3.35611538559988E-9,0.));
#5493=DIRECTION('',(3.35611538559988E-9,-1.,0.));
#5494=DIRECTION('',(-1.,-3.35611538559988E-9,0.));
#5495=DIRECTION('',(-1.,0.,0.));
#5496=DIRECTION('',(0.,1.,0.));
#5497=DIRECTION('',(1.,0.,0.));
#5498=DIRECTION('',(0.,-1.,0.));
#5499=DIRECTION('',(0.,1.,0.));
#5500=DIRECTION('',(1.,0.,0.));
#5501=DIRECTION('',(0.,-1.,0.));
#5502=DIRECTION('',(-1.,0.,0.));
#5503=DIRECTION('',(0.,1.,0.));
#5504=DIRECTION('',(1.,0.,0.));
#5505=DIRECTION('',(0.,-1.,0.));
#5506=DIRECTION('',(-1.,0.,0.));
#5507=DIRECTION('',(0.,1.,0.));
#5508=DIRECTION('',(1.,0.,0.));
#5509=DIRECTION('',(0.,-1.,0.));
#5510=DIRECTION('',(-1.,0.,0.));
#5511=DIRECTION('',(9.31322041015435E-8,0.999999999999996,0.));
#5512=DIRECTION('',(0.999999999999996,-9.31322037930607E-8,0.));
#5513=DIRECTION('',(-9.31322046566546E-8,-0.999999999999996,0.));
#5514=DIRECTION('',(-0.999999999999996,9.31322037930607E-8,0.));
#5515=DIRECTION('center_axis',(0.,1.,0.));
#5516=DIRECTION('ref_axis',(1.,0.,0.));
#5517=DIRECTION('',(0.,0.,-1.));
#5518=DIRECTION('',(1.,0.,0.));
#5519=DIRECTION('',(0.,0.,-1.));
#5520=DIRECTION('center_axis',(0.,-1.,0.));
#5521=DIRECTION('ref_axis',(0.,0.,-1.));
#5522=DIRECTION('',(0.,0.,-1.));
#5523=DIRECTION('',(0.,0.,1.));
#5524=DIRECTION('',(1.,0.,0.));
#5525=DIRECTION('center_axis',(0.,-1.,0.));
#5526=DIRECTION('ref_axis',(0.,0.,-1.));
#5527=DIRECTION('',(1.,0.,0.));
#5528=DIRECTION('',(0.,0.,-1.));
#5529=DIRECTION('',(-1.,0.,0.));
#5530=DIRECTION('',(0.,0.,1.));
#5531=DIRECTION('center_axis',(1.,0.,0.));
#5532=DIRECTION('ref_axis',(0.,0.,-1.));
#5533=DIRECTION('',(0.,-1.,0.));
#5534=DIRECTION('',(0.,-1.,0.));
#5535=DIRECTION('center_axis',(0.,0.,1.));
#5536=DIRECTION('ref_axis',(1.,0.,0.));
#5537=DIRECTION('',(0.,-1.,0.));
#5538=DIRECTION('center_axis',(-1.,0.,0.));
#5539=DIRECTION('ref_axis',(0.,0.,1.));
#5540=DIRECTION('',(0.,-1.,0.));
#5541=DIRECTION('center_axis',(9.31321686436744E-8,0.999999999999996,0.));
#5542=DIRECTION('ref_axis',(0.,0.,1.));
#5543=DIRECTION('',(0.,0.,-1.));
#5544=DIRECTION('',(0.999999999999996,-9.31321686436744E-8,0.));
#5545=DIRECTION('',(0.,0.,1.));
#5546=DIRECTION('center_axis',(-0.999999999999996,9.31322041015435E-8,0.));
#5547=DIRECTION('ref_axis',(-9.31322041015435E-8,-0.999999999999996,0.));
#5548=DIRECTION('',(-9.31322041015435E-8,-0.999999999999996,0.));
#5549=DIRECTION('',(0.,0.,1.));
#5550=DIRECTION('center_axis',(0.,0.,1.));
#5551=DIRECTION('ref_axis',(1.,0.,0.));
#5552=DIRECTION('',(9.31322046566546E-8,0.999999999999996,0.));
#5553=DIRECTION('',(-0.999999999999996,9.31322037930607E-8,0.));
#5554=DIRECTION('center_axis',(0.,1.,0.));
#5555=DIRECTION('ref_axis',(0.,0.,1.));
#5556=DIRECTION('',(0.,0.,-1.));
#5557=DIRECTION('',(1.,0.,0.));
#5558=DIRECTION('',(0.,0.,1.));
#5559=DIRECTION('center_axis',(-1.,0.,0.));
#5560=DIRECTION('ref_axis',(0.,-1.,0.));
#5561=DIRECTION('',(0.,-1.,0.));
#5562=DIRECTION('',(0.,0.,1.));
#5563=DIRECTION('center_axis',(0.,0.,1.));
#5564=DIRECTION('ref_axis',(1.,0.,0.));
#5565=DIRECTION('',(0.,1.,0.));
#5566=DIRECTION('',(-1.,0.,0.));
#5567=DIRECTION('center_axis',(0.,1.,0.));
#5568=DIRECTION('ref_axis',(0.,0.,1.));
#5569=DIRECTION('',(0.,0.,-1.));
#5570=DIRECTION('',(1.,0.,0.));
#5571=DIRECTION('',(0.,0.,1.));
#5572=DIRECTION('center_axis',(-1.,0.,0.));
#5573=DIRECTION('ref_axis',(0.,-1.,0.));
#5574=DIRECTION('',(0.,-1.,0.));
#5575=DIRECTION('',(0.,0.,1.));
#5576=DIRECTION('center_axis',(0.,0.,1.));
#5577=DIRECTION('ref_axis',(1.,0.,0.));
#5578=DIRECTION('',(0.,1.,0.));
#5579=DIRECTION('',(-1.,0.,0.));
#5580=DIRECTION('center_axis',(0.,1.,0.));
#5581=DIRECTION('ref_axis',(0.,0.,1.));
#5582=DIRECTION('',(0.,0.,-1.));
#5583=DIRECTION('',(1.,0.,0.));
#5584=DIRECTION('',(0.,0.,1.));
#5585=DIRECTION('center_axis',(-1.,0.,0.));
#5586=DIRECTION('ref_axis',(0.,-1.,0.));
#5587=DIRECTION('',(0.,-1.,0.));
#5588=DIRECTION('',(0.,0.,1.));
#5589=DIRECTION('center_axis',(0.,0.,1.));
#5590=DIRECTION('ref_axis',(1.,0.,0.));
#5591=DIRECTION('',(0.,1.,0.));
#5592=DIRECTION('',(-1.,0.,0.));
#5593=DIRECTION('center_axis',(0.,1.,0.));
#5594=DIRECTION('ref_axis',(0.,0.,1.));
#5595=DIRECTION('',(0.,0.,-1.));
#5596=DIRECTION('',(1.,0.,0.));
#5597=DIRECTION('',(0.,0.,1.));
#5598=DIRECTION('center_axis',(-1.,0.,0.));
#5599=DIRECTION('ref_axis',(0.,-1.,0.));
#5600=DIRECTION('',(0.,-1.,0.));
#5601=DIRECTION('',(0.,0.,1.));
#5602=DIRECTION('center_axis',(0.,0.,1.));
#5603=DIRECTION('ref_axis',(1.,0.,0.));
#5604=DIRECTION('',(0.,1.,0.));
#5605=DIRECTION('',(-1.,0.,0.));
#5606=DIRECTION('center_axis',(9.31322037930607E-8,0.999999999999996,0.));
#5607=DIRECTION('ref_axis',(-0.999999999999996,9.31322037930607E-8,0.));
#5608=DIRECTION('',(0.,0.,1.));
#5609=DIRECTION('center_axis',(0.999999999999996,-9.31322046566546E-8,0.));
#5610=DIRECTION('ref_axis',(9.31322046566546E-8,0.999999999999996,0.));
#5611=DIRECTION('center_axis',(0.,1.,0.));
#5612=DIRECTION('ref_axis',(-1.,0.,0.));
#5613=DIRECTION('',(0.,0.,1.));
#5614=DIRECTION('center_axis',(1.,0.,0.));
#5615=DIRECTION('ref_axis',(0.,1.,0.));
#5616=DIRECTION('center_axis',(0.,1.,0.));
#5617=DIRECTION('ref_axis',(-1.,0.,0.));
#5618=DIRECTION('',(0.,0.,1.));
#5619=DIRECTION('center_axis',(1.,0.,0.));
#5620=DIRECTION('ref_axis',(0.,1.,0.));
#5621=DIRECTION('center_axis',(0.,1.,0.));
#5622=DIRECTION('ref_axis',(-1.,0.,0.));
#5623=DIRECTION('',(0.,0.,1.));
#5624=DIRECTION('center_axis',(1.,0.,0.));
#5625=DIRECTION('ref_axis',(0.,1.,0.));
#5626=DIRECTION('center_axis',(0.,1.,0.));
#5627=DIRECTION('ref_axis',(-1.,0.,0.));
#5628=DIRECTION('',(0.,0.,1.));
#5629=DIRECTION('center_axis',(1.,0.,0.));
#5630=DIRECTION('ref_axis',(0.,1.,0.));
#5631=DIRECTION('center_axis',(0.,-1.,0.));
#5632=DIRECTION('ref_axis',(0.,0.,-1.));
#5633=DIRECTION('',(1.,0.,0.));
#5634=DIRECTION('',(0.,0.,1.));
#5635=DIRECTION('',(0.,0.,-1.));
#5636=DIRECTION('center_axis',(0.,0.,1.));
#5637=DIRECTION('ref_axis',(1.,0.,0.));
#5638=DIRECTION('',(0.,-1.,0.));
#5639=DIRECTION('',(-1.,0.,0.));
#5640=DIRECTION('',(0.,-1.,0.));
#5641=DIRECTION('',(1.,0.,0.));
#5642=DIRECTION('',(0.,-1.,0.));
#5643=DIRECTION('',(-1.,0.,0.));
#5644=DIRECTION('',(0.,-1.,0.));
#5645=DIRECTION('',(1.,0.,0.));
#5646=DIRECTION('',(0.,-1.,0.));
#5647=DIRECTION('',(-1.,-3.35611538559988E-9,0.));
#5648=DIRECTION('',(3.35611538559988E-9,-1.,0.));
#5649=DIRECTION('',(1.,3.35611538559988E-9,0.));
#5650=DIRECTION('',(0.,-1.,0.));
#5651=DIRECTION('',(-1.,-3.35611539677907E-9,0.));
#5652=DIRECTION('',(3.35611538559988E-9,-1.,0.));
#5653=DIRECTION('',(1.,3.35611539677907E-9,0.));
#5654=DIRECTION('',(0.,-1.,0.));
#5655=DIRECTION('',(-1.,0.,0.));
#5656=DIRECTION('',(0.,-1.,0.));
#5657=DIRECTION('',(1.,0.,0.));
#5658=DIRECTION('',(0.,-1.,0.));
#5659=DIRECTION('',(-1.,0.,0.));
#5660=DIRECTION('',(0.,-1.,0.));
#5661=DIRECTION('',(1.,0.,0.));
#5662=DIRECTION('',(0.,-1.,0.));
#5663=DIRECTION('',(-1.,0.,0.));
#5664=DIRECTION('',(0.,-1.,0.));
#5665=DIRECTION('',(1.,0.,0.));
#5666=DIRECTION('',(0.,-1.,0.));
#5667=DIRECTION('',(-1.,0.,0.));
#5668=DIRECTION('',(0.,-1.,0.));
#5669=DIRECTION('',(1.,0.,0.));
#5670=DIRECTION('',(0.,-1.,0.));
#5671=DIRECTION('',(-1.,0.,0.));
#5672=DIRECTION('',(0.,-1.,0.));
#5673=DIRECTION('',(1.,0.,0.));
#5674=DIRECTION('',(0.,-1.,0.));
#5675=DIRECTION('',(-1.,0.,0.));
#5676=DIRECTION('',(0.,-1.,0.));
#5677=DIRECTION('',(1.,0.,0.));
#5678=DIRECTION('',(0.,-1.,0.));
#5679=DIRECTION('',(-1.,0.,0.));
#5680=DIRECTION('',(0.,-1.,0.));
#5681=DIRECTION('',(1.,0.,0.));
#5682=DIRECTION('',(0.,-1.,0.));
#5683=DIRECTION('',(-1.,0.,0.));
#5684=DIRECTION('',(0.,-1.,0.));
#5685=DIRECTION('',(1.,0.,0.));
#5686=DIRECTION('',(0.,-1.,0.));
#5687=DIRECTION('',(0.,1.,0.));
#5688=DIRECTION('',(1.,0.,0.));
#5689=DIRECTION('',(0.,1.,0.));
#5690=DIRECTION('',(-1.,0.,0.));
#5691=DIRECTION('',(0.,1.,0.));
#5692=DIRECTION('',(1.,0.,0.));
#5693=DIRECTION('',(0.,1.,0.));
#5694=DIRECTION('',(-1.,0.,0.));
#5695=DIRECTION('',(0.,1.,0.));
#5696=DIRECTION('',(1.,0.,0.));
#5697=DIRECTION('',(0.,1.,0.));
#5698=DIRECTION('',(-1.,0.,0.));
#5699=DIRECTION('',(0.,1.,0.));
#5700=DIRECTION('',(1.,0.,0.));
#5701=DIRECTION('',(0.,1.,0.));
#5702=DIRECTION('',(-1.,0.,0.));
#5703=DIRECTION('',(0.,1.,0.));
#5704=DIRECTION('',(1.,0.,0.));
#5705=DIRECTION('',(0.,1.,0.));
#5706=DIRECTION('',(-1.,0.,0.));
#5707=DIRECTION('',(0.,1.,0.));
#5708=DIRECTION('',(1.,0.,0.));
#5709=DIRECTION('',(0.,1.,0.));
#5710=DIRECTION('',(-1.,0.,0.));
#5711=DIRECTION('',(0.,1.,0.));
#5712=DIRECTION('',(1.,0.,0.));
#5713=DIRECTION('',(0.,1.,0.));
#5714=DIRECTION('',(-1.,0.,0.));
#5715=DIRECTION('',(0.,1.,0.));
#5716=DIRECTION('',(1.,0.,0.));
#5717=DIRECTION('',(0.,1.,0.));
#5718=DIRECTION('',(-1.,0.,0.));
#5719=DIRECTION('',(0.,1.,0.));
#5720=DIRECTION('',(1.,0.,0.));
#5721=DIRECTION('',(0.,1.,0.));
#5722=DIRECTION('',(-1.,0.,0.));
#5723=DIRECTION('',(0.,1.,0.));
#5724=DIRECTION('',(1.,0.,0.));
#5725=DIRECTION('',(0.,1.,0.));
#5726=DIRECTION('',(-1.,0.,0.));
#5727=DIRECTION('',(0.,1.,0.));
#5728=DIRECTION('',(1.,3.35611538559988E-9,0.));
#5729=DIRECTION('',(-3.35611538559988E-9,1.,0.));
#5730=DIRECTION('',(-1.,-3.35611538559988E-9,0.));
#5731=DIRECTION('',(0.,1.,0.));
#5732=DIRECTION('',(1.,0.,0.));
#5733=DIRECTION('',(0.,1.,0.));
#5734=DIRECTION('',(-1.,0.,0.));
#5735=DIRECTION('',(0.,1.,0.));
#5736=DIRECTION('',(0.,-1.,0.));
#5737=DIRECTION('',(1.,0.,0.));
#5738=DIRECTION('',(0.,1.,0.));
#5739=DIRECTION('',(-1.,0.,0.));
#5740=DIRECTION('',(1.,0.,0.));
#5741=DIRECTION('',(0.,1.,0.));
#5742=DIRECTION('',(-1.,0.,0.));
#5743=DIRECTION('',(0.,-1.,0.));
#5744=DIRECTION('',(3.35611538559988E-9,-1.,0.));
#5745=DIRECTION('',(1.,3.35611538559988E-9,0.));
#5746=DIRECTION('',(-3.35611538559988E-9,1.,0.));
#5747=DIRECTION('',(-1.,-3.35611538559988E-9,0.));
#5748=DIRECTION('',(0.,-1.,0.));
#5749=DIRECTION('',(1.,0.,0.));
#5750=DIRECTION('',(0.,1.,0.));
#5751=DIRECTION('',(-1.,0.,0.));
#5752=DIRECTION('',(0.,-1.,0.));
#5753=DIRECTION('',(1.,0.,0.));
#5754=DIRECTION('',(0.,1.,0.));
#5755=DIRECTION('',(-1.,0.,0.));
#5756=DIRECTION('',(0.,-1.,0.));
#5757=DIRECTION('',(1.,0.,0.));
#5758=DIRECTION('',(0.,1.,0.));
#5759=DIRECTION('',(-1.,0.,0.));
#5760=DIRECTION('',(3.35611510804412E-9,-1.,0.));
#5761=DIRECTION('',(1.,3.35611489216742E-9,0.));
#5762=DIRECTION('',(-3.35611538559988E-9,1.,0.));
#5763=DIRECTION('',(-1.,-3.35611489216742E-9,0.));
#5764=DIRECTION('',(0.,-1.,0.));
#5765=DIRECTION('',(1.,0.,0.));
#5766=DIRECTION('',(0.,1.,0.));
#5767=DIRECTION('',(-1.,0.,0.));
#5768=DIRECTION('',(0.,-1.,0.));
#5769=DIRECTION('',(1.,0.,0.));
#5770=DIRECTION('',(0.,1.,0.));
#5771=DIRECTION('',(-1.,0.,0.));
#5772=DIRECTION('',(0.,-1.,0.));
#5773=DIRECTION('',(1.,0.,0.));
#5774=DIRECTION('',(0.,1.,0.));
#5775=DIRECTION('',(-1.,0.,0.));
#5776=DIRECTION('',(0.,1.,0.));
#5777=DIRECTION('',(-1.,0.,0.));
#5778=DIRECTION('',(0.,-1.,0.));
#5779=DIRECTION('',(1.,0.,0.));
#5780=DIRECTION('',(0.,-1.,0.));
#5781=DIRECTION('',(1.,0.,0.));
#5782=DIRECTION('',(0.,1.,0.));
#5783=DIRECTION('',(-1.,0.,0.));
#5784=DIRECTION('',(0.,-1.,0.));
#5785=DIRECTION('',(1.,0.,0.));
#5786=DIRECTION('',(0.,1.,0.));
#5787=DIRECTION('',(-1.,0.,0.));
#5788=DIRECTION('',(0.,-1.,0.));
#5789=DIRECTION('',(1.,0.,0.));
#5790=DIRECTION('',(0.,1.,0.));
#5791=DIRECTION('',(-1.,0.,0.));
#5792=DIRECTION('',(0.,-1.,0.));
#5793=DIRECTION('',(1.,0.,0.));
#5794=DIRECTION('',(0.,1.,0.));
#5795=DIRECTION('',(-1.,0.,0.));
#5796=DIRECTION('',(0.,-1.,0.));
#5797=DIRECTION('',(1.,0.,0.));
#5798=DIRECTION('',(0.,1.,0.));
#5799=DIRECTION('',(-1.,0.,0.));
#5800=DIRECTION('',(0.,-1.,0.));
#5801=DIRECTION('',(1.,0.,0.));
#5802=DIRECTION('',(0.,1.,0.));
#5803=DIRECTION('',(-1.,0.,0.));
#5804=DIRECTION('',(3.3561151234818E-9,-1.,0.));
#5805=DIRECTION('',(1.,3.3561150683933E-9,0.));
#5806=DIRECTION('',(-3.3561151234818E-9,1.,0.));
#5807=DIRECTION('',(-1.,-3.3561150683933E-9,0.));
#5808=DIRECTION('',(0.,-1.,0.));
#5809=DIRECTION('',(1.,0.,0.));
#5810=DIRECTION('',(0.,1.,0.));
#5811=DIRECTION('',(-1.,0.,0.));
#5812=DIRECTION('',(0.,-1.,0.));
#5813=DIRECTION('',(1.,0.,0.));
#5814=DIRECTION('',(0.,1.,0.));
#5815=DIRECTION('',(-1.,0.,0.));
#5816=DIRECTION('',(0.,-1.,0.));
#5817=DIRECTION('',(1.,0.,0.));
#5818=DIRECTION('',(0.,1.,0.));
#5819=DIRECTION('',(-1.,0.,0.));
#5820=DIRECTION('',(0.,-1.,0.));
#5821=DIRECTION('',(1.,0.,0.));
#5822=DIRECTION('',(0.,1.,0.));
#5823=DIRECTION('',(-1.,0.,0.));
#5824=DIRECTION('',(0.,-1.,0.));
#5825=DIRECTION('',(1.,0.,0.));
#5826=DIRECTION('',(0.,1.,0.));
#5827=DIRECTION('',(-1.,0.,0.));
#5828=DIRECTION('',(0.,-1.,0.));
#5829=DIRECTION('',(1.,0.,0.));
#5830=DIRECTION('',(0.,1.,0.));
#5831=DIRECTION('',(-1.,0.,0.));
#5832=DIRECTION('',(0.,-1.,0.));
#5833=DIRECTION('',(1.,0.,0.));
#5834=DIRECTION('',(0.,1.,0.));
#5835=DIRECTION('',(-1.,0.,0.));
#5836=DIRECTION('center_axis',(0.,1.,0.));
#5837=DIRECTION('ref_axis',(1.,0.,0.));
#5838=DIRECTION('',(0.,0.,-1.));
#5839=DIRECTION('',(0.,0.,1.));
#5840=DIRECTION('center_axis',(0.,-1.,0.));
#5841=DIRECTION('ref_axis',(-1.,0.,0.));
#5842=DIRECTION('',(0.,0.,-1.));
#5843=DIRECTION('',(0.,0.,-1.));
#5844=DIRECTION('center_axis',(1.,0.,0.));
#5845=DIRECTION('ref_axis',(0.,-1.,0.));
#5846=DIRECTION('center_axis',(1.,0.,0.));
#5847=DIRECTION('ref_axis',(0.,-1.,0.));
#5848=DIRECTION('',(0.,0.,-1.));
#5849=DIRECTION('',(0.,0.,-1.));
#5850=DIRECTION('center_axis',(0.,1.,0.));
#5851=DIRECTION('ref_axis',(1.,0.,0.));
#5852=DIRECTION('',(0.,0.,-1.));
#5853=DIRECTION('center_axis',(-1.,0.,0.));
#5854=DIRECTION('ref_axis',(0.,1.,0.));
#5855=DIRECTION('',(0.,0.,-1.));
#5856=DIRECTION('center_axis',(0.,-1.,0.));
#5857=DIRECTION('ref_axis',(-1.,0.,0.));
#5858=DIRECTION('center_axis',(-1.,0.,0.));
#5859=DIRECTION('ref_axis',(0.,1.,0.));
#5860=DIRECTION('',(0.,0.,-1.));
#5861=DIRECTION('',(0.,0.,-1.));
#5862=DIRECTION('center_axis',(0.,-1.,0.));
#5863=DIRECTION('ref_axis',(-1.,0.,0.));
#5864=DIRECTION('',(0.,0.,1.));
#5865=DIRECTION('center_axis',(0.,1.,0.));
#5866=DIRECTION('ref_axis',(1.,0.,0.));
#5867=DIRECTION('',(0.,0.,-1.));
#5868=DIRECTION('center_axis',(1.,0.,0.));
#5869=DIRECTION('ref_axis',(0.,-1.,0.));
#5870=DIRECTION('',(0.,0.,-1.));
#5871=DIRECTION('',(0.,0.,-1.));
#5872=DIRECTION('center_axis',(0.,1.,0.));
#5873=DIRECTION('ref_axis',(1.,0.,0.));
#5874=DIRECTION('',(0.,0.,-1.));
#5875=DIRECTION('center_axis',(-1.,0.,0.));
#5876=DIRECTION('ref_axis',(0.,1.,0.));
#5877=DIRECTION('',(0.,0.,-1.));
#5878=DIRECTION('center_axis',(0.,-1.,0.));
#5879=DIRECTION('ref_axis',(-1.,0.,0.));
#5880=DIRECTION('center_axis',(1.,0.,0.));
#5881=DIRECTION('ref_axis',(0.,1.,0.));
#5882=DIRECTION('',(0.,0.,1.));
#5883=DIRECTION('center_axis',(1.,0.,0.));
#5884=DIRECTION('ref_axis',(0.,1.,0.));
#5885=DIRECTION('center_axis',(-1.,0.,0.));
#5886=DIRECTION('ref_axis',(0.,-1.,0.));
#5887=DIRECTION('center_axis',(-1.,0.,0.));
#5888=DIRECTION('ref_axis',(0.,-1.,0.));
#5889=DIRECTION('',(0.,0.,-1.));
#5890=DIRECTION('center_axis',(-1.,-3.35611538559988E-9,0.));
#5891=DIRECTION('ref_axis',(-3.35611538559988E-9,1.,0.));
#5892=DIRECTION('',(0.,0.,-1.));
#5893=DIRECTION('',(0.,0.,-1.));
#5894=DIRECTION('center_axis',(3.35611539677907E-9,-1.,0.));
#5895=DIRECTION('ref_axis',(-1.,-3.35611539677907E-9,0.));
#5896=DIRECTION('',(0.,0.,1.));
#5897=DIRECTION('center_axis',(-3.35611539677907E-9,1.,0.));
#5898=DIRECTION('ref_axis',(1.,3.35611539677907E-9,0.));
#5899=DIRECTION('',(0.,0.,-1.));
#5900=DIRECTION('center_axis',(-1.,-3.35611538559988E-9,0.));
#5901=DIRECTION('ref_axis',(-3.35611538559988E-9,1.,0.));
#5902=DIRECTION('',(0.,0.,-1.));
#5903=DIRECTION('',(0.,0.,-1.));
#5904=DIRECTION('center_axis',(3.35611538559988E-9,-1.,0.));
#5905=DIRECTION('ref_axis',(-1.,-3.35611538559988E-9,0.));
#5906=DIRECTION('',(0.,0.,1.));
#5907=DIRECTION('center_axis',(-3.35611538559988E-9,1.,0.));
#5908=DIRECTION('ref_axis',(1.,3.35611538559988E-9,0.));
#5909=DIRECTION('',(0.,0.,-1.));
#5910=DIRECTION('center_axis',(1.,0.,0.));
#5911=DIRECTION('ref_axis',(0.,-1.,0.));
#5912=DIRECTION('',(0.,0.,-1.));
#5913=DIRECTION('',(0.,0.,-1.));
#5914=DIRECTION('center_axis',(0.,1.,0.));
#5915=DIRECTION('ref_axis',(1.,0.,0.));
#5916=DIRECTION('',(0.,0.,-1.));
#5917=DIRECTION('center_axis',(-1.,0.,0.));
#5918=DIRECTION('ref_axis',(0.,1.,0.));
#5919=DIRECTION('',(0.,0.,-1.));
#5920=DIRECTION('center_axis',(0.,-1.,0.));
#5921=DIRECTION('ref_axis',(-1.,0.,0.));
#5922=DIRECTION('center_axis',(0.,1.,0.));
#5923=DIRECTION('ref_axis',(1.,0.,0.));
#5924=DIRECTION('',(0.,0.,-1.));
#5925=DIRECTION('',(0.,0.,-1.));
#5926=DIRECTION('center_axis',(-1.,0.,0.));
#5927=DIRECTION('ref_axis',(0.,1.,0.));
#5928=DIRECTION('',(0.,0.,-1.));
#5929=DIRECTION('center_axis',(0.,-1.,0.));
#5930=DIRECTION('ref_axis',(-1.,0.,0.));
#5931=DIRECTION('',(0.,0.,-1.));
#5932=DIRECTION('center_axis',(1.,0.,0.));
#5933=DIRECTION('ref_axis',(0.,-1.,0.));
#5934=DIRECTION('center_axis',(1.,3.35611538559988E-9,0.));
#5935=DIRECTION('ref_axis',(3.35611538559988E-9,-1.,0.));
#5936=DIRECTION('',(0.,0.,-1.));
#5937=DIRECTION('',(0.,0.,-1.));
#5938=DIRECTION('center_axis',(-3.35611538559988E-9,1.,0.));
#5939=DIRECTION('ref_axis',(1.,3.35611538559988E-9,0.));
#5940=DIRECTION('',(0.,0.,-1.));
#5941=DIRECTION('center_axis',(-1.,-3.35611538559988E-9,0.));
#5942=DIRECTION('ref_axis',(-3.35611538559988E-9,1.,0.));
#5943=DIRECTION('',(0.,0.,-1.));
#5944=DIRECTION('center_axis',(3.35611538559988E-9,-1.,0.));
#5945=DIRECTION('ref_axis',(-1.,-3.35611538559988E-9,0.));
#5946=DIRECTION('center_axis',(-1.,0.,0.));
#5947=DIRECTION('ref_axis',(0.,1.,0.));
#5948=DIRECTION('',(0.,0.,-1.));
#5949=DIRECTION('',(0.,0.,-1.));
#5950=DIRECTION('center_axis',(0.,-1.,0.));
#5951=DIRECTION('ref_axis',(-1.,0.,0.));
#5952=DIRECTION('',(0.,0.,1.));
#5953=DIRECTION('center_axis',(0.,1.,0.));
#5954=DIRECTION('ref_axis',(1.,0.,0.));
#5955=DIRECTION('',(0.,0.,-1.));
#5956=DIRECTION('center_axis',(1.,0.,0.));
#5957=DIRECTION('ref_axis',(0.,-1.,0.));
#5958=DIRECTION('',(0.,0.,-1.));
#5959=DIRECTION('',(0.,0.,-1.));
#5960=DIRECTION('center_axis',(0.,1.,0.));
#5961=DIRECTION('ref_axis',(1.,0.,0.));
#5962=DIRECTION('',(0.,0.,1.));
#5963=DIRECTION('center_axis',(0.,-1.,0.));
#5964=DIRECTION('ref_axis',(-1.,0.,0.));
#5965=DIRECTION('',(0.,0.,-1.));
#5966=DIRECTION('center_axis',(1.,0.,0.));
#5967=DIRECTION('ref_axis',(0.,-1.,0.));
#5968=DIRECTION('',(0.,0.,-1.));
#5969=DIRECTION('',(0.,0.,-1.));
#5970=DIRECTION('center_axis',(0.,1.,0.));
#5971=DIRECTION('ref_axis',(1.,0.,0.));
#5972=DIRECTION('',(0.,0.,-1.));
#5973=DIRECTION('center_axis',(-1.,0.,0.));
#5974=DIRECTION('ref_axis',(0.,1.,0.));
#5975=DIRECTION('',(0.,0.,-1.));
#5976=DIRECTION('center_axis',(0.,-1.,0.));
#5977=DIRECTION('ref_axis',(-1.,0.,0.));
#5978=DIRECTION('center_axis',(1.,0.,0.));
#5979=DIRECTION('ref_axis',(0.,-1.,0.));
#5980=DIRECTION('',(0.,0.,-1.));
#5981=DIRECTION('',(0.,0.,-1.));
#5982=DIRECTION('center_axis',(0.,1.,0.));
#5983=DIRECTION('ref_axis',(1.,0.,0.));
#5984=DIRECTION('',(0.,0.,-1.));
#5985=DIRECTION('center_axis',(-1.,0.,0.));
#5986=DIRECTION('ref_axis',(0.,1.,0.));
#5987=DIRECTION('',(0.,0.,-1.));
#5988=DIRECTION('center_axis',(0.,-1.,0.));
#5989=DIRECTION('ref_axis',(-1.,0.,0.));
#5990=DIRECTION('center_axis',(-1.,0.,0.));
#5991=DIRECTION('ref_axis',(0.,1.,0.));
#5992=DIRECTION('',(0.,0.,-1.));
#5993=DIRECTION('',(0.,0.,-1.));
#5994=DIRECTION('center_axis',(0.,-1.,0.));
#5995=DIRECTION('ref_axis',(-1.,0.,0.));
#5996=DIRECTION('',(0.,0.,1.));
#5997=DIRECTION('center_axis',(0.,1.,0.));
#5998=DIRECTION('ref_axis',(1.,0.,0.));
#5999=DIRECTION('',(0.,0.,-1.));
#6000=DIRECTION('center_axis',(0.,1.,0.));
#6001=DIRECTION('ref_axis',(1.,0.,0.));
#6002=DIRECTION('',(0.,0.,-1.));
#6003=DIRECTION('',(0.,0.,1.));
#6004=DIRECTION('center_axis',(0.,-1.,0.));
#6005=DIRECTION('ref_axis',(-1.,0.,0.));
#6006=DIRECTION('',(0.,0.,-1.));
#6007=DIRECTION('',(0.,0.,-1.));
#6008=DIRECTION('center_axis',(1.,0.,0.));
#6009=DIRECTION('ref_axis',(0.,-1.,0.));
#6010=DIRECTION('center_axis',(1.,0.,0.));
#6011=DIRECTION('ref_axis',(0.,-1.,0.));
#6012=DIRECTION('',(0.,0.,-1.));
#6013=DIRECTION('',(0.,0.,-1.));
#6014=DIRECTION('center_axis',(0.,1.,0.));
#6015=DIRECTION('ref_axis',(1.,0.,0.));
#6016=DIRECTION('',(0.,0.,-1.));
#6017=DIRECTION('center_axis',(-1.,0.,0.));
#6018=DIRECTION('ref_axis',(0.,1.,0.));
#6019=DIRECTION('',(0.,0.,-1.));
#6020=DIRECTION('center_axis',(0.,-1.,0.));
#6021=DIRECTION('ref_axis',(-1.,0.,0.));
#6022=DIRECTION('center_axis',(0.,1.,0.));
#6023=DIRECTION('ref_axis',(1.,0.,0.));
#6024=DIRECTION('',(0.,0.,-1.));
#6025=DIRECTION('',(0.,0.,1.));
#6026=DIRECTION('center_axis',(0.,-1.,0.));
#6027=DIRECTION('ref_axis',(-1.,0.,0.));
#6028=DIRECTION('',(0.,0.,-1.));
#6029=DIRECTION('',(0.,0.,-1.));
#6030=DIRECTION('center_axis',(1.,0.,0.));
#6031=DIRECTION('ref_axis',(0.,-1.,0.));
#6032=DIRECTION('center_axis',(0.,1.,0.));
#6033=DIRECTION('ref_axis',(1.,0.,0.));
#6034=DIRECTION('',(0.,0.,-1.));
#6035=DIRECTION('',(0.,0.,1.));
#6036=DIRECTION('center_axis',(0.,-1.,0.));
#6037=DIRECTION('ref_axis',(-1.,0.,0.));
#6038=DIRECTION('',(0.,0.,-1.));
#6039=DIRECTION('',(0.,0.,-1.));
#6040=DIRECTION('center_axis',(1.,0.,0.));
#6041=DIRECTION('ref_axis',(0.,-1.,0.));
#6042=DIRECTION('center_axis',(-1.,0.,0.));
#6043=DIRECTION('ref_axis',(0.,1.,0.));
#6044=DIRECTION('',(0.,0.,-1.));
#6045=DIRECTION('',(0.,0.,-1.));
#6046=DIRECTION('center_axis',(0.,-1.,0.));
#6047=DIRECTION('ref_axis',(-1.,0.,0.));
#6048=DIRECTION('',(0.,0.,1.));
#6049=DIRECTION('center_axis',(0.,1.,0.));
#6050=DIRECTION('ref_axis',(1.,0.,0.));
#6051=DIRECTION('',(0.,0.,-1.));
#6052=DIRECTION('center_axis',(1.,3.35611538559988E-9,0.));
#6053=DIRECTION('ref_axis',(3.35611538559988E-9,-1.,0.));
#6054=DIRECTION('',(0.,0.,-1.));
#6055=DIRECTION('',(0.,0.,-1.));
#6056=DIRECTION('center_axis',(-3.35611489216742E-9,1.,0.));
#6057=DIRECTION('ref_axis',(1.,3.35611489216742E-9,0.));
#6058=DIRECTION('',(0.,0.,-1.));
#6059=DIRECTION('center_axis',(-1.,-3.35611510804412E-9,0.));
#6060=DIRECTION('ref_axis',(-3.35611510804412E-9,1.,0.));
#6061=DIRECTION('',(0.,0.,-1.));
#6062=DIRECTION('center_axis',(3.35611489216742E-9,-1.,0.));
#6063=DIRECTION('ref_axis',(-1.,-3.35611489216742E-9,0.));
#6064=DIRECTION('center_axis',(1.,0.,0.));
#6065=DIRECTION('ref_axis',(0.,-1.,0.));
#6066=DIRECTION('',(0.,0.,-1.));
#6067=DIRECTION('',(0.,0.,-1.));
#6068=DIRECTION('center_axis',(0.,1.,0.));
#6069=DIRECTION('ref_axis',(1.,0.,0.));
#6070=DIRECTION('',(0.,0.,-1.));
#6071=DIRECTION('center_axis',(-1.,0.,0.));
#6072=DIRECTION('ref_axis',(0.,1.,0.));
#6073=DIRECTION('',(0.,0.,-1.));
#6074=DIRECTION('center_axis',(0.,-1.,0.));
#6075=DIRECTION('ref_axis',(-1.,0.,0.));
#6076=DIRECTION('center_axis',(1.,0.,0.));
#6077=DIRECTION('ref_axis',(0.,-1.,0.));
#6078=DIRECTION('',(0.,0.,-1.));
#6079=DIRECTION('',(0.,0.,-1.));
#6080=DIRECTION('center_axis',(0.,1.,0.));
#6081=DIRECTION('ref_axis',(1.,0.,0.));
#6082=DIRECTION('',(0.,0.,-1.));
#6083=DIRECTION('center_axis',(-1.,0.,0.));
#6084=DIRECTION('ref_axis',(0.,1.,0.));
#6085=DIRECTION('',(0.,0.,-1.));
#6086=DIRECTION('center_axis',(0.,-1.,0.));
#6087=DIRECTION('ref_axis',(-1.,0.,0.));
#6088=DIRECTION('center_axis',(-3.35611538559988E-9,1.,0.));
#6089=DIRECTION('ref_axis',(1.,3.35611538559988E-9,0.));
#6090=DIRECTION('',(0.,0.,-1.));
#6091=DIRECTION('',(0.,0.,1.));
#6092=DIRECTION('center_axis',(3.35611538559988E-9,-1.,0.));
#6093=DIRECTION('ref_axis',(-1.,-3.35611538559988E-9,0.));
#6094=DIRECTION('',(0.,0.,-1.));
#6095=DIRECTION('',(0.,0.,-1.));
#6096=DIRECTION('center_axis',(1.,3.35611538559988E-9,0.));
#6097=DIRECTION('ref_axis',(3.35611538559988E-9,-1.,0.));
#6098=DIRECTION('center_axis',(1.,0.,0.));
#6099=DIRECTION('ref_axis',(0.,-1.,0.));
#6100=DIRECTION('',(0.,0.,-1.));
#6101=DIRECTION('',(0.,0.,-1.));
#6102=DIRECTION('center_axis',(0.,1.,0.));
#6103=DIRECTION('ref_axis',(1.,0.,0.));
#6104=DIRECTION('',(0.,0.,-1.));
#6105=DIRECTION('center_axis',(-1.,0.,0.));
#6106=DIRECTION('ref_axis',(0.,1.,0.));
#6107=DIRECTION('',(0.,0.,-1.));
#6108=DIRECTION('center_axis',(0.,-1.,0.));
#6109=DIRECTION('ref_axis',(-1.,0.,0.));
#6110=DIRECTION('center_axis',(-1.,0.,0.));
#6111=DIRECTION('ref_axis',(0.,1.,0.));
#6112=DIRECTION('',(0.,0.,-1.));
#6113=DIRECTION('',(0.,0.,-1.));
#6114=DIRECTION('center_axis',(0.,-1.,0.));
#6115=DIRECTION('ref_axis',(-1.,0.,0.));
#6116=DIRECTION('',(0.,0.,-1.));
#6117=DIRECTION('center_axis',(1.,0.,0.));
#6118=DIRECTION('ref_axis',(0.,-1.,0.));
#6119=DIRECTION('',(0.,0.,-1.));
#6120=DIRECTION('center_axis',(0.,1.,0.));
#6121=DIRECTION('ref_axis',(1.,0.,0.));
#6122=DIRECTION('center_axis',(0.,1.,0.));
#6123=DIRECTION('ref_axis',(1.,0.,0.));
#6124=DIRECTION('',(0.,0.,-1.));
#6125=DIRECTION('',(0.,0.,1.));
#6126=DIRECTION('center_axis',(0.,-1.,0.));
#6127=DIRECTION('ref_axis',(-1.,0.,0.));
#6128=DIRECTION('',(0.,0.,-1.));
#6129=DIRECTION('',(0.,0.,-1.));
#6130=DIRECTION('center_axis',(1.,0.,0.));
#6131=DIRECTION('ref_axis',(0.,-1.,0.));
#6132=DIRECTION('center_axis',(1.,0.,0.));
#6133=DIRECTION('ref_axis',(0.,-1.,0.));
#6134=DIRECTION('',(0.,0.,-1.));
#6135=DIRECTION('',(0.,0.,-1.));
#6136=DIRECTION('center_axis',(0.,1.,0.));
#6137=DIRECTION('ref_axis',(1.,0.,0.));
#6138=DIRECTION('',(0.,0.,-1.));
#6139=DIRECTION('center_axis',(-1.,0.,0.));
#6140=DIRECTION('ref_axis',(0.,1.,0.));
#6141=DIRECTION('',(0.,0.,-1.));
#6142=DIRECTION('center_axis',(0.,-1.,0.));
#6143=DIRECTION('ref_axis',(-1.,0.,0.));
#6144=DIRECTION('center_axis',(1.,0.,0.));
#6145=DIRECTION('ref_axis',(0.,-1.,0.));
#6146=DIRECTION('',(0.,0.,-1.));
#6147=DIRECTION('',(0.,0.,-1.));
#6148=DIRECTION('center_axis',(0.,1.,0.));
#6149=DIRECTION('ref_axis',(1.,0.,0.));
#6150=DIRECTION('',(0.,0.,-1.));
#6151=DIRECTION('center_axis',(-1.,0.,0.));
#6152=DIRECTION('ref_axis',(0.,1.,0.));
#6153=DIRECTION('',(0.,0.,-1.));
#6154=DIRECTION('center_axis',(0.,-1.,0.));
#6155=DIRECTION('ref_axis',(-1.,0.,0.));
#6156=DIRECTION('center_axis',(-1.,0.,0.));
#6157=DIRECTION('ref_axis',(0.,1.,0.));
#6158=DIRECTION('',(0.,0.,-1.));
#6159=DIRECTION('',(0.,0.,-1.));
#6160=DIRECTION('center_axis',(0.,-1.,0.));
#6161=DIRECTION('ref_axis',(-1.,0.,0.));
#6162=DIRECTION('',(0.,0.,1.));
#6163=DIRECTION('center_axis',(0.,1.,0.));
#6164=DIRECTION('ref_axis',(1.,0.,0.));
#6165=DIRECTION('',(0.,0.,-1.));
#6166=DIRECTION('center_axis',(-1.,0.,0.));
#6167=DIRECTION('ref_axis',(0.,1.,0.));
#6168=DIRECTION('',(0.,0.,-1.));
#6169=DIRECTION('',(0.,0.,-1.));
#6170=DIRECTION('center_axis',(0.,-1.,0.));
#6171=DIRECTION('ref_axis',(-1.,0.,0.));
#6172=DIRECTION('center_axis',(0.,1.,0.));
#6173=DIRECTION('ref_axis',(1.,0.,0.));
#6174=DIRECTION('',(0.,0.,-1.));
#6175=DIRECTION('center_axis',(1.,0.,0.));
#6176=DIRECTION('ref_axis',(0.,-1.,0.));
#6177=DIRECTION('',(0.,0.,-1.));
#6178=DIRECTION('',(0.,0.,-1.));
#6179=DIRECTION('center_axis',(0.,1.,0.));
#6180=DIRECTION('ref_axis',(1.,0.,0.));
#6181=DIRECTION('',(0.,0.,1.));
#6182=DIRECTION('center_axis',(0.,-1.,0.));
#6183=DIRECTION('ref_axis',(-1.,0.,0.));
#6184=DIRECTION('',(0.,0.,-1.));
#6185=DIRECTION('center_axis',(1.,0.,0.));
#6186=DIRECTION('ref_axis',(0.,-1.,0.));
#6187=DIRECTION('',(0.,0.,-1.));
#6188=DIRECTION('',(0.,0.,-1.));
#6189=DIRECTION('center_axis',(0.,1.,0.));
#6190=DIRECTION('ref_axis',(1.,0.,0.));
#6191=DIRECTION('',(0.,0.,-1.));
#6192=DIRECTION('center_axis',(-1.,0.,0.));
#6193=DIRECTION('ref_axis',(0.,1.,0.));
#6194=DIRECTION('',(0.,0.,-1.));
#6195=DIRECTION('center_axis',(0.,-1.,0.));
#6196=DIRECTION('ref_axis',(-1.,0.,0.));
#6197=DIRECTION('center_axis',(1.,0.,0.));
#6198=DIRECTION('ref_axis',(0.,-1.,0.));
#6199=DIRECTION('',(0.,0.,-1.));
#6200=DIRECTION('',(0.,0.,-1.));
#6201=DIRECTION('center_axis',(0.,1.,0.));
#6202=DIRECTION('ref_axis',(1.,0.,0.));
#6203=DIRECTION('',(0.,0.,-1.));
#6204=DIRECTION('center_axis',(-1.,0.,0.));
#6205=DIRECTION('ref_axis',(0.,1.,0.));
#6206=DIRECTION('',(0.,0.,-1.));
#6207=DIRECTION('center_axis',(0.,-1.,0.));
#6208=DIRECTION('ref_axis',(-1.,0.,0.));
#6209=DIRECTION('center_axis',(-1.,0.,0.));
#6210=DIRECTION('ref_axis',(0.,1.,0.));
#6211=DIRECTION('',(0.,0.,-1.));
#6212=DIRECTION('',(0.,0.,-1.));
#6213=DIRECTION('center_axis',(0.,-1.,0.));
#6214=DIRECTION('ref_axis',(-1.,0.,0.));
#6215=DIRECTION('',(0.,0.,1.));
#6216=DIRECTION('center_axis',(0.,1.,0.));
#6217=DIRECTION('ref_axis',(1.,0.,0.));
#6218=DIRECTION('',(0.,0.,-1.));
#6219=DIRECTION('center_axis',(1.,0.,0.));
#6220=DIRECTION('ref_axis',(0.,-1.,0.));
#6221=DIRECTION('',(0.,0.,-1.));
#6222=DIRECTION('',(0.,0.,-1.));
#6223=DIRECTION('center_axis',(0.,1.,0.));
#6224=DIRECTION('ref_axis',(1.,0.,0.));
#6225=DIRECTION('',(0.,0.,-1.));
#6226=DIRECTION('center_axis',(-1.,0.,0.));
#6227=DIRECTION('ref_axis',(0.,1.,0.));
#6228=DIRECTION('',(0.,0.,-1.));
#6229=DIRECTION('center_axis',(0.,-1.,0.));
#6230=DIRECTION('ref_axis',(-1.,0.,0.));
#6231=DIRECTION('center_axis',(1.,0.,0.));
#6232=DIRECTION('ref_axis',(0.,-1.,0.));
#6233=DIRECTION('',(0.,0.,-1.));
#6234=DIRECTION('',(0.,0.,-1.));
#6235=DIRECTION('center_axis',(0.,1.,0.));
#6236=DIRECTION('ref_axis',(1.,0.,0.));
#6237=DIRECTION('',(0.,0.,-1.));
#6238=DIRECTION('center_axis',(-1.,0.,0.));
#6239=DIRECTION('ref_axis',(0.,1.,0.));
#6240=DIRECTION('',(0.,0.,-1.));
#6241=DIRECTION('center_axis',(0.,-1.,0.));
#6242=DIRECTION('ref_axis',(-1.,0.,0.));
#6243=DIRECTION('center_axis',(0.,1.,0.));
#6244=DIRECTION('ref_axis',(1.,0.,0.));
#6245=DIRECTION('',(0.,0.,-1.));
#6246=DIRECTION('',(0.,0.,1.));
#6247=DIRECTION('center_axis',(0.,-1.,0.));
#6248=DIRECTION('ref_axis',(-1.,0.,0.));
#6249=DIRECTION('',(0.,0.,-1.));
#6250=DIRECTION('',(0.,0.,-1.));
#6251=DIRECTION('center_axis',(1.,0.,0.));
#6252=DIRECTION('ref_axis',(0.,-1.,0.));
#6253=DIRECTION('center_axis',(0.,1.,0.));
#6254=DIRECTION('ref_axis',(1.,0.,0.));
#6255=DIRECTION('',(0.,0.,-1.));
#6256=DIRECTION('',(0.,0.,1.));
#6257=DIRECTION('center_axis',(0.,-1.,0.));
#6258=DIRECTION('ref_axis',(-1.,0.,0.));
#6259=DIRECTION('',(0.,0.,-1.));
#6260=DIRECTION('center_axis',(1.,0.,0.));
#6261=DIRECTION('ref_axis',(0.,-1.,0.));
#6262=DIRECTION('center_axis',(-1.,0.,0.));
#6263=DIRECTION('ref_axis',(0.,1.,0.));
#6264=DIRECTION('',(0.,0.,-1.));
#6265=DIRECTION('',(0.,0.,-1.));
#6266=DIRECTION('center_axis',(0.,-1.,0.));
#6267=DIRECTION('ref_axis',(-1.,0.,0.));
#6268=DIRECTION('',(0.,0.,1.));
#6269=DIRECTION('center_axis',(0.,1.,0.));
#6270=DIRECTION('ref_axis',(1.,0.,0.));
#6271=DIRECTION('',(0.,0.,-1.));
#6272=DIRECTION('center_axis',(1.,3.3561151234818E-9,0.));
#6273=DIRECTION('ref_axis',(3.3561151234818E-9,-1.,0.));
#6274=DIRECTION('',(0.,0.,-1.));
#6275=DIRECTION('',(0.,0.,-1.));
#6276=DIRECTION('center_axis',(-3.3561150683933E-9,1.,0.));
#6277=DIRECTION('ref_axis',(1.,3.3561150683933E-9,0.));
#6278=DIRECTION('',(0.,0.,-1.));
#6279=DIRECTION('center_axis',(-1.,-3.3561151234818E-9,0.));
#6280=DIRECTION('ref_axis',(-3.3561151234818E-9,1.,0.));
#6281=DIRECTION('',(0.,0.,-1.));
#6282=DIRECTION('center_axis',(3.3561150683933E-9,-1.,0.));
#6283=DIRECTION('ref_axis',(-1.,-3.3561150683933E-9,0.));
#6284=DIRECTION('center_axis',(1.,0.,0.));
#6285=DIRECTION('ref_axis',(0.,-1.,0.));
#6286=DIRECTION('',(0.,0.,-1.));
#6287=DIRECTION('',(0.,0.,-1.));
#6288=DIRECTION('center_axis',(0.,1.,0.));
#6289=DIRECTION('ref_axis',(1.,0.,0.));
#6290=DIRECTION('',(0.,0.,-1.));
#6291=DIRECTION('center_axis',(-1.,0.,0.));
#6292=DIRECTION('ref_axis',(0.,1.,0.));
#6293=DIRECTION('',(0.,0.,-1.));
#6294=DIRECTION('center_axis',(0.,-1.,0.));
#6295=DIRECTION('ref_axis',(-1.,0.,0.));
#6296=DIRECTION('center_axis',(1.,0.,0.));
#6297=DIRECTION('ref_axis',(0.,-1.,0.));
#6298=DIRECTION('',(0.,0.,-1.));
#6299=DIRECTION('',(0.,0.,-1.));
#6300=DIRECTION('center_axis',(0.,1.,0.));
#6301=DIRECTION('ref_axis',(1.,0.,0.));
#6302=DIRECTION('',(0.,0.,1.));
#6303=DIRECTION('center_axis',(0.,-1.,0.));
#6304=DIRECTION('ref_axis',(-1.,0.,0.));
#6305=DIRECTION('',(0.,0.,-1.));
#6306=DIRECTION('center_axis',(-1.,0.,0.));
#6307=DIRECTION('ref_axis',(0.,1.,0.));
#6308=DIRECTION('',(0.,0.,-1.));
#6309=DIRECTION('',(0.,0.,-1.));
#6310=DIRECTION('center_axis',(0.,-1.,0.));
#6311=DIRECTION('ref_axis',(-1.,0.,0.));
#6312=DIRECTION('',(0.,0.,1.));
#6313=DIRECTION('center_axis',(0.,1.,0.));
#6314=DIRECTION('ref_axis',(1.,0.,0.));
#6315=DIRECTION('',(0.,0.,-1.));
#6316=DIRECTION('center_axis',(1.,0.,0.));
#6317=DIRECTION('ref_axis',(0.,-1.,0.));
#6318=DIRECTION('',(0.,0.,-1.));
#6319=DIRECTION('',(0.,0.,-1.));
#6320=DIRECTION('center_axis',(0.,1.,0.));
#6321=DIRECTION('ref_axis',(1.,0.,0.));
#6322=DIRECTION('',(0.,0.,-1.));
#6323=DIRECTION('center_axis',(-1.,0.,0.));
#6324=DIRECTION('ref_axis',(0.,1.,0.));
#6325=DIRECTION('',(0.,0.,-1.));
#6326=DIRECTION('center_axis',(0.,-1.,0.));
#6327=DIRECTION('ref_axis',(-1.,0.,0.));
#6328=DIRECTION('center_axis',(-1.,0.,0.));
#6329=DIRECTION('ref_axis',(0.,-1.,0.));
#6330=DIRECTION('',(0.,0.,-1.));
#6331=DIRECTION('center_axis',(-1.,0.,0.));
#6332=DIRECTION('ref_axis',(0.,-1.,0.));
#6333=DIRECTION('center_axis',(-1.,0.,0.));
#6334=DIRECTION('ref_axis',(0.,-1.,0.));
#6335=DIRECTION('center_axis',(-1.,0.,0.));
#6336=DIRECTION('ref_axis',(0.,-1.,0.));
#6337=DIRECTION('center_axis',(-1.,0.,0.));
#6338=DIRECTION('ref_axis',(0.,-1.,0.));
#6339=DIRECTION('center_axis',(-1.,0.,0.));
#6340=DIRECTION('ref_axis',(0.,-1.,0.));
#6341=DIRECTION('center_axis',(-1.,0.,0.));
#6342=DIRECTION('ref_axis',(0.,-1.,0.));
#6343=DIRECTION('center_axis',(-1.,0.,0.));
#6344=DIRECTION('ref_axis',(0.,-1.,0.));
#6345=DIRECTION('center_axis',(-1.,0.,0.));
#6346=DIRECTION('ref_axis',(0.,-1.,0.));
#6347=DIRECTION('center_axis',(1.,0.,0.));
#6348=DIRECTION('ref_axis',(0.,1.,0.));
#6349=DIRECTION('',(0.,0.,1.));
#6350=DIRECTION('center_axis',(1.,0.,0.));
#6351=DIRECTION('ref_axis',(0.,1.,0.));
#6352=DIRECTION('center_axis',(1.,0.,0.));
#6353=DIRECTION('ref_axis',(0.,1.,0.));
#6354=DIRECTION('center_axis',(1.,0.,0.));
#6355=DIRECTION('ref_axis',(0.,1.,0.));
#6356=DIRECTION('center_axis',(1.,0.,0.));
#6357=DIRECTION('ref_axis',(0.,1.,0.));
#6358=DIRECTION('center_axis',(1.,0.,0.));
#6359=DIRECTION('ref_axis',(0.,1.,0.));
#6360=DIRECTION('center_axis',(1.,0.,0.));
#6361=DIRECTION('ref_axis',(0.,1.,0.));
#6362=DIRECTION('center_axis',(1.,0.,0.));
#6363=DIRECTION('ref_axis',(0.,1.,0.));
#6364=DIRECTION('center_axis',(1.,0.,0.));
#6365=DIRECTION('ref_axis',(0.,1.,0.));
#6366=DIRECTION('center_axis',(1.,0.,0.));
#6367=DIRECTION('ref_axis',(0.,-1.,0.));
#6368=DIRECTION('',(0.,0.,-1.));
#6369=DIRECTION('',(0.,0.,-1.));
#6370=DIRECTION('center_axis',(0.,1.,0.));
#6371=DIRECTION('ref_axis',(1.,0.,0.));
#6372=DIRECTION('',(0.,0.,-1.));
#6373=DIRECTION('center_axis',(-1.,0.,0.));
#6374=DIRECTION('ref_axis',(0.,1.,0.));
#6375=DIRECTION('',(0.,0.,-1.));
#6376=DIRECTION('center_axis',(0.,-1.,0.));
#6377=DIRECTION('ref_axis',(-1.,0.,0.));
#6378=DIRECTION('center_axis',(1.,0.,0.));
#6379=DIRECTION('ref_axis',(0.,-1.,0.));
#6380=DIRECTION('',(0.,0.,-1.));
#6381=DIRECTION('',(0.,0.,-1.));
#6382=DIRECTION('center_axis',(0.,1.,0.));
#6383=DIRECTION('ref_axis',(1.,0.,0.));
#6384=DIRECTION('',(0.,0.,-1.));
#6385=DIRECTION('center_axis',(-1.,0.,0.));
#6386=DIRECTION('ref_axis',(0.,1.,0.));
#6387=DIRECTION('',(0.,0.,-1.));
#6388=DIRECTION('center_axis',(0.,-1.,0.));
#6389=DIRECTION('ref_axis',(-1.,0.,0.));
#6390=DIRECTION('center_axis',(1.,0.,0.));
#6391=DIRECTION('ref_axis',(0.,-1.,0.));
#6392=DIRECTION('',(0.,0.,-1.));
#6393=DIRECTION('',(0.,0.,-1.));
#6394=DIRECTION('center_axis',(0.,1.,0.));
#6395=DIRECTION('ref_axis',(1.,0.,0.));
#6396=DIRECTION('',(0.,0.,-1.));
#6397=DIRECTION('center_axis',(-1.,0.,0.));
#6398=DIRECTION('ref_axis',(0.,1.,0.));
#6399=DIRECTION('',(0.,0.,-1.));
#6400=DIRECTION('center_axis',(0.,-1.,0.));
#6401=DIRECTION('ref_axis',(-1.,0.,0.));
#6402=DIRECTION('center_axis',(-1.,0.,0.));
#6403=DIRECTION('ref_axis',(0.,1.,0.));
#6404=DIRECTION('',(0.,0.,-1.));
#6405=DIRECTION('',(0.,0.,-1.));
#6406=DIRECTION('center_axis',(0.,-1.,0.));
#6407=DIRECTION('ref_axis',(-1.,0.,0.));
#6408=DIRECTION('center_axis',(0.,1.,0.));
#6409=DIRECTION('ref_axis',(1.,0.,0.));
#6410=DIRECTION('',(0.,0.,-1.));
#6411=DIRECTION('center_axis',(1.,0.,0.));
#6412=DIRECTION('ref_axis',(0.,-1.,0.));
#6413=DIRECTION('',(0.,0.,-1.));
#6414=DIRECTION('',(0.,0.,-1.));
#6415=DIRECTION('center_axis',(0.,1.,0.));
#6416=DIRECTION('ref_axis',(1.,0.,0.));
#6417=DIRECTION('',(0.,0.,1.));
#6418=DIRECTION('center_axis',(0.,-1.,0.));
#6419=DIRECTION('ref_axis',(-1.,0.,0.));
#6420=DIRECTION('center_axis',(1.,0.,0.));
#6421=DIRECTION('ref_axis',(0.,1.,0.));
#6422=DIRECTION('center_axis',(1.,0.,0.));
#6423=DIRECTION('ref_axis',(0.,1.,0.));
#6424=DIRECTION('center_axis',(-1.,0.,0.));
#6425=DIRECTION('ref_axis',(0.,-1.,0.));
#6426=DIRECTION('center_axis',(-1.,0.,0.));
#6427=DIRECTION('ref_axis',(0.,-1.,0.));
#6428=CARTESIAN_POINT('',(0.,0.,0.));
#6429=CARTESIAN_POINT('Origin',(34.,52.0000007748604,-2.5));
#6430=CARTESIAN_POINT('',(34.0000005215406,-15.9999992251396,10.));
#6431=CARTESIAN_POINT('',(34.,-16.0000002384186,0.));
#6432=CARTESIAN_POINT('',(34.,-16.0000002384186,1.25));
#6433=CARTESIAN_POINT('',(34.0000005215406,2.00000089406966,10.));
#6434=CARTESIAN_POINT('',(34.0000005215406,58.000000603497,10.));
#6435=CARTESIAN_POINT('',(34.0000005215406,2.00000089406966,0.));
#6436=CARTESIAN_POINT('',(34.,2.00000089406966,-2.5));
#6437=CARTESIAN_POINT('',(34.0000005215406,42.0000006258488,0.));
#6438=CARTESIAN_POINT('Origin',(35.0000005215406,2.00000089406966,-2.5));
#6439=CARTESIAN_POINT('',(-24.0000004470348,2.00000089406966,10.));
#6440=CARTESIAN_POINT('',(20.0000001676381,2.00000089406966,10.));
#6441=CARTESIAN_POINT('',(-24.0000004470348,2.00000089406966,0.));
#6442=CARTESIAN_POINT('',(-24.0000004470348,2.00000089406966,-2.5));
#6443=CARTESIAN_POINT('',(20.0000001676381,2.00000089406966,0.));
#6444=CARTESIAN_POINT('Origin',(-24.0000004470348,60.0000008940697,-2.5));
#6445=CARTESIAN_POINT('',(-24.000000372529,-16.0000002384186,0.));
#6446=CARTESIAN_POINT('',(-24.0000004470348,-15.9999992251396,10.));
#6447=CARTESIAN_POINT('',(-24.0000004470348,-16.0000002384186,1.25));
#6448=CARTESIAN_POINT('',(-24.000000372529,42.0000006258488,0.));
#6449=CARTESIAN_POINT('',(-24.0000004470348,52.0000005438924,10.));
#6450=CARTESIAN_POINT('Origin',(35.0000002533197,-16.0000002384186,5.));
#6451=CARTESIAN_POINT('',(-1.00000018626451,-16.0000002384186,0.));
#6452=CARTESIAN_POINT('',(-10.0000003166497,-16.0000002384186,10.));
#6453=CARTESIAN_POINT('Origin',(-30.000000372529,-29.0710671860167,12.5));
#6454=CARTESIAN_POINT('',(-25.,-26.0000003576279,5.65759190521571));
#6455=CARTESIAN_POINT('',(-25.,-29.0710671860167,5.));
#6456=CARTESIAN_POINT('Origin',(-25.,-29.0710671860167,12.5));
#6457=CARTESIAN_POINT('',(-23.0000003427267,-29.0710671860167,5.));
#6458=CARTESIAN_POINT('',(-30.000000372529,-29.0710671860167,5.));
#6459=CARTESIAN_POINT('',(-23.0000003427267,-28.0000004172325,5.07687289770638));
#6460=CARTESIAN_POINT('Origin',(-23.0000003427267,-29.0710671860167,12.5));
#6461=CARTESIAN_POINT('',(32.9999996572733,-28.0000004172325,5.07687289770638));
#6462=CARTESIAN_POINT('',(-30.000000372529,-28.0000004172325,5.07687289770638));
#6463=CARTESIAN_POINT('',(32.9999996572733,-29.0710671860167,5.));
#6464=CARTESIAN_POINT('Origin',(32.9999996572733,-29.0710671860167,12.5));
#6465=CARTESIAN_POINT('',(35.,-29.0710671860167,5.));
#6466=CARTESIAN_POINT('',(-30.000000372529,-29.0710671860167,5.));
#6467=CARTESIAN_POINT('',(35.,-26.0000003576279,5.65759190521571));
#6468=CARTESIAN_POINT('Origin',(35.,-29.0710671860167,12.5));
#6469=CARTESIAN_POINT('',(41.,-26.0000003576279,5.65759190521571));
#6470=CARTESIAN_POINT('',(-30.000000372529,-26.0000003576279,5.65759190521571));
#6471=CARTESIAN_POINT('',(41.,-21.9999993741513,10.));
#6472=CARTESIAN_POINT('Origin',(41.,-29.0710671860167,12.5));
#6473=CARTESIAN_POINT('',(-31.000000372529,-21.9999993741513,10.));
#6474=CARTESIAN_POINT('',(-30.000000372529,-21.9999993741513,10.));
#6475=CARTESIAN_POINT('',(-31.000000372529,-26.0000003576279,5.65759190521571));
#6476=CARTESIAN_POINT('Origin',(-31.000000372529,-29.0710671860167,12.5));
#6477=CARTESIAN_POINT('',(-30.000000372529,-26.0000003576279,5.65759190521571));
#6478=CARTESIAN_POINT('Origin',(5.,-60.,5.));
#6479=CARTESIAN_POINT('',(32.9999996572733,-30.0000004172325,5.));
#6480=CARTESIAN_POINT('',(32.9999996572733,-44.0000002086163,5.));
#6481=CARTESIAN_POINT('',(-23.0000003427267,-30.0000004172325,5.));
#6482=CARTESIAN_POINT('',(18.9999998286366,-30.0000004172325,5.));
#6483=CARTESIAN_POINT('',(-23.0000003427267,-45.0000002086163,5.));
#6484=CARTESIAN_POINT('',(-25.000000372529,-32.0000004768372,5.));
#6485=CARTESIAN_POINT('',(-25.,-145.,5.));
#6486=CARTESIAN_POINT('',(-7.00000010430813,-32.0000004768372,5.));
#6487=CARTESIAN_POINT('',(-10.0000001862645,-32.0000004768372,5.));
#6488=CARTESIAN_POINT('',(-7.00000010430813,-34.0000005066395,5.));
#6489=CARTESIAN_POINT('',(-7.00000010430813,-46.0000002384186,5.));
#6490=CARTESIAN_POINT('',(-25.000000372529,-34.0000005066395,5.));
#6491=CARTESIAN_POINT('',(-1.00000005215406,-34.0000005066395,5.));
#6492=CARTESIAN_POINT('',(-25.000000372529,-40.0000005960464,5.));
#6493=CARTESIAN_POINT('',(-25.,-145.,5.));
#6494=CARTESIAN_POINT('',(-7.00000037252903,-40.0000005356364,5.));
#6495=CARTESIAN_POINT('',(-10.0000002198257,-40.0000005457047,5.));
#6496=CARTESIAN_POINT('',(-7.0000003658168,-42.0000005356364,5.));
#6497=CARTESIAN_POINT('',(-7.00000033896787,-50.0000002879549,5.));
#6498=CARTESIAN_POINT('',(-25.0000003658168,-42.0000005960464,5.));
#6499=CARTESIAN_POINT('',(-1.00000021311344,-42.0000005154997,5.));
#6500=CARTESIAN_POINT('',(-25.000000372529,-48.0000007152557,5.));
#6501=CARTESIAN_POINT('',(-25.,-145.,5.));
#6502=CARTESIAN_POINT('',(-7.00000010430813,-48.0000007152557,5.));
#6503=CARTESIAN_POINT('',(-10.0000001862645,-48.0000007152557,5.));
#6504=CARTESIAN_POINT('',(-7.00000010430813,-50.0000007450581,5.));
#6505=CARTESIAN_POINT('',(-7.00000010430813,-54.0000003576279,5.));
#6506=CARTESIAN_POINT('',(-25.000000372529,-50.0000007450581,5.));
#6507=CARTESIAN_POINT('',(-1.00000005215406,-50.0000007450581,5.));
#6508=CARTESIAN_POINT('',(-25.000000372529,-56.000000834465,5.));
#6509=CARTESIAN_POINT('',(-25.,-145.,5.));
#6510=CARTESIAN_POINT('',(-7.00000037252903,-56.000000834465,5.));
#6511=CARTESIAN_POINT('',(-10.0000001862645,-56.000000834465,5.));
#6512=CARTESIAN_POINT('',(-7.00000037252903,-58.000000834465,5.));
#6513=CARTESIAN_POINT('',(-7.00000037252903,-58.0000004172325,5.));
#6514=CARTESIAN_POINT('',(-25.000000372529,-58.000000834465,5.));
#6515=CARTESIAN_POINT('',(-1.00000018626451,-58.000000834465,5.));
#6516=CARTESIAN_POINT('',(-25.000000372529,-64.0000009536743,5.));
#6517=CARTESIAN_POINT('',(-25.,-145.,5.));
#6518=CARTESIAN_POINT('',(-7.00000010430813,-64.0000009536743,5.));
#6519=CARTESIAN_POINT('',(-10.0000001862645,-64.0000009536743,5.));
#6520=CARTESIAN_POINT('',(-7.00000010430813,-66.0000009834766,5.));
#6521=CARTESIAN_POINT('',(-7.00000010430813,-62.0000004768372,5.));
#6522=CARTESIAN_POINT('',(-25.000000372529,-66.0000009834766,5.));
#6523=CARTESIAN_POINT('',(-1.00000005215406,-66.0000009834766,5.));
#6524=CARTESIAN_POINT('',(-25.000000372529,-72.0000010728836,5.));
#6525=CARTESIAN_POINT('',(-25.,-145.,5.));
#6526=CARTESIAN_POINT('',(-7.00000010430813,-72.0000010728836,5.));
#6527=CARTESIAN_POINT('',(-10.0000001862645,-72.0000010728836,5.));
#6528=CARTESIAN_POINT('',(-7.00000010430813,-74.0000011026859,5.));
#6529=CARTESIAN_POINT('',(-7.00000010430813,-66.0000005364418,5.));
#6530=CARTESIAN_POINT('',(-25.000000372529,-74.0000011026859,5.));
#6531=CARTESIAN_POINT('',(-1.00000005215406,-74.0000011026859,5.));
#6532=CARTESIAN_POINT('',(-25.000000372529,-80.0000011920929,5.));
#6533=CARTESIAN_POINT('',(-25.,-145.,5.));
#6534=CARTESIAN_POINT('',(-7.00000037252902,-80.0000011920929,5.));
#6535=CARTESIAN_POINT('',(-10.0000001862645,-80.0000011920929,5.));
#6536=CARTESIAN_POINT('',(-7.00000037252902,-82.0000012218952,5.));
#6537=CARTESIAN_POINT('',(-7.00000037252902,-70.0000005960464,5.));
#6538=CARTESIAN_POINT('',(-25.000000372529,-82.0000012218952,5.));
#6539=CARTESIAN_POINT('',(-1.00000018626451,-82.0000012218952,5.));
#6540=CARTESIAN_POINT('',(-25.000000372529,-88.0000013113022,5.));
#6541=CARTESIAN_POINT('',(-25.,-145.,5.));
#6542=CARTESIAN_POINT('',(-7.00000010430813,-88.0000013113022,5.));
#6543=CARTESIAN_POINT('',(-10.0000001862645,-88.0000013113022,5.));
#6544=CARTESIAN_POINT('',(-7.00000010430813,-90.0000013411045,5.));
#6545=CARTESIAN_POINT('',(-7.00000010430813,-74.0000006556511,5.));
#6546=CARTESIAN_POINT('',(-25.000000372529,-90.0000013411045,5.));
#6547=CARTESIAN_POINT('',(-1.00000005215406,-90.0000013411045,5.));
#6548=CARTESIAN_POINT('',(-25.000000372529,-96.0000014305115,5.));
#6549=CARTESIAN_POINT('',(-25.,-145.,5.));
#6550=CARTESIAN_POINT('',(-7.00000010430813,-96.0000014305115,5.));
#6551=CARTESIAN_POINT('',(-10.0000001862645,-96.0000014305115,5.));
#6552=CARTESIAN_POINT('',(-7.00000010430813,-98.0000014603138,5.));
#6553=CARTESIAN_POINT('',(-7.00000010430813,-78.0000007152557,5.));
#6554=CARTESIAN_POINT('',(-25.000000372529,-98.0000014603138,5.));
#6555=CARTESIAN_POINT('',(-1.00000005215406,-98.0000014603138,5.));
#6556=CARTESIAN_POINT('',(-25.000000372529,-104.000001549721,5.));
#6557=CARTESIAN_POINT('',(-25.,-145.,5.));
#6558=CARTESIAN_POINT('',(-7.00000010430813,-104.000001549721,5.));
#6559=CARTESIAN_POINT('',(-10.0000001862645,-104.000001549721,5.));
#6560=CARTESIAN_POINT('',(-7.00000010430813,-106.000001549721,5.));
#6561=CARTESIAN_POINT('',(-7.00000010430813,-82.0000007748604,5.));
#6562=CARTESIAN_POINT('',(-25.000000372529,-106.000001549721,5.));
#6563=CARTESIAN_POINT('',(-1.00000005215406,-106.000001549721,5.));
#6564=CARTESIAN_POINT('',(-25.000000372529,-112.00000166893,5.));
#6565=CARTESIAN_POINT('',(-25.,-145.,5.));
#6566=CARTESIAN_POINT('',(-7.00000010430813,-112.00000166893,5.));
#6567=CARTESIAN_POINT('',(-10.0000001862645,-112.00000166893,5.));
#6568=CARTESIAN_POINT('',(-7.00000010430813,-114.000001698732,5.));
#6569=CARTESIAN_POINT('',(-7.00000010430813,-86.000000834465,5.));
#6570=CARTESIAN_POINT('',(-25.000000372529,-114.000001698732,5.));
#6571=CARTESIAN_POINT('',(-1.00000005215406,-114.000001698732,5.));
#6572=CARTESIAN_POINT('',(-25.000000372529,-120.000001788139,5.));
#6573=CARTESIAN_POINT('',(-25.,-145.,5.));
#6574=CARTESIAN_POINT('',(-7.00000037252902,-120.000001788139,5.));
#6575=CARTESIAN_POINT('',(-10.0000001862645,-120.000001788139,5.));
#6576=CARTESIAN_POINT('',(-7.00000037252902,-122.000001817942,5.));
#6577=CARTESIAN_POINT('',(-7.00000037252902,-90.0000008940697,5.));
#6578=CARTESIAN_POINT('',(-25.000000372529,-122.000001817942,5.));
#6579=CARTESIAN_POINT('',(-1.00000018626451,-122.000001817942,5.));
#6580=CARTESIAN_POINT('',(-25.000000372529,-148.000001907349,5.));
#6581=CARTESIAN_POINT('',(-25.000000372529,-128.000001907349,5.));
#6582=CARTESIAN_POINT('',(35.0000005215406,-148.000001907349,5.));
#6583=CARTESIAN_POINT('',(-10.,-148.,5.));
#6584=CARTESIAN_POINT('',(35.0000001909111,-122.000001817942,5.));
#6585=CARTESIAN_POINT('',(35.,25.,5.));
#6586=CARTESIAN_POINT('',(17.0000002533197,-122.000001817942,5.));
#6587=CARTESIAN_POINT('',(20.0000000954556,-122.000001817942,5.));
#6588=CARTESIAN_POINT('',(17.0000002533197,-120.000001788139,5.));
#6589=CARTESIAN_POINT('',(17.0000002533197,-91.0000009089708,5.));
#6590=CARTESIAN_POINT('',(35.0000001909111,-120.000001788139,5.));
#6591=CARTESIAN_POINT('',(11.0000001266599,-120.000001788139,5.));
#6592=CARTESIAN_POINT('',(35.0000002533197,-114.000001698732,5.));
#6593=CARTESIAN_POINT('',(35.,25.,5.));
#6594=CARTESIAN_POINT('',(17.0000002533197,-114.000001698732,5.));
#6595=CARTESIAN_POINT('',(20.0000001266599,-114.000001698732,5.));
#6596=CARTESIAN_POINT('',(17.0000002533197,-112.00000166893,5.));
#6597=CARTESIAN_POINT('',(17.0000002533197,-87.0000008493662,5.));
#6598=CARTESIAN_POINT('',(35.0000002533197,-112.00000166893,5.));
#6599=CARTESIAN_POINT('',(11.0000001266599,-112.00000166893,5.));
#6600=CARTESIAN_POINT('',(35.0000002533197,-106.000001549721,5.));
#6601=CARTESIAN_POINT('',(35.,25.,5.));
#6602=CARTESIAN_POINT('',(17.0000002533197,-106.000001549721,5.));
#6603=CARTESIAN_POINT('',(20.0000001266599,-106.000001549721,5.));
#6604=CARTESIAN_POINT('',(17.0000002533197,-104.000001549721,5.));
#6605=CARTESIAN_POINT('',(17.0000002533197,-83.0000007748604,5.));
#6606=CARTESIAN_POINT('',(35.0000002533197,-104.000001549721,5.));
#6607=CARTESIAN_POINT('',(11.0000001266599,-104.000001549721,5.));
#6608=CARTESIAN_POINT('',(35.0000005215406,-98.0000014603138,5.));
#6609=CARTESIAN_POINT('',(35.,25.,5.));
#6610=CARTESIAN_POINT('',(17.0000002533197,-98.0000014603138,5.));
#6611=CARTESIAN_POINT('',(20.0000002607703,-98.0000014603138,5.));
#6612=CARTESIAN_POINT('',(17.0000002533197,-96.0000014305115,5.));
#6613=CARTESIAN_POINT('',(17.0000002533197,-79.0000007301569,5.));
#6614=CARTESIAN_POINT('',(35.0000005215406,-96.0000014305115,5.));
#6615=CARTESIAN_POINT('',(11.0000001266599,-96.0000014305115,5.));
#6616=CARTESIAN_POINT('',(35.0000005215406,-90.0000013411045,5.));
#6617=CARTESIAN_POINT('',(35.,25.,5.));
#6618=CARTESIAN_POINT('',(17.0000002533197,-90.0000013411045,5.));
#6619=CARTESIAN_POINT('',(20.0000002607703,-90.0000013411045,5.));
#6620=CARTESIAN_POINT('',(17.0000002533197,-88.0000013113022,5.));
#6621=CARTESIAN_POINT('',(17.0000002533197,-75.0000006705523,5.));
#6622=CARTESIAN_POINT('',(35.0000005215406,-88.0000013113022,5.));
#6623=CARTESIAN_POINT('',(11.0000001266599,-88.0000013113022,5.));
#6624=CARTESIAN_POINT('',(35.0000005215406,-82.0000012218952,5.));
#6625=CARTESIAN_POINT('',(35.,25.,5.));
#6626=CARTESIAN_POINT('',(17.0000002533197,-82.0000012218952,5.));
#6627=CARTESIAN_POINT('',(20.0000002607703,-82.0000012218952,5.));
#6628=CARTESIAN_POINT('',(17.0000002533197,-80.0000011920929,5.));
#6629=CARTESIAN_POINT('',(17.0000002533197,-71.0000006109476,5.));
#6630=CARTESIAN_POINT('',(35.0000005215406,-80.0000011920929,5.));
#6631=CARTESIAN_POINT('',(11.0000001266599,-80.0000011920929,5.));
#6632=CARTESIAN_POINT('',(35.0000005215406,-74.0000011026859,5.));
#6633=CARTESIAN_POINT('',(35.,25.,5.));
#6634=CARTESIAN_POINT('',(17.0000002533197,-74.0000011026859,5.));
#6635=CARTESIAN_POINT('',(20.0000002607703,-74.0000011026859,5.));
#6636=CARTESIAN_POINT('',(17.0000002533197,-72.0000010728836,5.));
#6637=CARTESIAN_POINT('',(17.0000002533197,-67.000000551343,5.));
#6638=CARTESIAN_POINT('',(35.0000005215406,-72.0000010728836,5.));
#6639=CARTESIAN_POINT('',(11.0000001266599,-72.0000010728836,5.));
#6640=CARTESIAN_POINT('',(35.0000001812075,-66.0000009834766,5.));
#6641=CARTESIAN_POINT('',(35.,25.,5.));
#6642=CARTESIAN_POINT('',(17.0000002533197,-66.0000009834766,5.));
#6643=CARTESIAN_POINT('',(20.0000000906038,-66.0000009834766,5.));
#6644=CARTESIAN_POINT('',(17.0000002533197,-64.0000009536743,5.));
#6645=CARTESIAN_POINT('',(17.0000002533197,-63.0000004917383,5.));
#6646=CARTESIAN_POINT('',(35.0000001812075,-64.0000009536743,5.));
#6647=CARTESIAN_POINT('',(11.0000001266599,-64.0000009536743,5.));
#6648=CARTESIAN_POINT('',(35.0000002067864,-58.000000774055,5.));
#6649=CARTESIAN_POINT('',(35.,25.,5.));
#6650=CARTESIAN_POINT('',(17.0000002667442,-58.000000834465,5.));
#6651=CARTESIAN_POINT('',(20.0000001000371,-58.0000008243967,5.));
#6652=CARTESIAN_POINT('',(17.000000260032,-56.000000834465,5.));
#6653=CARTESIAN_POINT('',(17.0000002701003,-59.0000003970958,5.));
#6654=CARTESIAN_POINT('',(35.0000002000741,-56.000000774055,5.));
#6655=CARTESIAN_POINT('',(11.0000001233038,-56.0000008546017,5.));
#6656=CARTESIAN_POINT('',(35.000000260032,-50.0000006548457,5.));
#6657=CARTESIAN_POINT('',(35.,25.,5.));
#6658=CARTESIAN_POINT('',(17.000000260032,-50.0000007152557,5.));
#6659=CARTESIAN_POINT('',(20.0000001132354,-50.0000007051874,5.));
#6660=CARTESIAN_POINT('',(17.0000002533197,-48.0000007152557,5.));
#6661=CARTESIAN_POINT('',(17.0000002768125,-55.0000003374912,5.));
#6662=CARTESIAN_POINT('',(35.0000002533197,-48.0000006548457,5.));
#6663=CARTESIAN_POINT('',(11.0000001065232,-48.0000007353924,5.));
#6664=CARTESIAN_POINT('',(35.0000002533197,-42.0000006258488,5.));
#6665=CARTESIAN_POINT('',(35.,25.,5.));
#6666=CARTESIAN_POINT('',(17.0000002533197,-42.0000006258488,5.));
#6667=CARTESIAN_POINT('',(20.0000001266599,-42.0000006258488,5.));
#6668=CARTESIAN_POINT('',(17.0000002533197,-40.0000005960464,5.));
#6669=CARTESIAN_POINT('',(17.0000002533197,-51.0000003129244,5.));
#6670=CARTESIAN_POINT('',(35.0000002533197,-40.0000005960464,5.));
#6671=CARTESIAN_POINT('',(11.0000001266599,-40.0000005960464,5.));
#6672=CARTESIAN_POINT('',(35.0000002533197,-34.0000004768372,5.));
#6673=CARTESIAN_POINT('',(35.,25.,5.));
#6674=CARTESIAN_POINT('',(17.0000002533197,-34.0000004768372,5.));
#6675=CARTESIAN_POINT('',(20.0000001266599,-34.0000004768372,5.));
#6676=CARTESIAN_POINT('',(17.0000002533197,-32.0000004768372,5.));
#6677=CARTESIAN_POINT('',(17.0000002533197,-47.0000002384186,5.));
#6678=CARTESIAN_POINT('',(35.0000002533197,-32.0000004768372,5.));
#6679=CARTESIAN_POINT('',(11.0000001266599,-32.0000004768372,5.));
#6680=CARTESIAN_POINT('',(35.,25.,5.));
#6681=CARTESIAN_POINT('',(-4.00000005960464,-129.980001937151,5.));
#6682=CARTESIAN_POINT('',(-4.00000005960464,-128.000001907349,5.));
#6683=CARTESIAN_POINT('',(-4.00000005960464,-94.0000009536743,5.));
#6684=CARTESIAN_POINT('',(14.0000002086163,-128.000001907349,5.));
#6685=CARTESIAN_POINT('',(9.50000010430813,-128.000001907349,5.));
#6686=CARTESIAN_POINT('',(14.0000002086163,-129.980001937151,5.));
#6687=CARTESIAN_POINT('',(14.0000002086163,-95.0000009685755,5.));
#6688=CARTESIAN_POINT('',(0.499999970197678,-129.980001937151,5.));
#6689=CARTESIAN_POINT('',(-4.00000005960464,-137.98000205636,5.));
#6690=CARTESIAN_POINT('',(-4.00000005960464,-136.000002026558,5.));
#6691=CARTESIAN_POINT('',(-4.00000005960464,-98.000001013279,5.));
#6692=CARTESIAN_POINT('',(14.0000002086163,-136.000002026558,5.));
#6693=CARTESIAN_POINT('',(9.50000010430813,-136.000002026558,5.));
#6694=CARTESIAN_POINT('',(14.0000002086163,-137.98000205636,5.));
#6695=CARTESIAN_POINT('',(14.0000002086163,-99.0000010281801,5.));
#6696=CARTESIAN_POINT('',(0.499999970197678,-137.98000205636,5.));
#6697=CARTESIAN_POINT('',(-23.0000003427267,-126.000001877546,5.));
#6698=CARTESIAN_POINT('',(-23.0000003427267,-124.000001847744,5.));
#6699=CARTESIAN_POINT('',(-23.0000003427267,-93.0000009387732,5.));
#6700=CARTESIAN_POINT('',(33.0000004917383,-124.000001847744,5.));
#6701=CARTESIAN_POINT('',(-9.00000017136335,-124.000001847744,5.));
#6702=CARTESIAN_POINT('',(33.0000004917383,-126.000001877546,5.));
#6703=CARTESIAN_POINT('',(33.0000004917383,-92.000000923872,5.));
#6704=CARTESIAN_POINT('',(19.0000002458692,-126.000001877546,5.));
#6705=CARTESIAN_POINT('',(-4.00000005960464,-122.000001817942,5.));
#6706=CARTESIAN_POINT('',(-4.00000005960464,-120.000001788139,5.));
#6707=CARTESIAN_POINT('',(-4.00000005960464,-91.0000009089708,5.));
#6708=CARTESIAN_POINT('',(14.0000002086163,-120.000001788139,5.));
#6709=CARTESIAN_POINT('',(0.499999970197678,-120.000001788139,5.));
#6710=CARTESIAN_POINT('',(14.0000002086163,-122.000001817942,5.));
#6711=CARTESIAN_POINT('',(14.0000002086163,-90.0000008940697,5.));
#6712=CARTESIAN_POINT('',(9.50000010430813,-122.000001817942,5.));
#6713=CARTESIAN_POINT('',(-23.0000003427267,-38.0000005662441,5.));
#6714=CARTESIAN_POINT('',(-23.0000003427267,-36.0000005364418,5.));
#6715=CARTESIAN_POINT('',(-23.0000003427267,-49.0000002831221,5.));
#6716=CARTESIAN_POINT('',(32.9999996572733,-36.0000005364418,5.));
#6717=CARTESIAN_POINT('',(-9.00000017136335,-36.0000005364418,5.));
#6718=CARTESIAN_POINT('',(32.9999996572733,-38.0000005662441,5.));
#6719=CARTESIAN_POINT('',(32.9999996572733,-48.0000002682209,5.));
#6720=CARTESIAN_POINT('',(18.9999998286366,-38.0000005662441,5.));
#6721=CARTESIAN_POINT('',(-4.00000005960464,-34.0000004768372,5.));
#6722=CARTESIAN_POINT('',(-4.00000005960464,-32.0000004768372,5.));
#6723=CARTESIAN_POINT('',(-4.00000005960464,-47.0000002384186,5.));
#6724=CARTESIAN_POINT('',(13.9999999403954,-32.0000004768372,5.));
#6725=CARTESIAN_POINT('',(0.499999970197678,-32.0000004768372,5.));
#6726=CARTESIAN_POINT('',(13.9999999403954,-34.0000004768372,5.));
#6727=CARTESIAN_POINT('',(13.9999999403954,-46.0000002384186,5.));
#6728=CARTESIAN_POINT('',(9.49999997019768,-34.0000004768372,5.));
#6729=CARTESIAN_POINT('',(-4.00000005960464,-58.000000834465,5.));
#6730=CARTESIAN_POINT('',(-4.00000005960464,-56.000000834465,5.));
#6731=CARTESIAN_POINT('',(-4.00000005960464,-59.0000004172325,5.));
#6732=CARTESIAN_POINT('',(13.9999999403954,-56.000000834465,5.));
#6733=CARTESIAN_POINT('',(0.499999970197678,-56.000000834465,5.));
#6734=CARTESIAN_POINT('',(13.9999999403954,-58.000000834465,5.));
#6735=CARTESIAN_POINT('',(13.9999999403954,-58.0000004172325,5.));
#6736=CARTESIAN_POINT('',(9.49999997019768,-58.000000834465,5.));
#6737=CARTESIAN_POINT('',(-23.0000003427267,-86.0000012814999,5.));
#6738=CARTESIAN_POINT('',(-23.0000003427267,-84.0000012516975,5.));
#6739=CARTESIAN_POINT('',(-23.0000003427267,-73.0000006407499,5.));
#6740=CARTESIAN_POINT('',(32.9999996572733,-84.0000012516975,5.));
#6741=CARTESIAN_POINT('',(-9.00000017136335,-84.0000012516975,5.));
#6742=CARTESIAN_POINT('',(32.9999996572733,-86.0000012814999,5.));
#6743=CARTESIAN_POINT('',(32.9999996572733,-72.0000006258488,5.));
#6744=CARTESIAN_POINT('',(18.9999998286366,-86.0000012814999,5.));
#6745=CARTESIAN_POINT('',(-23.0000003351033,-46.2714999134183,5.));
#6746=CARTESIAN_POINT('',(-23.0000003427267,-44.0000006556511,5.));
#6747=CARTESIAN_POINT('',(-23.0000003120661,-53.1357500036948,5.));
#6748=CARTESIAN_POINT('',(32.9999996572733,-44.0000004677086,5.));
#6749=CARTESIAN_POINT('',(-9.00000019821227,-44.0000006086655,5.));
#6750=CARTESIAN_POINT('',(32.9999996648967,-46.2714997254758,5.));
#6751=CARTESIAN_POINT('',(32.9999996841222,-52.0000001868687,5.));
#6752=CARTESIAN_POINT('',(18.9999998094111,-46.2714997724614,5.));
#6753=CARTESIAN_POINT('',(-4.00000005960464,-98.0000014603138,5.));
#6754=CARTESIAN_POINT('',(-4.00000005960464,-96.0000014305115,5.));
#6755=CARTESIAN_POINT('',(-4.00000005960464,-79.0000007301569,5.));
#6756=CARTESIAN_POINT('',(14.0000002086163,-96.0000014305115,5.));
#6757=CARTESIAN_POINT('',(0.499999970197678,-96.0000014305115,5.));
#6758=CARTESIAN_POINT('',(14.0000002086163,-98.0000014603138,5.));
#6759=CARTESIAN_POINT('',(14.0000002086163,-78.0000007152557,5.));
#6760=CARTESIAN_POINT('',(9.50000010430813,-98.0000014603138,5.));
#6761=CARTESIAN_POINT('',(-4.00000005960464,-114.000001698732,5.));
#6762=CARTESIAN_POINT('',(-4.00000005960464,-112.00000166893,5.));
#6763=CARTESIAN_POINT('',(-4.00000005960464,-87.0000008493662,5.));
#6764=CARTESIAN_POINT('',(13.9999999403954,-112.00000166893,5.));
#6765=CARTESIAN_POINT('',(0.499999970197678,-112.00000166893,5.));
#6766=CARTESIAN_POINT('',(13.9999999403954,-114.000001698732,5.));
#6767=CARTESIAN_POINT('',(13.9999999403954,-86.000000834465,5.));
#6768=CARTESIAN_POINT('',(9.49999997019768,-114.000001698732,5.));
#6769=CARTESIAN_POINT('',(-23.0000003427267,-110.000001639128,5.));
#6770=CARTESIAN_POINT('',(-23.0000003427267,-108.000001609325,5.));
#6771=CARTESIAN_POINT('',(-23.0000003427267,-85.0000008195639,5.));
#6772=CARTESIAN_POINT('',(32.9999996572733,-108.000001609325,5.));
#6773=CARTESIAN_POINT('',(-9.00000017136335,-108.000001609325,5.));
#6774=CARTESIAN_POINT('',(32.9999996572733,-110.000001639128,5.));
#6775=CARTESIAN_POINT('',(32.9999996572733,-84.0000008046627,5.));
#6776=CARTESIAN_POINT('',(18.9999998286366,-110.000001639128,5.));
#6777=CARTESIAN_POINT('',(-23.0000003427267,-70.0000010430813,5.));
#6778=CARTESIAN_POINT('',(-23.0000003427267,-68.000001013279,5.));
#6779=CARTESIAN_POINT('',(-23.0000003427267,-65.0000005215406,5.));
#6780=CARTESIAN_POINT('',(32.9999996572733,-68.000001013279,5.));
#6781=CARTESIAN_POINT('',(-9.00000017136335,-68.000001013279,5.));
#6782=CARTESIAN_POINT('',(32.9999996572733,-70.0000010430813,5.));
#6783=CARTESIAN_POINT('',(32.9999996572733,-64.0000005066395,5.));
#6784=CARTESIAN_POINT('',(18.9999998286366,-70.0000010430813,5.));
#6785=CARTESIAN_POINT('',(-4.00000005960464,-42.0000006258488,5.));
#6786=CARTESIAN_POINT('',(-4.00000005960464,-40.0000005960464,5.));
#6787=CARTESIAN_POINT('',(-4.00000005960464,-51.0000003129244,5.));
#6788=CARTESIAN_POINT('',(13.9999999403954,-40.0000005960464,5.));
#6789=CARTESIAN_POINT('',(0.499999970197678,-40.0000005960464,5.));
#6790=CARTESIAN_POINT('',(13.9999999403954,-42.0000006258488,5.));
#6791=CARTESIAN_POINT('',(13.9999999403954,-50.0000002980232,5.));
#6792=CARTESIAN_POINT('',(9.49999997019768,-42.0000006258488,5.));
#6793=CARTESIAN_POINT('',(-4.00000005960464,-82.0000012218952,5.));
#6794=CARTESIAN_POINT('',(-4.00000005960464,-80.0000011920929,5.));
#6795=CARTESIAN_POINT('',(-4.00000005960464,-71.0000006109476,5.));
#6796=CARTESIAN_POINT('',(14.0000002086163,-80.0000011920929,5.));
#6797=CARTESIAN_POINT('',(0.499999970197678,-80.0000011920929,5.));
#6798=CARTESIAN_POINT('',(14.0000002086163,-82.0000012218952,5.));
#6799=CARTESIAN_POINT('',(14.0000002086163,-70.0000005960464,5.));
#6800=CARTESIAN_POINT('',(9.50000010430813,-82.0000012218952,5.));
#6801=CARTESIAN_POINT('',(33.0000004917383,-116.000001728535,5.));
#6802=CARTESIAN_POINT('',(33.0000004917383,-118.000001758337,5.));
#6803=CARTESIAN_POINT('',(33.0000004917383,-88.0000008642673,5.));
#6804=CARTESIAN_POINT('',(-23.0000003427267,-118.000001758337,5.));
#6805=CARTESIAN_POINT('',(19.0000002458692,-118.000001758337,5.));
#6806=CARTESIAN_POINT('',(-23.0000003427267,-116.000001728535,5.));
#6807=CARTESIAN_POINT('',(-23.0000003427267,-89.0000008791685,5.));
#6808=CARTESIAN_POINT('',(-9.00000017136335,-116.000001728535,5.));
#6809=CARTESIAN_POINT('',(-23.0000003427267,-62.000000923872,5.));
#6810=CARTESIAN_POINT('',(-23.0000003427267,-60.0000008940697,5.));
#6811=CARTESIAN_POINT('',(-23.0000003427267,-61.000000461936,5.));
#6812=CARTESIAN_POINT('',(32.9999996572733,-60.0000008940697,5.));
#6813=CARTESIAN_POINT('',(-9.00000017136335,-60.0000008940697,5.));
#6814=CARTESIAN_POINT('',(32.9999996572733,-62.000000923872,5.));
#6815=CARTESIAN_POINT('',(32.9999996572733,-60.0000004470348,5.));
#6816=CARTESIAN_POINT('',(18.9999998286366,-62.000000923872,5.));
#6817=CARTESIAN_POINT('',(-4.00000005960464,-74.0000011026859,5.));
#6818=CARTESIAN_POINT('',(-4.00000005960464,-72.0000010728836,5.));
#6819=CARTESIAN_POINT('',(-4.00000005960464,-67.000000551343,5.));
#6820=CARTESIAN_POINT('',(14.0000002086163,-72.0000010728836,5.));
#6821=CARTESIAN_POINT('',(0.499999970197678,-72.0000010728836,5.));
#6822=CARTESIAN_POINT('',(14.0000002086163,-74.0000011026859,5.));
#6823=CARTESIAN_POINT('',(14.0000002086163,-66.0000005364418,5.));
#6824=CARTESIAN_POINT('',(9.50000010430813,-74.0000011026859,5.));
#6825=CARTESIAN_POINT('',(-4.00000005960464,-90.0000013411045,5.));
#6826=CARTESIAN_POINT('',(-4.00000005960464,-88.0000013113022,5.));
#6827=CARTESIAN_POINT('',(-4.00000005960464,-75.0000006705523,5.));
#6828=CARTESIAN_POINT('',(14.0000002086163,-88.0000013113022,5.));
#6829=CARTESIAN_POINT('',(0.499999970197678,-88.0000013113022,5.));
#6830=CARTESIAN_POINT('',(14.0000002086163,-90.0000013411045,5.));
#6831=CARTESIAN_POINT('',(14.0000002086163,-74.0000006556511,5.));
#6832=CARTESIAN_POINT('',(9.50000010430813,-90.0000013411045,5.));
#6833=CARTESIAN_POINT('',(-4.00000005289241,-50.0000007152557,5.));
#6834=CARTESIAN_POINT('',(-4.00000005960464,-48.0000007152557,5.));
#6835=CARTESIAN_POINT('',(-4.00000003611184,-55.0000003727304,5.));
#6836=CARTESIAN_POINT('',(13.9999999403954,-48.0000006548457,5.));
#6837=CARTESIAN_POINT('',(0.499999950060989,-48.0000007001532,5.));
#6838=CARTESIAN_POINT('',(13.9999999471076,-50.0000006548457,5.));
#6839=CARTESIAN_POINT('',(13.9999999605321,-54.0000003123203,5.));
#6840=CARTESIAN_POINT('',(9.49999995677322,-50.0000006699482,5.));
#6841=CARTESIAN_POINT('',(-23.0000003427267,-102.000001519918,5.));
#6842=CARTESIAN_POINT('',(-23.0000003427267,-100.000001490116,5.));
#6843=CARTESIAN_POINT('',(-23.0000003427267,-81.0000007599592,5.));
#6844=CARTESIAN_POINT('',(32.9874387573491,-100.000001490116,5.));
#6845=CARTESIAN_POINT('',(-9.00000017136335,-100.000001490116,5.));
#6846=CARTESIAN_POINT('',(32.9874387573491,-102.000001519918,5.));
#6847=CARTESIAN_POINT('',(32.9874387573491,-80.0000007450581,5.));
#6848=CARTESIAN_POINT('',(18.9937193786745,-102.000001519918,5.));
#6849=CARTESIAN_POINT('',(-4.00000005960464,-106.000001549721,5.));
#6850=CARTESIAN_POINT('',(-4.00000005960464,-104.000001549721,5.));
#6851=CARTESIAN_POINT('',(-4.00000005960464,-83.0000007748604,5.));
#6852=CARTESIAN_POINT('',(14.0000002086163,-104.000001549721,5.));
#6853=CARTESIAN_POINT('',(0.499999970197678,-104.000001549721,5.));
#6854=CARTESIAN_POINT('',(14.0000002086163,-106.000001549721,5.));
#6855=CARTESIAN_POINT('',(14.0000002086163,-82.0000007748604,5.));
#6856=CARTESIAN_POINT('',(9.50000010430813,-106.000001549721,5.));
#6857=CARTESIAN_POINT('',(-4.00000005960464,-66.0000009834766,5.));
#6858=CARTESIAN_POINT('',(-4.00000005960464,-64.0000009536743,5.));
#6859=CARTESIAN_POINT('',(-4.00000005960464,-63.0000004917383,5.));
#6860=CARTESIAN_POINT('',(14.0000002086163,-64.0000009536743,5.));
#6861=CARTESIAN_POINT('',(0.499999970197678,-64.0000009536743,5.));
#6862=CARTESIAN_POINT('',(14.0000002086163,-66.0000009834766,5.));
#6863=CARTESIAN_POINT('',(14.0000002086163,-62.0000004768372,5.));
#6864=CARTESIAN_POINT('',(9.50000010430813,-66.0000009834766,5.));
#6865=CARTESIAN_POINT('',(-23.0000003360145,-54.0000007748604,5.));
#6866=CARTESIAN_POINT('',(-23.0000003427267,-52.0000007748604,5.));
#6867=CARTESIAN_POINT('',(-23.0000003259461,-57.0000004344158,5.));
#6868=CARTESIAN_POINT('',(32.9999996572733,-52.0000005869179,5.));
#6869=CARTESIAN_POINT('',(-9.00000018478781,-52.0000007278748,5.));
#6870=CARTESIAN_POINT('',(32.9999996639855,-54.0000005869179,5.));
#6871=CARTESIAN_POINT('',(32.9999996706977,-56.0000002464733,5.));
#6872=CARTESIAN_POINT('',(18.9999998219244,-54.0000006339035,5.));
#6873=CARTESIAN_POINT('',(33.0000004917383,-94.0000014007092,5.));
#6874=CARTESIAN_POINT('',(-22.9999995082617,-94.0000014007092,5.));
#6875=CARTESIAN_POINT('',(19.0000002458692,-94.0000014007092,5.));
#6876=CARTESIAN_POINT('',(-22.9999995082617,-92.0000013709068,5.));
#6877=CARTESIAN_POINT('',(-22.9999995082617,-77.0000007003546,5.));
#6878=CARTESIAN_POINT('',(33.0000004917383,-92.0000013709068,5.));
#6879=CARTESIAN_POINT('',(-8.99999975413084,-92.0000013709068,5.));
#6880=CARTESIAN_POINT('',(33.0000004917383,-76.0000006854534,5.));
#6881=CARTESIAN_POINT('',(-23.0000003427267,-78.0000011324883,5.));
#6882=CARTESIAN_POINT('',(-23.0000003427267,-76.0000011324883,5.));
#6883=CARTESIAN_POINT('',(-23.0000003427267,-69.0000005662441,5.));
#6884=CARTESIAN_POINT('',(32.9999996572733,-76.0000011324883,5.));
#6885=CARTESIAN_POINT('',(-9.00000017136335,-76.0000011324883,5.));
#6886=CARTESIAN_POINT('',(32.9999996572733,-78.0000011324883,5.));
#6887=CARTESIAN_POINT('',(32.9999996572733,-68.0000005662441,5.));
#6888=CARTESIAN_POINT('',(18.9999998286366,-78.0000011324883,5.));
#6889=CARTESIAN_POINT('',(-23.0000003427267,-141.980002115965,5.));
#6890=CARTESIAN_POINT('',(-23.0000003427267,-140.000002086163,5.));
#6891=CARTESIAN_POINT('',(-23.0000003427267,-100.000001043081,5.));
#6892=CARTESIAN_POINT('',(33.0000004917383,-140.000002086163,5.));
#6893=CARTESIAN_POINT('',(19.0000002458692,-140.000002086163,5.));
#6894=CARTESIAN_POINT('',(33.0000004917383,-141.980002115965,5.));
#6895=CARTESIAN_POINT('',(33.0000004917383,-101.000001057982,5.));
#6896=CARTESIAN_POINT('',(-9.00000017136335,-141.980002115965,5.));
#6897=CARTESIAN_POINT('',(-23.0000003427267,-133.980001996756,5.));
#6898=CARTESIAN_POINT('',(-23.0000003427267,-132.000001966953,5.));
#6899=CARTESIAN_POINT('',(-23.0000003427267,-96.0000009834766,5.));
#6900=CARTESIAN_POINT('',(33.0000004917383,-132.000001966953,5.));
#6901=CARTESIAN_POINT('',(19.0000002458692,-132.000001966953,5.));
#6902=CARTESIAN_POINT('',(33.0000004917383,-133.980001996756,5.));
#6903=CARTESIAN_POINT('',(33.0000004917383,-97.0000009983778,5.));
#6904=CARTESIAN_POINT('',(-9.00000017136335,-133.980001996756,5.));
#6905=CARTESIAN_POINT('',(-4.00000024400657,-145.980003851949,5.));
#6906=CARTESIAN_POINT('',(-4.00000005960464,-144.000002145767,5.));
#6907=CARTESIAN_POINT('',(-3.99999614805193,-102.000000653789,5.));
#6908=CARTESIAN_POINT('',(14.0000003948805,-144.000003822147,5.));
#6909=CARTESIAN_POINT('',(9.49999628588756,-144.000003403052,5.));
#6910=CARTESIAN_POINT('',(14.0000002104786,-145.980005528329,5.));
#6911=CARTESIAN_POINT('',(14.000004213301,-103.00000318326,5.));
#6912=CARTESIAN_POINT('',(0.499995874243053,-145.980004271044,5.));
#6913=CARTESIAN_POINT('Origin',(17.0000002533197,-26.0000003576279,5.));
#6914=CARTESIAN_POINT('',(35.,-26.0000003576279,0.));
#6915=CARTESIAN_POINT('',(35.,-26.0000003576279,2.5));
#6916=CARTESIAN_POINT('',(41.,-26.0000003576279,0.));
#6917=CARTESIAN_POINT('',(11.0000001266599,-26.0000003576279,0.));
#6918=CARTESIAN_POINT('',(41.,-26.0000003576279,2.5));
#6919=CARTESIAN_POINT('Origin',(-25.000000372529,-26.0000003576279,5.));
#6920=CARTESIAN_POINT('',(-25.000000372529,-26.0000003576279,0.));
#6921=CARTESIAN_POINT('',(-25.,-26.0000003576279,2.5));
#6922=CARTESIAN_POINT('',(-31.000000372529,-26.0000003576279,0.));
#6923=CARTESIAN_POINT('',(-31.,-26.0000003576279,2.5));
#6924=CARTESIAN_POINT('',(-25.000000372529,-26.0000003576279,0.));
#6925=CARTESIAN_POINT('Origin',(35.,8.,0.));
#6926=CARTESIAN_POINT('',(-31.000000372529,8.,0.));
#6927=CARTESIAN_POINT('',(41.,8.,0.));
#6928=CARTESIAN_POINT('',(20.,8.,0.));
#6929=CARTESIAN_POINT('',(-31.000000372529,8.,10.));
#6930=CARTESIAN_POINT('',(-31.000000372529,8.,0.));
#6931=CARTESIAN_POINT('',(41.,8.,10.));
#6932=CARTESIAN_POINT('',(19.9999999068677,8.,10.));
#6933=CARTESIAN_POINT('',(41.,8.00000000000001,0.));
#6934=CARTESIAN_POINT('Origin',(41.,-145.,0.));
#6935=CARTESIAN_POINT('',(41.,42.0000006258487,10.));
#6936=CARTESIAN_POINT('',(41.,42.0000006258487,0.));
#6937=CARTESIAN_POINT('Origin',(4.99999981373549,56.0000003129244,10.));
#6938=CARTESIAN_POINT('',(-31.000000372529,70.,10.));
#6939=CARTESIAN_POINT('Origin',(-31.000000372529,25.,0.));
#6940=CARTESIAN_POINT('',(-31.000000372529,42.0000006258487,0.));
#6941=CARTESIAN_POINT('Origin',(-4.00000024400657,-145.98000385195,5.));
#6942=CARTESIAN_POINT('',(14.0000002104786,-145.980005528329,10.));
#6943=CARTESIAN_POINT('',(14.0000002104786,-145.980005528329,5.));
#6944=CARTESIAN_POINT('',(-4.00000024400657,-145.980003851949,10.));
#6945=CARTESIAN_POINT('',(0.499999869614739,-145.980004271045,10.));
#6946=CARTESIAN_POINT('',(-4.00000024400657,-145.98000385195,5.));
#6947=CARTESIAN_POINT('Origin',(-4.00000005960464,-144.000002145767,5.));
#6948=CARTESIAN_POINT('',(-4.00000005960464,-144.000002145767,10.));
#6949=CARTESIAN_POINT('',(-4.00000024586921,-146.000003851949,10.));
#6950=CARTESIAN_POINT('',(-4.00000005960464,-144.000002145767,5.));
#6951=CARTESIAN_POINT('Origin',(5.00000007450565,-145.000003837048,10.));
#6952=CARTESIAN_POINT('',(14.0000003948805,-144.000003822147,10.));
#6953=CARTESIAN_POINT('',(14.0000003948805,-144.000003822147,10.));
#6954=CARTESIAN_POINT('',(-4.00000005960464,-144.000002145767,10.));
#6955=CARTESIAN_POINT('Origin',(-23.0000003427267,-141.980002115965,5.));
#6956=CARTESIAN_POINT('',(33.0000004917383,-141.980002115965,10.));
#6957=CARTESIAN_POINT('',(33.0000004917383,-141.980002115965,5.));
#6958=CARTESIAN_POINT('',(-23.0000003427267,-141.980002115965,10.));
#6959=CARTESIAN_POINT('',(-9.00000013411045,-141.980002115965,10.));
#6960=CARTESIAN_POINT('',(-23.0000003427267,-141.980002115965,5.));
#6961=CARTESIAN_POINT('Origin',(-23.0000003427267,-140.000002086163,5.));
#6962=CARTESIAN_POINT('',(-23.0000003427267,-140.000002086163,10.));
#6963=CARTESIAN_POINT('',(-23.0000003427267,-142.000002115965,10.));
#6964=CARTESIAN_POINT('',(-23.0000003427267,-140.000002086163,5.));
#6965=CARTESIAN_POINT('Origin',(5.00000007450581,-141.000002101064,10.));
#6966=CARTESIAN_POINT('',(33.0000004917383,-140.000002086163,10.));
#6967=CARTESIAN_POINT('',(33.0000004917383,-140.000002086163,10.));
#6968=CARTESIAN_POINT('',(-23.0000003427267,-140.000002086163,10.));
#6969=CARTESIAN_POINT('Origin',(-4.00000005960464,-137.98000205636,5.));
#6970=CARTESIAN_POINT('',(14.0000002086163,-137.98000205636,10.));
#6971=CARTESIAN_POINT('',(14.0000002086163,-137.98000205636,5.));
#6972=CARTESIAN_POINT('',(-4.00000005960464,-137.98000205636,10.));
#6973=CARTESIAN_POINT('',(0.500000007450581,-137.98000205636,10.));
#6974=CARTESIAN_POINT('',(-4.00000005960464,-137.98000205636,5.));
#6975=CARTESIAN_POINT('Origin',(-4.00000005960464,-136.000002026558,5.));
#6976=CARTESIAN_POINT('',(-4.00000005960464,-136.000002026558,10.));
#6977=CARTESIAN_POINT('',(-4.00000005960464,-138.00000205636,10.));
#6978=CARTESIAN_POINT('',(-4.00000005960464,-136.000002026558,5.));
#6979=CARTESIAN_POINT('Origin',(5.00000007450581,-137.000002041459,10.));
#6980=CARTESIAN_POINT('',(14.0000002086163,-136.000002026558,10.));
#6981=CARTESIAN_POINT('',(14.0000002086163,-136.000002026558,10.));
#6982=CARTESIAN_POINT('',(-4.00000005960464,-136.000002026558,10.));
#6983=CARTESIAN_POINT('Origin',(-23.0000003427267,-133.980001996756,5.));
#6984=CARTESIAN_POINT('',(33.0000004917383,-133.980001996756,10.));
#6985=CARTESIAN_POINT('',(33.0000004917383,-133.980001996756,5.));
#6986=CARTESIAN_POINT('',(-23.0000003427267,-133.980001996756,10.));
#6987=CARTESIAN_POINT('',(-9.00000013411045,-133.980001996756,10.));
#6988=CARTESIAN_POINT('',(-23.0000003427267,-133.980001996756,5.));
#6989=CARTESIAN_POINT('Origin',(-23.0000003427267,-132.000001966953,5.));
#6990=CARTESIAN_POINT('',(-23.0000003427267,-132.000001966953,10.));
#6991=CARTESIAN_POINT('',(-23.0000003427267,-134.000001996756,10.));
#6992=CARTESIAN_POINT('',(-23.0000003427267,-132.000001966953,5.));
#6993=CARTESIAN_POINT('Origin',(5.00000007450581,-133.000001981854,10.));
#6994=CARTESIAN_POINT('',(33.0000004917383,-132.000001966953,10.));
#6995=CARTESIAN_POINT('',(33.0000004917383,-132.000001966953,10.));
#6996=CARTESIAN_POINT('',(-23.0000003427267,-132.000001966953,10.));
#6997=CARTESIAN_POINT('Origin',(-4.00000005960464,-129.980001937151,5.));
#6998=CARTESIAN_POINT('',(14.0000002086163,-129.980001937151,10.));
#6999=CARTESIAN_POINT('',(14.0000002086163,-129.980001937151,5.));
#7000=CARTESIAN_POINT('',(-4.00000005960464,-129.980001937151,10.));
#7001=CARTESIAN_POINT('',(0.500000007450581,-129.980001937151,10.));
#7002=CARTESIAN_POINT('',(-4.00000005960464,-129.980001937151,5.));
#7003=CARTESIAN_POINT('Origin',(-4.00000005960464,-128.000001907349,5.));
#7004=CARTESIAN_POINT('',(-4.00000005960464,-128.000001907349,10.));
#7005=CARTESIAN_POINT('',(-4.00000005960464,-130.000001937151,10.));
#7006=CARTESIAN_POINT('',(-4.00000005960464,-128.000001907349,5.));
#7007=CARTESIAN_POINT('Origin',(5.00000007450581,-129.00000192225,10.));
#7008=CARTESIAN_POINT('',(14.0000002086163,-128.000001907349,10.));
#7009=CARTESIAN_POINT('',(14.0000002086163,-128.000001907349,10.));
#7010=CARTESIAN_POINT('',(-4.00000005960464,-128.000001907349,10.));
#7011=CARTESIAN_POINT('Origin',(14.0000003948805,-144.000003822147,5.));
#7012=CARTESIAN_POINT('',(14.0000003948805,-144.000003822147,5.));
#7013=CARTESIAN_POINT('Origin',(14.000000208616,-146.000005528329,5.));
#7014=CARTESIAN_POINT('Origin',(14.0000002086163,-128.000001907349,5.));
#7015=CARTESIAN_POINT('',(14.0000002086163,-128.000001907349,5.));
#7016=CARTESIAN_POINT('Origin',(14.0000002086163,-130.000001937151,5.));
#7017=CARTESIAN_POINT('Origin',(33.0000004917383,-132.000001966953,5.));
#7018=CARTESIAN_POINT('',(33.0000004917383,-132.000001966953,5.));
#7019=CARTESIAN_POINT('Origin',(33.0000004917383,-134.000001996756,5.));
#7020=CARTESIAN_POINT('Origin',(14.0000002086163,-136.000002026558,5.));
#7021=CARTESIAN_POINT('',(14.0000002086163,-136.000002026558,5.));
#7022=CARTESIAN_POINT('Origin',(14.0000002086163,-138.00000205636,5.));
#7023=CARTESIAN_POINT('Origin',(33.0000004917383,-140.000002086163,5.));
#7024=CARTESIAN_POINT('',(33.0000004917383,-140.000002086163,5.));
#7025=CARTESIAN_POINT('Origin',(33.0000004917383,-142.000002115965,5.));
#7026=CARTESIAN_POINT('Origin',(-25.000000372529,-148.000001907349,5.));
#7027=CARTESIAN_POINT('',(-25.000000372529,-148.000001907349,0.));
#7028=CARTESIAN_POINT('',(35.0000005215406,-148.000001907349,0.));
#7029=CARTESIAN_POINT('',(-10.,-148.,0.));
#7030=CARTESIAN_POINT('',(35.,-148.000001907349,2.5));
#7031=CARTESIAN_POINT('',(-25.,-148.000001907349,2.5));
#7032=CARTESIAN_POINT('Origin',(5.,-60.,0.));
#7033=CARTESIAN_POINT('',(35.0000002533197,-32.0000004768372,0.));
#7034=CARTESIAN_POINT('',(35.,25.,0.));
#7035=CARTESIAN_POINT('',(17.0000002533197,-32.0000004768372,0.));
#7036=CARTESIAN_POINT('',(11.0000001266599,-32.0000004768372,0.));
#7037=CARTESIAN_POINT('',(17.0000002533197,-34.0000004768372,0.));
#7038=CARTESIAN_POINT('',(17.0000002533197,-47.0000002384186,0.));
#7039=CARTESIAN_POINT('',(35.,-34.0000004768372,0.));
#7040=CARTESIAN_POINT('',(20.0000001266599,-34.0000004768372,0.));
#7041=CARTESIAN_POINT('',(35.0000002533197,-40.0000005960464,0.));
#7042=CARTESIAN_POINT('',(35.,25.,0.));
#7043=CARTESIAN_POINT('',(17.0000002533197,-40.0000005960464,0.));
#7044=CARTESIAN_POINT('',(11.0000001266599,-40.0000005960464,0.));
#7045=CARTESIAN_POINT('',(17.0000002533197,-42.0000006258488,0.));
#7046=CARTESIAN_POINT('',(17.0000002533197,-51.0000003129244,0.));
#7047=CARTESIAN_POINT('',(35.,-42.0000006258488,0.));
#7048=CARTESIAN_POINT('',(20.0000001266599,-42.0000006258488,0.));
#7049=CARTESIAN_POINT('',(35.0000002533197,-48.0000006548457,0.));
#7050=CARTESIAN_POINT('',(35.,25.,0.));
#7051=CARTESIAN_POINT('',(17.0000002533197,-48.0000007152557,0.));
#7052=CARTESIAN_POINT('',(11.0000001065232,-48.0000007353924,0.));
#7053=CARTESIAN_POINT('',(17.000000260032,-50.0000007152557,0.));
#7054=CARTESIAN_POINT('',(17.0000002768125,-55.0000003374912,0.));
#7055=CARTESIAN_POINT('',(35.,-50.0000006548457,0.));
#7056=CARTESIAN_POINT('',(20.0000001132354,-50.0000007051874,0.));
#7057=CARTESIAN_POINT('',(35.0000002000741,-56.000000774055,0.));
#7058=CARTESIAN_POINT('',(35.,25.,0.));
#7059=CARTESIAN_POINT('',(17.000000260032,-56.000000834465,0.));
#7060=CARTESIAN_POINT('',(11.0000001233038,-56.0000008546017,0.));
#7061=CARTESIAN_POINT('',(17.0000002667442,-58.000000834465,0.));
#7062=CARTESIAN_POINT('',(17.0000002701003,-59.0000003970958,0.));
#7063=CARTESIAN_POINT('',(35.,-58.000000774055,0.));
#7064=CARTESIAN_POINT('',(20.0000001000371,-58.0000008243967,0.));
#7065=CARTESIAN_POINT('',(35.0000001812075,-64.0000009536743,0.));
#7066=CARTESIAN_POINT('',(35.,25.,0.));
#7067=CARTESIAN_POINT('',(17.0000002533197,-64.0000009536743,0.));
#7068=CARTESIAN_POINT('',(11.0000001266599,-64.0000009536743,0.));
#7069=CARTESIAN_POINT('',(17.0000002533197,-66.0000009834766,0.));
#7070=CARTESIAN_POINT('',(17.0000002533197,-63.0000004917383,0.));
#7071=CARTESIAN_POINT('',(35.,-66.0000009834766,0.));
#7072=CARTESIAN_POINT('',(20.0000000906038,-66.0000009834766,0.));
#7073=CARTESIAN_POINT('',(35.0000005215406,-72.0000010728836,0.));
#7074=CARTESIAN_POINT('',(35.,25.,0.));
#7075=CARTESIAN_POINT('',(17.0000002533197,-72.0000010728836,0.));
#7076=CARTESIAN_POINT('',(11.0000001266599,-72.0000010728836,0.));
#7077=CARTESIAN_POINT('',(17.0000002533197,-74.0000011026859,0.));
#7078=CARTESIAN_POINT('',(17.0000002533197,-67.000000551343,0.));
#7079=CARTESIAN_POINT('',(35.,-74.0000011026859,0.));
#7080=CARTESIAN_POINT('',(20.0000002607703,-74.0000011026859,0.));
#7081=CARTESIAN_POINT('',(35.0000005215406,-80.0000011920929,0.));
#7082=CARTESIAN_POINT('',(35.,25.,0.));
#7083=CARTESIAN_POINT('',(17.0000002533197,-80.0000011920929,0.));
#7084=CARTESIAN_POINT('',(11.0000001266599,-80.0000011920929,0.));
#7085=CARTESIAN_POINT('',(17.0000002533197,-82.0000012218952,0.));
#7086=CARTESIAN_POINT('',(17.0000002533197,-71.0000006109476,0.));
#7087=CARTESIAN_POINT('',(35.,-82.0000012218952,0.));
#7088=CARTESIAN_POINT('',(20.0000002607703,-82.0000012218952,0.));
#7089=CARTESIAN_POINT('',(35.0000005215406,-88.0000013113022,0.));
#7090=CARTESIAN_POINT('',(35.,25.,0.));
#7091=CARTESIAN_POINT('',(17.0000002533197,-88.0000013113022,0.));
#7092=CARTESIAN_POINT('',(11.0000001266599,-88.0000013113022,0.));
#7093=CARTESIAN_POINT('',(17.0000002533197,-90.0000013411045,0.));
#7094=CARTESIAN_POINT('',(17.0000002533197,-75.0000006705523,0.));
#7095=CARTESIAN_POINT('',(35.,-90.0000013411045,0.));
#7096=CARTESIAN_POINT('',(20.0000002607703,-90.0000013411045,0.));
#7097=CARTESIAN_POINT('',(35.0000005215406,-96.0000014305115,0.));
#7098=CARTESIAN_POINT('',(35.,25.,0.));
#7099=CARTESIAN_POINT('',(17.0000002533197,-96.0000014305115,0.));
#7100=CARTESIAN_POINT('',(11.0000001266599,-96.0000014305115,0.));
#7101=CARTESIAN_POINT('',(17.0000002533197,-98.0000014603138,0.));
#7102=CARTESIAN_POINT('',(17.0000002533197,-79.0000007301569,0.));
#7103=CARTESIAN_POINT('',(35.,-98.0000014603138,0.));
#7104=CARTESIAN_POINT('',(20.0000002607703,-98.0000014603138,0.));
#7105=CARTESIAN_POINT('',(35.0000002533197,-104.000001549721,0.));
#7106=CARTESIAN_POINT('',(35.,25.,0.));
#7107=CARTESIAN_POINT('',(17.0000002533197,-104.000001549721,0.));
#7108=CARTESIAN_POINT('',(11.0000001266599,-104.000001549721,0.));
#7109=CARTESIAN_POINT('',(17.0000002533197,-106.000001549721,0.));
#7110=CARTESIAN_POINT('',(17.0000002533197,-83.0000007748604,0.));
#7111=CARTESIAN_POINT('',(35.,-106.000001549721,0.));
#7112=CARTESIAN_POINT('',(20.0000001266599,-106.000001549721,0.));
#7113=CARTESIAN_POINT('',(35.0000002533197,-112.00000166893,0.));
#7114=CARTESIAN_POINT('',(35.,25.,0.));
#7115=CARTESIAN_POINT('',(17.0000002533197,-112.00000166893,0.));
#7116=CARTESIAN_POINT('',(11.0000001266599,-112.00000166893,0.));
#7117=CARTESIAN_POINT('',(17.0000002533197,-114.000001698732,0.));
#7118=CARTESIAN_POINT('',(17.0000002533197,-87.0000008493662,0.));
#7119=CARTESIAN_POINT('',(35.,-114.000001698732,0.));
#7120=CARTESIAN_POINT('',(20.0000001266599,-114.000001698732,0.));
#7121=CARTESIAN_POINT('',(35.0000001909111,-120.000001788139,0.));
#7122=CARTESIAN_POINT('',(35.,25.,0.));
#7123=CARTESIAN_POINT('',(17.0000002533197,-120.000001788139,0.));
#7124=CARTESIAN_POINT('',(11.0000001266599,-120.000001788139,0.));
#7125=CARTESIAN_POINT('',(17.0000002533197,-122.000001817942,0.));
#7126=CARTESIAN_POINT('',(17.0000002533197,-91.0000009089708,0.));
#7127=CARTESIAN_POINT('',(35.,-122.000001817942,0.));
#7128=CARTESIAN_POINT('',(20.0000000954556,-122.000001817942,0.));
#7129=CARTESIAN_POINT('',(35.,25.,0.));
#7130=CARTESIAN_POINT('',(-25.000000372529,-122.000001817942,0.));
#7131=CARTESIAN_POINT('',(-25.,-145.,0.));
#7132=CARTESIAN_POINT('',(-7.00000037252902,-122.000001817942,0.));
#7133=CARTESIAN_POINT('',(-1.00000018626451,-122.000001817942,0.));
#7134=CARTESIAN_POINT('',(-7.00000037252902,-120.000001788139,0.));
#7135=CARTESIAN_POINT('',(-7.00000037252902,-90.0000008940697,0.));
#7136=CARTESIAN_POINT('',(-25.000000372529,-120.000001788139,0.));
#7137=CARTESIAN_POINT('',(-10.0000001862645,-120.000001788139,0.));
#7138=CARTESIAN_POINT('',(-25.000000372529,-114.000001698732,0.));
#7139=CARTESIAN_POINT('',(-25.,-145.,0.));
#7140=CARTESIAN_POINT('',(-7.00000010430813,-114.000001698732,0.));
#7141=CARTESIAN_POINT('',(-1.00000005215406,-114.000001698732,0.));
#7142=CARTESIAN_POINT('',(-7.00000010430813,-112.00000166893,0.));
#7143=CARTESIAN_POINT('',(-7.00000010430813,-86.000000834465,0.));
#7144=CARTESIAN_POINT('',(-25.000000372529,-112.00000166893,0.));
#7145=CARTESIAN_POINT('',(-10.0000001862645,-112.00000166893,0.));
#7146=CARTESIAN_POINT('',(-25.000000372529,-106.000001549721,0.));
#7147=CARTESIAN_POINT('',(-25.,-145.,0.));
#7148=CARTESIAN_POINT('',(-7.00000010430813,-106.000001549721,0.));
#7149=CARTESIAN_POINT('',(-1.00000005215406,-106.000001549721,0.));
#7150=CARTESIAN_POINT('',(-7.00000010430813,-104.000001549721,0.));
#7151=CARTESIAN_POINT('',(-7.00000010430813,-82.0000007748604,0.));
#7152=CARTESIAN_POINT('',(-25.000000372529,-104.000001549721,0.));
#7153=CARTESIAN_POINT('',(-10.0000001862645,-104.000001549721,0.));
#7154=CARTESIAN_POINT('',(-25.000000372529,-98.0000014603138,0.));
#7155=CARTESIAN_POINT('',(-25.,-145.,0.));
#7156=CARTESIAN_POINT('',(-7.00000010430813,-98.0000014603138,0.));
#7157=CARTESIAN_POINT('',(-1.00000005215406,-98.0000014603138,0.));
#7158=CARTESIAN_POINT('',(-7.00000010430813,-96.0000014305115,0.));
#7159=CARTESIAN_POINT('',(-7.00000010430813,-78.0000007152557,0.));
#7160=CARTESIAN_POINT('',(-25.,-96.0000014305115,0.));
#7161=CARTESIAN_POINT('',(-10.0000001862645,-96.0000014305115,0.));
#7162=CARTESIAN_POINT('',(-25.,-90.0000013411045,0.));
#7163=CARTESIAN_POINT('',(-25.,-145.,0.));
#7164=CARTESIAN_POINT('',(-7.00000010430813,-90.0000013411045,0.));
#7165=CARTESIAN_POINT('',(-1.00000005215406,-90.0000013411045,0.));
#7166=CARTESIAN_POINT('',(-7.00000010430813,-88.0000013113022,0.));
#7167=CARTESIAN_POINT('',(-7.00000010430813,-74.0000006556511,0.));
#7168=CARTESIAN_POINT('',(-25.,-88.0000013113022,0.));
#7169=CARTESIAN_POINT('',(-10.0000001862645,-88.0000013113022,0.));
#7170=CARTESIAN_POINT('',(-25.000000372529,-82.0000012218952,0.));
#7171=CARTESIAN_POINT('',(-25.,-145.,0.));
#7172=CARTESIAN_POINT('',(-7.00000037252902,-82.0000012218952,0.));
#7173=CARTESIAN_POINT('',(-1.00000018626451,-82.0000012218952,0.));
#7174=CARTESIAN_POINT('',(-7.00000037252902,-80.0000011920929,0.));
#7175=CARTESIAN_POINT('',(-7.00000037252902,-70.0000005960464,0.));
#7176=CARTESIAN_POINT('',(-25.000000372529,-80.0000011920929,0.));
#7177=CARTESIAN_POINT('',(-10.0000001862645,-80.0000011920929,0.));
#7178=CARTESIAN_POINT('',(-25.000000372529,-74.0000011026859,0.));
#7179=CARTESIAN_POINT('',(-25.,-145.,0.));
#7180=CARTESIAN_POINT('',(-7.00000010430813,-74.0000011026859,0.));
#7181=CARTESIAN_POINT('',(-1.00000005215406,-74.0000011026859,0.));
#7182=CARTESIAN_POINT('',(-7.00000010430813,-72.0000010728836,0.));
#7183=CARTESIAN_POINT('',(-7.00000010430813,-66.0000005364418,0.));
#7184=CARTESIAN_POINT('',(-25.000000372529,-72.0000010728836,0.));
#7185=CARTESIAN_POINT('',(-10.0000001862645,-72.0000010728836,0.));
#7186=CARTESIAN_POINT('',(-25.000000372529,-66.0000009834766,0.));
#7187=CARTESIAN_POINT('',(-25.,-145.,0.));
#7188=CARTESIAN_POINT('',(-7.00000010430813,-66.0000009834766,0.));
#7189=CARTESIAN_POINT('',(-1.00000005215406,-66.0000009834766,0.));
#7190=CARTESIAN_POINT('',(-7.00000010430813,-64.0000009536743,0.));
#7191=CARTESIAN_POINT('',(-7.00000010430813,-62.0000004768372,0.));
#7192=CARTESIAN_POINT('',(-25.000000372529,-64.0000009536743,0.));
#7193=CARTESIAN_POINT('',(-10.0000001862645,-64.0000009536743,0.));
#7194=CARTESIAN_POINT('',(-25.000000372529,-58.000000834465,0.));
#7195=CARTESIAN_POINT('',(-25.,-145.,0.));
#7196=CARTESIAN_POINT('',(-7.00000037252903,-58.000000834465,0.));
#7197=CARTESIAN_POINT('',(-1.00000018626451,-58.000000834465,0.));
#7198=CARTESIAN_POINT('',(-7.00000037252903,-56.000000834465,0.));
#7199=CARTESIAN_POINT('',(-7.00000037252903,-58.0000004172325,0.));
#7200=CARTESIAN_POINT('',(-25.000000372529,-56.000000834465,0.));
#7201=CARTESIAN_POINT('',(-10.0000001862645,-56.000000834465,0.));
#7202=CARTESIAN_POINT('',(-25.000000372529,-50.0000007450581,0.));
#7203=CARTESIAN_POINT('',(-25.,-145.,0.));
#7204=CARTESIAN_POINT('',(-7.00000010430813,-50.0000007450581,0.));
#7205=CARTESIAN_POINT('',(-1.00000005215406,-50.0000007450581,0.));
#7206=CARTESIAN_POINT('',(-7.00000010430813,-48.0000007152557,0.));
#7207=CARTESIAN_POINT('',(-7.00000010430813,-54.0000003576279,0.));
#7208=CARTESIAN_POINT('',(-25.,-48.0000007152557,0.));
#7209=CARTESIAN_POINT('',(-10.0000001862645,-48.0000007152557,0.));
#7210=CARTESIAN_POINT('',(-25.0000003658168,-42.0000005960464,0.));
#7211=CARTESIAN_POINT('',(-25.,-145.,0.));
#7212=CARTESIAN_POINT('',(-7.0000003658168,-42.0000005356364,0.));
#7213=CARTESIAN_POINT('',(-1.00000021311344,-42.0000005154997,0.));
#7214=CARTESIAN_POINT('',(-7.00000037252903,-40.0000005356364,0.));
#7215=CARTESIAN_POINT('',(-7.00000033896787,-50.0000002879549,0.));
#7216=CARTESIAN_POINT('',(-25.000000372529,-40.0000005960464,0.));
#7217=CARTESIAN_POINT('',(-10.0000002198257,-40.0000005457047,0.));
#7218=CARTESIAN_POINT('',(-25.000000372529,-34.0000005066395,0.));
#7219=CARTESIAN_POINT('',(-25.,-145.,0.));
#7220=CARTESIAN_POINT('',(-7.00000010430813,-34.0000005066395,0.));
#7221=CARTESIAN_POINT('',(-1.00000005215406,-34.0000005066395,0.));
#7222=CARTESIAN_POINT('',(-7.00000010430813,-32.0000004768372,0.));
#7223=CARTESIAN_POINT('',(-7.00000010430813,-46.0000002384186,0.));
#7224=CARTESIAN_POINT('',(-25.,-32.0000004768372,0.));
#7225=CARTESIAN_POINT('',(-10.0000001862645,-32.0000004768372,0.));
#7226=CARTESIAN_POINT('',(-25.,-145.,0.));
#7227=CARTESIAN_POINT('',(-23.0000003427267,-76.0000011324883,0.));
#7228=CARTESIAN_POINT('',(-23.0000003427267,-78.0000011324883,0.));
#7229=CARTESIAN_POINT('',(-23.0000003427267,-69.0000005662441,0.));
#7230=CARTESIAN_POINT('',(32.9999996572733,-78.0000011324883,0.));
#7231=CARTESIAN_POINT('',(18.9999998286366,-78.0000011324883,0.));
#7232=CARTESIAN_POINT('',(32.9999996572733,-76.0000011324883,0.));
#7233=CARTESIAN_POINT('',(32.9999996572733,-68.0000005662441,0.));
#7234=CARTESIAN_POINT('',(-9.00000017136335,-76.0000011324883,0.));
#7235=CARTESIAN_POINT('',(-22.9999995082617,-94.0000014007092,0.));
#7236=CARTESIAN_POINT('',(33.0000004917383,-94.0000014007092,0.));
#7237=CARTESIAN_POINT('',(19.0000002458692,-94.0000014007092,0.));
#7238=CARTESIAN_POINT('',(33.0000004917383,-92.0000013709068,0.));
#7239=CARTESIAN_POINT('',(33.0000004917383,-76.0000006854534,0.));
#7240=CARTESIAN_POINT('',(-22.9999995082617,-92.0000013709068,0.));
#7241=CARTESIAN_POINT('',(-8.99999975413084,-92.0000013709068,0.));
#7242=CARTESIAN_POINT('',(-22.9999995082617,-77.0000007003546,0.));
#7243=CARTESIAN_POINT('',(-23.0000003427267,-52.0000007748604,0.));
#7244=CARTESIAN_POINT('',(-23.0000003360145,-54.0000007748604,0.));
#7245=CARTESIAN_POINT('',(-23.0000003259461,-57.0000004344158,0.));
#7246=CARTESIAN_POINT('',(32.9999996639855,-54.0000005869179,0.));
#7247=CARTESIAN_POINT('',(18.9999998219244,-54.0000006339035,0.));
#7248=CARTESIAN_POINT('',(32.9999996572733,-52.0000005869179,0.));
#7249=CARTESIAN_POINT('',(32.9999996706977,-56.0000002464733,0.));
#7250=CARTESIAN_POINT('',(-9.00000018478781,-52.0000007278748,0.));
#7251=CARTESIAN_POINT('',(-4.00000005960464,-64.0000009536743,0.));
#7252=CARTESIAN_POINT('',(-4.00000005960464,-66.0000009834766,0.));
#7253=CARTESIAN_POINT('',(-4.00000005960464,-63.0000004917383,0.));
#7254=CARTESIAN_POINT('',(14.0000002086163,-66.0000009834766,0.));
#7255=CARTESIAN_POINT('',(9.50000010430813,-66.0000009834766,0.));
#7256=CARTESIAN_POINT('',(14.0000002086163,-64.0000009536743,0.));
#7257=CARTESIAN_POINT('',(14.0000002086163,-62.0000004768372,0.));
#7258=CARTESIAN_POINT('',(0.499999970197678,-64.0000009536743,0.));
#7259=CARTESIAN_POINT('',(-4.00000005960464,-104.000001549721,0.));
#7260=CARTESIAN_POINT('',(-4.00000005960464,-106.000001549721,0.));
#7261=CARTESIAN_POINT('',(-4.00000005960464,-83.0000007748604,0.));
#7262=CARTESIAN_POINT('',(14.0000002086163,-106.000001549721,0.));
#7263=CARTESIAN_POINT('',(9.50000010430813,-106.000001549721,0.));
#7264=CARTESIAN_POINT('',(14.0000002086163,-104.000001549721,0.));
#7265=CARTESIAN_POINT('',(14.0000002086163,-82.0000007748604,0.));
#7266=CARTESIAN_POINT('',(0.499999970197678,-104.000001549721,0.));
#7267=CARTESIAN_POINT('',(-23.0000003427267,-100.000001490116,0.));
#7268=CARTESIAN_POINT('',(-23.0000003427267,-102.000001519918,0.));
#7269=CARTESIAN_POINT('',(-23.0000003427267,-81.0000007599592,0.));
#7270=CARTESIAN_POINT('',(32.9874387573491,-102.000001519918,0.));
#7271=CARTESIAN_POINT('',(18.9937193786745,-102.000001519918,0.));
#7272=CARTESIAN_POINT('',(32.9874387573491,-100.000001490116,0.));
#7273=CARTESIAN_POINT('',(32.9874387573491,-80.0000007450581,0.));
#7274=CARTESIAN_POINT('',(-9.00000017136335,-100.000001490116,0.));
#7275=CARTESIAN_POINT('',(-4.00000005960464,-48.0000007152557,0.));
#7276=CARTESIAN_POINT('',(-4.00000005289241,-50.0000007152557,0.));
#7277=CARTESIAN_POINT('',(-4.00000003611184,-55.0000003727304,0.));
#7278=CARTESIAN_POINT('',(13.9999999471076,-50.0000006548457,0.));
#7279=CARTESIAN_POINT('',(9.49999995677322,-50.0000006699482,0.));
#7280=CARTESIAN_POINT('',(13.9999999403954,-48.0000006548457,0.));
#7281=CARTESIAN_POINT('',(13.9999999605321,-54.0000003123203,0.));
#7282=CARTESIAN_POINT('',(0.499999950060989,-48.0000007001532,0.));
#7283=CARTESIAN_POINT('',(-4.00000005960464,-88.0000013113022,0.));
#7284=CARTESIAN_POINT('',(-4.00000005960464,-90.0000013411045,0.));
#7285=CARTESIAN_POINT('',(-4.00000005960464,-75.0000006705523,0.));
#7286=CARTESIAN_POINT('',(14.0000002086163,-90.0000013411045,0.));
#7287=CARTESIAN_POINT('',(9.50000010430813,-90.0000013411045,0.));
#7288=CARTESIAN_POINT('',(14.0000002086163,-88.0000013113022,0.));
#7289=CARTESIAN_POINT('',(14.0000002086163,-74.0000006556511,0.));
#7290=CARTESIAN_POINT('',(0.499999970197678,-88.0000013113022,0.));
#7291=CARTESIAN_POINT('',(-4.00000005960464,-72.0000010728836,0.));
#7292=CARTESIAN_POINT('',(-4.00000005960464,-74.0000011026859,0.));
#7293=CARTESIAN_POINT('',(-4.00000005960464,-67.000000551343,0.));
#7294=CARTESIAN_POINT('',(14.0000002086163,-74.0000011026859,0.));
#7295=CARTESIAN_POINT('',(9.50000010430813,-74.0000011026859,0.));
#7296=CARTESIAN_POINT('',(14.0000002086163,-72.0000010728836,0.));
#7297=CARTESIAN_POINT('',(14.0000002086163,-66.0000005364418,0.));
#7298=CARTESIAN_POINT('',(0.499999970197678,-72.0000010728836,0.));
#7299=CARTESIAN_POINT('',(-23.0000003427267,-60.0000008940697,0.));
#7300=CARTESIAN_POINT('',(-23.0000003427267,-62.000000923872,0.));
#7301=CARTESIAN_POINT('',(-23.0000003427267,-61.000000461936,0.));
#7302=CARTESIAN_POINT('',(32.9999996572733,-62.000000923872,0.));
#7303=CARTESIAN_POINT('',(18.9999998286366,-62.000000923872,0.));
#7304=CARTESIAN_POINT('',(32.9999996572733,-60.0000008940697,0.));
#7305=CARTESIAN_POINT('',(32.9999996572733,-60.0000004470348,0.));
#7306=CARTESIAN_POINT('',(-9.00000017136335,-60.0000008940697,0.));
#7307=CARTESIAN_POINT('',(33.0000004917383,-118.000001758337,0.));
#7308=CARTESIAN_POINT('',(33.0000004917383,-116.000001728535,0.));
#7309=CARTESIAN_POINT('',(33.0000004917383,-88.0000008642673,0.));
#7310=CARTESIAN_POINT('',(-23.0000003427267,-116.000001728535,0.));
#7311=CARTESIAN_POINT('',(-9.00000017136335,-116.000001728535,0.));
#7312=CARTESIAN_POINT('',(-23.0000003427267,-118.000001758337,0.));
#7313=CARTESIAN_POINT('',(-23.0000003427267,-89.0000008791685,0.));
#7314=CARTESIAN_POINT('',(19.0000002458692,-118.000001758337,0.));
#7315=CARTESIAN_POINT('',(-4.00000005960464,-80.0000011920929,0.));
#7316=CARTESIAN_POINT('',(-4.00000005960464,-82.0000012218952,0.));
#7317=CARTESIAN_POINT('',(-4.00000005960464,-71.0000006109476,0.));
#7318=CARTESIAN_POINT('',(14.0000002086163,-82.0000012218952,0.));
#7319=CARTESIAN_POINT('',(9.50000010430813,-82.0000012218952,0.));
#7320=CARTESIAN_POINT('',(14.0000002086163,-80.0000011920929,0.));
#7321=CARTESIAN_POINT('',(14.0000002086163,-70.0000005960464,0.));
#7322=CARTESIAN_POINT('',(0.499999970197678,-80.0000011920929,0.));
#7323=CARTESIAN_POINT('',(-4.00000005960464,-40.0000005960464,0.));
#7324=CARTESIAN_POINT('',(-4.00000005960464,-42.0000006258488,0.));
#7325=CARTESIAN_POINT('',(-4.00000005960464,-51.0000003129244,0.));
#7326=CARTESIAN_POINT('',(13.9999999403954,-42.0000006258488,0.));
#7327=CARTESIAN_POINT('',(9.49999997019768,-42.0000006258488,0.));
#7328=CARTESIAN_POINT('',(13.9999999403954,-40.0000005960464,0.));
#7329=CARTESIAN_POINT('',(13.9999999403954,-50.0000002980232,0.));
#7330=CARTESIAN_POINT('',(0.499999970197678,-40.0000005960464,0.));
#7331=CARTESIAN_POINT('',(-23.0000003427267,-68.000001013279,0.));
#7332=CARTESIAN_POINT('',(-23.0000003427267,-70.0000010430813,0.));
#7333=CARTESIAN_POINT('',(-23.0000003427267,-65.0000005215406,0.));
#7334=CARTESIAN_POINT('',(32.9999996572733,-70.0000010430813,0.));
#7335=CARTESIAN_POINT('',(18.9999998286366,-70.0000010430813,0.));
#7336=CARTESIAN_POINT('',(32.9999996572733,-68.000001013279,0.));
#7337=CARTESIAN_POINT('',(32.9999996572733,-64.0000005066395,0.));
#7338=CARTESIAN_POINT('',(-9.00000017136335,-68.000001013279,0.));
#7339=CARTESIAN_POINT('',(-23.0000003427267,-108.000001609325,0.));
#7340=CARTESIAN_POINT('',(-23.0000003427267,-110.000001639128,0.));
#7341=CARTESIAN_POINT('',(-23.0000003427267,-85.0000008195639,0.));
#7342=CARTESIAN_POINT('',(32.9999996572733,-110.000001639128,0.));
#7343=CARTESIAN_POINT('',(18.9999998286366,-110.000001639128,0.));
#7344=CARTESIAN_POINT('',(32.9999996572733,-108.000001609325,0.));
#7345=CARTESIAN_POINT('',(32.9999996572733,-84.0000008046627,0.));
#7346=CARTESIAN_POINT('',(-9.00000017136335,-108.000001609325,0.));
#7347=CARTESIAN_POINT('',(-4.00000005960464,-112.00000166893,0.));
#7348=CARTESIAN_POINT('',(-4.00000005960464,-114.000001698732,0.));
#7349=CARTESIAN_POINT('',(-4.00000005960464,-87.0000008493662,0.));
#7350=CARTESIAN_POINT('',(13.9999999403954,-114.000001698732,0.));
#7351=CARTESIAN_POINT('',(9.49999997019768,-114.000001698732,0.));
#7352=CARTESIAN_POINT('',(13.9999999403954,-112.00000166893,0.));
#7353=CARTESIAN_POINT('',(13.9999999403954,-86.000000834465,0.));
#7354=CARTESIAN_POINT('',(0.499999970197678,-112.00000166893,0.));
#7355=CARTESIAN_POINT('',(-4.00000005960464,-96.0000014305115,0.));
#7356=CARTESIAN_POINT('',(-4.00000005960464,-98.0000014603138,0.));
#7357=CARTESIAN_POINT('',(-4.00000005960464,-79.0000007301569,0.));
#7358=CARTESIAN_POINT('',(14.0000002086163,-98.0000014603138,0.));
#7359=CARTESIAN_POINT('',(9.50000010430813,-98.0000014603138,0.));
#7360=CARTESIAN_POINT('',(14.0000002086163,-96.0000014305115,0.));
#7361=CARTESIAN_POINT('',(14.0000002086163,-78.0000007152557,0.));
#7362=CARTESIAN_POINT('',(0.499999970197678,-96.0000014305115,0.));
#7363=CARTESIAN_POINT('',(-23.0000003427267,-44.0000006556511,0.));
#7364=CARTESIAN_POINT('',(-23.0000003351033,-46.2714999134183,0.));
#7365=CARTESIAN_POINT('',(-23.0000003120661,-53.1357500036948,0.));
#7366=CARTESIAN_POINT('',(32.9999996648967,-46.2714997254758,0.));
#7367=CARTESIAN_POINT('',(18.9999998094111,-46.2714997724614,0.));
#7368=CARTESIAN_POINT('',(32.9999996572733,-44.0000004677086,0.));
#7369=CARTESIAN_POINT('',(32.9999996841222,-52.0000001868687,0.));
#7370=CARTESIAN_POINT('',(-9.00000019821227,-44.0000006086655,0.));
#7371=CARTESIAN_POINT('',(-23.0000003427267,-84.0000012516975,0.));
#7372=CARTESIAN_POINT('',(-23.0000003427267,-86.0000012814999,0.));
#7373=CARTESIAN_POINT('',(-23.0000003427267,-73.0000006407499,0.));
#7374=CARTESIAN_POINT('',(32.9999996572733,-86.0000012814999,0.));
#7375=CARTESIAN_POINT('',(18.9999998286366,-86.0000012814999,0.));
#7376=CARTESIAN_POINT('',(32.9999996572733,-84.0000012516975,0.));
#7377=CARTESIAN_POINT('',(32.9999996572733,-72.0000006258488,0.));
#7378=CARTESIAN_POINT('',(-9.00000017136335,-84.0000012516975,0.));
#7379=CARTESIAN_POINT('',(-4.00000005960464,-56.000000834465,0.));
#7380=CARTESIAN_POINT('',(-4.00000005960464,-58.000000834465,0.));
#7381=CARTESIAN_POINT('',(-4.00000005960464,-59.0000004172325,0.));
#7382=CARTESIAN_POINT('',(13.9999999403954,-58.000000834465,0.));
#7383=CARTESIAN_POINT('',(9.49999997019768,-58.000000834465,0.));
#7384=CARTESIAN_POINT('',(13.9999999403954,-56.000000834465,0.));
#7385=CARTESIAN_POINT('',(13.9999999403954,-58.0000004172325,0.));
#7386=CARTESIAN_POINT('',(0.499999970197678,-56.000000834465,0.));
#7387=CARTESIAN_POINT('',(-4.00000005960464,-32.0000004768372,0.));
#7388=CARTESIAN_POINT('',(-4.00000005960464,-34.0000004768372,0.));
#7389=CARTESIAN_POINT('',(-4.00000005960464,-47.0000002384186,0.));
#7390=CARTESIAN_POINT('',(13.9999999403954,-34.0000004768372,0.));
#7391=CARTESIAN_POINT('',(9.49999997019768,-34.0000004768372,0.));
#7392=CARTESIAN_POINT('',(13.9999999403954,-32.0000004768372,0.));
#7393=CARTESIAN_POINT('',(13.9999999403954,-46.0000002384186,0.));
#7394=CARTESIAN_POINT('',(0.499999970197678,-32.0000004768372,0.));
#7395=CARTESIAN_POINT('',(-23.0000003427267,-36.0000005364418,0.));
#7396=CARTESIAN_POINT('',(-23.0000003427267,-38.0000005662441,0.));
#7397=CARTESIAN_POINT('',(-23.0000003427267,-49.0000002831221,0.));
#7398=CARTESIAN_POINT('',(32.9999996572733,-38.0000005662441,0.));
#7399=CARTESIAN_POINT('',(18.9999998286366,-38.0000005662441,0.));
#7400=CARTESIAN_POINT('',(32.9999996572733,-36.0000005364418,0.));
#7401=CARTESIAN_POINT('',(32.9999996572733,-48.0000002682209,0.));
#7402=CARTESIAN_POINT('',(-9.00000017136335,-36.0000005364418,0.));
#7403=CARTESIAN_POINT('',(-23.0000003427267,-28.0000004172325,0.));
#7404=CARTESIAN_POINT('',(-23.0000003427267,-30.0000004172325,0.));
#7405=CARTESIAN_POINT('',(-23.0000003427267,-45.0000002086163,0.));
#7406=CARTESIAN_POINT('',(32.9999996572733,-30.0000004172325,0.));
#7407=CARTESIAN_POINT('',(18.9999998286366,-30.0000004172325,0.));
#7408=CARTESIAN_POINT('',(32.9999996572733,-28.0000004172325,0.));
#7409=CARTESIAN_POINT('',(32.9999996572733,-44.0000002086163,0.));
#7410=CARTESIAN_POINT('',(-9.00000017136335,-28.0000004172325,0.));
#7411=CARTESIAN_POINT('',(-4.00000005960464,-120.000001788139,0.));
#7412=CARTESIAN_POINT('',(-4.00000005960464,-122.000001817942,0.));
#7413=CARTESIAN_POINT('',(-4.00000005960464,-91.0000009089708,0.));
#7414=CARTESIAN_POINT('',(14.0000002086163,-122.000001817942,0.));
#7415=CARTESIAN_POINT('',(9.50000010430813,-122.000001817942,0.));
#7416=CARTESIAN_POINT('',(14.0000002086163,-120.000001788139,0.));
#7417=CARTESIAN_POINT('',(14.0000002086163,-90.0000008940697,0.));
#7418=CARTESIAN_POINT('',(0.499999970197678,-120.000001788139,0.));
#7419=CARTESIAN_POINT('',(-23.0000003427267,-124.000001847744,0.));
#7420=CARTESIAN_POINT('',(-23.0000003427267,-126.000001877546,0.));
#7421=CARTESIAN_POINT('',(-23.0000003427267,-93.0000009387732,0.));
#7422=CARTESIAN_POINT('',(33.0000004917383,-126.000001877546,0.));
#7423=CARTESIAN_POINT('',(19.0000002458692,-126.000001877546,0.));
#7424=CARTESIAN_POINT('',(33.0000004917383,-124.000001847744,0.));
#7425=CARTESIAN_POINT('',(33.0000004917383,-92.000000923872,0.));
#7426=CARTESIAN_POINT('',(-9.00000017136335,-124.000001847744,0.));
#7427=CARTESIAN_POINT('Origin',(-25.000000372529,-120.000001788139,5.));
#7428=CARTESIAN_POINT('',(-7.00000037252902,-120.000001788139,5.));
#7429=CARTESIAN_POINT('',(-25.,-120.000001788139,2.5));
#7430=CARTESIAN_POINT('Origin',(-7.00000037252902,-122.000001817942,5.));
#7431=CARTESIAN_POINT('',(-25.,-122.000001817942,2.5));
#7432=CARTESIAN_POINT('',(-7.00000037252902,-122.000001817942,5.));
#7433=CARTESIAN_POINT('Origin',(-7.00000037252902,-120.000001788139,5.));
#7434=CARTESIAN_POINT('Origin',(33.0000004917383,-124.000001847744,5.));
#7435=CARTESIAN_POINT('',(33.0000004917383,-126.000001877546,5.));
#7436=CARTESIAN_POINT('',(33.0000004917383,-124.000001847744,5.));
#7437=CARTESIAN_POINT('Origin',(-23.0000003427267,-124.000001847744,5.));
#7438=CARTESIAN_POINT('',(-23.0000003427267,-124.000001847744,5.));
#7439=CARTESIAN_POINT('Origin',(-23.0000003427267,-126.000001877546,5.));
#7440=CARTESIAN_POINT('',(-23.0000003427267,-126.000001877546,5.));
#7441=CARTESIAN_POINT('Origin',(33.0000004917383,-126.000001877546,5.));
#7442=CARTESIAN_POINT('Origin',(17.0000002533197,-122.000001817942,5.));
#7443=CARTESIAN_POINT('',(17.0000002533197,-120.000001788139,5.));
#7444=CARTESIAN_POINT('',(17.0000002533197,-122.000001817942,5.));
#7445=CARTESIAN_POINT('Origin',(35.0000001909111,-122.000001817942,5.));
#7446=CARTESIAN_POINT('',(35.,-122.000001817942,2.5));
#7447=CARTESIAN_POINT('Origin',(17.0000002533197,-120.000001788139,5.));
#7448=CARTESIAN_POINT('',(35.,-120.000001788139,2.5));
#7449=CARTESIAN_POINT('Origin',(14.0000002086163,-120.000001788139,5.));
#7450=CARTESIAN_POINT('',(14.0000002086163,-122.000001817942,5.));
#7451=CARTESIAN_POINT('',(14.0000002086163,-120.000001788139,5.));
#7452=CARTESIAN_POINT('Origin',(-4.00000005960464,-120.000001788139,5.));
#7453=CARTESIAN_POINT('',(-4.00000005960464,-120.000001788139,5.));
#7454=CARTESIAN_POINT('Origin',(-4.00000005960464,-122.000001817942,5.));
#7455=CARTESIAN_POINT('',(-4.00000005960464,-122.000001817942,5.));
#7456=CARTESIAN_POINT('Origin',(14.0000002086163,-122.000001817942,5.));
#7457=CARTESIAN_POINT('Origin',(35.,-145.,0.));
#7458=CARTESIAN_POINT('',(35.,-114.000001698732,2.5));
#7459=CARTESIAN_POINT('Origin',(35.,-145.,0.));
#7460=CARTESIAN_POINT('Origin',(-25.,25.,0.));
#7461=CARTESIAN_POINT('Origin',(-25.,25.,0.));
#7462=CARTESIAN_POINT('',(-25.,-114.000001698732,2.5));
#7463=CARTESIAN_POINT('Origin',(17.0000002667442,-58.000000834465,5.));
#7464=CARTESIAN_POINT('',(17.000000260032,-56.000000834465,5.));
#7465=CARTESIAN_POINT('',(17.0000002667442,-58.000000834465,5.));
#7466=CARTESIAN_POINT('Origin',(35.0000002067864,-58.000000774055,5.));
#7467=CARTESIAN_POINT('',(35.,-58.000000774055,2.5));
#7468=CARTESIAN_POINT('Origin',(17.000000260032,-56.000000834465,5.));
#7469=CARTESIAN_POINT('',(35.,-56.000000774055,2.5));
#7470=CARTESIAN_POINT('Origin',(17.000000260032,-50.0000007152557,5.));
#7471=CARTESIAN_POINT('',(17.0000002533197,-48.0000007152557,5.));
#7472=CARTESIAN_POINT('',(17.000000260032,-50.0000007152557,5.));
#7473=CARTESIAN_POINT('Origin',(35.000000260032,-50.0000006548457,5.));
#7474=CARTESIAN_POINT('',(35.,-50.0000006548457,2.5));
#7475=CARTESIAN_POINT('Origin',(17.0000002533197,-48.0000007152557,5.));
#7476=CARTESIAN_POINT('',(35.,-48.0000006548457,2.5));
#7477=CARTESIAN_POINT('Origin',(32.9999996572733,-76.0000011324883,5.));
#7478=CARTESIAN_POINT('',(32.9999996572733,-78.0000011324883,5.));
#7479=CARTESIAN_POINT('',(32.9999996572733,-76.0000011324883,5.));
#7480=CARTESIAN_POINT('Origin',(-23.0000003427267,-76.0000011324883,5.));
#7481=CARTESIAN_POINT('',(-23.0000003427267,-76.0000011324883,5.));
#7482=CARTESIAN_POINT('Origin',(-23.0000003427267,-78.0000011324883,5.));
#7483=CARTESIAN_POINT('',(-23.0000003427267,-78.0000011324883,5.));
#7484=CARTESIAN_POINT('Origin',(32.9999996572733,-78.0000011324883,5.));
#7485=CARTESIAN_POINT('Origin',(-22.9999995082617,-92.0000013709068,5.));
#7486=CARTESIAN_POINT('',(33.0000004917383,-92.0000013709068,5.));
#7487=CARTESIAN_POINT('',(-22.9999995082617,-92.0000013709068,5.));
#7488=CARTESIAN_POINT('Origin',(-22.9999995082617,-94.0000014007092,5.));
#7489=CARTESIAN_POINT('',(-22.9999995082617,-94.0000014007092,5.));
#7490=CARTESIAN_POINT('Origin',(33.0000004917383,-94.0000014007092,5.));
#7491=CARTESIAN_POINT('',(33.0000004917383,-94.0000014007092,5.));
#7492=CARTESIAN_POINT('Origin',(33.0000004917383,-92.0000013709068,5.));
#7493=CARTESIAN_POINT('Origin',(32.9999996572733,-52.0000005869179,5.));
#7494=CARTESIAN_POINT('',(32.9999996639855,-54.0000005869179,5.));
#7495=CARTESIAN_POINT('',(32.9999996572733,-52.0000005869179,5.));
#7496=CARTESIAN_POINT('Origin',(-23.0000003427267,-52.0000007748604,5.));
#7497=CARTESIAN_POINT('',(-23.0000003427267,-52.0000007748604,5.));
#7498=CARTESIAN_POINT('Origin',(-23.0000003360145,-54.0000007748604,5.));
#7499=CARTESIAN_POINT('',(-23.0000003360145,-54.0000007748604,5.));
#7500=CARTESIAN_POINT('Origin',(32.9999996639855,-54.0000005869179,5.));
#7501=CARTESIAN_POINT('Origin',(17.0000002533197,-106.000001549721,5.));
#7502=CARTESIAN_POINT('',(17.0000002533197,-104.000001549721,5.));
#7503=CARTESIAN_POINT('',(17.0000002533197,-106.000001549721,5.));
#7504=CARTESIAN_POINT('Origin',(35.0000002533197,-106.000001549721,5.));
#7505=CARTESIAN_POINT('',(35.,-106.000001549721,2.5));
#7506=CARTESIAN_POINT('Origin',(17.0000002533197,-104.000001549721,5.));
#7507=CARTESIAN_POINT('',(35.,-104.000001549721,2.5));
#7508=CARTESIAN_POINT('Origin',(-7.00000010430813,-96.0000014305115,5.));
#7509=CARTESIAN_POINT('',(-7.00000010430813,-98.0000014603138,5.));
#7510=CARTESIAN_POINT('',(-7.00000010430813,-96.0000014305115,5.));
#7511=CARTESIAN_POINT('Origin',(-25.000000372529,-96.0000014305115,5.));
#7512=CARTESIAN_POINT('',(-25.,-96.0000014305115,2.5));
#7513=CARTESIAN_POINT('Origin',(-7.00000010430813,-98.0000014603138,5.));
#7514=CARTESIAN_POINT('',(-25.,-98.0000014603138,2.5));
#7515=CARTESIAN_POINT('Origin',(14.0000002086163,-64.0000009536743,5.));
#7516=CARTESIAN_POINT('',(14.0000002086163,-66.0000009834766,5.));
#7517=CARTESIAN_POINT('',(14.0000002086163,-64.0000009536743,5.));
#7518=CARTESIAN_POINT('Origin',(-4.00000005960464,-64.0000009536743,5.));
#7519=CARTESIAN_POINT('',(-4.00000005960464,-64.0000009536743,5.));
#7520=CARTESIAN_POINT('Origin',(-4.00000005960464,-66.0000009834766,5.));
#7521=CARTESIAN_POINT('',(-4.00000005960464,-66.0000009834766,5.));
#7522=CARTESIAN_POINT('Origin',(14.0000002086163,-66.0000009834766,5.));
#7523=CARTESIAN_POINT('Origin',(14.0000002086163,-104.000001549721,5.));
#7524=CARTESIAN_POINT('',(14.0000002086163,-106.000001549721,5.));
#7525=CARTESIAN_POINT('',(14.0000002086163,-104.000001549721,5.));
#7526=CARTESIAN_POINT('Origin',(-4.00000005960464,-104.000001549721,5.));
#7527=CARTESIAN_POINT('',(-4.00000005960464,-104.000001549721,5.));
#7528=CARTESIAN_POINT('Origin',(-4.00000005960464,-106.000001549721,5.));
#7529=CARTESIAN_POINT('',(-4.00000005960464,-106.000001549721,5.));
#7530=CARTESIAN_POINT('Origin',(14.0000002086163,-106.000001549721,5.));
#7531=CARTESIAN_POINT('Origin',(17.0000002533197,-66.0000009834766,5.));
#7532=CARTESIAN_POINT('',(17.0000002533197,-64.0000009536743,5.));
#7533=CARTESIAN_POINT('',(17.0000002533197,-66.0000009834766,5.));
#7534=CARTESIAN_POINT('Origin',(35.0000001812075,-66.0000009834766,5.));
#7535=CARTESIAN_POINT('',(35.,-66.0000009834766,2.5));
#7536=CARTESIAN_POINT('Origin',(17.0000002533197,-64.0000009536743,5.));
#7537=CARTESIAN_POINT('',(35.,-64.0000009536743,2.5));
#7538=CARTESIAN_POINT('Origin',(-25.000000372529,-64.0000009536743,5.));
#7539=CARTESIAN_POINT('',(-7.00000010430813,-64.0000009536743,5.));
#7540=CARTESIAN_POINT('',(-25.,-64.0000009536743,2.5));
#7541=CARTESIAN_POINT('Origin',(-7.00000010430813,-66.0000009834766,5.));
#7542=CARTESIAN_POINT('',(-25.,-66.0000009834766,2.5));
#7543=CARTESIAN_POINT('',(-7.00000010430813,-66.0000009834766,5.));
#7544=CARTESIAN_POINT('Origin',(-7.00000010430813,-64.0000009536743,5.));
#7545=CARTESIAN_POINT('Origin',(32.9874387573491,-100.000001490116,5.));
#7546=CARTESIAN_POINT('',(32.9874387573491,-102.000001519918,5.));
#7547=CARTESIAN_POINT('',(32.9874387573491,-100.000001490116,5.));
#7548=CARTESIAN_POINT('Origin',(-23.0000003427267,-100.000001490116,5.));
#7549=CARTESIAN_POINT('',(-23.0000003427267,-100.000001490116,5.));
#7550=CARTESIAN_POINT('Origin',(-23.0000003427267,-102.000001519918,5.));
#7551=CARTESIAN_POINT('',(-23.0000003427267,-102.000001519918,5.));
#7552=CARTESIAN_POINT('Origin',(32.9874387573491,-102.000001519918,5.));
#7553=CARTESIAN_POINT('Origin',(-25.000000372529,-72.0000010728836,5.));
#7554=CARTESIAN_POINT('',(-7.00000010430813,-72.0000010728836,5.));
#7555=CARTESIAN_POINT('',(-25.,-72.0000010728836,2.5));
#7556=CARTESIAN_POINT('Origin',(-7.00000010430813,-74.0000011026859,5.));
#7557=CARTESIAN_POINT('',(-25.,-74.0000011026859,2.5));
#7558=CARTESIAN_POINT('',(-7.00000010430813,-74.0000011026859,5.));
#7559=CARTESIAN_POINT('Origin',(-7.00000010430813,-72.0000010728836,5.));
#7560=CARTESIAN_POINT('Origin',(-25.000000372529,-104.000001549721,5.));
#7561=CARTESIAN_POINT('',(-7.00000010430813,-104.000001549721,5.));
#7562=CARTESIAN_POINT('',(-25.,-104.000001549721,2.5));
#7563=CARTESIAN_POINT('Origin',(-7.00000010430813,-106.000001549721,5.));
#7564=CARTESIAN_POINT('',(-25.,-106.000001549721,2.5));
#7565=CARTESIAN_POINT('',(-7.00000010430813,-106.000001549721,5.));
#7566=CARTESIAN_POINT('Origin',(-7.00000010430813,-104.000001549721,5.));
#7567=CARTESIAN_POINT('Origin',(17.0000002533197,-98.0000014603138,5.));
#7568=CARTESIAN_POINT('',(17.0000002533197,-96.0000014305115,5.));
#7569=CARTESIAN_POINT('',(17.0000002533197,-98.0000014603138,5.));
#7570=CARTESIAN_POINT('Origin',(35.0000005215406,-98.0000014603138,5.));
#7571=CARTESIAN_POINT('',(35.,-98.0000014603138,2.5));
#7572=CARTESIAN_POINT('Origin',(17.0000002533197,-96.0000014305115,5.));
#7573=CARTESIAN_POINT('',(35.,-96.0000014305115,2.5));
#7574=CARTESIAN_POINT('Origin',(13.9999999403954,-48.0000006548457,5.));
#7575=CARTESIAN_POINT('',(13.9999999471076,-50.0000006548457,5.));
#7576=CARTESIAN_POINT('',(13.9999999403954,-48.0000006548457,5.));
#7577=CARTESIAN_POINT('Origin',(-4.00000005960464,-48.0000007152557,5.));
#7578=CARTESIAN_POINT('',(-4.00000005960464,-48.0000007152557,5.));
#7579=CARTESIAN_POINT('Origin',(-4.00000005289241,-50.0000007152557,5.));
#7580=CARTESIAN_POINT('',(-4.00000005289241,-50.0000007152557,5.));
#7581=CARTESIAN_POINT('Origin',(13.9999999471076,-50.0000006548457,5.));
#7582=CARTESIAN_POINT('Origin',(14.0000002086163,-88.0000013113022,5.));
#7583=CARTESIAN_POINT('',(14.0000002086163,-90.0000013411045,5.));
#7584=CARTESIAN_POINT('',(14.0000002086163,-88.0000013113022,5.));
#7585=CARTESIAN_POINT('Origin',(-4.00000005960464,-88.0000013113022,5.));
#7586=CARTESIAN_POINT('',(-4.00000005960464,-88.0000013113022,5.));
#7587=CARTESIAN_POINT('Origin',(-4.00000005960464,-90.0000013411045,5.));
#7588=CARTESIAN_POINT('',(-4.00000005960464,-90.0000013411045,5.));
#7589=CARTESIAN_POINT('Origin',(14.0000002086163,-90.0000013411045,5.));
#7590=CARTESIAN_POINT('Origin',(14.0000002086163,-72.0000010728836,5.));
#7591=CARTESIAN_POINT('',(14.0000002086163,-74.0000011026859,5.));
#7592=CARTESIAN_POINT('',(14.0000002086163,-72.0000010728836,5.));
#7593=CARTESIAN_POINT('Origin',(-4.00000005960464,-72.0000010728836,5.));
#7594=CARTESIAN_POINT('',(-4.00000005960464,-72.0000010728836,5.));
#7595=CARTESIAN_POINT('Origin',(-4.00000005960464,-74.0000011026859,5.));
#7596=CARTESIAN_POINT('',(-4.00000005960464,-74.0000011026859,5.));
#7597=CARTESIAN_POINT('Origin',(14.0000002086163,-74.0000011026859,5.));
#7598=CARTESIAN_POINT('Origin',(-25.000000372529,-40.0000005960464,5.));
#7599=CARTESIAN_POINT('',(-7.00000037252903,-40.0000005356364,5.));
#7600=CARTESIAN_POINT('',(-25.,-40.0000005960464,2.5));
#7601=CARTESIAN_POINT('Origin',(-7.0000003658168,-42.0000005356364,5.));
#7602=CARTESIAN_POINT('',(-25.,-42.0000005960464,2.5));
#7603=CARTESIAN_POINT('',(-7.0000003658168,-42.0000005356364,5.));
#7604=CARTESIAN_POINT('Origin',(-7.00000037252903,-40.0000005356364,5.));
#7605=CARTESIAN_POINT('Origin',(32.9999996572733,-60.0000008940697,5.));
#7606=CARTESIAN_POINT('',(32.9999996572733,-62.000000923872,5.));
#7607=CARTESIAN_POINT('',(32.9999996572733,-60.0000008940697,5.));
#7608=CARTESIAN_POINT('Origin',(-23.0000003427267,-60.0000008940697,5.));
#7609=CARTESIAN_POINT('',(-23.0000003427267,-60.0000008940697,5.));
#7610=CARTESIAN_POINT('Origin',(-23.0000003427267,-62.000000923872,5.));
#7611=CARTESIAN_POINT('',(-23.0000003427267,-62.000000923872,5.));
#7612=CARTESIAN_POINT('Origin',(32.9999996572733,-62.000000923872,5.));
#7613=CARTESIAN_POINT('Origin',(-23.0000003427267,-118.000001758337,5.));
#7614=CARTESIAN_POINT('',(-23.0000003427267,-116.000001728535,5.));
#7615=CARTESIAN_POINT('',(-23.0000003427267,-118.000001758337,5.));
#7616=CARTESIAN_POINT('Origin',(33.0000004917383,-118.000001758337,5.));
#7617=CARTESIAN_POINT('',(33.0000004917383,-118.000001758337,5.));
#7618=CARTESIAN_POINT('Origin',(33.0000004917383,-116.000001728535,5.));
#7619=CARTESIAN_POINT('',(33.0000004917383,-116.000001728535,5.));
#7620=CARTESIAN_POINT('Origin',(-23.0000003427267,-116.000001728535,5.));
#7621=CARTESIAN_POINT('Origin',(-25.000000372529,-56.000000834465,5.));
#7622=CARTESIAN_POINT('',(-7.00000037252903,-56.000000834465,5.));
#7623=CARTESIAN_POINT('',(-25.,-56.000000834465,2.5));
#7624=CARTESIAN_POINT('Origin',(-7.00000037252903,-58.000000834465,5.));
#7625=CARTESIAN_POINT('',(-25.,-58.000000834465,2.5));
#7626=CARTESIAN_POINT('',(-7.00000037252903,-58.000000834465,5.));
#7627=CARTESIAN_POINT('Origin',(-7.00000037252903,-56.000000834465,5.));
#7628=CARTESIAN_POINT('Origin',(14.0000002086163,-80.0000011920929,5.));
#7629=CARTESIAN_POINT('',(14.0000002086163,-82.0000012218952,5.));
#7630=CARTESIAN_POINT('',(14.0000002086163,-80.0000011920929,5.));
#7631=CARTESIAN_POINT('Origin',(-4.00000005960464,-80.0000011920929,5.));
#7632=CARTESIAN_POINT('',(-4.00000005960464,-80.0000011920929,5.));
#7633=CARTESIAN_POINT('Origin',(-4.00000005960464,-82.0000012218952,5.));
#7634=CARTESIAN_POINT('',(-4.00000005960464,-82.0000012218952,5.));
#7635=CARTESIAN_POINT('Origin',(14.0000002086163,-82.0000012218952,5.));
#7636=CARTESIAN_POINT('Origin',(13.9999999403954,-40.0000005960464,5.));
#7637=CARTESIAN_POINT('',(13.9999999403954,-42.0000006258488,5.));
#7638=CARTESIAN_POINT('',(13.9999999403954,-40.0000005960464,5.));
#7639=CARTESIAN_POINT('Origin',(-4.00000005960464,-40.0000005960464,5.));
#7640=CARTESIAN_POINT('',(-4.00000005960464,-40.0000005960464,5.));
#7641=CARTESIAN_POINT('Origin',(-4.00000005960464,-42.0000006258488,5.));
#7642=CARTESIAN_POINT('',(-4.00000005960464,-42.0000006258488,5.));
#7643=CARTESIAN_POINT('Origin',(13.9999999403954,-42.0000006258488,5.));
#7644=CARTESIAN_POINT('Origin',(17.0000002533197,-82.0000012218952,5.));
#7645=CARTESIAN_POINT('',(17.0000002533197,-80.0000011920929,5.));
#7646=CARTESIAN_POINT('',(17.0000002533197,-82.0000012218952,5.));
#7647=CARTESIAN_POINT('Origin',(35.0000005215406,-82.0000012218952,5.));
#7648=CARTESIAN_POINT('',(35.,-82.0000012218952,2.5));
#7649=CARTESIAN_POINT('Origin',(17.0000002533197,-80.0000011920929,5.));
#7650=CARTESIAN_POINT('',(35.,-80.0000011920929,2.5));
#7651=CARTESIAN_POINT('Origin',(17.0000002533197,-114.000001698732,5.));
#7652=CARTESIAN_POINT('',(17.0000002533197,-112.00000166893,5.));
#7653=CARTESIAN_POINT('',(17.0000002533197,-114.000001698732,5.));
#7654=CARTESIAN_POINT('Origin',(35.0000002533197,-114.000001698732,5.));
#7655=CARTESIAN_POINT('Origin',(17.0000002533197,-112.00000166893,5.));
#7656=CARTESIAN_POINT('',(35.,-112.00000166893,2.5));
#7657=CARTESIAN_POINT('Origin',(-7.00000010430813,-88.0000013113022,5.));
#7658=CARTESIAN_POINT('',(-7.00000010430813,-90.0000013411045,5.));
#7659=CARTESIAN_POINT('',(-7.00000010430813,-88.0000013113022,5.));
#7660=CARTESIAN_POINT('Origin',(-25.000000372529,-88.0000013113022,5.));
#7661=CARTESIAN_POINT('',(-25.,-88.0000013113022,2.5));
#7662=CARTESIAN_POINT('Origin',(-7.00000010430813,-90.0000013411045,5.));
#7663=CARTESIAN_POINT('',(-25.,-90.0000013411045,2.5));
#7664=CARTESIAN_POINT('Origin',(32.9999996572733,-68.000001013279,5.));
#7665=CARTESIAN_POINT('',(32.9999996572733,-70.0000010430813,5.));
#7666=CARTESIAN_POINT('',(32.9999996572733,-68.000001013279,5.));
#7667=CARTESIAN_POINT('Origin',(-23.0000003427267,-68.000001013279,5.));
#7668=CARTESIAN_POINT('',(-23.0000003427267,-68.000001013279,5.));
#7669=CARTESIAN_POINT('Origin',(-23.0000003427267,-70.0000010430813,5.));
#7670=CARTESIAN_POINT('',(-23.0000003427267,-70.0000010430813,5.));
#7671=CARTESIAN_POINT('Origin',(32.9999996572733,-70.0000010430813,5.));
#7672=CARTESIAN_POINT('Origin',(32.9999996572733,-108.000001609325,5.));
#7673=CARTESIAN_POINT('',(32.9999996572733,-110.000001639128,5.));
#7674=CARTESIAN_POINT('',(32.9999996572733,-108.000001609325,5.));
#7675=CARTESIAN_POINT('Origin',(-23.0000003427267,-108.000001609325,5.));
#7676=CARTESIAN_POINT('',(-23.0000003427267,-108.000001609325,5.));
#7677=CARTESIAN_POINT('Origin',(-23.0000003427267,-110.000001639128,5.));
#7678=CARTESIAN_POINT('',(-23.0000003427267,-110.000001639128,5.));
#7679=CARTESIAN_POINT('Origin',(32.9999996572733,-110.000001639128,5.));
#7680=CARTESIAN_POINT('Origin',(17.0000002533197,-74.0000011026859,5.));
#7681=CARTESIAN_POINT('',(17.0000002533197,-72.0000010728836,5.));
#7682=CARTESIAN_POINT('',(17.0000002533197,-74.0000011026859,5.));
#7683=CARTESIAN_POINT('Origin',(35.0000005215406,-74.0000011026859,5.));
#7684=CARTESIAN_POINT('',(35.,-74.0000011026859,2.5));
#7685=CARTESIAN_POINT('Origin',(17.0000002533197,-72.0000010728836,5.));
#7686=CARTESIAN_POINT('',(35.,-72.0000010728836,2.5));
#7687=CARTESIAN_POINT('Origin',(13.9999999403954,-112.00000166893,5.));
#7688=CARTESIAN_POINT('',(13.9999999403954,-114.000001698732,5.));
#7689=CARTESIAN_POINT('',(13.9999999403954,-112.00000166893,5.));
#7690=CARTESIAN_POINT('Origin',(-4.00000005960464,-112.00000166893,5.));
#7691=CARTESIAN_POINT('',(-4.00000005960464,-112.00000166893,5.));
#7692=CARTESIAN_POINT('Origin',(-4.00000005960464,-114.000001698732,5.));
#7693=CARTESIAN_POINT('',(-4.00000005960464,-114.000001698732,5.));
#7694=CARTESIAN_POINT('Origin',(13.9999999403954,-114.000001698732,5.));
#7695=CARTESIAN_POINT('Origin',(14.0000002086163,-96.0000014305115,5.));
#7696=CARTESIAN_POINT('',(14.0000002086163,-98.0000014603138,5.));
#7697=CARTESIAN_POINT('',(14.0000002086163,-96.0000014305115,5.));
#7698=CARTESIAN_POINT('Origin',(-4.00000005960464,-96.0000014305115,5.));
#7699=CARTESIAN_POINT('',(-4.00000005960464,-96.0000014305115,5.));
#7700=CARTESIAN_POINT('Origin',(-4.00000005960464,-98.0000014603138,5.));
#7701=CARTESIAN_POINT('',(-4.00000005960464,-98.0000014603138,5.));
#7702=CARTESIAN_POINT('Origin',(14.0000002086163,-98.0000014603138,5.));
#7703=CARTESIAN_POINT('Origin',(-25.000000372529,-80.0000011920929,5.));
#7704=CARTESIAN_POINT('',(-7.00000037252902,-80.0000011920929,5.));
#7705=CARTESIAN_POINT('',(-25.,-80.0000011920929,2.5));
#7706=CARTESIAN_POINT('Origin',(-7.00000037252902,-82.0000012218952,5.));
#7707=CARTESIAN_POINT('',(-25.,-82.0000012218952,2.5));
#7708=CARTESIAN_POINT('',(-7.00000037252902,-82.0000012218952,5.));
#7709=CARTESIAN_POINT('Origin',(-7.00000037252902,-80.0000011920929,5.));
#7710=CARTESIAN_POINT('Origin',(-25.000000372529,-112.00000166893,5.));
#7711=CARTESIAN_POINT('',(-7.00000010430813,-112.00000166893,5.));
#7712=CARTESIAN_POINT('',(-25.,-112.00000166893,2.5));
#7713=CARTESIAN_POINT('Origin',(-7.00000010430813,-114.000001698732,5.));
#7714=CARTESIAN_POINT('',(-7.00000010430813,-114.000001698732,5.));
#7715=CARTESIAN_POINT('Origin',(-7.00000010430813,-112.00000166893,5.));
#7716=CARTESIAN_POINT('Origin',(17.0000002533197,-90.0000013411045,5.));
#7717=CARTESIAN_POINT('',(17.0000002533197,-88.0000013113022,5.));
#7718=CARTESIAN_POINT('',(17.0000002533197,-90.0000013411045,5.));
#7719=CARTESIAN_POINT('Origin',(35.0000005215406,-90.0000013411045,5.));
#7720=CARTESIAN_POINT('',(35.,-90.0000013411045,2.5));
#7721=CARTESIAN_POINT('Origin',(17.0000002533197,-88.0000013113022,5.));
#7722=CARTESIAN_POINT('',(35.,-88.0000013113022,2.5));
#7723=CARTESIAN_POINT('Origin',(32.9999996572733,-44.0000004677086,5.));
#7724=CARTESIAN_POINT('',(32.9999996648967,-46.2714997254758,5.));
#7725=CARTESIAN_POINT('',(32.9999996572733,-44.0000004677086,5.));
#7726=CARTESIAN_POINT('Origin',(-23.0000003427267,-44.0000006556511,5.));
#7727=CARTESIAN_POINT('',(-23.0000003427267,-44.0000006556511,5.));
#7728=CARTESIAN_POINT('Origin',(-23.0000003351033,-46.2714999134183,5.));
#7729=CARTESIAN_POINT('',(-23.0000003351033,-46.2714999134183,5.));
#7730=CARTESIAN_POINT('Origin',(32.9999996648967,-46.2714997254758,5.));
#7731=CARTESIAN_POINT('Origin',(32.9999996572733,-84.0000012516975,5.));
#7732=CARTESIAN_POINT('',(32.9999996572733,-86.0000012814999,5.));
#7733=CARTESIAN_POINT('',(32.9999996572733,-84.0000012516975,5.));
#7734=CARTESIAN_POINT('Origin',(-23.0000003427267,-84.0000012516975,5.));
#7735=CARTESIAN_POINT('',(-23.0000003427267,-84.0000012516975,5.));
#7736=CARTESIAN_POINT('Origin',(-23.0000003427267,-86.0000012814999,5.));
#7737=CARTESIAN_POINT('',(-23.0000003427267,-86.0000012814999,5.));
#7738=CARTESIAN_POINT('Origin',(32.9999996572733,-86.0000012814999,5.));
#7739=CARTESIAN_POINT('Origin',(-7.00000010430813,-48.0000007152557,5.));
#7740=CARTESIAN_POINT('',(-7.00000010430813,-50.0000007450581,5.));
#7741=CARTESIAN_POINT('',(-7.00000010430813,-48.0000007152557,5.));
#7742=CARTESIAN_POINT('Origin',(-25.000000372529,-48.0000007152557,5.));
#7743=CARTESIAN_POINT('',(-25.,-48.0000007152557,2.5));
#7744=CARTESIAN_POINT('Origin',(-7.00000010430813,-50.0000007450581,5.));
#7745=CARTESIAN_POINT('',(-25.,-50.0000007450581,2.5));
#7746=CARTESIAN_POINT('Origin',(17.0000002533197,-42.0000006258488,5.));
#7747=CARTESIAN_POINT('',(17.0000002533197,-40.0000005960464,5.));
#7748=CARTESIAN_POINT('',(17.0000002533197,-42.0000006258488,5.));
#7749=CARTESIAN_POINT('Origin',(35.0000002533197,-42.0000006258488,5.));
#7750=CARTESIAN_POINT('',(35.,-42.0000006258488,2.5));
#7751=CARTESIAN_POINT('Origin',(17.0000002533197,-40.0000005960464,5.));
#7752=CARTESIAN_POINT('',(35.,-40.0000005960464,2.5));
#7753=CARTESIAN_POINT('Origin',(13.9999999403954,-56.000000834465,5.));
#7754=CARTESIAN_POINT('',(13.9999999403954,-58.000000834465,5.));
#7755=CARTESIAN_POINT('',(13.9999999403954,-56.000000834465,5.));
#7756=CARTESIAN_POINT('Origin',(-4.00000005960464,-56.000000834465,5.));
#7757=CARTESIAN_POINT('',(-4.00000005960464,-56.000000834465,5.));
#7758=CARTESIAN_POINT('Origin',(-4.00000005960464,-58.000000834465,5.));
#7759=CARTESIAN_POINT('',(-4.00000005960464,-58.000000834465,5.));
#7760=CARTESIAN_POINT('Origin',(13.9999999403954,-58.000000834465,5.));
#7761=CARTESIAN_POINT('Origin',(-25.,25.,0.));
#7762=CARTESIAN_POINT('',(-25.,-34.0000005066395,2.5));
#7763=CARTESIAN_POINT('Origin',(-25.,25.,0.));
#7764=CARTESIAN_POINT('Origin',(-25.,25.,0.));
#7765=CARTESIAN_POINT('Origin',(-25.,25.,0.));
#7766=CARTESIAN_POINT('Origin',(-25.,25.,0.));
#7767=CARTESIAN_POINT('Origin',(-25.,25.,0.));
#7768=CARTESIAN_POINT('Origin',(-25.,25.,0.));
#7769=CARTESIAN_POINT('Origin',(-25.,25.,0.));
#7770=CARTESIAN_POINT('Origin',(-25.,25.,0.));
#7771=CARTESIAN_POINT('Origin',(35.,-145.,0.));
#7772=CARTESIAN_POINT('',(35.,-34.0000004768372,2.5));
#7773=CARTESIAN_POINT('Origin',(35.,-145.,0.));
#7774=CARTESIAN_POINT('Origin',(35.,-145.,0.));
#7775=CARTESIAN_POINT('Origin',(35.,-145.,0.));
#7776=CARTESIAN_POINT('Origin',(35.,-145.,0.));
#7777=CARTESIAN_POINT('Origin',(35.,-145.,0.));
#7778=CARTESIAN_POINT('Origin',(35.,-145.,0.));
#7779=CARTESIAN_POINT('Origin',(35.,-145.,0.));
#7780=CARTESIAN_POINT('Origin',(35.,-145.,0.));
#7781=CARTESIAN_POINT('Origin',(32.9999996572733,-28.0000004172325,5.));
#7782=CARTESIAN_POINT('',(32.9999996572733,-30.0000004172325,5.));
#7783=CARTESIAN_POINT('',(32.9999996572733,-28.0000004172325,5.));
#7784=CARTESIAN_POINT('Origin',(-23.0000003427267,-28.0000004172325,5.));
#7785=CARTESIAN_POINT('',(-23.0000003427267,-28.0000004172325,5.));
#7786=CARTESIAN_POINT('Origin',(-23.0000003427267,-30.0000004172325,5.));
#7787=CARTESIAN_POINT('',(-23.0000003427267,-30.0000004172325,5.));
#7788=CARTESIAN_POINT('Origin',(32.9999996572733,-30.0000004172325,5.));
#7789=CARTESIAN_POINT('Origin',(32.9999996572733,-36.0000005364418,5.));
#7790=CARTESIAN_POINT('',(32.9999996572733,-38.0000005662441,5.));
#7791=CARTESIAN_POINT('',(32.9999996572733,-36.0000005364418,5.));
#7792=CARTESIAN_POINT('Origin',(-23.0000003427267,-36.0000005364418,5.));
#7793=CARTESIAN_POINT('',(-23.0000003427267,-36.0000005364418,5.));
#7794=CARTESIAN_POINT('Origin',(-23.0000003427267,-38.0000005662441,5.));
#7795=CARTESIAN_POINT('',(-23.0000003427267,-38.0000005662441,5.));
#7796=CARTESIAN_POINT('Origin',(32.9999996572733,-38.0000005662441,5.));
#7797=CARTESIAN_POINT('Origin',(13.9999999403954,-32.0000004768372,5.));
#7798=CARTESIAN_POINT('',(13.9999999403954,-34.0000004768372,5.));
#7799=CARTESIAN_POINT('',(13.9999999403954,-32.0000004768372,5.));
#7800=CARTESIAN_POINT('Origin',(-4.00000005960464,-32.0000004768372,5.));
#7801=CARTESIAN_POINT('',(-4.00000005960464,-32.0000004768372,5.));
#7802=CARTESIAN_POINT('Origin',(-4.00000005960464,-34.0000004768372,5.));
#7803=CARTESIAN_POINT('',(-4.00000005960464,-34.0000004768372,5.));
#7804=CARTESIAN_POINT('Origin',(13.9999999403954,-34.0000004768372,5.));
#7805=CARTESIAN_POINT('Origin',(17.0000002533197,-34.0000004768372,5.));
#7806=CARTESIAN_POINT('',(17.0000002533197,-32.0000004768372,5.));
#7807=CARTESIAN_POINT('',(17.0000002533197,-34.0000004768372,5.));
#7808=CARTESIAN_POINT('Origin',(35.0000002533197,-34.0000004768372,5.));
#7809=CARTESIAN_POINT('Origin',(17.0000002533197,-32.0000004768372,5.));
#7810=CARTESIAN_POINT('',(35.,-32.0000004768372,2.5));
#7811=CARTESIAN_POINT('Origin',(-7.00000010430813,-32.0000004768372,5.));
#7812=CARTESIAN_POINT('',(-7.00000010430813,-34.0000005066395,5.));
#7813=CARTESIAN_POINT('',(-7.00000010430813,-32.0000004768372,5.));
#7814=CARTESIAN_POINT('Origin',(-25.000000372529,-32.0000004768372,5.));
#7815=CARTESIAN_POINT('',(-25.,-32.0000004768372,2.5));
#7816=CARTESIAN_POINT('Origin',(-7.00000010430813,-34.0000005066395,5.));
#7817=CARTESIAN_POINT('Origin',(35.,-145.,0.));
#7818=CARTESIAN_POINT('Origin',(35.,-145.,0.));
#7819=CARTESIAN_POINT('Origin',(-25.,25.,0.));
#7820=CARTESIAN_POINT('Origin',(-25.,25.,0.));
#7821=UNCERTAINTY_MEASURE_WITH_UNIT(LENGTH_MEASURE(0.01),#7825,
'DISTANCE_ACCURACY_VALUE',
'Maximum model space distance between geometric entities at asserted c
onnectivities');
#7822=UNCERTAINTY_MEASURE_WITH_UNIT(LENGTH_MEASURE(0.01),#7825,
'DISTANCE_ACCURACY_VALUE',
'Maximum model space distance between geometric entities at asserted c
onnectivities');
#7823=(
GEOMETRIC_REPRESENTATION_CONTEXT(3)
GLOBAL_UNCERTAINTY_ASSIGNED_CONTEXT((#7821))
GLOBAL_UNIT_ASSIGNED_CONTEXT((#7825,#7827,#7828))
REPRESENTATION_CONTEXT('','3D')
);
#7824=(
GEOMETRIC_REPRESENTATION_CONTEXT(3)
GLOBAL_UNCERTAINTY_ASSIGNED_CONTEXT((#7822))
GLOBAL_UNIT_ASSIGNED_CONTEXT((#7825,#7827,#7828))
REPRESENTATION_CONTEXT('','3D')
);
#7825=(
LENGTH_UNIT()
NAMED_UNIT(*)
SI_UNIT(.MILLI.,.METRE.)
);
#7826=(
LENGTH_UNIT()
NAMED_UNIT(*)
SI_UNIT($,.METRE.)
);
#7827=(
NAMED_UNIT(*)
PLANE_ANGLE_UNIT()
SI_UNIT($,.RADIAN.)
);
#7828=(
NAMED_UNIT(*)
SI_UNIT($,.STERADIAN.)
SOLID_ANGLE_UNIT()
);
#7829=SHAPE_DEFINITION_REPRESENTATION(#7830,#7831);
#7830=PRODUCT_DEFINITION_SHAPE('',$,#7833);
#7831=SHAPE_REPRESENTATION('',(#5009),#7823);
#7832=PRODUCT_DEFINITION_CONTEXT('part definition',#7837,'design');
#7833=PRODUCT_DEFINITION('(Unsaved)','(Unsaved)',#7834,#7832);
#7834=PRODUCT_DEFINITION_FORMATION('',$,#7839);
#7835=PRODUCT_RELATED_PRODUCT_CATEGORY('(Unsaved)','(Unsaved)',(#7839));
#7836=APPLICATION_PROTOCOL_DEFINITION('international standard',
'automotive_design',2009,#7837);
#7837=APPLICATION_CONTEXT(
'Core Data for Automotive Mechanical Design Process');
#7838=PRODUCT_CONTEXT('part definition',#7837,'mechanical');
#7839=PRODUCT('(Unsaved)','(Unsaved)',$,(#7838));
#7840=PRESENTATION_STYLE_ASSIGNMENT((#7841));
#7841=SURFACE_STYLE_USAGE(.BOTH.,#7842);
#7842=SURFACE_SIDE_STYLE('',(#7843));
#7843=SURFACE_STYLE_FILL_AREA(#7844);
#7844=FILL_AREA_STYLE('Steel - Satin',(#7845));
#7845=FILL_AREA_STYLE_COLOUR('Steel - Satin',#7846);
#7846=COLOUR_RGB('Steel - Satin',0.627450980392157,0.627450980392157,0.627450980392157);
ENDSEC;
END-ISO-10303-21;
