ISO-10303-21;
HEADER;
/* Generated by software containing ST-Developer
 * from STEP Tools, Inc. (www.steptools.com) 
 */

FILE_DESCRIPTION(
/* description */ (''),
/* implementation_level */ '2;1');

FILE_NAME(
/* name */ 'bobida.step',
/* time_stamp */ '2026-07-02T14:42:38+05:30',
/* author */ (''),
/* organization */ (''),
/* preprocessor_version */ 'ST-DEVELOPER v20.1',
/* originating_system */ 'Autodesk Translation Framework v15.8.0.0',
/* authorisation */ '');

FILE_SCHEMA (('AUTOMOTIVE_DESIGN { 1 0 10303 214 3 1 1 }'));
ENDSEC;

DATA;
#10=MECHANICAL_DESIGN_GEOMETRIC_PRESENTATION_REPRESENTATION('',(#19,#20,
#21),#6678);
#11=SHAPE_REPRESENTATION_RELATIONSHIP('SRR','None',#6685,#12);
#12=ADVANCED_BREP_SHAPE_REPRESENTATION('',(#22,#23,#24),#6677);
#13=(
BOUNDED_CURVE()
B_SPLINE_CURVE(2,(#4627,#4628,#4629),.UNSPECIFIED.,.F.,.F.)
B_SPLINE_CURVE_WITH_KNOTS((3,3),(0.210158796640063,2.2357989953744),
 .UNSPECIFIED.)
CURVE()
GEOMETRIC_REPRESENTATION_ITEM()
RATIONAL_B_SPLINE_CURVE((1.,1.,1.))
REPRESENTATION_ITEM('')
);
#14=(
BOUNDED_CURVE()
B_SPLINE_CURVE(2,(#4632,#4633,#4634),.UNSPECIFIED.,.F.,.F.)
B_SPLINE_CURVE_WITH_KNOTS((3,3),(0.,2.0237738712484),.UNSPECIFIED.)
CURVE()
GEOMETRIC_REPRESENTATION_ITEM()
RATIONAL_B_SPLINE_CURVE((1.,1.0000033199441,1.00000000595555))
REPRESENTATION_ITEM('')
);
#15=(
BOUNDED_CURVE()
B_SPLINE_CURVE(2,(#4714,#4715,#4716),.UNSPECIFIED.,.F.,.F.)
B_SPLINE_CURVE_WITH_KNOTS((3,3),(3.84120871153034,6.43580840194756),
 .UNSPECIFIED.)
CURVE()
GEOMETRIC_REPRESENTATION_ITEM()
RATIONAL_B_SPLINE_CURVE((1.,1.,1.))
REPRESENTATION_ITEM('')
);
#16=(
BOUNDED_CURVE()
B_SPLINE_CURVE(2,(#4718,#4719,#4720),.UNSPECIFIED.,.F.,.F.)
B_SPLINE_CURVE_WITH_KNOTS((3,3),(0.13968021209977,1.38985014410574),
 .UNSPECIFIED.)
CURVE()
GEOMETRIC_REPRESENTATION_ITEM()
RATIONAL_B_SPLINE_CURVE((1.,1.,1.))
REPRESENTATION_ITEM('')
);
#17=(
BOUNDED_CURVE()
B_SPLINE_CURVE(2,(#4746,#4747,#4748),.UNSPECIFIED.,.F.,.F.)
B_SPLINE_CURVE_WITH_KNOTS((3,3),(0.173884945655753,1.70835660193529),
 .UNSPECIFIED.)
CURVE()
GEOMETRIC_REPRESENTATION_ITEM()
RATIONAL_B_SPLINE_CURVE((1.,1.,1.))
REPRESENTATION_ITEM('')
);
#18=(
BOUNDED_CURVE()
B_SPLINE_CURVE(2,(#4851,#4852,#4853),.UNSPECIFIED.,.F.,.F.)
B_SPLINE_CURVE_WITH_KNOTS((3,3),(2.88818242572297,3.46304135915384),
 .UNSPECIFIED.)
CURVE()
GEOMETRIC_REPRESENTATION_ITEM()
RATIONAL_B_SPLINE_CURVE((1.,1.,1.))
REPRESENTATION_ITEM('')
);
#19=STYLED_ITEM('',(#6694),#22);
#20=STYLED_ITEM('',(#6694),#23);
#21=STYLED_ITEM('',(#6694),#24);
#22=MANIFOLD_SOLID_BREP('Body1',#2038);
#23=MANIFOLD_SOLID_BREP('Body1',#2039);
#24=MANIFOLD_SOLID_BREP('Body4',#2040);
#25=CONICAL_SURFACE('',#2119,10.,1.02974425867665);
#26=CONICAL_SURFACE('',#2132,45.,0.0872664625997165);
#27=CONICAL_SURFACE('',#2138,10.,0.174532925199433);
#28=CONICAL_SURFACE('',#2139,45.,0.174532925199433);
#29=ELLIPSE('',#2113,520.254114310604,45.);
#30=ELLIPSE('',#2115,45.1718926894506,45.);
#31=ELLIPSE('',#2133,46.5987666254214,46.4200843649865);
#32=(
BOUNDED_SURFACE()
B_SPLINE_SURFACE(2,1,((#4358,#4359),(#4360,#4361),(#4362,#4363)),
 .UNSPECIFIED.,.F.,.F.,.F.)
B_SPLINE_SURFACE_WITH_KNOTS((3,3),(2,2),(2.88818242572297,5.64195631961271),
(0.,1.),.UNSPECIFIED.)
GEOMETRIC_REPRESENTATION_ITEM()
RATIONAL_B_SPLINE_SURFACE(((1.,1.),(1.,1.),(1.,1.)))
REPRESENTATION_ITEM('')
SURFACE()
);
#33=(
BOUNDED_SURFACE()
B_SPLINE_SURFACE(2,1,((#4854,#4855),(#4856,#4857),(#4858,#4859)),
 .UNSPECIFIED.,.F.,.F.,.F.)
B_SPLINE_SURFACE_WITH_KNOTS((3,3),(2,2),(2.88818242572297,5.64195631961271),
(0.,1.),.UNSPECIFIED.)
GEOMETRIC_REPRESENTATION_ITEM()
RATIONAL_B_SPLINE_SURFACE(((1.,1.),(1.,1.),(1.,1.)))
REPRESENTATION_ITEM('')
SURFACE()
);
#34=(
BOUNDED_SURFACE()
B_SPLINE_SURFACE(2,2,((#6646,#6647,#6648,#6649,#6650,#6651,#6652,#6653,
#6654),(#6655,#6656,#6657,#6658,#6659,#6660,#6661,#6662,#6663),(#6664,#6665,
#6666,#6667,#6668,#6669,#6670,#6671,#6672)),.UNSPECIFIED.,.F.,.T.,.F.)
B_SPLINE_SURFACE_WITH_KNOTS((3,3),(3,2,2,2,3),(-1.29397751197307E-16,1.0471975511966),
(-3.14159265358979,-1.5707963267949,0.,1.5707963267949,3.14159265358979),
 .UNSPECIFIED.)
GEOMETRIC_REPRESENTATION_ITEM()
RATIONAL_B_SPLINE_SURFACE(((1.,0.707106781186548,1.,0.707106781186548,1.,
0.707106781186548,1.,0.707106781186548,1.),(0.866025403784439,0.612372435695795,
0.866025403784439,0.612372435695795,0.866025403784439,0.612372435695795,
0.866025403784439,0.612372435695795,0.866025403784439),(1.,0.707106781186548,
1.,0.707106781186548,1.,0.707106781186548,1.,0.707106781186548,1.)))
REPRESENTATION_ITEM('')
SURFACE()
);
#35=FACE_BOUND('',#435,.T.);
#36=FACE_BOUND('',#441,.T.);
#37=FACE_BOUND('',#442,.T.);
#38=FACE_BOUND('',#507,.T.);
#39=FACE_BOUND('',#508,.T.);
#40=FACE_BOUND('',#511,.T.);
#41=CYLINDRICAL_SURFACE('',#2061,42.7142166786939);
#42=CYLINDRICAL_SURFACE('',#2086,10.);
#43=CYLINDRICAL_SURFACE('',#2090,94.1245993385444);
#44=CYLINDRICAL_SURFACE('',#2096,20.);
#45=CYLINDRICAL_SURFACE('',#2099,20.);
#46=CYLINDRICAL_SURFACE('',#2102,20.);
#47=CYLINDRICAL_SURFACE('',#2116,45.);
#48=CYLINDRICAL_SURFACE('',#2123,10.);
#49=CYLINDRICAL_SURFACE('',#2126,40.);
#50=CYLINDRICAL_SURFACE('',#2127,45.);
#51=CYLINDRICAL_SURFACE('',#2148,20.);
#52=CYLINDRICAL_SURFACE('',#2149,20.);
#53=CYLINDRICAL_SURFACE('',#2155,81.9152044288992);
#54=CYLINDRICAL_SURFACE('',#2156,81.9152044288992);
#55=CYLINDRICAL_SURFACE('',#2160,45.);
#56=CYLINDRICAL_SURFACE('',#2162,45.);
#57=CYLINDRICAL_SURFACE('',#2170,15.);
#58=CYLINDRICAL_SURFACE('',#2175,10.);
#59=CYLINDRICAL_SURFACE('',#2176,10.);
#60=CYLINDRICAL_SURFACE('',#2180,15.);
#61=CYLINDRICAL_SURFACE('',#2184,10.);
#62=LINE('',#3621,#122);
#63=LINE('',#3623,#123);
#64=LINE('',#3625,#124);
#65=LINE('',#3627,#125);
#66=LINE('',#3779,#126);
#67=LINE('',#3802,#127);
#68=LINE('',#3804,#128);
#69=LINE('',#3805,#129);
#70=LINE('',#3823,#130);
#71=LINE('',#4092,#131);
#72=LINE('',#4094,#132);
#73=LINE('',#4096,#133);
#74=LINE('',#4100,#134);
#75=LINE('',#4146,#135);
#76=LINE('',#4151,#136);
#77=LINE('',#4365,#137);
#78=LINE('',#4379,#138);
#79=LINE('',#4429,#139);
#80=LINE('',#4431,#140);
#81=LINE('',#4433,#141);
#82=LINE('',#4434,#142);
#83=LINE('',#4481,#143);
#84=LINE('',#4484,#144);
#85=LINE('',#4493,#145);
#86=LINE('',#4619,#146);
#87=LINE('',#4622,#147);
#88=LINE('',#4637,#148);
#89=LINE('',#4638,#149);
#90=LINE('',#4710,#150);
#91=LINE('',#4712,#151);
#92=LINE('',#4749,#152);
#93=LINE('',#4824,#153);
#94=LINE('',#4826,#154);
#95=LINE('',#4827,#155);
#96=LINE('',#4830,#156);
#97=LINE('',#4831,#157);
#98=LINE('',#4833,#158);
#99=LINE('',#4835,#159);
#100=LINE('',#4838,#160);
#101=LINE('',#4840,#161);
#102=LINE('',#4841,#162);
#103=LINE('',#4844,#163);
#104=LINE('',#4845,#164);
#105=LINE('',#4846,#165);
#106=LINE('',#4850,#166);
#107=LINE('',#4909,#167);
#108=LINE('',#5397,#168);
#109=LINE('',#5844,#169);
#110=LINE('',#5845,#170);
#111=LINE('',#5847,#171);
#112=LINE('',#5848,#172);
#113=LINE('',#5870,#173);
#114=LINE('',#5874,#174);
#115=LINE('',#6090,#175);
#116=LINE('',#6106,#176);
#117=LINE('',#6108,#177);
#118=LINE('',#6135,#178);
#119=LINE('',#6633,#179);
#120=LINE('',#6634,#180);
#121=LINE('',#6642,#181);
#122=VECTOR('',#2206,10.);
#123=VECTOR('',#2207,10.);
#124=VECTOR('',#2208,10.);
#125=VECTOR('',#2209,10.);
#126=VECTOR('',#2214,10.);
#127=VECTOR('',#2223,10.);
#128=VECTOR('',#2224,10.);
#129=VECTOR('',#2225,10.);
#130=VECTOR('',#2230,10.);
#131=VECTOR('',#2243,10.);
#132=VECTOR('',#2244,10.);
#133=VECTOR('',#2245,10.);
#134=VECTOR('',#2252,10.);
#135=VECTOR('',#2271,10.);
#136=VECTOR('',#2278,10.);
#137=VECTOR('',#2323,10.);
#138=VECTOR('',#2328,10.);
#139=VECTOR('',#2343,10.);
#140=VECTOR('',#2344,10.);
#141=VECTOR('',#2345,10.);
#142=VECTOR('',#2346,10.);
#143=VECTOR('',#2355,10.);
#144=VECTOR('',#2358,10.);
#145=VECTOR('',#2361,10.);
#146=VECTOR('',#2370,10.);
#147=VECTOR('',#2373,10.);
#148=VECTOR('',#2382,10.);
#149=VECTOR('',#2383,10.);
#150=VECTOR('',#2386,10.);
#151=VECTOR('',#2387,10.);
#152=VECTOR('',#2390,10.);
#153=VECTOR('',#2397,10.);
#154=VECTOR('',#2398,10.);
#155=VECTOR('',#2399,10.);
#156=VECTOR('',#2402,10.);
#157=VECTOR('',#2403,10.);
#158=VECTOR('',#2406,10.);
#159=VECTOR('',#2409,10.);
#160=VECTOR('',#2412,10.);
#161=VECTOR('',#2413,10.);
#162=VECTOR('',#2414,10.);
#163=VECTOR('',#2417,10.);
#164=VECTOR('',#2418,10.);
#165=VECTOR('',#2419,10.);
#166=VECTOR('',#2424,10.);
#167=VECTOR('',#2429,10.);
#168=VECTOR('',#2444,10.);
#169=VECTOR('',#2471,10.);
#170=VECTOR('',#2472,10.);
#171=VECTOR('',#2473,10.);
#172=VECTOR('',#2474,10.);
#173=VECTOR('',#2477,10.);
#174=VECTOR('',#2482,10.);
#175=VECTOR('',#2487,10.);
#176=VECTOR('',#2490,10.);
#177=VECTOR('',#2491,10.);
#178=VECTOR('',#2496,10.);
#179=VECTOR('',#2505,15.);
#180=VECTOR('',#2506,15.);
#181=VECTOR('',#2515,10.);
#182=PLANE('',#2060);
#183=PLANE('',#2064);
#184=PLANE('',#2067);
#185=PLANE('',#2074);
#186=PLANE('',#2076);
#187=PLANE('',#2087);
#188=PLANE('',#2091);
#189=PLANE('',#2098);
#190=PLANE('',#2112);
#191=PLANE('',#2114);
#192=PLANE('',#2120);
#193=PLANE('',#2130);
#194=PLANE('',#2135);
#195=PLANE('',#2136);
#196=PLANE('',#2137);
#197=PLANE('',#2140);
#198=PLANE('',#2141);
#199=PLANE('',#2142);
#200=PLANE('',#2143);
#201=PLANE('',#2144);
#202=PLANE('',#2145);
#203=PLANE('',#2146);
#204=PLANE('',#2147);
#205=PLANE('',#2157);
#206=PLANE('',#2168);
#207=PLANE('',#2171);
#208=PLANE('',#2173);
#209=PLANE('',#2177);
#210=PLANE('',#2179);
#211=PLANE('',#2189);
#212=SPHERICAL_SURFACE('',#2058,45.);
#213=SPHERICAL_SURFACE('',#2078,45.);
#214=SPHERICAL_SURFACE('',#2079,45.);
#215=SPHERICAL_SURFACE('',#2104,45.);
#216=SPHERICAL_SURFACE('',#2154,45.);
#217=SPHERICAL_SURFACE('',#2165,45.);
#218=CIRCLE('',#2056,45.);
#219=CIRCLE('',#2059,45.);
#220=CIRCLE('',#2062,42.7142166786939);
#221=CIRCLE('',#2063,42.7142166786939);
#222=CIRCLE('',#2065,94.1245993385444);
#223=CIRCLE('',#2066,10.);
#224=CIRCLE('',#2068,98.3117615085586);
#225=CIRCLE('',#2069,10.);
#226=CIRCLE('',#2073,94.1245993385444);
#227=CIRCLE('',#2075,44.2755080100311);
#228=CIRCLE('',#2077,38.5306690177254);
#229=CIRCLE('',#2080,44.0212677629499);
#230=CIRCLE('',#2081,20.);
#231=CIRCLE('',#2082,45.);
#232=CIRCLE('',#2083,20.);
#233=CIRCLE('',#2084,45.);
#234=CIRCLE('',#2088,34.9073911628797);
#235=CIRCLE('',#2089,107.689141418701);
#236=CIRCLE('',#2093,15.);
#237=CIRCLE('',#2097,20.);
#238=CIRCLE('',#2103,20.);
#239=CIRCLE('',#2105,45.);
#240=CIRCLE('',#2106,45.);
#241=CIRCLE('',#2107,45.);
#242=CIRCLE('',#2108,45.);
#243=CIRCLE('',#2109,40.5150530352435);
#244=CIRCLE('',#2110,42.0004254475273);
#245=CIRCLE('',#2124,10.);
#246=CIRCLE('',#2125,10.);
#247=CIRCLE('',#2128,45.);
#248=CIRCLE('',#2129,45.);
#249=CIRCLE('',#2131,46.7497732705185);
#250=CIRCLE('',#2134,45.);
#251=CIRCLE('',#2151,43.8888888888889);
#252=CIRCLE('',#2152,45.);
#253=CIRCLE('',#2161,45.);
#254=CIRCLE('',#2163,10.);
#255=CIRCLE('',#2164,10.);
#256=CIRCLE('',#2169,15.);
#257=CIRCLE('',#2172,10.);
#258=CIRCLE('',#2174,10.);
#259=CIRCLE('',#2178,6.134);
#260=CIRCLE('',#2181,15.);
#261=CIRCLE('',#2182,15.);
#262=CIRCLE('',#2183,15.);
#263=CIRCLE('',#2185,10.);
#264=CIRCLE('',#2186,10.);
#265=CIRCLE('',#2187,10.);
#266=CIRCLE('',#2188,10.);
#267=TOROIDAL_SURFACE('',#2054,50.,10.);
#268=TOROIDAL_SURFACE('',#2055,81.9152044288992,45.);
#269=TOROIDAL_SURFACE('',#2057,141.4215,35.);
#270=TOROIDAL_SURFACE('',#2070,80.,20.);
#271=TOROIDAL_SURFACE('',#2071,50.7825,25.);
#272=TOROIDAL_SURFACE('',#2072,80.,20.);
#273=TOROIDAL_SURFACE('',#2085,50.7825,25.);
#274=TOROIDAL_SURFACE('',#2092,20.9202313423157,15.);
#275=TOROIDAL_SURFACE('',#2094,141.4215,35.);
#276=TOROIDAL_SURFACE('',#2095,141.4215,35.);
#277=TOROIDAL_SURFACE('',#2100,50.7825,25.);
#278=TOROIDAL_SURFACE('',#2101,80.,20.);
#279=TOROIDAL_SURFACE('',#2111,81.9152044288992,45.);
#280=TOROIDAL_SURFACE('',#2117,81.9152044288992,45.);
#281=TOROIDAL_SURFACE('',#2118,81.9152044288992,45.);
#282=TOROIDAL_SURFACE('',#2121,50.7825,25.);
#283=TOROIDAL_SURFACE('',#2122,50.,10.);
#284=TOROIDAL_SURFACE('',#2150,45.,10.);
#285=TOROIDAL_SURFACE('',#2153,45.,10.);
#286=TOROIDAL_SURFACE('',#2158,80.,20.);
#287=TOROIDAL_SURFACE('',#2159,80.,20.);
#288=TOROIDAL_SURFACE('',#2166,141.4215,35.);
#289=TOROIDAL_SURFACE('',#2167,141.4215,35.);
#290=FACE_OUTER_BOUND('',#398,.T.);
#291=FACE_OUTER_BOUND('',#399,.T.);
#292=FACE_OUTER_BOUND('',#400,.T.);
#293=FACE_OUTER_BOUND('',#401,.T.);
#294=FACE_OUTER_BOUND('',#402,.T.);
#295=FACE_OUTER_BOUND('',#403,.T.);
#296=FACE_OUTER_BOUND('',#404,.T.);
#297=FACE_OUTER_BOUND('',#405,.T.);
#298=FACE_OUTER_BOUND('',#406,.T.);
#299=FACE_OUTER_BOUND('',#407,.T.);
#300=FACE_OUTER_BOUND('',#408,.T.);
#301=FACE_OUTER_BOUND('',#409,.T.);
#302=FACE_OUTER_BOUND('',#410,.T.);
#303=FACE_OUTER_BOUND('',#411,.T.);
#304=FACE_OUTER_BOUND('',#412,.T.);
#305=FACE_OUTER_BOUND('',#413,.T.);
#306=FACE_OUTER_BOUND('',#414,.T.);
#307=FACE_OUTER_BOUND('',#415,.T.);
#308=FACE_OUTER_BOUND('',#416,.T.);
#309=FACE_OUTER_BOUND('',#417,.T.);
#310=FACE_OUTER_BOUND('',#418,.T.);
#311=FACE_OUTER_BOUND('',#419,.T.);
#312=FACE_OUTER_BOUND('',#420,.T.);
#313=FACE_OUTER_BOUND('',#421,.T.);
#314=FACE_OUTER_BOUND('',#422,.T.);
#315=FACE_OUTER_BOUND('',#423,.T.);
#316=FACE_OUTER_BOUND('',#424,.T.);
#317=FACE_OUTER_BOUND('',#425,.T.);
#318=FACE_OUTER_BOUND('',#426,.T.);
#319=FACE_OUTER_BOUND('',#427,.T.);
#320=FACE_OUTER_BOUND('',#428,.T.);
#321=FACE_OUTER_BOUND('',#429,.T.);
#322=FACE_OUTER_BOUND('',#430,.T.);
#323=FACE_OUTER_BOUND('',#431,.T.);
#324=FACE_OUTER_BOUND('',#432,.T.);
#325=FACE_OUTER_BOUND('',#433,.T.);
#326=FACE_OUTER_BOUND('',#434,.T.);
#327=FACE_OUTER_BOUND('',#436,.T.);
#328=FACE_OUTER_BOUND('',#437,.T.);
#329=FACE_OUTER_BOUND('',#438,.T.);
#330=FACE_OUTER_BOUND('',#439,.T.);
#331=FACE_OUTER_BOUND('',#440,.T.);
#332=FACE_OUTER_BOUND('',#443,.T.);
#333=FACE_OUTER_BOUND('',#444,.T.);
#334=FACE_OUTER_BOUND('',#445,.T.);
#335=FACE_OUTER_BOUND('',#446,.T.);
#336=FACE_OUTER_BOUND('',#447,.T.);
#337=FACE_OUTER_BOUND('',#448,.T.);
#338=FACE_OUTER_BOUND('',#449,.T.);
#339=FACE_OUTER_BOUND('',#450,.T.);
#340=FACE_OUTER_BOUND('',#451,.T.);
#341=FACE_OUTER_BOUND('',#452,.T.);
#342=FACE_OUTER_BOUND('',#453,.T.);
#343=FACE_OUTER_BOUND('',#454,.T.);
#344=FACE_OUTER_BOUND('',#455,.T.);
#345=FACE_OUTER_BOUND('',#456,.T.);
#346=FACE_OUTER_BOUND('',#457,.T.);
#347=FACE_OUTER_BOUND('',#458,.T.);
#348=FACE_OUTER_BOUND('',#459,.T.);
#349=FACE_OUTER_BOUND('',#460,.T.);
#350=FACE_OUTER_BOUND('',#461,.T.);
#351=FACE_OUTER_BOUND('',#462,.T.);
#352=FACE_OUTER_BOUND('',#463,.T.);
#353=FACE_OUTER_BOUND('',#464,.T.);
#354=FACE_OUTER_BOUND('',#465,.T.);
#355=FACE_OUTER_BOUND('',#466,.T.);
#356=FACE_OUTER_BOUND('',#467,.T.);
#357=FACE_OUTER_BOUND('',#468,.T.);
#358=FACE_OUTER_BOUND('',#469,.T.);
#359=FACE_OUTER_BOUND('',#470,.T.);
#360=FACE_OUTER_BOUND('',#471,.T.);
#361=FACE_OUTER_BOUND('',#472,.T.);
#362=FACE_OUTER_BOUND('',#473,.T.);
#363=FACE_OUTER_BOUND('',#474,.T.);
#364=FACE_OUTER_BOUND('',#475,.T.);
#365=FACE_OUTER_BOUND('',#476,.T.);
#366=FACE_OUTER_BOUND('',#477,.T.);
#367=FACE_OUTER_BOUND('',#478,.T.);
#368=FACE_OUTER_BOUND('',#479,.T.);
#369=FACE_OUTER_BOUND('',#480,.T.);
#370=FACE_OUTER_BOUND('',#481,.T.);
#371=FACE_OUTER_BOUND('',#482,.T.);
#372=FACE_OUTER_BOUND('',#483,.T.);
#373=FACE_OUTER_BOUND('',#484,.T.);
#374=FACE_OUTER_BOUND('',#485,.T.);
#375=FACE_OUTER_BOUND('',#486,.T.);
#376=FACE_OUTER_BOUND('',#487,.T.);
#377=FACE_OUTER_BOUND('',#488,.T.);
#378=FACE_OUTER_BOUND('',#489,.T.);
#379=FACE_OUTER_BOUND('',#490,.T.);
#380=FACE_OUTER_BOUND('',#491,.T.);
#381=FACE_OUTER_BOUND('',#492,.T.);
#382=FACE_OUTER_BOUND('',#493,.T.);
#383=FACE_OUTER_BOUND('',#494,.T.);
#384=FACE_OUTER_BOUND('',#495,.T.);
#385=FACE_OUTER_BOUND('',#496,.T.);
#386=FACE_OUTER_BOUND('',#497,.T.);
#387=FACE_OUTER_BOUND('',#498,.T.);
#388=FACE_OUTER_BOUND('',#499,.T.);
#389=FACE_OUTER_BOUND('',#500,.T.);
#390=FACE_OUTER_BOUND('',#501,.T.);
#391=FACE_OUTER_BOUND('',#502,.T.);
#392=FACE_OUTER_BOUND('',#503,.T.);
#393=FACE_OUTER_BOUND('',#504,.T.);
#394=FACE_OUTER_BOUND('',#505,.T.);
#395=FACE_OUTER_BOUND('',#506,.T.);
#396=FACE_OUTER_BOUND('',#509,.T.);
#397=FACE_OUTER_BOUND('',#510,.T.);
#398=EDGE_LOOP('',(#1259,#1260,#1261));
#399=EDGE_LOOP('',(#1262,#1263,#1264,#1265,#1266,#1267,#1268));
#400=EDGE_LOOP('',(#1269,#1270,#1271,#1272,#1273,#1274,#1275,#1276,#1277,
#1278,#1279,#1280,#1281,#1282,#1283,#1284));
#401=EDGE_LOOP('',(#1285,#1286,#1287,#1288,#1289,#1290));
#402=EDGE_LOOP('',(#1291,#1292,#1293));
#403=EDGE_LOOP('',(#1294,#1295,#1296,#1297,#1298,#1299,#1300,#1301,#1302,
#1303,#1304,#1305,#1306,#1307,#1308,#1309));
#404=EDGE_LOOP('',(#1310,#1311,#1312,#1313,#1314,#1315));
#405=EDGE_LOOP('',(#1316,#1317,#1318,#1319));
#406=EDGE_LOOP('',(#1320,#1321,#1322,#1323,#1324,#1325,#1326,#1327));
#407=EDGE_LOOP('',(#1328,#1329,#1330,#1331,#1332,#1333));
#408=EDGE_LOOP('',(#1334,#1335,#1336,#1337));
#409=EDGE_LOOP('',(#1338,#1339,#1340,#1341));
#410=EDGE_LOOP('',(#1342,#1343,#1344,#1345,#1346,#1347,#1348,#1349,#1350,
#1351));
#411=EDGE_LOOP('',(#1352,#1353,#1354,#1355,#1356,#1357));
#412=EDGE_LOOP('',(#1358,#1359,#1360,#1361));
#413=EDGE_LOOP('',(#1362,#1363,#1364,#1365,#1366,#1367,#1368,#1369,#1370,
#1371));
#414=EDGE_LOOP('',(#1372,#1373,#1374,#1375,#1376,#1377,#1378,#1379,#1380,
#1381,#1382,#1383,#1384,#1385));
#415=EDGE_LOOP('',(#1386,#1387,#1388));
#416=EDGE_LOOP('',(#1389,#1390,#1391,#1392,#1393));
#417=EDGE_LOOP('',(#1394,#1395,#1396,#1397,#1398,#1399));
#418=EDGE_LOOP('',(#1400,#1401,#1402,#1403,#1404,#1405));
#419=EDGE_LOOP('',(#1406,#1407,#1408,#1409,#1410,#1411,#1412,#1413,#1414,
#1415,#1416,#1417,#1418,#1419));
#420=EDGE_LOOP('',(#1420,#1421));
#421=EDGE_LOOP('',(#1422,#1423,#1424,#1425));
#422=EDGE_LOOP('',(#1426,#1427,#1428,#1429,#1430,#1431,#1432,#1433));
#423=EDGE_LOOP('',(#1434,#1435,#1436,#1437));
#424=EDGE_LOOP('',(#1438,#1439,#1440,#1441));
#425=EDGE_LOOP('',(#1442,#1443,#1444,#1445,#1446,#1447,#1448,#1449));
#426=EDGE_LOOP('',(#1450,#1451,#1452));
#427=EDGE_LOOP('',(#1453,#1454,#1455,#1456));
#428=EDGE_LOOP('',(#1457,#1458,#1459,#1460));
#429=EDGE_LOOP('',(#1461,#1462,#1463));
#430=EDGE_LOOP('',(#1464,#1465,#1466,#1467,#1468,#1469));
#431=EDGE_LOOP('',(#1470,#1471,#1472,#1473,#1474));
#432=EDGE_LOOP('',(#1475,#1476,#1477));
#433=EDGE_LOOP('',(#1478,#1479,#1480,#1481,#1482,#1483));
#434=EDGE_LOOP('',(#1484,#1485,#1486,#1487,#1488,#1489,#1490,#1491,#1492,
#1493,#1494,#1495));
#435=EDGE_LOOP('',(#1496));
#436=EDGE_LOOP('',(#1497,#1498,#1499,#1500,#1501,#1502,#1503,#1504));
#437=EDGE_LOOP('',(#1505,#1506,#1507,#1508,#1509));
#438=EDGE_LOOP('',(#1510,#1511,#1512));
#439=EDGE_LOOP('',(#1513,#1514,#1515,#1516));
#440=EDGE_LOOP('',(#1517,#1518,#1519,#1520,#1521,#1522,#1523,#1524,#1525,
#1526,#1527,#1528,#1529));
#441=EDGE_LOOP('',(#1530,#1531,#1532,#1533,#1534,#1535,#1536,#1537));
#442=EDGE_LOOP('',(#1538,#1539));
#443=EDGE_LOOP('',(#1540,#1541,#1542));
#444=EDGE_LOOP('',(#1543,#1544,#1545,#1546,#1547,#1548,#1549));
#445=EDGE_LOOP('',(#1550,#1551,#1552,#1553,#1554));
#446=EDGE_LOOP('',(#1555,#1556,#1557,#1558));
#447=EDGE_LOOP('',(#1559,#1560,#1561));
#448=EDGE_LOOP('',(#1562,#1563));
#449=EDGE_LOOP('',(#1564,#1565,#1566,#1567));
#450=EDGE_LOOP('',(#1568,#1569,#1570));
#451=EDGE_LOOP('',(#1571,#1572,#1573,#1574));
#452=EDGE_LOOP('',(#1575,#1576,#1577,#1578,#1579,#1580,#1581));
#453=EDGE_LOOP('',(#1582,#1583,#1584));
#454=EDGE_LOOP('',(#1585,#1586,#1587,#1588,#1589));
#455=EDGE_LOOP('',(#1590,#1591,#1592,#1593));
#456=EDGE_LOOP('',(#1594,#1595,#1596,#1597));
#457=EDGE_LOOP('',(#1598,#1599,#1600,#1601,#1602,#1603,#1604,#1605));
#458=EDGE_LOOP('',(#1606,#1607,#1608));
#459=EDGE_LOOP('',(#1609,#1610,#1611,#1612,#1613,#1614,#1615));
#460=EDGE_LOOP('',(#1616,#1617,#1618,#1619,#1620));
#461=EDGE_LOOP('',(#1621,#1622,#1623,#1624));
#462=EDGE_LOOP('',(#1625,#1626,#1627));
#463=EDGE_LOOP('',(#1628,#1629,#1630));
#464=EDGE_LOOP('',(#1631,#1632,#1633,#1634));
#465=EDGE_LOOP('',(#1635,#1636,#1637));
#466=EDGE_LOOP('',(#1638,#1639,#1640,#1641));
#467=EDGE_LOOP('',(#1642,#1643,#1644,#1645));
#468=EDGE_LOOP('',(#1646,#1647,#1648,#1649,#1650,#1651));
#469=EDGE_LOOP('',(#1652,#1653,#1654));
#470=EDGE_LOOP('',(#1655,#1656,#1657,#1658));
#471=EDGE_LOOP('',(#1659,#1660,#1661));
#472=EDGE_LOOP('',(#1662,#1663,#1664));
#473=EDGE_LOOP('',(#1665,#1666,#1667,#1668));
#474=EDGE_LOOP('',(#1669,#1670,#1671,#1672,#1673,#1674,#1675,#1676));
#475=EDGE_LOOP('',(#1677,#1678,#1679,#1680,#1681));
#476=EDGE_LOOP('',(#1682,#1683,#1684,#1685,#1686,#1687));
#477=EDGE_LOOP('',(#1688,#1689,#1690,#1691,#1692));
#478=EDGE_LOOP('',(#1693,#1694,#1695,#1696,#1697,#1698));
#479=EDGE_LOOP('',(#1699,#1700,#1701,#1702,#1703,#1704,#1705,#1706,#1707));
#480=EDGE_LOOP('',(#1708,#1709,#1710));
#481=EDGE_LOOP('',(#1711,#1712,#1713,#1714,#1715,#1716,#1717,#1718,#1719,
#1720,#1721,#1722));
#482=EDGE_LOOP('',(#1723,#1724,#1725,#1726,#1727,#1728,#1729,#1730,#1731));
#483=EDGE_LOOP('',(#1732,#1733,#1734,#1735));
#484=EDGE_LOOP('',(#1736,#1737,#1738,#1739,#1740,#1741,#1742,#1743,#1744,
#1745));
#485=EDGE_LOOP('',(#1746,#1747,#1748));
#486=EDGE_LOOP('',(#1749,#1750,#1751,#1752,#1753,#1754,#1755,#1756,#1757,
#1758));
#487=EDGE_LOOP('',(#1759,#1760,#1761,#1762,#1763,#1764,#1765));
#488=EDGE_LOOP('',(#1766,#1767,#1768,#1769));
#489=EDGE_LOOP('',(#1770,#1771,#1772,#1773));
#490=EDGE_LOOP('',(#1774,#1775,#1776,#1777));
#491=EDGE_LOOP('',(#1778,#1779,#1780,#1781,#1782));
#492=EDGE_LOOP('',(#1783,#1784,#1785,#1786));
#493=EDGE_LOOP('',(#1787,#1788,#1789,#1790,#1791,#1792,#1793));
#494=EDGE_LOOP('',(#1794,#1795,#1796,#1797,#1798,#1799,#1800,#1801,#1802,
#1803,#1804,#1805,#1806,#1807,#1808,#1809,#1810,#1811));
#495=EDGE_LOOP('',(#1812,#1813,#1814,#1815));
#496=EDGE_LOOP('',(#1816,#1817,#1818,#1819,#1820,#1821,#1822,#1823,#1824,
#1825,#1826));
#497=EDGE_LOOP('',(#1827,#1828,#1829,#1830));
#498=EDGE_LOOP('',(#1831,#1832,#1833,#1834,#1835,#1836,#1837));
#499=EDGE_LOOP('',(#1838,#1839,#1840));
#500=EDGE_LOOP('',(#1841,#1842,#1843,#1844,#1845,#1846,#1847,#1848,#1849,
#1850,#1851));
#501=EDGE_LOOP('',(#1852,#1853,#1854,#1855,#1856));
#502=EDGE_LOOP('',(#1857,#1858));
#503=EDGE_LOOP('',(#1859,#1860,#1861,#1862,#1863,#1864,#1865,#1866,#1867));
#504=EDGE_LOOP('',(#1868,#1869,#1870,#1871,#1872,#1873,#1874,#1875));
#505=EDGE_LOOP('',(#1876,#1877,#1878,#1879,#1880,#1881,#1882,#1883,#1884,
#1885,#1886,#1887,#1888,#1889,#1890));
#506=EDGE_LOOP('',(#1891,#1892,#1893,#1894,#1895));
#507=EDGE_LOOP('',(#1896,#1897));
#508=EDGE_LOOP('',(#1898,#1899));
#509=EDGE_LOOP('',(#1900,#1901,#1902,#1903,#1904,#1905,#1906));
#510=EDGE_LOOP('',(#1907));
#511=EDGE_LOOP('',(#1908));
#512=B_SPLINE_CURVE_WITH_KNOTS('',3,(#2543,#2544,#2545,#2546),
 .UNSPECIFIED.,.F.,.F.,(4,4),(8.52451433754255,8.63190060473256),
 .UNSPECIFIED.);
#513=B_SPLINE_CURVE_WITH_KNOTS('',3,(#2548,#2549,#2550,#2551,#2552,#2553,
#2554,#2555,#2556),.UNSPECIFIED.,.F.,.F.,(4,3,2,4),(4.1450270817892,4.28301825107174,
4.51060785937798,4.53417237899782),.UNSPECIFIED.);
#514=B_SPLINE_CURVE_WITH_KNOTS('',3,(#2557,#2558,#2559,#2560,#2561,#2562,
#2563,#2564),.UNSPECIFIED.,.F.,.F.,(4,2,2,4),(4.19494297548598,4.47002072882098,
4.89469535957133,4.96346003869982),.UNSPECIFIED.);
#515=B_SPLINE_CURVE_WITH_KNOTS('',3,(#2719,#2720,#2721,#2722,#2723,#2724,
#2725,#2726,#2727,#2728,#2729,#2730,#2731,#2732,#2733,#2734,#2735,#2736,
#2737,#2738,#2739,#2740,#2741,#2742,#2743,#2744,#2745,#2746,#2747,#2748),
 .UNSPECIFIED.,.F.,.F.,(4,2,2,2,2,2,2,2,2,2,2,2,2,2,4),(0.0699374755372603,
0.484607059047955,0.935461629442365,1.53834335585648,1.85631564968504,1.94499879121354,
1.99885532067479,2.04788440275162,2.11167887526249,2.25285416713643,2.44796570752167,
2.92188910908235,3.42788832198755,3.98281396567741,4.19494297548598),
 .UNSPECIFIED.);
#516=B_SPLINE_CURVE_WITH_KNOTS('',3,(#2750,#2751,#2752,#2753),
 .UNSPECIFIED.,.F.,.F.,(4,4),(10.3904236396374,10.4122252110795),
 .UNSPECIFIED.);
#517=B_SPLINE_CURVE_WITH_KNOTS('',3,(#2754,#2755,#2756,#2757,#2758,#2759,
#2760,#2761,#2762,#2763,#2764,#2765,#2766,#2767,#2768,#2769,#2770,#2771,
#2772,#2773,#2774,#2775,#2776,#2777,#2778,#2779,#2780,#2781,#2782,#2783,
#2784,#2785,#2786,#2787,#2788,#2789,#2790,#2791,#2792,#2793,#2794),
 .UNSPECIFIED.,.T.,.F.,(4,2,2,2,2,2,3,2,2,2,2,2,2,2,2,2,2,2,2,4),(3.19204454544631,
3.49131403247147,3.80031729210083,4.03663072051924,4.20178118497839,4.33349304790304,
4.47664895853604,4.64122629373668,4.83015349154442,5.22343726338127,5.83802668690932,
6.06824356131204,6.22634657243433,6.36684242150059,6.51997705151261,6.71772502828955,
6.97019582337595,7.27328524513831,7.61869142813466,7.66869350398235),
 .UNSPECIFIED.);
#518=B_SPLINE_CURVE_WITH_KNOTS('',3,(#2796,#2797,#2798,#2799,#2800,#2801,
#2802,#2803,#2804,#2805,#2806,#2807,#2808,#2809,#2810,#2811,#2812,#2813,
#2814,#2815,#2816,#2817,#2818,#2819,#2820,#2821,#2822,#2823,#2824,#2825,
#2826,#2827,#2828,#2829,#2830,#2831,#2832),.UNSPECIFIED.,.F.,.F.,(4,2,2,
2,2,2,2,2,2,2,2,2,2,2,2,2,3,4),(7.42397155881724,9.21165106838072,9.59386053694099,
9.7818261239971,9.93496978736563,10.1159809718374,10.4580160517551,10.9154794676878,
11.6198245117038,12.4223557784744,12.6048402636305,12.7398609611605,12.8718339931203,
13.0458865883209,13.2980307496821,13.5595007657429,13.8435989727854,13.9135364483226),
 .UNSPECIFIED.);
#519=B_SPLINE_CURVE_WITH_KNOTS('',3,(#2833,#2834,#2835,#2836,#2837,#2838,
#2839,#2840,#2841,#2842,#2843,#2844,#2845,#2846,#2847,#2848,#2849,#2850,
#2851,#2852,#2853,#2854,#2855,#2856,#2857,#2858),.UNSPECIFIED.,.F.,.F.,
(4,2,2,2,2,2,2,2,2,2,2,2,4),(0.251154127926081,0.436179392846838,0.645737679433075,
0.870109045425545,1.11558646661101,1.38772244053852,1.69474612180549,2.03405288088932,
2.32055372052374,2.53186866851536,2.71051521235625,2.889845021631,2.92777500293704),
 .UNSPECIFIED.);
#520=B_SPLINE_CURVE_WITH_KNOTS('',3,(#2980,#2981,#2982,#2983,#2984,#2985,
#2986,#2987,#2988,#2989,#2990,#2991,#2992,#2993,#2994,#2995,#2996,#2997,
#2998,#2999,#3000,#3001,#3002),.UNSPECIFIED.,.F.,.F.,(4,2,2,2,2,2,2,2,2,
3,4),(2.25456390874985,2.27912647455987,2.57303654322625,2.79842469466964,
2.99870877485017,3.19852162822882,3.42915807010168,3.70102163543391,3.89867560015202,
4.09389054159971,4.35190293515162),.UNSPECIFIED.);
#521=B_SPLINE_CURVE_WITH_KNOTS('',3,(#3004,#3005,#3006,#3007,#3008,#3009,
#3010,#3011,#3012,#3013,#3014,#3015,#3016,#3017,#3018,#3019,#3020,#3021,
#3022,#3023,#3024,#3025),.UNSPECIFIED.,.F.,.F.,(4,2,2,2,2,2,2,2,2,2,4),
(0.9975307580256,1.2492325808672,1.83394639420779,2.17829934744226,2.37544581359824,
2.4999511126707,2.59729861633255,2.69999277508952,2.85097430354029,3.09559113600072,
3.27404976153595),.UNSPECIFIED.);
#522=B_SPLINE_CURVE_WITH_KNOTS('',3,(#3026,#3027,#3028,#3029,#3030,#3031,
#3032,#3033,#3034,#3035),.UNSPECIFIED.,.F.,.F.,(4,2,2,2,4),(0.258012393551909,
0.269925718027735,0.524967590174745,0.772194511801651,0.979542894148574),
 .UNSPECIFIED.);
#523=B_SPLINE_CURVE_WITH_KNOTS('',3,(#3037,#3038,#3039,#3040,#3041),
 .UNSPECIFIED.,.F.,.F.,(4,1,4),(2.14717731370228,2.5194704585953,2.76856843092649),
 .UNSPECIFIED.);
#524=B_SPLINE_CURVE_WITH_KNOTS('',3,(#3043,#3044,#3045,#3046,#3047,#3048,
#3049,#3050,#3051,#3052,#3053,#3054,#3055,#3056,#3057,#3058,#3059,#3060,
#3061,#3062,#3063,#3064,#3065,#3066,#3067,#3068,#3069,#3070),
 .UNSPECIFIED.,.F.,.F.,(4,2,2,2,2,2,2,2,2,2,2,2,2,4),(0.259659587491094,
0.382498616530285,0.603452588721854,0.956896264684019,1.05040757753193,
1.09878638305916,1.13751443012678,1.18090696560634,1.25179540982016,1.39262678554669,
1.6024717945086,1.82712738502445,1.99109940906181,2.02104777844002),
 .UNSPECIFIED.);
#525=B_SPLINE_CURVE_WITH_KNOTS('',3,(#3072,#3073,#3074,#3075),
 .UNSPECIFIED.,.F.,.F.,(4,4),(3.55585826787961,3.72849919278934),
 .UNSPECIFIED.);
#526=B_SPLINE_CURVE_WITH_KNOTS('',3,(#3077,#3078,#3079,#3080),
 .UNSPECIFIED.,.F.,.F.,(4,4),(4.1651122442212,4.24283265860123),
 .UNSPECIFIED.);
#527=B_SPLINE_CURVE_WITH_KNOTS('',3,(#3082,#3083,#3084,#3085),
 .UNSPECIFIED.,.F.,.F.,(4,4),(5.45561426706434,5.47493591422489),
 .UNSPECIFIED.);
#528=B_SPLINE_CURVE_WITH_KNOTS('',3,(#3087,#3088,#3089,#3090,#3091,#3092,
#3093,#3094,#3095,#3096,#3097,#3098,#3099,#3100,#3101,#3102,#3103,#3104,
#3105,#3106,#3107,#3108,#3109,#3110,#3111,#3112),.UNSPECIFIED.,.F.,.F.,
(4,2,2,2,2,2,2,2,2,2,2,2,4),(0.0635215707306614,0.196929762871543,0.413893422981624,
0.560187820695859,0.808883813144429,1.08213379174627,1.37503384318276,1.44777369935403,
1.47665078832569,1.49828486000755,1.52202495702426,1.55477492892873,1.6294783071944),
 .UNSPECIFIED.);
#529=B_SPLINE_CURVE_WITH_KNOTS('',3,(#3114,#3115,#3116,#3117,#3118,#3119,
#3120,#3121,#3122,#3123,#3124,#3125,#3126,#3127,#3128,#3129,#3130,#3131,
#3132,#3133,#3134,#3135,#3136,#3137,#3138,#3139,#3140,#3141,#3142,#3143,
#3144),.UNSPECIFIED.,.F.,.F.,(4,3,3,3,3,3,3,3,3,3,4),(2.87651270169956,
2.99302903715829,3.12167548517459,3.28169233697323,3.39305046007075,3.55151765838615,
3.70376518440499,3.85627768582932,4.03590328808321,4.18838584331537,4.44419785001635),
 .UNSPECIFIED.);
#530=B_SPLINE_CURVE_WITH_KNOTS('',3,(#3146,#3147,#3148,#3149,#3150,#3151,
#3152,#3153),.UNSPECIFIED.,.F.,.F.,(4,2,2,4),(0.532770616738003,0.612277357860383,
0.893989732189868,1.13681438989644),.UNSPECIFIED.);
#531=B_SPLINE_CURVE_WITH_KNOTS('',3,(#3155,#3156,#3157,#3158,#3159,#3160,
#3161,#3162,#3163,#3164,#3165,#3166,#3167,#3168,#3169,#3170),
 .UNSPECIFIED.,.F.,.F.,(4,3,3,3,3,4),(-0.364084812773434,-0.341737608907898,
-0.294332279028772,-0.244246789385296,-0.223307843733827,-0.166243996139648),
 .UNSPECIFIED.);
#532=B_SPLINE_CURVE_WITH_KNOTS('',3,(#3171,#3172,#3173,#3174,#3175,#3176,
#3177,#3178,#3179,#3180,#3181),.UNSPECIFIED.,.F.,.F.,(4,2,3,2,4),(4.24283265860123,
4.29708211768222,4.49445375430639,4.69291557267526,4.83425592591983),
 .UNSPECIFIED.);
#533=B_SPLINE_CURVE_WITH_KNOTS('',3,(#3182,#3183,#3184,#3185,#3186,#3187,
#3188,#3189,#3190,#3191,#3192,#3193,#3194,#3195,#3196,#3197,#3198,#3199,
#3200,#3201,#3202,#3203,#3204,#3205,#3206,#3207,#3208,#3209,#3210,#3211,
#3212,#3213,#3214,#3215,#3216,#3217,#3218,#3219,#3220,#3221,#3222),
 .UNSPECIFIED.,.F.,.F.,(4,2,2,2,2,2,2,2,2,2,2,2,2,2,2,2,3,2,2,4),(2.02104777844002,
2.12431613708355,2.24832379179758,2.39286514617,2.6097783880564,3.05483061181187,
3.5533547450592,3.68889140724196,3.76725220157471,3.83317663957524,3.91034304158573,
4.04320930519157,4.29828552833841,4.70596060902723,4.92234950256996,5.0070666891422,
5.0844925455281,5.18587490585198,5.30621972191002,5.3441521330192),
 .UNSPECIFIED.);
#534=B_SPLINE_CURVE_WITH_KNOTS('',3,(#3225,#3226,#3227,#3228),
 .UNSPECIFIED.,.F.,.F.,(4,4),(4.92835179078466,4.96720774108875),
 .UNSPECIFIED.);
#535=B_SPLINE_CURVE_WITH_KNOTS('',3,(#3230,#3231,#3232,#3233,#3234,#3235,
#3236,#3237,#3238,#3239,#3240,#3241,#3242,#3243,#3244,#3245,#3246,#3247),
 .UNSPECIFIED.,.F.,.F.,(4,2,2,2,2,2,2,2,4),(-3.5420070618602,-3.46723123801465,
-3.30443281662307,-3.10084667649145,-2.89726053635982,-2.64132820550575,
-2.38539587465168,-2.08986315295625,-1.90691396309407),.UNSPECIFIED.);
#536=B_SPLINE_CURVE_WITH_KNOTS('',3,(#3249,#3250,#3251,#3252,#3253,#3254),
 .UNSPECIFIED.,.F.,.F.,(4,2,4),(3.18434685275802,3.29112689994097,3.33142536952771),
 .UNSPECIFIED.);
#537=B_SPLINE_CURVE_WITH_KNOTS('',3,(#3256,#3257,#3258,#3259,#3260,#3261,
#3262,#3263,#3264,#3265,#3266,#3267,#3268,#3269,#3270,#3271,#3272,#3273,
#3274,#3275,#3276,#3277,#3278,#3279,#3280,#3281,#3282,#3283,#3284),
 .UNSPECIFIED.,.F.,.F.,(4,2,2,2,3,2,2,2,2,2,2,2,2,4),(5.81201985850562,
5.81877924308518,6.21818575193044,6.54866616821331,6.87716597005327,7.25876554207986,
7.63987788812103,8.02509199149188,8.43445507067436,8.90562630405783,9.47332440274867,
9.90110703239576,10.2132496097195,10.3669871976193),.UNSPECIFIED.);
#538=B_SPLINE_CURVE_WITH_KNOTS('',3,(#3285,#3286,#3287,#3288,#3289,#3290,
#3291,#3292,#3293,#3294,#3295,#3296,#3297,#3298,#3299),.UNSPECIFIED.,.F.,
 .F.,(4,2,2,3,2,2,4),(6.41715538109582,6.42358528264137,6.62036838844313,
6.82061927931118,7.21027251344832,7.65000181008092,7.92878437050894),
 .UNSPECIFIED.);
#539=B_SPLINE_CURVE_WITH_KNOTS('',3,(#3304,#3305,#3306,#3307,#3308,#3309,
#3310,#3311),.UNSPECIFIED.,.F.,.F.,(4,2,2,4),(-9.64646196312104,-9.36614762395564,
-6.40348474059958,-6.09024569319501),.UNSPECIFIED.);
#540=B_SPLINE_CURVE_WITH_KNOTS('',3,(#3313,#3314,#3315,#3316,#3317,#3318,
#3319,#3320,#3321,#3322,#3323,#3324,#3325,#3326,#3327,#3328,#3329,#3330,
#3331,#3332,#3333,#3334,#3335,#3336),.UNSPECIFIED.,.F.,.F.,(4,2,2,2,2,2,
2,2,2,2,2,4),(7.40217025182021,7.70821957980757,8.18809410338089,8.70474029087473,
9.5266984650073,10.0051248953447,10.3445099473424,10.6830554649145,11.1534224284807,
11.8634695084598,12.5122004252476,12.5421029054362),.UNSPECIFIED.);
#541=B_SPLINE_CURVE_WITH_KNOTS('',3,(#3338,#3339,#3340,#3341),
 .UNSPECIFIED.,.F.,.F.,(4,4),(1.76213377976092,1.89606603112596),
 .UNSPECIFIED.);
#542=B_SPLINE_CURVE_WITH_KNOTS('',3,(#3343,#3344,#3345,#3346,#3347,#3348,
#3349,#3350,#3351,#3352,#3353,#3354,#3355),.UNSPECIFIED.,.F.,.F.,(4,3,3,
3,4),(0.771033247349857,0.942088156236687,1.27731503937963,1.6022334878209,
1.67657903333),.UNSPECIFIED.);
#543=B_SPLINE_CURVE_WITH_KNOTS('',3,(#3357,#3358,#3359,#3360,#3361,#3362,
#3363,#3364,#3365,#3366,#3367,#3368),.UNSPECIFIED.,.F.,.F.,(4,2,2,2,2,4),
(9.95236209661068,10.4716008191392,11.0519708457399,11.6323408723406,12.2127108989413,
12.5362432151894),.UNSPECIFIED.);
#544=B_SPLINE_CURVE_WITH_KNOTS('',3,(#3370,#3371,#3372,#3373,#3374,#3375,
#3376,#3377,#3378,#3379,#3380,#3381,#3382,#3383),.UNSPECIFIED.,.F.,.F.,
(4,2,2,2,2,2,4),(4.88477615252125,5.57630435922989,6.09135105082167,6.55029680409731,
7.11873595501091,8.18561303232962,8.61408680824201),.UNSPECIFIED.);
#545=B_SPLINE_CURVE_WITH_KNOTS('',3,(#3385,#3386,#3387,#3388,#3389,#3390,
#3391,#3392,#3393,#3394,#3395,#3396,#3397,#3398,#3399,#3400),
 .UNSPECIFIED.,.F.,.F.,(4,3,3,3,3,4),(22.8028876916571,23.9960855215417,
24.4803088491674,25.011438386209,25.4560595856628,25.7757400198055),
 .UNSPECIFIED.);
#546=B_SPLINE_CURVE_WITH_KNOTS('',3,(#3401,#3402,#3403,#3404,#3405,#3406,
#3407,#3408,#3409,#3410,#3411,#3412,#3413,#3414,#3415,#3416,#3417,#3418,
#3419,#3420,#3421,#3422,#3423,#3424,#3425,#3426,#3427,#3428),
 .UNSPECIFIED.,.F.,.F.,(4,2,2,2,2,2,2,2,2,2,2,2,2,4),(30.6245178476243,
30.7186656286364,31.7857650770597,32.5271856981972,33.293993211229,34.2429385283333,
35.5810466852441,36.8437576586819,38.0598649916827,39.4008453688103,40.4262401902732,
41.135507108076,42.2001260539524,42.5596151838712),.UNSPECIFIED.);
#547=B_SPLINE_CURVE_WITH_KNOTS('',3,(#3430,#3431,#3432,#3433,#3434,#3435,
#3436,#3437,#3438,#3439,#3440,#3441,#3442,#3443,#3444,#3445,#3446,#3447,
#3448,#3449,#3450,#3451,#3452),.UNSPECIFIED.,.F.,.F.,(4,2,2,2,2,3,2,2,2,
2,4),(20.411431933462,20.6698820611126,22.2430658002162,23.4702059489486,
24.237224061973,24.4389710840984,25.1459852067055,26.2629047926656,27.4960442894688,
29.2917659649035,29.5038457893586),.UNSPECIFIED.);
#548=B_SPLINE_CURVE_WITH_KNOTS('',3,(#3454,#3455,#3456,#3457,#3458,#3459,
#3460),.UNSPECIFIED.,.F.,.F.,(4,3,4),(19.6738410024628,20.3499157942958,
20.8914098917338),.UNSPECIFIED.);
#549=B_SPLINE_CURVE_WITH_KNOTS('',3,(#3462,#3463,#3464,#3465,#3466,#3467,
#3468,#3469,#3470,#3471,#3472,#3473,#3474,#3475,#3476,#3477,#3478,#3479,
#3480,#3481,#3482,#3483,#3484,#3485,#3486,#3487,#3488,#3489,#3490,#3491,
#3492,#3493,#3494,#3495,#3496,#3497,#3498,#3499,#3500,#3501),
 .UNSPECIFIED.,.F.,.F.,(4,2,2,2,2,2,2,2,2,2,2,2,2,2,2,2,2,2,2,4),(-7.90503233887393,
-7.52787438276624,-6.76545229383374,-6.46199768597594,-6.15854307811813,
-5.74366616554275,-5.32878925296737,-5.01528597685992,-4.70178270075248,
-4.42346546830092,-4.14514823584936,-3.86683100339781,-3.58851377094625,
-3.2750104948388,-2.96150721873136,-2.54663030615598,-2.1317533935806,-1.82829878572279,
-1.52484417786499,-1.14281392949298),.UNSPECIFIED.);
#550=B_SPLINE_CURVE_WITH_KNOTS('',3,(#3502,#3503,#3504,#3505,#3506,#3507),
 .UNSPECIFIED.,.F.,.F.,(4,2,4),(-4.30121067503803,-2.44204147727332,-0.987950008669237),
 .UNSPECIFIED.);
#551=B_SPLINE_CURVE_WITH_KNOTS('',3,(#3510,#3511,#3512,#3513,#3514,#3515,
#3516,#3517,#3518,#3519,#3520,#3521),.UNSPECIFIED.,.F.,.F.,(4,2,2,2,2,4),
(0.493398445224075,0.994424222888096,1.80160377478908,2.68891391317212,
3.0840523876228,3.45002650516395),.UNSPECIFIED.);
#552=B_SPLINE_CURVE_WITH_KNOTS('',3,(#3561,#3562,#3563,#3564,#3565,#3566,
#3567,#3568,#3569,#3570,#3571,#3572,#3573),.UNSPECIFIED.,.F.,.F.,(4,3,3,
3,4),(-2.77555756156289E-17,0.125890960373066,0.232937301906715,0.376508949032789,
0.47101037124756),.UNSPECIFIED.);
#553=B_SPLINE_CURVE_WITH_KNOTS('',3,(#3575,#3576,#3577,#3578,#3579,#3580,
#3581,#3582,#3583),.UNSPECIFIED.,.F.,.F.,(4,1,1,1,1,1,4),(-10.0060511002088,
-7.15613222043164,-5.73117278054308,-4.30621334065452,-2.88125390076595,
-1.45629446087739,-0.14277360324827),.UNSPECIFIED.);
#554=B_SPLINE_CURVE_WITH_KNOTS('',3,(#3585,#3586,#3587,#3588,#3589,#3590,
#3591,#3592,#3593,#3594,#3595,#3596,#3597,#3598,#3599,#3600),
 .UNSPECIFIED.,.F.,.F.,(4,3,3,3,3,4),(0.,0.158654783319322,0.231640065827652,
0.361010907315083,0.478544429141324,0.519041709090581),.UNSPECIFIED.);
#555=B_SPLINE_CURVE_WITH_KNOTS('',3,(#3601,#3602,#3603,#3604,#3605,#3606,
#3607,#3608,#3609),.UNSPECIFIED.,.F.,.F.,(4,1,1,1,1,1,4),(0.0313350209888257,
1.45629446087739,2.88125390076595,4.30621334065452,5.73117278054308,7.15613222043164,
9.55348583734241),.UNSPECIFIED.);
#556=B_SPLINE_CURVE_WITH_KNOTS('',3,(#3612,#3613,#3614,#3615,#3616,#3617,
#3618,#3619),.UNSPECIFIED.,.F.,.F.,(4,2,2,4),(0.532585230301836,0.658461362384121,
0.827528519944038,0.993423882456075),.UNSPECIFIED.);
#557=B_SPLINE_CURVE_WITH_KNOTS('',3,(#3629,#3630,#3631,#3632),
 .UNSPECIFIED.,.F.,.F.,(4,4),(1.20546628065219,1.52778393927548),
 .UNSPECIFIED.);
#558=B_SPLINE_CURVE_WITH_KNOTS('',3,(#3633,#3634,#3635,#3636,#3637,#3638,
#3639,#3640,#3641,#3642,#3643,#3644,#3645),.UNSPECIFIED.,.F.,.F.,(4,3,3,
3,4),(0.379598901453877,0.450829634708401,0.52150212414241,0.551456500719769,
0.607843852037753),.UNSPECIFIED.);
#559=B_SPLINE_CURVE_WITH_KNOTS('',3,(#3682,#3683,#3684,#3685,#3686,#3687,
#3688,#3689,#3690,#3691,#3692,#3693,#3694,#3695,#3696,#3697),
 .UNSPECIFIED.,.F.,.F.,(4,2,2,2,2,2,2,4),(1.51252967861764,1.58481076372852,
1.80691212009565,2.00436406658891,2.17004978625244,2.30657263183551,2.43033428514136,
2.51357631620789),.UNSPECIFIED.);
#560=B_SPLINE_CURVE_WITH_KNOTS('',3,(#3699,#3700,#3701,#3702,#3703,#3704,
#3705,#3706),.UNSPECIFIED.,.F.,.F.,(4,2,2,4),(3.07850780390059,3.16740971560894,
3.35511587052801,3.39576254197541),.UNSPECIFIED.);
#561=B_SPLINE_CURVE_WITH_KNOTS('',3,(#3708,#3709,#3710,#3711,#3712,#3713,
#3714,#3715,#3716,#3717),.UNSPECIFIED.,.F.,.F.,(4,2,2,2,4),(0.00651422316723926,
0.321901465410262,0.615820107461826,0.880898342446561,1.06329762912129),
 .UNSPECIFIED.);
#562=B_SPLINE_CURVE_WITH_KNOTS('',3,(#3718,#3719,#3720,#3721,#3722,#3723),
 .UNSPECIFIED.,.F.,.F.,(4,2,4),(0.0595689929548069,0.219323471872848,0.366353624822046),
 .UNSPECIFIED.);
#563=B_SPLINE_CURVE_WITH_KNOTS('',3,(#3746,#3747,#3748,#3749,#3750,#3751,
#3752,#3753,#3754,#3755),.UNSPECIFIED.,.F.,.F.,(4,2,2,2,4),(0.02304606839951,
0.27869845864033,0.477692776820369,0.672396611975103,0.82119274340102),
 .UNSPECIFIED.);
#564=B_SPLINE_CURVE_WITH_KNOTS('',3,(#3757,#3758,#3759,#3760),
 .UNSPECIFIED.,.F.,.F.,(4,4),(0.404490329624361,0.467541235511655),
 .UNSPECIFIED.);
#565=B_SPLINE_CURVE_WITH_KNOTS('',3,(#3762,#3763,#3764,#3765,#3766,#3767,
#3768),.UNSPECIFIED.,.F.,.F.,(4,3,4),(2.20813378770206E-7,0.0535878687188786,
0.100447182486912),.UNSPECIFIED.);
#566=B_SPLINE_CURVE_WITH_KNOTS('',3,(#3769,#3770,#3771,#3772,#3773,#3774),
 .UNSPECIFIED.,.F.,.F.,(4,2,4),(0.284484283922119,0.495055986785328,0.825965653811778),
 .UNSPECIFIED.);
#567=B_SPLINE_CURVE_WITH_KNOTS('',3,(#3783,#3784,#3785,#3786,#3787,#3788),
 .UNSPECIFIED.,.F.,.F.,(4,2,4),(0.834249144612602,1.08119984948334,1.15452386863514),
 .UNSPECIFIED.);
#568=B_SPLINE_CURVE_WITH_KNOTS('',3,(#3790,#3791,#3792,#3793,#3794,#3795,
#3796,#3797),.UNSPECIFIED.,.F.,.F.,(4,2,2,4),(1.15452386863514,1.31916678525835,
1.54022269477429,1.74644648877521),.UNSPECIFIED.);
#569=B_SPLINE_CURVE_WITH_KNOTS('',3,(#3810,#3811,#3812,#3813,#3814,#3815,
#3816,#3817,#3818,#3819,#3820,#3821),.UNSPECIFIED.,.F.,.F.,(4,2,2,2,2,4),
(4.77446012361927,4.80092371296646,5.0787962332735,5.35666875358054,5.64188378375067,
5.88589433736883),.UNSPECIFIED.);
#570=B_SPLINE_CURVE_WITH_KNOTS('',3,(#3827,#3828,#3829,#3830,#3831,#3832,
#3833,#3834,#3835,#3836,#3837,#3838),.UNSPECIFIED.,.F.,.F.,(4,2,2,2,2,4),
(3.35162960593895,3.98604401553018,4.80227690017257,5.376996600452,5.86536364923121,
6.29749894455906),.UNSPECIFIED.);
#571=B_SPLINE_CURVE_WITH_KNOTS('',3,(#3839,#3840,#3841,#3842,#3843,#3844,
#3845,#3846),.UNSPECIFIED.,.F.,.F.,(4,2,2,4),(3.75064019583819,4.14346201702445,
4.80264243924298,5.50836573076287),.UNSPECIFIED.);
#572=B_SPLINE_CURVE_WITH_KNOTS('',3,(#3849,#3850,#3851,#3852,#3853,#3854,
#3855,#3856,#3857,#3858,#3859,#3860,#3861,#3862),.UNSPECIFIED.,.F.,.F.,
(4,2,2,2,2,2,4),(3.7224618519705,4.22645378399985,4.86856545170959,5.51067711941933,
6.11740931004463,6.72414150066994,7.03006932401883),.UNSPECIFIED.);
#573=B_SPLINE_CURVE_WITH_KNOTS('',3,(#3864,#3865,#3866,#3867,#3868,#3869,
#3870,#3871,#3872,#3873,#3874,#3875,#3876,#3877),.UNSPECIFIED.,.F.,.F.,
(4,2,2,2,2,2,4),(0.180059823072864,0.903792064569218,1.86427030621061,2.83655956738301,
3.80391288667818,4.71095845974065,5.76280997202445),.UNSPECIFIED.);
#574=B_SPLINE_CURVE_WITH_KNOTS('',3,(#3879,#3880,#3881,#3882,#3883,#3884,
#3885,#3886),.UNSPECIFIED.,.F.,.F.,(4,2,2,4),(9.96956336428078,10.2129503967793,
11.1435155798294,11.8007223882734),.UNSPECIFIED.);
#575=B_SPLINE_CURVE_WITH_KNOTS('',3,(#3888,#3889,#3890,#3891),
 .UNSPECIFIED.,.F.,.F.,(4,4),(3.16878893498691,3.55100099327212),
 .UNSPECIFIED.);
#576=B_SPLINE_CURVE_WITH_KNOTS('',3,(#3892,#3893,#3894,#3895,#3896,#3897,
#3898,#3899),.UNSPECIFIED.,.F.,.F.,(4,2,2,4),(7.19690433784615,7.37802273778233,
7.82479979491931,8.14862028827156),.UNSPECIFIED.);
#577=B_SPLINE_CURVE_WITH_KNOTS('',3,(#3901,#3902,#3903,#3904),
 .UNSPECIFIED.,.F.,.F.,(4,4),(12.8794459772769,13.0929230821717),
 .UNSPECIFIED.);
#578=B_SPLINE_CURVE_WITH_KNOTS('',3,(#3905,#3906,#3907,#3908,#3909,#3910),
 .UNSPECIFIED.,.F.,.F.,(4,2,4),(-2.03029811996808,-1.15425018048236,-0.761300346947522),
 .UNSPECIFIED.);
#579=B_SPLINE_CURVE_WITH_KNOTS('',3,(#3961,#3962,#3963,#3964,#3965,#3966),
 .UNSPECIFIED.,.F.,.F.,(4,2,4),(0.000435918039410529,0.285346135968678,
0.291695895211724),.UNSPECIFIED.);
#580=B_SPLINE_CURVE_WITH_KNOTS('',3,(#3967,#3968,#3969,#3970,#3971,#3972,
#3973),.UNSPECIFIED.,.F.,.F.,(4,3,4),(0.,0.0882148463445892,0.104924774269774),
 .UNSPECIFIED.);
#581=B_SPLINE_CURVE_WITH_KNOTS('',3,(#3975,#3976,#3977,#3978),
 .UNSPECIFIED.,.F.,.F.,(4,4),(3.59544708871427,3.68444311516928),
 .UNSPECIFIED.);
#582=B_SPLINE_CURVE_WITH_KNOTS('',3,(#3980,#3981,#3982,#3983,#3984,#3985,
#3986,#3987,#3988,#3989,#3990,#3991,#3992,#3993,#3994,#3995,#3996,#3997,
#3998,#3999,#4000,#4001,#4002,#4003,#4004,#4005,#4006,#4007,#4008,#4009,
#4010),.UNSPECIFIED.,.F.,.F.,(4,3,3,3,3,3,3,3,3,3,4),(0.273581224614353,
0.347261646399999,0.418859574041364,0.441769744687737,0.526765580894577,
0.571628566296615,0.657670485356932,0.743659935933632,0.819455196166054,
0.872541119530289,0.920363869329508),.UNSPECIFIED.);
#583=B_SPLINE_CURVE_WITH_KNOTS('',3,(#4012,#4013,#4014,#4015),
 .UNSPECIFIED.,.F.,.F.,(4,4),(3.11628212939862,3.30592294452193),
 .UNSPECIFIED.);
#584=B_SPLINE_CURVE_WITH_KNOTS('',3,(#4017,#4018,#4019,#4020,#4021,#4022,
#4023,#4024,#4025,#4026,#4027,#4028,#4029,#4030,#4031,#4032,#4033,#4034,
#4035,#4036,#4037,#4038,#4039,#4040,#4041,#4042,#4043,#4044,#4045,#4046,
#4047),.UNSPECIFIED.,.F.,.F.,(4,3,3,3,3,3,3,3,3,3,4),(0.19159577090343,
0.298335691893712,0.406880653418847,0.515789715758548,0.624238938892093,
0.689750172923593,0.798313542868604,0.875444651065708,0.982580408630155,
1.09019651710773,1.17835414138429),.UNSPECIFIED.);
#585=B_SPLINE_CURVE_WITH_KNOTS('',3,(#4049,#4050,#4051,#4052,#4053,#4054,
#4055,#4056,#4057,#4058,#4059,#4060),.UNSPECIFIED.,.F.,.F.,(4,2,2,2,2,4),
(0.240791138541277,0.519640651044746,0.926501307955205,1.12485047169389,
1.21338551820376,1.21899926267577),.UNSPECIFIED.);
#586=B_SPLINE_CURVE_WITH_KNOTS('',3,(#4062,#4063,#4064,#4065,#4066,#4067,
#4068,#4069,#4070,#4071,#4072,#4073,#4074,#4075,#4076,#4077,#4078,#4079,
#4080),.UNSPECIFIED.,.F.,.F.,(4,3,3,3,3,3,4),(2.69797498533851,2.71861907648652,
2.73993574363036,2.75682749456274,2.77841778707508,2.8007164085255,2.81451554170156),
 .UNSPECIFIED.);
#587=B_SPLINE_CURVE_WITH_KNOTS('',3,(#4081,#4082,#4083,#4084,#4085,#4086,
#4087),.UNSPECIFIED.,.F.,.F.,(4,3,4),(2.67605729822748,2.6960342115778,
2.69797498533851),.UNSPECIFIED.);
#588=B_SPLINE_CURVE_WITH_KNOTS('',3,(#4102,#4103,#4104,#4105,#4106,#4107),
 .UNSPECIFIED.,.F.,.F.,(4,2,4),(8.69386118699255,9.01119154138936,9.29597934811047),
 .UNSPECIFIED.);
#589=B_SPLINE_CURVE_WITH_KNOTS('',3,(#4112,#4113,#4114,#4115,#4116,#4117,
#4118,#4119),.UNSPECIFIED.,.F.,.F.,(4,2,2,4),(8.41502818916888,8.84389726765985,
9.30472390928122,9.53202832227222),.UNSPECIFIED.);
#590=B_SPLINE_CURVE_WITH_KNOTS('',3,(#4127,#4128,#4129,#4130,#4131,#4132,
#4133,#4134,#4135,#4136,#4137,#4138,#4139,#4140,#4141,#4142),
 .UNSPECIFIED.,.F.,.F.,(4,2,2,2,2,2,2,4),(9.61825165553818,9.94658248840662,
10.465705288739,11.0724374793643,11.6791696699896,12.3212813376993,12.9633930054091,
13.4673849374384),.UNSPECIFIED.);
#591=B_SPLINE_CURVE_WITH_KNOTS('',3,(#4157,#4158,#4159,#4160,#4161,#4162,
#4163,#4164,#4165,#4166,#4167,#4168,#4169,#4170,#4171,#4172,#4173,#4174,
#4175),.UNSPECIFIED.,.F.,.F.,(4,3,3,3,3,3,4),(-4.73409341290783,-4.10656020423943,
-3.51956745897037,-2.82948362581589,-2.01806715865775,-1.10474572145976,
-0.813404541349206),.UNSPECIFIED.);
#592=B_SPLINE_CURVE_WITH_KNOTS('',3,(#4176,#4177,#4178,#4179),
 .UNSPECIFIED.,.F.,.F.,(4,4),(3.59366005946511,4.03291067711102),
 .UNSPECIFIED.);
#593=B_SPLINE_CURVE_WITH_KNOTS('',3,(#4182,#4183,#4184,#4185),
 .UNSPECIFIED.,.F.,.F.,(4,4),(27.7279632801654,28.3232325801869),
 .UNSPECIFIED.);
#594=B_SPLINE_CURVE_WITH_KNOTS('',3,(#4186,#4187,#4188,#4189),
 .UNSPECIFIED.,.F.,.F.,(4,4),(-1.9328811381833,-1.60054991150558),
 .UNSPECIFIED.);
#595=B_SPLINE_CURVE_WITH_KNOTS('',3,(#4191,#4192,#4193,#4194,#4195,#4196),
 .UNSPECIFIED.,.F.,.F.,(4,2,4),(0.767468827072753,1.37951386855907,1.83330021669824),
 .UNSPECIFIED.);
#596=B_SPLINE_CURVE_WITH_KNOTS('',3,(#4199,#4200,#4201,#4202,#4203,#4204),
 .UNSPECIFIED.,.F.,.F.,(4,2,4),(2.50881684150329,3.90883648740695,4.44447121001171),
 .UNSPECIFIED.);
#597=B_SPLINE_CURVE_WITH_KNOTS('',3,(#4207,#4208,#4209,#4210,#4211,#4212),
 .UNSPECIFIED.,.F.,.F.,(4,2,4),(11.5179142629805,12.3199910556615,13.0982369135068),
 .UNSPECIFIED.);
#598=B_SPLINE_CURVE_WITH_KNOTS('',3,(#4215,#4216,#4217,#4218,#4219,#4220,
#4221,#4222),.UNSPECIFIED.,.F.,.F.,(4,2,2,4),(0.241242250481777,1.30543562281134,
2.33053378756488,2.89948840650084),.UNSPECIFIED.);
#599=B_SPLINE_CURVE_WITH_KNOTS('',3,(#4225,#4226,#4227,#4228,#4229,#4230),
 .UNSPECIFIED.,.F.,.F.,(4,2,4),(0.252184166015967,1.50740398983812,2.09163715405831),
 .UNSPECIFIED.);
#600=B_SPLINE_CURVE_WITH_KNOTS('',3,(#4231,#4232,#4233,#4234,#4235,#4236,
#4237,#4238,#4239,#4240,#4241,#4242,#4243,#4244),.UNSPECIFIED.,.F.,.F.,
(4,2,2,2,2,2,4),(0.000641867038707569,0.775815671727402,1.38624122537521,
2.01727070103219,2.682428277553,3.35301549503781,3.8711275936793),
 .UNSPECIFIED.);
#601=B_SPLINE_CURVE_WITH_KNOTS('',3,(#4248,#4249,#4250,#4251,#4252,#4253),
 .UNSPECIFIED.,.F.,.F.,(4,2,4),(0.00187565946371723,0.763955838174175,0.815391124165752),
 .UNSPECIFIED.);
#602=B_SPLINE_CURVE_WITH_KNOTS('',3,(#4255,#4256,#4257,#4258,#4259,#4260),
 .UNSPECIFIED.,.F.,.F.,(4,2,4),(6.04056436667325,6.32227112804513,6.65639230339898),
 .UNSPECIFIED.);
#603=B_SPLINE_CURVE_WITH_KNOTS('',3,(#4261,#4262,#4263,#4264,#4265,#4266),
 .UNSPECIFIED.,.F.,.F.,(4,2,4),(0.725402223850055,0.74875985162504,0.879188945201436),
 .UNSPECIFIED.);
#604=B_SPLINE_CURVE_WITH_KNOTS('',3,(#4269,#4270,#4271,#4272,#4273,#4274,
#4275,#4276,#4277,#4278,#4279,#4280),.UNSPECIFIED.,.F.,.F.,(4,2,2,2,2,4),
(-27.5355291641194,-26.6024312575265,-24.8033686537044,-23.2060659235658,
-21.8908190639277,-21.57368718224),.UNSPECIFIED.);
#605=B_SPLINE_CURVE_WITH_KNOTS('',3,(#4283,#4284,#4285,#4286,#4287,#4288,
#4289,#4290,#4291,#4292,#4293,#4294,#4295,#4296,#4297,#4298,#4299,#4300,
#4301,#4302,#4303,#4304,#4305,#4306,#4307,#4308),.UNSPECIFIED.,.F.,.F.,
(4,2,2,2,2,2,2,2,2,2,2,2,4),(6.61225810624202,6.77946498044686,7.19359326590639,
7.60772155136592,8.02184983682545,8.37805991330738,8.73426998978931,9.09048006627125,
9.44669014275318,10.1200166248272,10.7933431069012,12.1399960710492,13.5400157169529),
 .UNSPECIFIED.);
#606=B_SPLINE_CURVE_WITH_KNOTS('',3,(#4312,#4313,#4314,#4315,#4316,#4317,
#4318,#4319,#4320,#4321,#4322,#4323,#4324,#4325,#4326,#4327,#4328,#4329,
#4330,#4331,#4332,#4333),.UNSPECIFIED.,.F.,.F.,(4,2,2,2,2,2,2,2,2,2,4),
(6.53931595863727,6.85951587051099,7.24591824149261,7.63232061247423,8.02683445650466,
8.22409137851987,8.42134830053508,8.6186052225503,8.81586214456551,9.21037598859593,
9.47801084131132),.UNSPECIFIED.);
#607=B_SPLINE_CURVE_WITH_KNOTS('',3,(#4343,#4344,#4345,#4346),
 .UNSPECIFIED.,.F.,.F.,(4,4),(0.,0.298644030804463),.UNSPECIFIED.);
#608=B_SPLINE_CURVE_WITH_KNOTS('',3,(#4348,#4349,#4350,#4351,#4352,#4353,
#4354,#4355,#4356,#4357),.UNSPECIFIED.,.F.,.F.,(4,2,2,2,4),(1.60535838868419,
2.08897048406622,3.96659152054301,6.9103133882389,8.23384795111119),
 .UNSPECIFIED.);
#609=B_SPLINE_CURVE_WITH_KNOTS('',3,(#4366,#4367,#4368,#4369,#4370,#4371,
#4372,#4373,#4374,#4375),.UNSPECIFIED.,.F.,.F.,(4,2,2,2,4),(0.,0.314786490291107,
0.725219843901105,1.49567287273556,2.76243015263577),.UNSPECIFIED.);
#610=B_SPLINE_CURVE_WITH_KNOTS('',3,(#4383,#4384,#4385,#4386,#4387,#4388,
#4389,#4390,#4391,#4392),.UNSPECIFIED.,.F.,.F.,(4,2,2,2,4),(0.13797986457659,
3.44261910558649,6.36548264100695,8.22979941667836,8.7099847814706),
 .UNSPECIFIED.);
#611=B_SPLINE_CURVE_WITH_KNOTS('',3,(#4393,#4394,#4395,#4396,#4397,#4398),
 .UNSPECIFIED.,.F.,.F.,(4,2,4),(10.2386324765179,10.3774999284953,10.380933470123),
 .UNSPECIFIED.);
#612=B_SPLINE_CURVE_WITH_KNOTS('',3,(#4399,#4400,#4401,#4402,#4403,#4404,
#4405,#4406,#4407,#4408,#4409,#4410,#4411,#4412,#4413,#4414,#4415,#4416),
 .UNSPECIFIED.,.F.,.F.,(4,2,2,2,2,2,2,2,4),(0.522953686143752,0.6387050927616,
1.2774101855232,1.9161152782848,2.5548203710464,3.193525463808,3.8322305565696,
4.4709356493312,4.58668705594905),.UNSPECIFIED.);
#613=B_SPLINE_CURVE_WITH_KNOTS('',3,(#4419,#4420,#4421,#4422,#4423,#4424),
 .UNSPECIFIED.,.F.,.F.,(4,2,4),(-2.01378294511307,-1.75309201165177,-1.09694569823894),
 .UNSPECIFIED.);
#614=B_SPLINE_CURVE_WITH_KNOTS('',3,(#4438,#4439,#4440,#4441,#4442,#4443),
 .UNSPECIFIED.,.F.,.F.,(4,2,4),(0.270054067459247,1.13553149284519,1.20927339439706),
 .UNSPECIFIED.);
#615=B_SPLINE_CURVE_WITH_KNOTS('',3,(#4445,#4446,#4447,#4448,#4449,#4450),
 .UNSPECIFIED.,.F.,.F.,(4,2,4),(4.32135505521501,4.86856545170959,5.23681287901936),
 .UNSPECIFIED.);
#616=B_SPLINE_CURVE_WITH_KNOTS('',3,(#4451,#4452,#4453,#4454),
 .UNSPECIFIED.,.F.,.F.,(4,4),(5.37478005024776,5.73683047088949),
 .UNSPECIFIED.);
#617=B_SPLINE_CURVE_WITH_KNOTS('',3,(#4458,#4459,#4460,#4461,#4462,#4463,
#4464,#4465,#4466,#4467),.UNSPECIFIED.,.F.,.F.,(4,2,2,2,4),(0.111628609855341,
0.188964499006251,0.378065698345499,0.604052371315277,0.837711460773796),
 .UNSPECIFIED.);
#618=B_SPLINE_CURVE_WITH_KNOTS('',3,(#4468,#4469,#4470,#4471,#4472,#4473,
#4474,#4475),.UNSPECIFIED.,.F.,.F.,(4,2,2,4),(0.222512878842861,0.269145609763426,
0.586343788199796,0.932976559518949),.UNSPECIFIED.);
#619=B_SPLINE_CURVE_WITH_KNOTS('',3,(#4488,#4489,#4490,#4491),
 .UNSPECIFIED.,.F.,.F.,(4,4),(1.50918122844479,1.74498994327031),
 .UNSPECIFIED.);
#620=B_SPLINE_CURVE_WITH_KNOTS('',3,(#4494,#4495,#4496,#4497),
 .UNSPECIFIED.,.F.,.F.,(4,4),(2.47657114022941,2.72785139984213),
 .UNSPECIFIED.);
#621=B_SPLINE_CURVE_WITH_KNOTS('',3,(#4501,#4502,#4503,#4504,#4505,#4506,
#4507,#4508,#4509,#4510),.UNSPECIFIED.,.F.,.F.,(4,2,2,2,4),(0.,1.05897351093581,
1.99445917599841,2.84426597122065,3.68090146689078),.UNSPECIFIED.);
#622=B_SPLINE_CURVE_WITH_KNOTS('',3,(#4577,#4578,#4579,#4580,#4581,#4582,
#4583,#4584,#4585,#4586),.UNSPECIFIED.,.F.,.F.,(4,2,2,2,4),(-3.56559629448425,
-3.01034025337233,-2.45140920489231,-1.35376154576339,-0.214136389467633),
 .UNSPECIFIED.);
#623=B_SPLINE_CURVE_WITH_KNOTS('',3,(#4588,#4589,#4590,#4591),
 .UNSPECIFIED.,.F.,.F.,(4,4),(0.0506718543595827,1.27914736102881),
 .UNSPECIFIED.);
#624=B_SPLINE_CURVE_WITH_KNOTS('',3,(#4592,#4593,#4594,#4595,#4596,#4597,
#4598,#4599),.UNSPECIFIED.,.F.,.F.,(4,1,1,1,1,4),(6.35766176252814,6.36290861384431,
7.46390472492847,8.56490083601263,9.6658969470968,11.7426776417311),
 .UNSPECIFIED.);
#625=B_SPLINE_CURVE_WITH_KNOTS('',3,(#4601,#4602,#4603,#4604,#4605,#4606,
#4607),.UNSPECIFIED.,.F.,.F.,(4,3,4),(3.83912325442943,3.96701819814825,
3.98597628291567),.UNSPECIFIED.);
#626=B_SPLINE_CURVE_WITH_KNOTS('',3,(#4608,#4609,#4610,#4611,#4612,#4613,
#4614,#4615),.UNSPECIFIED.,.F.,.F.,(4,1,1,1,1,4),(-12.9684119443594,-11.8678891692651,
-9.6658969470968,-8.56490083601263,-7.46390472492847,-6.60960869332323),
 .UNSPECIFIED.);
#627=B_SPLINE_CURVE_WITH_KNOTS('',3,(#4673,#4674,#4675,#4676,#4677,#4678,
#4679,#4680,#4681,#4682),.UNSPECIFIED.,.F.,.F.,(4,3,3,4),(7.02508618237932,
8.22418596072394,9.42328573906857,11.2219354065855),.UNSPECIFIED.);
#628=B_SPLINE_CURVE_WITH_KNOTS('',3,(#4683,#4684,#4685,#4686,#4687,#4688,
#4689,#4690,#4691,#4692,#4693,#4694,#4695),.UNSPECIFIED.,.F.,.F.,(4,3,3,
3,4),(-1.60994698177568,-1.08239459438462,-0.798841303867523,-0.289550185294007,
0.),.UNSPECIFIED.);
#629=B_SPLINE_CURVE_WITH_KNOTS('',3,(#4696,#4697,#4698,#4699,#4700,#4701,
#4702,#4703,#4704,#4705,#4706,#4707,#4708),.UNSPECIFIED.,.F.,.F.,(4,3,3,
3,4),(0.,0.532383504227064,0.822609794669345,1.43763559941582,1.66502444633967),
 .UNSPECIFIED.);
#630=B_SPLINE_CURVE_WITH_KNOTS('',3,(#4722,#4723,#4724,#4725,#4726,#4727,
#4728),.UNSPECIFIED.,.F.,.F.,(4,3,4),(0.,0.530428098230805,1.28378286535048),
 .UNSPECIFIED.);
#631=B_SPLINE_CURVE_WITH_KNOTS('',3,(#4729,#4730,#4731,#4732,#4733,#4734,
#4735,#4736,#4737,#4738,#4739,#4740,#4741,#4742,#4743,#4744),
 .UNSPECIFIED.,.F.,.F.,(4,3,3,3,3,4),(0.,0.672533251455833,1.29970767086848,
1.9172919528845,2.53780292000717,2.73432732859616),.UNSPECIFIED.);
#632=B_SPLINE_CURVE_WITH_KNOTS('',3,(#4752,#4753,#4754,#4755,#4756,#4757),
 .UNSPECIFIED.,.F.,.F.,(4,2,4),(1.13977549189816,1.83871820228592,2.5507036612318),
 .UNSPECIFIED.);
#633=B_SPLINE_CURVE_WITH_KNOTS('',3,(#4759,#4760,#4761,#4762,#4763,#4764),
 .UNSPECIFIED.,.F.,.F.,(4,2,4),(1.23758292789729,2.41542945325831,3.60076886740367),
 .UNSPECIFIED.);
#634=B_SPLINE_CURVE_WITH_KNOTS('',3,(#4765,#4766,#4767,#4768,#4769,#4770),
 .UNSPECIFIED.,.F.,.F.,(4,2,4),(-1.298443299878,-0.533187960740364,0.),
 .UNSPECIFIED.);
#635=B_SPLINE_CURVE_WITH_KNOTS('',3,(#4772,#4773,#4774,#4775,#4776,#4777),
 .UNSPECIFIED.,.F.,.F.,(4,2,4),(-2.73743293141791,-1.30430165531259,0.),
 .UNSPECIFIED.);
#636=B_SPLINE_CURVE_WITH_KNOTS('',3,(#4802,#4803,#4804,#4805),
 .UNSPECIFIED.,.F.,.F.,(4,4),(7.9533147829042,8.80907705120994),
 .UNSPECIFIED.);
#637=B_SPLINE_CURVE_WITH_KNOTS('',3,(#4860,#4861,#4862,#4863,#4864,#4865,
#4866,#4867,#4868,#4869,#4870,#4871,#4872,#4873),.UNSPECIFIED.,.F.,.F.,
(4,2,2,2,2,2,4),(0.,0.0165755008145803,0.0421066956915419,0.106372989913627,
0.204207902666294,0.474303637286548,0.869864607678819),.UNSPECIFIED.);
#638=B_SPLINE_CURVE_WITH_KNOTS('',3,(#4877,#4878,#4879,#4880,#4881,#4882,
#4883,#4884),.UNSPECIFIED.,.F.,.F.,(4,2,2,4),(3.13356671368182,3.58571455177356,
4.14514117639195,4.60637476526502),.UNSPECIFIED.);
#639=B_SPLINE_CURVE_WITH_KNOTS('',3,(#4886,#4887,#4888,#4889,#4890,#4891,
#4892,#4893,#4894,#4895),.UNSPECIFIED.,.F.,.F.,(4,2,2,2,4),(-5.15057834604884,
-4.99011954146185,-4.61074963259357,-4.2147325537489,-3.84805353485636),
 .UNSPECIFIED.);
#640=B_SPLINE_CURVE_WITH_KNOTS('',3,(#4896,#4897,#4898,#4899,#4900,#4901,
#4902,#4903,#4904,#4905),.UNSPECIFIED.,.F.,.F.,(4,2,2,2,4),(8.22630470556226,
8.27108349170542,8.55438449000687,8.83768548830833,9.37454481717342),
 .UNSPECIFIED.);
#641=B_SPLINE_CURVE_WITH_KNOTS('',3,(#4911,#4912,#4913,#4914,#4915,#4916),
 .UNSPECIFIED.,.F.,.F.,(4,2,4),(1.01796981008451,1.09985433313793,1.73679104935862),
 .UNSPECIFIED.);
#642=B_SPLINE_CURVE_WITH_KNOTS('',3,(#4918,#4919,#4920,#4921,#4922,#4923),
 .UNSPECIFIED.,.F.,.F.,(4,2,4),(6.11833581248906,6.37811138464638,6.65261898462376),
 .UNSPECIFIED.);
#643=B_SPLINE_CURVE_WITH_KNOTS('',3,(#4924,#4925,#4926,#4927,#4928,#4929),
 .UNSPECIFIED.,.F.,.F.,(4,2,4),(4.02608473282526,4.2147325537489,4.28138592346338),
 .UNSPECIFIED.);
#644=B_SPLINE_CURVE_WITH_KNOTS('',3,(#4933,#4934,#4935,#4936,#4937,#4938,
#4939,#4940),.UNSPECIFIED.,.F.,.F.,(4,2,2,4),(5.21596082506799,5.38131312331591,
5.79086087375307,5.82219210286246),.UNSPECIFIED.);
#645=B_SPLINE_CURVE_WITH_KNOTS('',3,(#4942,#4943,#4944,#4945,#4946,#4947,
#4948,#4949,#4950,#4951,#4952,#4953,#4954,#4955,#4956,#4957),
 .UNSPECIFIED.,.F.,.F.,(4,3,3,3,3,4),(5.82219210286246,5.90701828543881,
5.98637085461305,6.07251810070432,6.1597076942571,6.19265842837235),
 .UNSPECIFIED.);
#646=B_SPLINE_CURVE_WITH_KNOTS('',3,(#4962,#4963,#4964,#4965,#4966,#4967,
#4968,#4969,#4970,#4971,#4972,#4973,#4974,#4975,#4976,#4977,#4978,#4979),
 .UNSPECIFIED.,.F.,.F.,(4,2,2,2,2,2,2,2,4),(3.05872189228681,3.36100369241622,
3.6691060170008,4.02659903994635,4.10247873615827,4.13848770511775,4.16662223011071,
4.19721283165243,4.23007197472646),.UNSPECIFIED.);
#647=B_SPLINE_CURVE_WITH_KNOTS('',3,(#4981,#4982,#4983,#4984,#4985,#4986,
#4987,#4988,#4989,#4990,#4991,#4992,#4993,#4994,#4995,#4996,#4997,#4998,
#4999,#5000,#5001,#5002,#5003,#5004,#5005,#5006,#5007,#5008),
 .UNSPECIFIED.,.F.,.F.,(4,2,2,2,2,2,2,2,2,2,2,2,2,4),(0.,0.190285837706343,
0.418892273482801,0.7277348452785,0.956745495887183,1.13943059125025,1.30840375877866,
1.4984210183567,1.74589768915615,2.03735211494749,2.25134003445277,2.43893824828946,
2.63780630036536,2.79028649974725),.UNSPECIFIED.);
#648=B_SPLINE_CURVE_WITH_KNOTS('',3,(#5009,#5010,#5011,#5012,#5013,#5014),
 .UNSPECIFIED.,.F.,.F.,(4,2,4),(4.60143727510751,4.64990050110519,4.74154351520878),
 .UNSPECIFIED.);
#649=B_SPLINE_CURVE_WITH_KNOTS('',3,(#5017,#5018,#5019,#5020,#5021,#5022,
#5023,#5024,#5025,#5026),.UNSPECIFIED.,.F.,.F.,(4,2,2,2,4),(-1.19446471364048,
-0.996626858626298,-0.735737361879336,-0.349541003460327,-0.000961525626268167),
 .UNSPECIFIED.);
#650=B_SPLINE_CURVE_WITH_KNOTS('',3,(#5028,#5029,#5030,#5031,#5032,#5033,
#5034,#5035,#5036,#5037,#5038,#5039,#5040,#5041),.UNSPECIFIED.,.F.,.F.,
(4,2,2,2,2,2,4),(-0.982528577081691,-0.925699902016852,-0.740390084301864,
-0.555239437821336,-0.370088791340807,-0.185044395670404,-0.136424246609292),
 .UNSPECIFIED.);
#651=B_SPLINE_CURVE_WITH_KNOTS('',3,(#5043,#5044,#5045,#5046,#5047,#5048,
#5049,#5050,#5051,#5052,#5053,#5054,#5055,#5056,#5057,#5058,#5059,#5060,
#5061,#5062,#5063,#5064,#5065,#5066),.UNSPECIFIED.,.F.,.F.,(4,2,2,2,2,2,
2,2,2,2,2,4),(3.18726716734201,3.25737130624722,3.44376172609625,3.58902881954783,
3.73885800603273,3.93258919627903,4.19338721542023,4.43786658542641,4.76985397274069,
5.45584539392375,6.45166124779262,6.74349148977276),.UNSPECIFIED.);
#652=B_SPLINE_CURVE_WITH_KNOTS('',3,(#5067,#5068,#5069,#5070,#5071,#5072),
 .UNSPECIFIED.,.F.,.F.,(4,2,4),(3.79105859694366,4.0268444306348,4.09204580059587),
 .UNSPECIFIED.);
#653=B_SPLINE_CURVE_WITH_KNOTS('',3,(#5075,#5076,#5077,#5078,#5079,#5080,
#5081,#5082),.UNSPECIFIED.,.F.,.F.,(4,2,2,4),(0.756958515002434,1.25801550603263,
2.40997444020915,2.59969790013663),.UNSPECIFIED.);
#654=B_SPLINE_CURVE_WITH_KNOTS('',3,(#5083,#5084,#5085,#5086,#5087,#5088,
#5089,#5090,#5091,#5092,#5093,#5094,#5095,#5096,#5097,#5098,#5099,#5100,
#5101,#5102,#5103,#5104,#5105,#5106,#5107),.UNSPECIFIED.,.F.,.F.,(4,2,2,
2,2,2,3,2,2,2,2,4),(7.04490574602999,7.28008017371129,7.57409280904385,
7.86810544437642,8.45613071504156,9.13013731411023,9.80414391317891,10.1194883416791,
10.4348327701793,10.7501771986796,11.0655216271798,11.2964533280627),
 .UNSPECIFIED.);
#655=B_SPLINE_CURVE_WITH_KNOTS('',3,(#5125,#5126,#5127,#5128,#5129,#5130),
 .UNSPECIFIED.,.F.,.F.,(4,2,4),(2.95231307268842,3.08490135288242,3.96960221544615),
 .UNSPECIFIED.);
#656=B_SPLINE_CURVE_WITH_KNOTS('',3,(#5131,#5132,#5133,#5134,#5135,#5136),
 .UNSPECIFIED.,.F.,.F.,(4,2,4),(1.77287538311143,2.04259827439208,2.95231307268842),
 .UNSPECIFIED.);
#657=B_SPLINE_CURVE_WITH_KNOTS('',3,(#5174,#5175,#5176,#5177,#5178,#5179,
#5180,#5181,#5182,#5183,#5184,#5185,#5186,#5187),.UNSPECIFIED.,.F.,.F.,
(4,2,2,2,2,2,4),(-5.40382002386538,-4.46873363449293,-3.81400780329263,
-3.32381098797485,-2.79753370720298,-2.13707656163956,-1.90184333454331),
 .UNSPECIFIED.);
#658=B_SPLINE_CURVE_WITH_KNOTS('',3,(#5188,#5189,#5190,#5191,#5192,#5193,
#5194,#5195,#5196,#5197,#5198,#5199,#5200,#5201,#5202,#5203,#5204,#5205),
 .UNSPECIFIED.,.F.,.F.,(4,2,2,2,2,2,2,2,4),(5.05496704530067,6.15710146675065,
6.64236570349198,6.96546225359112,7.24824424755482,7.57943777882044,8.16793769523418,
9.17846018672626,9.39359597546366),.UNSPECIFIED.);
#659=B_SPLINE_CURVE_WITH_KNOTS('',3,(#5207,#5208,#5209,#5210,#5211,#5212,
#5213,#5214),.UNSPECIFIED.,.F.,.F.,(4,2,2,4),(14.9647703777881,15.5961575584931,
18.6608637342461,19.8841524478466),.UNSPECIFIED.);
#660=B_SPLINE_CURVE_WITH_KNOTS('',3,(#5216,#5217,#5218,#5219,#5220,#5221,
#5222,#5223,#5224,#5225,#5226,#5227),.UNSPECIFIED.,.F.,.F.,(4,2,2,2,2,4),
(-1.96944866697746,-1.508725154448,-1.16437742228897,-0.87036046504247,
-0.472040483748354,-0.269732323295231),.UNSPECIFIED.);
#661=B_SPLINE_CURVE_WITH_KNOTS('',3,(#5228,#5229,#5230,#5231,#5232,#5233,
#5234,#5235,#5236,#5237,#5238,#5239,#5240,#5241,#5242,#5243),
 .UNSPECIFIED.,.F.,.F.,(4,2,2,2,2,2,2,4),(1.31947099570887,2.69891006667927,
5.87898580252411,8.11645033481257,9.40094522474009,9.91488514642876,10.3123423972456,
10.3397565595598),.UNSPECIFIED.);
#662=B_SPLINE_CURVE_WITH_KNOTS('',3,(#5246,#5247,#5248,#5249,#5250,#5251),
 .UNSPECIFIED.,.F.,.F.,(4,2,4),(2.33312974871626,2.67437017222261,2.80594718370849),
 .UNSPECIFIED.);
#663=B_SPLINE_CURVE_WITH_KNOTS('',3,(#5253,#5254,#5255,#5256,#5257,#5258,
#5259,#5260,#5261,#5262),.UNSPECIFIED.,.F.,.F.,(4,2,2,2,4),(17.6923036269923,
17.8114164000243,18.4631617813572,19.6206852155163,20.1346778241187),
 .UNSPECIFIED.);
#664=B_SPLINE_CURVE_WITH_KNOTS('',3,(#5264,#5265,#5266,#5267,#5268,#5269,
#5270,#5271),.UNSPECIFIED.,.F.,.F.,(4,2,2,4),(0.891014990508435,2.10278316379799,
2.71972992980194,3.31330147250071),.UNSPECIFIED.);
#665=B_SPLINE_CURVE_WITH_KNOTS('',3,(#5273,#5274,#5275,#5276,#5277,#5278,
#5279,#5280,#5281,#5282,#5283,#5284,#5285,#5286,#5287,#5288,#5289,#5290),
 .UNSPECIFIED.,.F.,.F.,(4,2,2,2,2,2,2,2,4),(43.800757085527,44.0147213176407,
44.9417467001256,45.8687720826105,46.7957974650954,48.6498482300652,50.503898995035,
52.3579497600047,52.7218381609797),.UNSPECIFIED.);
#666=B_SPLINE_CURVE_WITH_KNOTS('',3,(#5292,#5293,#5294,#5295,#5296,#5297),
 .UNSPECIFIED.,.F.,.F.,(4,2,4),(3.81969158071434,4.25596841717138,4.37023357470325),
 .UNSPECIFIED.);
#667=B_SPLINE_CURVE_WITH_KNOTS('',3,(#5299,#5300,#5301,#5302,#5303,#5304,
#5305,#5306,#5307,#5308),.UNSPECIFIED.,.F.,.F.,(4,2,2,2,4),(5.71239077406235,
5.8144552207171,7.24957133872781,7.9682308128677,8.16751124387295),
 .UNSPECIFIED.);
#668=B_SPLINE_CURVE_WITH_KNOTS('',3,(#5310,#5311,#5312,#5313,#5314,#5315,
#5316,#5317,#5318,#5319,#5320,#5321),.UNSPECIFIED.,.F.,.F.,(4,2,2,2,2,4),
(0.465115274246697,0.656335666736098,1.31999975860586,1.95759280776877,
2.39915688990593,2.78634481790378),.UNSPECIFIED.);
#669=B_SPLINE_CURVE_WITH_KNOTS('',3,(#5322,#5323,#5324,#5325,#5326,#5327,
#5328,#5329),.UNSPECIFIED.,.F.,.F.,(4,2,2,4),(0.,0.534109044005623,0.996055772345149,
1.08910040498561),.UNSPECIFIED.);
#670=B_SPLINE_CURVE_WITH_KNOTS('',3,(#5347,#5348,#5349,#5350),
 .UNSPECIFIED.,.F.,.F.,(4,4),(-0.450707799474858,-0.163562684892882),
 .UNSPECIFIED.);
#671=B_SPLINE_CURVE_WITH_KNOTS('',3,(#5351,#5352,#5353,#5354),
 .UNSPECIFIED.,.F.,.F.,(4,4),(11.2968533449083,11.9738473991274),
 .UNSPECIFIED.);
#672=B_SPLINE_CURVE_WITH_KNOTS('',3,(#5357,#5358,#5359,#5360,#5361,#5362,
#5363,#5364,#5365,#5366),.UNSPECIFIED.,.F.,.F.,(4,2,2,2,4),(1.34402804993082,
1.96178292522165,3.42259381020494,5.09945842233546,5.44224543334359),
 .UNSPECIFIED.);
#673=B_SPLINE_CURVE_WITH_KNOTS('',3,(#5368,#5369,#5370,#5371,#5372,#5373),
 .UNSPECIFIED.,.F.,.F.,(4,2,4),(4.68340112566486,5.07376019755921,5.34445888096666),
 .UNSPECIFIED.);
#674=B_SPLINE_CURVE_WITH_KNOTS('',3,(#5374,#5375,#5376,#5377,#5378,#5379,
#5380,#5381,#5382,#5383,#5384,#5385,#5386,#5387,#5388,#5389,#5390,#5391),
 .UNSPECIFIED.,.F.,.F.,(4,2,2,2,2,2,2,2,4),(7.95463576607948,9.41842993846587,
11.2724807034357,13.1265314684054,14.0535568508903,14.9805822333752,15.9076076158601,
16.834632998345,18.4277725758706),.UNSPECIFIED.);
#675=B_SPLINE_CURVE_WITH_KNOTS('',3,(#5392,#5393,#5394,#5395),
 .UNSPECIFIED.,.F.,.F.,(4,4),(7.00416533856727,7.25982262817283),
 .UNSPECIFIED.);
#676=B_SPLINE_CURVE_WITH_KNOTS('',3,(#5399,#5400,#5401,#5402,#5403,#5404),
 .UNSPECIFIED.,.F.,.F.,(4,2,4),(0.000333116012160678,1.17114534220071,1.60426129181213),
 .UNSPECIFIED.);
#677=B_SPLINE_CURVE_WITH_KNOTS('',3,(#5405,#5406,#5407,#5408,#5409,#5410,
#5411,#5412,#5413,#5414,#5415,#5416),.UNSPECIFIED.,.F.,.F.,(4,2,2,2,2,4),
(11.2624585059265,12.3278455759673,12.9795909573003,13.6313363386333,13.9465034220078,
14.0157590083534),.UNSPECIFIED.);
#678=B_SPLINE_CURVE_WITH_KNOTS('',3,(#5418,#5419,#5420,#5421,#5422,#5423,
#5424,#5425,#5426,#5427,#5428,#5429),.UNSPECIFIED.,.F.,.F.,(4,2,2,2,2,4),
(1.21244473263457,1.41473247414552,1.69440914622509,2.04646192762897,2.31924995034254,
2.61087720192448),.UNSPECIFIED.);
#679=B_SPLINE_CURVE_WITH_KNOTS('',3,(#5430,#5431,#5432,#5433,#5434,#5435,
#5436,#5437,#5438,#5439,#5440,#5441),.UNSPECIFIED.,.F.,.F.,(4,2,2,2,2,4),
(0.,0.58785174344678,1.25130760982579,1.88718920780821,2.46967828329307,
2.53725135239143),.UNSPECIFIED.);
#680=B_SPLINE_CURVE_WITH_KNOTS('',3,(#5443,#5444,#5445,#5446,#5447,#5448,
#5449,#5450,#5451,#5452,#5453,#5454,#5455,#5456),.UNSPECIFIED.,.F.,.F.,
(4,2,2,2,2,2,4),(-2.21436754385796,-1.87686357715081,-1.45406339110417,
-1.07701286631673,-0.699962341529281,-0.349981170764641,0.),
 .UNSPECIFIED.);
#681=B_SPLINE_CURVE_WITH_KNOTS('',3,(#5458,#5459,#5460,#5461,#5462,#5463),
 .UNSPECIFIED.,.F.,.F.,(4,2,4),(0.167931660278336,0.770780518077928,1.530551609088),
 .UNSPECIFIED.);
#682=B_SPLINE_CURVE_WITH_KNOTS('',3,(#5464,#5465,#5466,#5467,#5468,#5469,
#5470,#5471),.UNSPECIFIED.,.F.,.F.,(4,2,2,4),(15.4144900468453,15.8201448244787,
18.5097978027371,20.8856750395012),.UNSPECIFIED.);
#683=B_SPLINE_CURVE_WITH_KNOTS('',3,(#5475,#5476,#5477,#5478,#5479,#5480),
 .UNSPECIFIED.,.F.,.F.,(4,2,4),(6.89671158741647,7.0063126743873,7.20745249311917),
 .UNSPECIFIED.);
#684=B_SPLINE_CURVE_WITH_KNOTS('',3,(#5482,#5483,#5484,#5485,#5486,#5487),
 .UNSPECIFIED.,.F.,.F.,(4,2,4),(23.1685820418688,23.3663273074442,23.4149645052303),
 .UNSPECIFIED.);
#685=B_SPLINE_CURVE_WITH_KNOTS('',3,(#5488,#5489,#5490,#5491,#5492,#5493,
#5494,#5495,#5496,#5497),.UNSPECIFIED.,.F.,.F.,(4,2,2,2,4),(3.61622172524374,
5.89451145245111,8.15146406839443,9.51160377034117,9.87024815463159),
 .UNSPECIFIED.);
#686=B_SPLINE_CURVE_WITH_KNOTS('',3,(#5498,#5499,#5500,#5501,#5502,#5503,
#5504,#5505,#5506,#5507),.UNSPECIFIED.,.F.,.F.,(4,2,2,2,4),(10.2788810846965,
10.5839933309848,11.4431026460334,12.0823312348889,12.0917977500616),
 .UNSPECIFIED.);
#687=B_SPLINE_CURVE_WITH_KNOTS('',3,(#5525,#5526,#5527,#5528,#5529,#5530,
#5531,#5532,#5533,#5534,#5535,#5536,#5537,#5538,#5539,#5540,#5541,#5542,
#5543,#5544,#5545,#5546),.UNSPECIFIED.,.F.,.F.,(4,3,3,3,3,3,3,4),(-0.873755436104224,
-0.845435364775805,-0.756132139131877,-0.666151552882106,-0.574504805959696,
-0.488222462200093,-0.405991635408785,-0.330731900485279),.UNSPECIFIED.);
#688=B_SPLINE_CURVE_WITH_KNOTS('',3,(#5547,#5548,#5549,#5550,#5551,#5552,
#5553,#5554),.UNSPECIFIED.,.F.,.F.,(4,2,2,4),(1.26954331345651,1.83495044611131,
3.07366594153141,3.11708093550568),.UNSPECIFIED.);
#689=B_SPLINE_CURVE_WITH_KNOTS('',3,(#5558,#5559,#5560,#5561,#5562,#5563,
#5564,#5565,#5566,#5567),.UNSPECIFIED.,.F.,.F.,(4,2,2,2,4),(0.000326152023929803,
1.39336497506318,3.01176893786432,5.15387735655892,6.16498221918342),
 .UNSPECIFIED.);
#690=B_SPLINE_CURVE_WITH_KNOTS('',3,(#5569,#5570,#5571,#5572,#5573,#5574,
#5575,#5576,#5577,#5578,#5579,#5580),.UNSPECIFIED.,.F.,.F.,(4,2,2,2,2,4),
(5.20895489090094,5.36382392751195,6.34867139604288,7.40689954882829,8.45642880713424,
9.60054722227583),.UNSPECIFIED.);
#691=B_SPLINE_CURVE_WITH_KNOTS('',3,(#5581,#5582,#5583,#5584,#5585,#5586,
#5587,#5588,#5589,#5590,#5591,#5592,#5593,#5594,#5595,#5596),
 .UNSPECIFIED.,.F.,.F.,(4,2,2,2,2,2,2,4),(0.,1.09188902824339,2.19503964329332,
3.3447626836333,4.38286139809411,5.36382392751214,6.34867139604332,6.90964169741818),
 .UNSPECIFIED.);
#692=B_SPLINE_CURVE_WITH_KNOTS('',3,(#5600,#5601,#5602,#5603,#5604,#5605,
#5606,#5607),.UNSPECIFIED.,.F.,.F.,(4,2,2,4),(7.50902077658621,9.32119078511286,
11.3522703061376,11.6316794543007),.UNSPECIFIED.);
#693=B_SPLINE_CURVE_WITH_KNOTS('',3,(#5609,#5610,#5611,#5612),
 .UNSPECIFIED.,.F.,.F.,(4,4),(8.96713580908184,9.600547222276),
 .UNSPECIFIED.);
#694=B_SPLINE_CURVE_WITH_KNOTS('',3,(#5613,#5614,#5615,#5616,#5617,#5618,
#5619,#5620,#5621,#5622),.UNSPECIFIED.,.F.,.F.,(4,2,2,2,4),(0.,1.09188902824347,
2.19503964329321,3.34476268363318,4.32817845967178),.UNSPECIFIED.);
#695=B_SPLINE_CURVE_WITH_KNOTS('',3,(#5713,#5714,#5715,#5716,#5717,#5718,
#5719,#5720,#5721,#5722,#5723,#5724),.UNSPECIFIED.,.F.,.F.,(4,2,2,2,2,4),
(-2.1524287300854,-1.85065657201915,-1.44317662029787,-1.07740883769804,
-0.785767938422971,-0.675513363513313),.UNSPECIFIED.);
#696=B_SPLINE_CURVE_WITH_KNOTS('',3,(#5816,#5817,#5818,#5819,#5820,#5821,
#5822,#5823,#5824,#5825,#5826,#5827),.UNSPECIFIED.,.F.,.F.,(4,2,2,2,2,4),
(-2.01464150406595,-1.8295551317836,-1.3913067706503,-0.919605830760537,
-0.450460920497393,-0.0639766599941469),.UNSPECIFIED.);
#697=B_SPLINE_CURVE_WITH_KNOTS('',3,(#5830,#5831,#5832,#5833,#5834,#5835,
#5836,#5837),.UNSPECIFIED.,.F.,.F.,(4,2,2,4),(14.6270973149575,15.0814442571973,
15.7223903203766,16.2648082551661),.UNSPECIFIED.);
#698=B_SPLINE_CURVE_WITH_KNOTS('',3,(#5850,#5851,#5852,#5853,#5854,#5855,
#5856,#5857,#5858,#5859,#5860,#5861,#5862,#5863,#5864,#5865,#5866,#5867,
#5868,#5869),.UNSPECIFIED.,.F.,.F.,(4,2,2,2,2,2,2,2,2,4),(0.345196686380237,
0.735000003900161,1.2984191110684,1.77103882764178,2.19087974871293,2.56671352182202,
2.91459975925479,3.23754287168187,3.51095580467332,3.51855345391533),
 .UNSPECIFIED.);
#699=B_SPLINE_CURVE_WITH_KNOTS('',3,(#6079,#6080,#6081,#6082,#6083,#6084,
#6085,#6086),.UNSPECIFIED.,.F.,.F.,(4,2,2,4),(-1.3233445680034,-1.1864289329695,
-0.847183271727418,-0.830422270269225),.UNSPECIFIED.);
#700=B_SPLINE_CURVE_WITH_KNOTS('',3,(#6094,#6095,#6096,#6097,#6098,#6099,
#6100,#6101,#6102,#6103,#6104,#6105),.UNSPECIFIED.,.F.,.F.,(4,2,2,2,2,4),
(0.968838867501524,1.00796877007772,1.23331540100199,1.46888509874819,1.67173986040282,
1.78204816773714),.UNSPECIFIED.);
#701=B_SPLINE_CURVE_WITH_KNOTS('',3,(#6109,#6110,#6111,#6112,#6113,#6114,
#6115,#6116,#6117,#6118,#6119,#6120),.UNSPECIFIED.,.F.,.F.,(4,2,2,2,2,4),
(0.185342787476802,0.226755045623777,0.429726488115036,0.610308786724488,
0.798900540687226,0.968838867501524),.UNSPECIFIED.);
#702=B_SPLINE_CURVE_WITH_KNOTS('',3,(#6124,#6125,#6126,#6127,#6128,#6129,
#6130,#6131,#6132,#6133),.UNSPECIFIED.,.F.,.F.,(4,2,2,2,4),(0.0497923485888273,
0.663487502802323,0.815028303194451,0.884601129909941,0.941985391927022),
 .UNSPECIFIED.);
#703=B_SPLINE_CURVE_WITH_KNOTS('',3,(#6136,#6137,#6138,#6139,#6140,#6141,
#6142,#6143,#6144,#6145,#6146,#6147),.UNSPECIFIED.,.F.,.F.,(4,2,2,2,2,4),
(0.,0.086372380841,0.208993308591519,0.461503142381502,0.810989837086426,
1.02355177024911),.UNSPECIFIED.);
#704=B_SPLINE_CURVE_WITH_KNOTS('',3,(#6234,#6235,#6236,#6237,#6238,#6239,
#6240,#6241,#6242,#6243,#6244,#6245,#6246,#6247,#6248,#6249,#6250,#6251,
#6252,#6253,#6254,#6255,#6256,#6257,#6258,#6259,#6260,#6261,#6262,#6263,
#6264,#6265,#6266,#6267,#6268,#6269,#6270),.UNSPECIFIED.,.F.,.F.,(4,2,2,
2,2,2,2,2,2,2,2,2,2,2,2,3,2,4),(2.70053952253882,2.88546936179287,3.12062400019181,
3.36737423155485,3.65319047109233,3.81774879192964,3.85748955402862,3.88355293720677,
3.90456904640767,3.92840877910007,3.9683954180371,4.10890200308894,4.32687068181818,
4.52771714065616,4.64936559735466,4.76340654605154,4.95562850225516,5.07595883021742),
 .UNSPECIFIED.);
#705=B_SPLINE_CURVE_WITH_KNOTS('',3,(#6271,#6272,#6273,#6274,#6275,#6276,
#6277,#6278,#6279,#6280,#6281,#6282,#6283,#6284,#6285,#6286,#6287,#6288,
#6289,#6290,#6291,#6292,#6293,#6294,#6295,#6296,#6297,#6298,#6299,#6300,
#6301,#6302,#6303,#6304,#6305,#6306),.UNSPECIFIED.,.F.,.F.,(4,2,2,2,2,2,
2,2,2,2,2,2,2,2,2,2,2,4),(0.312552284165875,0.406928354437166,0.638577348199606,
0.883844198267223,1.16770301016385,1.44246694905645,1.49488937393871,1.5214923631806,
1.54228932912481,1.56521126366126,1.60217358257108,1.71987549999065,1.90054369651836,
2.10787832953593,2.28656551597308,2.46595450093766,2.66540264438017,2.70053952253882),
 .UNSPECIFIED.);
#706=B_SPLINE_CURVE_WITH_KNOTS('',3,(#6308,#6309,#6310,#6311),
 .UNSPECIFIED.,.F.,.F.,(4,4),(7.08671418734092,7.25627739226384),
 .UNSPECIFIED.);
#707=B_SPLINE_CURVE_WITH_KNOTS('',3,(#6313,#6314,#6315,#6316,#6317,#6318,
#6319,#6320),.UNSPECIFIED.,.F.,.F.,(4,2,2,4),(0.,0.238403647133863,0.326775355926755,
0.338789771617702),.UNSPECIFIED.);
#708=B_SPLINE_CURVE_WITH_KNOTS('',3,(#6322,#6323,#6324,#6325,#6326,#6327,
#6328,#6329,#6330,#6331,#6332,#6333,#6334,#6335,#6336,#6337,#6338,#6339,
#6340,#6341,#6342,#6343,#6344,#6345,#6346,#6347,#6348,#6349,#6350,#6351,
#6352,#6353,#6354,#6355,#6356,#6357),.UNSPECIFIED.,.F.,.F.,(4,2,2,2,2,2,
2,2,2,2,2,2,2,2,2,2,2,4),(0.,0.189975886826356,0.39134639260693,0.628838054832319,
0.909128685454951,1.32345276615578,1.53554119067738,1.58187696542654,1.60683129394688,
1.62759522149459,1.65201443379617,1.69584099790943,1.82824593968983,2.08098520094435,
2.46428158193136,2.68500203182722,2.78724165663041,2.88572992540064),
 .UNSPECIFIED.);
#709=B_SPLINE_CURVE_WITH_KNOTS('',3,(#6359,#6360,#6361,#6362),
 .UNSPECIFIED.,.F.,.F.,(4,4),(3.57144481523521,3.63724417860374),
 .UNSPECIFIED.);
#710=B_SPLINE_CURVE_WITH_KNOTS('',3,(#6364,#6365,#6366,#6367,#6368,#6369,
#6370,#6371,#6372,#6373,#6374,#6375,#6376,#6377,#6378,#6379,#6380,#6381,
#6382,#6383,#6384,#6385,#6386,#6387,#6388,#6389,#6390,#6391,#6392,#6393,
#6394,#6395),.UNSPECIFIED.,.F.,.F.,(4,2,2,2,2,2,2,2,2,2,2,2,2,2,2,4),(1.36271072818678,
1.49261794273466,1.90136822556596,1.9658814520342,1.99469974774379,2.01657185855638,
2.03979731511628,2.07587511786306,2.1870136036947,2.3657514172975,2.72295701477923,
2.96310002403926,3.18936973526989,3.4083880703706,3.5229998822148,3.57144481523521),
 .UNSPECIFIED.);
#711=B_SPLINE_CURVE_WITH_KNOTS('',3,(#6396,#6397,#6398,#6399,#6400,#6401,
#6402,#6403,#6404,#6405,#6406,#6407),.UNSPECIFIED.,.F.,.F.,(4,2,2,2,2,4),
(0.338789771617702,0.563825330765266,0.792530752275109,1.01143213183735,
1.23945644684617,1.36271072818678),.UNSPECIFIED.);
#712=B_SPLINE_CURVE_WITH_KNOTS('',3,(#6460,#6461,#6462,#6463,#6464,#6465,
#6466,#6467,#6468,#6469,#6470,#6471,#6472,#6473,#6474,#6475,#6476,#6477,
#6478,#6479,#6480,#6481,#6482,#6483,#6484,#6485,#6486,#6487,#6488,#6489,
#6490,#6491,#6492,#6493,#6494,#6495,#6496,#6497,#6498),.UNSPECIFIED.,.F.,
 .F.,(4,2,2,2,2,2,2,2,2,2,2,2,2,2,2,2,3,2,4),(2.6375890896522,2.68057174755945,
2.91154845961194,3.15539784050821,3.42565091541213,3.74951451449109,3.8160747378704,
3.84594296462479,3.86720551402237,3.88916142703318,3.92124415352031,4.00345983997575,
4.11870250908764,4.33837157809109,4.53179772201554,4.6690731438706,4.79929490723847,
4.99938583513586,5.04188851983436),.UNSPECIFIED.);
#713=B_SPLINE_CURVE_WITH_KNOTS('',3,(#6499,#6500,#6501,#6502,#6503,#6504,
#6505,#6506,#6507,#6508,#6509,#6510,#6511,#6512,#6513,#6514,#6515,#6516,
#6517,#6518,#6519,#6520,#6521,#6522,#6523,#6524,#6525,#6526,#6527,#6528,
#6529,#6530,#6531,#6532),.UNSPECIFIED.,.F.,.F.,(4,2,2,2,2,2,2,2,2,2,2,2,
2,2,2,2,4),(0.242593612595887,0.421160509830104,0.657519191715827,0.90488194003268,
1.1930539482116,1.36610770860068,1.41141186543414,1.43646856881758,1.45757871533993,
1.48256106867248,1.52708511139008,1.67878854221943,1.89994278820328,2.099212689114,
2.27867087307806,2.46827912986006,2.6375890896522),.UNSPECIFIED.);
#714=B_SPLINE_CURVE_WITH_KNOTS('',3,(#6534,#6535,#6536,#6537),
 .UNSPECIFIED.,.F.,.F.,(4,4),(13.3698994945205,13.5394626994434),
 .UNSPECIFIED.);
#715=B_SPLINE_CURVE_WITH_KNOTS('',3,(#6539,#6540,#6541,#6542,#6543,#6544,
#6545,#6546,#6547,#6548,#6549,#6550),.UNSPECIFIED.,.F.,.F.,(4,2,2,2,2,4),
(5.37862527205306,5.48115464324215,5.740655312697,5.98594603658127,6.2242778454607,
6.3889358546091),.UNSPECIFIED.);
#716=B_SPLINE_CURVE_WITH_KNOTS('',3,(#6552,#6553,#6554,#6555,#6556,#6557,
#6558,#6559,#6560,#6561,#6562,#6563,#6564,#6565,#6566,#6567,#6568,#6569,
#6570,#6571,#6572,#6573,#6574,#6575,#6576,#6577,#6578,#6579,#6580,#6581,
#6582,#6583),.UNSPECIFIED.,.F.,.F.,(4,2,2,2,2,2,2,2,2,2,2,2,2,2,2,4),(3.03247188976033,
3.09324026929468,3.31373779752818,3.52336097598171,3.72961475469274,3.95304692449763,
4.25179886278694,4.59552398747188,4.65602815418337,4.68599616677039,4.70919348602139,
4.73465934489991,4.77604150677883,4.90265277786764,5.11786110844354,5.37862527205306),
 .UNSPECIFIED.);
#717=B_SPLINE_CURVE_WITH_KNOTS('',3,(#6585,#6586,#6587,#6588,#6589,#6590,
#6591,#6592,#6593,#6594,#6595,#6596,#6597,#6598,#6599,#6600,#6601,#6602,
#6603,#6604,#6605,#6606,#6607,#6608,#6609,#6610,#6611,#6612,#6613,#6614),
 .UNSPECIFIED.,.F.,.F.,(4,2,2,2,2,2,2,2,2,2,2,2,2,2,4),(7.41336122594957,
7.56766351639022,7.96625740578645,8.03020717647873,8.05916668613111,8.08130247004262,
8.10495842786813,8.14202295200793,8.25881016615573,8.44905527623835,8.80286661326672,
9.04690797525448,9.27705564273458,9.50007733310343,9.6620834827704),
 .UNSPECIFIED.);
#718=B_SPLINE_CURVE_WITH_KNOTS('',3,(#6615,#6616,#6617,#6618,#6619,#6620,
#6621,#6622,#6623,#6624,#6625,#6626,#6627,#6628,#6629),.UNSPECIFIED.,.F.,
 .F.,(4,2,3,2,2,2,4),(6.3889358546091,6.42733600440393,6.62961159301007,
6.85703130634475,7.0756044388207,7.30489368336477,7.41336122594957),
 .UNSPECIFIED.);
#719=VERTEX_POINT('',#2541);
#720=VERTEX_POINT('',#2542);
#721=VERTEX_POINT('',#2547);
#722=VERTEX_POINT('',#2718);
#723=VERTEX_POINT('',#2749);
#724=VERTEX_POINT('',#2795);
#725=VERTEX_POINT('',#2978);
#726=VERTEX_POINT('',#2979);
#727=VERTEX_POINT('',#3003);
#728=VERTEX_POINT('',#3036);
#729=VERTEX_POINT('',#3042);
#730=VERTEX_POINT('',#3071);
#731=VERTEX_POINT('',#3076);
#732=VERTEX_POINT('',#3081);
#733=VERTEX_POINT('',#3086);
#734=VERTEX_POINT('',#3113);
#735=VERTEX_POINT('',#3145);
#736=VERTEX_POINT('',#3154);
#737=VERTEX_POINT('',#3224);
#738=VERTEX_POINT('',#3229);
#739=VERTEX_POINT('',#3248);
#740=VERTEX_POINT('',#3255);
#741=VERTEX_POINT('',#3303);
#742=VERTEX_POINT('',#3312);
#743=VERTEX_POINT('',#3337);
#744=VERTEX_POINT('',#3342);
#745=VERTEX_POINT('',#3356);
#746=VERTEX_POINT('',#3369);
#747=VERTEX_POINT('',#3384);
#748=VERTEX_POINT('',#3429);
#749=VERTEX_POINT('',#3453);
#750=VERTEX_POINT('',#3461);
#751=VERTEX_POINT('',#3509);
#752=VERTEX_POINT('',#3559);
#753=VERTEX_POINT('',#3560);
#754=VERTEX_POINT('',#3574);
#755=VERTEX_POINT('',#3584);
#756=VERTEX_POINT('',#3611);
#757=VERTEX_POINT('',#3620);
#758=VERTEX_POINT('',#3622);
#759=VERTEX_POINT('',#3624);
#760=VERTEX_POINT('',#3626);
#761=VERTEX_POINT('',#3628);
#762=VERTEX_POINT('',#3681);
#763=VERTEX_POINT('',#3698);
#764=VERTEX_POINT('',#3707);
#765=VERTEX_POINT('',#3744);
#766=VERTEX_POINT('',#3745);
#767=VERTEX_POINT('',#3756);
#768=VERTEX_POINT('',#3761);
#769=VERTEX_POINT('',#3776);
#770=VERTEX_POINT('',#3778);
#771=VERTEX_POINT('',#3782);
#772=VERTEX_POINT('',#3789);
#773=VERTEX_POINT('',#3799);
#774=VERTEX_POINT('',#3801);
#775=VERTEX_POINT('',#3803);
#776=VERTEX_POINT('',#3807);
#777=VERTEX_POINT('',#3809);
#778=VERTEX_POINT('',#3822);
#779=VERTEX_POINT('',#3826);
#780=VERTEX_POINT('',#3848);
#781=VERTEX_POINT('',#3863);
#782=VERTEX_POINT('',#3878);
#783=VERTEX_POINT('',#3887);
#784=VERTEX_POINT('',#3900);
#785=VERTEX_POINT('',#3960);
#786=VERTEX_POINT('',#3974);
#787=VERTEX_POINT('',#3979);
#788=VERTEX_POINT('',#4011);
#789=VERTEX_POINT('',#4016);
#790=VERTEX_POINT('',#4048);
#791=VERTEX_POINT('',#4061);
#792=VERTEX_POINT('',#4091);
#793=VERTEX_POINT('',#4093);
#794=VERTEX_POINT('',#4095);
#795=VERTEX_POINT('',#4109);
#796=VERTEX_POINT('',#4111);
#797=VERTEX_POINT('',#4120);
#798=VERTEX_POINT('',#4122);
#799=VERTEX_POINT('',#4124);
#800=VERTEX_POINT('',#4126);
#801=VERTEX_POINT('',#4148);
#802=VERTEX_POINT('',#4156);
#803=VERTEX_POINT('',#4181);
#804=VERTEX_POINT('',#4198);
#805=VERTEX_POINT('',#4205);
#806=VERTEX_POINT('',#4224);
#807=VERTEX_POINT('',#4246);
#808=VERTEX_POINT('',#4247);
#809=VERTEX_POINT('',#4254);
#810=VERTEX_POINT('',#4268);
#811=VERTEX_POINT('',#4281);
#812=VERTEX_POINT('',#4311);
#813=VERTEX_POINT('',#4335);
#814=VERTEX_POINT('',#4337);
#815=VERTEX_POINT('',#4339);
#816=VERTEX_POINT('',#4341);
#817=VERTEX_POINT('',#4364);
#818=VERTEX_POINT('',#4377);
#819=VERTEX_POINT('',#4427);
#820=VERTEX_POINT('',#4428);
#821=VERTEX_POINT('',#4430);
#822=VERTEX_POINT('',#4432);
#823=VERTEX_POINT('',#4436);
#824=VERTEX_POINT('',#4437);
#825=VERTEX_POINT('',#4444);
#826=VERTEX_POINT('',#4456);
#827=VERTEX_POINT('',#4457);
#828=VERTEX_POINT('',#4477);
#829=VERTEX_POINT('',#4478);
#830=VERTEX_POINT('',#4480);
#831=VERTEX_POINT('',#4482);
#832=VERTEX_POINT('',#4486);
#833=VERTEX_POINT('',#4487);
#834=VERTEX_POINT('',#4492);
#835=VERTEX_POINT('',#4499);
#836=VERTEX_POINT('',#4500);
#837=VERTEX_POINT('',#4576);
#838=VERTEX_POINT('',#4587);
#839=VERTEX_POINT('',#4600);
#840=VERTEX_POINT('',#4617);
#841=VERTEX_POINT('',#4618);
#842=VERTEX_POINT('',#4620);
#843=VERTEX_POINT('',#4624);
#844=VERTEX_POINT('',#4626);
#845=VERTEX_POINT('',#4630);
#846=VERTEX_POINT('',#4636);
#847=VERTEX_POINT('',#4671);
#848=VERTEX_POINT('',#4672);
#849=VERTEX_POINT('',#4711);
#850=VERTEX_POINT('',#4713);
#851=VERTEX_POINT('',#4717);
#852=VERTEX_POINT('',#4721);
#853=VERTEX_POINT('',#4751);
#854=VERTEX_POINT('',#4758);
#855=VERTEX_POINT('',#4823);
#856=VERTEX_POINT('',#4825);
#857=VERTEX_POINT('',#4829);
#858=VERTEX_POINT('',#4837);
#859=VERTEX_POINT('',#4839);
#860=VERTEX_POINT('',#4843);
#861=VERTEX_POINT('',#4849);
#862=VERTEX_POINT('',#4875);
#863=VERTEX_POINT('',#4876);
#864=VERTEX_POINT('',#4885);
#865=VERTEX_POINT('',#4907);
#866=VERTEX_POINT('',#4908);
#867=VERTEX_POINT('',#4910);
#868=VERTEX_POINT('',#4917);
#869=VERTEX_POINT('',#4931);
#870=VERTEX_POINT('',#4932);
#871=VERTEX_POINT('',#4941);
#872=VERTEX_POINT('',#4959);
#873=VERTEX_POINT('',#4961);
#874=VERTEX_POINT('',#4980);
#875=VERTEX_POINT('',#5016);
#876=VERTEX_POINT('',#5027);
#877=VERTEX_POINT('',#5042);
#878=VERTEX_POINT('',#5074);
#879=VERTEX_POINT('',#5124);
#880=VERTEX_POINT('',#5172);
#881=VERTEX_POINT('',#5173);
#882=VERTEX_POINT('',#5206);
#883=VERTEX_POINT('',#5215);
#884=VERTEX_POINT('',#5245);
#885=VERTEX_POINT('',#5252);
#886=VERTEX_POINT('',#5263);
#887=VERTEX_POINT('',#5272);
#888=VERTEX_POINT('',#5291);
#889=VERTEX_POINT('',#5298);
#890=VERTEX_POINT('',#5309);
#891=VERTEX_POINT('',#5346);
#892=VERTEX_POINT('',#5356);
#893=VERTEX_POINT('',#5367);
#894=VERTEX_POINT('',#5396);
#895=VERTEX_POINT('',#5398);
#896=VERTEX_POINT('',#5417);
#897=VERTEX_POINT('',#5473);
#898=VERTEX_POINT('',#5474);
#899=VERTEX_POINT('',#5481);
#900=VERTEX_POINT('',#5524);
#901=VERTEX_POINT('',#5556);
#902=VERTEX_POINT('',#5557);
#903=VERTEX_POINT('',#5568);
#904=VERTEX_POINT('',#5599);
#905=VERTEX_POINT('',#5608);
#906=VERTEX_POINT('',#5841);
#907=VERTEX_POINT('',#5843);
#908=VERTEX_POINT('',#5846);
#909=VERTEX_POINT('',#5872);
#910=VERTEX_POINT('',#6088);
#911=VERTEX_POINT('',#6092);
#912=VERTEX_POINT('',#6093);
#913=VERTEX_POINT('',#6107);
#914=VERTEX_POINT('',#6123);
#915=VERTEX_POINT('',#6134);
#916=VERTEX_POINT('',#6232);
#917=VERTEX_POINT('',#6233);
#918=VERTEX_POINT('',#6307);
#919=VERTEX_POINT('',#6312);
#920=VERTEX_POINT('',#6321);
#921=VERTEX_POINT('',#6358);
#922=VERTEX_POINT('',#6363);
#923=VERTEX_POINT('',#6458);
#924=VERTEX_POINT('',#6459);
#925=VERTEX_POINT('',#6533);
#926=VERTEX_POINT('',#6538);
#927=VERTEX_POINT('',#6551);
#928=VERTEX_POINT('',#6584);
#929=VERTEX_POINT('',#6631);
#930=VERTEX_POINT('',#6635);
#931=VERTEX_POINT('',#6639);
#932=VERTEX_POINT('',#6641);
#933=VERTEX_POINT('',#6643);
#934=EDGE_CURVE('',#719,#720,#512,.T.);
#935=EDGE_CURVE('',#721,#719,#513,.T.);
#936=EDGE_CURVE('',#720,#721,#514,.T.);
#937=EDGE_CURVE('',#722,#720,#515,.T.);
#938=EDGE_CURVE('',#722,#723,#516,.T.);
#939=EDGE_CURVE('',#723,#723,#517,.T.);
#940=EDGE_CURVE('',#724,#722,#518,.T.);
#941=EDGE_CURVE('',#719,#724,#519,.T.);
#942=EDGE_CURVE('',#725,#726,#520,.T.);
#943=EDGE_CURVE('',#727,#725,#521,.T.);
#944=EDGE_CURVE('',#726,#727,#522,.T.);
#945=EDGE_CURVE('',#726,#728,#523,.T.);
#946=EDGE_CURVE('',#729,#728,#524,.T.);
#947=EDGE_CURVE('',#729,#730,#525,.T.);
#948=EDGE_CURVE('',#731,#730,#526,.T.);
#949=EDGE_CURVE('',#732,#731,#527,.T.);
#950=EDGE_CURVE('',#733,#732,#528,.T.);
#951=EDGE_CURVE('',#734,#733,#529,.T.);
#952=EDGE_CURVE('',#735,#734,#530,.T.);
#953=EDGE_CURVE('',#736,#735,#531,.T.);
#954=EDGE_CURVE('',#730,#736,#532,.T.);
#955=EDGE_CURVE('',#728,#729,#533,.T.);
#956=EDGE_CURVE('',#737,#732,#534,.T.);
#957=EDGE_CURVE('',#738,#737,#535,.T.);
#958=EDGE_CURVE('',#739,#738,#536,.T.);
#959=EDGE_CURVE('',#740,#739,#537,.T.);
#960=EDGE_CURVE('',#733,#740,#538,.T.);
#961=EDGE_CURVE('',#737,#731,#218,.T.);
#962=EDGE_CURVE('',#741,#727,#539,.T.);
#963=EDGE_CURVE('',#742,#741,#540,.T.);
#964=EDGE_CURVE('',#743,#742,#541,.T.);
#965=EDGE_CURVE('',#744,#743,#542,.T.);
#966=EDGE_CURVE('',#745,#744,#543,.T.);
#967=EDGE_CURVE('',#746,#745,#544,.T.);
#968=EDGE_CURVE('',#747,#746,#545,.T.);
#969=EDGE_CURVE('',#721,#747,#546,.T.);
#970=EDGE_CURVE('',#748,#724,#547,.T.);
#971=EDGE_CURVE('',#749,#748,#548,.T.);
#972=EDGE_CURVE('',#750,#749,#549,.T.);
#973=EDGE_CURVE('',#725,#750,#550,.T.);
#974=EDGE_CURVE('',#736,#751,#551,.T.);
#975=EDGE_CURVE('',#751,#738,#219,.T.);
#976=EDGE_CURVE('',#752,#753,#552,.T.);
#977=EDGE_CURVE('',#753,#754,#553,.T.);
#978=EDGE_CURVE('',#754,#755,#554,.T.);
#979=EDGE_CURVE('',#755,#752,#555,.T.);
#980=EDGE_CURVE('',#752,#756,#556,.T.);
#981=EDGE_CURVE('',#756,#757,#62,.T.);
#982=EDGE_CURVE('',#757,#758,#63,.T.);
#983=EDGE_CURVE('',#759,#758,#64,.T.);
#984=EDGE_CURVE('',#760,#759,#65,.T.);
#985=EDGE_CURVE('',#761,#760,#557,.T.);
#986=EDGE_CURVE('',#761,#753,#558,.T.);
#987=EDGE_CURVE('',#762,#755,#559,.T.);
#988=EDGE_CURVE('',#763,#762,#560,.T.);
#989=EDGE_CURVE('',#764,#763,#561,.T.);
#990=EDGE_CURVE('',#756,#764,#562,.T.);
#991=EDGE_CURVE('',#765,#766,#563,.T.);
#992=EDGE_CURVE('',#767,#765,#564,.T.);
#993=EDGE_CURVE('',#768,#767,#565,.T.);
#994=EDGE_CURVE('',#766,#768,#566,.T.);
#995=EDGE_CURVE('',#769,#767,#220,.T.);
#996=EDGE_CURVE('',#770,#769,#66,.T.);
#997=EDGE_CURVE('',#768,#770,#221,.T.);
#998=EDGE_CURVE('',#765,#771,#567,.T.);
#999=EDGE_CURVE('',#771,#772,#568,.T.);
#1000=EDGE_CURVE('',#772,#759,#222,.T.);
#1001=EDGE_CURVE('',#758,#773,#223,.T.);
#1002=EDGE_CURVE('',#773,#774,#67,.T.);
#1003=EDGE_CURVE('',#774,#775,#68,.T.);
#1004=EDGE_CURVE('',#775,#769,#69,.T.);
#1005=EDGE_CURVE('',#776,#764,#224,.T.);
#1006=EDGE_CURVE('',#777,#776,#569,.T.);
#1007=EDGE_CURVE('',#777,#778,#70,.T.);
#1008=EDGE_CURVE('',#778,#757,#225,.T.);
#1009=EDGE_CURVE('',#779,#763,#570,.T.);
#1010=EDGE_CURVE('',#776,#779,#571,.T.);
#1011=EDGE_CURVE('',#780,#762,#572,.T.);
#1012=EDGE_CURVE('',#781,#780,#573,.T.);
#1013=EDGE_CURVE('',#782,#781,#574,.T.);
#1014=EDGE_CURVE('',#782,#783,#575,.T.);
#1015=EDGE_CURVE('',#746,#783,#576,.T.);
#1016=EDGE_CURVE('',#784,#745,#577,.T.);
#1017=EDGE_CURVE('',#779,#784,#578,.T.);
#1018=EDGE_CURVE('',#785,#761,#579,.T.);
#1019=EDGE_CURVE('',#772,#785,#580,.T.);
#1020=EDGE_CURVE('',#786,#766,#581,.T.);
#1021=EDGE_CURVE('',#787,#786,#582,.T.);
#1022=EDGE_CURVE('',#788,#787,#583,.T.);
#1023=EDGE_CURVE('',#789,#788,#584,.T.);
#1024=EDGE_CURVE('',#790,#789,#585,.T.);
#1025=EDGE_CURVE('',#791,#790,#586,.T.);
#1026=EDGE_CURVE('',#754,#791,#587,.T.);
#1027=EDGE_CURVE('',#760,#785,#226,.F.);
#1028=EDGE_CURVE('',#789,#792,#71,.T.);
#1029=EDGE_CURVE('',#793,#792,#72,.T.);
#1030=EDGE_CURVE('',#794,#793,#73,.T.);
#1031=EDGE_CURVE('',#790,#794,#227,.T.);
#1032=EDGE_CURVE('',#770,#788,#228,.T.);
#1033=EDGE_CURVE('',#792,#775,#74,.T.);
#1034=EDGE_CURVE('',#787,#786,#588,.T.);
#1035=EDGE_CURVE('',#794,#795,#229,.T.);
#1036=EDGE_CURVE('',#795,#796,#589,.T.);
#1037=EDGE_CURVE('',#796,#797,#230,.T.);
#1038=EDGE_CURVE('',#797,#798,#231,.T.);
#1039=EDGE_CURVE('',#797,#799,#232,.T.);
#1040=EDGE_CURVE('',#799,#800,#590,.T.);
#1041=EDGE_CURVE('',#780,#800,#233,.T.);
#1042=EDGE_CURVE('',#773,#778,#75,.T.);
#1043=EDGE_CURVE('',#801,#777,#234,.T.);
#1044=EDGE_CURVE('',#795,#801,#235,.T.);
#1045=EDGE_CURVE('',#793,#774,#76,.T.);
#1046=EDGE_CURVE('',#744,#784,#236,.T.);
#1047=EDGE_CURVE('',#743,#802,#591,.T.);
#1048=EDGE_CURVE('',#802,#801,#592,.T.);
#1049=EDGE_CURVE('',#783,#803,#593,.T.);
#1050=EDGE_CURVE('',#803,#782,#594,.T.);
#1051=EDGE_CURVE('',#796,#802,#595,.T.);
#1052=EDGE_CURVE('',#804,#748,#596,.T.);
#1053=EDGE_CURVE('',#804,#805,#237,.T.);
#1054=EDGE_CURVE('',#749,#805,#597,.T.);
#1055=EDGE_CURVE('',#742,#799,#598,.T.);
#1056=EDGE_CURVE('',#806,#741,#599,.T.);
#1057=EDGE_CURVE('',#800,#806,#600,.T.);
#1058=EDGE_CURVE('',#807,#808,#601,.T.);
#1059=EDGE_CURVE('',#809,#807,#602,.T.);
#1060=EDGE_CURVE('',#808,#809,#603,.T.);
#1061=EDGE_CURVE('',#810,#803,#604,.T.);
#1062=EDGE_CURVE('',#810,#811,#238,.T.);
#1063=EDGE_CURVE('',#747,#811,#605,.T.);
#1064=EDGE_CURVE('',#734,#750,#239,.T.);
#1065=EDGE_CURVE('',#805,#812,#606,.T.);
#1066=EDGE_CURVE('',#812,#809,#240,.T.);
#1067=EDGE_CURVE('',#807,#813,#241,.T.);
#1068=EDGE_CURVE('',#813,#814,#242,.T.);
#1069=EDGE_CURVE('',#814,#815,#243,.T.);
#1070=EDGE_CURVE('',#815,#816,#244,.T.);
#1071=EDGE_CURVE('',#816,#735,#607,.T.);
#1072=EDGE_CURVE('',#806,#740,#608,.T.);
#1073=EDGE_CURVE('',#817,#816,#77,.T.);
#1074=EDGE_CURVE('',#751,#817,#609,.T.);
#1075=EDGE_CURVE('',#818,#814,#29,.T.);
#1076=EDGE_CURVE('',#818,#815,#78,.T.);
#1077=EDGE_CURVE('',#817,#818,#30,.T.);
#1078=EDGE_CURVE('',#808,#781,#610,.T.);
#1079=EDGE_CURVE('',#739,#751,#611,.T.);
#1080=EDGE_CURVE('',#804,#811,#612,.T.);
#1081=EDGE_CURVE('',#812,#810,#613,.T.);
#1082=EDGE_CURVE('',#819,#820,#79,.T.);
#1083=EDGE_CURVE('',#820,#821,#80,.T.);
#1084=EDGE_CURVE('',#821,#822,#81,.T.);
#1085=EDGE_CURVE('',#819,#822,#82,.T.);
#1086=EDGE_CURVE('',#823,#824,#614,.T.);
#1087=EDGE_CURVE('',#825,#824,#615,.T.);
#1088=EDGE_CURVE('',#823,#825,#616,.T.);
#1089=EDGE_CURVE('',#826,#827,#617,.T.);
#1090=EDGE_CURVE('',#827,#826,#618,.T.);
#1091=EDGE_CURVE('',#828,#829,#245,.T.);
#1092=EDGE_CURVE('',#829,#830,#83,.T.);
#1093=EDGE_CURVE('',#831,#830,#246,.T.);
#1094=EDGE_CURVE('',#828,#831,#84,.T.);
#1095=EDGE_CURVE('',#832,#833,#619,.T.);
#1096=EDGE_CURVE('',#833,#834,#85,.T.);
#1097=EDGE_CURVE('',#832,#834,#620,.T.);
#1098=EDGE_CURVE('',#835,#836,#621,.T.);
#1099=EDGE_CURVE('',#830,#835,#247,.T.);
#1100=EDGE_CURVE('',#836,#829,#248,.T.);
#1101=EDGE_CURVE('',#837,#832,#622,.T.);
#1102=EDGE_CURVE('',#834,#838,#623,.T.);
#1103=EDGE_CURVE('',#838,#835,#624,.T.);
#1104=EDGE_CURVE('',#836,#839,#625,.T.);
#1105=EDGE_CURVE('',#839,#837,#626,.T.);
#1106=EDGE_CURVE('',#840,#841,#86,.T.);
#1107=EDGE_CURVE('',#842,#840,#249,.T.);
#1108=EDGE_CURVE('',#841,#842,#87,.T.);
#1109=EDGE_CURVE('',#843,#842,#31,.T.);
#1110=EDGE_CURVE('',#844,#840,#13,.T.);
#1111=EDGE_CURVE('',#844,#845,#250,.T.);
#1112=EDGE_CURVE('',#845,#843,#14,.T.);
#1113=EDGE_CURVE('',#846,#841,#88,.T.);
#1114=EDGE_CURVE('',#844,#846,#89,.T.);
#1115=EDGE_CURVE('',#847,#848,#627,.T.);
#1116=EDGE_CURVE('',#835,#848,#628,.T.);
#1117=EDGE_CURVE('',#838,#847,#629,.T.);
#1118=EDGE_CURVE('',#838,#844,#90,.T.);
#1119=EDGE_CURVE('',#846,#849,#91,.T.);
#1120=EDGE_CURVE('',#849,#850,#15,.T.);
#1121=EDGE_CURVE('',#850,#851,#16,.T.);
#1122=EDGE_CURVE('',#852,#851,#630,.T.);
#1123=EDGE_CURVE('',#847,#852,#631,.T.);
#1124=EDGE_CURVE('',#831,#849,#17,.T.);
#1125=EDGE_CURVE('',#846,#831,#92,.T.);
#1126=EDGE_CURVE('',#830,#853,#632,.T.);
#1127=EDGE_CURVE('',#853,#854,#633,.T.);
#1128=EDGE_CURVE('',#854,#851,#634,.T.);
#1129=EDGE_CURVE('',#848,#854,#635,.T.);
#1130=EDGE_CURVE('',#852,#854,#636,.T.);
#1131=EDGE_CURVE('',#828,#855,#93,.T.);
#1132=EDGE_CURVE('',#856,#855,#94,.T.);
#1133=EDGE_CURVE('',#856,#828,#95,.T.);
#1134=EDGE_CURVE('',#831,#857,#96,.T.);
#1135=EDGE_CURVE('',#857,#855,#97,.F.);
#1136=EDGE_CURVE('',#846,#857,#98,.T.);
#1137=EDGE_CURVE('',#856,#846,#99,.T.);
#1138=EDGE_CURVE('',#846,#858,#100,.T.);
#1139=EDGE_CURVE('',#858,#859,#101,.T.);
#1140=EDGE_CURVE('',#856,#859,#102,.T.);
#1141=EDGE_CURVE('',#860,#845,#103,.T.);
#1142=EDGE_CURVE('',#860,#858,#104,.T.);
#1143=EDGE_CURVE('',#841,#843,#105,.T.);
#1144=EDGE_CURVE('',#861,#860,#106,.T.);
#1145=EDGE_CURVE('',#859,#861,#18,.T.);
#1146=EDGE_CURVE('',#856,#861,#637,.T.);
#1147=EDGE_CURVE('',#862,#863,#638,.T.);
#1148=EDGE_CURVE('',#864,#863,#639,.T.);
#1149=EDGE_CURVE('',#862,#864,#640,.T.);
#1150=EDGE_CURVE('',#865,#866,#107,.T.);
#1151=EDGE_CURVE('',#866,#867,#641,.T.);
#1152=EDGE_CURVE('',#868,#867,#642,.T.);
#1153=EDGE_CURVE('',#865,#868,#643,.T.);
#1154=EDGE_CURVE('',#869,#870,#644,.T.);
#1155=EDGE_CURVE('',#870,#871,#645,.T.);
#1156=EDGE_CURVE('',#829,#871,#251,.T.);
#1157=EDGE_CURVE('',#872,#828,#252,.T.);
#1158=EDGE_CURVE('',#872,#873,#646,.T.);
#1159=EDGE_CURVE('',#874,#873,#647,.T.);
#1160=EDGE_CURVE('',#869,#874,#648,.T.);
#1161=EDGE_CURVE('',#875,#837,#649,.T.);
#1162=EDGE_CURVE('',#876,#839,#650,.T.);
#1163=EDGE_CURVE('',#877,#876,#651,.T.);
#1164=EDGE_CURVE('',#877,#875,#652,.T.);
#1165=EDGE_CURVE('',#871,#878,#653,.T.);
#1166=EDGE_CURVE('',#878,#876,#654,.T.);
#1167=EDGE_CURVE('',#879,#869,#655,.T.);
#1168=EDGE_CURVE('',#878,#879,#656,.T.);
#1169=EDGE_CURVE('',#880,#881,#657,.T.);
#1170=EDGE_CURVE('',#873,#881,#658,.T.);
#1171=EDGE_CURVE('',#882,#872,#659,.T.);
#1172=EDGE_CURVE('',#883,#882,#660,.T.);
#1173=EDGE_CURVE('',#880,#883,#661,.T.);
#1174=EDGE_CURVE('',#884,#865,#662,.T.);
#1175=EDGE_CURVE('',#885,#868,#663,.T.);
#1176=EDGE_CURVE('',#885,#886,#664,.T.);
#1177=EDGE_CURVE('',#887,#886,#665,.T.);
#1178=EDGE_CURVE('',#887,#888,#666,.T.);
#1179=EDGE_CURVE('',#888,#889,#667,.T.);
#1180=EDGE_CURVE('',#889,#890,#668,.T.);
#1181=EDGE_CURVE('',#890,#884,#669,.T.);
#1182=EDGE_CURVE('',#891,#875,#670,.T.);
#1183=EDGE_CURVE('',#891,#877,#671,.T.);
#1184=EDGE_CURVE('',#892,#823,#672,.T.);
#1185=EDGE_CURVE('',#893,#825,#673,.T.);
#1186=EDGE_CURVE('',#826,#893,#674,.T.);
#1187=EDGE_CURVE('',#856,#827,#675,.T.);
#1188=EDGE_CURVE('',#856,#894,#108,.T.);
#1189=EDGE_CURVE('',#894,#895,#676,.T.);
#1190=EDGE_CURVE('',#864,#895,#677,.T.);
#1191=EDGE_CURVE('',#863,#896,#678,.T.);
#1192=EDGE_CURVE('',#896,#892,#679,.T.);
#1193=EDGE_CURVE('',#833,#894,#680,.T.);
#1194=EDGE_CURVE('',#886,#880,#681,.T.);
#1195=EDGE_CURVE('',#881,#885,#682,.T.);
#1196=EDGE_CURVE('',#897,#898,#683,.T.);
#1197=EDGE_CURVE('',#898,#899,#684,.T.);
#1198=EDGE_CURVE('',#895,#899,#685,.T.);
#1199=EDGE_CURVE('',#897,#891,#686,.T.);
#1200=EDGE_CURVE('',#900,#888,#687,.T.);
#1201=EDGE_CURVE('',#900,#887,#688,.T.);
#1202=EDGE_CURVE('',#901,#902,#689,.T.);
#1203=EDGE_CURVE('',#902,#903,#690,.T.);
#1204=EDGE_CURVE('',#903,#882,#691,.T.);
#1205=EDGE_CURVE('',#893,#901,#253,.T.);
#1206=EDGE_CURVE('',#904,#900,#692,.T.);
#1207=EDGE_CURVE('',#883,#905,#693,.T.);
#1208=EDGE_CURVE('',#905,#904,#694,.T.);
#1209=EDGE_CURVE('',#902,#892,#695,.T.);
#1210=EDGE_CURVE('',#896,#903,#254,.T.);
#1211=EDGE_CURVE('',#889,#904,#696,.T.);
#1212=EDGE_CURVE('',#890,#905,#255,.T.);
#1213=EDGE_CURVE('',#824,#901,#697,.T.);
#1214=EDGE_CURVE('',#906,#897,#256,.T.);
#1215=EDGE_CURVE('',#906,#907,#109,.T.);
#1216=EDGE_CURVE('',#822,#907,#110,.T.);
#1217=EDGE_CURVE('',#821,#908,#111,.T.);
#1218=EDGE_CURVE('',#908,#898,#112,.T.);
#1219=EDGE_CURVE('',#867,#862,#698,.T.);
#1220=EDGE_CURVE('',#899,#906,#113,.T.);
#1221=EDGE_CURVE('',#909,#819,#257,.T.);
#1222=EDGE_CURVE('',#907,#909,#114,.T.);
#1223=EDGE_CURVE('',#866,#884,#699,.T.);
#1224=EDGE_CURVE('',#820,#910,#258,.T.);
#1225=EDGE_CURVE('',#910,#908,#115,.T.);
#1226=EDGE_CURVE('',#911,#912,#700,.T.);
#1227=EDGE_CURVE('',#910,#912,#116,.T.);
#1228=EDGE_CURVE('',#913,#909,#117,.T.);
#1229=EDGE_CURVE('',#913,#911,#701,.T.);
#1230=EDGE_CURVE('',#912,#914,#702,.T.);
#1231=EDGE_CURVE('',#914,#915,#118,.T.);
#1232=EDGE_CURVE('',#915,#913,#703,.T.);
#1233=EDGE_CURVE('',#914,#915,#259,.T.);
#1234=EDGE_CURVE('',#916,#917,#704,.T.);
#1235=EDGE_CURVE('',#917,#916,#705,.T.);
#1236=EDGE_CURVE('',#917,#918,#706,.T.);
#1237=EDGE_CURVE('',#919,#918,#707,.T.);
#1238=EDGE_CURVE('',#920,#919,#708,.T.);
#1239=EDGE_CURVE('',#921,#920,#709,.T.);
#1240=EDGE_CURVE('',#922,#921,#710,.T.);
#1241=EDGE_CURVE('',#918,#922,#711,.T.);
#1242=EDGE_CURVE('',#923,#924,#712,.T.);
#1243=EDGE_CURVE('',#924,#923,#713,.T.);
#1244=EDGE_CURVE('',#924,#925,#714,.T.);
#1245=EDGE_CURVE('',#926,#925,#715,.T.);
#1246=EDGE_CURVE('',#927,#926,#716,.T.);
#1247=EDGE_CURVE('',#928,#927,#717,.T.);
#1248=EDGE_CURVE('',#925,#928,#718,.T.);
#1249=EDGE_CURVE('',#929,#929,#260,.T.);
#1250=EDGE_CURVE('',#929,#928,#119,.T.);
#1251=EDGE_CURVE('',#926,#922,#120,.T.);
#1252=EDGE_CURVE('',#930,#920,#261,.T.);
#1253=EDGE_CURVE('',#919,#930,#262,.T.);
#1254=EDGE_CURVE('',#931,#931,#263,.T.);
#1255=EDGE_CURVE('',#931,#932,#121,.T.);
#1256=EDGE_CURVE('',#933,#932,#264,.T.);
#1257=EDGE_CURVE('',#932,#933,#265,.T.);
#1258=EDGE_CURVE('',#933,#930,#266,.T.);
#1259=ORIENTED_EDGE('',*,*,#934,.F.);
#1260=ORIENTED_EDGE('',*,*,#935,.F.);
#1261=ORIENTED_EDGE('',*,*,#936,.F.);
#1262=ORIENTED_EDGE('',*,*,#934,.T.);
#1263=ORIENTED_EDGE('',*,*,#937,.F.);
#1264=ORIENTED_EDGE('',*,*,#938,.T.);
#1265=ORIENTED_EDGE('',*,*,#939,.F.);
#1266=ORIENTED_EDGE('',*,*,#938,.F.);
#1267=ORIENTED_EDGE('',*,*,#940,.F.);
#1268=ORIENTED_EDGE('',*,*,#941,.F.);
#1269=ORIENTED_EDGE('',*,*,#942,.F.);
#1270=ORIENTED_EDGE('',*,*,#943,.F.);
#1271=ORIENTED_EDGE('',*,*,#944,.F.);
#1272=ORIENTED_EDGE('',*,*,#945,.T.);
#1273=ORIENTED_EDGE('',*,*,#946,.F.);
#1274=ORIENTED_EDGE('',*,*,#947,.T.);
#1275=ORIENTED_EDGE('',*,*,#948,.F.);
#1276=ORIENTED_EDGE('',*,*,#949,.F.);
#1277=ORIENTED_EDGE('',*,*,#950,.F.);
#1278=ORIENTED_EDGE('',*,*,#951,.F.);
#1279=ORIENTED_EDGE('',*,*,#952,.F.);
#1280=ORIENTED_EDGE('',*,*,#953,.F.);
#1281=ORIENTED_EDGE('',*,*,#954,.F.);
#1282=ORIENTED_EDGE('',*,*,#947,.F.);
#1283=ORIENTED_EDGE('',*,*,#955,.F.);
#1284=ORIENTED_EDGE('',*,*,#945,.F.);
#1285=ORIENTED_EDGE('',*,*,#950,.T.);
#1286=ORIENTED_EDGE('',*,*,#956,.F.);
#1287=ORIENTED_EDGE('',*,*,#957,.F.);
#1288=ORIENTED_EDGE('',*,*,#958,.F.);
#1289=ORIENTED_EDGE('',*,*,#959,.F.);
#1290=ORIENTED_EDGE('',*,*,#960,.F.);
#1291=ORIENTED_EDGE('',*,*,#949,.T.);
#1292=ORIENTED_EDGE('',*,*,#961,.F.);
#1293=ORIENTED_EDGE('',*,*,#956,.T.);
#1294=ORIENTED_EDGE('',*,*,#942,.T.);
#1295=ORIENTED_EDGE('',*,*,#944,.T.);
#1296=ORIENTED_EDGE('',*,*,#962,.F.);
#1297=ORIENTED_EDGE('',*,*,#963,.F.);
#1298=ORIENTED_EDGE('',*,*,#964,.F.);
#1299=ORIENTED_EDGE('',*,*,#965,.F.);
#1300=ORIENTED_EDGE('',*,*,#966,.F.);
#1301=ORIENTED_EDGE('',*,*,#967,.F.);
#1302=ORIENTED_EDGE('',*,*,#968,.F.);
#1303=ORIENTED_EDGE('',*,*,#969,.F.);
#1304=ORIENTED_EDGE('',*,*,#935,.T.);
#1305=ORIENTED_EDGE('',*,*,#941,.T.);
#1306=ORIENTED_EDGE('',*,*,#970,.F.);
#1307=ORIENTED_EDGE('',*,*,#971,.F.);
#1308=ORIENTED_EDGE('',*,*,#972,.F.);
#1309=ORIENTED_EDGE('',*,*,#973,.F.);
#1310=ORIENTED_EDGE('',*,*,#954,.T.);
#1311=ORIENTED_EDGE('',*,*,#974,.T.);
#1312=ORIENTED_EDGE('',*,*,#975,.T.);
#1313=ORIENTED_EDGE('',*,*,#957,.T.);
#1314=ORIENTED_EDGE('',*,*,#961,.T.);
#1315=ORIENTED_EDGE('',*,*,#948,.T.);
#1316=ORIENTED_EDGE('',*,*,#976,.T.);
#1317=ORIENTED_EDGE('',*,*,#977,.T.);
#1318=ORIENTED_EDGE('',*,*,#978,.T.);
#1319=ORIENTED_EDGE('',*,*,#979,.T.);
#1320=ORIENTED_EDGE('',*,*,#976,.F.);
#1321=ORIENTED_EDGE('',*,*,#980,.T.);
#1322=ORIENTED_EDGE('',*,*,#981,.T.);
#1323=ORIENTED_EDGE('',*,*,#982,.T.);
#1324=ORIENTED_EDGE('',*,*,#983,.F.);
#1325=ORIENTED_EDGE('',*,*,#984,.F.);
#1326=ORIENTED_EDGE('',*,*,#985,.F.);
#1327=ORIENTED_EDGE('',*,*,#986,.T.);
#1328=ORIENTED_EDGE('',*,*,#979,.F.);
#1329=ORIENTED_EDGE('',*,*,#987,.F.);
#1330=ORIENTED_EDGE('',*,*,#988,.F.);
#1331=ORIENTED_EDGE('',*,*,#989,.F.);
#1332=ORIENTED_EDGE('',*,*,#990,.F.);
#1333=ORIENTED_EDGE('',*,*,#980,.F.);
#1334=ORIENTED_EDGE('',*,*,#991,.F.);
#1335=ORIENTED_EDGE('',*,*,#992,.F.);
#1336=ORIENTED_EDGE('',*,*,#993,.F.);
#1337=ORIENTED_EDGE('',*,*,#994,.F.);
#1338=ORIENTED_EDGE('',*,*,#993,.T.);
#1339=ORIENTED_EDGE('',*,*,#995,.F.);
#1340=ORIENTED_EDGE('',*,*,#996,.F.);
#1341=ORIENTED_EDGE('',*,*,#997,.F.);
#1342=ORIENTED_EDGE('',*,*,#992,.T.);
#1343=ORIENTED_EDGE('',*,*,#998,.T.);
#1344=ORIENTED_EDGE('',*,*,#999,.T.);
#1345=ORIENTED_EDGE('',*,*,#1000,.T.);
#1346=ORIENTED_EDGE('',*,*,#983,.T.);
#1347=ORIENTED_EDGE('',*,*,#1001,.T.);
#1348=ORIENTED_EDGE('',*,*,#1002,.T.);
#1349=ORIENTED_EDGE('',*,*,#1003,.T.);
#1350=ORIENTED_EDGE('',*,*,#1004,.T.);
#1351=ORIENTED_EDGE('',*,*,#995,.T.);
#1352=ORIENTED_EDGE('',*,*,#990,.T.);
#1353=ORIENTED_EDGE('',*,*,#1005,.F.);
#1354=ORIENTED_EDGE('',*,*,#1006,.F.);
#1355=ORIENTED_EDGE('',*,*,#1007,.T.);
#1356=ORIENTED_EDGE('',*,*,#1008,.T.);
#1357=ORIENTED_EDGE('',*,*,#981,.F.);
#1358=ORIENTED_EDGE('',*,*,#989,.T.);
#1359=ORIENTED_EDGE('',*,*,#1009,.F.);
#1360=ORIENTED_EDGE('',*,*,#1010,.F.);
#1361=ORIENTED_EDGE('',*,*,#1005,.T.);
#1362=ORIENTED_EDGE('',*,*,#988,.T.);
#1363=ORIENTED_EDGE('',*,*,#1011,.F.);
#1364=ORIENTED_EDGE('',*,*,#1012,.F.);
#1365=ORIENTED_EDGE('',*,*,#1013,.F.);
#1366=ORIENTED_EDGE('',*,*,#1014,.T.);
#1367=ORIENTED_EDGE('',*,*,#1015,.F.);
#1368=ORIENTED_EDGE('',*,*,#967,.T.);
#1369=ORIENTED_EDGE('',*,*,#1016,.F.);
#1370=ORIENTED_EDGE('',*,*,#1017,.F.);
#1371=ORIENTED_EDGE('',*,*,#1009,.T.);
#1372=ORIENTED_EDGE('',*,*,#977,.F.);
#1373=ORIENTED_EDGE('',*,*,#986,.F.);
#1374=ORIENTED_EDGE('',*,*,#1018,.F.);
#1375=ORIENTED_EDGE('',*,*,#1019,.F.);
#1376=ORIENTED_EDGE('',*,*,#999,.F.);
#1377=ORIENTED_EDGE('',*,*,#998,.F.);
#1378=ORIENTED_EDGE('',*,*,#991,.T.);
#1379=ORIENTED_EDGE('',*,*,#1020,.F.);
#1380=ORIENTED_EDGE('',*,*,#1021,.F.);
#1381=ORIENTED_EDGE('',*,*,#1022,.F.);
#1382=ORIENTED_EDGE('',*,*,#1023,.F.);
#1383=ORIENTED_EDGE('',*,*,#1024,.F.);
#1384=ORIENTED_EDGE('',*,*,#1025,.F.);
#1385=ORIENTED_EDGE('',*,*,#1026,.F.);
#1386=ORIENTED_EDGE('',*,*,#1018,.T.);
#1387=ORIENTED_EDGE('',*,*,#985,.T.);
#1388=ORIENTED_EDGE('',*,*,#1027,.T.);
#1389=ORIENTED_EDGE('',*,*,#1024,.T.);
#1390=ORIENTED_EDGE('',*,*,#1028,.T.);
#1391=ORIENTED_EDGE('',*,*,#1029,.F.);
#1392=ORIENTED_EDGE('',*,*,#1030,.F.);
#1393=ORIENTED_EDGE('',*,*,#1031,.F.);
#1394=ORIENTED_EDGE('',*,*,#1023,.T.);
#1395=ORIENTED_EDGE('',*,*,#1032,.F.);
#1396=ORIENTED_EDGE('',*,*,#996,.T.);
#1397=ORIENTED_EDGE('',*,*,#1004,.F.);
#1398=ORIENTED_EDGE('',*,*,#1033,.F.);
#1399=ORIENTED_EDGE('',*,*,#1028,.F.);
#1400=ORIENTED_EDGE('',*,*,#994,.T.);
#1401=ORIENTED_EDGE('',*,*,#997,.T.);
#1402=ORIENTED_EDGE('',*,*,#1032,.T.);
#1403=ORIENTED_EDGE('',*,*,#1022,.T.);
#1404=ORIENTED_EDGE('',*,*,#1034,.T.);
#1405=ORIENTED_EDGE('',*,*,#1020,.T.);
#1406=ORIENTED_EDGE('',*,*,#978,.F.);
#1407=ORIENTED_EDGE('',*,*,#1026,.T.);
#1408=ORIENTED_EDGE('',*,*,#1025,.T.);
#1409=ORIENTED_EDGE('',*,*,#1031,.T.);
#1410=ORIENTED_EDGE('',*,*,#1035,.T.);
#1411=ORIENTED_EDGE('',*,*,#1036,.T.);
#1412=ORIENTED_EDGE('',*,*,#1037,.T.);
#1413=ORIENTED_EDGE('',*,*,#1038,.T.);
#1414=ORIENTED_EDGE('',*,*,#1038,.F.);
#1415=ORIENTED_EDGE('',*,*,#1039,.T.);
#1416=ORIENTED_EDGE('',*,*,#1040,.T.);
#1417=ORIENTED_EDGE('',*,*,#1041,.F.);
#1418=ORIENTED_EDGE('',*,*,#1011,.T.);
#1419=ORIENTED_EDGE('',*,*,#987,.T.);
#1420=ORIENTED_EDGE('',*,*,#1021,.T.);
#1421=ORIENTED_EDGE('',*,*,#1034,.F.);
#1422=ORIENTED_EDGE('',*,*,#1001,.F.);
#1423=ORIENTED_EDGE('',*,*,#982,.F.);
#1424=ORIENTED_EDGE('',*,*,#1008,.F.);
#1425=ORIENTED_EDGE('',*,*,#1042,.F.);
#1426=ORIENTED_EDGE('',*,*,#1042,.T.);
#1427=ORIENTED_EDGE('',*,*,#1007,.F.);
#1428=ORIENTED_EDGE('',*,*,#1043,.F.);
#1429=ORIENTED_EDGE('',*,*,#1044,.F.);
#1430=ORIENTED_EDGE('',*,*,#1035,.F.);
#1431=ORIENTED_EDGE('',*,*,#1030,.T.);
#1432=ORIENTED_EDGE('',*,*,#1045,.T.);
#1433=ORIENTED_EDGE('',*,*,#1002,.F.);
#1434=ORIENTED_EDGE('',*,*,#1019,.T.);
#1435=ORIENTED_EDGE('',*,*,#1027,.F.);
#1436=ORIENTED_EDGE('',*,*,#984,.T.);
#1437=ORIENTED_EDGE('',*,*,#1000,.F.);
#1438=ORIENTED_EDGE('',*,*,#1045,.F.);
#1439=ORIENTED_EDGE('',*,*,#1029,.T.);
#1440=ORIENTED_EDGE('',*,*,#1033,.T.);
#1441=ORIENTED_EDGE('',*,*,#1003,.F.);
#1442=ORIENTED_EDGE('',*,*,#1043,.T.);
#1443=ORIENTED_EDGE('',*,*,#1006,.T.);
#1444=ORIENTED_EDGE('',*,*,#1010,.T.);
#1445=ORIENTED_EDGE('',*,*,#1017,.T.);
#1446=ORIENTED_EDGE('',*,*,#1046,.F.);
#1447=ORIENTED_EDGE('',*,*,#965,.T.);
#1448=ORIENTED_EDGE('',*,*,#1047,.T.);
#1449=ORIENTED_EDGE('',*,*,#1048,.T.);
#1450=ORIENTED_EDGE('',*,*,#1049,.F.);
#1451=ORIENTED_EDGE('',*,*,#1014,.F.);
#1452=ORIENTED_EDGE('',*,*,#1050,.F.);
#1453=ORIENTED_EDGE('',*,*,#1044,.T.);
#1454=ORIENTED_EDGE('',*,*,#1048,.F.);
#1455=ORIENTED_EDGE('',*,*,#1051,.F.);
#1456=ORIENTED_EDGE('',*,*,#1036,.F.);
#1457=ORIENTED_EDGE('',*,*,#971,.T.);
#1458=ORIENTED_EDGE('',*,*,#1052,.F.);
#1459=ORIENTED_EDGE('',*,*,#1053,.T.);
#1460=ORIENTED_EDGE('',*,*,#1054,.F.);
#1461=ORIENTED_EDGE('',*,*,#966,.T.);
#1462=ORIENTED_EDGE('',*,*,#1046,.T.);
#1463=ORIENTED_EDGE('',*,*,#1016,.T.);
#1464=ORIENTED_EDGE('',*,*,#1051,.T.);
#1465=ORIENTED_EDGE('',*,*,#1047,.F.);
#1466=ORIENTED_EDGE('',*,*,#964,.T.);
#1467=ORIENTED_EDGE('',*,*,#1055,.T.);
#1468=ORIENTED_EDGE('',*,*,#1039,.F.);
#1469=ORIENTED_EDGE('',*,*,#1037,.F.);
#1470=ORIENTED_EDGE('',*,*,#963,.T.);
#1471=ORIENTED_EDGE('',*,*,#1056,.F.);
#1472=ORIENTED_EDGE('',*,*,#1057,.F.);
#1473=ORIENTED_EDGE('',*,*,#1040,.F.);
#1474=ORIENTED_EDGE('',*,*,#1055,.F.);
#1475=ORIENTED_EDGE('',*,*,#1058,.F.);
#1476=ORIENTED_EDGE('',*,*,#1059,.F.);
#1477=ORIENTED_EDGE('',*,*,#1060,.F.);
#1478=ORIENTED_EDGE('',*,*,#1049,.T.);
#1479=ORIENTED_EDGE('',*,*,#1061,.F.);
#1480=ORIENTED_EDGE('',*,*,#1062,.T.);
#1481=ORIENTED_EDGE('',*,*,#1063,.F.);
#1482=ORIENTED_EDGE('',*,*,#968,.T.);
#1483=ORIENTED_EDGE('',*,*,#1015,.T.);
#1484=ORIENTED_EDGE('',*,*,#952,.T.);
#1485=ORIENTED_EDGE('',*,*,#1064,.T.);
#1486=ORIENTED_EDGE('',*,*,#972,.T.);
#1487=ORIENTED_EDGE('',*,*,#1054,.T.);
#1488=ORIENTED_EDGE('',*,*,#1065,.T.);
#1489=ORIENTED_EDGE('',*,*,#1066,.T.);
#1490=ORIENTED_EDGE('',*,*,#1059,.T.);
#1491=ORIENTED_EDGE('',*,*,#1067,.T.);
#1492=ORIENTED_EDGE('',*,*,#1068,.T.);
#1493=ORIENTED_EDGE('',*,*,#1069,.T.);
#1494=ORIENTED_EDGE('',*,*,#1070,.T.);
#1495=ORIENTED_EDGE('',*,*,#1071,.T.);
#1496=ORIENTED_EDGE('',*,*,#939,.T.);
#1497=ORIENTED_EDGE('',*,*,#943,.T.);
#1498=ORIENTED_EDGE('',*,*,#973,.T.);
#1499=ORIENTED_EDGE('',*,*,#1064,.F.);
#1500=ORIENTED_EDGE('',*,*,#951,.T.);
#1501=ORIENTED_EDGE('',*,*,#960,.T.);
#1502=ORIENTED_EDGE('',*,*,#1072,.F.);
#1503=ORIENTED_EDGE('',*,*,#1056,.T.);
#1504=ORIENTED_EDGE('',*,*,#962,.T.);
#1505=ORIENTED_EDGE('',*,*,#953,.T.);
#1506=ORIENTED_EDGE('',*,*,#1071,.F.);
#1507=ORIENTED_EDGE('',*,*,#1073,.F.);
#1508=ORIENTED_EDGE('',*,*,#1074,.F.);
#1509=ORIENTED_EDGE('',*,*,#974,.F.);
#1510=ORIENTED_EDGE('',*,*,#1069,.F.);
#1511=ORIENTED_EDGE('',*,*,#1075,.F.);
#1512=ORIENTED_EDGE('',*,*,#1076,.T.);
#1513=ORIENTED_EDGE('',*,*,#1070,.F.);
#1514=ORIENTED_EDGE('',*,*,#1076,.F.);
#1515=ORIENTED_EDGE('',*,*,#1077,.F.);
#1516=ORIENTED_EDGE('',*,*,#1073,.T.);
#1517=ORIENTED_EDGE('',*,*,#1058,.T.);
#1518=ORIENTED_EDGE('',*,*,#1078,.T.);
#1519=ORIENTED_EDGE('',*,*,#1012,.T.);
#1520=ORIENTED_EDGE('',*,*,#1041,.T.);
#1521=ORIENTED_EDGE('',*,*,#1057,.T.);
#1522=ORIENTED_EDGE('',*,*,#1072,.T.);
#1523=ORIENTED_EDGE('',*,*,#959,.T.);
#1524=ORIENTED_EDGE('',*,*,#1079,.T.);
#1525=ORIENTED_EDGE('',*,*,#1074,.T.);
#1526=ORIENTED_EDGE('',*,*,#1077,.T.);
#1527=ORIENTED_EDGE('',*,*,#1075,.T.);
#1528=ORIENTED_EDGE('',*,*,#1068,.F.);
#1529=ORIENTED_EDGE('',*,*,#1067,.F.);
#1530=ORIENTED_EDGE('',*,*,#936,.T.);
#1531=ORIENTED_EDGE('',*,*,#969,.T.);
#1532=ORIENTED_EDGE('',*,*,#1063,.T.);
#1533=ORIENTED_EDGE('',*,*,#1080,.F.);
#1534=ORIENTED_EDGE('',*,*,#1052,.T.);
#1535=ORIENTED_EDGE('',*,*,#970,.T.);
#1536=ORIENTED_EDGE('',*,*,#940,.T.);
#1537=ORIENTED_EDGE('',*,*,#937,.T.);
#1538=ORIENTED_EDGE('',*,*,#946,.T.);
#1539=ORIENTED_EDGE('',*,*,#955,.T.);
#1540=ORIENTED_EDGE('',*,*,#958,.T.);
#1541=ORIENTED_EDGE('',*,*,#975,.F.);
#1542=ORIENTED_EDGE('',*,*,#1079,.F.);
#1543=ORIENTED_EDGE('',*,*,#1050,.T.);
#1544=ORIENTED_EDGE('',*,*,#1013,.T.);
#1545=ORIENTED_EDGE('',*,*,#1078,.F.);
#1546=ORIENTED_EDGE('',*,*,#1060,.T.);
#1547=ORIENTED_EDGE('',*,*,#1066,.F.);
#1548=ORIENTED_EDGE('',*,*,#1081,.T.);
#1549=ORIENTED_EDGE('',*,*,#1061,.T.);
#1550=ORIENTED_EDGE('',*,*,#1065,.F.);
#1551=ORIENTED_EDGE('',*,*,#1053,.F.);
#1552=ORIENTED_EDGE('',*,*,#1080,.T.);
#1553=ORIENTED_EDGE('',*,*,#1062,.F.);
#1554=ORIENTED_EDGE('',*,*,#1081,.F.);
#1555=ORIENTED_EDGE('',*,*,#1082,.T.);
#1556=ORIENTED_EDGE('',*,*,#1083,.T.);
#1557=ORIENTED_EDGE('',*,*,#1084,.T.);
#1558=ORIENTED_EDGE('',*,*,#1085,.F.);
#1559=ORIENTED_EDGE('',*,*,#1086,.T.);
#1560=ORIENTED_EDGE('',*,*,#1087,.F.);
#1561=ORIENTED_EDGE('',*,*,#1088,.F.);
#1562=ORIENTED_EDGE('',*,*,#1089,.F.);
#1563=ORIENTED_EDGE('',*,*,#1090,.F.);
#1564=ORIENTED_EDGE('',*,*,#1091,.T.);
#1565=ORIENTED_EDGE('',*,*,#1092,.T.);
#1566=ORIENTED_EDGE('',*,*,#1093,.F.);
#1567=ORIENTED_EDGE('',*,*,#1094,.F.);
#1568=ORIENTED_EDGE('',*,*,#1095,.T.);
#1569=ORIENTED_EDGE('',*,*,#1096,.T.);
#1570=ORIENTED_EDGE('',*,*,#1097,.F.);
#1571=ORIENTED_EDGE('',*,*,#1098,.F.);
#1572=ORIENTED_EDGE('',*,*,#1099,.F.);
#1573=ORIENTED_EDGE('',*,*,#1092,.F.);
#1574=ORIENTED_EDGE('',*,*,#1100,.F.);
#1575=ORIENTED_EDGE('',*,*,#1101,.T.);
#1576=ORIENTED_EDGE('',*,*,#1097,.T.);
#1577=ORIENTED_EDGE('',*,*,#1102,.T.);
#1578=ORIENTED_EDGE('',*,*,#1103,.T.);
#1579=ORIENTED_EDGE('',*,*,#1098,.T.);
#1580=ORIENTED_EDGE('',*,*,#1104,.T.);
#1581=ORIENTED_EDGE('',*,*,#1105,.T.);
#1582=ORIENTED_EDGE('',*,*,#1106,.F.);
#1583=ORIENTED_EDGE('',*,*,#1107,.F.);
#1584=ORIENTED_EDGE('',*,*,#1108,.F.);
#1585=ORIENTED_EDGE('',*,*,#1109,.T.);
#1586=ORIENTED_EDGE('',*,*,#1107,.T.);
#1587=ORIENTED_EDGE('',*,*,#1110,.F.);
#1588=ORIENTED_EDGE('',*,*,#1111,.T.);
#1589=ORIENTED_EDGE('',*,*,#1112,.T.);
#1590=ORIENTED_EDGE('',*,*,#1106,.T.);
#1591=ORIENTED_EDGE('',*,*,#1113,.F.);
#1592=ORIENTED_EDGE('',*,*,#1114,.F.);
#1593=ORIENTED_EDGE('',*,*,#1110,.T.);
#1594=ORIENTED_EDGE('',*,*,#1115,.T.);
#1595=ORIENTED_EDGE('',*,*,#1116,.F.);
#1596=ORIENTED_EDGE('',*,*,#1103,.F.);
#1597=ORIENTED_EDGE('',*,*,#1117,.T.);
#1598=ORIENTED_EDGE('',*,*,#1117,.F.);
#1599=ORIENTED_EDGE('',*,*,#1118,.T.);
#1600=ORIENTED_EDGE('',*,*,#1114,.T.);
#1601=ORIENTED_EDGE('',*,*,#1119,.T.);
#1602=ORIENTED_EDGE('',*,*,#1120,.T.);
#1603=ORIENTED_EDGE('',*,*,#1121,.T.);
#1604=ORIENTED_EDGE('',*,*,#1122,.F.);
#1605=ORIENTED_EDGE('',*,*,#1123,.F.);
#1606=ORIENTED_EDGE('',*,*,#1124,.T.);
#1607=ORIENTED_EDGE('',*,*,#1119,.F.);
#1608=ORIENTED_EDGE('',*,*,#1125,.T.);
#1609=ORIENTED_EDGE('',*,*,#1124,.F.);
#1610=ORIENTED_EDGE('',*,*,#1093,.T.);
#1611=ORIENTED_EDGE('',*,*,#1126,.T.);
#1612=ORIENTED_EDGE('',*,*,#1127,.T.);
#1613=ORIENTED_EDGE('',*,*,#1128,.T.);
#1614=ORIENTED_EDGE('',*,*,#1121,.F.);
#1615=ORIENTED_EDGE('',*,*,#1120,.F.);
#1616=ORIENTED_EDGE('',*,*,#1126,.F.);
#1617=ORIENTED_EDGE('',*,*,#1099,.T.);
#1618=ORIENTED_EDGE('',*,*,#1116,.T.);
#1619=ORIENTED_EDGE('',*,*,#1129,.T.);
#1620=ORIENTED_EDGE('',*,*,#1127,.F.);
#1621=ORIENTED_EDGE('',*,*,#1130,.T.);
#1622=ORIENTED_EDGE('',*,*,#1129,.F.);
#1623=ORIENTED_EDGE('',*,*,#1115,.F.);
#1624=ORIENTED_EDGE('',*,*,#1123,.T.);
#1625=ORIENTED_EDGE('',*,*,#1122,.T.);
#1626=ORIENTED_EDGE('',*,*,#1128,.F.);
#1627=ORIENTED_EDGE('',*,*,#1130,.F.);
#1628=ORIENTED_EDGE('',*,*,#1131,.T.);
#1629=ORIENTED_EDGE('',*,*,#1132,.F.);
#1630=ORIENTED_EDGE('',*,*,#1133,.T.);
#1631=ORIENTED_EDGE('',*,*,#1131,.F.);
#1632=ORIENTED_EDGE('',*,*,#1094,.T.);
#1633=ORIENTED_EDGE('',*,*,#1134,.T.);
#1634=ORIENTED_EDGE('',*,*,#1135,.T.);
#1635=ORIENTED_EDGE('',*,*,#1136,.T.);
#1636=ORIENTED_EDGE('',*,*,#1134,.F.);
#1637=ORIENTED_EDGE('',*,*,#1125,.F.);
#1638=ORIENTED_EDGE('',*,*,#1136,.F.);
#1639=ORIENTED_EDGE('',*,*,#1137,.F.);
#1640=ORIENTED_EDGE('',*,*,#1132,.T.);
#1641=ORIENTED_EDGE('',*,*,#1135,.F.);
#1642=ORIENTED_EDGE('',*,*,#1137,.T.);
#1643=ORIENTED_EDGE('',*,*,#1138,.T.);
#1644=ORIENTED_EDGE('',*,*,#1139,.T.);
#1645=ORIENTED_EDGE('',*,*,#1140,.F.);
#1646=ORIENTED_EDGE('',*,*,#1141,.F.);
#1647=ORIENTED_EDGE('',*,*,#1142,.T.);
#1648=ORIENTED_EDGE('',*,*,#1138,.F.);
#1649=ORIENTED_EDGE('',*,*,#1113,.T.);
#1650=ORIENTED_EDGE('',*,*,#1143,.T.);
#1651=ORIENTED_EDGE('',*,*,#1112,.F.);
#1652=ORIENTED_EDGE('',*,*,#1109,.F.);
#1653=ORIENTED_EDGE('',*,*,#1143,.F.);
#1654=ORIENTED_EDGE('',*,*,#1108,.T.);
#1655=ORIENTED_EDGE('',*,*,#1144,.F.);
#1656=ORIENTED_EDGE('',*,*,#1145,.F.);
#1657=ORIENTED_EDGE('',*,*,#1139,.F.);
#1658=ORIENTED_EDGE('',*,*,#1142,.F.);
#1659=ORIENTED_EDGE('',*,*,#1146,.F.);
#1660=ORIENTED_EDGE('',*,*,#1140,.T.);
#1661=ORIENTED_EDGE('',*,*,#1145,.T.);
#1662=ORIENTED_EDGE('',*,*,#1147,.T.);
#1663=ORIENTED_EDGE('',*,*,#1148,.F.);
#1664=ORIENTED_EDGE('',*,*,#1149,.F.);
#1665=ORIENTED_EDGE('',*,*,#1150,.T.);
#1666=ORIENTED_EDGE('',*,*,#1151,.T.);
#1667=ORIENTED_EDGE('',*,*,#1152,.F.);
#1668=ORIENTED_EDGE('',*,*,#1153,.F.);
#1669=ORIENTED_EDGE('',*,*,#1154,.T.);
#1670=ORIENTED_EDGE('',*,*,#1155,.T.);
#1671=ORIENTED_EDGE('',*,*,#1156,.F.);
#1672=ORIENTED_EDGE('',*,*,#1091,.F.);
#1673=ORIENTED_EDGE('',*,*,#1157,.F.);
#1674=ORIENTED_EDGE('',*,*,#1158,.T.);
#1675=ORIENTED_EDGE('',*,*,#1159,.F.);
#1676=ORIENTED_EDGE('',*,*,#1160,.F.);
#1677=ORIENTED_EDGE('',*,*,#1161,.T.);
#1678=ORIENTED_EDGE('',*,*,#1105,.F.);
#1679=ORIENTED_EDGE('',*,*,#1162,.F.);
#1680=ORIENTED_EDGE('',*,*,#1163,.F.);
#1681=ORIENTED_EDGE('',*,*,#1164,.T.);
#1682=ORIENTED_EDGE('',*,*,#1165,.T.);
#1683=ORIENTED_EDGE('',*,*,#1166,.T.);
#1684=ORIENTED_EDGE('',*,*,#1162,.T.);
#1685=ORIENTED_EDGE('',*,*,#1104,.F.);
#1686=ORIENTED_EDGE('',*,*,#1100,.T.);
#1687=ORIENTED_EDGE('',*,*,#1156,.T.);
#1688=ORIENTED_EDGE('',*,*,#1155,.F.);
#1689=ORIENTED_EDGE('',*,*,#1154,.F.);
#1690=ORIENTED_EDGE('',*,*,#1167,.F.);
#1691=ORIENTED_EDGE('',*,*,#1168,.F.);
#1692=ORIENTED_EDGE('',*,*,#1165,.F.);
#1693=ORIENTED_EDGE('',*,*,#1169,.T.);
#1694=ORIENTED_EDGE('',*,*,#1170,.F.);
#1695=ORIENTED_EDGE('',*,*,#1158,.F.);
#1696=ORIENTED_EDGE('',*,*,#1171,.F.);
#1697=ORIENTED_EDGE('',*,*,#1172,.F.);
#1698=ORIENTED_EDGE('',*,*,#1173,.F.);
#1699=ORIENTED_EDGE('',*,*,#1174,.T.);
#1700=ORIENTED_EDGE('',*,*,#1153,.T.);
#1701=ORIENTED_EDGE('',*,*,#1175,.F.);
#1702=ORIENTED_EDGE('',*,*,#1176,.T.);
#1703=ORIENTED_EDGE('',*,*,#1177,.F.);
#1704=ORIENTED_EDGE('',*,*,#1178,.T.);
#1705=ORIENTED_EDGE('',*,*,#1179,.T.);
#1706=ORIENTED_EDGE('',*,*,#1180,.T.);
#1707=ORIENTED_EDGE('',*,*,#1181,.T.);
#1708=ORIENTED_EDGE('',*,*,#1182,.T.);
#1709=ORIENTED_EDGE('',*,*,#1164,.F.);
#1710=ORIENTED_EDGE('',*,*,#1183,.F.);
#1711=ORIENTED_EDGE('',*,*,#1184,.T.);
#1712=ORIENTED_EDGE('',*,*,#1088,.T.);
#1713=ORIENTED_EDGE('',*,*,#1185,.F.);
#1714=ORIENTED_EDGE('',*,*,#1186,.F.);
#1715=ORIENTED_EDGE('',*,*,#1089,.T.);
#1716=ORIENTED_EDGE('',*,*,#1187,.F.);
#1717=ORIENTED_EDGE('',*,*,#1188,.T.);
#1718=ORIENTED_EDGE('',*,*,#1189,.T.);
#1719=ORIENTED_EDGE('',*,*,#1190,.F.);
#1720=ORIENTED_EDGE('',*,*,#1148,.T.);
#1721=ORIENTED_EDGE('',*,*,#1191,.T.);
#1722=ORIENTED_EDGE('',*,*,#1192,.T.);
#1723=ORIENTED_EDGE('',*,*,#1193,.T.);
#1724=ORIENTED_EDGE('',*,*,#1188,.F.);
#1725=ORIENTED_EDGE('',*,*,#1146,.T.);
#1726=ORIENTED_EDGE('',*,*,#1144,.T.);
#1727=ORIENTED_EDGE('',*,*,#1141,.T.);
#1728=ORIENTED_EDGE('',*,*,#1111,.F.);
#1729=ORIENTED_EDGE('',*,*,#1118,.F.);
#1730=ORIENTED_EDGE('',*,*,#1102,.F.);
#1731=ORIENTED_EDGE('',*,*,#1096,.F.);
#1732=ORIENTED_EDGE('',*,*,#1169,.F.);
#1733=ORIENTED_EDGE('',*,*,#1194,.F.);
#1734=ORIENTED_EDGE('',*,*,#1176,.F.);
#1735=ORIENTED_EDGE('',*,*,#1195,.F.);
#1736=ORIENTED_EDGE('',*,*,#1196,.T.);
#1737=ORIENTED_EDGE('',*,*,#1197,.T.);
#1738=ORIENTED_EDGE('',*,*,#1198,.F.);
#1739=ORIENTED_EDGE('',*,*,#1189,.F.);
#1740=ORIENTED_EDGE('',*,*,#1193,.F.);
#1741=ORIENTED_EDGE('',*,*,#1095,.F.);
#1742=ORIENTED_EDGE('',*,*,#1101,.F.);
#1743=ORIENTED_EDGE('',*,*,#1161,.F.);
#1744=ORIENTED_EDGE('',*,*,#1182,.F.);
#1745=ORIENTED_EDGE('',*,*,#1199,.F.);
#1746=ORIENTED_EDGE('',*,*,#1200,.T.);
#1747=ORIENTED_EDGE('',*,*,#1178,.F.);
#1748=ORIENTED_EDGE('',*,*,#1201,.F.);
#1749=ORIENTED_EDGE('',*,*,#1202,.T.);
#1750=ORIENTED_EDGE('',*,*,#1203,.T.);
#1751=ORIENTED_EDGE('',*,*,#1204,.T.);
#1752=ORIENTED_EDGE('',*,*,#1171,.T.);
#1753=ORIENTED_EDGE('',*,*,#1157,.T.);
#1754=ORIENTED_EDGE('',*,*,#1133,.F.);
#1755=ORIENTED_EDGE('',*,*,#1187,.T.);
#1756=ORIENTED_EDGE('',*,*,#1090,.T.);
#1757=ORIENTED_EDGE('',*,*,#1186,.T.);
#1758=ORIENTED_EDGE('',*,*,#1205,.T.);
#1759=ORIENTED_EDGE('',*,*,#1206,.T.);
#1760=ORIENTED_EDGE('',*,*,#1201,.T.);
#1761=ORIENTED_EDGE('',*,*,#1177,.T.);
#1762=ORIENTED_EDGE('',*,*,#1194,.T.);
#1763=ORIENTED_EDGE('',*,*,#1173,.T.);
#1764=ORIENTED_EDGE('',*,*,#1207,.T.);
#1765=ORIENTED_EDGE('',*,*,#1208,.T.);
#1766=ORIENTED_EDGE('',*,*,#1209,.T.);
#1767=ORIENTED_EDGE('',*,*,#1192,.F.);
#1768=ORIENTED_EDGE('',*,*,#1210,.T.);
#1769=ORIENTED_EDGE('',*,*,#1203,.F.);
#1770=ORIENTED_EDGE('',*,*,#1211,.T.);
#1771=ORIENTED_EDGE('',*,*,#1208,.F.);
#1772=ORIENTED_EDGE('',*,*,#1212,.F.);
#1773=ORIENTED_EDGE('',*,*,#1180,.F.);
#1774=ORIENTED_EDGE('',*,*,#1213,.T.);
#1775=ORIENTED_EDGE('',*,*,#1205,.F.);
#1776=ORIENTED_EDGE('',*,*,#1185,.T.);
#1777=ORIENTED_EDGE('',*,*,#1087,.T.);
#1778=ORIENTED_EDGE('',*,*,#1184,.F.);
#1779=ORIENTED_EDGE('',*,*,#1209,.F.);
#1780=ORIENTED_EDGE('',*,*,#1202,.F.);
#1781=ORIENTED_EDGE('',*,*,#1213,.F.);
#1782=ORIENTED_EDGE('',*,*,#1086,.F.);
#1783=ORIENTED_EDGE('',*,*,#1179,.F.);
#1784=ORIENTED_EDGE('',*,*,#1200,.F.);
#1785=ORIENTED_EDGE('',*,*,#1206,.F.);
#1786=ORIENTED_EDGE('',*,*,#1211,.F.);
#1787=ORIENTED_EDGE('',*,*,#1214,.F.);
#1788=ORIENTED_EDGE('',*,*,#1215,.T.);
#1789=ORIENTED_EDGE('',*,*,#1216,.F.);
#1790=ORIENTED_EDGE('',*,*,#1084,.F.);
#1791=ORIENTED_EDGE('',*,*,#1217,.T.);
#1792=ORIENTED_EDGE('',*,*,#1218,.T.);
#1793=ORIENTED_EDGE('',*,*,#1196,.F.);
#1794=ORIENTED_EDGE('',*,*,#1214,.T.);
#1795=ORIENTED_EDGE('',*,*,#1199,.T.);
#1796=ORIENTED_EDGE('',*,*,#1183,.T.);
#1797=ORIENTED_EDGE('',*,*,#1163,.T.);
#1798=ORIENTED_EDGE('',*,*,#1166,.F.);
#1799=ORIENTED_EDGE('',*,*,#1168,.T.);
#1800=ORIENTED_EDGE('',*,*,#1167,.T.);
#1801=ORIENTED_EDGE('',*,*,#1160,.T.);
#1802=ORIENTED_EDGE('',*,*,#1159,.T.);
#1803=ORIENTED_EDGE('',*,*,#1170,.T.);
#1804=ORIENTED_EDGE('',*,*,#1195,.T.);
#1805=ORIENTED_EDGE('',*,*,#1175,.T.);
#1806=ORIENTED_EDGE('',*,*,#1152,.T.);
#1807=ORIENTED_EDGE('',*,*,#1219,.T.);
#1808=ORIENTED_EDGE('',*,*,#1149,.T.);
#1809=ORIENTED_EDGE('',*,*,#1190,.T.);
#1810=ORIENTED_EDGE('',*,*,#1198,.T.);
#1811=ORIENTED_EDGE('',*,*,#1220,.T.);
#1812=ORIENTED_EDGE('',*,*,#1221,.T.);
#1813=ORIENTED_EDGE('',*,*,#1085,.T.);
#1814=ORIENTED_EDGE('',*,*,#1216,.T.);
#1815=ORIENTED_EDGE('',*,*,#1222,.T.);
#1816=ORIENTED_EDGE('',*,*,#1223,.T.);
#1817=ORIENTED_EDGE('',*,*,#1181,.F.);
#1818=ORIENTED_EDGE('',*,*,#1212,.T.);
#1819=ORIENTED_EDGE('',*,*,#1207,.F.);
#1820=ORIENTED_EDGE('',*,*,#1172,.T.);
#1821=ORIENTED_EDGE('',*,*,#1204,.F.);
#1822=ORIENTED_EDGE('',*,*,#1210,.F.);
#1823=ORIENTED_EDGE('',*,*,#1191,.F.);
#1824=ORIENTED_EDGE('',*,*,#1147,.F.);
#1825=ORIENTED_EDGE('',*,*,#1219,.F.);
#1826=ORIENTED_EDGE('',*,*,#1151,.F.);
#1827=ORIENTED_EDGE('',*,*,#1224,.T.);
#1828=ORIENTED_EDGE('',*,*,#1225,.T.);
#1829=ORIENTED_EDGE('',*,*,#1217,.F.);
#1830=ORIENTED_EDGE('',*,*,#1083,.F.);
#1831=ORIENTED_EDGE('',*,*,#1226,.T.);
#1832=ORIENTED_EDGE('',*,*,#1227,.F.);
#1833=ORIENTED_EDGE('',*,*,#1224,.F.);
#1834=ORIENTED_EDGE('',*,*,#1082,.F.);
#1835=ORIENTED_EDGE('',*,*,#1221,.F.);
#1836=ORIENTED_EDGE('',*,*,#1228,.F.);
#1837=ORIENTED_EDGE('',*,*,#1229,.T.);
#1838=ORIENTED_EDGE('',*,*,#1174,.F.);
#1839=ORIENTED_EDGE('',*,*,#1223,.F.);
#1840=ORIENTED_EDGE('',*,*,#1150,.F.);
#1841=ORIENTED_EDGE('',*,*,#1230,.T.);
#1842=ORIENTED_EDGE('',*,*,#1231,.T.);
#1843=ORIENTED_EDGE('',*,*,#1232,.T.);
#1844=ORIENTED_EDGE('',*,*,#1228,.T.);
#1845=ORIENTED_EDGE('',*,*,#1222,.F.);
#1846=ORIENTED_EDGE('',*,*,#1215,.F.);
#1847=ORIENTED_EDGE('',*,*,#1220,.F.);
#1848=ORIENTED_EDGE('',*,*,#1197,.F.);
#1849=ORIENTED_EDGE('',*,*,#1218,.F.);
#1850=ORIENTED_EDGE('',*,*,#1225,.F.);
#1851=ORIENTED_EDGE('',*,*,#1227,.T.);
#1852=ORIENTED_EDGE('',*,*,#1230,.F.);
#1853=ORIENTED_EDGE('',*,*,#1226,.F.);
#1854=ORIENTED_EDGE('',*,*,#1229,.F.);
#1855=ORIENTED_EDGE('',*,*,#1232,.F.);
#1856=ORIENTED_EDGE('',*,*,#1233,.F.);
#1857=ORIENTED_EDGE('',*,*,#1231,.F.);
#1858=ORIENTED_EDGE('',*,*,#1233,.T.);
#1859=ORIENTED_EDGE('',*,*,#1234,.F.);
#1860=ORIENTED_EDGE('',*,*,#1235,.F.);
#1861=ORIENTED_EDGE('',*,*,#1236,.T.);
#1862=ORIENTED_EDGE('',*,*,#1237,.F.);
#1863=ORIENTED_EDGE('',*,*,#1238,.F.);
#1864=ORIENTED_EDGE('',*,*,#1239,.F.);
#1865=ORIENTED_EDGE('',*,*,#1240,.F.);
#1866=ORIENTED_EDGE('',*,*,#1241,.F.);
#1867=ORIENTED_EDGE('',*,*,#1236,.F.);
#1868=ORIENTED_EDGE('',*,*,#1242,.F.);
#1869=ORIENTED_EDGE('',*,*,#1243,.F.);
#1870=ORIENTED_EDGE('',*,*,#1244,.T.);
#1871=ORIENTED_EDGE('',*,*,#1245,.F.);
#1872=ORIENTED_EDGE('',*,*,#1246,.F.);
#1873=ORIENTED_EDGE('',*,*,#1247,.F.);
#1874=ORIENTED_EDGE('',*,*,#1248,.F.);
#1875=ORIENTED_EDGE('',*,*,#1244,.F.);
#1876=ORIENTED_EDGE('',*,*,#1249,.F.);
#1877=ORIENTED_EDGE('',*,*,#1250,.T.);
#1878=ORIENTED_EDGE('',*,*,#1247,.T.);
#1879=ORIENTED_EDGE('',*,*,#1246,.T.);
#1880=ORIENTED_EDGE('',*,*,#1251,.T.);
#1881=ORIENTED_EDGE('',*,*,#1240,.T.);
#1882=ORIENTED_EDGE('',*,*,#1239,.T.);
#1883=ORIENTED_EDGE('',*,*,#1252,.F.);
#1884=ORIENTED_EDGE('',*,*,#1253,.F.);
#1885=ORIENTED_EDGE('',*,*,#1237,.T.);
#1886=ORIENTED_EDGE('',*,*,#1241,.T.);
#1887=ORIENTED_EDGE('',*,*,#1251,.F.);
#1888=ORIENTED_EDGE('',*,*,#1245,.T.);
#1889=ORIENTED_EDGE('',*,*,#1248,.T.);
#1890=ORIENTED_EDGE('',*,*,#1250,.F.);
#1891=ORIENTED_EDGE('',*,*,#1254,.F.);
#1892=ORIENTED_EDGE('',*,*,#1255,.T.);
#1893=ORIENTED_EDGE('',*,*,#1256,.F.);
#1894=ORIENTED_EDGE('',*,*,#1257,.F.);
#1895=ORIENTED_EDGE('',*,*,#1255,.F.);
#1896=ORIENTED_EDGE('',*,*,#1243,.T.);
#1897=ORIENTED_EDGE('',*,*,#1242,.T.);
#1898=ORIENTED_EDGE('',*,*,#1235,.T.);
#1899=ORIENTED_EDGE('',*,*,#1234,.T.);
#1900=ORIENTED_EDGE('',*,*,#1257,.T.);
#1901=ORIENTED_EDGE('',*,*,#1258,.T.);
#1902=ORIENTED_EDGE('',*,*,#1252,.T.);
#1903=ORIENTED_EDGE('',*,*,#1238,.T.);
#1904=ORIENTED_EDGE('',*,*,#1253,.T.);
#1905=ORIENTED_EDGE('',*,*,#1258,.F.);
#1906=ORIENTED_EDGE('',*,*,#1256,.T.);
#1907=ORIENTED_EDGE('',*,*,#1249,.T.);
#1908=ORIENTED_EDGE('',*,*,#1254,.T.);
#1909=B_SPLINE_SURFACE_WITH_KNOTS('',3,3,((#2525,#2526,#2527,#2528),(#2529,
#2530,#2531,#2532),(#2533,#2534,#2535,#2536),(#2537,#2538,#2539,#2540)),
 .UNSPECIFIED.,.F.,.F.,.F.,(4,4),(4,4),(-3.73780134412936,-3.14159265358979),
(8.52451429910671,8.63191873926464),.UNSPECIFIED.);
#1910=B_SPLINE_SURFACE_WITH_KNOTS('',3,3,((#2565,#2566,#2567,#2568,#2569,
#2570,#2571,#2572,#2573),(#2574,#2575,#2576,#2577,#2578,#2579,#2580,#2581,
#2582),(#2583,#2584,#2585,#2586,#2587,#2588,#2589,#2590,#2591),(#2592,#2593,
#2594,#2595,#2596,#2597,#2598,#2599,#2600),(#2601,#2602,#2603,#2604,#2605,
#2606,#2607,#2608,#2609),(#2610,#2611,#2612,#2613,#2614,#2615,#2616,#2617,
#2618),(#2619,#2620,#2621,#2622,#2623,#2624,#2625,#2626,#2627),(#2628,#2629,
#2630,#2631,#2632,#2633,#2634,#2635,#2636),(#2637,#2638,#2639,#2640,#2641,
#2642,#2643,#2644,#2645),(#2646,#2647,#2648,#2649,#2650,#2651,#2652,#2653,
#2654),(#2655,#2656,#2657,#2658,#2659,#2660,#2661,#2662,#2663),(#2664,#2665,
#2666,#2667,#2668,#2669,#2670,#2671,#2672),(#2673,#2674,#2675,#2676,#2677,
#2678,#2679,#2680,#2681),(#2682,#2683,#2684,#2685,#2686,#2687,#2688,#2689,
#2690),(#2691,#2692,#2693,#2694,#2695,#2696,#2697,#2698,#2699),(#2700,#2701,
#2702,#2703,#2704,#2705,#2706,#2707,#2708),(#2709,#2710,#2711,#2712,#2713,
#2714,#2715,#2716,#2717)),.UNSPECIFIED.,.T.,.F.,.F.,(4,1,1,1,1,1,1,1,1,
1,1,1,1,1,4),(4,1,1,1,1,1,4),(9.42477796076938,9.87357691128221,10.322375861795,
10.7711748123079,11.2199737628207,11.8183723635045,12.1175716638463,12.5663706143592,
13.015169564872,13.4639685153848,13.9127674658977,14.3615664164105,14.8103653669233,
15.2591643174361,15.707963267949),(8.52307531252189,8.76086120114428,9.23643297838907,
9.47421886701146,9.94979064425625,10.1875765328786,10.6631483101234),
 .UNSPECIFIED.);
#1911=B_SPLINE_SURFACE_WITH_KNOTS('',3,3,((#2859,#2860,#2861,#2862,#2863,
#2864,#2865),(#2866,#2867,#2868,#2869,#2870,#2871,#2872),(#2873,#2874,#2875,
#2876,#2877,#2878,#2879),(#2880,#2881,#2882,#2883,#2884,#2885,#2886),(#2887,
#2888,#2889,#2890,#2891,#2892,#2893),(#2894,#2895,#2896,#2897,#2898,#2899,
#2900),(#2901,#2902,#2903,#2904,#2905,#2906,#2907),(#2908,#2909,#2910,#2911,
#2912,#2913,#2914),(#2915,#2916,#2917,#2918,#2919,#2920,#2921),(#2922,#2923,
#2924,#2925,#2926,#2927,#2928),(#2929,#2930,#2931,#2932,#2933,#2934,#2935),
(#2936,#2937,#2938,#2939,#2940,#2941,#2942),(#2943,#2944,#2945,#2946,#2947,
#2948,#2949),(#2950,#2951,#2952,#2953,#2954,#2955,#2956),(#2957,#2958,#2959,
#2960,#2961,#2962,#2963),(#2964,#2965,#2966,#2967,#2968,#2969,#2970),(#2971,
#2972,#2973,#2974,#2975,#2976,#2977)),.UNSPECIFIED.,.T.,.F.,.F.,(4,1,1,
1,1,1,1,1,1,1,1,1,1,1,4),(4,1,1,1,4),(-3.14159265358979,-2.69279370307697,
-2.24399475256414,-1.79519580205131,-1.34639685153848,-0.747998250854713,
-0.448798950512828,2.77555756156289E-17,0.448798950512828,0.897597901025655,
1.34639685153848,1.79519580205131,2.24399475256414,2.69279370307697,3.14159265358979),
(2.11056497295113,2.5194704585953,2.92837594423946,3.33728142988363,3.7461869155278),
 .UNSPECIFIED.);
#1912=B_SPLINE_SURFACE_WITH_KNOTS('',3,3,((#3523,#3524,#3525,#3526,#3527,
#3528,#3529,#3530,#3531),(#3532,#3533,#3534,#3535,#3536,#3537,#3538,#3539,
#3540),(#3541,#3542,#3543,#3544,#3545,#3546,#3547,#3548,#3549),(#3550,#3551,
#3552,#3553,#3554,#3555,#3556,#3557,#3558)),.UNSPECIFIED.,.F.,.F.,.F.,(4,
4),(4,1,1,1,1,1,4),(0.,1.),(0.0313350209888257,1.45629446087739,2.88125390076595,
4.30621334065452,5.73117278054308,7.15613222043164,10.0060511002088),
 .UNSPECIFIED.);
#1913=B_SPLINE_SURFACE_WITH_KNOTS('',3,3,((#3646,#3647,#3648,#3649,#3650),
(#3651,#3652,#3653,#3654,#3655),(#3656,#3657,#3658,#3659,#3660),(#3661,
#3662,#3663,#3664,#3665),(#3666,#3667,#3668,#3669,#3670),(#3671,#3672,#3673,
#3674,#3675),(#3676,#3677,#3678,#3679,#3680)),.UNSPECIFIED.,.F.,.F.,.F.,
(4,1,1,1,4),(4,1,4),(-5.45160738627602,-4.80339045067941,-4.15517351508281,
-3.83106504728451,-3.18284811168791),(0.639124023637248,1.19880764564154,
1.75849126764584),.UNSPECIFIED.);
#1914=B_SPLINE_SURFACE_WITH_KNOTS('',3,3,((#3724,#3725,#3726,#3727),(#3728,
#3729,#3730,#3731),(#3732,#3733,#3734,#3735),(#3736,#3737,#3738,#3739),
(#3740,#3741,#3742,#3743)),.UNSPECIFIED.,.F.,.F.,.F.,(4,1,4),(4,4),(-2.99094561699294,
-2.44983667607439,-2.04400497038548),(2.02412965151602,2.2889552924314),
 .UNSPECIFIED.);
#1915=B_SPLINE_SURFACE_WITH_KNOTS('',3,3,((#3911,#3912,#3913,#3914,#3915,
#3916,#3917),(#3918,#3919,#3920,#3921,#3922,#3923,#3924),(#3925,#3926,#3927,
#3928,#3929,#3930,#3931),(#3932,#3933,#3934,#3935,#3936,#3937,#3938),(#3939,
#3940,#3941,#3942,#3943,#3944,#3945),(#3946,#3947,#3948,#3949,#3950,#3951,
#3952),(#3953,#3954,#3955,#3956,#3957,#3958,#3959)),.UNSPECIFIED.,.F.,.F.,
 .F.,(4,1,1,1,4),(4,1,1,1,4),(2.08924895963604,2.80382631428281,3.51840366892957,
4.23298102357634,4.59026970089972),(0.344935336826581,0.75621417939047,
1.16749302195436,1.57877186451825,1.99005070708214),.UNSPECIFIED.);
#1916=B_SPLINE_SURFACE_WITH_KNOTS('',3,3,((#4513,#4514,#4515,#4516,#4517,
#4518,#4519,#4520,#4521),(#4522,#4523,#4524,#4525,#4526,#4527,#4528,#4529,
#4530),(#4531,#4532,#4533,#4534,#4535,#4536,#4537,#4538,#4539),(#4540,#4541,
#4542,#4543,#4544,#4545,#4546,#4547,#4548),(#4549,#4550,#4551,#4552,#4553,
#4554,#4555,#4556,#4557),(#4558,#4559,#4560,#4561,#4562,#4563,#4564,#4565,
#4566),(#4567,#4568,#4569,#4570,#4571,#4572,#4573,#4574,#4575)),
 .UNSPECIFIED.,.F.,.F.,.F.,(4,1,1,1,4),(4,1,1,1,1,1,4),(0.,0.285714285714286,
0.571428571428571,0.714285714285714,1.),(-12.9688852803493,-11.8678891692651,
-9.6658969470968,-8.56490083601263,-7.46390472492847,-6.36290861384431,
-5.26191250276014),.UNSPECIFIED.);
#1917=B_SPLINE_SURFACE_WITH_KNOTS('',3,3,((#4639,#4640,#4641,#4642),(#4643,
#4644,#4645,#4646),(#4647,#4648,#4649,#4650),(#4651,#4652,#4653,#4654),
(#4655,#4656,#4657,#4658),(#4659,#4660,#4661,#4662),(#4663,#4664,#4665,
#4666),(#4667,#4668,#4669,#4670)),.UNSPECIFIED.,.F.,.F.,.F.,(4,1,1,1,1,
4),(4,4),(-11.7428404023309,-9.43490855493854,-8.85792559309045,-7.89628732334364,
-7.51163201544491,-6.35766609174873),(-1.49683288082035,0.),
 .UNSPECIFIED.);
#1918=B_SPLINE_SURFACE_WITH_KNOTS('',3,3,((#4778,#4779,#4780,#4781),(#4782,
#4783,#4784,#4785),(#4786,#4787,#4788,#4789),(#4790,#4791,#4792,#4793),
(#4794,#4795,#4796,#4797),(#4798,#4799,#4800,#4801)),.UNSPECIFIED.,.F.,
 .F.,.F.,(4,1,1,4),(4,4),(-11.2219354065855,-9.42328573906857,-8.22418596072394,
-7.02508618237932),(-2.51258380210996,0.),.UNSPECIFIED.);
#1919=B_SPLINE_SURFACE_WITH_KNOTS('',3,3,((#4806,#4807,#4808,#4809),(#4810,
#4811,#4812,#4813),(#4814,#4815,#4816,#4817),(#4818,#4819,#4820,#4821)),
 .UNSPECIFIED.,.F.,.F.,.F.,(4,4),(4,4),(-8.80907705120994,-7.9533147829042),
(-1.19364658970013,0.),.UNSPECIFIED.);
#1920=B_SPLINE_SURFACE_WITH_KNOTS('',3,3,((#5108,#5109,#5110,#5111),(#5112,
#5113,#5114,#5115),(#5116,#5117,#5118,#5119),(#5120,#5121,#5122,#5123)),
 .UNSPECIFIED.,.F.,.F.,.F.,(4,4),(4,4),(2.91414905406614,3.3214685324325),
(2.44369526340574,2.57581927757658),.UNSPECIFIED.);
#1921=B_SPLINE_SURFACE_WITH_KNOTS('',3,3,((#5137,#5138,#5139,#5140,#5141),
(#5142,#5143,#5144,#5145,#5146),(#5147,#5148,#5149,#5150,#5151),(#5152,
#5153,#5154,#5155,#5156),(#5157,#5158,#5159,#5160,#5161),(#5162,#5163,#5164,
#5165,#5166),(#5167,#5168,#5169,#5170,#5171)),.UNSPECIFIED.,.F.,.F.,.F.,
(4,1,1,1,4),(4,1,4),(-2.97421105367242,-2.55247126234396,-2.34160136667973,
-1.91986157535127,-1.49812178402281),(2.57223620783866,2.80467251063114,
3.11458758102111),.UNSPECIFIED.);
#1922=B_SPLINE_SURFACE_WITH_KNOTS('',3,3,((#5330,#5331,#5332,#5333),(#5334,
#5335,#5336,#5337),(#5338,#5339,#5340,#5341),(#5342,#5343,#5344,#5345)),
 .UNSPECIFIED.,.F.,.F.,.F.,(4,4),(4,4),(-2.37582763099798,-2.30370888311425),
(2.40147197127111,2.44304714584898),.UNSPECIFIED.);
#1923=B_SPLINE_SURFACE_WITH_KNOTS('',3,3,((#5508,#5509,#5510,#5511),(#5512,
#5513,#5514,#5515),(#5516,#5517,#5518,#5519),(#5520,#5521,#5522,#5523)),
 .UNSPECIFIED.,.F.,.F.,.F.,(4,4),(4,4),(-2.60905304321669,-2.40730802642196),
(3.4334451654215,3.53354633454597),.UNSPECIFIED.);
#1924=B_SPLINE_SURFACE_WITH_KNOTS('',3,3,((#5623,#5624,#5625,#5626,#5627,
#5628,#5629,#5630,#5631,#5632,#5633,#5634,#5635,#5636,#5637,#5638,#5639,
#5640),(#5641,#5642,#5643,#5644,#5645,#5646,#5647,#5648,#5649,#5650,#5651,
#5652,#5653,#5654,#5655,#5656,#5657,#5658),(#5659,#5660,#5661,#5662,#5663,
#5664,#5665,#5666,#5667,#5668,#5669,#5670,#5671,#5672,#5673,#5674,#5675,
#5676),(#5677,#5678,#5679,#5680,#5681,#5682,#5683,#5684,#5685,#5686,#5687,
#5688,#5689,#5690,#5691,#5692,#5693,#5694),(#5695,#5696,#5697,#5698,#5699,
#5700,#5701,#5702,#5703,#5704,#5705,#5706,#5707,#5708,#5709,#5710,#5711,
#5712)),.UNSPECIFIED.,.F.,.F.,.F.,(4,1,4),(4,2,2,2,2,2,2,2,4),(1.95608878647346,
2.49791759307654,2.90428919802886),(3.34758160678101,3.44297008424659,3.82524915353596,
4.20752822282534,4.58980729211471,4.97270097656464,5.35559466101457,5.7384883454645,
6.12138202991443),.UNSPECIFIED.);
#1925=B_SPLINE_SURFACE_WITH_KNOTS('',3,3,((#5726,#5727,#5728,#5729,#5730,
#5731,#5732,#5733,#5734,#5735,#5736,#5737,#5738,#5739,#5740,#5741,#5742,
#5743),(#5744,#5745,#5746,#5747,#5748,#5749,#5750,#5751,#5752,#5753,#5754,
#5755,#5756,#5757,#5758,#5759,#5760,#5761),(#5762,#5763,#5764,#5765,#5766,
#5767,#5768,#5769,#5770,#5771,#5772,#5773,#5774,#5775,#5776,#5777,#5778,
#5779),(#5780,#5781,#5782,#5783,#5784,#5785,#5786,#5787,#5788,#5789,#5790,
#5791,#5792,#5793,#5794,#5795,#5796,#5797),(#5798,#5799,#5800,#5801,#5802,
#5803,#5804,#5805,#5806,#5807,#5808,#5809,#5810,#5811,#5812,#5813,#5814,
#5815)),.UNSPECIFIED.,.F.,.F.,.F.,(4,1,4),(4,2,2,2,2,2,2,2,4),(1.95608878714222,
2.36246039178745,2.90428919798109),(0.,0.382893684449929,0.765787368899857,
1.14868105334979,1.53157473779971,1.91385380708909,2.29613287637846,2.67841194566784,
2.77380042219892),.UNSPECIFIED.);
#1926=B_SPLINE_SURFACE_WITH_KNOTS('',3,3,((#5875,#5876,#5877,#5878,#5879,
#5880,#5881,#5882,#5883,#5884,#5885,#5886,#5887,#5888,#5889,#5890,#5891,
#5892,#5893,#5894,#5895,#5896,#5897,#5898,#5899,#5900,#5901,#5902,#5903,
#5904,#5905,#5906,#5907,#5908),(#5909,#5910,#5911,#5912,#5913,#5914,#5915,
#5916,#5917,#5918,#5919,#5920,#5921,#5922,#5923,#5924,#5925,#5926,#5927,
#5928,#5929,#5930,#5931,#5932,#5933,#5934,#5935,#5936,#5937,#5938,#5939,
#5940,#5941,#5942),(#5943,#5944,#5945,#5946,#5947,#5948,#5949,#5950,#5951,
#5952,#5953,#5954,#5955,#5956,#5957,#5958,#5959,#5960,#5961,#5962,#5963,
#5964,#5965,#5966,#5967,#5968,#5969,#5970,#5971,#5972,#5973,#5974,#5975,
#5976),(#5977,#5978,#5979,#5980,#5981,#5982,#5983,#5984,#5985,#5986,#5987,
#5988,#5989,#5990,#5991,#5992,#5993,#5994,#5995,#5996,#5997,#5998,#5999,
#6000,#6001,#6002,#6003,#6004,#6005,#6006,#6007,#6008,#6009,#6010),(#6011,
#6012,#6013,#6014,#6015,#6016,#6017,#6018,#6019,#6020,#6021,#6022,#6023,
#6024,#6025,#6026,#6027,#6028,#6029,#6030,#6031,#6032,#6033,#6034,#6035,
#6036,#6037,#6038,#6039,#6040,#6041,#6042,#6043,#6044),(#6045,#6046,#6047,
#6048,#6049,#6050,#6051,#6052,#6053,#6054,#6055,#6056,#6057,#6058,#6059,
#6060,#6061,#6062,#6063,#6064,#6065,#6066,#6067,#6068,#6069,#6070,#6071,
#6072,#6073,#6074,#6075,#6076,#6077,#6078)),.UNSPECIFIED.,.F.,.F.,.F.,(4,
1,1,4),(4,2,2,2,2,2,2,2,2,2,2,2,2,2,2,2,4),(1.34182067809168,2.01610870509254,
2.46563405642645,2.91515940776036),(6.12138202991443,6.50427571436436,6.88716939881429,
7.27006308326422,7.65295676771414,8.03523583700352,8.41751490629289,8.79979397558227,
9.18207304487164,9.56435211416102,9.94663118345039,10.3289102527398,10.7111893220291,
11.0940830064791,11.476976690929,11.8598703753789,12.2427640598289),
 .UNSPECIFIED.);
#1927=B_SPLINE_SURFACE_WITH_KNOTS('',3,3,((#6148,#6149,#6150,#6151),(#6152,
#6153,#6154,#6155),(#6156,#6157,#6158,#6159),(#6160,#6161,#6162,#6163),
(#6164,#6165,#6166,#6167),(#6168,#6169,#6170,#6171),(#6172,#6173,#6174,
#6175),(#6176,#6177,#6178,#6179)),.UNSPECIFIED.,.F.,.F.,.F.,(4,1,1,1,1,
4),(4,4),(1.65237981412672,2.07786919683046,2.92884796223793,3.77982672764539,
4.20531611034913,4.63080549305286),(0.,0.395652895698214),.UNSPECIFIED.);
#1928=B_SPLINE_SURFACE_WITH_KNOTS('',3,3,((#6182,#6183,#6184,#6185,#6186),
(#6187,#6188,#6189,#6190,#6191),(#6192,#6193,#6194,#6195,#6196),(#6197,
#6198,#6199,#6200,#6201),(#6202,#6203,#6204,#6205,#6206),(#6207,#6208,#6209,
#6210,#6211),(#6212,#6213,#6214,#6215,#6216),(#6217,#6218,#6219,#6220,#6221),
(#6222,#6223,#6224,#6225,#6226),(#6227,#6228,#6229,#6230,#6231)),
 .UNSPECIFIED.,.F.,.F.,.F.,(4,1,1,1,1,1,1,4),(4,1,4),(0.945671562237505,
1.55705027018472,2.16842897813193,2.77980768607914,3.39118639402636,4.00256510197357,
4.61394380992078,5.225322517868),(6.40409738828887,6.76932052248355,7.25628470140979),
 .UNSPECIFIED.);
#1929=B_SPLINE_SURFACE_WITH_KNOTS('',3,3,((#6408,#6409,#6410,#6411,#6412),
(#6413,#6414,#6415,#6416,#6417),(#6418,#6419,#6420,#6421,#6422),(#6423,
#6424,#6425,#6426,#6427),(#6428,#6429,#6430,#6431,#6432),(#6433,#6434,#6435,
#6436,#6437),(#6438,#6439,#6440,#6441,#6442),(#6443,#6444,#6445,#6446,#6447),
(#6448,#6449,#6450,#6451,#6452),(#6453,#6454,#6455,#6456,#6457)),
 .UNSPECIFIED.,.F.,.F.,.F.,(4,1,1,1,1,1,1,4),(4,1,4),(0.945666551707135,
1.5730757864046,2.20048502110207,2.82789425579954,3.45530349049701,4.08271272519448,
4.71012195989195,5.33753119458942),(12.6872686226168,13.0524981592431,13.5394708747448),
 .UNSPECIFIED.);
#1930=ADVANCED_FACE('',(#290),#1909,.F.);
#1931=ADVANCED_FACE('',(#291),#1910,.F.);
#1932=ADVANCED_FACE('',(#292),#1911,.F.);
#1933=ADVANCED_FACE('',(#293),#267,.F.);
#1934=ADVANCED_FACE('',(#294),#268,.F.);
#1935=ADVANCED_FACE('',(#295),#269,.F.);
#1936=ADVANCED_FACE('',(#296),#212,.F.);
#1937=ADVANCED_FACE('',(#297),#1912,.F.);
#1938=ADVANCED_FACE('',(#298),#182,.F.);
#1939=ADVANCED_FACE('',(#299),#1913,.F.);
#1940=ADVANCED_FACE('',(#300),#1914,.F.);
#1941=ADVANCED_FACE('',(#301),#41,.T.);
#1942=ADVANCED_FACE('',(#302),#183,.F.);
#1943=ADVANCED_FACE('',(#303),#184,.F.);
#1944=ADVANCED_FACE('',(#304),#270,.F.);
#1945=ADVANCED_FACE('',(#305),#271,.F.);
#1946=ADVANCED_FACE('',(#306),#1915,.F.);
#1947=ADVANCED_FACE('',(#307),#272,.F.);
#1948=ADVANCED_FACE('',(#308),#185,.T.);
#1949=ADVANCED_FACE('',(#309),#186,.T.);
#1950=ADVANCED_FACE('',(#310),#213,.T.);
#1951=ADVANCED_FACE('',(#311),#214,.T.);
#1952=ADVANCED_FACE('',(#312),#273,.F.);
#1953=ADVANCED_FACE('',(#313),#42,.F.);
#1954=ADVANCED_FACE('',(#314),#187,.F.);
#1955=ADVANCED_FACE('',(#315),#43,.F.);
#1956=ADVANCED_FACE('',(#316),#188,.T.);
#1957=ADVANCED_FACE('',(#317),#274,.F.);
#1958=ADVANCED_FACE('',(#318),#275,.F.);
#1959=ADVANCED_FACE('',(#319),#276,.F.);
#1960=ADVANCED_FACE('',(#320),#44,.F.);
#1961=ADVANCED_FACE('',(#321),#189,.F.);
#1962=ADVANCED_FACE('',(#322),#45,.F.);
#1963=ADVANCED_FACE('',(#323),#277,.F.);
#1964=ADVANCED_FACE('',(#324),#278,.F.);
#1965=ADVANCED_FACE('',(#325),#46,.F.);
#1966=ADVANCED_FACE('',(#326,#35),#215,.F.);
#1967=ADVANCED_FACE('',(#327),#279,.F.);
#1968=ADVANCED_FACE('',(#328),#32,.F.);
#1969=ADVANCED_FACE('',(#329),#190,.F.);
#1970=ADVANCED_FACE('',(#330),#191,.F.);
#1971=ADVANCED_FACE('',(#331,#36,#37),#47,.T.);
#1972=ADVANCED_FACE('',(#332),#280,.F.);
#1973=ADVANCED_FACE('',(#333),#281,.F.);
#1974=ADVANCED_FACE('',(#334),#25,.F.);
#1975=ADVANCED_FACE('',(#335),#192,.F.);
#1976=ADVANCED_FACE('',(#336),#282,.F.);
#1977=ADVANCED_FACE('',(#337),#283,.F.);
#1978=ADVANCED_FACE('',(#338),#48,.F.);
#1979=ADVANCED_FACE('',(#339),#49,.T.);
#1980=ADVANCED_FACE('',(#340),#50,.T.);
#1981=ADVANCED_FACE('',(#341),#1916,.F.);
#1982=ADVANCED_FACE('',(#342),#193,.T.);
#1983=ADVANCED_FACE('',(#343),#26,.F.);
#1984=ADVANCED_FACE('',(#344),#194,.T.);
#1985=ADVANCED_FACE('',(#345),#1917,.T.);
#1986=ADVANCED_FACE('',(#346),#195,.T.);
#1987=ADVANCED_FACE('',(#347),#196,.T.);
#1988=ADVANCED_FACE('',(#348),#27,.F.);
#1989=ADVANCED_FACE('',(#349),#28,.T.);
#1990=ADVANCED_FACE('',(#350),#1918,.T.);
#1991=ADVANCED_FACE('',(#351),#1919,.T.);
#1992=ADVANCED_FACE('',(#352),#197,.T.);
#1993=ADVANCED_FACE('',(#353),#198,.T.);
#1994=ADVANCED_FACE('',(#354),#199,.T.);
#1995=ADVANCED_FACE('',(#355),#200,.T.);
#1996=ADVANCED_FACE('',(#356),#201,.F.);
#1997=ADVANCED_FACE('',(#357),#202,.F.);
#1998=ADVANCED_FACE('',(#358),#203,.F.);
#1999=ADVANCED_FACE('',(#359),#204,.T.);
#2000=ADVANCED_FACE('',(#360),#33,.F.);
#2001=ADVANCED_FACE('',(#361),#51,.F.);
#2002=ADVANCED_FACE('',(#362),#52,.F.);
#2003=ADVANCED_FACE('',(#363),#284,.F.);
#2004=ADVANCED_FACE('',(#364),#285,.F.);
#2005=ADVANCED_FACE('',(#365),#216,.T.);
#2006=ADVANCED_FACE('',(#366),#1920,.F.);
#2007=ADVANCED_FACE('',(#367),#1921,.F.);
#2008=ADVANCED_FACE('',(#368),#53,.F.);
#2009=ADVANCED_FACE('',(#369),#1922,.F.);
#2010=ADVANCED_FACE('',(#370),#54,.F.);
#2011=ADVANCED_FACE('',(#371),#205,.T.);
#2012=ADVANCED_FACE('',(#372),#286,.F.);
#2013=ADVANCED_FACE('',(#373),#287,.F.);
#2014=ADVANCED_FACE('',(#374),#1923,.F.);
#2015=ADVANCED_FACE('',(#375),#55,.T.);
#2016=ADVANCED_FACE('',(#376),#56,.T.);
#2017=ADVANCED_FACE('',(#377),#1924,.F.);
#2018=ADVANCED_FACE('',(#378),#1925,.F.);
#2019=ADVANCED_FACE('',(#379),#217,.T.);
#2020=ADVANCED_FACE('',(#380),#288,.F.);
#2021=ADVANCED_FACE('',(#381),#289,.F.);
#2022=ADVANCED_FACE('',(#382),#206,.T.);
#2023=ADVANCED_FACE('',(#383),#57,.F.);
#2024=ADVANCED_FACE('',(#384),#207,.F.);
#2025=ADVANCED_FACE('',(#385),#1926,.F.);
#2026=ADVANCED_FACE('',(#386),#208,.F.);
#2027=ADVANCED_FACE('',(#387),#58,.F.);
#2028=ADVANCED_FACE('',(#388),#59,.F.);
#2029=ADVANCED_FACE('',(#389),#209,.F.);
#2030=ADVANCED_FACE('',(#390),#1927,.F.);
#2031=ADVANCED_FACE('',(#391),#210,.F.);
#2032=ADVANCED_FACE('',(#392),#1928,.F.);
#2033=ADVANCED_FACE('',(#393),#1929,.F.);
#2034=ADVANCED_FACE('',(#394),#60,.T.);
#2035=ADVANCED_FACE('',(#395,#38,#39),#61,.F.);
#2036=ADVANCED_FACE('',(#396),#34,.F.);
#2037=ADVANCED_FACE('',(#397,#40),#211,.T.);
#2038=CLOSED_SHELL('',(#1930,#1931,#1932,#1933,#1934,#1935,#1936,#1937,
#1938,#1939,#1940,#1941,#1942,#1943,#1944,#1945,#1946,#1947,#1948,#1949,
#1950,#1951,#1952,#1953,#1954,#1955,#1956,#1957,#1958,#1959,#1960,#1961,
#1962,#1963,#1964,#1965,#1966,#1967,#1968,#1969,#1970,#1971,#1972,#1973,
#1974));
#2039=CLOSED_SHELL('',(#1975,#1976,#1977,#1978,#1979,#1980,#1981,#1982,
#1983,#1984,#1985,#1986,#1987,#1988,#1989,#1990,#1991,#1992,#1993,#1994,
#1995,#1996,#1997,#1998,#1999,#2000,#2001,#2002,#2003,#2004,#2005,#2006,
#2007,#2008,#2009,#2010,#2011,#2012,#2013,#2014,#2015,#2016,#2017,#2018,
#2019,#2020,#2021,#2022,#2023,#2024,#2025,#2026,#2027,#2028,#2029,#2030,
#2031));
#2040=CLOSED_SHELL('',(#2032,#2033,#2034,#2035,#2036,#2037));
#2041=DERIVED_UNIT_ELEMENT(#2043,1.);
#2042=DERIVED_UNIT_ELEMENT(#6680,-3.);
#2043=(
MASS_UNIT()
NAMED_UNIT(*)
SI_UNIT(.KILO.,.GRAM.)
);
#2044=DERIVED_UNIT((#2041,#2042));
#2045=MEASURE_REPRESENTATION_ITEM('density measure',
POSITIVE_RATIO_MEASURE(7850.),#2044);
#2046=PROPERTY_DEFINITION_REPRESENTATION(#2051,#2048);
#2047=PROPERTY_DEFINITION_REPRESENTATION(#2052,#2049);
#2048=REPRESENTATION('material name',(#2050),#6677);
#2049=REPRESENTATION('density',(#2045),#6677);
#2050=DESCRIPTIVE_REPRESENTATION_ITEM('Steel','Steel');
#2051=PROPERTY_DEFINITION('material property','material name',#6687);
#2052=PROPERTY_DEFINITION('material property','density of part',#6687);
#2053=AXIS2_PLACEMENT_3D('',#2524,#2190,#2191);
#2054=AXIS2_PLACEMENT_3D('',#3223,#2192,#2193);
#2055=AXIS2_PLACEMENT_3D('',#3300,#2194,#2195);
#2056=AXIS2_PLACEMENT_3D('',#3301,#2196,#2197);
#2057=AXIS2_PLACEMENT_3D('',#3302,#2198,#2199);
#2058=AXIS2_PLACEMENT_3D('',#3508,#2200,#2201);
#2059=AXIS2_PLACEMENT_3D('',#3522,#2202,#2203);
#2060=AXIS2_PLACEMENT_3D('',#3610,#2204,#2205);
#2061=AXIS2_PLACEMENT_3D('',#3775,#2210,#2211);
#2062=AXIS2_PLACEMENT_3D('',#3777,#2212,#2213);
#2063=AXIS2_PLACEMENT_3D('',#3780,#2215,#2216);
#2064=AXIS2_PLACEMENT_3D('',#3781,#2217,#2218);
#2065=AXIS2_PLACEMENT_3D('',#3798,#2219,#2220);
#2066=AXIS2_PLACEMENT_3D('',#3800,#2221,#2222);
#2067=AXIS2_PLACEMENT_3D('',#3806,#2226,#2227);
#2068=AXIS2_PLACEMENT_3D('',#3808,#2228,#2229);
#2069=AXIS2_PLACEMENT_3D('',#3824,#2231,#2232);
#2070=AXIS2_PLACEMENT_3D('',#3825,#2233,#2234);
#2071=AXIS2_PLACEMENT_3D('',#3847,#2235,#2236);
#2072=AXIS2_PLACEMENT_3D('',#4088,#2237,#2238);
#2073=AXIS2_PLACEMENT_3D('',#4089,#2239,#2240);
#2074=AXIS2_PLACEMENT_3D('',#4090,#2241,#2242);
#2075=AXIS2_PLACEMENT_3D('',#4097,#2246,#2247);
#2076=AXIS2_PLACEMENT_3D('',#4098,#2248,#2249);
#2077=AXIS2_PLACEMENT_3D('',#4099,#2250,#2251);
#2078=AXIS2_PLACEMENT_3D('',#4101,#2253,#2254);
#2079=AXIS2_PLACEMENT_3D('',#4108,#2255,#2256);
#2080=AXIS2_PLACEMENT_3D('',#4110,#2257,#2258);
#2081=AXIS2_PLACEMENT_3D('',#4121,#2259,#2260);
#2082=AXIS2_PLACEMENT_3D('',#4123,#2261,#2262);
#2083=AXIS2_PLACEMENT_3D('',#4125,#2263,#2264);
#2084=AXIS2_PLACEMENT_3D('',#4143,#2265,#2266);
#2085=AXIS2_PLACEMENT_3D('',#4144,#2267,#2268);
#2086=AXIS2_PLACEMENT_3D('',#4145,#2269,#2270);
#2087=AXIS2_PLACEMENT_3D('',#4147,#2272,#2273);
#2088=AXIS2_PLACEMENT_3D('',#4149,#2274,#2275);
#2089=AXIS2_PLACEMENT_3D('',#4150,#2276,#2277);
#2090=AXIS2_PLACEMENT_3D('',#4152,#2279,#2280);
#2091=AXIS2_PLACEMENT_3D('',#4153,#2281,#2282);
#2092=AXIS2_PLACEMENT_3D('',#4154,#2283,#2284);
#2093=AXIS2_PLACEMENT_3D('',#4155,#2285,#2286);
#2094=AXIS2_PLACEMENT_3D('',#4180,#2287,#2288);
#2095=AXIS2_PLACEMENT_3D('',#4190,#2289,#2290);
#2096=AXIS2_PLACEMENT_3D('',#4197,#2291,#2292);
#2097=AXIS2_PLACEMENT_3D('',#4206,#2293,#2294);
#2098=AXIS2_PLACEMENT_3D('',#4213,#2295,#2296);
#2099=AXIS2_PLACEMENT_3D('',#4214,#2297,#2298);
#2100=AXIS2_PLACEMENT_3D('',#4223,#2299,#2300);
#2101=AXIS2_PLACEMENT_3D('',#4245,#2301,#2302);
#2102=AXIS2_PLACEMENT_3D('',#4267,#2303,#2304);
#2103=AXIS2_PLACEMENT_3D('',#4282,#2305,#2306);
#2104=AXIS2_PLACEMENT_3D('',#4309,#2307,#2308);
#2105=AXIS2_PLACEMENT_3D('',#4310,#2309,#2310);
#2106=AXIS2_PLACEMENT_3D('',#4334,#2311,#2312);
#2107=AXIS2_PLACEMENT_3D('',#4336,#2313,#2314);
#2108=AXIS2_PLACEMENT_3D('',#4338,#2315,#2316);
#2109=AXIS2_PLACEMENT_3D('',#4340,#2317,#2318);
#2110=AXIS2_PLACEMENT_3D('',#4342,#2319,#2320);
#2111=AXIS2_PLACEMENT_3D('',#4347,#2321,#2322);
#2112=AXIS2_PLACEMENT_3D('',#4376,#2324,#2325);
#2113=AXIS2_PLACEMENT_3D('',#4378,#2326,#2327);
#2114=AXIS2_PLACEMENT_3D('',#4380,#2329,#2330);
#2115=AXIS2_PLACEMENT_3D('',#4381,#2331,#2332);
#2116=AXIS2_PLACEMENT_3D('',#4382,#2333,#2334);
#2117=AXIS2_PLACEMENT_3D('',#4417,#2335,#2336);
#2118=AXIS2_PLACEMENT_3D('',#4418,#2337,#2338);
#2119=AXIS2_PLACEMENT_3D('',#4425,#2339,#2340);
#2120=AXIS2_PLACEMENT_3D('',#4426,#2341,#2342);
#2121=AXIS2_PLACEMENT_3D('',#4435,#2347,#2348);
#2122=AXIS2_PLACEMENT_3D('',#4455,#2349,#2350);
#2123=AXIS2_PLACEMENT_3D('',#4476,#2351,#2352);
#2124=AXIS2_PLACEMENT_3D('',#4479,#2353,#2354);
#2125=AXIS2_PLACEMENT_3D('',#4483,#2356,#2357);
#2126=AXIS2_PLACEMENT_3D('',#4485,#2359,#2360);
#2127=AXIS2_PLACEMENT_3D('',#4498,#2362,#2363);
#2128=AXIS2_PLACEMENT_3D('',#4511,#2364,#2365);
#2129=AXIS2_PLACEMENT_3D('',#4512,#2366,#2367);
#2130=AXIS2_PLACEMENT_3D('',#4616,#2368,#2369);
#2131=AXIS2_PLACEMENT_3D('',#4621,#2371,#2372);
#2132=AXIS2_PLACEMENT_3D('',#4623,#2374,#2375);
#2133=AXIS2_PLACEMENT_3D('',#4625,#2376,#2377);
#2134=AXIS2_PLACEMENT_3D('',#4631,#2378,#2379);
#2135=AXIS2_PLACEMENT_3D('',#4635,#2380,#2381);
#2136=AXIS2_PLACEMENT_3D('',#4709,#2384,#2385);
#2137=AXIS2_PLACEMENT_3D('',#4745,#2388,#2389);
#2138=AXIS2_PLACEMENT_3D('',#4750,#2391,#2392);
#2139=AXIS2_PLACEMENT_3D('',#4771,#2393,#2394);
#2140=AXIS2_PLACEMENT_3D('',#4822,#2395,#2396);
#2141=AXIS2_PLACEMENT_3D('',#4828,#2400,#2401);
#2142=AXIS2_PLACEMENT_3D('',#4832,#2404,#2405);
#2143=AXIS2_PLACEMENT_3D('',#4834,#2407,#2408);
#2144=AXIS2_PLACEMENT_3D('',#4836,#2410,#2411);
#2145=AXIS2_PLACEMENT_3D('',#4842,#2415,#2416);
#2146=AXIS2_PLACEMENT_3D('',#4847,#2420,#2421);
#2147=AXIS2_PLACEMENT_3D('',#4848,#2422,#2423);
#2148=AXIS2_PLACEMENT_3D('',#4874,#2425,#2426);
#2149=AXIS2_PLACEMENT_3D('',#4906,#2427,#2428);
#2150=AXIS2_PLACEMENT_3D('',#4930,#2430,#2431);
#2151=AXIS2_PLACEMENT_3D('',#4958,#2432,#2433);
#2152=AXIS2_PLACEMENT_3D('',#4960,#2434,#2435);
#2153=AXIS2_PLACEMENT_3D('',#5015,#2436,#2437);
#2154=AXIS2_PLACEMENT_3D('',#5073,#2438,#2439);
#2155=AXIS2_PLACEMENT_3D('',#5244,#2440,#2441);
#2156=AXIS2_PLACEMENT_3D('',#5355,#2442,#2443);
#2157=AXIS2_PLACEMENT_3D('',#5442,#2445,#2446);
#2158=AXIS2_PLACEMENT_3D('',#5457,#2447,#2448);
#2159=AXIS2_PLACEMENT_3D('',#5472,#2449,#2450);
#2160=AXIS2_PLACEMENT_3D('',#5555,#2451,#2452);
#2161=AXIS2_PLACEMENT_3D('',#5597,#2453,#2454);
#2162=AXIS2_PLACEMENT_3D('',#5598,#2455,#2456);
#2163=AXIS2_PLACEMENT_3D('',#5725,#2457,#2458);
#2164=AXIS2_PLACEMENT_3D('',#5828,#2459,#2460);
#2165=AXIS2_PLACEMENT_3D('',#5829,#2461,#2462);
#2166=AXIS2_PLACEMENT_3D('',#5838,#2463,#2464);
#2167=AXIS2_PLACEMENT_3D('',#5839,#2465,#2466);
#2168=AXIS2_PLACEMENT_3D('',#5840,#2467,#2468);
#2169=AXIS2_PLACEMENT_3D('',#5842,#2469,#2470);
#2170=AXIS2_PLACEMENT_3D('',#5849,#2475,#2476);
#2171=AXIS2_PLACEMENT_3D('',#5871,#2478,#2479);
#2172=AXIS2_PLACEMENT_3D('',#5873,#2480,#2481);
#2173=AXIS2_PLACEMENT_3D('',#6087,#2483,#2484);
#2174=AXIS2_PLACEMENT_3D('',#6089,#2485,#2486);
#2175=AXIS2_PLACEMENT_3D('',#6091,#2488,#2489);
#2176=AXIS2_PLACEMENT_3D('',#6121,#2492,#2493);
#2177=AXIS2_PLACEMENT_3D('',#6122,#2494,#2495);
#2178=AXIS2_PLACEMENT_3D('',#6180,#2497,#2498);
#2179=AXIS2_PLACEMENT_3D('',#6181,#2499,#2500);
#2180=AXIS2_PLACEMENT_3D('',#6630,#2501,#2502);
#2181=AXIS2_PLACEMENT_3D('',#6632,#2503,#2504);
#2182=AXIS2_PLACEMENT_3D('',#6636,#2507,#2508);
#2183=AXIS2_PLACEMENT_3D('',#6637,#2509,#2510);
#2184=AXIS2_PLACEMENT_3D('',#6638,#2511,#2512);
#2185=AXIS2_PLACEMENT_3D('',#6640,#2513,#2514);
#2186=AXIS2_PLACEMENT_3D('',#6644,#2516,#2517);
#2187=AXIS2_PLACEMENT_3D('',#6645,#2518,#2519);
#2188=AXIS2_PLACEMENT_3D('',#6673,#2520,#2521);
#2189=AXIS2_PLACEMENT_3D('',#6674,#2522,#2523);
#2190=DIRECTION('axis',(0.,0.,1.));
#2191=DIRECTION('refdir',(1.,0.,0.));
#2192=DIRECTION('center_axis',(0.,1.,-2.22044604925031E-16));
#2193=DIRECTION('ref_axis',(1.,0.,0.));
#2194=DIRECTION('center_axis',(1.,2.01448231344913E-17,-2.87697890056963E-17));
#2195=DIRECTION('ref_axis',(-2.87697890056963E-17,0.,-1.));
#2196=DIRECTION('center_axis',(0.,-0.819152044288992,-0.573576436351046));
#2197=DIRECTION('ref_axis',(1.,0.,0.));
#2198=DIRECTION('center_axis',(1.,0.,-2.22044604925031E-16));
#2199=DIRECTION('ref_axis',(-2.22044604925031E-16,0.,-1.));
#2200=DIRECTION('center_axis',(6.12323399573677E-17,0.,1.));
#2201=DIRECTION('ref_axis',(1.,0.,0.));
#2202=DIRECTION('center_axis',(0.,-0.819152044288992,-0.573576436351046));
#2203=DIRECTION('ref_axis',(1.,0.,0.));
#2204=DIRECTION('center_axis',(-1.,0.,0.));
#2205=DIRECTION('ref_axis',(0.,0.,-1.));
#2206=DIRECTION('',(0.,0.,1.));
#2207=DIRECTION('',(0.,-1.,2.22044604925031E-16));
#2208=DIRECTION('',(0.,0.,1.));
#2209=DIRECTION('',(0.,-1.,0.));
#2210=DIRECTION('center_axis',(0.,-1.,0.));
#2211=DIRECTION('ref_axis',(0.,0.,-1.));
#2212=DIRECTION('center_axis',(0.,-1.,0.));
#2213=DIRECTION('ref_axis',(0.,0.,-1.));
#2214=DIRECTION('',(0.,-1.,0.));
#2215=DIRECTION('center_axis',(0.,1.,0.));
#2216=DIRECTION('ref_axis',(0.,0.,-1.));
#2217=DIRECTION('center_axis',(0.,1.,0.));
#2218=DIRECTION('ref_axis',(0.,0.,1.));
#2219=DIRECTION('center_axis',(0.,1.,-1.11022302462516E-16));
#2220=DIRECTION('ref_axis',(0.,1.11022302462516E-16,1.));
#2221=DIRECTION('center_axis',(0.,1.,0.));
#2222=DIRECTION('ref_axis',(0.,2.22044604925031E-16,1.));
#2223=DIRECTION('',(0.,0.,-1.));
#2224=DIRECTION('',(1.,0.,0.));
#2225=DIRECTION('',(0.,0.,1.));
#2226=DIRECTION('center_axis',(0.,-1.,0.));
#2227=DIRECTION('ref_axis',(0.,0.,-1.));
#2228=DIRECTION('center_axis',(0.,-1.,1.11022302462516E-16));
#2229=DIRECTION('ref_axis',(0.,1.11022302462516E-16,1.));
#2230=DIRECTION('',(0.,0.,1.));
#2231=DIRECTION('center_axis',(0.,-1.,0.));
#2232=DIRECTION('ref_axis',(0.,2.22044604925031E-16,1.));
#2233=DIRECTION('center_axis',(0.,1.,-2.22044604925031E-16));
#2234=DIRECTION('ref_axis',(1.,0.,0.));
#2235=DIRECTION('center_axis',(0.,1.,-2.22044604925031E-16));
#2236=DIRECTION('ref_axis',(1.,0.,0.));
#2237=DIRECTION('center_axis',(0.,1.,-2.22044604925031E-16));
#2238=DIRECTION('ref_axis',(1.,0.,0.));
#2239=DIRECTION('center_axis',(0.,1.,-1.11022302462516E-16));
#2240=DIRECTION('ref_axis',(0.,1.11022302462516E-16,1.));
#2241=DIRECTION('center_axis',(0.,1.,0.));
#2242=DIRECTION('ref_axis',(1.,0.,0.));
#2243=DIRECTION('',(0.,0.,-1.));
#2244=DIRECTION('',(1.,0.,0.));
#2245=DIRECTION('',(0.,0.,-1.));
#2246=DIRECTION('center_axis',(0.,1.,0.));
#2247=DIRECTION('ref_axis',(0.,0.,-1.));
#2248=DIRECTION('center_axis',(1.,0.,0.));
#2249=DIRECTION('ref_axis',(0.,-1.,0.));
#2250=DIRECTION('center_axis',(1.,0.,0.));
#2251=DIRECTION('ref_axis',(0.,0.,1.));
#2252=DIRECTION('',(0.,-1.,0.));
#2253=DIRECTION('center_axis',(6.12323399573677E-17,0.,1.));
#2254=DIRECTION('ref_axis',(1.,0.,0.));
#2255=DIRECTION('center_axis',(6.12323399573677E-17,0.,1.));
#2256=DIRECTION('ref_axis',(1.,0.,0.));
#2257=DIRECTION('center_axis',(-1.,0.,0.));
#2258=DIRECTION('ref_axis',(0.,0.,-1.));
#2259=DIRECTION('center_axis',(0.452840558053611,0.190780217929743,0.870941064268056));
#2260=DIRECTION('ref_axis',(-0.88723714699699,1.11022302462516E-16,0.461313608067919));
#2261=DIRECTION('center_axis',(1.22464679914735E-16,-1.,0.));
#2262=DIRECTION('ref_axis',(-1.,-1.22464679914735E-16,0.));
#2263=DIRECTION('center_axis',(0.452840558053611,0.190780217929743,0.870941064268056));
#2264=DIRECTION('ref_axis',(-0.88723714699699,1.11022302462516E-16,0.461313608067919));
#2265=DIRECTION('center_axis',(0.,0.,1.));
#2266=DIRECTION('ref_axis',(1.,0.,0.));
#2267=DIRECTION('center_axis',(0.,1.,-2.22044604925031E-16));
#2268=DIRECTION('ref_axis',(1.,0.,0.));
#2269=DIRECTION('center_axis',(0.,-1.,2.22044604925031E-16));
#2270=DIRECTION('ref_axis',(0.182566195307654,-2.18312826487715E-16,-0.983193564020273));
#2271=DIRECTION('',(0.,1.,-2.22044604925031E-16));
#2272=DIRECTION('center_axis',(1.,0.,0.));
#2273=DIRECTION('ref_axis',(0.,0.,1.));
#2274=DIRECTION('center_axis',(1.,3.06161699786838E-17,0.));
#2275=DIRECTION('ref_axis',(0.,0.,-1.));
#2276=DIRECTION('center_axis',(-1.,0.,1.11022302462516E-16));
#2277=DIRECTION('ref_axis',(-1.11022302462516E-16,0.,-1.));
#2278=DIRECTION('',(0.,-1.,0.));
#2279=DIRECTION('center_axis',(0.,-1.,0.));
#2280=DIRECTION('ref_axis',(0.,0.,1.));
#2281=DIRECTION('center_axis',(0.,0.,-1.));
#2282=DIRECTION('ref_axis',(-1.,0.,0.));
#2283=DIRECTION('center_axis',(1.,6.12323399573677E-17,0.));
#2284=DIRECTION('ref_axis',(0.,0.,-1.));
#2285=DIRECTION('center_axis',(0.,0.,-1.));
#2286=DIRECTION('ref_axis',(-6.12323399573676E-17,1.,0.));
#2287=DIRECTION('center_axis',(1.,0.,-2.22044604925031E-16));
#2288=DIRECTION('ref_axis',(-2.22044604925031E-16,0.,-1.));
#2289=DIRECTION('center_axis',(1.,0.,-2.22044604925031E-16));
#2290=DIRECTION('ref_axis',(-2.22044604925031E-16,0.,-1.));
#2291=DIRECTION('center_axis',(0.452840558053611,0.190780217929743,0.870941064268056));
#2292=DIRECTION('ref_axis',(-0.88723714699699,0.,0.461313608067919));
#2293=DIRECTION('center_axis',(0.452840558053611,0.190780217929743,0.870941064268056));
#2294=DIRECTION('ref_axis',(-0.88723714699699,0.,0.461313608067919));
#2295=DIRECTION('center_axis',(0.,0.,1.));
#2296=DIRECTION('ref_axis',(1.,0.,0.));
#2297=DIRECTION('center_axis',(0.452840558053611,0.190780217929743,0.870941064268056));
#2298=DIRECTION('ref_axis',(-0.88723714699699,0.,0.461313608067919));
#2299=DIRECTION('center_axis',(0.,1.,-2.22044604925031E-16));
#2300=DIRECTION('ref_axis',(1.,0.,0.));
#2301=DIRECTION('center_axis',(0.,1.,-2.22044604925031E-16));
#2302=DIRECTION('ref_axis',(1.,0.,0.));
#2303=DIRECTION('center_axis',(0.452840558053611,0.190780217929743,0.870941064268056));
#2304=DIRECTION('ref_axis',(0.875193979742133,-0.281597974153079,-0.393367612769542));
#2305=DIRECTION('center_axis',(0.452840558053611,0.190780217929743,0.870941064268056));
#2306=DIRECTION('ref_axis',(-0.88723714699699,0.,0.461313608067919));
#2307=DIRECTION('center_axis',(6.12323399573677E-17,0.,1.));
#2308=DIRECTION('ref_axis',(1.,0.,0.));
#2309=DIRECTION('center_axis',(0.,-0.819152044288992,-0.573576436351046));
#2310=DIRECTION('ref_axis',(1.,0.,0.));
#2311=DIRECTION('center_axis',(0.,-0.819152044288992,-0.573576436351046));
#2312=DIRECTION('ref_axis',(1.,0.,0.));
#2313=DIRECTION('center_axis',(0.,0.,1.));
#2314=DIRECTION('ref_axis',(1.,0.,0.));
#2315=DIRECTION('center_axis',(0.,0.,1.));
#2316=DIRECTION('ref_axis',(1.,0.,0.));
#2317=DIRECTION('center_axis',(-0.00756743627848775,-0.996223440096615,
0.0864961924609286));
#2318=DIRECTION('ref_axis',(0.,-0.0864986692167549,-0.996251966233307));
#2319=DIRECTION('center_axis',(-0.0871557427476582,0.,0.996194698091746));
#2320=DIRECTION('ref_axis',(0.,-1.,0.));
#2321=DIRECTION('center_axis',(1.,2.01448231344913E-17,-2.87697890056963E-17));
#2322=DIRECTION('ref_axis',(-2.87697890056963E-17,0.,-1.));
#2323=DIRECTION('',(0.996194698091746,0.,0.0871557427476582));
#2324=DIRECTION('center_axis',(0.00756743627848775,0.996223440096615,-0.0864961924609286));
#2325=DIRECTION('ref_axis',(-0.0868265938642476,0.0868265938642475,0.992432509138967));
#2326=DIRECTION('center_axis',(0.00756743627848775,0.996223440096615,-0.0864961924609286));
#2327=DIRECTION('ref_axis',(0.00065701680466484,0.0864936971065314,0.996252181272273));
#2328=DIRECTION('',(0.996194698091746,0.,0.0871557427476582));
#2329=DIRECTION('center_axis',(0.0871557427476582,0.,-0.996194698091746));
#2330=DIRECTION('ref_axis',(0.,1.,0.));
#2331=DIRECTION('center_axis',(0.0871557427476582,0.,-0.996194698091746));
#2332=DIRECTION('ref_axis',(0.996194698091746,0.,0.0871557427476582));
#2333=DIRECTION('center_axis',(0.,0.,1.));
#2334=DIRECTION('ref_axis',(-1.04899068466779E-15,1.,0.));
#2335=DIRECTION('center_axis',(1.,2.01448231344913E-17,-2.87697890056963E-17));
#2336=DIRECTION('ref_axis',(-2.87697890056963E-17,0.,-1.));
#2337=DIRECTION('center_axis',(1.,2.01448231344913E-17,-2.87697890056963E-17));
#2338=DIRECTION('ref_axis',(-2.87697890056963E-17,0.,-1.));
#2339=DIRECTION('center_axis',(-0.452840558053611,-0.190780217929743,-0.870941064268056));
#2340=DIRECTION('ref_axis',(-0.88723714699699,0.,0.461313608067919));
#2341=DIRECTION('center_axis',(-1.,0.,0.));
#2342=DIRECTION('ref_axis',(0.,0.,-1.));
#2343=DIRECTION('',(0.,1.,-2.22044604925031E-16));
#2344=DIRECTION('',(0.,0.,1.));
#2345=DIRECTION('',(0.,-1.,0.));
#2346=DIRECTION('',(0.,0.,1.));
#2347=DIRECTION('center_axis',(0.,1.,-2.22044604925031E-16));
#2348=DIRECTION('ref_axis',(1.,0.,0.));
#2349=DIRECTION('center_axis',(0.,1.,-2.22044604925031E-16));
#2350=DIRECTION('ref_axis',(1.,0.,0.));
#2351=DIRECTION('center_axis',(0.,1.,0.));
#2352=DIRECTION('ref_axis',(0.998450797485762,0.,-0.0556417559036979));
#2353=DIRECTION('center_axis',(0.,-1.,0.));
#2354=DIRECTION('ref_axis',(-1.,0.,0.));
#2355=DIRECTION('',(0.,1.,0.));
#2356=DIRECTION('center_axis',(0.,-1.,0.));
#2357=DIRECTION('ref_axis',(-1.,0.,0.));
#2358=DIRECTION('',(0.,1.,0.));
#2359=DIRECTION('center_axis',(0.,1.,0.));
#2360=DIRECTION('ref_axis',(0.,0.,1.));
#2361=DIRECTION('',(0.,1.,0.));
#2362=DIRECTION('center_axis',(0.,1.,0.));
#2363=DIRECTION('ref_axis',(0.,0.,-1.));
#2364=DIRECTION('center_axis',(0.,1.,0.));
#2365=DIRECTION('ref_axis',(0.,0.,-1.));
#2366=DIRECTION('center_axis',(0.,-1.,0.));
#2367=DIRECTION('ref_axis',(0.,0.,-1.));
#2368=DIRECTION('center_axis',(0.,0.,-1.));
#2369=DIRECTION('ref_axis',(-1.,0.,0.));
#2370=DIRECTION('',(-1.,0.,0.));
#2371=DIRECTION('center_axis',(0.,0.,-1.));
#2372=DIRECTION('ref_axis',(1.,0.,0.));
#2373=DIRECTION('',(0.,-1.,0.));
#2374=DIRECTION('center_axis',(0.,0.,-1.));
#2375=DIRECTION('ref_axis',(1.,0.,0.));
#2376=DIRECTION('center_axis',(-0.0871557427476582,0.,0.996194698091746));
#2377=DIRECTION('ref_axis',(0.996194698091746,-8.73906832569145E-14,0.0871557427476583));
#2378=DIRECTION('center_axis',(0.,0.,1.));
#2379=DIRECTION('ref_axis',(1.,0.,0.));
#2380=DIRECTION('center_axis',(0.,0.996194698091746,-0.0871557427476581));
#2381=DIRECTION('ref_axis',(1.,0.,0.));
#2382=DIRECTION('',(0.0868265938642476,-0.0868265938642475,-0.992432509138967));
#2383=DIRECTION('',(-1.,0.,0.));
#2384=DIRECTION('center_axis',(0.,0.173648177666931,-0.984807753012208));
#2385=DIRECTION('ref_axis',(-1.,0.,0.));
#2386=DIRECTION('',(-1.,0.,0.));
#2387=DIRECTION('',(0.171087869746035,0.970287525247814,0.171087869746036));
#2388=DIRECTION('center_axis',(-0.984807753012208,0.17364817766693,0.));
#2389=DIRECTION('ref_axis',(0.,0.,1.));
#2390=DIRECTION('',(0.,0.,1.));
#2391=DIRECTION('center_axis',(0.,1.,0.));
#2392=DIRECTION('ref_axis',(0.998450797485762,0.,-0.0556417559036981));
#2393=DIRECTION('center_axis',(0.,-1.,0.));
#2394=DIRECTION('ref_axis',(0.,0.,-1.));
#2395=DIRECTION('center_axis',(-0.342020143325669,-0.939692620785908,0.));
#2396=DIRECTION('ref_axis',(0.,0.,1.));
#2397=DIRECTION('',(-0.889126490715988,0.323615577118185,-0.323615577118185));
#2398=DIRECTION('',(-0.889126490715987,0.323615577118184,0.323615577118189));
#2399=DIRECTION('',(0.,0.,1.));
#2400=DIRECTION('center_axis',(-0.342020143325669,0.,0.939692620785908));
#2401=DIRECTION('ref_axis',(0.,1.,0.));
#2402=DIRECTION('',(-0.889126490715988,-0.323615577118185,-0.323615577118185));
#2403=DIRECTION('',(0.,1.,0.));
#2404=DIRECTION('center_axis',(-0.342020143325669,0.939692620785908,0.));
#2405=DIRECTION('ref_axis',(0.,0.,-1.));
#2406=DIRECTION('',(-0.889126490715987,-0.323615577118184,0.323615577118189));
#2407=DIRECTION('center_axis',(-0.342020143325673,0.,-0.939692620785907));
#2408=DIRECTION('ref_axis',(0.,-1.,0.));
#2409=DIRECTION('',(0.,1.,0.));
#2410=DIRECTION('center_axis',(-0.0871557427476582,0.,0.996194698091746));
#2411=DIRECTION('ref_axis',(0.,-1.,0.));
#2412=DIRECTION('',(0.996194698091746,0.,0.0871557427476582));
#2413=DIRECTION('',(0.,-1.,0.));
#2414=DIRECTION('',(0.996194698091746,0.,0.0871557427476582));
#2415=DIRECTION('center_axis',(0.00756743627848775,0.996223440096615,-0.0864961924609286));
#2416=DIRECTION('ref_axis',(-0.0868265938642476,0.0868265938642475,0.992432509138967));
#2417=DIRECTION('',(-0.999971150702404,0.0075959043510687,0.));
#2418=DIRECTION('',(-0.0868265938642476,0.0868265938642475,0.992432509138967));
#2419=DIRECTION('',(0.996194698091746,0.,0.0871557427476582));
#2420=DIRECTION('center_axis',(0.0871557427476582,0.,-0.996194698091746));
#2421=DIRECTION('ref_axis',(0.,1.,0.));
#2422=DIRECTION('center_axis',(-0.996194698091746,0.,-0.0871557427476582));
#2423=DIRECTION('ref_axis',(0.,1.,0.));
#2424=DIRECTION('',(0.,1.,0.));
#2425=DIRECTION('center_axis',(-6.12323399573677E-17,-1.,0.));
#2426=DIRECTION('ref_axis',(0.,0.,1.));
#2427=DIRECTION('center_axis',(-6.12323399573677E-17,-1.,0.));
#2428=DIRECTION('ref_axis',(0.,0.,1.));
#2429=DIRECTION('',(0.,-1.,2.22044604925031E-16));
#2430=DIRECTION('center_axis',(0.,0.,1.));
#2431=DIRECTION('ref_axis',(1.,0.,0.));
#2432=DIRECTION('center_axis',(0.,0.,1.));
#2433=DIRECTION('ref_axis',(1.,0.,0.));
#2434=DIRECTION('center_axis',(0.,0.,-1.));
#2435=DIRECTION('ref_axis',(1.,0.,0.));
#2436=DIRECTION('center_axis',(0.,1.,-2.22044604925031E-16));
#2437=DIRECTION('ref_axis',(1.,0.,0.));
#2438=DIRECTION('center_axis',(6.12323399573677E-17,0.,1.));
#2439=DIRECTION('ref_axis',(1.,0.,0.));
#2440=DIRECTION('center_axis',(1.,2.01448231344913E-17,-2.87697890056963E-17));
#2441=DIRECTION('ref_axis',(3.55774664784072E-17,-0.573576436351046,0.819152044288992));
#2442=DIRECTION('center_axis',(1.,2.01448231344913E-17,-2.87697890056963E-17));
#2443=DIRECTION('ref_axis',(3.55774664784072E-17,-0.573576436351046,0.819152044288992));
#2444=DIRECTION('',(1.,0.,0.));
#2445=DIRECTION('center_axis',(0.,0.,-1.));
#2446=DIRECTION('ref_axis',(-1.,0.,0.));
#2447=DIRECTION('center_axis',(0.,1.,-2.22044604925031E-16));
#2448=DIRECTION('ref_axis',(1.,0.,0.));
#2449=DIRECTION('center_axis',(0.,1.,-2.22044604925031E-16));
#2450=DIRECTION('ref_axis',(1.,0.,0.));
#2451=DIRECTION('center_axis',(0.,0.,1.));
#2452=DIRECTION('ref_axis',(1.,0.,0.));
#2453=DIRECTION('center_axis',(0.,0.,1.));
#2454=DIRECTION('ref_axis',(1.,0.,0.));
#2455=DIRECTION('center_axis',(0.,0.,1.));
#2456=DIRECTION('ref_axis',(1.,0.,0.));
#2457=DIRECTION('center_axis',(0.,0.,1.));
#2458=DIRECTION('ref_axis',(1.,0.,0.));
#2459=DIRECTION('center_axis',(0.,0.,-1.));
#2460=DIRECTION('ref_axis',(-1.,-2.49931323305938E-16,0.));
#2461=DIRECTION('center_axis',(6.12323399573677E-17,0.,1.));
#2462=DIRECTION('ref_axis',(1.,0.,0.));
#2463=DIRECTION('center_axis',(1.,0.,-2.22044604925031E-16));
#2464=DIRECTION('ref_axis',(-2.22044604925031E-16,0.,-1.));
#2465=DIRECTION('center_axis',(1.,0.,-2.22044604925031E-16));
#2466=DIRECTION('ref_axis',(-2.22044604925031E-16,0.,-1.));
#2467=DIRECTION('center_axis',(0.,0.,1.));
#2468=DIRECTION('ref_axis',(1.,0.,0.));
#2469=DIRECTION('center_axis',(0.,0.,-1.));
#2470=DIRECTION('ref_axis',(-1.,0.,0.));
#2471=DIRECTION('',(0.,-1.,0.));
#2472=DIRECTION('',(-1.,0.,0.));
#2473=DIRECTION('',(-1.,0.,0.));
#2474=DIRECTION('',(0.,-1.,0.));
#2475=DIRECTION('center_axis',(0.,0.,1.));
#2476=DIRECTION('ref_axis',(-0.901304940869713,-0.433185183915428,0.));
#2477=DIRECTION('',(0.,0.,1.));
#2478=DIRECTION('center_axis',(0.,1.,0.));
#2479=DIRECTION('ref_axis',(0.,0.,1.));
#2480=DIRECTION('center_axis',(0.,1.,0.));
#2481=DIRECTION('ref_axis',(0.,2.22044604925031E-16,1.));
#2482=DIRECTION('',(0.,0.,-1.));
#2483=DIRECTION('center_axis',(0.,-1.,0.));
#2484=DIRECTION('ref_axis',(0.,0.,-1.));
#2485=DIRECTION('center_axis',(0.,-1.,0.));
#2486=DIRECTION('ref_axis',(0.,2.22044604925031E-16,1.));
#2487=DIRECTION('',(0.,0.,1.));
#2488=DIRECTION('center_axis',(0.,-1.,2.22044604925031E-16));
#2489=DIRECTION('ref_axis',(0.,2.22044604925031E-16,1.));
#2490=DIRECTION('',(0.,-1.,2.22044604925031E-16));
#2491=DIRECTION('',(0.,-1.,2.22044604925031E-16));
#2492=DIRECTION('center_axis',(0.,-1.,2.22044604925031E-16));
#2493=DIRECTION('ref_axis',(0.,2.22044604925031E-16,1.));
#2494=DIRECTION('center_axis',(1.,0.,0.));
#2495=DIRECTION('ref_axis',(0.,0.,1.));
#2496=DIRECTION('',(0.,-1.,0.));
#2497=DIRECTION('center_axis',(0.,0.,-1.));
#2498=DIRECTION('ref_axis',(-1.,0.,0.));
#2499=DIRECTION('center_axis',(0.,0.,1.));
#2500=DIRECTION('ref_axis',(1.,0.,0.));
#2501=DIRECTION('center_axis',(0.,1.,-2.22044604925031E-16));
#2502=DIRECTION('ref_axis',(1.,0.,0.));
#2503=DIRECTION('center_axis',(0.,1.,-2.22044604925031E-16));
#2504=DIRECTION('ref_axis',(1.,0.,0.));
#2505=DIRECTION('',(0.,-1.,2.22044604925031E-16));
#2506=DIRECTION('',(0.,-1.,2.22044604925031E-16));
#2507=DIRECTION('center_axis',(0.,-1.,2.22044604925031E-16));
#2508=DIRECTION('ref_axis',(-1.,0.,4.44089209850063E-16));
#2509=DIRECTION('center_axis',(0.,-1.,2.22044604925031E-16));
#2510=DIRECTION('ref_axis',(-1.,0.,4.44089209850063E-16));
#2511=DIRECTION('center_axis',(0.,-1.,2.22044604925031E-16));
#2512=DIRECTION('ref_axis',(0.,2.22044604925031E-16,1.));
#2513=DIRECTION('center_axis',(0.,-1.,2.22044604925031E-16));
#2514=DIRECTION('ref_axis',(0.,2.22044604925031E-16,1.));
#2515=DIRECTION('',(0.,-1.,2.22044604925031E-16));
#2516=DIRECTION('center_axis',(0.,1.,-2.22044604925031E-16));
#2517=DIRECTION('ref_axis',(0.,2.22044604925031E-16,1.));
#2518=DIRECTION('center_axis',(0.,1.,-2.22044604925031E-16));
#2519=DIRECTION('ref_axis',(0.,2.22044604925031E-16,1.));
#2520=DIRECTION('center_axis',(-1.,-3.28692043842088E-32,-1.48029736616688E-16));
#2521=DIRECTION('ref_axis',(-1.48029736616688E-16,1.48029736616688E-16,
1.));
#2522=DIRECTION('center_axis',(0.,1.,-2.22044604925031E-16));
#2523=DIRECTION('ref_axis',(1.,0.,0.));
#2524=CARTESIAN_POINT('',(0.,0.,0.));
#2525=CARTESIAN_POINT('Ctrl Pts',(-34.1032652758035,28.411085868216,45.4963595050943));
#2526=CARTESIAN_POINT('Ctrl Pts',(-34.9338914169151,28.5159420418837,46.1551469910666));
#2527=CARTESIAN_POINT('Ctrl Pts',(-35.7291033959289,28.6207982155513,46.8585823157359));
#2528=CARTESIAN_POINT('Ctrl Pts',(-36.4843224667518,28.7256543892189,47.6026151732342));
#2529=CARTESIAN_POINT('Ctrl Pts',(-34.5286201588127,27.4023596871452,44.960054713944));
#2530=CARTESIAN_POINT('Ctrl Pts',(-35.3785074623551,27.5072158608128,45.6341186427667));
#2531=CARTESIAN_POINT('Ctrl Pts',(-36.1919855158452,27.6120720344804,46.3537119257776));
#2532=CARTESIAN_POINT('Ctrl Pts',(-36.9647171551679,27.716928208148,47.1149979577341));
#2533=CARTESIAN_POINT('Ctrl Pts',(-34.7608943271233,26.1858357347799,44.6671939656573));
#2534=CARTESIAN_POINT('Ctrl Pts',(-35.6212682607931,26.2906919084475,45.3495750667385));
#2535=CARTESIAN_POINT('Ctrl Pts',(-36.4447807337455,26.3955480821151,46.0780446812164));
#2536=CARTESIAN_POINT('Ctrl Pts',(-37.2270469911941,26.5004042557827,46.848724105691));
#2537=CARTESIAN_POINT('Ctrl Pts',(-34.7608943271233,24.9667876988566,44.6671939656573));
#2538=CARTESIAN_POINT('Ctrl Pts',(-35.6212058217554,25.0716438725243,45.3495255449926));
#2539=CARTESIAN_POINT('Ctrl Pts',(-36.4448375043547,25.1765000461919,46.0781006109462));
#2540=CARTESIAN_POINT('Ctrl Pts',(-37.2270469911941,25.2813562198595,46.848724105691));
#2541=CARTESIAN_POINT('',(-34.7608943271233,24.9667876988567,44.6671939656573));
#2542=CARTESIAN_POINT('',(-37.2270469911941,25.2813562198595,46.848724105691));
#2543=CARTESIAN_POINT('Ctrl Pts',(-34.7611109653717,24.966776001313,44.6669226138542));
#2544=CARTESIAN_POINT('Ctrl Pts',(-35.6212924603424,25.0716144331827,45.3491434731662));
#2545=CARTESIAN_POINT('Ctrl Pts',(-36.4452337311183,25.1764528650523,46.0775711783124));
#2546=CARTESIAN_POINT('Ctrl Pts',(-37.227861365758,25.2812912969219,46.8479055707463));
#2547=CARTESIAN_POINT('',(-34.8221130684848,28.5029900439526,46.0850992875558));
#2548=CARTESIAN_POINT('Ctrl Pts',(-34.8221130684848,28.5029900439526,46.0850992875558));
#2549=CARTESIAN_POINT('Ctrl Pts',(-34.8301321167701,28.1488433558001,45.7931932222504));
#2550=CARTESIAN_POINT('Ctrl Pts',(-34.8332832084486,27.7668881102616,45.5363541559882));
#2551=CARTESIAN_POINT('Ctrl Pts',(-34.8312774143138,27.3591214581921,45.3235273384826));
#2552=CARTESIAN_POINT('Ctrl Pts',(-34.827969246814,26.6865896352694,44.972510876451));
#2553=CARTESIAN_POINT('Ctrl Pts',(-34.8113865506361,25.9589985238639,44.7494156918122));
#2554=CARTESIAN_POINT('Ctrl Pts',(-34.7694515062725,25.1235500887082,44.6758734030357));
#2555=CARTESIAN_POINT('Ctrl Pts',(-34.7652912319112,25.0451528306153,44.6706812455632));
#2556=CARTESIAN_POINT('Ctrl Pts',(-34.7608943271233,24.9667876988567,44.6671939656573));
#2557=CARTESIAN_POINT('Ctrl Pts',(-37.2270469911941,25.2813562198595,46.848724105691));
#2558=CARTESIAN_POINT('Ctrl Pts',(-36.9553325525294,25.6814584172412,46.5810342683528));
#2559=CARTESIAN_POINT('Ctrl Pts',(-36.6720301574132,26.0845448035728,46.377401914772));
#2560=CARTESIAN_POINT('Ctrl Pts',(-35.9367096646095,27.0947957337931,46.0200866608856));
#2561=CARTESIAN_POINT('Ctrl Pts',(-35.4794075036537,27.6895179335556,45.9548043637465));
#2562=CARTESIAN_POINT('Ctrl Pts',(-34.9649829531129,28.3277782045045,46.0475755013381));
#2563=CARTESIAN_POINT('Ctrl Pts',(-34.8934123325769,28.415883707667,46.0643707465945));
#2564=CARTESIAN_POINT('Ctrl Pts',(-34.8221130684848,28.5029900439526,46.0850992875558));
#2565=CARTESIAN_POINT('Ctrl Pts',(-34.726510979805,24.9625613527215,44.6395213034042));
#2566=CARTESIAN_POINT('Ctrl Pts',(-36.6333633590387,25.1947055582724,46.1474221109512));
#2567=CARTESIAN_POINT('Ctrl Pts',(-41.8218474009274,25.891138174925,51.3516486313956));
#2568=CARTESIAN_POINT('Ctrl Pts',(-45.9505460560399,26.8197149971284,60.4524690779853));
#2569=CARTESIAN_POINT('Ctrl Pts',(-46.7980195088828,27.9804360248827,72.6724145233863));
#2570=CARTESIAN_POINT('Ctrl Pts',(-43.9721330322341,28.9090128470862,82.2566486045209));
#2571=CARTESIAN_POINT('Ctrl Pts',(-36.6117956440665,30.0697338748405,92.0488561999406));
#2572=CARTESIAN_POINT('Ctrl Pts',(-30.3070349221153,30.7661664914931,96.1023082709118));
#2573=CARTESIAN_POINT('Ctrl Pts',(-25.7111777668781,31.2304549025948,97.6889715543523));
#2574=CARTESIAN_POINT('Ctrl Pts',(-34.7265265050552,24.0450947383843,44.6395016705741));
#2575=CARTESIAN_POINT('Ctrl Pts',(-36.6333818449633,24.2772389439352,46.1474048193634));
#2576=CARTESIAN_POINT('Ctrl Pts',(-41.8218712236886,24.9736715605878,51.3516356022219));
#2577=CARTESIAN_POINT('Ctrl Pts',(-45.9505748333374,25.9022483827912,60.452460855885));
#2578=CARTESIAN_POINT('Ctrl Pts',(-46.7980478769494,27.0629694105455,72.6724195507663));
#2579=CARTESIAN_POINT('Ctrl Pts',(-43.972161039337,27.991546232749,82.2566595426313));
#2580=CARTESIAN_POINT('Ctrl Pts',(-36.6118139198464,29.1522672605033,92.0488774577832));
#2581=CARTESIAN_POINT('Ctrl Pts',(-30.3070502259648,29.8486998771559,96.1023294667046));
#2582=CARTESIAN_POINT('Ctrl Pts',(-25.7111859349699,30.3129882882576,97.6889952136779));
#2583=CARTESIAN_POINT('Ctrl Pts',(-34.4668545521168,22.2103632892193,44.9678761092656));
#2584=CARTESIAN_POINT('Ctrl Pts',(-36.3477061577587,22.4425074947702,46.4552160239387));
#2585=CARTESIAN_POINT('Ctrl Pts',(-41.465394275372,23.1389401114227,51.5884123013685));
#2586=CARTESIAN_POINT('Ctrl Pts',(-45.537770250862,24.0675169336262,60.5649722139403));
#2587=CARTESIAN_POINT('Ctrl Pts',(-46.3736571609794,25.2282379613805,72.6181908890798));
#2588=CARTESIAN_POINT('Ctrl Pts',(-43.5863749462544,26.156814783584,82.0715791960849));
#2589=CARTESIAN_POINT('Ctrl Pts',(-36.3264293669846,27.3175358113382,91.7301783232944));
#2590=CARTESIAN_POINT('Ctrl Pts',(-30.1077588257101,28.0139684279909,95.7282460587783));
#2591=CARTESIAN_POINT('Ctrl Pts',(-25.5745682107123,28.4782568390926,97.2932744882319));
#2592=CARTESIAN_POINT('Ctrl Pts',(-33.374710934948,20.001755237086,46.3489726936298));
#2593=CARTESIAN_POINT('Ctrl Pts',(-35.1460509071463,20.2338994426369,47.7497129940361));
#2594=CARTESIAN_POINT('Ctrl Pts',(-39.96584617361,20.9303320592895,52.5841465847431));
#2595=CARTESIAN_POINT('Ctrl Pts',(-43.8011539973093,21.8589088814929,61.0383318361918));
#2596=CARTESIAN_POINT('Ctrl Pts',(-44.5884238072415,23.0196299092472,72.3899304629851));
#2597=CARTESIAN_POINT('Ctrl Pts',(-41.9633083287207,23.9482067314507,81.293170374988));
#2598=CARTESIAN_POINT('Ctrl Pts',(-35.1260182711168,25.108927759205,90.3895496584125));
#2599=CARTESIAN_POINT('Ctrl Pts',(-29.2692212114696,25.8053603758575,94.1550234777137));
#2600=CARTESIAN_POINT('Ctrl Pts',(-24.9999733272384,26.2696487869593,95.6289289184205));
#2601=CARTESIAN_POINT('Ctrl Pts',(-31.7977857711751,18.779749810674,48.3431114893411));
#2602=CARTESIAN_POINT('Ctrl Pts',(-33.4110987972104,19.0118940162248,49.6188872343741));
#2603=CARTESIAN_POINT('Ctrl Pts',(-37.8008467256853,19.7083266328774,54.0219441666257));
#2604=CARTESIAN_POINT('Ctrl Pts',(-41.2939633937814,20.6369034550809,61.7217058737133));
#2605=CARTESIAN_POINT('Ctrl Pts',(-42.01096161096,21.7976244828352,72.0604699856971));
#2606=CARTESIAN_POINT('Ctrl Pts',(-39.6201268461446,22.7262013050386,80.1692322553271));
#2607=CARTESIAN_POINT('Ctrl Pts',(-33.3928495771811,23.8869223327929,88.4539902797112));
#2608=CARTESIAN_POINT('Ctrl Pts',(-28.0587013510962,24.5833549494455,91.8833987728834));
#2609=CARTESIAN_POINT('Ctrl Pts',(-24.1703268260995,25.0476433605472,93.2258123603134));
#2610=CARTESIAN_POINT('Ctrl Pts',(-29.8496993036332,18.7746329636911,50.8066112746009));
#2611=CARTESIAN_POINT('Ctrl Pts',(-31.2677487975117,19.006777169242,51.9279765151657));
#2612=CARTESIAN_POINT('Ctrl Pts',(-35.1261962600656,19.7032097858946,55.798123090359));
#2613=CARTESIAN_POINT('Ctrl Pts',(-38.1965330372148,20.631786608098,62.565970236273));
#2614=CARTESIAN_POINT('Ctrl Pts',(-38.8267525326303,21.7925076358523,71.6534113079778));
#2615=CARTESIAN_POINT('Ctrl Pts',(-36.7252833896783,22.7210844580558,78.7807562995352));
#2616=CARTESIAN_POINT('Ctrl Pts',(-31.2517084786768,23.8818054858101,86.0627923470661));
#2617=CARTESIAN_POINT('Ctrl Pts',(-26.5631604998513,24.5782381024627,89.0771358766503));
#2618=CARTESIAN_POINT('Ctrl Pts',(-23.1454062028245,25.0425265135644,90.2570736057274));
#2619=CARTESIAN_POINT('Ctrl Pts',(-28.3057300495998,20.213808657344,52.759074878826));
#2620=CARTESIAN_POINT('Ctrl Pts',(-29.5690100739169,20.4459528628949,53.7580515115066));
#2621=CARTESIAN_POINT('Ctrl Pts',(-33.0063622805419,21.1423854795475,57.2058362065632));
#2622=CARTESIAN_POINT('Ctrl Pts',(-35.7416083954238,22.0709623017509,63.2351105165639));
#2623=CARTESIAN_POINT('Ctrl Pts',(-36.303060243463,23.2316833295052,71.3307789049125));
#2624=CARTESIAN_POINT('Ctrl Pts',(-34.4309131544731,24.1602601517087,77.6803112739692));
#2625=CARTESIAN_POINT('Ctrl Pts',(-29.5547220828303,25.320981179463,84.1676132299286));
#2626=CARTESIAN_POINT('Ctrl Pts',(-25.3778303949887,26.0174137961156,86.8530230274623));
#2627=CARTESIAN_POINT('Ctrl Pts',(-22.3330983527741,26.4817022072173,87.9041794007172));
#2628=CARTESIAN_POINT('Ctrl Pts',(-27.333578876195,22.5171612215382,53.9884321208301));
#2629=CARTESIAN_POINT('Ctrl Pts',(-28.4994794729319,22.749305427089,54.9104030455253));
#2630=CARTESIAN_POINT('Ctrl Pts',(-31.6717466834063,23.4457380437416,58.0922508331581));
#2631=CARTESIAN_POINT('Ctrl Pts',(-34.1960842287143,24.3743148659451,63.6563560410809));
#2632=CARTESIAN_POINT('Ctrl Pts',(-34.7141818643127,25.5350358936994,71.1277245165329));
#2633=CARTESIAN_POINT('Ctrl Pts',(-32.9865233632422,26.4636127159028,76.9874161566825));
#2634=CARTESIAN_POINT('Ctrl Pts',(-28.4862851930435,27.6243337436571,82.9744349428203));
#2635=CARTESIAN_POINT('Ctrl Pts',(-24.631663594888,28.3207663603097,85.4525649714104));
#2636=CARTESIAN_POINT('Ctrl Pts',(-21.8216334854981,28.7850547714114,86.422693382571));
#2637=CARTESIAN_POINT('Ctrl Pts',(-26.9865059479965,24.9620021280933,54.4273315733608));
#2638=CARTESIAN_POINT('Ctrl Pts',(-28.117532215618,25.1941463336441,55.3217245745583));
#2639=CARTESIAN_POINT('Ctrl Pts',(-31.1950749218397,25.8905789502967,58.4086276063916));
#2640=CARTESIAN_POINT('Ctrl Pts',(-33.6439925463829,26.8191557725002,63.8068624348958));
#2641=CARTESIAN_POINT('Ctrl Pts',(-34.1466970012419,27.9798768002545,71.055093371045));
#2642=CARTESIAN_POINT('Ctrl Pts',(-32.4704730603693,28.9084536224579,76.7400517626978));
#2643=CARTESIAN_POINT('Ctrl Pts',(-28.104743264177,30.0691746502122,82.5482820846573));
#2644=CARTESIAN_POINT('Ctrl Pts',(-24.3650093620996,30.7656072668648,84.9526700726179));
#2645=CARTESIAN_POINT('Ctrl Pts',(-21.6390326575482,31.2298956779665,85.8937800772439));
#2646=CARTESIAN_POINT('Ctrl Pts',(-27.3762078113996,27.7155802889217,53.9345246714062));
#2647=CARTESIAN_POINT('Ctrl Pts',(-28.5463683849244,27.9477244944725,54.8598643007313));
#2648=CARTESIAN_POINT('Ctrl Pts',(-31.7302516552063,28.6441571111251,58.0533733398979));
#2649=CARTESIAN_POINT('Ctrl Pts',(-34.2638261405587,29.5727339333285,63.6378951435277));
#2650=CARTESIAN_POINT('Ctrl Pts',(-34.7838327961589,30.7334549610828,71.1366156220159));
#2651=CARTESIAN_POINT('Ctrl Pts',(-33.0498244370516,31.6620317832863,77.0178006009209));
#2652=CARTESIAN_POINT('Ctrl Pts',(-28.5331275332334,32.8227528110406,83.0267400779373));
#2653=CARTESIAN_POINT('Ctrl Pts',(-24.6643586953757,33.5191854276932,85.513983632391));
#2654=CARTESIAN_POINT('Ctrl Pts',(-21.8440612758285,33.9834738387949,86.4876567063851));
#2655=CARTESIAN_POINT('Ctrl Pts',(-28.4683421762901,29.9218321529709,52.553439787234));
#2656=CARTESIAN_POINT('Ctrl Pts',(-29.7478988366361,30.1539763585218,53.5652876588628));
#2657=CARTESIAN_POINT('Ctrl Pts',(-33.2295824510265,30.8504089751743,57.0575555976504));
#2658=CARTESIAN_POINT('Ctrl Pts',(-36.0000937167505,31.7789857973778,63.164661431436));
#2659=CARTESIAN_POINT('Ctrl Pts',(-36.5688068946014,32.9397068251321,71.3647285822284));
#2660=CARTESIAN_POINT('Ctrl Pts',(-34.6724744369012,33.8682836473356,77.7962132186873));
#2661=CARTESIAN_POINT('Ctrl Pts',(-29.733429553408,35.0290046750899,84.3671777506015));
#2662=CARTESIAN_POINT('Ctrl Pts',(-25.5026129536994,35.7254372917424,87.0872882582848));
#2663=CARTESIAN_POINT('Ctrl Pts',(-22.4186512915252,36.1897257028442,88.151988176413));
#2664=CARTESIAN_POINT('Ctrl Pts',(-30.0459886302675,31.1471694740984,50.5583888665768));
#2665=CARTESIAN_POINT('Ctrl Pts',(-31.4837105668472,31.3793136796492,51.6953106822382));
#2666=CARTESIAN_POINT('Ctrl Pts',(-35.3956900762507,32.0757462963018,55.6191533162392));
#2667=CARTESIAN_POINT('Ctrl Pts',(-38.5086235610987,33.0043231185052,62.480904572851));
#2668=CARTESIAN_POINT('Ctrl Pts',(-39.147588708152,34.1650441462596,71.6944236172717));
#2669=CARTESIAN_POINT('Ctrl Pts',(-37.0169598463524,35.093620968463,78.9206594431762));
#2670=CARTESIAN_POINT('Ctrl Pts',(-31.467447997598,36.2543419962173,86.3037259727976));
#2671=CARTESIAN_POINT('Ctrl Pts',(-26.713845697168,36.9507746128699,89.3598970533131));
#2672=CARTESIAN_POINT('Ctrl Pts',(-23.2486772754121,37.4150630239716,90.5562039270966));
#2673=CARTESIAN_POINT('Ctrl Pts',(-31.797094512048,31.1469210439316,48.3439856377628));
#2674=CARTESIAN_POINT('Ctrl Pts',(-33.4103391687849,31.3790652494825,49.6197073177191));
#2675=CARTESIAN_POINT('Ctrl Pts',(-37.7998992912794,32.075497866135,54.0225751620858));
#2676=CARTESIAN_POINT('Ctrl Pts',(-41.2928669762493,33.0040746883385,61.7220044761906));
#2677=CARTESIAN_POINT('Ctrl Pts',(-42.0098336813469,34.1647957160928,72.0603267105916));
#2678=CARTESIAN_POINT('Ctrl Pts',(-39.6191028664255,35.0933725382963,80.1687394852037));
#2679=CARTESIAN_POINT('Ctrl Pts',(-33.3920906067135,36.2540935660506,88.4531432256468));
#2680=CARTESIAN_POINT('Ctrl Pts',(-28.058172885892,36.9505261827031,91.8824022345018));
#2681=CARTESIAN_POINT('Ctrl Pts',(-24.1699631431998,37.4148145938049,93.2247589328634));
#2682=CARTESIAN_POINT('Ctrl Pts',(-33.3750095631744,29.9227970493783,46.3485950560948));
#2683=CARTESIAN_POINT('Ctrl Pts',(-35.1463908118093,30.1549412549292,47.7493679970834));
#2684=CARTESIAN_POINT('Ctrl Pts',(-39.9662764286698,30.8513738715817,52.5838834035897));
#2685=CARTESIAN_POINT('Ctrl Pts',(-43.8016618647335,31.7799506937852,61.0381903517842));
#2686=CARTESIAN_POINT('Ctrl Pts',(-44.5889360863396,32.9406717215395,72.3900072656571));
#2687=CARTESIAN_POINT('Ctrl Pts',(-41.9637919602599,33.869248543743,81.2933821903696));
#2688=CARTESIAN_POINT('Ctrl Pts',(-35.1263562820806,35.0299695714972,90.3899339911168));
#2689=CARTESIAN_POINT('Ctrl Pts',(-29.2694778083712,35.7264021881498,94.1554442193957));
#2690=CARTESIAN_POINT('Ctrl Pts',(-25.0001304405047,36.1906905992516,95.6293840056068));
#2691=CARTESIAN_POINT('Ctrl Pts',(-34.4667614006155,27.7151629752424,44.967993906246));
#2692=CARTESIAN_POINT('Ctrl Pts',(-36.347595242211,27.9473071807932,46.4553197734657));
#2693=CARTESIAN_POINT('Ctrl Pts',(-41.465251338805,28.6437397974458,51.5884904764105));
#2694=CARTESIAN_POINT('Ctrl Pts',(-45.5375975870772,29.5723166196493,60.565021546542));
#2695=CARTESIAN_POINT('Ctrl Pts',(-46.3734869525802,30.7330376474036,72.6181607247998));
#2696=CARTESIAN_POINT('Ctrl Pts',(-43.5862069036369,31.661614469607,82.0715135674226));
#2697=CARTESIAN_POINT('Ctrl Pts',(-36.3263197123052,32.8223354973613,91.7300507762391));
#2698=CARTESIAN_POINT('Ctrl Pts',(-30.1076670026128,33.5187681140139,95.7281188840215));
#2699=CARTESIAN_POINT('Ctrl Pts',(-25.5745192021615,33.9830565251156,97.2931325322784));
#2700=CARTESIAN_POINT('Ctrl Pts',(-34.7264954545548,25.8800279670587,44.6395409362342));
#2701=CARTESIAN_POINT('Ctrl Pts',(-36.6333448731141,26.1121721726096,46.1474394025391));
#2702=CARTESIAN_POINT('Ctrl Pts',(-41.8218235781663,26.8086047892621,51.3516616605692));
#2703=CARTESIAN_POINT('Ctrl Pts',(-45.9505172787425,27.7371816114656,60.4524773000855));
#2704=CARTESIAN_POINT('Ctrl Pts',(-46.7979911408163,28.8979026392199,72.6724094960063));
#2705=CARTESIAN_POINT('Ctrl Pts',(-43.9721050251312,29.8264794614233,82.2566376664105));
#2706=CARTESIAN_POINT('Ctrl Pts',(-36.6117773682866,30.9872004891776,92.0488349420981));
#2707=CARTESIAN_POINT('Ctrl Pts',(-30.3070196182658,31.6836331058302,96.1022870751191));
#2708=CARTESIAN_POINT('Ctrl Pts',(-25.7111695987863,32.147921516932,97.6889478950267));
#2709=CARTESIAN_POINT('Ctrl Pts',(-34.726510979805,24.9625613527215,44.6395213034042));
#2710=CARTESIAN_POINT('Ctrl Pts',(-36.6333633590387,25.1947055582724,46.1474221109512));
#2711=CARTESIAN_POINT('Ctrl Pts',(-41.8218474009274,25.891138174925,51.3516486313956));
#2712=CARTESIAN_POINT('Ctrl Pts',(-45.9505460560399,26.8197149971284,60.4524690779853));
#2713=CARTESIAN_POINT('Ctrl Pts',(-46.7980195088828,27.9804360248827,72.6724145233863));
#2714=CARTESIAN_POINT('Ctrl Pts',(-43.9721330322341,28.9090128470862,82.2566486045209));
#2715=CARTESIAN_POINT('Ctrl Pts',(-36.6117956440665,30.0697338748405,92.0488561999406));
#2716=CARTESIAN_POINT('Ctrl Pts',(-30.3070349221153,30.7661664914931,96.1023082709118));
#2717=CARTESIAN_POINT('Ctrl Pts',(-25.7111777668781,31.2304549025948,97.6889715543523));
#2718=CARTESIAN_POINT('',(-33.1497929443002,30.4317470374283,93.9214229490842));
#2719=CARTESIAN_POINT('Ctrl Pts',(-33.1497929443002,30.4317470374283,93.9214229490842));
#2720=CARTESIAN_POINT('Ctrl Pts',(-34.0102365606135,29.494451926308,93.3262510266029));
#2721=CARTESIAN_POINT('Ctrl Pts',(-34.8083710057501,28.5429847908361,92.5009266913885));
#2722=CARTESIAN_POINT('Ctrl Pts',(-36.283644238496,26.6470093701598,90.2552677467457));
#2723=CARTESIAN_POINT('Ctrl Pts',(-37.0342809161373,25.5862643725927,88.6482327946434));
#2724=CARTESIAN_POINT('Ctrl Pts',(-38.4350046513305,23.4496693641973,83.4398695231528));
#2725=CARTESIAN_POINT('Ctrl Pts',(-38.7452470738805,22.8906563070439,80.2730290948045));
#2726=CARTESIAN_POINT('Ctrl Pts',(-39.0663169985307,22.3354409564817,75.9066862052418));
#2727=CARTESIAN_POINT('Ctrl Pts',(-39.1466129403034,22.1943492065524,74.4907673332064));
#2728=CARTESIAN_POINT('Ctrl Pts',(-39.2813930845121,21.953946566598,72.3167531911255));
#2729=CARTESIAN_POINT('Ctrl Pts',(-39.3103300038164,21.902099367381,71.8589052401616));
#2730=CARTESIAN_POINT('Ctrl Pts',(-39.359691985545,21.8132098198605,71.1011393429466));
#2731=CARTESIAN_POINT('Ctrl Pts',(-39.3784922203412,21.7792549724517,70.817575017993));
#2732=CARTESIAN_POINT('Ctrl Pts',(-39.4153781404104,21.7124224659016,70.2709075831305));
#2733=CARTESIAN_POINT('Ctrl Pts',(-39.4330921698064,21.6802365551829,70.0124647070689));
#2734=CARTESIAN_POINT('Ctrl Pts',(-39.4747349113756,21.6043444601626,69.413016603211));
#2735=CARTESIAN_POINT('Ctrl Pts',(-39.4983271849102,21.5611855190468,69.0792335436026));
#2736=CARTESIAN_POINT('Ctrl Pts',(-39.5762300089635,21.4180907414273,67.9881755421305));
#2737=CARTESIAN_POINT('Ctrl Pts',(-39.6284736175212,21.3212333090167,67.2727669750448));
#2738=CARTESIAN_POINT('Ctrl Pts',(-39.7458564503189,21.1018420026655,65.6179852370301));
#2739=CARTESIAN_POINT('Ctrl Pts',(-39.813659126402,20.9734797803127,64.621462378507));
#2740=CARTESIAN_POINT('Ctrl Pts',(-40.0038545684195,20.6100953761092,61.2636957043728));
#2741=CARTESIAN_POINT('Ctrl Pts',(-40.0839215014507,20.4540761291121,58.717889352008));
#2742=CARTESIAN_POINT('Ctrl Pts',(-39.7983114071367,21.0046898655661,53.5187498106647));
#2743=CARTESIAN_POINT('Ctrl Pts',(-39.4448725515818,21.668302859711,51.7412132699134));
#2744=CARTESIAN_POINT('Ctrl Pts',(-38.7790600970106,22.8403505158923,49.3219940685589));
#2745=CARTESIAN_POINT('Ctrl Pts',(-38.3391289218908,23.5793479347446,48.3233481234769));
#2746=CARTESIAN_POINT('Ctrl Pts',(-37.6392486054808,24.6660646637727,47.2996885762768));
#2747=CARTESIAN_POINT('Ctrl Pts',(-37.4365823466557,24.9728133372605,47.0551558488687));
#2748=CARTESIAN_POINT('Ctrl Pts',(-37.2270469911941,25.2813562198595,46.848724105691));
#2749=CARTESIAN_POINT('',(-32.5956811860625,30.4955656995277,94.29584819967));
#2750=CARTESIAN_POINT('Ctrl Pts',(-33.1462351457333,30.4316928019811,93.9162881315519));
#2751=CARTESIAN_POINT('Ctrl Pts',(-32.9629288115048,30.4529771116242,94.0430721204791));
#2752=CARTESIAN_POINT('Ctrl Pts',(-32.7782589018099,30.4742614212673,94.1678802050107));
#2753=CARTESIAN_POINT('Ctrl Pts',(-32.5922684502503,30.4955457309104,94.2906829125247));
#2754=CARTESIAN_POINT('Ctrl Pts',(-32.5956811860625,30.4955656995277,94.29584819967));
#2755=CARTESIAN_POINT('Ctrl Pts',(-31.8110649954225,31.430826446751,94.8137011918967));
#2756=CARTESIAN_POINT('Ctrl Pts',(-30.9065343301634,32.3734408020386,95.1496589131616));
#2757=CARTESIAN_POINT('Ctrl Pts',(-28.914639400075,34.1980955720271,95.381465722333));
#2758=CARTESIAN_POINT('Ctrl Pts',(-27.8947121860089,35.0105289991236,95.2523373841062));
#2759=CARTESIAN_POINT('Ctrl Pts',(-26.2619598713422,36.161485650881,94.6641981559278));
#2760=CARTESIAN_POINT('Ctrl Pts',(-25.6130623910402,36.5646061282715,94.2909391837288));
#2761=CARTESIAN_POINT('Ctrl Pts',(-24.6972764583123,37.0544155560748,93.4958218853519));
#2762=CARTESIAN_POINT('Ctrl Pts',(-24.3509716722912,37.2122296101181,93.1025192290483));
#2763=CARTESIAN_POINT('Ctrl Pts',(-23.8633234292434,37.3627791246302,92.2700436184541));
#2764=CARTESIAN_POINT('Ctrl Pts',(-23.7034075509845,37.3798360741407,91.8705072307241));
#2765=CARTESIAN_POINT('Ctrl Pts',(-23.5078338877044,37.2994591523795,90.9800613422831));
#2766=CARTESIAN_POINT('Ctrl Pts',(-23.4914275315926,37.1951151531997,90.5182307506091));
#2767=CARTESIAN_POINT('Ctrl Pts',(-23.5353610998639,37.0462190440743,90.0670028472027));
#2768=CARTESIAN_POINT('Ctrl Pts',(-23.5858687565858,36.8750425641563,89.5482545427672));
#2769=CARTESIAN_POINT('Ctrl Pts',(-23.7158892668185,36.6455916924396,89.0471829085404));
#2770=CARTESIAN_POINT('Ctrl Pts',(-24.0692900020557,36.1007959268892,88.0498380091677));
#2771=CARTESIAN_POINT('Ctrl Pts',(-24.3139999226658,35.7614679677294,87.5356561268358));
#2772=CARTESIAN_POINT('Ctrl Pts',(-25.104431363674,34.6799944201103,86.0768032692041));
#2773=CARTESIAN_POINT('Ctrl Pts',(-25.7977731628721,33.7466300540212,85.0629543480828));
#2774=CARTESIAN_POINT('Ctrl Pts',(-27.6527454991998,31.0822178848856,82.6717953601301));
#2775=CARTESIAN_POINT('Ctrl Pts',(-28.875180102671,29.1234052900184,81.3519816048351));
#2776=CARTESIAN_POINT('Ctrl Pts',(-30.5577269891426,26.7725655731786,80.632135821008));
#2777=CARTESIAN_POINT('Ctrl Pts',(-31.0614169484968,26.1099673385146,80.5287431982214));
#2778=CARTESIAN_POINT('Ctrl Pts',(-31.9779668736821,25.0852225396473,80.6749355290438));
#2779=CARTESIAN_POINT('Ctrl Pts',(-32.3621820933165,24.7033212976719,80.8229899948491));
#2780=CARTESIAN_POINT('Ctrl Pts',(-33.0977904513318,24.0944503239739,81.3118085600041));
#2781=CARTESIAN_POINT('Ctrl Pts',(-33.4301253642353,23.870096493216,81.6177961607872));
#2782=CARTESIAN_POINT('Ctrl Pts',(-34.0790106626874,23.537479733049,82.3955344368056));
#2783=CARTESIAN_POINT('Ctrl Pts',(-34.3783562778875,23.4479826306092,82.8641368352694));
#2784=CARTESIAN_POINT('Ctrl Pts',(-34.9610240374914,23.4033717681775,84.0144525672634));
#2785=CARTESIAN_POINT('Ctrl Pts',(-35.2106712632494,23.4945955278994,84.7108619535448));
#2786=CARTESIAN_POINT('Ctrl Pts',(-35.6030557257424,23.8863865444467,86.2977539167745));
#2787=CARTESIAN_POINT('Ctrl Pts',(-35.7126527669279,24.2519295796192,87.2473710355766));
#2788=CARTESIAN_POINT('Ctrl Pts',(-35.6416786119386,25.3616259802488,89.3624194940761));
#2789=CARTESIAN_POINT('Ctrl Pts',(-35.4011999026552,26.1168314952846,90.4386206371892));
#2790=CARTESIAN_POINT('Ctrl Pts',(-34.5230825999615,27.9020776369202,92.4562234096454));
#2791=CARTESIAN_POINT('Ctrl Pts',(-33.8366096023465,28.9527085038572,93.3546812278182));
#2792=CARTESIAN_POINT('Ctrl Pts',(-32.8545216966889,30.1832434383536,94.1177242290281));
#2793=CARTESIAN_POINT('Ctrl Pts',(-32.7267751999083,30.3393019277517,94.209325096855));
#2794=CARTESIAN_POINT('Ctrl Pts',(-32.5956811860625,30.4955656995277,94.29584819967));
#2795=CARTESIAN_POINT('',(-32.8742885663127,30.7291579978821,56.9061724277901));
#2796=CARTESIAN_POINT('Ctrl Pts',(-32.8742885663127,30.7291579978821,56.9061724277901));
#2797=CARTESIAN_POINT('Ctrl Pts',(-33.4553934548838,30.1074875376795,60.1977888222153));
#2798=CARTESIAN_POINT('Ctrl Pts',(-34.2194676727733,29.2240425544517,63.6577761977711));
#2799=CARTESIAN_POINT('Ctrl Pts',(-34.3207822332901,29.1047189837175,68.0057390633224));
#2800=CARTESIAN_POINT('Ctrl Pts',(-34.3076592553956,29.1202731693558,68.7657759440059));
#2801=CARTESIAN_POINT('Ctrl Pts',(-34.2340374682301,29.2067129217915,69.9038780910004));
#2802=CARTESIAN_POINT('Ctrl Pts',(-34.2011929591848,29.2452133625497,70.2766723351669));
#2803=CARTESIAN_POINT('Ctrl Pts',(-34.1255085115051,29.3334688264547,70.951182325731));
#2804=CARTESIAN_POINT('Ctrl Pts',(-34.0857895078725,29.3796492313228,71.2519897538825));
#2805=CARTESIAN_POINT('Ctrl Pts',(-33.986552703077,29.494423041858,71.9053033013168));
#2806=CARTESIAN_POINT('Ctrl Pts',(-33.9249695116971,29.565308860239,72.2557888948363));
#2807=CARTESIAN_POINT('Ctrl Pts',(-33.7249211584248,29.7937766474275,73.2610311278701));
#2808=CARTESIAN_POINT('Ctrl Pts',(-33.5677355789019,29.9713125602759,73.9042958300092));
#2809=CARTESIAN_POINT('Ctrl Pts',(-33.1459040380722,30.4381117059127,75.3807544962937));
#2810=CARTESIAN_POINT('Ctrl Pts',(-32.8633383145455,30.7442136325953,76.2028707351988));
#2811=CARTESIAN_POINT('Ctrl Pts',(-32.0680375288507,31.5773423041184,78.2303220317649));
#2812=CARTESIAN_POINT('Ctrl Pts',(-31.3461761750416,32.3578419810591,79.9098405868888));
#2813=CARTESIAN_POINT('Ctrl Pts',(-27.8972986256309,35.3939132001932,85.7680364059132));
#2814=CARTESIAN_POINT('Ctrl Pts',(-26.1464413357961,36.6312306164384,88.1733810170519));
#2815=CARTESIAN_POINT('Ctrl Pts',(-25.4442487192924,37.1162390832047,90.7416841213983));
#2816=CARTESIAN_POINT('Ctrl Pts',(-25.3639593225145,37.1708259134066,91.2431084885695));
#2817=CARTESIAN_POINT('Ctrl Pts',(-25.4028166374544,37.1442769131628,92.1151601919957));
#2818=CARTESIAN_POINT('Ctrl Pts',(-25.4747647415537,37.0953150528571,92.4694972294887));
#2819=CARTESIAN_POINT('Ctrl Pts',(-25.7371446258216,36.9137408271646,93.1301641665144));
#2820=CARTESIAN_POINT('Ctrl Pts',(-25.9170887245708,36.7882236244388,93.417730027548));
#2821=CARTESIAN_POINT('Ctrl Pts',(-26.4125724162496,36.4348162494609,93.9982645358215));
#2822=CARTESIAN_POINT('Ctrl Pts',(-26.7475978400527,36.1905523287503,94.2579651688187));
#2823=CARTESIAN_POINT('Ctrl Pts',(-27.5999229652289,35.5477585192868,94.7478497322409));
#2824=CARTESIAN_POINT('Ctrl Pts',(-28.1903721129991,35.0854867897815,94.9460878512433));
#2825=CARTESIAN_POINT('Ctrl Pts',(-29.4881895341899,34.0027500390347,95.1245913479641));
#2826=CARTESIAN_POINT('Ctrl Pts',(-30.1486425014129,33.4185332169531,95.0905140497269));
#2827=CARTESIAN_POINT('Ctrl Pts',(-31.4572755622374,32.1918043402269,94.8163376976554));
#2828=CARTESIAN_POINT('Ctrl Pts',(-32.1063031519151,31.5429284681353,94.5575376254676));
#2829=CARTESIAN_POINT('Ctrl Pts',(-32.7093479730966,30.9046688248698,94.202912116061));
#2830=CARTESIAN_POINT('Ctrl Pts',(-32.8578016816515,30.7475461571417,94.1156126813084));
#2831=CARTESIAN_POINT('Ctrl Pts',(-33.0046719690465,30.5898296567278,94.0218036459673));
#2832=CARTESIAN_POINT('Ctrl Pts',(-33.1497929443002,30.4317470374283,93.9214229490842));
#2833=CARTESIAN_POINT('Ctrl Pts',(-34.7608943271233,24.9667876988567,44.6671939656573));
#2834=CARTESIAN_POINT('Ctrl Pts',(-34.7263704545248,24.3514758020684,44.6398123385817));
#2835=CARTESIAN_POINT('Ctrl Pts',(-34.6774413606071,23.7381341684325,44.7175409102516));
#2836=CARTESIAN_POINT('Ctrl Pts',(-34.5281593498427,22.4794263185322,45.103465148211));
#2837=CARTESIAN_POINT('Ctrl Pts',(-34.4236205805045,21.8602049772096,45.4348042878767));
#2838=CARTESIAN_POINT('Ctrl Pts',(-34.1458126808269,20.7358923859066,46.3330262337027));
#2839=CARTESIAN_POINT('Ctrl Pts',(-33.971209442823,20.2550769260689,46.9039720100856));
#2840=CARTESIAN_POINT('Ctrl Pts',(-33.5518910437937,19.4945205442578,48.245187398682));
#2841=CARTESIAN_POINT('Ctrl Pts',(-33.3069428203129,19.2459784820432,49.0142104187044));
#2842=CARTESIAN_POINT('Ctrl Pts',(-32.77251557765,19.0364776184169,50.6918946646521));
#2843=CARTESIAN_POINT('Ctrl Pts',(-32.487821107878,19.1115905116279,51.5875633418406));
#2844=CARTESIAN_POINT('Ctrl Pts',(-31.9291199282233,19.6172612344229,53.4388579775322));
#2845=CARTESIAN_POINT('Ctrl Pts',(-31.6668976962302,20.0873239695617,54.3710281101503));
#2846=CARTESIAN_POINT('Ctrl Pts',(-31.2448468162538,21.3973283475926,56.1438042462831));
#2847=CARTESIAN_POINT('Ctrl Pts',(-31.0981293094267,22.2736807088655,56.9683617780259));
#2848=CARTESIAN_POINT('Ctrl Pts',(-31.0224757309234,24.0961162168822,58.1513388913942));
#2849=CARTESIAN_POINT('Ctrl Pts',(-31.0644618063456,24.9907297710321,58.5489906698993));
#2850=CARTESIAN_POINT('Ctrl Pts',(-31.2759621212166,26.5326249630463,58.9019980031937));
#2851=CARTESIAN_POINT('Ctrl Pts',(-31.4116271688871,27.2009379345855,58.9499784441205));
#2852=CARTESIAN_POINT('Ctrl Pts',(-31.7496445889425,28.3962628623098,58.7718765557004));
#2853=CARTESIAN_POINT('Ctrl Pts',(-31.9318477857251,28.9065834063854,58.5900345394702));
#2854=CARTESIAN_POINT('Ctrl Pts',(-32.3332571523749,29.8289016113649,58.0172816975609));
#2855=CARTESIAN_POINT('Ctrl Pts',(-32.5424416079706,30.218213666224,57.6393483002815));
#2856=CARTESIAN_POINT('Ctrl Pts',(-32.7893364420726,30.6044181473877,57.1015030740881));
#2857=CARTESIAN_POINT('Ctrl Pts',(-32.8320513924604,30.668438260742,57.0050014654231));
#2858=CARTESIAN_POINT('Ctrl Pts',(-32.8742885663127,30.7291579978821,56.9061724277901));
#2859=CARTESIAN_POINT('Ctrl Pts',(-31.4648623706085,6.18146978882256,42.3872462631457));
#2860=CARTESIAN_POINT('Ctrl Pts',(-35.0509636953434,6.580673625771,44.5357340174802));
#2861=CARTESIAN_POINT('Ctrl Pts',(-41.3285863951916,7.37908129966789,50.3196933289789));
#2862=CARTESIAN_POINT('Ctrl Pts',(-46.5286557020188,8.57669281051321,62.0230729104792));
#2863=CARTESIAN_POINT('Ctrl Pts',(-46.6350945018737,9.77430432135853,74.8292622424533));
#2864=CARTESIAN_POINT('Ctrl Pts',(-43.3120506429665,10.5727119952554,82.6918388933039));
#2865=CARTESIAN_POINT('Ctrl Pts',(-40.93576722841,10.9719158322039,86.1312282977614));
#2866=CARTESIAN_POINT('Ctrl Pts',(-31.4648623706085,5.263825534674,42.3872462631457));
#2867=CARTESIAN_POINT('Ctrl Pts',(-35.0510429972747,5.66302937162244,44.5357815284713));
#2868=CARTESIAN_POINT('Ctrl Pts',(-41.3286541058984,6.46143704551933,50.3196880441693));
#2869=CARTESIAN_POINT('Ctrl Pts',(-46.5287996739867,7.65904855636464,62.0230417394529));
#2870=CARTESIAN_POINT('Ctrl Pts',(-46.6351583348039,8.85666006720997,74.8292390470649));
#2871=CARTESIAN_POINT('Ctrl Pts',(-43.3121031913601,9.65506774110685,82.6917628357145));
#2872=CARTESIAN_POINT('Ctrl Pts',(-40.93576722841,10.0542715780553,86.1312282977614));
#2873=CARTESIAN_POINT('Ctrl Pts',(-31.2498765759818,3.42954846579453,42.7460850982076));
#2874=CARTESIAN_POINT('Ctrl Pts',(-34.7870676694819,3.82875230274297,44.8652699903657));
#2875=CARTESIAN_POINT('Ctrl Pts',(-40.9790706319961,4.62715997663985,50.5703424958386));
#2876=CARTESIAN_POINT('Ctrl Pts',(-46.1082169932128,5.82477148748518,62.1141010890864));
#2877=CARTESIAN_POINT('Ctrl Pts',(-46.2132039277243,7.0223829983305,74.7456284154847));
#2878=CARTESIAN_POINT('Ctrl Pts',(-42.9354826276707,7.82079067222738,82.5009682571462));
#2879=CARTESIAN_POINT('Ctrl Pts',(-40.5916089418867,8.21999450917582,85.8934484095093));
#2880=CARTESIAN_POINT('Ctrl Pts',(-30.3447648951573,1.22102161048375,44.2568324557801));
#2881=CARTESIAN_POINT('Ctrl Pts',(-33.6760524493769,1.62022544743219,46.2526574111547));
#2882=CARTESIAN_POINT('Ctrl Pts',(-39.5075857990985,2.41863312132908,51.625599643441));
#2883=CARTESIAN_POINT('Ctrl Pts',(-44.3381523789372,3.6162446321744,62.4973335424259));
#2884=CARTESIAN_POINT('Ctrl Pts',(-44.4370132513177,4.81385614301972,74.3935177197369));
#2885=CARTESIAN_POINT('Ctrl Pts',(-41.35010254356,5.6122638169166,81.6973709303875));
#2886=CARTESIAN_POINT('Ctrl Pts',(-39.1426681608196,6.01146765386504,84.8923713165049));
#2887=CARTESIAN_POINT('Ctrl Pts',(-29.0383301543874,-0.00153301651012345,
46.4374394176317));
#2888=CARTESIAN_POINT('Ctrl Pts',(-32.0724144392187,0.397670820438318,48.2552053816374));
#2889=CARTESIAN_POINT('Ctrl Pts',(-37.3836477496389,1.1960784943352,53.1487539695477));
#2890=CARTESIAN_POINT('Ctrl Pts',(-41.783242637179,2.39369000518052,63.0504909359461));
#2891=CARTESIAN_POINT('Ctrl Pts',(-41.8732640931293,3.59130151602585,73.8852833319119));
#2892=CARTESIAN_POINT('Ctrl Pts',(-39.061769075937,4.38970918992273,80.5374643899002));
#2893=CARTESIAN_POINT('Ctrl Pts',(-37.0512725752716,4.78891302687117,83.447420466574));
#2894=CARTESIAN_POINT('Ctrl Pts',(-27.4245323986683,-0.00650628174484247,
49.1310746305681));
#2895=CARTESIAN_POINT('Ctrl Pts',(-30.0913819657688,0.392697555203599,50.7288246991586));
#2896=CARTESIAN_POINT('Ctrl Pts',(-34.759920910195,1.19110522910048,55.0302658693944));
#2897=CARTESIAN_POINT('Ctrl Pts',(-38.6270453275785,2.3887167399458,63.7338316617177));
#2898=CARTESIAN_POINT('Ctrl Pts',(-38.7062577438445,3.58632825079113,73.2575092157897));
#2899=CARTESIAN_POINT('Ctrl Pts',(-36.2349905602491,4.38473592468801,79.1047727230987));
#2900=CARTESIAN_POINT('Ctrl Pts',(-34.467837370319,4.78393976163645,81.6625181167109));
#2901=CARTESIAN_POINT('Ctrl Pts',(-26.1450095600792,1.4326884441355,51.2667621797459));
#2902=CARTESIAN_POINT('Ctrl Pts',(-28.5208002331926,1.83189228108394,52.6901344455654));
#2903=CARTESIAN_POINT('Ctrl Pts',(-32.679753823244,2.63029995498082,56.522042503039));
#2904=CARTESIAN_POINT('Ctrl Pts',(-36.1248056375442,3.82791146582614,64.2755855883945));
#2905=CARTESIAN_POINT('Ctrl Pts',(-36.1953383545501,5.02552297667147,72.7597377272655));
#2906=CARTESIAN_POINT('Ctrl Pts',(-33.9938102860391,5.82393065056835,77.9687384460877));
#2907=CARTESIAN_POINT('Ctrl Pts',(-32.4195234877165,6.22313448751679,80.2473325315237));
#2908=CARTESIAN_POINT('Ctrl Pts',(-25.3395692831476,3.73606438654221,52.6111451943905));
#2909=CARTESIAN_POINT('Ctrl Pts',(-27.5322195173765,4.13526822349065,53.9247952425044));
#2910=CARTESIAN_POINT('Ctrl Pts',(-31.370385617431,4.93367589738753,57.4610882204586));
#2911=CARTESIAN_POINT('Ctrl Pts',(-34.5498229020844,6.13128740823286,64.6165813310412));
#2912=CARTESIAN_POINT('Ctrl Pts',(-34.614814336419,7.32889891907818,72.4463756588703));
#2913=CARTESIAN_POINT('Ctrl Pts',(-32.5830720426262,8.12730659297506,77.2535484547191));
#2914=CARTESIAN_POINT('Ctrl Pts',(-31.130140874847,8.5265104299235,79.3564946072083));
#2915=CARTESIAN_POINT('Ctrl Pts',(-25.0519531365181,6.18089261833519,53.091213392295));
#2916=CARTESIAN_POINT('Ctrl Pts',(-27.1790179205079,6.58009645528364,54.3655702013336));
#2917=CARTESIAN_POINT('Ctrl Pts',(-30.9026608323685,7.37850412918052,57.7964262739836));
#2918=CARTESIAN_POINT('Ctrl Pts',(-33.9870690314611,8.57611564002584,64.7384218247305));
#2919=CARTESIAN_POINT('Ctrl Pts',(-34.050271193001,9.77372715087116,72.3345314640127));
#2920=CARTESIAN_POINT('Ctrl Pts',(-32.0791846933018,10.572134824768,76.9983397723582));
#2921=CARTESIAN_POINT('Ctrl Pts',(-30.6697128713488,10.9713386617165,79.0383836579532));
#2922=CARTESIAN_POINT('Ctrl Pts',(-25.3748595541025,8.93448267528985,52.5522412108019));
#2923=CARTESIAN_POINT('Ctrl Pts',(-27.5755238748466,9.33368651223829,53.8706926198314));
#2924=CARTESIAN_POINT('Ctrl Pts',(-31.4277467304945,10.1320941861352,57.4199447219462));
#2925=CARTESIAN_POINT('Ctrl Pts',(-34.6188120849698,11.3297056969805,64.6016446481666));
#2926=CARTESIAN_POINT('Ctrl Pts',(-34.6840566077841,12.5273172078258,72.46010856162));
#2927=CARTESIAN_POINT('Ctrl Pts',(-32.6448766203092,13.3257248817227,77.2848941933993));
#2928=CARTESIAN_POINT('Ctrl Pts',(-31.1866350223039,13.7249287186711,79.3955265660343));
#2929=CARTESIAN_POINT('Ctrl Pts',(-26.2797418554794,11.1407273626133,51.0418767169153));
#2930=CARTESIAN_POINT('Ctrl Pts',(-28.68613695233,11.5399311995617,52.4835845576876));
#2931=CARTESIAN_POINT('Ctrl Pts',(-32.898755693069,12.3383388734586,56.3649630404205));
#2932=CARTESIAN_POINT('Ctrl Pts',(-36.3882092025749,13.5359503843039,64.2185567129336));
#2933=CARTESIAN_POINT('Ctrl Pts',(-36.4597000895902,14.7335618951492,72.8121652926291));
#2934=CARTESIAN_POINT('Ctrl Pts',(-34.2297750248985,15.5319695690461,78.0884035157298));
#2935=CARTESIAN_POINT('Ctrl Pts',(-32.6352086031205,15.9311734059946,80.3963499593953));
#2936=CARTESIAN_POINT('Ctrl Pts',(-27.5869224740456,12.3661046792467,48.8600247894604));
#2937=CARTESIAN_POINT('Ctrl Pts',(-30.2907839916971,12.7653085161951,50.4799492796085));
#2938=CARTESIAN_POINT('Ctrl Pts',(-35.0239861624993,13.563716190092,54.8409328766208));
#2939=CARTESIAN_POINT('Ctrl Pts',(-38.9447473036846,14.7613277009373,63.6650467672274));
#2940=CARTESIAN_POINT('Ctrl Pts',(-39.0249881968322,15.9589392117827,73.3206625052161));
#2941=CARTESIAN_POINT('Ctrl Pts',(-36.5194768988765,16.7573468856796,79.2488826309294));
#2942=CARTESIAN_POINT('Ctrl Pts',(-34.7277982211615,17.156550722628,81.8421257695957));
#2943=CARTESIAN_POINT('Ctrl Pts',(-29.0378112722011,12.3657651525534,46.4383054984794));
#2944=CARTESIAN_POINT('Ctrl Pts',(-32.0717416351808,12.7649689895018,48.2559792455667));
#2945=CARTESIAN_POINT('Ctrl Pts',(-37.3827735403254,13.5633766633987,53.1493613182908));
#2946=CARTESIAN_POINT('Ctrl Pts',(-41.7821627524056,14.760988174244,63.0507247392139));
#2947=CARTESIAN_POINT('Ctrl Pts',(-41.8722169566967,15.9585996850894,73.8850919691379));
#2948=CARTESIAN_POINT('Ctrl Pts',(-39.0608364332335,16.7570073589862,80.5370381174027));
#2949=CARTESIAN_POINT('Ctrl Pts',(-37.0504419268818,17.1562111959347,83.4468465693614));
#2950=CARTESIAN_POINT('Ctrl Pts',(-30.3452014873583,11.1417670305976,44.2561037274608));
#2951=CARTESIAN_POINT('Ctrl Pts',(-33.6765866126943,11.540970867546,46.2519871391727));
#2952=CARTESIAN_POINT('Ctrl Pts',(-39.5082940952033,12.3393785414429,51.6250907432151));
#2953=CARTESIAN_POINT('Ctrl Pts',(-44.3390030167949,13.5369900522882,62.4971493728591));
#2954=CARTESIAN_POINT('Ctrl Pts',(-44.4378686117136,14.7346015631336,74.3936880764361));
#2955=CARTESIAN_POINT('Ctrl Pts',(-41.3508661129179,15.5330092370305,81.6977602333738));
#2956=CARTESIAN_POINT('Ctrl Pts',(-39.1433670759459,15.9322130739789,84.8928541988504));
#2957=CARTESIAN_POINT('Ctrl Pts',(-31.2497197711346,8.9336889846599,42.7463468255873));
#2958=CARTESIAN_POINT('Ctrl Pts',(-34.7868353751848,9.33289282160834,44.8654864908696));
#2959=CARTESIAN_POINT('Ctrl Pts',(-40.9787817086518,10.1313004955052,50.570527965968));
#2960=CARTESIAN_POINT('Ctrl Pts',(-46.1078380515869,11.3289120063505,62.1141831328309));
#2961=CARTESIAN_POINT('Ctrl Pts',(-46.2128641630835,12.5265235171959,74.7455790610863));
#2962=CARTESIAN_POINT('Ctrl Pts',(-42.9351815857852,13.3249311910928,82.5008672279827));
#2963=CARTESIAN_POINT('Ctrl Pts',(-40.5913579221037,13.7241350280412,85.8932749792643));
#2964=CARTESIAN_POINT('Ctrl Pts',(-31.4648623706085,7.09911404297113,42.3872462631457));
#2965=CARTESIAN_POINT('Ctrl Pts',(-35.0510842308855,7.49831787991957,44.5358062321536));
#2966=CARTESIAN_POINT('Ctrl Pts',(-41.3286893125684,8.29672555381645,50.3196852962944));
#2967=CARTESIAN_POINT('Ctrl Pts',(-46.5288745332493,9.49433706466177,62.0230255318532));
#2968=CARTESIAN_POINT('Ctrl Pts',(-46.6351915251961,10.6919485755071,74.8292269864555));
#2969=CARTESIAN_POINT('Ctrl Pts',(-43.3121305142762,11.490356249404,82.6917232890227));
#2970=CARTESIAN_POINT('Ctrl Pts',(-40.93576722841,11.8895600863524,86.1312282977614));
#2971=CARTESIAN_POINT('Ctrl Pts',(-31.4648623706085,6.18146978882256,42.3872462631457));
#2972=CARTESIAN_POINT('Ctrl Pts',(-35.0509636953434,6.58067362577101,44.5357340174802));
#2973=CARTESIAN_POINT('Ctrl Pts',(-41.3285863951916,7.37908129966789,50.3196933289789));
#2974=CARTESIAN_POINT('Ctrl Pts',(-46.5286557020188,8.57669281051321,62.0230729104792));
#2975=CARTESIAN_POINT('Ctrl Pts',(-46.6350945018737,9.77430432135854,74.8292622424533));
#2976=CARTESIAN_POINT('Ctrl Pts',(-43.3120506429665,10.5727119952554,82.6918388933039));
#2977=CARTESIAN_POINT('Ctrl Pts',(-40.93576722841,10.9719158322039,86.1312282977614));
#2978=CARTESIAN_POINT('',(-27.0200283875162,6.28186246828866,54.1797603316611));
#2979=CARTESIAN_POINT('',(-32.4173544621004,6.28870082939784,42.9818593154288));
#2980=CARTESIAN_POINT('Ctrl Pts',(-27.0200283875162,6.28186246828867,54.1797603316611));
#2981=CARTESIAN_POINT('Ctrl Pts',(-27.0418790183913,6.35805982784299,54.2006092069937));
#2982=CARTESIAN_POINT('Ctrl Pts',(-27.064323702853,6.43427453888024,54.2204310621822));
#2983=CARTESIAN_POINT('Ctrl Pts',(-27.3628005474212,7.42211367858287,54.4638913766973));
#2984=CARTESIAN_POINT('Ctrl Pts',(-27.7286331329275,8.35478626614797,54.5453783109464));
#2985=CARTESIAN_POINT('Ctrl Pts',(-28.4914179895713,9.88848514998898,54.3340249087879));
#2986=CARTESIAN_POINT('Ctrl Pts',(-28.8582930127216,10.510409532885,54.1244676657011));
#2987=CARTESIAN_POINT('Ctrl Pts',(-29.5883232982066,11.5251302779542,53.4658371914958));
#2988=CARTESIAN_POINT('Ctrl Pts',(-29.9333239040285,11.9165223560199,53.0582179527115));
#2989=CARTESIAN_POINT('Ctrl Pts',(-30.5991196407929,12.4995998956354,52.0692435886355));
#2990=CARTESIAN_POINT('Ctrl Pts',(-30.9069229707675,12.6803783283138,51.5075305749426));
#2991=CARTESIAN_POINT('Ctrl Pts',(-31.5004147480273,12.8457058866589,50.2185630020985));
#2992=CARTESIAN_POINT('Ctrl Pts',(-31.7696392068057,12.7942591133858,49.4923049377622));
#2993=CARTESIAN_POINT('Ctrl Pts',(-32.2495368564164,12.4247024600141,47.9351003967951));
#2994=CARTESIAN_POINT('Ctrl Pts',(-32.4410425098468,12.0614316023281,47.1112737993806));
#2995=CARTESIAN_POINT('Ctrl Pts',(-32.6641801525806,11.2059757329603,45.8202946591151));
#2996=CARTESIAN_POINT('Ctrl Pts',(-32.7250713906846,10.7765201242456,45.3178888065128));
#2997=CARTESIAN_POINT('Ctrl Pts',(-32.7817244922634,9.8086195369996,44.4373493587824));
#2998=CARTESIAN_POINT('Ctrl Pts',(-32.7782053570791,9.27408509650413,44.0600215852019));
#2999=CARTESIAN_POINT('Ctrl Pts',(-32.7414498092855,8.69941909272509,43.7569705332677));
#3000=CARTESIAN_POINT('Ctrl Pts',(-32.6928706032461,7.93989243954793,43.3564329171503));
#3001=CARTESIAN_POINT('Ctrl Pts',(-32.5873155654806,7.12261136681233,43.0923354294957));
#3002=CARTESIAN_POINT('Ctrl Pts',(-32.41735447118,6.28870082628603,42.9818593249494));
#3003=CARTESIAN_POINT('',(-29.6286818488722,0.607776603114223,45.4520668040896));
#3004=CARTESIAN_POINT('Ctrl Pts',(-29.6286818488722,0.607776603114223,45.4520668040896));
#3005=CARTESIAN_POINT('Ctrl Pts',(-29.9926635553777,0.477623602367198,46.1898972330264));
#3006=CARTESIAN_POINT('Ctrl Pts',(-30.3109005826654,0.402086958870392,46.9602644029137));
#3007=CARTESIAN_POINT('Ctrl Pts',(-31.2264080311519,0.350324615881598,49.5913618016623));
#3008=CARTESIAN_POINT('Ctrl Pts',(-31.5786305753508,0.647829169394079,51.3582170230979));
#3009=CARTESIAN_POINT('Ctrl Pts',(-31.8356667362189,1.37234794912157,53.6698290445545));
#3010=CARTESIAN_POINT('Ctrl Pts',(-31.86416593568,1.69825200411113,54.4309247946668));
#3011=CARTESIAN_POINT('Ctrl Pts',(-31.8031162470214,2.23606344537567,55.3845579925258));
#3012=CARTESIAN_POINT('Ctrl Pts',(-31.7553097074229,2.47014476768903,55.7392082360343));
#3013=CARTESIAN_POINT('Ctrl Pts',(-31.5960165061823,2.89278620824608,56.2075072302068));
#3014=CARTESIAN_POINT('Ctrl Pts',(-31.51178378224,3.07329725546482,56.3695272326328));
#3015=CARTESIAN_POINT('Ctrl Pts',(-31.3009316245148,3.41544469869777,56.5713449043131));
#3016=CARTESIAN_POINT('Ctrl Pts',(-31.1922217899559,3.56495788052137,56.6257391911922));
#3017=CARTESIAN_POINT('Ctrl Pts',(-30.9299239235926,3.87214113454823,56.6652879600882));
#3018=CARTESIAN_POINT('Ctrl Pts',(-30.7834390087812,4.01883736276088,56.6450752553617));
#3019=CARTESIAN_POINT('Ctrl Pts',(-30.4100398193763,4.35412664955464,56.5343446944692));
#3020=CARTESIAN_POINT('Ctrl Pts',(-30.1622400183648,4.54411270645541,56.4108838757533));
#3021=CARTESIAN_POINT('Ctrl Pts',(-29.4596335080105,5.02580634901671,55.9914864143516));
#3022=CARTESIAN_POINT('Ctrl Pts',(-28.9544371743435,5.31921069037311,55.6257212510195));
#3023=CARTESIAN_POINT('Ctrl Pts',(-27.9923107733644,5.82239528015186,54.9097953248059));
#3024=CARTESIAN_POINT('Ctrl Pts',(-27.5331981031447,6.04681634967923,54.5618413908792));
#3025=CARTESIAN_POINT('Ctrl Pts',(-27.0200283875162,6.28186246828866,54.1797603316611));
#3026=CARTESIAN_POINT('Ctrl Pts',(-32.41735447118,6.28870082628602,42.9818593249494));
#3027=CARTESIAN_POINT('Ctrl Pts',(-32.4095067796921,6.25019629277762,42.976758261151));
#3028=CARTESIAN_POINT('Ctrl Pts',(-32.4015199590774,6.21165671220666,42.9719844386661));
#3029=CARTESIAN_POINT('Ctrl Pts',(-32.2194041625277,5.34736505330148,42.8723828612758));
#3030=CARTESIAN_POINT('Ctrl Pts',(-31.9852885853886,4.52690933807762,42.9302721779551));
#3031=CARTESIAN_POINT('Ctrl Pts',(-31.3988494112011,3.01592375937531,43.336189061962));
#3032=CARTESIAN_POINT('Ctrl Pts',(-31.0559936125846,2.338574879123,43.6707992751273));
#3033=CARTESIAN_POINT('Ctrl Pts',(-30.3431191860987,1.29199240439066,44.4956211715225));
#3034=CARTESIAN_POINT('Ctrl Pts',(-29.9916615572891,0.898530113920359,44.9459983623635));
#3035=CARTESIAN_POINT('Ctrl Pts',(-29.6286818488722,0.607776603114226,45.4520668040896));
#3036=CARTESIAN_POINT('',(-44.2634146476741,8.10864499950944,57.5198951059604));
#3037=CARTESIAN_POINT('Ctrl Pts',(-32.4171920536818,6.28870082939785,42.9820665015751));
#3038=CARTESIAN_POINT('Ctrl Pts',(-35.6074120831046,6.65216098615453,45.0576599304752));
#3039=CARTESIAN_POINT('Ctrl Pts',(-40.2816739365933,7.25880904285839,49.521096755524));
#3040=CARTESIAN_POINT('Ctrl Pts',(-43.333112878795,7.86545709956226,55.1497553511963));
#3041=CARTESIAN_POINT('Ctrl Pts',(-44.2625095835625,8.10864499950944,57.5208560594292));
#3042=CARTESIAN_POINT('',(-43.7782899157081,10.4144770418976,81.0426692134098));
#3043=CARTESIAN_POINT('Ctrl Pts',(-43.7782899157081,10.4144770418976,81.0426692134098));
#3044=CARTESIAN_POINT('Ctrl Pts',(-43.8646770413307,10.0513401685551,80.8462062708737));
#3045=CARTESIAN_POINT('Ctrl Pts',(-43.9469020351505,9.68536526906124,80.5821978888364));
#3046=CARTESIAN_POINT('Ctrl Pts',(-44.1611474442112,8.67379316725818,79.6491644477721));
#3047=CARTESIAN_POINT('Ctrl Pts',(-44.2832096945772,8.0228492719893,78.8104443896773));
#3048=CARTESIAN_POINT('Ctrl Pts',(-44.5436506471659,6.46581781494775,75.9150059945545));
#3049=CARTESIAN_POINT('Ctrl Pts',(-44.6206425665671,5.84373708640617,73.8104785176783));
#3050=CARTESIAN_POINT('Ctrl Pts',(-44.6802448402693,5.35595847626129,71.3136637061345));
#3051=CARTESIAN_POINT('Ctrl Pts',(-44.6906223065242,5.26818784223554,70.7887045467045));
#3052=CARTESIAN_POINT('Ctrl Pts',(-44.7036415052954,5.15615312600713,69.9968486942464));
#3053=CARTESIAN_POINT('Ctrl Pts',(-44.7076033031838,5.12163754565267,69.7273545832341));
#3054=CARTESIAN_POINT('Ctrl Pts',(-44.713928402053,5.0660857456777,69.2443715507192));
#3055=CARTESIAN_POINT('Ctrl Pts',(-44.7164549688569,5.04371508270474,69.0302682235584));
#3056=CARTESIAN_POINT('Ctrl Pts',(-44.7212295452876,5.00121371991929,68.5784094745028));
#3057=CARTESIAN_POINT('Ctrl Pts',(-44.7234135787997,4.98162219669522,68.3403231514507));
#3058=CARTESIAN_POINT('Ctrl Pts',(-44.728291895148,4.93767722262735,67.7164573590609));
#3059=CARTESIAN_POINT('Ctrl Pts',(-44.7304562396315,4.91796930945471,67.3297748671851));
#3060=CARTESIAN_POINT('Ctrl Pts',(-44.7342751041567,4.88315202811251,66.1829803221458));
#3061=CARTESIAN_POINT('Ctrl Pts',(-44.7334080105479,4.89126542449176,65.4133379028191));
#3062=CARTESIAN_POINT('Ctrl Pts',(-44.7203888354794,5.00917774141493,63.5351684138323));
#3063=CARTESIAN_POINT('Ctrl Pts',(-44.7029298760555,5.17136937413676,62.3774310636596));
#3064=CARTESIAN_POINT('Ctrl Pts',(-44.6252498913415,5.80482179927373,60.1614729955772));
#3065=CARTESIAN_POINT('Ctrl Pts',(-44.5673701226295,6.24457073350572,59.2971835582547));
#3066=CARTESIAN_POINT('Ctrl Pts',(-44.4391977441789,7.09142428634042,58.2087687947234));
#3067=CARTESIAN_POINT('Ctrl Pts',(-44.3757888253888,7.48046593875213,57.8680636079015));
#3068=CARTESIAN_POINT('Ctrl Pts',(-44.2908612217836,7.95771428340654,57.5944850689843));
#3069=CARTESIAN_POINT('Ctrl Pts',(-44.2773416147232,8.0326205691251,57.5554824160447));
#3070=CARTESIAN_POINT('Ctrl Pts',(-44.2634146476741,8.10864499950945,57.5198951059605));
#3071=CARTESIAN_POINT('',(-41.2401714251323,10.9201116351561,85.6821990968783));
#3072=CARTESIAN_POINT('Ctrl Pts',(-43.775903299978,10.4144770418976,81.0414239637603));
#3073=CARTESIAN_POINT('Ctrl Pts',(-43.0657905296375,10.5830219063171,82.6573152562504));
#3074=CARTESIAN_POINT('Ctrl Pts',(-42.2171715828031,10.7515667707366,84.2123373280503));
#3075=CARTESIAN_POINT('Ctrl Pts',(-41.2401116368124,10.9201116351561,85.682167886904));
#3076=CARTESIAN_POINT('',(-41.3453085188483,10.1891049271455,85.4484501078109));
#3077=CARTESIAN_POINT('Ctrl Pts',(-41.3453085188483,10.1891049271455,85.4484501078109));
#3078=CARTESIAN_POINT('Ctrl Pts',(-41.3180622809258,10.4293852732502,85.5392815007071));
#3079=CARTESIAN_POINT('Ctrl Pts',(-41.2830880112243,10.6734304069517,85.6176710880642));
#3080=CARTESIAN_POINT('Ctrl Pts',(-41.2401714251323,10.9201116351561,85.6821990968783));
#3081=CARTESIAN_POINT('',(-41.3669853695868,9.98662738914563,85.3679406786552));
#3082=CARTESIAN_POINT('Ctrl Pts',(-41.3664645554059,9.98670821875969,85.3676093963579));
#3083=CARTESIAN_POINT('Ctrl Pts',(-41.359734999799,10.0537717227216,85.3956331025344));
#3084=CARTESIAN_POINT('Ctrl Pts',(-41.3525604569946,10.1212616929943,85.4224943064112));
#3085=CARTESIAN_POINT('Ctrl Pts',(-41.3449018336353,10.1891648548639,85.4481909357289));
#3086=CARTESIAN_POINT('',(-39.063715325149,3.73601325767005,73.8733010203125));
#3087=CARTESIAN_POINT('Ctrl Pts',(-39.063715325149,3.73601325767004,73.8733010203125));
#3088=CARTESIAN_POINT('Ctrl Pts',(-39.4866048685464,3.69606701558489,73.9999458648459));
#3089=CARTESIAN_POINT('Ctrl Pts',(-39.9060802004931,3.70715081637244,74.1522418366449));
#3090=CARTESIAN_POINT('Ctrl Pts',(-40.9709725174737,3.86373191850639,74.6085215405746));
#3091=CARTESIAN_POINT('Ctrl Pts',(-41.5816474986867,4.08740549305834,74.9418625378739));
#3092=CARTESIAN_POINT('Ctrl Pts',(-42.4623698278397,4.62351483004569,75.5819254378381));
#3093=CARTESIAN_POINT('Ctrl Pts',(-42.7737777916171,4.88006637806927,75.8589754774335));
#3094=CARTESIAN_POINT('Ctrl Pts',(-43.4826473976515,5.64785746163405,76.6659182505874));
#3095=CARTESIAN_POINT('Ctrl Pts',(-43.7730870588427,6.19411511668617,77.220157974726));
#3096=CARTESIAN_POINT('Ctrl Pts',(-44.0733047979587,7.34071217165063,78.5087645764788));
#3097=CARTESIAN_POINT('Ctrl Pts',(-44.0506507737671,7.93333776605821,79.2466232574212));
#3098=CARTESIAN_POINT('Ctrl Pts',(-43.6822351244411,8.9984154451275,80.9338677461503));
#3099=CARTESIAN_POINT('Ctrl Pts',(-43.3201519686155,9.44249490317751,81.8723779029838));
#3100=CARTESIAN_POINT('Ctrl Pts',(-42.7151536188415,9.77810414231751,83.0975252288159));
#3101=CARTESIAN_POINT('Ctrl Pts',(-42.5883559864822,9.83342962465436,83.3411764649851));
#3102=CARTESIAN_POINT('Ctrl Pts',(-42.4033665835431,9.89447145816849,83.6802447889564));
#3103=CARTESIAN_POINT('Ctrl Pts',(-42.3499113208182,9.90998558470668,83.7764445826834));
#3104=CARTESIAN_POINT('Ctrl Pts',(-42.2549290728277,9.93390816317258,83.9443395832048));
#3105=CARTESIAN_POINT('Ctrl Pts',(-42.2137739098589,9.94312270697008,84.0161273816341));
#3106=CARTESIAN_POINT('Ctrl Pts',(-42.1264931962595,9.96028364168481,84.1663806058631));
#3107=CARTESIAN_POINT('Ctrl Pts',(-42.080274950408,9.96801901965618,84.2448138917981));
#3108=CARTESIAN_POINT('Ctrl Pts',(-41.9690216194491,9.98346850332354,84.4309337443438));
#3109=CARTESIAN_POINT('Ctrl Pts',(-41.9035059842046,9.99005968118668,84.53841996918));
#3110=CARTESIAN_POINT('Ctrl Pts',(-41.685319433297,10.0039477914163,84.88939949948));
#3111=CARTESIAN_POINT('Ctrl Pts',(-41.5285866597579,10.0013192762245,85.1306550339199));
#3112=CARTESIAN_POINT('Ctrl Pts',(-41.3669853695868,9.98662738914563,85.3679406786552));
#3113=CARTESIAN_POINT('',(-35.5430706223618,15.8299836236567,77.3924404411144));
#3114=CARTESIAN_POINT('Ctrl Pts',(-35.5430706223618,15.8299836236567,77.3924404411143));
#3115=CARTESIAN_POINT('Ctrl Pts',(-35.2981467444229,15.5220628836287,76.7917684876758));
#3116=CARTESIAN_POINT('Ctrl Pts',(-35.0590591192729,15.1255701325667,76.1381527224288));
#3117=CARTESIAN_POINT('Ctrl Pts',(-34.8449604394629,14.6163535145101,75.4212720354109));
#3118=CARTESIAN_POINT('Ctrl Pts',(-34.6085726868435,14.054124116152,74.6297593803549));
#3119=CARTESIAN_POINT('Ctrl Pts',(-34.4282451114375,13.401580143795,73.8311518238069));
#3120=CARTESIAN_POINT('Ctrl Pts',(-34.3083603364761,12.7604610730755,73.0998470145213));
#3121=CARTESIAN_POINT('Ctrl Pts',(-34.159241689489,11.9630052792584,72.190213712619));
#3122=CARTESIAN_POINT('Ctrl Pts',(-34.0957783168356,11.1698416439415,71.3620203154062));
#3123=CARTESIAN_POINT('Ctrl Pts',(-34.076915365697,10.5048711028121,70.6897189306628));
#3124=CARTESIAN_POINT('Ctrl Pts',(-34.0637883555648,10.0421081466424,70.2218543306574));
#3125=CARTESIAN_POINT('Ctrl Pts',(-34.0682173397084,9.672106171421,69.8582115631892));
#3126=CARTESIAN_POINT('Ctrl Pts',(-34.0899473962769,9.23807247847749,69.4461880086999));
#3127=CARTESIAN_POINT('Ctrl Pts',(-34.1208701622848,8.62042464658106,68.8598615108774));
#3128=CARTESIAN_POINT('Ctrl Pts',(-34.1974838920367,7.92924426105245,68.2372411537345));
#3129=CARTESIAN_POINT('Ctrl Pts',(-34.3296628367141,7.3394503509116,67.8033612269505));
#3130=CARTESIAN_POINT('Ctrl Pts',(-34.4566538956389,6.77280523675234,67.3865106348763));
#3131=CARTESIAN_POINT('Ctrl Pts',(-34.5953128005074,6.37066792323408,67.1616916520589));
#3132=CARTESIAN_POINT('Ctrl Pts',(-34.8347220452409,5.93195246510507,67.0923953144241));
#3133=CARTESIAN_POINT('Ctrl Pts',(-35.074547963817,5.49247345561039,67.0229783717085));
#3134=CARTESIAN_POINT('Ctrl Pts',(-35.4114090842809,5.10668156402121,67.2163873554673));
#3135=CARTESIAN_POINT('Ctrl Pts',(-35.7308650407467,4.8374080065802,67.5459123484264));
#3136=CARTESIAN_POINT('Ctrl Pts',(-36.1071126797131,4.5202640054349,67.9340190594513));
#3137=CARTESIAN_POINT('Ctrl Pts',(-36.4733366811495,4.31619170485481,68.473425610123));
#3138=CARTESIAN_POINT('Ctrl Pts',(-36.7968668412846,4.16526005323816,69.0073583698204));
#3139=CARTESIAN_POINT('Ctrl Pts',(-37.0715086790463,4.03713553415437,69.4606090785125));
#3140=CARTESIAN_POINT('Ctrl Pts',(-37.3521395636772,3.933746087821,69.9738965074129));
#3141=CARTESIAN_POINT('Ctrl Pts',(-37.6398164266282,3.85604152372201,70.5524733730891));
#3142=CARTESIAN_POINT('Ctrl Pts',(-38.1224368515081,3.7256806411822,71.523121515849));
#3143=CARTESIAN_POINT('Ctrl Pts',(-38.6186239470272,3.67384653650238,72.6760052052028));
#3144=CARTESIAN_POINT('Ctrl Pts',(-39.063715325149,3.73601325767004,73.8733010203125));
#3145=CARTESIAN_POINT('',(-38.1232863853681,16.6567868759812,82.8487176529757));
#3146=CARTESIAN_POINT('Ctrl Pts',(-38.1232863853681,16.6567868759812,82.8487176529757));
#3147=CARTESIAN_POINT('Ctrl Pts',(-37.993362661909,16.7217878925395,82.6230545707734));
#3148=CARTESIAN_POINT('Ctrl Pts',(-37.8647034100929,16.7709696971231,82.3911411927191));
#3149=CARTESIAN_POINT('Ctrl Pts',(-37.2880084270552,16.9261974410187,81.3177630151862));
#3150=CARTESIAN_POINT('Ctrl Pts',(-36.8658636074214,16.8577120610571,80.4383121152053));
#3151=CARTESIAN_POINT('Ctrl Pts',(-36.1437183139291,16.473833490262,78.8354455323527));
#3152=CARTESIAN_POINT('Ctrl Pts',(-35.8309852017164,16.1919527019098,78.0985464127318));
#3153=CARTESIAN_POINT('Ctrl Pts',(-35.5430706223618,15.8299836236567,77.3924404411144));
#3154=CARTESIAN_POINT('',(-39.0827411282297,15.8951268872891,84.3512209057459));
#3155=CARTESIAN_POINT('Ctrl Pts',(-39.0827411282297,15.8951268872891,84.3512209057458));
#3156=CARTESIAN_POINT('Ctrl Pts',(-39.0644942437539,15.9276094289448,84.2867432008062));
#3157=CARTESIAN_POINT('Ctrl Pts',(-39.0444241780252,15.9598664516966,84.2226809789329));
#3158=CARTESIAN_POINT('Ctrl Pts',(-39.02244200668,15.9918410851288,84.1591674838324));
#3159=CARTESIAN_POINT('Ctrl Pts',(-38.9758107573673,16.059669557569,84.0244349508971));
#3160=CARTESIAN_POINT('Ctrl Pts',(-38.920620473439,16.1261530438869,83.8923161266975));
#3161=CARTESIAN_POINT('Ctrl Pts',(-38.8561319954767,16.1907070894662,83.7642042120029));
#3162=CARTESIAN_POINT('Ctrl Pts',(-38.7879975261388,16.2589108334238,83.6288492214776));
#3163=CARTESIAN_POINT('Ctrl Pts',(-38.7094837709369,16.3249607993359,83.4979671993089));
#3164=CARTESIAN_POINT('Ctrl Pts',(-38.6197241417591,16.3881676923332,83.3732602705797));
#3165=CARTESIAN_POINT('Ctrl Pts',(-38.5821988622734,16.4145922257997,83.3211247794103));
#3166=CARTESIAN_POINT('Ctrl Pts',(-38.5427081140342,16.4405198538053,83.2700692204594));
#3167=CARTESIAN_POINT('Ctrl Pts',(-38.5011888051632,16.465900210786,83.2202205732554));
#3168=CARTESIAN_POINT('Ctrl Pts',(-38.3880396137102,16.5350672308842,83.0843721143207));
#3169=CARTESIAN_POINT('Ctrl Pts',(-38.262047364538,16.5988089893204,82.960164092844));
#3170=CARTESIAN_POINT('Ctrl Pts',(-38.1232863853681,16.6567868759813,82.8487176529755));
#3171=CARTESIAN_POINT('Ctrl Pts',(-41.2401714251323,10.9201116351561,85.6821990968783));
#3172=CARTESIAN_POINT('Ctrl Pts',(-41.2102153112893,11.0922970680604,85.7272401533583));
#3173=CARTESIAN_POINT('Ctrl Pts',(-41.1763899087133,11.2657677714614,85.7655282424919));
#3174=CARTESIAN_POINT('Ctrl Pts',(-41.0011495105077,12.0745497430726,85.9093970351347));
#3175=CARTESIAN_POINT('Ctrl Pts',(-40.8139197399525,12.7089759219858,85.9238241676464));
#3176=CARTESIAN_POINT('Ctrl Pts',(-40.5799133188854,13.3156755152062,85.8238432357197));
#3177=CARTESIAN_POINT('Ctrl Pts',(-40.3446143639328,13.925726212123,85.7233100593638));
#3178=CARTESIAN_POINT('Ctrl Pts',(-40.0686222287548,14.4906114454874,85.5096611864337));
#3179=CARTESIAN_POINT('Ctrl Pts',(-39.5436221292077,15.3344663261776,84.9540574192005));
#3180=CARTESIAN_POINT('Ctrl Pts',(-39.3157443787974,15.6392177026787,84.6732074794346));
#3181=CARTESIAN_POINT('Ctrl Pts',(-39.0827411282297,15.8951268872891,84.3512209057459));
#3182=CARTESIAN_POINT('Ctrl Pts',(-44.2634146476741,8.10864499950944,57.5198951059604));
#3183=CARTESIAN_POINT('Ctrl Pts',(-44.2153914979034,8.37079343381827,57.397182478287));
#3184=CARTESIAN_POINT('Ctrl Pts',(-44.1625118431106,8.64622757486608,57.3150642144357));
#3185=CARTESIAN_POINT('Ctrl Pts',(-44.0353818834442,9.27401122120309,57.2384861021473));
#3186=CARTESIAN_POINT('Ctrl Pts',(-43.9625234022064,9.61301058015918,57.2670568823152));
#3187=CARTESIAN_POINT('Ctrl Pts',(-43.8013883085752,10.3243641575171,57.4632057487296));
#3188=CARTESIAN_POINT('Ctrl Pts',(-43.7163131207245,10.676702499015,57.6481874811799));
#3189=CARTESIAN_POINT('Ctrl Pts',(-43.5155010051535,11.4736402130881,58.233239637923));
#3190=CARTESIAN_POINT('Ctrl Pts',(-43.4060617300289,11.8758249347181,58.6935636151909));
#3191=CARTESIAN_POINT('Ctrl Pts',(-43.1175077245946,12.8992882549694,60.1901740412971));
#3192=CARTESIAN_POINT('Ctrl Pts',(-42.966406382056,13.3799195587794,61.430803520186));
#3193=CARTESIAN_POINT('Ctrl Pts',(-42.7293405547506,14.1199149130419,63.9011918194138));
#3194=CARTESIAN_POINT('Ctrl Pts',(-42.621494826283,14.4391004224276,65.4271261242077));
#3195=CARTESIAN_POINT('Ctrl Pts',(-42.5043462108435,14.7779032774654,67.6279281352737));
#3196=CARTESIAN_POINT('Ctrl Pts',(-42.4811628873407,14.8443550243476,68.101062221119));
#3197=CARTESIAN_POINT('Ctrl Pts',(-42.4477901153777,14.9394269261095,68.8387478731398));
#3198=CARTESIAN_POINT('Ctrl Pts',(-42.4361723627367,14.972386409556,69.1086961749183));
#3199=CARTESIAN_POINT('Ctrl Pts',(-42.4160012433001,15.0294245611762,69.6022906056971));
#3200=CARTESIAN_POINT('Ctrl Pts',(-42.407220067353,15.0541788409495,69.8273210977438));
#3201=CARTESIAN_POINT('Ctrl Pts',(-42.3891934385913,15.1048707859204,70.3126859133717));
#3202=CARTESIAN_POINT('Ctrl Pts',(-42.3800655242072,15.1304552373589,70.5740776513019));
#3203=CARTESIAN_POINT('Ctrl Pts',(-42.3570679229524,15.1947577569581,71.2805819522753));
#3204=CARTESIAN_POINT('Ctrl Pts',(-42.3442849384031,15.2303143341242,71.7297148099881));
#3205=CARTESIAN_POINT('Ctrl Pts',(-42.3139027779676,15.3146042162571,73.0253437905808));
#3206=CARTESIAN_POINT('Ctrl Pts',(-42.3015616674135,15.3485482322633,73.9067174976103));
#3207=CARTESIAN_POINT('Ctrl Pts',(-42.3079702353768,15.3308769566572,76.112140538317));
#3208=CARTESIAN_POINT('Ctrl Pts',(-42.3502895759783,15.2171339142904,77.4247453285127));
#3209=CARTESIAN_POINT('Ctrl Pts',(-42.5170846900698,14.7420483960622,79.1301831096037));
#3210=CARTESIAN_POINT('Ctrl Pts',(-42.6098778839007,14.4778807303401,79.8221613886436));
#3211=CARTESIAN_POINT('Ctrl Pts',(-42.8091975266584,13.8710095512708,80.6108787811718));
#3212=CARTESIAN_POINT('Ctrl Pts',(-42.871764301579,13.6771484639654,80.8094914107998));
#3213=CARTESIAN_POINT('Ctrl Pts',(-43.0030002516765,13.2584265681768,81.1254930834705));
#3214=CARTESIAN_POINT('Ctrl Pts',(-43.0695399247813,13.0412479490188,81.2457033077782));
#3215=CARTESIAN_POINT('Ctrl Pts',(-43.1389162230455,12.8075722563279,81.3305035453762));
#3216=CARTESIAN_POINT('Ctrl Pts',(-43.2297583938251,12.501594455356,81.4415420103672));
#3217=CARTESIAN_POINT('Ctrl Pts',(-43.3207172305326,12.1830749192885,81.4861856197752));
#3218=CARTESIAN_POINT('Ctrl Pts',(-43.5135028406125,11.4774858889749,81.4554932336411));
#3219=CARTESIAN_POINT('Ctrl Pts',(-43.6102017843378,11.1032766885981,81.3571026698413));
#3220=CARTESIAN_POINT('Ctrl Pts',(-43.7245455751754,10.6384807837616,81.1575601125693));
#3221=CARTESIAN_POINT('Ctrl Pts',(-43.7516137689713,10.5266128775214,81.1033365205538));
#3222=CARTESIAN_POINT('Ctrl Pts',(-43.7782899157081,10.4144770418976,81.0426692134098));
#3223=CARTESIAN_POINT('Origin',(-20.,0.,130.));
#3224=CARTESIAN_POINT('',(-41.5096396775443,9.96686749268733,85.7658380568558));
#3225=CARTESIAN_POINT('Ctrl Pts',(-41.5096396775443,9.96686749268731,85.7658380568558));
#3226=CARTESIAN_POINT('Ctrl Pts',(-41.4621211245388,9.97492736576364,85.6329081145204));
#3227=CARTESIAN_POINT('Ctrl Pts',(-41.4145531340753,9.98151234605898,85.5002598456251));
#3228=CARTESIAN_POINT('Ctrl Pts',(-41.3669853695868,9.98662738914563,85.3679406786551));
#3229=CARTESIAN_POINT('',(-44.9719821391944,0.910672940417485,98.6994242553488));
#3230=CARTESIAN_POINT('Ctrl Pts',(-44.9719821391944,0.910672940417737,98.6994242553506));
#3231=CARTESIAN_POINT('Ctrl Pts',(-44.9656084114918,1.17414705266879,98.6635167551034));
#3232=CARTESIAN_POINT('Ctrl Pts',(-44.9563326621978,1.43982304555255,98.6113891652317));
#3233=CARTESIAN_POINT('Ctrl Pts',(-44.9179268207729,2.27139997741435,98.3976734381259));
#3234=CARTESIAN_POINT('Ctrl Pts',(-44.8776573634539,2.82225630298847,98.1764813330373));
#3235=CARTESIAN_POINT('Ctrl Pts',(-44.7722070902174,3.90262363477698,97.6168242250425));
#3236=CARTESIAN_POINT('Ctrl Pts',(-44.6917912845472,4.51182627057283,97.2012699719019));
#3237=CARTESIAN_POINT('Ctrl Pts',(-44.4955232213473,5.62121857781816,96.2455374224167));
#3238=CARTESIAN_POINT('Ctrl Pts',(-44.3795297220619,6.12252642187653,95.7066868737043));
#3239=CARTESIAN_POINT('Ctrl Pts',(-44.1122322256349,7.06403851632895,94.528426115103));
#3240=CARTESIAN_POINT('Ctrl Pts',(-43.9284960965804,7.56503340335936,93.7609465446233));
#3241=CARTESIAN_POINT('Ctrl Pts',(-43.5144982898606,8.41491310759983,92.1548764386062));
#3242=CARTESIAN_POINT('Ctrl Pts',(-43.2840482544838,8.76484872128396,91.3168907375911));
#3243=CARTESIAN_POINT('Ctrl Pts',(-42.7955514360318,9.33659509025157,89.6395362415086));
#3244=CARTESIAN_POINT('Ctrl Pts',(-42.48539295523,9.5924274510043,88.6361551570336));
#3245=CARTESIAN_POINT('Ctrl Pts',(-41.9430876545695,9.86083147197936,87.0005372091731));
#3246=CARTESIAN_POINT('Ctrl Pts',(-41.7265069012732,9.930083495972,86.3725094666822));
#3247=CARTESIAN_POINT('Ctrl Pts',(-41.5096396775443,9.96686749268732,85.7658380568558));
#3248=CARTESIAN_POINT('',(-44.9953412739188,-0.647505709420062,98.7444057636338));
#3249=CARTESIAN_POINT('Ctrl Pts',(-44.995341273917,-0.647505709419698,98.7444057636289));
#3250=CARTESIAN_POINT('Ctrl Pts',(-44.9925186339484,-0.272952663879282,
98.7732677381458));
#3251=CARTESIAN_POINT('Ctrl Pts',(-44.9881081856072,0.104754067921488,98.7740041596527));
#3252=CARTESIAN_POINT('Ctrl Pts',(-44.9784170766655,0.626967278420043,98.7338718801524));
#3253=CARTESIAN_POINT('Ctrl Pts',(-44.97540329065,0.769251015179239,98.7186979053198));
#3254=CARTESIAN_POINT('Ctrl Pts',(-44.9719821391944,0.910672940417738,98.6994242553506));
#3255=CARTESIAN_POINT('',(-44.1608427164986,-8.64985378745087,80.5709521237369));
#3256=CARTESIAN_POINT('Ctrl Pts',(-44.1608427169121,-8.64985378674994,80.5709521241659));
#3257=CARTESIAN_POINT('Ctrl Pts',(-44.1629425818848,-8.63913316544547,80.5514090732131));
#3258=CARTESIAN_POINT('Ctrl Pts',(-44.1650514272965,-8.62834600507293,80.5318959735528));
#3259=CARTESIAN_POINT('Ctrl Pts',(-44.292302182963,-7.97614864553669,79.36118726495));
#3260=CARTESIAN_POINT('Ctrl Pts',(-44.445090531012,-7.12269798556963,78.3524709757688));
#3261=CARTESIAN_POINT('Ctrl Pts',(-44.704089964569,-5.22462330717043,76.8668898513281));
#3262=CARTESIAN_POINT('Ctrl Pts',(-44.8103695497084,-4.25657969907549,76.3430371298489));
#3263=CARTESIAN_POINT('Ctrl Pts',(-44.9590063592705,-2.18230126728374,75.6357376742734));
#3264=CARTESIAN_POINT('Ctrl Pts',(-45.,-1.09499933946657,75.4564394268214));
#3265=CARTESIAN_POINT('Ctrl Pts',(-45.,-1.21111033586759E-14,75.4564394268214));
#3266=CARTESIAN_POINT('Ctrl Pts',(-45.,1.27199857342193,75.4564394268214));
#3267=CARTESIAN_POINT('Ctrl Pts',(-44.9442019606443,2.53441952895722,75.6983049927159));
#3268=CARTESIAN_POINT('Ctrl Pts',(-44.7486186889043,4.89511115702753,76.6485713231415));
#3269=CARTESIAN_POINT('Ctrl Pts',(-44.6120495637855,5.96790509121076,77.3460285214384));
#3270=CARTESIAN_POINT('Ctrl Pts',(-44.3284977695859,7.80086895000455,79.1338127982512));
#3271=CARTESIAN_POINT('Ctrl Pts',(-44.1870382820367,8.53167468304136,80.202299098352));
#3272=CARTESIAN_POINT('Ctrl Pts',(-43.9659504415822,9.6081074139757,82.6538310472436));
#3273=CARTESIAN_POINT('Ctrl Pts',(-43.8952635442104,9.91016534757961,84.012884064978));
#3274=CARTESIAN_POINT('Ctrl Pts',(-43.859750809698,10.0662603079864,87.0031086148114));
#3275=CARTESIAN_POINT('Ctrl Pts',(-43.9126304617188,9.84431974176472,88.6191586142142));
#3276=CARTESIAN_POINT('Ctrl Pts',(-44.1328157546629,8.81068073971491,92.0046315723825));
#3277=CARTESIAN_POINT('Ctrl Pts',(-44.3175802793322,7.89291868533463,93.7192079306364));
#3278=CARTESIAN_POINT('Ctrl Pts',(-44.6225622608171,5.8814346707277,96.1794290120226));
#3279=CARTESIAN_POINT('Ctrl Pts',(-44.7554759070017,4.83633095837307,97.1213713814195));
#3280=CARTESIAN_POINT('Ctrl Pts',(-44.9234882188465,2.76556488988521,98.2728486059759));
#3281=CARTESIAN_POINT('Ctrl Pts',(-44.9742576486527,1.82020448295238,98.6057221822743));
#3282=CARTESIAN_POINT('Ctrl Pts',(-45.0014759336565,0.330173352612013,98.7847672574975));
#3283=CARTESIAN_POINT('Ctrl Pts',(-45.0023502722499,-0.160448580219711,
98.7904774337546));
#3284=CARTESIAN_POINT('Ctrl Pts',(-44.9953412739171,-0.647505709419579,
98.744405763629));
#3285=CARTESIAN_POINT('Ctrl Pts',(-39.063715325149,3.73601325767005,73.8733010203125));
#3286=CARTESIAN_POINT('Ctrl Pts',(-39.0692886026997,3.71652954962997,73.8669063340836));
#3287=CARTESIAN_POINT('Ctrl Pts',(-39.0749038493603,3.69701851851451,73.8605899062884));
#3288=CARTESIAN_POINT('Ctrl Pts',(-39.2536848571279,3.07952799177946,73.6634384190329));
#3289=CARTESIAN_POINT('Ctrl Pts',(-39.4621521359039,2.46848966933409,73.5498432845587));
#3290=CARTESIAN_POINT('Ctrl Pts',(-39.9222472593614,1.2318163831801,73.4629002354447));
#3291=CARTESIAN_POINT('Ctrl Pts',(-40.1729607724253,0.609949105815369,73.4922556106079));
#3292=CARTESIAN_POINT('Ctrl Pts',(-40.4279114564555,-1.25267412588021E-14,
73.5845727346924));
#3293=CARTESIAN_POINT('Ctrl Pts',(-40.9240009277542,-1.18685435410431,73.7642057231392));
#3294=CARTESIAN_POINT('Ctrl Pts',(-41.463748569578,-2.39674453111371,74.1919368753544));
#3295=CARTESIAN_POINT('Ctrl Pts',(-42.5624824689697,-4.88372466747295,75.6517276486232));
#3296=CARTESIAN_POINT('Ctrl Pts',(-43.076495226077,-6.06691476134698,76.7051923703456));
#3297=CARTESIAN_POINT('Ctrl Pts',(-43.7546391383369,-7.67379255643672,78.7640889829373));
#3298=CARTESIAN_POINT('Ctrl Pts',(-43.9767498370635,-8.21090727477214,79.6387690928597));
#3299=CARTESIAN_POINT('Ctrl Pts',(-44.1608427165437,-8.64985378678021,80.5709521240438));
#3300=CARTESIAN_POINT('Origin',(-3.33066907387547E-15,46.9846310392954,
32.8989928337166));
#3301=CARTESIAN_POINT('Origin',(0.,0.,100.));
#3302=CARTESIAN_POINT('Origin',(0.,100.,-80.));
#3303=CARTESIAN_POINT('',(-33.9117494949205,-5.03877757735229,27.1973463031858));
#3304=CARTESIAN_POINT('Ctrl Pts',(-33.9117494949707,-5.03877757748445,27.1973463032053));
#3305=CARTESIAN_POINT('Ctrl Pts',(-33.8330835249737,-4.99953507885152,27.6670879699521));
#3306=CARTESIAN_POINT('Ctrl Pts',(-33.7515917485052,-4.95136488999678,28.1347767238642));
#3307=CARTESIAN_POINT('Ctrl Pts',(-32.7814959461216,-4.29936037243573,33.512058777961));
#3308=CARTESIAN_POINT('Ctrl Pts',(-31.5155107799579,-2.72267175580921,38.7126083808217));
#3309=CARTESIAN_POINT('Ctrl Pts',(-29.9337186423412,0.0503535150473494,
44.379435433621));
#3310=CARTESIAN_POINT('Ctrl Pts',(-29.7815057969713,0.324633195588614,44.9176861162725));
#3311=CARTESIAN_POINT('Ctrl Pts',(-29.6286818488722,0.607776603114223,45.4520668040896));
#3312=CARTESIAN_POINT('',(-12.3214207684953,16.4926045168857,-10.4733676572691));
#3313=CARTESIAN_POINT('Ctrl Pts',(-12.3214207464665,16.4926045141768,-10.4733676598929));
#3314=CARTESIAN_POINT('Ctrl Pts',(-12.1479852098299,17.1901835990951,-9.73746622794594));
#3315=CARTESIAN_POINT('Ctrl Pts',(-12.0681695777089,17.848490396451,-9.01380776340315));
#3316=CARTESIAN_POINT('Ctrl Pts',(-12.1324200586889,19.461368213843,-7.14449791670757));
#3317=CARTESIAN_POINT('Ctrl Pts',(-12.4338416677015,20.4658506522334,-5.893474592272));
#3318=CARTESIAN_POINT('Ctrl Pts',(-13.9824944063835,22.4776997037455,-2.89319180766387));
#3319=CARTESIAN_POINT('Ctrl Pts',(-15.1605197955383,23.2937022810396,-1.36436413047833));
#3320=CARTESIAN_POINT('Ctrl Pts',(-18.462440121506,24.7899895923165,2.47988061959038));
#3321=CARTESIAN_POINT('Ctrl Pts',(-21.0442656831978,25.2476755345681,5.06661409838666));
#3322=CARTESIAN_POINT('Ctrl Pts',(-25.1532228547955,24.6403656176818,9.49970412305357));
#3323=CARTESIAN_POINT('Ctrl Pts',(-26.6042165687068,24.141609418325,11.1337971332015));
#3324=CARTESIAN_POINT('Ctrl Pts',(-28.8650822276965,22.8023125297864,13.9093728444641));
#3325=CARTESIAN_POINT('Ctrl Pts',(-29.7299438186527,22.1086194395024,15.0441625273769));
#3326=CARTESIAN_POINT('Ctrl Pts',(-31.2817072833848,20.4538290224352,17.2554871108316));
#3327=CARTESIAN_POINT('Ctrl Pts',(-31.961393760467,19.5015332633789,18.3212075714623));
#3328=CARTESIAN_POINT('Ctrl Pts',(-33.3439703745012,16.9485000113766,20.7410227930615));
#3329=CARTESIAN_POINT('Ctrl Pts',(-33.9406677083478,15.2611917045734,22.0258502011439));
#3330=CARTESIAN_POINT('Ctrl Pts',(-34.9495030152172,10.6240645623658,24.833291811079));
#3331=CARTESIAN_POINT('Ctrl Pts',(-35.096728257684,7.52688685297122,26.1095724772684));
#3332=CARTESIAN_POINT('Ctrl Pts',(-34.8018332475244,1.34822745383447,27.4806160982809));
#3333=CARTESIAN_POINT('Ctrl Pts',(-34.4130974666702,-1.67392237920416,27.6586222352727));
#3334=CARTESIAN_POINT('Ctrl Pts',(-33.9525551021714,-4.76703728969531,27.238068290659));
#3335=CARTESIAN_POINT('Ctrl Pts',(-33.9321816114716,-4.90305219743565,27.2183187552683));
#3336=CARTESIAN_POINT('Ctrl Pts',(-33.9117494950165,-5.03877757735113,27.1973463030848));
#3337=CARTESIAN_POINT('',(-11.055932454588,16.9263991426239,-10.6533749106529));
#3338=CARTESIAN_POINT('Ctrl Pts',(-11.0559324545926,16.9263991425745,-10.6533749107872));
#3339=CARTESIAN_POINT('Ctrl Pts',(-11.4814292260735,16.7945767748081,-10.59023312425));
#3340=CARTESIAN_POINT('Ctrl Pts',(-11.9035000246253,16.6498116819067,-10.5302141870845));
#3341=CARTESIAN_POINT('Ctrl Pts',(-12.3214207682857,16.4926045245024,-10.473367634665));
#3342=CARTESIAN_POINT('',(-9.36208770943529,27.8985870611813,0.));
#3343=CARTESIAN_POINT('Ctrl Pts',(-9.36208770943528,27.8985870611813,-1.346145417358E-14));
#3344=CARTESIAN_POINT('Ctrl Pts',(-9.67855583517371,27.2964350100365,-0.424431853322348));
#3345=CARTESIAN_POINT('Ctrl Pts',(-9.98032896020192,26.6055474351749,-0.937794771632863));
#3346=CARTESIAN_POINT('Ctrl Pts',(-10.2236163613426,25.883441828745,-1.51752708084086));
#3347=CARTESIAN_POINT('Ctrl Pts',(-10.7004017264811,24.4682868161304,-2.65366433839033));
#3348=CARTESIAN_POINT('Ctrl Pts',(-10.9145067144061,23.1004787196167,-3.90774852854194));
#3349=CARTESIAN_POINT('Ctrl Pts',(-11.0109732879988,21.777611064279,-5.24571293509798));
#3350=CARTESIAN_POINT('Ctrl Pts',(-11.1044734545854,20.4954224103273,-6.54253410579882));
#3351=CARTESIAN_POINT('Ctrl Pts',(-11.0891308542757,19.2143977072533,-7.95417997559519));
#3352=CARTESIAN_POINT('Ctrl Pts',(-11.0692405370435,17.862817492861,-9.53993756800227));
#3353=CARTESIAN_POINT('Ctrl Pts',(-11.0646893750763,17.5535584501063,-9.90277942514608));
#3354=CARTESIAN_POINT('Ctrl Pts',(-11.0598974088417,17.2414664558571,-10.2738809701853));
#3355=CARTESIAN_POINT('Ctrl Pts',(-11.055932454579,16.9263991426644,-10.6533749106866));
#3356=CARTESIAN_POINT('',(16.3327193697109,23.8242843028157,1.19326758147367E-10));
#3357=CARTESIAN_POINT('Ctrl Pts',(16.332719369503,23.824284302544,2.61059630953291E-18));
#3358=CARTESIAN_POINT('Ctrl Pts',(14.8462355653689,24.9616317241983,-3.09770482152525E-18));
#3359=CARTESIAN_POINT('Ctrl Pts',(13.2936883600433,25.9584617664851,0.));
#3360=CARTESIAN_POINT('Ctrl Pts',(10.0530727858962,27.6711476500389,0.));
#3361=CARTESIAN_POINT('Ctrl Pts',(8.09182119405594,28.4804096339222,2.64697796016969E-22));
#3362=CARTESIAN_POINT('Ctrl Pts',(4.03314307299658,29.5559273471245,2.64697796016969E-22));
#3363=CARTESIAN_POINT('Ctrl Pts',(1.93456675533569,29.8178394301657,0.));
#3364=CARTESIAN_POINT('Ctrl Pts',(-1.93456675533565,29.8178394301657,0.));
#3365=CARTESIAN_POINT('Ctrl Pts',(-4.03314307299653,29.5559273471245,2.64697796016969E-22));
#3366=CARTESIAN_POINT('Ctrl Pts',(-7.19375483303371,28.7183901413931,2.64697796016969E-22));
#3367=CARTESIAN_POINT('Ctrl Pts',(-8.30497903948715,28.3369201854692,-5.08390487379905E-18));
#3368=CARTESIAN_POINT('Ctrl Pts',(-9.3620877094353,27.8985870611813,-2.62376353723563E-18));
#3369=CARTESIAN_POINT('',(34.6973020414149,11.3959836354725,24.2656202949269));
#3370=CARTESIAN_POINT('Ctrl Pts',(34.6973020452725,11.395983634292,24.2656202915633));
#3371=CARTESIAN_POINT('Ctrl Pts',(34.41910928458,13.4269793553139,23.233736898164));
#3372=CARTESIAN_POINT('Ctrl Pts',(33.9380561930648,15.3120782397729,21.9965488406297));
#3373=CARTESIAN_POINT('Ctrl Pts',(32.6979642811335,18.253551498527,19.5660418603031));
#3374=CARTESIAN_POINT('Ctrl Pts',(32.0474934277532,19.3843219492966,18.4537217076393));
#3375=CARTESIAN_POINT('Ctrl Pts',(30.594222972264,21.2571859972525,16.2461345668044));
#3376=CARTESIAN_POINT('Ctrl Pts',(29.8223207769242,22.0198405339433,15.1720583490551));
#3377=CARTESIAN_POINT('Ctrl Pts',(27.9223973218188,23.4475902999206,12.7164681259357));
#3378=CARTESIAN_POINT('Ctrl Pts',(26.7655832075583,24.036720235189,11.3392609615028));
#3379=CARTESIAN_POINT('Ctrl Pts',(23.2323224760708,25.1593529125475,7.35861750485805));
#3380=CARTESIAN_POINT('Ctrl Pts',(20.8400444939956,25.1413269215691,4.92470243632857));
#3381=CARTESIAN_POINT('Ctrl Pts',(17.8927544073626,24.4504909601759,1.76744112854009));
#3382=CARTESIAN_POINT('Ctrl Pts',(17.0811893859995,24.1724011630079,0.876773668064822));
#3383=CARTESIAN_POINT('Ctrl Pts',(16.3327193693892,23.8242843029773,3.29741234317282E-10));
#3384=CARTESIAN_POINT('',(34.9016977663602,28.4054834986482,44.9902748284374));
#3385=CARTESIAN_POINT('Ctrl Pts',(34.9016977630512,28.4054835008907,44.9902748272199));
#3386=CARTESIAN_POINT('Ctrl Pts',(35.1154592079267,26.2791701918465,40.4923813783498));
#3387=CARTESIAN_POINT('Ctrl Pts',(34.9334749789624,23.7785075229556,36.1276600337846));
#3388=CARTESIAN_POINT('Ctrl Pts',(34.7747018756846,21.2716562652267,32.6773089791128));
#3389=CARTESIAN_POINT('Ctrl Pts',(34.7102686036143,20.2543263409862,31.2770881378364));
#3390=CARTESIAN_POINT('Ctrl Pts',(34.6548724724435,19.296254843538,30.1101554346391));
#3391=CARTESIAN_POINT('Ctrl Pts',(34.6189317228422,18.3933759183875,29.133375516459));
#3392=CARTESIAN_POINT('Ctrl Pts',(34.5795094302603,17.4030360521297,28.0619759449467));
#3393=CARTESIAN_POINT('Ctrl Pts',(34.5626199682297,16.4778491078597,27.2175107069846));
#3394=CARTESIAN_POINT('Ctrl Pts',(34.5644918585975,15.6049820131455,26.5410773306475));
#3395=CARTESIAN_POINT('Ctrl Pts',(34.5660588626569,14.8742841559387,25.9748188227648));
#3396=CARTESIAN_POINT('Ctrl Pts',(34.580531808852,14.1096602569103,25.4696023690672));
#3397=CARTESIAN_POINT('Ctrl Pts',(34.6104384644172,13.2800012108535,25.0424146070709));
#3398=CARTESIAN_POINT('Ctrl Pts',(34.6319412012336,12.6834804773401,24.7352687278748));
#3399=CARTESIAN_POINT('Ctrl Pts',(34.6614114019059,12.056901768499,24.4714683637773));
#3400=CARTESIAN_POINT('Ctrl Pts',(34.6973020475809,11.3959836306828,24.2656203113803));
#3401=CARTESIAN_POINT('Ctrl Pts',(-34.8221130684848,28.5029900439526,46.0850992875558));
#3402=CARTESIAN_POINT('Ctrl Pts',(-34.8477896871165,28.4716209098431,45.7756584728142));
#3403=CARTESIAN_POINT('Ctrl Pts',(-34.8707985964435,28.4434251719567,45.4661214633142));
#3404=CARTESIAN_POINT('Ctrl Pts',(-35.1208208087768,28.1364585610046,41.648389357493));
#3405=CARTESIAN_POINT('Ctrl Pts',(-35.0097700742913,28.2884165127782,38.13974538719));
#3406=CARTESIAN_POINT('Ctrl Pts',(-33.962259926459,29.5297867977044,32.3875571475339));
#3407=CARTESIAN_POINT('Ctrl Pts',(-33.3033116796438,30.2926327720766,30.1892591777782));
#3408=CARTESIAN_POINT('Ctrl Pts',(-31.4325578691762,32.2315165656953,26.0151916541666));
#3409=CARTESIAN_POINT('Ctrl Pts',(-30.2305343924868,33.3854563237681,24.1174570422269));
#3410=CARTESIAN_POINT('Ctrl Pts',(-27.0259796511224,36.0543564257219,20.316951855641));
#3411=CARTESIAN_POINT('Ctrl Pts',(-24.9181975512361,37.5717023841046,18.5368132988648));
#3412=CARTESIAN_POINT('Ctrl Pts',(-19.1867644088851,40.8886188256423,14.9234200028631));
#3413=CARTESIAN_POINT('Ctrl Pts',(-15.1909981071844,42.6114334808261,13.3012392991213));
#3414=CARTESIAN_POINT('Ctrl Pts',(-6.43633572457413,44.7517549540509,11.318575328916));
#3415=CARTESIAN_POINT('Ctrl Pts',(-1.97232986943315,45.1782754851941,10.9468620164896));
#3416=CARTESIAN_POINT('Ctrl Pts',(6.78613504620335,44.693046290538,11.3833440236639));
#3417=CARTESIAN_POINT('Ctrl Pts',(10.962848160906,43.8361222065886,12.1427763335104));
#3418=CARTESIAN_POINT('Ctrl Pts',(19.0972218925568,40.9964730244547,14.8635662109115));
#3419=CARTESIAN_POINT('Ctrl Pts',(22.7322056710413,38.9992663656,16.8545694211285));
#3420=CARTESIAN_POINT('Ctrl Pts',(27.8975805079757,35.4139576760113,21.1739283745086));
#3421=CARTESIAN_POINT('Ctrl Pts',(29.7866632470563,33.7929536412752,23.3676724582332));
#3422=CARTESIAN_POINT('Ctrl Pts',(32.2830584527622,31.3818091720038,27.7118785455887));
#3423=CARTESIAN_POINT('Ctrl Pts',(33.0880979491874,30.5121964894057,29.6350506001131));
#3424=CARTESIAN_POINT('Ctrl Pts',(34.5863411970594,28.820553356459,34.8488856837696));
#3425=CARTESIAN_POINT('Ctrl Pts',(34.9733479252087,28.3172484968992,38.1345251780058));
#3426=CARTESIAN_POINT('Ctrl Pts',(35.0072691909715,28.275276998715,42.690649709423));
#3427=CARTESIAN_POINT('Ctrl Pts',(34.9732066594233,28.3176208274968,43.8427198407443));
#3428=CARTESIAN_POINT('Ctrl Pts',(34.9016977632373,28.4054835065985,44.990274827634));
#3429=CARTESIAN_POINT('',(29.5502328968592,33.9379394740072,65.9198520105087));
#3430=CARTESIAN_POINT('Ctrl Pts',(29.5502328968592,33.9379394740072,65.9198520105087));
#3431=CARTESIAN_POINT('Ctrl Pts',(29.2018735576034,34.2412607647617,66.6596468322033));
#3432=CARTESIAN_POINT('Ctrl Pts',(28.8367568111521,34.5497390238499,67.3901789955666));
#3433=CARTESIAN_POINT('Ctrl Pts',(26.1302635104534,36.7588520723152,72.4900213781693));
#3434=CARTESIAN_POINT('Ctrl Pts',(23.1391371443168,38.8143874474108,76.5502951052606));
#3435=CARTESIAN_POINT('Ctrl Pts',(16.5232740822943,41.9798853741188,82.4347623064403));
#3436=CARTESIAN_POINT('Ctrl Pts',(13.1675869031932,43.2031969762119,84.5646673003053));
#3437=CARTESIAN_POINT('Ctrl Pts',(7.03265737579931,44.5125094808912,86.810103911757));
#3438=CARTESIAN_POINT('Ctrl Pts',(4.56098639049848,44.8408007993535,87.3613350278409));
#3439=CARTESIAN_POINT('Ctrl Pts',(1.3441083813662,44.9849204382521,87.6038493712077));
#3440=CARTESIAN_POINT('Ctrl Pts',(0.672490073751124,45.,87.6291909610316));
#3441=CARTESIAN_POINT('Ctrl Pts',(3.72211574808449E-14,45.,87.6291909610316));
#3442=CARTESIAN_POINT('Ctrl Pts',(-2.35671374202372,45.,87.6291909610316));
#3443=CARTESIAN_POINT('Ctrl Pts',(-4.67577097339026,44.8142857017797,87.3184658259672));
#3444=CARTESIAN_POINT('Ctrl Pts',(-10.4789823980021,43.9104326151506,85.782696840664));
#3445=CARTESIAN_POINT('Ctrl Pts',(-13.7203079369553,42.9691997411046,84.1711132980876));
#3446=CARTESIAN_POINT('Ctrl Pts',(-19.779381911693,40.564474369067,79.8401425333941));
#3447=CARTESIAN_POINT('Ctrl Pts',(-22.4963300464581,39.0686884963508,77.0402500918956));
#3448=CARTESIAN_POINT('Ctrl Pts',(-28.0919954159714,35.3784160574931,69.4930483977613));
#3449=CARTESIAN_POINT('Ctrl Pts',(-30.5950561737389,33.0897697433063,64.2755728122589));
#3450=CARTESIAN_POINT('Ctrl Pts',(-32.5005034104264,31.1255655817722,58.2114955080917));
#3451=CARTESIAN_POINT('Ctrl Pts',(-32.6924199640307,30.9237224214496,57.5624516305333));
#3452=CARTESIAN_POINT('Ctrl Pts',(-32.8742885663127,30.7291579978821,56.9061724277901));
#3453=CARTESIAN_POINT('',(21.7687633256667,28.7072910002937,73.0368327769977));
#3454=CARTESIAN_POINT('Ctrl Pts',(21.7687633256666,28.7072910002935,73.0368327769969));
#3455=CARTESIAN_POINT('Ctrl Pts',(23.1313639748793,30.2520952143285,72.5625073774423));
#3456=CARTESIAN_POINT('Ctrl Pts',(24.6599445179831,31.6161257775185,71.6565984540892));
#3457=CARTESIAN_POINT('Ctrl Pts',(26.159544614776,32.5524083347947,70.2276435817751));
#3458=CARTESIAN_POINT('Ctrl Pts',(27.3606315518134,33.3023127601982,69.0831391005983));
#3459=CARTESIAN_POINT('Ctrl Pts',(28.5324436477776,33.7702840847616,67.604172871218));
#3460=CARTESIAN_POINT('Ctrl Pts',(29.5502328968592,33.9379394740072,65.9198520105087));
#3461=CARTESIAN_POINT('',(-23.2125003234949,22.1119468919089,68.4208671211328));
#3462=CARTESIAN_POINT('Ctrl Pts',(-23.2125003234949,22.1119468919089,68.4208671211328));
#3463=CARTESIAN_POINT('Ctrl Pts',(-23.0978819829684,23.2460524592685,69.1307252383494));
#3464=CARTESIAN_POINT('Ctrl Pts',(-22.9220365332368,24.3797791446278,69.8822324035934));
#3465=CARTESIAN_POINT('Ctrl Pts',(-22.1983106287461,27.7143870793851,72.2186585940903));
#3466=CARTESIAN_POINT('Ctrl Pts',(-21.4422129152114,29.8186046014236,73.8745129370793));
#3467=CARTESIAN_POINT('Ctrl Pts',(-20.1325312384046,32.3333918276008,76.0155024613802));
#3468=CARTESIAN_POINT('Ctrl Pts',(-19.6811667633874,33.0964019340112,76.6866576325164));
#3469=CARTESIAN_POINT('Ctrl Pts',(-18.6731857439352,34.5591847035606,78.0180309051471));
#3470=CARTESIAN_POINT('Ctrl Pts',(-18.1159795721074,35.2589937149288,78.6777625546438));
#3471=CARTESIAN_POINT('Ctrl Pts',(-16.8137157890655,36.7038363176114,80.0741414971806));
#3472=CARTESIAN_POINT('Ctrl Pts',(-15.9033731007524,37.5619006479727,80.9351529219894));
#3473=CARTESIAN_POINT('Ctrl Pts',(-13.8763608833106,39.1171308903235,82.5478158981958));
#3474=CARTESIAN_POINT('Ctrl Pts',(-12.7582258645355,39.8142304156624,83.2976886228911));
#3475=CARTESIAN_POINT('Ctrl Pts',(-10.8261475203984,40.804841435098,84.3842549602415));
#3476=CARTESIAN_POINT('Ctrl Pts',(-9.86765147707896,41.2255997791803,84.8545480159504));
#3477=CARTESIAN_POINT('Ctrl Pts',(-7.8554801856885,41.9421524124756,85.6663814516946));
#3478=CARTESIAN_POINT('Ctrl Pts',(-6.80140749373094,42.2377903995197,86.0070744269063));
#3479=CARTESIAN_POINT('Ctrl Pts',(-4.93107286505886,42.6475267228873,86.4820986524912));
#3480=CARTESIAN_POINT('Ctrl Pts',(-3.94472262891298,42.81260874623,86.6752570571045));
#3481=CARTESIAN_POINT('Ctrl Pts',(-1.94306848208464,43.0274252374488,86.9273475881613));
#3482=CARTESIAN_POINT('Ctrl Pts',(-0.927724108171826,43.0770953827574,86.9860131633374));
#3483=CARTESIAN_POINT('Ctrl Pts',(0.927724108171882,43.0770953827574,86.9860131633374));
#3484=CARTESIAN_POINT('Ctrl Pts',(1.9430684820847,43.0274252374488,86.9273475881613));
#3485=CARTESIAN_POINT('Ctrl Pts',(3.94472262891304,42.81260874623,86.6752570571045));
#3486=CARTESIAN_POINT('Ctrl Pts',(4.93107286505892,42.6475267228873,86.4820986524912));
#3487=CARTESIAN_POINT('Ctrl Pts',(6.801407493731,42.2377903995197,86.0070744269063));
#3488=CARTESIAN_POINT('Ctrl Pts',(7.85548018568856,41.9421524124756,85.6663814516946));
#3489=CARTESIAN_POINT('Ctrl Pts',(9.86765147707901,41.2255997791803,84.8545480159504));
#3490=CARTESIAN_POINT('Ctrl Pts',(10.8261475203985,40.804841435098,84.3842549602415));
#3491=CARTESIAN_POINT('Ctrl Pts',(12.7582258645355,39.8142304156624,83.2976886228911));
#3492=CARTESIAN_POINT('Ctrl Pts',(13.8763608833106,39.1171308903234,82.5478158981958));
#3493=CARTESIAN_POINT('Ctrl Pts',(15.9033731007525,37.5619006479727,80.9351529219894));
#3494=CARTESIAN_POINT('Ctrl Pts',(16.8137157890655,36.7038363176114,80.0741414971806));
#3495=CARTESIAN_POINT('Ctrl Pts',(18.1159795721074,35.2589937149288,78.6777625546438));
#3496=CARTESIAN_POINT('Ctrl Pts',(18.6731857439352,34.5591847035606,78.0180309051471));
#3497=CARTESIAN_POINT('Ctrl Pts',(19.6811667633874,33.0964019340112,76.6866576325164));
#3498=CARTESIAN_POINT('Ctrl Pts',(20.1325312384046,32.3333918276008,76.0155024613802));
#3499=CARTESIAN_POINT('Ctrl Pts',(20.9748115496604,30.7160860309963,74.6385928238261));
#3500=CARTESIAN_POINT('Ctrl Pts',(21.4016203989728,29.7395037160678,73.8394010787508));
#3501=CARTESIAN_POINT('Ctrl Pts',(21.7687633256661,28.7072910002936,73.0368327769975));
#3502=CARTESIAN_POINT('Ctrl Pts',(-27.0200283875162,6.28186246828865,54.1797603316611));
#3503=CARTESIAN_POINT('Ctrl Pts',(-26.145062529305,8.51725236857536,57.0373199220254));
#3504=CARTESIAN_POINT('Ctrl Pts',(-25.3269868102291,11.0182953965111,59.704280257101));
#3505=CARTESIAN_POINT('Ctrl Pts',(-24.1345524707922,15.8578081254581,64.0263466261532));
#3506=CARTESIAN_POINT('Ctrl Pts',(-23.5636351575316,18.6375991710668,66.2462071929441));
#3507=CARTESIAN_POINT('Ctrl Pts',(-23.2125003234949,22.1119468919089,68.4208671211328));
#3508=CARTESIAN_POINT('Origin',(0.,0.,100.));
#3509=CARTESIAN_POINT('',(-45.,-5.51091059616309E-15,100.));
#3510=CARTESIAN_POINT('Ctrl Pts',(-39.0827411282297,15.8951268872891,84.3512209057459));
#3511=CARTESIAN_POINT('Ctrl Pts',(-39.8748557561254,15.2237561458273,85.6475832417336));
#3512=CARTESIAN_POINT('Ctrl Pts',(-40.5878582901737,14.5049439341245,86.962665758659));
#3513=CARTESIAN_POINT('Ctrl Pts',(-42.2426027575857,12.4676066264557,90.3962385152445));
#3514=CARTESIAN_POINT('Ctrl Pts',(-42.9798053805872,11.1477336520864,92.3486943517248));
#3515=CARTESIAN_POINT('Ctrl Pts',(-44.1196898289622,8.22938756485078,95.8931105320106));
#3516=CARTESIAN_POINT('Ctrl Pts',(-44.485572639363,6.60297217839012,97.4434918650026));
#3517=CARTESIAN_POINT('Ctrl Pts',(-44.8077775593862,4.12396278312258,98.9659275751483));
#3518=CARTESIAN_POINT('Ctrl Pts',(-44.8825777393339,3.3096551411422,99.35676051997));
#3519=CARTESIAN_POINT('Ctrl Pts',(-44.9772253407799,1.65211934233787,99.8679877530782));
#3520=CARTESIAN_POINT('Ctrl Pts',(-45.,0.835349840678942,100.));
#3521=CARTESIAN_POINT('Ctrl Pts',(-45.,-7.35522753814166E-15,100.));
#3522=CARTESIAN_POINT('Origin',(0.,0.,100.));
#3523=CARTESIAN_POINT('Ctrl Pts',(19.5277201566059,15.5475634802379,-37.4425081333137));
#3524=CARTESIAN_POINT('Ctrl Pts',(19.9765642327903,13.3802414859993,-34.3760693380542));
#3525=CARTESIAN_POINT('Ctrl Pts',(20.7014243725509,8.52296783756041,-30.5792774220327));
#3526=CARTESIAN_POINT('Ctrl Pts',(21.4120047668281,3.36404700867974,-28.4460717866956));
#3527=CARTESIAN_POINT('Ctrl Pts',(21.8866275680277,0.348979350349847,-27.5351906831885));
#3528=CARTESIAN_POINT('Ctrl Pts',(22.2714316414638,-1.52593771744511,-26.9667148411629));
#3529=CARTESIAN_POINT('Ctrl Pts',(22.7463336441779,-3.19828853330262,-26.3776445329797));
#3530=CARTESIAN_POINT('Ctrl Pts',(23.1097714319917,-3.96038325132798,-26.0121274547413));
#3531=CARTESIAN_POINT('Ctrl Pts',(23.3678588284925,-4.38729245752513,-25.7876960981628));
#3532=CARTESIAN_POINT('Ctrl Pts',(19.490701857561,14.0569319741489,-38.2382744441164));
#3533=CARTESIAN_POINT('Ctrl Pts',(19.9192994076922,12.0305796792753,-35.2509124407946));
#3534=CARTESIAN_POINT('Ctrl Pts',(20.6267371730581,7.38332641310348,-31.3566307462872));
#3535=CARTESIAN_POINT('Ctrl Pts',(21.3446007573751,2.21119133532685,-29.0232309177189));
#3536=CARTESIAN_POINT('Ctrl Pts',(21.8327731653358,-0.888490719374477,-28.0073251595297));
#3537=CARTESIAN_POINT('Ctrl Pts',(22.2290122364228,-2.84280593402236,-27.3856882779413));
#3538=CARTESIAN_POINT('Ctrl Pts',(22.7156723354091,-4.59823815339717,-26.7610129398674));
#3539=CARTESIAN_POINT('Ctrl Pts',(23.0846257944459,-5.40157120151966,-26.386112768729));
#3540=CARTESIAN_POINT('Ctrl Pts',(23.3455589116027,-5.85061956123194,-26.1572795738074));
#3541=CARTESIAN_POINT('Ctrl Pts',(19.4243583204691,12.565165523164,-39.0305505013138));
#3542=CARTESIAN_POINT('Ctrl Pts',(19.8357436346872,10.6798863261879,-36.1224019318231));
#3543=CARTESIAN_POINT('Ctrl Pts',(20.5327183416268,6.24282413465913,-32.1308657252059));
#3544=CARTESIAN_POINT('Ctrl Pts',(21.2604880062765,1.05735078584344,-29.5966106110414));
#3545=CARTESIAN_POINT('Ctrl Pts',(21.761630893455,-2.12731902673318,-28.4740393100328));
#3546=CARTESIAN_POINT('Ctrl Pts',(22.1684005637622,-4.1615157036265,-27.7971263741366));
#3547=CARTESIAN_POINT('Ctrl Pts',(22.6660927275404,-6.00072618474763,-27.1337447640986));
#3548=CARTESIAN_POINT('Ctrl Pts',(23.040789382928,-6.84582231697544,-26.7470777166981));
#3549=CARTESIAN_POINT('Ctrl Pts',(23.305011786582,-7.31733866163461,-26.5123316961885));
#3550=CARTESIAN_POINT('Ctrl Pts',(19.3287301003299,11.0731760260299,-39.8188519961572));
#3551=CARTESIAN_POINT('Ctrl Pts',(19.7259438326814,9.3288935974156,-36.990054732626));
#3552=CARTESIAN_POINT('Ctrl Pts',(20.4194057547703,5.10191762047219,-32.9016799653887));
#3553=CARTESIAN_POINT('Ctrl Pts',(21.1596963009317,-0.097063228884467,-30.1660058841473));
#3554=CARTESIAN_POINT('Ctrl Pts',(21.6732276095264,-3.36704270989849,-28.9351578679404));
#3555=CARTESIAN_POINT('Ctrl Pts',(22.0896214794604,-5.48152865153056,-28.2008603370528));
#3556=CARTESIAN_POINT('Ctrl Pts',(22.5976173364758,-7.4051223558265,-27.4956717850464));
#3557=CARTESIAN_POINT('Ctrl Pts',(22.9782830383934,-8.2924516834639,-27.0948509649495));
#3558=CARTESIAN_POINT('Ctrl Pts',(23.2462372233981,-8.78673461581521,-26.8526793489878));
#3559=CARTESIAN_POINT('',(23.246237223398,-4.17706391293249,-25.8960187631328));
#3560=CARTESIAN_POINT('',(23.246237223398,-8.78673461581512,-26.8526793489879));
#3561=CARTESIAN_POINT('Ctrl Pts',(23.2463122126448,-4.17769331190261,-25.8958915840254));
#3562=CARTESIAN_POINT('Ctrl Pts',(23.2463061500494,-4.58621700007735,-25.9915979876625));
#3563=CARTESIAN_POINT('Ctrl Pts',(23.2462973451366,-4.99514120115894,-26.0843836782759));
#3564=CARTESIAN_POINT('Ctrl Pts',(23.2462893935669,-5.40470016501891,-26.1743669012028));
#3565=CARTESIAN_POINT('Ctrl Pts',(23.2462826322677,-5.75295224438665,-26.2508805347884));
#3566=CARTESIAN_POINT('Ctrl Pts',(23.2462763751417,-6.10166200796756,-26.3253678000362));
#3567=CARTESIAN_POINT('Ctrl Pts',(23.2462691909583,-6.45094432822524,-26.3978987147759));
#3568=CARTESIAN_POINT('Ctrl Pts',(23.2462595554582,-6.91940534532267,-26.4951779187874));
#3569=CARTESIAN_POINT('Ctrl Pts',(23.2462488055503,-7.38842696322294,-26.5888399455969));
#3570=CARTESIAN_POINT('Ctrl Pts',(23.2462429648451,-7.85817375846952,-26.6790363298309));
#3571=CARTESIAN_POINT('Ctrl Pts',(23.2462391203886,-8.16736948840812,-26.7384052007701));
#3572=CARTESIAN_POINT('Ctrl Pts',(23.246237223398,-8.47687802049664,-26.7962724673252));
#3573=CARTESIAN_POINT('Ctrl Pts',(23.246237223398,-8.78673461581512,-26.8526793489879));
#3574=CARTESIAN_POINT('',(19.4224513504996,10.6561079868932,-39.1700903793937));
#3575=CARTESIAN_POINT('Ctrl Pts',(23.2462372233981,-8.78673461581521,-26.8526793489878));
#3576=CARTESIAN_POINT('Ctrl Pts',(22.9782830383934,-8.2924516834639,-27.0948509649495));
#3577=CARTESIAN_POINT('Ctrl Pts',(22.5976173364758,-7.4051223558265,-27.4956717850464));
#3578=CARTESIAN_POINT('Ctrl Pts',(22.0896214794604,-5.48152865153056,-28.2008603370528));
#3579=CARTESIAN_POINT('Ctrl Pts',(21.6732276095264,-3.36704270989849,-28.9351578679404));
#3580=CARTESIAN_POINT('Ctrl Pts',(21.1596963009317,-0.097063228884467,-30.1660058841473));
#3581=CARTESIAN_POINT('Ctrl Pts',(20.4387038312897,4.966389305577,-32.8303657387977));
#3582=CARTESIAN_POINT('Ctrl Pts',(19.7798701423621,8.9994875891249,-36.6737869983117));
#3583=CARTESIAN_POINT('Ctrl Pts',(19.4209960737454,10.6574359880927,-39.1694674222099));
#3584=CARTESIAN_POINT('',(19.5277201566059,15.5475634802379,-37.4425081333137));
#3585=CARTESIAN_POINT('Ctrl Pts',(19.4209884714555,10.6574711095464,-39.1695202900733));
#3586=CARTESIAN_POINT('Ctrl Pts',(19.436853492788,11.1655562979932,-39.0233675336793));
#3587=CARTESIAN_POINT('Ctrl Pts',(19.4513119779881,11.6709411867446,-38.8679599148371));
#3588=CARTESIAN_POINT('Ctrl Pts',(19.4642442429005,12.1733569955272,-38.7034175228518));
#3589=CARTESIAN_POINT('Ctrl Pts',(19.4701934175069,12.4044811947066,-38.6277237888692));
#3590=CARTESIAN_POINT('Ctrl Pts',(19.475820041506,12.6349773640779,-38.5500969687602));
#3591=CARTESIAN_POINT('Ctrl Pts',(19.4811141982172,12.8648222915091,-38.4705513512338));
#3592=CARTESIAN_POINT('Ctrl Pts',(19.4904984122005,13.2722363707791,-38.3295519178911));
#3593=CARTESIAN_POINT('Ctrl Pts',(19.4988347059876,13.6775769211039,-38.1825488314238));
#3594=CARTESIAN_POINT('Ctrl Pts',(19.5060839892553,14.0806729009632,-38.0295842074097));
#3595=CARTESIAN_POINT('Ctrl Pts',(19.5126699693987,14.4468859486805,-37.890615713671));
#3596=CARTESIAN_POINT('Ctrl Pts',(19.518359021601,14.8112461705865,-37.7467263774737));
#3597=CARTESIAN_POINT('Ctrl Pts',(19.5231243729401,15.1736516130984,-37.5979837247901));
#3598=CARTESIAN_POINT('Ctrl Pts',(19.524766319546,15.2985218155095,-37.5467330453879));
#3599=CARTESIAN_POINT('Ctrl Pts',(19.5262986108629,15.4231602031542,-37.4949065300259));
#3600=CARTESIAN_POINT('Ctrl Pts',(19.5277201566059,15.5475634802379,-37.4425081333137));
#3601=CARTESIAN_POINT('Ctrl Pts',(19.5277201566059,15.5475634802379,-37.4425081333137));
#3602=CARTESIAN_POINT('Ctrl Pts',(19.9765642327903,13.3802414859993,-34.3760693380542));
#3603=CARTESIAN_POINT('Ctrl Pts',(20.7014243725509,8.52296783756041,-30.5792774220327));
#3604=CARTESIAN_POINT('Ctrl Pts',(21.4120047668281,3.36404700867974,-28.4460717866956));
#3605=CARTESIAN_POINT('Ctrl Pts',(21.8866275680277,0.348979350349847,-27.5351906831885));
#3606=CARTESIAN_POINT('Ctrl Pts',(22.2714316414638,-1.52593771744511,-26.9667148411629));
#3607=CARTESIAN_POINT('Ctrl Pts',(22.7086265797384,-3.0655044228576,-26.4244165237128));
#3608=CARTESIAN_POINT('Ctrl Pts',(23.0329012351898,-3.79350700220518,-26.0903742704487));
#3609=CARTESIAN_POINT('Ctrl Pts',(23.2460511266161,-4.17722334528365,-25.8961295011979));
#3610=CARTESIAN_POINT('Origin',(23.246237223398,1.94134980920822,15.));
#3611=CARTESIAN_POINT('',(23.246237223398,8.04234980920822,-26.5389040948296));
#3612=CARTESIAN_POINT('Ctrl Pts',(23.246237223398,-4.17706391293249,-25.8960187631328));
#3613=CARTESIAN_POINT('Ctrl Pts',(23.246237223398,-3.15698763157512,-25.6570817015664));
#3614=CARTESIAN_POINT('Ctrl Pts',(23.2462372231763,-2.07281082034521,-25.4863943950614));
#3615=CARTESIAN_POINT('Ctrl Pts',(23.2462372231763,0.59269766022197,-25.2871835808592));
#3616=CARTESIAN_POINT('Ctrl Pts',(23.2462372233974,2.13157892776037,-25.3338357605838));
#3617=CARTESIAN_POINT('Ctrl Pts',(23.2462372233974,5.14389373043669,-25.725766660677));
#3618=CARTESIAN_POINT('Ctrl Pts',(23.246237223398,6.61442157175302,-26.0648819090407));
#3619=CARTESIAN_POINT('Ctrl Pts',(23.246237223398,8.04234980920821,-26.5389040948296));
#3620=CARTESIAN_POINT('',(23.246237223398,8.04234980920822,44.3431836113017));
#3621=CARTESIAN_POINT('',(23.246237223398,8.04234980920822,30.));
#3622=CARTESIAN_POINT('',(23.246237223398,-15.1596501907918,44.3431836113017));
#3623=CARTESIAN_POINT('',(23.246237223398,53.0423498092082,44.3431836113017));
#3624=CARTESIAN_POINT('',(23.246237223398,-15.1596501907918,-25.0896172006404));
#3625=CARTESIAN_POINT('',(23.246237223398,-15.1596501907918,15.));
#3626=CARTESIAN_POINT('',(23.246237223398,-14.1596501907918,-25.0896172006404));
#3627=CARTESIAN_POINT('',(23.246237223398,-14.1596501907918,-25.0896172006404));
#3628=CARTESIAN_POINT('',(23.246237223398,-11.7751042559819,-27.633457806106));
#3629=CARTESIAN_POINT('Ctrl Pts',(23.246237223398,-11.7751042559819,-27.633457806106));
#3630=CARTESIAN_POINT('Ctrl Pts',(23.246237223398,-12.6388681141285,-26.8541217905873));
#3631=CARTESIAN_POINT('Ctrl Pts',(23.246237223398,-13.4342764845915,-26.0011272186778));
#3632=CARTESIAN_POINT('Ctrl Pts',(23.246237223398,-14.1596501907918,-25.0896172006404));
#3633=CARTESIAN_POINT('Ctrl Pts',(23.2473007117155,-11.7737109499149,-27.6382809900446));
#3634=CARTESIAN_POINT('Ctrl Pts',(23.2474123759661,-11.48655597748,-27.5388109689539));
#3635=CARTESIAN_POINT('Ctrl Pts',(23.2475219396841,-11.1915466017095,-27.4442274132049));
#3636=CARTESIAN_POINT('Ctrl Pts',(23.24762075782,-10.8889261702392,-27.3552169165663));
#3637=CARTESIAN_POINT('Ctrl Pts',(23.2477188015062,-10.588677411474,-27.2669040058914));
#3638=CARTESIAN_POINT('Ctrl Pts',(23.2478062975221,-10.2809363512558,-27.1840772770193));
#3639=CARTESIAN_POINT('Ctrl Pts',(23.2478797674683,-9.96598961528946,-27.1074218139014));
#3640=CARTESIAN_POINT('Ctrl Pts',(23.2479109075407,-9.83250014567406,-27.0749315673099));
#3641=CARTESIAN_POINT('Ctrl Pts',(23.2479395865654,-9.69771680954895,-27.0435501371206));
#3642=CARTESIAN_POINT('Ctrl Pts',(23.2479657924694,-9.56166416498977,-27.0133303941976));
#3643=CARTESIAN_POINT('Ctrl Pts',(23.2480151313885,-9.30551232960502,-26.9564344577777));
#3644=CARTESIAN_POINT('Ctrl Pts',(23.2480531580465,-9.04688482213914,-26.9041086542991));
#3645=CARTESIAN_POINT('Ctrl Pts',(23.2480885291882,-8.78601874639258,-26.8564696276646));
#3646=CARTESIAN_POINT('Ctrl Pts',(28.5326064407755,18.7215217689756,-35.3936185899032));
#3647=CARTESIAN_POINT('Ctrl Pts',(29.0136586713449,15.8735336775651,-31.5614701725779));
#3648=CARTESIAN_POINT('Ctrl Pts',(29.9757631324837,7.98153357535402,-25.538437351554));
#3649=CARTESIAN_POINT('Ctrl Pts',(30.9378675936226,-1.90416551440954,-24.6254513258785));
#3650=CARTESIAN_POINT('Ctrl Pts',(31.418919824192,-6.59486708411188,-25.5163589783415));
#3651=CARTESIAN_POINT('Ctrl Pts',(27.6702738574003,19.3525018196684,-34.9246848549345));
#3652=CARTESIAN_POINT('Ctrl Pts',(28.1513260879697,16.4168567898528,-30.9745884732937));
#3653=CARTESIAN_POINT('Ctrl Pts',(29.1134305491085,8.28265705742653,-24.7666282197964));
#3654=CARTESIAN_POINT('Ctrl Pts',(30.0755350102473,-1.90648438450223,-23.8256858876767));
#3655=CARTESIAN_POINT('Ctrl Pts',(30.5565872408167,-6.74155893800047,-24.7440143841566));
#3656=CARTESIAN_POINT('Ctrl Pts',(25.4188542411399,20.1490795528784,-34.3326817143964));
#3657=CARTESIAN_POINT('Ctrl Pts',(25.8999064717093,17.1031251394201,-30.234157068179));
#3658=CARTESIAN_POINT('Ctrl Pts',(26.8620109328481,8.66269481357174,-23.7925540340613));
#3659=CARTESIAN_POINT('Ctrl Pts',(27.8241153939869,-1.90999273104765,-22.8161361836985));
#3660=CARTESIAN_POINT('Ctrl Pts',(28.3051676245563,-6.92674936410453,-23.7689716622554));
#3661=CARTESIAN_POINT('Ctrl Pts',(22.4328912285631,19.5770862024161,-34.7577775283053));
#3662=CARTESIAN_POINT('Ctrl Pts',(22.9139434591325,16.6102259572642,-30.7656790967233));
#3663=CARTESIAN_POINT('Ctrl Pts',(23.8760479202713,8.38984079844811,-24.4919057387497));
#3664=CARTESIAN_POINT('Ctrl Pts',(24.8381523814101,-1.90728416136109,-23.5410209567818));
#3665=CARTESIAN_POINT('Ctrl Pts',(25.3192046119795,-6.7937708889544,-24.4691141971173));
#3666=CARTESIAN_POINT('Ctrl Pts',(20.207700406856,18.0109357655849,-35.9217141267123));
#3667=CARTESIAN_POINT('Ctrl Pts',(20.6887526374254,15.2616562457789,-32.2223843463719));
#3668=CARTESIAN_POINT('Ctrl Pts',(21.6508570985642,7.64242202131429,-26.4076136518909));
#3669=CARTESIAN_POINT('Ctrl Pts',(22.612961559703,-1.90154194192021,-25.5261147777397));
#3670=CARTESIAN_POINT('Ctrl Pts',(23.0940137902724,-6.4296682350037,-26.3861444142197));
#3671=CARTESIAN_POINT('Ctrl Pts',(19.5464552474189,16.632865936912,-36.9458723882892));
#3672=CARTESIAN_POINT('Ctrl Pts',(20.0275074779883,14.074008302528,-33.5027673193669));
#3673=CARTESIAN_POINT('Ctrl Pts',(20.9896119391271,6.98509463892061,-28.092408450337));
#3674=CARTESIAN_POINT('Ctrl Pts',(21.9517164002659,-1.89479395172471,-27.2724946502966));
#3675=CARTESIAN_POINT('Ctrl Pts',(22.4327686308353,-6.1092910412493,-28.0729565113949));
#3676=CARTESIAN_POINT('Ctrl Pts',(19.4983279693316,15.6970884223763,-37.6413264593159));
#3677=CARTESIAN_POINT('Ctrl Pts',(19.979380199901,13.2684354248193,-34.3734199786357));
#3678=CARTESIAN_POINT('Ctrl Pts',(20.9414846610398,6.53844601132331,-29.2372128577979));
#3679=CARTESIAN_POINT('Ctrl Pts',(21.9035891221786,-1.89169202180665,-28.458654037741));
#3680=CARTESIAN_POINT('Ctrl Pts',(22.384641352748,-5.89173909442657,-29.2183852835375));
#3681=CARTESIAN_POINT('',(29.1388655604359,14.600095195926,-31.0284342840682));
#3682=CARTESIAN_POINT('Ctrl Pts',(29.1388655604359,14.600095195926,-31.0284342840682));
#3683=CARTESIAN_POINT('Ctrl Pts',(28.8974590075748,14.9642392372419,-31.0837956150739));
#3684=CARTESIAN_POINT('Ctrl Pts',(28.6438621424447,15.306536299247,-31.1515169847687));
#3685=CARTESIAN_POINT('Ctrl Pts',(27.5711376364099,16.6087133569318,-31.4747950279737));
#3686=CARTESIAN_POINT('Ctrl Pts',(26.6758243455857,17.3715058155042,-31.8267437412841));
#3687=CARTESIAN_POINT('Ctrl Pts',(24.9467992848059,18.3760285000359,-32.6498772946211));
#3688=CARTESIAN_POINT('Ctrl Pts',(24.134367976397,18.6561128656893,-33.0953408450069));
#3689=CARTESIAN_POINT('Ctrl Pts',(22.7313151495947,18.829103944168,-33.9754239151099));
#3690=CARTESIAN_POINT('Ctrl Pts',(22.1039029189063,18.7793026987323,-34.4140668446605));
#3691=CARTESIAN_POINT('Ctrl Pts',(21.0702432444928,18.4080401762452,-35.2502165176612));
#3692=CARTESIAN_POINT('Ctrl Pts',(20.6540585785936,18.1387806179134,-35.6339968977993));
#3693=CARTESIAN_POINT('Ctrl Pts',(20.019617949038,17.4292242892525,-36.3421967215371));
#3694=CARTESIAN_POINT('Ctrl Pts',(19.7963959695362,17.01788482027,-36.6580490378335));
#3695=CARTESIAN_POINT('Ctrl Pts',(19.5763554193942,16.2298981599549,-37.1281657276149));
#3696=CARTESIAN_POINT('Ctrl Pts',(19.5316879815945,15.8947984770211,-37.2962534884176));
#3697=CARTESIAN_POINT('Ctrl Pts',(19.5277201566059,15.5475634802379,-37.4425081333137));
#3698=CARTESIAN_POINT('',(27.638088305649,13.5648052982308,-28.9031998852898));
#3699=CARTESIAN_POINT('Ctrl Pts',(27.638088305649,13.5648052982308,-28.9031998852898));
#3700=CARTESIAN_POINT('Ctrl Pts',(27.7929411903146,13.6894069234192,-29.0728666525683));
#3701=CARTESIAN_POINT('Ctrl Pts',(27.9452500507839,13.806418325055,-29.2514028201291));
#3702=CARTESIAN_POINT('Ctrl Pts',(28.40836373977,14.1470748176036,-29.8346831541646));
#3703=CARTESIAN_POINT('Ctrl Pts',(28.7027331298814,14.3415750878442,-30.2648774179645));
#3704=CARTESIAN_POINT('Ctrl Pts',(29.0274195865292,14.5359236379822,-30.8251602893066));
#3705=CARTESIAN_POINT('Ctrl Pts',(29.0838561438679,14.5688395246088,-30.9261859714178));
#3706=CARTESIAN_POINT('Ctrl Pts',(29.1388655604359,14.600095195926,-31.0284342840682));
#3707=CARTESIAN_POINT('',(21.3182572767679,8.04234980920821,-28.8774715738284));
#3708=CARTESIAN_POINT('Ctrl Pts',(21.3182572767679,8.04234980920821,-28.8774715738284));
#3709=CARTESIAN_POINT('Ctrl Pts',(21.5711450454023,9.00121741155719,-28.5407253696448));
#3710=CARTESIAN_POINT('Ctrl Pts',(21.9850789702502,9.83826119779382,-28.2789935648113));
#3711=CARTESIAN_POINT('Ctrl Pts',(22.9942869200055,11.2189494792364,-27.9569215152305));
#3712=CARTESIAN_POINT('Ctrl Pts',(23.5933032798473,11.8024473600048,-27.8775123770713));
#3713=CARTESIAN_POINT('Ctrl Pts',(24.8977584595358,12.7114019745898,-27.9411016087839));
#3714=CARTESIAN_POINT('Ctrl Pts',(25.5683188863202,13.0437355350717,-28.0632932675395));
#3715=CARTESIAN_POINT('Ctrl Pts',(26.7200120158083,13.4210270347956,-28.4482647146999));
#3716=CARTESIAN_POINT('Ctrl Pts',(27.1877241411127,13.5208245889558,-28.6530467111889));
#3717=CARTESIAN_POINT('Ctrl Pts',(27.638088305649,13.5648052982308,-28.9031998852898));
#3718=CARTESIAN_POINT('Ctrl Pts',(23.246237223398,8.04234980920822,-26.5389040948296));
#3719=CARTESIAN_POINT('Ctrl Pts',(22.8155031239477,8.04234980920822,-26.848720096048));
#3720=CARTESIAN_POINT('Ctrl Pts',(22.4292638320074,8.04234980920518,-27.2183232137814));
#3721=CARTESIAN_POINT('Ctrl Pts',(21.7881539993141,8.04234980920518,-28.0171770841475));
#3722=CARTESIAN_POINT('Ctrl Pts',(21.5285168904691,8.04234980920822,-28.4350995864196));
#3723=CARTESIAN_POINT('Ctrl Pts',(21.3182572767679,8.04234980920822,-28.8774715738284));
#3724=CARTESIAN_POINT('Ctrl Pts',(23.1261657330909,-10.9251734314857,-31.9683709009226));
#3725=CARTESIAN_POINT('Ctrl Pts',(23.3537853386425,-12.5751211481975,-32.7721806180001));
#3726=CARTESIAN_POINT('Ctrl Pts',(23.5814049441941,-14.1178816554634,-33.7956668034861));
#3727=CARTESIAN_POINT('Ctrl Pts',(23.8090245497457,-15.4999191941004,-35.0033131801));
#3728=CARTESIAN_POINT('Ctrl Pts',(23.2723545291241,-10.5033898978878,-32.8341489120877));
#3729=CARTESIAN_POINT('Ctrl Pts',(23.4999741346757,-12.0768389026058,-33.6006905342906));
#3730=CARTESIAN_POINT('Ctrl Pts',(23.7275937402273,-13.5482699174771,-34.5768558623007));
#3731=CARTESIAN_POINT('Ctrl Pts',(23.9552133457789,-14.8662302186586,-35.7285105299537));
#3732=CARTESIAN_POINT('Ctrl Pts',(23.99570584552,-9.79744901556132,-34.2832052275088));
#3733=CARTESIAN_POINT('Ctrl Pts',(24.2233254510716,-11.2430761340434,-34.9874754982193));
#3734=CARTESIAN_POINT('Ctrl Pts',(24.4509450566232,-12.5947288156257,-35.8841784152691));
#3735=CARTESIAN_POINT('Ctrl Pts',(24.6785646621748,-13.8056223029633,-36.9422763985488));
#3736=CARTESIAN_POINT('Ctrl Pts',(25.3539681696713,-9.32064831154623,-35.2619147606264));
#3737=CARTESIAN_POINT('Ctrl Pts',(25.5815877752229,-10.6798216954075,-35.9240671198042));
#3738=CARTESIAN_POINT('Ctrl Pts',(25.8092073807745,-11.9507976752239,-36.767248126383));
#3739=CARTESIAN_POINT('Ctrl Pts',(26.0368269863261,-13.0892753487807,-37.7620680201196));
#3740=CARTESIAN_POINT('Ctrl Pts',(26.0042515248431,-9.17482757269207,-35.5612350972807));
#3741=CARTESIAN_POINT('Ctrl Pts',(26.2318711303947,-10.5076144348963,-36.210532659732));
#3742=CARTESIAN_POINT('Ctrl Pts',(26.4594907359463,-11.753818126556,-37.0372794274307));
#3743=CARTESIAN_POINT('Ctrl Pts',(26.6871103414979,-12.8701937885918,-38.0127862320628));
#3744=CARTESIAN_POINT('',(23.7535007890238,-15.1596501907918,-34.7123815854796));
#3745=CARTESIAN_POINT('',(26.0042515248431,-9.17482757269208,-35.5612350972807));
#3746=CARTESIAN_POINT('Ctrl Pts',(23.7535007890238,-15.1596501907918,-34.7123815854796));
#3747=CARTESIAN_POINT('Ctrl Pts',(23.7100556949374,-14.3543724144274,-34.4813935421421));
#3748=CARTESIAN_POINT('Ctrl Pts',(23.7121351719615,-13.5835039003722,-34.3858865217811));
#3749=CARTESIAN_POINT('Ctrl Pts',(23.8763947238422,-12.300779673207,-34.4424079198952));
#3750=CARTESIAN_POINT('Ctrl Pts',(24.0021643476905,-11.7761292983702,-34.5438225080771));
#3751=CARTESIAN_POINT('Ctrl Pts',(24.429507352016,-10.7913625665902,-34.8499258725803));
#3752=CARTESIAN_POINT('Ctrl Pts',(24.7126690996952,-10.3676071231772,-35.038211145805));
#3753=CARTESIAN_POINT('Ctrl Pts',(25.343696777977,-9.6894975214387,-35.3453667603623));
#3754=CARTESIAN_POINT('Ctrl Pts',(25.6564148492269,-9.42323004145471,-35.4681808528415));
#3755=CARTESIAN_POINT('Ctrl Pts',(26.004251524843,-9.17482757269208,-35.5612350972807));
#3756=CARTESIAN_POINT('',(23.9135891862912,-15.1596501907918,-35.3927190069329));
#3757=CARTESIAN_POINT('Ctrl Pts',(23.9135891862912,-15.1596501907918,-35.3927190069329));
#3758=CARTESIAN_POINT('Ctrl Pts',(23.8518614247194,-15.1596501907918,-35.1679805763883));
#3759=CARTESIAN_POINT('Ctrl Pts',(23.798305182671,-15.1596501907918,-34.9409682401879));
#3760=CARTESIAN_POINT('Ctrl Pts',(23.7535007890238,-15.1596501907918,-34.7123815854796));
#3761=CARTESIAN_POINT('',(23.9992578888214,-14.1596501907918,-35.3346844794213));
#3762=CARTESIAN_POINT('Ctrl Pts',(24.0004384580212,-14.159922764642,-35.3343717088478));
#3763=CARTESIAN_POINT('Ctrl Pts',(23.9810160000988,-14.3370012707717,-35.3475212812546));
#3764=CARTESIAN_POINT('Ctrl Pts',(23.9635084330941,-14.5146685343691,-35.3593295270924));
#3765=CARTESIAN_POINT('Ctrl Pts',(23.9483127001646,-14.6926044247029,-35.3695579959938));
#3766=CARTESIAN_POINT('Ctrl Pts',(23.9350249063333,-14.8481991194065,-35.3785022033317));
#3767=CARTESIAN_POINT('Ctrl Pts',(23.9235051224047,-15.00399875543,-35.3862381698949));
#3768=CARTESIAN_POINT('Ctrl Pts',(23.9140285017925,-15.1597622064663,-35.3925908155434));
#3769=CARTESIAN_POINT('Ctrl Pts',(26.0042515248431,-9.17482757269209,-35.5612350972807));
#3770=CARTESIAN_POINT('Ctrl Pts',(25.7090936540386,-9.75463079027932,-35.6274804050727));
#3771=CARTESIAN_POINT('Ctrl Pts',(25.4276888136983,-10.3260812204628,-35.6678540725218));
#3772=CARTESIAN_POINT('Ctrl Pts',(24.7606409240921,-11.78923232056,-35.6916036302774));
#3773=CARTESIAN_POINT('Ctrl Pts',(24.2783623484082,-12.9467568301513,-35.6311593441667));
#3774=CARTESIAN_POINT('Ctrl Pts',(23.9992578888214,-14.1596501907918,-35.3346844794213));
#3775=CARTESIAN_POINT('Origin',(0.,-14.1596501907918,0.));
#3776=CARTESIAN_POINT('',(23.246237223398,-15.1596501907918,-35.8345749441502));
#3777=CARTESIAN_POINT('Origin',(0.,-15.1596501907918,0.));
#3778=CARTESIAN_POINT('',(23.246237223398,-14.1596501907918,-35.8345749441502));
#3779=CARTESIAN_POINT('',(23.246237223398,-14.1596501907918,-35.8345749441502));
#3780=CARTESIAN_POINT('Origin',(0.,-14.1596501907918,0.));
#3781=CARTESIAN_POINT('Origin',(16.290237223398,-15.1596501907918,15.));
#3782=CARTESIAN_POINT('',(22.8266143577455,-15.1596501907918,-31.6751671624998));
#3783=CARTESIAN_POINT('Ctrl Pts',(23.7535007890238,-15.1596501907918,-34.7123815854796));
#3784=CARTESIAN_POINT('Ctrl Pts',(23.3261210927008,-15.1596501907918,-34.0056453459652));
#3785=CARTESIAN_POINT('Ctrl Pts',(23.0334562477637,-15.1596501907918,-33.2205126623252));
#3786=CARTESIAN_POINT('Ctrl Pts',(22.8619158199739,-15.1596501907918,-32.1630142917048));
#3787=CARTESIAN_POINT('Ctrl Pts',(22.8369463131994,-15.1596501907918,-31.9192290108846));
#3788=CARTESIAN_POINT('Ctrl Pts',(22.8266143577455,-15.1596501907918,-31.6751671624998));
#3789=CARTESIAN_POINT('',(25.4035794950156,-15.1596501907918,-26.6724922555961));
#3790=CARTESIAN_POINT('Ctrl Pts',(22.8266143577455,-15.1596501907918,-31.6751671624998));
#3791=CARTESIAN_POINT('Ctrl Pts',(22.8034148209493,-15.1596501907918,-31.1271468136514));
#3792=CARTESIAN_POINT('Ctrl Pts',(22.8539579683992,-15.1596501907923,-30.5777345081868));
#3793=CARTESIAN_POINT('Ctrl Pts',(23.1540679935864,-15.1596501907923,-29.3246308059495));
#3794=CARTESIAN_POINT('Ctrl Pts',(23.462492552182,-15.1596501907857,-28.6475987666195));
#3795=CARTESIAN_POINT('Ctrl Pts',(24.3064074822001,-15.1596501907857,-27.4985531361853));
#3796=CARTESIAN_POINT('Ctrl Pts',(24.8157746038395,-15.1596501907918,-27.0291295129811));
#3797=CARTESIAN_POINT('Ctrl Pts',(25.4035794950156,-15.1596501907918,-26.6724922555961));
#3798=CARTESIAN_POINT('Origin',(80.,-15.1596501907918,50.));
#3799=CARTESIAN_POINT('',(9.33423722339798,-15.1596501907918,41.7599070296949));
#3800=CARTESIAN_POINT('Origin',(15.,-15.1596501907918,50.));
#3801=CARTESIAN_POINT('',(9.33423722339798,-15.1596501907918,-60.));
#3802=CARTESIAN_POINT('',(9.33423722339798,-15.1596501907918,15.));
#3803=CARTESIAN_POINT('',(23.246237223398,-15.1596501907918,-60.));
#3804=CARTESIAN_POINT('',(16.290237223398,-15.1596501907918,-60.));
#3805=CARTESIAN_POINT('',(23.246237223398,-15.1596501907918,7.5));
#3806=CARTESIAN_POINT('Origin',(16.290237223398,8.04234980920822,15.));
#3807=CARTESIAN_POINT('',(17.5588949233539,8.04234980919862,-25.936228822115));
#3808=CARTESIAN_POINT('Origin',(80.,8.04234980920822,50.));
#3809=CARTESIAN_POINT('',(9.33423722339798,8.04234980920822,-33.9683171108699));
#3810=CARTESIAN_POINT('Ctrl Pts',(9.33423722339798,8.04234980920822,-33.9683171108699));
#3811=CARTESIAN_POINT('Ctrl Pts',(9.41757641936304,8.04234980920822,-33.9351401635185));
#3812=CARTESIAN_POINT('Ctrl Pts',(9.49995785817033,8.04234980920822,-33.9014611378241));
#3813=CARTESIAN_POINT('Ctrl Pts',(10.435513487779,8.04234980920822,-33.5092214521563));
#3814=CARTESIAN_POINT('Ctrl Pts',(11.3320876139219,8.04234980920822,-33.032259361643));
#3815=CARTESIAN_POINT('Ctrl Pts',(13.0031895056168,8.04234980920822,-31.8981257779587));
#3816=CARTESIAN_POINT('Ctrl Pts',(13.7777740765894,8.04234980920822,-31.2410379876298));
#3817=CARTESIAN_POINT('Ctrl Pts',(15.0945687352869,8.04234980920822,-29.9034935795749));
#3818=CARTESIAN_POINT('Ctrl Pts',(15.7543830094492,8.04234980920822,-29.0965693011303));
#3819=CARTESIAN_POINT('Ctrl Pts',(16.8068465911908,8.04234980920822,-27.4864697972534));
#3820=CARTESIAN_POINT('Ctrl Pts',(17.2254862988165,8.04234980920822,-26.7001321805268));
#3821=CARTESIAN_POINT('Ctrl Pts',(17.5588949233517,8.04234980920822,-25.936228822114));
#3822=CARTESIAN_POINT('',(9.33423722339798,8.04234980920822,41.7599070296949));
#3823=CARTESIAN_POINT('',(9.33423722339798,8.04234980920822,30.));
#3824=CARTESIAN_POINT('Origin',(15.,8.04234980920823,50.));
#3825=CARTESIAN_POINT('Origin',(80.,0.,50.));
#3826=CARTESIAN_POINT('',(18.8781411740442,18.9165838496427,-11.1981055881662));
#3827=CARTESIAN_POINT('Ctrl Pts',(18.8781411731946,18.9165838483697,-11.198105590262));
#3828=CARTESIAN_POINT('Ctrl Pts',(20.3432782667442,19.1005853905334,-11.9038108965355));
#3829=CARTESIAN_POINT('Ctrl Pts',(21.7429258018679,19.1753081912926,-12.8534983565821));
#3830=CARTESIAN_POINT('Ctrl Pts',(24.5701649274127,19.1850725182064,-15.33064846379));
#3831=CARTESIAN_POINT('Ctrl Pts',(25.9999270634591,19.0806977819158,-17.0438900173347));
#3832=CARTESIAN_POINT('Ctrl Pts',(27.6863066648139,18.5329485026754,-20.2108401995373));
#3833=CARTESIAN_POINT('Ctrl Pts',(28.1619369099928,18.1978294740098,-21.5840277961045));
#3834=CARTESIAN_POINT('Ctrl Pts',(28.5418924643407,17.1929728351937,-24.1652745273634));
#3835=CARTESIAN_POINT('Ctrl Pts',(28.5118042138136,16.6078866273397,-25.2882480910287));
#3836=CARTESIAN_POINT('Ctrl Pts',(28.19541826698,15.2159326908829,-27.2653453649773));
#3837=CARTESIAN_POINT('Ctrl Pts',(27.9413623331336,14.4500328712359,-28.1238718852178));
#3838=CARTESIAN_POINT('Ctrl Pts',(27.638088305649,13.5648052982308,-28.9031998852898));
#3839=CARTESIAN_POINT('Ctrl Pts',(17.5588949233539,8.04234980918901,-25.936228822115));
#3840=CARTESIAN_POINT('Ctrl Pts',(17.6544529575023,9.19319281230185,-25.360431615963));
#3841=CARTESIAN_POINT('Ctrl Pts',(17.7651126959475,10.2815494395143,-24.6631880928365));
#3842=CARTESIAN_POINT('Ctrl Pts',(18.0764738245136,12.9934395603848,-22.5003557459753));
#3843=CARTESIAN_POINT('Ctrl Pts',(18.2810241727632,14.4343978499132,-20.8721708549564));
#3844=CARTESIAN_POINT('Ctrl Pts',(18.6323634532251,16.8861143628645,-17.0789868508094));
#3845=CARTESIAN_POINT('Ctrl Pts',(18.8076064329347,18.0844324314463,-14.5539518390828));
#3846=CARTESIAN_POINT('Ctrl Pts',(18.8781411739957,18.9165838491057,-11.198105588032));
#3847=CARTESIAN_POINT('Origin',(0.,0.,-40.));
#3848=CARTESIAN_POINT('',(37.645628343033,24.6537353489939,0.));
#3849=CARTESIAN_POINT('Ctrl Pts',(37.6456283430349,24.6537353489909,-5.57887069874141E-13));
#3850=CARTESIAN_POINT('Ctrl Pts',(37.488956754815,24.8929688890022,-1.80583822028137));
#3851=CARTESIAN_POINT('Ctrl Pts',(37.2807646149097,25.,-3.60095811793841));
#3852=CARTESIAN_POINT('Ctrl Pts',(36.7432717152627,25.,-7.38330393001135));
#3853=CARTESIAN_POINT('Ctrl Pts',(36.3377412179243,24.8222812438745,-9.68943090718345));
#3854=CARTESIAN_POINT('Ctrl Pts',(35.3574060502334,24.0583828550488,-14.1954290556764));
#3855=CARTESIAN_POINT('Ctrl Pts',(34.7826440436108,23.4721721499933,-16.3953042411871));
#3856=CARTESIAN_POINT('Ctrl Pts',(33.6540310770254,22.1283164478428,-20.1701281496804));
#3857=CARTESIAN_POINT('Ctrl Pts',(33.0003525985991,21.2634545385047,-22.1069253867504));
#3858=CARTESIAN_POINT('Ctrl Pts',(31.6102639325292,19.1811785298683,-25.743883252521));
#3859=CARTESIAN_POINT('Ctrl Pts',(30.8752968004859,17.9623342966249,-27.4437763476892));
#3860=CARTESIAN_POINT('Ctrl Pts',(29.8596170445651,16.0715743880412,-29.5997918218732));
#3861=CARTESIAN_POINT('Ctrl Pts',(29.499586705567,15.3650681763509,-30.329730537343));
#3862=CARTESIAN_POINT('Ctrl Pts',(29.1388655604359,14.600095195926,-31.0284342840682));
#3863=CARTESIAN_POINT('',(41.9371733219597,-16.3178887643772,15.7001902938852));
#3864=CARTESIAN_POINT('Ctrl Pts',(41.9371733226036,-16.317888763866,15.7001902929155));
#3865=CARTESIAN_POINT('Ctrl Pts',(42.6407838735254,-14.5096010587211,17.1205788409782));
#3866=CARTESIAN_POINT('Ctrl Pts',(43.2961044396184,-12.4725219858819,18.2561409100686));
#3867=CARTESIAN_POINT('Ctrl Pts',(44.4974621665262,-7.34759800950187,20.2400869359108));
#3868=CARTESIAN_POINT('Ctrl Pts',(44.919245050977,-4.19243492745992,20.8541503945475));
#3869=CARTESIAN_POINT('Ctrl Pts',(45.060206724034,2.26894380929091,21.0656354391901));
#3870=CARTESIAN_POINT('Ctrl Pts',(44.769041969258,5.51306954415533,20.6485548791212));
#3871=CARTESIAN_POINT('Ctrl Pts',(43.5889197243639,11.6004004202373,18.7604738550325));
#3872=CARTESIAN_POINT('Ctrl Pts',(42.7158843870861,14.3834348683221,17.312494466438));
#3873=CARTESIAN_POINT('Ctrl Pts',(40.8722841731465,18.9788710548812,13.5049797883374));
#3874=CARTESIAN_POINT('Ctrl Pts',(39.9470386659523,20.7740114129159,11.259556943845));
#3875=CARTESIAN_POINT('Ctrl Pts',(38.3294742438742,23.6427286161432,5.5927183219062));
#3876=CARTESIAN_POINT('Ctrl Pts',(37.8661625644599,24.3169851884509,2.54193584461513));
#3877=CARTESIAN_POINT('Ctrl Pts',(37.6456283430349,24.6537353489909,-5.57609514117985E-13));
#3878=CARTESIAN_POINT('',(33.9117494949946,-5.0387775774963,27.1973463030625));
#3879=CARTESIAN_POINT('Ctrl Pts',(33.9117494949945,-5.03877757749629,27.1973463030625));
#3880=CARTESIAN_POINT('Ctrl Pts',(34.3987156737927,-5.56028558373355,26.8313906385719));
#3881=CARTESIAN_POINT('Ctrl Pts',(34.8695078411569,-6.08619436802589,26.4451119958959));
#3882=CARTESIAN_POINT('Ctrl Pts',(37.062953403111,-8.6363823333104,24.4782850037255));
#3883=CARTESIAN_POINT('Ctrl Pts',(38.5198883120776,-10.6421735279581,22.647622427966));
#3884=CARTESIAN_POINT('Ctrl Pts',(40.5945896800243,-13.879536328988,19.0404800467674));
#3885=CARTESIAN_POINT('Ctrl Pts',(41.3211522542825,-15.1465397782444,17.4272364018626));
#3886=CARTESIAN_POINT('Ctrl Pts',(41.9371733219516,-16.3178887637924,15.7001902934857));
#3887=CARTESIAN_POINT('',(34.4337607829979,-1.3073693920743,27.4693997677978));
#3888=CARTESIAN_POINT('Ctrl Pts',(33.9117494949947,-5.0387775774963,27.1973463030624));
#3889=CARTESIAN_POINT('Ctrl Pts',(34.0971489569589,-3.8072158610966,27.3876487301058));
#3890=CARTESIAN_POINT('Ctrl Pts',(34.2764363067626,-2.55984400586366,27.4760564586839));
#3891=CARTESIAN_POINT('Ctrl Pts',(34.433760782998,-1.3073693920743,27.4693997677977));
#3892=CARTESIAN_POINT('Ctrl Pts',(34.6973020373898,11.3959836351275,24.2656202953329));
#3893=CARTESIAN_POINT('Ctrl Pts',(35.0193836958513,10.6493093951147,24.5263065739718));
#3894=CARTESIAN_POINT('Ctrl Pts',(35.2842847331908,9.87464566523431,24.7796718329651));
#3895=CARTESIAN_POINT('Ctrl Pts',(35.9826308732702,7.10042372773217,25.6296979940646));
#3896=CARTESIAN_POINT('Ctrl Pts',(36.0729577785245,5.0503630148531,26.16033892119));
#3897=CARTESIAN_POINT('Ctrl Pts',(35.5128163539458,1.51801702782492,26.945879254206));
#3898=CARTESIAN_POINT('Ctrl Pts',(35.0654782463641,0.0726945831842404,27.2281325704128));
#3899=CARTESIAN_POINT('Ctrl Pts',(34.4337607829978,-1.30736939207429,27.4693997677978));
#3900=CARTESIAN_POINT('',(18.5768023773423,24.0912382346113,0.));
#3901=CARTESIAN_POINT('Ctrl Pts',(18.5768023773423,24.0912382346113,-1.65978212318552E-17));
#3902=CARTESIAN_POINT('Ctrl Pts',(17.8386830339219,24.0050407198429,-5.94296952476693E-17));
#3903=CARTESIAN_POINT('Ctrl Pts',(17.0896336383309,23.9152778201005,1.32282810980081E-17));
#3904=CARTESIAN_POINT('Ctrl Pts',(16.3327193697978,23.8242843029293,1.52576663904958E-17));
#3905=CARTESIAN_POINT('Ctrl Pts',(18.8781411739231,18.9165838501418,-11.1981055882874));
#3906=CARTESIAN_POINT('Ctrl Pts',(18.8608641565244,20.517232868237,-8.97185210124759));
#3907=CARTESIAN_POINT('Ctrl Pts',(18.8277676359146,21.8915119456857,-6.46845085132342));
#3908=CARTESIAN_POINT('Ctrl Pts',(18.6960514663793,23.3925065361722,-2.51344638660658));
#3909=CARTESIAN_POINT('Ctrl Pts',(18.6439075627462,23.7809807404336,-1.26502274198822));
#3910=CARTESIAN_POINT('Ctrl Pts',(18.5768023773423,24.0912382346113,1.66533453693773E-15));
#3911=CARTESIAN_POINT('Ctrl Pts',(21.4419434449497,17.5623747740437,-43.092827970534));
#3912=CARTESIAN_POINT('Ctrl Pts',(21.7988953434137,16.3316294538143,-39.6674259841909));
#3913=CARTESIAN_POINT('Ctrl Pts',(22.5127991403419,12.4409818599132,-33.3330069738132));
#3914=CARTESIAN_POINT('Ctrl Pts',(23.583654835734,3.29527982963494,-26.9494058246005));
#3915=CARTESIAN_POINT('Ctrl Pts',(24.6545105311262,-7.64170714243188,-24.7638749436229));
#3916=CARTESIAN_POINT('Ctrl Pts',(25.3684143280543,-14.9069406722886,-26.3381635625264));
#3917=CARTESIAN_POINT('Ctrl Pts',(25.7253662265184,-18.2315035787375,-27.8198498627848));
#3918=CARTESIAN_POINT('Ctrl Pts',(20.3136641068496,16.956596518634,-43.3104838123635));
#3919=CARTESIAN_POINT('Ctrl Pts',(20.6706160053136,15.7554495674423,-39.9674598049796));
#3920=CARTESIAN_POINT('Ctrl Pts',(21.3845198022418,11.9594742439225,-33.7869623332173));
#3921=CARTESIAN_POINT('Ctrl Pts',(22.4553754976339,3.03579466620952,-27.5575374089238));
#3922=CARTESIAN_POINT('Ctrl Pts',(23.5262311930261,-7.6362568826124,-25.4256115583396));
#3923=CARTESIAN_POINT('Ctrl Pts',(24.2401349899542,-14.7248591030696,-26.9617418312526));
#3924=CARTESIAN_POINT('Ctrl Pts',(24.5970868884183,-17.9694691239162,-28.4077948471977));
#3925=CARTESIAN_POINT('Ctrl Pts',(18.5412412896844,14.9565835866107,-44.0290875167754));
#3926=CARTESIAN_POINT('Ctrl Pts',(18.8981931881485,13.8542375916296,-40.9610456572767));
#3927=CARTESIAN_POINT('Ctrl Pts',(19.6120969850766,10.3692820597847,-35.2871797996985));
#3928=CARTESIAN_POINT('Ctrl Pts',(20.6829526804688,2.17733299091338,-29.5694353216488));
#3929=CARTESIAN_POINT('Ctrl Pts',(21.7538083758609,-7.61899173245653,-27.6117189536471));
#3930=CARTESIAN_POINT('Ctrl Pts',(22.467712172789,-14.1266238240881,-29.021822988353));
#3931=CARTESIAN_POINT('Ctrl Pts',(22.8246640712531,-17.1043467897979,-30.3489301745936));
#3932=CARTESIAN_POINT('Ctrl Pts',(18.6206494019114,11.0467096485193,-45.4339033810675));
#3933=CARTESIAN_POINT('Ctrl Pts',(18.9776013003755,10.136822058142,-42.9015104414407));
#3934=CARTESIAN_POINT('Ctrl Pts',(19.6915050973036,7.26087444018337,-38.2190608268641));
#3935=CARTESIAN_POINT('Ctrl Pts',(20.7623607926958,0.500227045147986,-33.4999147464176));
#3936=CARTESIAN_POINT('Ctrl Pts',(21.8332164880879,-7.58477387413712,-31.8845345856656));
#3937=CARTESIAN_POINT('Ctrl Pts',(22.5471202850161,-12.9552552851781,-33.0482950884983));
#3938=CARTESIAN_POINT('Ctrl Pts',(22.9040721834801,-15.4130980917167,-34.1437028509962));
#3939=CARTESIAN_POINT('Ctrl Pts',(20.9402315181296,8.63013463365595,-46.302177645631));
#3940=CARTESIAN_POINT('Ctrl Pts',(21.2971834165937,7.8394914444733,-44.101664910624));
#3941=CARTESIAN_POINT('Ctrl Pts',(22.0110872135218,5.33953568192782,-40.0315613389198));
#3942=CARTESIAN_POINT('Ctrl Pts',(23.081942908914,-0.536815649844583,-35.9303366202217));
#3943=CARTESIAN_POINT('Ctrl Pts',(24.1527986043062,-7.56382175130424,-34.5257959772597));
#3944=CARTESIAN_POINT('Ctrl Pts',(24.8667024012343,-12.2320556475056,-35.5372870496082));
#3945=CARTESIAN_POINT('Ctrl Pts',(25.2236542996983,-14.3677883419864,-36.4891372517169));
#3946=CARTESIAN_POINT('Ctrl Pts',(22.8353751483159,8.08495357900105,-46.4980609417724));
#3947=CARTESIAN_POINT('Ctrl Pts',(23.19232704678,7.32087502215345,-44.3714827104123));
#3948=CARTESIAN_POINT('Ctrl Pts',(23.9062308437081,4.90622571138433,-40.4400082502687));
#3949=CARTESIAN_POINT('Ctrl Pts',(24.9770865391003,-0.770225402496,-36.4773576552691));
#3950=CARTESIAN_POINT('Ctrl Pts',(26.0479422344924,-7.55886744270926,-35.1212469532344));
#3951=CARTESIAN_POINT('Ctrl Pts',(26.7618460314205,-12.0679909935607,-36.0983997191394));
#3952=CARTESIAN_POINT('Ctrl Pts',(27.1187979298846,-14.1319657135582,-37.0182689328541));
#3953=CARTESIAN_POINT('Ctrl Pts',(23.4800294611434,8.01049545304515,-46.5248137113564));
#3954=CARTESIAN_POINT('Ctrl Pts',(23.8369813596074,7.25025117387623,-44.4089070154967));
#3955=CARTESIAN_POINT('Ctrl Pts',(24.5508851565355,4.8469573917195,-40.4960700253051));
#3956=CARTESIAN_POINT('Ctrl Pts',(25.6217408519277,-0.802438574463899,-36.5528527126601));
#3957=CARTESIAN_POINT('Ctrl Pts',(26.6925965473199,-7.55833001698387,-35.2028273890614));
#3958=CARTESIAN_POINT('Ctrl Pts',(27.406500344248,-12.0461408882619,-36.1752819632207));
#3959=CARTESIAN_POINT('Ctrl Pts',(27.7634522427121,-14.0997582279517,-37.0905351149325));
#3960=CARTESIAN_POINT('',(25.1442894738932,-14.1596501907918,-26.4871964665818));
#3961=CARTESIAN_POINT('Ctrl Pts',(25.1442894738931,-14.1596501907918,-26.4871964665818));
#3962=CARTESIAN_POINT('Ctrl Pts',(24.4537926080469,-13.5565206151777,-26.7360290827741));
#3963=CARTESIAN_POINT('Ctrl Pts',(23.812366282325,-12.8038071159269,-27.1115783050397));
#3964=CARTESIAN_POINT('Ctrl Pts',(23.2696155026401,-11.818173977649,-27.6116066686736));
#3965=CARTESIAN_POINT('Ctrl Pts',(23.2578789611202,-11.7966547513578,-27.622524410933));
#3966=CARTESIAN_POINT('Ctrl Pts',(23.246237223398,-11.7751042559819,-27.633457806106));
#3967=CARTESIAN_POINT('Ctrl Pts',(25.4035794950156,-15.1591929425692,-26.6739948991102));
#3968=CARTESIAN_POINT('Ctrl Pts',(25.3261831064303,-14.8808532201439,-26.6190277586616));
#3969=CARTESIAN_POINT('Ctrl Pts',(25.2528327248325,-14.6005790541319,-26.5667623536189));
#3970=CARTESIAN_POINT('Ctrl Pts',(25.1833996695856,-14.3190682406809,-26.5171430590019));
#3971=CARTESIAN_POINT('Ctrl Pts',(25.1702474463841,-14.2657435952515,-26.5077440193718));
#3972=CARTESIAN_POINT('Ctrl Pts',(25.157235837601,-14.2123744437992,-26.4984398855856));
#3973=CARTESIAN_POINT('Ctrl Pts',(25.1443640516298,-14.1589653470051,-26.4892302230607));
#3974=CARTESIAN_POINT('',(26.4927899777105,-7.2184827177711,-35.6514457834484));
#3975=CARTESIAN_POINT('Ctrl Pts',(26.4927899777105,-7.2184827177711,-35.6514457834484));
#3976=CARTESIAN_POINT('Ctrl Pts',(26.3698783630082,-7.87955835185818,-35.6089316185286));
#3977=CARTESIAN_POINT('Ctrl Pts',(26.1981169905378,-8.53574773279997,-35.5843535576502));
#3978=CARTESIAN_POINT('Ctrl Pts',(26.0042515248431,-9.17482757269208,-35.5612350972807));
#3979=CARTESIAN_POINT('',(25.6251562672445,-1.00703171938785,-36.9775236244323));
#3980=CARTESIAN_POINT('Ctrl Pts',(25.6251562672445,-1.00664298390326,-36.9766233645774));
#3981=CARTESIAN_POINT('Ctrl Pts',(25.6223580859822,-1.23109745053267,-36.8755808826382));
#3982=CARTESIAN_POINT('Ctrl Pts',(25.6226913212319,-1.45790328779689,-36.7795529872822));
#3983=CARTESIAN_POINT('Ctrl Pts',(25.6265696020867,-1.68684485352941,-36.6888710294749));
#3984=CARTESIAN_POINT('Ctrl Pts',(25.6303382677007,-1.90931564373614,-36.6007520950808));
#3985=CARTESIAN_POINT('Ctrl Pts',(25.6374540984323,-2.13380315634556,-36.5176824373533));
#3986=CARTESIAN_POINT('Ctrl Pts',(25.6482898667474,-2.3600614852669,-36.4399615463326));
#3987=CARTESIAN_POINT('Ctrl Pts',(25.6517571361134,-2.43246046518872,-36.4150921271368));
#3988=CARTESIAN_POINT('Ctrl Pts',(25.6556052553787,-2.50504038293342,-36.3907702521389));
#3989=CARTESIAN_POINT('Ctrl Pts',(25.6598463725748,-2.5777921186161,-36.3670052983943));
#3990=CARTESIAN_POINT('Ctrl Pts',(25.6755875090366,-2.84781413080715,-36.2788003838375));
#3991=CARTESIAN_POINT('Ctrl Pts',(25.6966834736008,-3.11945946085737,-36.1985042115468));
#3992=CARTESIAN_POINT('Ctrl Pts',(25.7236395147647,-3.39288413890418,-36.1262476285805));
#3993=CARTESIAN_POINT('Ctrl Pts',(25.737867605636,-3.53720470667787,-36.0881087482367));
#3994=CARTESIAN_POINT('Ctrl Pts',(25.7537284223398,-3.68202037507053,-36.0522105121336));
#3995=CARTESIAN_POINT('Ctrl Pts',(25.7712975987356,-3.8273497812912,-36.0185755953724));
#3996=CARTESIAN_POINT('Ctrl Pts',(25.8049932085989,-4.10607445587682,-35.9540677887777));
#3997=CARTESIAN_POINT('Ctrl Pts',(25.8448216626467,-4.38547174192288,-35.898163992785));
#3998=CARTESIAN_POINT('Ctrl Pts',(25.8911583724381,-4.66582357407427,-35.850769795938));
#3999=CARTESIAN_POINT('Ctrl Pts',(25.9374668260385,-4.94600444728293,-35.8034045001391));
#4000=CARTESIAN_POINT('Ctrl Pts',(25.9900869717358,-5.2259975872809,-35.764731057478));
#4001=CARTESIAN_POINT('Ctrl Pts',(26.0492403342265,-5.50611944035861,-35.7344579862246));
#4002=CARTESIAN_POINT('Ctrl Pts',(26.1013809686128,-5.75303238849841,-35.7077738372004));
#4003=CARTESIAN_POINT('Ctrl Pts',(26.1583786467228,-5.99900653630998,-35.687729285776));
#4004=CARTESIAN_POINT('Ctrl Pts',(26.2202406271363,-6.24420119138014,-35.6739759582841));
#4005=CARTESIAN_POINT('Ctrl Pts',(26.2635678792801,-6.41593204405432,-35.6643433231166));
#4006=CARTESIAN_POINT('Ctrl Pts',(26.309281563817,-6.58728148118324,-35.6577967863381));
#4007=CARTESIAN_POINT('Ctrl Pts',(26.3573865749381,-6.75831921818057,-35.6542188070319));
#4008=CARTESIAN_POINT('Ctrl Pts',(26.4007187767943,-6.91238719513079,-35.6509958221927));
#4009=CARTESIAN_POINT('Ctrl Pts',(26.4458670429273,-7.06573859889598,-35.6501923941693));
#4010=CARTESIAN_POINT('Ctrl Pts',(26.4927701636834,-7.21838141771377,-35.6516790079004));
#4011=CARTESIAN_POINT('',(23.246237223398,2.62589150603058,-38.4410867269912));
#4012=CARTESIAN_POINT('Ctrl Pts',(23.246237223398,2.62589150603058,-38.4410867269912));
#4013=CARTESIAN_POINT('Ctrl Pts',(24.1462103880682,1.40616164997509,-37.9801707404641));
#4014=CARTESIAN_POINT('Ctrl Pts',(24.9959584970593,0.22932762518719,-37.4472236626758));
#4015=CARTESIAN_POINT('Ctrl Pts',(25.6251562672445,-1.00703171938785,-36.9775236244323));
#4016=CARTESIAN_POINT('',(23.246237223398,8.04234980920822,-46.5133684561913));
#4017=CARTESIAN_POINT('Ctrl Pts',(23.2461879467722,8.04229799371664,-46.513387073473));
#4018=CARTESIAN_POINT('Ctrl Pts',(23.2461750952496,7.93131512892745,-46.176875536531));
#4019=CARTESIAN_POINT('Ctrl Pts',(23.246154365106,7.81021862735564,-45.8439844954789));
#4020=CARTESIAN_POINT('Ctrl Pts',(23.2461247564779,7.67934092684323,-45.5150623918084));
#4021=CARTESIAN_POINT('Ctrl Pts',(23.2460946471488,7.54625000046048,-45.1805780043698));
#4022=CARTESIAN_POINT('Ctrl Pts',(23.2460553124607,7.40304415449325,-44.8501974299635));
#4023=CARTESIAN_POINT('Ctrl Pts',(23.2460077088382,7.25001944961859,-44.5242922548768));
#4024=CARTESIAN_POINT('Ctrl Pts',(23.2459599455352,7.09648144206354,-44.19729387069));
#4025=CARTESIAN_POINT('Ctrl Pts',(23.2459038147645,6.93305840388695,-43.8748004718073));
#4026=CARTESIAN_POINT('Ctrl Pts',(23.2458429389163,6.75999839541348,-43.5571999716979));
#4027=CARTESIAN_POINT('Ctrl Pts',(23.2457823200999,6.58766908625194,-43.2409404542277));
#4028=CARTESIAN_POINT('Ctrl Pts',(23.2457169553439,6.40578381067276,-42.9295321463021));
#4029=CARTESIAN_POINT('Ctrl Pts',(23.2456536727595,6.2145400518732,-42.6233775740976));
#4030=CARTESIAN_POINT('Ctrl Pts',(23.2456154454668,6.09901488463107,-42.4384379014103));
#4031=CARTESIAN_POINT('Ctrl Pts',(23.2455780433637,5.98007386833664,-42.2554157453035));
#4032=CARTESIAN_POINT('Ctrl Pts',(23.2455436478938,5.85775251803892,-42.0744043764632));
#4033=CARTESIAN_POINT('Ctrl Pts',(23.2454866501841,5.65505033608914,-41.7744452987361));
#4034=CARTESIAN_POINT('Ctrl Pts',(23.245440358518,5.44369432693165,-41.480935627152));
#4035=CARTESIAN_POINT('Ctrl Pts',(23.2453986726507,5.22398407204873,-41.1942082282838));
#4036=CARTESIAN_POINT('Ctrl Pts',(23.2453690560578,5.06788634359787,-40.9904967735235));
#4037=CARTESIAN_POINT('Ctrl Pts',(23.245341837133,4.90757056944426,-40.7902089660238));
#4038=CARTESIAN_POINT('Ctrl Pts',(23.2453161584326,4.74312883108551,-40.5934683894664));
#4039=CARTESIAN_POINT('Ctrl Pts',(23.2452804905019,4.51471787439008,-40.3201940750449));
#4040=CARTESIAN_POINT('Ctrl Pts',(23.2452475654832,4.27834852896145,-40.0537626056065));
#4041=CARTESIAN_POINT('Ctrl Pts',(23.2452192375035,4.03443862605921,-39.7943309620502));
#4042=CARTESIAN_POINT('Ctrl Pts',(23.2451907825132,3.78943513547678,-39.5337361379676));
#4043=CARTESIAN_POINT('Ctrl Pts',(23.2451669022931,3.53682315491495,-39.2802038016228));
#4044=CARTESIAN_POINT('Ctrl Pts',(23.2451551723527,3.27697887253159,-39.0339153468503));
#4045=CARTESIAN_POINT('Ctrl Pts',(23.2451455633482,3.06411803839782,-38.8321592587827));
#4046=CARTESIAN_POINT('Ctrl Pts',(23.245144196703,2.8464029400139,-38.6352646300351));
#4047=CARTESIAN_POINT('Ctrl Pts',(23.2451585299373,2.6240180234565,-38.443344148746));
#4048=CARTESIAN_POINT('',(19.9096260836836,8.04094990254307,-39.54656957529));
#4049=CARTESIAN_POINT('Ctrl Pts',(19.9111477762873,8.04234980920822,-39.5457558250842));
#4050=CARTESIAN_POINT('Ctrl Pts',(20.0301057184103,8.04234980920822,-40.4342259533739));
#4051=CARTESIAN_POINT('Ctrl Pts',(20.2276791753499,8.04234980920822,-41.2858760431221));
#4052=CARTESIAN_POINT('Ctrl Pts',(20.8311108695198,8.04234980920822,-43.2121027538407));
#4053=CARTESIAN_POINT('Ctrl Pts',(21.3046043006241,8.04234980920822,-44.2522267851768));
#4054=CARTESIAN_POINT('Ctrl Pts',(22.0666711290154,8.04234980920822,-45.431117771988));
#4055=CARTESIAN_POINT('Ctrl Pts',(22.368194120639,8.04234980920822,-45.8244457047472));
#4056=CARTESIAN_POINT('Ctrl Pts',(22.864871175993,8.04234980920822,-46.2694797668703));
#4057=CARTESIAN_POINT('Ctrl Pts',(23.0317953491419,8.04234980924582,-46.3945730220038));
#4058=CARTESIAN_POINT('Ctrl Pts',(23.2232717938487,8.04234980924582,-46.5009960119847));
#4059=CARTESIAN_POINT('Ctrl Pts',(23.2347325003233,8.04234980920821,-46.5072361242863));
#4060=CARTESIAN_POINT('Ctrl Pts',(23.246237223398,8.04234980920821,-46.5133684561913));
#4061=CARTESIAN_POINT('',(19.4268825984364,10.2424361950613,-39.2787325855862));
#4062=CARTESIAN_POINT('Ctrl Pts',(19.4268825984364,10.2424361950613,-39.2787325855862));
#4063=CARTESIAN_POINT('Ctrl Pts',(19.4330380600938,10.1120522674182,-39.3097424909001));
#4064=CARTESIAN_POINT('Ctrl Pts',(19.4437170490207,9.98124461931454,-39.3378937622021));
#4065=CARTESIAN_POINT('Ctrl Pts',(19.4586167354918,9.85025207919324,-39.3632728363923));
#4066=CARTESIAN_POINT('Ctrl Pts',(19.4740018476179,9.7149918560101,-39.3894787503777));
#4067=CARTESIAN_POINT('Ctrl Pts',(19.4938870935019,9.57953438021674,-39.4127290872303));
#4068=CARTESIAN_POINT('Ctrl Pts',(19.5179663206599,9.44409388305417,-39.4331279525201));
#4069=CARTESIAN_POINT('Ctrl Pts',(19.5370471790818,9.33676813983222,-39.4492924190127));
#4070=CARTESIAN_POINT('Ctrl Pts',(19.5587621145303,9.22945203161924,-39.4636665718977));
#4071=CARTESIAN_POINT('Ctrl Pts',(19.5829706130564,9.12223244118454,-39.4763048181063));
#4072=CARTESIAN_POINT('Ctrl Pts',(19.6138841476178,8.98531620447595,-39.4924434836472));
#4073=CARTESIAN_POINT('Ctrl Pts',(19.6487729066461,8.84896055975912,-39.505699729117));
#4074=CARTESIAN_POINT('Ctrl Pts',(19.6872761981764,8.71337418526697,-39.516225947049));
#4075=CARTESIAN_POINT('Ctrl Pts',(19.7270426961031,8.57333952677837,-39.5270975065165));
#4076=CARTESIAN_POINT('Ctrl Pts',(19.7706647258517,8.43412529415945,-39.5350570631571));
#4077=CARTESIAN_POINT('Ctrl Pts',(19.81776643334,8.29590941818349,-39.540271562774));
#4078=CARTESIAN_POINT('Ctrl Pts',(19.8469145461906,8.21037680874037,-39.54349846964));
#4079=CARTESIAN_POINT('Ctrl Pts',(19.8773956458368,8.12522551133251,-39.5456741166793));
#4080=CARTESIAN_POINT('Ctrl Pts',(19.9091247145118,8.04048865955372,-39.54683769072));
#4081=CARTESIAN_POINT('Ctrl Pts',(19.4229581918438,10.6556357079849,-39.1702878973216));
#4082=CARTESIAN_POINT('Ctrl Pts',(19.4192699521652,10.5307468491945,-39.2062333730519));
#4083=CARTESIAN_POINT('Ctrl Pts',(19.4201395586448,10.405170363838,-39.2394210571042));
#4084=CARTESIAN_POINT('Ctrl Pts',(19.4252676383807,10.2791709113113,-39.2699197176706));
#4085=CARTESIAN_POINT('Ctrl Pts',(19.4257658355956,10.2669299596167,-39.2728826879317));
#4086=CARTESIAN_POINT('Ctrl Pts',(19.426304243305,10.2546849807547,-39.2758202876482));
#4087=CARTESIAN_POINT('Ctrl Pts',(19.4268825984364,10.2424361950613,-39.2787325855862));
#4088=CARTESIAN_POINT('Origin',(80.,0.,50.));
#4089=CARTESIAN_POINT('Origin',(80.,-14.1596501907918,50.));
#4090=CARTESIAN_POINT('Origin',(9.33423722339798,8.04234980920822,0.));
#4091=CARTESIAN_POINT('',(23.246237223398,8.04234980920822,-60.));
#4092=CARTESIAN_POINT('',(23.246237223398,8.04234980920822,0.));
#4093=CARTESIAN_POINT('',(9.33423722339798,8.04234980920822,-60.));
#4094=CARTESIAN_POINT('',(16.290237223398,8.04234980920822,-60.));
#4095=CARTESIAN_POINT('',(9.33423722339798,8.04234980920822,-43.2803953887168));
#4096=CARTESIAN_POINT('',(9.33423722339798,8.04234980920822,0.));
#4097=CARTESIAN_POINT('Origin',(0.,8.04234980920822,0.));
#4098=CARTESIAN_POINT('Origin',(23.246237223398,8.04234980920822,0.));
#4099=CARTESIAN_POINT('Origin',(23.246237223398,0.,0.));
#4100=CARTESIAN_POINT('',(23.246237223398,1.94134980920822,-60.));
#4101=CARTESIAN_POINT('Origin',(0.,0.,0.));
#4102=CARTESIAN_POINT('Ctrl Pts',(25.6251562672445,-1.00703171938785,-36.9775236244323));
#4103=CARTESIAN_POINT('Ctrl Pts',(25.6629284355342,-2.10008224472485,-36.9215800656939));
#4104=CARTESIAN_POINT('Ctrl Pts',(25.7666065648763,-3.23759823932676,-36.7684210900456));
#4105=CARTESIAN_POINT('Ctrl Pts',(26.0778927904433,-5.34046911612069,-36.2971555923087));
#4106=CARTESIAN_POINT('Ctrl Pts',(26.2729004333832,-6.3127442626555,-35.9982352229659));
#4107=CARTESIAN_POINT('Ctrl Pts',(26.4927899777105,-7.2184827177711,-35.6514457834484));
#4108=CARTESIAN_POINT('Origin',(0.,0.,0.));
#4109=CARTESIAN_POINT('',(9.33423722338897,-1.49217237320035,-43.9959706912613));
#4110=CARTESIAN_POINT('Origin',(9.33423722339798,0.,0.));
#4111=CARTESIAN_POINT('',(-2.35961685293296,-0.5629464071344,-44.9345668683926));
#4112=CARTESIAN_POINT('Ctrl Pts',(9.33423722337997,-1.49217237320035,-43.9959706912613));
#4113=CARTESIAN_POINT('Ctrl Pts',(7.95049268191906,-1.19362798454195,-44.2996730368522));
#4114=CARTESIAN_POINT('Ctrl Pts',(6.42383799103389,-0.938849834020979,-44.5566948526699));
#4115=CARTESIAN_POINT('Ctrl Pts',(3.21823041599721,-0.585286452120227,-44.9124121517816));
#4116=CARTESIAN_POINT('Ctrl Pts',(1.53608880540451,-0.500452000589011,-44.9972171116737));
#4117=CARTESIAN_POINT('Ctrl Pts',(-0.757681376636714,-0.500452000589015,
-44.9972171116737));
#4118=CARTESIAN_POINT('Ctrl Pts',(-1.55100351503643,-0.520074362161717,
-44.9775661105785));
#4119=CARTESIAN_POINT('Ctrl Pts',(-2.35961685293296,-0.562946407134389,
-44.9345668683926));
#4120=CARTESIAN_POINT('',(-2.61746965059607,-2.2101091750892E-16,-44.9238116440291));
#4121=CARTESIAN_POINT('Origin',(-18.2545864895578,-7.6905964511308,-35.1087567185326));
#4122=CARTESIAN_POINT('',(-2.75545529808154E-15,-3.37445951098918E-31,-45.));
#4123=CARTESIAN_POINT('Origin',(0.,0.,0.));
#4124=CARTESIAN_POINT('',(-27.3293456351735,10.1133062706336,-34.2903470882052));
#4125=CARTESIAN_POINT('Origin',(-18.2545864895578,-7.6905964511308,-35.1087567185326));
#4126=CARTESIAN_POINT('',(-37.645628343033,24.6537353489939,0.));
#4127=CARTESIAN_POINT('Ctrl Pts',(-27.3293456351735,10.1133062706336,-34.2903470882052));
#4128=CARTESIAN_POINT('Ctrl Pts',(-27.6518400850075,11.077222449006,-33.749030263144));
#4129=CARTESIAN_POINT('Ctrl Pts',(-28.0134350466386,12.0259009828876,-33.1216781671357));
#4130=CARTESIAN_POINT('Ctrl Pts',(-28.9874748821745,14.3415857086952,-31.3463879188787));
#4131=CARTESIAN_POINT('Ctrl Pts',(-29.6223569270289,15.6298978502071,-30.1034313616324));
#4132=CARTESIAN_POINT('Ctrl Pts',(-30.8752968004859,17.9623342966249,-27.4437763476892));
#4133=CARTESIAN_POINT('Ctrl Pts',(-31.6102639325292,19.1811785298683,-25.743883252521));
#4134=CARTESIAN_POINT('Ctrl Pts',(-33.0003525985991,21.2634545385047,-22.1069253867504));
#4135=CARTESIAN_POINT('Ctrl Pts',(-33.6540310770254,22.1283164478428,-20.1701281496804));
#4136=CARTESIAN_POINT('Ctrl Pts',(-34.7826440436108,23.4721721499933,-16.3953042411871));
#4137=CARTESIAN_POINT('Ctrl Pts',(-35.3574060502333,24.0583828550488,-14.1954290556764));
#4138=CARTESIAN_POINT('Ctrl Pts',(-36.3377412179243,24.8222812438745,-9.68943090718345));
#4139=CARTESIAN_POINT('Ctrl Pts',(-36.7432717152627,25.,-7.38330393001135));
#4140=CARTESIAN_POINT('Ctrl Pts',(-37.2807646149097,25.,-3.60095811793841));
#4141=CARTESIAN_POINT('Ctrl Pts',(-37.488956754815,24.8929688890022,-1.80583822028137));
#4142=CARTESIAN_POINT('Ctrl Pts',(-37.6456283430349,24.6537353489909,-5.57331958361829E-13));
#4143=CARTESIAN_POINT('Origin',(0.,0.,0.));
#4144=CARTESIAN_POINT('Origin',(0.,0.,-40.));
#4145=CARTESIAN_POINT('Origin',(15.,53.0423498092082,50.));
#4146=CARTESIAN_POINT('',(9.33423722339798,53.0423498092082,41.7599070296949));
#4147=CARTESIAN_POINT('Origin',(9.33423722339798,1.94134980920822,15.));
#4148=CARTESIAN_POINT('',(9.33423722339795,2.23949018210507,-34.8354796367518));
#4149=CARTESIAN_POINT('Origin',(9.33423722339798,-2.34978961865059E-15,
0.));
#4150=CARTESIAN_POINT('Origin',(9.33423722339797,100.,-80.));
#4151=CARTESIAN_POINT('',(9.33423722339798,-14.1596501907918,-60.));
#4152=CARTESIAN_POINT('Origin',(80.,-14.1596501907918,50.));
#4153=CARTESIAN_POINT('Origin',(16.290237223398,1.94134980920822,-60.));
#4154=CARTESIAN_POINT('Origin',(3.91580939292907,-2.51568112612546E-15,
0.));
#4155=CARTESIAN_POINT('Origin',(3.91580939292907,20.9202313423157,0.));
#4156=CARTESIAN_POINT('',(1.58391193109476,3.24817162055317,-35.5899472402636));
#4157=CARTESIAN_POINT('Ctrl Pts',(-11.0559324545731,16.9263991425895,-10.6533749106243));
#4158=CARTESIAN_POINT('Ctrl Pts',(-11.112257946849,16.8055939502955,-12.5655608287111));
#4159=CARTESIAN_POINT('Ctrl Pts',(-11.095655981692,16.6534993176802,-14.5091489145091));
#4160=CARTESIAN_POINT('Ctrl Pts',(-10.8978091099216,16.4473861120151,-16.4719583138517));
#4161=CARTESIAN_POINT('Ctrl Pts',(-10.712743719279,16.2545884165971,-18.307964539251));
#4162=CARTESIAN_POINT('Ctrl Pts',(-10.342840056285,15.9992486327977,-20.2101745050134));
#4163=CARTESIAN_POINT('Ctrl Pts',(-9.83684630696309,15.673219687243,-21.8732821465665));
#4164=CARTESIAN_POINT('Ctrl Pts',(-9.24198698561965,15.2899316376358,-23.8284744474618));
#4165=CARTESIAN_POINT('Ctrl Pts',(-8.48219742785894,14.8119691117048,-25.5096969425477));
#4166=CARTESIAN_POINT('Ctrl Pts',(-7.61598373655733,14.1867824424819,-27.0142065712536));
#4167=CARTESIAN_POINT('Ctrl Pts',(-6.59746972502475,13.4516735555858,-28.783243649183));
#4168=CARTESIAN_POINT('Ctrl Pts',(-5.37933840961586,12.480801202388,-30.3737828738676));
#4169=CARTESIAN_POINT('Ctrl Pts',(-4.0653943982095,11.1684676831029,-31.7113982572603));
#4170=CARTESIAN_POINT('Ctrl Pts',(-2.58643349284562,9.6913195299302,-33.2170033981778));
#4171=CARTESIAN_POINT('Ctrl Pts',(-1.02576575546699,7.81038660725081,-34.3553421179049));
#4172=CARTESIAN_POINT('Ctrl Pts',(0.344808456260076,5.53426221030937,-35.0547922749762));
#4173=CARTESIAN_POINT('Ctrl Pts',(0.782009086849338,4.80819935787291,-35.2779104739915));
#4174=CARTESIAN_POINT('Ctrl Pts',(1.19781616810555,4.04564564100588,-35.456150904469));
#4175=CARTESIAN_POINT('Ctrl Pts',(1.58391193109093,3.24817162047624,-35.5899472402283));
#4176=CARTESIAN_POINT('Ctrl Pts',(1.58391193111762,3.24817162066762,-35.5899472402151));
#4177=CARTESIAN_POINT('Ctrl Pts',(4.17185985530582,2.91760679196108,-36.0290829325847));
#4178=CARTESIAN_POINT('Ctrl Pts',(6.87675695937043,2.55729260592917,-35.7690071782727));
#4179=CARTESIAN_POINT('Ctrl Pts',(9.33423722339792,2.23949018210508,-34.8354796367518));
#4180=CARTESIAN_POINT('Origin',(0.,100.,-80.));
#4181=CARTESIAN_POINT('',(33.3173966891418,-4.62476148296295,30.4588568218271));
#4182=CARTESIAN_POINT('Ctrl Pts',(34.433760782998,-1.3073693920742,27.4693997677979));
#4183=CARTESIAN_POINT('Ctrl Pts',(34.1674038781934,-2.49367816530112,28.36128909699));
#4184=CARTESIAN_POINT('Ctrl Pts',(33.7972873263595,-3.60759612423489,29.3682614134426));
#4185=CARTESIAN_POINT('Ctrl Pts',(33.3173966891029,-4.62476148302909,30.4588568217483));
#4186=CARTESIAN_POINT('Ctrl Pts',(33.3173966891167,-4.62476148289996,30.4588568218116));
#4187=CARTESIAN_POINT('Ctrl Pts',(33.5290007265952,-4.80710809598258,29.3804294771199));
#4188=CARTESIAN_POINT('Ctrl Pts',(33.7286245707899,-4.94742575678218,28.2908484504686));
#4189=CARTESIAN_POINT('Ctrl Pts',(33.9117494949946,-5.03877757749643,27.1973463030625));
#4190=CARTESIAN_POINT('Origin',(0.,100.,-80.));
#4191=CARTESIAN_POINT('Ctrl Pts',(-2.35961685293296,-0.562946407134389,
-44.9345668683926));
#4192=CARTESIAN_POINT('Ctrl Pts',(-1.55955380375359,0.117782599476675,-43.1465233645943));
#4193=CARTESIAN_POINT('Ctrl Pts',(-0.781434912737353,0.820840133505523,
-41.3627522375414));
#4194=CARTESIAN_POINT('Ctrl Pts',(0.501712617817379,2.07663598069299,-38.3060207399311));
#4195=CARTESIAN_POINT('Ctrl Pts',(1.05261555705736,2.64791439345581,-36.9553639799164));
#4196=CARTESIAN_POINT('Ctrl Pts',(1.58391193096522,3.24817162065544,-35.5899472402582));
#4197=CARTESIAN_POINT('Origin',(11.3210139513403,4.76950544824358,21.7735266067014));
#4198=CARTESIAN_POINT('',(30.3374368223392,33.2361238271038,86.0232526704263));
#4199=CARTESIAN_POINT('Ctrl Pts',(30.3374368223392,33.2361238271038,86.0232526704263));
#4200=CARTESIAN_POINT('Ctrl Pts',(29.7224852767058,33.7974424020828,81.0651359052393));
#4201=CARTESIAN_POINT('Ctrl Pts',(29.3841062445262,34.0818764185659,76.1149428491345));
#4202=CARTESIAN_POINT('Ctrl Pts',(29.3841062445262,34.0818764185659,69.6627616207731));
#4203=CARTESIAN_POINT('Ctrl Pts',(29.4331970928211,34.0398441659302,67.8035650062601));
#4204=CARTESIAN_POINT('Ctrl Pts',(29.5502328968592,33.9379394740072,65.9198520105087));
#4205=CARTESIAN_POINT('',(29.0633780647698,31.8012587088036,87.));
#4206=CARTESIAN_POINT('Origin',(43.019853015093,18.1241207033256,82.7394011054653));
#4207=CARTESIAN_POINT('Ctrl Pts',(21.768763325667,28.7072910002935,73.0368327769981));
#4208=CARTESIAN_POINT('Ctrl Pts',(23.2800364337845,29.5811381093619,75.1873342140616));
#4209=CARTESIAN_POINT('Ctrl Pts',(24.6695015771924,30.2673930146046,77.4733781532777));
#4210=CARTESIAN_POINT('Ctrl Pts',(27.0549488804227,31.2723740134937,82.0612711237321));
#4211=CARTESIAN_POINT('Ctrl Pts',(28.1278483031483,31.6292393006162,84.4876854726496));
#4212=CARTESIAN_POINT('Ctrl Pts',(29.0633780647698,31.8012587088036,87.));
#4213=CARTESIAN_POINT('Origin',(0.,0.,0.));
#4214=CARTESIAN_POINT('Origin',(11.3210139513403,4.76950544824358,21.7735266067014));
#4215=CARTESIAN_POINT('Ctrl Pts',(-12.3214207713582,16.4926045227354,-10.4733676621394));
#4216=CARTESIAN_POINT('Ctrl Pts',(-15.0948254168027,15.3927879924571,-12.6768348085388));
#4217=CARTESIAN_POINT('Ctrl Pts',(-17.8000943719342,14.1155446848209,-15.4170336870589));
#4218=CARTESIAN_POINT('Ctrl Pts',(-22.3803477657598,11.9806163351318,-21.4950292142275));
#4219=CARTESIAN_POINT('Ctrl Pts',(-24.2875969469125,11.1339414311975,-24.7975108472835));
#4220=CARTESIAN_POINT('Ctrl Pts',(-26.4274421170927,10.3631338393845,-30.4169900817324));
#4221=CARTESIAN_POINT('Ctrl Pts',(-26.9735707008657,10.207046584903,-32.3846652086945));
#4222=CARTESIAN_POINT('Ctrl Pts',(-27.3293456351735,10.1133062706336,-34.2903470882052));
#4223=CARTESIAN_POINT('Origin',(0.,0.,-40.));
#4224=CARTESIAN_POINT('',(-41.9371733219597,-16.3178887643772,15.7001902938852));
#4225=CARTESIAN_POINT('Ctrl Pts',(-41.9371733219516,-16.3178887637924,15.7001902934857));
#4226=CARTESIAN_POINT('Ctrl Pts',(-40.7618890748929,-14.0831145283399,18.995158910062));
#4227=CARTESIAN_POINT('Ctrl Pts',(-39.1984991646746,-11.5193960082862,21.8435887171513));
#4228=CARTESIAN_POINT('Ctrl Pts',(-36.1405856332831,-7.54971616335826,25.33703291774));
#4229=CARTESIAN_POINT('Ctrl Pts',(-35.0752279071857,-6.28478465859223,26.3229908878731));
#4230=CARTESIAN_POINT('Ctrl Pts',(-33.911749494848,-5.03877757733933,27.1973463031726));
#4231=CARTESIAN_POINT('Ctrl Pts',(-37.6456283430349,24.6537353489909,-5.57609514117985E-13));
#4232=CARTESIAN_POINT('Ctrl Pts',(-37.8671480284388,24.3154804099591,2.5532945634361));
#4233=CARTESIAN_POINT('Ctrl Pts',(-38.3507643818273,23.6223282110368,5.76944278657247));
#4234=CARTESIAN_POINT('Ctrl Pts',(-40.0471322772513,20.5810793543649,11.5192827950938));
#4235=CARTESIAN_POINT('Ctrl Pts',(-40.9537186129735,18.7971415269317,13.6865700474524));
#4236=CARTESIAN_POINT('Ctrl Pts',(-42.7205158869135,14.3484281931338,17.3072546120323));
#4237=CARTESIAN_POINT('Ctrl Pts',(-43.5443625632675,11.7212633466407,18.6843590118135));
#4238=CARTESIAN_POINT('Ctrl Pts',(-44.723820163739,5.85009912561071,20.5808103862131));
#4239=CARTESIAN_POINT('Ctrl Pts',(-45.0382687472695,2.63956529262035,21.0326868978303));
#4240=CARTESIAN_POINT('Ctrl Pts',(-44.9537283282306,-3.84004695251355,20.905915656909));
#4241=CARTESIAN_POINT('Ctrl Pts',(-44.5495944732239,-7.04563509620345,20.3201609675154));
#4242=CARTESIAN_POINT('Ctrl Pts',(-43.3454521019371,-12.3177833430094,18.3418470510473));
#4243=CARTESIAN_POINT('Ctrl Pts',(-42.6675135130897,-14.4409055587408,17.1745383415587));
#4244=CARTESIAN_POINT('Ctrl Pts',(-41.9371733226036,-16.317888763866,15.7001902929155));
#4245=CARTESIAN_POINT('Origin',(80.,0.,50.));
#4246=CARTESIAN_POINT('',(44.4057765151515,7.28882789523925,100.));
#4247=CARTESIAN_POINT('',(44.9953349581066,-0.647944448057681,98.7435468775794));
#4248=CARTESIAN_POINT('Ctrl Pts',(44.4057765151515,7.28882789523926,100.));
#4249=CARTESIAN_POINT('Ctrl Pts',(44.7930492903688,4.92944329268409,99.142259967537));
#4250=CARTESIAN_POINT('Ctrl Pts',(45.0073534036413,2.40796479864164,98.7188824924027));
#4251=CARTESIAN_POINT('Ctrl Pts',(44.9992916463978,-0.305253234388725,98.7354252648559));
#4252=CARTESIAN_POINT('Ctrl Pts',(44.9978012091054,-0.476680090279376,98.7384833928342));
#4253=CARTESIAN_POINT('Ctrl Pts',(44.9953349581068,-0.647944448057662,98.7435468775802));
#4254=CARTESIAN_POINT('',(44.9736643293465,0.88291967887951,98.7390600204948));
#4255=CARTESIAN_POINT('Ctrl Pts',(44.9736643293465,0.882919678879511,98.7390600204948));
#4256=CARTESIAN_POINT('Ctrl Pts',(44.9556723417515,1.85658785358641,98.7791136172195));
#4257=CARTESIAN_POINT('Ctrl Pts',(44.905907255075,2.87666504664421,98.8899230875445));
#4258=CARTESIAN_POINT('Ctrl Pts',(44.7243412619373,5.07035149789049,99.2935532631544));
#4259=CARTESIAN_POINT('Ctrl Pts',(44.5783402474637,6.2375166773301,99.6178021517977));
#4260=CARTESIAN_POINT('Ctrl Pts',(44.4057765151515,7.28882789523926,100.));
#4261=CARTESIAN_POINT('Ctrl Pts',(44.9953349581068,-0.647944448057644,98.7435468775802));
#4262=CARTESIAN_POINT('Ctrl Pts',(44.9946385857308,-0.570407568835851,98.7399525433912));
#4263=CARTESIAN_POINT('Ctrl Pts',(44.9938707514065,-0.492831376477133,98.7368611010993));
#4264=CARTESIAN_POINT('Ctrl Pts',(44.9883744772008,0.0181628400968513,98.7198481113707));
#4265=CARTESIAN_POINT('Ctrl Pts',(44.9816447491527,0.451045171123819,98.7212940835784));
#4266=CARTESIAN_POINT('Ctrl Pts',(44.9736643293465,0.88291967887951,98.7390600204948));
#4267=CARTESIAN_POINT('Origin',(11.3210139513403,4.76950544824358,21.7735266067014));
#4268=CARTESIAN_POINT('',(43.9611690745015,-1.4877142907604,86.5459549591554));
#4269=CARTESIAN_POINT('Ctrl Pts',(43.9611690745015,-1.4877142907604,86.5459549591554));
#4270=CARTESIAN_POINT('Ctrl Pts',(43.5702379016744,-2.07756575729432,83.6036401326569));
#4271=CARTESIAN_POINT('Ctrl Pts',(43.0781111140366,-2.59731814126214,80.6539579751633));
#4272=CARTESIAN_POINT('Ctrl Pts',(41.4513705696351,-3.98271180897394,72.0648795234138));
#4273=CARTESIAN_POINT('Ctrl Pts',(40.0519492068712,-4.7922529217689,66.0344642415669));
#4274=CARTESIAN_POINT('Ctrl Pts',(37.7515469774799,-5.82247173032095,55.6752385254136));
#4275=CARTESIAN_POINT('Ctrl Pts',(36.6812902765541,-6.16540723908223,50.5894746483027));
#4276=CARTESIAN_POINT('Ctrl Pts',(35.0271193346153,-6.11583931161306,41.4643631085649));
#4277=CARTESIAN_POINT('Ctrl Pts',(34.3783495460532,-5.84575632120024,37.3537662691412));
#4278=CARTESIAN_POINT('Ctrl Pts',(33.6053982889357,-5.00783444463557,32.3253502031829));
#4279=CARTESIAN_POINT('Ctrl Pts',(33.4600703094413,-4.82553653856206,31.3778120779553));
#4280=CARTESIAN_POINT('Ctrl Pts',(33.3173966891805,-4.62476148297151,30.4588568218362));
#4281=CARTESIAN_POINT('',(44.9747472583704,-1.50735166623711,86.0232526704263));
#4282=CARTESIAN_POINT('Origin',(43.019853015093,18.1241207033256,82.7394011054653));
#4283=CARTESIAN_POINT('Ctrl Pts',(34.9016977698127,28.4054834985193,44.9902748286624));
#4284=CARTESIAN_POINT('Ctrl Pts',(35.1467980922098,28.104329766141,44.5659403826382));
#4285=CARTESIAN_POINT('Ctrl Pts',(35.4005752587078,27.7845519889112,44.154523130799));
#4286=CARTESIAN_POINT('Ctrl Pts',(36.3053706612473,26.6089618281075,42.7853020768301));
#4287=CARTESIAN_POINT('Ctrl Pts',(36.9902718798247,25.6570326377202,41.9196102781749));
#4288=CARTESIAN_POINT('Ctrl Pts',(38.3579442802729,23.5633525851916,40.5103287757688));
#4289=CARTESIAN_POINT('Ctrl Pts',(39.0420736481461,22.41837100801,39.964217464661));
#4290=CARTESIAN_POINT('Ctrl Pts',(40.3302780044328,20.0083869772445,39.2379371265083));
#4291=CARTESIAN_POINT('Ctrl Pts',(40.9340232601449,18.7433006737608,39.0574615597688));
#4292=CARTESIAN_POINT('Ctrl Pts',(41.9309644006273,16.3769369736789,39.0574615597688));
#4293=CARTESIAN_POINT('Ctrl Pts',(42.3586165365975,15.2376386064029,39.1913124154922));
#4294=CARTESIAN_POINT('Ctrl Pts',(43.1100387989378,12.9600378073634,39.7412951141032));
#4295=CARTESIAN_POINT('Ctrl Pts',(43.4339814918206,11.8218094381059,40.1574978763674));
#4296=CARTESIAN_POINT('Ctrl Pts',(43.9705042957752,9.6364259088678,41.2417325007032));
#4297=CARTESIAN_POINT('Ctrl Pts',(44.1840826802634,8.58685209572664,41.9112553033784));
#4298=CARTESIAN_POINT('Ctrl Pts',(44.5170419127508,6.64832089096999,43.4323266760332));
#4299=CARTESIAN_POINT('Ctrl Pts',(44.6369339190858,5.75941250510109,44.2838257662497));
#4300=CARTESIAN_POINT('Ctrl Pts',(44.8897696865433,3.48537155789842,46.8415560783858));
#4301=CARTESIAN_POINT('Ctrl Pts',(44.955480467881,2.2444940051769,48.7553951450398));
#4302=CARTESIAN_POINT('Ctrl Pts',(45.0109742188434,0.212543052247365,52.9015754091274));
#4303=CARTESIAN_POINT('Ctrl Pts',(45.0002471495247,-0.577798835273539,55.1342818752207));
#4304=CARTESIAN_POINT('Ctrl Pts',(44.9535407774604,-2.36696059887157,62.0519270302834));
#4305=CARTESIAN_POINT('Ctrl Pts',(44.9140269609738,-2.78032051190549,66.9593674822955));
#4306=CARTESIAN_POINT('Ctrl Pts',(44.9140269609738,-2.7803205119055,76.1149428491345));
#4307=CARTESIAN_POINT('Ctrl Pts',(44.9468574767042,-2.33949715001509,81.0651359052393));
#4308=CARTESIAN_POINT('Ctrl Pts',(44.9747472583704,-1.50735166623711,86.0232526704263));
#4309=CARTESIAN_POINT('Origin',(0.,0.,100.));
#4310=CARTESIAN_POINT('Origin',(0.,0.,100.));
#4311=CARTESIAN_POINT('',(43.3452473304543,6.93504753183551,90.0957256907473));
#4312=CARTESIAN_POINT('Ctrl Pts',(29.0633780647698,31.8012587088036,87.));
#4313=CARTESIAN_POINT('Ctrl Pts',(29.9375687449419,31.1505485084472,87.3625792932731));
#4314=CARTESIAN_POINT('Ctrl Pts',(30.7953017133756,30.4614703366446,87.7482696206515));
#4315=CARTESIAN_POINT('Ctrl Pts',(32.6165361937024,28.8771552858042,88.6313087803709));
#4316=CARTESIAN_POINT('Ctrl Pts',(33.5653523351266,27.968447116035,89.1359349658924));
#4317=CARTESIAN_POINT('Ctrl Pts',(35.3283760038414,26.1060340526656,90.1371578385727));
#4318=CARTESIAN_POINT('Ctrl Pts',(36.1426288615834,25.1524346936225,90.6338710068789));
#4319=CARTESIAN_POINT('Ctrl Pts',(37.6302503677715,23.2221988016923,91.5487819551473));
#4320=CARTESIAN_POINT('Ctrl Pts',(38.4064097720462,22.1034431391036,92.0361077878752));
#4321=CARTESIAN_POINT('Ctrl Pts',(39.4644121892659,20.3234786329951,92.582054924241));
#4322=CARTESIAN_POINT('Ctrl Pts',(39.8003452395563,19.7126870413311,92.7317575310212));
#4323=CARTESIAN_POINT('Ctrl Pts',(40.4218489783735,18.4827097732757,92.9325800484458));
#4324=CARTESIAN_POINT('Ctrl Pts',(40.7073982814237,17.8633843246169,92.9829092765869));
#4325=CARTESIAN_POINT('Ctrl Pts',(41.2179623413681,16.6514970737464,92.9829092765869));
#4326=CARTESIAN_POINT('Ctrl Pts',(41.4616776804695,16.0145471154957,92.9325800484458));
#4327=CARTESIAN_POINT('Ctrl Pts',(41.9076923067836,14.7106368691939,92.7317575310212));
#4328=CARTESIAN_POINT('Ctrl Pts',(42.1101065510906,14.0435942495462,92.582054924241));
#4329=CARTESIAN_POINT('Ctrl Pts',(42.6447770128609,12.0431517347113,92.0361077878752));
#4330=CARTESIAN_POINT('Ctrl Pts',(42.9031721154595,10.7062636973756,91.5487819551473));
#4331=CARTESIAN_POINT('Ctrl Pts',(43.1932444647789,8.66038663342675,90.7730174359984));
#4332=CARTESIAN_POINT('Ctrl Pts',(43.283916622339,7.80725526617393,90.4380432878973));
#4333=CARTESIAN_POINT('Ctrl Pts',(43.3452473304543,6.93504753183551,90.0957256907473));
#4334=CARTESIAN_POINT('Origin',(0.,0.,100.));
#4335=CARTESIAN_POINT('',(-40.3112887414927,20.,100.));
#4336=CARTESIAN_POINT('Origin',(0.,0.,100.));
#4337=CARTESIAN_POINT('',(-40.328873516878,19.9645175463786,100.));
#4338=CARTESIAN_POINT('Origin',(0.,0.,100.));
#4339=CARTESIAN_POINT('',(-36.2762024765188,18.2502267294815,80.6101480612891));
#4340=CARTESIAN_POINT('Origin',(0.148200173909036,19.5099742688657,98.3060642609414));
#4341=CARTESIAN_POINT('',(-36.5139349491098,17.7470895837409,80.5893491649854));
#4342=CARTESIAN_POINT('Origin',(1.40794771329316,0.,83.9070839975059));
#4343=CARTESIAN_POINT('Ctrl Pts',(-36.513934948627,17.7470895840393,80.58934916435));
#4344=CARTESIAN_POINT('Ctrl Pts',(-37.0780554111801,17.3984602749372,81.3317818841292));
#4345=CARTESIAN_POINT('Ctrl Pts',(-37.6146291493007,17.0355204269748,82.0859058015824));
#4346=CARTESIAN_POINT('Ctrl Pts',(-38.1232863853681,16.6567868759812,82.8487176529757));
#4347=CARTESIAN_POINT('Origin',(-3.33066907387547E-15,46.9846310392954,
32.8989928337166));
#4348=CARTESIAN_POINT('Ctrl Pts',(-41.9371733222454,-16.3178887647865,15.7001902942648));
#4349=CARTESIAN_POINT('Ctrl Pts',(-41.8543128102114,-16.5308412922139,17.2962052310581));
#4350=CARTESIAN_POINT('Ctrl Pts',(-41.7808367837417,-16.7149479917728,18.8981802987086));
#4351=CARTESIAN_POINT('Ctrl Pts',(-41.4756096905595,-17.4697734016515,26.7492562463344));
#4352=CARTESIAN_POINT('Ctrl Pts',(-41.4092473634618,-17.6177805092437,32.9775676250193));
#4353=CARTESIAN_POINT('Ctrl Pts',(-41.739726289456,-16.8246972515181,49.0788872521865));
#4354=CARTESIAN_POINT('Ctrl Pts',(-42.4295639534888,-15.2275221956479,58.6902155643347));
#4355=CARTESIAN_POINT('Ctrl Pts',(-43.5199204307136,-11.5091687350919,72.3113469480311));
#4356=CARTESIAN_POINT('Ctrl Pts',(-43.864004621234,-10.165326854473,76.4732764283714));
#4357=CARTESIAN_POINT('Ctrl Pts',(-44.1608427166548,-8.64985378806375,80.5709521234175));
#4358=CARTESIAN_POINT('Ctrl Pts',(-45.,-7.7715611723761E-15,100.));
#4359=CARTESIAN_POINT('Ctrl Pts',(-35.0380530190825,-7.7715611723761E-15,
100.871557427477));
#4360=CARTESIAN_POINT('Ctrl Pts',(-45.,8.87354479201965,100.));
#4361=CARTESIAN_POINT('Ctrl Pts',(-35.0380530190826,8.87354479201965,100.871557427477));
#4362=CARTESIAN_POINT('Ctrl Pts',(-43.2502267294227,17.7470895840393,79.9999999993276));
#4363=CARTESIAN_POINT('Ctrl Pts',(-33.2882797485053,17.7470895840393,80.8715574268041));
#4364=CARTESIAN_POINT('',(-41.3526397138886,17.7470895837409,80.1660173519184));
#4365=CARTESIAN_POINT('',(-43.2502267294815,17.7470895837409,80.));
#4366=CARTESIAN_POINT('Ctrl Pts',(-45.,3.88578058618805E-15,100.));
#4367=CARTESIAN_POINT('Ctrl Pts',(-45.,1.04928830097036,100.));
#4368=CARTESIAN_POINT('Ctrl Pts',(-44.963331629985,2.06380027634413,99.7918486078796));
#4369=CARTESIAN_POINT('Ctrl Pts',(-44.8107219093091,4.31648058032662,98.9283656857345));
#4370=CARTESIAN_POINT('Ctrl Pts',(-44.6768089488446,5.4869051675749,98.1722597930544));
#4371=CARTESIAN_POINT('Ctrl Pts',(-44.2339140038957,8.50408147339614,95.6875204671046));
#4372=CARTESIAN_POINT('Ctrl Pts',(-43.8452705837619,10.2355477075323,93.5271837012463));
#4373=CARTESIAN_POINT('Ctrl Pts',(-42.8350564300009,14.0012653065496,87.9966494914074));
#4374=CARTESIAN_POINT('Ctrl Pts',(-42.0776515307965,16.0577335735151,83.9393553880364));
#4375=CARTESIAN_POINT('Ctrl Pts',(-41.3526397137605,17.7470895840393,80.166017351252));
#4376=CARTESIAN_POINT('Origin',(-43.2502267294815,18.2502267294815,80.));
#4377=CARTESIAN_POINT('',(-41.13306728561,18.2502267294815,80.1852274502156));
#4378=CARTESIAN_POINT('Origin',(0.,0.,-126.413829467079));
#4379=CARTESIAN_POINT('',(-43.2502267294815,18.2502267294815,80.));
#4380=CARTESIAN_POINT('Origin',(-43.2502267294815,17.7470895837409,80.));
#4381=CARTESIAN_POINT('Origin',(0.,0.,83.7839045337555));
#4382=CARTESIAN_POINT('Origin',(0.,0.,0.));
#4383=CARTESIAN_POINT('Ctrl Pts',(44.9953349581068,-0.647944448057696,98.743546877579));
#4384=CARTESIAN_POINT('Ctrl Pts',(44.9231964149517,-5.65747562373813,88.9366956703068));
#4385=CARTESIAN_POINT('Ctrl Pts',(44.03215211779,-9.76234693320213,78.7103322838358));
#4386=CARTESIAN_POINT('Ctrl Pts',(42.4295639534896,-15.2275221956457,58.6902155643449));
#4387=CARTESIAN_POINT('Ctrl Pts',(41.7397262894567,-16.8246972515165,49.0788872521987));
#4388=CARTESIAN_POINT('Ctrl Pts',(41.4092473634618,-17.6177805092437,32.9775676250353));
#4389=CARTESIAN_POINT('Ctrl Pts',(41.4756096905592,-17.4697734016522,26.7492562463519));
#4390=CARTESIAN_POINT('Ctrl Pts',(41.7808367837411,-16.7149479917743,18.8981802987213));
#4391=CARTESIAN_POINT('Ctrl Pts',(41.8543128102111,-16.5308412922147,17.2962052310644));
#4392=CARTESIAN_POINT('Ctrl Pts',(41.9371733222454,-16.3178887647865,15.7001902942648));
#4393=CARTESIAN_POINT('Ctrl Pts',(-44.9953412739171,-0.64750570942091,98.7444057636343));
#4394=CARTESIAN_POINT('Ctrl Pts',(-44.9983491874642,-0.438485009519531,
99.1535874002563));
#4395=CARTESIAN_POINT('Ctrl Pts',(-44.9999230460415,-0.227888948197019,
99.562038835015));
#4396=CARTESIAN_POINT('Ctrl Pts',(-44.9999990821848,-0.0104937275484605,
99.9798394655797));
#4397=CARTESIAN_POINT('Ctrl Pts',(-45.,-0.00524733064020108,99.9899199716259));
#4398=CARTESIAN_POINT('Ctrl Pts',(-45.,-2.02505496654528E-14,100.));
#4399=CARTESIAN_POINT('Ctrl Pts',(30.3374368223392,33.2361238271038,86.0232526704263));
#4400=CARTESIAN_POINT('Ctrl Pts',(30.6129905337749,32.9846025198862,86.1701049475907));
#4401=CARTESIAN_POINT('Ctrl Pts',(30.8855624493955,32.7295182664224,86.3194203796398));
#4402=CARTESIAN_POINT('Ctrl Pts',(32.6411441070743,31.045097134947,87.3071227346777));
#4403=CARTESIAN_POINT('Ctrl Pts',(34.0269981127974,29.5176958183943,88.2158339532004));
#4404=CARTESIAN_POINT('Ctrl Pts',(36.549548841774,26.3298736901179,90.0349369332605));
#4405=CARTESIAN_POINT('Ctrl Pts',(37.6838461188138,24.67678950834,90.9515831751247));
#4406=CARTESIAN_POINT('Ctrl Pts',(39.728243313558,21.2292929831389,92.4385693010271));
#4407=CARTESIAN_POINT('Ctrl Pts',(40.6433849257987,19.4331668818263,92.9979794568686));
#4408=CARTESIAN_POINT('Ctrl Pts',(42.2965581677619,15.5091547301807,92.9979794568686));
#4409=CARTESIAN_POINT('Ctrl Pts',(42.9425857271791,13.5996517752879,92.4385693010271));
#4410=CARTESIAN_POINT('Ctrl Pts',(43.9814916570149,9.72854513117395,90.9515831751247));
#4411=CARTESIAN_POINT('Ctrl Pts',(44.3720746051982,7.7621365812198,90.0349369332605));
#4412=CARTESIAN_POINT('Ctrl Pts',(44.8911586262608,3.73026060583727,88.2158339532004));
#4413=CARTESIAN_POINT('Ctrl Pts',(45.0160858038629,1.67163501887837,87.3071227346777));
#4414=CARTESIAN_POINT('Ctrl Pts',(44.9951090783947,-0.761244238694401,86.3194203796398));
#4415=CARTESIAN_POINT('Ctrl Pts',(44.9872443939639,-1.134475497151,86.1701049475907));
#4416=CARTESIAN_POINT('Ctrl Pts',(44.9747472583704,-1.50735166623712,86.0232526704263));
#4417=CARTESIAN_POINT('Origin',(-3.33066907387547E-15,46.9846310392954,
32.8989928337166));
#4418=CARTESIAN_POINT('Origin',(-3.33066907387547E-15,46.9846310392954,
32.8989928337166));
#4419=CARTESIAN_POINT('Ctrl Pts',(43.3452473304543,6.93504753183551,90.0957256907473));
#4420=CARTESIAN_POINT('Ctrl Pts',(43.3955673939781,6.21942643521888,89.8148640512326));
#4421=CARTESIAN_POINT('Ctrl Pts',(43.4486237814602,5.47063767576555,89.5133359891248));
#4422=CARTESIAN_POINT('Ctrl Pts',(43.6467247165267,2.71373991954468,88.3789579658624));
#4423=CARTESIAN_POINT('Ctrl Pts',(43.8023558758115,0.628420635829039,87.4791882279227));
#4424=CARTESIAN_POINT('Ctrl Pts',(43.9611690745015,-1.4877142907604,86.5459549591554));
#4425=CARTESIAN_POINT('Origin',(45.7407935954218,19.2704439017604,87.9725429755916));
#4426=CARTESIAN_POINT('Origin',(23.246237223398,1.94134980920822,15.));
#4427=CARTESIAN_POINT('',(23.246237223398,-15.1596501907918,55.6568163886983));
#4428=CARTESIAN_POINT('',(23.246237223398,8.04234980920822,55.6568163886983));
#4429=CARTESIAN_POINT('',(23.246237223398,53.0423498092082,55.6568163886983));
#4430=CARTESIAN_POINT('',(23.246237223398,8.04234980920822,120.));
#4431=CARTESIAN_POINT('',(23.246237223398,8.04234980920822,30.));
#4432=CARTESIAN_POINT('',(23.246237223398,-15.1596501907918,120.));
#4433=CARTESIAN_POINT('',(23.246237223398,-14.1596501907918,120.));
#4434=CARTESIAN_POINT('',(23.246237223398,-15.1596501907918,15.));
#4435=CARTESIAN_POINT('Origin',(0.,0.,-40.));
#4436=CARTESIAN_POINT('',(-34.8210757941026,-24.8847177197047,-6.40619035610649));
#4437=CARTESIAN_POINT('',(-34.9364917242164,-23.6022658487982,-15.7281465152896));
#4438=CARTESIAN_POINT('Ctrl Pts',(-34.8210757941025,-24.8847177197047,-6.40619035610649));
#4439=CARTESIAN_POINT('Ctrl Pts',(-34.9855736807295,-24.7031626512062,-9.29015056697056));
#4440=CARTESIAN_POINT('Ctrl Pts',(-35.0467506137533,-24.3136450148152,-12.1778771697204));
#4441=CARTESIAN_POINT('Ctrl Pts',(-34.9540995552126,-23.7015119608402,-15.2502465825866));
#4442=CARTESIAN_POINT('Ctrl Pts',(-34.9458029757547,-23.6523919811973,-15.4899693507784));
#4443=CARTESIAN_POINT('Ctrl Pts',(-34.9364917242164,-23.6022658487982,-15.7281465152896));
#4444=CARTESIAN_POINT('',(-36.9043489622877,-24.9887726993997,-6.21532514467915));
#4445=CARTESIAN_POINT('Ctrl Pts',(-36.9043489621111,-24.9887726995333,-6.21532514465539));
#4446=CARTESIAN_POINT('Ctrl Pts',(-36.622557449494,-24.9451171120453,-8.06401875304467));
#4447=CARTESIAN_POINT('Ctrl Pts',(-36.2652966118618,-24.7658308382641,-10.0224142291579));
#4448=CARTESIAN_POINT('Ctrl Pts',(-35.5664652836488,-24.2212863362647,-13.2345122695181));
#4449=CARTESIAN_POINT('Ctrl Pts',(-35.258526285656,-23.9373310395717,-14.5100083525165));
#4450=CARTESIAN_POINT('Ctrl Pts',(-34.9364917242164,-23.6022658487982,-15.7281465152896));
#4451=CARTESIAN_POINT('Ctrl Pts',(-34.8210757941027,-24.8847177197047,-6.40619035610649));
#4452=CARTESIAN_POINT('Ctrl Pts',(-35.5101702880979,-24.9391708828138,-6.30662299493633));
#4453=CARTESIAN_POINT('Ctrl Pts',(-36.2074159442144,-24.9727651627565,-6.24478026360461));
#4454=CARTESIAN_POINT('Ctrl Pts',(-36.9043489622622,-24.9887726995468,-6.21532514415384));
#4455=CARTESIAN_POINT('Origin',(-20.,0.,130.));
#4456=CARTESIAN_POINT('',(-44.3597152105853,-7.56410382378379,94.0098448970403));
#4457=CARTESIAN_POINT('',(-44.947859330041,-2.16562732228543,98.430304582372));
#4458=CARTESIAN_POINT('Ctrl Pts',(-44.3597152504824,-7.56410381359875,94.0098449188986));
#4459=CARTESIAN_POINT('Ctrl Pts',(-44.236653117274,-7.39876786833791,94.1574269985448));
#4460=CARTESIAN_POINT('Ctrl Pts',(-44.1315474449856,-7.22485390235711,94.3114632483919));
#4461=CARTESIAN_POINT('Ctrl Pts',(-43.8337502494061,-6.59549689582033,94.8636904094862));
#4462=CARTESIAN_POINT('Ctrl Pts',(-43.7468199328085,-6.12362140789663,95.2689555233518));
#4463=CARTESIAN_POINT('Ctrl Pts',(-43.758637327586,-5.06237740172945,96.1586011737111));
#4464=CARTESIAN_POINT('Ctrl Pts',(-43.8969392422432,-4.4734422448175,96.6382455351373));
#4465=CARTESIAN_POINT('Ctrl Pts',(-44.3178099556005,-3.318693879863,97.5537481989095));
#4466=CARTESIAN_POINT('Ctrl Pts',(-44.6139295620253,-2.73033747639853,98.0067566756577));
#4467=CARTESIAN_POINT('Ctrl Pts',(-44.9478593320848,-2.16562732349372,98.4303045823716));
#4468=CARTESIAN_POINT('Ctrl Pts',(-44.947859329486,-2.16562732175722,98.4303045808089));
#4469=CARTESIAN_POINT('Ctrl Pts',(-44.9407806069673,-2.31254707143246,98.3831719207667));
#4470=CARTESIAN_POINT('Ctrl Pts',(-44.9330313492867,-2.45839417398631,98.3314352227749));
#4471=CARTESIAN_POINT('Ctrl Pts',(-44.8676159589607,-3.58734457932348,97.8929713881733));
#4472=CARTESIAN_POINT('Ctrl Pts',(-44.7828614054837,-4.48794648388745,97.3164053877904));
#4473=CARTESIAN_POINT('Ctrl Pts',(-44.5852103983911,-6.15880455572226,95.8758397169483));
#4474=CARTESIAN_POINT('Ctrl Pts',(-44.4690857020268,-6.92270015157499,94.97953086803));
#4475=CARTESIAN_POINT('Ctrl Pts',(-44.3597152097514,-7.56410381405191,94.0098448906972));
#4476=CARTESIAN_POINT('Origin',(-45.,0.,115.));
#4477=CARTESIAN_POINT('',(-45.,-5.51091059616309E-15,105.));
#4478=CARTESIAN_POINT('',(-43.8888888888889,-5.37483872959116E-15,124.938079899999));
#4479=CARTESIAN_POINT('Origin',(-45.,0.,115.));
#4480=CARTESIAN_POINT('',(-43.8888888888889,20.,124.938079899999));
#4481=CARTESIAN_POINT('',(-43.8888888888889,-5.37483872959116E-15,124.938079899999));
#4482=CARTESIAN_POINT('',(-45.,20.,105.));
#4483=CARTESIAN_POINT('Origin',(-45.,20.,115.));
#4484=CARTESIAN_POINT('',(-45.,-5.51091059616309E-15,105.));
#4485=CARTESIAN_POINT('Origin',(-20.,3.33066907387547E-15,130.));
#4486=CARTESIAN_POINT('',(8.17946317632838,18.1311718294176,101.611307620266));
#4487=CARTESIAN_POINT('',(6.45751311064591,17.8958059868965,100.));
#4488=CARTESIAN_POINT('Ctrl Pts',(8.17946317674899,18.131171831844,101.611307619578));
#4489=CARTESIAN_POINT('Ctrl Pts',(7.61882921722421,18.0704045405251,101.054805622009));
#4490=CARTESIAN_POINT('Ctrl Pts',(7.04379739789493,17.9926748256945,100.517054140549));
#4491=CARTESIAN_POINT('Ctrl Pts',(6.4575131106459,17.8958059868965,100.));
#4492=CARTESIAN_POINT('',(6.45751311064591,18.9397521022621,100.));
#4493=CARTESIAN_POINT('',(6.45751311064591,0.,100.));
#4494=CARTESIAN_POINT('Ctrl Pts',(8.17946317697481,18.1311718277079,101.611307619802));
#4495=CARTESIAN_POINT('Ctrl Pts',(7.63348467147123,18.4381565473575,101.069353063206));
#4496=CARTESIAN_POINT('Ctrl Pts',(7.05960079195871,18.7077636608025,100.53099142407));
#4497=CARTESIAN_POINT('Ctrl Pts',(6.45751311064591,18.9397521022621,100.));
#4498=CARTESIAN_POINT('Origin',(0.,0.,115.));
#4499=CARTESIAN_POINT('',(-32.8528192176329,20.,145.752110000022));
#4500=CARTESIAN_POINT('',(-9.81577962743595,0.,158.916403203195));
#4501=CARTESIAN_POINT('Ctrl Pts',(-32.8528192176328,20.,145.752110000023));
#4502=CARTESIAN_POINT('Ctrl Pts',(-30.4405473735284,20.,148.32916668973));
#4503=CARTESIAN_POINT('Ctrl Pts',(-27.7606339870847,19.5139074161811,150.573218483671));
#4504=CARTESIAN_POINT('Ctrl Pts',(-22.5406587012484,17.3968537327696,154.058751767022));
#4505=CARTESIAN_POINT('Ctrl Pts',(-20.1200882050013,15.9407756135378,155.323584016579));
#4506=CARTESIAN_POINT('Ctrl Pts',(-15.9002696136173,12.2179041163396,157.15418603895));
#4507=CARTESIAN_POINT('Ctrl Pts',(-14.1368368144277,10.0961997261058,157.746680043408));
#4508=CARTESIAN_POINT('Ctrl Pts',(-11.3597763638697,5.31566465080542,158.566257730395));
#4509=CARTESIAN_POINT('Ctrl Pts',(-10.3659166610471,2.71732046008745,158.793441769814));
#4510=CARTESIAN_POINT('Ctrl Pts',(-9.81577962743596,-4.9960036108132E-15,
158.916403203195));
#4511=CARTESIAN_POINT('Origin',(0.,20.,115.));
#4512=CARTESIAN_POINT('Origin',(0.,0.,115.));
#4513=CARTESIAN_POINT('Ctrl Pts',(-9.56829153409179,-1.42857142857143,158.951088838569));
#4514=CARTESIAN_POINT('Ctrl Pts',(-9.46608250515665,-1.42857142857143,156.404453824798));
#4515=CARTESIAN_POINT('Ctrl Pts',(-8.64641038235122,-1.42857142857143,148.852163072496));
#4516=CARTESIAN_POINT('Ctrl Pts',(-5.39950354757919,-1.42857142857143,139.005378388425));
#4517=CARTESIAN_POINT('Ctrl Pts',(-0.294293862048314,-1.42857142857143,
130.242420954148));
#4518=CARTESIAN_POINT('Ctrl Pts',(4.44493225748196,-1.42857142857143,124.196333122163));
#4519=CARTESIAN_POINT('Ctrl Pts',(9.98650332067415,-1.42857142857143,118.879132934051));
#4520=CARTESIAN_POINT('Ctrl Pts',(14.0886079059625,-1.42857142857143,115.908826848159));
#4521=CARTESIAN_POINT('Ctrl Pts',(16.2500841291882,-1.42857142857144,114.561817722104));
#4522=CARTESIAN_POINT('Ctrl Pts',(-10.0534277478641,1.9352568351915,158.931617928509));
#4523=CARTESIAN_POINT('Ctrl Pts',(-9.95031851313069,1.9352568351915,156.362553432437));
#4524=CARTESIAN_POINT('Ctrl Pts',(-9.12338313046755,1.9352568351915,148.74336112492));
#4525=CARTESIAN_POINT('Ctrl Pts',(-5.84770176441255,1.9352568351915,138.809469469264));
#4526=CARTESIAN_POINT('Ctrl Pts',(-0.697401236890458,1.9352568351915,129.969051079149));
#4527=CARTESIAN_POINT('Ctrl Pts',(4.08377140453506,1.93525683519149,123.869497142083));
#4528=CARTESIAN_POINT('Ctrl Pts',(9.6742751043915,1.9352568351915,118.505302618907));
#4529=CARTESIAN_POINT('Ctrl Pts',(13.8127787416263,1.93525683519149,115.508629773581));
#4530=CARTESIAN_POINT('Ctrl Pts',(15.9932921619483,1.93525683519149,114.149756867602));
#4531=CARTESIAN_POINT('Ctrl Pts',(-12.413364482844,8.4618679543582,158.836902022725));
#4532=CARTESIAN_POINT('Ctrl Pts',(-12.305855179711,8.4618679543582,156.158205644165));
#4533=CARTESIAN_POINT('Ctrl Pts',(-11.443665461776,8.46186795435821,148.214171977053));
#4534=CARTESIAN_POINT('Ctrl Pts',(-8.0283359798789,8.4618679543582,137.856659230232));
#4535=CARTESIAN_POINT('Ctrl Pts',(-2.65835073218138,8.4618679543582,128.639204611723));
#4536=CARTESIAN_POINT('Ctrl Pts',(2.32669308124052,8.46186795435819,122.279526396389));
#4537=CARTESIAN_POINT('Ctrl Pts',(8.155667799192,8.46186795435819,116.686547742088));
#4538=CARTESIAN_POINT('Ctrl Pts',(12.4705677403291,8.46186795435819,113.562155205575));
#4539=CARTESIAN_POINT('Ctrl Pts',(14.7441320713726,8.46186795435819,112.145293955989));
#4540=CARTESIAN_POINT('Ctrl Pts',(-18.3549724013995,14.7748679126751,158.598435979344));
#4541=CARTESIAN_POINT('Ctrl Pts',(-18.2363937788071,14.7748679126751,155.643936995008));
#4542=CARTESIAN_POINT('Ctrl Pts',(-17.2854120787092,14.7748679126751,146.881801993381));
#4543=CARTESIAN_POINT('Ctrl Pts',(-13.5183559798127,14.7748679126751,135.457693965638));
#4544=CARTESIAN_POINT('Ctrl Pts',(-7.59541243624662,14.7748679126751,125.291070878845));
#4545=CARTESIAN_POINT('Ctrl Pts',(-2.09700919009639,14.7748679126751,118.276494611399));
#4546=CARTESIAN_POINT('Ctrl Pts',(4.33218141932669,14.7748679126751,112.107581688746));
#4547=CARTESIAN_POINT('Ctrl Pts',(9.09147031937925,14.7748679126751,108.661405173326));
#4548=CARTESIAN_POINT('Ctrl Pts',(11.5991242515883,14.7748679126751,107.098661759645));
#4549=CARTESIAN_POINT('Ctrl Pts',(-25.8058803778294,18.9427551962957,158.299394277319));
#4550=CARTESIAN_POINT('Ctrl Pts',(-25.6734143823658,18.9427551962957,154.998878210427));
#4551=CARTESIAN_POINT('Ctrl Pts',(-24.6111084674471,18.9427551962957,145.211002933592));
#4552=CARTESIAN_POINT('Ctrl Pts',(-20.4030752438179,18.9427551962957,132.449393006276));
#4553=CARTESIAN_POINT('Ctrl Pts',(-13.7866091812585,18.9427551962957,121.092424189651));
#4554=CARTESIAN_POINT('Ctrl Pts',(-7.64449400420079,18.9427551962957,113.256579658012));
#4555=CARTESIAN_POINT('Ctrl Pts',(-0.462489924504137,18.9427551962957,106.365379038785));
#4556=CARTESIAN_POINT('Ctrl Pts',(4.85387614728778,18.9427551962957,102.515837771201));
#4557=CARTESIAN_POINT('Ctrl Pts',(7.6552147625116,18.9427551962957,100.770073168596));
#4558=CARTESIAN_POINT('Ctrl Pts',(-30.8960164047294,20.,158.095102002358));
#4559=CARTESIAN_POINT('Ctrl Pts',(-30.7540706125737,20.,154.558387798855));
#4560=CARTESIAN_POINT('Ctrl Pts',(-29.615685321874,20.,144.069558794039));
#4561=CARTESIAN_POINT('Ctrl Pts',(-25.106280538156,20.,130.39418707002));
#4562=CARTESIAN_POINT('Ctrl Pts',(-18.0161509284414,20.,118.224106906396));
#4563=CARTESIAN_POINT('Ctrl Pts',(-11.4342170805989,20.,109.827221578482));
#4564=CARTESIAN_POINT('Ctrl Pts',(-3.73807916192746,20.,102.442649571464));
#4565=CARTESIAN_POINT('Ctrl Pts',(1.95909384324417,20.,98.3173553997269));
#4566=CARTESIAN_POINT('Ctrl Pts',(4.96090745920208,20.,96.4466568965627));
#4567=CARTESIAN_POINT('Ctrl Pts',(-34.2919699011352,20.,157.958805631932));
#4568=CARTESIAN_POINT('Ctrl Pts',(-34.1436928241971,20.,154.264341455877));
#4569=CARTESIAN_POINT('Ctrl Pts',(-32.9545749186317,20.,143.308053067221));
#4570=CARTESIAN_POINT('Ctrl Pts',(-28.2442097036778,20.,129.023087586145));
#4571=CARTESIAN_POINT('Ctrl Pts',(-20.8379602048502,20.,116.31045615598));
#4572=CARTESIAN_POINT('Ctrl Pts',(-13.9626517974244,20.,107.539252281158));
#4573=CARTESIAN_POINT('Ctrl Pts',(-5.9233624366356,20.,99.8254631022381));
#4574=CARTESIAN_POINT('Ctrl Pts',(0.0276585596296625,20.,95.5163691932549));
#4575=CARTESIAN_POINT('Ctrl Pts',(3.16336368852251,20.,93.5622309150486));
#4576=CARTESIAN_POINT('',(8.7938319844835,-1.42857142857143,120.138912993702));
#4577=CARTESIAN_POINT('Ctrl Pts',(8.79383198448351,-1.42857142857144,120.138912993702));
#4578=CARTESIAN_POINT('Ctrl Pts',(8.56783705492348,0.0295666206726675,120.058278384985));
#4579=CARTESIAN_POINT('Ctrl Pts',(8.37293367415257,1.46440480001575,119.777820385215));
#4580=CARTESIAN_POINT('Ctrl Pts',(8.03193663694555,4.25876166731353,118.843925779725));
#4581=CARTESIAN_POINT('Ctrl Pts',(7.88950362308027,5.59342669206362,118.196298606515));
#4582=CARTESIAN_POINT('Ctrl Pts',(7.55244199989263,9.31275873816639,115.848437456867));
#4583=CARTESIAN_POINT('Ctrl Pts',(7.43204313883198,11.5403992867486,113.692111443514));
#4584=CARTESIAN_POINT('Ctrl Pts',(7.51191475447611,15.4075341826317,108.340275821231));
#4585=CARTESIAN_POINT('Ctrl Pts',(7.72767775217468,17.0029427026062,105.135123263126));
#4586=CARTESIAN_POINT('Ctrl Pts',(8.17946317002856,18.131171829342,101.611307619435));
#4587=CARTESIAN_POINT('',(-5.73509778090714,20.,100.000000000041));
#4588=CARTESIAN_POINT('Ctrl Pts',(6.45751311064591,18.9397521022621,100.));
#4589=CARTESIAN_POINT('Ctrl Pts',(2.41572830968452,19.5916247354041,100.));
#4590=CARTESIAN_POINT('Ctrl Pts',(-1.65395042053476,20.,100.));
#4591=CARTESIAN_POINT('Ctrl Pts',(-5.73509778080916,20.,100.));
#4592=CARTESIAN_POINT('Ctrl Pts',(-5.73505294314134,20.,100.000053728318));
#4593=CARTESIAN_POINT('Ctrl Pts',(-5.74853490382973,20.,100.011304805816));
#4594=CARTESIAN_POINT('Ctrl Pts',(-8.59035501346699,20.,102.384472680841));
#4595=CARTESIAN_POINT('Ctrl Pts',(-13.9626517974244,20.,107.539252281158));
#4596=CARTESIAN_POINT('Ctrl Pts',(-20.8379602048502,20.,116.31045615598));
#4597=CARTESIAN_POINT('Ctrl Pts',(-28.0336395200709,20.,128.661649433839));
#4598=CARTESIAN_POINT('Ctrl Pts',(-31.5062332713852,20.,138.926222667945));
#4599=CARTESIAN_POINT('Ctrl Pts',(-32.8563858477897,20.,145.751407015656));
#4600=CARTESIAN_POINT('',(-9.56815961200975,-1.42857142857143,158.947804328687));
#4601=CARTESIAN_POINT('Ctrl Pts',(-9.81620211107701,-6.13578641091017E-5,
158.916386808461));
#4602=CARTESIAN_POINT('Ctrl Pts',(-9.73272525634169,-0.411348571275416,
158.935026074839));
#4603=CARTESIAN_POINT('Ctrl Pts',(-9.6591132985826,-0.82573302309651,158.945408476859));
#4604=CARTESIAN_POINT('Ctrl Pts',(-9.59569056820878,-1.24288480901347,158.947447966441));
#4605=CARTESIAN_POINT('Ctrl Pts',(-9.58628930914688,-1.30471992687146,158.947750283446));
#4606=CARTESIAN_POINT('Ctrl Pts',(-9.57711196276448,-1.36661583174593,158.947869197595));
#4607=CARTESIAN_POINT('Ctrl Pts',(-9.56815961533483,-1.42857142857143,158.947804336335));
#4608=CARTESIAN_POINT('Ctrl Pts',(-9.56815961533483,-1.42857142857143,158.947804336335));
#4609=CARTESIAN_POINT('Ctrl Pts',(-9.46584754513394,-1.42857142857143,156.402289260477));
#4610=CARTESIAN_POINT('Ctrl Pts',(-8.64606140794401,-1.42857142857143,148.851104749599));
#4611=CARTESIAN_POINT('Ctrl Pts',(-5.39950354757919,-1.42857142857143,139.005378388425));
#4612=CARTESIAN_POINT('Ctrl Pts',(-0.294293862048314,-1.42857142857143,
130.242420954148));
#4613=CARTESIAN_POINT('Ctrl Pts',(4.09095962954796,-1.42857142857143,124.647915204264));
#4614=CARTESIAN_POINT('Ctrl Pts',(7.31822741167828,-1.42857142857143,121.451915226056));
#4615=CARTESIAN_POINT('Ctrl Pts',(8.79392679058748,-1.42857142857143,120.139019555798));
#4616=CARTESIAN_POINT('Origin',(6.45751311064591,0.,80.));
#4617=CARTESIAN_POINT('',(-43.0403360252613,18.2502267294815,80.));
#4618=CARTESIAN_POINT('',(-43.2502267294815,18.2502267294815,80.));
#4619=CARTESIAN_POINT('',(0.,18.2502267294815,80.));
#4620=CARTESIAN_POINT('',(-43.2502267294815,17.7470895837409,80.));
#4621=CARTESIAN_POINT('Origin',(0.,0.,80.));
#4622=CARTESIAN_POINT('',(-43.2502267294815,-5.51091059616309E-15,80.));
#4623=CARTESIAN_POINT('Origin',(0.,0.,100.));
#4624=CARTESIAN_POINT('',(-43.0385763692181,18.2502267294815,80.0185170071542));
#4625=CARTESIAN_POINT('Origin',(-0.355322093791486,0.,83.7528178786485));
#4626=CARTESIAN_POINT('',(-40.3112887414927,20.,100.));
#4627=CARTESIAN_POINT('Ctrl Pts',(-40.3112887414927,20.0000000000001,100.000000000001));
#4628=CARTESIAN_POINT('Ctrl Pts',(-41.6758123833786,19.1537583611899,90.3274138076264));
#4629=CARTESIAN_POINT('Ctrl Pts',(-43.0403360252612,18.2502267294815,80.0000000000003));
#4630=CARTESIAN_POINT('',(-40.328873516878,19.9645175463786,100.));
#4631=CARTESIAN_POINT('Origin',(0.,0.,100.));
#4632=CARTESIAN_POINT('Ctrl Pts',(-40.3288735168779,19.9645175463787,100.000000000001));
#4633=CARTESIAN_POINT('Ctrl Pts',(-41.6832350833821,19.1353299782028,90.3313069314153));
#4634=CARTESIAN_POINT('Ctrl Pts',(-43.0385763692181,18.2502267294815,80.0185170071542));
#4635=CARTESIAN_POINT('Origin',(-40.3112887414927,20.,100.));
#4636=CARTESIAN_POINT('',(-45.,20.,100.));
#4637=CARTESIAN_POINT('',(-44.9823262372113,19.9823262372113,99.7979879669388));
#4638=CARTESIAN_POINT('',(0.,20.,100.));
#4639=CARTESIAN_POINT('Ctrl Pts',(-32.8528192176326,20.,145.752110000022));
#4640=CARTESIAN_POINT('Ctrl Pts',(-33.7159869856756,24.9894429360678,145.58198459268));
#4641=CARTESIAN_POINT('Ctrl Pts',(-34.5791547537186,29.9788858721357,145.411859185338));
#4642=CARTESIAN_POINT('Ctrl Pts',(-35.4423225217616,34.9683288082035,145.241733777996));
#4643=CARTESIAN_POINT('Ctrl Pts',(-31.3589301027428,20.,138.172542943298));
#4644=CARTESIAN_POINT('Ctrl Pts',(-32.2056997324143,24.9894429360678,137.918684984202));
#4645=CARTESIAN_POINT('Ctrl Pts',(-33.052155973993,29.9788858721357,137.664836214973));
#4646=CARTESIAN_POINT('Ctrl Pts',(-33.8989256036645,34.9683288082035,137.410978255877));
#4647=CARTESIAN_POINT('Ctrl Pts',(-28.0624423879115,20.,128.870111211304));
#4648=CARTESIAN_POINT('Ctrl Pts',(-28.8726651596696,24.9894429360679,128.513506268866));
#4649=CARTESIAN_POINT('Ctrl Pts',(-29.6829688126246,29.9788858721357,128.156866898914));
#4650=CARTESIAN_POINT('Ctrl Pts',(-30.4931915843827,34.9683288082036,127.800261956476));
#4651=CARTESIAN_POINT('Ctrl Pts',(-21.6423913997899,20.,117.757230996239));
#4652=CARTESIAN_POINT('Ctrl Pts',(-22.3817272835852,24.9894429360678,117.277846610542));
#4653=CARTESIAN_POINT('Ctrl Pts',(-23.1210428563603,29.9788858721357,116.798482911662));
#4654=CARTESIAN_POINT('Ctrl Pts',(-23.8603787401556,34.9683288082035,116.319098525965));
#4655=CARTESIAN_POINT('Ctrl Pts',(-17.8921279800613,20.,112.491564108042));
#4656=CARTESIAN_POINT('Ctrl Pts',(-18.5900346772831,24.9894429360678,111.954020476835));
#4657=CARTESIAN_POINT('Ctrl Pts',(-19.2879240953188,29.9788858721357,111.416469947626));
#4658=CARTESIAN_POINT('Ctrl Pts',(-19.9858307925406,34.9683288082035,110.878926316418));
#4659=CARTESIAN_POINT('Ctrl Pts',(-12.4335123084416,20.,106.080268673083));
#4660=CARTESIAN_POINT('Ctrl Pts',(-13.0710928241336,24.9894429360678,105.471890145904));
#4661=CARTESIAN_POINT('Ctrl Pts',(-13.7087349201315,29.9788858721357,104.863537713428));
#4662=CARTESIAN_POINT('Ctrl Pts',(-14.3463154358235,34.9683288082035,104.255159186249));
#4663=CARTESIAN_POINT('Ctrl Pts',(-8.70062135048579,20.,102.474157946363));
#4664=CARTESIAN_POINT('Ctrl Pts',(-9.29704515254746,24.9894429360678,101.825960686718));
#4665=CARTESIAN_POINT('Ctrl Pts',(-9.89329187499996,29.9788858721357,101.177738442213));
#4666=CARTESIAN_POINT('Ctrl Pts',(-10.4897156770616,34.9683288082035,100.529541182568));
#4667=CARTESIAN_POINT('Ctrl Pts',(-5.73509778088704,20.,100.000000000065));
#4668=CARTESIAN_POINT('Ctrl Pts',(-6.29870319566582,24.9894429360678,99.3244630384976));
#4669=CARTESIAN_POINT('Ctrl Pts',(-6.8623086104446,29.9788858721357,98.6489260769302));
#4670=CARTESIAN_POINT('Ctrl Pts',(-7.42591402522338,34.9683288082035,97.9733891153628));
#4671=CARTESIAN_POINT('',(-12.5617772393245,34.9683288082035,102.639320225002));
#4672=CARTESIAN_POINT('',(-34.2210998767561,34.9683288082035,139.966848303801));
#4673=CARTESIAN_POINT('Ctrl Pts',(-12.5617772393245,34.9683288082035,102.639320225002));
#4674=CARTESIAN_POINT('Ctrl Pts',(-15.5236616126194,34.9683288082035,105.567464833319));
#4675=CARTESIAN_POINT('Ctrl Pts',(-18.2719063667494,34.9683288082035,108.737517257428));
#4676=CARTESIAN_POINT('Ctrl Pts',(-20.7521284710031,34.9683288082035,112.071936768321));
#4677=CARTESIAN_POINT('Ctrl Pts',(-23.2323505752568,34.9683288082035,115.406356279214));
#4678=CARTESIAN_POINT('Ctrl Pts',(-25.4445500296342,34.9683288082035,118.905142876891));
#4679=CARTESIAN_POINT('Ctrl Pts',(-27.3879689402352,34.9683288082035,122.56927909446));
#4680=CARTESIAN_POINT('Ctrl Pts',(-30.3030973061366,34.9683288082035,128.065483420812));
#4681=CARTESIAN_POINT('Ctrl Pts',(-32.613469448541,34.9683288082035,133.933724391918));
#4682=CARTESIAN_POINT('Ctrl Pts',(-34.2210998767561,34.9683288082035,139.966848303801));
#4683=CARTESIAN_POINT('Ctrl Pts',(-32.8528192176326,20.,145.752110000022));
#4684=CARTESIAN_POINT('Ctrl Pts',(-33.0274212874327,21.6402177526827,145.14236877525));
#4685=CARTESIAN_POINT('Ctrl Pts',(-33.1942685685928,23.2799935334458,144.525359964369));
#4686=CARTESIAN_POINT('Ctrl Pts',(-33.3527501982746,24.9174461396325,143.901333051102));
#4687=CARTESIAN_POINT('Ctrl Pts',(-33.4379322364131,25.7975579269114,143.565925821683));
#4688=CARTESIAN_POINT('Ctrl Pts',(-33.5206980387862,26.676998563496,143.228491856541));
#4689=CARTESIAN_POINT('Ctrl Pts',(-33.6009558347477,27.5554759417708,142.889075238823));
#4690=CARTESIAN_POINT('Ctrl Pts',(-33.7451071602532,29.1333124246669,142.279447790716));
#4691=CARTESIAN_POINT('Ctrl Pts',(-33.8814035758874,30.7106261260466,141.662424165875));
#4692=CARTESIAN_POINT('Ctrl Pts',(-34.0091971459912,32.2853525329858,141.038290569545));
#4693=CARTESIAN_POINT('Ctrl Pts',(-34.0818523535012,33.1806407213871,140.683448335164));
#4694=CARTESIAN_POINT('Ctrl Pts',(-34.1517594083279,34.0750926112374,140.32630884247));
#4695=CARTESIAN_POINT('Ctrl Pts',(-34.2188006704899,34.9683288082035,139.966932065078));
#4696=CARTESIAN_POINT('Ctrl Pts',(-5.73509778088704,20.,100.000000000065));
#4697=CARTESIAN_POINT('Ctrl Pts',(-6.50197997993132,21.5760426836286,100.277898847937));
#4698=CARTESIAN_POINT('Ctrl Pts',(-7.25601278877946,23.161340982768,100.557484263499));
#4699=CARTESIAN_POINT('Ctrl Pts',(-7.99688432145021,24.751622777818,100.837945817346));
#4700=CARTESIAN_POINT('Ctrl Pts',(-8.4007668514574,25.6185572009747,100.990838075913));
#4701=CARTESIAN_POINT('Ctrl Pts',(-8.80073884844783,26.4869726356184,101.143991610445));
#4702=CARTESIAN_POINT('Ctrl Pts',(-9.19675212245507,27.3561769641642,101.297280738521));
#4703=CARTESIAN_POINT('Ctrl Pts',(-10.0359537749498,29.1981296378464,101.622119571041));
#4704=CARTESIAN_POINT('Ctrl Pts',(-10.8603953168124,31.0502428399856,101.948731990756));
#4705=CARTESIAN_POINT('Ctrl Pts',(-11.6696998346903,32.9070968104555,102.276149523596));
#4706=CARTESIAN_POINT('Ctrl Pts',(-11.9689178832832,33.5936174084412,102.397203135786));
#4707=CARTESIAN_POINT('Ctrl Pts',(-12.2660664806035,34.2807860442819,102.518367227014));
#4708=CARTESIAN_POINT('Ctrl Pts',(-12.5611254986058,34.9683288082035,102.63959430476));
#4709=CARTESIAN_POINT('Origin',(-45.,20.,100.));
#4710=CARTESIAN_POINT('',(0.,20.,100.));
#4711=CARTESIAN_POINT('',(-42.3606797749979,34.9683288082035,102.639320225002));
#4712=CARTESIAN_POINT('',(-44.9268223520644,20.4150110643395,100.073177647936));
#4713=CARTESIAN_POINT('',(-29.8843071924696,60.0941668293031,107.069683381033));
#4714=CARTESIAN_POINT('Ctrl Pts',(-42.3606797749981,34.9683288082036,102.639320225002));
#4715=CARTESIAN_POINT('Ctrl Pts',(-36.1224934837787,38.7033377511554,103.297903074832));
#4716=CARTESIAN_POINT('Ctrl Pts',(-29.8843071925593,60.0941668289956,107.069683380978));
#4717=CARTESIAN_POINT('',(-26.7319891983551,72.0306327263044,109.17440437298));
#4718=CARTESIAN_POINT('Ctrl Pts',(-29.8843071924696,60.0941668293031,107.069683381033));
#4719=CARTESIAN_POINT('Ctrl Pts',(-28.3081481954123,65.4988383366624,108.022672789646));
#4720=CARTESIAN_POINT('Ctrl Pts',(-26.7319891983551,72.0306327263044,109.17440437298));
#4721=CARTESIAN_POINT('',(-22.4924587689572,60.0941668293031,107.069683381033));
#4722=CARTESIAN_POINT('Ctrl Pts',(-22.4924587689572,60.0941668293031,107.069683381033));
#4723=CARTESIAN_POINT('Ctrl Pts',(-23.0924039131971,61.7320951693778,107.358494339855));
#4724=CARTESIAN_POINT('Ctrl Pts',(-23.6855700004717,63.373311373975,107.647889487319));
#4725=CARTESIAN_POINT('Ctrl Pts',(-24.2718554077508,65.0160214877923,107.937547735944));
#4726=CARTESIAN_POINT('Ctrl Pts',(-25.1045430197752,67.3491246913511,108.348942651042));
#4727=CARTESIAN_POINT('Ctrl Pts',(-25.9246485772297,69.6888739858791,108.761508611666));
#4728=CARTESIAN_POINT('Ctrl Pts',(-26.7318931916963,72.0306327263044,109.174424464262));
#4729=CARTESIAN_POINT('Ctrl Pts',(-12.5617772393245,34.9683288082035,102.639320225002));
#4730=CARTESIAN_POINT('Ctrl Pts',(-13.4345043132627,37.0018826189907,102.997890628566));
#4731=CARTESIAN_POINT('Ctrl Pts',(-14.2924910229064,39.0469725901163,103.358900966587));
#4732=CARTESIAN_POINT('Ctrl Pts',(-15.1353092880309,41.0979327850559,103.721108898106));
#4733=CARTESIAN_POINT('Ctrl Pts',(-15.9212838921944,43.0105664975381,104.058887808911));
#4734=CARTESIAN_POINT('Ctrl Pts',(-16.6940654255209,44.9283053048006,104.397705572424));
#4735=CARTESIAN_POINT('Ctrl Pts',(-17.4532944021042,46.8465541019532,104.736594998578));
#4736=CARTESIAN_POINT('Ctrl Pts',(-18.2009139922465,48.7354709159187,105.070302459304));
#4737=CARTESIAN_POINT('Ctrl Pts',(-18.9382854536462,50.6321947043999,105.405371346216));
#4738=CARTESIAN_POINT('Ctrl Pts',(-19.6651309052041,52.5333454846084,105.741081826335));
#4739=CARTESIAN_POINT('Ctrl Pts',(-20.3954208222703,54.4435056742789,106.078383212976));
#4740=CARTESIAN_POINT('Ctrl Pts',(-21.1150845755736,56.358134913452,106.416332216924));
#4741=CARTESIAN_POINT('Ctrl Pts',(-21.8238477786829,58.2738049388163,106.754252340627));
#4742=CARTESIAN_POINT('Ctrl Pts',(-22.0483228914543,58.8805241407863,106.861276319219));
#4743=CARTESIAN_POINT('Ctrl Pts',(-22.2717046570127,59.4873477415774,106.968297797973));
#4744=CARTESIAN_POINT('Ctrl Pts',(-22.4939845185762,60.0941668293031,107.075296341361));
#4745=CARTESIAN_POINT('Origin',(-45.,20.,105.));
#4746=CARTESIAN_POINT('Ctrl Pts',(-45.,20.,105.));
#4747=CARTESIAN_POINT('Ctrl Pts',(-43.8196601125014,26.6940401449407,103.819660112501));
#4748=CARTESIAN_POINT('Ctrl Pts',(-42.3606797749979,34.9683288082035,102.639320225002));
#4749=CARTESIAN_POINT('',(-45.,20.,100.));
#4750=CARTESIAN_POINT('Origin',(-45.,20.,115.));
#4751=CARTESIAN_POINT('',(-40.6630530583309,34.9683288082034,126.871954640045));
#4752=CARTESIAN_POINT('Ctrl Pts',(-43.8888888888889,20.,124.938079899999));
#4753=CARTESIAN_POINT('Ctrl Pts',(-43.3626950986241,22.4416126806289,125.312454245026));
#4754=CARTESIAN_POINT('Ctrl Pts',(-42.8283909668557,24.9208585488499,125.657720461459));
#4755=CARTESIAN_POINT('Ctrl Pts',(-41.7481465843873,29.9333432200921,126.301655121983));
#4756=CARTESIAN_POINT('Ctrl Pts',(-41.2021799173989,32.4667048819578,126.599287870535));
#4757=CARTESIAN_POINT('Ctrl Pts',(-40.6630530583308,34.9683288082034,126.871954640045));
#4758=CARTESIAN_POINT('',(-35.2481647565161,60.0941668293025,129.009846541366));
#4759=CARTESIAN_POINT('Ctrl Pts',(-40.6630530583308,34.9683288082034,126.871954640045));
#4760=CARTESIAN_POINT('Ctrl Pts',(-39.7784376025668,39.073068077717,127.319354420868));
#4761=CARTESIAN_POINT('Ctrl Pts',(-38.8730435754962,43.2742228936761,127.719151020902));
#4762=CARTESIAN_POINT('Ctrl Pts',(-37.0547027474713,51.7115781571357,128.430289540194));
#4763=CARTESIAN_POINT('Ctrl Pts',(-36.141740741575,55.947849452338,128.74105202841));
#4764=CARTESIAN_POINT('Ctrl Pts',(-35.248164756516,60.0941668293025,129.009846541366));
#4765=CARTESIAN_POINT('Ctrl Pts',(-27.932959269731,60.0941668293031,114.69964780667));
#4766=CARTESIAN_POINT('Ctrl Pts',(-27.5709729833012,62.2753508953261,113.411184240839));
#4767=CARTESIAN_POINT('Ctrl Pts',(-27.300397337038,64.7497982551048,112.223513537236));
#4768=CARTESIAN_POINT('Ctrl Pts',(-26.9542643350117,68.7039675231842,110.494333550234));
#4769=CARTESIAN_POINT('Ctrl Pts',(-26.834133424466,70.3757656336491,109.81452357304));
#4770=CARTESIAN_POINT('Ctrl Pts',(-26.7319891983479,72.0306327263044,109.174404373003));
#4771=CARTESIAN_POINT('Origin',(0.,20.,115.));
#4772=CARTESIAN_POINT('Ctrl Pts',(-34.2210998767561,34.9683288082035,139.966848303801));
#4773=CARTESIAN_POINT('Ctrl Pts',(-34.55396975899,39.3907036732811,138.187554674843));
#4774=CARTESIAN_POINT('Ctrl Pts',(-34.8192691680582,43.8210643169234,136.338158079624));
#4775=CARTESIAN_POINT('Ctrl Pts',(-35.1584566050457,52.1796954334166,132.690643957901));
#4776=CARTESIAN_POINT('Ctrl Pts',(-35.2495058825113,56.1693408669064,130.880138708129));
#4777=CARTESIAN_POINT('Ctrl Pts',(-35.2481647565173,60.0941668293031,129.009846541363));
#4778=CARTESIAN_POINT('Ctrl Pts',(-34.2210998767561,34.9683288082035,139.966848303801));
#4779=CARTESIAN_POINT('Ctrl Pts',(-35.6480945617566,43.3436081485701,139.586600838306));
#4780=CARTESIAN_POINT('Ctrl Pts',(-37.0750892467571,51.7188874889366,139.206353372812));
#4781=CARTESIAN_POINT('Ctrl Pts',(-38.5020839317576,60.0941668293031,138.826105907317));
#4782=CARTESIAN_POINT('Ctrl Pts',(-32.613469448541,34.9683288082035,133.933724391918));
#4783=CARTESIAN_POINT('Ctrl Pts',(-34.0116583243896,43.3436081485701,133.445046650661));
#4784=CARTESIAN_POINT('Ctrl Pts',(-35.4097021884606,51.7188874889366,132.956807760241));
#4785=CARTESIAN_POINT('Ctrl Pts',(-36.8078910643092,60.0941668293031,132.468130018983));
#4786=CARTESIAN_POINT('Ctrl Pts',(-28.7628492112003,34.9683288082035,124.153322773407));
#4787=CARTESIAN_POINT('Ctrl Pts',(-30.0918429158095,43.34360814857,123.48924524187));
#4788=CARTESIAN_POINT('Ctrl Pts',(-31.4209414844816,51.7188874889366,122.825182769172));
#4789=CARTESIAN_POINT('Ctrl Pts',(-32.7499351890908,60.0941668293031,122.161105237635));
#4790=CARTESIAN_POINT('Ctrl Pts',(-21.0201511208795,34.9683288082035,111.907569681536));
#4791=CARTESIAN_POINT('Ctrl Pts',(-22.2102476359311,43.3436081485701,111.023750254164));
#4792=CARTESIAN_POINT('Ctrl Pts',(-23.4002370335104,51.7188874889365,110.139802206099));
#4793=CARTESIAN_POINT('Ctrl Pts',(-24.590333548562,60.0941668293031,109.255982778727));
#4794=CARTESIAN_POINT('Ctrl Pts',(-15.5236616126194,34.9683288082035,105.567464833319));
#4795=CARTESIAN_POINT('Ctrl Pts',(-16.6150110704925,43.34360814857,104.569629587569));
#4796=CARTESIAN_POINT('Ctrl Pts',(-17.7065375448505,51.7188874889366,103.572331891715));
#4797=CARTESIAN_POINT('Ctrl Pts',(-18.7978870027235,60.0941668293031,102.574496645965));
#4798=CARTESIAN_POINT('Ctrl Pts',(-12.5617772393245,34.9683288082035,102.639320225002));
#4799=CARTESIAN_POINT('Ctrl Pts',(-13.6000250733216,43.3436081485701,101.589109102782));
#4800=CARTESIAN_POINT('Ctrl Pts',(-14.6382729073187,51.7188874889366,100.538897980562));
#4801=CARTESIAN_POINT('Ctrl Pts',(-15.6765207413158,60.0941668293031,99.4886868583414));
#4802=CARTESIAN_POINT('Ctrl Pts',(-22.4924587689572,60.0941668293031,107.069683381033));
#4803=CARTESIAN_POINT('Ctrl Pts',(-24.4466540465761,60.0941668293031,109.51870624038));
#4804=CARTESIAN_POINT('Ctrl Pts',(-26.2645482535496,60.0941668293031,112.069942801897));
#4805=CARTESIAN_POINT('Ctrl Pts',(-27.932959269731,60.0941668293031,114.69964780667));
#4806=CARTESIAN_POINT('Ctrl Pts',(-27.932959269731,60.0941668293031,114.69964780667));
#4807=CARTESIAN_POINT('Ctrl Pts',(-28.5253634179397,64.0729887949702,114.32379819422));
#4808=CARTESIAN_POINT('Ctrl Pts',(-29.1177675661484,68.0518107606373,113.94794858177));
#4809=CARTESIAN_POINT('Ctrl Pts',(-29.7101717143571,72.0306327263044,113.572098969319));
#4810=CARTESIAN_POINT('Ctrl Pts',(-26.2645482535496,60.0941668293031,112.069942801897));
#4811=CARTESIAN_POINT('Ctrl Pts',(-26.8434542387159,64.0729887949702,111.672816183261));
#4812=CARTESIAN_POINT('Ctrl Pts',(-27.4223575228369,68.0518107606373,111.275689990694));
#4813=CARTESIAN_POINT('Ctrl Pts',(-28.0012635080032,72.0306327263044,110.878563372058));
#4814=CARTESIAN_POINT('Ctrl Pts',(-24.4466540465761,60.0941668293031,109.51870624038));
#4815=CARTESIAN_POINT('Ctrl Pts',(-25.0108514830994,64.0729887949702,109.100937566382));
#4816=CARTESIAN_POINT('Ctrl Pts',(-25.5750462823211,68.0518107606373,108.683169549499));
#4817=CARTESIAN_POINT('Ctrl Pts',(-26.1392437188444,72.0306327263044,108.265400875501));
#4818=CARTESIAN_POINT('Ctrl Pts',(-22.4924587689572,60.0941668293031,107.069683381033));
#4819=CARTESIAN_POINT('Ctrl Pts',(-23.0408439911186,64.0729887949702,106.632099955719));
#4820=CARTESIAN_POINT('Ctrl Pts',(-23.58922921328,68.0518107606373,106.194516530406));
#4821=CARTESIAN_POINT('Ctrl Pts',(-24.1376144354413,72.0306327263044,105.756933105092));
#4822=CARTESIAN_POINT('Origin',(-45.,-5.51091059616309E-15,105.));
#4823=CARTESIAN_POINT('',(-51.8686935486365,2.49999999999997,102.5));
#4824=CARTESIAN_POINT('',(-47.8773518242412,1.04727041753535,103.952729582465));
#4825=CARTESIAN_POINT('',(-45.,-5.51091059616309E-15,100.));
#4826=CARTESIAN_POINT('',(-45.7193379560603,0.261817604383836,100.261817604384));
#4827=CARTESIAN_POINT('',(-45.,-5.51091059616309E-15,100.));
#4828=CARTESIAN_POINT('Origin',(-45.,20.,105.));
#4829=CARTESIAN_POINT('',(-51.8686935486365,17.5,102.5));
#4830=CARTESIAN_POINT('',(-45.7193379560603,19.7381823956162,104.738182395616));
#4831=CARTESIAN_POINT('',(-51.8686935486365,10.,102.5));
#4832=CARTESIAN_POINT('Origin',(-45.,20.,100.));
#4833=CARTESIAN_POINT('',(-47.8773518242412,18.9527295824646,101.047270417535));
#4834=CARTESIAN_POINT('Origin',(-45.,-5.51091059616309E-15,100.));
#4835=CARTESIAN_POINT('',(-45.,-5.51091059616309E-15,100.));
#4836=CARTESIAN_POINT('Origin',(-45.,20.,100.));
#4837=CARTESIAN_POINT('',(-35.0380530190825,20.,100.871557427477));
#4838=CARTESIAN_POINT('',(-45.,20.,100.));
#4839=CARTESIAN_POINT('',(-35.0380530190825,-4.44089209850063E-15,100.871557427477));
#4840=CARTESIAN_POINT('',(-35.0380530190825,-5.51091059616309E-15,100.871557427477));
#4841=CARTESIAN_POINT('',(-45.,-5.51091059616309E-15,100.));
#4842=CARTESIAN_POINT('Origin',(-43.2502267294815,18.2502267294815,80.));
#4843=CARTESIAN_POINT('',(-34.9618016245665,19.923748605484,100.));
#4844=CARTESIAN_POINT('',(-18.3152895644897,19.797299644133,100.));
#4845=CARTESIAN_POINT('',(-35.0203792562939,19.9823262372113,100.669545394415));
#4846=CARTESIAN_POINT('',(-43.2502267294815,18.2502267294815,80.));
#4847=CARTESIAN_POINT('Origin',(-43.2502267294815,17.7470895837409,80.));
#4848=CARTESIAN_POINT('Origin',(-35.0380530190825,20.,100.871557427477));
#4849=CARTESIAN_POINT('',(-34.9618016245665,3.70476058779547,100.));
#4850=CARTESIAN_POINT('',(-34.9618016245665,10.,100.));
#4851=CARTESIAN_POINT('Ctrl Pts',(-35.0380530190825,-7.7715611723761E-15,
100.871557427477));
#4852=CARTESIAN_POINT('Ctrl Pts',(-35.0380530190825,1.85238029389774,100.871557427477));
#4853=CARTESIAN_POINT('Ctrl Pts',(-34.9618016245665,3.70476058779547,100.));
#4854=CARTESIAN_POINT('Ctrl Pts',(-45.,-7.7715611723761E-15,100.));
#4855=CARTESIAN_POINT('Ctrl Pts',(-35.0380530190825,-7.7715611723761E-15,
100.871557427477));
#4856=CARTESIAN_POINT('Ctrl Pts',(-45.,8.87354479201965,100.));
#4857=CARTESIAN_POINT('Ctrl Pts',(-35.0380530190826,8.87354479201965,100.871557427477));
#4858=CARTESIAN_POINT('Ctrl Pts',(-43.2502267294227,17.7470895840393,79.9999999993276));
#4859=CARTESIAN_POINT('Ctrl Pts',(-33.2882797485053,17.7470895840393,80.8715574268041));
#4860=CARTESIAN_POINT('Ctrl Pts',(-44.9999999999996,-7.7715611723761E-15,
100.));
#4861=CARTESIAN_POINT('Ctrl Pts',(-44.9999999999996,0.0552516693819266,
100.));
#4862=CARTESIAN_POINT('Ctrl Pts',(-44.9933019453738,0.109753636967454,100.));
#4863=CARTESIAN_POINT('Ctrl Pts',(-44.960657495873,0.246259939675077,100.));
#4864=CARTESIAN_POINT('Ctrl Pts',(-44.9268837139179,0.324620934382583,99.9999999999992));
#4865=CARTESIAN_POINT('Ctrl Pts',(-44.7762673284699,0.58323895967502,99.9999999999992));
#4866=CARTESIAN_POINT('Ctrl Pts',(-44.6041548714745,0.749972697102982,100.));
#4867=CARTESIAN_POINT('Ctrl Pts',(-44.1227994255239,1.11739598034392,100.));
#4868=CARTESIAN_POINT('Ctrl Pts',(-43.7617367717965,1.31026176903652,100.));
#4869=CARTESIAN_POINT('Ctrl Pts',(-42.52158709818,1.88928994746907,100.));
#4870=CARTESIAN_POINT('Ctrl Pts',(-41.3339184408828,2.25931867947688,100.));
#4871=CARTESIAN_POINT('Ctrl Pts',(-38.5339058459426,3.00635493546942,100.));
#4872=CARTESIAN_POINT('Ctrl Pts',(-36.6487102104416,3.39347004488998,100.));
#4873=CARTESIAN_POINT('Ctrl Pts',(-34.9618016245665,3.7047605877955,100.));
#4874=CARTESIAN_POINT('Origin',(-3.36777869765522E-15,-10.,50.0045394897461));
#4875=CARTESIAN_POINT('',(-1.32559519839526,-34.9746853662201,69.960561071464));
#4876=CARTESIAN_POINT('',(-18.3064610671606,-30.9709807796084,58.0589471772506));
#4877=CARTESIAN_POINT('Ctrl Pts',(-1.32559519839525,-34.9746853662201,69.960561071464));
#4878=CARTESIAN_POINT('Ctrl Pts',(-3.81316965194673,-34.8805196417995,69.7953218859993));
#4879=CARTESIAN_POINT('Ctrl Pts',(-6.08947969757709,-34.5298581247992,69.1805803761626));
#4880=CARTESIAN_POINT('Ctrl Pts',(-10.5728840680119,-33.5763039902702,67.1965612095441));
#4881=CARTESIAN_POINT('Ctrl Pts',(-12.7958301960278,-32.9021481035018,65.6107969350364));
#4882=CARTESIAN_POINT('Ctrl Pts',(-16.1527745665739,-31.7807931281184,62.0063032284565));
#4883=CARTESIAN_POINT('Ctrl Pts',(-17.3973960218035,-31.3168819428262,60.1251157281877));
#4884=CARTESIAN_POINT('Ctrl Pts',(-18.3064610671606,-30.9709807796084,58.0589471772506));
#4885=CARTESIAN_POINT('',(-9.67817572573095,-27.2608597491576,67.506908318618));
#4886=CARTESIAN_POINT('Ctrl Pts',(-9.67817572573101,-27.2608597491575,67.5069083186181));
#4887=CARTESIAN_POINT('Ctrl Pts',(-10.1608637843395,-27.3852735579206,67.2399993134657));
#4888=CARTESIAN_POINT('Ctrl Pts',(-10.6299128374012,-27.5165958451981,66.9544982483249));
#4889=CARTESIAN_POINT('Ctrl Pts',(-12.1539299856755,-27.9754114316815,65.939953135509));
#4890=CARTESIAN_POINT('Ctrl Pts',(-13.1345141433062,-28.3262387788692,65.135940278569));
#4891=CARTESIAN_POINT('Ctrl Pts',(-14.9068683065516,-29.0470553258418,63.3982804185469));
#4892=CARTESIAN_POINT('Ctrl Pts',(-15.7548013571778,-29.4444265132624,62.3957537838846));
#4893=CARTESIAN_POINT('Ctrl Pts',(-17.1964423052943,-30.2229223580516,60.2898588427359));
#4894=CARTESIAN_POINT('Ctrl Pts',(-17.8046256451953,-30.6028564129748,59.1995438506203));
#4895=CARTESIAN_POINT('Ctrl Pts',(-18.3064610671606,-30.9709807796084,58.0589471772506));
#4896=CARTESIAN_POINT('Ctrl Pts',(-1.32559519839527,-34.9746853662201,69.960561071464));
#4897=CARTESIAN_POINT('Ctrl Pts',(-1.47212557451944,-34.9200389897135,69.9508276703342));
#4898=CARTESIAN_POINT('Ctrl Pts',(-1.61779062035805,-34.863104063783,69.9395299623464));
#4899=CARTESIAN_POINT('Ctrl Pts',(-2.67770140326067,-34.429613543172,69.8457629088355));
#4900=CARTESIAN_POINT('Ctrl Pts',(-3.55469116565774,-33.9637620654886,69.7035736601315));
#4901=CARTESIAN_POINT('Ctrl Pts',(-5.17336986990009,-32.8922358765021,69.3416545987092));
#4902=CARTESIAN_POINT('Ctrl Pts',(-5.91513354319576,-32.2865141103578,69.1223984961937));
#4903=CARTESIAN_POINT('Ctrl Pts',(-7.81217204900958,-30.4318201073631,68.4625591394618));
#4904=CARTESIAN_POINT('Ctrl Pts',(-8.90028731779222,-28.9286129690255,67.9370524197195));
#4905=CARTESIAN_POINT('Ctrl Pts',(-9.67817572573092,-27.2608597491576,67.5069083186182));
#4906=CARTESIAN_POINT('Origin',(-3.36777869765522E-15,-10.,50.0045394897461));
#4907=CARTESIAN_POINT('',(17.5029293119164,-30.4284636576352,59.6817015478582));
#4908=CARTESIAN_POINT('',(17.5029293120945,-31.2733134502123,59.6817015476959));
#4909=CARTESIAN_POINT('',(17.5029293120945,53.0423498092082,59.6817015476959));
#4910=CARTESIAN_POINT('',(13.0941917906491,-32.7843493694268,65.1221497952705));
#4911=CARTESIAN_POINT('Ctrl Pts',(17.5029293120945,-31.2733134502123,59.6817015476959));
#4912=CARTESIAN_POINT('Ctrl Pts',(17.3726678343827,-31.3217690679857,59.9173034134935));
#4913=CARTESIAN_POINT('Ctrl Pts',(17.2377201529066,-31.3716784258416,60.1501478027043));
#4914=CARTESIAN_POINT('Ctrl Pts',(16.012643602602,-31.8215239541509,62.1689799493809));
#4915=CARTESIAN_POINT('Ctrl Pts',(14.6589072208758,-32.2991559120704,63.7668639050336));
#4916=CARTESIAN_POINT('Ctrl Pts',(13.0941917906491,-32.7843493694268,65.1221497952705));
#4917=CARTESIAN_POINT('',(16.1172222534529,-29.645225565188,61.8466316557945));
#4918=CARTESIAN_POINT('Ctrl Pts',(16.1172222533162,-29.6452255664042,61.8466316544443));
#4919=CARTESIAN_POINT('Ctrl Pts',(15.7098326046838,-30.2149370378788,62.4010936041903));
#4920=CARTESIAN_POINT('Ctrl Pts',(15.2632033658678,-30.7545334186679,62.9480301652885));
#4921=CARTESIAN_POINT('Ctrl Pts',(14.2846754812834,-31.7838900963209,64.0225855196348));
#4922=CARTESIAN_POINT('Ctrl Pts',(13.7190867339968,-32.3009148035079,64.5808939967789));
#4923=CARTESIAN_POINT('Ctrl Pts',(13.0941917906491,-32.7843493694268,65.1221497952705));
#4924=CARTESIAN_POINT('Ctrl Pts',(17.5029293119445,-30.4284636576352,59.6817015479671));
#4925=CARTESIAN_POINT('Ctrl Pts',(17.194224817582,-30.2352909595148,60.2400504637546));
#4926=CARTESIAN_POINT('Ctrl Pts',(16.859929419237,-30.0412031277149,60.7814242254377));
#4927=CARTESIAN_POINT('Ctrl Pts',(16.3773615240835,-29.7806132064197,61.4863412788082));
#4928=CARTESIAN_POINT('Ctrl Pts',(16.2485963848234,-29.7127695615655,61.6678299658457));
#4929=CARTESIAN_POINT('Ctrl Pts',(16.1172222526528,-29.6452255655604,61.8466316553473));
#4930=CARTESIAN_POINT('Origin',(0.,0.,115.));
#4931=CARTESIAN_POINT('',(8.03661934309779,-35.3430925478668,119.832716421847));
#4932=CARTESIAN_POINT('',(7.38158867814405,-39.6987562649466,123.868377988293));
#4933=CARTESIAN_POINT('Ctrl Pts',(8.03661934309779,-35.3430925478668,119.832716421847));
#4934=CARTESIAN_POINT('Ctrl Pts',(7.91887164261466,-35.6292353949259,120.290879480945));
#4935=CARTESIAN_POINT('Ctrl Pts',(7.81357766369431,-35.9491982922834,120.73112463134));
#4936=CARTESIAN_POINT('Ctrl Pts',(7.50217947929576,-37.171048664642,122.181034549887));
#4937=CARTESIAN_POINT('Ctrl Pts',(7.38147259132143,-38.2237514458669,123.060350137014));
#4938=CARTESIAN_POINT('Ctrl Pts',(7.37978505781865,-39.5134389177604,123.771473539514));
#4939=CARTESIAN_POINT('Ctrl Pts',(7.38034848427477,-39.6057707310334,123.820626802648));
#4940=CARTESIAN_POINT('Ctrl Pts',(7.38158867814606,-39.6987562649526,123.868377988281));
#4941=CARTESIAN_POINT('',(7.69036991407467,-43.2098689940843,124.938079899999));
#4942=CARTESIAN_POINT('Ctrl Pts',(7.3838602935949,-39.6987152547036,123.868351479331));
#4943=CARTESIAN_POINT('Ctrl Pts',(7.38726260235112,-39.9504553911004,123.997635942483));
#4944=CARTESIAN_POINT('Ctrl Pts',(7.39560447411732,-40.2069865011576,124.116645691606));
#4945=CARTESIAN_POINT('Ctrl Pts',(7.40872165313067,-40.4678073204346,124.224981756516));
#4946=CARTESIAN_POINT('Ctrl Pts',(7.42099241462687,-40.7117980491831,124.326327176335));
#4947=CARTESIAN_POINT('Ctrl Pts',(7.4374415293251,-40.9595425580875,124.418331797365));
#4948=CARTESIAN_POINT('Ctrl Pts',(7.45789497537132,-41.2106199260463,124.500674367568));
#4949=CARTESIAN_POINT('Ctrl Pts',(7.48009979026064,-41.4831963156594,124.590067691546));
#4950=CARTESIAN_POINT('Ctrl Pts',(7.50694116165999,-41.7586823653313,124.667739887268));
#4951=CARTESIAN_POINT('Ctrl Pts',(7.53804929512357,-42.0364257277689,124.73345431936));
#4952=CARTESIAN_POINT('Ctrl Pts',(7.56953382464645,-42.3175296745771,124.79996386998));
#4953=CARTESIAN_POINT('Ctrl Pts',(7.60538878840385,-42.6009458073582,124.854224237396));
#4954=CARTESIAN_POINT('Ctrl Pts',(7.64518525262312,-42.8859869091671,124.89601579319));
#4955=CARTESIAN_POINT('Ctrl Pts',(7.660225151971,-42.9937097826766,124.911809678527));
#4956=CARTESIAN_POINT('Ctrl Pts',(7.67582754779726,-43.1016646367211,124.925823002631));
#4957=CARTESIAN_POINT('Ctrl Pts',(7.69196772591234,-43.2098140144938,124.938044980238));
#4958=CARTESIAN_POINT('Origin',(0.,0.,124.938079899999));
#4959=CARTESIAN_POINT('',(10.1004682874269,-43.8518020196968,105.));
#4960=CARTESIAN_POINT('Origin',(0.,0.,105.));
#4961=CARTESIAN_POINT('',(10.4708631345782,-34.4121278155359,110.703810271618));
#4962=CARTESIAN_POINT('Ctrl Pts',(10.1004682874269,-43.8518020196968,105.));
#4963=CARTESIAN_POINT('Ctrl Pts',(10.2026759802213,-42.8483168961519,105.));
#4964=CARTESIAN_POINT('Ctrl Pts',(10.3186482782059,-41.8467764195655,105.136831857595));
#4965=CARTESIAN_POINT('Ctrl Pts',(10.5361249146268,-39.8976860188403,105.674054462345));
#4966=CARTESIAN_POINT('Ctrl Pts',(10.6375310998765,-38.9476172122714,106.080612610857));
#4967=CARTESIAN_POINT('Ctrl Pts',(10.771218868131,-37.0630370587789,107.236440947958));
#4968=CARTESIAN_POINT('Ctrl Pts',(10.7876960429945,-36.1605860102661,108.026873089053));
#4969=CARTESIAN_POINT('Ctrl Pts',(10.6877798936989,-35.2869060734547,109.17200461974));
#4970=CARTESIAN_POINT('Ctrl Pts',(10.6659928300598,-35.1428626774294,109.378502065788));
#4971=CARTESIAN_POINT('Ctrl Pts',(10.6273365277731,-34.9441915478055,109.691544058303));
#4972=CARTESIAN_POINT('Ctrl Pts',(10.6139126056851,-34.8824169715131,109.793491335027));
#4973=CARTESIAN_POINT('Ctrl Pts',(10.5882447985499,-34.7762787812731,109.977189507105));
#4974=CARTESIAN_POINT('Ctrl Pts',(10.5763904984561,-34.73108506336,110.058441629042));
#4975=CARTESIAN_POINT('Ctrl Pts',(10.550408244634,-34.6396110009012,110.229429646701));
#4976=CARTESIAN_POINT('Ctrl Pts',(10.5361789422018,-34.5936042209647,110.31924204008));
#4977=CARTESIAN_POINT('Ctrl Pts',(10.5052390403223,-34.5016018929722,110.507031734927));
#4978=CARTESIAN_POINT('Ctrl Pts',(10.4884342953032,-34.4558947791408,110.605049988546));
#4979=CARTESIAN_POINT('Ctrl Pts',(10.4708631345782,-34.4121278155359,110.703810271618));
#4980=CARTESIAN_POINT('',(6.67555256014948,-35.664173069377,119.901383229081));
#4981=CARTESIAN_POINT('Ctrl Pts',(6.67555256014947,-35.664173069377,119.901383229081));
#4982=CARTESIAN_POINT('Ctrl Pts',(6.0520940484545,-35.780870856139,119.901383229081));
#4983=CARTESIAN_POINT('Ctrl Pts',(5.41990934541697,-35.8578752770645,119.859788255428));
#4984=CARTESIAN_POINT('Ctrl Pts',(4.03780944841356,-35.9387527073091,119.670706940102));
#4985=CARTESIAN_POINT('Ctrl Pts',(3.28736447093905,-35.9243416649088,119.503683510092));
#4986=CARTESIAN_POINT('Ctrl Pts',(1.60169450698582,-35.7725304755246,118.925797712842));
#4987=CARTESIAN_POINT('Ctrl Pts',(0.77483540753285,-35.6026999073716,118.475480771172));
#4988=CARTESIAN_POINT('Ctrl Pts',(-0.34376901326988,-35.3111400039901,117.506468085396));
#4989=CARTESIAN_POINT('Ctrl Pts',(-0.708499958131259,-35.1920214297958,
117.044799574625));
#4990=CARTESIAN_POINT('Ctrl Pts',(-1.15262391218454,-35.0395231593063,116.147705084419));
#4991=CARTESIAN_POINT('Ctrl Pts',(-1.27743455211057,-34.9926061160651,115.719812534795));
#4992=CARTESIAN_POINT('Ctrl Pts',(-1.34764500054934,-34.9664886190254,114.858266008634));
#4993=CARTESIAN_POINT('Ctrl Pts',(-1.30414131158518,-34.9832071143056,114.447105304406));
#4994=CARTESIAN_POINT('Ctrl Pts',(-1.05806025889182,-35.0722562239124,113.602397476112));
#4995=CARTESIAN_POINT('Ctrl Pts',(-0.841993689276529,-35.1486444172708,
113.191518010293));
#4996=CARTESIAN_POINT('Ctrl Pts',(-0.203538218446354,-35.3484739643085,
112.341821438624));
#4997=CARTESIAN_POINT('Ctrl Pts',(0.275654909964689,-35.4842330002893,111.912206549946));
#4998=CARTESIAN_POINT('Ctrl Pts',(1.55648867674003,-35.7504075635519,111.105893406322));
#4999=CARTESIAN_POINT('Ctrl Pts',(2.38254999259736,-35.8706312346134,110.762998617708));
#5000=CARTESIAN_POINT('Ctrl Pts',(3.99446665404555,-35.9355663047962,110.338709738346));
#5001=CARTESIAN_POINT('Ctrl Pts',(4.69728428185432,-35.9164709384395,110.221136354899));
#5002=CARTESIAN_POINT('Ctrl Pts',(6.01501869457639,-35.7854925633976,110.100547403772));
#5003=CARTESIAN_POINT('Ctrl Pts',(6.63185143626606,-35.6853738770656,110.085203184505));
#5004=CARTESIAN_POINT('Ctrl Pts',(7.88048214586081,-35.4017885189108,110.13650420415));
#5005=CARTESIAN_POINT('Ctrl Pts',(8.51278267137349,-35.2131681322757,110.208119599133));
#5006=CARTESIAN_POINT('Ctrl Pts',(9.58688285793387,-34.81576878277,110.42322357535));
#5007=CARTESIAN_POINT('Ctrl Pts',(10.039624736925,-34.6216454973303,110.546357613102));
#5008=CARTESIAN_POINT('Ctrl Pts',(10.4708631345782,-34.4121278155359,110.703810271618));
#5009=CARTESIAN_POINT('Ctrl Pts',(8.03661934309779,-35.3430925478668,119.832716421847));
#5010=CARTESIAN_POINT('Ctrl Pts',(7.88204288073198,-35.3872571706209,119.848642240967));
#5011=CARTESIAN_POINT('Ctrl Pts',(7.72647162643904,-35.4290163137702,119.86175309997));
#5012=CARTESIAN_POINT('Ctrl Pts',(7.27446435845799,-35.5425555392293,119.891668272285));
#5013=CARTESIAN_POINT('Ctrl Pts',(6.97581461784625,-35.607970584489,119.901383229081));
#5014=CARTESIAN_POINT('Ctrl Pts',(6.67555256014948,-35.664173069377,119.901383229081));
#5015=CARTESIAN_POINT('Origin',(45.2849802485218,0.,161.152621297087));
#5016=CARTESIAN_POINT('',(15.8366865566651,-9.5942988229811,123.476368402032));
#5017=CARTESIAN_POINT('Ctrl Pts',(15.8366865566658,-9.59429882298141,123.47636840203));
#5018=CARTESIAN_POINT('Ctrl Pts',(15.2999197255384,-9.41822254227878,123.135441046817));
#5019=CARTESIAN_POINT('Ctrl Pts',(14.7636804742761,-9.18730814713763,122.822304958416));
#5020=CARTESIAN_POINT('Ctrl Pts',(13.548936656716,-8.53465386583416,122.159144348884));
#5021=CARTESIAN_POINT('Ctrl Pts',(12.8793930684176,-8.07540646014566,121.828960616879));
#5022=CARTESIAN_POINT('Ctrl Pts',(11.3393380664808,-6.73991335706637,121.118989984543));
#5023=CARTESIAN_POINT('Ctrl Pts',(10.5299820989523,-5.77162520867856,120.792102966507));
#5024=CARTESIAN_POINT('Ctrl Pts',(9.35874742655603,-3.66714933898827,120.340253432716));
#5025=CARTESIAN_POINT('Ctrl Pts',(8.9715136109046,-2.57498803464562,120.202309497556));
#5026=CARTESIAN_POINT('Ctrl Pts',(8.7938319844835,-1.42857142857143,120.138912993702));
#5027=CARTESIAN_POINT('',(-4.69873353349985,-8.6405876109726,158.911981837743));
#5028=CARTESIAN_POINT('Ctrl Pts',(-4.69873353349985,-8.6405876109726,158.911981837743));
#5029=CARTESIAN_POINT('Ctrl Pts',(-4.87592488736642,-8.53749605286801,158.913307140794));
#5030=CARTESIAN_POINT('Ctrl Pts',(-5.05129335024687,-8.42814248399607,158.914616174481));
#5031=CARTESIAN_POINT('Ctrl Pts',(-5.78323391233547,-7.93947945088177,158.920069718163));
#5032=CARTESIAN_POINT('Ctrl Pts',(-6.30350845238797,-7.50576914855233,158.923920171345));
#5033=CARTESIAN_POINT('Ctrl Pts',(-7.17697966027894,-6.63289683142506,158.930360116143));
#5034=CARTESIAN_POINT('Ctrl Pts',(-7.61072113177733,-6.11339438306437,158.933542968399));
#5035=CARTESIAN_POINT('Ctrl Pts',(-8.35883263643533,-4.99457430092011,158.939014660019));
#5036=CARTESIAN_POINT('Ctrl Pts',(-8.67319964846538,-4.39525465195452,158.94130450677));
#5037=CARTESIAN_POINT('Ctrl Pts',(-9.14566527859343,-3.25530744518544,158.944740758872));
#5038=CARTESIAN_POINT('Ctrl Pts',(-9.34735236443587,-2.60969514607547,158.946203893501));
#5039=CARTESIAN_POINT('Ctrl Pts',(-9.51314332836459,-1.77675697921375,158.947405689901));
#5040=CARTESIAN_POINT('Ctrl Pts',(-9.54302618286453,-1.60250977060938,158.94762223349));
#5041=CARTESIAN_POINT('Ctrl Pts',(-9.56815961200975,-1.42857142857143,158.947804328687));
#5042=CARTESIAN_POINT('',(13.9094789740593,-9.73423258032784,125.769931437316));
#5043=CARTESIAN_POINT('Ctrl Pts',(13.9094789740593,-9.73423258032785,125.769931437316));
#5044=CARTESIAN_POINT('Ctrl Pts',(13.8587209356803,-9.6888849028483,125.557323415341));
#5045=CARTESIAN_POINT('Ctrl Pts',(13.8018263532074,-9.63867357106747,125.357303069435));
#5046=CARTESIAN_POINT('Ctrl Pts',(13.5725284105583,-9.43997036368177,124.670618614606));
#5047=CARTESIAN_POINT('Ctrl Pts',(13.3474859611027,-9.25005109888491,124.204405170649));
#5048=CARTESIAN_POINT('Ctrl Pts',(12.8011859515752,-8.83135334743977,123.523974712413));
#5049=CARTESIAN_POINT('Ctrl Pts',(12.5204611221711,-8.62741345873038,123.287945504582));
#5050=CARTESIAN_POINT('Ctrl Pts',(11.856957277944,-8.1883281201459,122.960100853951));
#5051=CARTESIAN_POINT('Ctrl Pts',(11.4918447392472,-7.96666150915968,122.883225785685));
#5052=CARTESIAN_POINT('Ctrl Pts',(10.6117740784454,-7.48580318244248,122.876746851123));
#5053=CARTESIAN_POINT('Ctrl Pts',(10.1021906699808,-7.24489631027105,122.996430700373));
#5054=CARTESIAN_POINT('Ctrl Pts',(8.94109772606113,-6.76873126654165,123.439441965641));
#5055=CARTESIAN_POINT('Ctrl Pts',(8.22039424574127,-6.52993155241392,123.850195024156));
#5056=CARTESIAN_POINT('Ctrl Pts',(6.74987867034772,-6.17220574771191,124.942631658537));
#5057=CARTESIAN_POINT('Ctrl Pts',(6.06830545867007,-6.06193607169379,125.558420801219));
#5058=CARTESIAN_POINT('Ctrl Pts',(4.58067518362027,-5.91024915175181,127.082184812071));
#5059=CARTESIAN_POINT('Ctrl Pts',(3.78356685289565,-5.90341845422163,128.050427516068));
#5060=CARTESIAN_POINT('Ctrl Pts',(1.57142280170568,-6.02951978256955,131.11391717832));
#5061=CARTESIAN_POINT('Ctrl Pts',(0.189425892333228,-6.33889245614857,133.598895540914));
#5062=CARTESIAN_POINT('Ctrl Pts',(-2.65083417097189,-7.31718005651176,140.838877314802));
#5063=CARTESIAN_POINT('Ctrl Pts',(-3.8525384817292,-8.07161042214463,146.091530352036));
#5064=CARTESIAN_POINT('Ctrl Pts',(-4.56169544599376,-8.54407647602777,154.883428416109));
#5065=CARTESIAN_POINT('Ctrl Pts',(-4.65795648033987,-8.61198127006034,156.905876307206));
#5066=CARTESIAN_POINT('Ctrl Pts',(-4.69873353349985,-8.6405876109726,158.911981837743));
#5067=CARTESIAN_POINT('Ctrl Pts',(13.9094789740592,-9.73423258032785,125.769931437316));
#5068=CARTESIAN_POINT('Ctrl Pts',(14.3920398354218,-9.70169680225332,125.157188042717));
#5069=CARTESIAN_POINT('Ctrl Pts',(14.8907691300188,-9.66591314525096,124.554408595716));
#5070=CARTESIAN_POINT('Ctrl Pts',(15.5484134785914,-9.6163961582705,123.799993558542));
#5071=CARTESIAN_POINT('Ctrl Pts',(15.6919908684451,-9.60545176224262,123.637634052048));
#5072=CARTESIAN_POINT('Ctrl Pts',(15.8366865566644,-9.59429882298163,123.476368402033));
#5073=CARTESIAN_POINT('Origin',(0.,0.,115.));
#5074=CARTESIAN_POINT('',(6.28997476877827,-35.7311509210629,141.62181570187));
#5075=CARTESIAN_POINT('Ctrl Pts',(7.69036991407467,-43.2098689940843,124.938079899999));
#5076=CARTESIAN_POINT('Ctrl Pts',(7.57131500356974,-42.856682916346,126.565828983751));
#5077=CARTESIAN_POINT('Ctrl Pts',(7.45913506788107,-42.4095806880333,128.175565586608));
#5078=CARTESIAN_POINT('Ctrl Pts',(7.08391195434044,-40.635203908533,133.396575340058));
#5079=CARTESIAN_POINT('Ctrl Pts',(6.81266870891021,-38.9305544966494,136.860186853153));
#5080=CARTESIAN_POINT('Ctrl Pts',(6.40965230349219,-36.4618537691152,140.590093358479));
#5081=CARTESIAN_POINT('Ctrl Pts',(6.35080902181154,-36.1018288532051,141.109927436782));
#5082=CARTESIAN_POINT('Ctrl Pts',(6.28997476877828,-35.7311509210629,141.62181570187));
#5083=CARTESIAN_POINT('Ctrl Pts',(6.28997476877828,-35.7311509210629,141.62181570187));
#5084=CARTESIAN_POINT('Ctrl Pts',(5.4910854275979,-35.8592115322141,141.638690613034));
#5085=CARTESIAN_POINT('Ctrl Pts',(4.69150108450394,-35.9202313423157,141.708450352611));
#5086=CARTESIAN_POINT('Ctrl Pts',(2.94604766885863,-35.9202313423157,141.963276247518));
#5087=CARTESIAN_POINT('Ctrl Pts',(1.96461645384699,-35.8249535376056,142.179959352655));
#5088=CARTESIAN_POINT('Ctrl Pts',(0.0443935635296948,-35.4450389959582,
142.743187343577));
#5089=CARTESIAN_POINT('Ctrl Pts',(-0.894524041148839,-35.1605488164053,
143.089401688561));
#5090=CARTESIAN_POINT('Ctrl Pts',(-3.56477013621457,-34.0634762188301,144.262389102269));
#5091=CARTESIAN_POINT('Ctrl Pts',(-5.14719719066288,-32.9952245161566,145.226866367841));
#5092=CARTESIAN_POINT('Ctrl Pts',(-7.82192277496894,-30.464493514297,147.261118532543));
#5093=CARTESIAN_POINT('Ctrl Pts',(-9.04293441284304,-28.7509961178942,148.501849918504));
#5094=CARTESIAN_POINT('Ctrl Pts',(-10.6750249373724,-24.9646821237322,150.966329776273));
#5095=CARTESIAN_POINT('Ctrl Pts',(-11.0841906070709,-22.8915824583575,152.190909925536));
#5096=CARTESIAN_POINT('Ctrl Pts',(-11.0841906070709,-20.9202313423157,153.268585539188));
#5097=CARTESIAN_POINT('Ctrl Pts',(-11.0841906070709,-19.997904184213,153.772792769451));
#5098=CARTESIAN_POINT('Ctrl Pts',(-10.9977697954011,-19.032209265518,154.281624556231));
#5099=CARTESIAN_POINT('Ctrl Pts',(-10.6204296130249,-17.0891443693041,155.266482058104));
#5100=CARTESIAN_POINT('Ctrl Pts',(-10.3295128518515,-16.1118084345154,155.742575935813));
#5101=CARTESIAN_POINT('Ctrl Pts',(-9.54319880024627,-14.219089749862,156.629215030036));
#5102=CARTESIAN_POINT('Ctrl Pts',(-9.04716424781181,-13.3023430348271,157.040484257261));
#5103=CARTESIAN_POINT('Ctrl Pts',(-7.87821801820254,-11.5943627193716,157.775112644123));
#5104=CARTESIAN_POINT('Ctrl Pts',(-7.20518567443996,-10.803223223159,158.098498578316));
#5105=CARTESIAN_POINT('Ctrl Pts',(-5.93676236179492,-9.58535546954937,158.571416807715));
#5106=CARTESIAN_POINT('Ctrl Pts',(-5.3420769300586,-9.09191253760252,158.754334392312));
#5107=CARTESIAN_POINT('Ctrl Pts',(-4.69873353349985,-8.6405876109726,158.911981837743));
#5108=CARTESIAN_POINT('Ctrl Pts',(6.28997476877828,-35.7311509210629,141.62181570187));
#5109=CARTESIAN_POINT('Ctrl Pts',(6.97694704293053,-39.6379489168229,136.963659004529));
#5110=CARTESIAN_POINT('Ctrl Pts',(7.66391931708278,-43.2365530270368,132.04706023188));
#5111=CARTESIAN_POINT('Ctrl Pts',(8.35089159123503,-46.4956353078405,126.914821238652));
#5112=CARTESIAN_POINT('Ctrl Pts',(5.28980753642619,-32.4201619366624,138.84488783776));
#5113=CARTESIAN_POINT('Ctrl Pts',(5.97677981057844,-36.2046645435917,134.332546482076));
#5114=CARTESIAN_POINT('Ctrl Pts',(6.66375208473069,-39.6906090734867,129.569869045967));
#5115=CARTESIAN_POINT('Ctrl Pts',(7.35072435888294,-42.8476715582337,124.598285700645));
#5116=CARTESIAN_POINT('Ctrl Pts',(5.18214537634484,-28.9524886276544,135.936548764213));
#5117=CARTESIAN_POINT('Ctrl Pts',(5.86911765049709,-32.6088992272518,131.576934179269));
#5118=CARTESIAN_POINT('Ctrl Pts',(6.55608992464934,-35.9768698878095,126.975438735795));
#5119=CARTESIAN_POINT('Ctrl Pts',(7.24306219880159,-39.0270769907679,122.172125875782));
#5120=CARTESIAN_POINT('Ctrl Pts',(5.97570252064105,-25.6088063033815,133.132200982099));
#5121=CARTESIAN_POINT('Ctrl Pts',(6.6626747947933,-29.1417103072948,128.919845885994));
#5122=CARTESIAN_POINT('Ctrl Pts',(7.34964706894555,-32.3959156394547,124.473782509188));
#5123=CARTESIAN_POINT('Ctrl Pts',(8.0366193430978,-35.3430925478667,119.832716421847));
#5124=CARTESIAN_POINT('',(6.5353343354916,-35.6897299484056,129.714516762494));
#5125=CARTESIAN_POINT('Ctrl Pts',(6.5353343354916,-35.6897299484056,129.714516762494));
#5126=CARTESIAN_POINT('Ctrl Pts',(6.57767710188982,-35.6822200162356,129.27061962327));
#5127=CARTESIAN_POINT('Ctrl Pts',(6.62341558418983,-35.6739208896848,128.827556704911));
#5128=CARTESIAN_POINT('Ctrl Pts',(6.99949292003411,-35.6036098358548,125.435981782076));
#5129=CARTESIAN_POINT('Ctrl Pts',(7.47017034335283,-35.5049348232062,122.554619245587));
#5130=CARTESIAN_POINT('Ctrl Pts',(8.0366193430978,-35.3430925478668,119.832716421847));
#5131=CARTESIAN_POINT('Ctrl Pts',(6.28997476877828,-35.7311509210629,141.62181570187));
#5132=CARTESIAN_POINT('Ctrl Pts',(6.23615421717145,-35.7397782645209,140.721190019565));
#5133=CARTESIAN_POINT('Ctrl Pts',(6.19978015718383,-35.7453405183844,139.816929757958));
#5134=CARTESIAN_POINT('Ctrl Pts',(6.11501485531841,-35.7582861221339,135.845161784531));
#5135=CARTESIAN_POINT('Ctrl Pts',(6.24481211786491,-35.7412571001214,132.760184116222));
#5136=CARTESIAN_POINT('Ctrl Pts',(6.5353343354916,-35.6897299484056,129.714516762494));
#5137=CARTESIAN_POINT('Ctrl Pts',(7.91021436009186,-35.4412571142428,120.426602649936));
#5138=CARTESIAN_POINT('Ctrl Pts',(9.11875541545539,-40.6720276640246,112.254302249175));
#5139=CARTESIAN_POINT('Ctrl Pts',(11.9386845446369,-50.6538555476929,91.7614277616162));
#5140=CARTESIAN_POINT('Ctrl Pts',(14.7586136738185,-54.8021385169282,69.228394385542));
#5141=CARTESIAN_POINT('Ctrl Pts',(16.3700017476365,-55.1514682791618,56.2958300243351));
#5142=CARTESIAN_POINT('Ctrl Pts',(8.67534760677284,-31.6272030285739,117.985375479097));
#5143=CARTESIAN_POINT('Ctrl Pts',(9.88388866213636,-36.6686546094618,110.108857787717));
#5144=CARTESIAN_POINT('Ctrl Pts',(12.7038177913179,-46.289548374809,90.356896108189));
#5145=CARTESIAN_POINT('Ctrl Pts',(15.5237469204995,-50.2880118399338,68.6380464241871));
#5146=CARTESIAN_POINT('Ctrl Pts',(17.1351349943175,-50.6246981971929,56.1735545442173));
#5147=CARTESIAN_POINT('Ctrl Pts',(11.2796274761665,-26.1181040968464,114.459216254061));
#5148=CARTESIAN_POINT('Ctrl Pts',(12.48816853153,-30.8865956023295,107.009158051276));
#5149=CARTESIAN_POINT('Ctrl Pts',(15.3080976607116,-39.9861313352342,88.3276801629346));
#5150=CARTESIAN_POINT('Ctrl Pts',(18.1280267898931,-43.7676803818045,67.786562312318));
#5151=CARTESIAN_POINT('Ctrl Pts',(19.7394148637112,-44.0861374787026,55.9969373013144));
#5152=CARTESIAN_POINT('Ctrl Pts',(18.6697949785649,-18.6440251278386,109.675349993566));
#5153=CARTESIAN_POINT('Ctrl Pts',(19.8783360339284,-23.041711824963,102.804619110746));
#5154=CARTESIAN_POINT('Ctrl Pts',(22.69826516311,-31.4339489779703,85.5751564501449));
#5155=CARTESIAN_POINT('Ctrl Pts',(25.5181942922915,-34.921715884598,66.6301710809535));
#5156=CARTESIAN_POINT('Ctrl Pts',(27.1295823661096,-35.2154092962405,55.7573243923608));
#5157=CARTESIAN_POINT('Ctrl Pts',(28.6104453188627,-13.3902686638695,106.312625517004));
#5158=CARTESIAN_POINT('Ctrl Pts',(29.8189863742263,-17.5274987899254,99.8488192583603));
#5159=CARTESIAN_POINT('Ctrl Pts',(32.6389155034078,-25.4225476099432,83.6401366260043));
#5160=CARTESIAN_POINT('Ctrl Pts',(35.4588446325894,-28.7036066213422,65.8177867229338));
#5161=CARTESIAN_POINT('Ctrl Pts',(37.0702327064074,-28.9799058018332,55.5888932218466));
#5162=CARTESIAN_POINT('Ctrl Pts',(37.9142769677592,-12.3017158573318,105.615885348007));
#5163=CARTESIAN_POINT('Ctrl Pts',(39.1228180231227,-16.3848649520388,99.2365726510596));
#5164=CARTESIAN_POINT('Ctrl Pts',(41.9427471523042,-24.1769027987593,83.2393221392677));
#5165=CARTESIAN_POINT('Ctrl Pts',(44.7626762814858,-27.4152523280342,65.6491785860584));
#5166=CARTESIAN_POINT('Ctrl Pts',(46.3740643553038,-27.6879397817934,55.5539951018768));
#5167=CARTESIAN_POINT('Ctrl Pts',(42.4947599240558,-12.5825818403313,105.795656702492));
#5168=CARTESIAN_POINT('Ctrl Pts',(43.7033009794193,-16.6797647293197,99.3944182908655));
#5169=CARTESIAN_POINT('Ctrl Pts',(46.5232301086009,-24.4983784529705,83.3426618818381));
#5170=CARTESIAN_POINT('Ctrl Pts',(49.3431592377824,-27.7476653101318,65.6928800940849));
#5171=CARTESIAN_POINT('Ctrl Pts',(50.9545473116005,-28.0212899913937,55.5629994374601));
#5172=CARTESIAN_POINT('',(42.8465372032722,-13.754063024744,103.919120641791));
#5173=CARTESIAN_POINT('',(18.813268182131,-19.1693111201595,110.011565057116));
#5174=CARTESIAN_POINT('Ctrl Pts',(42.8465372032724,-13.7540630247441,103.919120641791));
#5175=CARTESIAN_POINT('Ctrl Pts',(40.1875194621295,-14.2661502551524,102.675988012753));
#5176=CARTESIAN_POINT('Ctrl Pts',(37.6532582086616,-15.0611663951739,101.665438436598));
#5177=CARTESIAN_POINT('Ctrl Pts',(33.6418478915979,-16.4976461893135,100.65866285559));
#5178=CARTESIAN_POINT('Ctrl Pts',(31.9472840883236,-17.1644188334082,100.415899329654));
#5179=CARTESIAN_POINT('Ctrl Pts',(29.0133316410508,-18.2830141114285,100.594918873137));
#5180=CARTESIAN_POINT('Ctrl Pts',(27.790457406262,-18.7359173099797,100.864025910345));
#5181=CARTESIAN_POINT('Ctrl Pts',(25.3315654857839,-19.5106809909721,101.926932420641));
#5182=CARTESIAN_POINT('Ctrl Pts',(24.1855467569579,-19.7913009778048,102.721557361051));
#5183=CARTESIAN_POINT('Ctrl Pts',(21.8407851650407,-20.0816753330953,104.955001590358));
#5184=CARTESIAN_POINT('Ctrl Pts',(20.7242307063041,-20.0006498820749,106.484558409612));
#5185=CARTESIAN_POINT('Ctrl Pts',(19.4321401419722,-19.5244847480468,108.759821444919));
#5186=CARTESIAN_POINT('Ctrl Pts',(19.1127212370267,-19.3649037309545,109.378167086054));
#5187=CARTESIAN_POINT('Ctrl Pts',(18.8132681821759,-19.1693111201305,110.011565057128));
#5188=CARTESIAN_POINT('Ctrl Pts',(10.4708631345782,-34.4121278155359,110.703810271618));
#5189=CARTESIAN_POINT('Ctrl Pts',(11.3872719011256,-33.9668895404009,107.969816855998));
#5190=CARTESIAN_POINT('Ctrl Pts',(12.373082687788,-33.3726207436977,105.652198038888));
#5191=CARTESIAN_POINT('Ctrl Pts',(13.7836777464043,-32.2309749608368,103.233625692843));
#5192=CARTESIAN_POINT('Ctrl Pts',(14.2748216944792,-31.7948580983787,102.51467079352));
#5193=CARTESIAN_POINT('Ctrl Pts',(15.1382745483619,-30.8855449165975,101.618945012511));
#5194=CARTESIAN_POINT('Ctrl Pts',(15.4974749379235,-30.4712117339924,101.338984632932));
#5195=CARTESIAN_POINT('Ctrl Pts',(16.1746416567065,-29.5801325860182,101.05291765576));
#5196=CARTESIAN_POINT('Ctrl Pts',(16.4721502192958,-29.1436109555491,101.02530648515));
#5197=CARTESIAN_POINT('Ctrl Pts',(17.0729668799708,-28.1507954642225,101.179096427746));
#5198=CARTESIAN_POINT('Ctrl Pts',(17.3496039472793,-27.617335277637,101.392247518152));
#5199=CARTESIAN_POINT('Ctrl Pts',(17.9951530578535,-26.1905493263872,102.180256161173));
#5200=CARTESIAN_POINT('Ctrl Pts',(18.286907516029,-25.2959448848804,102.930211785861));
#5201=CARTESIAN_POINT('Ctrl Pts',(18.819472097712,-23.1275012012388,105.009545462766));
#5202=CARTESIAN_POINT('Ctrl Pts',(18.9752269901604,-21.6505074635255,106.750394545493));
#5203=CARTESIAN_POINT('Ctrl Pts',(18.8778745112146,-19.8059013276922,109.156573960913));
#5204=CARTESIAN_POINT('Ctrl Pts',(18.8504387341238,-19.4855715411941,109.583050576062));
#5205=CARTESIAN_POINT('Ctrl Pts',(18.813268182124,-19.1693111201927,110.011565057123));
#5206=CARTESIAN_POINT('',(19.0116864520548,-40.7867108044858,72.8581445987641));
#5207=CARTESIAN_POINT('Ctrl Pts',(19.0116864520548,-40.7867108044858,72.8581445987641));
#5208=CARTESIAN_POINT('Ctrl Pts',(18.5366983910983,-41.0081143917145,74.180089473737));
#5209=CARTESIAN_POINT('Ctrl Pts',(18.0724392843501,-41.2143828532769,75.5138542502001));
#5210=CARTESIAN_POINT('Ctrl Pts',(15.442405693255,-42.333784650349,83.2923717341614));
#5211=CARTESIAN_POINT('Ctrl Pts',(13.439474803415,-42.9782418512071,90.1172724099147));
#5212=CARTESIAN_POINT('Ctrl Pts',(11.201498992189,-43.588580638839,99.536849675512));
#5213=CARTESIAN_POINT('Ctrl Pts',(10.6154447584538,-43.7331865176008,102.260067595427));
#5214=CARTESIAN_POINT('Ctrl Pts',(10.1004682874269,-43.8518020196968,105.));
#5215=CARTESIAN_POINT('',(27.9359185115058,-35.2786685819988,55.7932456749726));
#5216=CARTESIAN_POINT('Ctrl Pts',(27.9359185115058,-35.2786685819988,55.7932456749726));
#5217=CARTESIAN_POINT('Ctrl Pts',(27.415058091086,-35.3615260134385,58.1047392842279));
#5218=CARTESIAN_POINT('Ctrl Pts',(26.7019366878525,-35.5816671511559,60.0879336389277));
#5219=CARTESIAN_POINT('Ctrl Pts',(25.5038195458629,-36.0534817446593,62.9055814957129));
#5220=CARTESIAN_POINT('Ctrl Pts',(24.9297742928668,-36.3112402031136,64.0788730782889));
#5221=CARTESIAN_POINT('Ctrl Pts',(23.7915262263637,-36.9081201292927,66.1678476210601));
#5222=CARTESIAN_POINT('Ctrl Pts',(23.2346729074486,-37.2317482273328,67.1023525208143));
#5223=CARTESIAN_POINT('Ctrl Pts',(21.8788826214803,-38.1294927027528,69.2102605397714));
#5224=CARTESIAN_POINT('Ctrl Pts',(21.0462865387552,-38.7638389890976,70.3792624868561));
#5225=CARTESIAN_POINT('Ctrl Pts',(19.8088061692833,-39.9226002714122,71.9417377418103));
#5226=CARTESIAN_POINT('Ctrl Pts',(19.4017975910036,-40.3413112492633,72.4252655698057));
#5227=CARTESIAN_POINT('Ctrl Pts',(19.0116864520548,-40.7867108044858,72.8581445987641));
#5228=CARTESIAN_POINT('Ctrl Pts',(42.8465372032721,-13.7540630247437,103.919120641791));
#5229=CARTESIAN_POINT('Ctrl Pts',(42.105284144507,-16.0632080898988,99.9190630418391));
#5230=CARTESIAN_POINT('Ctrl Pts',(41.2264089195175,-18.1628646084236,95.8088567472109));
#5231=CARTESIAN_POINT('Ctrl Pts',(38.0980450717481,-24.4435853828555,82.237916994483));
#5232=CARTESIAN_POINT('Ctrl Pts',(35.7399200944612,-27.4324078891255,73.5090215155032));
#5233=CARTESIAN_POINT('Ctrl Pts',(33.3051800212943,-30.3014886400887,65.1704372662147));
#5234=CARTESIAN_POINT('Ctrl Pts',(32.2131038451625,-31.4551545102657,61.7014984612099));
#5235=CARTESIAN_POINT('Ctrl Pts',(30.5633992660069,-33.0389813829228,57.9460163407346));
#5236=CARTESIAN_POINT('Ctrl Pts',(29.993643650942,-33.5552250080808,56.9713533655503));
#5237=CARTESIAN_POINT('Ctrl Pts',(29.19255920959,-34.2474235954488,56.1638966670047));
#5238=CARTESIAN_POINT('Ctrl Pts',(28.9363567037575,-34.4647829775998,55.9699252510493));
#5239=CARTESIAN_POINT('Ctrl Pts',(28.4358081563986,-34.8781444404902,55.7799589722139));
#5240=CARTESIAN_POINT('Ctrl Pts',(28.2128981658699,-35.0587838492985,55.7530455834095));
#5241=CARTESIAN_POINT('Ctrl Pts',(27.9674715953857,-35.2536656455715,55.7879308588301));
#5242=CARTESIAN_POINT('Ctrl Pts',(27.9516750841983,-35.2661915144549,55.7904549555682));
#5243=CARTESIAN_POINT('Ctrl Pts',(27.9359185115058,-35.2786685819988,55.7932456749726));
#5244=CARTESIAN_POINT('Origin',(-3.33066907387547E-15,46.9846310392954,
32.8989928337166));
#5245=CARTESIAN_POINT('',(21.7649023095481,-31.191700993351,57.3645160562044));
#5246=CARTESIAN_POINT('Ctrl Pts',(21.7649023095548,-31.191700993347,57.3645160562104));
#5247=CARTESIAN_POINT('Ctrl Pts',(20.9351822795967,-30.9531791765595,58.126680861624));
#5248=CARTESIAN_POINT('Ctrl Pts',(19.9200438397847,-30.7334963914957,58.7877074924473));
#5249=CARTESIAN_POINT('Ctrl Pts',(18.3880602153476,-30.5187810415394,59.4198591551267));
#5250=CARTESIAN_POINT('Ctrl Pts',(17.9484351419666,-30.4683101736556,59.5665286522394));
#5251=CARTESIAN_POINT('Ctrl Pts',(17.5029293118819,-30.42846365771,59.6817015477509));
#5252=CARTESIAN_POINT('',(18.4889935804869,-17.3674433321025,83.583420825566));
#5253=CARTESIAN_POINT('Ctrl Pts',(18.4889935798189,-17.3674433307698,83.5834208259307));
#5254=CARTESIAN_POINT('Ctrl Pts',(18.5532169007005,-17.6308810256898,83.2489440880661));
#5255=CARTESIAN_POINT('Ctrl Pts',(18.6096120507164,-17.8932939773764,82.9103911366709));
#5256=CARTESIAN_POINT('Ctrl Pts',(18.9258311660487,-19.5783904268053,80.7005163579036));
#5257=CARTESIAN_POINT('Ctrl Pts',(18.9613436805885,-20.937709767538,78.7396680572306));
#5258=CARTESIAN_POINT('Ctrl Pts',(18.7050994795091,-24.1749622220738,73.6577154166895));
#5259=CARTESIAN_POINT('Ctrl Pts',(18.130135600568,-26.039146482739,70.2207399698407));
#5260=CARTESIAN_POINT('Ctrl Pts',(16.9620375897025,-28.3658222812169,65.0769911121138));
#5261=CARTESIAN_POINT('Ctrl Pts',(16.5559733875712,-29.0316568240484,63.4708637720726));
#5262=CARTESIAN_POINT('Ctrl Pts',(16.117222254186,-29.645225565188,61.8466316563331));
#5263=CARTESIAN_POINT('',(44.9689364300044,-1.67175247966119,98.7978324250658));
#5264=CARTESIAN_POINT('Ctrl Pts',(18.4889935816911,-17.3674433326965,83.5834208234844));
#5265=CARTESIAN_POINT('Ctrl Pts',(22.6626421939333,-15.8148887391188,85.5546398474548));
#5266=CARTESIAN_POINT('Ctrl Pts',(27.1526871772379,-13.603698791764,88.1587944712057));
#5267=CARTESIAN_POINT('Ctrl Pts',(34.0538382813072,-9.53962608549832,92.2190167680891));
#5268=CARTESIAN_POINT('Ctrl Pts',(36.3960252995034,-8.0464756583821,93.610190762023));
#5269=CARTESIAN_POINT('Ctrl Pts',(40.7786962370001,-5.01109997506135,96.2267600103395));
#5270=CARTESIAN_POINT('Ctrl Pts',(42.9853296949448,-3.36374707651423,97.5485488484828));
#5271=CARTESIAN_POINT('Ctrl Pts',(44.9689364299814,-1.67175247963717,98.7978324250697));
#5272=CARTESIAN_POINT('',(29.3055501020867,-34.1494470411175,21.6135114230807));
#5273=CARTESIAN_POINT('Ctrl Pts',(29.3055501020867,-34.1494470411175,21.6135114230807));
#5274=CARTESIAN_POINT('Ctrl Pts',(29.1927500835006,-34.2462470447079,22.3094302557577));
#5275=CARTESIAN_POINT('Ctrl Pts',(29.0891232990508,-34.33420964449,23.0074304712722));
#5276=CARTESIAN_POINT('Ctrl Pts',(28.5888946258192,-34.7556836707305,26.7398541515486));
#5277=CARTESIAN_POINT('Ctrl Pts',(28.3699672659929,-34.9305733896038,29.8089082254336));
#5278=CARTESIAN_POINT('Ctrl Pts',(28.3699672659929,-34.9305733896038,35.9890774419995));
#5279=CARTESIAN_POINT('Ctrl Pts',(28.5888946258192,-34.7556836707305,39.0581315158846));
#5280=CARTESIAN_POINT('Ctrl Pts',(29.4017410727968,-34.0708095660341,45.1231323634532));
#5281=CARTESIAN_POINT('Ctrl Pts',(29.9938530938346,-33.5609024966208,48.1193299179241));
#5282=CARTESIAN_POINT('Ctrl Pts',(32.1482677307011,-31.5491750875979,56.9636082631895));
#5283=CARTESIAN_POINT('Ctrl Pts',(34.0786029646495,-29.5652803026987,62.6726021833156));
#5284=CARTESIAN_POINT('Ctrl Pts',(37.9557462609823,-24.388890357616,73.5459835472736));
#5285=CARTESIAN_POINT('Ctrl Pts',(39.9046775903832,-21.1934249429249,78.7107384328536));
#5286=CARTESIAN_POINT('Ctrl Pts',(43.0581588044632,-13.6945067430027,88.2614854656961));
#5287=CARTESIAN_POINT('Ctrl Pts',(44.2710115444107,-9.39241505687259,92.6458029244887));
#5288=CARTESIAN_POINT('Ctrl Pts',(44.8601842691162,-3.66813731680522,97.2873435341291));
#5289=CARTESIAN_POINT('Ctrl Pts',(44.9311922488666,-2.68704374037356,98.0481925031501));
#5290=CARTESIAN_POINT('Ctrl Pts',(44.9689364300151,-1.67175247966274,98.7978324250508));
#5291=CARTESIAN_POINT('',(29.5903967670825,-31.8889457092009,10.7843007159034));
#5292=CARTESIAN_POINT('Ctrl Pts',(29.3055501020867,-34.1494470411175,21.6135114230807));
#5293=CARTESIAN_POINT('Ctrl Pts',(29.3156232165232,-33.7589049942973,18.8058094059979));
#5294=CARTESIAN_POINT('Ctrl Pts',(29.3789210146125,-33.2125278429004,15.9454203690017));
#5295=CARTESIAN_POINT('Ctrl Pts',(29.5216737300944,-32.299938153289,12.2914988340487));
#5296=CARTESIAN_POINT('Ctrl Pts',(29.5545152120684,-32.0997724758717,11.5362289382157));
#5297=CARTESIAN_POINT('Ctrl Pts',(29.5903967680145,-31.8889457096858,10.7843007162372));
#5298=CARTESIAN_POINT('',(14.0246600539151,-34.8450409322191,29.15660040818));
#5299=CARTESIAN_POINT('Ctrl Pts',(29.5903967659039,-31.8889457094093,10.7843007152508));
#5300=CARTESIAN_POINT('Ctrl Pts',(29.4411897321757,-31.9719394071153,11.0803034699176));
#5301=CARTESIAN_POINT('Ctrl Pts',(29.2892010450714,-32.0528748799189,11.375376457174));
#5302=CARTESIAN_POINT('Ctrl Pts',(26.958677355256,-33.2412049134432,15.8039349180387));
#5303=CARTESIAN_POINT('Ctrl Pts',(24.2237144259981,-33.9484714521592,19.7806086319948));
#5304=CARTESIAN_POINT('Ctrl Pts',(19.3384731226373,-34.5653151754374,24.9771294807516));
#5305=CARTESIAN_POINT('Ctrl Pts',(17.562788784458,-34.700077823005,26.5948530441367));
#5306=CARTESIAN_POINT('Ctrl Pts',(15.1189866686369,-34.8085951804076,28.4128817501433));
#5307=CARTESIAN_POINT('Ctrl Pts',(14.5772491689986,-34.8284135273929,28.7930320746972));
#5308=CARTESIAN_POINT('Ctrl Pts',(14.0246600480243,-34.8450409354443,29.1566003990791));
#5309=CARTESIAN_POINT('',(26.9536026461216,-33.1246754751586,50.0045394897461));
#5310=CARTESIAN_POINT('Ctrl Pts',(14.0246600560429,-34.8450409360006,29.1566004112411));
#5311=CARTESIAN_POINT('Ctrl Pts',(14.679985469778,-34.8539580193936,29.3515778285328));
#5312=CARTESIAN_POINT('Ctrl Pts',(15.3335697232837,-34.8640445370309,29.5866363808002));
#5313=CARTESIAN_POINT('Ctrl Pts',(18.2275578271763,-34.9099226028856,30.8237859658254));
#5314=CARTESIAN_POINT('Ctrl Pts',(20.2584983475057,-34.9464275432473,32.2283583089508));
#5315=CARTESIAN_POINT('Ctrl Pts',(23.595362031815,-34.9015136960784,35.6508448691446));
#5316=CARTESIAN_POINT('Ctrl Pts',(25.0073140773469,-34.8240170380223,37.72361295406));
#5317=CARTESIAN_POINT('Ctrl Pts',(26.6505219707941,-34.4632805696485,41.7947875455736));
#5318=CARTESIAN_POINT('Ctrl Pts',(27.0869162353552,-34.2539027794858,43.5600694490247));
#5319=CARTESIAN_POINT('Ctrl Pts',(27.371849986231,-33.7392894249991,46.9080532936689));
#5320=CARTESIAN_POINT('Ctrl Pts',(27.2879323807601,-33.4481652806208,48.4895604890053));
#5321=CARTESIAN_POINT('Ctrl Pts',(26.9536026461216,-33.1246754751586,50.0045394897461));
#5322=CARTESIAN_POINT('Ctrl Pts',(26.9536026461216,-33.1246754751586,50.0045394897461));
#5323=CARTESIAN_POINT('Ctrl Pts',(26.5780162280629,-32.7612666463163,51.7064686852986));
#5324=CARTESIAN_POINT('Ctrl Pts',(25.9056350413783,-32.3767083394556,53.2364858188139));
#5325=CARTESIAN_POINT('Ctrl Pts',(24.2128027955034,-31.7287211490608,55.6059701679464));
#5326=CARTESIAN_POINT('Ctrl Pts',(23.2965922066235,-31.4753945782303,56.4469620658392));
#5327=CARTESIAN_POINT('Ctrl Pts',(22.1533860048355,-31.2566524178547,57.1563168270683));
#5328=CARTESIAN_POINT('Ctrl Pts',(21.9597723170151,-31.2227241376022,57.265385716592));
#5329=CARTESIAN_POINT('Ctrl Pts',(21.764902309542,-31.191700993351,57.3645160561978));
#5330=CARTESIAN_POINT('Ctrl Pts',(13.9094789740592,-9.73423258032781,125.769931437316));
#5331=CARTESIAN_POINT('Ctrl Pts',(14.1256470371269,-10.743894542745,124.6644349298));
#5332=CARTESIAN_POINT('Ctrl Pts',(14.3418151001945,-11.7305725401595,123.537947018473));
#5333=CARTESIAN_POINT('Ctrl Pts',(14.5579831632622,-12.6934140595434,122.391441015422));
#5334=CARTESIAN_POINT('Ctrl Pts',(14.4537955542297,-9.31621627371839,125.38815260619));
#5335=CARTESIAN_POINT('Ctrl Pts',(14.6699636172973,-10.3205873780277,124.288449151574));
#5336=CARTESIAN_POINT('Ctrl Pts',(14.886131680365,-11.3020950100868,123.167864234016));
#5337=CARTESIAN_POINT('Ctrl Pts',(15.1022997434326,-12.2598910211233,122.02736618294));
#5338=CARTESIAN_POINT('Ctrl Pts',(15.0185346923702,-8.91269928702669,125.01961616136));
#5339=CARTESIAN_POINT('Ctrl Pts',(15.2347027554378,-9.9119630687972,123.925504803347));
#5340=CARTESIAN_POINT('Ctrl Pts',(15.4508708185054,-10.8884796420803,122.810618165663));
#5341=CARTESIAN_POINT('Ctrl Pts',(15.6670388815731,-11.8414051693546,121.675919655591));
#5342=CARTESIAN_POINT('Ctrl Pts',(15.602228897103,-8.52473017109453,124.665279755694));
#5343=CARTESIAN_POINT('Ctrl Pts',(15.8183969601706,-9.519083438008,123.576545006117));
#5344=CARTESIAN_POINT('Ctrl Pts',(16.0345650232382,-10.4908012273678,122.467137128569));
#5345=CARTESIAN_POINT('Ctrl Pts',(16.2507330863059,-11.4390439521182,121.338014677585));
#5346=CARTESIAN_POINT('',(15.7939388166589,-11.7599889113947,121.607545871845));
#5347=CARTESIAN_POINT('Ctrl Pts',(15.7939388166638,-11.7599889113927,121.607545871843));
#5348=CARTESIAN_POINT('Ctrl Pts',(15.7714917336687,-11.0676766305147,122.263374821181));
#5349=CARTESIAN_POINT('Ctrl Pts',(15.7850429478991,-10.3440619817661,122.887055585315));
#5350=CARTESIAN_POINT('Ctrl Pts',(15.8366865566662,-9.59429882298075,123.476368402031));
#5351=CARTESIAN_POINT('Ctrl Pts',(15.7939388166561,-11.7599889113977,121.607545871848));
#5352=CARTESIAN_POINT('Ctrl Pts',(15.222125047333,-11.0185153085415,122.995052124829));
#5353=CARTESIAN_POINT('Ctrl Pts',(14.5895743121951,-10.3418357311608,124.376182886741));
#5354=CARTESIAN_POINT('Ctrl Pts',(13.9094789740593,-9.73423258032784,125.769931437316));
#5355=CARTESIAN_POINT('Origin',(-3.33066907387547E-15,46.9846310392954,
32.8989928337166));
#5356=CARTESIAN_POINT('',(-14.0246600392034,-34.845040935443,29.1566004060183));
#5357=CARTESIAN_POINT('Ctrl Pts',(-14.0246600386879,-34.8450409357253,29.1566004052219));
#5358=CARTESIAN_POINT('Ctrl Pts',(-15.7471428496383,-34.793211423699,28.0233168042173));
#5359=CARTESIAN_POINT('Ctrl Pts',(-17.3669506417356,-34.7098640860413,26.7272242923197));
#5360=CARTESIAN_POINT('Ctrl Pts',(-22.4428076904447,-34.2720933825792,22.0122871216426));
#5361=CARTESIAN_POINT('Ctrl Pts',(-25.6285936074246,-33.6816818177666,17.8908057018676));
#5362=CARTESIAN_POINT('Ctrl Pts',(-31.2225267753361,-31.2623320469661,8.06424854145653));
#5363=CARTESIAN_POINT('Ctrl Pts',(-33.338444508287,-29.2952474714681,2.42253208385454));
#5364=CARTESIAN_POINT('Ctrl Pts',(-34.5525929887204,-26.064083460584,-4.18936296432304));
#5365=CARTESIAN_POINT('Ctrl Pts',(-34.7115291456256,-25.4876865576585,-5.30366457734523));
#5366=CARTESIAN_POINT('Ctrl Pts',(-34.8210757941025,-24.8847177197047,-6.4061903561065));
#5367=CARTESIAN_POINT('',(-35.2009808137543,-28.033746623484,0.));
#5368=CARTESIAN_POINT('Ctrl Pts',(-35.2009808137543,-28.033746623484,-2.77555756156289E-15));
#5369=CARTESIAN_POINT('Ctrl Pts',(-35.6262701101073,-27.4997259461095,-1.21770794192691));
#5370=CARTESIAN_POINT('Ctrl Pts',(-36.0008676610088,-26.9244025044623,-2.44833875689711));
#5371=CARTESIAN_POINT('Ctrl Pts',(-36.5414824859893,-25.8881390383434,-4.52510881765577));
#5372=CARTESIAN_POINT('Ctrl Pts',(-36.7364151778507,-25.44608132928,-5.37384150486098));
#5373=CARTESIAN_POINT('Ctrl Pts',(-36.9043489622908,-24.9887726992628,-6.21532514467637));
#5374=CARTESIAN_POINT('Ctrl Pts',(-44.3597152067387,-7.56410383171969,94.0098449027234));
#5375=CARTESIAN_POINT('Ctrl Pts',(-43.7432987757545,-11.1790802962875,90.7830466164224));
#5376=CARTESIAN_POINT('Ctrl Pts',(-42.7262728451802,-14.483725226136,87.2563236696749));
#5377=CARTESIAN_POINT('Ctrl Pts',(-39.9046775903832,-21.1934249429249,78.7107384328536));
#5378=CARTESIAN_POINT('Ctrl Pts',(-37.9557462609823,-24.388890357616,73.5459835472736));
#5379=CARTESIAN_POINT('Ctrl Pts',(-34.0786029646495,-29.5652803026987,62.6726021833156));
#5380=CARTESIAN_POINT('Ctrl Pts',(-32.1482677307011,-31.5491750875979,56.9636082631895));
#5381=CARTESIAN_POINT('Ctrl Pts',(-29.9938530938346,-33.5609024966208,48.1193299179241));
#5382=CARTESIAN_POINT('Ctrl Pts',(-29.4017410727968,-34.0708095660341,45.1231323634532));
#5383=CARTESIAN_POINT('Ctrl Pts',(-28.5888946258192,-34.7556836707305,39.0581315158846));
#5384=CARTESIAN_POINT('Ctrl Pts',(-28.3699672659929,-34.9305733896038,35.9890774419995));
#5385=CARTESIAN_POINT('Ctrl Pts',(-28.3699672659929,-34.9305733896038,29.8089082254336));
#5386=CARTESIAN_POINT('Ctrl Pts',(-28.5888946258192,-34.7556836707305,26.7398541515486));
#5387=CARTESIAN_POINT('Ctrl Pts',(-29.4017410727968,-34.0708095660341,20.67485330398));
#5388=CARTESIAN_POINT('Ctrl Pts',(-29.9938530938346,-33.5609024966208,17.6786557495091));
#5389=CARTESIAN_POINT('Ctrl Pts',(-31.9461478133208,-31.7379085703479,9.66411777912031));
#5390=CARTESIAN_POINT('Ctrl Pts',(-33.5467498704516,-30.1109057160163,4.73647038548747));
#5391=CARTESIAN_POINT('Ctrl Pts',(-35.2009808137543,-28.033746623484,-6.66133814775094E-15));
#5392=CARTESIAN_POINT('Ctrl Pts',(-45.,-1.80411241501588E-15,100.));
#5393=CARTESIAN_POINT('Ctrl Pts',(-45.,-0.737411757854748,99.4836587283856));
#5394=CARTESIAN_POINT('Ctrl Pts',(-44.9818435828898,-1.46027999558251,98.9593341786997));
#5395=CARTESIAN_POINT('Ctrl Pts',(-44.9478593294503,-2.16562732249674,98.4303045831194));
#5396=CARTESIAN_POINT('',(-6.60254037844387,0.,100.));
#5397=CARTESIAN_POINT('',(0.,0.,100.));
#5398=CARTESIAN_POINT('',(-7.60675331290121,-11.3165576335425,90.4409090009817));
#5399=CARTESIAN_POINT('Ctrl Pts',(-6.60254037844387,-1.66533453693773E-15,
100.));
#5400=CARTESIAN_POINT('Ctrl Pts',(-7.8293826772185,-3.03474766893445,97.8750468056478));
#5401=CARTESIAN_POINT('Ctrl Pts',(-8.29438205831892,-5.95781152742393,95.5078570660029));
#5402=CARTESIAN_POINT('Ctrl Pts',(-8.01946515004268,-9.54126968087997,92.2004034423431));
#5403=CARTESIAN_POINT('Ctrl Pts',(-7.85428444449155,-10.4574544080644,91.3113481948109));
#5404=CARTESIAN_POINT('Ctrl Pts',(-7.60675331699387,-11.3165576330901,90.4409089993714));
#5405=CARTESIAN_POINT('Ctrl Pts',(-9.6781757257309,-27.2608597491576,67.506908318618));
#5406=CARTESIAN_POINT('Ctrl Pts',(-10.3869534663111,-25.7412762883941,70.766920320428));
#5407=CARTESIAN_POINT('Ctrl Pts',(-10.8865298374884,-24.0101063044016,73.9165120282882));
#5408=CARTESIAN_POINT('Ctrl Pts',(-11.1297248947303,-20.937709767538,78.7396680572306));
#5409=CARTESIAN_POINT('Ctrl Pts',(-11.0942123801906,-19.5783904268053,80.7005163579036));
#5410=CARTESIAN_POINT('Ctrl Pts',(-10.5594983170649,-16.7289587335759,84.4373275266777));
#5411=CARTESIAN_POINT('Ctrl Pts',(-10.0535274648024,-15.2398985185216,86.2131208952055));
#5412=CARTESIAN_POINT('Ctrl Pts',(-8.97135577355956,-13.2076313196119,88.468512499706));
#5413=CARTESIAN_POINT('Ctrl Pts',(-8.51809242730198,-12.4828675095077,89.2438380310622));
#5414=CARTESIAN_POINT('Ctrl Pts',(-7.85688905103865,-11.6228248439176,90.1293719049904));
#5415=CARTESIAN_POINT('Ctrl Pts',(-7.7336512279317,-11.4688107435811,90.2866468907742));
#5416=CARTESIAN_POINT('Ctrl Pts',(-7.60675331121582,-11.3165576322686,90.4409090002037));
#5417=CARTESIAN_POINT('',(-26.9536026461216,-33.1246754751586,50.0045394897461));
#5418=CARTESIAN_POINT('Ctrl Pts',(-18.3064610671606,-30.9709807796084,58.0589471772506));
#5419=CARTESIAN_POINT('Ctrl Pts',(-18.8673940582436,-30.9490498797298,58.1268978855244));
#5420=CARTESIAN_POINT('Ctrl Pts',(-19.4363905618909,-30.9591599873191,58.0958038375047));
#5421=CARTESIAN_POINT('Ctrl Pts',(-20.7595138011279,-31.0427659594688,57.835935866738));
#5422=CARTESIAN_POINT('Ctrl Pts',(-21.4942511086729,-31.1382065753739,57.5382284361837));
#5423=CARTESIAN_POINT('Ctrl Pts',(-23.010479672816,-31.4130388470098,56.6513361898439));
#5424=CARTESIAN_POINT('Ctrl Pts',(-23.8392063375145,-31.6238107460805,55.9575366289465));
#5425=CARTESIAN_POINT('Ctrl Pts',(-25.1544303171608,-32.0748255020915,54.3520369395315));
#5426=CARTESIAN_POINT('Ctrl Pts',(-25.6340129226315,-32.2824614247977,53.5760700026456));
#5427=CARTESIAN_POINT('Ctrl Pts',(-26.4348483065621,-32.7059227728679,51.8813780454102));
#5428=CARTESIAN_POINT('Ctrl Pts',(-26.7439507595307,-32.9218211042141,50.954554318653));
#5429=CARTESIAN_POINT('Ctrl Pts',(-26.9536026461216,-33.1246754751586,50.0045394897461));
#5430=CARTESIAN_POINT('Ctrl Pts',(-26.9536026461216,-33.1246754751586,50.0045394897461));
#5431=CARTESIAN_POINT('Ctrl Pts',(-27.3669810248417,-33.5246509408738,48.1313601155022));
#5432=CARTESIAN_POINT('Ctrl Pts',(-27.398576610315,-33.8741403702987,46.1557528107718));
#5433=CARTESIAN_POINT('Ctrl Pts',(-26.7778608425004,-34.4467311317676,42.0560224531625));
#5434=CARTESIAN_POINT('Ctrl Pts',(-26.0367941548781,-34.6517387190937,39.9274188789657));
#5435=CARTESIAN_POINT('Ctrl Pts',(-23.9098239610212,-34.8885286156489,36.1196259042339));
#5436=CARTESIAN_POINT('Ctrl Pts',(-22.4774290638274,-34.9340612366722,34.287427451219));
#5437=CARTESIAN_POINT('Ctrl Pts',(-18.8718471417437,-34.9269452919639,31.2584182057484));
#5438=CARTESIAN_POINT('Ctrl Pts',(-16.8973422713348,-34.8870733585489,30.130026482197));
#5439=CARTESIAN_POINT('Ctrl Pts',(-14.5171186722293,-34.8519059109568,29.3088345342962));
#5440=CARTESIAN_POINT('Ctrl Pts',(-14.2704053634488,-34.848384818824,29.2297164299031));
#5441=CARTESIAN_POINT('Ctrl Pts',(-14.0246600393896,-34.845040935774,29.1566004062862));
#5442=CARTESIAN_POINT('Origin',(6.45751311064591,0.,100.));
#5443=CARTESIAN_POINT('Ctrl Pts',(6.45751311064591,17.8958059868965,100.));
#5444=CARTESIAN_POINT('Ctrl Pts',(5.3822790145698,17.4521140326298,100.));
#5445=CARTESIAN_POINT('Ctrl Pts',(4.27712743813103,16.9068877373261,100.));
#5446=CARTESIAN_POINT('Ctrl Pts',(1.90480403550227,15.4874922014988,100.));
#5447=CARTESIAN_POINT('Ctrl Pts',(0.66906599785775,14.5612491835519,100.));
#5448=CARTESIAN_POINT('Ctrl Pts',(-1.29867464936374,12.7622344325275,100.));
#5449=CARTESIAN_POINT('Ctrl Pts',(-2.23193127880919,11.7473562366472,100.));
#5450=CARTESIAN_POINT('Ctrl Pts',(-3.85204887254614,9.53921376048619,100.));
#5451=CARTESIAN_POINT('Ctrl Pts',(-4.53809588352742,8.34535239675843,100.));
#5452=CARTESIAN_POINT('Ctrl Pts',(-5.52794930602185,6.13328397176895,100.));
#5453=CARTESIAN_POINT('Ctrl Pts',(-5.93917723759193,4.92212660820425,100.));
#5454=CARTESIAN_POINT('Ctrl Pts',(-6.47664396921551,2.43882361961682,100.));
#5455=CARTESIAN_POINT('Ctrl Pts',(-6.60254037844387,1.16660390254882,100.));
#5456=CARTESIAN_POINT('Ctrl Pts',(-6.60254037844387,1.19348975147204E-14,
100.));
#5457=CARTESIAN_POINT('Origin',(80.,0.,50.));
#5458=CARTESIAN_POINT('Ctrl Pts',(44.9689364300152,-1.67175247965927,98.7978324250962));
#5459=CARTESIAN_POINT('Ctrl Pts',(44.8947417242751,-3.66753657238058,98.9506490536008));
#5460=CARTESIAN_POINT('Ctrl Pts',(44.6862616985759,-5.62896311555727,99.3757897031932));
#5461=CARTESIAN_POINT('Ctrl Pts',(43.9780645252358,-9.8267025904097,100.95144091694));
#5462=CARTESIAN_POINT('Ctrl Pts',(43.4256469172201,-11.9500254935204,102.242857673672));
#5463=CARTESIAN_POINT('Ctrl Pts',(42.8465372032719,-13.7540630247443,103.919120641791));
#5464=CARTESIAN_POINT('Ctrl Pts',(18.8132681821157,-19.169311120122,110.011565057107));
#5465=CARTESIAN_POINT('Ctrl Pts',(18.8328114434951,-19.335592214666,109.233451873349));
#5466=CARTESIAN_POINT('Ctrl Pts',(18.8469709084072,-19.4798161672592,108.42067918081));
#5467=CARTESIAN_POINT('Ctrl Pts',(18.9275509745736,-20.391275401495,101.964873962408));
#5468=CARTESIAN_POINT('Ctrl Pts',(18.8875187620216,-19.8481676452175,96.5679146715354));
#5469=CARTESIAN_POINT('Ctrl Pts',(18.7759989761975,-18.8202441468491,89.8185061274527));
#5470=CARTESIAN_POINT('Ctrl Pts',(18.6790334888491,-18.1469681970449,86.7799564888925));
#5471=CARTESIAN_POINT('Ctrl Pts',(18.4889935805413,-17.3674433337328,83.5834208251652));
#5472=CARTESIAN_POINT('Origin',(80.,0.,50.));
#5473=CARTESIAN_POINT('',(10.6554615884241,-7.51959373495685,119.999999999917));
#5474=CARTESIAN_POINT('',(9.33423722339798,-4.58721887484011,120.));
#5475=CARTESIAN_POINT('Ctrl Pts',(10.6554615885491,-7.51959373488475,120.));
#5476=CARTESIAN_POINT('Ctrl Pts',(10.4651370882272,-7.1894765028683,120.));
#5477=CARTESIAN_POINT('Ctrl Pts',(10.2893995042184,-6.85851260738016,120.));
#5478=CARTESIAN_POINT('Ctrl Pts',(9.8343886497112,-5.92800037400073,120.));
#5479=CARTESIAN_POINT('Ctrl Pts',(9.56139796047533,-5.27209148035046,120.));
#5480=CARTESIAN_POINT('Ctrl Pts',(9.33423722339798,-4.58721887484011,120.));
#5481=CARTESIAN_POINT('',(9.33423722317618,-6.93307152157982,118.991744608606));
#5482=CARTESIAN_POINT('Ctrl Pts',(9.33423722339798,-4.58721887484011,120.));
#5483=CARTESIAN_POINT('Ctrl Pts',(9.33423722339798,-5.25957552799744,119.774869574597));
#5484=CARTESIAN_POINT('Ctrl Pts',(9.33423722339798,-5.90342050181278,119.505356832154));
#5485=CARTESIAN_POINT('Ctrl Pts',(9.33423722339798,-6.64070926746055,119.143558958925));
#5486=CARTESIAN_POINT('Ctrl Pts',(9.33423722339798,-6.78678565196553,119.069134051472));
#5487=CARTESIAN_POINT('Ctrl Pts',(9.33423722339798,-6.93307152176763,118.991744608961));
#5488=CARTESIAN_POINT('Ctrl Pts',(-7.60675331397555,-11.3165576355798,90.4409090018335));
#5489=CARTESIAN_POINT('Ctrl Pts',(-6.4519820398913,-9.93105404350798,95.2110507228303));
#5490=CARTESIAN_POINT('Ctrl Pts',(-4.89243046804932,-8.57443326512374,99.3565963344834));
#5491=CARTESIAN_POINT('Ctrl Pts',(-0.925735977832911,-6.55116834899755,
107.063014875642));
#5492=CARTESIAN_POINT('Ctrl Pts',(1.32917706030924,-5.96630791612334,110.355594290586));
#5493=CARTESIAN_POINT('Ctrl Pts',(5.02173632508855,-5.89673004068352,114.853945835832));
#5494=CARTESIAN_POINT('Ctrl Pts',(6.54450616713135,-6.06192015842007,116.503639035109));
#5495=CARTESIAN_POINT('Ctrl Pts',(8.530287588696,-6.64112461636617,118.314015201874));
#5496=CARTESIAN_POINT('Ctrl Pts',(8.93682207752171,-6.77911851670363,118.666132145819));
#5497=CARTESIAN_POINT('Ctrl Pts',(9.33423722295438,-6.93307152157983,118.991744608606));
#5498=CARTESIAN_POINT('Ctrl Pts',(10.6554615884241,-7.51959373495685,119.999999999835));
#5499=CARTESIAN_POINT('Ctrl Pts',(10.9746260378083,-7.68011276733743,120.224497428117));
#5500=CARTESIAN_POINT('Ctrl Pts',(11.2862632080866,-7.85113875440188,120.428960664817));
#5501=CARTESIAN_POINT('Ctrl Pts',(12.444344678545,-8.54067972484039,121.12992375164));
#5502=CARTESIAN_POINT('Ctrl Pts',(13.3052623871386,-9.17029290725832,121.527189826696));
#5503=CARTESIAN_POINT('Ctrl Pts',(14.7193419411216,-10.4818070562273,121.808976911361));
#5504=CARTESIAN_POINT('Ctrl Pts',(15.2746201110717,-11.0898495075925,121.793804254475));
#5505=CARTESIAN_POINT('Ctrl Pts',(15.7792676043784,-11.7409882478977,121.612925403687));
#5506=CARTESIAN_POINT('Ctrl Pts',(15.7866127889457,-11.750489216825,121.610252332371));
#5507=CARTESIAN_POINT('Ctrl Pts',(15.7939388166539,-11.7599889113948,121.607545871832));
#5508=CARTESIAN_POINT('Ctrl Pts',(25.4110737635278,-39.2284547503137,20.0876181119777));
#5509=CARTESIAN_POINT('Ctrl Pts',(25.9315448393598,-38.1331252389184,16.4417622765751));
#5510=CARTESIAN_POINT('Ctrl Pts',(26.4520159151919,-36.8551681242538,12.8507801531794));
#5511=CARTESIAN_POINT('Ctrl Pts',(26.9724869910239,-35.4009765184084,9.3326359997142));
#5512=CARTESIAN_POINT('Ctrl Pts',(26.5265084779658,-37.4157872818484,20.6322003067196));
#5513=CARTESIAN_POINT('Ctrl Pts',(27.0469795537978,-36.3386297712568,17.0468308313409));
#5514=CARTESIAN_POINT('Ctrl Pts',(27.5674506296298,-35.0818713990807,13.5154158909448));
#5515=CARTESIAN_POINT('Ctrl Pts',(28.0879217054618,-33.6518054748272,10.0556393042429));
#5516=CARTESIAN_POINT('Ctrl Pts',(27.8334793081749,-35.7112924164917,21.1442840566907));
#5517=CARTESIAN_POINT('Ctrl Pts',(28.3539503840069,-34.6512216729674,17.6157886897626));
#5518=CARTESIAN_POINT('Ctrl Pts',(28.8744214598389,-33.4143988574536,14.1403914566688));
#5519=CARTESIAN_POINT('Ctrl Pts',(29.3948925356709,-32.0070178266332,10.7354967197061));
#5520=CARTESIAN_POINT('Ctrl Pts',(29.3055501020867,-34.1494470411175,21.6135114230807));
#5521=CARTESIAN_POINT('Ctrl Pts',(29.8260211779187,-33.1050320978557,18.137127124239));
#5522=CARTESIAN_POINT('Ctrl Pts',(30.3464922537507,-31.8864786913076,14.7130658242904));
#5523=CARTESIAN_POINT('Ctrl Pts',(30.8669633295827,-30.4998827603936,11.3584567425472));
#5524=CARTESIAN_POINT('',(26.6601757822803,-36.2523796091255,11.4523098069971));
#5525=CARTESIAN_POINT('Ctrl Pts',(26.6601757816395,-36.2523681223948,11.4523139727001));
#5526=CARTESIAN_POINT('Ctrl Pts',(26.7086751415691,-36.1735538985458,11.467420030539));
#5527=CARTESIAN_POINT('Ctrl Pts',(26.7576031327556,-36.094578984027,11.4811572095104));
#5528=CARTESIAN_POINT('Ctrl Pts',(26.8069535741888,-36.0154381402848,11.4934847748459));
#5529=CARTESIAN_POINT('Ctrl Pts',(26.9625673164641,-35.7658881361936,11.532356536056));
#5530=CARTESIAN_POINT('Ctrl Pts',(27.1202116274671,-35.5181723962925,11.556701851586));
#5531=CARTESIAN_POINT('Ctrl Pts',(27.2793825898485,-35.2722360906093,11.566814702835));
#5532=CARTESIAN_POINT('Ctrl Pts',(27.4397608562073,-35.0244343700565,11.5770042595669));
#5533=CARTESIAN_POINT('Ctrl Pts',(27.6016890106206,-34.7784390237219,11.572744638761));
#5534=CARTESIAN_POINT('Ctrl Pts',(27.7646746811157,-34.5341468131185,11.5543233638452));
#5535=CARTESIAN_POINT('Ctrl Pts',(27.9306783394424,-34.2853310703744,11.5355609841969));
#5536=CARTESIAN_POINT('Ctrl Pts',(28.0977789872463,-34.0382820338627,11.5021076564028));
#5537=CARTESIAN_POINT('Ctrl Pts',(28.265480806934,-33.7928436273862,11.4542532543287));
#5538=CARTESIAN_POINT('Ctrl Pts',(28.4233664552665,-33.5617715853273,11.4091999370116));
#5539=CARTESIAN_POINT('Ctrl Pts',(28.5817851797687,-33.3321265826136,11.3513819530848));
#5540=CARTESIAN_POINT('Ctrl Pts',(28.7403429327439,-33.1037427359728,11.2810301465774));
#5541=CARTESIAN_POINT('Ctrl Pts',(28.8914444491516,-32.8860987235991,11.2139866596092));
#5542=CARTESIAN_POINT('Ctrl Pts',(29.0411439097983,-32.6717957085811,11.1362403109305));
#5543=CARTESIAN_POINT('Ctrl Pts',(29.1890638207657,-32.4606916543561,11.0486818965689));
#5544=CARTESIAN_POINT('Ctrl Pts',(29.3244438689022,-32.2674838783651,10.9685462185963));
#5545=CARTESIAN_POINT('Ctrl Pts',(29.4583339694229,-32.0769554373704,10.8801911440016));
#5546=CARTESIAN_POINT('Ctrl Pts',(29.5904761570773,-31.8890005088456,10.7842780651047));
#5547=CARTESIAN_POINT('Ctrl Pts',(26.6601757816467,-36.2523796086781,11.4523098066968));
#5548=CARTESIAN_POINT('Ctrl Pts',(26.8896834159346,-36.0835985813526,12.932180725319));
#5549=CARTESIAN_POINT('Ctrl Pts',(27.1367456786063,-35.898501100494,14.2952847670085));
#5550=CARTESIAN_POINT('Ctrl Pts',(27.9583888897378,-35.2680327437297,18.1932502433976));
#5551=CARTESIAN_POINT('Ctrl Pts',(28.5683969246202,-34.7794942447298,20.2071183786184));
#5552=CARTESIAN_POINT('Ctrl Pts',(29.2573234635187,-34.1907877262297,21.5246065161157));
#5553=CARTESIAN_POINT('Ctrl Pts',(29.2811764160331,-34.1703634640673,21.5691590132325));
#5554=CARTESIAN_POINT('Ctrl Pts',(29.3055501020867,-34.1494470411175,21.6135114230807));
#5555=CARTESIAN_POINT('Origin',(0.,0.,0.));
#5556=CARTESIAN_POINT('',(-32.9650752961007,-30.6317451465373,0.));
#5557=CARTESIAN_POINT('',(-4.35738703609176,-44.7885384693193,20.323576219316));
#5558=CARTESIAN_POINT('Ctrl Pts',(-32.9650752961036,-30.6317451465342,1.71362923850893E-12));
#5559=CARTESIAN_POINT('Ctrl Pts',(-31.7738079307289,-31.9137556297603,4.30047211331424));
#5560=CARTESIAN_POINT('Ctrl Pts',(-30.1413527578009,-33.470185578893,7.15138188572483));
#5561=CARTESIAN_POINT('Ctrl Pts',(-26.9110084059994,-36.1367562436684,11.4609145180177));
#5562=CARTESIAN_POINT('Ctrl Pts',(-24.794915429317,-37.6593826072615,13.3574837824337));
#5563=CARTESIAN_POINT('Ctrl Pts',(-19.0835812914862,-40.9250751342702,16.9712422964558));
#5564=CARTESIAN_POINT('Ctrl Pts',(-15.1786797277631,-42.6068364369645,18.4681475947011));
#5565=CARTESIAN_POINT('Ctrl Pts',(-8.67012045094823,-44.209146914408,19.8469142133137));
#5566=CARTESIAN_POINT('Ctrl Pts',(-6.52683578567391,-44.5774771536354,20.1502389990483));
#5567=CARTESIAN_POINT('Ctrl Pts',(-4.35738703609176,-44.7885384693193,20.323576219316));
#5568=CARTESIAN_POINT('',(-28.4087685813926,-34.8990238787403,50.0045394897461));
#5569=CARTESIAN_POINT('Ctrl Pts',(-4.35738703609173,-44.7885384693193,20.323576219316));
#5570=CARTESIAN_POINT('Ctrl Pts',(-4.86257836624488,-44.7393894185134,20.3979698839543));
#5571=CARTESIAN_POINT('Ctrl Pts',(-5.36554852139932,-44.6818229153849,20.485361154961));
#5572=CARTESIAN_POINT('Ctrl Pts',(-9.04580619390743,-44.1979827072012,21.2250456199221));
#5573=CARTESIAN_POINT('Ctrl Pts',(-12.0396862929131,-43.4539078963792,22.3724758183229));
#5574=CARTESIAN_POINT('Ctrl Pts',(-17.6509295554593,-41.5079237288147,25.721831653194));
#5575=CARTESIAN_POINT('Ctrl Pts',(-20.1442991265716,-40.3074308872592,27.9501415785034));
#5576=CARTESIAN_POINT('Ctrl Pts',(-24.2017958744649,-38.0087502541606,33.2164876398905));
#5577=CARTESIAN_POINT('Ctrl Pts',(-25.7403169977271,-36.9342187389504,36.2039319105334));
#5578=CARTESIAN_POINT('Ctrl Pts',(-27.9303135815915,-35.3117308022454,43.0099642712495));
#5579=CARTESIAN_POINT('Ctrl Pts',(-28.4087685813926,-34.8990238787402,46.5947061958389));
#5580=CARTESIAN_POINT('Ctrl Pts',(-28.4087685813926,-34.8990238787402,50.0045394897461));
#5581=CARTESIAN_POINT('Ctrl Pts',(-28.4087685813926,-34.8990238787402,50.0045394897461));
#5582=CARTESIAN_POINT('Ctrl Pts',(-28.4087685813926,-34.8990238787402,53.6441695838907));
#5583=CARTESIAN_POINT('Ctrl Pts',(-27.8618906426217,-35.3637301195431,57.2446938300531));
#5584=CARTESIAN_POINT('Ctrl Pts',(-25.6467872733222,-37.0021567851227,64.0616838438303));
#5585=CARTESIAN_POINT('Ctrl Pts',(-23.9878365513081,-38.15537215932,67.1882305654348));
#5586=CARTESIAN_POINT('Ctrl Pts',(-19.5219140560678,-40.6285902910215,72.7205574436679));
#5587=CARTESIAN_POINT('Ctrl Pts',(-16.7132012107008,-41.9215924233255,75.0352900789727));
#5588=CARTESIAN_POINT('Ctrl Pts',(-10.4878789341572,-43.8700855226697,78.3018062019727));
#5589=CARTESIAN_POINT('Ctrl Pts',(-7.23946760525549,-44.5463821683128,79.3198741523843));
#5590=CARTESIAN_POINT('Ctrl Pts',(-0.585206986313865,-45.1130299610817,
80.1756387732952));
#5591=CARTESIAN_POINT('Ctrl Pts',(2.69801067194809,-45.0325217477135,80.0598586283871));
#5592=CARTESIAN_POINT('Ctrl Pts',(9.04580619391082,-44.1979827072006,78.7840333595691));
#5593=CARTESIAN_POINT('Ctrl Pts',(12.0396862929174,-43.4539078963781,77.6366031611675));
#5594=CARTESIAN_POINT('Ctrl Pts',(16.2852264266305,-41.981550791828,75.1024366754704));
#5595=CARTESIAN_POINT('Ctrl Pts',(17.7093895845587,-41.3937433213027,74.0433045075361));
#5596=CARTESIAN_POINT('Ctrl Pts',(19.0116864520548,-40.7867108044858,72.8581445987641));
#5597=CARTESIAN_POINT('Origin',(0.,0.,0.));
#5598=CARTESIAN_POINT('Origin',(0.,0.,0.));
#5599=CARTESIAN_POINT('',(4.35738705062294,-44.7885384671275,20.3235762209418));
#5600=CARTESIAN_POINT('Ctrl Pts',(4.35738705047827,-44.7885384679197,20.3235762181665));
#5601=CARTESIAN_POINT('Ctrl Pts',(8.25476989072532,-44.4093699105217,20.0121784447608));
#5602=CARTESIAN_POINT('Ctrl Pts',(12.0416655232675,-43.519904725884,19.2896434450555));
#5603=CARTESIAN_POINT('Ctrl Pts',(19.4837871196221,-40.7792642812195,16.7624735351052));
#5604=CARTESIAN_POINT('Ctrl Pts',(22.8510970678503,-38.907227413702,14.9063242786928));
#5605=CARTESIAN_POINT('Ctrl Pts',(25.9477457695159,-36.7684867680891,12.1512479370154));
#5606=CARTESIAN_POINT('Ctrl Pts',(26.3100211706104,-36.5098850078472,11.8073307548387));
#5607=CARTESIAN_POINT('Ctrl Pts',(26.6601757834651,-36.2523796073408,11.4523098094602));
#5608=CARTESIAN_POINT('',(28.4087685813926,-34.8990238787403,50.0045394897461));
#5609=CARTESIAN_POINT('Ctrl Pts',(27.9359185115058,-35.2786685819987,55.7932456749725));
#5610=CARTESIAN_POINT('Ctrl Pts',(28.2602480750591,-35.0218435763374,53.8338505322623));
#5611=CARTESIAN_POINT('Ctrl Pts',(28.4087685813926,-34.8990238787403,51.8923050364462));
#5612=CARTESIAN_POINT('Ctrl Pts',(28.4087685813926,-34.8990238787403,50.0045394897461));
#5613=CARTESIAN_POINT('Ctrl Pts',(28.4087685813926,-34.8990238787403,50.0045394897461));
#5614=CARTESIAN_POINT('Ctrl Pts',(28.4087685813926,-34.8990238787403,46.3649093956012));
#5615=CARTESIAN_POINT('Ctrl Pts',(27.8618906426216,-35.3637301195432,42.7643851494385));
#5616=CARTESIAN_POINT('Ctrl Pts',(25.6467872733222,-37.0021567851227,35.9473951356621));
#5617=CARTESIAN_POINT('Ctrl Pts',(23.9878365513084,-38.1553721593197,32.820848414058));
#5618=CARTESIAN_POINT('Ctrl Pts',(19.5219140560686,-40.6285902910211,27.2885215358249));
#5619=CARTESIAN_POINT('Ctrl Pts',(16.7132012107018,-41.9215924233251,24.9737889005202));
#5620=CARTESIAN_POINT('Ctrl Pts',(10.6434761229876,-43.8213844217074,21.7889168600953));
#5621=CARTESIAN_POINT('Ctrl Pts',(7.58087670481044,-44.4749316265612,20.7982621371004));
#5622=CARTESIAN_POINT('Ctrl Pts',(4.35738705073996,-44.7885384678943,20.3235762214731));
#5623=CARTESIAN_POINT('Ctrl Pts',(-3.22792429526272,-36.7307674285456,24.466938113632));
#5624=CARTESIAN_POINT('Ctrl Pts',(-3.58918366162096,-36.7074224394817,24.5199834246938));
#5625=CARTESIAN_POINT('Ctrl Pts',(-3.9509026792208,-36.6801246458848,24.5821643025016));
#5626=CARTESIAN_POINT('Ctrl Pts',(-5.76086002149174,-36.5231392224388,24.9408678639758));
#5627=CARTESIAN_POINT('Ctrl Pts',(-7.20455449693168,-36.3334636392209,25.3777239342446));
#5628=CARTESIAN_POINT('Ctrl Pts',(-9.99911090109031,-35.8478308340451,26.5442308291856));
#5629=CARTESIAN_POINT('Ctrl Pts',(-11.3492918879543,-35.5526570903242,27.2726499369675));
#5630=CARTESIAN_POINT('Ctrl Pts',(-13.8899091045206,-34.9002821670242,28.9879674627452));
#5631=CARTESIAN_POINT('Ctrl Pts',(-15.0703595184781,-34.5466324290279,29.9668632383409));
#5632=CARTESIAN_POINT('Ctrl Pts',(-17.2154686021001,-33.8362843613749,32.1125690157968));
#5633=CARTESIAN_POINT('Ctrl Pts',(-18.2421391300681,-33.4588827033383,33.3398583623546));
#5634=CARTESIAN_POINT('Ctrl Pts',(-20.111355071882,-32.7179974215207,36.1102097800514));
#5635=CARTESIAN_POINT('Ctrl Pts',(-20.9426982424644,-32.3600762692716,37.6353746239038));
#5636=CARTESIAN_POINT('Ctrl Pts',(-22.3229177308587,-31.7391519373899,40.9434154325341));
#5637=CARTESIAN_POINT('Ctrl Pts',(-22.8596909167142,-31.4829335639618,42.6951070438899));
#5638=CARTESIAN_POINT('Ctrl Pts',(-23.5826024077862,-31.1325287812324,46.3436768379007));
#5639=CARTESIAN_POINT('Ctrl Pts',(-23.7583017185407,-31.0444031701471,48.1827382487168));
#5640=CARTESIAN_POINT('Ctrl Pts',(-23.7583017185407,-31.0444031701471,50.0045394897461));
#5641=CARTESIAN_POINT('Ctrl Pts',(-3.50833350426013,-37.7645960389925,23.0127882174892));
#5642=CARTESIAN_POINT('Ctrl Pts',(-3.90068306004541,-37.7392435807979,23.0704015467308));
#5643=CARTESIAN_POINT('Ctrl Pts',(-4.2935573752658,-37.7096005366983,23.1379318445136));
#5644=CARTESIAN_POINT('Ctrl Pts',(-6.26009714606608,-37.5390111170752,23.5276718759031));
#5645=CARTESIAN_POINT('Ctrl Pts',(-7.81916440535353,-37.3339881550091,23.9999522867987));
#5646=CARTESIAN_POINT('Ctrl Pts',(-10.8365463038564,-36.809620513635,25.2594190504472));
#5647=CARTESIAN_POINT('Ctrl Pts',(-12.2842882790721,-36.4928767648999,26.0412485567728));
#5648=CARTESIAN_POINT('Ctrl Pts',(-15.0057187993725,-35.7940601667623,27.8785800199039));
#5649=CARTESIAN_POINT('Ctrl Pts',(-16.2617238328993,-35.4175949053103,28.920960416543));
#5650=CARTESIAN_POINT('Ctrl Pts',(-18.5423623180732,-34.6623429310665,31.2021231078614));
#5651=CARTESIAN_POINT('Ctrl Pts',(-19.6275292226855,-34.2633382560882,32.500135227649));
#5652=CARTESIAN_POINT('Ctrl Pts',(-21.6026071571566,-33.4804735083188,35.4272691652132));
#5653=CARTESIAN_POINT('Ctrl Pts',(-22.4766787734385,-33.1040986074718,37.0318075709765));
#5654=CARTESIAN_POINT('Ctrl Pts',(-23.9279513093334,-32.4511906784593,40.5099843833409));
#5655=CARTESIAN_POINT('Ctrl Pts',(-24.4903631601029,-32.1827218612306,42.3464265322005));
#5656=CARTESIAN_POINT('Ctrl Pts',(-25.2482849564545,-31.8153260170825,46.1715893838051));
#5657=CARTESIAN_POINT('Ctrl Pts',(-25.4319902352239,-31.7231885484842,48.0960484029296));
#5658=CARTESIAN_POINT('Ctrl Pts',(-25.4319902352239,-31.7231885484842,50.0045394897461));
#5659=CARTESIAN_POINT('Ctrl Pts',(-3.97055328420124,-40.2894600107351,20.9770559601742));
#5660=CARTESIAN_POINT('Ctrl Pts',(-4.41394974203694,-40.2608108875615,21.0421709088598));
#5661=CARTESIAN_POINT('Ctrl Pts',(-4.85798497838148,-40.2273130685566,21.1184954962628));
#5662=CARTESIAN_POINT('Ctrl Pts',(-7.08158530561273,-40.0343765290262,21.5592285387855));
#5663=CARTESIAN_POINT('Ctrl Pts',(-8.82885842618132,-39.8042192728732,22.0895737339505));
#5664=CARTESIAN_POINT('Ctrl Pts',(-12.2059817584907,-39.2173146111077,23.499148692346));
#5665=CARTESIAN_POINT('Ctrl Pts',(-13.8089338251022,-38.8661430111678,24.3663364282276));
#5666=CARTESIAN_POINT('Ctrl Pts',(-16.8132659495139,-38.0946771148133,26.3945711685365));
#5667=CARTESIAN_POINT('Ctrl Pts',(-18.1849035005054,-37.6831861342819,27.5346471108524));
#5668=CARTESIAN_POINT('Ctrl Pts',(-20.6680337696522,-36.8608648478902,30.0181724969279));
#5669=CARTESIAN_POINT('Ctrl Pts',(-21.8379555808016,-36.4304762249416,31.4193797328286));
#5670=CARTESIAN_POINT('Ctrl Pts',(-23.9620261938755,-35.5885460759058,34.567166776444));
#5671=CARTESIAN_POINT('Ctrl Pts',(-24.8936365607753,-35.1872627900197,36.2797284406057));
#5672=CARTESIAN_POINT('Ctrl Pts',(-26.4377418543916,-34.4925869928724,39.9800954760617));
#5673=CARTESIAN_POINT('Ctrl Pts',(-27.0322342115611,-34.2087733281489,41.9240458125026));
#5674=CARTESIAN_POINT('Ctrl Pts',(-27.8330379563213,-33.8205803819748,45.9650369185851));
#5675=CARTESIAN_POINT('Ctrl Pts',(-28.0264406111656,-33.723593075329,47.993376240469));
#5676=CARTESIAN_POINT('Ctrl Pts',(-28.0264406111656,-33.723593075329,50.0045394897461));
#5677=CARTESIAN_POINT('Ctrl Pts',(-4.26953868022812,-43.4368217516596,20.3267273265514));
#5678=CARTESIAN_POINT('Ctrl Pts',(-4.74582168943734,-43.4060476777828,20.3966776778273));
#5679=CARTESIAN_POINT('Ctrl Pts',(-5.22273697077275,-43.3700719313707,20.4786550179129));
#5680=CARTESIAN_POINT('Ctrl Pts',(-7.61119894930337,-43.1628196382432,20.9520450953693));
#5681=CARTESIAN_POINT('Ctrl Pts',(-9.47577356483138,-42.9168608219373,21.5189105030029));
#5682=CARTESIAN_POINT('Ctrl Pts',(-13.0720215815743,-42.2918808509332,23.019849381186));
#5683=CARTESIAN_POINT('Ctrl Pts',(-14.7645975416806,-41.9206090963588,23.9369890764272));
#5684=CARTESIAN_POINT('Ctrl Pts',(-17.9243559408814,-41.1092434361382,26.0700233247217));
#5685=CARTESIAN_POINT('Ctrl Pts',(-19.3539973233856,-40.679945830991,27.2600942042959));
#5686=CARTESIAN_POINT('Ctrl Pts',(-21.9298711779879,-39.8269236769199,29.8361566944331));
#5687=CARTESIAN_POINT('Ctrl Pts',(-23.132803162417,-39.3841098281808,31.2789425389755));
#5688=CARTESIAN_POINT('Ctrl Pts',(-25.3065986603093,-38.5224746582809,34.5002159755823));
#5689=CARTESIAN_POINT('Ctrl Pts',(-26.2514284481347,-38.1153041051952,36.2400130130932));
#5690=CARTESIAN_POINT('Ctrl Pts',(-27.8111083627338,-37.413633646376,39.9773700318411));
#5691=CARTESIAN_POINT('Ctrl Pts',(-28.4073497412661,-37.1289106585687,41.9307634987839));
#5692=CARTESIAN_POINT('Ctrl Pts',(-29.2086302553662,-36.7404949462196,45.9736909633542));
#5693=CARTESIAN_POINT('Ctrl Pts',(-29.4013179942536,-36.64385294535,47.9992313613949));
#5694=CARTESIAN_POINT('Ctrl Pts',(-29.4013179942536,-36.64385294535,50.0045394897461));
#5695=CARTESIAN_POINT('Ctrl Pts',(-4.35738703608386,-44.7885384693199,20.3235762193148));
#5696=CARTESIAN_POINT('Ctrl Pts',(-4.84325794921629,-44.7571445624082,20.3949370345372));
#5697=CARTESIAN_POINT('Ctrl Pts',(-5.32975043554511,-44.7204460687877,20.4785634498361));
#5698=CARTESIAN_POINT('Ctrl Pts',(-7.7661672399338,-44.5090286491615,20.9614556100531));
#5699=CARTESIAN_POINT('Ctrl Pts',(-9.66406917220823,-44.258535317657,21.5388148198189));
#5700=CARTESIAN_POINT('Ctrl Pts',(-13.320813868759,-43.6230470162967,23.0649690016379));
#5701=CARTESIAN_POINT('Ctrl Pts',(-15.036744814056,-43.2464704554882,23.9953382594176));
#5702=CARTESIAN_POINT('Ctrl Pts',(-18.2343481049571,-42.4253973733842,26.1538658836689));
#5703=CARTESIAN_POINT('Ctrl Pts',(-19.6763449540021,-41.9922253641674,27.3549455418635));
#5704=CARTESIAN_POINT('Ctrl Pts',(-22.2686496879038,-41.1337755690469,29.9473469207435));
#5705=CARTESIAN_POINT('Ctrl Pts',(-23.47516727607,-40.6895222245619,31.3953022768253));
#5706=CARTESIAN_POINT('Ctrl Pts',(-25.6503789082399,-39.8273344777925,34.6185892641718));
#5707=CARTESIAN_POINT('Ctrl Pts',(-26.5923532637335,-39.4213097681484,36.354422173359));
#5708=CARTESIAN_POINT('Ctrl Pts',(-28.1440398461655,-38.7232472245223,40.0724778035815));
#5709=CARTESIAN_POINT('Ctrl Pts',(-28.7354631471495,-38.4407908891392,42.0117716940825));
#5710=CARTESIAN_POINT('Ctrl Pts',(-29.5291915487354,-38.0560458051059,46.0163398661642));
#5711=CARTESIAN_POINT('Ctrl Pts',(-29.719754183027,-37.9604636477162,48.0215131718144));
#5712=CARTESIAN_POINT('Ctrl Pts',(-29.719754183027,-37.9604636477162,50.0045394897461));
#5713=CARTESIAN_POINT('Ctrl Pts',(-4.35738703609177,-44.7885384693193,20.323576219316));
#5714=CARTESIAN_POINT('Ctrl Pts',(-5.62057584373749,-44.4651806490298,20.5119622253771));
#5715=CARTESIAN_POINT('Ctrl Pts',(-6.82841373784035,-44.0034434643165,20.7863490347521));
#5716=CARTESIAN_POINT('Ctrl Pts',(-9.46278613138311,-42.6325915741233,21.6639681363623));
#5717=CARTESIAN_POINT('Ctrl Pts',(-10.7943962036203,-41.6343448763018,22.3408942496001));
#5718=CARTESIAN_POINT('Ctrl Pts',(-12.7965081677348,-39.5077699557702,24.0189114789634));
#5719=CARTESIAN_POINT('Ctrl Pts',(-13.4582331686081,-38.4733452315607,24.9294762042463));
#5720=CARTESIAN_POINT('Ctrl Pts',(-14.1328490480933,-36.7501547884997,26.6911715395561));
#5721=CARTESIAN_POINT('Ctrl Pts',(-14.2402809679338,-36.0571265860594,27.4930629991714));
#5722=CARTESIAN_POINT('Ctrl Pts',(-14.1524540935589,-35.254459481267,28.5597635798837));
#5723=CARTESIAN_POINT('Ctrl Pts',(-14.1030212738782,-35.0427919733234,28.8578420270309));
#5724=CARTESIAN_POINT('Ctrl Pts',(-14.0246600377851,-34.8450409357338,29.1566004058388));
#5725=CARTESIAN_POINT('Origin',(-20.,-40.3112887414927,50.0045394897461));
#5726=CARTESIAN_POINT('Ctrl Pts',(23.7583017247379,-31.0444031726605,50.0045394897461));
#5727=CARTESIAN_POINT('Ctrl Pts',(23.7583017247379,-31.0444031726605,48.1827382483969));
#5728=CARTESIAN_POINT('Ctrl Pts',(23.5830018667321,-31.1323416122116,46.3452935308605));
#5729=CARTESIAN_POINT('Ctrl Pts',(22.8594704852658,-31.4830441378628,42.6938197835921));
#5730=CARTESIAN_POINT('Ctrl Pts',(22.3238067613013,-31.7387590922626,40.9453957142612));
#5731=CARTESIAN_POINT('Ctrl Pts',(20.9418625783751,-32.3604557226517,37.6332316094538));
#5732=CARTESIAN_POINT('Ctrl Pts',(20.1120481067073,-32.7177235118265,36.1111804995332));
#5733=CARTESIAN_POINT('Ctrl Pts',(18.2411256115461,-33.4593026119952,33.338137054983));
#5734=CARTESIAN_POINT('Ctrl Pts',(17.2144336371854,-33.8366574049742,32.1113334899409));
#5735=CARTESIAN_POINT('Ctrl Pts',(15.071455373035,-34.5462960653696,29.9677714744377));
#5736=CARTESIAN_POINT('Ctrl Pts',(13.8912574439243,-34.899952947741,28.9887820199304));
#5737=CARTESIAN_POINT('Ctrl Pts',(11.3482605348517,-35.5529193584762,27.271947160492));
#5738=CARTESIAN_POINT('Ctrl Pts',(9.99976287077151,-35.8477193180642,26.5444859149304));
#5739=CARTESIAN_POINT('Ctrl Pts',(7.20380046343721,-36.3336070903389,25.3773655381619));
#5740=CARTESIAN_POINT('Ctrl Pts',(5.76094749332248,-36.5231306398406,24.9408856398478));
#5741=CARTESIAN_POINT('Ctrl Pts',(3.95087139215661,-36.6801293439166,24.5821527547151));
#5742=CARTESIAN_POINT('Ctrl Pts',(3.58918366986146,-36.7074224427673,24.5199834205449));
#5743=CARTESIAN_POINT('Ctrl Pts',(3.22792430691849,-36.7307674316875,24.4669381098066));
#5744=CARTESIAN_POINT('Ctrl Pts',(25.0135681109613,-31.553492206868,50.0045394897461));
#5745=CARTESIAN_POINT('Ctrl Pts',(25.0135681109613,-31.553492206868,48.1179222946007));
#5746=CARTESIAN_POINT('Ctrl Pts',(24.8322043878616,-31.6444647512549,46.2162332993105));
#5747=CARTESIAN_POINT('Ctrl Pts',(24.0824167047261,-32.0079068229108,42.4323977129118));
#5748=CARTESIAN_POINT('Ctrl Pts',(23.5274713969564,-32.2728294964081,40.6202894200051));
#5749=CARTESIAN_POINT('Ctrl Pts',(22.0923266065418,-32.9184703038359,37.1807240759747));
#5750=CARTESIAN_POINT('Ctrl Pts',(21.2303362060166,-33.2896279185081,35.5989092730115));
#5751=CARTESIAN_POINT('Ctrl Pts',(19.2802408957228,-34.0625979174247,32.7086086337581));
#5752=CARTESIAN_POINT('Ctrl Pts',(18.2096130553317,-34.4561787701926,31.4286389754622));
#5753=CARTESIAN_POINT('Ctrl Pts',(15.964885604403,-35.1995251729789,29.1833782929813));
#5754=CARTESIAN_POINT('Ctrl Pts',(14.7279594615361,-35.5703027839835,28.1567403373031));
#5755=CARTESIAN_POINT('Ctrl Pts',(12.049536734862,-36.2580527865377,26.3485057516997));
#5756=CARTESIAN_POINT('Ctrl Pts',(10.6276312938621,-36.5690759265031,25.5808630409785));
#5757=CARTESIAN_POINT('Ctrl Pts',(7.66485045539174,-37.0839649209512,24.3441341733146));
#5758=CARTESIAN_POINT('Ctrl Pts',(6.13514150367875,-37.2850486611361,23.8809600145316));
#5759=CARTESIAN_POINT('Ctrl Pts',(4.20783590170358,-37.4522366519622,23.498978032214));
#5760=CARTESIAN_POINT('Ctrl Pts',(3.82277749309979,-37.4812902810483,23.432792503102));
#5761=CARTESIAN_POINT('Ctrl Pts',(3.43823121416356,-37.5061388896331,23.3763256891452));
#5762=CARTESIAN_POINT('Ctrl Pts',(27.6991834945121,-33.3439322427811,50.0045394897461));
#5763=CARTESIAN_POINT('Ctrl Pts',(27.6991834945121,-33.3439322427811,48.0022351214249));
#5764=CARTESIAN_POINT('Ctrl Pts',(27.5069584420475,-33.4403391872724,45.9845422647257));
#5765=CARTESIAN_POINT('Ctrl Pts',(26.7094387684673,-33.826936466951,41.9602558528774));
#5766=CARTESIAN_POINT('Ctrl Pts',(26.1188879271003,-34.1088793936299,40.0294996785031));
#5767=CARTESIAN_POINT('Ctrl Pts',(24.5827683734687,-34.7999601711055,36.3481978841015));
#5768=CARTESIAN_POINT('Ctrl Pts',(23.658307529528,-35.1981353491021,34.6495246685075));
#5769=CARTESIAN_POINT('Ctrl Pts',(21.5500448048039,-36.0338103194805,31.5250167375894));
#5770=CARTESIAN_POINT('Ctrl Pts',(20.3898711196067,-36.4605358427803,30.1361336509711));
#5771=CARTESIAN_POINT('Ctrl Pts',(17.9328193450158,-37.274214069598,27.6786880301548));
#5772=CARTESIAN_POINT('Ctrl Pts',(16.5757030410749,-37.6813458657485,26.5507381030691));
#5773=CARTESIAN_POINT('Ctrl Pts',(13.6056843824694,-38.4439876829637,24.5457122817643));
#5774=CARTESIAN_POINT('Ctrl Pts',(12.0237581044595,-38.7904609856371,23.6902071144836));
#5775=CARTESIAN_POINT('Ctrl Pts',(8.69350247317272,-39.369231052628,22.300152875361));
#5776=CARTESIAN_POINT('Ctrl Pts',(6.97117173017484,-39.5960148742338,21.7776152234666));
#5777=CARTESIAN_POINT('Ctrl Pts',(4.78233014951145,-39.785932674867,21.343770497009));
#5778=CARTESIAN_POINT('Ctrl Pts',(4.34510022359821,-39.8189175094837,21.2686165870901));
#5779=CARTESIAN_POINT('Ctrl Pts',(3.90855083672626,-39.847124366258,21.2045080261199));
#5780=CARTESIAN_POINT('Ctrl Pts',(29.2951725981205,-36.2049827121105,50.0045394897461));
#5781=CARTESIAN_POINT('Ctrl Pts',(29.2951725981205,-36.2049827121105,47.9915313771852));
#5782=CARTESIAN_POINT('Ctrl Pts',(29.1021344100205,-36.3018113508525,45.960703846805));
#5783=CARTESIAN_POINT('Ctrl Pts',(28.2978372879655,-36.6916944999062,41.9025070152536));
#5784=CARTESIAN_POINT('Ctrl Pts',(27.7006891856626,-36.9768556525054,39.9466607976268));
#5785=CARTESIAN_POINT('Ctrl Pts',(26.1373299987071,-37.6801902715046,36.2003906841346));
#5786=CARTESIAN_POINT('Ctrl Pts',(25.1921528955279,-38.0874792536841,34.4607127286075));
#5787=CARTESIAN_POINT('Ctrl Pts',(23.0184702309554,-38.9490843106649,31.2395232821185));
#5788=CARTESIAN_POINT('Ctrl Pts',(21.816609174987,-39.3914492824332,29.7985115588928));
#5789=CARTESIAN_POINT('Ctrl Pts',(19.2469868302391,-40.2424047340587,27.2287123517887));
#5790=CARTESIAN_POINT('Ctrl Pts',(17.821605294361,-40.6704004755048,26.0423311438264));
#5791=CARTESIAN_POINT('Ctrl Pts',(14.6733915011586,-41.4788033309463,23.9171091331292));
#5792=CARTESIAN_POINT('Ctrl Pts',(12.9889364357613,-41.8482055643467,23.0046648619057));
#5793=CARTESIAN_POINT('Ctrl Pts',(9.41307540275356,-42.4696519472608,21.512215994324));
#5794=CARTESIAN_POINT('Ctrl Pts',(7.55917148652423,-42.7141261738764,20.9488039757551));
#5795=CARTESIAN_POINT('Ctrl Pts',(5.18723627304351,-42.9199347655541,20.4787132486825));
#5796=CARTESIAN_POINT('Ctrl Pts',(4.71338711323056,-42.9556792001719,20.3972643781237));
#5797=CARTESIAN_POINT('Ctrl Pts',(4.24025590889154,-42.9862495124274,20.3277776977555));
#5798=CARTESIAN_POINT('Ctrl Pts',(29.7197541829147,-37.960463647252,50.0045394897461));
#5799=CARTESIAN_POINT('Ctrl Pts',(29.7197541829147,-37.960463647252,48.0215131718066));
#5800=CARTESIAN_POINT('Ctrl Pts',(29.529410725375,-38.0559407692732,46.0173321885181));
#5801=CARTESIAN_POINT('Ctrl Pts',(28.7352795644889,-38.4408791757574,42.0108421882968));
#5802=CARTESIAN_POINT('Ctrl Pts',(28.1443362410515,-38.7231126332609,40.073176153124));
#5803=CARTESIAN_POINT('Ctrl Pts',(26.5919767823772,-39.4214783559583,36.3534496742861));
#5804=CARTESIAN_POINT('Ctrl Pts',(25.6502657336897,-39.8273783545611,34.6183831715626));
#5805=CARTESIAN_POINT('Ctrl Pts',(23.4751444414104,-40.689533035793,31.3951926141811));
#5806=CARTESIAN_POINT('Ctrl Pts',(22.2684351335967,-41.1338481854216,29.9470894675729));
#5807=CARTESIAN_POINT('Ctrl Pts',(19.6765347368672,-41.9921582042967,27.3551263495915));
#5808=CARTESIAN_POINT('Ctrl Pts',(18.2345667515431,-42.4253316619063,26.1540286371982));
#5809=CARTESIAN_POINT('Ctrl Pts',(15.0364141900267,-43.2465449432434,23.9951405150297));
#5810=CARTESIAN_POINT('Ctrl Pts',(13.3203543012078,-43.6231169184528,23.0647985007548));
#5811=CARTESIAN_POINT('Ctrl Pts',(9.66430336767578,-44.2584936097504,21.5389117786752));
#5812=CARTESIAN_POINT('Ctrl Pts',(7.76552279009834,-44.5090863427975,20.9613227225512));
#5813=CARTESIAN_POINT('Ctrl Pts',(5.32987188204923,-44.7204350280958,20.4785887065864));
#5814=CARTESIAN_POINT('Ctrl Pts',(4.84325795871361,-44.7571445612124,20.394937036177));
#5815=CARTESIAN_POINT('Ctrl Pts',(4.3573870503328,-44.7885384679206,20.3235762214133));
#5816=CARTESIAN_POINT('Ctrl Pts',(14.0246600377091,-34.8450409355419,29.1566004061288));
#5817=CARTESIAN_POINT('Ctrl Pts',(14.1187611319129,-35.0825128022405,28.797832579798));
#5818=CARTESIAN_POINT('Ctrl Pts',(14.1742604990752,-35.3477053745954,28.4284586596005));
#5819=CARTESIAN_POINT('Ctrl Pts',(14.2263349424771,-36.3232653773522,27.1667960176445));
#5820=CARTESIAN_POINT('Ctrl Pts',(14.0387711955135,-37.144557152906,26.2558478881794));
#5821=CARTESIAN_POINT('Ctrl Pts',(13.1342277421057,-39.0008823977368,24.4531758334694));
#5822=CARTESIAN_POINT('Ctrl Pts',(12.3954582840155,-40.0116009046994,23.6017553405811));
#5823=CARTESIAN_POINT('Ctrl Pts',(10.399979333419,-41.9281558473751,22.1409577109585));
#5824=CARTESIAN_POINT('Ctrl Pts',(9.20278198029031,-42.7769870954868,21.5703283514886));
#5825=CARTESIAN_POINT('Ctrl Pts',(6.77076294064611,-44.0254353327161,20.7733246646311));
#5826=CARTESIAN_POINT('Ctrl Pts',(5.59032327545451,-44.4729248619966,20.5074505010743));
#5827=CARTESIAN_POINT('Ctrl Pts',(4.35738705018916,-44.7885384657106,20.3235762214184));
#5828=CARTESIAN_POINT('Origin',(20.,-40.3112887414927,50.0045394897461));
#5829=CARTESIAN_POINT('Origin',(0.,0.,0.));
#5830=CARTESIAN_POINT('Ctrl Pts',(-34.9364917242164,-23.6022658487982,-15.7281465152896));
#5831=CARTESIAN_POINT('Ctrl Pts',(-35.0171210899676,-24.396162070833,-14.3576953412009));
#5832=CARTESIAN_POINT('Ctrl Pts',(-35.0213174195622,-25.1948080046671,-12.9025095282121));
#5833=CARTESIAN_POINT('Ctrl Pts',(-34.8343230864715,-27.0114062911212,-9.34976709723075));
#5834=CARTESIAN_POINT('Ctrl Pts',(-34.5587655915195,-27.9814088977578,-7.2316701434461));
#5835=CARTESIAN_POINT('Ctrl Pts',(-33.889496091881,-29.4382646887975,-3.62763103529733));
#5836=CARTESIAN_POINT('Ctrl Pts',(-33.4715099222582,-30.0867335742625,-1.82822769287145));
#5837=CARTESIAN_POINT('Ctrl Pts',(-32.9650752961036,-30.6317451465342,1.7125190154843E-12));
#5838=CARTESIAN_POINT('Origin',(0.,100.,-80.));
#5839=CARTESIAN_POINT('Origin',(0.,100.,-80.));
#5840=CARTESIAN_POINT('Origin',(16.290237223398,1.94134980920822,120.));
#5841=CARTESIAN_POINT('',(9.33423722339798,-6.93307152175167,120.));
#5842=CARTESIAN_POINT('Origin',(3.91580939292908,-20.9202313423157,120.));
#5843=CARTESIAN_POINT('',(9.33423722339798,-15.1596501907918,120.));
#5844=CARTESIAN_POINT('',(9.33423722339798,1.94134980920822,120.));
#5845=CARTESIAN_POINT('',(16.290237223398,-15.1596501907918,120.));
#5846=CARTESIAN_POINT('',(9.33423722339798,8.04234980920822,120.));
#5847=CARTESIAN_POINT('',(16.290237223398,8.04234980920822,120.));
#5848=CARTESIAN_POINT('',(9.33423722339798,1.94134980920822,120.));
#5849=CARTESIAN_POINT('Origin',(3.91580939292908,-20.9202313423157,60.));
#5850=CARTESIAN_POINT('Ctrl Pts',(13.0941917906491,-32.7843493694268,65.1221497952705));
#5851=CARTESIAN_POINT('Ctrl Pts',(12.7755218250027,-33.0308805314303,66.301038935966));
#5852=CARTESIAN_POINT('Ctrl Pts',(12.3615112120461,-33.3314384575894,67.4092436536955));
#5853=CARTESIAN_POINT('Ctrl Pts',(11.1024680052781,-34.1157088575235,69.8845367170512));
#5854=CARTESIAN_POINT('Ctrl Pts',(10.1790119676679,-34.5974418020518,71.0848273133368));
#5855=CARTESIAN_POINT('Ctrl Pts',(8.21692714056466,-35.3219941240878,72.7904923956713));
#5856=CARTESIAN_POINT('Ctrl Pts',(7.24795528042745,-35.5803294014144,73.3545912882656));
#5857=CARTESIAN_POINT('Ctrl Pts',(5.36251747750224,-35.8772785845551,74.0301988753952));
#5858=CARTESIAN_POINT('Ctrl Pts',(4.48193400536623,-35.9328949292957,74.1742615103585));
#5859=CARTESIAN_POINT('Ctrl Pts',(2.89593006294913,-35.9042643022118,74.1523636739792));
#5860=CARTESIAN_POINT('Ctrl Pts',(2.16014954773486,-35.8332021838744,74.0166137925677));
#5861=CARTESIAN_POINT('Ctrl Pts',(0.845092166745951,-35.6165281931437,73.4791840239862));
#5862=CARTESIAN_POINT('Ctrl Pts',(0.305075184318611,-35.4861545658862,73.1162279781666));
#5863=CARTESIAN_POINT('Ctrl Pts',(-0.532614996288838,-35.2515572776069,
72.275215897535));
#5864=CARTESIAN_POINT('Ctrl Pts',(-0.840831329962369,-35.1476950410648,
71.8112366657691));
#5865=CARTESIAN_POINT('Ctrl Pts',(-1.21604801110374,-35.016233094898,70.9004257381635));
#5866=CARTESIAN_POINT('Ctrl Pts',(-1.31603692292121,-34.9782495800857,70.4537200203624));
#5867=CARTESIAN_POINT('Ctrl Pts',(-1.32530620824048,-34.9747931400636,69.9858422609646));
#5868=CARTESIAN_POINT('Ctrl Pts',(-1.3254860849281,-34.9747260585037,69.9731984437264));
#5869=CARTESIAN_POINT('Ctrl Pts',(-1.32559519839529,-34.9746853662201,69.960561071464));
#5870=CARTESIAN_POINT('',(9.33423722339798,-6.93307152175167,60.));
#5871=CARTESIAN_POINT('Origin',(16.290237223398,-15.1596501907918,15.));
#5872=CARTESIAN_POINT('',(9.33423722339798,-15.1596501907918,58.2400929703051));
#5873=CARTESIAN_POINT('Origin',(15.,-15.1596501907918,50.));
#5874=CARTESIAN_POINT('',(9.33423722339798,-15.1596501907918,15.));
#5875=CARTESIAN_POINT('Ctrl Pts',(-17.7301997233264,-30.5722946094475,50.0045394897461));
#5876=CARTESIAN_POINT('Ctrl Pts',(-17.7301997233264,-30.5722946094475,51.4509077506643));
#5877=CARTESIAN_POINT('Ctrl Pts',(-17.5900517125079,-30.6426509015545,52.9190994896586));
#5878=CARTESIAN_POINT('Ctrl Pts',(-17.0163129394586,-30.9206646536826,55.8150217089196));
#5879=CARTESIAN_POINT('Ctrl Pts',(-16.5891458837037,-31.1246188160029,57.2079562287054));
#5880=CARTESIAN_POINT('Ctrl Pts',(-15.4987489507956,-31.6150827433996,59.8216794329379));
#5881=CARTESIAN_POINT('Ctrl Pts',(-14.8413829048272,-31.8980472713846,61.0256475484876));
#5882=CARTESIAN_POINT('Ctrl Pts',(-13.3821714444753,-32.4763692546038,63.1887444240126));
#5883=CARTESIAN_POINT('Ctrl Pts',(-12.5790130830069,-32.7713733662676,64.1465354829159));
#5884=CARTESIAN_POINT('Ctrl Pts',(-10.9396109789331,-33.3141594754547,65.7866178885719));
#5885=CARTESIAN_POINT('Ctrl Pts',(-10.0351325594776,-33.5848229342273,66.5349806486795));
#5886=CARTESIAN_POINT('Ctrl Pts',(-8.13730544856842,-34.0720661250315,67.8163293760429));
#5887=CARTESIAN_POINT('Ctrl Pts',(-7.13299543012193,-34.2910316910816,68.3561180040927));
#5888=CARTESIAN_POINT('Ctrl Pts',(-5.10849787170525,-34.6427978573041,69.2012967486605));
#5889=CARTESIAN_POINT('Ctrl Pts',(-4.06359420764409,-34.7795069892367,69.5158800534225));
#5890=CARTESIAN_POINT('Ctrl Pts',(-2.01943463754216,-34.9567327684496,69.9209907236323));
#5891=CARTESIAN_POINT('Ctrl Pts',(-0.985078778590879,-35.0000509877558,
70.0175812692612));
#5892=CARTESIAN_POINT('Ctrl Pts',(0.985202120247262,-35.0000562121042,70.017592947682));
#5893=CARTESIAN_POINT('Ctrl Pts',(2.02007719495099,-34.9566660580616,69.9208336109847));
#5894=CARTESIAN_POINT('Ctrl Pts',(4.06317054802973,-34.7795443801867,69.5159634697225));
#5895=CARTESIAN_POINT('Ctrl Pts',(5.10962476749634,-34.6425932584777,69.2007968736316));
#5896=CARTESIAN_POINT('Ctrl Pts',(7.13194397892642,-34.2912124188695,68.3565500601953));
#5897=CARTESIAN_POINT('Ctrl Pts',(8.13840618204393,-34.0717908843878,67.8156100614723));
#5898=CARTESIAN_POINT('Ctrl Pts',(10.0337752812506,-33.5851536709846,66.5358239648766));
#5899=CARTESIAN_POINT('Ctrl Pts',(10.9385112435467,-33.3145074966225,65.787602016431));
#5900=CARTESIAN_POINT('Ctrl Pts',(12.5800758355736,-32.7710024042145,64.1453723772499));
#5901=CARTESIAN_POINT('Ctrl Pts',(13.3833141700167,-32.4759043066828,63.1869082175711));
#5902=CARTESIAN_POINT('Ctrl Pts',(14.8404397891141,-31.898426219522,61.0270812054897));
#5903=CARTESIAN_POINT('Ctrl Pts',(15.4995090679534,-31.614740836255,59.8198069447902));
#5904=CARTESIAN_POINT('Ctrl Pts',(16.5883094727656,-31.1249889459529,57.2098518517274));
#5905=CARTESIAN_POINT('Ctrl Pts',(17.0164964963288,-30.9205745362333,55.8140526431691));
#5906=CARTESIAN_POINT('Ctrl Pts',(17.5897503744488,-30.6427920157295,52.9203050980096));
#5907=CARTESIAN_POINT('Ctrl Pts',(17.7301997233263,-30.5722946094475,51.4509077506643));
#5908=CARTESIAN_POINT('Ctrl Pts',(17.7301997233263,-30.5722946094475,50.0045394897461));
#5909=CARTESIAN_POINT('Ctrl Pts',(-19.9191621027496,-30.0621282260327,50.0045394897461));
#5910=CARTESIAN_POINT('Ctrl Pts',(-19.9191621027496,-30.0621282260327,51.6098123890889));
#5911=CARTESIAN_POINT('Ctrl Pts',(-19.764218694354,-30.1398894474271,53.2326911916209));
#5912=CARTESIAN_POINT('Ctrl Pts',(-19.1278572763235,-30.4482950264238,56.4446360041971));
#5913=CARTESIAN_POINT('Ctrl Pts',(-18.655812060528,-30.6736454391929,57.9836869382776));
#5914=CARTESIAN_POINT('Ctrl Pts',(-17.4470325956931,-31.2174007396586,60.8810500733933));
#5915=CARTESIAN_POINT('Ctrl Pts',(-16.7208660750652,-31.5299646143752,62.2111621521272));
#5916=CARTESIAN_POINT('Ctrl Pts',(-15.1012230927833,-32.1719057037785,64.6119560370093));
#5917=CARTESIAN_POINT('Ctrl Pts',(-14.2125687592689,-32.4983353871784,65.67210013656));
#5918=CARTESIAN_POINT('Ctrl Pts',(-12.3850442431661,-33.1034547880653,67.5002853429679));
#5919=CARTESIAN_POINT('Ctrl Pts',(-11.3792820929524,-33.4045238638221,68.3330064848232));
#5920=CARTESIAN_POINT('Ctrl Pts',(-9.2490086574994,-33.9514735352533,69.7712532321858));
#5921=CARTESIAN_POINT('Ctrl Pts',(-8.12258356401848,-34.1972546587694,70.3773439236342));
#5922=CARTESIAN_POINT('Ctrl Pts',(-5.82825954407936,-34.5959278741196,71.3351228783039));
#5923=CARTESIAN_POINT('Ctrl Pts',(-4.64542097468049,-34.750884006395,71.6918006278366));
#5924=CARTESIAN_POINT('Ctrl Pts',(-2.30822217012304,-34.9535256723617,72.1549434382357));
#5925=CARTESIAN_POINT('Ctrl Pts',(-1.13058357788734,-35.0029285356942,72.2651311078974));
#5926=CARTESIAN_POINT('Ctrl Pts',(1.13068737115041,-35.00293219716,72.2651391978846));
#5927=CARTESIAN_POINT('Ctrl Pts',(2.30872885283365,-34.9534707753462,72.1548134113646));
#5928=CARTESIAN_POINT('Ctrl Pts',(4.6451190520575,-34.7509100416918,71.6918579703607));
#5929=CARTESIAN_POINT('Ctrl Pts',(5.82931997870408,-34.5957338944507,71.3346481009575));
#5930=CARTESIAN_POINT('Ctrl Pts',(8.12162004367225,-34.1974215504454,70.3777428719483));
#5931=CARTESIAN_POINT('Ctrl Pts',(9.25017012323516,-33.9511834900601,69.7704953650574));
#5932=CARTESIAN_POINT('Ctrl Pts',(11.3778736725346,-33.4048689159,68.3338869541046));
#5933=CARTESIAN_POINT('Ctrl Pts',(12.3839013692734,-33.1038174524473,67.5013118498157));
#5934=CARTESIAN_POINT('Ctrl Pts',(14.2136733897184,-32.4979500806747,65.6708901043647));
#5935=CARTESIAN_POINT('Ctrl Pts',(15.1023637064425,-32.1714409777605,64.6101102479922));
#5936=CARTESIAN_POINT('Ctrl Pts',(16.7199411331922,-31.5303366196959,62.2125680037578));
#5937=CARTESIAN_POINT('Ctrl Pts',(17.4478691640557,-31.2170243614016,60.8789808717016));
#5938=CARTESIAN_POINT('Ctrl Pts',(18.6549083599812,-30.6740460202316,57.985746353229));
#5939=CARTESIAN_POINT('Ctrl Pts',(19.1280814865037,-30.4481853088344,56.4434654517782));
#5940=CARTESIAN_POINT('Ctrl Pts',(19.763870332167,-30.1400530703358,53.2341116387276));
#5941=CARTESIAN_POINT('Ctrl Pts',(19.9191621027496,-30.0621282260327,51.6098123890889));
#5942=CARTESIAN_POINT('Ctrl Pts',(19.9191621027496,-30.0621282260327,50.0045394897461));
#5943=CARTESIAN_POINT('Ctrl Pts',(-23.8528294381538,-30.4946103324033,50.0045394897461));
#5944=CARTESIAN_POINT('Ctrl Pts',(-23.8528294381538,-30.4946103324033,51.8503474545256));
#5945=CARTESIAN_POINT('Ctrl Pts',(-23.6752361639926,-30.5837028968809,53.7107827925567));
#5946=CARTESIAN_POINT('Ctrl Pts',(-22.9426680328047,-30.9387902014853,57.4079348211306));
#5947=CARTESIAN_POINT('Ctrl Pts',(-22.4008022887623,-31.1974502714409,59.1759715343982));
#5948=CARTESIAN_POINT('Ctrl Pts',(-21.004143630657,-31.8257713287973,62.5234756003664));
#5949=CARTESIAN_POINT('Ctrl Pts',(-20.1665652989105,-32.1863472076065,64.0592815460176));
#5950=CARTESIAN_POINT('Ctrl Pts',(-18.2803262293289,-32.9340010917224,66.8550838096466));
#5951=CARTESIAN_POINT('Ctrl Pts',(-17.2465845010913,-33.3138973291176,68.0899739666215));
#5952=CARTESIAN_POINT('Ctrl Pts',(-15.0913841422225,-34.0275866285482,70.2458044961498));
#5953=CARTESIAN_POINT('Ctrl Pts',(-13.9058956964231,-34.3827752204188,71.2289582348743));
#5954=CARTESIAN_POINT('Ctrl Pts',(-11.3543189535378,-35.0379482001987,72.9516092373607));
#5955=CARTESIAN_POINT('Ctrl Pts',(-10.002785225573,-35.3333505002818,73.6805175265398));
#5956=CARTESIAN_POINT('Ctrl Pts',(-7.20312187440446,-35.8198768287063,74.849184572014));
#5957=CARTESIAN_POINT('Ctrl Pts',(-5.7594202180348,-36.0094850225832,75.2858366354591));
#5958=CARTESIAN_POINT('Ctrl Pts',(-2.86238942629529,-36.2606841262617,75.8598472504398));
#5959=CARTESIAN_POINT('Ctrl Pts',(-1.41033936866187,-36.3217897539737,75.9961903961279));
#5960=CARTESIAN_POINT('Ctrl Pts',(1.41039419975651,-36.3217901235693,75.9961909704144));
#5961=CARTESIAN_POINT('Ctrl Pts',(2.86258462549541,-36.2606577668008,75.8597832130837));
#5962=CARTESIAN_POINT('Ctrl Pts',(5.75937695311429,-36.0094872159979,75.2858395617881));
#5963=CARTESIAN_POINT('Ctrl Pts',(7.20392083485707,-35.8197279230824,74.8488185155644));
#5964=CARTESIAN_POINT('Ctrl Pts',(10.00210863272,-35.3334701915229,73.6808035847094));
#5965=CARTESIAN_POINT('Ctrl Pts',(11.3554332700313,-35.0376705773629,72.9508840630575));
#5966=CARTESIAN_POINT('Ctrl Pts',(13.9045847690202,-34.3830995872128,71.2297870407665));
#5967=CARTESIAN_POINT('Ctrl Pts',(15.090317443635,-34.0279268301331,70.2467690927523));
#5968=CARTESIAN_POINT('Ctrl Pts',(17.2476158329535,-33.31353806111,68.088842340843));
#5969=CARTESIAN_POINT('Ctrl Pts',(18.2813098964149,-32.9335991671556,66.8534687059762));
#5970=CARTESIAN_POINT('Ctrl Pts',(20.1657971210769,-32.1866568202933,64.0604487998304));
#5971=CARTESIAN_POINT('Ctrl Pts',(21.0050048408303,-31.825383729357,62.5213318029751));
#5972=CARTESIAN_POINT('Ctrl Pts',(22.3998993757423,-31.1978516210439,59.1780478738181));
#5973=CARTESIAN_POINT('Ctrl Pts',(22.942934974044,-30.9386600994615,57.4065604495288));
#5974=CARTESIAN_POINT('Ctrl Pts',(23.6748503274552,-30.5838848770694,53.7123974255731));
#5975=CARTESIAN_POINT('Ctrl Pts',(23.8528294381538,-30.4946103324033,51.8503474545256));
#5976=CARTESIAN_POINT('Ctrl Pts',(23.8528294381538,-30.4946103324033,50.0045394897461));
#5977=CARTESIAN_POINT('Ctrl Pts',(-28.0677117390266,-33.8471422560974,50.0045394897461));
#5978=CARTESIAN_POINT('Ctrl Pts',(-28.0677117390266,-33.8471422560974,52.0146286327944));
#5979=CARTESIAN_POINT('Ctrl Pts',(-27.8748143849589,-33.9439016654219,54.040014357985));
#5980=CARTESIAN_POINT('Ctrl Pts',(-27.0738317431149,-34.3321773417596,58.0817847918792));
#5981=CARTESIAN_POINT('Ctrl Pts',(-26.4804986779546,-34.6154612353137,60.0222311161218));
#5982=CARTESIAN_POINT('Ctrl Pts',(-24.9352059161827,-35.3106675504026,63.7254660281982));
#5983=CARTESIAN_POINT('Ctrl Pts',(-24.0045477563691,-35.71154588025,65.4360334325854));
#5984=CARTESIAN_POINT('Ctrl Pts',(-21.8786443454181,-36.5542095177436,68.5866294079649));
#5985=CARTESIAN_POINT('Ctrl Pts',(-20.7078524233234,-36.9848951402832,69.9886132994289));
#5986=CARTESIAN_POINT('Ctrl Pts',(-18.2235488668513,-37.8075884756791,72.4732618041786));
#5987=CARTESIAN_POINT('Ctrl Pts',(-16.8503943883814,-38.2196011993267,73.6148468945853));
#5988=CARTESIAN_POINT('Ctrl Pts',(-13.8396703747406,-38.9926879876632,75.6473190579431));
#5989=CARTESIAN_POINT('Ctrl Pts',(-12.2347404631199,-39.344286223121,76.5155345291824));
#5990=CARTESIAN_POINT('Ctrl Pts',(-8.85011460066895,-39.9324722367744,77.9282019473494));
#5991=CARTESIAN_POINT('Ctrl Pts',(-7.09894404750111,-40.163170903304,78.4597468340365));
#5992=CARTESIAN_POINT('Ctrl Pts',(-3.53146137097237,-40.4725000833739,79.1664716167422));
#5993=CARTESIAN_POINT('Ctrl Pts',(-1.7489379143403,-40.547784477945,79.3345112202938));
#5994=CARTESIAN_POINT('Ctrl Pts',(1.74891149067536,-40.5477803133256,79.3345015179465));
#5995=CARTESIAN_POINT('Ctrl Pts',(3.53118266689779,-40.4725195154113,79.1665143301721));
#5996=CARTESIAN_POINT('Ctrl Pts',(7.09926104014603,-40.1631403923324,78.4596756989851));
#5997=CARTESIAN_POINT('Ctrl Pts',(8.85033790427114,-39.9324256952278,77.9280847271791));
#5998=CARTESIAN_POINT('Ctrl Pts',(12.2346395210946,-39.3443088688077,76.5155885404038));
#5999=CARTESIAN_POINT('Ctrl Pts',(13.8404092015018,-38.9925048242295,75.6468409487709));
#6000=CARTESIAN_POINT('Ctrl Pts',(16.8495817659684,-38.2198068960055,73.6153740830276));
#6001=CARTESIAN_POINT('Ctrl Pts',(18.2228833920042,-37.807803180661,72.4738729676278));
#6002=CARTESIAN_POINT('Ctrl Pts',(20.7084963067122,-36.9846715205657,69.9879040811643));
#6003=CARTESIAN_POINT('Ctrl Pts',(21.8791413242906,-36.5540046674977,68.5857770555348));
#6004=CARTESIAN_POINT('Ctrl Pts',(24.0042056801732,-35.7116848178652,65.4365526913678));
#6005=CARTESIAN_POINT('Ctrl Pts',(24.9358591387744,-35.3103733825741,63.7238221301594));
#6006=CARTESIAN_POINT('Ctrl Pts',(26.4798496569086,-34.6157512342161,60.023748822543));
#6007=CARTESIAN_POINT('Ctrl Pts',(27.0740814502175,-34.33205623405,58.0805209369951));
#6008=CARTESIAN_POINT('Ctrl Pts',(27.8744861507078,-33.9440573960041,54.0414382307485));
#6009=CARTESIAN_POINT('Ctrl Pts',(28.0677117390265,-33.8471422560974,52.0146286327943));
#6010=CARTESIAN_POINT('Ctrl Pts',(28.0677117390265,-33.8471422560974,50.0045394897461));
#6011=CARTESIAN_POINT('Ctrl Pts',(-29.4083337195049,-36.6060879859327,50.0045394897461));
#6012=CARTESIAN_POINT('Ctrl Pts',(-29.4083337195049,-36.6060879859327,52.0116292979912));
#6013=CARTESIAN_POINT('Ctrl Pts',(-29.2157326466214,-36.7027050939582,54.0375062023721));
#6014=CARTESIAN_POINT('Ctrl Pts',(-28.4133532259317,-37.0916490748308,58.0858931324956));
#6015=CARTESIAN_POINT('Ctrl Pts',(-27.817302713844,-37.3762903589094,60.0386114358672));
#6016=CARTESIAN_POINT('Ctrl Pts',(-26.2556904345668,-38.0788266832678,63.7806672218424));
#6017=CARTESIAN_POINT('Ctrl Pts',(-25.3108177652751,-38.4860037111345,65.52019691615));
#6018=CARTESIAN_POINT('Ctrl Pts',(-23.13570928952,-39.3481596208655,68.7434820507922));
#6019=CARTESIAN_POINT('Ctrl Pts',(-21.9321031468073,-39.7912006732985,70.1868865531659));
#6020=CARTESIAN_POINT('Ctrl Pts',(-19.3560458091344,-40.6442665384083,72.7630988167213));
#6021=CARTESIAN_POINT('Ctrl Pts',(-17.9260857414401,-41.0736775627993,73.9535011125193));
#6022=CARTESIAN_POINT('Ctrl Pts',(-14.764790001124,-41.885424222183,76.0875370115995));
#6023=CARTESIAN_POINT('Ctrl Pts',(-13.0721448843351,-42.2566755123884,77.004599138257));
#6024=CARTESIAN_POINT('Ctrl Pts',(-9.47590726821427,-42.8816265965189,78.5054959442584));
#6025=CARTESIAN_POINT('Ctrl Pts',(-7.6106034517493,-43.1277186902666,79.0726222207227));
#6026=CARTESIAN_POINT('Ctrl Pts',(-3.7883899650528,-43.4591273478332,79.8297503232556));
#6027=CARTESIAN_POINT('Ctrl Pts',(-1.87945490011468,-43.5398825318395,80.010023253899));
#6028=CARTESIAN_POINT('Ctrl Pts',(1.8793856043659,-43.53987632944,80.0100089677149));
#6029=CARTESIAN_POINT('Ctrl Pts',(3.78787764028403,-43.4591703420967,79.8298483068203));
#6030=CARTESIAN_POINT('Ctrl Pts',(7.61108418448928,-43.1276735434634,79.0725182108045));
#6031=CARTESIAN_POINT('Ctrl Pts',(9.47577273144096,-42.8816445873496,78.5055361336236));
#6032=CARTESIAN_POINT('Ctrl Pts',(13.0723856506091,-42.2566398096061,77.0045136497419));
#6033=CARTESIAN_POINT('Ctrl Pts',(14.7652172290494,-41.8853190898995,76.0872628707939));
#6034=CARTESIAN_POINT('Ctrl Pts',(17.925664509832,-41.0737884462232,73.9537867418437));
#6035=CARTESIAN_POINT('Ctrl Pts',(19.3556969455034,-40.6443813482967,72.7634277918597));
#6036=CARTESIAN_POINT('Ctrl Pts',(21.9324411236295,-39.7910839151728,70.1865117971241));
#6037=CARTESIAN_POINT('Ctrl Pts',(23.1358631102312,-39.3480942011145,68.7431771899548));
#6038=CARTESIAN_POINT('Ctrl Pts',(25.3107638652839,-38.486026966791,65.5202780561127));
#6039=CARTESIAN_POINT('Ctrl Pts',(26.2561389002102,-38.0786245918807,63.7795251957086));
#6040=CARTESIAN_POINT('Ctrl Pts',(27.8168840839283,-37.3764786082225,60.0396103969127));
#6041=CARTESIAN_POINT('Ctrl Pts',(28.4135601869117,-37.0915490616531,58.0848589166583));
#6042=CARTESIAN_POINT('Ctrl Pts',(29.2154805388823,-36.7028253223518,54.0386335657932));
#6043=CARTESIAN_POINT('Ctrl Pts',(29.4083337195049,-36.6060879859327,52.0116292979912));
#6044=CARTESIAN_POINT('Ctrl Pts',(29.4083337195049,-36.6060879859327,50.0045394897461));
#6045=CARTESIAN_POINT('Ctrl Pts',(-29.7447333970764,-38.0662562205913,50.0045394897461));
#6046=CARTESIAN_POINT('Ctrl Pts',(-29.7447333970764,-38.0662562205913,51.9857394585609));
#6047=CARTESIAN_POINT('Ctrl Pts',(-29.5545288807348,-38.1616758018529,53.9882496259023));
#6048=CARTESIAN_POINT('Ctrl Pts',(-28.7610385727033,-38.5463000591145,57.9915335693428));
#6049=CARTESIAN_POINT('Ctrl Pts',(-28.170485961484,-38.8283497004481,59.9280558761303));
#6050=CARTESIAN_POINT('Ctrl Pts',(-26.6188324769944,-39.5263931287652,63.646101853711));
#6051=CARTESIAN_POINT('Ctrl Pts',(-25.6773568334701,-39.932198348177,65.3808494188041));
#6052=CARTESIAN_POINT('Ctrl Pts',(-23.5021805333612,-40.7943688852802,68.6041224828124));
#6053=CARTESIAN_POINT('Ctrl Pts',(-22.2952030965485,-41.238793601365,70.0526278227449));
#6054=CARTESIAN_POINT('Ctrl Pts',(-19.7020089985069,-42.0975199409243,72.6458791115395));
#6055=CARTESIAN_POINT('Ctrl Pts',(-18.2590683824383,-42.5309969914739,73.8478393424802));
#6056=CARTESIAN_POINT('Ctrl Pts',(-15.0579743431455,-43.3529549347938,76.0086979184693));
#6057=CARTESIAN_POINT('Ctrl Pts',(-13.3400492250561,-43.7299500362171,76.9400922274673));
#6058=CARTESIAN_POINT('Ctrl Pts',(-9.67917569859041,-44.3661238834957,78.4679193750896));
#6059=CARTESIAN_POINT('Ctrl Pts',(-7.77777617916833,-44.6171363680598,79.0464340770574));
#6060=CARTESIAN_POINT('Ctrl Pts',(-3.872892356391,-44.9557068984358,79.8199110568618));
#6061=CARTESIAN_POINT('Ctrl Pts',(-1.92252607445491,-45.0382723506581,80.0042342015688));
#6062=CARTESIAN_POINT('Ctrl Pts',(1.92243833015698,-45.038265368634,80.0042181728565));
#6063=CARTESIAN_POINT('Ctrl Pts',(3.87228400571127,-44.9557598677239,79.8200325348565));
#6064=CARTESIAN_POINT('Ctrl Pts',(7.7783201464544,-44.6170856418558,79.0463176217388));
#6065=CARTESIAN_POINT('Ctrl Pts',(9.6788723349384,-44.3661725300153,78.4680344643798));
#6066=CARTESIAN_POINT('Ctrl Pts',(13.3404474520828,-43.7298872653063,76.9399420287226));
#6067=CARTESIAN_POINT('Ctrl Pts',(15.0582363567224,-43.3528911137616,76.0085317402522));
#6068=CARTESIAN_POINT('Ctrl Pts',(18.2588508131913,-42.5310582426463,73.8479984173549));
#6069=CARTESIAN_POINT('Ctrl Pts',(19.7018251565643,-42.0975825257902,72.6460604033469));
#6070=CARTESIAN_POINT('Ctrl Pts',(22.295381600705,-41.2387325077463,70.0524276006522));
#6071=CARTESIAN_POINT('Ctrl Pts',(23.5021629961412,-40.7943731885647,68.6040930028562));
#6072=CARTESIAN_POINT('Ctrl Pts',(25.6774443186819,-39.9321647937444,65.3807156355382));
#6073=CARTESIAN_POINT('Ctrl Pts',(26.6191667686973,-39.5262423939869,63.6452411064764));
#6074=CARTESIAN_POINT('Ctrl Pts',(28.1701929241376,-38.8284823706832,59.9287701694084));
#6075=CARTESIAN_POINT('Ctrl Pts',(28.7612179081723,-38.5462136078357,57.9906451668686));
#6076=CARTESIAN_POINT('Ctrl Pts',(29.5543220765362,-38.1617748137734,53.9891956714154));
#6077=CARTESIAN_POINT('Ctrl Pts',(29.7447333970763,-38.0662562205913,51.9857394585609));
#6078=CARTESIAN_POINT('Ctrl Pts',(29.7447333970763,-38.0662562205913,50.0045394897461));
#6079=CARTESIAN_POINT('Ctrl Pts',(17.5029293120945,-31.2733134502123,59.681701547696));
#6080=CARTESIAN_POINT('Ctrl Pts',(17.9398592442259,-31.220087858036,59.568745707333));
#6081=CARTESIAN_POINT('Ctrl Pts',(18.370409950865,-31.1831748598216,59.4258742568185));
#6082=CARTESIAN_POINT('Ctrl Pts',(19.8337615460833,-31.1010753657255,58.8263341964123));
#6083=CARTESIAN_POINT('Ctrl Pts',(20.7977215401357,-31.1244250957199,58.2254662778756));
#6084=CARTESIAN_POINT('Ctrl Pts',(21.6825620242347,-31.1856827884534,57.4395207811791));
#6085=CARTESIAN_POINT('Ctrl Pts',(21.7238962412783,-31.18865203965,57.4021834390868));
#6086=CARTESIAN_POINT('Ctrl Pts',(21.7649023095539,-31.1917009933569,57.3645160562112));
#6087=CARTESIAN_POINT('Origin',(16.290237223398,8.04234980920822,15.));
#6088=CARTESIAN_POINT('',(9.33423722339798,8.04234980920822,58.2400929703051));
#6089=CARTESIAN_POINT('Origin',(15.,8.04234980920823,50.));
#6090=CARTESIAN_POINT('',(9.33423722339798,8.04234980920822,30.));
#6091=CARTESIAN_POINT('Origin',(15.,53.0423498092082,50.));
#6092=CARTESIAN_POINT('',(13.6835001760101,0.850752483953402,59.912962635531));
#6093=CARTESIAN_POINT('',(9.33423722339798,6.71638307547991,58.2400929703051));
#6094=CARTESIAN_POINT('Ctrl Pts',(13.6835001760101,0.850752483953402,59.912962635531));
#6095=CARTESIAN_POINT('Ctrl Pts',(13.6835001760101,0.979900746170907,59.912962635531));
#6096=CARTESIAN_POINT('Ctrl Pts',(13.6790664807706,1.10916045698285,59.9123768279864));
#6097=CARTESIAN_POINT('Ctrl Pts',(13.619246216657,1.98176099033821,59.9043507444316));
#6098=CARTESIAN_POINT('Ctrl Pts',(13.422357011195,2.70765903163898,59.8802962390903));
#6099=CARTESIAN_POINT('Ctrl Pts',(12.7587625932753,4.0745509142943,59.7517280398508));
#6100=CARTESIAN_POINT('Ctrl Pts',(12.2925841745738,4.68702721796536,59.6442959400315));
#6101=CARTESIAN_POINT('Ctrl Pts',(11.2628514003646,5.65063007469769,59.2891188561112));
#6102=CARTESIAN_POINT('Ctrl Pts',(10.7431392061314,6.00772290781766,59.0691711887105));
#6103=CARTESIAN_POINT('Ctrl Pts',(9.91808587589135,6.45728949661946,58.618803415809));
#6104=CARTESIAN_POINT('Ctrl Pts',(9.6251520520459,6.5949762091908,58.4401215880955));
#6105=CARTESIAN_POINT('Ctrl Pts',(9.33423722339798,6.71638307547991,58.2400929703051));
#6106=CARTESIAN_POINT('',(9.33423722339798,53.0423498092082,58.2400929703051));
#6107=CARTESIAN_POINT('',(9.33423722339798,-4.39878901610451,58.2400929703051));
#6108=CARTESIAN_POINT('',(9.33423722339798,53.0423498092082,58.2400929703051));
#6109=CARTESIAN_POINT('Ctrl Pts',(9.33423722339798,-4.39878901610451,58.2400929703051));
#6110=CARTESIAN_POINT('Ctrl Pts',(9.44570968541326,-4.3768126210751,58.3167397421532));
#6111=CARTESIAN_POINT('Ctrl Pts',(9.55832965457836,-4.35148040199322,58.3908420580664));
#6112=CARTESIAN_POINT('Ctrl Pts',(10.2284449296067,-4.17975824122316,58.8127645737352));
#6113=CARTESIAN_POINT('Ctrl Pts',(10.789355677699,-3.95183373140781,59.0884022429653));
#6114=CARTESIAN_POINT('Ctrl Pts',(11.7966548795901,-3.29471875109383,59.4867628595689));
#6115=CARTESIAN_POINT('Ctrl Pts',(12.2249556794479,-2.90464332606154,59.6143741159235));
#6116=CARTESIAN_POINT('Ctrl Pts',(12.9593928768979,-1.95085874405744,59.7972144538792));
#6117=CARTESIAN_POINT('Ctrl Pts',(13.2459553771206,-1.39709478867308,59.8467679151154));
#6118=CARTESIAN_POINT('Ctrl Pts',(13.5997724077264,-0.26890923948163,59.9029387712087));
#6119=CARTESIAN_POINT('Ctrl Pts',(13.6835001760101,0.289870954808846,59.912962635531));
#6120=CARTESIAN_POINT('Ctrl Pts',(13.6835001760101,0.850752483953403,59.912962635531));
#6121=CARTESIAN_POINT('Origin',(15.,53.0423498092082,50.));
#6122=CARTESIAN_POINT('Origin',(9.33423722339798,1.94134980920822,15.));
#6123=CARTESIAN_POINT('',(9.33423722339798,6.11359778077123,68.6972478451904));
#6124=CARTESIAN_POINT('Ctrl Pts',(9.33423722339798,6.71638307547991,58.2400929703051));
#6125=CARTESIAN_POINT('Ctrl Pts',(9.33423722339798,6.8832023383815,60.3143730486355));
#6126=CARTESIAN_POINT('Ctrl Pts',(9.33423722327251,6.74629989568949,62.6363391813811));
#6127=CARTESIAN_POINT('Ctrl Pts',(9.33423722327251,6.43291280150196,65.8375544727229));
#6128=CARTESIAN_POINT('Ctrl Pts',(9.33423722339798,6.36360910001842,66.4884564858161));
#6129=CARTESIAN_POINT('Ctrl Pts',(9.33423722339798,6.26203647464537,67.4047802297049));
#6130=CARTESIAN_POINT('Ctrl Pts',(9.33423722339798,6.22920791612462,67.6955166827044));
#6131=CARTESIAN_POINT('Ctrl Pts',(9.33423722339798,6.16905074572858,68.2208630369407));
#6132=CARTESIAN_POINT('Ctrl Pts',(9.33423722339798,6.14135499270609,68.459971568221));
#6133=CARTESIAN_POINT('Ctrl Pts',(9.33423722339798,6.11359778077123,68.6972478451904));
#6134=CARTESIAN_POINT('',(9.33423722339798,-6.11359778077123,68.6972478451904));
#6135=CARTESIAN_POINT('',(9.33423722339798,0.970674904604109,68.6972478451904));
#6136=CARTESIAN_POINT('Ctrl Pts',(9.33423722339798,-6.11359778077123,68.6972478451904));
#6137=CARTESIAN_POINT('Ctrl Pts',(9.33423722339798,-6.08014565968187,68.4112899194651));
#6138=CARTESIAN_POINT('Ctrl Pts',(9.3342372233979,-6.04592454844995,68.1221830035889));
#6139=CARTESIAN_POINT('Ctrl Pts',(9.3342372233979,-5.96310607608589,67.4305202156149));
#6140=CARTESIAN_POINT('Ctrl Pts',(9.33423722338945,-5.91261643022874,67.0155195656038));
#6141=CARTESIAN_POINT('Ctrl Pts',(9.33423722338945,-5.75815804524698,65.7715257633049));
#6142=CARTESIAN_POINT('Ctrl Pts',(9.33423722339798,-5.64181772128432,64.8698747572622));
#6143=CARTESIAN_POINT('Ctrl Pts',(9.33423722339798,-5.35434069933898,62.8358264121427));
#6144=CARTESIAN_POINT('Ctrl Pts',(9.33423722339798,-5.15740554788557,61.5891232314455));
#6145=CARTESIAN_POINT('Ctrl Pts',(9.33423722339798,-4.76764679283034,59.6804357956141));
#6146=CARTESIAN_POINT('Ctrl Pts',(9.33423722339798,-4.59829293321664,58.9535382126211));
#6147=CARTESIAN_POINT('Ctrl Pts',(9.33423722339798,-4.39878901610451,58.2400929703051));
#6148=CARTESIAN_POINT('Ctrl Pts',(9.33423722339798,6.11359778077123,68.6972478451904));
#6149=CARTESIAN_POINT('Ctrl Pts',(9.33423722339798,6.4998634573338,65.3953426729101));
#6150=CARTESIAN_POINT('Ctrl Pts',(8.67264470814975,6.88612913389636,62.0947760421611));
#6151=CARTESIAN_POINT('Ctrl Pts',(7.40005503443975,7.27239481045893,59.0479591311706));
#6152=CARTESIAN_POINT('Ctrl Pts',(10.2013275386777,6.0427001641813,68.6972478451904));
#6153=CARTESIAN_POINT('Ctrl Pts',(10.2013275386777,6.42896584074387,65.2816023002642));
#6154=CARTESIAN_POINT('Ctrl Pts',(9.51658483188723,6.81523151730644,61.8655435078917));
#6155=CARTESIAN_POINT('Ctrl Pts',(8.20015839843976,7.201497193869,58.7137732221801));
#6156=CARTESIAN_POINT('Ctrl Pts',(12.7674515707812,5.28573329497795,68.6972478451904));
#6157=CARTESIAN_POINT('Ctrl Pts',(12.7674515707812,5.67199897154052,64.9421003842283));
#6158=CARTESIAN_POINT('Ctrl Pts',(12.0153109608288,6.05826464810309,61.1898055174874));
#6159=CARTESIAN_POINT('Ctrl Pts',(10.5680368470242,6.44453032466566,57.7247614927915));
#6160=CARTESIAN_POINT('Ctrl Pts',(15.6039801384587,1.46193975804918,68.6972478451903));
#6161=CARTESIAN_POINT('Ctrl Pts',(15.6039801384587,1.84820543461174,64.5689896469094));
#6162=CARTESIAN_POINT('Ctrl Pts',(14.776504757825,2.23447111117431,60.4408630944781));
#6163=CARTESIAN_POINT('Ctrl Pts',(13.1854297634111,2.62073678773687,56.6315329546996));
#6164=CARTESIAN_POINT('Ctrl Pts',(14.5968411006679,-3.18937595661132,68.6972478451904));
#6165=CARTESIAN_POINT('Ctrl Pts',(14.5968411006679,-2.80311028004876,64.7006672893545));
#6166=CARTESIAN_POINT('Ctrl Pts',(13.7964221415035,-2.41684460348619,60.7075203804213));
#6167=CARTESIAN_POINT('Ctrl Pts',(12.256097123025,-2.03057892692362,57.0196951436815));
#6168=CARTESIAN_POINT('Ctrl Pts',(11.8974314009732,-5.52222044913006,68.6972478451903));
#6169=CARTESIAN_POINT('Ctrl Pts',(11.8974314009732,-5.1359547725675,65.0579239880267));
#6170=CARTESIAN_POINT('Ctrl Pts',(11.167864428466,-4.74968909600493,61.4182449577247));
#6171=CARTESIAN_POINT('Ctrl Pts',(9.76522997403237,-4.36342341944236,58.0600765991465));
#6172=CARTESIAN_POINT('Ctrl Pts',(10.2013275386777,-6.0427001641813,68.6972478451904));
#6173=CARTESIAN_POINT('Ctrl Pts',(10.2013275386777,-5.65643448761874,65.2800039199535));
#6174=CARTESIAN_POINT('Ctrl Pts',(9.51720086480517,-5.27016881105617,61.8670184055362));
#6175=CARTESIAN_POINT('Ctrl Pts',(8.20015839843976,-4.8839031344936,58.7137732221801));
#6176=CARTESIAN_POINT('Ctrl Pts',(9.33423722339798,-6.11359778077123,68.6972478451904));
#6177=CARTESIAN_POINT('Ctrl Pts',(9.33423722339798,-5.72733210420867,65.3953426729101));
#6178=CARTESIAN_POINT('Ctrl Pts',(8.67264470814975,-5.3410664276461,62.0947760421611));
#6179=CARTESIAN_POINT('Ctrl Pts',(7.40005503443975,-4.95480075108353,59.0479591311706));
#6180=CARTESIAN_POINT('Origin',(8.83435906329386,0.,68.6972478451904));
#6181=CARTESIAN_POINT('Origin',(8.83435906329386,0.,68.6972478451904));
#6182=CARTESIAN_POINT('Ctrl Pts',(5.09181926768778,23.7304632925657,66.1706822551472));
#6183=CARTESIAN_POINT('Ctrl Pts',(4.78423253317312,24.0870211809569,63.6392038157578));
#6184=CARTESIAN_POINT('Ctrl Pts',(2.97792504379544,24.9189895872029,57.8632998894136));
#6185=CARTESIAN_POINT('Ctrl Pts',(-1.1038213692452,25.750957993449,53.2952266674559));
#6186=CARTESIAN_POINT('Ctrl Pts',(-3.91448288148152,26.2263685113039,51.381837592014));
#6187=CARTESIAN_POINT('Ctrl Pts',(6.0980844184059,24.4619997793349,66.0484162279319));
#6188=CARTESIAN_POINT('Ctrl Pts',(5.77564468965827,24.818557667726,63.3946957330766));
#6189=CARTESIAN_POINT('Ctrl Pts',(3.88185812423878,25.6505260739721,57.3392393723472));
#6190=CARTESIAN_POINT('Ctrl Pts',(-0.397667379368662,26.4824944802182,52.549691408369));
#6191=CARTESIAN_POINT('Ctrl Pts',(-3.34405236257306,26.9579049980731,50.5439070709929));
#6192=CARTESIAN_POINT('Ctrl Pts',(8.56712864000702,25.2864789841408,65.7484155494044));
#6193=CARTESIAN_POINT('Ctrl Pts',(8.20814562735402,25.643036872532,62.79393912157));
#6194=CARTESIAN_POINT('Ctrl Pts',(6.09992537813473,26.475005278778,56.0526892208666));
#6195=CARTESIAN_POINT('Ctrl Pts',(1.33590646325722,27.3069736850241,50.721008024904));
#6196=CARTESIAN_POINT('Ctrl Pts',(-1.94440319899948,27.782384202879,48.4879007494446));
#6197=CARTESIAN_POINT('Ctrl Pts',(12.3011851514617,24.1524415394642,65.294709829071));
#6198=CARTESIAN_POINT('Ctrl Pts',(11.8869396382879,24.5089994278554,61.8854159046497));
#6199=CARTESIAN_POINT('Ctrl Pts',(9.45441292928999,25.3409678341015,54.107001746601));
#6200=CARTESIAN_POINT('Ctrl Pts',(3.9576413086168,26.1729362403475,47.9553775724694));
#6201=CARTESIAN_POINT('Ctrl Pts',(0.17235478664927,26.6483467582024,45.3785016850605));
#6202=CARTESIAN_POINT('Ctrl Pts',(14.7199900346285,21.0680766598536,65.0008134703799));
#6203=CARTESIAN_POINT('Ctrl Pts',(14.2700175851438,21.4246345482448,61.2974822588204));
#6204=CARTESIAN_POINT('Ctrl Pts',(11.6272650004782,22.2566029544908,52.8471285683858));
#6205=CARTESIAN_POINT('Ctrl Pts',(5.65527591950691,23.0885713607369,46.1634509498765));
#6206=CARTESIAN_POINT('Ctrl Pts',(1.54352432745916,23.5639818785918,43.3643303361334));
#6207=CARTESIAN_POINT('Ctrl Pts',(14.9339235557796,17.1441126995405,64.9748195246484));
#6208=CARTESIAN_POINT('Ctrl Pts',(14.4807168542078,17.5006705879317,61.2448700018703));
#6209=CARTESIAN_POINT('Ctrl Pts',(11.8195294197717,18.3326389941778,52.7351884460809));
#6210=CARTESIAN_POINT('Ctrl Pts',(5.80610422742481,19.1646074004238,46.0054247769333));
#6211=CARTESIAN_POINT('Ctrl Pts',(1.66479873450289,19.6400179182787,43.1861850165683));
#6212=CARTESIAN_POINT('Ctrl Pts',(12.8816513080353,13.8021236367157,65.2241804155794));
#6213=CARTESIAN_POINT('Ctrl Pts',(12.4588734714557,14.1586815251069,61.7446643706446));
#6214=CARTESIAN_POINT('Ctrl Pts',(9.97580812448714,14.9906499313529,53.8049406611146));
#6215=CARTESIAN_POINT('Ctrl Pts',(4.36466188496908,15.822618337599,47.5250921871056));
#6216=CARTESIAN_POINT('Ctrl Pts',(0.501408824411321,16.2980288554539,44.8951397116625));
#6217=CARTESIAN_POINT('Ctrl Pts',(9.29132838926528,12.260115404664,65.6604218171471));
#6218=CARTESIAN_POINT('Ctrl Pts',(8.9215963701384,12.6166732930552,62.6174796816598));
#6219=CARTESIAN_POINT('Ctrl Pts',(6.75054518434125,13.4486416993012,55.6751204004468));
#6220=CARTESIAN_POINT('Ctrl Pts',(1.84466215957861,14.2806101055473,50.184822951346));
#6221=CARTESIAN_POINT('Ctrl Pts',(-1.53386961501522,14.7560206234022,47.884849880808));
#6222=CARTESIAN_POINT('Ctrl Pts',(6.74826622326708,12.7984045255986,65.9694160298317));
#6223=CARTESIAN_POINT('Ctrl Pts',(6.41621032119555,13.1549624139897,63.2365531900463));
#6224=CARTESIAN_POINT('Ctrl Pts',(4.46594148273141,13.9869308202358,57.0004949846177));
#6225=CARTESIAN_POINT('Ctrl Pts',(0.0587775173203586,14.8188992264819,52.0680951150742));
#6226=CARTESIAN_POINT('Ctrl Pts',(-2.97547799222234,15.2943097443368,50.0024919398847));
#6227=CARTESIAN_POINT('Ctrl Pts',(5.66702533328309,13.4118559639122,66.1007919678603));
#6228=CARTESIAN_POINT('Ctrl Pts',(5.35093008217753,13.7684138523034,63.4992873411094));
#6229=CARTESIAN_POINT('Ctrl Pts',(3.49465620765688,14.6003822585495,57.5636093774932));
#6230=CARTESIAN_POINT('Ctrl Pts',(-0.700000169235021,15.4323506647955,52.8691733367397));
#6231=CARTESIAN_POINT('Ctrl Pts',(-3.58841067850135,15.9077611826504,50.9028557670996));
#6232=CARTESIAN_POINT('',(13.6835001760101,19.2530858172867,59.912962635531));
#6233=CARTESIAN_POINT('',(5.58842804694172,20.7557266478346,46.6203086868167));
#6234=CARTESIAN_POINT('Ctrl Pts',(13.6835001760101,19.2530858172867,59.912962635531));
#6235=CARTESIAN_POINT('Ctrl Pts',(13.6835001760101,19.866605299264,59.912962635531));
#6236=CARTESIAN_POINT('Ctrl Pts',(13.5832678129871,20.4751814636798,59.9010287737384));
#6237=CARTESIAN_POINT('Ctrl Pts',(13.149094919635,21.7893961840039,59.8302994321584));
#6238=CARTESIAN_POINT('Ctrl Pts',(12.7658298034411,22.4578850070143,59.760331835883));
#6239=CARTESIAN_POINT('Ctrl Pts',(11.768855659921,23.6460731964999,59.4784560287142));
#6240=CARTESIAN_POINT('Ctrl Pts',(11.1537649677119,24.1466667517347,59.2619928127916));
#6241=CARTESIAN_POINT('Ctrl Pts',(9.69036959113383,25.0157693182871,58.519588018286));
#6242=CARTESIAN_POINT('Ctrl Pts',(8.88045690511049,25.3192177167815,57.9765572108468));
#6243=CARTESIAN_POINT('Ctrl Pts',(7.69404698376958,25.6778501965245,56.854134331633));
#6244=CARTESIAN_POINT('Ctrl Pts',(7.29463132720252,25.7796991863282,56.4021788777984));
#6245=CARTESIAN_POINT('Ctrl Pts',(6.85342227362562,25.8848956383633,55.8012328279888));
#6246=CARTESIAN_POINT('Ctrl Pts',(6.77046521347514,25.904218541154,55.6829091506066));
#6247=CARTESIAN_POINT('Ctrl Pts',(6.63793009220698,25.9344287663315,55.484951229975));
#6248=CARTESIAN_POINT('Ctrl Pts',(6.58677145352131,25.945910840548,55.4061385707386));
#6249=CARTESIAN_POINT('Ctrl Pts',(6.49676849966593,25.9657954859291,55.2631494833537));
#6250=CARTESIAN_POINT('Ctrl Pts',(6.45749289766536,25.9743558947534,55.1991498545338));
#6251=CARTESIAN_POINT('Ctrl Pts',(6.37557291410453,25.9919573728017,55.062257038585));
#6252=CARTESIAN_POINT('Ctrl Pts',(6.33315210589731,26.0009156191915,54.9892693732051));
#6253=CARTESIAN_POINT('Ctrl Pts',(6.22255056795936,26.023827915042,54.7933545164344));
#6254=CARTESIAN_POINT('Ctrl Pts',(6.15613498298717,26.0371097276353,54.6696449744894));
#6255=CARTESIAN_POINT('Ctrl Pts',(5.86940366853458,26.0918820544493,54.1077221356465));
#6256=CARTESIAN_POINT('Ctrl Pts',(5.67889446678823,26.1214049434032,53.6543589454586));
#6257=CARTESIAN_POINT('Ctrl Pts',(5.28206002683141,26.1421263924985,52.4764554537443));
#6258=CARTESIAN_POINT('Ctrl Pts',(5.12522954000142,26.1040068537132,51.7386825594454));
#6259=CARTESIAN_POINT('Ctrl Pts',(4.9831754547445,25.8314228118882,50.3416404809968));
#6260=CARTESIAN_POINT('Ctrl Pts',(4.98719622339797,25.6156296138411,49.701965523702));
#6261=CARTESIAN_POINT('Ctrl Pts',(5.07049684259044,25.0764713981718,48.7624408252638));
#6262=CARTESIAN_POINT('Ctrl Pts',(5.11816296044208,24.8351794927118,48.4393151630854));
#6263=CARTESIAN_POINT('Ctrl Pts',(5.22352261165745,24.2940145109649,47.8795149264448));
#6264=CARTESIAN_POINT('Ctrl Pts',(5.27962584281701,24.0023277053197,47.6424676962867));
#6265=CARTESIAN_POINT('Ctrl Pts',(5.3330887007852,23.6847250641924,47.4405418670904));
#6266=CARTESIAN_POINT('Ctrl Pts',(5.42320313126226,23.1493892776127,47.1001853693614));
#6267=CARTESIAN_POINT('Ctrl Pts',(5.50200431537812,22.5551263591144,46.868457891691));
#6268=CARTESIAN_POINT('Ctrl Pts',(5.57406052060783,21.545858469521,46.6595051351894));
#6269=CARTESIAN_POINT('Ctrl Pts',(5.58842804694171,21.1504627683334,46.6203086868167));
#6270=CARTESIAN_POINT('Ctrl Pts',(5.58842804694171,20.7557266478346,46.6203086868167));
#6271=CARTESIAN_POINT('Ctrl Pts',(5.58842804694171,20.7557266478346,46.6203086868167));
#6272=CARTESIAN_POINT('Ctrl Pts',(5.58842804694171,20.4461318476068,46.6203086868167));
#6273=CARTESIAN_POINT('Ctrl Pts',(5.5796497711282,20.1369427683098,46.6444718572241));
#6274=CARTESIAN_POINT('Ctrl Pts',(5.52174953895107,19.0827332071968,46.8096650267505));
#6275=CARTESIAN_POINT('Ctrl Pts',(5.43165710118669,18.3719302395851,47.0665702545656));
#6276=CARTESIAN_POINT('Ctrl Pts',(5.22294413121523,17.0574988589733,47.8583836149888));
#6277=CARTESIAN_POINT('Ctrl Pts',(5.10954280924339,16.4893588725033,48.3917077845797));
#6278=CARTESIAN_POINT('Ctrl Pts',(4.97553640491699,15.4802904928893,49.7627502707529));
#6279=CARTESIAN_POINT('Ctrl Pts',(4.97500825851773,15.0911987969289,50.6100814776927));
#6280=CARTESIAN_POINT('Ctrl Pts',(5.25687049913212,14.5115436377603,52.4267389636585));
#6281=CARTESIAN_POINT('Ctrl Pts',(5.52864579193759,14.3198868269793,53.3659514037027));
#6282=CARTESIAN_POINT('Ctrl Pts',(6.04812806923598,14.1414368576975,54.4611329306881));
#6283=CARTESIAN_POINT('Ctrl Pts',(6.1362070706672,14.1148994722579,54.6336113881995));
#6284=CARTESIAN_POINT('Ctrl Pts',(6.27580880968756,14.07774961023,54.8885645039454));
#6285=CARTESIAN_POINT('Ctrl Pts',(6.32386373691755,14.0657620616583,54.9733358355009));
#6286=CARTESIAN_POINT('Ctrl Pts',(6.41126792896276,14.0453073168271,55.1224439565894));
#6287=CARTESIAN_POINT('Ctrl Pts',(6.45019028187396,14.0366519092808,55.1871381135748));
#6288=CARTESIAN_POINT('Ctrl Pts',(6.5331500537045,14.0191221138958,55.3215893465536));
#6289=CARTESIAN_POINT('Ctrl Pts',(6.57732950780638,14.0103102330327,55.3912300050985));
#6290=CARTESIAN_POINT('Ctrl Pts',(6.69442987792262,13.9882865103107,55.5709091315614));
#6291=CARTESIAN_POINT('Ctrl Pts',(6.76861467261569,13.9756400953954,55.6799227630095));
#6292=CARTESIAN_POINT('Ctrl Pts',(7.08643840996025,13.9269252039907,56.1278241701834));
#6293=CARTESIAN_POINT('Ctrl Pts',(7.34931211494503,13.8993474829094,56.4528332682503));
#6294=CARTESIAN_POINT('Ctrl Pts',(8.06002636002377,13.8653121831995,57.2278773812669));
#6295=CARTESIAN_POINT('Ctrl Pts',(8.53382303545245,13.8774889271203,57.6536376833044));
#6296=CARTESIAN_POINT('Ctrl Pts',(9.60971516676896,14.0372445610888,58.4532801325387));
#6297=CARTESIAN_POINT('Ctrl Pts',(10.2086356321981,14.2032745934259,58.801274187389));
#6298=CARTESIAN_POINT('Ctrl Pts',(11.3029341686795,14.7498403814687,59.3082416350963));
#6299=CARTESIAN_POINT('Ctrl Pts',(11.7754067799265,15.0858407149972,59.475684574159));
#6300=CARTESIAN_POINT('Ctrl Pts',(12.6061675868938,15.9360901638114,59.7189317617518));
#6301=CARTESIAN_POINT('Ctrl Pts',(12.9455406774146,16.4330268115369,59.7899642421041));
#6302=CARTESIAN_POINT('Ctrl Pts',(13.4718485406139,17.5863215127634,59.8865624521817));
#6303=CARTESIAN_POINT('Ctrl Pts',(13.63125959131,18.2402804806741,59.905972430872));
#6304=CARTESIAN_POINT('Ctrl Pts',(13.6798889044977,19.0197685391526,59.9124850921243));
#6305=CARTESIAN_POINT('Ctrl Pts',(13.6835001760101,19.1365164233309,59.912962635531));
#6306=CARTESIAN_POINT('Ctrl Pts',(13.6835001760101,19.2530858172867,59.912962635531));
#6307=CARTESIAN_POINT('',(1.55756688127067,21.2523471461182,43.344100973686));
#6308=CARTESIAN_POINT('Ctrl Pts',(5.58468685309585,20.7559017011615,46.6240055231515));
#6309=CARTESIAN_POINT('Ctrl Pts',(4.33791453112325,20.921441867256,45.4197630967966));
#6310=CARTESIAN_POINT('Ctrl Pts',(2.98987507851399,21.0869820333506,44.3205385964953));
#6311=CARTESIAN_POINT('Ctrl Pts',(1.55693318702926,21.2525221994451,43.3450318225984));
#6312=CARTESIAN_POINT('',(1.17829302875808,18.0423498092082,44.1724433592523));
#6313=CARTESIAN_POINT('Ctrl Pts',(1.17829302875808,18.0423498092082,44.1724433592523));
#6314=CARTESIAN_POINT('Ctrl Pts',(1.3401095624479,18.7191304841145,43.7886494556248));
#6315=CARTESIAN_POINT('Ctrl Pts',(1.46395948525802,19.4692670688281,43.5352809508232));
#6316=CARTESIAN_POINT('Ctrl Pts',(1.54234343568809,20.5439268644296,43.374759352381));
#6317=CARTESIAN_POINT('Ctrl Pts',(1.55445760750982,20.8376951499148,43.350381691567));
#6318=CARTESIAN_POINT('Ctrl Pts',(1.55739141990908,21.1722924986127,43.3444553058007));
#6319=CARTESIAN_POINT('Ctrl Pts',(1.55756688127062,21.2123278758431,43.344100973686));
#6320=CARTESIAN_POINT('Ctrl Pts',(1.55756688127062,21.2523471461182,43.344100973686));
#6321=CARTESIAN_POINT('',(14.7022540716721,18.0423498092082,64.9970446209299));
#6322=CARTESIAN_POINT('Ctrl Pts',(14.7022540716721,18.0423498092082,64.9970446209299));
#6323=CARTESIAN_POINT('Ctrl Pts',(14.6276420864421,17.4135094767338,64.9955633014188));
#6324=CARTESIAN_POINT('Ctrl Pts',(14.4477175511094,16.8085731003876,64.9322441386961));
#6325=CARTESIAN_POINT('Ctrl Pts',(13.8778714356716,15.6596108965206,64.6908085648126));
#6326=CARTESIAN_POINT('Ctrl Pts',(13.4859280062212,15.1408624608251,64.5103767045561));
#6327=CARTESIAN_POINT('Ctrl Pts',(12.4753841688705,14.1924432678325,64.0316292245512));
#6328=CARTESIAN_POINT('Ctrl Pts',(11.8427292029568,13.8078327664929,63.7249633656651));
#6329=CARTESIAN_POINT('Ctrl Pts',(10.3740986736389,13.2304984032018,63.0023679296198));
#6330=CARTESIAN_POINT('Ctrl Pts',(9.46507035853334,13.0625607335466,62.5524536254222));
#6331=CARTESIAN_POINT('Ctrl Pts',(6.99075707055061,13.1086319158197,61.2377413056026));
#6332=CARTESIAN_POINT('Ctrl Pts',(5.66129972960958,13.5368807785863,60.4500671345917));
#6333=CARTESIAN_POINT('Ctrl Pts',(3.97460885354554,14.1826683949996,59.0240206594411));
#6334=CARTESIAN_POINT('Ctrl Pts',(3.45094837070598,14.4015486580651,58.4929714756076));
#6335=CARTESIAN_POINT('Ctrl Pts',(2.87924373200752,14.5954135107378,57.7529012701444));
#6336=CARTESIAN_POINT('Ctrl Pts',(2.77997770807162,14.6271596167404,57.6174032501892));
#6337=CARTESIAN_POINT('Ctrl Pts',(2.63190126253643,14.6709467791701,57.4039086986917));
#6338=CARTESIAN_POINT('Ctrl Pts',(2.58105020319639,14.6852917493675,57.3283796612847));
#6339=CARTESIAN_POINT('Ctrl Pts',(2.48960637080406,14.7097420277752,57.1884079423379));
#6340=CARTESIAN_POINT('Ctrl Pts',(2.44877318957081,14.7201420356203,57.1243070980504));
#6341=CARTESIAN_POINT('Ctrl Pts',(2.36137899576983,14.7412395630342,56.9835781928642));
#6342=CARTESIAN_POINT('Ctrl Pts',(2.31513946310143,14.7516513878544,56.9068353086332));
#6343=CARTESIAN_POINT('Ctrl Pts',(2.18855848312742,14.7780258810628,56.6902629864452));
#6344=CARTESIAN_POINT('Ctrl Pts',(2.11060539499529,14.7917589214902,56.5492626065453));
#6345=CARTESIAN_POINT('Ctrl Pts',(1.80951227981474,14.8349780380303,55.9733328225627));
#6346=CARTESIAN_POINT('Ctrl Pts',(1.61541856820247,14.8392297988343,55.5283481019919));
#6347=CARTESIAN_POINT('Ctrl Pts',(1.12840655842992,14.8064189519379,54.1947588736609));
#6348=CARTESIAN_POINT('Ctrl Pts',(0.905622873036162,14.7291334383162,53.2683487629428));
#6349=CARTESIAN_POINT('Ctrl Pts',(0.535963469014959,14.6629196531789,50.8329866657227));
#6350=CARTESIAN_POINT('Ctrl Pts',(0.491555905819796,14.7529961415867,49.3404455057267));
#6351=CARTESIAN_POINT('Ctrl Pts',(0.596831399816492,15.4659386841558,47.1187586063727));
#6352=CARTESIAN_POINT('Ctrl Pts',(0.673797686420376,15.8409721566645,46.3503578626802));
#6353=CARTESIAN_POINT('Ctrl Pts',(0.838770669230835,16.5857489670578,45.3680120228175));
#6354=CARTESIAN_POINT('Ctrl Pts',(0.898477245820578,16.8487153724756,45.0801574330967));
#6355=CARTESIAN_POINT('Ctrl Pts',(1.03013770517785,17.4175572747299,44.5741110280695));
#6356=CARTESIAN_POINT('Ctrl Pts',(1.10112763249709,17.7196136352828,44.3554630296201));
#6357=CARTESIAN_POINT('Ctrl Pts',(1.17829302875808,18.0423498092082,44.1724433592523));
#6358=CARTESIAN_POINT('',(14.7444323303044,18.7564653190031,64.9978226808496));
#6359=CARTESIAN_POINT('Ctrl Pts',(14.7444323303044,18.7564653190031,64.9978226808496));
#6360=CARTESIAN_POINT('Ctrl Pts',(14.7444323303044,18.517936951315,64.9978226808496));
#6361=CARTESIAN_POINT('Ctrl Pts',(14.7303880518234,18.2794669610664,64.9976031828499));
#6362=CARTESIAN_POINT('Ctrl Pts',(14.7022540716721,18.0423498092082,64.9970446209299));
#6363=CARTESIAN_POINT('',(1.17527515497429E-15,27.0898096028434,50.000000000041));
#6364=CARTESIAN_POINT('Ctrl Pts',(3.40005801291454E-15,27.0898096028434,
50.000000000082));
#6365=CARTESIAN_POINT('Ctrl Pts',(2.66830556850449E-12,27.044875200124,
50.4874548721705));
#6366=CARTESIAN_POINT('Ctrl Pts',(0.0234050681888681,26.9591306567771,51.0061221371563));
#6367=CARTESIAN_POINT('Ctrl Pts',(0.263842410643783,26.4261070816248,53.3047645561781));
#6368=CARTESIAN_POINT('Ctrl Pts',(0.741371871326443,25.6954982996906,54.9725952375663));
#6369=CARTESIAN_POINT('Ctrl Pts',(1.62090587505331,25.1927358568953,56.7878898084631));
#6370=CARTESIAN_POINT('Ctrl Pts',(1.74800362395237,25.1314147364348,57.0329359199));
#6371=CARTESIAN_POINT('Ctrl Pts',(1.94349648326985,25.0552461472319,57.3853368013036));
#6372=CARTESIAN_POINT('Ctrl Pts',(2.00531726134403,25.0335102239216,57.4935880973925));
#6373=CARTESIAN_POINT('Ctrl Pts',(2.11679986655119,24.9985295495177,57.6832392001321));
#6374=CARTESIAN_POINT('Ctrl Pts',(2.16573649250933,24.9845208664586,57.7647119523637));
#6375=CARTESIAN_POINT('Ctrl Pts',(2.26845588108208,24.9578986659887,57.9320875666551));
#6376=CARTESIAN_POINT('Ctrl Pts',(2.32227780371804,24.9454441677494,58.0178333263466));
#6377=CARTESIAN_POINT('Ctrl Pts',(2.46220934969718,24.916840649016,58.2358143662922));
#6378=CARTESIAN_POINT('Ctrl Pts',(2.54945485401488,24.9025138214773,58.3671339902976));
#6379=CARTESIAN_POINT('Ctrl Pts',(2.91499231728152,24.8561763831212,58.8988697793713));
#6380=CARTESIAN_POINT('Ctrl Pts',(3.2079913829333,24.8503129725794,59.2836367627258));
#6381=CARTESIAN_POINT('Ctrl Pts',(4.02607199939001,24.8887131417207,60.2560651484453));
#6382=CARTESIAN_POINT('Ctrl Pts',(4.57472354774556,24.9649556881235,60.812867720585));
#6383=CARTESIAN_POINT('Ctrl Pts',(6.33452260291414,25.18717767476,62.3419544507262));
#6384=CARTESIAN_POINT('Ctrl Pts',(7.64404663771758,25.3155310233897,63.1603572882751));
#6385=CARTESIAN_POINT('Ctrl Pts',(9.97374718599947,24.9114506909068,64.1696359472263));
#6386=CARTESIAN_POINT('Ctrl Pts',(10.8226941168016,24.6017803242368,64.426636951412));
#6387=CARTESIAN_POINT('Ctrl Pts',(12.2596783466529,23.7633656183959,64.7649432980203));
#6388=CARTESIAN_POINT('Ctrl Pts',(12.8825877916713,23.2362351636064,64.8586808644577));
#6389=CARTESIAN_POINT('Ctrl Pts',(13.8876016974055,21.9749626014969,64.9669556757645));
#6390=CARTESIAN_POINT('Ctrl Pts',(14.2605181083197,21.2670099948945,64.9834928977629));
#6391=CARTESIAN_POINT('Ctrl Pts',(14.6073234391667,20.1069478957706,64.9953331238935));
#6392=CARTESIAN_POINT('Ctrl Pts',(14.6856327012857,19.697300021667,64.9967485844339));
#6393=CARTESIAN_POINT('Ctrl Pts',(14.7368189460866,19.1077310852345,64.9976987263306));
#6394=CARTESIAN_POINT('Ctrl Pts',(14.7444323303044,18.9320823797852,64.9978226808496));
#6395=CARTESIAN_POINT('Ctrl Pts',(14.7444323303044,18.7564653190031,64.9978226808496));
#6396=CARTESIAN_POINT('Ctrl Pts',(1.55756688127062,21.2523471461182,43.344100973686));
#6397=CARTESIAN_POINT('Ctrl Pts',(1.55756688127062,22.0019265759208,43.344100973686));
#6398=CARTESIAN_POINT('Ctrl Pts',(1.49436429195291,22.7458556593913,43.4675874037722));
#6399=CARTESIAN_POINT('Ctrl Pts',(1.26362157951024,24.1524600952026,43.9676728029589));
#6400=CARTESIAN_POINT('Ctrl Pts',(1.09713582872035,24.800256572914,44.3441146777508));
#6401=CARTESIAN_POINT('Ctrl Pts',(0.74171538961263,25.872433631314,45.3142117928071));
#6402=CARTESIAN_POINT('Ctrl Pts',(0.560371392440149,26.2895804062999,45.8840537987777));
#6403=CARTESIAN_POINT('Ctrl Pts',(0.245901356488324,26.8963724223297,47.2074687879607));
#6404=CARTESIAN_POINT('Ctrl Pts',(0.123346922954253,27.0621981172024,47.9348905553871));
#6405=CARTESIAN_POINT('Ctrl Pts',(0.0211830099666175,27.1386406025547,49.1031434160973));
#6406=CARTESIAN_POINT('Ctrl Pts',(-2.52810600240898E-12,27.132442781716,
49.5375091357035));
#6407=CARTESIAN_POINT('Ctrl Pts',(2.81892564846231E-16,27.0898096028434,
50.000000000082));
#6408=CARTESIAN_POINT('Ctrl Pts',(5.09183008119347,42.1327374231183,66.1709778914408));
#6409=CARTESIAN_POINT('Ctrl Pts',(4.78427394632652,42.4893015620376,63.6394537582782));
#6410=CARTESIAN_POINT('Ctrl Pts',(2.97791927350313,43.3212845528494,57.8634757157791));
#6411=CARTESIAN_POINT('Ctrl Pts',(-1.10380280725791,44.1532675436613,53.2952658901773));
#6412=CARTESIAN_POINT('Ctrl Pts',(-3.91451190410184,44.6286863955537,51.3818479837326));
#6413=CARTESIAN_POINT('Ctrl Pts',(6.1244778271275,42.883460220558,66.0455209995794));
#6414=CARTESIAN_POINT('Ctrl Pts',(5.80168819628357,43.2400243594773,63.3886084955595));
#6415=CARTESIAN_POINT('Ctrl Pts',(3.90553232770289,44.0720073502892,57.3257504853772));
#6416=CARTESIAN_POINT('Ctrl Pts',(-0.379201675999605,44.903990341101,52.5301402764937));
#6417=CARTESIAN_POINT('Ctrl Pts',(-3.32912739337288,45.3794091929934,50.5219492841774));
#6418=CARTESIAN_POINT('Ctrl Pts',(8.66918048966547,43.7075878098994,65.7363637985781));
#6419=CARTESIAN_POINT('Ctrl Pts',(8.30868863657169,44.0641519488188,62.7691206762447));
#6420=CARTESIAN_POINT('Ctrl Pts',(6.19163109952916,44.8961349396306,55.9994798404432));
#6421=CARTESIAN_POINT('Ctrl Pts',(1.40788728099138,45.7281179304424,50.6456936827296));
#6422=CARTESIAN_POINT('Ctrl Pts',(-1.88659335509528,46.2035367823349,48.4029435352307));
#6423=CARTESIAN_POINT('Ctrl Pts',(12.4858511517541,42.455276865589,65.2726745682386));
#6424=CARTESIAN_POINT('Ctrl Pts',(12.0689440291998,42.8118410045084,61.8410719357951));
#6425=CARTESIAN_POINT('Ctrl Pts',(9.62024987408625,43.6438239953202,54.0112324172415));
#6426=CARTESIAN_POINT('Ctrl Pts',(4.0870416691746,44.475806986132,47.8184840516768));
#6427=CARTESIAN_POINT('Ctrl Pts',(0.276990400292142,44.9512258380245,45.2247541169291));
#6428=CARTESIAN_POINT('Ctrl Pts',(14.8418380494888,39.180038397095,64.9864445400226));
#6429=CARTESIAN_POINT('Ctrl Pts',(14.3900799058815,39.5366025360143,61.267979800604));
#6430=CARTESIAN_POINT('Ctrl Pts',(11.7367338727771,40.3685855268261,52.7837180597329));
#6431=CARTESIAN_POINT('Ctrl Pts',(5.74109525565565,41.2005685176379,46.0734450832172));
#6432=CARTESIAN_POINT('Ctrl Pts',(1.6125457654635,41.6759873695304,43.2628943467334));
#6433=CARTESIAN_POINT('Ctrl Pts',(14.8406149922988,35.1382393955741,64.9865931298533));
#6434=CARTESIAN_POINT('Ctrl Pts',(14.388854892137,35.4948035344934,61.2681122858467));
#6435=CARTESIAN_POINT('Ctrl Pts',(11.7356631661074,36.3267865253052,52.7842100993318));
#6436=CARTESIAN_POINT('Ctrl Pts',(5.74041981301942,37.158769516117,46.0744757106761));
#6437=CARTESIAN_POINT('Ctrl Pts',(1.61185244217141,37.6341883680095,43.2639128017596));
#6438=CARTESIAN_POINT('Ctrl Pts',(12.4867799546561,31.8614587556313,65.2725617275088));
#6439=CARTESIAN_POINT('Ctrl Pts',(12.0698804830216,32.2180228945506,61.8410220705222));
#6440=CARTESIAN_POINT('Ctrl Pts',(9.62105436463504,33.0500058853625,54.0109034059031));
#6441=CARTESIAN_POINT('Ctrl Pts',(4.08749826580493,33.8819888761743,47.81766302674));
#6442=CARTESIAN_POINT('Ctrl Pts',(0.277516917523725,34.3574077280667,45.2239806911304));
#6443=CARTESIAN_POINT('Ctrl Pts',(8.6694580263789,30.6093870918579,65.7363300805038));
#6444=CARTESIAN_POINT('Ctrl Pts',(8.30896268389628,30.9659512307773,62.7690582366752));
#6445=CARTESIAN_POINT('Ctrl Pts',(6.19187956167696,31.7979342215891,55.999339700294));
#6446=CARTESIAN_POINT('Ctrl Pts',(1.40807649923713,32.6299172124009,50.645484283185));
#6447=CARTESIAN_POINT('Ctrl Pts',(-1.8864360258474,33.1053360642933,48.4027124269366));
#6448=CARTESIAN_POINT('Ctrl Pts',(6.12440713683386,31.4340823941057,66.0455295877786));
#6449=CARTESIAN_POINT('Ctrl Pts',(5.8016210812547,31.790646533025,63.3886465121069));
#6450=CARTESIAN_POINT('Ctrl Pts',(3.90546528850001,32.6226295238368,57.3258056360919));
#6451=CARTESIAN_POINT('Ctrl Pts',(-0.379274422523744,33.4546125146486,52.5301768981711));
#6452=CARTESIAN_POINT('Ctrl Pts',(-3.32916746609189,33.9300313665411,50.5220081488694));
#6453=CARTESIAN_POINT('Ctrl Pts',(5.09176866114545,32.1848181311635,66.1709853533931));
#6454=CARTESIAN_POINT('Ctrl Pts',(4.78421343472031,32.5413822700829,63.6394686977025));
#6455=CARTESIAN_POINT('Ctrl Pts',(2.97786409740453,33.3733652608947,57.8635077159586));
#6456=CARTESIAN_POINT('Ctrl Pts',(-1.10384592699816,34.2053482517065,53.2953113836749));
#6457=CARTESIAN_POINT('Ctrl Pts',(-3.91454672172954,34.680767103599,51.3818991289751));
#6458=CARTESIAN_POINT('',(13.6835001760101,37.6554191506201,59.912962635531));
#6459=CARTESIAN_POINT('',(5.58842804694173,39.1580599811679,46.6203086868167));
#6460=CARTESIAN_POINT('Ctrl Pts',(13.6835001760101,37.6554191506201,59.912962635531));
#6461=CARTESIAN_POINT('Ctrl Pts',(13.6835001760101,37.7948972021778,59.912962635531));
#6462=CARTESIAN_POINT('Ctrl Pts',(13.6783285859959,37.9343606334646,59.9122798810133));
#6463=CARTESIAN_POINT('Ctrl Pts',(13.6127522693777,38.8209785352531,59.9034668515994));
#6464=CARTESIAN_POINT('Ctrl Pts',(13.4104201960835,39.5458852585998,59.8784616584942));
#6465=CARTESIAN_POINT('Ctrl Pts',(12.7389120368261,40.9102238967514,59.7473555676631));
#6466=CARTESIAN_POINT('Ctrl Pts',(12.268273371925,41.5193895334452,59.6374572800393));
#6467=CARTESIAN_POINT('Ctrl Pts',(11.1021975727454,42.5999185630572,59.2319190980753));
#6468=CARTESIAN_POINT('Ctrl Pts',(10.4044430598661,43.0345246229782,58.9231284740024));
#6469=CARTESIAN_POINT('Ctrl Pts',(8.80220133065796,43.7745607648616,57.9152992542633));
#6470=CARTESIAN_POINT('Ctrl Pts',(7.93673376374718,44.0194841724156,57.1782355007343));
#6471=CARTESIAN_POINT('Ctrl Pts',(7.04005726455073,44.2430284568035,56.057982708203));
#6472=CARTESIAN_POINT('Ctrl Pts',(6.8945995106961,44.2777676943351,55.8618747751661));
#6473=CARTESIAN_POINT('Ctrl Pts',(6.69521591016544,44.3237853029527,55.5715761346433));
#6474=CARTESIAN_POINT('Ctrl Pts',(6.63518864415867,44.3373982590691,55.4810242836842));
#6475=CARTESIAN_POINT('Ctrl Pts',(6.53540055202224,44.3596343918066,55.3250806087292));
#6476=CARTESIAN_POINT('Ctrl Pts',(6.49483891663054,44.3685524466469,55.2600433300748));
#6477=CARTESIAN_POINT('Ctrl Pts',(6.41427849912727,44.3860186302885,55.1275328396341));
#6478=CARTESIAN_POINT('Ctrl Pts',(6.37433130582476,44.3945473529225,55.0600330635207));
#6479=CARTESIAN_POINT('Ctrl Pts',(6.27840251507687,44.4146888159645,54.8935418092445));
#6480=CARTESIAN_POINT('Ctrl Pts',(6.22338400266628,44.4259397256409,54.7941422081051));
#6481=CARTESIAN_POINT('Ctrl Pts',(6.03426362636773,44.4634024962377,54.4384174236566));
#6482=CARTESIAN_POINT('Ctrl Pts',(5.90976385986282,44.4858053883606,54.1773577723151));
#6483=CARTESIAN_POINT('Ctrl Pts',(5.63950615414767,44.525735258831,53.5417037145286));
#6484=CARTESIAN_POINT('Ctrl Pts',(5.50469874095329,44.5378613892393,53.1620799262618));
#6485=CARTESIAN_POINT('Ctrl Pts',(5.18222706363491,44.5237541762881,52.047154779964));
#6486=CARTESIAN_POINT('Ctrl Pts',(5.05857932354186,44.4538200984252,51.3020366532289));
#6487=CARTESIAN_POINT('Ctrl Pts',(4.97977094992555,44.1010669342692,49.9389563403722));
#6488=CARTESIAN_POINT('Ctrl Pts',(5.00706714122733,43.8499317513318,49.3411015929779));
#6489=CARTESIAN_POINT('Ctrl Pts',(5.11773992211159,43.2297056630279,48.4225207613345));
#6490=CARTESIAN_POINT('Ctrl Pts',(5.18047317490056,42.9249469440915,48.0856575833086));
#6491=CARTESIAN_POINT('Ctrl Pts',(5.30770633242939,42.245743896658,47.522407431781));
#6492=CARTESIAN_POINT('Ctrl Pts',(5.37089628615869,41.8805844990157,47.2952790744559));
#6493=CARTESIAN_POINT('Ctrl Pts',(5.42497387240578,41.489093302497,47.115754057663));
#6494=CARTESIAN_POINT('Ctrl Pts',(5.50806623831133,40.8875514806912,46.8399067164669));
#6495=CARTESIAN_POINT('Ctrl Pts',(5.56627501710897,40.2381020731206,46.6822707648182));
#6496=CARTESIAN_POINT('Ctrl Pts',(5.58664933768339,39.4382235225433,46.6252493640625));
#6497=CARTESIAN_POINT('Ctrl Pts',(5.58842804694171,39.2980218684411,46.6203086868167));
#6498=CARTESIAN_POINT('Ctrl Pts',(5.58842804694171,39.1580599811679,46.6203086868167));
#6499=CARTESIAN_POINT('Ctrl Pts',(5.5884280469417,39.1580599811679,46.6203086868167));
#6500=CARTESIAN_POINT('Ctrl Pts',(5.5884280469417,38.5700368923042,46.6203086868167));
#6501=CARTESIAN_POINT('Ctrl Pts',(5.55599591838688,37.9862450915884,46.7071880228886));
#6502=CARTESIAN_POINT('Ctrl Pts',(5.42652709648174,36.6915186693086,47.1009703703262));
#6503=CARTESIAN_POINT('Ctrl Pts',(5.31414299047556,36.0187553377716,47.4640345133484));
#6504=CARTESIAN_POINT('Ctrl Pts',(5.10569872541129,34.8210555905966,48.4594551123529));
#6505=CARTESIAN_POINT('Ctrl Pts',(5.01274881357896,34.3142831113782,49.0950008646585));
#6506=CARTESIAN_POINT('Ctrl Pts',(4.98771361233192,33.4287140071328,50.7210069892781));
#6507=CARTESIAN_POINT('Ctrl Pts',(5.08915307716373,33.117566069721,51.6871874470607));
#6508=CARTESIAN_POINT('Ctrl Pts',(5.53387689261881,32.7447593915098,53.2831267296053));
#6509=CARTESIAN_POINT('Ctrl Pts',(5.75831153576769,32.637528005317,53.8708584350733));
#6510=CARTESIAN_POINT('Ctrl Pts',(6.10862672566408,32.5256043289739,54.5793417821426));
#6511=CARTESIAN_POINT('Ctrl Pts',(6.1846621379772,32.5038278779403,54.724012370855));
#6512=CARTESIAN_POINT('Ctrl Pts',(6.30763045240593,32.4721242550995,54.9447760368082));
#6513=CARTESIAN_POINT('Ctrl Pts',(6.35229158667731,32.4612759348677,55.0224590669792));
#6514=CARTESIAN_POINT('Ctrl Pts',(6.43609301487729,32.4420874472193,55.1638303822849));
#6515=CARTESIAN_POINT('Ctrl Pts',(6.47496802595813,32.4336276626749,55.2277504816428));
#6516=CARTESIAN_POINT('Ctrl Pts',(6.56099461064478,32.4158382955668,55.3657202862156));
#6517=CARTESIAN_POINT('Ctrl Pts',(6.60840344095556,32.4066239556488,55.4395528135064));
#6518=CARTESIAN_POINT('Ctrl Pts',(6.74234901807154,32.3821926753006,55.6422892452021));
#6519=CARTESIAN_POINT('Ctrl Pts',(6.83084485705674,32.3678494113702,55.7696384171042));
#6520=CARTESIAN_POINT('Ctrl Pts',(7.23180328073547,32.3108942975377,56.3191524555002));
#6521=CARTESIAN_POINT('Ctrl Pts',(7.57510441851631,32.282162348906,56.7188362143726));
#6522=CARTESIAN_POINT('Ctrl Pts',(8.48322465743005,32.2758742069215,57.6229483592968));
#6523=CARTESIAN_POINT('Ctrl Pts',(9.07798576625236,32.3272269536926,58.0909809791225));
#6524=CARTESIAN_POINT('Ctrl Pts',(10.2560674508598,32.6346864428452,58.8277308638471));
#6525=CARTESIAN_POINT('Ctrl Pts',(10.8150179154302,32.8660897854845,59.099867792543));
#6526=CARTESIAN_POINT('Ctrl Pts',(11.818277468932,33.5273218840184,59.494078606402));
#6527=CARTESIAN_POINT('Ctrl Pts',(12.2441571882076,33.9204035333537,59.6197300672741));
#6528=CARTESIAN_POINT('Ctrl Pts',(12.9746288258582,34.8786113953034,59.8003734620109));
#6529=CARTESIAN_POINT('Ctrl Pts',(13.2578838150515,35.4352119832648,59.8488139492765));
#6530=CARTESIAN_POINT('Ctrl Pts',(13.6031861851588,36.556375301203,59.9033380681092));
#6531=CARTESIAN_POINT('Ctrl Pts',(13.6835001760101,37.1060109834454,59.912962635531));
#6532=CARTESIAN_POINT('Ctrl Pts',(13.6835001760101,37.6554191506201,59.912962635531));
#6533=CARTESIAN_POINT('',(1.55756688127067,39.6546804794515,43.344100973686));
#6534=CARTESIAN_POINT('Ctrl Pts',(5.58448253596084,39.1584494667566,46.6242060418858));
#6535=CARTESIAN_POINT('Ctrl Pts',(4.33773131166626,39.3239896328512,45.4199684083536));
#6536=CARTESIAN_POINT('Ctrl Pts',(2.98971211488911,39.4895297989457,44.3207491697389));
#6537=CARTESIAN_POINT('Ctrl Pts',(1.55678364227367,39.6550699650403,43.345251491976));
#6538=CARTESIAN_POINT('',(7.43762690325056E-16,33.2265077239216,50.0000000000021));
#6539=CARTESIAN_POINT('Ctrl Pts',(-6.80878964320897E-16,33.2265077239216,
50.0000000000042));
#6540=CARTESIAN_POINT('Ctrl Pts',(-1.13607818214319E-13,33.2513522013002,
49.5999648998737));
#6541=CARTESIAN_POINT('Ctrl Pts',(0.0159950404329754,33.2960098845835,49.2025912881667));
#6542=CARTESIAN_POINT('Ctrl Pts',(0.126865828552219,33.5446388253802,47.8111874905596));
#6543=CARTESIAN_POINT('Ctrl Pts',(0.293102614408974,33.8681128982713,46.9566132487355));
#6544=CARTESIAN_POINT('Ctrl Pts',(0.656812203101344,34.7311524594755,45.5537796071597));
#6545=CARTESIAN_POINT('Ctrl Pts',(0.859070669131794,35.2694305431889,44.9718606389796));
#6546=CARTESIAN_POINT('Ctrl Pts',(1.21858822884404,36.5485008154761,44.0580405901679));
#6547=CARTESIAN_POINT('Ctrl Pts',(1.37011570265062,37.2642804238097,43.7333394229581));
#6548=CARTESIAN_POINT('Ctrl Pts',(1.52415860935621,38.5599890113352,43.410381409363));
#6549=CARTESIAN_POINT('Ctrl Pts',(1.55756688127063,39.1064191199437,43.344100973686));
#6550=CARTESIAN_POINT('Ctrl Pts',(1.55756688127063,39.6546804794515,43.344100973686));
#6551=CARTESIAN_POINT('',(14.7444323303044,37.1587986523364,64.9978226808496));
#6552=CARTESIAN_POINT('Ctrl Pts',(14.7444323303044,37.1587986523364,64.9978226808496));
#6553=CARTESIAN_POINT('Ctrl Pts',(14.7444323303044,36.9429096565481,64.9978226808496));
#6554=CARTESIAN_POINT('Ctrl Pts',(14.7329286024282,36.7267901689023,64.9976400924925));
#6555=CARTESIAN_POINT('Ctrl Pts',(14.6258407849374,35.7297475436565,64.9955678548021));
#6556=CARTESIAN_POINT('Ctrl Pts',(14.3901542212145,34.9713464156938,64.9923597848381));
#6557=CARTESIAN_POINT('Ctrl Pts',(13.6547033986708,33.6285763853028,64.9438685293319));
#6558=CARTESIAN_POINT('Ctrl Pts',(13.1759359847126,33.051257390698,64.900048551143));
#6559=CARTESIAN_POINT('Ctrl Pts',(12.0362614244276,32.1225311246669,64.715437834252));
#6560=CARTESIAN_POINT('Ctrl Pts',(11.4007236687026,31.7847374803019,64.5788284052968));
#6561=CARTESIAN_POINT('Ctrl Pts',(9.99291446916352,31.3359002674068,64.1602387906989));
#6562=CARTESIAN_POINT('Ctrl Pts',(9.25264714869899,31.2573672593706,63.8784271318197));
#6563=CARTESIAN_POINT('Ctrl Pts',(7.56218133926669,31.3345176193243,63.0701219888493));
#6564=CARTESIAN_POINT('Ctrl Pts',(6.6232941026777,31.5799375144577,62.4972531185909));
#6565=CARTESIAN_POINT('Ctrl Pts',(4.66099710114805,32.3389565382191,60.9495558169199));
#6566=CARTESIAN_POINT('Ctrl Pts',(3.72005754363919,32.856220595225,59.9820402915641));
#6567=CARTESIAN_POINT('Ctrl Pts',(2.76620272877046,33.24256599137,58.6828797539604));
#6568=CARTESIAN_POINT('Ctrl Pts',(2.62761939366963,33.2946155811561,58.484324898724));
#6569=CARTESIAN_POINT('Ctrl Pts',(2.42614095801732,33.3624330728493,58.1800173062355));
#6570=CARTESIAN_POINT('Ctrl Pts',(2.3604932975869,33.3832090898377,58.0782202021956));
#6571=CARTESIAN_POINT('Ctrl Pts',(2.24585357240437,33.4169679357974,57.8956063496925));
#6572=CARTESIAN_POINT('Ctrl Pts',(2.19651306789931,33.4306326167938,57.8153464444118));
#6573=CARTESIAN_POINT('Ctrl Pts',(2.09436606961108,33.4570390786637,57.6456105040459));
#6574=CARTESIAN_POINT('Ctrl Pts',(2.04177045831717,33.4695396053506,57.5561306348723));
#6575=CARTESIAN_POINT('Ctrl Pts',(1.90584668949151,33.4989047604423,57.3192710586131));
#6576=CARTESIAN_POINT('Ctrl Pts',(1.82414142568867,33.5135484842346,57.171161670404));
#6577=CARTESIAN_POINT('Ctrl Pts',(1.50161848304485,33.559203154605,56.56226895899));
#6578=CARTESIAN_POINT('Ctrl Pts',(1.28430974423055,33.5607429860704,56.0950131598277));
#6579=CARTESIAN_POINT('Ctrl Pts',(0.759936976737185,33.5057249604085,54.7957051661699));
#6580=CARTESIAN_POINT('Ctrl Pts',(0.503534287876582,33.4090901316202,53.9526755960908));
#6581=CARTESIAN_POINT('Ctrl Pts',(0.103000037039629,33.2310796263493,52.0522166532652));
#6582=CARTESIAN_POINT('Ctrl Pts',(2.94141171935117E-13,33.1633204704663,
51.0174140062563));
#6583=CARTESIAN_POINT('Ctrl Pts',(6.66133814775094E-15,33.2265077239216,
50.0000000000042));
#6584=CARTESIAN_POINT('',(-1.55431223447522E-14,45.4921429361782,50.0000000000334));
#6585=CARTESIAN_POINT('Ctrl Pts',(-1.75207071073658E-15,45.4921429361782,
50.0000000000668));
#6586=CARTESIAN_POINT('Ctrl Pts',(2.51105804759843E-12,45.4401671251951,
50.5638410831025));
#6587=CARTESIAN_POINT('Ctrl Pts',(0.0311976467426377,45.3339717538626,51.1640649194054));
#6588=CARTESIAN_POINT('Ctrl Pts',(0.311048551589291,44.758744606278,53.4695739073361));
#6589=CARTESIAN_POINT('Ctrl Pts',(0.780841714488907,44.0704672774409,55.061397785562));
#6590=CARTESIAN_POINT('Ctrl Pts',(1.63122018218042,43.5899923133933,56.8079260000223));
#6591=CARTESIAN_POINT('Ctrl Pts',(1.75568722864919,43.530491846559,57.0471429775146));
#6592=CARTESIAN_POINT('Ctrl Pts',(1.94768957824248,43.4560715523223,57.3927246079));
#6593=CARTESIAN_POINT('Ctrl Pts',(2.00897899834006,43.4346206252864,57.499915017048));
#6594=CARTESIAN_POINT('Ctrl Pts',(2.11983939857411,43.3999690009558,57.688330925829));
#6595=CARTESIAN_POINT('Ctrl Pts',(2.16870750266737,43.3860341936415,57.7696184798066));
#6596=CARTESIAN_POINT('Ctrl Pts',(2.27164011202526,43.3594632770658,57.9372020950254));
#6597=CARTESIAN_POINT('Ctrl Pts',(2.32575591260022,43.3470015225639,58.02333671457));
#6598=CARTESIAN_POINT('Ctrl Pts',(2.46723541607268,43.3182544184474,58.2435023643699));
#6599=CARTESIAN_POINT('Ctrl Pts',(2.55578740314804,43.3038624175788,58.3765920432308));
#6600=CARTESIAN_POINT('Ctrl Pts',(2.9334134364619,43.2567815245596,58.9248449816494));
#6601=CARTESIAN_POINT('Ctrl Pts',(3.23837639635208,43.2523596361257,59.323071513409));
#6602=CARTESIAN_POINT('Ctrl Pts',(4.09837563125148,43.297556796948,60.3359786988637));
#6603=CARTESIAN_POINT('Ctrl Pts',(4.68018145210052,43.3819780543604,60.9165267014578));
#6604=CARTESIAN_POINT('Ctrl Pts',(6.46521940803354,43.6029977584386,62.42868200234));
#6605=CARTESIAN_POINT('Ctrl Pts',(7.74478395639187,43.7097748575468,63.2105775135047));
#6606=CARTESIAN_POINT('Ctrl Pts',(10.0263615851259,43.2978396895159,64.1876485367363));
#6607=CARTESIAN_POINT('Ctrl Pts',(10.8704600161564,42.9831983796561,64.4400997863911));
#6608=CARTESIAN_POINT('Ctrl Pts',(12.2988657629402,42.1358705219978,64.7719479992386));
#6609=CARTESIAN_POINT('Ctrl Pts',(12.9170807932965,41.6047376820486,64.8633641923336));
#6610=CARTESIAN_POINT('Ctrl Pts',(13.9119647747633,40.3370076155111,64.9685867239673));
#6611=CARTESIAN_POINT('Ctrl Pts',(14.2795664175701,39.6262186870285,64.9843338424648));
#6612=CARTESIAN_POINT('Ctrl Pts',(14.6626234983561,38.3082641931845,64.9970725085347));
#6613=CARTESIAN_POINT('Ctrl Pts',(14.7444323303044,37.7343503657627,64.9978226808496));
#6614=CARTESIAN_POINT('Ctrl Pts',(14.7444323303044,37.1587986523364,64.9978226808496));
#6615=CARTESIAN_POINT('Ctrl Pts',(1.55756688127063,39.6546804794515,43.344100973686));
#6616=CARTESIAN_POINT('Ctrl Pts',(1.55756688127063,39.7825413617779,43.344100973686));
#6617=CARTESIAN_POINT('Ctrl Pts',(1.55577454528028,39.910501851091,43.3477171168771));
#6618=CARTESIAN_POINT('Ctrl Pts',(1.5332791172814,40.7119205145714,43.3932420930571));
#6619=CARTESIAN_POINT('Ctrl Pts',(1.46373989925468,41.3740540671612,43.5317116210098));
#6620=CARTESIAN_POINT('Ctrl Pts',(1.3545825077247,41.9949595667989,43.770828188153));
#6621=CARTESIAN_POINT('Ctrl Pts',(1.23185616758068,42.6930475155652,44.0396684447951));
#6622=CARTESIAN_POINT('Ctrl Pts',(1.06151609054459,43.3266190863553,44.4312782962807));
#6623=CARTESIAN_POINT('Ctrl Pts',(0.70403803713649,44.3688538934372,45.4288741640584));
#6624=CARTESIAN_POINT('Ctrl Pts',(0.524725078158181,44.7687872960173,46.0098550762305));
#6625=CARTESIAN_POINT('Ctrl Pts',(0.217704881020836,45.3426882129927,47.3572203346012));
#6626=CARTESIAN_POINT('Ctrl Pts',(0.101466843532959,45.490673979996,48.0961384476373));
#6627=CARTESIAN_POINT('Ctrl Pts',(0.0156052488520835,45.5387180522454,49.2252958195415));
#6628=CARTESIAN_POINT('Ctrl Pts',(-1.76621481537897E-12,45.5286795843062,
49.6036451792111));
#6629=CARTESIAN_POINT('Ctrl Pts',(2.16840434497101E-17,45.4921429361781,
50.0000000000668));
#6630=CARTESIAN_POINT('Origin',(15.,73.0423498092082,50.));
#6631=CARTESIAN_POINT('',(0.,138.042349809208,50.));
#6632=CARTESIAN_POINT('Origin',(15.,138.042349809208,50.));
#6633=CARTESIAN_POINT('',(0.,73.0423498092082,50.));
#6634=CARTESIAN_POINT('',(0.,73.0423498092082,50.));
#6635=CARTESIAN_POINT('',(15.,18.0423498092082,65.));
#6636=CARTESIAN_POINT('Origin',(15.,18.0423498092082,50.));
#6637=CARTESIAN_POINT('Origin',(15.,18.0423498092082,50.));
#6638=CARTESIAN_POINT('Origin',(15.,53.0423498092082,50.));
#6639=CARTESIAN_POINT('',(15.,138.042349809208,40.));
#6640=CARTESIAN_POINT('Origin',(15.,138.042349809208,50.));
#6641=CARTESIAN_POINT('',(15.,9.38209577136383,40.));
#6642=CARTESIAN_POINT('',(15.,53.0423498092082,40.));
#6643=CARTESIAN_POINT('',(15.,9.38209577136384,60.));
#6644=CARTESIAN_POINT('Origin',(15.,9.38209577136383,50.));
#6645=CARTESIAN_POINT('Origin',(15.,9.38209577136383,50.));
#6646=CARTESIAN_POINT('Ctrl Pts',(15.,18.0423498092082,65.));
#6647=CARTESIAN_POINT('Ctrl Pts',(4.44089209850063E-15,18.0423498092082,
65.));
#6648=CARTESIAN_POINT('Ctrl Pts',(0.,18.0423498092082,50.));
#6649=CARTESIAN_POINT('Ctrl Pts',(4.44089209850063E-15,18.0423498092082,
35.));
#6650=CARTESIAN_POINT('Ctrl Pts',(15.,18.0423498092082,35.));
#6651=CARTESIAN_POINT('Ctrl Pts',(30.,18.0423498092082,35.));
#6652=CARTESIAN_POINT('Ctrl Pts',(30.,18.0423498092082,50.));
#6653=CARTESIAN_POINT('Ctrl Pts',(30.,18.0423498092082,65.));
#6654=CARTESIAN_POINT('Ctrl Pts',(15.,18.0423498092082,65.));
#6655=CARTESIAN_POINT('Ctrl Pts',(15.,12.268847117312,65.));
#6656=CARTESIAN_POINT('Ctrl Pts',(4.44089209850063E-15,12.268847117312,
65.));
#6657=CARTESIAN_POINT('Ctrl Pts',(0.,12.268847117312,50.));
#6658=CARTESIAN_POINT('Ctrl Pts',(4.44089209850063E-15,12.268847117312,
35.));
#6659=CARTESIAN_POINT('Ctrl Pts',(15.,12.268847117312,35.));
#6660=CARTESIAN_POINT('Ctrl Pts',(30.,12.268847117312,35.));
#6661=CARTESIAN_POINT('Ctrl Pts',(30.,12.268847117312,50.));
#6662=CARTESIAN_POINT('Ctrl Pts',(30.,12.268847117312,65.));
#6663=CARTESIAN_POINT('Ctrl Pts',(15.,12.268847117312,65.));
#6664=CARTESIAN_POINT('Ctrl Pts',(15.,9.38209577136383,60.));
#6665=CARTESIAN_POINT('Ctrl Pts',(5.00000000000001,9.38209577136383,60.));
#6666=CARTESIAN_POINT('Ctrl Pts',(5.00000000000001,9.38209577136383,50.));
#6667=CARTESIAN_POINT('Ctrl Pts',(5.00000000000001,9.38209577136383,40.));
#6668=CARTESIAN_POINT('Ctrl Pts',(15.,9.38209577136383,40.));
#6669=CARTESIAN_POINT('Ctrl Pts',(25.,9.38209577136383,40.));
#6670=CARTESIAN_POINT('Ctrl Pts',(25.,9.38209577136383,50.));
#6671=CARTESIAN_POINT('Ctrl Pts',(25.,9.38209577136383,60.));
#6672=CARTESIAN_POINT('Ctrl Pts',(15.,9.38209577136383,60.));
#6673=CARTESIAN_POINT('Origin',(15.,18.0423498092082,55.));
#6674=CARTESIAN_POINT('Origin',(15.,138.042349809208,50.));
#6675=UNCERTAINTY_MEASURE_WITH_UNIT(LENGTH_MEASURE(0.01),#6679,
'DISTANCE_ACCURACY_VALUE',
'Maximum model space distance between geometric entities at asserted c
onnectivities');
#6676=UNCERTAINTY_MEASURE_WITH_UNIT(LENGTH_MEASURE(0.01),#6679,
'DISTANCE_ACCURACY_VALUE',
'Maximum model space distance between geometric entities at asserted c
onnectivities');
#6677=(
GEOMETRIC_REPRESENTATION_CONTEXT(3)
GLOBAL_UNCERTAINTY_ASSIGNED_CONTEXT((#6675))
GLOBAL_UNIT_ASSIGNED_CONTEXT((#6679,#6681,#6682))
REPRESENTATION_CONTEXT('','3D')
);
#6678=(
GEOMETRIC_REPRESENTATION_CONTEXT(3)
GLOBAL_UNCERTAINTY_ASSIGNED_CONTEXT((#6676))
GLOBAL_UNIT_ASSIGNED_CONTEXT((#6679,#6681,#6682))
REPRESENTATION_CONTEXT('','3D')
);
#6679=(
LENGTH_UNIT()
NAMED_UNIT(*)
SI_UNIT(.MILLI.,.METRE.)
);
#6680=(
LENGTH_UNIT()
NAMED_UNIT(*)
SI_UNIT($,.METRE.)
);
#6681=(
NAMED_UNIT(*)
PLANE_ANGLE_UNIT()
SI_UNIT($,.RADIAN.)
);
#6682=(
NAMED_UNIT(*)
SI_UNIT($,.STERADIAN.)
SOLID_ANGLE_UNIT()
);
#6683=SHAPE_DEFINITION_REPRESENTATION(#6684,#6685);
#6684=PRODUCT_DEFINITION_SHAPE('',$,#6687);
#6685=SHAPE_REPRESENTATION('',(#2053),#6677);
#6686=PRODUCT_DEFINITION_CONTEXT('part definition',#6691,'design');
#6687=PRODUCT_DEFINITION('(Unsaved)','(Unsaved)',#6688,#6686);
#6688=PRODUCT_DEFINITION_FORMATION('',$,#6693);
#6689=PRODUCT_RELATED_PRODUCT_CATEGORY('(Unsaved)','(Unsaved)',(#6693));
#6690=APPLICATION_PROTOCOL_DEFINITION('international standard',
'automotive_design',2009,#6691);
#6691=APPLICATION_CONTEXT(
'Core Data for Automotive Mechanical Design Process');
#6692=PRODUCT_CONTEXT('part definition',#6691,'mechanical');
#6693=PRODUCT('(Unsaved)','(Unsaved)',$,(#6692));
#6694=PRESENTATION_STYLE_ASSIGNMENT((#6695));
#6695=SURFACE_STYLE_USAGE(.BOTH.,#6696);
#6696=SURFACE_SIDE_STYLE('',(#6697));
#6697=SURFACE_STYLE_FILL_AREA(#6698);
#6698=FILL_AREA_STYLE('Steel - Satin',(#6699));
#6699=FILL_AREA_STYLE_COLOUR('Steel - Satin',#6700);
#6700=COLOUR_RGB('Steel - Satin',0.627450980392157,0.627450980392157,0.627450980392157);
ENDSEC;
END-ISO-10303-21;
