ISO-10303-21;
HEADER;
/* Generated by software containing ST-Developer
 * from STEP Tools, Inc. (www.steptools.com) 
 */

FILE_DESCRIPTION(
/* description */ (''),
/* implementation_level */ '2;1');

FILE_NAME(
/* name */ 'Combine Hip Prosthesis.step',
/* time_stamp */ '2026-07-02T12:49:52+05:30',
/* author */ (''),
/* organization */ (''),
/* preprocessor_version */ 'ST-DEVELOPER v20.1',
/* originating_system */ 'Autodesk Translation Framework v15.8.0.0',
/* authorisation */ '');

FILE_SCHEMA (('AUTOMOTIVE_DESIGN { 1 0 10303 214 3 1 1 }'));
ENDSEC;

DATA;
#10=MECHANICAL_DESIGN_GEOMETRIC_PRESENTATION_REPRESENTATION('',(#145,#146,
#147),#1967);
#11=ITEM_DEFINED_TRANSFORMATION($,$,#727,#806);
#12=ITEM_DEFINED_TRANSFORMATION($,$,#735,#807);
#13=(
REPRESENTATION_RELATIONSHIP($,$,#1981,#1980)
REPRESENTATION_RELATIONSHIP_WITH_TRANSFORMATION(#11)
SHAPE_REPRESENTATION_RELATIONSHIP()
);
#14=(
REPRESENTATION_RELATIONSHIP($,$,#1982,#1980)
REPRESENTATION_RELATIONSHIP_WITH_TRANSFORMATION(#12)
SHAPE_REPRESENTATION_RELATIONSHIP()
);
#15=CONTEXT_DEPENDENT_SHAPE_REPRESENTATION(#13,#1978);
#16=CONTEXT_DEPENDENT_SHAPE_REPRESENTATION(#14,#1979);
#17=NEXT_ASSEMBLY_USAGE_OCCURRENCE('Hip joint Cup v1:1',
'Hip joint Cup v1:1','Hip joint Cup v1:1',#1984,#1985,
'Hip joint Cup v1:1');
#18=NEXT_ASSEMBLY_USAGE_OCCURRENCE('Hip joint 2 v2:1',
'Hip joint 2 v2:1','Hip joint 2 v2:1',#1984,#1986,'Hip joint 2 v2:1');
#19=(
BOUNDED_SURFACE()
B_SPLINE_SURFACE(2,1,((#1853,#1854),(#1855,#1856),(#1857,#1858)),
 .UNSPECIFIED.,.F.,.F.,.F.)
B_SPLINE_SURFACE_WITH_KNOTS((3,3),(2,2),(0.,35.2734596019445),(0.,4.),
 .UNSPECIFIED.)
GEOMETRIC_REPRESENTATION_ITEM()
RATIONAL_B_SPLINE_SURFACE(((1.,1.),(1.8040029946752,1.8040029946752),(1.,
1.)))
REPRESENTATION_ITEM('')
SURFACE()
);
#20=(
BOUNDED_SURFACE()
B_SPLINE_SURFACE(2,2,((#1871,#1872,#1873),(#1874,#1875,#1876),(#1877,#1878,
#1879)),.UNSPECIFIED.,.F.,.F.,.F.)
B_SPLINE_SURFACE_WITH_KNOTS((3,3),(3,3),(-3.14159265358979,-1.5707963267949),
(-3.14159265358979,-1.80182162437112),.UNSPECIFIED.)
GEOMETRIC_REPRESENTATION_ITEM()
RATIONAL_B_SPLINE_SURFACE(((1.,0.783892754567279,1.),(0.70710678118655,
0.554295882477526,0.70710678118655),(1.,0.783892754567279,1.)))
REPRESENTATION_ITEM('')
SURFACE()
);
#21=(
BOUNDED_SURFACE()
B_SPLINE_SURFACE(2,2,((#1945,#1946,#1947),(#1948,#1949,#1950),(#1951,#1952,
#1953)),.UNSPECIFIED.,.F.,.F.,.F.)
B_SPLINE_SURFACE_WITH_KNOTS((3,3),(3,3),(-3.14159265358979,-1.5707963267949),
(1.80182162437112,3.14159265358982),.UNSPECIFIED.)
GEOMETRIC_REPRESENTATION_ITEM()
RATIONAL_B_SPLINE_SURFACE(((1.,0.78389275456727,1.),(0.707106781186544,
0.554295882477516,0.707106781186544),(1.,0.78389275456727,1.)))
REPRESENTATION_ITEM('')
SURFACE()
);
#22=TOROIDAL_SURFACE('',#747,41.3642357598929,5.);
#23=TOROIDAL_SURFACE('',#760,41.3642357598929,5.);
#24=TOROIDAL_SURFACE('',#792,32.5,5.);
#25=TOROIDAL_SURFACE('',#800,32.5,5.);
#26=B_SPLINE_CURVE_WITH_KNOTS('',3,(#1056,#1057,#1058,#1059,#1060,#1061,
#1062,#1063,#1064,#1065),.UNSPECIFIED.,.F.,.F.,(4,2,2,2,4),(-0.00132037914567133,
0.,0.308805610455415,0.585676260262267,0.787254073627197),.UNSPECIFIED.);
#27=B_SPLINE_CURVE_WITH_KNOTS('',3,(#1066,#1067,#1068,#1069,#1070),
 .UNSPECIFIED.,.F.,.F.,(4,1,4),(-7.53727943768503,-6.83440219993907,-6.3072442716296),
 .UNSPECIFIED.);
#28=B_SPLINE_CURVE_WITH_KNOTS('',3,(#1071,#1072,#1073,#1074),
 .UNSPECIFIED.,.F.,.F.,(4,4),(6.3072442716296,6.69702289874022),
 .UNSPECIFIED.);
#29=B_SPLINE_CURVE_WITH_KNOTS('',3,(#1081,#1082,#1083,#1084),
 .UNSPECIFIED.,.F.,.F.,(4,4),(1.52440634070709,1.9141849396058),
 .UNSPECIFIED.);
#30=B_SPLINE_CURVE_WITH_KNOTS('',3,(#1129,#1130,#1131,#1132,#1133),
 .UNSPECIFIED.,.F.,.F.,(4,1,4),(-1.91418493968648,-1.38702698613441,-0.684149714731639),
 .UNSPECIFIED.);
#31=B_SPLINE_CURVE_WITH_KNOTS('',3,(#1135,#1136,#1137,#1138,#1139,#1140,
#1141,#1142,#1143,#1144),.UNSPECIFIED.,.F.,.F.,(4,2,2,2,4),(0.,0.266782270408332,
0.633212382401153,1.04190746332782,1.04365494690084),.UNSPECIFIED.);
#32=B_SPLINE_CURVE_WITH_KNOTS('',3,(#1145,#1146,#1147,#1148),
 .UNSPECIFIED.,.F.,.F.,(4,4),(1.52440634082649,1.91418493968648),
 .UNSPECIFIED.);
#33=B_SPLINE_CURVE_WITH_KNOTS('',3,(#1157,#1158,#1159,#1160),
 .UNSPECIFIED.,.F.,.F.,(4,4),(6.30724427149557,6.69702289866943),
 .UNSPECIFIED.);
#34=B_SPLINE_CURVE_WITH_KNOTS('',3,(#1201,#1202,#1203,#1204,#1205,#1206,
#1207,#1208,#1209,#1210),.UNSPECIFIED.,.F.,.F.,(4,2,2,2,4),(-0.00132037914569377,
0.,0.308805610344132,0.585676260045025,0.78725407333383),.UNSPECIFIED.);
#35=B_SPLINE_CURVE_WITH_KNOTS('',3,(#1211,#1212,#1213,#1214,#1215),
 .UNSPECIFIED.,.F.,.F.,(4,1,4),(-7.5372794374186,-6.83440219974829,-6.30724427149557),
 .UNSPECIFIED.);
#36=B_SPLINE_CURVE_WITH_KNOTS('',3,(#1257,#1258,#1259,#1260,#1261),
 .UNSPECIFIED.,.F.,.F.,(4,1,4),(-1.9141849396058,-1.38702698608791,-0.684149714730729),
 .UNSPECIFIED.);
#37=B_SPLINE_CURVE_WITH_KNOTS('',3,(#1262,#1263,#1264,#1265,#1266,#1267,
#1268,#1269,#1270,#1271),.UNSPECIFIED.,.F.,.F.,(4,2,2,2,4),(0.,0.266782270408687,
0.633212382401091,1.04190747194585,1.04365495428551),.UNSPECIFIED.);
#38=B_SPLINE_CURVE_WITH_KNOTS('',3,(#1304,#1305,#1306,#1307),
 .UNSPECIFIED.,.F.,.F.,(4,4),(0.,3.),.UNSPECIFIED.);
#39=B_SPLINE_CURVE_WITH_KNOTS('',3,(#1340,#1341,#1342,#1343),
 .UNSPECIFIED.,.F.,.F.,(4,4),(-3.,0.),.UNSPECIFIED.);
#40=B_SPLINE_CURVE_WITH_KNOTS('',3,(#1485,#1486,#1487,#1488,#1489,#1490,
#1491,#1492,#1493,#1494,#1495,#1496,#1497,#1498,#1499,#1500,#1501,#1502,
#1503,#1504,#1505,#1506,#1507),.UNSPECIFIED.,.F.,.F.,(4,1,1,1,1,1,1,1,1,
1,1,1,1,1,1,1,1,1,1,1,4),(-33.9559478205219,-31.530522976199,-29.1050981318762,
-26.6796732875533,-24.2542484432305,-19.4033987545848,-14.5525490659391,
-9.70169937729336,-6.46779958486289,-4.85084968864765,-3.63813726648623,
-2.4254248443248,-1.81906863324409,-1.51589052770373,-1.21271242216338,
-0.909534316623021,-0.606356211082665,-0.454767158312487,-0.303178105542309,
-0.151589052772131,-1.95240212915511E-12),.UNSPECIFIED.);
#41=B_SPLINE_CURVE_WITH_KNOTS('',3,(#1510,#1511,#1512,#1513,#1514,#1515,
#1516,#1517,#1518,#1519,#1520,#1521,#1522,#1523,#1524,#1525,#1526,#1527,
#1528,#1529,#1530,#1531,#1532),.UNSPECIFIED.,.F.,.F.,(4,1,1,1,1,1,1,1,1,
1,1,1,1,1,1,1,1,1,1,1,4),(1.95240212915511E-12,0.151589052772131,0.303178105542309,
0.454767158312487,0.606356211082665,0.909534316623021,1.21271242216338,
1.51589052770373,1.81906863324409,2.4254248443248,3.63813726648623,4.85084968864765,
6.46779958486289,9.70169937729336,14.5525490659391,19.4033987545848,24.2542484432305,
26.6796732875533,29.1050981318762,31.530522976199,33.9559478205219),
 .UNSPECIFIED.);
#42=B_SPLINE_CURVE_WITH_KNOTS('',3,(#1542,#1543,#1544,#1545,#1546,#1547),
 .UNSPECIFIED.,.F.,.F.,(4,1,1,4),(0.,0.421788694017223,0.632683041025834,
1.03274709232284),.UNSPECIFIED.);
#43=B_SPLINE_CURVE_WITH_KNOTS('',3,(#1596,#1597,#1598,#1599,#1600,#1601,
#1602,#1603,#1604,#1605,#1606,#1607),.UNSPECIFIED.,.F.,.F.,(4,2,2,2,2,4),
(0.,0.366921193567711,0.60265088906256,0.814405541878092,0.913596442297617,
1.01136058888082),.UNSPECIFIED.);
#44=B_SPLINE_CURVE_WITH_KNOTS('',3,(#1609,#1610,#1611,#1612,#1613,#1614),
 .UNSPECIFIED.,.F.,.F.,(4,1,1,4),(0.44353169254615,0.632683041025833,1.05447173504306,
1.47626042906028),.UNSPECIFIED.);
#45=B_SPLINE_CURVE_WITH_KNOTS('',3,(#1617,#1618,#1619,#1620,#1621,#1622,
#1623),.UNSPECIFIED.,.F.,.F.,(4,1,1,1,4),(-1.47626042906028,-1.05447173504306,
-0.632683041025833,-0.421788694017222,1.16573417585624E-15),
 .UNSPECIFIED.);
#46=B_SPLINE_CURVE_WITH_KNOTS('',3,(#1768,#1769,#1770,#1771,#1772,#1773,
#1774,#1775,#1776,#1777,#1778,#1779,#1780,#1781,#1782,#1783,#1784,#1785,
#1786,#1787,#1788,#1789,#1790,#1791),.UNSPECIFIED.,.F.,.F.,(4,1,1,1,1,1,
1,1,1,1,1,1,1,1,1,1,1,1,1,1,1,4),(-33.9559478205219,-31.530522976199,-29.1050981318762,
-26.6796732875533,-24.2542484432305,-19.4033987545848,-14.5525490659391,
-11.3186492735086,-8.08474948107812,-6.46779958486289,-4.85084968864765,
-3.63813726648623,-2.4254248443248,-1.81906863324409,-1.51589052770373,
-1.21271242216338,-0.909534316623021,-0.606356211082665,-0.454767158312487,
-0.303178105542309,-0.15158905277213,-1.95223259778993E-12),
 .UNSPECIFIED.);
#47=B_SPLINE_CURVE_WITH_KNOTS('',3,(#1792,#1793,#1794,#1795,#1796,#1797,
#1798,#1799,#1800,#1801,#1802,#1803,#1804,#1805,#1806,#1807,#1808,#1809,
#1810,#1811,#1812,#1813,#1814,#1815),.UNSPECIFIED.,.F.,.F.,(4,1,1,1,1,1,
1,1,1,1,1,1,1,1,1,1,1,1,1,1,1,4),(1.95223259778993E-12,0.15158905277213,
0.303178105542309,0.454767158312487,0.606356211082665,0.909534316623021,
1.21271242216338,1.51589052770373,1.81906863324409,2.4254248443248,3.63813726648623,
4.85084968864765,6.46779958486289,8.08474948107812,11.3186492735086,14.5525490659391,
19.4033987545848,24.2542484432305,26.6796732875533,29.1050981318762,31.530522976199,
33.9559478205219),.UNSPECIFIED.);
#48=B_SPLINE_CURVE_WITH_KNOTS('',3,(#1840,#1841,#1842,#1843),
 .UNSPECIFIED.,.F.,.F.,(4,4),(-3.5,-0.5),.UNSPECIFIED.);
#49=B_SPLINE_CURVE_WITH_KNOTS('',3,(#1845,#1846,#1847,#1848,#1849,#1850,
#1851),.UNSPECIFIED.,.F.,.F.,(4,1,1,1,4),(-1.47626042906028,-1.05447173504306,
-0.632683041025834,-0.421788694017223,0.),.UNSPECIFIED.);
#50=B_SPLINE_CURVE_WITH_KNOTS('',3,(#1929,#1930,#1931,#1932,#1933,#1934,
#1935,#1936,#1937,#1938,#1939,#1940),.UNSPECIFIED.,.F.,.F.,(4,2,2,2,2,4),
(0.,0.1602138861152,0.3329082006619,0.539915081577392,0.740160210855289,
0.989362892729839),.UNSPECIFIED.);
#51=B_SPLINE_SURFACE_WITH_KNOTS('',3,3,((#1024,#1025,#1026,#1027,#1028),
(#1029,#1030,#1031,#1032,#1033),(#1034,#1035,#1036,#1037,#1038),(#1039,
#1040,#1041,#1042,#1043),(#1044,#1045,#1046,#1047,#1048),(#1049,#1050,#1051,
#1052,#1053)),.UNSPECIFIED.,.F.,.F.,.F.,(4,1,1,4),(4,1,4),(0.,0.285714285714286,
0.571428571428571,1.),(6.3072442716296,6.83440219993907,7.53727943768503),
 .UNSPECIFIED.);
#52=B_SPLINE_SURFACE_WITH_KNOTS('',3,3,((#1096,#1097,#1098,#1099,#1100),
(#1101,#1102,#1103,#1104,#1105),(#1106,#1107,#1108,#1109,#1110),(#1111,
#1112,#1113,#1114,#1115),(#1116,#1117,#1118,#1119,#1120),(#1121,#1122,#1123,
#1124,#1125)),.UNSPECIFIED.,.F.,.F.,.F.,(4,1,1,4),(4,1,4),(0.,0.285714285714286,
0.571428571428571,1.),(0.684149714731639,1.38702698613441,1.91418493968648),
 .UNSPECIFIED.);
#53=B_SPLINE_SURFACE_WITH_KNOTS('',3,3,((#1170,#1171,#1172,#1173,#1174),
(#1175,#1176,#1177,#1178,#1179),(#1180,#1181,#1182,#1183,#1184),(#1185,
#1186,#1187,#1188,#1189),(#1190,#1191,#1192,#1193,#1194),(#1195,#1196,#1197,
#1198,#1199)),.UNSPECIFIED.,.F.,.F.,.F.,(4,1,1,4),(4,1,4),(0.,0.285714285714286,
0.571428571428571,1.),(6.30724427149557,6.83440219974829,7.5372794374186),
 .UNSPECIFIED.);
#54=B_SPLINE_SURFACE_WITH_KNOTS('',3,3,((#1225,#1226,#1227,#1228,#1229),
(#1230,#1231,#1232,#1233,#1234),(#1235,#1236,#1237,#1238,#1239),(#1240,
#1241,#1242,#1243,#1244),(#1245,#1246,#1247,#1248,#1249),(#1250,#1251,#1252,
#1253,#1254)),.UNSPECIFIED.,.F.,.F.,.F.,(4,1,1,4),(4,1,4),(0.,0.285714285714286,
0.571428571428571,1.),(0.684149714730729,1.38702698608791,1.9141849396058),
 .UNSPECIFIED.);
#55=B_SPLINE_SURFACE_WITH_KNOTS('',3,3,((#1318,#1319,#1320,#1321),(#1322,
#1323,#1324,#1325),(#1326,#1327,#1328,#1329),(#1330,#1331,#1332,#1333),
(#1334,#1335,#1336,#1337)),.UNSPECIFIED.,.F.,.F.,.F.,(4,1,4),(4,4),(0.,
0.571428571428571,1.),(0.,3.),.UNSPECIFIED.);
#56=B_SPLINE_SURFACE_WITH_KNOTS('',3,3,((#1346,#1347,#1348,#1349,#1350,
#1351,#1352,#1353,#1354,#1355,#1356,#1357,#1358,#1359,#1360,#1361,#1362,
#1363,#1364,#1365,#1366,#1367,#1368),(#1369,#1370,#1371,#1372,#1373,#1374,
#1375,#1376,#1377,#1378,#1379,#1380,#1381,#1382,#1383,#1384,#1385,#1386,
#1387,#1388,#1389,#1390,#1391),(#1392,#1393,#1394,#1395,#1396,#1397,#1398,
#1399,#1400,#1401,#1402,#1403,#1404,#1405,#1406,#1407,#1408,#1409,#1410,
#1411,#1412,#1413,#1414),(#1415,#1416,#1417,#1418,#1419,#1420,#1421,#1422,
#1423,#1424,#1425,#1426,#1427,#1428,#1429,#1430,#1431,#1432,#1433,#1434,
#1435,#1436,#1437),(#1438,#1439,#1440,#1441,#1442,#1443,#1444,#1445,#1446,
#1447,#1448,#1449,#1450,#1451,#1452,#1453,#1454,#1455,#1456,#1457,#1458,
#1459,#1460),(#1461,#1462,#1463,#1464,#1465,#1466,#1467,#1468,#1469,#1470,
#1471,#1472,#1473,#1474,#1475,#1476,#1477,#1478,#1479,#1480,#1481,#1482,
#1483)),.UNSPECIFIED.,.F.,.F.,.F.,(4,1,1,4),(4,1,1,1,1,1,1,1,1,1,1,1,1,
1,1,1,1,1,1,1,4),(0.,0.285714285714286,0.571428571428571,1.),(1.95240212915511E-12,
0.151589052772131,0.303178105542309,0.454767158312487,0.606356211082665,
0.909534316623021,1.21271242216338,1.51589052770373,1.81906863324409,2.4254248443248,
3.63813726648623,4.85084968864765,6.46779958486289,9.70169937729336,14.5525490659391,
19.4033987545848,24.2542484432305,26.6796732875533,29.1050981318762,31.530522976199,
33.9559478205219),.UNSPECIFIED.);
#57=B_SPLINE_SURFACE_WITH_KNOTS('',3,3,((#1552,#1553,#1554,#1555,#1556,
#1557,#1558),(#1559,#1560,#1561,#1562,#1563,#1564,#1565),(#1566,#1567,#1568,
#1569,#1570,#1571,#1572),(#1573,#1574,#1575,#1576,#1577,#1578,#1579),(#1580,
#1581,#1582,#1583,#1584,#1585,#1586),(#1587,#1588,#1589,#1590,#1591,#1592,
#1593)),.UNSPECIFIED.,.F.,.F.,.F.,(4,1,1,4),(4,1,1,1,4),(0.,0.285714285714286,
0.571428571428571,1.),(-1.16573417585624E-15,0.421788694017222,0.632683041025833,
1.05447173504306,1.47626042906028),.UNSPECIFIED.);
#58=B_SPLINE_SURFACE_WITH_KNOTS('',3,3,((#1624,#1625,#1626,#1627,#1628,
#1629,#1630,#1631,#1632,#1633,#1634,#1635,#1636,#1637,#1638,#1639,#1640,
#1641,#1642,#1643,#1644,#1645,#1646,#1647),(#1648,#1649,#1650,#1651,#1652,
#1653,#1654,#1655,#1656,#1657,#1658,#1659,#1660,#1661,#1662,#1663,#1664,
#1665,#1666,#1667,#1668,#1669,#1670,#1671),(#1672,#1673,#1674,#1675,#1676,
#1677,#1678,#1679,#1680,#1681,#1682,#1683,#1684,#1685,#1686,#1687,#1688,
#1689,#1690,#1691,#1692,#1693,#1694,#1695),(#1696,#1697,#1698,#1699,#1700,
#1701,#1702,#1703,#1704,#1705,#1706,#1707,#1708,#1709,#1710,#1711,#1712,
#1713,#1714,#1715,#1716,#1717,#1718,#1719),(#1720,#1721,#1722,#1723,#1724,
#1725,#1726,#1727,#1728,#1729,#1730,#1731,#1732,#1733,#1734,#1735,#1736,
#1737,#1738,#1739,#1740,#1741,#1742,#1743),(#1744,#1745,#1746,#1747,#1748,
#1749,#1750,#1751,#1752,#1753,#1754,#1755,#1756,#1757,#1758,#1759,#1760,
#1761,#1762,#1763,#1764,#1765,#1766,#1767)),.UNSPECIFIED.,.F.,.F.,.F.,(4,
1,1,4),(4,1,1,1,1,1,1,1,1,1,1,1,1,1,1,1,1,1,1,1,1,4),(0.,0.285714285714286,
0.571428571428571,1.),(1.95223259778993E-12,0.15158905277213,0.303178105542309,
0.454767158312487,0.606356211082665,0.909534316623021,1.21271242216338,
1.51589052770373,1.81906863324409,2.4254248443248,3.63813726648623,4.85084968864765,
6.46779958486289,8.08474948107812,11.3186492735086,14.5525490659391,19.4033987545848,
24.2542484432305,26.6796732875533,29.1050981318762,31.530522976199,33.9559478205219),
 .UNSPECIFIED.);
#59=B_SPLINE_SURFACE_WITH_KNOTS('',3,3,((#1816,#1817,#1818,#1819),(#1820,
#1821,#1822,#1823),(#1824,#1825,#1826,#1827),(#1828,#1829,#1830,#1831),
(#1832,#1833,#1834,#1835),(#1836,#1837,#1838,#1839)),.UNSPECIFIED.,.F.,
 .F.,.F.,(4,1,1,4),(4,4),(0.,0.285714285714286,0.571428571428571,1.),(0.5,
3.5),.UNSPECIFIED.);
#60=B_SPLINE_SURFACE_WITH_KNOTS('',3,3,((#1887,#1888,#1889,#1890,#1891,
#1892,#1893),(#1894,#1895,#1896,#1897,#1898,#1899,#1900),(#1901,#1902,#1903,
#1904,#1905,#1906,#1907),(#1908,#1909,#1910,#1911,#1912,#1913,#1914),(#1915,
#1916,#1917,#1918,#1919,#1920,#1921),(#1922,#1923,#1924,#1925,#1926,#1927,
#1928)),.UNSPECIFIED.,.F.,.F.,.F.,(4,1,1,4),(4,1,1,1,4),(0.,0.285714285714286,
0.571428571428571,1.),(0.,0.421788694017223,0.632683041025834,1.05447173504306,
1.47626042906028),.UNSPECIFIED.);
#61=LINE('',#1020,#90);
#62=LINE('',#1023,#91);
#63=LINE('',#1077,#92);
#64=LINE('',#1079,#93);
#65=LINE('',#1088,#94);
#66=LINE('',#1091,#95);
#67=LINE('',#1095,#96);
#68=LINE('',#1150,#97);
#69=LINE('',#1162,#98);
#70=LINE('',#1163,#99);
#71=LINE('',#1169,#100);
#72=LINE('',#1218,#101);
#73=LINE('',#1220,#102);
#74=LINE('',#1224,#103);
#75=LINE('',#1285,#104);
#76=LINE('',#1291,#105);
#77=LINE('',#1295,#106);
#78=LINE('',#1299,#107);
#79=LINE('',#1303,#108);
#80=LINE('',#1312,#109);
#81=LINE('',#1535,#110);
#82=LINE('',#1541,#111);
#83=LINE('',#1550,#112);
#84=LINE('',#1852,#113);
#85=LINE('',#1861,#114);
#86=LINE('',#1864,#115);
#87=LINE('',#1884,#116);
#88=LINE('',#1886,#117);
#89=LINE('',#1956,#118);
#90=VECTOR('',#832,10.);
#91=VECTOR('',#835,10.);
#92=VECTOR('',#838,10.);
#93=VECTOR('',#839,10.);
#94=VECTOR('',#844,10.);
#95=VECTOR('',#847,10.);
#96=VECTOR('',#852,10.);
#97=VECTOR('',#857,10.);
#98=VECTOR('',#866,10.);
#99=VECTOR('',#867,10.);
#100=VECTOR('',#874,10.);
#101=VECTOR('',#877,10.);
#102=VECTOR('',#880,10.);
#103=VECTOR('',#885,10.);
#104=VECTOR('',#904,10.);
#105=VECTOR('',#909,10.);
#106=VECTOR('',#914,5.);
#107=VECTOR('',#917,5.);
#108=VECTOR('',#922,5.);
#109=VECTOR('',#927,5.);
#110=VECTOR('',#946,10.);
#111=VECTOR('',#951,10.);
#112=VECTOR('',#954,10.);
#113=VECTOR('',#959,10.);
#114=VECTOR('',#962,10.);
#115=VECTOR('',#965,10.);
#116=VECTOR('',#980,10.);
#117=VECTOR('',#983,37.5);
#118=VECTOR('',#994,10.);
#119=ELLIPSE('',#737,7.07106781186548,5.);
#120=ELLIPSE('',#742,7.07106781186548,5.);
#121=ELLIPSE('',#752,7.07106781186548,5.);
#122=ELLIPSE('',#755,7.07106781186548,5.);
#123=ELLIPSE('',#766,7.07106781186547,5.);
#124=ELLIPSE('',#767,7.07106781186549,5.);
#125=ELLIPSE('',#768,7.07106781186547,5.);
#126=ELLIPSE('',#769,7.07106781186547,5.);
#127=ELLIPSE('',#772,7.07106781186549,5.);
#128=ELLIPSE('',#775,7.07106781186547,5.00000000000001);
#129=CYLINDRICAL_SURFACE('',#736,5.);
#130=CYLINDRICAL_SURFACE('',#741,5.);
#131=CYLINDRICAL_SURFACE('',#746,5.);
#132=CYLINDRICAL_SURFACE('',#751,5.);
#133=CYLINDRICAL_SURFACE('',#754,5.);
#134=CYLINDRICAL_SURFACE('',#759,5.);
#135=CYLINDRICAL_SURFACE('',#765,5.);
#136=CYLINDRICAL_SURFACE('',#770,5.);
#137=CYLINDRICAL_SURFACE('',#774,5.00000000000001);
#138=CYLINDRICAL_SURFACE('',#787,5.);
#139=CYLINDRICAL_SURFACE('',#790,5.);
#140=CYLINDRICAL_SURFACE('',#804,37.5);
#141=SHAPE_REPRESENTATION_RELATIONSHIP('SRR','None',#1981,#143);
#142=SHAPE_REPRESENTATION_RELATIONSHIP('SRR','None',#1982,#144);
#143=ADVANCED_BREP_SHAPE_REPRESENTATION('',(#148),#1965);
#144=ADVANCED_BREP_SHAPE_REPRESENTATION('',(#149,#150),#1966);
#145=STYLED_ITEM('',(#1999),#148);
#146=STYLED_ITEM('',(#1999),#149);
#147=STYLED_ITEM('',(#1999),#150);
#148=MANIFOLD_SOLID_BREP('Body1',#700);
#149=MANIFOLD_SOLID_BREP('Body1',#701);
#150=MANIFOLD_SOLID_BREP('Body2',#702);
#151=FACE_BOUND('',#211,.T.);
#152=FACE_BOUND('',#231,.T.);
#153=PLANE('',#731);
#154=PLANE('',#739);
#155=PLANE('',#743);
#156=PLANE('',#749);
#157=PLANE('',#756);
#158=PLANE('',#762);
#159=PLANE('',#773);
#160=PLANE('',#784);
#161=PLANE('',#798);
#162=PLANE('',#799);
#163=PLANE('',#805);
#164=FACE_OUTER_BOUND('',#209,.T.);
#165=FACE_OUTER_BOUND('',#210,.T.);
#166=FACE_OUTER_BOUND('',#212,.T.);
#167=FACE_OUTER_BOUND('',#213,.T.);
#168=FACE_OUTER_BOUND('',#214,.T.);
#169=FACE_OUTER_BOUND('',#215,.T.);
#170=FACE_OUTER_BOUND('',#216,.T.);
#171=FACE_OUTER_BOUND('',#217,.T.);
#172=FACE_OUTER_BOUND('',#218,.T.);
#173=FACE_OUTER_BOUND('',#219,.T.);
#174=FACE_OUTER_BOUND('',#220,.T.);
#175=FACE_OUTER_BOUND('',#221,.T.);
#176=FACE_OUTER_BOUND('',#222,.T.);
#177=FACE_OUTER_BOUND('',#223,.T.);
#178=FACE_OUTER_BOUND('',#224,.T.);
#179=FACE_OUTER_BOUND('',#225,.T.);
#180=FACE_OUTER_BOUND('',#226,.T.);
#181=FACE_OUTER_BOUND('',#227,.T.);
#182=FACE_OUTER_BOUND('',#228,.T.);
#183=FACE_OUTER_BOUND('',#229,.T.);
#184=FACE_OUTER_BOUND('',#230,.T.);
#185=FACE_OUTER_BOUND('',#232,.T.);
#186=FACE_OUTER_BOUND('',#233,.T.);
#187=FACE_OUTER_BOUND('',#234,.T.);
#188=FACE_OUTER_BOUND('',#235,.T.);
#189=FACE_OUTER_BOUND('',#236,.T.);
#190=FACE_OUTER_BOUND('',#237,.T.);
#191=FACE_OUTER_BOUND('',#238,.T.);
#192=FACE_OUTER_BOUND('',#239,.T.);
#193=FACE_OUTER_BOUND('',#240,.T.);
#194=FACE_OUTER_BOUND('',#241,.T.);
#195=FACE_OUTER_BOUND('',#242,.T.);
#196=FACE_OUTER_BOUND('',#243,.T.);
#197=FACE_OUTER_BOUND('',#244,.T.);
#198=FACE_OUTER_BOUND('',#245,.T.);
#199=FACE_OUTER_BOUND('',#246,.T.);
#200=FACE_OUTER_BOUND('',#247,.T.);
#201=FACE_OUTER_BOUND('',#248,.T.);
#202=FACE_OUTER_BOUND('',#249,.T.);
#203=FACE_OUTER_BOUND('',#250,.T.);
#204=FACE_OUTER_BOUND('',#251,.T.);
#205=FACE_OUTER_BOUND('',#252,.T.);
#206=FACE_OUTER_BOUND('',#253,.T.);
#207=FACE_OUTER_BOUND('',#254,.T.);
#208=FACE_OUTER_BOUND('',#255,.T.);
#209=EDGE_LOOP('',(#452,#453,#454));
#210=EDGE_LOOP('',(#455));
#211=EDGE_LOOP('',(#456));
#212=EDGE_LOOP('',(#457,#458,#459));
#213=EDGE_LOOP('',(#460,#461,#462,#463));
#214=EDGE_LOOP('',(#464,#465,#466,#467));
#215=EDGE_LOOP('',(#468,#469,#470,#471,#472,#473));
#216=EDGE_LOOP('',(#474,#475,#476,#477));
#217=EDGE_LOOP('',(#478,#479,#480,#481));
#218=EDGE_LOOP('',(#482,#483,#484,#485));
#219=EDGE_LOOP('',(#486,#487,#488,#489));
#220=EDGE_LOOP('',(#490,#491,#492,#493));
#221=EDGE_LOOP('',(#494,#495,#496,#497,#498,#499));
#222=EDGE_LOOP('',(#500,#501,#502,#503));
#223=EDGE_LOOP('',(#504,#505,#506,#507));
#224=EDGE_LOOP('',(#508,#509,#510,#511));
#225=EDGE_LOOP('',(#512,#513,#514,#515));
#226=EDGE_LOOP('',(#516,#517,#518,#519));
#227=EDGE_LOOP('',(#520,#521,#522,#523));
#228=EDGE_LOOP('',(#524,#525,#526,#527));
#229=EDGE_LOOP('',(#528,#529,#530,#531));
#230=EDGE_LOOP('',(#532,#533));
#231=EDGE_LOOP('',(#534,#535,#536,#537,#538,#539,#540,#541));
#232=EDGE_LOOP('',(#542,#543,#544,#545,#546,#547));
#233=EDGE_LOOP('',(#548,#549,#550,#551,#552));
#234=EDGE_LOOP('',(#553,#554,#555,#556));
#235=EDGE_LOOP('',(#557,#558,#559,#560,#561));
#236=EDGE_LOOP('',(#562,#563,#564));
#237=EDGE_LOOP('',(#565,#566,#567,#568));
#238=EDGE_LOOP('',(#569,#570,#571));
#239=EDGE_LOOP('',(#572,#573,#574,#575));
#240=EDGE_LOOP('',(#576,#577,#578,#579,#580,#581,#582));
#241=EDGE_LOOP('',(#583,#584,#585,#586,#587));
#242=EDGE_LOOP('',(#588,#589,#590,#591));
#243=EDGE_LOOP('',(#592,#593,#594,#595));
#244=EDGE_LOOP('',(#596,#597,#598,#599));
#245=EDGE_LOOP('',(#600,#601,#602,#603));
#246=EDGE_LOOP('',(#604,#605,#606,#607,#608));
#247=EDGE_LOOP('',(#609,#610,#611,#612));
#248=EDGE_LOOP('',(#613,#614,#615));
#249=EDGE_LOOP('',(#616,#617,#618,#619,#620,#621,#622));
#250=EDGE_LOOP('',(#623,#624,#625,#626));
#251=EDGE_LOOP('',(#627,#628,#629,#630));
#252=EDGE_LOOP('',(#631,#632,#633,#634));
#253=EDGE_LOOP('',(#635,#636,#637));
#254=EDGE_LOOP('',(#638,#639,#640,#641));
#255=EDGE_LOOP('',(#642,#643,#644,#645,#646,#647,#648,#649));
#256=CIRCLE('',#729,40.);
#257=CIRCLE('',#730,40.);
#258=CIRCLE('',#732,50.);
#259=CIRCLE('',#734,50.);
#260=CIRCLE('',#738,5.);
#261=CIRCLE('',#740,37.6961536499415);
#262=CIRCLE('',#744,41.3642357598929);
#263=CIRCLE('',#745,5.);
#264=CIRCLE('',#748,36.6637544235414);
#265=CIRCLE('',#750,37.6961536499415);
#266=CIRCLE('',#753,5.);
#267=CIRCLE('',#757,41.3642357598929);
#268=CIRCLE('',#758,5.);
#269=CIRCLE('',#761,36.6637544235414);
#270=CIRCLE('',#764,39.);
#271=CIRCLE('',#771,4.99999999999999);
#272=CIRCLE('',#776,5.00000000000017);
#273=CIRCLE('',#778,5.00000000000001);
#274=CIRCLE('',#779,4.99999999999999);
#275=CIRCLE('',#780,5.00000000000001);
#276=CIRCLE('',#782,4.99999999999999);
#277=CIRCLE('',#783,5.);
#278=CIRCLE('',#785,32.5);
#279=CIRCLE('',#786,5.);
#280=CIRCLE('',#788,5.);
#281=CIRCLE('',#789,5.);
#282=CIRCLE('',#791,5.);
#283=CIRCLE('',#793,5.);
#284=CIRCLE('',#794,37.5);
#285=CIRCLE('',#795,32.5);
#286=CIRCLE('',#796,5.);
#287=CIRCLE('',#797,5.);
#288=CIRCLE('',#801,5.);
#289=CIRCLE('',#802,37.5);
#290=CIRCLE('',#803,5.);
#291=VERTEX_POINT('',#1004);
#292=VERTEX_POINT('',#1006);
#293=VERTEX_POINT('',#1009);
#294=VERTEX_POINT('',#1012);
#295=VERTEX_POINT('',#1016);
#296=VERTEX_POINT('',#1017);
#297=VERTEX_POINT('',#1019);
#298=VERTEX_POINT('',#1021);
#299=VERTEX_POINT('',#1054);
#300=VERTEX_POINT('',#1055);
#301=VERTEX_POINT('',#1076);
#302=VERTEX_POINT('',#1078);
#303=VERTEX_POINT('',#1080);
#304=VERTEX_POINT('',#1087);
#305=VERTEX_POINT('',#1089);
#306=VERTEX_POINT('',#1093);
#307=VERTEX_POINT('',#1126);
#308=VERTEX_POINT('',#1128);
#309=VERTEX_POINT('',#1134);
#310=VERTEX_POINT('',#1154);
#311=VERTEX_POINT('',#1156);
#312=VERTEX_POINT('',#1161);
#313=VERTEX_POINT('',#1165);
#314=VERTEX_POINT('',#1167);
#315=VERTEX_POINT('',#1200);
#316=VERTEX_POINT('',#1217);
#317=VERTEX_POINT('',#1222);
#318=VERTEX_POINT('',#1256);
#319=VERTEX_POINT('',#1277);
#320=VERTEX_POINT('',#1278);
#321=VERTEX_POINT('',#1281);
#322=VERTEX_POINT('',#1282);
#323=VERTEX_POINT('',#1284);
#324=VERTEX_POINT('',#1286);
#325=VERTEX_POINT('',#1288);
#326=VERTEX_POINT('',#1290);
#327=VERTEX_POINT('',#1294);
#328=VERTEX_POINT('',#1296);
#329=VERTEX_POINT('',#1298);
#330=VERTEX_POINT('',#1302);
#331=VERTEX_POINT('',#1309);
#332=VERTEX_POINT('',#1311);
#333=VERTEX_POINT('',#1315);
#334=VERTEX_POINT('',#1338);
#335=VERTEX_POINT('',#1484);
#336=VERTEX_POINT('',#1508);
#337=VERTEX_POINT('',#1534);
#338=VERTEX_POINT('',#1536);
#339=VERTEX_POINT('',#1538);
#340=VERTEX_POINT('',#1540);
#341=VERTEX_POINT('',#1549);
#342=VERTEX_POINT('',#1594);
#343=VERTEX_POINT('',#1595);
#344=VERTEX_POINT('',#1608);
#345=VERTEX_POINT('',#1615);
#346=VERTEX_POINT('',#1844);
#347=VERTEX_POINT('',#1860);
#348=VERTEX_POINT('',#1862);
#349=VERTEX_POINT('',#1866);
#350=VERTEX_POINT('',#1867);
#351=VERTEX_POINT('',#1880);
#352=VERTEX_POINT('',#1942);
#353=EDGE_CURVE('',#291,#291,#256,.T.);
#354=EDGE_CURVE('',#292,#291,#257,.T.);
#355=EDGE_CURVE('',#293,#293,#258,.T.);
#356=EDGE_CURVE('',#293,#294,#259,.T.);
#357=EDGE_CURVE('',#295,#296,#119,.T.);
#358=EDGE_CURVE('',#296,#297,#61,.T.);
#359=EDGE_CURVE('',#297,#298,#260,.T.);
#360=EDGE_CURVE('',#298,#295,#62,.T.);
#361=EDGE_CURVE('',#299,#300,#26,.F.);
#362=EDGE_CURVE('',#300,#298,#27,.T.);
#363=EDGE_CURVE('',#297,#299,#28,.T.);
#364=EDGE_CURVE('',#301,#296,#63,.T.);
#365=EDGE_CURVE('',#302,#301,#64,.T.);
#366=EDGE_CURVE('',#303,#302,#29,.T.);
#367=EDGE_CURVE('',#299,#303,#261,.T.);
#368=EDGE_CURVE('',#295,#304,#65,.T.);
#369=EDGE_CURVE('',#305,#304,#120,.T.);
#370=EDGE_CURVE('',#305,#296,#66,.T.);
#371=EDGE_CURVE('',#306,#298,#262,.T.);
#372=EDGE_CURVE('',#304,#306,#67,.T.);
#373=EDGE_CURVE('',#307,#306,#263,.T.);
#374=EDGE_CURVE('',#306,#308,#30,.T.);
#375=EDGE_CURVE('',#308,#309,#31,.F.);
#376=EDGE_CURVE('',#309,#307,#32,.T.);
#377=EDGE_CURVE('',#307,#305,#68,.T.);
#378=EDGE_CURVE('',#300,#308,#264,.T.);
#379=EDGE_CURVE('',#310,#309,#265,.T.);
#380=EDGE_CURVE('',#311,#310,#33,.T.);
#381=EDGE_CURVE('',#312,#311,#69,.T.);
#382=EDGE_CURVE('',#305,#312,#70,.T.);
#383=EDGE_CURVE('',#313,#312,#121,.T.);
#384=EDGE_CURVE('',#311,#314,#266,.T.);
#385=EDGE_CURVE('',#314,#313,#71,.T.);
#386=EDGE_CURVE('',#310,#315,#34,.F.);
#387=EDGE_CURVE('',#315,#314,#35,.T.);
#388=EDGE_CURVE('',#313,#316,#72,.T.);
#389=EDGE_CURVE('',#301,#316,#122,.T.);
#390=EDGE_CURVE('',#301,#312,#73,.T.);
#391=EDGE_CURVE('',#317,#314,#267,.T.);
#392=EDGE_CURVE('',#316,#317,#74,.T.);
#393=EDGE_CURVE('',#302,#317,#268,.T.);
#394=EDGE_CURVE('',#317,#318,#36,.T.);
#395=EDGE_CURVE('',#318,#303,#37,.F.);
#396=EDGE_CURVE('',#315,#318,#269,.T.);
#397=EDGE_CURVE('',#319,#320,#270,.T.);
#398=EDGE_CURVE('',#321,#322,#123,.T.);
#399=EDGE_CURVE('',#322,#323,#75,.T.);
#400=EDGE_CURVE('',#323,#324,#124,.T.);
#401=EDGE_CURVE('',#324,#325,#125,.T.);
#402=EDGE_CURVE('',#325,#326,#76,.T.);
#403=EDGE_CURVE('',#326,#321,#126,.T.);
#404=EDGE_CURVE('',#326,#327,#77,.T.);
#405=EDGE_CURVE('',#328,#327,#271,.T.);
#406=EDGE_CURVE('',#328,#329,#78,.T.);
#407=EDGE_CURVE('',#329,#321,#127,.T.);
#408=EDGE_CURVE('',#330,#325,#79,.T.);
#409=EDGE_CURVE('',#327,#330,#38,.T.);
#410=EDGE_CURVE('',#324,#331,#128,.T.);
#411=EDGE_CURVE('',#331,#332,#80,.T.);
#412=EDGE_CURVE('',#330,#332,#272,.T.);
#413=EDGE_CURVE('',#327,#333,#273,.T.);
#414=EDGE_CURVE('',#333,#328,#274,.T.);
#415=EDGE_CURVE('',#330,#334,#275,.T.);
#416=EDGE_CURVE('',#334,#333,#39,.T.);
#417=EDGE_CURVE('',#332,#334,#276,.T.);
#418=EDGE_CURVE('',#332,#335,#40,.T.);
#419=EDGE_CURVE('',#336,#335,#277,.T.);
#420=EDGE_CURVE('',#336,#334,#41,.T.);
#421=EDGE_CURVE('',#337,#331,#81,.T.);
#422=EDGE_CURVE('',#338,#337,#278,.T.);
#423=EDGE_CURVE('',#339,#338,#279,.T.);
#424=EDGE_CURVE('',#339,#340,#82,.T.);
#425=EDGE_CURVE('',#335,#340,#42,.T.);
#426=EDGE_CURVE('',#323,#341,#83,.T.);
#427=EDGE_CURVE('',#337,#341,#280,.T.);
#428=EDGE_CURVE('',#342,#343,#43,.F.);
#429=EDGE_CURVE('',#343,#344,#44,.T.);
#430=EDGE_CURVE('',#344,#345,#281,.T.);
#431=EDGE_CURVE('',#345,#342,#45,.T.);
#432=EDGE_CURVE('',#333,#345,#46,.T.);
#433=EDGE_CURVE('',#344,#328,#47,.T.);
#434=EDGE_CURVE('',#345,#336,#48,.T.);
#435=EDGE_CURVE('',#346,#336,#49,.T.);
#436=EDGE_CURVE('',#342,#346,#84,.T.);
#437=EDGE_CURVE('',#329,#347,#85,.T.);
#438=EDGE_CURVE('',#347,#348,#282,.T.);
#439=EDGE_CURVE('',#348,#322,#86,.T.);
#440=EDGE_CURVE('',#349,#350,#283,.T.);
#441=EDGE_CURVE('',#350,#348,#284,.T.);
#442=EDGE_CURVE('',#347,#349,#285,.T.);
#443=EDGE_CURVE('',#351,#350,#286,.T.);
#444=EDGE_CURVE('',#349,#351,#287,.T.);
#445=EDGE_CURVE('',#343,#351,#87,.T.);
#446=EDGE_CURVE('',#341,#348,#88,.T.);
#447=EDGE_CURVE('',#340,#346,#50,.F.);
#448=EDGE_CURVE('',#352,#338,#288,.T.);
#449=EDGE_CURVE('',#341,#352,#289,.T.);
#450=EDGE_CURVE('',#352,#339,#290,.T.);
#451=EDGE_CURVE('',#350,#352,#89,.T.);
#452=ORIENTED_EDGE('',*,*,#353,.F.);
#453=ORIENTED_EDGE('',*,*,#354,.F.);
#454=ORIENTED_EDGE('',*,*,#354,.T.);
#455=ORIENTED_EDGE('',*,*,#355,.F.);
#456=ORIENTED_EDGE('',*,*,#353,.T.);
#457=ORIENTED_EDGE('',*,*,#355,.T.);
#458=ORIENTED_EDGE('',*,*,#356,.T.);
#459=ORIENTED_EDGE('',*,*,#356,.F.);
#460=ORIENTED_EDGE('',*,*,#357,.T.);
#461=ORIENTED_EDGE('',*,*,#358,.T.);
#462=ORIENTED_EDGE('',*,*,#359,.T.);
#463=ORIENTED_EDGE('',*,*,#360,.T.);
#464=ORIENTED_EDGE('',*,*,#361,.T.);
#465=ORIENTED_EDGE('',*,*,#362,.T.);
#466=ORIENTED_EDGE('',*,*,#359,.F.);
#467=ORIENTED_EDGE('',*,*,#363,.T.);
#468=ORIENTED_EDGE('',*,*,#363,.F.);
#469=ORIENTED_EDGE('',*,*,#358,.F.);
#470=ORIENTED_EDGE('',*,*,#364,.F.);
#471=ORIENTED_EDGE('',*,*,#365,.F.);
#472=ORIENTED_EDGE('',*,*,#366,.F.);
#473=ORIENTED_EDGE('',*,*,#367,.F.);
#474=ORIENTED_EDGE('',*,*,#357,.F.);
#475=ORIENTED_EDGE('',*,*,#368,.T.);
#476=ORIENTED_EDGE('',*,*,#369,.F.);
#477=ORIENTED_EDGE('',*,*,#370,.T.);
#478=ORIENTED_EDGE('',*,*,#360,.F.);
#479=ORIENTED_EDGE('',*,*,#371,.F.);
#480=ORIENTED_EDGE('',*,*,#372,.F.);
#481=ORIENTED_EDGE('',*,*,#368,.F.);
#482=ORIENTED_EDGE('',*,*,#373,.T.);
#483=ORIENTED_EDGE('',*,*,#374,.T.);
#484=ORIENTED_EDGE('',*,*,#375,.T.);
#485=ORIENTED_EDGE('',*,*,#376,.T.);
#486=ORIENTED_EDGE('',*,*,#369,.T.);
#487=ORIENTED_EDGE('',*,*,#372,.T.);
#488=ORIENTED_EDGE('',*,*,#373,.F.);
#489=ORIENTED_EDGE('',*,*,#377,.T.);
#490=ORIENTED_EDGE('',*,*,#362,.F.);
#491=ORIENTED_EDGE('',*,*,#378,.T.);
#492=ORIENTED_EDGE('',*,*,#374,.F.);
#493=ORIENTED_EDGE('',*,*,#371,.T.);
#494=ORIENTED_EDGE('',*,*,#376,.F.);
#495=ORIENTED_EDGE('',*,*,#379,.F.);
#496=ORIENTED_EDGE('',*,*,#380,.F.);
#497=ORIENTED_EDGE('',*,*,#381,.F.);
#498=ORIENTED_EDGE('',*,*,#382,.F.);
#499=ORIENTED_EDGE('',*,*,#377,.F.);
#500=ORIENTED_EDGE('',*,*,#383,.T.);
#501=ORIENTED_EDGE('',*,*,#381,.T.);
#502=ORIENTED_EDGE('',*,*,#384,.T.);
#503=ORIENTED_EDGE('',*,*,#385,.T.);
#504=ORIENTED_EDGE('',*,*,#386,.T.);
#505=ORIENTED_EDGE('',*,*,#387,.T.);
#506=ORIENTED_EDGE('',*,*,#384,.F.);
#507=ORIENTED_EDGE('',*,*,#380,.T.);
#508=ORIENTED_EDGE('',*,*,#383,.F.);
#509=ORIENTED_EDGE('',*,*,#388,.T.);
#510=ORIENTED_EDGE('',*,*,#389,.F.);
#511=ORIENTED_EDGE('',*,*,#390,.T.);
#512=ORIENTED_EDGE('',*,*,#385,.F.);
#513=ORIENTED_EDGE('',*,*,#391,.F.);
#514=ORIENTED_EDGE('',*,*,#392,.F.);
#515=ORIENTED_EDGE('',*,*,#388,.F.);
#516=ORIENTED_EDGE('',*,*,#393,.T.);
#517=ORIENTED_EDGE('',*,*,#394,.T.);
#518=ORIENTED_EDGE('',*,*,#395,.T.);
#519=ORIENTED_EDGE('',*,*,#366,.T.);
#520=ORIENTED_EDGE('',*,*,#389,.T.);
#521=ORIENTED_EDGE('',*,*,#392,.T.);
#522=ORIENTED_EDGE('',*,*,#393,.F.);
#523=ORIENTED_EDGE('',*,*,#365,.T.);
#524=ORIENTED_EDGE('',*,*,#387,.F.);
#525=ORIENTED_EDGE('',*,*,#396,.T.);
#526=ORIENTED_EDGE('',*,*,#394,.F.);
#527=ORIENTED_EDGE('',*,*,#391,.T.);
#528=ORIENTED_EDGE('',*,*,#370,.F.);
#529=ORIENTED_EDGE('',*,*,#382,.T.);
#530=ORIENTED_EDGE('',*,*,#390,.F.);
#531=ORIENTED_EDGE('',*,*,#364,.T.);
#532=ORIENTED_EDGE('',*,*,#397,.T.);
#533=ORIENTED_EDGE('',*,*,#397,.F.);
#534=ORIENTED_EDGE('',*,*,#367,.T.);
#535=ORIENTED_EDGE('',*,*,#395,.F.);
#536=ORIENTED_EDGE('',*,*,#396,.F.);
#537=ORIENTED_EDGE('',*,*,#386,.F.);
#538=ORIENTED_EDGE('',*,*,#379,.T.);
#539=ORIENTED_EDGE('',*,*,#375,.F.);
#540=ORIENTED_EDGE('',*,*,#378,.F.);
#541=ORIENTED_EDGE('',*,*,#361,.F.);
#542=ORIENTED_EDGE('',*,*,#398,.T.);
#543=ORIENTED_EDGE('',*,*,#399,.T.);
#544=ORIENTED_EDGE('',*,*,#400,.T.);
#545=ORIENTED_EDGE('',*,*,#401,.T.);
#546=ORIENTED_EDGE('',*,*,#402,.T.);
#547=ORIENTED_EDGE('',*,*,#403,.T.);
#548=ORIENTED_EDGE('',*,*,#403,.F.);
#549=ORIENTED_EDGE('',*,*,#404,.T.);
#550=ORIENTED_EDGE('',*,*,#405,.F.);
#551=ORIENTED_EDGE('',*,*,#406,.T.);
#552=ORIENTED_EDGE('',*,*,#407,.T.);
#553=ORIENTED_EDGE('',*,*,#402,.F.);
#554=ORIENTED_EDGE('',*,*,#408,.F.);
#555=ORIENTED_EDGE('',*,*,#409,.F.);
#556=ORIENTED_EDGE('',*,*,#404,.F.);
#557=ORIENTED_EDGE('',*,*,#401,.F.);
#558=ORIENTED_EDGE('',*,*,#410,.T.);
#559=ORIENTED_EDGE('',*,*,#411,.T.);
#560=ORIENTED_EDGE('',*,*,#412,.F.);
#561=ORIENTED_EDGE('',*,*,#408,.T.);
#562=ORIENTED_EDGE('',*,*,#413,.T.);
#563=ORIENTED_EDGE('',*,*,#414,.T.);
#564=ORIENTED_EDGE('',*,*,#405,.T.);
#565=ORIENTED_EDGE('',*,*,#415,.T.);
#566=ORIENTED_EDGE('',*,*,#416,.T.);
#567=ORIENTED_EDGE('',*,*,#413,.F.);
#568=ORIENTED_EDGE('',*,*,#409,.T.);
#569=ORIENTED_EDGE('',*,*,#412,.T.);
#570=ORIENTED_EDGE('',*,*,#417,.T.);
#571=ORIENTED_EDGE('',*,*,#415,.F.);
#572=ORIENTED_EDGE('',*,*,#417,.F.);
#573=ORIENTED_EDGE('',*,*,#418,.T.);
#574=ORIENTED_EDGE('',*,*,#419,.F.);
#575=ORIENTED_EDGE('',*,*,#420,.T.);
#576=ORIENTED_EDGE('',*,*,#411,.F.);
#577=ORIENTED_EDGE('',*,*,#421,.F.);
#578=ORIENTED_EDGE('',*,*,#422,.F.);
#579=ORIENTED_EDGE('',*,*,#423,.F.);
#580=ORIENTED_EDGE('',*,*,#424,.T.);
#581=ORIENTED_EDGE('',*,*,#425,.F.);
#582=ORIENTED_EDGE('',*,*,#418,.F.);
#583=ORIENTED_EDGE('',*,*,#400,.F.);
#584=ORIENTED_EDGE('',*,*,#426,.T.);
#585=ORIENTED_EDGE('',*,*,#427,.F.);
#586=ORIENTED_EDGE('',*,*,#421,.T.);
#587=ORIENTED_EDGE('',*,*,#410,.F.);
#588=ORIENTED_EDGE('',*,*,#428,.T.);
#589=ORIENTED_EDGE('',*,*,#429,.T.);
#590=ORIENTED_EDGE('',*,*,#430,.T.);
#591=ORIENTED_EDGE('',*,*,#431,.T.);
#592=ORIENTED_EDGE('',*,*,#414,.F.);
#593=ORIENTED_EDGE('',*,*,#432,.T.);
#594=ORIENTED_EDGE('',*,*,#430,.F.);
#595=ORIENTED_EDGE('',*,*,#433,.T.);
#596=ORIENTED_EDGE('',*,*,#431,.F.);
#597=ORIENTED_EDGE('',*,*,#434,.T.);
#598=ORIENTED_EDGE('',*,*,#435,.F.);
#599=ORIENTED_EDGE('',*,*,#436,.F.);
#600=ORIENTED_EDGE('',*,*,#416,.F.);
#601=ORIENTED_EDGE('',*,*,#420,.F.);
#602=ORIENTED_EDGE('',*,*,#434,.F.);
#603=ORIENTED_EDGE('',*,*,#432,.F.);
#604=ORIENTED_EDGE('',*,*,#398,.F.);
#605=ORIENTED_EDGE('',*,*,#407,.F.);
#606=ORIENTED_EDGE('',*,*,#437,.T.);
#607=ORIENTED_EDGE('',*,*,#438,.T.);
#608=ORIENTED_EDGE('',*,*,#439,.T.);
#609=ORIENTED_EDGE('',*,*,#440,.T.);
#610=ORIENTED_EDGE('',*,*,#441,.T.);
#611=ORIENTED_EDGE('',*,*,#438,.F.);
#612=ORIENTED_EDGE('',*,*,#442,.T.);
#613=ORIENTED_EDGE('',*,*,#443,.T.);
#614=ORIENTED_EDGE('',*,*,#440,.F.);
#615=ORIENTED_EDGE('',*,*,#444,.T.);
#616=ORIENTED_EDGE('',*,*,#406,.F.);
#617=ORIENTED_EDGE('',*,*,#433,.F.);
#618=ORIENTED_EDGE('',*,*,#429,.F.);
#619=ORIENTED_EDGE('',*,*,#445,.T.);
#620=ORIENTED_EDGE('',*,*,#444,.F.);
#621=ORIENTED_EDGE('',*,*,#442,.F.);
#622=ORIENTED_EDGE('',*,*,#437,.F.);
#623=ORIENTED_EDGE('',*,*,#399,.F.);
#624=ORIENTED_EDGE('',*,*,#439,.F.);
#625=ORIENTED_EDGE('',*,*,#446,.F.);
#626=ORIENTED_EDGE('',*,*,#426,.F.);
#627=ORIENTED_EDGE('',*,*,#447,.T.);
#628=ORIENTED_EDGE('',*,*,#435,.T.);
#629=ORIENTED_EDGE('',*,*,#419,.T.);
#630=ORIENTED_EDGE('',*,*,#425,.T.);
#631=ORIENTED_EDGE('',*,*,#448,.T.);
#632=ORIENTED_EDGE('',*,*,#422,.T.);
#633=ORIENTED_EDGE('',*,*,#427,.T.);
#634=ORIENTED_EDGE('',*,*,#449,.T.);
#635=ORIENTED_EDGE('',*,*,#450,.T.);
#636=ORIENTED_EDGE('',*,*,#423,.T.);
#637=ORIENTED_EDGE('',*,*,#448,.F.);
#638=ORIENTED_EDGE('',*,*,#441,.F.);
#639=ORIENTED_EDGE('',*,*,#451,.T.);
#640=ORIENTED_EDGE('',*,*,#449,.F.);
#641=ORIENTED_EDGE('',*,*,#446,.T.);
#642=ORIENTED_EDGE('',*,*,#443,.F.);
#643=ORIENTED_EDGE('',*,*,#445,.F.);
#644=ORIENTED_EDGE('',*,*,#428,.F.);
#645=ORIENTED_EDGE('',*,*,#436,.T.);
#646=ORIENTED_EDGE('',*,*,#447,.F.);
#647=ORIENTED_EDGE('',*,*,#424,.F.);
#648=ORIENTED_EDGE('',*,*,#450,.F.);
#649=ORIENTED_EDGE('',*,*,#451,.F.);
#650=SPHERICAL_SURFACE('',#728,40.);
#651=SPHERICAL_SURFACE('',#733,50.);
#652=SPHERICAL_SURFACE('',#763,39.);
#653=SPHERICAL_SURFACE('',#777,5.);
#654=SPHERICAL_SURFACE('',#781,5.);
#655=ADVANCED_FACE('',(#164),#650,.F.);
#656=ADVANCED_FACE('',(#165,#151),#153,.T.);
#657=ADVANCED_FACE('',(#166),#651,.T.);
#658=ADVANCED_FACE('',(#167),#129,.T.);
#659=ADVANCED_FACE('',(#168),#51,.F.);
#660=ADVANCED_FACE('',(#169),#154,.T.);
#661=ADVANCED_FACE('',(#170),#130,.T.);
#662=ADVANCED_FACE('',(#171),#155,.T.);
#663=ADVANCED_FACE('',(#172),#52,.F.);
#664=ADVANCED_FACE('',(#173),#131,.T.);
#665=ADVANCED_FACE('',(#174),#22,.F.);
#666=ADVANCED_FACE('',(#175),#156,.T.);
#667=ADVANCED_FACE('',(#176),#132,.T.);
#668=ADVANCED_FACE('',(#177),#53,.F.);
#669=ADVANCED_FACE('',(#178),#133,.T.);
#670=ADVANCED_FACE('',(#179),#157,.T.);
#671=ADVANCED_FACE('',(#180),#54,.F.);
#672=ADVANCED_FACE('',(#181),#134,.T.);
#673=ADVANCED_FACE('',(#182),#23,.F.);
#674=ADVANCED_FACE('',(#183),#158,.T.);
#675=ADVANCED_FACE('',(#184,#152),#652,.T.);
#676=ADVANCED_FACE('',(#185),#135,.T.);
#677=ADVANCED_FACE('',(#186),#136,.T.);
#678=ADVANCED_FACE('',(#187),#159,.T.);
#679=ADVANCED_FACE('',(#188),#137,.T.);
#680=ADVANCED_FACE('',(#189),#653,.T.);
#681=ADVANCED_FACE('',(#190),#55,.F.);
#682=ADVANCED_FACE('',(#191),#654,.T.);
#683=ADVANCED_FACE('',(#192),#56,.F.);
#684=ADVANCED_FACE('',(#193),#160,.T.);
#685=ADVANCED_FACE('',(#194),#138,.T.);
#686=ADVANCED_FACE('',(#195),#57,.F.);
#687=ADVANCED_FACE('',(#196),#58,.F.);
#688=ADVANCED_FACE('',(#197),#59,.F.);
#689=ADVANCED_FACE('',(#198),#19,.T.);
#690=ADVANCED_FACE('',(#199),#139,.T.);
#691=ADVANCED_FACE('',(#200),#24,.T.);
#692=ADVANCED_FACE('',(#201),#20,.T.);
#693=ADVANCED_FACE('',(#202),#161,.F.);
#694=ADVANCED_FACE('',(#203),#162,.T.);
#695=ADVANCED_FACE('',(#204),#60,.F.);
#696=ADVANCED_FACE('',(#205),#25,.T.);
#697=ADVANCED_FACE('',(#206),#21,.T.);
#698=ADVANCED_FACE('',(#207),#140,.T.);
#699=ADVANCED_FACE('',(#208),#163,.T.);
#700=CLOSED_SHELL('',(#655,#656,#657));
#701=CLOSED_SHELL('',(#658,#659,#660,#661,#662,#663,#664,#665,#666,#667,
#668,#669,#670,#671,#672,#673,#674,#675));
#702=CLOSED_SHELL('',(#676,#677,#678,#679,#680,#681,#682,#683,#684,#685,
#686,#687,#688,#689,#690,#691,#692,#693,#694,#695,#696,#697,#698,#699));
#703=DERIVED_UNIT_ELEMENT(#707,1.);
#704=DERIVED_UNIT_ELEMENT(#1969,-3.);
#705=DERIVED_UNIT_ELEMENT(#707,1.);
#706=DERIVED_UNIT_ELEMENT(#1969,-3.);
#707=(
MASS_UNIT()
NAMED_UNIT(*)
SI_UNIT(.KILO.,.GRAM.)
);
#708=DERIVED_UNIT((#703,#704));
#709=DERIVED_UNIT((#705,#706));
#710=MEASURE_REPRESENTATION_ITEM('density measure',
POSITIVE_RATIO_MEASURE(7850.),#708);
#711=MEASURE_REPRESENTATION_ITEM('density measure',
POSITIVE_RATIO_MEASURE(7850.),#709);
#712=PROPERTY_DEFINITION_REPRESENTATION(#722,#716);
#713=PROPERTY_DEFINITION_REPRESENTATION(#723,#717);
#714=PROPERTY_DEFINITION_REPRESENTATION(#724,#718);
#715=PROPERTY_DEFINITION_REPRESENTATION(#725,#719);
#716=REPRESENTATION('material name',(#720),#1965);
#717=REPRESENTATION('density',(#710),#1965);
#718=REPRESENTATION('material name',(#721),#1966);
#719=REPRESENTATION('density',(#711),#1966);
#720=DESCRIPTIVE_REPRESENTATION_ITEM('Steel','Steel');
#721=DESCRIPTIVE_REPRESENTATION_ITEM('Steel','Steel');
#722=PROPERTY_DEFINITION('material property','material name',#1985);
#723=PROPERTY_DEFINITION('material property','density of part',#1985);
#724=PROPERTY_DEFINITION('material property','material name',#1986);
#725=PROPERTY_DEFINITION('material property','density of part',#1986);
#726=AXIS2_PLACEMENT_3D('',#1001,#808,#809);
#727=AXIS2_PLACEMENT_3D('',#1002,#810,#811);
#728=AXIS2_PLACEMENT_3D('',#1003,#812,#813);
#729=AXIS2_PLACEMENT_3D('',#1005,#814,#815);
#730=AXIS2_PLACEMENT_3D('',#1007,#816,#817);
#731=AXIS2_PLACEMENT_3D('',#1008,#818,#819);
#732=AXIS2_PLACEMENT_3D('',#1010,#820,#821);
#733=AXIS2_PLACEMENT_3D('',#1011,#822,#823);
#734=AXIS2_PLACEMENT_3D('',#1013,#824,#825);
#735=AXIS2_PLACEMENT_3D('',#1014,#826,#827);
#736=AXIS2_PLACEMENT_3D('',#1015,#828,#829);
#737=AXIS2_PLACEMENT_3D('',#1018,#830,#831);
#738=AXIS2_PLACEMENT_3D('',#1022,#833,#834);
#739=AXIS2_PLACEMENT_3D('',#1075,#836,#837);
#740=AXIS2_PLACEMENT_3D('',#1085,#840,#841);
#741=AXIS2_PLACEMENT_3D('',#1086,#842,#843);
#742=AXIS2_PLACEMENT_3D('',#1090,#845,#846);
#743=AXIS2_PLACEMENT_3D('',#1092,#848,#849);
#744=AXIS2_PLACEMENT_3D('',#1094,#850,#851);
#745=AXIS2_PLACEMENT_3D('',#1127,#853,#854);
#746=AXIS2_PLACEMENT_3D('',#1149,#855,#856);
#747=AXIS2_PLACEMENT_3D('',#1151,#858,#859);
#748=AXIS2_PLACEMENT_3D('',#1152,#860,#861);
#749=AXIS2_PLACEMENT_3D('',#1153,#862,#863);
#750=AXIS2_PLACEMENT_3D('',#1155,#864,#865);
#751=AXIS2_PLACEMENT_3D('',#1164,#868,#869);
#752=AXIS2_PLACEMENT_3D('',#1166,#870,#871);
#753=AXIS2_PLACEMENT_3D('',#1168,#872,#873);
#754=AXIS2_PLACEMENT_3D('',#1216,#875,#876);
#755=AXIS2_PLACEMENT_3D('',#1219,#878,#879);
#756=AXIS2_PLACEMENT_3D('',#1221,#881,#882);
#757=AXIS2_PLACEMENT_3D('',#1223,#883,#884);
#758=AXIS2_PLACEMENT_3D('',#1255,#886,#887);
#759=AXIS2_PLACEMENT_3D('',#1272,#888,#889);
#760=AXIS2_PLACEMENT_3D('',#1273,#890,#891);
#761=AXIS2_PLACEMENT_3D('',#1274,#892,#893);
#762=AXIS2_PLACEMENT_3D('',#1275,#894,#895);
#763=AXIS2_PLACEMENT_3D('',#1276,#896,#897);
#764=AXIS2_PLACEMENT_3D('',#1279,#898,#899);
#765=AXIS2_PLACEMENT_3D('',#1280,#900,#901);
#766=AXIS2_PLACEMENT_3D('',#1283,#902,#903);
#767=AXIS2_PLACEMENT_3D('',#1287,#905,#906);
#768=AXIS2_PLACEMENT_3D('',#1289,#907,#908);
#769=AXIS2_PLACEMENT_3D('',#1292,#910,#911);
#770=AXIS2_PLACEMENT_3D('',#1293,#912,#913);
#771=AXIS2_PLACEMENT_3D('',#1297,#915,#916);
#772=AXIS2_PLACEMENT_3D('',#1300,#918,#919);
#773=AXIS2_PLACEMENT_3D('',#1301,#920,#921);
#774=AXIS2_PLACEMENT_3D('',#1308,#923,#924);
#775=AXIS2_PLACEMENT_3D('',#1310,#925,#926);
#776=AXIS2_PLACEMENT_3D('',#1313,#928,#929);
#777=AXIS2_PLACEMENT_3D('',#1314,#930,#931);
#778=AXIS2_PLACEMENT_3D('',#1316,#932,#933);
#779=AXIS2_PLACEMENT_3D('',#1317,#934,#935);
#780=AXIS2_PLACEMENT_3D('',#1339,#936,#937);
#781=AXIS2_PLACEMENT_3D('',#1344,#938,#939);
#782=AXIS2_PLACEMENT_3D('',#1345,#940,#941);
#783=AXIS2_PLACEMENT_3D('',#1509,#942,#943);
#784=AXIS2_PLACEMENT_3D('',#1533,#944,#945);
#785=AXIS2_PLACEMENT_3D('',#1537,#947,#948);
#786=AXIS2_PLACEMENT_3D('',#1539,#949,#950);
#787=AXIS2_PLACEMENT_3D('',#1548,#952,#953);
#788=AXIS2_PLACEMENT_3D('',#1551,#955,#956);
#789=AXIS2_PLACEMENT_3D('',#1616,#957,#958);
#790=AXIS2_PLACEMENT_3D('',#1859,#960,#961);
#791=AXIS2_PLACEMENT_3D('',#1863,#963,#964);
#792=AXIS2_PLACEMENT_3D('',#1865,#966,#967);
#793=AXIS2_PLACEMENT_3D('',#1868,#968,#969);
#794=AXIS2_PLACEMENT_3D('',#1869,#970,#971);
#795=AXIS2_PLACEMENT_3D('',#1870,#972,#973);
#796=AXIS2_PLACEMENT_3D('',#1881,#974,#975);
#797=AXIS2_PLACEMENT_3D('',#1882,#976,#977);
#798=AXIS2_PLACEMENT_3D('',#1883,#978,#979);
#799=AXIS2_PLACEMENT_3D('',#1885,#981,#982);
#800=AXIS2_PLACEMENT_3D('',#1941,#984,#985);
#801=AXIS2_PLACEMENT_3D('',#1943,#986,#987);
#802=AXIS2_PLACEMENT_3D('',#1944,#988,#989);
#803=AXIS2_PLACEMENT_3D('',#1954,#990,#991);
#804=AXIS2_PLACEMENT_3D('',#1955,#992,#993);
#805=AXIS2_PLACEMENT_3D('',#1957,#995,#996);
#806=AXIS2_PLACEMENT_3D('',#1958,#997,#998);
#807=AXIS2_PLACEMENT_3D('',#1959,#999,#1000);
#808=DIRECTION('axis',(0.,0.,1.));
#809=DIRECTION('refdir',(1.,0.,0.));
#810=DIRECTION('axis',(0.,0.,1.));
#811=DIRECTION('refdir',(1.,0.,0.));
#812=DIRECTION('center_axis',(1.,-6.12323399573677E-17,0.));
#813=DIRECTION('ref_axis',(0.,-1.,0.));
#814=DIRECTION('center_axis',(-1.,0.,0.));
#815=DIRECTION('ref_axis',(0.,0.,1.));
#816=DIRECTION('center_axis',(0.,1.22464679914735E-16,-1.));
#817=DIRECTION('ref_axis',(0.,1.,1.22464679914735E-16));
#818=DIRECTION('center_axis',(1.,0.,0.));
#819=DIRECTION('ref_axis',(0.,1.,0.));
#820=DIRECTION('center_axis',(-1.,0.,0.));
#821=DIRECTION('ref_axis',(0.,0.,-1.));
#822=DIRECTION('center_axis',(1.,-6.12323399573677E-17,0.));
#823=DIRECTION('ref_axis',(0.,-1.,0.));
#824=DIRECTION('center_axis',(0.,-1.22464679914735E-16,1.));
#825=DIRECTION('ref_axis',(0.,1.,1.22464679914735E-16));
#826=DIRECTION('axis',(0.,0.,1.));
#827=DIRECTION('refdir',(1.,0.,0.));
#828=DIRECTION('center_axis',(1.,0.,0.));
#829=DIRECTION('ref_axis',(0.,-0.707106781186547,0.707106781186547));
#830=DIRECTION('center_axis',(-0.707106781186547,0.,0.707106781186548));
#831=DIRECTION('ref_axis',(0.707106781186548,0.,0.707106781186547));
#832=DIRECTION('',(-1.,0.,0.));
#833=DIRECTION('center_axis',(1.,0.,0.));
#834=DIRECTION('ref_axis',(0.,0.,1.));
#835=DIRECTION('',(1.,0.,0.));
#836=DIRECTION('center_axis',(0.,0.,1.));
#837=DIRECTION('ref_axis',(0.,-1.,0.));
#838=DIRECTION('',(0.,-1.,0.));
#839=DIRECTION('',(1.,0.,0.));
#840=DIRECTION('center_axis',(0.,0.,1.));
#841=DIRECTION('ref_axis',(0.,1.,0.));
#842=DIRECTION('center_axis',(0.,0.,-1.));
#843=DIRECTION('ref_axis',(0.707106781186547,-0.707106781186547,0.));
#844=DIRECTION('',(0.,0.,-1.));
#845=DIRECTION('center_axis',(-0.707106781186548,0.,-0.707106781186548));
#846=DIRECTION('ref_axis',(0.707106781186547,0.,-0.707106781186547));
#847=DIRECTION('',(0.,0.,1.));
#848=DIRECTION('center_axis',(0.,-1.,0.));
#849=DIRECTION('ref_axis',(0.,0.,-1.));
#850=DIRECTION('center_axis',(0.,-1.,0.));
#851=DIRECTION('ref_axis',(1.,0.,6.12323399573677E-17));
#852=DIRECTION('',(-1.,0.,0.));
#853=DIRECTION('center_axis',(-1.,-5.32907051820075E-15,0.));
#854=DIRECTION('ref_axis',(0.,0.,-1.));
#855=DIRECTION('center_axis',(1.,0.,0.));
#856=DIRECTION('ref_axis',(0.,-0.707106781186547,-0.707106781186547));
#857=DIRECTION('',(1.,0.,0.));
#858=DIRECTION('center_axis',(0.,-1.,0.));
#859=DIRECTION('ref_axis',(0.,0.,-1.));
#860=DIRECTION('center_axis',(0.,1.,0.));
#861=DIRECTION('ref_axis',(1.,0.,6.12323399573677E-17));
#862=DIRECTION('center_axis',(0.,0.,-1.));
#863=DIRECTION('ref_axis',(0.,1.,0.));
#864=DIRECTION('center_axis',(0.,0.,-1.));
#865=DIRECTION('ref_axis',(0.,-1.,0.));
#866=DIRECTION('',(-1.,0.,0.));
#867=DIRECTION('',(0.,1.,0.));
#868=DIRECTION('center_axis',(1.,0.,0.));
#869=DIRECTION('ref_axis',(0.,0.707106781186547,-0.707106781186547));
#870=DIRECTION('center_axis',(-0.707106781186547,0.,-0.707106781186548));
#871=DIRECTION('ref_axis',(0.707106781186548,0.,-0.707106781186547));
#872=DIRECTION('center_axis',(1.,0.,0.));
#873=DIRECTION('ref_axis',(0.,0.,-1.));
#874=DIRECTION('',(1.,0.,0.));
#875=DIRECTION('center_axis',(0.,0.,1.));
#876=DIRECTION('ref_axis',(0.707106781186547,0.707106781186547,0.));
#877=DIRECTION('',(0.,0.,1.));
#878=DIRECTION('center_axis',(-0.707106781186548,0.,0.707106781186548));
#879=DIRECTION('ref_axis',(0.707106781186547,0.,0.707106781186547));
#880=DIRECTION('',(0.,0.,-1.));
#881=DIRECTION('center_axis',(0.,1.,0.));
#882=DIRECTION('ref_axis',(0.,0.,1.));
#883=DIRECTION('center_axis',(0.,1.,0.));
#884=DIRECTION('ref_axis',(1.,0.,-6.12323399573677E-17));
#885=DIRECTION('',(-1.,0.,0.));
#886=DIRECTION('center_axis',(-1.,0.,0.));
#887=DIRECTION('ref_axis',(0.,0.,1.));
#888=DIRECTION('center_axis',(1.,0.,0.));
#889=DIRECTION('ref_axis',(0.,0.707106781186547,0.707106781186547));
#890=DIRECTION('center_axis',(0.,1.,0.));
#891=DIRECTION('ref_axis',(0.,0.,1.));
#892=DIRECTION('center_axis',(0.,-1.,0.));
#893=DIRECTION('ref_axis',(1.,0.,-6.12323399573677E-17));
#894=DIRECTION('center_axis',(1.,0.,0.));
#895=DIRECTION('ref_axis',(0.,0.,-1.));
#896=DIRECTION('center_axis',(6.12323399573677E-17,0.,1.));
#897=DIRECTION('ref_axis',(1.,0.,0.));
#898=DIRECTION('center_axis',(1.22464679914735E-16,-1.,0.));
#899=DIRECTION('ref_axis',(-1.,-1.22464679914735E-16,0.));
#900=DIRECTION('center_axis',(-1.,0.,0.));
#901=DIRECTION('ref_axis',(0.,0.98139265486002,-0.192011606385658));
#902=DIRECTION('center_axis',(0.707106781186548,0.394690524237183,-0.586702130622837));
#903=DIRECTION('ref_axis',(-0.707106781186547,0.394690524237184,-0.586702130622838));
#904=DIRECTION('',(1.,0.,0.));
#905=DIRECTION('center_axis',(-0.707106781186547,0.394690524237184,-0.586702130622838));
#906=DIRECTION('ref_axis',(0.707106781186548,0.394690524237183,-0.586702130622837));
#907=DIRECTION('center_axis',(-0.707106781186548,0.586702130622837,0.394690524237183));
#908=DIRECTION('ref_axis',(0.707106781186547,0.586702130622838,0.394690524237184));
#909=DIRECTION('',(-1.,0.,0.));
#910=DIRECTION('center_axis',(0.707106781186548,0.586702130622837,0.394690524237183));
#911=DIRECTION('ref_axis',(-0.707106781186547,0.586702130622838,0.394690524237184));
#912=DIRECTION('center_axis',(0.,-0.82972211020001,-0.558176692316369));
#913=DIRECTION('ref_axis',(-1.,0.,0.));
#914=DIRECTION('',(0.,-0.82972211020001,-0.558176692316369));
#915=DIRECTION('center_axis',(0.,-0.829722110200008,-0.558176692316372));
#916=DIRECTION('ref_axis',(-1.,0.,0.));
#917=DIRECTION('',(0.,0.82972211020001,0.558176692316369));
#918=DIRECTION('center_axis',(0.,-0.192011606385655,-0.981392654860021));
#919=DIRECTION('ref_axis',(0.,0.981392654860021,-0.192011606385655));
#920=DIRECTION('center_axis',(0.,0.558176692316369,-0.82972211020001));
#921=DIRECTION('ref_axis',(-1.,0.,0.));
#922=DIRECTION('',(0.,0.82972211020001,0.558176692316369));
#923=DIRECTION('center_axis',(0.,-0.82972211020001,-0.558176692316369));
#924=DIRECTION('ref_axis',(0.,0.558176692316372,-0.829722110200008));
#925=DIRECTION('center_axis',(0.,-0.192011606385659,-0.98139265486002));
#926=DIRECTION('ref_axis',(0.,0.98139265486002,-0.192011606385659));
#927=DIRECTION('',(0.,-0.82972211020001,-0.558176692316369));
#928=DIRECTION('center_axis',(0.,-0.82972211020001,-0.558176692316368));
#929=DIRECTION('ref_axis',(0.,0.558176692316368,-0.82972211020001));
#930=DIRECTION('center_axis',(0.0479954335338562,-0.996161186665638,0.0732074350104256));
#931=DIRECTION('ref_axis',(-0.546176782204239,-0.087537935667393,-0.83308344864132));
#932=DIRECTION('center_axis',(-1.,-1.49728543072255E-15,-1.00726474430426E-15));
#933=DIRECTION('ref_axis',(0.,0.558176692316372,-0.829722110200008));
#934=DIRECTION('center_axis',(0.,0.695577894826183,-0.71845068879442));
#935=DIRECTION('ref_axis',(-1.,0.,0.));
#936=DIRECTION('center_axis',(-1.,-2.99457086144509E-15,-2.01452948860853E-15));
#937=DIRECTION('ref_axis',(0.,0.558176692316372,-0.829722110200008));
#938=DIRECTION('center_axis',(-0.047995433533839,-0.99616118666564,0.0732074350104027));
#939=DIRECTION('ref_axis',(0.546176782204236,-0.087537935667359,-0.833083448641326));
#940=DIRECTION('center_axis',(0.,0.695577894826183,-0.71845068879442));
#941=DIRECTION('ref_axis',(0.,-0.718450688794421,-0.695577894826181));
#942=DIRECTION('center_axis',(0.,0.863331521885693,0.504637179881282));
#943=DIRECTION('ref_axis',(0.,-0.504637179881282,0.863331521885693));
#944=DIRECTION('center_axis',(1.,0.,0.));
#945=DIRECTION('ref_axis',(0.,1.,0.));
#946=DIRECTION('',(0.,0.558176692316369,-0.82972211020001));
#947=DIRECTION('center_axis',(-1.,0.,0.));
#948=DIRECTION('ref_axis',(0.,0.568611937460162,0.822605898701073));
#949=DIRECTION('center_axis',(1.,0.,0.));
#950=DIRECTION('ref_axis',(0.,0.228975701326153,0.973432138467904));
#951=DIRECTION('',(0.,-1.,0.));
#952=DIRECTION('center_axis',(0.,0.558176692316369,-0.82972211020001));
#953=DIRECTION('ref_axis',(0.707106781186545,0.586702130622841,0.394690524237183));
#954=DIRECTION('',(0.,-0.558176692316369,0.82972211020001));
#955=DIRECTION('center_axis',(0.,-0.558176692316369,0.82972211020001));
#956=DIRECTION('ref_axis',(1.,0.,0.));
#957=DIRECTION('center_axis',(2.04660434607638E-15,0.863331521885693,0.504637179881281));
#958=DIRECTION('ref_axis',(-1.,1.33226762955019E-15,1.77635683940025E-15));
#959=DIRECTION('',(1.,0.,0.));
#960=DIRECTION('center_axis',(0.,-0.558176692316369,0.82972211020001));
#961=DIRECTION('ref_axis',(-0.707106781186545,0.586702130622841,0.394690524237183));
#962=DIRECTION('',(0.,-0.558176692316369,0.82972211020001));
#963=DIRECTION('center_axis',(0.,0.558176692316371,-0.829722110200009));
#964=DIRECTION('ref_axis',(-1.,0.,0.));
#965=DIRECTION('',(0.,0.558176692316369,-0.82972211020001));
#966=DIRECTION('center_axis',(1.,0.,0.));
#967=DIRECTION('ref_axis',(0.,0.,-1.));
#968=DIRECTION('center_axis',(0.,0.973432138467904,-0.228975701326154));
#969=DIRECTION('ref_axis',(-1.,0.,0.));
#970=DIRECTION('center_axis',(-1.,0.,0.));
#971=DIRECTION('ref_axis',(0.,0.568611937460162,0.822605898701073));
#972=DIRECTION('center_axis',(1.,0.,0.));
#973=DIRECTION('ref_axis',(0.,0.568611937460162,0.822605898701073));
#974=DIRECTION('center_axis',(0.,0.,-1.));
#975=DIRECTION('ref_axis',(0.,-1.,0.));
#976=DIRECTION('center_axis',(-1.,0.,0.));
#977=DIRECTION('ref_axis',(0.,0.228975701326153,0.973432138467904));
#978=DIRECTION('center_axis',(1.,0.,0.));
#979=DIRECTION('ref_axis',(0.,1.,0.));
#980=DIRECTION('',(0.,1.,0.));
#981=DIRECTION('center_axis',(0.,0.82972211020001,0.558176692316369));
#982=DIRECTION('ref_axis',(1.,0.,0.));
#983=DIRECTION('',(-1.,0.,0.));
#984=DIRECTION('center_axis',(-1.,0.,0.));
#985=DIRECTION('ref_axis',(0.,0.,1.));
#986=DIRECTION('center_axis',(0.,0.973432138467904,-0.228975701326154));
#987=DIRECTION('ref_axis',(0.,0.228975701326154,0.973432138467904));
#988=DIRECTION('center_axis',(1.,0.,0.));
#989=DIRECTION('ref_axis',(0.,0.568611937460162,0.822605898701073));
#990=DIRECTION('center_axis',(0.,0.,-1.));
#991=DIRECTION('ref_axis',(0.,-1.,0.));
#992=DIRECTION('center_axis',(-1.,0.,0.));
#993=DIRECTION('ref_axis',(0.,0.228975701326154,0.973432138467904));
#994=DIRECTION('',(1.,0.,0.));
#995=DIRECTION('center_axis',(0.,0.,1.));
#996=DIRECTION('ref_axis',(0.,-1.,0.));
#997=DIRECTION('',(0.,0.,1.));
#998=DIRECTION('',(1.,0.,0.));
#999=DIRECTION('',(0.,0.,1.));
#1000=DIRECTION('',(1.,0.,0.));
#1001=CARTESIAN_POINT('',(0.,0.,0.));
#1002=CARTESIAN_POINT('',(0.,0.,0.));
#1003=CARTESIAN_POINT('Origin',(0.,0.,0.));
#1004=CARTESIAN_POINT('',(0.,40.,4.89858719658941E-15));
#1005=CARTESIAN_POINT('Origin',(0.,0.,0.));
#1006=CARTESIAN_POINT('',(-40.,2.44929359829471E-15,2.99951956532372E-31));
#1007=CARTESIAN_POINT('Origin',(0.,0.,0.));
#1008=CARTESIAN_POINT('Origin',(0.,0.,0.));
#1009=CARTESIAN_POINT('',(0.,50.,6.12323399573677E-15));
#1010=CARTESIAN_POINT('Origin',(0.,0.,0.));
#1011=CARTESIAN_POINT('Origin',(0.,0.,0.));
#1012=CARTESIAN_POINT('',(-50.,3.06161699786838E-15,3.74939945665464E-31));
#1013=CARTESIAN_POINT('Origin',(0.,0.,0.));
#1014=CARTESIAN_POINT('',(0.,0.,0.));
#1015=CARTESIAN_POINT('Origin',(0.,-5.,5.));
#1016=CARTESIAN_POINT('',(95.,-10.,5.));
#1017=CARTESIAN_POINT('',(100.,-5.,10.));
#1018=CARTESIAN_POINT('Origin',(95.,-5.,5.));
#1019=CARTESIAN_POINT('',(41.0609303352956,-5.,10.));
#1020=CARTESIAN_POINT('',(0.,-5.,10.));
#1021=CARTESIAN_POINT('',(41.0609303352956,-10.,5.));
#1022=CARTESIAN_POINT('Origin',(41.0609303352956,-5.,5.));
#1023=CARTESIAN_POINT('',(0.,-10.,5.));
#1024=CARTESIAN_POINT('Ctrl Pts',(41.0609303352956,-5.,10.));
#1025=CARTESIAN_POINT('Ctrl Pts',(39.3037372409307,-5.,10.));
#1026=CARTESIAN_POINT('Ctrl Pts',(35.2006916545804,-6.08365701839148,10.));
#1027=CARTESIAN_POINT('Ctrl Pts',(32.3772962383681,-9.3914958379638,10.));
#1028=CARTESIAN_POINT('Ctrl Pts',(31.5697771042109,-11.5909090924932,10.));
#1029=CARTESIAN_POINT('Ctrl Pts',(41.0609303352956,-5.74799825085471,10.));
#1030=CARTESIAN_POINT('Ctrl Pts',(39.4333205948808,-5.73793737563671,9.99996486559146));
#1031=CARTESIAN_POINT('Ctrl Pts',(35.6182285454523,-6.71463010407349,9.99997028647967));
#1032=CARTESIAN_POINT('Ctrl Pts',(32.9656547470052,-9.77794343255479,10.0000225598559));
#1033=CARTESIAN_POINT('Ctrl Pts',(32.2059681193245,-11.8244879420456,10.));
#1034=CARTESIAN_POINT('Ctrl Pts',(41.0609303352956,-7.24096142934356,9.65773933863669));
#1035=CARTESIAN_POINT('Ctrl Pts',(39.6920805424846,-7.21091351290545,9.66704984605978));
#1036=CARTESIAN_POINT('Ctrl Pts',(36.4519163126411,-7.97446665195228,9.69133810076783));
#1037=CARTESIAN_POINT('Ctrl Pts',(34.1406014899055,-10.5498041948862,9.71330505424169));
#1038=CARTESIAN_POINT('Ctrl Pts',(33.4765282759357,-12.2909767364767,9.71980210403536));
#1039=CARTESIAN_POINT('Ctrl Pts',(41.0609303352956,-9.34411057708013,7.98510845123069));
#1040=CARTESIAN_POINT('Ctrl Pts',(40.0559195847338,-9.29946503160729,8.03698644879554));
#1041=CARTESIAN_POINT('Ctrl Pts',(37.6436722874905,-9.79670705230703,8.17271817158357));
#1042=CARTESIAN_POINT('Ctrl Pts',(35.8580374991554,-11.679701189131,8.29694535895126));
#1043=CARTESIAN_POINT('Ctrl Pts',(35.3423042284164,-12.9760002438034,8.33388368919029));
#1044=CARTESIAN_POINT('Ctrl Pts',(41.0609303352956,-10.,6.12199737628207));
#1045=CARTESIAN_POINT('Ctrl Pts',(40.1705190402314,-9.97599602504585,6.21237909684908));
#1046=CARTESIAN_POINT('Ctrl Pts',(38.0509645437894,-10.4561036646683,6.45067203097859));
#1047=CARTESIAN_POINT('Ctrl Pts',(36.5144325917671,-12.1170845410396,6.67407669397835));
#1048=CARTESIAN_POINT('Ctrl Pts',(36.072055131264,-13.2439298000177,6.7408146950827));
#1049=CARTESIAN_POINT('Ctrl Pts',(41.0609303352956,-10.,5.));
#1050=CARTESIAN_POINT('Ctrl Pts',(40.1694963166458,-10.,5.10542370431528));
#1051=CARTESIAN_POINT('Ctrl Pts',(38.0818400497405,-10.5418285091957,5.38560011205259));
#1052=CARTESIAN_POINT('Ctrl Pts',(36.6289369341248,-12.1957479189819,5.6545639945854));
#1053=CARTESIAN_POINT('Ctrl Pts',(36.212391384609,-13.2954545462466,5.7352941177052));
#1054=CARTESIAN_POINT('',(37.2566816280903,-5.73930954725785,10.));
#1055=CARTESIAN_POINT('',(36.2123913843779,-13.2954545461557,5.73529411775001));
#1056=CARTESIAN_POINT('Ctrl Pts',(36.2123913849088,-13.2954545454552,5.73529411764711));
#1057=CARTESIAN_POINT('Ctrl Pts',(36.2129391024628,-13.2925543348355,5.73855906895551));
#1058=CARTESIAN_POINT('Ctrl Pts',(36.2134863381093,-13.2896534686192,5.74182351650714));
#1059=CARTESIAN_POINT('Ctrl Pts',(36.3419065863369,-12.6081527193481,6.50844653409782));
#1060=CARTESIAN_POINT('Ctrl Pts',(36.4425967940571,-11.9027095569274,7.23282277134912));
#1061=CARTESIAN_POINT('Ctrl Pts',(36.6375821752694,-10.398763407194,8.44974674116679));
#1062=CARTESIAN_POINT('Ctrl Pts',(36.7488529466253,-9.45734989223023,9.08760406501481));
#1063=CARTESIAN_POINT('Ctrl Pts',(37.0026875675826,-7.4869158491055,9.8257079223818));
#1064=CARTESIAN_POINT('Ctrl Pts',(37.1212879705026,-6.61821638184911,10.));
#1065=CARTESIAN_POINT('Ctrl Pts',(37.2566816278401,-5.73930954747685,10.));
#1066=CARTESIAN_POINT('Ctrl Pts',(36.212391384609,-13.2954545462466,5.7352941177052));
#1067=CARTESIAN_POINT('Ctrl Pts',(36.6289369341248,-12.1957479189819,5.6545639945854));
#1068=CARTESIAN_POINT('Ctrl Pts',(38.0818400497405,-10.5418285091957,5.38560011205259));
#1069=CARTESIAN_POINT('Ctrl Pts',(40.1694963166458,-10.,5.10542370431528));
#1070=CARTESIAN_POINT('Ctrl Pts',(41.0609303352956,-10.,5.));
#1071=CARTESIAN_POINT('Ctrl Pts',(41.0609303352956,-5.,10.));
#1072=CARTESIAN_POINT('Ctrl Pts',(39.7616682449269,-5.,10.));
#1073=CARTESIAN_POINT('Ctrl Pts',(38.4617200297014,-5.25390404561435,10.));
#1074=CARTESIAN_POINT('Ctrl Pts',(37.2566030531191,-5.73911500370253,10.));
#1075=CARTESIAN_POINT('Origin',(0.,10.,10.));
#1076=CARTESIAN_POINT('',(100.,5.,10.));
#1077=CARTESIAN_POINT('',(100.,-10.,10.));
#1078=CARTESIAN_POINT('',(41.0609303352956,5.,10.));
#1079=CARTESIAN_POINT('',(0.,5.,10.));
#1080=CARTESIAN_POINT('',(37.2566816289996,5.73930954646194,10.));
#1081=CARTESIAN_POINT('Ctrl Pts',(37.2566030964799,5.7391151080114,10.));
#1082=CARTESIAN_POINT('Ctrl Pts',(38.4617200641954,5.25390417287637,10.));
#1083=CARTESIAN_POINT('Ctrl Pts',(39.7616683389666,5.,10.));
#1084=CARTESIAN_POINT('Ctrl Pts',(41.0609303352956,5.,10.));
#1085=CARTESIAN_POINT('Origin',(0.,0.,10.));
#1086=CARTESIAN_POINT('Origin',(95.,-5.,5.));
#1087=CARTESIAN_POINT('',(95.,-10.,-5.));
#1088=CARTESIAN_POINT('',(95.,-10.,5.));
#1089=CARTESIAN_POINT('',(100.,-5.,-10.));
#1090=CARTESIAN_POINT('Origin',(95.,-5.,-5.));
#1091=CARTESIAN_POINT('',(100.,-5.,5.));
#1092=CARTESIAN_POINT('Origin',(0.,-10.,10.));
#1093=CARTESIAN_POINT('',(41.0609303352956,-10.,-5.));
#1094=CARTESIAN_POINT('Origin',(0.,-10.,0.));
#1095=CARTESIAN_POINT('',(0.,-10.,-5.));
#1096=CARTESIAN_POINT('Ctrl Pts',(31.5697771047415,-11.590909091048,-10.));
#1097=CARTESIAN_POINT('Ctrl Pts',(32.3772963727627,-9.39149547297196,-10.));
#1098=CARTESIAN_POINT('Ctrl Pts',(35.2006907169982,-6.0836578231663,-10.));
#1099=CARTESIAN_POINT('Ctrl Pts',(39.3037371567887,-5.,-10.));
#1100=CARTESIAN_POINT('Ctrl Pts',(41.0609303352956,-5.,-10.));
#1101=CARTESIAN_POINT('Ctrl Pts',(32.2059681198237,-11.8244879407007,-10.));
#1102=CARTESIAN_POINT('Ctrl Pts',(32.9656548734382,-9.77794309293421,-10.0000225598596));
#1103=CARTESIAN_POINT('Ctrl Pts',(35.6182276685929,-6.71463084687249,-9.99997028646216));
#1104=CARTESIAN_POINT('Ctrl Pts',(39.4333205169439,-5.73793737515496,-9.99996486558978));
#1105=CARTESIAN_POINT('Ctrl Pts',(41.0609303352956,-5.74799825085471,-10.));
#1106=CARTESIAN_POINT('Ctrl Pts',(33.4765282763718,-12.2909767353323,-9.71980210403089));
#1107=CARTESIAN_POINT('Ctrl Pts',(34.1406016004238,-10.5498039059472,-9.71330505316036));
#1108=CARTESIAN_POINT('Ctrl Pts',(36.451915557108,-7.97446727102715,-9.69133810727901));
#1109=CARTESIAN_POINT('Ctrl Pts',(39.6920804769384,-7.21091351146622,-9.66704984650537));
#1110=CARTESIAN_POINT('Ctrl Pts',(41.0609303352956,-7.24096142934315,-9.65773933863645));
#1111=CARTESIAN_POINT('Ctrl Pts',(35.3423042287547,-12.9760002429514,-8.33388368916569));
#1112=CARTESIAN_POINT('Ctrl Pts',(35.8580375849839,-11.6797009740229,-8.29694535280435));
#1113=CARTESIAN_POINT('Ctrl Pts',(37.6436717128023,-9.7967074995626,-8.17271820830101));
#1114=CARTESIAN_POINT('Ctrl Pts',(40.0559195366101,-9.29946502946846,-8.03698645127932));
#1115=CARTESIAN_POINT('Ctrl Pts',(41.0609303352956,-9.34411057707912,-7.98510845123033));
#1116=CARTESIAN_POINT('Ctrl Pts',(36.0720551315548,-13.2439297992767,-6.74081469503883));
#1117=CARTESIAN_POINT('Ctrl Pts',(36.5144326653891,-12.1170843540463,-6.6740766828732));
#1118=CARTESIAN_POINT('Ctrl Pts',(38.0509640454049,-10.456104062349,-6.45067209641531));
#1119=CARTESIAN_POINT('Ctrl Pts',(40.1705189975953,-9.97599602389644,-6.21237910117695));
#1120=CARTESIAN_POINT('Ctrl Pts',(41.0609303352956,-10.,-6.12199737628207));
#1121=CARTESIAN_POINT('Ctrl Pts',(36.2123913848828,-13.295454545524,-5.73529411765216));
#1122=CARTESIAN_POINT('Ctrl Pts',(36.6289370034494,-12.195747736486,-5.65456398115219));
#1123=CARTESIAN_POINT('Ctrl Pts',(38.0818395697103,-10.5418289115832,-5.38560019013105));
#1124=CARTESIAN_POINT('Ctrl Pts',(40.1694962739607,-10.,-5.10542370936343));
#1125=CARTESIAN_POINT('Ctrl Pts',(41.0609303352956,-10.,-5.));
#1126=CARTESIAN_POINT('',(41.0609303352956,-5.,-10.));
#1127=CARTESIAN_POINT('Origin',(41.0609303352956,-5.,-5.));
#1128=CARTESIAN_POINT('',(36.2123913848625,-13.295454545516,-5.73529411765608));
#1129=CARTESIAN_POINT('Ctrl Pts',(41.0609303352956,-10.,-5.));
#1130=CARTESIAN_POINT('Ctrl Pts',(40.1694962739607,-10.,-5.10542370936343));
#1131=CARTESIAN_POINT('Ctrl Pts',(38.0818395697103,-10.5418289115832,-5.38560019013105));
#1132=CARTESIAN_POINT('Ctrl Pts',(36.6289370034494,-12.195747736486,-5.65456398115219));
#1133=CARTESIAN_POINT('Ctrl Pts',(36.2123913848828,-13.295454545524,-5.73529411765216));
#1134=CARTESIAN_POINT('',(37.2566816289996,-5.73930954646194,-10.));
#1135=CARTESIAN_POINT('Ctrl Pts',(37.2566816278401,-5.73930954747685,-10.));
#1136=CARTESIAN_POINT('Ctrl Pts',(37.1212879706277,-6.6182163810366,-10.));
#1137=CARTESIAN_POINT('Ctrl Pts',(37.0026875677998,-7.48691584751282,-9.82570792270156));
#1138=CARTESIAN_POINT('Ctrl Pts',(36.7488529467029,-9.4573498914994,-9.08760406566881));
#1139=CARTESIAN_POINT('Ctrl Pts',(36.6375821752212,-10.3987634076271,-8.44974674094038));
#1140=CARTESIAN_POINT('Ctrl Pts',(36.4425967954485,-11.9027095461274,-7.23282277994957));
#1141=CARTESIAN_POINT('Ctrl Pts',(36.3419066206634,-12.6081525373897,-6.50844673852871));
#1142=CARTESIAN_POINT('Ctrl Pts',(36.2134863376958,-13.2896534708099,-5.74182351404724));
#1143=CARTESIAN_POINT('Ctrl Pts',(36.2129391028833,-13.2925543326089,-5.73855907146216));
#1144=CARTESIAN_POINT('Ctrl Pts',(36.2123913849088,-13.2954545454552,-5.73529411764711));
#1145=CARTESIAN_POINT('Ctrl Pts',(37.2566030965386,-5.73911510815659,-10.));
#1146=CARTESIAN_POINT('Ctrl Pts',(38.4617200642416,-5.25390417305414,-10.));
#1147=CARTESIAN_POINT('Ctrl Pts',(39.7616683390956,-5.,-10.));
#1148=CARTESIAN_POINT('Ctrl Pts',(41.0609303352956,-5.,-10.));
#1149=CARTESIAN_POINT('Origin',(0.,-5.,-5.));
#1150=CARTESIAN_POINT('',(0.,-5.,-10.));
#1151=CARTESIAN_POINT('Origin',(0.,-15.,0.));
#1152=CARTESIAN_POINT('Origin',(0.,-13.2954545454545,0.));
#1153=CARTESIAN_POINT('Origin',(0.,-10.,-10.));
#1154=CARTESIAN_POINT('',(37.2566816280903,5.73930954725786,-10.));
#1155=CARTESIAN_POINT('Origin',(0.,0.,-10.));
#1156=CARTESIAN_POINT('',(41.0609303352956,5.,-10.));
#1157=CARTESIAN_POINT('Ctrl Pts',(41.0609303352956,5.,-10.));
#1158=CARTESIAN_POINT('Ctrl Pts',(39.7616682447161,5.,-10.));
#1159=CARTESIAN_POINT('Ctrl Pts',(38.4617200296262,5.25390404532218,-10.));
#1160=CARTESIAN_POINT('Ctrl Pts',(37.2566030530229,5.73911500346421,-10.));
#1161=CARTESIAN_POINT('',(100.,5.,-10.));
#1162=CARTESIAN_POINT('',(0.,5.,-10.));
#1163=CARTESIAN_POINT('',(100.,10.,-10.));
#1164=CARTESIAN_POINT('Origin',(0.,5.,-5.));
#1165=CARTESIAN_POINT('',(95.,10.,-5.));
#1166=CARTESIAN_POINT('Origin',(95.,5.,-5.));
#1167=CARTESIAN_POINT('',(41.0609303352956,10.,-5.));
#1168=CARTESIAN_POINT('Origin',(41.0609303352956,5.,-5.));
#1169=CARTESIAN_POINT('',(0.,10.,-5.));
#1170=CARTESIAN_POINT('Ctrl Pts',(41.0609303352956,5.,-10.));
#1171=CARTESIAN_POINT('Ctrl Pts',(39.3037372411199,5.,-10.));
#1172=CARTESIAN_POINT('Ctrl Pts',(35.2006916566909,6.08365701655957,-10.));
#1173=CARTESIAN_POINT('Ctrl Pts',(32.3772962380363,9.39149583886749,-10.));
#1174=CARTESIAN_POINT('Ctrl Pts',(31.5697771042109,11.5909090924932,-10.));
#1175=CARTESIAN_POINT('Ctrl Pts',(41.0609303352956,5.74799825085471,-10.));
#1176=CARTESIAN_POINT('Ctrl Pts',(39.4333205950561,5.73793737563779,-9.99996486559146));
#1177=CARTESIAN_POINT('Ctrl Pts',(35.6182285474262,6.71463010238244,-9.99997028647971));
#1178=CARTESIAN_POINT('Ctrl Pts',(32.965654746693,9.77794343339568,-10.0000225598558));
#1179=CARTESIAN_POINT('Ctrl Pts',(32.2059681193245,11.8244879420455,-10.));
#1180=CARTESIAN_POINT('Ctrl Pts',(41.0609303352956,7.24096142934356,-9.65773933863669));
#1181=CARTESIAN_POINT('Ctrl Pts',(39.692080542632,7.21091351290868,-9.66704984605878));
#1182=CARTESIAN_POINT('Ctrl Pts',(36.4519163143419,7.97446665054243,-9.69133810075317));
#1183=CARTESIAN_POINT('Ctrl Pts',(34.1406014896327,10.5498041956016,-9.71330505424436));
#1184=CARTESIAN_POINT('Ctrl Pts',(33.4765282759357,12.2909767364767,-9.71980210403536));
#1185=CARTESIAN_POINT('Ctrl Pts',(41.0609303352956,9.34411057708014,-7.98510845123069));
#1186=CARTESIAN_POINT('Ctrl Pts',(40.0559195848422,9.2994650316121,-8.03698644878996));
#1187=CARTESIAN_POINT('Ctrl Pts',(37.6436722887843,9.79670705128797,-8.17271817150085));
#1188=CARTESIAN_POINT('Ctrl Pts',(35.8580374989435,11.6797011896636,-8.29694535896645));
#1189=CARTESIAN_POINT('Ctrl Pts',(35.3423042284164,12.9760002438034,-8.33388368919029));
#1190=CARTESIAN_POINT('Ctrl Pts',(41.0609303352956,10.,-6.12199737628207));
#1191=CARTESIAN_POINT('Ctrl Pts',(40.1705190403275,9.97599602504843,-6.21237909683935));
#1192=CARTESIAN_POINT('Ctrl Pts',(38.0509645449113,10.4561036637625,-6.45067203083115));
#1193=CARTESIAN_POINT('Ctrl Pts',(36.5144325915854,12.1170845415025,-6.67407669400577));
#1194=CARTESIAN_POINT('Ctrl Pts',(36.0720551312641,13.2439298000177,-6.7408146950827));
#1195=CARTESIAN_POINT('Ctrl Pts',(41.0609303352956,10.,-5.));
#1196=CARTESIAN_POINT('Ctrl Pts',(40.169496316742,10.,-5.10542370430393));
#1197=CARTESIAN_POINT('Ctrl Pts',(38.081840050821,10.5418285082798,-5.38560011187665));
#1198=CARTESIAN_POINT('Ctrl Pts',(36.6289369339536,12.1957479194337,-5.65456399461858));
#1199=CARTESIAN_POINT('Ctrl Pts',(36.212391384609,13.2954545462466,-5.7352941177052));
#1200=CARTESIAN_POINT('',(36.2123913843779,13.2954545461557,-5.73529411775001));
#1201=CARTESIAN_POINT('Ctrl Pts',(36.2123913849088,13.2954545454552,-5.7352941176471));
#1202=CARTESIAN_POINT('Ctrl Pts',(36.2129391024628,13.2925543348355,-5.73855906895556));
#1203=CARTESIAN_POINT('Ctrl Pts',(36.2134863381089,13.2896534686213,-5.74182351650481));
#1204=CARTESIAN_POINT('Ctrl Pts',(36.3419065862904,12.608152719595,-6.50844653382069));
#1205=CARTESIAN_POINT('Ctrl Pts',(36.4425967940552,11.9027095569425,-7.23282277133706));
#1206=CARTESIAN_POINT('Ctrl Pts',(36.6375821752695,10.3987634071933,-8.44974674116716));
#1207=CARTESIAN_POINT('Ctrl Pts',(36.7488529466251,9.45734989223203,-9.08760406501324));
#1208=CARTESIAN_POINT('Ctrl Pts',(37.0026875675821,7.48691584910924,-9.82570792238105));
#1209=CARTESIAN_POINT('Ctrl Pts',(37.1212879705023,6.61821638185102,-10.));
#1210=CARTESIAN_POINT('Ctrl Pts',(37.2566816278401,5.73930954747685,-10.));
#1211=CARTESIAN_POINT('Ctrl Pts',(36.212391384609,13.2954545462466,-5.7352941177052));
#1212=CARTESIAN_POINT('Ctrl Pts',(36.6289369339536,12.1957479194337,-5.65456399461858));
#1213=CARTESIAN_POINT('Ctrl Pts',(38.081840050821,10.5418285082798,-5.38560011187665));
#1214=CARTESIAN_POINT('Ctrl Pts',(40.169496316742,10.,-5.10542370430393));
#1215=CARTESIAN_POINT('Ctrl Pts',(41.0609303352956,10.,-5.));
#1216=CARTESIAN_POINT('Origin',(95.,5.,-5.));
#1217=CARTESIAN_POINT('',(95.,10.,5.));
#1218=CARTESIAN_POINT('',(95.,10.,-5.));
#1219=CARTESIAN_POINT('Origin',(95.,5.,5.));
#1220=CARTESIAN_POINT('',(100.,5.,-5.));
#1221=CARTESIAN_POINT('Origin',(0.,10.,-10.));
#1222=CARTESIAN_POINT('',(41.0609303352956,10.,5.));
#1223=CARTESIAN_POINT('Origin',(0.,10.,0.));
#1224=CARTESIAN_POINT('',(0.,10.,5.));
#1225=CARTESIAN_POINT('Ctrl Pts',(31.5697771047415,11.5909090910479,10.));
#1226=CARTESIAN_POINT('Ctrl Pts',(32.3772963725617,9.39149547351939,10.));
#1227=CARTESIAN_POINT('Ctrl Pts',(35.2006907182831,6.0836578220518,10.));
#1228=CARTESIAN_POINT('Ctrl Pts',(39.3037371569027,5.,10.));
#1229=CARTESIAN_POINT('Ctrl Pts',(41.0609303352956,5.,10.));
#1230=CARTESIAN_POINT('Ctrl Pts',(32.2059681198237,11.8244879407007,10.));
#1231=CARTESIAN_POINT('Ctrl Pts',(32.9656548732491,9.77794309344357,10.0000225598596));
#1232=CARTESIAN_POINT('Ctrl Pts',(35.6182276697947,6.71463084584369,9.99997028646218));
#1233=CARTESIAN_POINT('Ctrl Pts',(39.4333205170495,5.73793737515561,9.99996486558978));
#1234=CARTESIAN_POINT('Ctrl Pts',(41.0609303352956,5.74799825085471,10.));
#1235=CARTESIAN_POINT('Ctrl Pts',(33.4765282763718,12.2909767353323,9.71980210403089));
#1236=CARTESIAN_POINT('Ctrl Pts',(34.1406016002585,10.5498039063806,9.71330505316197));
#1237=CARTESIAN_POINT('Ctrl Pts',(36.4519155581435,7.97446727016944,9.69133810727008));
#1238=CARTESIAN_POINT('Ctrl Pts',(39.6920804770272,7.21091351146817,9.66704984650477));
#1239=CARTESIAN_POINT('Ctrl Pts',(41.0609303352956,7.24096142934315,9.65773933863645));
#1240=CARTESIAN_POINT('Ctrl Pts',(35.3423042287546,12.9760002429514,8.33388368916569));
#1241=CARTESIAN_POINT('Ctrl Pts',(35.8580375848555,11.6797009743455,8.29694535281354));
#1242=CARTESIAN_POINT('Ctrl Pts',(37.6436717135901,9.79670749894267,8.17271820825065));
#1243=CARTESIAN_POINT('Ctrl Pts',(40.0559195366754,9.29946502947135,8.03698645127595));
#1244=CARTESIAN_POINT('Ctrl Pts',(41.0609303352956,9.34411057707912,7.98510845123033));
#1245=CARTESIAN_POINT('Ctrl Pts',(36.0720551315548,13.2439297992767,6.74081469503883));
#1246=CARTESIAN_POINT('Ctrl Pts',(36.5144326652791,12.1170843543267,6.67407668288981));
#1247=CARTESIAN_POINT('Ctrl Pts',(38.0509640460881,10.456104061798,6.45067209632555));
#1248=CARTESIAN_POINT('Ctrl Pts',(40.1705189976532,9.97599602389799,6.21237910117108));
#1249=CARTESIAN_POINT('Ctrl Pts',(41.0609303352956,10.,6.12199737628207));
#1250=CARTESIAN_POINT('Ctrl Pts',(36.2123913848828,13.295454545524,5.73529411765216));
#1251=CARTESIAN_POINT('Ctrl Pts',(36.6289370033457,12.1957477367597,5.65456398117229));
#1252=CARTESIAN_POINT('Ctrl Pts',(38.0818395703682,10.5418289110259,5.38560019002394));
#1253=CARTESIAN_POINT('Ctrl Pts',(40.1694962740187,10.,5.10542370935659));
#1254=CARTESIAN_POINT('Ctrl Pts',(41.0609303352956,10.,5.));
#1255=CARTESIAN_POINT('Origin',(41.0609303352956,5.,5.));
#1256=CARTESIAN_POINT('',(36.2123913848625,13.295454545516,5.73529411765608));
#1257=CARTESIAN_POINT('Ctrl Pts',(41.0609303352956,10.,5.));
#1258=CARTESIAN_POINT('Ctrl Pts',(40.1694962740187,10.,5.10542370935659));
#1259=CARTESIAN_POINT('Ctrl Pts',(38.0818395703682,10.5418289110259,5.38560019002394));
#1260=CARTESIAN_POINT('Ctrl Pts',(36.6289370033457,12.1957477367597,5.65456398117229));
#1261=CARTESIAN_POINT('Ctrl Pts',(36.2123913848828,13.295454545524,5.73529411765216));
#1262=CARTESIAN_POINT('Ctrl Pts',(37.2566816278402,5.73930954747685,10.));
#1263=CARTESIAN_POINT('Ctrl Pts',(37.1212879706275,6.61821638103777,10.));
#1264=CARTESIAN_POINT('Ctrl Pts',(37.0026875677995,7.48691584751512,9.8257079227011));
#1265=CARTESIAN_POINT('Ctrl Pts',(36.7488529467027,9.45734989150123,9.08760406566757));
#1266=CARTESIAN_POINT('Ctrl Pts',(36.6375821752211,10.3987634076276,8.44974674093989));
#1267=CARTESIAN_POINT('Ctrl Pts',(36.4425967932808,11.9027095628471,7.2328227664209));
#1268=CARTESIAN_POINT('Ctrl Pts',(36.3419065703483,12.6081528040909,6.50844643888459));
#1269=CARTESIAN_POINT('Ctrl Pts',(36.2134863383098,13.2896534675566,5.74182351770042));
#1270=CARTESIAN_POINT('Ctrl Pts',(36.21293910227,13.2925543358561,5.73855906780659));
#1271=CARTESIAN_POINT('Ctrl Pts',(36.2123913849088,13.2954545454552,5.73529411764711));
#1272=CARTESIAN_POINT('Origin',(0.,5.,5.));
#1273=CARTESIAN_POINT('Origin',(0.,15.,0.));
#1274=CARTESIAN_POINT('Origin',(0.,13.2954545454545,0.));
#1275=CARTESIAN_POINT('Origin',(100.,0.,0.));
#1276=CARTESIAN_POINT('Origin',(0.,0.,0.));
#1277=CARTESIAN_POINT('',(-2.38806125833734E-15,-2.92453157619062E-31,39.));
#1278=CARTESIAN_POINT('',(-2.38806125833734E-15,-2.92453157619062E-31,-39.));
#1279=CARTESIAN_POINT('Origin',(0.,0.,0.));
#1280=CARTESIAN_POINT('Origin',(80.0000000000001,184.504089625927,-226.423541911927));
#1281=CARTESIAN_POINT('',(61.4644660940672,189.411052900227,-227.383599943855));
#1282=CARTESIAN_POINT('',(65.,188.652700176927,-223.632658450345));
#1283=CARTESIAN_POINT('Origin',(65.,184.504089625927,-226.423541911927));
#1284=CARTESIAN_POINT('',(95.,188.652700176927,-223.632658450345));
#1285=CARTESIAN_POINT('',(80.0000000000001,188.652700176927,-223.632658450345));
#1286=CARTESIAN_POINT('',(98.5355339059328,189.411052900228,-227.383599943855));
#1287=CARTESIAN_POINT('Origin',(95.,184.504089625927,-226.423541911927));
#1288=CARTESIAN_POINT('',(95.,187.294973087509,-230.572152462927));
#1289=CARTESIAN_POINT('Origin',(95.,184.504089625927,-226.423541911927));
#1290=CARTESIAN_POINT('',(65.,187.294973087509,-230.572152462927));
#1291=CARTESIAN_POINT('',(80.0000000000001,187.294973087509,-230.572152462927));
#1292=CARTESIAN_POINT('Origin',(65.,184.504089625927,-226.423541911927));
#1293=CARTESIAN_POINT('Origin',(65.,155.672433860754,-245.819383063044));
#1294=CARTESIAN_POINT('',(65.,186.61812032062,-231.027489778834));
#1295=CARTESIAN_POINT('',(65.,158.463317322335,-249.967993614044));
#1296=CARTESIAN_POINT('',(60.,183.827236859038,-226.878879227834));
#1297=CARTESIAN_POINT('Origin',(65.,183.827236859038,-226.878879227834));
#1298=CARTESIAN_POINT('',(60.,184.504089625927,-226.423541911927));
#1299=CARTESIAN_POINT('',(60.,155.672433860754,-245.819383063044));
#1300=CARTESIAN_POINT('Origin',(65.,184.504089625927,-226.423541911927));
#1301=CARTESIAN_POINT('Origin',(100.,183.146362536509,-233.363035924509));
#1302=CARTESIAN_POINT('',(95.,186.61812032062,-231.027489778834));
#1303=CARTESIAN_POINT('',(95.,183.146362536509,-233.363035924509));
#1304=CARTESIAN_POINT('Ctrl Pts',(65.,186.61812032062,-231.027489778834));
#1305=CARTESIAN_POINT('Ctrl Pts',(75.,186.61812032062,-231.027489778834));
#1306=CARTESIAN_POINT('Ctrl Pts',(85.,186.61812032062,-231.027489778834));
#1307=CARTESIAN_POINT('Ctrl Pts',(95.,186.61812032062,-231.027489778834));
#1308=CARTESIAN_POINT('Origin',(95.,180.355479074927,-229.214425373509));
#1309=CARTESIAN_POINT('',(100.,184.504089625927,-226.423541911927));
#1310=CARTESIAN_POINT('Origin',(95.,184.504089625927,-226.423541911927));
#1311=CARTESIAN_POINT('',(100.,183.827236859038,-226.878879227834));
#1312=CARTESIAN_POINT('',(100.,180.355479074927,-229.214425373509));
#1313=CARTESIAN_POINT('Origin',(95.,183.827236859038,-226.878879227834));
#1314=CARTESIAN_POINT('Origin',(65.,183.827236859038,-226.878879227834));
#1315=CARTESIAN_POINT('',(65.,180.234983415066,-230.356768701965));
#1316=CARTESIAN_POINT('Origin',(65.,183.827236859038,-226.878879227834));
#1317=CARTESIAN_POINT('Origin',(65.,183.827236859038,-226.878879227834));
#1318=CARTESIAN_POINT('Ctrl Pts',(65.,186.61812032062,-231.027489778834));
#1319=CARTESIAN_POINT('Ctrl Pts',(75.,186.61812032062,-231.027489778834));
#1320=CARTESIAN_POINT('Ctrl Pts',(85.,186.61812032062,-231.027489778834));
#1321=CARTESIAN_POINT('Ctrl Pts',(95.,186.61812032062,-231.027489778834));
#1322=CARTESIAN_POINT('Ctrl Pts',(65.,185.51675583972,-231.768407702348));
#1323=CARTESIAN_POINT('Ctrl Pts',(75.,185.51675583972,-231.768407702348));
#1324=CARTESIAN_POINT('Ctrl Pts',(85.,185.51675583972,-231.768407702348));
#1325=CARTESIAN_POINT('Ctrl Pts',(95.,185.51675583972,-231.768407702348));
#1326=CARTESIAN_POINT('Ctrl Pts',(65.,183.057594895724,-232.246509981919));
#1327=CARTESIAN_POINT('Ctrl Pts',(75.,183.057594895724,-232.246509981919));
#1328=CARTESIAN_POINT('Ctrl Pts',(85.,183.057594895724,-232.246509981919));
#1329=CARTESIAN_POINT('Ctrl Pts',(95.,183.057594895724,-232.246509981919));
#1330=CARTESIAN_POINT('Ctrl Pts',(65.,180.927460550762,-231.072016668894));
#1331=CARTESIAN_POINT('Ctrl Pts',(75.,180.927460550762,-231.072016668894));
#1332=CARTESIAN_POINT('Ctrl Pts',(85.,180.927460550762,-231.072016668894));
#1333=CARTESIAN_POINT('Ctrl Pts',(95.,180.927460550762,-231.072016668894));
#1334=CARTESIAN_POINT('Ctrl Pts',(65.,180.234983415066,-230.356768701965));
#1335=CARTESIAN_POINT('Ctrl Pts',(75.,180.234983415066,-230.356768701965));
#1336=CARTESIAN_POINT('Ctrl Pts',(85.,180.234983415066,-230.356768701965));
#1337=CARTESIAN_POINT('Ctrl Pts',(95.,180.234983415066,-230.356768701965));
#1338=CARTESIAN_POINT('',(95.,180.234983415066,-230.356768701965));
#1339=CARTESIAN_POINT('Origin',(95.,183.827236859038,-226.878879227834));
#1340=CARTESIAN_POINT('Ctrl Pts',(95.,180.234983415066,-230.356768701965));
#1341=CARTESIAN_POINT('Ctrl Pts',(85.,180.234983415066,-230.356768701965));
#1342=CARTESIAN_POINT('Ctrl Pts',(75.,180.234983415066,-230.356768701965));
#1343=CARTESIAN_POINT('Ctrl Pts',(65.,180.234983415066,-230.356768701965));
#1344=CARTESIAN_POINT('Origin',(95.,183.827236859038,-226.878879227834));
#1345=CARTESIAN_POINT('Origin',(95.,183.827236859038,-226.878879227834));
#1346=CARTESIAN_POINT('Ctrl Pts',(95.,-21.6013528197171,35.8295128500539));
#1347=CARTESIAN_POINT('Ctrl Pts',(95.,-22.1410072189981,35.5140724111726));
#1348=CARTESIAN_POINT('Ctrl Pts',(94.9999999999999,-23.4880883976394,34.6548749308275));
#1349=CARTESIAN_POINT('Ctrl Pts',(95.,-25.0224341647989,33.4196664362239));
#1350=CARTESIAN_POINT('Ctrl Pts',(94.9999999999999,-26.3373603621641,32.1614484167611));
#1351=CARTESIAN_POINT('Ctrl Pts',(95.,-28.2581440041707,29.80355039478));
#1352=CARTESIAN_POINT('Ctrl Pts',(95.,-29.9204450792447,26.1876216561611));
#1353=CARTESIAN_POINT('Ctrl Pts',(95.,-30.4559509711156,21.9028547819978));
#1354=CARTESIAN_POINT('Ctrl Pts',(95.,-30.1916047493735,18.0884481470749));
#1355=CARTESIAN_POINT('Ctrl Pts',(95.,-29.2475595356126,13.4053216690927));
#1356=CARTESIAN_POINT('Ctrl Pts',(95.,-26.6659896046654,6.01598852644249));
#1357=CARTESIAN_POINT('Ctrl Pts',(95.,-21.745061983843,-3.41758531941389));
#1358=CARTESIAN_POINT('Ctrl Pts',(94.9999999999999,-14.339775940113,-15.0718849071892));
#1359=CARTESIAN_POINT('Ctrl Pts',(95.0000000000001,-2.2795990195017,-31.7227939348874));
#1360=CARTESIAN_POINT('Ctrl Pts',(94.9999999999998,18.4291504401923,-57.177863211778));
#1361=CARTESIAN_POINT('Ctrl Pts',(95.0000000000001,47.0431923284436,-89.5886655284051));
#1362=CARTESIAN_POINT('Ctrl Pts',(94.9999999999998,79.6478274458146,-125.009011327877));
#1363=CARTESIAN_POINT('Ctrl Pts',(95.0000000000001,107.405628182685,-154.459368053033));
#1364=CARTESIAN_POINT('Ctrl Pts',(95.,129.775604711457,-177.943070106301));
#1365=CARTESIAN_POINT('Ctrl Pts',(94.9999999999999,146.427858881562,-195.319986334433));
#1366=CARTESIAN_POINT('Ctrl Pts',(95.,163.192134005168,-212.734183295198));
#1367=CARTESIAN_POINT('Ctrl Pts',(95.,174.582040030912,-224.517938718622));
#1368=CARTESIAN_POINT('Ctrl Pts',(95.,180.234983415066,-230.356768701965));
#1369=CARTESIAN_POINT('Ctrl Pts',(95.7479982508547,-21.6013528197171,35.8295128500539));
#1370=CARTESIAN_POINT('Ctrl Pts',(95.7479982508547,-22.1410072189981,35.5140724111726));
#1371=CARTESIAN_POINT('Ctrl Pts',(95.7479982508546,-23.4880883976394,34.6548749308275));
#1372=CARTESIAN_POINT('Ctrl Pts',(95.7479982508547,-25.0224341647989,33.4196664362239));
#1373=CARTESIAN_POINT('Ctrl Pts',(95.7479982508546,-26.3373603621641,32.1614484167611));
#1374=CARTESIAN_POINT('Ctrl Pts',(95.7479982508547,-28.2581440041707,29.80355039478));
#1375=CARTESIAN_POINT('Ctrl Pts',(95.7479982508547,-29.9204450792447,26.1876216561611));
#1376=CARTESIAN_POINT('Ctrl Pts',(95.7479982508547,-30.4559509711156,21.9028547819978));
#1377=CARTESIAN_POINT('Ctrl Pts',(95.7479982508547,-30.1916047493735,18.0884481470749));
#1378=CARTESIAN_POINT('Ctrl Pts',(95.7479982508547,-29.2475595356126,13.4053216690927));
#1379=CARTESIAN_POINT('Ctrl Pts',(95.7479982508547,-26.6659896046654,6.01598852644249));
#1380=CARTESIAN_POINT('Ctrl Pts',(95.7479982508547,-21.745061983843,-3.41758531941389));
#1381=CARTESIAN_POINT('Ctrl Pts',(95.7479982508546,-14.339775940113,-15.0718849071892));
#1382=CARTESIAN_POINT('Ctrl Pts',(95.7479982508548,-2.2795990195017,-31.7227939348874));
#1383=CARTESIAN_POINT('Ctrl Pts',(95.7479982508545,18.4291504401923,-57.177863211778));
#1384=CARTESIAN_POINT('Ctrl Pts',(95.7479982508548,47.0431923284436,-89.5886655284051));
#1385=CARTESIAN_POINT('Ctrl Pts',(95.7479982508546,79.6478274458146,-125.009011327877));
#1386=CARTESIAN_POINT('Ctrl Pts',(95.7479982508548,107.405628182685,-154.459368053033));
#1387=CARTESIAN_POINT('Ctrl Pts',(95.7479982508547,129.775604711457,-177.943070106301));
#1388=CARTESIAN_POINT('Ctrl Pts',(95.7479982508546,146.427858881562,-195.319986334433));
#1389=CARTESIAN_POINT('Ctrl Pts',(95.7479982508547,163.192134005168,-212.734183295198));
#1390=CARTESIAN_POINT('Ctrl Pts',(95.7479982508547,174.582040030912,-224.517938718622));
#1391=CARTESIAN_POINT('Ctrl Pts',(95.7479982508547,180.234983415066,-230.356768701965));
#1392=CARTESIAN_POINT('Ctrl Pts',(97.2410542980277,-21.4286095170061,35.5339842121122));
#1393=CARTESIAN_POINT('Ctrl Pts',(97.2410542980277,-21.9615123390362,35.2227755799388));
#1394=CARTESIAN_POINT('Ctrl Pts',(97.2410542980276,-23.288484916894,34.3757352848395));
#1395=CARTESIAN_POINT('Ctrl Pts',(97.2410542980276,-24.7970661989837,33.1618737949375));
#1396=CARTESIAN_POINT('Ctrl Pts',(97.2410542980276,-26.0851612380661,31.9278674866396));
#1397=CARTESIAN_POINT('Ctrl Pts',(97.2410542980277,-27.9641976980729,29.6226025525106));
#1398=CARTESIAN_POINT('Ctrl Pts',(97.2410542980276,-29.5850063997556,26.0956411664571));
#1399=CARTESIAN_POINT('Ctrl Pts',(97.2410542980277,-30.1118607336345,21.8969907379426));
#1400=CARTESIAN_POINT('Ctrl Pts',(97.2410542980277,-29.8519753981154,18.1358929151545));
#1401=CARTESIAN_POINT('Ctrl Pts',(97.2410542980277,-28.9179056824373,13.5009920100733));
#1402=CARTESIAN_POINT('Ctrl Pts',(97.2410542980277,-26.3540135442934,6.16043816488358));
#1403=CARTESIAN_POINT('Ctrl Pts',(97.2410542980278,-21.4496423401006,-3.24444583582664));
#1404=CARTESIAN_POINT('Ctrl Pts',(97.2410542980276,-14.0577273921226,-14.877324624245));
#1405=CARTESIAN_POINT('Ctrl Pts',(97.2410542980278,-2.01001856399262,-31.5116654711647));
#1406=CARTESIAN_POINT('Ctrl Pts',(97.2410542980275,18.6889057754665,-56.9547512454459));
#1407=CARTESIAN_POINT('Ctrl Pts',(97.2410542980278,47.2969404321675,-89.3589111887581));
#1408=CARTESIAN_POINT('Ctrl Pts',(97.2410542980275,79.898075645378,-124.775415032872));
#1409=CARTESIAN_POINT('Ctrl Pts',(97.2410542980278,107.654123755346,-154.223943433455));
#1410=CARTESIAN_POINT('Ctrl Pts',(97.2410542980277,130.023084355112,-177.706568499509));
#1411=CARTESIAN_POINT('Ctrl Pts',(97.2410542980276,146.674719674604,-195.082843061601));
#1412=CARTESIAN_POINT('Ctrl Pts',(97.2410542980278,163.438491775247,-212.496517848961));
#1413=CARTESIAN_POINT('Ctrl Pts',(97.2410542980277,174.828101732092,-224.279963585712));
#1414=CARTESIAN_POINT('Ctrl Pts',(97.2410542980277,180.480917622384,-230.118664123794));
#1415=CARTESIAN_POINT('Ctrl Pts',(99.3437846648377,-20.5844721217959,34.0898369095712));
#1416=CARTESIAN_POINT('Ctrl Pts',(99.3437846648377,-21.0824509742797,33.798758952185));
#1417=CARTESIAN_POINT('Ctrl Pts',(99.3437846648377,-22.3160242850124,33.0112692714756));
#1418=CARTESIAN_POINT('Ctrl Pts',(99.3437846648377,-23.6922713735553,31.9019685401637));
#1419=CARTESIAN_POINT('Ctrl Pts',(99.3437846648377,-24.8560949789823,30.7882368272846));
#1420=CARTESIAN_POINT('Ctrl Pts',(99.3437846648377,-26.5229309442471,28.7369388372274));
#1421=CARTESIAN_POINT('Ctrl Pts',(99.3437846648377,-27.9458173060907,25.647724745774));
#1422=CARTESIAN_POINT('Ctrl Pts',(99.3437846648377,-28.4297710997488,21.8669600624348));
#1423=CARTESIAN_POINT('Ctrl Pts',(99.3437846648377,-28.190700962568,18.3689506804702));
#1424=CARTESIAN_POINT('Ctrl Pts',(99.3437846648377,-27.307249060702,13.9722006630896));
#1425=CARTESIAN_POINT('Ctrl Pts',(99.3437846648377,-24.8297173137942,6.86246909079603));
#1426=CARTESIAN_POINT('Ctrl Pts',(99.3437846648378,-20.0058532964164,-2.39704572713816));
#1427=CARTESIAN_POINT('Ctrl Pts',(99.3437846648377,-12.6796838038076,-13.9270461592968));
#1428=CARTESIAN_POINT('Ctrl Pts',(99.3437846648379,-0.69245649756988,-30.4799025481231));
#1429=CARTESIAN_POINT('Ctrl Pts',(99.3437846648375,19.9580748393075,-55.8644785190186));
#1430=CARTESIAN_POINT('Ctrl Pts',(99.3437846648379,48.5370299867618,-88.2361927753792));
#1431=CARTESIAN_POINT('Ctrl Pts',(99.3437846648376,81.120885938274,-123.633894925778));
#1432=CARTESIAN_POINT('Ctrl Pts',(99.3437846648379,108.86847220142,-153.073522128248));
#1433=CARTESIAN_POINT('Ctrl Pts',(99.3437846648377,131.232409752322,-176.550847174277));
#1434=CARTESIAN_POINT('Ctrl Pts',(99.3437846648376,147.881068989982,-193.92403399626));
#1435=CARTESIAN_POINT('Ctrl Pts',(99.3437846648378,164.642329685249,-211.335088151352));
#1436=CARTESIAN_POINT('Ctrl Pts',(99.3437846648377,176.03054467762,-223.117098147241));
#1437=CARTESIAN_POINT('Ctrl Pts',(99.3437846648377,181.682713917236,-228.955128546723));
#1438=CARTESIAN_POINT('Ctrl Pts',(100.,-19.6443685121119,32.4815109430428));
#1439=CARTESIAN_POINT('Ctrl Pts',(100.,-20.1040648619201,32.2130260530093));
#1440=CARTESIAN_POINT('Ctrl Pts',(99.9999999999999,-21.2320797247815,31.4918118530538));
#1441=CARTESIAN_POINT('Ctrl Pts',(99.9999999999999,-22.4629856990582,30.4988812335891));
#1442=CARTESIAN_POINT('Ctrl Pts',(99.9999999999999,-23.4862421546269,29.5184766172753));
#1443=CARTESIAN_POINT('Ctrl Pts',(100.,-24.9193499777023,27.751042092833));
#1444=CARTESIAN_POINT('Ctrl Pts',(99.9999999999999,-26.1202808939137,25.1483922807032));
#1445=CARTESIAN_POINT('Ctrl Pts',(100.,-26.5566544413276,21.8339509465146));
#1446=CARTESIAN_POINT('Ctrl Pts',(100.,-26.3410774890467,18.6281199808258));
#1447=CARTESIAN_POINT('Ctrl Pts',(100.,-25.5134052164072,14.4958066750358));
#1448=CARTESIAN_POINT('Ctrl Pts',(100.,-23.1320596863254,7.6455288304707));
#1449=CARTESIAN_POINT('Ctrl Pts',(100.,-18.3979815520387,-1.4537287656532));
#1450=CARTESIAN_POINT('Ctrl Pts',(99.9999999999999,-11.1449033694439,-12.8685855543147));
#1451=CARTESIAN_POINT('Ctrl Pts',(100.,0.774825323798421,-29.3308590624277));
#1452=CARTESIAN_POINT('Ctrl Pts',(99.9999999999998,21.371582770148,-54.6502578392732));
#1453=CARTESIAN_POINT('Ctrl Pts',(100.,49.918065126769,-86.9858335843379));
#1454=CARTESIAN_POINT('Ctrl Pts',(99.9999999999998,82.4827333044402,-122.362605231705));
#1455=CARTESIAN_POINT('Ctrl Pts',(100.,110.220863215859,-151.792308781783));
#1456=CARTESIAN_POINT('Ctrl Pts',(100.,132.579225218228,-175.263743041455));
#1457=CARTESIAN_POINT('Ctrl Pts',(99.9999999999999,149.224554821548,-192.633475929824));
#1458=CARTESIAN_POINT('Ctrl Pts',(100.,165.983035487064,-210.04163336696));
#1459=CARTESIAN_POINT('Ctrl Pts',(100.,177.369680510871,-221.82201981893));
#1460=CARTESIAN_POINT('Ctrl Pts',(100.,183.021137071223,-227.659315800829));
#1461=CARTESIAN_POINT('Ctrl Pts',(100.,-19.0781669203107,31.5128552406255));
#1462=CARTESIAN_POINT('Ctrl Pts',(100.,-19.5144056124118,31.2578636669874));
#1463=CARTESIAN_POINT('Ctrl Pts',(99.9999999999999,-20.5798553045266,30.576595193792));
#1464=CARTESIAN_POINT('Ctrl Pts',(99.9999999999999,-21.7218902658442,29.6538023952075));
#1465=CARTESIAN_POINT('Ctrl Pts',(99.9999999999999,-22.661907526121,28.7541044959206));
#1466=CARTESIAN_POINT('Ctrl Pts',(100.,-23.952544614082,27.1569627347241));
#1467=CARTESIAN_POINT('Ctrl Pts',(99.9999999999999,-25.0208014799047,24.8479805403716));
#1468=CARTESIAN_POINT('Ctrl Pts',(100.,-25.4283891647697,21.8137848203188));
#1469=CARTESIAN_POINT('Ctrl Pts',(100.,-25.2267573397109,18.7844629110392));
#1470=CARTESIAN_POINT('Ctrl Pts',(100.,-24.4330682872581,14.8119302598275));
#1471=CARTESIAN_POINT('Ctrl Pts',(100.,-22.1096482045459,8.11634830010996));
#1472=CARTESIAN_POINT('Ctrl Pts',(100.,-17.4295632114029,-0.885316360661486));
#1473=CARTESIAN_POINT('Ctrl Pts',(99.9999999999999,-10.2205903497884,-12.231198227902));
#1474=CARTESIAN_POINT('Ctrl Pts',(100.,1.65857813179856,-28.6388075912223));
#1475=CARTESIAN_POINT('Ctrl Pts',(99.9999999999998,22.2228697542528,-53.9189619984807));
#1476=CARTESIAN_POINT('Ctrl Pts',(100.,50.7498518011167,-86.232775160564));
#1477=CARTESIAN_POINT('Ctrl Pts',(99.9999999999998,83.3029270132849,-121.596935189926));
#1478=CARTESIAN_POINT('Ctrl Pts',(100.,111.035382906721,-151.020668858534));
#1479=CARTESIAN_POINT('Ctrl Pts',(100.,133.390374733391,-174.488547525961));
#1480=CARTESIAN_POINT('Ctrl Pts',(99.9999999999999,150.033708951934,-191.856210132418));
#1481=CARTESIAN_POINT('Ctrl Pts',(100.,166.790504204453,-209.262608629378));
#1482=CARTESIAN_POINT('Ctrl Pts',(100.,178.176214435212,-221.042033372051));
#1483=CARTESIAN_POINT('Ctrl Pts',(100.,183.827236859038,-226.878879227834));
#1484=CARTESIAN_POINT('',(100.,-19.0781669203107,31.5128552406255));
#1485=CARTESIAN_POINT('Ctrl Pts',(100.,183.827236859038,-226.878879227834));
#1486=CARTESIAN_POINT('Ctrl Pts',(100.,178.176214435212,-221.042033372051));
#1487=CARTESIAN_POINT('Ctrl Pts',(100.,166.790504204453,-209.262608629378));
#1488=CARTESIAN_POINT('Ctrl Pts',(99.9999999999999,150.033708951934,-191.856210132418));
#1489=CARTESIAN_POINT('Ctrl Pts',(100.,133.390374733391,-174.488547525961));
#1490=CARTESIAN_POINT('Ctrl Pts',(100.,111.035382906721,-151.020668858534));
#1491=CARTESIAN_POINT('Ctrl Pts',(99.9999999999998,83.3029270132849,-121.596935189926));
#1492=CARTESIAN_POINT('Ctrl Pts',(100.,50.7498518011167,-86.232775160564));
#1493=CARTESIAN_POINT('Ctrl Pts',(99.9999999999998,22.2228697542528,-53.9189619984807));
#1494=CARTESIAN_POINT('Ctrl Pts',(100.,1.65857813179856,-28.6388075912223));
#1495=CARTESIAN_POINT('Ctrl Pts',(99.9999999999999,-10.2205903497884,-12.231198227902));
#1496=CARTESIAN_POINT('Ctrl Pts',(100.,-17.4295632114029,-0.885316360661486));
#1497=CARTESIAN_POINT('Ctrl Pts',(100.,-22.1096482045459,8.11634830010996));
#1498=CARTESIAN_POINT('Ctrl Pts',(100.,-24.4330682872581,14.8119302598275));
#1499=CARTESIAN_POINT('Ctrl Pts',(100.,-25.2267573397109,18.7844629110392));
#1500=CARTESIAN_POINT('Ctrl Pts',(100.,-25.4283891647697,21.8137848203188));
#1501=CARTESIAN_POINT('Ctrl Pts',(99.9999999999999,-25.0208014799047,24.8479805403716));
#1502=CARTESIAN_POINT('Ctrl Pts',(100.,-23.952544614082,27.1569627347241));
#1503=CARTESIAN_POINT('Ctrl Pts',(99.9999999999999,-22.661907526121,28.7541044959206));
#1504=CARTESIAN_POINT('Ctrl Pts',(99.9999999999999,-21.7218902658442,29.6538023952075));
#1505=CARTESIAN_POINT('Ctrl Pts',(99.9999999999999,-20.5798553045266,30.576595193792));
#1506=CARTESIAN_POINT('Ctrl Pts',(100.,-19.5144056124118,31.2578636669874));
#1507=CARTESIAN_POINT('Ctrl Pts',(100.,-19.0781669203107,31.5128552406255));
#1508=CARTESIAN_POINT('',(95.,-21.6013528197171,35.8295128500539));
#1509=CARTESIAN_POINT('Origin',(95.,-19.0781669203107,31.5128552406255));
#1510=CARTESIAN_POINT('Ctrl Pts',(95.,-21.6013528197171,35.8295128500539));
#1511=CARTESIAN_POINT('Ctrl Pts',(95.,-22.1410072189981,35.5140724111726));
#1512=CARTESIAN_POINT('Ctrl Pts',(94.9999999999999,-23.4880883976394,34.6548749308275));
#1513=CARTESIAN_POINT('Ctrl Pts',(95.,-25.0224341647989,33.4196664362239));
#1514=CARTESIAN_POINT('Ctrl Pts',(94.9999999999999,-26.3373603621641,32.1614484167611));
#1515=CARTESIAN_POINT('Ctrl Pts',(95.,-28.2581440041707,29.80355039478));
#1516=CARTESIAN_POINT('Ctrl Pts',(95.,-29.9204450792447,26.1876216561611));
#1517=CARTESIAN_POINT('Ctrl Pts',(95.,-30.4559509711156,21.9028547819978));
#1518=CARTESIAN_POINT('Ctrl Pts',(95.,-30.1916047493735,18.0884481470749));
#1519=CARTESIAN_POINT('Ctrl Pts',(95.,-29.2475595356126,13.4053216690927));
#1520=CARTESIAN_POINT('Ctrl Pts',(95.,-26.6659896046654,6.01598852644249));
#1521=CARTESIAN_POINT('Ctrl Pts',(95.,-21.745061983843,-3.41758531941389));
#1522=CARTESIAN_POINT('Ctrl Pts',(94.9999999999999,-14.339775940113,-15.0718849071892));
#1523=CARTESIAN_POINT('Ctrl Pts',(95.0000000000001,-2.2795990195017,-31.7227939348874));
#1524=CARTESIAN_POINT('Ctrl Pts',(94.9999999999998,18.4291504401923,-57.177863211778));
#1525=CARTESIAN_POINT('Ctrl Pts',(95.0000000000001,47.0431923284436,-89.5886655284051));
#1526=CARTESIAN_POINT('Ctrl Pts',(94.9999999999998,79.6478274458146,-125.009011327877));
#1527=CARTESIAN_POINT('Ctrl Pts',(95.0000000000001,107.405628182685,-154.459368053033));
#1528=CARTESIAN_POINT('Ctrl Pts',(95.,129.775604711457,-177.943070106301));
#1529=CARTESIAN_POINT('Ctrl Pts',(94.9999999999999,146.427858881562,-195.319986334433));
#1530=CARTESIAN_POINT('Ctrl Pts',(95.,163.192134005168,-212.734183295198));
#1531=CARTESIAN_POINT('Ctrl Pts',(95.,174.582040030912,-224.517938718622));
#1532=CARTESIAN_POINT('Ctrl Pts',(95.,180.234983415066,-230.356768701965));
#1533=CARTESIAN_POINT('Origin',(100.,54.7927094221028,-95.8630359245086));
#1534=CARTESIAN_POINT('',(100.,23.2530150455515,13.274001383227));
#1535=CARTESIAN_POINT('',(100.,135.459669137393,-153.519673618159));
#1536=CARTESIAN_POINT('',(100.,3.72875675715118,26.7698033831519));
#1537=CARTESIAN_POINT('Origin',(100.,-3.71295353594882,-4.86674111705501));
#1538=CARTESIAN_POINT('',(100.,-0.126364736218053,31.6369640754914));
#1539=CARTESIAN_POINT('Origin',(100.,4.87363526378195,31.6369640754914));
#1540=CARTESIAN_POINT('',(100.,-9.20400840607314,31.63696403973));
#1541=CARTESIAN_POINT('',(100.,-1.8536374634908,31.6369640754914));
#1542=CARTESIAN_POINT('Ctrl Pts',(100.,-19.0781669203107,31.5128552406255));
#1543=CARTESIAN_POINT('Ctrl Pts',(100.,-17.8643553365772,32.2223560974743));
#1544=CARTESIAN_POINT('Ctrl Pts',(100.,-15.8164971088985,32.8944070136004));
#1545=CARTESIAN_POINT('Ctrl Pts',(100.,-12.3540577134208,32.9011286828988));
#1546=CARTESIAN_POINT('Ctrl Pts',(100.,-10.3718894980893,32.2798923516891));
#1547=CARTESIAN_POINT('Ctrl Pts',(100.,-9.20409570026274,31.6368056852084));
#1548=CARTESIAN_POINT('Origin',(95.,135.459669137393,-153.519673618159));
#1549=CARTESIAN_POINT('',(95.,27.4016255965516,16.0648848448089));
#1550=CARTESIAN_POINT('',(95.,139.608279688393,-150.728790156577));
#1551=CARTESIAN_POINT('Origin',(95.,23.2530150455515,13.274001383227));
#1552=CARTESIAN_POINT('Ctrl Pts',(60.,-5.91302334949316,28.7178227242504));
#1553=CARTESIAN_POINT('Ctrl Pts',(60.,-6.73386389495422,29.8592914384964));
#1554=CARTESIAN_POINT('Ctrl Pts',(60.,-8.33186499882593,31.3053905945674));
#1555=CARTESIAN_POINT('Ctrl Pts',(60.,-11.5595223652753,32.748110959047));
#1556=CARTESIAN_POINT('Ctrl Pts',(60.,-15.132904806172,33.1216828180268));
#1557=CARTESIAN_POINT('Ctrl Pts',(60.,-17.8643553365772,32.2223560974744));
#1558=CARTESIAN_POINT('Ctrl Pts',(60.,-19.0781669203107,31.5128552406255));
#1559=CARTESIAN_POINT('Ctrl Pts',(60.,-5.30574064103835,29.1545252491956));
#1560=CARTESIAN_POINT('Ctrl Pts',(60.,-6.18801125054535,30.3814191981114));
#1561=CARTESIAN_POINT('Ctrl Pts',(60.,-7.90545395262646,31.9356698432364));
#1562=CARTESIAN_POINT('Ctrl Pts',(60.,-11.3746051689133,33.4863547932925));
#1563=CARTESIAN_POINT('Ctrl Pts',(60.,-15.2152856189623,33.8878474773676));
#1564=CARTESIAN_POINT('Ctrl Pts',(60.,-18.1509838341693,32.9212241902765));
#1565=CARTESIAN_POINT('Ctrl Pts',(60.,-19.4556346481782,32.1586257089037));
#1566=CARTESIAN_POINT('Ctrl Pts',(60.3423470831596,-4.09375935287288,30.0260720285776));
#1567=CARTESIAN_POINT('Ctrl Pts',(60.3423470831596,-5.09869726237845,31.4235482982421));
#1568=CARTESIAN_POINT('Ctrl Pts',(60.3423470831596,-7.0543210121358,33.1936056592694));
#1569=CARTESIAN_POINT('Ctrl Pts',(60.3423470831596,-11.0055759654673,34.9598683706516));
#1570=CARTESIAN_POINT('Ctrl Pts',(60.3423470831596,-15.3797360872407,35.4170351291433));
#1571=CARTESIAN_POINT('Ctrl Pts',(60.3423470831596,-18.7229197596882,34.3160458001092));
#1572=CARTESIAN_POINT('Ctrl Pts',(60.3423470831596,-20.208963891202,33.4474187423732));
#1573=CARTESIAN_POINT('Ctrl Pts',(62.0150198950786,-2.38642874242905,31.2538290157543));
#1574=CARTESIAN_POINT('Ctrl Pts',(62.0150198950786,-3.5638475685529,32.8911588979297));
#1575=CARTESIAN_POINT('Ctrl Pts',(62.0150198950786,-5.85590932437622,34.9653946003543));
#1576=CARTESIAN_POINT('Ctrl Pts',(62.0150198950786,-10.4856347121401,37.034837110858));
#1577=CARTESIAN_POINT('Ctrl Pts',(62.0150198950786,-15.6112143132447,37.5706613587999));
#1578=CARTESIAN_POINT('Ctrl Pts',(62.0150198950786,-19.5290876609924,36.2806673336007));
#1579=CARTESIAN_POINT('Ctrl Pts',(62.0150198950786,-21.2701866088429,35.2629548550635));
#1580=CARTESIAN_POINT('Ctrl Pts',(63.8780026237179,-1.85363746349079,31.6369640754914));
#1581=CARTESIAN_POINT('Ctrl Pts',(63.8780026237179,-3.08538311228322,33.3498413569314));
#1582=CARTESIAN_POINT('Ctrl Pts',(63.8780026237179,-5.48101382235932,35.5187351821659));
#1583=CARTESIAN_POINT('Ctrl Pts',(63.8780026237179,-10.3235155447691,37.6835793729915));
#1584=CARTESIAN_POINT('Ctrl Pts',(63.8780026237179,-15.6837381700935,38.2435923609608));
#1585=CARTESIAN_POINT('Ctrl Pts',(63.8780026237179,-19.7799185046297,36.8941832029876));
#1586=CARTESIAN_POINT('Ctrl Pts',(63.8780026237179,-21.6013528197171,35.8295128500539));
#1587=CARTESIAN_POINT('Ctrl Pts',(65.,-1.85363746349079,31.6369640754914));
#1588=CARTESIAN_POINT('Ctrl Pts',(65.,-3.08489828168229,33.3491671468601));
#1589=CARTESIAN_POINT('Ctrl Pts',(65.,-5.48189993748992,35.5183158809668));
#1590=CARTESIAN_POINT('Ctrl Pts',(65.,-10.323385987164,37.6823964276862));
#1591=CARTESIAN_POINT('Ctrl Pts',(65.,-15.683459648509,38.242754216156));
#1592=CARTESIAN_POINT('Ctrl Pts',(65.,-19.7806354441166,36.8937641353273));
#1593=CARTESIAN_POINT('Ctrl Pts',(65.,-21.6013528197171,35.8295128500539));
#1594=CARTESIAN_POINT('',(65.,-1.8536374634908,31.6369640754914));
#1595=CARTESIAN_POINT('',(60.,-9.20400840704618,31.6369640402664));
#1596=CARTESIAN_POINT('Ctrl Pts',(60.,-9.20400840704618,31.6369640754914));
#1597=CARTESIAN_POINT('Ctrl Pts',(60.000000003643,-7.98093776182047,31.6369640754914));
#1598=CARTESIAN_POINT('Ctrl Pts',(60.1032534672335,-6.57751661707826,31.6369640754914));
#1599=CARTESIAN_POINT('Ctrl Pts',(60.9339976812649,-4.42162901615687,31.6369640754914));
#1600=CARTESIAN_POINT('Ctrl Pts',(61.366846090928,-3.7669854337122,31.6369640754914));
#1601=CARTESIAN_POINT('Ctrl Pts',(62.2675604256015,-2.8206798527876,31.6369640754914));
#1602=CARTESIAN_POINT('Ctrl Pts',(62.7686728831953,-2.45616989640386,31.6369640758744));
#1603=CARTESIAN_POINT('Ctrl Pts',(63.5969745626657,-2.09160038757513,31.6369640758744));
#1604=CARTESIAN_POINT('Ctrl Pts',(63.871768767356,-2.00236460412643,31.636964075493));
#1605=CARTESIAN_POINT('Ctrl Pts',(64.4324141935868,-1.88353334431244,31.636964075493));
#1606=CARTESIAN_POINT('Ctrl Pts',(64.7155464681518,-1.85363746349081,31.6369640754914));
#1607=CARTESIAN_POINT('Ctrl Pts',(65.,-1.85363746349081,31.6369640754914));
#1608=CARTESIAN_POINT('',(60.,-19.0781669203107,31.5128552406255));
#1609=CARTESIAN_POINT('Ctrl Pts',(60.,-9.20422641994084,31.6365685854902));
#1610=CARTESIAN_POINT('Ctrl Pts',(60.,-9.75628024803432,31.9412183296809));
#1611=CARTESIAN_POINT('Ctrl Pts',(60.,-11.6332048041437,32.7558139368607));
#1612=CARTESIAN_POINT('Ctrl Pts',(60.,-15.132904806172,33.1216828180268));
#1613=CARTESIAN_POINT('Ctrl Pts',(60.,-17.8643553365772,32.2223560974744));
#1614=CARTESIAN_POINT('Ctrl Pts',(60.,-19.0781669203107,31.5128552406255));
#1615=CARTESIAN_POINT('',(65.,-21.6013528197171,35.8295128500539));
#1616=CARTESIAN_POINT('Origin',(65.,-19.0781669203107,31.5128552406255));
#1617=CARTESIAN_POINT('Ctrl Pts',(65.,-21.6013528197171,35.8295128500539));
#1618=CARTESIAN_POINT('Ctrl Pts',(65.,-19.7806354441166,36.8937641353273));
#1619=CARTESIAN_POINT('Ctrl Pts',(65.,-15.683459648509,38.242754216156));
#1620=CARTESIAN_POINT('Ctrl Pts',(65.,-10.323385987164,37.6823964276862));
#1621=CARTESIAN_POINT('Ctrl Pts',(65.,-5.48189993748992,35.5183158809668));
#1622=CARTESIAN_POINT('Ctrl Pts',(65.,-3.08489828168229,33.3491671468601));
#1623=CARTESIAN_POINT('Ctrl Pts',(65.,-1.85363746349079,31.6369640754914));
#1624=CARTESIAN_POINT('Ctrl Pts',(60.,-19.0781669203107,31.5128552406255));
#1625=CARTESIAN_POINT('Ctrl Pts',(60.,-19.5144056124118,31.2578636669874));
#1626=CARTESIAN_POINT('Ctrl Pts',(60.,-20.5798617371296,30.5765931743847));
#1627=CARTESIAN_POINT('Ctrl Pts',(60.,-21.7218983446343,29.6537988790312));
#1628=CARTESIAN_POINT('Ctrl Pts',(60.,-22.6619173940829,28.7540997295806));
#1629=CARTESIAN_POINT('Ctrl Pts',(60.,-23.952556063884,27.1569563641471));
#1630=CARTESIAN_POINT('Ctrl Pts',(60.,-25.0208117650805,24.8479759759902));
#1631=CARTESIAN_POINT('Ctrl Pts',(60.,-25.4284046094681,21.8137733395067));
#1632=CARTESIAN_POINT('Ctrl Pts',(60.,-25.2267600394763,18.7844677388596));
#1633=CARTESIAN_POINT('Ctrl Pts',(60.,-24.4331281542499,14.8118609487853));
#1634=CARTESIAN_POINT('Ctrl Pts',(60.,-22.1094412777271,8.11662897465774));
#1635=CARTESIAN_POINT('Ctrl Pts',(60.0000000000001,-17.4301409489976,-0.886121187323353));
#1636=CARTESIAN_POINT('Ctrl Pts',(59.9999999999999,-10.2191409997245,-12.2291410106085));
#1637=CARTESIAN_POINT('Ctrl Pts',(60.0000000000001,-1.5142095455392,-24.2670667281741));
#1638=CARTESIAN_POINT('Ctrl Pts',(60.,11.8686646039234,-41.3266090678377));
#1639=CARTESIAN_POINT('Ctrl Pts',(60.,29.3606692231334,-62.0162723021072));
#1640=CARTESIAN_POINT('Ctrl Pts',(60.,54.3581033080195,-90.1619512211086));
#1641=CARTESIAN_POINT('Ctrl Pts',(60.0000000000001,83.3090938095087,-121.598014863647));
#1642=CARTESIAN_POINT('Ctrl Pts',(60.,111.032804227621,-151.020220496101));
#1643=CARTESIAN_POINT('Ctrl Pts',(60.,133.391584029029,-174.488758017166));
#1644=CARTESIAN_POINT('Ctrl Pts',(60.,150.032917117067,-191.856071026005));
#1645=CARTESIAN_POINT('Ctrl Pts',(60.,166.790858213936,-209.262665166229));
#1646=CARTESIAN_POINT('Ctrl Pts',(60.,178.176214435212,-221.042033372051));
#1647=CARTESIAN_POINT('Ctrl Pts',(60.,183.827236859038,-226.878879227834));
#1648=CARTESIAN_POINT('Ctrl Pts',(60.,-19.4556346481782,32.1586257089037));
#1649=CARTESIAN_POINT('Ctrl Pts',(60.,-19.9075116231619,31.8946384301979));
#1650=CARTESIAN_POINT('Ctrl Pts',(60.,-21.0146783254171,31.1867379323381));
#1651=CARTESIAN_POINT('Ctrl Pts',(60.,-22.2159615597275,30.2171843505919));
#1652=CARTESIAN_POINT('Ctrl Pts',(60.,-23.2114744276809,29.2636817790122));
#1653=CARTESIAN_POINT('Ctrl Pts',(60.,-24.5970916781957,27.5530079313841));
#1654=CARTESIAN_POINT('Ctrl Pts',(60.,-25.7538006875311,25.0482532046982));
#1655=CARTESIAN_POINT('Ctrl Pts',(60.,-26.1805770022192,21.8272128159044));
#1656=CARTESIAN_POINT('Ctrl Pts',(60.,-25.9696490966745,18.680248376653));
#1657=CARTESIAN_POINT('Ctrl Pts',(60.,-25.1533345506622,14.6010930578785));
#1658=CARTESIAN_POINT('Ctrl Pts',(60.,-22.7910828450895,7.80278438625994));
#1659=CARTESIAN_POINT('Ctrl Pts',(60.0000000000001,-18.0756954742354,-1.26512250105504));
#1660=CARTESIAN_POINT('Ctrl Pts',(59.9999999999999,-10.8354535145222,-12.6539576362432));
#1661=CARTESIAN_POINT('Ctrl Pts',(60.0000000000001,-2.11043908144773,-24.7189487116403));
#1662=CARTESIAN_POINT('Ctrl Pts',(60.,11.2912316197252,-41.8023953860735));
#1663=CARTESIAN_POINT('Ctrl Pts',(60.,28.7963931416434,-62.5073380381624));
#1664=CARTESIAN_POINT('Ctrl Pts',(60.,53.8045156061612,-90.6650717772721));
#1665=CARTESIAN_POINT('Ctrl Pts',(60.0000000000001,82.7622508608228,-122.108372058109));
#1666=CARTESIAN_POINT('Ctrl Pts',(60.,110.489811619583,-151.534686126796));
#1667=CARTESIAN_POINT('Ctrl Pts',(60.,132.850807266724,-175.005535207314));
#1668=CARTESIAN_POINT('Ctrl Pts',(60.,149.493489090952,-192.37426356045));
#1669=CARTESIAN_POINT('Ctrl Pts',(60.,166.252540116684,-209.782004300609));
#1670=CARTESIAN_POINT('Ctrl Pts',(60.,177.638527846584,-221.56202946277));
#1671=CARTESIAN_POINT('Ctrl Pts',(60.,183.289837000494,-227.399170276497));
#1672=CARTESIAN_POINT('Ctrl Pts',(60.3423100717453,-20.2090877806237,33.4476306919625));
#1673=CARTESIAN_POINT('Ctrl Pts',(60.3423100717453,-20.6917611824039,33.1655686548818));
#1674=CARTESIAN_POINT('Ctrl Pts',(60.3423100717452,-21.8832400338961,32.404542390169));
#1675=CARTESIAN_POINT('Ctrl Pts',(60.3423100717452,-23.2013902360743,31.341708719511));
#1676=CARTESIAN_POINT('Ctrl Pts',(60.3423100717452,-24.3091556168072,30.2812329504371));
#1677=CARTESIAN_POINT('Ctrl Pts',(60.3423100717452,-25.8825839160538,28.3432475078764));
#1678=CARTESIAN_POINT('Ctrl Pts',(60.3423100717452,-27.2168929800047,25.4483521327035));
#1679=CARTESIAN_POINT('Ctrl Pts',(60.3423100717452,-27.6818424185627,21.8537513621383));
#1680=CARTESIAN_POINT('Ctrl Pts',(60.3423100717452,-27.4521390760165,18.4724567796807));
#1681=CARTESIAN_POINT('Ctrl Pts',(60.3423100717453,-26.591014489515,14.1812312659416));
#1682=CARTESIAN_POINT('Ctrl Pts',(60.3423100717452,-24.1516767782949,7.17540978647231));
#1683=CARTESIAN_POINT('Ctrl Pts',(60.3423100717453,-19.3643072625704,-2.02120532899812));
#1684=CARTESIAN_POINT('Ctrl Pts',(60.3423100717452,-12.0656271596055,-13.5022974099039));
#1685=CARTESIAN_POINT('Ctrl Pts',(60.3423100717453,-3.30057731622764,-25.6207679387099));
#1686=CARTESIAN_POINT('Ctrl Pts',(60.3423100717452,10.1386547720709,-42.7522287156548));
#1687=CARTESIAN_POINT('Ctrl Pts',(60.3423100717452,27.6700438972263,-63.4874691900279));
#1688=CARTESIAN_POINT('Ctrl Pts',(60.3423100717452,52.6995210461473,-91.6693799208755));
#1689=CARTESIAN_POINT('Ctrl Pts',(60.3423100717453,81.6707099555031,-123.127061407454));
#1690=CARTESIAN_POINT('Ctrl Pts',(60.3423100717452,109.405959132988,-152.561604057979));
#1691=CARTESIAN_POINT('Ctrl Pts',(60.3423100717452,131.771377894325,-176.037058549658));
#1692=CARTESIAN_POINT('Ctrl Pts',(60.3423100717453,148.416750114722,-193.408612385059));
#1693=CARTESIAN_POINT('Ctrl Pts',(60.3423100717452,165.178019722827,-210.818647151347));
#1694=CARTESIAN_POINT('Ctrl Pts',(60.3423100717453,176.565264561448,-222.599974937579));
#1695=CARTESIAN_POINT('Ctrl Pts',(60.3423100717453,182.217147663361,-228.437709180507));
#1696=CARTESIAN_POINT('Ctrl Pts',(62.0150703302958,-21.2702051563248,35.2629865860306));
#1697=CARTESIAN_POINT('Ctrl Pts',(62.0150703302958,-21.7967850924944,34.9556207142893));
#1698=CARTESIAN_POINT('Ctrl Pts',(62.0150703302958,-23.1056570225391,34.1197374782965));
#1699=CARTESIAN_POINT('Ctrl Pts',(62.0150703302958,-24.590175225374,32.9254637703995));
#1700=CARTESIAN_POINT('Ctrl Pts',(62.0150703302958,-25.8541366056897,31.7137941166102));
#1701=CARTESIAN_POINT('Ctrl Pts',(62.0150703302958,-27.6943308584996,29.4565663167966));
#1702=CARTESIAN_POINT('Ctrl Pts',(62.0150703302957,-29.2774318630932,26.0114043769409));
#1703=CARTESIAN_POINT('Ctrl Pts',(62.0150703302958,-29.7962933042918,21.8914939417539));
#1704=CARTESIAN_POINT('Ctrl Pts',(62.0150703302958,-29.5404609388476,18.1795120355486));
#1705=CARTESIAN_POINT('Ctrl Pts',(62.0150703302958,-28.6156332684942,13.588842808615));
#1706=CARTESIAN_POINT('Ctrl Pts',(62.0150703302958,-26.0678699891272,6.29302589944722));
#1707=CARTESIAN_POINT('Ctrl Pts',(62.0150703302958,-21.1790610780591,-3.08657718735095));
#1708=CARTESIAN_POINT('Ctrl Pts',(62.0150703302957,-13.7981683225683,-14.6965687228167));
#1709=CARTESIAN_POINT('Ctrl Pts',(62.0150703302958,-4.97666905387953,-26.8910523992302));
#1710=CARTESIAN_POINT('Ctrl Pts',(62.0150703302958,8.51540843739088,-44.0897510828551));
#1711=CARTESIAN_POINT('Ctrl Pts',(62.0150703302958,26.0837790191112,-64.8679178568378));
#1712=CARTESIAN_POINT('Ctrl Pts',(62.0150703302958,51.143305390175,-93.0837315222008));
#1713=CARTESIAN_POINT('Ctrl Pts',(62.0150703302958,80.1334535643749,-124.561747906799));
#1714=CARTESIAN_POINT('Ctrl Pts',(62.0150703302958,107.87952699174,-154.007843632684));
#1715=CARTESIAN_POINT('Ctrl Pts',(62.0150703302958,130.251174838112,-177.489795125219));
#1716=CARTESIAN_POINT('Ctrl Pts',(62.0150703302958,146.900338320893,-194.865327748075));
#1717=CARTESIAN_POINT('Ctrl Pts',(62.0150703302958,163.664728507367,-212.278586475383));
#1718=CARTESIAN_POINT('Ctrl Pts',(62.0150703302958,175.053748159538,-224.061759919119));
#1719=CARTESIAN_POINT('Ctrl Pts',(62.0150703302958,180.706437513856,-229.900323945688));
#1720=CARTESIAN_POINT('Ctrl Pts',(63.8780026237179,-21.6013528197171,35.8295128500539));
#1721=CARTESIAN_POINT('Ctrl Pts',(63.8780026237179,-22.1410072189981,35.5140724111726));
#1722=CARTESIAN_POINT('Ctrl Pts',(63.8780026237179,-23.4880956030839,34.6548726932346));
#1723=CARTESIAN_POINT('Ctrl Pts',(63.8780026237179,-25.0224440595611,33.4196621334104));
#1724=CARTESIAN_POINT('Ctrl Pts',(63.8780026237179,-26.3373728543605,32.1614418163629));
#1725=CARTESIAN_POINT('Ctrl Pts',(63.8780026237179,-28.2581601432853,29.8035426596552));
#1726=CARTESIAN_POINT('Ctrl Pts',(63.8780026237179,-29.9204628553082,26.1876147122257));
#1727=CARTESIAN_POINT('Ctrl Pts',(63.8780026237179,-30.455971258692,21.9028412991395));
#1728=CARTESIAN_POINT('Ctrl Pts',(63.8780026237179,-30.1916171194609,18.0884479854586));
#1729=CARTESIAN_POINT('Ctrl Pts',(63.8780026237179,-29.2476081555801,13.405242035066));
#1730=CARTESIAN_POINT('Ctrl Pts',(63.8780026237179,-26.6658464482011,6.01628052724247));
#1731=CARTESIAN_POINT('Ctrl Pts',(63.8780026237179,-21.7454561735628,-3.41840584352533));
#1732=CARTESIAN_POINT('Ctrl Pts',(63.8780026237179,-14.3388035852031,-15.0698321139776));
#1733=CARTESIAN_POINT('Ctrl Pts',(63.878002623718,-5.49976535788877,-27.2872206690477));
#1734=CARTESIAN_POINT('Ctrl Pts',(63.878002623718,8.00886693805944,-44.5073512290199));
#1735=CARTESIAN_POINT('Ctrl Pts',(63.8780026237179,25.5887267234794,-65.2986129032531));
#1736=CARTESIAN_POINT('Ctrl Pts',(63.8780026237179,50.6576605170125,-93.525178724414));
#1737=CARTESIAN_POINT('Ctrl Pts',(63.8780026237179,79.6537113567465,-125.00944570085));
#1738=CARTESIAN_POINT('Ctrl Pts',(63.878002623718,107.403167040024,-154.459188582202));
#1739=CARTESIAN_POINT('Ctrl Pts',(63.8780026237179,129.776759011398,-177.943154686813));
#1740=CARTESIAN_POINT('Ctrl Pts',(63.8780026237179,146.427102982794,-195.319929514996));
#1741=CARTESIAN_POINT('Ctrl Pts',(63.8780026237179,163.192471643939,-212.73420234611));
#1742=CARTESIAN_POINT('Ctrl Pts',(63.8780026237179,174.582040030912,-224.517938718622));
#1743=CARTESIAN_POINT('Ctrl Pts',(63.8780026237179,180.234983415066,-230.356768701965));
#1744=CARTESIAN_POINT('Ctrl Pts',(65.,-21.6013528197171,35.8295128500539));
#1745=CARTESIAN_POINT('Ctrl Pts',(65.,-22.1410072189981,35.5140724111726));
#1746=CARTESIAN_POINT('Ctrl Pts',(65.,-23.4880956030839,34.6548726932346));
#1747=CARTESIAN_POINT('Ctrl Pts',(65.,-25.0224440595611,33.4196621334104));
#1748=CARTESIAN_POINT('Ctrl Pts',(65.,-26.3373728543605,32.1614418163629));
#1749=CARTESIAN_POINT('Ctrl Pts',(65.,-28.2581601432853,29.8035426596552));
#1750=CARTESIAN_POINT('Ctrl Pts',(65.,-29.9204628553082,26.1876147122257));
#1751=CARTESIAN_POINT('Ctrl Pts',(65.,-30.455971258692,21.9028412991395));
#1752=CARTESIAN_POINT('Ctrl Pts',(65.,-30.1916171194609,18.0884479854586));
#1753=CARTESIAN_POINT('Ctrl Pts',(65.,-29.2476081555801,13.405242035066));
#1754=CARTESIAN_POINT('Ctrl Pts',(65.,-26.6658464482011,6.01628052724246));
#1755=CARTESIAN_POINT('Ctrl Pts',(65.,-21.7454561735628,-3.41840584352533));
#1756=CARTESIAN_POINT('Ctrl Pts',(65.,-14.3388035852031,-15.0698321139776));
#1757=CARTESIAN_POINT('Ctrl Pts',(65.,-5.49976535788877,-27.2872206690477));
#1758=CARTESIAN_POINT('Ctrl Pts',(65.0000000000001,8.00886693805944,-44.5073512290199));
#1759=CARTESIAN_POINT('Ctrl Pts',(65.,25.5887267234794,-65.2986129032531));
#1760=CARTESIAN_POINT('Ctrl Pts',(65.,50.6576605170125,-93.525178724414));
#1761=CARTESIAN_POINT('Ctrl Pts',(65.,79.6537113567465,-125.00944570085));
#1762=CARTESIAN_POINT('Ctrl Pts',(65.,107.403167040024,-154.459188582202));
#1763=CARTESIAN_POINT('Ctrl Pts',(65.,129.776759011398,-177.943154686813));
#1764=CARTESIAN_POINT('Ctrl Pts',(65.,146.427102982794,-195.319929514996));
#1765=CARTESIAN_POINT('Ctrl Pts',(65.,163.192471643939,-212.73420234611));
#1766=CARTESIAN_POINT('Ctrl Pts',(65.,174.582040030912,-224.517938718622));
#1767=CARTESIAN_POINT('Ctrl Pts',(65.,180.234983415066,-230.356768701965));
#1768=CARTESIAN_POINT('Ctrl Pts',(65.,180.234983415066,-230.356768701965));
#1769=CARTESIAN_POINT('Ctrl Pts',(65.,174.582040030912,-224.517938718622));
#1770=CARTESIAN_POINT('Ctrl Pts',(65.,163.192471643939,-212.73420234611));
#1771=CARTESIAN_POINT('Ctrl Pts',(65.,146.427102982794,-195.319929514996));
#1772=CARTESIAN_POINT('Ctrl Pts',(65.,129.776759011398,-177.943154686813));
#1773=CARTESIAN_POINT('Ctrl Pts',(65.,107.403167040024,-154.459188582202));
#1774=CARTESIAN_POINT('Ctrl Pts',(65.,79.6537113567465,-125.00944570085));
#1775=CARTESIAN_POINT('Ctrl Pts',(65.,50.6576605170125,-93.525178724414));
#1776=CARTESIAN_POINT('Ctrl Pts',(65.,25.5887267234794,-65.2986129032531));
#1777=CARTESIAN_POINT('Ctrl Pts',(65.0000000000001,8.00886693805944,-44.5073512290199));
#1778=CARTESIAN_POINT('Ctrl Pts',(65.,-5.49976535788877,-27.2872206690477));
#1779=CARTESIAN_POINT('Ctrl Pts',(65.,-14.3388035852031,-15.0698321139776));
#1780=CARTESIAN_POINT('Ctrl Pts',(65.,-21.7454561735628,-3.41840584352533));
#1781=CARTESIAN_POINT('Ctrl Pts',(65.,-26.6658464482011,6.01628052724246));
#1782=CARTESIAN_POINT('Ctrl Pts',(65.,-29.2476081555801,13.405242035066));
#1783=CARTESIAN_POINT('Ctrl Pts',(65.,-30.1916171194609,18.0884479854586));
#1784=CARTESIAN_POINT('Ctrl Pts',(65.,-30.455971258692,21.9028412991395));
#1785=CARTESIAN_POINT('Ctrl Pts',(65.,-29.9204628553082,26.1876147122257));
#1786=CARTESIAN_POINT('Ctrl Pts',(65.,-28.2581601432853,29.8035426596552));
#1787=CARTESIAN_POINT('Ctrl Pts',(65.,-26.3373728543605,32.1614418163629));
#1788=CARTESIAN_POINT('Ctrl Pts',(65.,-25.0224440595611,33.4196621334104));
#1789=CARTESIAN_POINT('Ctrl Pts',(65.,-23.4880956030839,34.6548726932346));
#1790=CARTESIAN_POINT('Ctrl Pts',(65.,-22.1410072189981,35.5140724111726));
#1791=CARTESIAN_POINT('Ctrl Pts',(65.,-21.6013528197171,35.8295128500539));
#1792=CARTESIAN_POINT('Ctrl Pts',(60.,-19.0781669203107,31.5128552406255));
#1793=CARTESIAN_POINT('Ctrl Pts',(60.,-19.5144056124118,31.2578636669874));
#1794=CARTESIAN_POINT('Ctrl Pts',(60.,-20.5798617371296,30.5765931743847));
#1795=CARTESIAN_POINT('Ctrl Pts',(60.,-21.7218983446343,29.6537988790312));
#1796=CARTESIAN_POINT('Ctrl Pts',(60.,-22.6619173940829,28.7540997295806));
#1797=CARTESIAN_POINT('Ctrl Pts',(60.,-23.952556063884,27.1569563641471));
#1798=CARTESIAN_POINT('Ctrl Pts',(60.,-25.0208117650805,24.8479759759902));
#1799=CARTESIAN_POINT('Ctrl Pts',(60.,-25.4284046094681,21.8137733395067));
#1800=CARTESIAN_POINT('Ctrl Pts',(60.,-25.2267600394763,18.7844677388596));
#1801=CARTESIAN_POINT('Ctrl Pts',(60.,-24.4331281542499,14.8118609487853));
#1802=CARTESIAN_POINT('Ctrl Pts',(60.,-22.1094412777271,8.11662897465774));
#1803=CARTESIAN_POINT('Ctrl Pts',(60.0000000000001,-17.4301409489976,-0.886121187323353));
#1804=CARTESIAN_POINT('Ctrl Pts',(59.9999999999999,-10.2191409997245,-12.2291410106085));
#1805=CARTESIAN_POINT('Ctrl Pts',(60.0000000000001,-1.5142095455392,-24.2670667281741));
#1806=CARTESIAN_POINT('Ctrl Pts',(60.,11.8686646039234,-41.3266090678377));
#1807=CARTESIAN_POINT('Ctrl Pts',(60.,29.3606692231334,-62.0162723021072));
#1808=CARTESIAN_POINT('Ctrl Pts',(60.,54.3581033080195,-90.1619512211086));
#1809=CARTESIAN_POINT('Ctrl Pts',(60.0000000000001,83.3090938095087,-121.598014863647));
#1810=CARTESIAN_POINT('Ctrl Pts',(60.,111.032804227621,-151.020220496101));
#1811=CARTESIAN_POINT('Ctrl Pts',(60.,133.391584029029,-174.488758017166));
#1812=CARTESIAN_POINT('Ctrl Pts',(60.,150.032917117067,-191.856071026005));
#1813=CARTESIAN_POINT('Ctrl Pts',(60.,166.790858213936,-209.262665166229));
#1814=CARTESIAN_POINT('Ctrl Pts',(60.,178.176214435212,-221.042033372051));
#1815=CARTESIAN_POINT('Ctrl Pts',(60.,183.827236859038,-226.878879227834));
#1816=CARTESIAN_POINT('Ctrl Pts',(95.,-1.8536374634908,31.6369640754914));
#1817=CARTESIAN_POINT('Ctrl Pts',(85.,-1.8536374634908,31.6369640754914));
#1818=CARTESIAN_POINT('Ctrl Pts',(75.,-1.8536374634908,31.6369640754914));
#1819=CARTESIAN_POINT('Ctrl Pts',(65.,-1.8536374634908,31.6369640754914));
#1820=CARTESIAN_POINT('Ctrl Pts',(95.,-3.08494956119781,33.3492384566449));
#1821=CARTESIAN_POINT('Ctrl Pts',(85.,-3.08494956119781,33.3492384566449));
#1822=CARTESIAN_POINT('Ctrl Pts',(75.,-3.08494956119781,33.3492384566449));
#1823=CARTESIAN_POINT('Ctrl Pts',(65.,-3.08494956119781,33.3492384566449));
#1824=CARTESIAN_POINT('Ctrl Pts',(95.,-6.27848553303668,36.2396795086329));
#1825=CARTESIAN_POINT('Ctrl Pts',(85.,-6.27848553303668,36.2396795086329));
#1826=CARTESIAN_POINT('Ctrl Pts',(75.,-6.27848553303668,36.2396795086329));
#1827=CARTESIAN_POINT('Ctrl Pts',(65.,-6.27848553303668,36.2396795086329));
#1828=CARTESIAN_POINT('Ctrl Pts',(95.,-13.4580725450129,38.5864573657686));
#1829=CARTESIAN_POINT('Ctrl Pts',(85.,-13.4580725450129,38.5864573657686));
#1830=CARTESIAN_POINT('Ctrl Pts',(75.,-13.4580725450129,38.5864573657686));
#1831=CARTESIAN_POINT('Ctrl Pts',(65.,-13.4580725450129,38.5864573657686));
#1832=CARTESIAN_POINT('Ctrl Pts',(95.,-18.8701630125387,37.4259562638246));
#1833=CARTESIAN_POINT('Ctrl Pts',(85.,-18.8701630125387,37.4259562638246));
#1834=CARTESIAN_POINT('Ctrl Pts',(75.,-18.8701630125387,37.4259562638246));
#1835=CARTESIAN_POINT('Ctrl Pts',(65.,-18.8701630125387,37.4259562638246));
#1836=CARTESIAN_POINT('Ctrl Pts',(95.,-21.6013528197171,35.8295128500539));
#1837=CARTESIAN_POINT('Ctrl Pts',(85.,-21.6013528197171,35.8295128500539));
#1838=CARTESIAN_POINT('Ctrl Pts',(75.,-21.6013528197171,35.8295128500539));
#1839=CARTESIAN_POINT('Ctrl Pts',(65.,-21.6013528197171,35.8295128500539));
#1840=CARTESIAN_POINT('Ctrl Pts',(65.,-21.6013528197171,35.8295128500539));
#1841=CARTESIAN_POINT('Ctrl Pts',(75.,-21.6013528197171,35.8295128500539));
#1842=CARTESIAN_POINT('Ctrl Pts',(85.,-21.6013528197171,35.8295128500539));
#1843=CARTESIAN_POINT('Ctrl Pts',(95.,-21.6013528197171,35.8295128500539));
#1844=CARTESIAN_POINT('',(95.,-1.8536374634908,31.6369640754914));
#1845=CARTESIAN_POINT('Ctrl Pts',(95.,-1.85363746349079,31.6369640754914));
#1846=CARTESIAN_POINT('Ctrl Pts',(95.,-3.08489828168247,33.3491671468604));
#1847=CARTESIAN_POINT('Ctrl Pts',(95.,-6.28040005465271,36.2462639608042));
#1848=CARTESIAN_POINT('Ctrl Pts',(95.,-11.4059363287892,37.9121351068193));
#1849=CARTESIAN_POINT('Ctrl Pts',(95.,-16.7088481025987,37.9018405095163));
#1850=CARTESIAN_POINT('Ctrl Pts',(95.,-19.7806354441165,36.8937641353274));
#1851=CARTESIAN_POINT('Ctrl Pts',(95.,-21.6013528197171,35.8295128500539));
#1852=CARTESIAN_POINT('',(60.,-1.8536374634908,31.6369640754914));
#1853=CARTESIAN_POINT('Ctrl Pts',(60.,-1.8536374634908,41.6369640754914));
#1854=CARTESIAN_POINT('Ctrl Pts',(100.,-1.8536374634908,41.6369640754914));
#1855=CARTESIAN_POINT('Ctrl Pts',(60.,-73.5609436923036,31.6369640754914));
#1856=CARTESIAN_POINT('Ctrl Pts',(100.,-73.5609436923036,31.6369640754914));
#1857=CARTESIAN_POINT('Ctrl Pts',(60.0000000000001,183.146362536509,-233.363035924509));
#1858=CARTESIAN_POINT('Ctrl Pts',(100.,183.146362536509,-233.363035924509));
#1859=CARTESIAN_POINT('Origin',(65.,135.459669137393,-153.519673618159));
#1860=CARTESIAN_POINT('',(60.,23.2530150455515,13.274001383227));
#1861=CARTESIAN_POINT('',(60.,135.459669137393,-153.519673618159));
#1862=CARTESIAN_POINT('',(65.,27.4016255965516,16.0648848448089));
#1863=CARTESIAN_POINT('Origin',(65.,23.2530150455515,13.274001383227));
#1864=CARTESIAN_POINT('',(65.,139.608279688393,-150.728790156577));
#1865=CARTESIAN_POINT('Origin',(65.,-3.71295353594882,-4.86674111705501));
#1866=CARTESIAN_POINT('',(60.,3.72875675715118,26.7698033831519));
#1867=CARTESIAN_POINT('',(65.,4.87363526378195,31.6369640754914));
#1868=CARTESIAN_POINT('Origin',(65.,3.72875675715118,26.7698033831519));
#1869=CARTESIAN_POINT('Origin',(65.,-3.71295353594882,-4.86674111705501));
#1870=CARTESIAN_POINT('Origin',(60.,-3.71295353594882,-4.86674111705501));
#1871=CARTESIAN_POINT('Ctrl Pts',(65.,4.87363526378195,31.6369640754914));
#1872=CARTESIAN_POINT('Ctrl Pts',(65.,4.87363526378195,31.6369640754914));
#1873=CARTESIAN_POINT('Ctrl Pts',(65.,4.87363526378195,31.6369640754914));
#1874=CARTESIAN_POINT('Ctrl Pts',(60.,4.87363526378195,31.6369640754914));
#1875=CARTESIAN_POINT('Ctrl Pts',(60.,4.87363526378195,31.6369640754914));
#1876=CARTESIAN_POINT('Ctrl Pts',(60.,4.87363526378195,31.6369640754914));
#1877=CARTESIAN_POINT('Ctrl Pts',(60.,3.72875675715118,26.7698033831519));
#1878=CARTESIAN_POINT('Ctrl Pts',(60.,-0.126364736218056,27.6766248376305));
#1879=CARTESIAN_POINT('Ctrl Pts',(60.,-0.126364736218053,31.6369640754914));
#1880=CARTESIAN_POINT('',(60.,-0.126364736218053,31.6369640754914));
#1881=CARTESIAN_POINT('Origin',(65.,-0.126364736218054,31.6369640754914));
#1882=CARTESIAN_POINT('Origin',(60.,4.87363526378195,31.6369640754914));
#1883=CARTESIAN_POINT('Origin',(60.,54.7927094221028,-95.8630359245086));
#1884=CARTESIAN_POINT('',(60.,-1.8536374634908,31.6369640754914));
#1885=CARTESIAN_POINT('Origin',(60.0000000000001,191.443583638509,-227.781269001345));
#1886=CARTESIAN_POINT('',(60.,27.4016255965516,16.0648848448089));
#1887=CARTESIAN_POINT('Ctrl Pts',(100.,-19.0781669203107,31.5128552406255));
#1888=CARTESIAN_POINT('Ctrl Pts',(100.,-17.8643553365772,32.2223560974743));
#1889=CARTESIAN_POINT('Ctrl Pts',(100.,-15.8164971088985,32.8944070136004));
#1890=CARTESIAN_POINT('Ctrl Pts',(100.,-12.2812225930256,32.901270078469));
#1891=CARTESIAN_POINT('Ctrl Pts',(100.,-8.86419841026781,31.790689314459));
#1892=CARTESIAN_POINT('Ctrl Pts',(100.,-6.73386389495422,29.8592914384964));
#1893=CARTESIAN_POINT('Ctrl Pts',(100.,-5.91302334949316,28.7178227242504));
#1894=CARTESIAN_POINT('Ctrl Pts',(100.,-19.4556346481782,32.1586257089037));
#1895=CARTESIAN_POINT('Ctrl Pts',(100.,-18.1509838341692,32.9212241902765));
#1896=CARTESIAN_POINT('Ctrl Pts',(100.,-15.9500332188391,33.6435707508445));
#1897=CARTESIAN_POINT('Ctrl Pts',(100.,-12.1502402071169,33.6509646051826));
#1898=CARTESIAN_POINT('Ctrl Pts',(100.,-8.47762282158905,32.4572896235422));
#1899=CARTESIAN_POINT('Ctrl Pts',(100.,-6.18801125054537,30.3814191981115));
#1900=CARTESIAN_POINT('Ctrl Pts',(100.,-5.30574064103834,29.1545252491956));
#1901=CARTESIAN_POINT('Ctrl Pts',(99.6576321480877,-20.2089451179849,33.4473866252193));
#1902=CARTESIAN_POINT('Ctrl Pts',(99.6576321480877,-18.7229009864711,34.3160136829552));
#1903=CARTESIAN_POINT('Ctrl Pts',(99.6576321480877,-16.2166236345292,35.1387952510545));
#1904=CARTESIAN_POINT('Ctrl Pts',(99.6576321480877,-11.8887481806947,35.1472882492406));
#1905=CARTESIAN_POINT('Ctrl Pts',(99.6576321480877,-7.70604381470174,33.7877300428134));
#1906=CARTESIAN_POINT('Ctrl Pts',(99.6576321480877,-5.0987274653581,31.4235265790046));
#1907=CARTESIAN_POINT('Ctrl Pts',(99.6576321480877,-4.09378955585245,30.02605030934));
#1908=CARTESIAN_POINT('Ctrl Pts',(97.9849495024884,-21.2701441977086,35.2628822982433));
#1909=CARTESIAN_POINT('Ctrl Pts',(97.9849495024884,-19.5290452498579,36.2805947767806));
#1910=CARTESIAN_POINT('Ctrl Pts',(97.9849495024884,-16.5917546262263,37.2445895444828));
#1911=CARTESIAN_POINT('Ctrl Pts',(97.9849495024884,-11.5207906569461,37.2544516418095));
#1912=CARTESIAN_POINT('Ctrl Pts',(97.9849495024884,-6.61952359683633,35.6614476223696));
#1913=CARTESIAN_POINT('Ctrl Pts',(97.9849495024883,-3.56391580100476,32.8911098313527));
#1914=CARTESIAN_POINT('Ctrl Pts',(97.9849495024883,-2.38649697488076,31.2537799491771));
#1915=CARTESIAN_POINT('Ctrl Pts',(96.1219973762821,-21.6013528197171,35.8295128500539));
#1916=CARTESIAN_POINT('Ctrl Pts',(96.1219973762821,-19.7799185046295,36.8941832029876));
#1917=CARTESIAN_POINT('Ctrl Pts',(96.1219973762821,-16.7094780448333,37.9026673333516));
#1918=CARTESIAN_POINT('Ctrl Pts',(96.1219973762821,-11.4053194836903,37.9132316706367));
#1919=CARTESIAN_POINT('Ctrl Pts',(96.1219973762821,-6.27977715069186,36.2470051079815));
#1920=CARTESIAN_POINT('Ctrl Pts',(96.1219973762821,-3.08538311228341,33.3498413569317));
#1921=CARTESIAN_POINT('Ctrl Pts',(96.1219973762821,-1.85363746349079,31.6369640754914));
#1922=CARTESIAN_POINT('Ctrl Pts',(95.,-21.6013528197171,35.8295128500539));
#1923=CARTESIAN_POINT('Ctrl Pts',(95.,-19.7806354441165,36.8937641353274));
#1924=CARTESIAN_POINT('Ctrl Pts',(95.,-16.7088481025987,37.9018405095163));
#1925=CARTESIAN_POINT('Ctrl Pts',(95.,-11.4059363287892,37.9121351068193));
#1926=CARTESIAN_POINT('Ctrl Pts',(95.,-6.28040005465271,36.2462639608042));
#1927=CARTESIAN_POINT('Ctrl Pts',(95.,-3.08489828168247,33.3491671468604));
#1928=CARTESIAN_POINT('Ctrl Pts',(95.,-1.85363746349079,31.6369640754914));
#1929=CARTESIAN_POINT('Ctrl Pts',(95.,-1.85363746349081,31.6369640754914));
#1930=CARTESIAN_POINT('Ctrl Pts',(95.5340462870507,-1.85363746349081,31.6369640754914));
#1931=CARTESIAN_POINT('Ctrl Pts',(96.0593587229868,-1.95890821228533,31.6369640754844));
#1932=CARTESIAN_POINT('Ctrl Pts',(97.0882467318363,-2.37713845094382,31.6369640754844));
#1933=CARTESIAN_POINT('Ctrl Pts',(97.5698422306066,-2.69828375584542,31.6369640741128));
#1934=CARTESIAN_POINT('Ctrl Pts',(98.4883698639002,-3.57520334386445,31.6369640741128));
#1935=CARTESIAN_POINT('Ctrl Pts',(98.8830269868989,-4.15004362245055,31.6369640754914));
#1936=CARTESIAN_POINT('Ctrl Pts',(99.4710635334805,-5.38539450816272,31.6369640754914));
#1937=CARTESIAN_POINT('Ctrl Pts',(99.6663703740808,-6.03265061100615,31.6369640754914));
#1938=CARTESIAN_POINT('Ctrl Pts',(99.9502887919564,-7.52050798901783,31.6369640754914));
#1939=CARTESIAN_POINT('Ctrl Pts',(99.9999999974503,-8.3608319685931,31.6369640754914));
#1940=CARTESIAN_POINT('Ctrl Pts',(100.,-9.20400840607314,31.6369640754914));
#1941=CARTESIAN_POINT('Origin',(95.,-3.71295353594882,-4.86674111705501));
#1942=CARTESIAN_POINT('',(95.,4.87363526378195,31.6369640754914));
#1943=CARTESIAN_POINT('Origin',(95.,3.72875675715118,26.7698033831519));
#1944=CARTESIAN_POINT('Origin',(95.,-3.71295353594882,-4.86674111705501));
#1945=CARTESIAN_POINT('Ctrl Pts',(95.,4.87363526378195,31.6369640754914));
#1946=CARTESIAN_POINT('Ctrl Pts',(95.,4.87363526378195,31.6369640754914));
#1947=CARTESIAN_POINT('Ctrl Pts',(95.,4.87363526378195,31.6369640754914));
#1948=CARTESIAN_POINT('Ctrl Pts',(100.,4.87363526378195,31.6369640754914));
#1949=CARTESIAN_POINT('Ctrl Pts',(100.,4.87363526378195,31.6369640754914));
#1950=CARTESIAN_POINT('Ctrl Pts',(100.,4.87363526378195,31.6369640754914));
#1951=CARTESIAN_POINT('Ctrl Pts',(100.,-0.126364736218053,31.6369640754914));
#1952=CARTESIAN_POINT('Ctrl Pts',(100.,-0.126364736218114,27.6766248376305));
#1953=CARTESIAN_POINT('Ctrl Pts',(100.,3.72875675715118,26.7698033831519));
#1954=CARTESIAN_POINT('Origin',(95.,-0.126364736218054,31.6369640754914));
#1955=CARTESIAN_POINT('Origin',(60.,-3.71295353594882,-4.86674111705501));
#1956=CARTESIAN_POINT('',(60.,4.87363526378195,31.6369640754914));
#1957=CARTESIAN_POINT('Origin',(60.,4.87363526378193,31.6369640754914));
#1958=CARTESIAN_POINT('',(0.,0.,0.));
#1959=CARTESIAN_POINT('',(0.,0.,0.));
#1960=UNCERTAINTY_MEASURE_WITH_UNIT(LENGTH_MEASURE(0.01),#1968,
'DISTANCE_ACCURACY_VALUE',
'Maximum model space distance between geometric entities at asserted c
onnectivities');
#1961=UNCERTAINTY_MEASURE_WITH_UNIT(LENGTH_MEASURE(0.01),#1968,
'DISTANCE_ACCURACY_VALUE',
'Maximum model space distance between geometric entities at asserted c
onnectivities');
#1962=UNCERTAINTY_MEASURE_WITH_UNIT(LENGTH_MEASURE(0.01),#1968,
'DISTANCE_ACCURACY_VALUE',
'Maximum model space distance between geometric entities at asserted c
onnectivities');
#1963=UNCERTAINTY_MEASURE_WITH_UNIT(LENGTH_MEASURE(0.01),#1968,
'DISTANCE_ACCURACY_VALUE',
'Maximum model space distance between geometric entities at asserted c
onnectivities');
#1964=(
GEOMETRIC_REPRESENTATION_CONTEXT(3)
GLOBAL_UNCERTAINTY_ASSIGNED_CONTEXT((#1960))
GLOBAL_UNIT_ASSIGNED_CONTEXT((#1968,#1970,#1971))
REPRESENTATION_CONTEXT('','3D')
);
#1965=(
GEOMETRIC_REPRESENTATION_CONTEXT(3)
GLOBAL_UNCERTAINTY_ASSIGNED_CONTEXT((#1961))
GLOBAL_UNIT_ASSIGNED_CONTEXT((#1968,#1970,#1971))
REPRESENTATION_CONTEXT('','3D')
);
#1966=(
GEOMETRIC_REPRESENTATION_CONTEXT(3)
GLOBAL_UNCERTAINTY_ASSIGNED_CONTEXT((#1962))
GLOBAL_UNIT_ASSIGNED_CONTEXT((#1968,#1970,#1971))
REPRESENTATION_CONTEXT('','3D')
);
#1967=(
GEOMETRIC_REPRESENTATION_CONTEXT(3)
GLOBAL_UNCERTAINTY_ASSIGNED_CONTEXT((#1963))
GLOBAL_UNIT_ASSIGNED_CONTEXT((#1968,#1970,#1971))
REPRESENTATION_CONTEXT('','3D')
);
#1968=(
LENGTH_UNIT()
NAMED_UNIT(*)
SI_UNIT(.MILLI.,.METRE.)
);
#1969=(
LENGTH_UNIT()
NAMED_UNIT(*)
SI_UNIT($,.METRE.)
);
#1970=(
NAMED_UNIT(*)
PLANE_ANGLE_UNIT()
SI_UNIT($,.RADIAN.)
);
#1971=(
NAMED_UNIT(*)
SI_UNIT($,.STERADIAN.)
SOLID_ANGLE_UNIT()
);
#1972=SHAPE_DEFINITION_REPRESENTATION(#1975,#1980);
#1973=SHAPE_DEFINITION_REPRESENTATION(#1976,#1981);
#1974=SHAPE_DEFINITION_REPRESENTATION(#1977,#1982);
#1975=PRODUCT_DEFINITION_SHAPE('',$,#1984);
#1976=PRODUCT_DEFINITION_SHAPE('',$,#1985);
#1977=PRODUCT_DEFINITION_SHAPE('',$,#1986);
#1978=PRODUCT_DEFINITION_SHAPE($,$,#17);
#1979=PRODUCT_DEFINITION_SHAPE($,$,#18);
#1980=SHAPE_REPRESENTATION('',(#726,#806,#807),#1964);
#1981=SHAPE_REPRESENTATION('',(#727),#1965);
#1982=SHAPE_REPRESENTATION('',(#735),#1966);
#1983=PRODUCT_DEFINITION_CONTEXT('part definition',#1994,'design');
#1984=PRODUCT_DEFINITION('Combine Hip Prosthesis',
'Combine Hip Prosthesis v2',#1987,#1983);
#1985=PRODUCT_DEFINITION('Hip joint Cup','Hip joint Cup v1',#1988,#1983);
#1986=PRODUCT_DEFINITION('Hip joint 2','Hip joint 2 v2',#1989,#1983);
#1987=PRODUCT_DEFINITION_FORMATION('',$,#1996);
#1988=PRODUCT_DEFINITION_FORMATION('',$,#1997);
#1989=PRODUCT_DEFINITION_FORMATION('',$,#1998);
#1990=PRODUCT_RELATED_PRODUCT_CATEGORY('Combine Hip Prosthesis v2',
'Combine Hip Prosthesis v2',(#1996));
#1991=PRODUCT_RELATED_PRODUCT_CATEGORY('Hip joint Cup v1',
'Hip joint Cup v1',(#1997));
#1992=PRODUCT_RELATED_PRODUCT_CATEGORY('Hip joint 2 v2',
'Hip joint 2 v2',(#1998));
#1993=APPLICATION_PROTOCOL_DEFINITION('international standard',
'automotive_design',2009,#1994);
#1994=APPLICATION_CONTEXT(
'Core Data for Automotive Mechanical Design Process');
#1995=PRODUCT_CONTEXT('part definition',#1994,'mechanical');
#1996=PRODUCT('Combine Hip Prosthesis','Combine Hip Prosthesis v2',$,(#1995));
#1997=PRODUCT('Hip joint Cup','Hip joint Cup v1',$,(#1995));
#1998=PRODUCT('Hip joint 2','Hip joint 2 v2',$,(#1995));
#1999=PRESENTATION_STYLE_ASSIGNMENT((#2000));
#2000=SURFACE_STYLE_USAGE(.BOTH.,#2001);
#2001=SURFACE_SIDE_STYLE('',(#2002));
#2002=SURFACE_STYLE_FILL_AREA(#2003);
#2003=FILL_AREA_STYLE('Steel - Satin',(#2004));
#2004=FILL_AREA_STYLE_COLOUR('Steel - Satin',#2005);
#2005=COLOUR_RGB('Steel - Satin',0.627450980392157,0.627450980392157,0.627450980392157);
ENDSEC;
END-ISO-10303-21;
