ISO-10303-21;
HEADER;
/* Generated by software containing ST-Developer
 * from STEP Tools, Inc. (www.steptools.com) 
 */

FILE_DESCRIPTION(
/* description */ (''),
/* implementation_level */ '2;1');

FILE_NAME(
/* name */ 'compliant_thumb.step',
/* time_stamp */ '2026-07-02T14:45:11+05:30',
/* author */ (''),
/* organization */ (''),
/* preprocessor_version */ 'ST-DEVELOPER v20.1',
/* originating_system */ 'Autodesk Translation Framework v15.8.0.0',
/* authorisation */ '');

FILE_SCHEMA (('AUTOMOTIVE_DESIGN { 1 0 10303 214 3 1 1 }'));
ENDSEC;

DATA;
#10=MECHANICAL_DESIGN_GEOMETRIC_PRESENTATION_REPRESENTATION('',(#13),#3164);
#11=SHAPE_REPRESENTATION_RELATIONSHIP('SRR','None',#3171,#12);
#12=ADVANCED_BREP_SHAPE_REPRESENTATION('',(#14),#3163);
#13=STYLED_ITEM('',(#3180),#14);
#14=MANIFOLD_SOLID_BREP('Body1',#1826);
#15=FACE_BOUND('',#266,.T.);
#16=FACE_BOUND('',#267,.T.);
#17=FACE_BOUND('',#268,.T.);
#18=FACE_BOUND('',#278,.T.);
#19=FACE_BOUND('',#279,.T.);
#20=FACE_BOUND('',#280,.T.);
#21=(
BOUNDED_SURFACE()
B_SPLINE_SURFACE(1,2,((#2910,#2911,#2912),(#2913,#2914,#2915)),
 .UNSPECIFIED.,.F.,.F.,.F.)
B_SPLINE_SURFACE_WITH_KNOTS((2,2),(3,3),(-7.89406280080599E-16,1.39467257732844),
(1.48352986419518,1.52712150032474),.UNSPECIFIED.)
GEOMETRIC_REPRESENTATION_ITEM()
RATIONAL_B_SPLINE_SURFACE(((1.,0.99976248056062,1.),(1.,0.99976248056062,
1.)))
REPRESENTATION_ITEM('')
SURFACE()
);
#22=(
BOUNDED_SURFACE()
B_SPLINE_SURFACE(1,2,((#2931,#2932,#2933),(#2934,#2935,#2936)),
 .UNSPECIFIED.,.F.,.F.,.F.)
B_SPLINE_SURFACE_WITH_KNOTS((2,2),(3,3),(-4.30222951491624E-17,0.171652009517347),
(-1.52712150032473,-1.48352986419518),.UNSPECIFIED.)
GEOMETRIC_REPRESENTATION_ITEM()
RATIONAL_B_SPLINE_SURFACE(((1.,0.99976248056062,1.),(1.,0.99976248056062,
1.)))
REPRESENTATION_ITEM('')
SURFACE()
);
#23=TOROIDAL_SURFACE('',#1860,15.,7.5);
#24=TOROIDAL_SURFACE('',#1866,15.,7.5);
#25=TOROIDAL_SURFACE('',#1874,15.,7.5);
#26=TOROIDAL_SURFACE('',#1879,15.,7.5);
#27=TOROIDAL_SURFACE('',#1887,20.,10.);
#28=TOROIDAL_SURFACE('',#1893,20.,10.);
#29=TOROIDAL_SURFACE('',#1900,20.,10.);
#30=TOROIDAL_SURFACE('',#1907,20.,10.);
#31=ELLIPSE('',#1847,35.3553390593274,25.);
#32=ELLIPSE('',#1848,35.3553390593274,25.);
#33=ELLIPSE('',#1850,35.3553390593274,25.);
#34=ELLIPSE('',#1852,35.3553390593274,25.);
#35=ELLIPSE('',#1883,14.142135623731,10.);
#36=ELLIPSE('',#1885,14.142135623731,10.);
#37=ELLIPSE('',#1916,14.142135623731,10.);
#38=ELLIPSE('',#1918,14.142135623731,10.);
#39=ELLIPSE('',#1927,815.60361800397,812.5);
#40=ELLIPSE('',#1928,100.381983754335,100.);
#41=ELLIPSE('',#1930,100.381983754335,100.);
#42=ELLIPSE('',#1934,815.60361800397,812.5);
#43=ELLIPSE('',#1947,815.60361800397,812.5);
#44=ELLIPSE('',#1949,100.381983754335,100.);
#45=B_SPLINE_CURVE_WITH_KNOTS('',3,(#2508,#2509,#2510,#2511,#2512,#2513,
#2514,#2515,#2516,#2517,#2518,#2519,#2520,#2521,#2522,#2523),
 .UNSPECIFIED.,.F.,.F.,(4,2,2,2,2,2,2,4),(10.5198716922614,10.7624315395826,
11.2028325648958,11.643233590209,12.0881708627125,12.533108135216,12.9780454077195,
13.422982680223),.UNSPECIFIED.);
#46=B_SPLINE_CURVE_WITH_KNOTS('',3,(#2524,#2525,#2526,#2527,#2528,#2529,
#2530,#2531,#2532,#2533,#2534,#2535,#2536,#2537,#2538,#2539),
 .UNSPECIFIED.,.F.,.F.,(4,2,2,2,2,2,2,4),(13.422982680223,13.8679199527265,
14.31285722523,14.7577944977336,15.2027317702371,15.6431327955502,16.0835338208634,
16.3260936681846),.UNSPECIFIED.);
#47=B_SPLINE_CURVE_WITH_KNOTS('',3,(#2558,#2559,#2560,#2561,#2562,#2563,
#2564,#2565,#2566,#2567,#2568,#2569,#2570,#2571,#2572,#2573),
 .UNSPECIFIED.,.F.,.F.,(4,2,2,2,2,2,2,4),(23.9428543724844,24.1854142198056,
24.6258152451188,25.066216270432,25.5111535429355,25.956090815439,26.4010280879425,
26.845965360446),.UNSPECIFIED.);
#48=B_SPLINE_CURVE_WITH_KNOTS('',3,(#2575,#2576,#2577,#2578,#2579,#2580,
#2581,#2582,#2583,#2584,#2585,#2586,#2587,#2588,#2589,#2590),
 .UNSPECIFIED.,.F.,.F.,(4,2,2,2,2,2,2,4),(26.845965360446,27.2909026329495,
27.7358399054531,28.1807771779566,28.6257144504601,29.0661154757733,29.5065165010864,
29.7490763484076),.UNSPECIFIED.);
#49=B_SPLINE_CURVE_WITH_KNOTS('',3,(#2613,#2614,#2615,#2616,#2617,#2618,
#2619,#2620,#2621,#2622,#2623,#2624,#2625,#2626),.UNSPECIFIED.,.F.,.F.,
(4,2,2,2,2,2,4),(7.19046136039222,7.28543979173096,7.5877479925732,7.86214387798039,
8.1298304294361,8.40404249127879,8.52846121271607),.UNSPECIFIED.);
#50=B_SPLINE_CURVE_WITH_KNOTS('',3,(#2641,#2642,#2643,#2644,#2645,#2646,
#2647,#2648,#2649,#2650,#2651,#2652,#2653,#2654),.UNSPECIFIED.,.F.,.F.,
(4,2,2,2,2,2,4),(8.52846134536953,8.68276521524528,8.96267451829707,9.24193161078986,
9.52472243804305,9.83045550911818,9.86665880565447),.UNSPECIFIED.);
#51=B_SPLINE_CURVE_WITH_KNOTS('',3,(#2673,#2674,#2675,#2676,#2677,#2678,
#2679,#2680,#2681,#2682,#2683,#2684,#2685,#2686),.UNSPECIFIED.,.F.,.F.,
(4,2,2,2,2,2,4),(7.19046144959687,7.28543938210222,7.58774763861715,7.86214354504442,
8.12983008774883,8.40404213959415,8.52846134536953),.UNSPECIFIED.);
#52=B_SPLINE_CURVE_WITH_KNOTS('',3,(#2696,#2697,#2698,#2699,#2700,#2701,
#2702,#2703,#2704,#2705,#2706,#2707,#2708,#2709),.UNSPECIFIED.,.F.,.F.,
(4,2,2,2,2,2,4),(8.52846121271607,8.68276556228157,8.96267485828416,9.24193194813652,
9.52472280250617,9.83045594633272,9.86665871712318),.UNSPECIFIED.);
#53=B_SPLINE_CURVE_WITH_KNOTS('',3,(#2730,#2731,#2732,#2733,#2734,#2735,
#2736,#2737,#2738,#2739),.UNSPECIFIED.,.F.,.F.,(4,2,2,2,4),(5.05532240038509,
5.43763853319844,5.81995466601179,6.40776876167633,6.99558285734087),
 .UNSPECIFIED.);
#54=B_SPLINE_CURVE_WITH_KNOTS('',3,(#2754,#2755,#2756,#2757,#2758,#2759,
#2760,#2761,#2762,#2763),.UNSPECIFIED.,.F.,.F.,(4,2,2,2,4),(0.,0.587814095664542,
1.17562819132908,1.55794432414243,1.94026045695578),.UNSPECIFIED.);
#55=B_SPLINE_CURVE_WITH_KNOTS('',3,(#2783,#2784,#2785,#2786,#2787,#2788,
#2789,#2790,#2791,#2792),.UNSPECIFIED.,.F.,.F.,(4,2,2,2,4),(5.05532240038509,
5.43763853319844,5.81995466601179,6.40776876167633,6.99558285734087),
 .UNSPECIFIED.);
#56=B_SPLINE_CURVE_WITH_KNOTS('',3,(#2819,#2820,#2821,#2822,#2823,#2824,
#2825,#2826,#2827,#2828),.UNSPECIFIED.,.F.,.F.,(4,2,2,2,4),(0.,0.58781409566454,
1.17562819132908,1.55794432414243,1.94026045695578),.UNSPECIFIED.);
#57=PLANE('',#1843);
#58=PLANE('',#1844);
#59=PLANE('',#1854);
#60=PLANE('',#1857);
#61=PLANE('',#1858);
#62=PLANE('',#1859);
#63=PLANE('',#1871);
#64=PLANE('',#1896);
#65=PLANE('',#1897);
#66=PLANE('',#1903);
#67=PLANE('',#1911);
#68=PLANE('',#1912);
#69=PLANE('',#1914);
#70=PLANE('',#1921);
#71=PLANE('',#1922);
#72=PLANE('',#1923);
#73=PLANE('',#1924);
#74=PLANE('',#1925);
#75=PLANE('',#1926);
#76=PLANE('',#1929);
#77=PLANE('',#1931);
#78=PLANE('',#1932);
#79=PLANE('',#1933);
#80=PLANE('',#1940);
#81=PLANE('',#1941);
#82=PLANE('',#1942);
#83=PLANE('',#1948);
#84=PLANE('',#1950);
#85=PLANE('',#1953);
#86=PLANE('',#1954);
#87=PLANE('',#1955);
#88=PLANE('',#1956);
#89=PLANE('',#1957);
#90=PLANE('',#1958);
#91=PLANE('',#1959);
#92=PLANE('',#1960);
#93=PLANE('',#1961);
#94=PLANE('',#1962);
#95=PLANE('',#1963);
#96=PLANE('',#1964);
#97=PLANE('',#1965);
#98=PLANE('',#1966);
#99=PLANE('',#1967);
#100=PLANE('',#1968);
#101=PLANE('',#1969);
#102=PLANE('',#1970);
#103=PLANE('',#1971);
#104=PLANE('',#1972);
#105=PLANE('',#1973);
#106=PLANE('',#1974);
#107=PLANE('',#1975);
#108=PLANE('',#1976);
#109=PLANE('',#1977);
#110=PLANE('',#1978);
#111=PLANE('',#1979);
#112=PLANE('',#1980);
#113=PLANE('',#1981);
#114=PLANE('',#1982);
#115=PLANE('',#1983);
#116=PLANE('',#1984);
#117=FACE_OUTER_BOUND('',#210,.T.);
#118=FACE_OUTER_BOUND('',#211,.T.);
#119=FACE_OUTER_BOUND('',#212,.T.);
#120=FACE_OUTER_BOUND('',#213,.T.);
#121=FACE_OUTER_BOUND('',#214,.T.);
#122=FACE_OUTER_BOUND('',#215,.T.);
#123=FACE_OUTER_BOUND('',#216,.T.);
#124=FACE_OUTER_BOUND('',#217,.T.);
#125=FACE_OUTER_BOUND('',#218,.T.);
#126=FACE_OUTER_BOUND('',#219,.T.);
#127=FACE_OUTER_BOUND('',#220,.T.);
#128=FACE_OUTER_BOUND('',#221,.T.);
#129=FACE_OUTER_BOUND('',#222,.T.);
#130=FACE_OUTER_BOUND('',#223,.T.);
#131=FACE_OUTER_BOUND('',#224,.T.);
#132=FACE_OUTER_BOUND('',#225,.T.);
#133=FACE_OUTER_BOUND('',#226,.T.);
#134=FACE_OUTER_BOUND('',#227,.T.);
#135=FACE_OUTER_BOUND('',#228,.T.);
#136=FACE_OUTER_BOUND('',#229,.T.);
#137=FACE_OUTER_BOUND('',#230,.T.);
#138=FACE_OUTER_BOUND('',#231,.T.);
#139=FACE_OUTER_BOUND('',#232,.T.);
#140=FACE_OUTER_BOUND('',#233,.T.);
#141=FACE_OUTER_BOUND('',#234,.T.);
#142=FACE_OUTER_BOUND('',#235,.T.);
#143=FACE_OUTER_BOUND('',#236,.T.);
#144=FACE_OUTER_BOUND('',#237,.T.);
#145=FACE_OUTER_BOUND('',#238,.T.);
#146=FACE_OUTER_BOUND('',#239,.T.);
#147=FACE_OUTER_BOUND('',#240,.T.);
#148=FACE_OUTER_BOUND('',#241,.T.);
#149=FACE_OUTER_BOUND('',#242,.T.);
#150=FACE_OUTER_BOUND('',#243,.T.);
#151=FACE_OUTER_BOUND('',#244,.T.);
#152=FACE_OUTER_BOUND('',#245,.T.);
#153=FACE_OUTER_BOUND('',#246,.T.);
#154=FACE_OUTER_BOUND('',#247,.T.);
#155=FACE_OUTER_BOUND('',#248,.T.);
#156=FACE_OUTER_BOUND('',#249,.T.);
#157=FACE_OUTER_BOUND('',#250,.T.);
#158=FACE_OUTER_BOUND('',#251,.T.);
#159=FACE_OUTER_BOUND('',#252,.T.);
#160=FACE_OUTER_BOUND('',#253,.T.);
#161=FACE_OUTER_BOUND('',#254,.T.);
#162=FACE_OUTER_BOUND('',#255,.T.);
#163=FACE_OUTER_BOUND('',#256,.T.);
#164=FACE_OUTER_BOUND('',#257,.T.);
#165=FACE_OUTER_BOUND('',#258,.T.);
#166=FACE_OUTER_BOUND('',#259,.T.);
#167=FACE_OUTER_BOUND('',#260,.T.);
#168=FACE_OUTER_BOUND('',#261,.T.);
#169=FACE_OUTER_BOUND('',#262,.T.);
#170=FACE_OUTER_BOUND('',#263,.T.);
#171=FACE_OUTER_BOUND('',#264,.T.);
#172=FACE_OUTER_BOUND('',#265,.T.);
#173=FACE_OUTER_BOUND('',#269,.T.);
#174=FACE_OUTER_BOUND('',#270,.T.);
#175=FACE_OUTER_BOUND('',#271,.T.);
#176=FACE_OUTER_BOUND('',#272,.T.);
#177=FACE_OUTER_BOUND('',#273,.T.);
#178=FACE_OUTER_BOUND('',#274,.T.);
#179=FACE_OUTER_BOUND('',#275,.T.);
#180=FACE_OUTER_BOUND('',#276,.T.);
#181=FACE_OUTER_BOUND('',#277,.T.);
#182=FACE_OUTER_BOUND('',#281,.T.);
#183=FACE_OUTER_BOUND('',#282,.T.);
#184=FACE_OUTER_BOUND('',#283,.T.);
#185=FACE_OUTER_BOUND('',#284,.T.);
#186=FACE_OUTER_BOUND('',#285,.T.);
#187=FACE_OUTER_BOUND('',#286,.T.);
#188=FACE_OUTER_BOUND('',#287,.T.);
#189=FACE_OUTER_BOUND('',#288,.T.);
#190=FACE_OUTER_BOUND('',#289,.T.);
#191=FACE_OUTER_BOUND('',#290,.T.);
#192=FACE_OUTER_BOUND('',#291,.T.);
#193=FACE_OUTER_BOUND('',#292,.T.);
#194=FACE_OUTER_BOUND('',#293,.T.);
#195=FACE_OUTER_BOUND('',#294,.T.);
#196=FACE_OUTER_BOUND('',#295,.T.);
#197=FACE_OUTER_BOUND('',#296,.T.);
#198=FACE_OUTER_BOUND('',#297,.T.);
#199=FACE_OUTER_BOUND('',#298,.T.);
#200=FACE_OUTER_BOUND('',#299,.T.);
#201=FACE_OUTER_BOUND('',#300,.T.);
#202=FACE_OUTER_BOUND('',#301,.T.);
#203=FACE_OUTER_BOUND('',#302,.T.);
#204=FACE_OUTER_BOUND('',#303,.T.);
#205=FACE_OUTER_BOUND('',#304,.T.);
#206=FACE_OUTER_BOUND('',#305,.T.);
#207=FACE_OUTER_BOUND('',#306,.T.);
#208=FACE_OUTER_BOUND('',#307,.T.);
#209=FACE_OUTER_BOUND('',#308,.T.);
#210=EDGE_LOOP('',(#1180,#1181,#1182,#1183));
#211=EDGE_LOOP('',(#1184,#1185,#1186,#1187));
#212=EDGE_LOOP('',(#1188,#1189,#1190,#1191,#1192,#1193,#1194,#1195,#1196));
#213=EDGE_LOOP('',(#1197,#1198,#1199,#1200,#1201,#1202,#1203));
#214=EDGE_LOOP('',(#1204,#1205,#1206,#1207));
#215=EDGE_LOOP('',(#1208,#1209,#1210,#1211));
#216=EDGE_LOOP('',(#1212,#1213,#1214,#1215,#1216,#1217,#1218));
#217=EDGE_LOOP('',(#1219,#1220,#1221,#1222,#1223,#1224,#1225,#1226,#1227));
#218=EDGE_LOOP('',(#1228,#1229,#1230,#1231,#1232,#1233,#1234,#1235));
#219=EDGE_LOOP('',(#1236,#1237,#1238,#1239));
#220=EDGE_LOOP('',(#1240,#1241,#1242,#1243));
#221=EDGE_LOOP('',(#1244,#1245,#1246,#1247));
#222=EDGE_LOOP('',(#1248,#1249,#1250,#1251));
#223=EDGE_LOOP('',(#1252,#1253,#1254,#1255));
#224=EDGE_LOOP('',(#1256,#1257,#1258,#1259));
#225=EDGE_LOOP('',(#1260,#1261,#1262,#1263));
#226=EDGE_LOOP('',(#1264,#1265,#1266,#1267));
#227=EDGE_LOOP('',(#1268,#1269,#1270,#1271));
#228=EDGE_LOOP('',(#1272,#1273,#1274,#1275));
#229=EDGE_LOOP('',(#1276,#1277,#1278,#1279));
#230=EDGE_LOOP('',(#1280,#1281,#1282,#1283));
#231=EDGE_LOOP('',(#1284,#1285,#1286,#1287,#1288));
#232=EDGE_LOOP('',(#1289,#1290,#1291,#1292,#1293));
#233=EDGE_LOOP('',(#1294,#1295,#1296,#1297));
#234=EDGE_LOOP('',(#1298,#1299,#1300,#1301));
#235=EDGE_LOOP('',(#1302,#1303,#1304,#1305));
#236=EDGE_LOOP('',(#1306,#1307,#1308));
#237=EDGE_LOOP('',(#1309,#1310,#1311));
#238=EDGE_LOOP('',(#1312,#1313,#1314,#1315));
#239=EDGE_LOOP('',(#1316,#1317,#1318,#1319));
#240=EDGE_LOOP('',(#1320,#1321,#1322,#1323,#1324,#1325,#1326,#1327,#1328,
#1329,#1330,#1331,#1332,#1333,#1334,#1335));
#241=EDGE_LOOP('',(#1336,#1337,#1338,#1339));
#242=EDGE_LOOP('',(#1340,#1341,#1342,#1343));
#243=EDGE_LOOP('',(#1344,#1345,#1346,#1347));
#244=EDGE_LOOP('',(#1348,#1349,#1350,#1351));
#245=EDGE_LOOP('',(#1352,#1353,#1354,#1355,#1356,#1357,#1358,#1359,#1360,
#1361,#1362,#1363,#1364,#1365,#1366,#1367));
#246=EDGE_LOOP('',(#1368,#1369,#1370,#1371,#1372,#1373,#1374));
#247=EDGE_LOOP('',(#1375,#1376,#1377,#1378));
#248=EDGE_LOOP('',(#1379,#1380,#1381,#1382,#1383));
#249=EDGE_LOOP('',(#1384,#1385,#1386,#1387,#1388));
#250=EDGE_LOOP('',(#1389,#1390,#1391,#1392));
#251=EDGE_LOOP('',(#1393,#1394,#1395,#1396,#1397,#1398));
#252=EDGE_LOOP('',(#1399,#1400,#1401,#1402));
#253=EDGE_LOOP('',(#1403,#1404,#1405,#1406,#1407,#1408,#1409));
#254=EDGE_LOOP('',(#1410,#1411,#1412,#1413,#1414,#1415,#1416,#1417));
#255=EDGE_LOOP('',(#1418,#1419,#1420,#1421));
#256=EDGE_LOOP('',(#1422,#1423,#1424,#1425,#1426,#1427));
#257=EDGE_LOOP('',(#1428,#1429,#1430,#1431));
#258=EDGE_LOOP('',(#1432,#1433,#1434,#1435));
#259=EDGE_LOOP('',(#1436,#1437,#1438,#1439));
#260=EDGE_LOOP('',(#1440,#1441,#1442,#1443));
#261=EDGE_LOOP('',(#1444,#1445,#1446,#1447));
#262=EDGE_LOOP('',(#1448,#1449,#1450,#1451));
#263=EDGE_LOOP('',(#1452,#1453,#1454,#1455,#1456,#1457,#1458,#1459));
#264=EDGE_LOOP('',(#1460,#1461,#1462,#1463,#1464));
#265=EDGE_LOOP('',(#1465,#1466,#1467,#1468,#1469,#1470,#1471,#1472,#1473,
#1474,#1475,#1476,#1477,#1478,#1479,#1480,#1481,#1482,#1483,#1484,#1485,
#1486,#1487,#1488,#1489,#1490,#1491));
#266=EDGE_LOOP('',(#1492,#1493,#1494));
#267=EDGE_LOOP('',(#1495,#1496,#1497));
#268=EDGE_LOOP('',(#1498,#1499,#1500,#1501));
#269=EDGE_LOOP('',(#1502,#1503,#1504,#1505,#1506,#1507,#1508,#1509));
#270=EDGE_LOOP('',(#1510,#1511,#1512,#1513,#1514,#1515));
#271=EDGE_LOOP('',(#1516,#1517,#1518,#1519,#1520,#1521));
#272=EDGE_LOOP('',(#1522,#1523,#1524,#1525));
#273=EDGE_LOOP('',(#1526,#1527,#1528,#1529,#1530,#1531));
#274=EDGE_LOOP('',(#1532,#1533,#1534,#1535));
#275=EDGE_LOOP('',(#1536,#1537,#1538,#1539));
#276=EDGE_LOOP('',(#1540,#1541,#1542,#1543));
#277=EDGE_LOOP('',(#1544,#1545,#1546,#1547,#1548,#1549,#1550,#1551,#1552,
#1553,#1554,#1555,#1556,#1557,#1558,#1559,#1560,#1561,#1562,#1563,#1564,
#1565,#1566,#1567,#1568,#1569,#1570,#1571,#1572));
#278=EDGE_LOOP('',(#1573,#1574,#1575));
#279=EDGE_LOOP('',(#1576,#1577,#1578,#1579));
#280=EDGE_LOOP('',(#1580,#1581,#1582));
#281=EDGE_LOOP('',(#1583,#1584,#1585,#1586));
#282=EDGE_LOOP('',(#1587,#1588,#1589,#1590));
#283=EDGE_LOOP('',(#1591,#1592,#1593,#1594));
#284=EDGE_LOOP('',(#1595,#1596,#1597,#1598));
#285=EDGE_LOOP('',(#1599,#1600,#1601,#1602));
#286=EDGE_LOOP('',(#1603,#1604,#1605,#1606));
#287=EDGE_LOOP('',(#1607,#1608,#1609,#1610));
#288=EDGE_LOOP('',(#1611,#1612,#1613,#1614,#1615,#1616));
#289=EDGE_LOOP('',(#1617,#1618,#1619,#1620));
#290=EDGE_LOOP('',(#1621,#1622,#1623,#1624));
#291=EDGE_LOOP('',(#1625,#1626,#1627,#1628,#1629,#1630,#1631,#1632));
#292=EDGE_LOOP('',(#1633,#1634,#1635,#1636));
#293=EDGE_LOOP('',(#1637,#1638,#1639,#1640,#1641,#1642,#1643,#1644,#1645,
#1646));
#294=EDGE_LOOP('',(#1647,#1648,#1649,#1650));
#295=EDGE_LOOP('',(#1651,#1652,#1653,#1654));
#296=EDGE_LOOP('',(#1655,#1656,#1657,#1658));
#297=EDGE_LOOP('',(#1659,#1660,#1661,#1662));
#298=EDGE_LOOP('',(#1663,#1664,#1665,#1666));
#299=EDGE_LOOP('',(#1667,#1668,#1669,#1670));
#300=EDGE_LOOP('',(#1671,#1672,#1673,#1674));
#301=EDGE_LOOP('',(#1675,#1676,#1677,#1678));
#302=EDGE_LOOP('',(#1679,#1680,#1681,#1682));
#303=EDGE_LOOP('',(#1683,#1684,#1685,#1686,#1687,#1688));
#304=EDGE_LOOP('',(#1689,#1690,#1691,#1692));
#305=EDGE_LOOP('',(#1693,#1694,#1695,#1696,#1697));
#306=EDGE_LOOP('',(#1698,#1699,#1700,#1701));
#307=EDGE_LOOP('',(#1702,#1703,#1704,#1705));
#308=EDGE_LOOP('',(#1706,#1707,#1708,#1709));
#309=LINE('',#2482,#508);
#310=LINE('',#2485,#509);
#311=LINE('',#2488,#510);
#312=LINE('',#2490,#511);
#313=LINE('',#2491,#512);
#314=LINE('',#2494,#513);
#315=LINE('',#2496,#514);
#316=LINE('',#2498,#515);
#317=LINE('',#2500,#516);
#318=LINE('',#2502,#517);
#319=LINE('',#2505,#518);
#320=LINE('',#2543,#519);
#321=LINE('',#2547,#520);
#322=LINE('',#2551,#521);
#323=LINE('',#2553,#522);
#324=LINE('',#2591,#523);
#325=LINE('',#2592,#524);
#326=LINE('',#2593,#525);
#327=LINE('',#2597,#526);
#328=LINE('',#2599,#527);
#329=LINE('',#2601,#528);
#330=LINE('',#2602,#529);
#331=LINE('',#2604,#530);
#332=LINE('',#2607,#531);
#333=LINE('',#2609,#532);
#334=LINE('',#2636,#533);
#335=LINE('',#2637,#534);
#336=LINE('',#2659,#535);
#337=LINE('',#2662,#536);
#338=LINE('',#2665,#537);
#339=LINE('',#2666,#538);
#340=LINE('',#2669,#539);
#341=LINE('',#2693,#540);
#342=LINE('',#2715,#541);
#343=LINE('',#2718,#542);
#344=LINE('',#2724,#543);
#345=LINE('',#2726,#544);
#346=LINE('',#2747,#545);
#347=LINE('',#2750,#546);
#348=LINE('',#2768,#547);
#349=LINE('',#2769,#548);
#350=LINE('',#2772,#549);
#351=LINE('',#2773,#550);
#352=LINE('',#2776,#551);
#353=LINE('',#2779,#552);
#354=LINE('',#2799,#553);
#355=LINE('',#2801,#554);
#356=LINE('',#2802,#555);
#357=LINE('',#2804,#556);
#358=LINE('',#2806,#557);
#359=LINE('',#2808,#558);
#360=LINE('',#2809,#559);
#361=LINE('',#2812,#560);
#362=LINE('',#2815,#561);
#363=LINE('',#2832,#562);
#364=LINE('',#2833,#563);
#365=LINE('',#2837,#564);
#366=LINE('',#2839,#565);
#367=LINE('',#2841,#566);
#368=LINE('',#2842,#567);
#369=LINE('',#2844,#568);
#370=LINE('',#2846,#569);
#371=LINE('',#2848,#570);
#372=LINE('',#2852,#571);
#373=LINE('',#2854,#572);
#374=LINE('',#2855,#573);
#375=LINE('',#2858,#574);
#376=LINE('',#2860,#575);
#377=LINE('',#2865,#576);
#378=LINE('',#2866,#577);
#379=LINE('',#2868,#578);
#380=LINE('',#2870,#579);
#381=LINE('',#2871,#580);
#382=LINE('',#2874,#581);
#383=LINE('',#2876,#582);
#384=LINE('',#2878,#583);
#385=LINE('',#2879,#584);
#386=LINE('',#2882,#585);
#387=LINE('',#2883,#586);
#388=LINE('',#2886,#587);
#389=LINE('',#2887,#588);
#390=LINE('',#2890,#589);
#391=LINE('',#2896,#590);
#392=LINE('',#2900,#591);
#393=LINE('',#2902,#592);
#394=LINE('',#2903,#593);
#395=LINE('',#2907,#594);
#396=LINE('',#2908,#595);
#397=LINE('',#2909,#596);
#398=LINE('',#2918,#597);
#399=LINE('',#2921,#598);
#400=LINE('',#2922,#599);
#401=LINE('',#2925,#600);
#402=LINE('',#2926,#601);
#403=LINE('',#2929,#602);
#404=LINE('',#2930,#603);
#405=LINE('',#2943,#604);
#406=LINE('',#2947,#605);
#407=LINE('',#2951,#606);
#408=LINE('',#2954,#607);
#409=LINE('',#2957,#608);
#410=LINE('',#2959,#609);
#411=LINE('',#2961,#610);
#412=LINE('',#2962,#611);
#413=LINE('',#2965,#612);
#414=LINE('',#2967,#613);
#415=LINE('',#2969,#614);
#416=LINE('',#2971,#615);
#417=LINE('',#2973,#616);
#418=LINE('',#2974,#617);
#419=LINE('',#2976,#618);
#420=LINE('',#2978,#619);
#421=LINE('',#2980,#620);
#422=LINE('',#2981,#621);
#423=LINE('',#2983,#622);
#424=LINE('',#2984,#623);
#425=LINE('',#2986,#624);
#426=LINE('',#2988,#625);
#427=LINE('',#2989,#626);
#428=LINE('',#2992,#627);
#429=LINE('',#2994,#628);
#430=LINE('',#2995,#629);
#431=LINE('',#2998,#630);
#432=LINE('',#3000,#631);
#433=LINE('',#3001,#632);
#434=LINE('',#3004,#633);
#435=LINE('',#3006,#634);
#436=LINE('',#3008,#635);
#437=LINE('',#3009,#636);
#438=LINE('',#3014,#637);
#439=LINE('',#3018,#638);
#440=LINE('',#3020,#639);
#441=LINE('',#3021,#640);
#442=LINE('',#3025,#641);
#443=LINE('',#3029,#642);
#444=LINE('',#3031,#643);
#445=LINE('',#3033,#644);
#446=LINE('',#3036,#645);
#447=LINE('',#3038,#646);
#448=LINE('',#3041,#647);
#449=LINE('',#3044,#648);
#450=LINE('',#3045,#649);
#451=LINE('',#3047,#650);
#452=LINE('',#3051,#651);
#453=LINE('',#3053,#652);
#454=LINE('',#3054,#653);
#455=LINE('',#3056,#654);
#456=LINE('',#3058,#655);
#457=LINE('',#3059,#656);
#458=LINE('',#3061,#657);
#459=LINE('',#3063,#658);
#460=LINE('',#3065,#659);
#461=LINE('',#3067,#660);
#462=LINE('',#3069,#661);
#463=LINE('',#3070,#662);
#464=LINE('',#3072,#663);
#465=LINE('',#3073,#664);
#466=LINE('',#3075,#665);
#467=LINE('',#3077,#666);
#468=LINE('',#3079,#667);
#469=LINE('',#3080,#668);
#470=LINE('',#3083,#669);
#471=LINE('',#3085,#670);
#472=LINE('',#3086,#671);
#473=LINE('',#3089,#672);
#474=LINE('',#3091,#673);
#475=LINE('',#3093,#674);
#476=LINE('',#3094,#675);
#477=LINE('',#3097,#676);
#478=LINE('',#3099,#677);
#479=LINE('',#3100,#678);
#480=LINE('',#3102,#679);
#481=LINE('',#3103,#680);
#482=LINE('',#3105,#681);
#483=LINE('',#3107,#682);
#484=LINE('',#3108,#683);
#485=LINE('',#3110,#684);
#486=LINE('',#3112,#685);
#487=LINE('',#3113,#686);
#488=LINE('',#3115,#687);
#489=LINE('',#3117,#688);
#490=LINE('',#3119,#689);
#491=LINE('',#3121,#690);
#492=LINE('',#3123,#691);
#493=LINE('',#3126,#692);
#494=LINE('',#3129,#693);
#495=LINE('',#3131,#694);
#496=LINE('',#3132,#695);
#497=LINE('',#3135,#696);
#498=LINE('',#3137,#697);
#499=LINE('',#3138,#698);
#500=LINE('',#3140,#699);
#501=LINE('',#3142,#700);
#502=LINE('',#3144,#701);
#503=LINE('',#3148,#702);
#504=LINE('',#3149,#703);
#505=LINE('',#3152,#704);
#506=LINE('',#3155,#705);
#507=LINE('',#3159,#706);
#508=VECTOR('',#1991,10.);
#509=VECTOR('',#1994,10.);
#510=VECTOR('',#1997,10.);
#511=VECTOR('',#1998,10.);
#512=VECTOR('',#1999,10.);
#513=VECTOR('',#2002,10.);
#514=VECTOR('',#2003,10.);
#515=VECTOR('',#2004,10.);
#516=VECTOR('',#2005,10.);
#517=VECTOR('',#2006,10.);
#518=VECTOR('',#2009,10.);
#519=VECTOR('',#2014,10.);
#520=VECTOR('',#2019,10.);
#521=VECTOR('',#2024,10.);
#522=VECTOR('',#2025,10.);
#523=VECTOR('',#2030,10.);
#524=VECTOR('',#2031,10.);
#525=VECTOR('',#2032,10.);
#526=VECTOR('',#2037,10.);
#527=VECTOR('',#2038,10.);
#528=VECTOR('',#2039,10.);
#529=VECTOR('',#2040,10.);
#530=VECTOR('',#2043,25.5);
#531=VECTOR('',#2048,10.);
#532=VECTOR('',#2051,10.);
#533=VECTOR('',#2064,10.);
#534=VECTOR('',#2065,10.);
#535=VECTOR('',#2074,7.5);
#536=VECTOR('',#2077,10.);
#537=VECTOR('',#2080,7.5);
#538=VECTOR('',#2081,10.);
#539=VECTOR('',#2084,10.);
#540=VECTOR('',#2097,10.);
#541=VECTOR('',#2106,10.);
#542=VECTOR('',#2109,10.);
#543=VECTOR('',#2114,10.);
#544=VECTOR('',#2117,10.);
#545=VECTOR('',#2128,10.);
#546=VECTOR('',#2131,10.);
#547=VECTOR('',#2140,10.);
#548=VECTOR('',#2141,10.);
#549=VECTOR('',#2144,10.);
#550=VECTOR('',#2145,10.);
#551=VECTOR('',#2148,10.);
#552=VECTOR('',#2151,10.);
#553=VECTOR('',#2162,10.);
#554=VECTOR('',#2163,10.);
#555=VECTOR('',#2164,10.);
#556=VECTOR('',#2165,10.);
#557=VECTOR('',#2166,10.);
#558=VECTOR('',#2167,10.);
#559=VECTOR('',#2168,10.);
#560=VECTOR('',#2171,10.);
#561=VECTOR('',#2174,10.);
#562=VECTOR('',#2183,10.);
#563=VECTOR('',#2184,10.);
#564=VECTOR('',#2189,10.);
#565=VECTOR('',#2190,10.);
#566=VECTOR('',#2191,10.);
#567=VECTOR('',#2192,10.);
#568=VECTOR('',#2193,10.);
#569=VECTOR('',#2194,10.);
#570=VECTOR('',#2195,10.);
#571=VECTOR('',#2200,10.);
#572=VECTOR('',#2201,10.);
#573=VECTOR('',#2202,10.);
#574=VECTOR('',#2205,10.);
#575=VECTOR('',#2208,10.);
#576=VECTOR('',#2213,10.);
#577=VECTOR('',#2214,10.);
#578=VECTOR('',#2217,10.);
#579=VECTOR('',#2220,10.);
#580=VECTOR('',#2221,10.);
#581=VECTOR('',#2224,10.);
#582=VECTOR('',#2225,10.);
#583=VECTOR('',#2226,10.);
#584=VECTOR('',#2227,10.);
#585=VECTOR('',#2230,10.);
#586=VECTOR('',#2231,10.);
#587=VECTOR('',#2234,10.);
#588=VECTOR('',#2235,10.);
#589=VECTOR('',#2240,10.);
#590=VECTOR('',#2245,10.);
#591=VECTOR('',#2248,10.);
#592=VECTOR('',#2249,10.);
#593=VECTOR('',#2250,10.);
#594=VECTOR('',#2253,10.);
#595=VECTOR('',#2254,10.);
#596=VECTOR('',#2255,10.);
#597=VECTOR('',#2258,10.);
#598=VECTOR('',#2261,10.);
#599=VECTOR('',#2262,10.);
#600=VECTOR('',#2265,10.);
#601=VECTOR('',#2266,10.);
#602=VECTOR('',#2269,10.);
#603=VECTOR('',#2270,10.);
#604=VECTOR('',#2277,37.5);
#605=VECTOR('',#2280,37.5);
#606=VECTOR('',#2283,10.);
#607=VECTOR('',#2286,37.5);
#608=VECTOR('',#2289,10.);
#609=VECTOR('',#2290,10.);
#610=VECTOR('',#2291,10.);
#611=VECTOR('',#2292,10.);
#612=VECTOR('',#2295,10.);
#613=VECTOR('',#2296,10.);
#614=VECTOR('',#2297,10.);
#615=VECTOR('',#2298,10.);
#616=VECTOR('',#2299,10.);
#617=VECTOR('',#2300,10.);
#618=VECTOR('',#2301,10.);
#619=VECTOR('',#2302,10.);
#620=VECTOR('',#2303,10.);
#621=VECTOR('',#2304,10.);
#622=VECTOR('',#2305,10.);
#623=VECTOR('',#2306,10.);
#624=VECTOR('',#2307,10.);
#625=VECTOR('',#2308,10.);
#626=VECTOR('',#2309,10.);
#627=VECTOR('',#2310,10.);
#628=VECTOR('',#2311,10.);
#629=VECTOR('',#2312,10.);
#630=VECTOR('',#2313,10.);
#631=VECTOR('',#2314,10.);
#632=VECTOR('',#2315,10.);
#633=VECTOR('',#2316,10.);
#634=VECTOR('',#2317,10.);
#635=VECTOR('',#2318,10.);
#636=VECTOR('',#2319,10.);
#637=VECTOR('',#2324,10.);
#638=VECTOR('',#2327,10.);
#639=VECTOR('',#2328,10.);
#640=VECTOR('',#2329,10.);
#641=VECTOR('',#2334,10.);
#642=VECTOR('',#2339,10.);
#643=VECTOR('',#2340,10.);
#644=VECTOR('',#2341,10.);
#645=VECTOR('',#2346,10.);
#646=VECTOR('',#2349,10.);
#647=VECTOR('',#2352,10.);
#648=VECTOR('',#2355,10.);
#649=VECTOR('',#2356,10.);
#650=VECTOR('',#2359,10.);
#651=VECTOR('',#2364,10.);
#652=VECTOR('',#2365,10.);
#653=VECTOR('',#2366,10.);
#654=VECTOR('',#2367,10.);
#655=VECTOR('',#2368,10.);
#656=VECTOR('',#2369,10.);
#657=VECTOR('',#2370,10.);
#658=VECTOR('',#2371,10.);
#659=VECTOR('',#2372,10.);
#660=VECTOR('',#2373,10.);
#661=VECTOR('',#2374,10.);
#662=VECTOR('',#2375,10.);
#663=VECTOR('',#2376,10.);
#664=VECTOR('',#2377,10.);
#665=VECTOR('',#2378,10.);
#666=VECTOR('',#2379,10.);
#667=VECTOR('',#2380,10.);
#668=VECTOR('',#2381,10.);
#669=VECTOR('',#2382,10.);
#670=VECTOR('',#2383,10.);
#671=VECTOR('',#2384,10.);
#672=VECTOR('',#2385,10.);
#673=VECTOR('',#2386,10.);
#674=VECTOR('',#2387,10.);
#675=VECTOR('',#2388,10.);
#676=VECTOR('',#2389,10.);
#677=VECTOR('',#2390,10.);
#678=VECTOR('',#2391,10.);
#679=VECTOR('',#2394,10.);
#680=VECTOR('',#2395,10.);
#681=VECTOR('',#2398,10.);
#682=VECTOR('',#2401,10.);
#683=VECTOR('',#2402,10.);
#684=VECTOR('',#2405,10.);
#685=VECTOR('',#2408,10.);
#686=VECTOR('',#2409,10.);
#687=VECTOR('',#2412,10.);
#688=VECTOR('',#2415,10.);
#689=VECTOR('',#2418,10.);
#690=VECTOR('',#2421,10.);
#691=VECTOR('',#2424,10.);
#692=VECTOR('',#2429,10.);
#693=VECTOR('',#2432,10.);
#694=VECTOR('',#2433,10.);
#695=VECTOR('',#2434,10.);
#696=VECTOR('',#2437,10.);
#697=VECTOR('',#2438,10.);
#698=VECTOR('',#2439,10.);
#699=VECTOR('',#2442,10.);
#700=VECTOR('',#2445,10.);
#701=VECTOR('',#2448,10.);
#702=VECTOR('',#2455,10.);
#703=VECTOR('',#2456,10.);
#704=VECTOR('',#2461,10.);
#705=VECTOR('',#2466,10.);
#706=VECTOR('',#2473,10.);
#707=CIRCLE('',#1841,37.5);
#708=CIRCLE('',#1842,37.5);
#709=CIRCLE('',#1845,25.5);
#710=CIRCLE('',#1855,25.5);
#711=CIRCLE('',#1861,7.49999999999999);
#712=CIRCLE('',#1862,7.49999999999999);
#713=CIRCLE('',#1863,15.);
#714=CIRCLE('',#1865,7.5);
#715=CIRCLE('',#1867,15.);
#716=CIRCLE('',#1868,7.49999999999999);
#717=CIRCLE('',#1870,7.49999999999999);
#718=CIRCLE('',#1873,7.49999999999999);
#719=CIRCLE('',#1875,7.5);
#720=CIRCLE('',#1876,15.);
#721=CIRCLE('',#1878,7.5);
#722=CIRCLE('',#1880,15.);
#723=CIRCLE('',#1882,10.);
#724=CIRCLE('',#1886,10.);
#725=CIRCLE('',#1888,20.);
#726=CIRCLE('',#1889,10.);
#727=CIRCLE('',#1890,10.);
#728=CIRCLE('',#1892,10.);
#729=CIRCLE('',#1894,10.);
#730=CIRCLE('',#1895,20.);
#731=CIRCLE('',#1899,10.);
#732=CIRCLE('',#1901,10.);
#733=CIRCLE('',#1902,20.);
#734=CIRCLE('',#1904,10.);
#735=CIRCLE('',#1906,10.);
#736=CIRCLE('',#1908,20.);
#737=CIRCLE('',#1909,10.);
#738=CIRCLE('',#1913,10.);
#739=CIRCLE('',#1936,37.5);
#740=CIRCLE('',#1937,37.5);
#741=CIRCLE('',#1938,37.5);
#742=CIRCLE('',#1939,37.5);
#743=CIRCLE('',#1943,812.5);
#744=CIRCLE('',#1944,100.);
#745=CIRCLE('',#1946,812.5);
#746=CIRCLE('',#1952,100.);
#747=VERTEX_POINT('',#2478);
#748=VERTEX_POINT('',#2479);
#749=VERTEX_POINT('',#2481);
#750=VERTEX_POINT('',#2483);
#751=VERTEX_POINT('',#2487);
#752=VERTEX_POINT('',#2489);
#753=VERTEX_POINT('',#2493);
#754=VERTEX_POINT('',#2495);
#755=VERTEX_POINT('',#2497);
#756=VERTEX_POINT('',#2499);
#757=VERTEX_POINT('',#2501);
#758=VERTEX_POINT('',#2503);
#759=VERTEX_POINT('',#2507);
#760=VERTEX_POINT('',#2540);
#761=VERTEX_POINT('',#2542);
#762=VERTEX_POINT('',#2546);
#763=VERTEX_POINT('',#2550);
#764=VERTEX_POINT('',#2552);
#765=VERTEX_POINT('',#2556);
#766=VERTEX_POINT('',#2557);
#767=VERTEX_POINT('',#2574);
#768=VERTEX_POINT('',#2596);
#769=VERTEX_POINT('',#2598);
#770=VERTEX_POINT('',#2600);
#771=VERTEX_POINT('',#2611);
#772=VERTEX_POINT('',#2612);
#773=VERTEX_POINT('',#2627);
#774=VERTEX_POINT('',#2629);
#775=VERTEX_POINT('',#2633);
#776=VERTEX_POINT('',#2634);
#777=VERTEX_POINT('',#2639);
#778=VERTEX_POINT('',#2640);
#779=VERTEX_POINT('',#2658);
#780=VERTEX_POINT('',#2660);
#781=VERTEX_POINT('',#2664);
#782=VERTEX_POINT('',#2668);
#783=VERTEX_POINT('',#2672);
#784=VERTEX_POINT('',#2687);
#785=VERTEX_POINT('',#2691);
#786=VERTEX_POINT('',#2695);
#787=VERTEX_POINT('',#2712);
#788=VERTEX_POINT('',#2714);
#789=VERTEX_POINT('',#2716);
#790=VERTEX_POINT('',#2720);
#791=VERTEX_POINT('',#2721);
#792=VERTEX_POINT('',#2723);
#793=VERTEX_POINT('',#2728);
#794=VERTEX_POINT('',#2729);
#795=VERTEX_POINT('',#2740);
#796=VERTEX_POINT('',#2742);
#797=VERTEX_POINT('',#2746);
#798=VERTEX_POINT('',#2748);
#799=VERTEX_POINT('',#2752);
#800=VERTEX_POINT('',#2753);
#801=VERTEX_POINT('',#2767);
#802=VERTEX_POINT('',#2771);
#803=VERTEX_POINT('',#2775);
#804=VERTEX_POINT('',#2777);
#805=VERTEX_POINT('',#2781);
#806=VERTEX_POINT('',#2782);
#807=VERTEX_POINT('',#2796);
#808=VERTEX_POINT('',#2798);
#809=VERTEX_POINT('',#2800);
#810=VERTEX_POINT('',#2803);
#811=VERTEX_POINT('',#2805);
#812=VERTEX_POINT('',#2807);
#813=VERTEX_POINT('',#2811);
#814=VERTEX_POINT('',#2813);
#815=VERTEX_POINT('',#2817);
#816=VERTEX_POINT('',#2818);
#817=VERTEX_POINT('',#2836);
#818=VERTEX_POINT('',#2838);
#819=VERTEX_POINT('',#2840);
#820=VERTEX_POINT('',#2843);
#821=VERTEX_POINT('',#2845);
#822=VERTEX_POINT('',#2847);
#823=VERTEX_POINT('',#2851);
#824=VERTEX_POINT('',#2853);
#825=VERTEX_POINT('',#2857);
#826=VERTEX_POINT('',#2862);
#827=VERTEX_POINT('',#2863);
#828=VERTEX_POINT('',#2873);
#829=VERTEX_POINT('',#2875);
#830=VERTEX_POINT('',#2877);
#831=VERTEX_POINT('',#2881);
#832=VERTEX_POINT('',#2885);
#833=VERTEX_POINT('',#2892);
#834=VERTEX_POINT('',#2893);
#835=VERTEX_POINT('',#2895);
#836=VERTEX_POINT('',#2897);
#837=VERTEX_POINT('',#2899);
#838=VERTEX_POINT('',#2901);
#839=VERTEX_POINT('',#2905);
#840=VERTEX_POINT('',#2906);
#841=VERTEX_POINT('',#2916);
#842=VERTEX_POINT('',#2920);
#843=VERTEX_POINT('',#2924);
#844=VERTEX_POINT('',#2928);
#845=VERTEX_POINT('',#2939);
#846=VERTEX_POINT('',#2940);
#847=VERTEX_POINT('',#2942);
#848=VERTEX_POINT('',#2944);
#849=VERTEX_POINT('',#2946);
#850=VERTEX_POINT('',#2948);
#851=VERTEX_POINT('',#2950);
#852=VERTEX_POINT('',#2952);
#853=VERTEX_POINT('',#2956);
#854=VERTEX_POINT('',#2958);
#855=VERTEX_POINT('',#2960);
#856=VERTEX_POINT('',#2964);
#857=VERTEX_POINT('',#2966);
#858=VERTEX_POINT('',#2968);
#859=VERTEX_POINT('',#2970);
#860=VERTEX_POINT('',#2972);
#861=VERTEX_POINT('',#2975);
#862=VERTEX_POINT('',#2977);
#863=VERTEX_POINT('',#2979);
#864=VERTEX_POINT('',#2982);
#865=VERTEX_POINT('',#2985);
#866=VERTEX_POINT('',#2987);
#867=VERTEX_POINT('',#2990);
#868=VERTEX_POINT('',#2991);
#869=VERTEX_POINT('',#2993);
#870=VERTEX_POINT('',#2996);
#871=VERTEX_POINT('',#2997);
#872=VERTEX_POINT('',#2999);
#873=VERTEX_POINT('',#3002);
#874=VERTEX_POINT('',#3003);
#875=VERTEX_POINT('',#3005);
#876=VERTEX_POINT('',#3007);
#877=VERTEX_POINT('',#3011);
#878=VERTEX_POINT('',#3013);
#879=VERTEX_POINT('',#3015);
#880=VERTEX_POINT('',#3017);
#881=VERTEX_POINT('',#3019);
#882=VERTEX_POINT('',#3024);
#883=VERTEX_POINT('',#3028);
#884=VERTEX_POINT('',#3030);
#885=VERTEX_POINT('',#3032);
#886=VERTEX_POINT('',#3039);
#887=VERTEX_POINT('',#3043);
#888=VERTEX_POINT('',#3050);
#889=VERTEX_POINT('',#3052);
#890=VERTEX_POINT('',#3055);
#891=VERTEX_POINT('',#3057);
#892=VERTEX_POINT('',#3060);
#893=VERTEX_POINT('',#3062);
#894=VERTEX_POINT('',#3064);
#895=VERTEX_POINT('',#3066);
#896=VERTEX_POINT('',#3068);
#897=VERTEX_POINT('',#3071);
#898=VERTEX_POINT('',#3074);
#899=VERTEX_POINT('',#3076);
#900=VERTEX_POINT('',#3078);
#901=VERTEX_POINT('',#3081);
#902=VERTEX_POINT('',#3082);
#903=VERTEX_POINT('',#3084);
#904=VERTEX_POINT('',#3087);
#905=VERTEX_POINT('',#3088);
#906=VERTEX_POINT('',#3090);
#907=VERTEX_POINT('',#3092);
#908=VERTEX_POINT('',#3095);
#909=VERTEX_POINT('',#3096);
#910=VERTEX_POINT('',#3098);
#911=VERTEX_POINT('',#3128);
#912=VERTEX_POINT('',#3130);
#913=VERTEX_POINT('',#3134);
#914=VERTEX_POINT('',#3136);
#915=EDGE_CURVE('',#747,#748,#707,.T.);
#916=EDGE_CURVE('',#748,#749,#309,.T.);
#917=EDGE_CURVE('',#749,#750,#708,.T.);
#918=EDGE_CURVE('',#750,#747,#310,.T.);
#919=EDGE_CURVE('',#748,#751,#311,.T.);
#920=EDGE_CURVE('',#752,#751,#312,.T.);
#921=EDGE_CURVE('',#749,#752,#313,.T.);
#922=EDGE_CURVE('',#753,#747,#314,.T.);
#923=EDGE_CURVE('',#753,#754,#315,.T.);
#924=EDGE_CURVE('',#755,#754,#316,.T.);
#925=EDGE_CURVE('',#756,#755,#317,.T.);
#926=EDGE_CURVE('',#757,#756,#318,.T.);
#927=EDGE_CURVE('',#757,#758,#709,.T.);
#928=EDGE_CURVE('',#751,#758,#319,.T.);
#929=EDGE_CURVE('',#758,#759,#45,.T.);
#930=EDGE_CURVE('',#759,#757,#46,.T.);
#931=EDGE_CURVE('',#756,#760,#31,.T.);
#932=EDGE_CURVE('',#760,#761,#320,.T.);
#933=EDGE_CURVE('',#761,#751,#32,.T.);
#934=EDGE_CURVE('',#761,#762,#321,.T.);
#935=EDGE_CURVE('',#762,#752,#33,.T.);
#936=EDGE_CURVE('',#763,#760,#322,.T.);
#937=EDGE_CURVE('',#756,#764,#323,.T.);
#938=EDGE_CURVE('',#763,#764,#34,.T.);
#939=EDGE_CURVE('',#765,#766,#47,.T.);
#940=EDGE_CURVE('',#766,#767,#48,.T.);
#941=EDGE_CURVE('',#767,#752,#324,.T.);
#942=EDGE_CURVE('',#762,#763,#325,.T.);
#943=EDGE_CURVE('',#764,#765,#326,.T.);
#944=EDGE_CURVE('',#767,#765,#710,.T.);
#945=EDGE_CURVE('',#768,#764,#327,.T.);
#946=EDGE_CURVE('',#769,#768,#328,.T.);
#947=EDGE_CURVE('',#769,#770,#329,.T.);
#948=EDGE_CURVE('',#750,#770,#330,.T.);
#949=EDGE_CURVE('',#759,#766,#331,.T.);
#950=EDGE_CURVE('',#768,#755,#332,.T.);
#951=EDGE_CURVE('',#754,#769,#333,.T.);
#952=EDGE_CURVE('',#771,#772,#49,.F.);
#953=EDGE_CURVE('',#771,#773,#711,.T.);
#954=EDGE_CURVE('',#773,#774,#712,.T.);
#955=EDGE_CURVE('',#774,#772,#713,.T.);
#956=EDGE_CURVE('',#775,#776,#714,.T.);
#957=EDGE_CURVE('',#776,#774,#334,.T.);
#958=EDGE_CURVE('',#773,#775,#335,.T.);
#959=EDGE_CURVE('',#777,#778,#50,.T.);
#960=EDGE_CURVE('',#778,#776,#715,.T.);
#961=EDGE_CURVE('',#775,#777,#716,.T.);
#962=EDGE_CURVE('',#775,#779,#336,.T.);
#963=EDGE_CURVE('',#780,#779,#717,.T.);
#964=EDGE_CURVE('',#780,#777,#337,.T.);
#965=EDGE_CURVE('',#781,#773,#338,.T.);
#966=EDGE_CURVE('',#779,#781,#339,.T.);
#967=EDGE_CURVE('',#771,#782,#340,.T.);
#968=EDGE_CURVE('',#781,#782,#718,.T.);
#969=EDGE_CURVE('',#780,#783,#51,.F.);
#970=EDGE_CURVE('',#779,#784,#719,.T.);
#971=EDGE_CURVE('',#784,#783,#720,.T.);
#972=EDGE_CURVE('',#781,#785,#721,.T.);
#973=EDGE_CURVE('',#785,#784,#341,.T.);
#974=EDGE_CURVE('',#782,#786,#52,.T.);
#975=EDGE_CURVE('',#786,#785,#722,.T.);
#976=EDGE_CURVE('',#787,#783,#723,.T.);
#977=EDGE_CURVE('',#787,#788,#342,.T.);
#978=EDGE_CURVE('',#789,#788,#35,.T.);
#979=EDGE_CURVE('',#789,#780,#343,.T.);
#980=EDGE_CURVE('',#790,#791,#36,.T.);
#981=EDGE_CURVE('',#791,#792,#344,.T.);
#982=EDGE_CURVE('',#778,#792,#724,.T.);
#983=EDGE_CURVE('',#777,#790,#345,.T.);
#984=EDGE_CURVE('',#793,#794,#53,.F.);
#985=EDGE_CURVE('',#794,#795,#725,.T.);
#986=EDGE_CURVE('',#795,#796,#726,.T.);
#987=EDGE_CURVE('',#796,#793,#727,.T.);
#988=EDGE_CURVE('',#795,#797,#346,.T.);
#989=EDGE_CURVE('',#797,#798,#728,.T.);
#990=EDGE_CURVE('',#798,#796,#347,.T.);
#991=EDGE_CURVE('',#799,#800,#54,.T.);
#992=EDGE_CURVE('',#799,#798,#729,.T.);
#993=EDGE_CURVE('',#797,#800,#730,.T.);
#994=EDGE_CURVE('',#801,#794,#348,.T.);
#995=EDGE_CURVE('',#801,#795,#349,.T.);
#996=EDGE_CURVE('',#797,#802,#350,.T.);
#997=EDGE_CURVE('',#800,#802,#351,.T.);
#998=EDGE_CURVE('',#799,#803,#352,.T.);
#999=EDGE_CURVE('',#803,#804,#731,.T.);
#1000=EDGE_CURVE('',#804,#798,#353,.T.);
#1001=EDGE_CURVE('',#805,#806,#55,.T.);
#1002=EDGE_CURVE('',#806,#804,#732,.T.);
#1003=EDGE_CURVE('',#803,#805,#733,.T.);
#1004=EDGE_CURVE('',#807,#786,#734,.T.);
#1005=EDGE_CURVE('',#808,#807,#354,.T.);
#1006=EDGE_CURVE('',#809,#808,#355,.T.);
#1007=EDGE_CURVE('',#805,#809,#356,.T.);
#1008=EDGE_CURVE('',#802,#810,#357,.T.);
#1009=EDGE_CURVE('',#810,#811,#358,.T.);
#1010=EDGE_CURVE('',#811,#812,#359,.T.);
#1011=EDGE_CURVE('',#812,#787,#360,.T.);
#1012=EDGE_CURVE('',#796,#813,#361,.T.);
#1013=EDGE_CURVE('',#813,#814,#735,.T.);
#1014=EDGE_CURVE('',#814,#793,#362,.T.);
#1015=EDGE_CURVE('',#815,#816,#56,.T.);
#1016=EDGE_CURVE('',#816,#814,#736,.T.);
#1017=EDGE_CURVE('',#813,#815,#737,.T.);
#1018=EDGE_CURVE('',#806,#815,#363,.T.);
#1019=EDGE_CURVE('',#813,#804,#364,.T.);
#1020=EDGE_CURVE('',#817,#792,#365,.T.);
#1021=EDGE_CURVE('',#817,#818,#366,.T.);
#1022=EDGE_CURVE('',#819,#818,#367,.T.);
#1023=EDGE_CURVE('',#801,#819,#368,.T.);
#1024=EDGE_CURVE('',#816,#820,#369,.T.);
#1025=EDGE_CURVE('',#820,#821,#370,.T.);
#1026=EDGE_CURVE('',#821,#822,#371,.T.);
#1027=EDGE_CURVE('',#822,#772,#738,.T.);
#1028=EDGE_CURVE('',#815,#823,#372,.T.);
#1029=EDGE_CURVE('',#823,#824,#373,.T.);
#1030=EDGE_CURVE('',#822,#824,#374,.T.);
#1031=EDGE_CURVE('',#790,#825,#375,.T.);
#1032=EDGE_CURVE('',#825,#824,#37,.T.);
#1033=EDGE_CURVE('',#824,#791,#376,.T.);
#1034=EDGE_CURVE('',#826,#827,#38,.T.);
#1035=EDGE_CURVE('',#827,#807,#377,.T.);
#1036=EDGE_CURVE('',#782,#826,#378,.T.);
#1037=EDGE_CURVE('',#825,#771,#379,.T.);
#1038=EDGE_CURVE('',#788,#827,#380,.T.);
#1039=EDGE_CURVE('',#826,#789,#381,.T.);
#1040=EDGE_CURVE('',#828,#823,#382,.T.);
#1041=EDGE_CURVE('',#828,#829,#383,.T.);
#1042=EDGE_CURVE('',#829,#830,#384,.T.);
#1043=EDGE_CURVE('',#830,#791,#385,.T.);
#1044=EDGE_CURVE('',#831,#812,#386,.T.);
#1045=EDGE_CURVE('',#831,#788,#387,.T.);
#1046=EDGE_CURVE('',#832,#827,#388,.T.);
#1047=EDGE_CURVE('',#832,#806,#389,.T.);
#1048=EDGE_CURVE('',#817,#830,#390,.T.);
#1049=EDGE_CURVE('',#833,#834,#39,.T.);
#1050=EDGE_CURVE('',#835,#833,#391,.T.);
#1051=EDGE_CURVE('',#836,#835,#40,.T.);
#1052=EDGE_CURVE('',#837,#836,#392,.T.);
#1053=EDGE_CURVE('',#838,#837,#393,.T.);
#1054=EDGE_CURVE('',#834,#838,#394,.T.);
#1055=EDGE_CURVE('',#839,#840,#395,.T.);
#1056=EDGE_CURVE('',#839,#835,#396,.T.);
#1057=EDGE_CURVE('',#840,#833,#397,.T.);
#1058=EDGE_CURVE('',#841,#839,#41,.T.);
#1059=EDGE_CURVE('',#841,#836,#398,.T.);
#1060=EDGE_CURVE('',#841,#842,#399,.T.);
#1061=EDGE_CURVE('',#842,#837,#400,.T.);
#1062=EDGE_CURVE('',#842,#843,#401,.T.);
#1063=EDGE_CURVE('',#843,#838,#402,.T.);
#1064=EDGE_CURVE('',#844,#843,#403,.T.);
#1065=EDGE_CURVE('',#844,#834,#404,.T.);
#1066=EDGE_CURVE('',#840,#844,#42,.T.);
#1067=EDGE_CURVE('',#845,#846,#739,.T.);
#1068=EDGE_CURVE('',#846,#847,#405,.T.);
#1069=EDGE_CURVE('',#847,#848,#740,.T.);
#1070=EDGE_CURVE('',#848,#849,#406,.T.);
#1071=EDGE_CURVE('',#849,#850,#741,.T.);
#1072=EDGE_CURVE('',#850,#851,#407,.T.);
#1073=EDGE_CURVE('',#851,#852,#742,.T.);
#1074=EDGE_CURVE('',#852,#845,#408,.T.);
#1075=EDGE_CURVE('',#853,#849,#409,.T.);
#1076=EDGE_CURVE('',#853,#854,#410,.T.);
#1077=EDGE_CURVE('',#854,#855,#411,.T.);
#1078=EDGE_CURVE('',#850,#855,#412,.T.);
#1079=EDGE_CURVE('',#848,#856,#413,.T.);
#1080=EDGE_CURVE('',#856,#857,#414,.T.);
#1081=EDGE_CURVE('',#857,#858,#415,.T.);
#1082=EDGE_CURVE('',#858,#859,#416,.T.);
#1083=EDGE_CURVE('',#859,#860,#417,.T.);
#1084=EDGE_CURVE('',#860,#828,#418,.T.);
#1085=EDGE_CURVE('',#861,#832,#419,.T.);
#1086=EDGE_CURVE('',#862,#861,#420,.T.);
#1087=EDGE_CURVE('',#862,#863,#421,.T.);
#1088=EDGE_CURVE('',#863,#845,#422,.T.);
#1089=EDGE_CURVE('',#852,#864,#423,.T.);
#1090=EDGE_CURVE('',#810,#864,#424,.T.);
#1091=EDGE_CURVE('',#819,#865,#425,.T.);
#1092=EDGE_CURVE('',#865,#866,#426,.T.);
#1093=EDGE_CURVE('',#866,#853,#427,.T.);
#1094=EDGE_CURVE('',#867,#868,#428,.T.);
#1095=EDGE_CURVE('',#868,#869,#429,.T.);
#1096=EDGE_CURVE('',#867,#869,#430,.T.);
#1097=EDGE_CURVE('',#870,#871,#431,.T.);
#1098=EDGE_CURVE('',#871,#872,#432,.T.);
#1099=EDGE_CURVE('',#872,#870,#433,.T.);
#1100=EDGE_CURVE('',#873,#874,#434,.T.);
#1101=EDGE_CURVE('',#873,#875,#435,.T.);
#1102=EDGE_CURVE('',#875,#876,#436,.T.);
#1103=EDGE_CURVE('',#876,#874,#437,.T.);
#1104=EDGE_CURVE('',#877,#847,#743,.T.);
#1105=EDGE_CURVE('',#878,#877,#438,.T.);
#1106=EDGE_CURVE('',#879,#878,#744,.T.);
#1107=EDGE_CURVE('',#879,#880,#439,.T.);
#1108=EDGE_CURVE('',#880,#881,#440,.T.);
#1109=EDGE_CURVE('',#856,#881,#441,.T.);
#1110=EDGE_CURVE('',#846,#840,#745,.T.);
#1111=EDGE_CURVE('',#844,#882,#442,.T.);
#1112=EDGE_CURVE('',#882,#877,#43,.T.);
#1113=EDGE_CURVE('',#882,#883,#443,.T.);
#1114=EDGE_CURVE('',#883,#884,#444,.T.);
#1115=EDGE_CURVE('',#885,#884,#445,.T.);
#1116=EDGE_CURVE('',#878,#885,#44,.T.);
#1117=EDGE_CURVE('',#843,#883,#446,.T.);
#1118=EDGE_CURVE('',#885,#841,#447,.T.);
#1119=EDGE_CURVE('',#839,#886,#746,.T.);
#1120=EDGE_CURVE('',#886,#879,#448,.T.);
#1121=EDGE_CURVE('',#887,#886,#449,.T.);
#1122=EDGE_CURVE('',#887,#880,#450,.T.);
#1123=EDGE_CURVE('',#884,#842,#451,.T.);
#1124=EDGE_CURVE('',#888,#811,#452,.T.);
#1125=EDGE_CURVE('',#889,#888,#453,.T.);
#1126=EDGE_CURVE('',#855,#889,#454,.T.);
#1127=EDGE_CURVE('',#890,#854,#455,.T.);
#1128=EDGE_CURVE('',#891,#890,#456,.T.);
#1129=EDGE_CURVE('',#818,#891,#457,.T.);
#1130=EDGE_CURVE('',#892,#829,#458,.T.);
#1131=EDGE_CURVE('',#893,#892,#459,.T.);
#1132=EDGE_CURVE('',#894,#893,#460,.T.);
#1133=EDGE_CURVE('',#895,#894,#461,.T.);
#1134=EDGE_CURVE('',#896,#895,#462,.T.);
#1135=EDGE_CURVE('',#770,#896,#463,.T.);
#1136=EDGE_CURVE('',#897,#753,#464,.T.);
#1137=EDGE_CURVE('',#881,#897,#465,.T.);
#1138=EDGE_CURVE('',#898,#887,#466,.T.);
#1139=EDGE_CURVE('',#899,#898,#467,.T.);
#1140=EDGE_CURVE('',#900,#899,#468,.T.);
#1141=EDGE_CURVE('',#831,#900,#469,.T.);
#1142=EDGE_CURVE('',#901,#902,#470,.T.);
#1143=EDGE_CURVE('',#903,#901,#471,.T.);
#1144=EDGE_CURVE('',#902,#903,#472,.T.);
#1145=EDGE_CURVE('',#904,#905,#473,.T.);
#1146=EDGE_CURVE('',#906,#904,#474,.T.);
#1147=EDGE_CURVE('',#907,#906,#475,.T.);
#1148=EDGE_CURVE('',#905,#907,#476,.T.);
#1149=EDGE_CURVE('',#908,#909,#477,.T.);
#1150=EDGE_CURVE('',#910,#908,#478,.T.);
#1151=EDGE_CURVE('',#909,#910,#479,.T.);
#1152=EDGE_CURVE('',#872,#908,#480,.T.);
#1153=EDGE_CURVE('',#871,#910,#481,.T.);
#1154=EDGE_CURVE('',#909,#870,#482,.T.);
#1155=EDGE_CURVE('',#876,#904,#483,.T.);
#1156=EDGE_CURVE('',#906,#875,#484,.T.);
#1157=EDGE_CURVE('',#905,#874,#485,.T.);
#1158=EDGE_CURVE('',#901,#869,#486,.T.);
#1159=EDGE_CURVE('',#868,#903,#487,.T.);
#1160=EDGE_CURVE('',#867,#902,#488,.T.);
#1161=EDGE_CURVE('',#864,#888,#489,.T.);
#1162=EDGE_CURVE('',#861,#900,#490,.T.);
#1163=EDGE_CURVE('',#862,#899,#491,.T.);
#1164=EDGE_CURVE('',#863,#898,#492,.T.);
#1165=EDGE_CURVE('',#857,#897,#493,.T.);
#1166=EDGE_CURVE('',#896,#911,#494,.T.);
#1167=EDGE_CURVE('',#912,#911,#495,.T.);
#1168=EDGE_CURVE('',#858,#912,#496,.T.);
#1169=EDGE_CURVE('',#913,#894,#497,.T.);
#1170=EDGE_CURVE('',#914,#913,#498,.T.);
#1171=EDGE_CURVE('',#914,#895,#499,.T.);
#1172=EDGE_CURVE('',#911,#914,#500,.T.);
#1173=EDGE_CURVE('',#913,#912,#501,.T.);
#1174=EDGE_CURVE('',#873,#907,#502,.T.);
#1175=EDGE_CURVE('',#860,#892,#503,.T.);
#1176=EDGE_CURVE('',#859,#893,#504,.T.);
#1177=EDGE_CURVE('',#866,#890,#505,.T.);
#1178=EDGE_CURVE('',#851,#889,#506,.T.);
#1179=EDGE_CURVE('',#865,#891,#507,.T.);
#1180=ORIENTED_EDGE('',*,*,#915,.T.);
#1181=ORIENTED_EDGE('',*,*,#916,.T.);
#1182=ORIENTED_EDGE('',*,*,#917,.T.);
#1183=ORIENTED_EDGE('',*,*,#918,.T.);
#1184=ORIENTED_EDGE('',*,*,#916,.F.);
#1185=ORIENTED_EDGE('',*,*,#919,.T.);
#1186=ORIENTED_EDGE('',*,*,#920,.F.);
#1187=ORIENTED_EDGE('',*,*,#921,.F.);
#1188=ORIENTED_EDGE('',*,*,#915,.F.);
#1189=ORIENTED_EDGE('',*,*,#922,.F.);
#1190=ORIENTED_EDGE('',*,*,#923,.T.);
#1191=ORIENTED_EDGE('',*,*,#924,.F.);
#1192=ORIENTED_EDGE('',*,*,#925,.F.);
#1193=ORIENTED_EDGE('',*,*,#926,.F.);
#1194=ORIENTED_EDGE('',*,*,#927,.T.);
#1195=ORIENTED_EDGE('',*,*,#928,.F.);
#1196=ORIENTED_EDGE('',*,*,#919,.F.);
#1197=ORIENTED_EDGE('',*,*,#929,.T.);
#1198=ORIENTED_EDGE('',*,*,#930,.T.);
#1199=ORIENTED_EDGE('',*,*,#926,.T.);
#1200=ORIENTED_EDGE('',*,*,#931,.T.);
#1201=ORIENTED_EDGE('',*,*,#932,.T.);
#1202=ORIENTED_EDGE('',*,*,#933,.T.);
#1203=ORIENTED_EDGE('',*,*,#928,.T.);
#1204=ORIENTED_EDGE('',*,*,#920,.T.);
#1205=ORIENTED_EDGE('',*,*,#933,.F.);
#1206=ORIENTED_EDGE('',*,*,#934,.T.);
#1207=ORIENTED_EDGE('',*,*,#935,.T.);
#1208=ORIENTED_EDGE('',*,*,#936,.T.);
#1209=ORIENTED_EDGE('',*,*,#931,.F.);
#1210=ORIENTED_EDGE('',*,*,#937,.T.);
#1211=ORIENTED_EDGE('',*,*,#938,.F.);
#1212=ORIENTED_EDGE('',*,*,#939,.T.);
#1213=ORIENTED_EDGE('',*,*,#940,.T.);
#1214=ORIENTED_EDGE('',*,*,#941,.T.);
#1215=ORIENTED_EDGE('',*,*,#935,.F.);
#1216=ORIENTED_EDGE('',*,*,#942,.T.);
#1217=ORIENTED_EDGE('',*,*,#938,.T.);
#1218=ORIENTED_EDGE('',*,*,#943,.T.);
#1219=ORIENTED_EDGE('',*,*,#917,.F.);
#1220=ORIENTED_EDGE('',*,*,#921,.T.);
#1221=ORIENTED_EDGE('',*,*,#941,.F.);
#1222=ORIENTED_EDGE('',*,*,#944,.T.);
#1223=ORIENTED_EDGE('',*,*,#943,.F.);
#1224=ORIENTED_EDGE('',*,*,#945,.F.);
#1225=ORIENTED_EDGE('',*,*,#946,.F.);
#1226=ORIENTED_EDGE('',*,*,#947,.T.);
#1227=ORIENTED_EDGE('',*,*,#948,.F.);
#1228=ORIENTED_EDGE('',*,*,#929,.F.);
#1229=ORIENTED_EDGE('',*,*,#927,.F.);
#1230=ORIENTED_EDGE('',*,*,#930,.F.);
#1231=ORIENTED_EDGE('',*,*,#949,.T.);
#1232=ORIENTED_EDGE('',*,*,#939,.F.);
#1233=ORIENTED_EDGE('',*,*,#944,.F.);
#1234=ORIENTED_EDGE('',*,*,#940,.F.);
#1235=ORIENTED_EDGE('',*,*,#949,.F.);
#1236=ORIENTED_EDGE('',*,*,#932,.F.);
#1237=ORIENTED_EDGE('',*,*,#936,.F.);
#1238=ORIENTED_EDGE('',*,*,#942,.F.);
#1239=ORIENTED_EDGE('',*,*,#934,.F.);
#1240=ORIENTED_EDGE('',*,*,#937,.F.);
#1241=ORIENTED_EDGE('',*,*,#925,.T.);
#1242=ORIENTED_EDGE('',*,*,#950,.F.);
#1243=ORIENTED_EDGE('',*,*,#945,.T.);
#1244=ORIENTED_EDGE('',*,*,#950,.T.);
#1245=ORIENTED_EDGE('',*,*,#924,.T.);
#1246=ORIENTED_EDGE('',*,*,#951,.T.);
#1247=ORIENTED_EDGE('',*,*,#946,.T.);
#1248=ORIENTED_EDGE('',*,*,#952,.F.);
#1249=ORIENTED_EDGE('',*,*,#953,.T.);
#1250=ORIENTED_EDGE('',*,*,#954,.T.);
#1251=ORIENTED_EDGE('',*,*,#955,.T.);
#1252=ORIENTED_EDGE('',*,*,#956,.T.);
#1253=ORIENTED_EDGE('',*,*,#957,.T.);
#1254=ORIENTED_EDGE('',*,*,#954,.F.);
#1255=ORIENTED_EDGE('',*,*,#958,.T.);
#1256=ORIENTED_EDGE('',*,*,#959,.T.);
#1257=ORIENTED_EDGE('',*,*,#960,.T.);
#1258=ORIENTED_EDGE('',*,*,#956,.F.);
#1259=ORIENTED_EDGE('',*,*,#961,.T.);
#1260=ORIENTED_EDGE('',*,*,#961,.F.);
#1261=ORIENTED_EDGE('',*,*,#962,.T.);
#1262=ORIENTED_EDGE('',*,*,#963,.F.);
#1263=ORIENTED_EDGE('',*,*,#964,.T.);
#1264=ORIENTED_EDGE('',*,*,#958,.F.);
#1265=ORIENTED_EDGE('',*,*,#965,.F.);
#1266=ORIENTED_EDGE('',*,*,#966,.F.);
#1267=ORIENTED_EDGE('',*,*,#962,.F.);
#1268=ORIENTED_EDGE('',*,*,#953,.F.);
#1269=ORIENTED_EDGE('',*,*,#967,.T.);
#1270=ORIENTED_EDGE('',*,*,#968,.F.);
#1271=ORIENTED_EDGE('',*,*,#965,.T.);
#1272=ORIENTED_EDGE('',*,*,#969,.F.);
#1273=ORIENTED_EDGE('',*,*,#963,.T.);
#1274=ORIENTED_EDGE('',*,*,#970,.T.);
#1275=ORIENTED_EDGE('',*,*,#971,.T.);
#1276=ORIENTED_EDGE('',*,*,#972,.T.);
#1277=ORIENTED_EDGE('',*,*,#973,.T.);
#1278=ORIENTED_EDGE('',*,*,#970,.F.);
#1279=ORIENTED_EDGE('',*,*,#966,.T.);
#1280=ORIENTED_EDGE('',*,*,#974,.T.);
#1281=ORIENTED_EDGE('',*,*,#975,.T.);
#1282=ORIENTED_EDGE('',*,*,#972,.F.);
#1283=ORIENTED_EDGE('',*,*,#968,.T.);
#1284=ORIENTED_EDGE('',*,*,#976,.F.);
#1285=ORIENTED_EDGE('',*,*,#977,.T.);
#1286=ORIENTED_EDGE('',*,*,#978,.F.);
#1287=ORIENTED_EDGE('',*,*,#979,.T.);
#1288=ORIENTED_EDGE('',*,*,#969,.T.);
#1289=ORIENTED_EDGE('',*,*,#980,.T.);
#1290=ORIENTED_EDGE('',*,*,#981,.T.);
#1291=ORIENTED_EDGE('',*,*,#982,.F.);
#1292=ORIENTED_EDGE('',*,*,#959,.F.);
#1293=ORIENTED_EDGE('',*,*,#983,.T.);
#1294=ORIENTED_EDGE('',*,*,#984,.T.);
#1295=ORIENTED_EDGE('',*,*,#985,.T.);
#1296=ORIENTED_EDGE('',*,*,#986,.T.);
#1297=ORIENTED_EDGE('',*,*,#987,.T.);
#1298=ORIENTED_EDGE('',*,*,#986,.F.);
#1299=ORIENTED_EDGE('',*,*,#988,.T.);
#1300=ORIENTED_EDGE('',*,*,#989,.T.);
#1301=ORIENTED_EDGE('',*,*,#990,.T.);
#1302=ORIENTED_EDGE('',*,*,#991,.F.);
#1303=ORIENTED_EDGE('',*,*,#992,.T.);
#1304=ORIENTED_EDGE('',*,*,#989,.F.);
#1305=ORIENTED_EDGE('',*,*,#993,.T.);
#1306=ORIENTED_EDGE('',*,*,#985,.F.);
#1307=ORIENTED_EDGE('',*,*,#994,.F.);
#1308=ORIENTED_EDGE('',*,*,#995,.T.);
#1309=ORIENTED_EDGE('',*,*,#993,.F.);
#1310=ORIENTED_EDGE('',*,*,#996,.T.);
#1311=ORIENTED_EDGE('',*,*,#997,.F.);
#1312=ORIENTED_EDGE('',*,*,#992,.F.);
#1313=ORIENTED_EDGE('',*,*,#998,.T.);
#1314=ORIENTED_EDGE('',*,*,#999,.T.);
#1315=ORIENTED_EDGE('',*,*,#1000,.T.);
#1316=ORIENTED_EDGE('',*,*,#1001,.T.);
#1317=ORIENTED_EDGE('',*,*,#1002,.T.);
#1318=ORIENTED_EDGE('',*,*,#999,.F.);
#1319=ORIENTED_EDGE('',*,*,#1003,.T.);
#1320=ORIENTED_EDGE('',*,*,#975,.F.);
#1321=ORIENTED_EDGE('',*,*,#1004,.F.);
#1322=ORIENTED_EDGE('',*,*,#1005,.F.);
#1323=ORIENTED_EDGE('',*,*,#1006,.F.);
#1324=ORIENTED_EDGE('',*,*,#1007,.F.);
#1325=ORIENTED_EDGE('',*,*,#1003,.F.);
#1326=ORIENTED_EDGE('',*,*,#998,.F.);
#1327=ORIENTED_EDGE('',*,*,#991,.T.);
#1328=ORIENTED_EDGE('',*,*,#997,.T.);
#1329=ORIENTED_EDGE('',*,*,#1008,.T.);
#1330=ORIENTED_EDGE('',*,*,#1009,.T.);
#1331=ORIENTED_EDGE('',*,*,#1010,.T.);
#1332=ORIENTED_EDGE('',*,*,#1011,.T.);
#1333=ORIENTED_EDGE('',*,*,#976,.T.);
#1334=ORIENTED_EDGE('',*,*,#971,.F.);
#1335=ORIENTED_EDGE('',*,*,#973,.F.);
#1336=ORIENTED_EDGE('',*,*,#987,.F.);
#1337=ORIENTED_EDGE('',*,*,#1012,.T.);
#1338=ORIENTED_EDGE('',*,*,#1013,.T.);
#1339=ORIENTED_EDGE('',*,*,#1014,.T.);
#1340=ORIENTED_EDGE('',*,*,#1015,.T.);
#1341=ORIENTED_EDGE('',*,*,#1016,.T.);
#1342=ORIENTED_EDGE('',*,*,#1013,.F.);
#1343=ORIENTED_EDGE('',*,*,#1017,.T.);
#1344=ORIENTED_EDGE('',*,*,#1002,.F.);
#1345=ORIENTED_EDGE('',*,*,#1018,.T.);
#1346=ORIENTED_EDGE('',*,*,#1017,.F.);
#1347=ORIENTED_EDGE('',*,*,#1019,.T.);
#1348=ORIENTED_EDGE('',*,*,#990,.F.);
#1349=ORIENTED_EDGE('',*,*,#1000,.F.);
#1350=ORIENTED_EDGE('',*,*,#1019,.F.);
#1351=ORIENTED_EDGE('',*,*,#1012,.F.);
#1352=ORIENTED_EDGE('',*,*,#960,.F.);
#1353=ORIENTED_EDGE('',*,*,#982,.T.);
#1354=ORIENTED_EDGE('',*,*,#1020,.F.);
#1355=ORIENTED_EDGE('',*,*,#1021,.T.);
#1356=ORIENTED_EDGE('',*,*,#1022,.F.);
#1357=ORIENTED_EDGE('',*,*,#1023,.F.);
#1358=ORIENTED_EDGE('',*,*,#994,.T.);
#1359=ORIENTED_EDGE('',*,*,#984,.F.);
#1360=ORIENTED_EDGE('',*,*,#1014,.F.);
#1361=ORIENTED_EDGE('',*,*,#1016,.F.);
#1362=ORIENTED_EDGE('',*,*,#1024,.T.);
#1363=ORIENTED_EDGE('',*,*,#1025,.T.);
#1364=ORIENTED_EDGE('',*,*,#1026,.T.);
#1365=ORIENTED_EDGE('',*,*,#1027,.T.);
#1366=ORIENTED_EDGE('',*,*,#955,.F.);
#1367=ORIENTED_EDGE('',*,*,#957,.F.);
#1368=ORIENTED_EDGE('',*,*,#1028,.T.);
#1369=ORIENTED_EDGE('',*,*,#1029,.T.);
#1370=ORIENTED_EDGE('',*,*,#1030,.F.);
#1371=ORIENTED_EDGE('',*,*,#1026,.F.);
#1372=ORIENTED_EDGE('',*,*,#1025,.F.);
#1373=ORIENTED_EDGE('',*,*,#1024,.F.);
#1374=ORIENTED_EDGE('',*,*,#1015,.F.);
#1375=ORIENTED_EDGE('',*,*,#1031,.T.);
#1376=ORIENTED_EDGE('',*,*,#1032,.T.);
#1377=ORIENTED_EDGE('',*,*,#1033,.T.);
#1378=ORIENTED_EDGE('',*,*,#980,.F.);
#1379=ORIENTED_EDGE('',*,*,#1034,.T.);
#1380=ORIENTED_EDGE('',*,*,#1035,.T.);
#1381=ORIENTED_EDGE('',*,*,#1004,.T.);
#1382=ORIENTED_EDGE('',*,*,#974,.F.);
#1383=ORIENTED_EDGE('',*,*,#1036,.T.);
#1384=ORIENTED_EDGE('',*,*,#1027,.F.);
#1385=ORIENTED_EDGE('',*,*,#1030,.T.);
#1386=ORIENTED_EDGE('',*,*,#1032,.F.);
#1387=ORIENTED_EDGE('',*,*,#1037,.T.);
#1388=ORIENTED_EDGE('',*,*,#952,.T.);
#1389=ORIENTED_EDGE('',*,*,#1038,.T.);
#1390=ORIENTED_EDGE('',*,*,#1034,.F.);
#1391=ORIENTED_EDGE('',*,*,#1039,.T.);
#1392=ORIENTED_EDGE('',*,*,#978,.T.);
#1393=ORIENTED_EDGE('',*,*,#1033,.F.);
#1394=ORIENTED_EDGE('',*,*,#1029,.F.);
#1395=ORIENTED_EDGE('',*,*,#1040,.F.);
#1396=ORIENTED_EDGE('',*,*,#1041,.T.);
#1397=ORIENTED_EDGE('',*,*,#1042,.T.);
#1398=ORIENTED_EDGE('',*,*,#1043,.T.);
#1399=ORIENTED_EDGE('',*,*,#977,.F.);
#1400=ORIENTED_EDGE('',*,*,#1011,.F.);
#1401=ORIENTED_EDGE('',*,*,#1044,.F.);
#1402=ORIENTED_EDGE('',*,*,#1045,.T.);
#1403=ORIENTED_EDGE('',*,*,#1007,.T.);
#1404=ORIENTED_EDGE('',*,*,#1006,.T.);
#1405=ORIENTED_EDGE('',*,*,#1005,.T.);
#1406=ORIENTED_EDGE('',*,*,#1035,.F.);
#1407=ORIENTED_EDGE('',*,*,#1046,.F.);
#1408=ORIENTED_EDGE('',*,*,#1047,.T.);
#1409=ORIENTED_EDGE('',*,*,#1001,.F.);
#1410=ORIENTED_EDGE('',*,*,#979,.F.);
#1411=ORIENTED_EDGE('',*,*,#1039,.F.);
#1412=ORIENTED_EDGE('',*,*,#1036,.F.);
#1413=ORIENTED_EDGE('',*,*,#967,.F.);
#1414=ORIENTED_EDGE('',*,*,#1037,.F.);
#1415=ORIENTED_EDGE('',*,*,#1031,.F.);
#1416=ORIENTED_EDGE('',*,*,#983,.F.);
#1417=ORIENTED_EDGE('',*,*,#964,.F.);
#1418=ORIENTED_EDGE('',*,*,#981,.F.);
#1419=ORIENTED_EDGE('',*,*,#1043,.F.);
#1420=ORIENTED_EDGE('',*,*,#1048,.F.);
#1421=ORIENTED_EDGE('',*,*,#1020,.T.);
#1422=ORIENTED_EDGE('',*,*,#1049,.F.);
#1423=ORIENTED_EDGE('',*,*,#1050,.F.);
#1424=ORIENTED_EDGE('',*,*,#1051,.F.);
#1425=ORIENTED_EDGE('',*,*,#1052,.F.);
#1426=ORIENTED_EDGE('',*,*,#1053,.F.);
#1427=ORIENTED_EDGE('',*,*,#1054,.F.);
#1428=ORIENTED_EDGE('',*,*,#1055,.F.);
#1429=ORIENTED_EDGE('',*,*,#1056,.T.);
#1430=ORIENTED_EDGE('',*,*,#1050,.T.);
#1431=ORIENTED_EDGE('',*,*,#1057,.F.);
#1432=ORIENTED_EDGE('',*,*,#1058,.F.);
#1433=ORIENTED_EDGE('',*,*,#1059,.T.);
#1434=ORIENTED_EDGE('',*,*,#1051,.T.);
#1435=ORIENTED_EDGE('',*,*,#1056,.F.);
#1436=ORIENTED_EDGE('',*,*,#1060,.T.);
#1437=ORIENTED_EDGE('',*,*,#1061,.T.);
#1438=ORIENTED_EDGE('',*,*,#1052,.T.);
#1439=ORIENTED_EDGE('',*,*,#1059,.F.);
#1440=ORIENTED_EDGE('',*,*,#1062,.T.);
#1441=ORIENTED_EDGE('',*,*,#1063,.T.);
#1442=ORIENTED_EDGE('',*,*,#1053,.T.);
#1443=ORIENTED_EDGE('',*,*,#1061,.F.);
#1444=ORIENTED_EDGE('',*,*,#1064,.F.);
#1445=ORIENTED_EDGE('',*,*,#1065,.T.);
#1446=ORIENTED_EDGE('',*,*,#1054,.T.);
#1447=ORIENTED_EDGE('',*,*,#1063,.F.);
#1448=ORIENTED_EDGE('',*,*,#1066,.F.);
#1449=ORIENTED_EDGE('',*,*,#1057,.T.);
#1450=ORIENTED_EDGE('',*,*,#1049,.T.);
#1451=ORIENTED_EDGE('',*,*,#1065,.F.);
#1452=ORIENTED_EDGE('',*,*,#1067,.T.);
#1453=ORIENTED_EDGE('',*,*,#1068,.T.);
#1454=ORIENTED_EDGE('',*,*,#1069,.T.);
#1455=ORIENTED_EDGE('',*,*,#1070,.T.);
#1456=ORIENTED_EDGE('',*,*,#1071,.T.);
#1457=ORIENTED_EDGE('',*,*,#1072,.T.);
#1458=ORIENTED_EDGE('',*,*,#1073,.T.);
#1459=ORIENTED_EDGE('',*,*,#1074,.T.);
#1460=ORIENTED_EDGE('',*,*,#1071,.F.);
#1461=ORIENTED_EDGE('',*,*,#1075,.F.);
#1462=ORIENTED_EDGE('',*,*,#1076,.T.);
#1463=ORIENTED_EDGE('',*,*,#1077,.T.);
#1464=ORIENTED_EDGE('',*,*,#1078,.F.);
#1465=ORIENTED_EDGE('',*,*,#1070,.F.);
#1466=ORIENTED_EDGE('',*,*,#1079,.T.);
#1467=ORIENTED_EDGE('',*,*,#1080,.T.);
#1468=ORIENTED_EDGE('',*,*,#1081,.T.);
#1469=ORIENTED_EDGE('',*,*,#1082,.T.);
#1470=ORIENTED_EDGE('',*,*,#1083,.T.);
#1471=ORIENTED_EDGE('',*,*,#1084,.T.);
#1472=ORIENTED_EDGE('',*,*,#1040,.T.);
#1473=ORIENTED_EDGE('',*,*,#1028,.F.);
#1474=ORIENTED_EDGE('',*,*,#1018,.F.);
#1475=ORIENTED_EDGE('',*,*,#1047,.F.);
#1476=ORIENTED_EDGE('',*,*,#1085,.F.);
#1477=ORIENTED_EDGE('',*,*,#1086,.F.);
#1478=ORIENTED_EDGE('',*,*,#1087,.T.);
#1479=ORIENTED_EDGE('',*,*,#1088,.T.);
#1480=ORIENTED_EDGE('',*,*,#1074,.F.);
#1481=ORIENTED_EDGE('',*,*,#1089,.T.);
#1482=ORIENTED_EDGE('',*,*,#1090,.F.);
#1483=ORIENTED_EDGE('',*,*,#1008,.F.);
#1484=ORIENTED_EDGE('',*,*,#996,.F.);
#1485=ORIENTED_EDGE('',*,*,#988,.F.);
#1486=ORIENTED_EDGE('',*,*,#995,.F.);
#1487=ORIENTED_EDGE('',*,*,#1023,.T.);
#1488=ORIENTED_EDGE('',*,*,#1091,.T.);
#1489=ORIENTED_EDGE('',*,*,#1092,.T.);
#1490=ORIENTED_EDGE('',*,*,#1093,.T.);
#1491=ORIENTED_EDGE('',*,*,#1075,.T.);
#1492=ORIENTED_EDGE('',*,*,#1094,.T.);
#1493=ORIENTED_EDGE('',*,*,#1095,.T.);
#1494=ORIENTED_EDGE('',*,*,#1096,.F.);
#1495=ORIENTED_EDGE('',*,*,#1097,.T.);
#1496=ORIENTED_EDGE('',*,*,#1098,.T.);
#1497=ORIENTED_EDGE('',*,*,#1099,.T.);
#1498=ORIENTED_EDGE('',*,*,#1100,.F.);
#1499=ORIENTED_EDGE('',*,*,#1101,.T.);
#1500=ORIENTED_EDGE('',*,*,#1102,.T.);
#1501=ORIENTED_EDGE('',*,*,#1103,.T.);
#1502=ORIENTED_EDGE('',*,*,#1069,.F.);
#1503=ORIENTED_EDGE('',*,*,#1104,.F.);
#1504=ORIENTED_EDGE('',*,*,#1105,.F.);
#1505=ORIENTED_EDGE('',*,*,#1106,.F.);
#1506=ORIENTED_EDGE('',*,*,#1107,.T.);
#1507=ORIENTED_EDGE('',*,*,#1108,.T.);
#1508=ORIENTED_EDGE('',*,*,#1109,.F.);
#1509=ORIENTED_EDGE('',*,*,#1079,.F.);
#1510=ORIENTED_EDGE('',*,*,#1068,.F.);
#1511=ORIENTED_EDGE('',*,*,#1110,.T.);
#1512=ORIENTED_EDGE('',*,*,#1066,.T.);
#1513=ORIENTED_EDGE('',*,*,#1111,.T.);
#1514=ORIENTED_EDGE('',*,*,#1112,.T.);
#1515=ORIENTED_EDGE('',*,*,#1104,.T.);
#1516=ORIENTED_EDGE('',*,*,#1112,.F.);
#1517=ORIENTED_EDGE('',*,*,#1113,.T.);
#1518=ORIENTED_EDGE('',*,*,#1114,.T.);
#1519=ORIENTED_EDGE('',*,*,#1115,.F.);
#1520=ORIENTED_EDGE('',*,*,#1116,.F.);
#1521=ORIENTED_EDGE('',*,*,#1105,.T.);
#1522=ORIENTED_EDGE('',*,*,#1111,.F.);
#1523=ORIENTED_EDGE('',*,*,#1064,.T.);
#1524=ORIENTED_EDGE('',*,*,#1117,.T.);
#1525=ORIENTED_EDGE('',*,*,#1113,.F.);
#1526=ORIENTED_EDGE('',*,*,#1116,.T.);
#1527=ORIENTED_EDGE('',*,*,#1118,.T.);
#1528=ORIENTED_EDGE('',*,*,#1058,.T.);
#1529=ORIENTED_EDGE('',*,*,#1119,.T.);
#1530=ORIENTED_EDGE('',*,*,#1120,.T.);
#1531=ORIENTED_EDGE('',*,*,#1106,.T.);
#1532=ORIENTED_EDGE('',*,*,#1120,.F.);
#1533=ORIENTED_EDGE('',*,*,#1121,.F.);
#1534=ORIENTED_EDGE('',*,*,#1122,.T.);
#1535=ORIENTED_EDGE('',*,*,#1107,.F.);
#1536=ORIENTED_EDGE('',*,*,#1118,.F.);
#1537=ORIENTED_EDGE('',*,*,#1115,.T.);
#1538=ORIENTED_EDGE('',*,*,#1123,.T.);
#1539=ORIENTED_EDGE('',*,*,#1060,.F.);
#1540=ORIENTED_EDGE('',*,*,#1062,.F.);
#1541=ORIENTED_EDGE('',*,*,#1123,.F.);
#1542=ORIENTED_EDGE('',*,*,#1114,.F.);
#1543=ORIENTED_EDGE('',*,*,#1117,.F.);
#1544=ORIENTED_EDGE('',*,*,#1044,.T.);
#1545=ORIENTED_EDGE('',*,*,#1010,.F.);
#1546=ORIENTED_EDGE('',*,*,#1124,.F.);
#1547=ORIENTED_EDGE('',*,*,#1125,.F.);
#1548=ORIENTED_EDGE('',*,*,#1126,.F.);
#1549=ORIENTED_EDGE('',*,*,#1077,.F.);
#1550=ORIENTED_EDGE('',*,*,#1127,.F.);
#1551=ORIENTED_EDGE('',*,*,#1128,.F.);
#1552=ORIENTED_EDGE('',*,*,#1129,.F.);
#1553=ORIENTED_EDGE('',*,*,#1021,.F.);
#1554=ORIENTED_EDGE('',*,*,#1048,.T.);
#1555=ORIENTED_EDGE('',*,*,#1042,.F.);
#1556=ORIENTED_EDGE('',*,*,#1130,.F.);
#1557=ORIENTED_EDGE('',*,*,#1131,.F.);
#1558=ORIENTED_EDGE('',*,*,#1132,.F.);
#1559=ORIENTED_EDGE('',*,*,#1133,.F.);
#1560=ORIENTED_EDGE('',*,*,#1134,.F.);
#1561=ORIENTED_EDGE('',*,*,#1135,.F.);
#1562=ORIENTED_EDGE('',*,*,#947,.F.);
#1563=ORIENTED_EDGE('',*,*,#951,.F.);
#1564=ORIENTED_EDGE('',*,*,#923,.F.);
#1565=ORIENTED_EDGE('',*,*,#1136,.F.);
#1566=ORIENTED_EDGE('',*,*,#1137,.F.);
#1567=ORIENTED_EDGE('',*,*,#1108,.F.);
#1568=ORIENTED_EDGE('',*,*,#1122,.F.);
#1569=ORIENTED_EDGE('',*,*,#1138,.F.);
#1570=ORIENTED_EDGE('',*,*,#1139,.F.);
#1571=ORIENTED_EDGE('',*,*,#1140,.F.);
#1572=ORIENTED_EDGE('',*,*,#1141,.F.);
#1573=ORIENTED_EDGE('',*,*,#1142,.F.);
#1574=ORIENTED_EDGE('',*,*,#1143,.F.);
#1575=ORIENTED_EDGE('',*,*,#1144,.F.);
#1576=ORIENTED_EDGE('',*,*,#1145,.F.);
#1577=ORIENTED_EDGE('',*,*,#1146,.F.);
#1578=ORIENTED_EDGE('',*,*,#1147,.F.);
#1579=ORIENTED_EDGE('',*,*,#1148,.F.);
#1580=ORIENTED_EDGE('',*,*,#1149,.F.);
#1581=ORIENTED_EDGE('',*,*,#1150,.F.);
#1582=ORIENTED_EDGE('',*,*,#1151,.F.);
#1583=ORIENTED_EDGE('',*,*,#1150,.T.);
#1584=ORIENTED_EDGE('',*,*,#1152,.F.);
#1585=ORIENTED_EDGE('',*,*,#1098,.F.);
#1586=ORIENTED_EDGE('',*,*,#1153,.T.);
#1587=ORIENTED_EDGE('',*,*,#1149,.T.);
#1588=ORIENTED_EDGE('',*,*,#1154,.T.);
#1589=ORIENTED_EDGE('',*,*,#1099,.F.);
#1590=ORIENTED_EDGE('',*,*,#1152,.T.);
#1591=ORIENTED_EDGE('',*,*,#1146,.T.);
#1592=ORIENTED_EDGE('',*,*,#1155,.F.);
#1593=ORIENTED_EDGE('',*,*,#1102,.F.);
#1594=ORIENTED_EDGE('',*,*,#1156,.F.);
#1595=ORIENTED_EDGE('',*,*,#1145,.T.);
#1596=ORIENTED_EDGE('',*,*,#1157,.T.);
#1597=ORIENTED_EDGE('',*,*,#1103,.F.);
#1598=ORIENTED_EDGE('',*,*,#1155,.T.);
#1599=ORIENTED_EDGE('',*,*,#1143,.T.);
#1600=ORIENTED_EDGE('',*,*,#1158,.T.);
#1601=ORIENTED_EDGE('',*,*,#1095,.F.);
#1602=ORIENTED_EDGE('',*,*,#1159,.T.);
#1603=ORIENTED_EDGE('',*,*,#1142,.T.);
#1604=ORIENTED_EDGE('',*,*,#1160,.F.);
#1605=ORIENTED_EDGE('',*,*,#1096,.T.);
#1606=ORIENTED_EDGE('',*,*,#1158,.F.);
#1607=ORIENTED_EDGE('',*,*,#1124,.T.);
#1608=ORIENTED_EDGE('',*,*,#1009,.F.);
#1609=ORIENTED_EDGE('',*,*,#1090,.T.);
#1610=ORIENTED_EDGE('',*,*,#1161,.T.);
#1611=ORIENTED_EDGE('',*,*,#1038,.F.);
#1612=ORIENTED_EDGE('',*,*,#1045,.F.);
#1613=ORIENTED_EDGE('',*,*,#1141,.T.);
#1614=ORIENTED_EDGE('',*,*,#1162,.F.);
#1615=ORIENTED_EDGE('',*,*,#1085,.T.);
#1616=ORIENTED_EDGE('',*,*,#1046,.T.);
#1617=ORIENTED_EDGE('',*,*,#1140,.T.);
#1618=ORIENTED_EDGE('',*,*,#1163,.F.);
#1619=ORIENTED_EDGE('',*,*,#1086,.T.);
#1620=ORIENTED_EDGE('',*,*,#1162,.T.);
#1621=ORIENTED_EDGE('',*,*,#1139,.T.);
#1622=ORIENTED_EDGE('',*,*,#1164,.F.);
#1623=ORIENTED_EDGE('',*,*,#1087,.F.);
#1624=ORIENTED_EDGE('',*,*,#1163,.T.);
#1625=ORIENTED_EDGE('',*,*,#1067,.F.);
#1626=ORIENTED_EDGE('',*,*,#1088,.F.);
#1627=ORIENTED_EDGE('',*,*,#1164,.T.);
#1628=ORIENTED_EDGE('',*,*,#1138,.T.);
#1629=ORIENTED_EDGE('',*,*,#1121,.T.);
#1630=ORIENTED_EDGE('',*,*,#1119,.F.);
#1631=ORIENTED_EDGE('',*,*,#1055,.T.);
#1632=ORIENTED_EDGE('',*,*,#1110,.F.);
#1633=ORIENTED_EDGE('',*,*,#1137,.T.);
#1634=ORIENTED_EDGE('',*,*,#1165,.F.);
#1635=ORIENTED_EDGE('',*,*,#1080,.F.);
#1636=ORIENTED_EDGE('',*,*,#1109,.T.);
#1637=ORIENTED_EDGE('',*,*,#918,.F.);
#1638=ORIENTED_EDGE('',*,*,#948,.T.);
#1639=ORIENTED_EDGE('',*,*,#1135,.T.);
#1640=ORIENTED_EDGE('',*,*,#1166,.T.);
#1641=ORIENTED_EDGE('',*,*,#1167,.F.);
#1642=ORIENTED_EDGE('',*,*,#1168,.F.);
#1643=ORIENTED_EDGE('',*,*,#1081,.F.);
#1644=ORIENTED_EDGE('',*,*,#1165,.T.);
#1645=ORIENTED_EDGE('',*,*,#1136,.T.);
#1646=ORIENTED_EDGE('',*,*,#922,.T.);
#1647=ORIENTED_EDGE('',*,*,#1169,.F.);
#1648=ORIENTED_EDGE('',*,*,#1170,.F.);
#1649=ORIENTED_EDGE('',*,*,#1171,.T.);
#1650=ORIENTED_EDGE('',*,*,#1133,.T.);
#1651=ORIENTED_EDGE('',*,*,#1171,.F.);
#1652=ORIENTED_EDGE('',*,*,#1172,.F.);
#1653=ORIENTED_EDGE('',*,*,#1166,.F.);
#1654=ORIENTED_EDGE('',*,*,#1134,.T.);
#1655=ORIENTED_EDGE('',*,*,#1173,.T.);
#1656=ORIENTED_EDGE('',*,*,#1167,.T.);
#1657=ORIENTED_EDGE('',*,*,#1172,.T.);
#1658=ORIENTED_EDGE('',*,*,#1170,.T.);
#1659=ORIENTED_EDGE('',*,*,#1148,.T.);
#1660=ORIENTED_EDGE('',*,*,#1174,.F.);
#1661=ORIENTED_EDGE('',*,*,#1100,.T.);
#1662=ORIENTED_EDGE('',*,*,#1157,.F.);
#1663=ORIENTED_EDGE('',*,*,#1144,.T.);
#1664=ORIENTED_EDGE('',*,*,#1159,.F.);
#1665=ORIENTED_EDGE('',*,*,#1094,.F.);
#1666=ORIENTED_EDGE('',*,*,#1160,.T.);
#1667=ORIENTED_EDGE('',*,*,#1147,.T.);
#1668=ORIENTED_EDGE('',*,*,#1156,.T.);
#1669=ORIENTED_EDGE('',*,*,#1101,.F.);
#1670=ORIENTED_EDGE('',*,*,#1174,.T.);
#1671=ORIENTED_EDGE('',*,*,#1131,.T.);
#1672=ORIENTED_EDGE('',*,*,#1175,.F.);
#1673=ORIENTED_EDGE('',*,*,#1083,.F.);
#1674=ORIENTED_EDGE('',*,*,#1176,.T.);
#1675=ORIENTED_EDGE('',*,*,#1151,.T.);
#1676=ORIENTED_EDGE('',*,*,#1153,.F.);
#1677=ORIENTED_EDGE('',*,*,#1097,.F.);
#1678=ORIENTED_EDGE('',*,*,#1154,.F.);
#1679=ORIENTED_EDGE('',*,*,#1127,.T.);
#1680=ORIENTED_EDGE('',*,*,#1076,.F.);
#1681=ORIENTED_EDGE('',*,*,#1093,.F.);
#1682=ORIENTED_EDGE('',*,*,#1177,.T.);
#1683=ORIENTED_EDGE('',*,*,#1132,.T.);
#1684=ORIENTED_EDGE('',*,*,#1176,.F.);
#1685=ORIENTED_EDGE('',*,*,#1082,.F.);
#1686=ORIENTED_EDGE('',*,*,#1168,.T.);
#1687=ORIENTED_EDGE('',*,*,#1173,.F.);
#1688=ORIENTED_EDGE('',*,*,#1169,.T.);
#1689=ORIENTED_EDGE('',*,*,#1072,.F.);
#1690=ORIENTED_EDGE('',*,*,#1078,.T.);
#1691=ORIENTED_EDGE('',*,*,#1126,.T.);
#1692=ORIENTED_EDGE('',*,*,#1178,.F.);
#1693=ORIENTED_EDGE('',*,*,#1073,.F.);
#1694=ORIENTED_EDGE('',*,*,#1178,.T.);
#1695=ORIENTED_EDGE('',*,*,#1125,.T.);
#1696=ORIENTED_EDGE('',*,*,#1161,.F.);
#1697=ORIENTED_EDGE('',*,*,#1089,.F.);
#1698=ORIENTED_EDGE('',*,*,#1130,.T.);
#1699=ORIENTED_EDGE('',*,*,#1041,.F.);
#1700=ORIENTED_EDGE('',*,*,#1084,.F.);
#1701=ORIENTED_EDGE('',*,*,#1175,.T.);
#1702=ORIENTED_EDGE('',*,*,#1129,.T.);
#1703=ORIENTED_EDGE('',*,*,#1179,.F.);
#1704=ORIENTED_EDGE('',*,*,#1091,.F.);
#1705=ORIENTED_EDGE('',*,*,#1022,.T.);
#1706=ORIENTED_EDGE('',*,*,#1128,.T.);
#1707=ORIENTED_EDGE('',*,*,#1177,.F.);
#1708=ORIENTED_EDGE('',*,*,#1092,.F.);
#1709=ORIENTED_EDGE('',*,*,#1179,.T.);
#1710=CYLINDRICAL_SURFACE('',#1840,37.5);
#1711=CYLINDRICAL_SURFACE('',#1846,25.);
#1712=CYLINDRICAL_SURFACE('',#1849,25.);
#1713=CYLINDRICAL_SURFACE('',#1851,25.);
#1714=CYLINDRICAL_SURFACE('',#1853,25.);
#1715=CYLINDRICAL_SURFACE('',#1856,25.5);
#1716=CYLINDRICAL_SURFACE('',#1864,7.5);
#1717=CYLINDRICAL_SURFACE('',#1869,7.49999999999999);
#1718=CYLINDRICAL_SURFACE('',#1872,7.49999999999999);
#1719=CYLINDRICAL_SURFACE('',#1877,7.5);
#1720=CYLINDRICAL_SURFACE('',#1881,10.);
#1721=CYLINDRICAL_SURFACE('',#1884,10.);
#1722=CYLINDRICAL_SURFACE('',#1891,10.);
#1723=CYLINDRICAL_SURFACE('',#1898,10.);
#1724=CYLINDRICAL_SURFACE('',#1905,10.);
#1725=CYLINDRICAL_SURFACE('',#1910,10.);
#1726=CYLINDRICAL_SURFACE('',#1915,10.);
#1727=CYLINDRICAL_SURFACE('',#1917,10.);
#1728=CYLINDRICAL_SURFACE('',#1919,10.);
#1729=CYLINDRICAL_SURFACE('',#1920,10.);
#1730=CYLINDRICAL_SURFACE('',#1935,37.5);
#1731=CYLINDRICAL_SURFACE('',#1945,812.5);
#1732=CYLINDRICAL_SURFACE('',#1951,100.);
#1733=ADVANCED_FACE('',(#117),#1710,.T.);
#1734=ADVANCED_FACE('',(#118),#57,.T.);
#1735=ADVANCED_FACE('',(#119),#58,.T.);
#1736=ADVANCED_FACE('',(#120),#1711,.T.);
#1737=ADVANCED_FACE('',(#121),#1712,.T.);
#1738=ADVANCED_FACE('',(#122),#1713,.T.);
#1739=ADVANCED_FACE('',(#123),#1714,.T.);
#1740=ADVANCED_FACE('',(#124),#59,.T.);
#1741=ADVANCED_FACE('',(#125),#1715,.F.);
#1742=ADVANCED_FACE('',(#126),#60,.T.);
#1743=ADVANCED_FACE('',(#127),#61,.T.);
#1744=ADVANCED_FACE('',(#128),#62,.T.);
#1745=ADVANCED_FACE('',(#129),#23,.F.);
#1746=ADVANCED_FACE('',(#130),#1716,.F.);
#1747=ADVANCED_FACE('',(#131),#24,.F.);
#1748=ADVANCED_FACE('',(#132),#1717,.T.);
#1749=ADVANCED_FACE('',(#133),#63,.F.);
#1750=ADVANCED_FACE('',(#134),#1718,.T.);
#1751=ADVANCED_FACE('',(#135),#25,.F.);
#1752=ADVANCED_FACE('',(#136),#1719,.F.);
#1753=ADVANCED_FACE('',(#137),#26,.F.);
#1754=ADVANCED_FACE('',(#138),#1720,.T.);
#1755=ADVANCED_FACE('',(#139),#1721,.T.);
#1756=ADVANCED_FACE('',(#140),#27,.T.);
#1757=ADVANCED_FACE('',(#141),#1722,.T.);
#1758=ADVANCED_FACE('',(#142),#28,.T.);
#1759=ADVANCED_FACE('',(#143),#64,.T.);
#1760=ADVANCED_FACE('',(#144),#65,.T.);
#1761=ADVANCED_FACE('',(#145),#1723,.F.);
#1762=ADVANCED_FACE('',(#146),#29,.F.);
#1763=ADVANCED_FACE('',(#147),#66,.T.);
#1764=ADVANCED_FACE('',(#148),#1724,.F.);
#1765=ADVANCED_FACE('',(#149),#30,.F.);
#1766=ADVANCED_FACE('',(#150),#1725,.T.);
#1767=ADVANCED_FACE('',(#151),#67,.T.);
#1768=ADVANCED_FACE('',(#152),#68,.T.);
#1769=ADVANCED_FACE('',(#153),#69,.T.);
#1770=ADVANCED_FACE('',(#154),#1726,.T.);
#1771=ADVANCED_FACE('',(#155),#1727,.T.);
#1772=ADVANCED_FACE('',(#156),#1728,.T.);
#1773=ADVANCED_FACE('',(#157),#1729,.T.);
#1774=ADVANCED_FACE('',(#158),#70,.T.);
#1775=ADVANCED_FACE('',(#159),#71,.T.);
#1776=ADVANCED_FACE('',(#160),#72,.T.);
#1777=ADVANCED_FACE('',(#161),#73,.T.);
#1778=ADVANCED_FACE('',(#162),#74,.T.);
#1779=ADVANCED_FACE('',(#163),#75,.T.);
#1780=ADVANCED_FACE('',(#164),#76,.F.);
#1781=ADVANCED_FACE('',(#165),#21,.T.);
#1782=ADVANCED_FACE('',(#166),#77,.F.);
#1783=ADVANCED_FACE('',(#167),#78,.F.);
#1784=ADVANCED_FACE('',(#168),#79,.F.);
#1785=ADVANCED_FACE('',(#169),#22,.T.);
#1786=ADVANCED_FACE('',(#170),#1730,.T.);
#1787=ADVANCED_FACE('',(#171),#80,.T.);
#1788=ADVANCED_FACE('',(#172,#15,#16,#17),#81,.F.);
#1789=ADVANCED_FACE('',(#173),#82,.T.);
#1790=ADVANCED_FACE('',(#174),#1731,.T.);
#1791=ADVANCED_FACE('',(#175),#83,.T.);
#1792=ADVANCED_FACE('',(#176),#84,.T.);
#1793=ADVANCED_FACE('',(#177),#1732,.T.);
#1794=ADVANCED_FACE('',(#178),#85,.F.);
#1795=ADVANCED_FACE('',(#179),#86,.T.);
#1796=ADVANCED_FACE('',(#180),#87,.T.);
#1797=ADVANCED_FACE('',(#181,#18,#19,#20),#88,.F.);
#1798=ADVANCED_FACE('',(#182),#89,.T.);
#1799=ADVANCED_FACE('',(#183),#90,.T.);
#1800=ADVANCED_FACE('',(#184),#91,.T.);
#1801=ADVANCED_FACE('',(#185),#92,.T.);
#1802=ADVANCED_FACE('',(#186),#93,.T.);
#1803=ADVANCED_FACE('',(#187),#94,.T.);
#1804=ADVANCED_FACE('',(#188),#95,.T.);
#1805=ADVANCED_FACE('',(#189),#96,.T.);
#1806=ADVANCED_FACE('',(#190),#97,.T.);
#1807=ADVANCED_FACE('',(#191),#98,.T.);
#1808=ADVANCED_FACE('',(#192),#99,.T.);
#1809=ADVANCED_FACE('',(#193),#100,.T.);
#1810=ADVANCED_FACE('',(#194),#101,.T.);
#1811=ADVANCED_FACE('',(#195),#102,.T.);
#1812=ADVANCED_FACE('',(#196),#103,.T.);
#1813=ADVANCED_FACE('',(#197),#104,.T.);
#1814=ADVANCED_FACE('',(#198),#105,.T.);
#1815=ADVANCED_FACE('',(#199),#106,.T.);
#1816=ADVANCED_FACE('',(#200),#107,.T.);
#1817=ADVANCED_FACE('',(#201),#108,.T.);
#1818=ADVANCED_FACE('',(#202),#109,.T.);
#1819=ADVANCED_FACE('',(#203),#110,.T.);
#1820=ADVANCED_FACE('',(#204),#111,.T.);
#1821=ADVANCED_FACE('',(#205),#112,.T.);
#1822=ADVANCED_FACE('',(#206),#113,.T.);
#1823=ADVANCED_FACE('',(#207),#114,.T.);
#1824=ADVANCED_FACE('',(#208),#115,.T.);
#1825=ADVANCED_FACE('',(#209),#116,.T.);
#1826=CLOSED_SHELL('',(#1733,#1734,#1735,#1736,#1737,#1738,#1739,#1740,
#1741,#1742,#1743,#1744,#1745,#1746,#1747,#1748,#1749,#1750,#1751,#1752,
#1753,#1754,#1755,#1756,#1757,#1758,#1759,#1760,#1761,#1762,#1763,#1764,
#1765,#1766,#1767,#1768,#1769,#1770,#1771,#1772,#1773,#1774,#1775,#1776,
#1777,#1778,#1779,#1780,#1781,#1782,#1783,#1784,#1785,#1786,#1787,#1788,
#1789,#1790,#1791,#1792,#1793,#1794,#1795,#1796,#1797,#1798,#1799,#1800,
#1801,#1802,#1803,#1804,#1805,#1806,#1807,#1808,#1809,#1810,#1811,#1812,
#1813,#1814,#1815,#1816,#1817,#1818,#1819,#1820,#1821,#1822,#1823,#1824,
#1825));
#1827=DERIVED_UNIT_ELEMENT(#1829,1.);
#1828=DERIVED_UNIT_ELEMENT(#3166,-3.);
#1829=(
MASS_UNIT()
NAMED_UNIT(*)
SI_UNIT(.KILO.,.GRAM.)
);
#1830=DERIVED_UNIT((#1827,#1828));
#1831=MEASURE_REPRESENTATION_ITEM('density measure',
POSITIVE_RATIO_MEASURE(7850.),#1830);
#1832=PROPERTY_DEFINITION_REPRESENTATION(#1837,#1834);
#1833=PROPERTY_DEFINITION_REPRESENTATION(#1838,#1835);
#1834=REPRESENTATION('material name',(#1836),#3163);
#1835=REPRESENTATION('density',(#1831),#3163);
#1836=DESCRIPTIVE_REPRESENTATION_ITEM('Steel','Steel');
#1837=PROPERTY_DEFINITION('material property','material name',#3173);
#1838=PROPERTY_DEFINITION('material property','density of part',#3173);
#1839=AXIS2_PLACEMENT_3D('',#2476,#1985,#1986);
#1840=AXIS2_PLACEMENT_3D('',#2477,#1987,#1988);
#1841=AXIS2_PLACEMENT_3D('',#2480,#1989,#1990);
#1842=AXIS2_PLACEMENT_3D('',#2484,#1992,#1993);
#1843=AXIS2_PLACEMENT_3D('',#2486,#1995,#1996);
#1844=AXIS2_PLACEMENT_3D('',#2492,#2000,#2001);
#1845=AXIS2_PLACEMENT_3D('',#2504,#2007,#2008);
#1846=AXIS2_PLACEMENT_3D('',#2506,#2010,#2011);
#1847=AXIS2_PLACEMENT_3D('',#2541,#2012,#2013);
#1848=AXIS2_PLACEMENT_3D('',#2544,#2015,#2016);
#1849=AXIS2_PLACEMENT_3D('',#2545,#2017,#2018);
#1850=AXIS2_PLACEMENT_3D('',#2548,#2020,#2021);
#1851=AXIS2_PLACEMENT_3D('',#2549,#2022,#2023);
#1852=AXIS2_PLACEMENT_3D('',#2554,#2026,#2027);
#1853=AXIS2_PLACEMENT_3D('',#2555,#2028,#2029);
#1854=AXIS2_PLACEMENT_3D('',#2594,#2033,#2034);
#1855=AXIS2_PLACEMENT_3D('',#2595,#2035,#2036);
#1856=AXIS2_PLACEMENT_3D('',#2603,#2041,#2042);
#1857=AXIS2_PLACEMENT_3D('',#2605,#2044,#2045);
#1858=AXIS2_PLACEMENT_3D('',#2606,#2046,#2047);
#1859=AXIS2_PLACEMENT_3D('',#2608,#2049,#2050);
#1860=AXIS2_PLACEMENT_3D('',#2610,#2052,#2053);
#1861=AXIS2_PLACEMENT_3D('',#2628,#2054,#2055);
#1862=AXIS2_PLACEMENT_3D('',#2630,#2056,#2057);
#1863=AXIS2_PLACEMENT_3D('',#2631,#2058,#2059);
#1864=AXIS2_PLACEMENT_3D('',#2632,#2060,#2061);
#1865=AXIS2_PLACEMENT_3D('',#2635,#2062,#2063);
#1866=AXIS2_PLACEMENT_3D('',#2638,#2066,#2067);
#1867=AXIS2_PLACEMENT_3D('',#2655,#2068,#2069);
#1868=AXIS2_PLACEMENT_3D('',#2656,#2070,#2071);
#1869=AXIS2_PLACEMENT_3D('',#2657,#2072,#2073);
#1870=AXIS2_PLACEMENT_3D('',#2661,#2075,#2076);
#1871=AXIS2_PLACEMENT_3D('',#2663,#2078,#2079);
#1872=AXIS2_PLACEMENT_3D('',#2667,#2082,#2083);
#1873=AXIS2_PLACEMENT_3D('',#2670,#2085,#2086);
#1874=AXIS2_PLACEMENT_3D('',#2671,#2087,#2088);
#1875=AXIS2_PLACEMENT_3D('',#2688,#2089,#2090);
#1876=AXIS2_PLACEMENT_3D('',#2689,#2091,#2092);
#1877=AXIS2_PLACEMENT_3D('',#2690,#2093,#2094);
#1878=AXIS2_PLACEMENT_3D('',#2692,#2095,#2096);
#1879=AXIS2_PLACEMENT_3D('',#2694,#2098,#2099);
#1880=AXIS2_PLACEMENT_3D('',#2710,#2100,#2101);
#1881=AXIS2_PLACEMENT_3D('',#2711,#2102,#2103);
#1882=AXIS2_PLACEMENT_3D('',#2713,#2104,#2105);
#1883=AXIS2_PLACEMENT_3D('',#2717,#2107,#2108);
#1884=AXIS2_PLACEMENT_3D('',#2719,#2110,#2111);
#1885=AXIS2_PLACEMENT_3D('',#2722,#2112,#2113);
#1886=AXIS2_PLACEMENT_3D('',#2725,#2115,#2116);
#1887=AXIS2_PLACEMENT_3D('',#2727,#2118,#2119);
#1888=AXIS2_PLACEMENT_3D('',#2741,#2120,#2121);
#1889=AXIS2_PLACEMENT_3D('',#2743,#2122,#2123);
#1890=AXIS2_PLACEMENT_3D('',#2744,#2124,#2125);
#1891=AXIS2_PLACEMENT_3D('',#2745,#2126,#2127);
#1892=AXIS2_PLACEMENT_3D('',#2749,#2129,#2130);
#1893=AXIS2_PLACEMENT_3D('',#2751,#2132,#2133);
#1894=AXIS2_PLACEMENT_3D('',#2764,#2134,#2135);
#1895=AXIS2_PLACEMENT_3D('',#2765,#2136,#2137);
#1896=AXIS2_PLACEMENT_3D('',#2766,#2138,#2139);
#1897=AXIS2_PLACEMENT_3D('',#2770,#2142,#2143);
#1898=AXIS2_PLACEMENT_3D('',#2774,#2146,#2147);
#1899=AXIS2_PLACEMENT_3D('',#2778,#2149,#2150);
#1900=AXIS2_PLACEMENT_3D('',#2780,#2152,#2153);
#1901=AXIS2_PLACEMENT_3D('',#2793,#2154,#2155);
#1902=AXIS2_PLACEMENT_3D('',#2794,#2156,#2157);
#1903=AXIS2_PLACEMENT_3D('',#2795,#2158,#2159);
#1904=AXIS2_PLACEMENT_3D('',#2797,#2160,#2161);
#1905=AXIS2_PLACEMENT_3D('',#2810,#2169,#2170);
#1906=AXIS2_PLACEMENT_3D('',#2814,#2172,#2173);
#1907=AXIS2_PLACEMENT_3D('',#2816,#2175,#2176);
#1908=AXIS2_PLACEMENT_3D('',#2829,#2177,#2178);
#1909=AXIS2_PLACEMENT_3D('',#2830,#2179,#2180);
#1910=AXIS2_PLACEMENT_3D('',#2831,#2181,#2182);
#1911=AXIS2_PLACEMENT_3D('',#2834,#2185,#2186);
#1912=AXIS2_PLACEMENT_3D('',#2835,#2187,#2188);
#1913=AXIS2_PLACEMENT_3D('',#2849,#2196,#2197);
#1914=AXIS2_PLACEMENT_3D('',#2850,#2198,#2199);
#1915=AXIS2_PLACEMENT_3D('',#2856,#2203,#2204);
#1916=AXIS2_PLACEMENT_3D('',#2859,#2206,#2207);
#1917=AXIS2_PLACEMENT_3D('',#2861,#2209,#2210);
#1918=AXIS2_PLACEMENT_3D('',#2864,#2211,#2212);
#1919=AXIS2_PLACEMENT_3D('',#2867,#2215,#2216);
#1920=AXIS2_PLACEMENT_3D('',#2869,#2218,#2219);
#1921=AXIS2_PLACEMENT_3D('',#2872,#2222,#2223);
#1922=AXIS2_PLACEMENT_3D('',#2880,#2228,#2229);
#1923=AXIS2_PLACEMENT_3D('',#2884,#2232,#2233);
#1924=AXIS2_PLACEMENT_3D('',#2888,#2236,#2237);
#1925=AXIS2_PLACEMENT_3D('',#2889,#2238,#2239);
#1926=AXIS2_PLACEMENT_3D('',#2891,#2241,#2242);
#1927=AXIS2_PLACEMENT_3D('',#2894,#2243,#2244);
#1928=AXIS2_PLACEMENT_3D('',#2898,#2246,#2247);
#1929=AXIS2_PLACEMENT_3D('',#2904,#2251,#2252);
#1930=AXIS2_PLACEMENT_3D('',#2917,#2256,#2257);
#1931=AXIS2_PLACEMENT_3D('',#2919,#2259,#2260);
#1932=AXIS2_PLACEMENT_3D('',#2923,#2263,#2264);
#1933=AXIS2_PLACEMENT_3D('',#2927,#2267,#2268);
#1934=AXIS2_PLACEMENT_3D('',#2937,#2271,#2272);
#1935=AXIS2_PLACEMENT_3D('',#2938,#2273,#2274);
#1936=AXIS2_PLACEMENT_3D('',#2941,#2275,#2276);
#1937=AXIS2_PLACEMENT_3D('',#2945,#2278,#2279);
#1938=AXIS2_PLACEMENT_3D('',#2949,#2281,#2282);
#1939=AXIS2_PLACEMENT_3D('',#2953,#2284,#2285);
#1940=AXIS2_PLACEMENT_3D('',#2955,#2287,#2288);
#1941=AXIS2_PLACEMENT_3D('',#2963,#2293,#2294);
#1942=AXIS2_PLACEMENT_3D('',#3010,#2320,#2321);
#1943=AXIS2_PLACEMENT_3D('',#3012,#2322,#2323);
#1944=AXIS2_PLACEMENT_3D('',#3016,#2325,#2326);
#1945=AXIS2_PLACEMENT_3D('',#3022,#2330,#2331);
#1946=AXIS2_PLACEMENT_3D('',#3023,#2332,#2333);
#1947=AXIS2_PLACEMENT_3D('',#3026,#2335,#2336);
#1948=AXIS2_PLACEMENT_3D('',#3027,#2337,#2338);
#1949=AXIS2_PLACEMENT_3D('',#3034,#2342,#2343);
#1950=AXIS2_PLACEMENT_3D('',#3035,#2344,#2345);
#1951=AXIS2_PLACEMENT_3D('',#3037,#2347,#2348);
#1952=AXIS2_PLACEMENT_3D('',#3040,#2350,#2351);
#1953=AXIS2_PLACEMENT_3D('',#3042,#2353,#2354);
#1954=AXIS2_PLACEMENT_3D('',#3046,#2357,#2358);
#1955=AXIS2_PLACEMENT_3D('',#3048,#2360,#2361);
#1956=AXIS2_PLACEMENT_3D('',#3049,#2362,#2363);
#1957=AXIS2_PLACEMENT_3D('',#3101,#2392,#2393);
#1958=AXIS2_PLACEMENT_3D('',#3104,#2396,#2397);
#1959=AXIS2_PLACEMENT_3D('',#3106,#2399,#2400);
#1960=AXIS2_PLACEMENT_3D('',#3109,#2403,#2404);
#1961=AXIS2_PLACEMENT_3D('',#3111,#2406,#2407);
#1962=AXIS2_PLACEMENT_3D('',#3114,#2410,#2411);
#1963=AXIS2_PLACEMENT_3D('',#3116,#2413,#2414);
#1964=AXIS2_PLACEMENT_3D('',#3118,#2416,#2417);
#1965=AXIS2_PLACEMENT_3D('',#3120,#2419,#2420);
#1966=AXIS2_PLACEMENT_3D('',#3122,#2422,#2423);
#1967=AXIS2_PLACEMENT_3D('',#3124,#2425,#2426);
#1968=AXIS2_PLACEMENT_3D('',#3125,#2427,#2428);
#1969=AXIS2_PLACEMENT_3D('',#3127,#2430,#2431);
#1970=AXIS2_PLACEMENT_3D('',#3133,#2435,#2436);
#1971=AXIS2_PLACEMENT_3D('',#3139,#2440,#2441);
#1972=AXIS2_PLACEMENT_3D('',#3141,#2443,#2444);
#1973=AXIS2_PLACEMENT_3D('',#3143,#2446,#2447);
#1974=AXIS2_PLACEMENT_3D('',#3145,#2449,#2450);
#1975=AXIS2_PLACEMENT_3D('',#3146,#2451,#2452);
#1976=AXIS2_PLACEMENT_3D('',#3147,#2453,#2454);
#1977=AXIS2_PLACEMENT_3D('',#3150,#2457,#2458);
#1978=AXIS2_PLACEMENT_3D('',#3151,#2459,#2460);
#1979=AXIS2_PLACEMENT_3D('',#3153,#2462,#2463);
#1980=AXIS2_PLACEMENT_3D('',#3154,#2464,#2465);
#1981=AXIS2_PLACEMENT_3D('',#3156,#2467,#2468);
#1982=AXIS2_PLACEMENT_3D('',#3157,#2469,#2470);
#1983=AXIS2_PLACEMENT_3D('',#3158,#2471,#2472);
#1984=AXIS2_PLACEMENT_3D('',#3160,#2474,#2475);
#1985=DIRECTION('axis',(0.,0.,1.));
#1986=DIRECTION('refdir',(1.,0.,0.));
#1987=DIRECTION('center_axis',(-1.,0.,0.));
#1988=DIRECTION('ref_axis',(0.,0.707106781186547,0.707106781186547));
#1989=DIRECTION('center_axis',(1.,0.,0.));
#1990=DIRECTION('ref_axis',(0.,0.707106781186547,0.707106781186547));
#1991=DIRECTION('',(1.,0.,0.));
#1992=DIRECTION('center_axis',(-1.,0.,0.));
#1993=DIRECTION('ref_axis',(0.,0.707106781186547,0.707106781186547));
#1994=DIRECTION('',(-1.,0.,0.));
#1995=DIRECTION('center_axis',(0.,0.,1.));
#1996=DIRECTION('ref_axis',(1.,0.,0.));
#1997=DIRECTION('',(0.,-1.,0.));
#1998=DIRECTION('',(-1.,0.,0.));
#1999=DIRECTION('',(0.,-1.,0.));
#2000=DIRECTION('center_axis',(-1.,0.,0.));
#2001=DIRECTION('ref_axis',(0.,-1.,0.));
#2002=DIRECTION('',(0.,0.,1.));
#2003=DIRECTION('',(0.,-1.,0.));
#2004=DIRECTION('',(0.,0.,-1.));
#2005=DIRECTION('',(0.,1.,0.));
#2006=DIRECTION('',(0.,0.,-1.));
#2007=DIRECTION('center_axis',(1.,0.,0.));
#2008=DIRECTION('ref_axis',(0.,1.,0.));
#2009=DIRECTION('',(0.,0.,-1.));
#2010=DIRECTION('center_axis',(0.,0.,-1.));
#2011=DIRECTION('ref_axis',(-0.707106781186547,-0.707106781186547,0.));
#2012=DIRECTION('center_axis',(-0.707106781186548,0.,0.707106781186548));
#2013=DIRECTION('ref_axis',(0.707106781186547,0.,0.707106781186547));
#2014=DIRECTION('',(0.,0.,1.));
#2015=DIRECTION('center_axis',(-0.707106781186548,0.,-0.707106781186548));
#2016=DIRECTION('ref_axis',(-0.707106781186547,0.,0.707106781186547));
#2017=DIRECTION('center_axis',(-1.,0.,0.));
#2018=DIRECTION('ref_axis',(0.,-0.707106781186547,0.707106781186547));
#2019=DIRECTION('',(1.,0.,0.));
#2020=DIRECTION('center_axis',(-0.707106781186548,0.,0.707106781186548));
#2021=DIRECTION('ref_axis',(0.707106781186547,0.,0.707106781186547));
#2022=DIRECTION('center_axis',(-1.,0.,0.));
#2023=DIRECTION('ref_axis',(0.,-0.707106781186547,-0.707106781186547));
#2024=DIRECTION('',(-1.,0.,0.));
#2025=DIRECTION('',(1.,0.,0.));
#2026=DIRECTION('center_axis',(0.707106781186548,0.,0.707106781186548));
#2027=DIRECTION('ref_axis',(-0.707106781186547,0.,0.707106781186547));
#2028=DIRECTION('center_axis',(0.,0.,-1.));
#2029=DIRECTION('ref_axis',(0.707106781186547,-0.707106781186547,0.));
#2030=DIRECTION('',(0.,0.,1.));
#2031=DIRECTION('',(0.,0.,-1.));
#2032=DIRECTION('',(0.,0.,1.));
#2033=DIRECTION('center_axis',(1.,0.,0.));
#2034=DIRECTION('ref_axis',(0.,1.,0.));
#2035=DIRECTION('center_axis',(-1.,0.,0.));
#2036=DIRECTION('ref_axis',(0.,1.,0.));
#2037=DIRECTION('',(0.,-1.,0.));
#2038=DIRECTION('',(0.,0.,1.));
#2039=DIRECTION('',(0.,1.,0.));
#2040=DIRECTION('',(0.,0.,-1.));
#2041=DIRECTION('center_axis',(1.,0.,0.));
#2042=DIRECTION('ref_axis',(0.,1.,0.));
#2043=DIRECTION('',(1.,0.,0.));
#2044=DIRECTION('center_axis',(0.,-1.,0.));
#2045=DIRECTION('ref_axis',(0.,0.,-1.));
#2046=DIRECTION('center_axis',(0.,0.,-1.));
#2047=DIRECTION('ref_axis',(-1.,0.,0.));
#2048=DIRECTION('',(-1.,0.,0.));
#2049=DIRECTION('center_axis',(0.,-1.,0.));
#2050=DIRECTION('ref_axis',(1.,0.,0.));
#2051=DIRECTION('',(1.,0.,0.));
#2052=DIRECTION('center_axis',(0.,1.,0.));
#2053=DIRECTION('ref_axis',(0.,0.,1.));
#2054=DIRECTION('center_axis',(0.,1.,0.));
#2055=DIRECTION('ref_axis',(0.816496569658332,0.,-0.577350285126955));
#2056=DIRECTION('center_axis',(-1.,0.,0.));
#2057=DIRECTION('ref_axis',(0.,0.,1.));
#2058=DIRECTION('center_axis',(0.,-1.,0.));
#2059=DIRECTION('ref_axis',(0.816496569658332,0.,-0.577350285126955));
#2060=DIRECTION('center_axis',(-1.,0.,0.));
#2061=DIRECTION('ref_axis',(0.,0.707106781186547,0.707106781186547));
#2062=DIRECTION('center_axis',(-1.,0.,0.));
#2063=DIRECTION('ref_axis',(0.,0.,1.));
#2064=DIRECTION('',(1.,0.,0.));
#2065=DIRECTION('',(-1.,0.,0.));
#2066=DIRECTION('center_axis',(0.,-1.,0.));
#2067=DIRECTION('ref_axis',(0.,0.,-1.));
#2068=DIRECTION('center_axis',(0.,-1.,0.));
#2069=DIRECTION('ref_axis',(-0.816496556594231,0.,-0.577350303602382));
#2070=DIRECTION('center_axis',(0.,1.,0.));
#2071=DIRECTION('ref_axis',(-0.816496556594231,0.,-0.577350303602382));
#2072=DIRECTION('center_axis',(0.,-1.,0.));
#2073=DIRECTION('ref_axis',(-0.942809069679958,0.,0.333333253860474));
#2074=DIRECTION('',(0.,-1.,0.));
#2075=DIRECTION('center_axis',(0.,-1.,0.));
#2076=DIRECTION('ref_axis',(-0.816496556594231,0.,-0.577350303602382));
#2077=DIRECTION('',(0.,1.,0.));
#2078=DIRECTION('center_axis',(0.,0.,1.));
#2079=DIRECTION('ref_axis',(1.,0.,0.));
#2080=DIRECTION('',(0.,1.,0.));
#2081=DIRECTION('',(1.,0.,0.));
#2082=DIRECTION('center_axis',(0.,1.,0.));
#2083=DIRECTION('ref_axis',(0.942809069679958,0.,0.333333253860474));
#2084=DIRECTION('',(0.,-1.,0.));
#2085=DIRECTION('center_axis',(0.,-1.,0.));
#2086=DIRECTION('ref_axis',(0.816496569658332,0.,-0.577350285126955));
#2087=DIRECTION('center_axis',(0.,-1.,0.));
#2088=DIRECTION('ref_axis',(0.,0.,-1.));
#2089=DIRECTION('center_axis',(1.,0.,0.));
#2090=DIRECTION('ref_axis',(0.,0.,1.));
#2091=DIRECTION('center_axis',(0.,1.,0.));
#2092=DIRECTION('ref_axis',(-0.816496556594231,0.,-0.577350303602382));
#2093=DIRECTION('center_axis',(1.,0.,0.));
#2094=DIRECTION('ref_axis',(0.,-0.707106781186547,0.707106781186547));
#2095=DIRECTION('center_axis',(1.,0.,0.));
#2096=DIRECTION('ref_axis',(0.,0.,1.));
#2097=DIRECTION('',(-1.,0.,0.));
#2098=DIRECTION('center_axis',(0.,1.,0.));
#2099=DIRECTION('ref_axis',(0.,0.,1.));
#2100=DIRECTION('center_axis',(0.,1.,0.));
#2101=DIRECTION('ref_axis',(0.816496569658332,0.,-0.577350285126955));
#2102=DIRECTION('center_axis',(0.,-1.,0.));
#2103=DIRECTION('ref_axis',(-0.707106781186547,0.,0.707106781186547));
#2104=DIRECTION('center_axis',(0.,1.,0.));
#2105=DIRECTION('ref_axis',(-0.707106781186547,0.,0.707106781186547));
#2106=DIRECTION('',(0.,-1.,0.));
#2107=DIRECTION('center_axis',(0.707106781186548,-0.707106781186548,0.));
#2108=DIRECTION('ref_axis',(-0.707106781186547,-0.707106781186547,0.));
#2109=DIRECTION('',(0.,1.,0.));
#2110=DIRECTION('center_axis',(0.,-1.,0.));
#2111=DIRECTION('ref_axis',(-0.707106781186547,0.,0.707106781186547));
#2112=DIRECTION('center_axis',(-0.707106781186548,-0.707106781186548,0.));
#2113=DIRECTION('ref_axis',(-0.707106781186547,0.707106781186547,0.));
#2114=DIRECTION('',(0.,-1.,0.));
#2115=DIRECTION('center_axis',(0.,-1.,0.));
#2116=DIRECTION('ref_axis',(-0.707106781186547,0.,0.707106781186547));
#2117=DIRECTION('',(0.,1.,0.));
#2118=DIRECTION('center_axis',(-1.,0.,0.));
#2119=DIRECTION('ref_axis',(0.,0.,1.));
#2120=DIRECTION('center_axis',(-1.,0.,0.));
#2121=DIRECTION('ref_axis',(0.,0.707106775918192,-0.707106786454904));
#2122=DIRECTION('center_axis',(0.,1.,0.));
#2123=DIRECTION('ref_axis',(-1.,0.,-1.49011608607807E-8));
#2124=DIRECTION('center_axis',(1.,0.,0.));
#2125=DIRECTION('ref_axis',(0.,0.707106775918191,-0.707106786454903));
#2126=DIRECTION('center_axis',(0.,-1.,0.));
#2127=DIRECTION('ref_axis',(-0.707106781186547,0.,0.707106781186547));
#2128=DIRECTION('',(0.,-1.,0.));
#2129=DIRECTION('center_axis',(0.,1.,0.));
#2130=DIRECTION('ref_axis',(-1.,0.,0.));
#2131=DIRECTION('',(0.,1.,0.));
#2132=DIRECTION('center_axis',(1.,0.,0.));
#2133=DIRECTION('ref_axis',(0.,0.,-1.));
#2134=DIRECTION('center_axis',(1.,0.,0.));
#2135=DIRECTION('ref_axis',(0.,-0.707106775918191,-0.707106786454903));
#2136=DIRECTION('center_axis',(-1.,0.,0.));
#2137=DIRECTION('ref_axis',(0.,-0.707106775918192,-0.707106786454904));
#2138=DIRECTION('center_axis',(-1.,0.,0.));
#2139=DIRECTION('ref_axis',(0.,0.,-1.));
#2140=DIRECTION('',(0.,0.,1.));
#2141=DIRECTION('',(0.,-1.,0.));
#2142=DIRECTION('center_axis',(-1.,0.,0.));
#2143=DIRECTION('ref_axis',(0.,0.,-1.));
#2144=DIRECTION('',(0.,-1.,0.));
#2145=DIRECTION('',(0.,0.,-1.));
#2146=DIRECTION('center_axis',(-1.,0.,0.));
#2147=DIRECTION('ref_axis',(0.,-0.707106781186547,-0.707106781186547));
#2148=DIRECTION('',(1.,0.,0.));
#2149=DIRECTION('center_axis',(1.,0.,0.));
#2150=DIRECTION('ref_axis',(0.,-1.,0.));
#2151=DIRECTION('',(-1.,0.,0.));
#2152=DIRECTION('center_axis',(0.,1.,0.));
#2153=DIRECTION('ref_axis',(0.,0.,1.));
#2154=DIRECTION('center_axis',(0.,-1.,0.));
#2155=DIRECTION('ref_axis',(0.707106781186547,0.,0.707106781186548));
#2156=DIRECTION('center_axis',(0.,1.,0.));
#2157=DIRECTION('ref_axis',(0.707106781186547,0.,0.707106781186548));
#2158=DIRECTION('center_axis',(0.,1.,0.));
#2159=DIRECTION('ref_axis',(-1.,0.,0.));
#2160=DIRECTION('center_axis',(0.,-1.,0.));
#2161=DIRECTION('ref_axis',(0.999999999999998,0.,5.96046447753905E-8));
#2162=DIRECTION('',(0.,0.,1.));
#2163=DIRECTION('',(0.,0.,1.));
#2164=DIRECTION('',(0.,0.,1.));
#2165=DIRECTION('',(-1.,0.,0.));
#2166=DIRECTION('',(0.,0.,1.));
#2167=DIRECTION('',(1.,0.,0.));
#2168=DIRECTION('',(0.,0.,1.));
#2169=DIRECTION('center_axis',(1.,0.,0.));
#2170=DIRECTION('ref_axis',(0.,0.707106781186547,-0.707106781186547));
#2171=DIRECTION('',(1.,0.,0.));
#2172=DIRECTION('center_axis',(1.,0.,0.));
#2173=DIRECTION('ref_axis',(0.,0.,-1.));
#2174=DIRECTION('',(-1.,0.,0.));
#2175=DIRECTION('center_axis',(0.,-1.,0.));
#2176=DIRECTION('ref_axis',(0.,0.,-1.));
#2177=DIRECTION('center_axis',(0.,-1.,0.));
#2178=DIRECTION('ref_axis',(0.707106781186547,0.,0.707106781186548));
#2179=DIRECTION('center_axis',(0.,1.,0.));
#2180=DIRECTION('ref_axis',(0.707106781186547,0.,0.707106781186548));
#2181=DIRECTION('center_axis',(0.,-1.,0.));
#2182=DIRECTION('ref_axis',(0.707106781186547,0.,0.707106781186547));
#2183=DIRECTION('',(0.,1.,0.));
#2184=DIRECTION('',(0.,-1.,0.));
#2185=DIRECTION('center_axis',(0.,0.,1.));
#2186=DIRECTION('ref_axis',(-1.,0.,0.));
#2187=DIRECTION('center_axis',(0.,-1.,0.));
#2188=DIRECTION('ref_axis',(1.,0.,0.));
#2189=DIRECTION('',(0.,0.,1.));
#2190=DIRECTION('',(-1.,0.,0.));
#2191=DIRECTION('',(0.,0.,1.));
#2192=DIRECTION('',(-1.,0.,0.));
#2193=DIRECTION('',(0.,0.,1.));
#2194=DIRECTION('',(0.,0.,1.));
#2195=DIRECTION('',(0.,0.,1.));
#2196=DIRECTION('center_axis',(0.,-1.,0.));
#2197=DIRECTION('ref_axis',(0.999999999999998,0.,5.96046447753905E-8));
#2198=DIRECTION('center_axis',(1.,0.,0.));
#2199=DIRECTION('ref_axis',(0.,1.,0.));
#2200=DIRECTION('',(0.,1.,0.));
#2201=DIRECTION('',(0.,0.,1.));
#2202=DIRECTION('',(0.,1.,0.));
#2203=DIRECTION('center_axis',(-1.,0.,0.));
#2204=DIRECTION('ref_axis',(0.,0.707106781186547,0.707106781186547));
#2205=DIRECTION('',(1.,0.,0.));
#2206=DIRECTION('center_axis',(-0.707106781186548,0.707106781186548,0.));
#2207=DIRECTION('ref_axis',(0.707106781186547,0.707106781186547,0.));
#2208=DIRECTION('',(-1.,0.,0.));
#2209=DIRECTION('center_axis',(0.,1.,0.));
#2210=DIRECTION('ref_axis',(0.707106781186547,0.,0.707106781186547));
#2211=DIRECTION('center_axis',(0.707106781186548,0.707106781186548,0.));
#2212=DIRECTION('ref_axis',(0.707106781186547,-0.707106781186547,0.));
#2213=DIRECTION('',(0.,1.,0.));
#2214=DIRECTION('',(0.,-1.,0.));
#2215=DIRECTION('center_axis',(0.,1.,0.));
#2216=DIRECTION('ref_axis',(0.707106781186547,0.,0.707106781186547));
#2217=DIRECTION('',(0.,-1.,0.));
#2218=DIRECTION('center_axis',(1.,0.,0.));
#2219=DIRECTION('ref_axis',(0.,-0.707106781186547,0.707106781186547));
#2220=DIRECTION('',(1.,0.,0.));
#2221=DIRECTION('',(-1.,0.,0.));
#2222=DIRECTION('center_axis',(0.,1.,0.));
#2223=DIRECTION('ref_axis',(-1.,0.,0.));
#2224=DIRECTION('',(1.,0.,0.));
#2225=DIRECTION('',(0.,0.,1.));
#2226=DIRECTION('',(1.,0.,0.));
#2227=DIRECTION('',(0.,0.,1.));
#2228=DIRECTION('center_axis',(-1.,0.,0.));
#2229=DIRECTION('ref_axis',(0.,-1.,0.));
#2230=DIRECTION('',(0.,1.,0.));
#2231=DIRECTION('',(0.,0.,1.));
#2232=DIRECTION('center_axis',(1.,0.,0.));
#2233=DIRECTION('ref_axis',(0.,1.,0.));
#2234=DIRECTION('',(0.,0.,1.));
#2235=DIRECTION('',(0.,1.,0.));
#2236=DIRECTION('center_axis',(0.,0.,1.));
#2237=DIRECTION('ref_axis',(1.,0.,0.));
#2238=DIRECTION('center_axis',(-1.,0.,0.));
#2239=DIRECTION('ref_axis',(0.,-1.,0.));
#2240=DIRECTION('',(0.,1.,0.));
#2241=DIRECTION('center_axis',(0.,-0.996194698091746,0.0871557427476579));
#2242=DIRECTION('ref_axis',(1.,0.,0.));
#2243=DIRECTION('center_axis',(0.,0.996194698091746,-0.0871557427476579));
#2244=DIRECTION('ref_axis',(8.16737199382864E-17,0.0871557427476579,0.996194698091746));
#2245=DIRECTION('',(-1.,0.,0.));
#2246=DIRECTION('center_axis',(0.,0.996194698091746,-0.0871557427476579));
#2247=DIRECTION('ref_axis',(-1.27189803445561E-16,0.0871557427476579,0.996194698091746));
#2248=DIRECTION('',(0.0868265938642473,-0.0868265938642473,-0.992432509138967));
#2249=DIRECTION('',(1.,0.,0.));
#2250=DIRECTION('',(0.0868265938642473,0.0868265938642473,0.992432509138967));
#2251=DIRECTION('center_axis',(0.,-0.0871557427476579,-0.996194698091746));
#2252=DIRECTION('ref_axis',(-1.,0.,0.));
#2253=DIRECTION('',(-1.,0.,0.));
#2254=DIRECTION('',(0.,0.996194698091746,-0.0871557427476579));
#2255=DIRECTION('',(0.,0.996194698091746,-0.0871557427476579));
#2256=DIRECTION('center_axis',(0.,0.996194698091746,-0.0871557427476579));
#2257=DIRECTION('ref_axis',(-1.27189803445561E-16,0.0871557427476579,0.996194698091746));
#2258=DIRECTION('',(0.,0.996194698091746,-0.0871557427476579));
#2259=DIRECTION('center_axis',(0.996223440096615,0.00756743627848772,0.0864961924609285));
#2260=DIRECTION('ref_axis',(0.0868265938642473,-0.0868265938642473,-0.992432509138967));
#2261=DIRECTION('',(-0.0868265938642473,0.0868265938642473,0.992432509138967));
#2262=DIRECTION('',(0.,0.996194698091746,-0.0871557427476579));
#2263=DIRECTION('center_axis',(0.,0.0871557427476579,0.996194698091746));
#2264=DIRECTION('ref_axis',(1.,0.,0.));
#2265=DIRECTION('',(-1.,0.,0.));
#2266=DIRECTION('',(0.,0.996194698091746,-0.0871557427476579));
#2267=DIRECTION('center_axis',(-0.996223440096615,0.00756743627848772,0.0864961924609285));
#2268=DIRECTION('ref_axis',(0.0868265938642473,0.0868265938642473,0.992432509138967));
#2269=DIRECTION('',(0.0868265938642473,0.0868265938642473,0.992432509138967));
#2270=DIRECTION('',(0.,0.996194698091746,-0.0871557427476579));
#2271=DIRECTION('center_axis',(0.,0.996194698091746,-0.0871557427476579));
#2272=DIRECTION('ref_axis',(8.16737199382865E-17,0.0871557427476579,0.996194698091746));
#2273=DIRECTION('center_axis',(0.,1.,0.));
#2274=DIRECTION('ref_axis',(0.,0.,1.));
#2275=DIRECTION('center_axis',(0.,1.,0.));
#2276=DIRECTION('ref_axis',(0.,0.,1.));
#2277=DIRECTION('',(0.,1.,0.));
#2278=DIRECTION('center_axis',(0.,-1.,0.));
#2279=DIRECTION('ref_axis',(0.,0.,1.));
#2280=DIRECTION('',(0.,-1.,0.));
#2281=DIRECTION('center_axis',(0.,1.,0.));
#2282=DIRECTION('ref_axis',(0.,0.,1.));
#2283=DIRECTION('',(0.,-1.,0.));
#2284=DIRECTION('center_axis',(0.,-1.,0.));
#2285=DIRECTION('ref_axis',(0.,0.,1.));
#2286=DIRECTION('',(0.,-1.,0.));
#2287=DIRECTION('center_axis',(0.,-1.,0.));
#2288=DIRECTION('ref_axis',(1.,0.,0.));
#2289=DIRECTION('',(-1.,0.,0.));
#2290=DIRECTION('',(0.,0.,1.));
#2291=DIRECTION('',(-1.,0.,0.));
#2292=DIRECTION('',(0.,0.,1.));
#2293=DIRECTION('center_axis',(0.,0.,1.));
#2294=DIRECTION('ref_axis',(1.,0.,0.));
#2295=DIRECTION('',(1.,0.,0.));
#2296=DIRECTION('',(0.707106781186547,-0.707106781186547,0.));
#2297=DIRECTION('',(1.,0.,0.));
#2298=DIRECTION('',(0.,-1.,0.));
#2299=DIRECTION('',(-0.853503838856997,-0.521086554284765,0.));
#2300=DIRECTION('',(0.707106781186547,-0.707106781186547,0.));
#2301=DIRECTION('',(1.,0.,0.));
#2302=DIRECTION('',(0.707106781186547,0.707106781186547,0.));
#2303=DIRECTION('',(0.,-1.,0.));
#2304=DIRECTION('',(-1.,0.,0.));
#2305=DIRECTION('',(1.,0.,0.));
#2306=DIRECTION('',(-0.535889517572171,-0.844288117265822,0.));
#2307=DIRECTION('',(-0.685364699004991,0.728199992692803,0.));
#2308=DIRECTION('',(0.,1.,0.));
#2309=DIRECTION('',(-0.707106781186547,0.707106781186547,0.));
#2310=DIRECTION('',(-1.,0.,0.));
#2311=DIRECTION('',(0.,-1.,0.));
#2312=DIRECTION('',(-0.679764669010428,-0.733430293051182,0.));
#2313=DIRECTION('',(-0.796162194123103,-0.605083267533558,0.));
#2314=DIRECTION('',(0.852601252410943,0.522562057929288,0.));
#2315=DIRECTION('',(-1.,0.,0.));
#2316=DIRECTION('',(0.681103942477287,0.732186738163084,0.));
#2317=DIRECTION('',(0.,-1.,0.));
#2318=DIRECTION('',(0.791879140704959,0.61067784184165,0.));
#2319=DIRECTION('',(-1.,0.,0.));
#2320=DIRECTION('center_axis',(0.,1.,0.));
#2321=DIRECTION('ref_axis',(-1.,0.,0.));
#2322=DIRECTION('center_axis',(0.,-1.,0.));
#2323=DIRECTION('ref_axis',(-0.999048221581858,0.,0.0436193873653359));
#2324=DIRECTION('',(-1.,0.,0.));
#2325=DIRECTION('center_axis',(0.,-1.,0.));
#2326=DIRECTION('ref_axis',(0.999048221581858,0.,0.0436193873653359));
#2327=DIRECTION('',(0.,0.,-1.));
#2328=DIRECTION('',(1.,0.,0.));
#2329=DIRECTION('',(0.,0.,1.));
#2330=DIRECTION('center_axis',(0.,1.,0.));
#2331=DIRECTION('ref_axis',(-0.999048221581858,0.,0.0436193873653359));
#2332=DIRECTION('center_axis',(0.,1.,0.));
#2333=DIRECTION('ref_axis',(-0.999048221581858,0.,0.0436193873653359));
#2334=DIRECTION('',(0.,1.,0.));
#2335=DIRECTION('center_axis',(0.,-0.996194698091746,-0.0871557427476579));
#2336=DIRECTION('ref_axis',(8.16737199382865E-17,-0.0871557427476579,0.996194698091746));
#2337=DIRECTION('center_axis',(0.,0.996194698091746,0.0871557427476579));
#2338=DIRECTION('ref_axis',(-1.,0.,0.));
#2339=DIRECTION('',(0.0868265938642473,-0.0868265938642473,0.992432509138967));
#2340=DIRECTION('',(1.,0.,0.));
#2341=DIRECTION('',(-0.0868265938642473,-0.0868265938642473,0.992432509138967));
#2342=DIRECTION('center_axis',(0.,-0.996194698091746,-0.0871557427476579));
#2343=DIRECTION('ref_axis',(-1.27189803445561E-16,-0.0871557427476579,0.996194698091746));
#2344=DIRECTION('center_axis',(-0.996194698091746,0.,0.0871557427476579));
#2345=DIRECTION('ref_axis',(0.,-1.,0.));
#2346=DIRECTION('',(0.,1.,0.));
#2347=DIRECTION('center_axis',(0.,1.,0.));
#2348=DIRECTION('ref_axis',(0.999048221581858,0.,0.0436193873653359));
#2349=DIRECTION('',(0.,-1.,0.));
#2350=DIRECTION('center_axis',(0.,1.,0.));
#2351=DIRECTION('ref_axis',(0.999048221581858,0.,0.0436193873653359));
#2352=DIRECTION('',(0.,1.,0.));
#2353=DIRECTION('center_axis',(-1.,0.,0.));
#2354=DIRECTION('ref_axis',(0.,-1.,0.));
#2355=DIRECTION('',(0.,0.,1.));
#2356=DIRECTION('',(0.,1.,0.));
#2357=DIRECTION('center_axis',(0.996194698091746,0.,0.0871557427476579));
#2358=DIRECTION('ref_axis',(0.,1.,0.));
#2359=DIRECTION('',(0.,-1.,0.));
#2360=DIRECTION('center_axis',(0.,0.,1.));
#2361=DIRECTION('ref_axis',(0.,1.,0.));
#2362=DIRECTION('center_axis',(0.,0.,-1.));
#2363=DIRECTION('ref_axis',(-1.,0.,0.));
#2364=DIRECTION('',(0.535889517572171,0.844288117265822,0.));
#2365=DIRECTION('',(1.,0.,0.));
#2366=DIRECTION('',(0.,-1.,0.));
#2367=DIRECTION('',(-0.707106781186548,0.707106781186548,0.));
#2368=DIRECTION('',(0.,1.,0.));
#2369=DIRECTION('',(-0.685364699004991,0.728199992692803,0.));
#2370=DIRECTION('',(0.707106781186548,-0.707106781186548,0.));
#2371=DIRECTION('',(-0.853503838856997,-0.521086554284765,0.));
#2372=DIRECTION('',(0.,-1.,0.));
#2373=DIRECTION('',(1.,0.,0.));
#2374=DIRECTION('',(0.,-1.,0.));
#2375=DIRECTION('',(1.,0.,0.));
#2376=DIRECTION('',(1.,0.,0.));
#2377=DIRECTION('',(0.707106781186548,-0.707106781186548,0.));
#2378=DIRECTION('',(-1.,0.,0.));
#2379=DIRECTION('',(0.,-1.,0.));
#2380=DIRECTION('',(-0.707106781186548,-0.707106781186548,0.));
#2381=DIRECTION('',(-1.,0.,0.));
#2382=DIRECTION('',(0.679764669010428,0.733430293051182,0.));
#2383=DIRECTION('',(0.,-1.,0.));
#2384=DIRECTION('',(-1.,0.,0.));
#2385=DIRECTION('',(-1.,0.,0.));
#2386=DIRECTION('',(0.791879140704959,0.61067784184165,0.));
#2387=DIRECTION('',(0.,-1.,0.));
#2388=DIRECTION('',(-0.681103942477287,-0.732186738163084,0.));
#2389=DIRECTION('',(-1.,0.,0.));
#2390=DIRECTION('',(0.852601252410943,0.522562057929288,0.));
#2391=DIRECTION('',(-0.796162194123103,-0.605083267533558,0.));
#2392=DIRECTION('center_axis',(-0.522562057929288,0.852601252410943,0.));
#2393=DIRECTION('ref_axis',(-0.852601252410943,-0.522562057929288,0.));
#2394=DIRECTION('',(0.,0.,1.));
#2395=DIRECTION('',(0.,0.,1.));
#2396=DIRECTION('center_axis',(0.,-1.,0.));
#2397=DIRECTION('ref_axis',(1.,0.,0.));
#2398=DIRECTION('',(0.,0.,-1.));
#2399=DIRECTION('center_axis',(-0.61067784184165,0.791879140704959,0.));
#2400=DIRECTION('ref_axis',(-0.791879140704959,-0.61067784184165,0.));
#2401=DIRECTION('',(0.,0.,1.));
#2402=DIRECTION('',(0.,0.,-1.));
#2403=DIRECTION('center_axis',(0.,-1.,0.));
#2404=DIRECTION('ref_axis',(1.,0.,0.));
#2405=DIRECTION('',(0.,0.,-1.));
#2406=DIRECTION('center_axis',(1.,0.,0.));
#2407=DIRECTION('ref_axis',(0.,1.,0.));
#2408=DIRECTION('',(0.,0.,-1.));
#2409=DIRECTION('',(0.,0.,1.));
#2410=DIRECTION('center_axis',(-0.733430293051182,0.679764669010428,0.));
#2411=DIRECTION('ref_axis',(-0.679764669010428,-0.733430293051182,0.));
#2412=DIRECTION('',(0.,0.,1.));
#2413=DIRECTION('center_axis',(-0.844288117265822,0.535889517572171,0.));
#2414=DIRECTION('ref_axis',(-0.535889517572171,-0.844288117265822,0.));
#2415=DIRECTION('',(0.,0.,1.));
#2416=DIRECTION('center_axis',(0.,-1.,0.));
#2417=DIRECTION('ref_axis',(1.,0.,0.));
#2418=DIRECTION('',(0.,0.,1.));
#2419=DIRECTION('center_axis',(0.707106781186548,-0.707106781186548,0.));
#2420=DIRECTION('ref_axis',(0.707106781186548,0.707106781186548,0.));
#2421=DIRECTION('',(0.,0.,1.));
#2422=DIRECTION('center_axis',(1.,0.,0.));
#2423=DIRECTION('ref_axis',(0.,1.,0.));
#2424=DIRECTION('',(0.,0.,1.));
#2425=DIRECTION('center_axis',(0.,-1.,0.));
#2426=DIRECTION('ref_axis',(1.,0.,0.));
#2427=DIRECTION('center_axis',(0.707106781186548,0.707106781186548,0.));
#2428=DIRECTION('ref_axis',(-0.707106781186548,0.707106781186548,0.));
#2429=DIRECTION('',(0.,0.,1.));
#2430=DIRECTION('center_axis',(0.,1.,0.));
#2431=DIRECTION('ref_axis',(-1.,0.,0.));
#2432=DIRECTION('',(0.,0.,1.));
#2433=DIRECTION('',(-1.,0.,0.));
#2434=DIRECTION('',(0.,0.,1.));
#2435=DIRECTION('center_axis',(0.,-1.,0.));
#2436=DIRECTION('ref_axis',(1.,0.,0.));
#2437=DIRECTION('',(0.,0.,-1.));
#2438=DIRECTION('',(1.,0.,0.));
#2439=DIRECTION('',(0.,0.,-1.));
#2440=DIRECTION('center_axis',(-1.,0.,0.));
#2441=DIRECTION('ref_axis',(0.,-1.,0.));
#2442=DIRECTION('',(0.,-1.,0.));
#2443=DIRECTION('center_axis',(0.,0.,1.));
#2444=DIRECTION('ref_axis',(1.,0.,0.));
#2445=DIRECTION('',(0.,1.,0.));
#2446=DIRECTION('center_axis',(0.732186738163084,-0.681103942477287,0.));
#2447=DIRECTION('ref_axis',(0.681103942477287,0.732186738163084,0.));
#2448=DIRECTION('',(0.,0.,1.));
#2449=DIRECTION('center_axis',(0.,-1.,0.));
#2450=DIRECTION('ref_axis',(1.,0.,0.));
#2451=DIRECTION('center_axis',(1.,0.,0.));
#2452=DIRECTION('ref_axis',(0.,1.,0.));
#2453=DIRECTION('center_axis',(0.521086554284765,-0.853503838856997,0.));
#2454=DIRECTION('ref_axis',(0.853503838856997,0.521086554284765,0.));
#2455=DIRECTION('',(0.,0.,1.));
#2456=DIRECTION('',(0.,0.,1.));
#2457=DIRECTION('center_axis',(0.605083267533558,-0.796162194123103,0.));
#2458=DIRECTION('ref_axis',(0.796162194123103,0.605083267533558,0.));
#2459=DIRECTION('center_axis',(-0.707106781186548,-0.707106781186548,0.));
#2460=DIRECTION('ref_axis',(0.707106781186548,-0.707106781186548,0.));
#2461=DIRECTION('',(0.,0.,1.));
#2462=DIRECTION('center_axis',(1.,0.,0.));
#2463=DIRECTION('ref_axis',(0.,1.,0.));
#2464=DIRECTION('center_axis',(1.,0.,0.));
#2465=DIRECTION('ref_axis',(0.,1.,0.));
#2466=DIRECTION('',(0.,0.,1.));
#2467=DIRECTION('center_axis',(0.,1.,0.));
#2468=DIRECTION('ref_axis',(-1.,0.,0.));
#2469=DIRECTION('center_axis',(0.707106781186548,0.707106781186548,0.));
#2470=DIRECTION('ref_axis',(-0.707106781186548,0.707106781186548,0.));
#2471=DIRECTION('center_axis',(-0.728199992692803,-0.685364699004991,0.));
#2472=DIRECTION('ref_axis',(0.685364699004991,-0.728199992692803,0.));
#2473=DIRECTION('',(0.,0.,1.));
#2474=DIRECTION('center_axis',(-1.,0.,0.));
#2475=DIRECTION('ref_axis',(0.,-1.,0.));
#2476=CARTESIAN_POINT('',(0.,0.,0.));
#2477=CARTESIAN_POINT('Origin',(200.,192.5,62.5));
#2478=CARTESIAN_POINT('',(20.,230.,62.5));
#2479=CARTESIAN_POINT('',(20.,192.5,100.));
#2480=CARTESIAN_POINT('Origin',(20.,192.5,62.5));
#2481=CARTESIAN_POINT('',(80.,192.5,100.));
#2482=CARTESIAN_POINT('',(200.,192.5,100.));
#2483=CARTESIAN_POINT('',(80.,230.,62.5));
#2484=CARTESIAN_POINT('Origin',(80.,192.5,62.5));
#2485=CARTESIAN_POINT('',(200.,230.,62.5));
#2486=CARTESIAN_POINT('Origin',(50.,227.5,100.));
#2487=CARTESIAN_POINT('',(20.,180.,100.));
#2488=CARTESIAN_POINT('',(20.,230.,100.));
#2489=CARTESIAN_POINT('',(80.,180.,100.));
#2490=CARTESIAN_POINT('',(50.,180.,100.));
#2491=CARTESIAN_POINT('',(80.,225.,100.));
#2492=CARTESIAN_POINT('Origin',(20.,230.,50.));
#2493=CARTESIAN_POINT('',(20.,230.,20.));
#2494=CARTESIAN_POINT('',(20.,230.,25.));
#2495=CARTESIAN_POINT('',(20.,225.,20.));
#2496=CARTESIAN_POINT('',(20.,115.,20.));
#2497=CARTESIAN_POINT('',(20.,225.,40.));
#2498=CARTESIAN_POINT('',(20.,225.,50.));
#2499=CARTESIAN_POINT('',(20.,180.,40.));
#2500=CARTESIAN_POINT('',(20.,225.,40.));
#2501=CARTESIAN_POINT('',(20.,180.,46.5425917885202));
#2502=CARTESIAN_POINT('',(20.,180.,62.5));
#2503=CARTESIAN_POINT('',(20.,180.,93.4574082114798));
#2504=CARTESIAN_POINT('Origin',(20.,190.,70.));
#2505=CARTESIAN_POINT('',(20.,180.,62.5));
#2506=CARTESIAN_POINT('Origin',(45.,180.,62.5));
#2507=CARTESIAN_POINT('',(25.384954754067,164.5,70.));
#2508=CARTESIAN_POINT('Ctrl Pts',(20.,180.,93.4574082114798));
#2509=CARTESIAN_POINT('Ctrl Pts',(20.,179.224747571947,93.126914569103));
#2510=CARTESIAN_POINT('Ctrl Pts',(20.0363165043611,178.477245529269,92.7623777807545));
#2511=CARTESIAN_POINT('Ctrl Pts',(20.2146711896392,176.485766117979,91.673884959324));
#2512=CARTESIAN_POINT('Ctrl Pts',(20.4410393972782,175.158615822203,90.795451589163));
#2513=CARTESIAN_POINT('Ctrl Pts',(21.0508683011831,172.718472759107,88.8166496172488));
#2514=CARTESIAN_POINT('Ctrl Pts',(21.4306884739706,171.604472683968,87.7164030335098));
#2515=CARTESIAN_POINT('Ctrl Pts',(22.1792989036556,169.741658154177,85.55338224901));
#2516=CARTESIAN_POINT('Ctrl Pts',(22.5982471677936,168.867674488052,84.3505110063936));
#2517=CARTESIAN_POINT('Ctrl Pts',(23.432285245876,167.327159682351,81.7666757992608));
#2518=CARTESIAN_POINT('Ctrl Pts',(23.8464827578,166.660307954246,80.3856150346855));
#2519=CARTESIAN_POINT('Ctrl Pts',(24.5649322582087,165.583798994972,77.5133983159556));
#2520=CARTESIAN_POINT('Ctrl Pts',(24.8682474157318,165.173396955319,76.0196195055104));
#2521=CARTESIAN_POINT('Ctrl Pts',(25.2789397442941,164.631349961754,73.0046016764494));
#2522=CARTESIAN_POINT('Ctrl Pts',(25.384954754067,164.5,71.4831242416784));
#2523=CARTESIAN_POINT('Ctrl Pts',(25.384954754067,164.5,70.));
#2524=CARTESIAN_POINT('Ctrl Pts',(25.384954754067,164.5,70.));
#2525=CARTESIAN_POINT('Ctrl Pts',(25.384954754067,164.5,68.5168757583216));
#2526=CARTESIAN_POINT('Ctrl Pts',(25.2789397442941,164.631349961754,66.9953983235506));
#2527=CARTESIAN_POINT('Ctrl Pts',(24.8682474157318,165.173396955319,63.9803804944896));
#2528=CARTESIAN_POINT('Ctrl Pts',(24.5649322582087,165.583798994972,62.4866016840444));
#2529=CARTESIAN_POINT('Ctrl Pts',(23.8464827578,166.660307954246,59.6143849653145));
#2530=CARTESIAN_POINT('Ctrl Pts',(23.432285245876,167.327159682351,58.2333242007392));
#2531=CARTESIAN_POINT('Ctrl Pts',(22.5982471677936,168.867674488052,55.6494889936064));
#2532=CARTESIAN_POINT('Ctrl Pts',(22.1792989036556,169.741658154177,54.44661775099));
#2533=CARTESIAN_POINT('Ctrl Pts',(21.4306884739706,171.604472683968,52.2835969664902));
#2534=CARTESIAN_POINT('Ctrl Pts',(21.0508683011831,172.718472759107,51.1833503827512));
#2535=CARTESIAN_POINT('Ctrl Pts',(20.4410393972782,175.158615822203,49.204548410837));
#2536=CARTESIAN_POINT('Ctrl Pts',(20.2146711896392,176.485766117979,48.326115040676));
#2537=CARTESIAN_POINT('Ctrl Pts',(20.0363165043611,178.477245529269,47.2376222192455));
#2538=CARTESIAN_POINT('Ctrl Pts',(20.,179.224747571947,46.873085430897));
#2539=CARTESIAN_POINT('Ctrl Pts',(20.,180.,46.5425917885202));
#2540=CARTESIAN_POINT('',(45.,155.,65.));
#2541=CARTESIAN_POINT('Origin',(45.,180.,65.));
#2542=CARTESIAN_POINT('',(45.,155.,75.));
#2543=CARTESIAN_POINT('',(45.,155.,62.5));
#2544=CARTESIAN_POINT('Origin',(45.,180.,75.));
#2545=CARTESIAN_POINT('Origin',(50.,180.,75.));
#2546=CARTESIAN_POINT('',(55.,155.,75.));
#2547=CARTESIAN_POINT('',(50.,155.,75.));
#2548=CARTESIAN_POINT('Origin',(55.,180.,75.));
#2549=CARTESIAN_POINT('Origin',(35.,180.,65.));
#2550=CARTESIAN_POINT('',(55.,155.,65.));
#2551=CARTESIAN_POINT('',(35.,155.,65.));
#2552=CARTESIAN_POINT('',(80.,180.,40.));
#2553=CARTESIAN_POINT('',(35.,180.,40.));
#2554=CARTESIAN_POINT('Origin',(55.,180.,65.));
#2555=CARTESIAN_POINT('Origin',(55.,180.,62.5));
#2556=CARTESIAN_POINT('',(80.,180.,46.5425917885202));
#2557=CARTESIAN_POINT('',(74.615045245933,164.5,70.));
#2558=CARTESIAN_POINT('Ctrl Pts',(80.,180.,46.5425917885202));
#2559=CARTESIAN_POINT('Ctrl Pts',(80.,179.224747571947,46.873085430897));
#2560=CARTESIAN_POINT('Ctrl Pts',(79.9636834956389,178.477245529269,47.2376222192456));
#2561=CARTESIAN_POINT('Ctrl Pts',(79.7853288103608,176.485766117978,48.326115040676));
#2562=CARTESIAN_POINT('Ctrl Pts',(79.5589606027218,175.158615822203,49.204548410837));
#2563=CARTESIAN_POINT('Ctrl Pts',(78.9491316988169,172.718472759107,51.1833503827512));
#2564=CARTESIAN_POINT('Ctrl Pts',(78.5693115260293,171.604472683968,52.2835969664903));
#2565=CARTESIAN_POINT('Ctrl Pts',(77.8207010963444,169.741658154177,54.44661775099));
#2566=CARTESIAN_POINT('Ctrl Pts',(77.4017528322064,168.867674488052,55.6494889936065));
#2567=CARTESIAN_POINT('Ctrl Pts',(76.567714754124,167.32715968235,58.2333242007393));
#2568=CARTESIAN_POINT('Ctrl Pts',(76.1535172422,166.660307954246,59.6143849653145));
#2569=CARTESIAN_POINT('Ctrl Pts',(75.4350677417913,165.583798994972,62.4866016840444));
#2570=CARTESIAN_POINT('Ctrl Pts',(75.1317525842682,165.173396955319,63.9803804944896));
#2571=CARTESIAN_POINT('Ctrl Pts',(74.7210602557059,164.631349961754,66.9953983235506));
#2572=CARTESIAN_POINT('Ctrl Pts',(74.615045245933,164.5,68.5168757583216));
#2573=CARTESIAN_POINT('Ctrl Pts',(74.615045245933,164.5,70.));
#2574=CARTESIAN_POINT('',(80.,180.,93.4574082114798));
#2575=CARTESIAN_POINT('Ctrl Pts',(74.615045245933,164.5,70.));
#2576=CARTESIAN_POINT('Ctrl Pts',(74.615045245933,164.5,71.4831242416784));
#2577=CARTESIAN_POINT('Ctrl Pts',(74.7210602557059,164.631349961754,73.0046016764494));
#2578=CARTESIAN_POINT('Ctrl Pts',(75.1317525842682,165.173396955319,76.0196195055103));
#2579=CARTESIAN_POINT('Ctrl Pts',(75.4350677417913,165.583798994972,77.5133983159556));
#2580=CARTESIAN_POINT('Ctrl Pts',(76.1535172422,166.660307954246,80.3856150346855));
#2581=CARTESIAN_POINT('Ctrl Pts',(76.567714754124,167.327159682351,81.7666757992607));
#2582=CARTESIAN_POINT('Ctrl Pts',(77.4017528322064,168.867674488052,84.3505110063936));
#2583=CARTESIAN_POINT('Ctrl Pts',(77.8207010963444,169.741658154177,85.55338224901));
#2584=CARTESIAN_POINT('Ctrl Pts',(78.5693115260293,171.604472683968,87.7164030335098));
#2585=CARTESIAN_POINT('Ctrl Pts',(78.9491316988169,172.718472759107,88.8166496172488));
#2586=CARTESIAN_POINT('Ctrl Pts',(79.5589606027218,175.158615822203,90.795451589163));
#2587=CARTESIAN_POINT('Ctrl Pts',(79.7853288103608,176.485766117978,91.673884959324));
#2588=CARTESIAN_POINT('Ctrl Pts',(79.9636834956389,178.477245529269,92.7623777807545));
#2589=CARTESIAN_POINT('Ctrl Pts',(80.,179.224747571947,93.126914569103));
#2590=CARTESIAN_POINT('Ctrl Pts',(80.,180.,93.4574082114798));
#2591=CARTESIAN_POINT('',(80.,180.,62.5));
#2592=CARTESIAN_POINT('',(55.,155.,62.5));
#2593=CARTESIAN_POINT('',(80.,180.,62.5));
#2594=CARTESIAN_POINT('Origin',(80.,225.,50.));
#2595=CARTESIAN_POINT('Origin',(80.,190.,70.));
#2596=CARTESIAN_POINT('',(80.,225.,40.));
#2597=CARTESIAN_POINT('',(80.,225.,40.));
#2598=CARTESIAN_POINT('',(80.,225.,20.));
#2599=CARTESIAN_POINT('',(80.,225.,50.));
#2600=CARTESIAN_POINT('',(80.,230.,20.));
#2601=CARTESIAN_POINT('',(80.,112.5,20.));
#2602=CARTESIAN_POINT('',(80.,230.,25.));
#2603=CARTESIAN_POINT('Origin',(0.,190.,70.));
#2604=CARTESIAN_POINT('',(0.,164.5,70.));
#2605=CARTESIAN_POINT('Origin',(50.,155.,75.));
#2606=CARTESIAN_POINT('Origin',(20.,225.,40.));
#2607=CARTESIAN_POINT('',(20.,225.,40.));
#2608=CARTESIAN_POINT('Origin',(20.,225.,50.));
#2609=CARTESIAN_POINT('',(-1.25,225.,20.));
#2610=CARTESIAN_POINT('Origin',(187.928932995646,-167.5,67.5000005960464));
#2611=CARTESIAN_POINT('',(195.000001018246,-167.5,70.));
#2612=CARTESIAN_POINT('',(202.869830752537,-160.,66.1697471547277));
#2613=CARTESIAN_POINT('Ctrl Pts',(202.869830121825,-160.,66.1697466604084));
#2614=CARTESIAN_POINT('Ctrl Pts',(202.676440538331,-160.000000016714,66.4164250498457));
#2615=CARTESIAN_POINT('Ctrl Pts',(202.471302841815,-160.009177182721,66.654194372624));
#2616=CARTESIAN_POINT('Ctrl Pts',(201.567050881365,-160.092678168762,67.607460278136));
#2617=CARTESIAN_POINT('Ctrl Pts',(200.786480939768,-160.261792001785,68.2102701812933));
#2618=CARTESIAN_POINT('Ctrl Pts',(199.222803183788,-160.878827891041,69.1050939420049));
#2619=CARTESIAN_POINT('Ctrl Pts',(198.477762999271,-161.288705492339,69.4032212094459));
#2620=CARTESIAN_POINT('Ctrl Pts',(197.115732385904,-162.374258039209,69.7986827987524));
#2621=CARTESIAN_POINT('Ctrl Pts',(196.526149828177,-163.021343646381,69.8938249744433));
#2622=CARTESIAN_POINT('Ctrl Pts',(195.588675783384,-164.537393696568,69.9940517739921));
#2623=CARTESIAN_POINT('Ctrl Pts',(195.262988159444,-165.386232718017,69.9977663947451));
#2624=CARTESIAN_POINT('Ctrl Pts',(195.035476227372,-166.682009976372,70.0001892192369));
#2625=CARTESIAN_POINT('Ctrl Pts',(195.000001018246,-167.091091807209,70.));
#2626=CARTESIAN_POINT('Ctrl Pts',(195.000001018246,-167.499999999998,70.));
#2627=CARTESIAN_POINT('',(187.928932995646,-167.5,60.0000005960464));
#2628=CARTESIAN_POINT('Origin',(187.928932995646,-167.5,67.5000005960464));
#2629=CARTESIAN_POINT('',(187.928932995646,-160.,52.5000005960465));
#2630=CARTESIAN_POINT('Origin',(187.928932995646,-167.5,52.5000005960465));
#2631=CARTESIAN_POINT('Origin',(187.928932995646,-160.,67.5000005960464));
#2632=CARTESIAN_POINT('Origin',(77.500001527369,-167.5,52.5000005960464));
#2633=CARTESIAN_POINT('',(152.0710680226,-167.5,60.0000005960464));
#2634=CARTESIAN_POINT('',(152.0710680226,-160.,52.5000005960464));
#2635=CARTESIAN_POINT('Origin',(152.0710680226,-167.5,52.5000005960464));
#2636=CARTESIAN_POINT('',(77.500001527369,-160.,52.5000005960464));
#2637=CARTESIAN_POINT('',(77.500001527369,-167.5,60.0000005960464));
#2638=CARTESIAN_POINT('Origin',(152.0710680226,-167.5,67.5000005960464));
#2639=CARTESIAN_POINT('',(145.,-167.5,70.));
#2640=CARTESIAN_POINT('',(137.130170265709,-160.,66.1697471547277));
#2641=CARTESIAN_POINT('Ctrl Pts',(145.,-167.500000000002,70.));
#2642=CARTESIAN_POINT('Ctrl Pts',(145.,-166.992872809055,70.));
#2643=CARTESIAN_POINT('Ctrl Pts',(144.945425733799,-166.486012637383,70.0004439637097));
#2644=CARTESIAN_POINT('Ctrl Pts',(144.639038536615,-165.086341747949,69.995435293362));
#2645=CARTESIAN_POINT('Ctrl Pts',(144.267475458589,-164.236820370543,69.9869312826203));
#2646=CARTESIAN_POINT('Ctrl Pts',(143.227412638736,-162.72234603935,69.8555588799032));
#2647=CARTESIAN_POINT('Ctrl Pts',(142.579028336145,-162.084275572072,69.7324731395156));
#2648=CARTESIAN_POINT('Ctrl Pts',(141.121347784628,-161.048226473318,69.2494875646621));
#2649=CARTESIAN_POINT('Ctrl Pts',(140.346022944198,-160.676311806446,68.8966338024072));
#2650=CARTESIAN_POINT('Ctrl Pts',(138.771248953234,-160.150592307611,67.8834602846873));
#2651=CARTESIAN_POINT('Ctrl Pts',(138.010983364384,-160.027585625558,67.2236680917312));
#2652=CARTESIAN_POINT('Ctrl Pts',(137.27979968338,-160.001344566833,66.3571155413904));
#2653=CARTESIAN_POINT('Ctrl Pts',(137.204107713806,-160.,66.2640581715198));
#2654=CARTESIAN_POINT('Ctrl Pts',(137.130170265709,-160.,66.1697471547277));
#2655=CARTESIAN_POINT('Origin',(152.0710680226,-160.,67.5000005960464));
#2656=CARTESIAN_POINT('Origin',(152.0710680226,-167.5,67.5000005960464));
#2657=CARTESIAN_POINT('Origin',(152.0710680226,-152.5,67.5000005960464));
#2658=CARTESIAN_POINT('',(152.0710680226,-202.5,60.0000005960464));
#2659=CARTESIAN_POINT('',(152.0710680226,-152.5,60.0000005960464));
#2660=CARTESIAN_POINT('',(145.,-202.5,70.));
#2661=CARTESIAN_POINT('Origin',(152.0710680226,-202.5,67.5000005960464));
#2662=CARTESIAN_POINT('',(145.,-152.5,70.));
#2663=CARTESIAN_POINT('Origin',(205.000003054738,-210.,60.0000005960464));
#2664=CARTESIAN_POINT('',(187.928932995646,-202.5,60.0000005960464));
#2665=CARTESIAN_POINT('',(187.928932995646,-182.5,60.0000005960464));
#2666=CARTESIAN_POINT('',(205.000001527369,-202.5,60.0000005960464));
#2667=CARTESIAN_POINT('Origin',(187.928932995646,-182.5,67.5000005960464));
#2668=CARTESIAN_POINT('',(195.000001018246,-202.5,70.));
#2669=CARTESIAN_POINT('',(195.000001018246,-182.5,70.));
#2670=CARTESIAN_POINT('Origin',(187.928932995646,-202.5,67.5000005960464));
#2671=CARTESIAN_POINT('Origin',(152.0710680226,-202.5,67.5000005960464));
#2672=CARTESIAN_POINT('',(137.130170265709,-210.,66.1697471547277));
#2673=CARTESIAN_POINT('Ctrl Pts',(137.130170265709,-210.,66.1697471547277));
#2674=CARTESIAN_POINT('Ctrl Pts',(137.323558852798,-210.,66.4164242412889));
#2675=CARTESIAN_POINT('Ctrl Pts',(137.52869543184,-209.990822946418,66.6541923569043));
#2676=CARTESIAN_POINT('Ctrl Pts',(138.432946004707,-209.907322591353,67.6074576186338));
#2677=CARTESIAN_POINT('Ctrl Pts',(139.213515922026,-209.738209184673,68.2102680092812));
#2678=CARTESIAN_POINT('Ctrl Pts',(140.777193860833,-209.121174134307,69.1050925921962));
#2679=CARTESIAN_POINT('Ctrl Pts',(141.522234227214,-208.711296952986,69.4032202128034));
#2680=CARTESIAN_POINT('Ctrl Pts',(142.884265389872,-207.625745213584,69.7986823396364));
#2681=CARTESIAN_POINT('Ctrl Pts',(143.473848306308,-206.97866000834,69.8938247086587));
#2682=CARTESIAN_POINT('Ctrl Pts',(144.411323274865,-205.462610617057,69.9940517412644));
#2683=CARTESIAN_POINT('Ctrl Pts',(144.737011443995,-204.61377185252,69.9977663935814));
#2684=CARTESIAN_POINT('Ctrl Pts',(144.964524515709,-203.317993204523,70.000189225762));
#2685=CARTESIAN_POINT('Ctrl Pts',(145.,-202.90890978545,70.));
#2686=CARTESIAN_POINT('Ctrl Pts',(145.,-202.500000000002,70.));
#2687=CARTESIAN_POINT('',(152.0710680226,-210.,52.5000005960464));
#2688=CARTESIAN_POINT('Origin',(152.0710680226,-202.5,52.5000005960464));
#2689=CARTESIAN_POINT('Origin',(152.0710680226,-210.,67.5000005960464));
#2690=CARTESIAN_POINT('Origin',(205.000001527369,-202.5,52.5000005960464));
#2691=CARTESIAN_POINT('',(187.928932995646,-210.,52.5000005960464));
#2692=CARTESIAN_POINT('Origin',(187.928932995646,-202.5,52.5000005960464));
#2693=CARTESIAN_POINT('',(205.000001527369,-210.,52.5000005960464));
#2694=CARTESIAN_POINT('Origin',(187.928932995646,-202.5,67.5000005960464));
#2695=CARTESIAN_POINT('',(202.86983064869,-210.,66.169745988364));
#2696=CARTESIAN_POINT('Ctrl Pts',(195.000001018246,-202.499999999998,70.));
#2697=CARTESIAN_POINT('Ctrl Pts',(195.000001018246,-203.007128766405,70.));
#2698=CARTESIAN_POINT('Ctrl Pts',(195.054575625669,-203.513990502995,70.0004439636318));
#2699=CARTESIAN_POINT('Ctrl Pts',(195.360964099755,-204.913662700806,69.9954352100901));
#2700=CARTESIAN_POINT('Ctrl Pts',(195.732527737262,-205.7631837865,69.9869310739159));
#2701=CARTESIAN_POINT('Ctrl Pts',(196.772591486447,-207.27765738795,69.8555581643261));
#2702=CARTESIAN_POINT('Ctrl Pts',(197.420976132509,-207.915727411633,69.7324720516223));
#2703=CARTESIAN_POINT('Ctrl Pts',(198.878657102721,-208.951775637977,69.2494855475798));
#2704=CARTESIAN_POINT('Ctrl Pts',(199.653982016758,-209.323689868712,68.8966312287591));
#2705=CARTESIAN_POINT('Ctrl Pts',(201.228755910881,-209.849408553426,67.8834564869588));
#2706=CARTESIAN_POINT('Ctrl Pts',(201.989021310227,-209.972414843654,67.2236636047858));
#2707=CARTESIAN_POINT('Ctrl Pts',(202.720203452148,-209.99865547232,66.3571117006567));
#2708=CARTESIAN_POINT('Ctrl Pts',(202.795894285995,-210.,66.2640556494576));
#2709=CARTESIAN_POINT('Ctrl Pts',(202.86983064869,-210.,66.169745988364));
#2710=CARTESIAN_POINT('Origin',(187.928932995646,-210.,67.5000005960464));
#2711=CARTESIAN_POINT('Origin',(145.,-152.5,60.));
#2712=CARTESIAN_POINT('',(135.,-210.,60.0000005960464));
#2713=CARTESIAN_POINT('Origin',(145.,-210.,60.));
#2714=CARTESIAN_POINT('',(135.,-220.,60.));
#2715=CARTESIAN_POINT('',(135.,-152.5,60.));
#2716=CARTESIAN_POINT('',(145.,-210.,70.));
#2717=CARTESIAN_POINT('Origin',(145.,-210.,60.));
#2718=CARTESIAN_POINT('',(145.,-152.5,70.));
#2719=CARTESIAN_POINT('Origin',(145.,-152.5,60.));
#2720=CARTESIAN_POINT('',(145.,-160.,70.));
#2721=CARTESIAN_POINT('',(135.,-150.,60.));
#2722=CARTESIAN_POINT('Origin',(145.,-160.,60.));
#2723=CARTESIAN_POINT('',(135.,-160.,60.0000005960464));
#2724=CARTESIAN_POINT('',(135.,-152.5,60.));
#2725=CARTESIAN_POINT('Origin',(145.,-160.,60.));
#2726=CARTESIAN_POINT('',(145.,-152.5,70.));
#2727=CARTESIAN_POINT('Origin',(145.000002011657,-170.,20.0000001490116));
#2728=CARTESIAN_POINT('',(145.000002011657,-160.,20.0000001490116));
#2729=CARTESIAN_POINT('',(135.000002011657,-160.,2.67949207332284));
#2730=CARTESIAN_POINT('Ctrl Pts',(135.000002011657,-160.,2.67949207332284));
#2731=CARTESIAN_POINT('Ctrl Pts',(135.000002011657,-160.,3.95387918270067));
#2732=CARTESIAN_POINT('Ctrl Pts',(135.194545292971,-160.,5.33048988971373));
#2733=CARTESIAN_POINT('Ctrl Pts',(135.945813320225,-160.,7.99058547825532));
#2734=CARTESIAN_POINT('Ctrl Pts',(136.499691119905,-160.,9.27487357608354));
#2735=CARTESIAN_POINT('Ctrl Pts',(138.032267539472,-160.,12.1224095808179));
#2736=CARTESIAN_POINT('Ctrl Pts',(139.289389694424,-160.,13.8514355375031));
#2737=CARTESIAN_POINT('Ctrl Pts',(142.086592138096,-160.,17.0922467891968));
#2738=CARTESIAN_POINT('Ctrl Pts',(143.614510901252,-160.,18.6145090386068));
#2739=CARTESIAN_POINT('Ctrl Pts',(145.000002011657,-160.,20.0000001490116));
#2740=CARTESIAN_POINT('',(135.000002011657,-170.,0.));
#2741=CARTESIAN_POINT('Origin',(135.000002011657,-170.,20.0000001490116));
#2742=CARTESIAN_POINT('',(145.000002011657,-170.,10.0000001490116));
#2743=CARTESIAN_POINT('Origin',(145.000002011657,-170.,1.49011608607807E-7));
#2744=CARTESIAN_POINT('Origin',(145.000002011657,-170.,20.0000001490116));
#2745=CARTESIAN_POINT('Origin',(145.000002011657,-160.,1.49011611938477E-7));
#2746=CARTESIAN_POINT('',(135.000002011657,-200.,1.49011611938477E-7));
#2747=CARTESIAN_POINT('',(135.000002011657,-160.,0.));
#2748=CARTESIAN_POINT('',(145.000002011657,-200.,10.0000001490116));
#2749=CARTESIAN_POINT('Origin',(145.000002011657,-200.,1.49011611938477E-7));
#2750=CARTESIAN_POINT('',(145.000002011657,-160.,10.0000001490116));
#2751=CARTESIAN_POINT('Origin',(145.000002011657,-200.,20.0000001490116));
#2752=CARTESIAN_POINT('',(145.000002011657,-210.,20.0000001490116));
#2753=CARTESIAN_POINT('',(135.000002011657,-210.,2.67949207332284));
#2754=CARTESIAN_POINT('Ctrl Pts',(145.000002011657,-210.,20.0000001490116));
#2755=CARTESIAN_POINT('Ctrl Pts',(143.614510901252,-210.,18.6145090386068));
#2756=CARTESIAN_POINT('Ctrl Pts',(142.086592138096,-210.,17.0922467891968));
#2757=CARTESIAN_POINT('Ctrl Pts',(139.289389694424,-210.,13.8514355375031));
#2758=CARTESIAN_POINT('Ctrl Pts',(138.032267539472,-210.,12.1224095808179));
#2759=CARTESIAN_POINT('Ctrl Pts',(136.499691119905,-210.,9.27487357608355));
#2760=CARTESIAN_POINT('Ctrl Pts',(135.945813320225,-210.,7.99058547825533));
#2761=CARTESIAN_POINT('Ctrl Pts',(135.194545292971,-210.,5.33048988971374));
#2762=CARTESIAN_POINT('Ctrl Pts',(135.000002011657,-210.,3.95387918270067));
#2763=CARTESIAN_POINT('Ctrl Pts',(135.000002011657,-210.,2.67949207332284));
#2764=CARTESIAN_POINT('Origin',(145.000002011657,-200.,20.0000001490116));
#2765=CARTESIAN_POINT('Origin',(135.000002011657,-200.,20.0000001490116));
#2766=CARTESIAN_POINT('Origin',(135.000002011657,-160.,10.0000001490116));
#2767=CARTESIAN_POINT('',(135.000002011657,-160.,0.));
#2768=CARTESIAN_POINT('',(135.000002011657,-160.,5.00000007450581));
#2769=CARTESIAN_POINT('',(135.000002011657,-160.,0.));
#2770=CARTESIAN_POINT('Origin',(135.000002011657,-160.,10.0000001490116));
#2771=CARTESIAN_POINT('',(135.000002011657,-210.,0.));
#2772=CARTESIAN_POINT('',(135.000002011657,-160.,0.));
#2773=CARTESIAN_POINT('',(135.000002011657,-210.,5.00000007450581));
#2774=CARTESIAN_POINT('Origin',(205.,-200.,20.0000001490116));
#2775=CARTESIAN_POINT('',(195.,-210.,20.0000001490116));
#2776=CARTESIAN_POINT('',(205.,-210.,20.0000001490116));
#2777=CARTESIAN_POINT('',(195.,-200.,10.0000001490116));
#2778=CARTESIAN_POINT('Origin',(195.,-200.,20.0000001490116));
#2779=CARTESIAN_POINT('',(205.,-200.,10.0000001490116));
#2780=CARTESIAN_POINT('Origin',(195.,-200.,1.49011611938477E-7));
#2781=CARTESIAN_POINT('',(205.,-210.,17.3205082247004));
#2782=CARTESIAN_POINT('',(205.,-200.,0.));
#2783=CARTESIAN_POINT('Ctrl Pts',(205.,-210.,17.3205082247004));
#2784=CARTESIAN_POINT('Ctrl Pts',(205.,-210.,16.0461211153225));
#2785=CARTESIAN_POINT('Ctrl Pts',(205.,-209.805456718686,14.6695104083095));
#2786=CARTESIAN_POINT('Ctrl Pts',(205.,-209.054188691432,12.0094148197679));
#2787=CARTESIAN_POINT('Ctrl Pts',(205.,-208.500310891752,10.7251267219397));
#2788=CARTESIAN_POINT('Ctrl Pts',(205.,-206.967734472184,7.87759071720534));
#2789=CARTESIAN_POINT('Ctrl Pts',(205.,-205.710612317232,6.14856476052013));
#2790=CARTESIAN_POINT('Ctrl Pts',(205.,-202.913409873561,2.90775350882638));
#2791=CARTESIAN_POINT('Ctrl Pts',(205.,-201.385491110405,1.38549125941639));
#2792=CARTESIAN_POINT('Ctrl Pts',(205.,-200.,1.49011611938477E-7));
#2793=CARTESIAN_POINT('Origin',(195.,-200.,1.49011611938477E-7));
#2794=CARTESIAN_POINT('Origin',(195.,-210.,1.49011611938477E-7));
#2795=CARTESIAN_POINT('Origin',(205.,-210.,0.));
#2796=CARTESIAN_POINT('',(205.000003054738,-210.,60.0000005960464));
#2797=CARTESIAN_POINT('Origin',(195.,-210.,60.));
#2798=CARTESIAN_POINT('',(205.000003054738,-210.,50.0000005960464));
#2799=CARTESIAN_POINT('',(205.,-210.,20.));
#2800=CARTESIAN_POINT('',(205.000003054738,-210.,40.0000005960464));
#2801=CARTESIAN_POINT('',(205.,-210.,20.));
#2802=CARTESIAN_POINT('',(205.,-210.,20.));
#2803=CARTESIAN_POINT('',(-100.,-210.,0.));
#2804=CARTESIAN_POINT('',(205.,-210.,0.));
#2805=CARTESIAN_POINT('',(-100.,-210.,20.));
#2806=CARTESIAN_POINT('',(-100.,-210.,0.));
#2807=CARTESIAN_POINT('',(135.,-210.,20.));
#2808=CARTESIAN_POINT('',(91.25,-210.,20.));
#2809=CARTESIAN_POINT('',(135.,-210.,20.));
#2810=CARTESIAN_POINT('Origin',(77.5,-170.,20.0000001490116));
#2811=CARTESIAN_POINT('',(195.,-170.,10.0000001490116));
#2812=CARTESIAN_POINT('',(77.5,-170.,10.0000001490116));
#2813=CARTESIAN_POINT('',(195.,-160.,20.0000001490116));
#2814=CARTESIAN_POINT('Origin',(195.,-170.,20.0000001490116));
#2815=CARTESIAN_POINT('',(77.5,-160.,20.0000001490116));
#2816=CARTESIAN_POINT('Origin',(195.,-170.,1.49011611938477E-7));
#2817=CARTESIAN_POINT('',(205.,-170.,0.));
#2818=CARTESIAN_POINT('',(205.,-160.,17.3205082247004));
#2819=CARTESIAN_POINT('Ctrl Pts',(205.,-170.,1.49011611938477E-7));
#2820=CARTESIAN_POINT('Ctrl Pts',(205.,-168.614508889595,1.38549125941639));
#2821=CARTESIAN_POINT('Ctrl Pts',(205.,-167.086590126439,2.90775350882637));
#2822=CARTESIAN_POINT('Ctrl Pts',(205.,-164.289387682768,6.14856476052013));
#2823=CARTESIAN_POINT('Ctrl Pts',(205.,-163.032265527816,7.87759071720534));
#2824=CARTESIAN_POINT('Ctrl Pts',(205.,-161.499689108248,10.7251267219397));
#2825=CARTESIAN_POINT('Ctrl Pts',(205.,-160.945811308568,12.0094148197679));
#2826=CARTESIAN_POINT('Ctrl Pts',(205.,-160.194543281314,14.6695104083095));
#2827=CARTESIAN_POINT('Ctrl Pts',(205.,-160.,16.0461211153226));
#2828=CARTESIAN_POINT('Ctrl Pts',(205.,-160.,17.3205082247004));
#2829=CARTESIAN_POINT('Origin',(195.,-160.,1.49011611938477E-7));
#2830=CARTESIAN_POINT('Origin',(195.,-170.,1.49011611938477E-7));
#2831=CARTESIAN_POINT('Origin',(195.,-160.,1.49011611938477E-7));
#2832=CARTESIAN_POINT('',(205.,-220.,0.));
#2833=CARTESIAN_POINT('',(195.,-160.,10.0000001490116));
#2834=CARTESIAN_POINT('Origin',(205.,-160.,10.0000001490116));
#2835=CARTESIAN_POINT('Origin',(-50.,-160.,0.));
#2836=CARTESIAN_POINT('',(135.,-160.,20.));
#2837=CARTESIAN_POINT('',(135.,-160.,30.0000002980232));
#2838=CARTESIAN_POINT('',(-50.,-160.,20.));
#2839=CARTESIAN_POINT('',(-36.25,-160.,20.));
#2840=CARTESIAN_POINT('',(-50.,-160.,0.));
#2841=CARTESIAN_POINT('',(-50.,-160.,0.));
#2842=CARTESIAN_POINT('',(205.,-160.,0.));
#2843=CARTESIAN_POINT('',(205.000003054738,-160.,40.0000005960464));
#2844=CARTESIAN_POINT('',(205.,-160.,25.));
#2845=CARTESIAN_POINT('',(205.000003054738,-160.,50.0000005960464));
#2846=CARTESIAN_POINT('',(205.,-160.,25.));
#2847=CARTESIAN_POINT('',(205.000003054738,-160.,60.0000005960464));
#2848=CARTESIAN_POINT('',(205.,-160.,25.));
#2849=CARTESIAN_POINT('Origin',(195.000001018246,-160.,60.));
#2850=CARTESIAN_POINT('Origin',(205.,-160.,0.));
#2851=CARTESIAN_POINT('',(205.,-150.,0.));
#2852=CARTESIAN_POINT('',(205.,-220.,0.));
#2853=CARTESIAN_POINT('',(205.,-150.,60.));
#2854=CARTESIAN_POINT('',(205.,-150.,0.));
#2855=CARTESIAN_POINT('',(205.,-157.5,60.));
#2856=CARTESIAN_POINT('Origin',(187.5,-160.,60.));
#2857=CARTESIAN_POINT('',(195.,-160.,70.));
#2858=CARTESIAN_POINT('',(187.5,-160.,70.));
#2859=CARTESIAN_POINT('Origin',(195.,-160.,60.));
#2860=CARTESIAN_POINT('',(187.5,-150.,60.));
#2861=CARTESIAN_POINT('Origin',(195.,-157.5,60.));
#2862=CARTESIAN_POINT('',(195.,-210.,70.));
#2863=CARTESIAN_POINT('',(205.,-220.,60.));
#2864=CARTESIAN_POINT('Origin',(195.,-210.,60.));
#2865=CARTESIAN_POINT('',(205.,-157.5,60.));
#2866=CARTESIAN_POINT('',(195.000001018246,-182.5,70.));
#2867=CARTESIAN_POINT('Origin',(195.,-157.5,60.));
#2868=CARTESIAN_POINT('',(195.000001018246,-182.5,70.));
#2869=CARTESIAN_POINT('Origin',(37.5,-210.,60.));
#2870=CARTESIAN_POINT('',(37.5,-220.,60.));
#2871=CARTESIAN_POINT('',(37.5,-210.,70.));
#2872=CARTESIAN_POINT('Origin',(205.,-150.,0.));
#2873=CARTESIAN_POINT('',(-50.,-150.,0.));
#2874=CARTESIAN_POINT('',(-50.,-150.,0.));
#2875=CARTESIAN_POINT('',(-50.,-150.,20.));
#2876=CARTESIAN_POINT('',(-50.,-150.,0.));
#2877=CARTESIAN_POINT('',(135.,-150.,20.));
#2878=CARTESIAN_POINT('',(91.25,-150.,20.));
#2879=CARTESIAN_POINT('',(135.,-150.,20.));
#2880=CARTESIAN_POINT('Origin',(135.,-150.,20.));
#2881=CARTESIAN_POINT('',(135.,-220.,20.));
#2882=CARTESIAN_POINT('',(135.,-105.,20.));
#2883=CARTESIAN_POINT('',(135.,-220.,20.));
#2884=CARTESIAN_POINT('Origin',(205.,-160.,0.));
#2885=CARTESIAN_POINT('',(205.,-220.,0.));
#2886=CARTESIAN_POINT('',(205.,-220.,20.));
#2887=CARTESIAN_POINT('',(205.,-220.,0.));
#2888=CARTESIAN_POINT('Origin',(170.,-155.,70.));
#2889=CARTESIAN_POINT('Origin',(135.,-150.,20.));
#2890=CARTESIAN_POINT('',(135.,-75.,20.));
#2891=CARTESIAN_POINT('Origin',(-250.,-110.532742267156,37.7981960153279));
#2892=CARTESIAN_POINT('',(-259.225205168927,-110.532742267156,37.7981960153279));
#2893=CARTESIAN_POINT('',(-256.908192199543,-107.440934466699,73.1377208846347));
#2894=CARTESIAN_POINT('Origin',(552.5,-113.636360271125,2.32367990216259));
#2895=CARTESIAN_POINT('',(-250.095359363824,-110.532742267156,37.7981960153279));
#2896=CARTESIAN_POINT('',(-250.,-110.532742267156,37.7981960153279));
#2897=CARTESIAN_POINT('',(-250.380530190826,-110.15221207633,42.1476759992435));
#2898=CARTESIAN_POINT('Origin',(-350.,-110.91472602149,33.4321017244777));
#2899=CARTESIAN_POINT('',(-254.374433176296,-106.158309090859,87.7981960153279));
#2900=CARTESIAN_POINT('',(-251.884714350517,-108.648027916639,59.3405796174991));
#2901=CARTESIAN_POINT('',(-255.625566823704,-106.158309090859,87.7981960153279));
#2902=CARTESIAN_POINT('',(-250.,-106.158309090859,87.7981960153279));
#2903=CARTESIAN_POINT('',(-259.96230571299,-110.495047980145,38.2290436873713));
#2904=CARTESIAN_POINT('Origin',(-250.095359363824,-250.,50.));
#2905=CARTESIAN_POINT('',(-250.095359363824,-250.,50.));
#2906=CARTESIAN_POINT('',(-259.225205168927,-250.,50.));
#2907=CARTESIAN_POINT('',(-250.,-250.,50.));
#2908=CARTESIAN_POINT('',(-250.095359363824,-250.,50.));
#2909=CARTESIAN_POINT('',(-259.225205168927,-250.,50.));
#2910=CARTESIAN_POINT('Ctrl Pts',(-250.380530190826,-249.619469809174,54.3494799839156));
#2911=CARTESIAN_POINT('Ctrl Pts',(-250.190537032746,-249.809462967254,52.1778482499053));
#2912=CARTESIAN_POINT('Ctrl Pts',(-250.095359363824,-250.,50.));
#2913=CARTESIAN_POINT('Ctrl Pts',(-250.380530190825,-110.15221207633,42.1476759992435));
#2914=CARTESIAN_POINT('Ctrl Pts',(-250.190537032746,-110.342205234409,39.9760442652332));
#2915=CARTESIAN_POINT('Ctrl Pts',(-250.095359363824,-110.532742267156,37.7981960153279));
#2916=CARTESIAN_POINT('',(-250.380530190826,-249.619469809174,54.3494799839156));
#2917=CARTESIAN_POINT('Origin',(-350.,-250.381983754335,45.6339057091498));
#2918=CARTESIAN_POINT('',(-250.380530190826,-249.619469809174,54.3494799839156));
#2919=CARTESIAN_POINT('Origin',(-254.374433176296,-245.625566823704,100.));
#2920=CARTESIAN_POINT('',(-254.374433176296,-245.625566823704,100.));
#2921=CARTESIAN_POINT('',(-251.884714350517,-248.115285649483,71.5423836021712));
#2922=CARTESIAN_POINT('',(-254.374433176296,-245.625566823704,100.));
#2923=CARTESIAN_POINT('Origin',(-255.625566823704,-245.625566823704,100.));
#2924=CARTESIAN_POINT('',(-255.625566823704,-245.625566823704,100.));
#2925=CARTESIAN_POINT('',(-250.,-245.625566823704,100.));
#2926=CARTESIAN_POINT('',(-255.625566823704,-245.625566823704,100.));
#2927=CARTESIAN_POINT('Origin',(-256.908192199543,-246.908192199543,85.3395248693068));
#2928=CARTESIAN_POINT('',(-256.908192199543,-246.908192199543,85.3395248693068));
#2929=CARTESIAN_POINT('',(-259.96230571299,-249.96230571299,50.4308476720434));
#2930=CARTESIAN_POINT('',(-256.908192199543,-246.908192199543,85.3395248693068));
#2931=CARTESIAN_POINT('Ctrl Pts',(-259.225205168927,-250.,49.9999999999996));
#2932=CARTESIAN_POINT('Ctrl Pts',(-258.451886608935,-248.451886608935,67.695017030477));
#2933=CARTESIAN_POINT('Ctrl Pts',(-256.908192199543,-246.908192199543,85.3395248693068));
#2934=CARTESIAN_POINT('Ctrl Pts',(-259.225205168927,-110.532742267156,37.7981960153275));
#2935=CARTESIAN_POINT('Ctrl Pts',(-258.451886608935,-108.984628876091,55.4932130458049));
#2936=CARTESIAN_POINT('Ctrl Pts',(-256.908192199543,-107.440934466699,73.1377208846347));
#2937=CARTESIAN_POINT('Origin',(552.5,-253.10361800397,14.5254838868347));
#2938=CARTESIAN_POINT('Origin',(-222.159390706242,-125.,37.5));
#2939=CARTESIAN_POINT('',(-222.159390706242,-250.,0.));
#2940=CARTESIAN_POINT('',(-259.642909611383,-250.,38.611670134508));
#2941=CARTESIAN_POINT('Origin',(-222.159390706242,-250.,37.5));
#2942=CARTESIAN_POINT('',(-259.642909611383,250.,38.611670134508));
#2943=CARTESIAN_POINT('',(-259.642909611383,-125.,38.611670134508));
#2944=CARTESIAN_POINT('',(-222.159390706242,250.,0.));
#2945=CARTESIAN_POINT('Origin',(-222.159390706242,250.,37.5));
#2946=CARTESIAN_POINT('',(-222.159390706242,225.,0.));
#2947=CARTESIAN_POINT('',(-222.159390706242,-125.,0.));
#2948=CARTESIAN_POINT('',(-225.,225.,0.107742260727086));
#2949=CARTESIAN_POINT('Origin',(-222.159390706242,225.,37.5));
#2950=CARTESIAN_POINT('',(-225.,-225.,0.107742260727086));
#2951=CARTESIAN_POINT('',(-225.,-125.,0.107742260727086));
#2952=CARTESIAN_POINT('',(-222.159390706242,-225.,0.));
#2953=CARTESIAN_POINT('Origin',(-222.159390706242,-225.,37.5));
#2954=CARTESIAN_POINT('',(-222.159390706242,-125.,0.));
#2955=CARTESIAN_POINT('Origin',(-225.,225.,0.));
#2956=CARTESIAN_POINT('',(-135.,225.,0.));
#2957=CARTESIAN_POINT('',(-125.,225.,0.));
#2958=CARTESIAN_POINT('',(-135.,225.,20.));
#2959=CARTESIAN_POINT('',(-135.,225.,0.));
#2960=CARTESIAN_POINT('',(-225.,225.,20.));
#2961=CARTESIAN_POINT('',(-123.75,225.,20.));
#2962=CARTESIAN_POINT('',(-225.,225.,0.));
#2963=CARTESIAN_POINT('Origin',(-22.5,0.,0.));
#2964=CARTESIAN_POINT('',(-140.,250.,0.));
#2965=CARTESIAN_POINT('',(-157.193536249588,250.,0.));
#2966=CARTESIAN_POINT('',(-120.,230.,0.));
#2967=CARTESIAN_POINT('',(-140.,250.,0.));
#2968=CARTESIAN_POINT('',(350.,230.,0.));
#2969=CARTESIAN_POINT('',(-120.,230.,0.));
#2970=CARTESIAN_POINT('',(350.,215.,0.));
#2971=CARTESIAN_POINT('',(350.,230.,0.));
#2972=CARTESIAN_POINT('',(-125.,-75.,0.));
#2973=CARTESIAN_POINT('',(350.000005215406,215.00000320375,0.));
#2974=CARTESIAN_POINT('',(-125.,-75.,0.));
#2975=CARTESIAN_POINT('',(-95.,-220.,0.));
#2976=CARTESIAN_POINT('',(-95.,-220.,0.));
#2977=CARTESIAN_POINT('',(-100.,-225.,0.));
#2978=CARTESIAN_POINT('',(-100.,-225.,0.));
#2979=CARTESIAN_POINT('',(-100.,-250.,0.));
#2980=CARTESIAN_POINT('',(-100.,-225.,0.));
#2981=CARTESIAN_POINT('',(-250.,-250.,0.));
#2982=CARTESIAN_POINT('',(-109.520852655861,-225.,0.));
#2983=CARTESIAN_POINT('',(-225.,-225.,0.));
#2984=CARTESIAN_POINT('',(-100.,-210.,0.));
#2985=CARTESIAN_POINT('',(-130.,-75.,0.));
#2986=CARTESIAN_POINT('',(-50.,-160.,0.));
#2987=CARTESIAN_POINT('',(-130.,220.,0.));
#2988=CARTESIAN_POINT('',(-130.,-75.,0.));
#2989=CARTESIAN_POINT('',(-125.,215.,0.));
#2990=CARTESIAN_POINT('',(65.,215.,0.));
#2991=CARTESIAN_POINT('',(-125.,215.,0.));
#2992=CARTESIAN_POINT('',(350.,215.,0.));
#2993=CARTESIAN_POINT('',(-125.000001862645,10.0000001490116,0.));
#2994=CARTESIAN_POINT('',(-125.,215.,0.));
#2995=CARTESIAN_POINT('',(65.,215.,0.));
#2996=CARTESIAN_POINT('',(250.,215.,0.));
#2997=CARTESIAN_POINT('',(-125.,-70.,0.));
#2998=CARTESIAN_POINT('',(250.,215.,0.));
#2999=CARTESIAN_POINT('',(340.,215.,0.));
#3000=CARTESIAN_POINT('',(-125.,-70.,0.));
#3001=CARTESIAN_POINT('',(350.,215.,0.));
#3002=CARTESIAN_POINT('',(-125.,0.,0.));
#3003=CARTESIAN_POINT('',(75.,215.,0.));
#3004=CARTESIAN_POINT('',(-125.,0.,0.));
#3005=CARTESIAN_POINT('',(-125.000001862645,-67.0000009983778,0.));
#3006=CARTESIAN_POINT('',(-125.,215.,0.));
#3007=CARTESIAN_POINT('',(240.675487190546,215.,0.));
#3008=CARTESIAN_POINT('',(-125.000001862645,-67.0000009983778,0.));
#3009=CARTESIAN_POINT('',(350.,215.,0.));
#3010=CARTESIAN_POINT('Origin',(-150.,250.,0.));
#3011=CARTESIAN_POINT('',(-259.225205168927,250.,50.));
#3012=CARTESIAN_POINT('Origin',(552.5,250.,14.5254838868347));
#3013=CARTESIAN_POINT('',(-250.095359363824,250.,50.));
#3014=CARTESIAN_POINT('',(-250.,250.,50.));
#3015=CARTESIAN_POINT('',(-250.,250.,45.6339057091498));
#3016=CARTESIAN_POINT('Origin',(-350.,250.,45.6339057091498));
#3017=CARTESIAN_POINT('',(-250.,250.,20.));
#3018=CARTESIAN_POINT('',(-250.,250.,50.));
#3019=CARTESIAN_POINT('',(-140.,250.,20.));
#3020=CARTESIAN_POINT('',(-86.25,250.,20.));
#3021=CARTESIAN_POINT('',(-140.,250.,0.));
#3022=CARTESIAN_POINT('Origin',(552.5,-125.,14.5254838868347));
#3023=CARTESIAN_POINT('Origin',(552.5,-250.,14.5254838868347));
#3024=CARTESIAN_POINT('',(-256.908192199543,246.908192199543,85.3395248693068));
#3025=CARTESIAN_POINT('',(-256.908192199543,-125.,85.3395248693067));
#3026=CARTESIAN_POINT('Origin',(552.5,253.10361800397,14.5254838868347));
#3027=CARTESIAN_POINT('Origin',(-260.,250.,50.));
#3028=CARTESIAN_POINT('',(-255.625566823704,245.625566823704,100.));
#3029=CARTESIAN_POINT('',(-258.115285649483,248.115285649483,71.5423836021712));
#3030=CARTESIAN_POINT('',(-254.374433176296,245.625566823704,100.));
#3031=CARTESIAN_POINT('',(-250.,245.625566823704,100.));
#3032=CARTESIAN_POINT('',(-250.380530190826,249.619469809174,54.3494799839156));
#3033=CARTESIAN_POINT('',(-250.03769428701,249.96230571299,50.4308476720434));
#3034=CARTESIAN_POINT('Origin',(-350.,250.381983754335,45.6339057091498));
#3035=CARTESIAN_POINT('Origin',(-260.,-250.,50.));
#3036=CARTESIAN_POINT('',(-255.625566823704,-250.,100.));
#3037=CARTESIAN_POINT('Origin',(-350.,125.,45.6339057091498));
#3038=CARTESIAN_POINT('',(-250.380530190826,125.,54.3494799839156));
#3039=CARTESIAN_POINT('',(-250.,-250.,45.6339057091498));
#3040=CARTESIAN_POINT('Origin',(-350.,-250.,45.6339057091498));
#3041=CARTESIAN_POINT('',(-250.,125.,45.6339057091498));
#3042=CARTESIAN_POINT('Origin',(-250.,0.,25.));
#3043=CARTESIAN_POINT('',(-250.,-250.,20.));
#3044=CARTESIAN_POINT('',(-250.,-250.,0.));
#3045=CARTESIAN_POINT('',(-250.,125.,20.));
#3046=CARTESIAN_POINT('Origin',(-250.,250.,50.));
#3047=CARTESIAN_POINT('',(-254.374433176296,-250.,100.));
#3048=CARTESIAN_POINT('Origin',(-250.,-250.,100.));
#3049=CARTESIAN_POINT('Origin',(-22.5,0.,20.));
#3050=CARTESIAN_POINT('',(-109.520852655861,-225.,20.));
#3051=CARTESIAN_POINT('',(-41.365128022438,-117.621395745269,20.));
#3052=CARTESIAN_POINT('',(-225.,-225.,20.));
#3053=CARTESIAN_POINT('',(-66.0104263279307,-225.,20.));
#3054=CARTESIAN_POINT('',(-225.,-112.5,20.));
#3055=CARTESIAN_POINT('',(-130.,220.,20.));
#3056=CARTESIAN_POINT('',(-50.625,140.625,20.));
#3057=CARTESIAN_POINT('',(-130.,-75.,20.));
#3058=CARTESIAN_POINT('',(-130.,110.,20.));
#3059=CARTESIAN_POINT('',(-123.467889908257,-81.9403669724771,20.));
#3060=CARTESIAN_POINT('',(-125.,-75.,20.));
#3061=CARTESIAN_POINT('',(-80.625,-119.375,20.));
#3062=CARTESIAN_POINT('',(350.,215.,20.));
#3063=CARTESIAN_POINT('',(-70.9878723069335,-42.024174669372,20.));
#3064=CARTESIAN_POINT('',(350.,225.,20.));
#3065=CARTESIAN_POINT('',(350.,107.5,20.));
#3066=CARTESIAN_POINT('',(305.,225.,20.));
#3067=CARTESIAN_POINT('',(141.25,225.,20.));
#3068=CARTESIAN_POINT('',(305.,230.,20.));
#3069=CARTESIAN_POINT('',(305.,115.,20.));
#3070=CARTESIAN_POINT('',(163.75,230.,20.));
#3071=CARTESIAN_POINT('',(-120.,230.,20.));
#3072=CARTESIAN_POINT('',(163.75,230.,20.));
#3073=CARTESIAN_POINT('',(-38.125,148.125,20.));
#3074=CARTESIAN_POINT('',(-100.,-250.,20.));
#3075=CARTESIAN_POINT('',(-136.25,-250.,20.));
#3076=CARTESIAN_POINT('',(-100.,-225.,20.));
#3077=CARTESIAN_POINT('',(-100.,-125.,20.));
#3078=CARTESIAN_POINT('',(-95.,-220.,20.));
#3079=CARTESIAN_POINT('',(-24.375,-149.375,20.));
#3080=CARTESIAN_POINT('',(-58.75,-220.,20.));
#3081=CARTESIAN_POINT('',(-125.000001862645,10.0000001490116,20.));
#3082=CARTESIAN_POINT('',(65.,215.,20.));
#3083=CARTESIAN_POINT('',(-8.81120027182701,135.361600545328,20.));
#3084=CARTESIAN_POINT('',(-125.,215.,20.));
#3085=CARTESIAN_POINT('',(-125.,-37.5,20.));
#3086=CARTESIAN_POINT('',(-73.75,215.,20.));
#3087=CARTESIAN_POINT('',(240.675487190546,215.,20.));
#3088=CARTESIAN_POINT('',(75.,215.,20.));
#3089=CARTESIAN_POINT('',(-73.75,215.,20.));
#3090=CARTESIAN_POINT('',(-125.000001862645,-67.0000009983778,20.));
#3091=CARTESIAN_POINT('',(106.175244876004,111.276699963705,20.));
#3092=CARTESIAN_POINT('',(-125.,0.,20.));
#3093=CARTESIAN_POINT('',(-125.,-37.5,20.));
#3094=CARTESIAN_POINT('',(-101.224992751522,25.5581327921137,20.));
#3095=CARTESIAN_POINT('',(340.,215.,20.));
#3096=CARTESIAN_POINT('',(250.,215.,20.));
#3097=CARTESIAN_POINT('',(-73.75,215.,20.));
#3098=CARTESIAN_POINT('',(-125.,-70.,20.));
#3099=CARTESIAN_POINT('',(160.348903177005,104.891263237519,20.));
#3100=CARTESIAN_POINT('',(-75.6528904665314,-32.4961967545639,20.));
#3101=CARTESIAN_POINT('Origin',(340.,215.,0.));
#3102=CARTESIAN_POINT('',(340.,215.,0.));
#3103=CARTESIAN_POINT('',(-125.,-70.,0.));
#3104=CARTESIAN_POINT('Origin',(-125.,215.,0.));
#3105=CARTESIAN_POINT('',(250.,215.,0.));
#3106=CARTESIAN_POINT('Origin',(240.675487190546,215.,0.));
#3107=CARTESIAN_POINT('',(240.675487190546,215.,0.));
#3108=CARTESIAN_POINT('',(-125.,-66.9999995619514,0.));
#3109=CARTESIAN_POINT('Origin',(-125.,215.,0.));
#3110=CARTESIAN_POINT('',(75.,215.,0.));
#3111=CARTESIAN_POINT('Origin',(-125.,-75.,0.));
#3112=CARTESIAN_POINT('',(-125.,10.0000021587077,0.));
#3113=CARTESIAN_POINT('',(-125.,215.,0.));
#3114=CARTESIAN_POINT('Origin',(65.,215.,0.));
#3115=CARTESIAN_POINT('',(65.,215.,0.));
#3116=CARTESIAN_POINT('Origin',(-100.,-210.,0.));
#3117=CARTESIAN_POINT('',(-109.520852655861,-225.,0.));
#3118=CARTESIAN_POINT('Origin',(-95.,-220.,0.));
#3119=CARTESIAN_POINT('',(-95.,-220.,0.));
#3120=CARTESIAN_POINT('Origin',(-100.,-225.,0.));
#3121=CARTESIAN_POINT('',(-100.,-225.,0.));
#3122=CARTESIAN_POINT('Origin',(-100.,-250.,0.));
#3123=CARTESIAN_POINT('',(-100.,-250.,0.));
#3124=CARTESIAN_POINT('Origin',(-250.,-250.,0.));
#3125=CARTESIAN_POINT('Origin',(-120.,230.,0.));
#3126=CARTESIAN_POINT('',(-120.,230.,0.));
#3127=CARTESIAN_POINT('Origin',(350.,230.,0.));
#3128=CARTESIAN_POINT('',(305.,230.,100.));
#3129=CARTESIAN_POINT('',(305.,230.,25.));
#3130=CARTESIAN_POINT('',(350.,230.,100.));
#3131=CARTESIAN_POINT('',(350.,230.,100.));
#3132=CARTESIAN_POINT('',(350.,230.,0.));
#3133=CARTESIAN_POINT('Origin',(305.,225.,50.));
#3134=CARTESIAN_POINT('',(350.,225.,100.));
#3135=CARTESIAN_POINT('',(350.,225.,25.));
#3136=CARTESIAN_POINT('',(305.,225.,100.));
#3137=CARTESIAN_POINT('',(305.,225.,100.));
#3138=CARTESIAN_POINT('',(305.,225.,50.));
#3139=CARTESIAN_POINT('Origin',(305.,230.,50.));
#3140=CARTESIAN_POINT('',(305.,230.,100.));
#3141=CARTESIAN_POINT('Origin',(327.5,227.5,100.));
#3142=CARTESIAN_POINT('',(350.,225.,100.));
#3143=CARTESIAN_POINT('Origin',(-125.,0.,0.));
#3144=CARTESIAN_POINT('',(-125.,1.33226762955019E-14,0.));
#3145=CARTESIAN_POINT('Origin',(-125.,215.,0.));
#3146=CARTESIAN_POINT('Origin',(-125.,-75.,0.));
#3147=CARTESIAN_POINT('Origin',(-125.,-75.,0.));
#3148=CARTESIAN_POINT('',(-125.,-75.,0.));
#3149=CARTESIAN_POINT('',(350.,215.,0.));
#3150=CARTESIAN_POINT('Origin',(-125.,-70.,0.));
#3151=CARTESIAN_POINT('Origin',(-135.,225.,0.));
#3152=CARTESIAN_POINT('',(-130.,220.,0.));
#3153=CARTESIAN_POINT('Origin',(350.,215.,0.));
#3154=CARTESIAN_POINT('Origin',(-225.,-225.,0.));
#3155=CARTESIAN_POINT('',(-225.,-225.,0.));
#3156=CARTESIAN_POINT('Origin',(-109.520852655861,-225.,0.));
#3157=CARTESIAN_POINT('Origin',(-50.,-150.,0.));
#3158=CARTESIAN_POINT('Origin',(-130.,-75.,0.));
#3159=CARTESIAN_POINT('',(-130.,-75.,0.));
#3160=CARTESIAN_POINT('Origin',(-130.,220.,0.));
#3161=UNCERTAINTY_MEASURE_WITH_UNIT(LENGTH_MEASURE(0.01),#3165,
'DISTANCE_ACCURACY_VALUE',
'Maximum model space distance between geometric entities at asserted c
onnectivities');
#3162=UNCERTAINTY_MEASURE_WITH_UNIT(LENGTH_MEASURE(0.01),#3165,
'DISTANCE_ACCURACY_VALUE',
'Maximum model space distance between geometric entities at asserted c
onnectivities');
#3163=(
GEOMETRIC_REPRESENTATION_CONTEXT(3)
GLOBAL_UNCERTAINTY_ASSIGNED_CONTEXT((#3161))
GLOBAL_UNIT_ASSIGNED_CONTEXT((#3165,#3167,#3168))
REPRESENTATION_CONTEXT('','3D')
);
#3164=(
GEOMETRIC_REPRESENTATION_CONTEXT(3)
GLOBAL_UNCERTAINTY_ASSIGNED_CONTEXT((#3162))
GLOBAL_UNIT_ASSIGNED_CONTEXT((#3165,#3167,#3168))
REPRESENTATION_CONTEXT('','3D')
);
#3165=(
LENGTH_UNIT()
NAMED_UNIT(*)
SI_UNIT(.MILLI.,.METRE.)
);
#3166=(
LENGTH_UNIT()
NAMED_UNIT(*)
SI_UNIT($,.METRE.)
);
#3167=(
NAMED_UNIT(*)
PLANE_ANGLE_UNIT()
SI_UNIT($,.RADIAN.)
);
#3168=(
NAMED_UNIT(*)
SI_UNIT($,.STERADIAN.)
SOLID_ANGLE_UNIT()
);
#3169=SHAPE_DEFINITION_REPRESENTATION(#3170,#3171);
#3170=PRODUCT_DEFINITION_SHAPE('',$,#3173);
#3171=SHAPE_REPRESENTATION('',(#1839),#3163);
#3172=PRODUCT_DEFINITION_CONTEXT('part definition',#3177,'design');
#3173=PRODUCT_DEFINITION('(Unsaved)','(Unsaved)',#3174,#3172);
#3174=PRODUCT_DEFINITION_FORMATION('',$,#3179);
#3175=PRODUCT_RELATED_PRODUCT_CATEGORY('(Unsaved)','(Unsaved)',(#3179));
#3176=APPLICATION_PROTOCOL_DEFINITION('international standard',
'automotive_design',2009,#3177);
#3177=APPLICATION_CONTEXT(
'Core Data for Automotive Mechanical Design Process');
#3178=PRODUCT_CONTEXT('part definition',#3177,'mechanical');
#3179=PRODUCT('(Unsaved)','(Unsaved)',$,(#3178));
#3180=PRESENTATION_STYLE_ASSIGNMENT((#3181));
#3181=SURFACE_STYLE_USAGE(.BOTH.,#3182);
#3182=SURFACE_SIDE_STYLE('',(#3183));
#3183=SURFACE_STYLE_FILL_AREA(#3184);
#3184=FILL_AREA_STYLE('Steel - Satin',(#3185));
#3185=FILL_AREA_STYLE_COLOUR('Steel - Satin',#3186);
#3186=COLOUR_RGB('Steel - Satin',0.627450980392157,0.627450980392157,0.627450980392157);
ENDSEC;
END-ISO-10303-21;
