ISO-10303-21;
HEADER;
/* Generated by software containing ST-Developer
 * from STEP Tools, Inc. (www.steptools.com) 
 */

FILE_DESCRIPTION(
/* description */ (''),
/* implementation_level */ '2;1');

FILE_NAME(
/* name */ 'crisscrass.step',
/* time_stamp */ '2026-07-02T14:44:57+05:30',
/* author */ (''),
/* organization */ (''),
/* preprocessor_version */ 'ST-DEVELOPER v20.1',
/* originating_system */ 'Autodesk Translation Framework v15.8.0.0',
/* authorisation */ '');

FILE_SCHEMA (('AUTOMOTIVE_DESIGN { 1 0 10303 214 3 1 1 }'));
ENDSEC;

DATA;
#10=MECHANICAL_DESIGN_GEOMETRIC_PRESENTATION_REPRESENTATION('',(#13),#3535);
#11=SHAPE_REPRESENTATION_RELATIONSHIP('SRR','None',#3542,#12);
#12=ADVANCED_BREP_SHAPE_REPRESENTATION('',(#14),#3534);
#13=STYLED_ITEM('',(#3551),#14);
#14=MANIFOLD_SOLID_BREP('Body1',#2259);
#15=FACE_BOUND('',#148,.T.);
#16=FACE_BOUND('',#149,.T.);
#17=FACE_BOUND('',#150,.T.);
#18=FACE_BOUND('',#151,.T.);
#19=FACE_BOUND('',#152,.T.);
#20=FACE_BOUND('',#153,.T.);
#21=FACE_BOUND('',#154,.T.);
#22=FACE_BOUND('',#155,.T.);
#23=FACE_BOUND('',#156,.T.);
#24=FACE_BOUND('',#157,.T.);
#25=FACE_BOUND('',#158,.T.);
#26=FACE_BOUND('',#159,.T.);
#27=FACE_BOUND('',#160,.T.);
#28=FACE_BOUND('',#172,.T.);
#29=FACE_BOUND('',#173,.T.);
#30=FACE_BOUND('',#174,.T.);
#31=FACE_BOUND('',#175,.T.);
#32=FACE_BOUND('',#176,.T.);
#33=FACE_BOUND('',#177,.T.);
#34=FACE_BOUND('',#178,.T.);
#35=FACE_BOUND('',#179,.T.);
#36=FACE_BOUND('',#180,.T.);
#37=FACE_BOUND('',#181,.T.);
#38=FACE_BOUND('',#182,.T.);
#39=FACE_BOUND('',#183,.T.);
#40=FACE_BOUND('',#184,.T.);
#41=FACE_OUTER_BOUND('',#147,.T.);
#42=FACE_OUTER_BOUND('',#161,.T.);
#43=FACE_OUTER_BOUND('',#162,.T.);
#44=FACE_OUTER_BOUND('',#163,.T.);
#45=FACE_OUTER_BOUND('',#164,.T.);
#46=FACE_OUTER_BOUND('',#165,.T.);
#47=FACE_OUTER_BOUND('',#166,.T.);
#48=FACE_OUTER_BOUND('',#167,.T.);
#49=FACE_OUTER_BOUND('',#168,.T.);
#50=FACE_OUTER_BOUND('',#169,.T.);
#51=FACE_OUTER_BOUND('',#170,.T.);
#52=FACE_OUTER_BOUND('',#171,.T.);
#53=FACE_OUTER_BOUND('',#185,.T.);
#54=FACE_OUTER_BOUND('',#186,.T.);
#55=FACE_OUTER_BOUND('',#187,.T.);
#56=FACE_OUTER_BOUND('',#188,.T.);
#57=FACE_OUTER_BOUND('',#189,.T.);
#58=FACE_OUTER_BOUND('',#190,.T.);
#59=FACE_OUTER_BOUND('',#191,.T.);
#60=FACE_OUTER_BOUND('',#192,.T.);
#61=FACE_OUTER_BOUND('',#193,.T.);
#62=FACE_OUTER_BOUND('',#194,.T.);
#63=FACE_OUTER_BOUND('',#195,.T.);
#64=FACE_OUTER_BOUND('',#196,.T.);
#65=FACE_OUTER_BOUND('',#197,.T.);
#66=FACE_OUTER_BOUND('',#198,.T.);
#67=FACE_OUTER_BOUND('',#199,.T.);
#68=FACE_OUTER_BOUND('',#200,.T.);
#69=FACE_OUTER_BOUND('',#201,.T.);
#70=FACE_OUTER_BOUND('',#202,.T.);
#71=FACE_OUTER_BOUND('',#203,.T.);
#72=FACE_OUTER_BOUND('',#204,.T.);
#73=FACE_OUTER_BOUND('',#205,.T.);
#74=FACE_OUTER_BOUND('',#206,.T.);
#75=FACE_OUTER_BOUND('',#207,.T.);
#76=FACE_OUTER_BOUND('',#208,.T.);
#77=FACE_OUTER_BOUND('',#209,.T.);
#78=FACE_OUTER_BOUND('',#210,.T.);
#79=FACE_OUTER_BOUND('',#211,.T.);
#80=FACE_OUTER_BOUND('',#212,.T.);
#81=FACE_OUTER_BOUND('',#213,.T.);
#82=FACE_OUTER_BOUND('',#214,.T.);
#83=FACE_OUTER_BOUND('',#215,.T.);
#84=FACE_OUTER_BOUND('',#216,.T.);
#85=FACE_OUTER_BOUND('',#217,.T.);
#86=FACE_OUTER_BOUND('',#218,.T.);
#87=FACE_OUTER_BOUND('',#219,.T.);
#88=FACE_OUTER_BOUND('',#220,.T.);
#89=FACE_OUTER_BOUND('',#221,.T.);
#90=FACE_OUTER_BOUND('',#222,.T.);
#91=FACE_OUTER_BOUND('',#223,.T.);
#92=FACE_OUTER_BOUND('',#224,.T.);
#93=FACE_OUTER_BOUND('',#225,.T.);
#94=FACE_OUTER_BOUND('',#226,.T.);
#95=FACE_OUTER_BOUND('',#227,.T.);
#96=FACE_OUTER_BOUND('',#228,.T.);
#97=FACE_OUTER_BOUND('',#229,.T.);
#98=FACE_OUTER_BOUND('',#230,.T.);
#99=FACE_OUTER_BOUND('',#231,.T.);
#100=FACE_OUTER_BOUND('',#232,.T.);
#101=FACE_OUTER_BOUND('',#233,.T.);
#102=FACE_OUTER_BOUND('',#234,.T.);
#103=FACE_OUTER_BOUND('',#235,.T.);
#104=FACE_OUTER_BOUND('',#236,.T.);
#105=FACE_OUTER_BOUND('',#237,.T.);
#106=FACE_OUTER_BOUND('',#238,.T.);
#107=FACE_OUTER_BOUND('',#239,.T.);
#108=FACE_OUTER_BOUND('',#240,.T.);
#109=FACE_OUTER_BOUND('',#241,.T.);
#110=FACE_OUTER_BOUND('',#242,.T.);
#111=FACE_OUTER_BOUND('',#243,.T.);
#112=FACE_OUTER_BOUND('',#244,.T.);
#113=FACE_OUTER_BOUND('',#245,.T.);
#114=FACE_OUTER_BOUND('',#246,.T.);
#115=FACE_OUTER_BOUND('',#247,.T.);
#116=FACE_OUTER_BOUND('',#248,.T.);
#117=FACE_OUTER_BOUND('',#249,.T.);
#118=FACE_OUTER_BOUND('',#250,.T.);
#119=FACE_OUTER_BOUND('',#251,.T.);
#120=FACE_OUTER_BOUND('',#252,.T.);
#121=FACE_OUTER_BOUND('',#253,.T.);
#122=FACE_OUTER_BOUND('',#254,.T.);
#123=FACE_OUTER_BOUND('',#255,.T.);
#124=FACE_OUTER_BOUND('',#256,.T.);
#125=FACE_OUTER_BOUND('',#257,.T.);
#126=FACE_OUTER_BOUND('',#258,.T.);
#127=FACE_OUTER_BOUND('',#259,.T.);
#128=FACE_OUTER_BOUND('',#260,.T.);
#129=FACE_OUTER_BOUND('',#261,.T.);
#130=FACE_OUTER_BOUND('',#262,.T.);
#131=FACE_OUTER_BOUND('',#263,.T.);
#132=FACE_OUTER_BOUND('',#264,.T.);
#133=FACE_OUTER_BOUND('',#265,.T.);
#134=FACE_OUTER_BOUND('',#266,.T.);
#135=FACE_OUTER_BOUND('',#267,.T.);
#136=FACE_OUTER_BOUND('',#268,.T.);
#137=FACE_OUTER_BOUND('',#269,.T.);
#138=FACE_OUTER_BOUND('',#270,.T.);
#139=FACE_OUTER_BOUND('',#271,.T.);
#140=FACE_OUTER_BOUND('',#272,.T.);
#141=FACE_OUTER_BOUND('',#273,.T.);
#142=FACE_OUTER_BOUND('',#274,.T.);
#143=FACE_OUTER_BOUND('',#275,.T.);
#144=FACE_OUTER_BOUND('',#276,.T.);
#145=FACE_OUTER_BOUND('',#277,.T.);
#146=FACE_OUTER_BOUND('',#278,.T.);
#147=EDGE_LOOP('',(#1423,#1424,#1425,#1426,#1427,#1428,#1429,#1430,#1431,
#1432,#1433,#1434,#1435,#1436,#1437,#1438,#1439,#1440,#1441,#1442,#1443,
#1444,#1445,#1446,#1447,#1448,#1449,#1450,#1451,#1452,#1453,#1454,#1455,
#1456,#1457,#1458,#1459,#1460,#1461,#1462,#1463,#1464,#1465,#1466,#1467,
#1468,#1469,#1470,#1471,#1472,#1473,#1474));
#148=EDGE_LOOP('',(#1475,#1476,#1477,#1478));
#149=EDGE_LOOP('',(#1479,#1480,#1481,#1482));
#150=EDGE_LOOP('',(#1483,#1484,#1485,#1486));
#151=EDGE_LOOP('',(#1487,#1488,#1489,#1490));
#152=EDGE_LOOP('',(#1491,#1492,#1493,#1494));
#153=EDGE_LOOP('',(#1495,#1496,#1497,#1498));
#154=EDGE_LOOP('',(#1499,#1500,#1501,#1502));
#155=EDGE_LOOP('',(#1503,#1504,#1505,#1506));
#156=EDGE_LOOP('',(#1507,#1508,#1509,#1510));
#157=EDGE_LOOP('',(#1511,#1512,#1513,#1514));
#158=EDGE_LOOP('',(#1515,#1516,#1517,#1518));
#159=EDGE_LOOP('',(#1519,#1520,#1521,#1522));
#160=EDGE_LOOP('',(#1523,#1524,#1525,#1526));
#161=EDGE_LOOP('',(#1527,#1528,#1529,#1530));
#162=EDGE_LOOP('',(#1531,#1532,#1533,#1534));
#163=EDGE_LOOP('',(#1535,#1536,#1537,#1538));
#164=EDGE_LOOP('',(#1539,#1540,#1541,#1542));
#165=EDGE_LOOP('',(#1543,#1544,#1545,#1546));
#166=EDGE_LOOP('',(#1547,#1548,#1549,#1550));
#167=EDGE_LOOP('',(#1551,#1552,#1553,#1554));
#168=EDGE_LOOP('',(#1555,#1556,#1557,#1558));
#169=EDGE_LOOP('',(#1559,#1560,#1561,#1562));
#170=EDGE_LOOP('',(#1563,#1564,#1565,#1566));
#171=EDGE_LOOP('',(#1567,#1568,#1569,#1570,#1571,#1572,#1573,#1574,#1575,
#1576,#1577,#1578,#1579,#1580,#1581,#1582,#1583,#1584,#1585,#1586,#1587,
#1588,#1589,#1590,#1591,#1592,#1593,#1594,#1595,#1596,#1597,#1598,#1599,
#1600,#1601,#1602,#1603,#1604,#1605,#1606,#1607,#1608,#1609,#1610,#1611,
#1612,#1613,#1614,#1615,#1616,#1617,#1618));
#172=EDGE_LOOP('',(#1619,#1620,#1621,#1622));
#173=EDGE_LOOP('',(#1623,#1624,#1625,#1626));
#174=EDGE_LOOP('',(#1627,#1628,#1629,#1630));
#175=EDGE_LOOP('',(#1631,#1632,#1633,#1634));
#176=EDGE_LOOP('',(#1635,#1636,#1637,#1638));
#177=EDGE_LOOP('',(#1639,#1640,#1641,#1642));
#178=EDGE_LOOP('',(#1643,#1644,#1645,#1646));
#179=EDGE_LOOP('',(#1647,#1648,#1649,#1650));
#180=EDGE_LOOP('',(#1651,#1652,#1653,#1654));
#181=EDGE_LOOP('',(#1655,#1656,#1657,#1658));
#182=EDGE_LOOP('',(#1659,#1660,#1661,#1662));
#183=EDGE_LOOP('',(#1663,#1664,#1665,#1666));
#184=EDGE_LOOP('',(#1667,#1668,#1669,#1670));
#185=EDGE_LOOP('',(#1671,#1672,#1673,#1674));
#186=EDGE_LOOP('',(#1675,#1676,#1677,#1678));
#187=EDGE_LOOP('',(#1679,#1680,#1681,#1682));
#188=EDGE_LOOP('',(#1683,#1684,#1685,#1686));
#189=EDGE_LOOP('',(#1687,#1688,#1689,#1690));
#190=EDGE_LOOP('',(#1691,#1692,#1693,#1694));
#191=EDGE_LOOP('',(#1695,#1696,#1697,#1698));
#192=EDGE_LOOP('',(#1699,#1700,#1701,#1702));
#193=EDGE_LOOP('',(#1703,#1704,#1705,#1706));
#194=EDGE_LOOP('',(#1707,#1708,#1709,#1710));
#195=EDGE_LOOP('',(#1711,#1712,#1713,#1714));
#196=EDGE_LOOP('',(#1715,#1716,#1717,#1718));
#197=EDGE_LOOP('',(#1719,#1720,#1721,#1722));
#198=EDGE_LOOP('',(#1723,#1724,#1725,#1726));
#199=EDGE_LOOP('',(#1727,#1728,#1729,#1730));
#200=EDGE_LOOP('',(#1731,#1732,#1733,#1734));
#201=EDGE_LOOP('',(#1735,#1736,#1737,#1738));
#202=EDGE_LOOP('',(#1739,#1740,#1741,#1742));
#203=EDGE_LOOP('',(#1743,#1744,#1745,#1746));
#204=EDGE_LOOP('',(#1747,#1748,#1749,#1750));
#205=EDGE_LOOP('',(#1751,#1752,#1753,#1754));
#206=EDGE_LOOP('',(#1755,#1756,#1757,#1758));
#207=EDGE_LOOP('',(#1759,#1760,#1761,#1762));
#208=EDGE_LOOP('',(#1763,#1764,#1765,#1766));
#209=EDGE_LOOP('',(#1767,#1768,#1769,#1770));
#210=EDGE_LOOP('',(#1771,#1772,#1773,#1774));
#211=EDGE_LOOP('',(#1775,#1776,#1777,#1778));
#212=EDGE_LOOP('',(#1779,#1780,#1781,#1782));
#213=EDGE_LOOP('',(#1783,#1784,#1785,#1786));
#214=EDGE_LOOP('',(#1787,#1788,#1789,#1790));
#215=EDGE_LOOP('',(#1791,#1792,#1793,#1794));
#216=EDGE_LOOP('',(#1795,#1796,#1797,#1798));
#217=EDGE_LOOP('',(#1799,#1800,#1801,#1802));
#218=EDGE_LOOP('',(#1803,#1804,#1805,#1806));
#219=EDGE_LOOP('',(#1807,#1808,#1809,#1810));
#220=EDGE_LOOP('',(#1811,#1812,#1813,#1814));
#221=EDGE_LOOP('',(#1815,#1816,#1817,#1818));
#222=EDGE_LOOP('',(#1819,#1820,#1821,#1822));
#223=EDGE_LOOP('',(#1823,#1824,#1825,#1826));
#224=EDGE_LOOP('',(#1827,#1828,#1829,#1830));
#225=EDGE_LOOP('',(#1831,#1832,#1833,#1834));
#226=EDGE_LOOP('',(#1835,#1836,#1837,#1838));
#227=EDGE_LOOP('',(#1839,#1840,#1841,#1842));
#228=EDGE_LOOP('',(#1843,#1844,#1845,#1846));
#229=EDGE_LOOP('',(#1847,#1848,#1849,#1850));
#230=EDGE_LOOP('',(#1851,#1852,#1853,#1854));
#231=EDGE_LOOP('',(#1855,#1856,#1857,#1858));
#232=EDGE_LOOP('',(#1859,#1860,#1861,#1862));
#233=EDGE_LOOP('',(#1863,#1864,#1865,#1866));
#234=EDGE_LOOP('',(#1867,#1868,#1869,#1870));
#235=EDGE_LOOP('',(#1871,#1872,#1873,#1874));
#236=EDGE_LOOP('',(#1875,#1876,#1877,#1878));
#237=EDGE_LOOP('',(#1879,#1880,#1881,#1882));
#238=EDGE_LOOP('',(#1883,#1884,#1885,#1886));
#239=EDGE_LOOP('',(#1887,#1888,#1889,#1890));
#240=EDGE_LOOP('',(#1891,#1892,#1893,#1894));
#241=EDGE_LOOP('',(#1895,#1896,#1897,#1898));
#242=EDGE_LOOP('',(#1899,#1900,#1901,#1902));
#243=EDGE_LOOP('',(#1903,#1904,#1905,#1906));
#244=EDGE_LOOP('',(#1907,#1908,#1909,#1910));
#245=EDGE_LOOP('',(#1911,#1912,#1913,#1914));
#246=EDGE_LOOP('',(#1915,#1916,#1917,#1918));
#247=EDGE_LOOP('',(#1919,#1920,#1921,#1922));
#248=EDGE_LOOP('',(#1923,#1924,#1925,#1926));
#249=EDGE_LOOP('',(#1927,#1928,#1929,#1930));
#250=EDGE_LOOP('',(#1931,#1932,#1933,#1934));
#251=EDGE_LOOP('',(#1935,#1936,#1937,#1938));
#252=EDGE_LOOP('',(#1939,#1940,#1941,#1942));
#253=EDGE_LOOP('',(#1943,#1944,#1945,#1946));
#254=EDGE_LOOP('',(#1947,#1948,#1949,#1950));
#255=EDGE_LOOP('',(#1951,#1952,#1953,#1954));
#256=EDGE_LOOP('',(#1955,#1956,#1957,#1958));
#257=EDGE_LOOP('',(#1959,#1960,#1961,#1962));
#258=EDGE_LOOP('',(#1963,#1964,#1965,#1966));
#259=EDGE_LOOP('',(#1967,#1968,#1969,#1970));
#260=EDGE_LOOP('',(#1971,#1972,#1973,#1974));
#261=EDGE_LOOP('',(#1975,#1976,#1977,#1978));
#262=EDGE_LOOP('',(#1979,#1980,#1981,#1982));
#263=EDGE_LOOP('',(#1983,#1984,#1985,#1986));
#264=EDGE_LOOP('',(#1987,#1988,#1989,#1990));
#265=EDGE_LOOP('',(#1991,#1992,#1993,#1994));
#266=EDGE_LOOP('',(#1995,#1996,#1997,#1998));
#267=EDGE_LOOP('',(#1999,#2000,#2001,#2002));
#268=EDGE_LOOP('',(#2003,#2004,#2005,#2006));
#269=EDGE_LOOP('',(#2007,#2008,#2009,#2010));
#270=EDGE_LOOP('',(#2011,#2012,#2013,#2014));
#271=EDGE_LOOP('',(#2015,#2016,#2017,#2018));
#272=EDGE_LOOP('',(#2019,#2020,#2021,#2022));
#273=EDGE_LOOP('',(#2023,#2024,#2025,#2026));
#274=EDGE_LOOP('',(#2027,#2028,#2029,#2030));
#275=EDGE_LOOP('',(#2031,#2032,#2033,#2034));
#276=EDGE_LOOP('',(#2035,#2036,#2037,#2038));
#277=EDGE_LOOP('',(#2039,#2040,#2041,#2042));
#278=EDGE_LOOP('',(#2043,#2044,#2045,#2046));
#279=LINE('',#2909,#591);
#280=LINE('',#2911,#592);
#281=LINE('',#2913,#593);
#282=LINE('',#2915,#594);
#283=LINE('',#2917,#595);
#284=LINE('',#2919,#596);
#285=LINE('',#2921,#597);
#286=LINE('',#2923,#598);
#287=LINE('',#2925,#599);
#288=LINE('',#2927,#600);
#289=LINE('',#2929,#601);
#290=LINE('',#2931,#602);
#291=LINE('',#2933,#603);
#292=LINE('',#2935,#604);
#293=LINE('',#2937,#605);
#294=LINE('',#2939,#606);
#295=LINE('',#2941,#607);
#296=LINE('',#2943,#608);
#297=LINE('',#2945,#609);
#298=LINE('',#2947,#610);
#299=LINE('',#2949,#611);
#300=LINE('',#2951,#612);
#301=LINE('',#2953,#613);
#302=LINE('',#2955,#614);
#303=LINE('',#2957,#615);
#304=LINE('',#2959,#616);
#305=LINE('',#2961,#617);
#306=LINE('',#2963,#618);
#307=LINE('',#2965,#619);
#308=LINE('',#2967,#620);
#309=LINE('',#2969,#621);
#310=LINE('',#2971,#622);
#311=LINE('',#2973,#623);
#312=LINE('',#2975,#624);
#313=LINE('',#2977,#625);
#314=LINE('',#2979,#626);
#315=LINE('',#2981,#627);
#316=LINE('',#2983,#628);
#317=LINE('',#2985,#629);
#318=LINE('',#2987,#630);
#319=LINE('',#2989,#631);
#320=LINE('',#2991,#632);
#321=LINE('',#2993,#633);
#322=LINE('',#2995,#634);
#323=LINE('',#2997,#635);
#324=LINE('',#2999,#636);
#325=LINE('',#3001,#637);
#326=LINE('',#3003,#638);
#327=LINE('',#3005,#639);
#328=LINE('',#3007,#640);
#329=LINE('',#3009,#641);
#330=LINE('',#3010,#642);
#331=LINE('',#3013,#643);
#332=LINE('',#3015,#644);
#333=LINE('',#3017,#645);
#334=LINE('',#3018,#646);
#335=LINE('',#3021,#647);
#336=LINE('',#3023,#648);
#337=LINE('',#3025,#649);
#338=LINE('',#3026,#650);
#339=LINE('',#3029,#651);
#340=LINE('',#3031,#652);
#341=LINE('',#3033,#653);
#342=LINE('',#3034,#654);
#343=LINE('',#3037,#655);
#344=LINE('',#3039,#656);
#345=LINE('',#3041,#657);
#346=LINE('',#3042,#658);
#347=LINE('',#3045,#659);
#348=LINE('',#3047,#660);
#349=LINE('',#3049,#661);
#350=LINE('',#3050,#662);
#351=LINE('',#3053,#663);
#352=LINE('',#3055,#664);
#353=LINE('',#3057,#665);
#354=LINE('',#3058,#666);
#355=LINE('',#3061,#667);
#356=LINE('',#3063,#668);
#357=LINE('',#3065,#669);
#358=LINE('',#3066,#670);
#359=LINE('',#3069,#671);
#360=LINE('',#3071,#672);
#361=LINE('',#3073,#673);
#362=LINE('',#3074,#674);
#363=LINE('',#3077,#675);
#364=LINE('',#3079,#676);
#365=LINE('',#3081,#677);
#366=LINE('',#3082,#678);
#367=LINE('',#3085,#679);
#368=LINE('',#3087,#680);
#369=LINE('',#3089,#681);
#370=LINE('',#3090,#682);
#371=LINE('',#3093,#683);
#372=LINE('',#3095,#684);
#373=LINE('',#3097,#685);
#374=LINE('',#3098,#686);
#375=LINE('',#3101,#687);
#376=LINE('',#3103,#688);
#377=LINE('',#3105,#689);
#378=LINE('',#3106,#690);
#379=LINE('',#3109,#691);
#380=LINE('',#3111,#692);
#381=LINE('',#3113,#693);
#382=LINE('',#3114,#694);
#383=LINE('',#3117,#695);
#384=LINE('',#3119,#696);
#385=LINE('',#3120,#697);
#386=LINE('',#3123,#698);
#387=LINE('',#3125,#699);
#388=LINE('',#3126,#700);
#389=LINE('',#3129,#701);
#390=LINE('',#3131,#702);
#391=LINE('',#3132,#703);
#392=LINE('',#3135,#704);
#393=LINE('',#3137,#705);
#394=LINE('',#3138,#706);
#395=LINE('',#3141,#707);
#396=LINE('',#3143,#708);
#397=LINE('',#3144,#709);
#398=LINE('',#3147,#710);
#399=LINE('',#3149,#711);
#400=LINE('',#3150,#712);
#401=LINE('',#3153,#713);
#402=LINE('',#3155,#714);
#403=LINE('',#3156,#715);
#404=LINE('',#3159,#716);
#405=LINE('',#3161,#717);
#406=LINE('',#3162,#718);
#407=LINE('',#3165,#719);
#408=LINE('',#3167,#720);
#409=LINE('',#3168,#721);
#410=LINE('',#3171,#722);
#411=LINE('',#3173,#723);
#412=LINE('',#3174,#724);
#413=LINE('',#3178,#725);
#414=LINE('',#3180,#726);
#415=LINE('',#3181,#727);
#416=LINE('',#3183,#728);
#417=LINE('',#3185,#729);
#418=LINE('',#3186,#730);
#419=LINE('',#3188,#731);
#420=LINE('',#3190,#732);
#421=LINE('',#3191,#733);
#422=LINE('',#3193,#734);
#423=LINE('',#3195,#735);
#424=LINE('',#3196,#736);
#425=LINE('',#3198,#737);
#426=LINE('',#3200,#738);
#427=LINE('',#3201,#739);
#428=LINE('',#3203,#740);
#429=LINE('',#3205,#741);
#430=LINE('',#3206,#742);
#431=LINE('',#3208,#743);
#432=LINE('',#3210,#744);
#433=LINE('',#3212,#745);
#434=LINE('',#3214,#746);
#435=LINE('',#3216,#747);
#436=LINE('',#3218,#748);
#437=LINE('',#3220,#749);
#438=LINE('',#3222,#750);
#439=LINE('',#3223,#751);
#440=LINE('',#3225,#752);
#441=LINE('',#3227,#753);
#442=LINE('',#3228,#754);
#443=LINE('',#3230,#755);
#444=LINE('',#3232,#756);
#445=LINE('',#3233,#757);
#446=LINE('',#3235,#758);
#447=LINE('',#3237,#759);
#448=LINE('',#3238,#760);
#449=LINE('',#3240,#761);
#450=LINE('',#3242,#762);
#451=LINE('',#3244,#763);
#452=LINE('',#3246,#764);
#453=LINE('',#3248,#765);
#454=LINE('',#3249,#766);
#455=LINE('',#3252,#767);
#456=LINE('',#3254,#768);
#457=LINE('',#3256,#769);
#458=LINE('',#3257,#770);
#459=LINE('',#3260,#771);
#460=LINE('',#3262,#772);
#461=LINE('',#3264,#773);
#462=LINE('',#3265,#774);
#463=LINE('',#3268,#775);
#464=LINE('',#3270,#776);
#465=LINE('',#3272,#777);
#466=LINE('',#3273,#778);
#467=LINE('',#3276,#779);
#468=LINE('',#3278,#780);
#469=LINE('',#3280,#781);
#470=LINE('',#3281,#782);
#471=LINE('',#3284,#783);
#472=LINE('',#3286,#784);
#473=LINE('',#3288,#785);
#474=LINE('',#3289,#786);
#475=LINE('',#3292,#787);
#476=LINE('',#3294,#788);
#477=LINE('',#3296,#789);
#478=LINE('',#3297,#790);
#479=LINE('',#3300,#791);
#480=LINE('',#3302,#792);
#481=LINE('',#3304,#793);
#482=LINE('',#3305,#794);
#483=LINE('',#3308,#795);
#484=LINE('',#3310,#796);
#485=LINE('',#3312,#797);
#486=LINE('',#3313,#798);
#487=LINE('',#3316,#799);
#488=LINE('',#3318,#800);
#489=LINE('',#3320,#801);
#490=LINE('',#3321,#802);
#491=LINE('',#3324,#803);
#492=LINE('',#3326,#804);
#493=LINE('',#3328,#805);
#494=LINE('',#3329,#806);
#495=LINE('',#3332,#807);
#496=LINE('',#3334,#808);
#497=LINE('',#3336,#809);
#498=LINE('',#3337,#810);
#499=LINE('',#3340,#811);
#500=LINE('',#3342,#812);
#501=LINE('',#3344,#813);
#502=LINE('',#3345,#814);
#503=LINE('',#3348,#815);
#504=LINE('',#3350,#816);
#505=LINE('',#3352,#817);
#506=LINE('',#3353,#818);
#507=LINE('',#3355,#819);
#508=LINE('',#3356,#820);
#509=LINE('',#3358,#821);
#510=LINE('',#3359,#822);
#511=LINE('',#3361,#823);
#512=LINE('',#3362,#824);
#513=LINE('',#3364,#825);
#514=LINE('',#3366,#826);
#515=LINE('',#3367,#827);
#516=LINE('',#3369,#828);
#517=LINE('',#3371,#829);
#518=LINE('',#3372,#830);
#519=LINE('',#3374,#831);
#520=LINE('',#3376,#832);
#521=LINE('',#3377,#833);
#522=LINE('',#3379,#834);
#523=LINE('',#3381,#835);
#524=LINE('',#3382,#836);
#525=LINE('',#3384,#837);
#526=LINE('',#3386,#838);
#527=LINE('',#3387,#839);
#528=LINE('',#3389,#840);
#529=LINE('',#3391,#841);
#530=LINE('',#3392,#842);
#531=LINE('',#3394,#843);
#532=LINE('',#3396,#844);
#533=LINE('',#3397,#845);
#534=LINE('',#3399,#846);
#535=LINE('',#3401,#847);
#536=LINE('',#3402,#848);
#537=LINE('',#3404,#849);
#538=LINE('',#3406,#850);
#539=LINE('',#3407,#851);
#540=LINE('',#3409,#852);
#541=LINE('',#3411,#853);
#542=LINE('',#3413,#854);
#543=LINE('',#3415,#855);
#544=LINE('',#3417,#856);
#545=LINE('',#3418,#857);
#546=LINE('',#3421,#858);
#547=LINE('',#3422,#859);
#548=LINE('',#3425,#860);
#549=LINE('',#3426,#861);
#550=LINE('',#3429,#862);
#551=LINE('',#3430,#863);
#552=LINE('',#3432,#864);
#553=LINE('',#3434,#865);
#554=LINE('',#3435,#866);
#555=LINE('',#3437,#867);
#556=LINE('',#3438,#868);
#557=LINE('',#3441,#869);
#558=LINE('',#3442,#870);
#559=LINE('',#3445,#871);
#560=LINE('',#3447,#872);
#561=LINE('',#3449,#873);
#562=LINE('',#3450,#874);
#563=LINE('',#3453,#875);
#564=LINE('',#3454,#876);
#565=LINE('',#3456,#877);
#566=LINE('',#3458,#878);
#567=LINE('',#3459,#879);
#568=LINE('',#3461,#880);
#569=LINE('',#3463,#881);
#570=LINE('',#3466,#882);
#571=LINE('',#3468,#883);
#572=LINE('',#3470,#884);
#573=LINE('',#3473,#885);
#574=LINE('',#3477,#886);
#575=LINE('',#3480,#887);
#576=LINE('',#3485,#888);
#577=LINE('',#3488,#889);
#578=LINE('',#3494,#890);
#579=LINE('',#3497,#891);
#580=LINE('',#3500,#892);
#581=LINE('',#3503,#893);
#582=LINE('',#3506,#894);
#583=LINE('',#3509,#895);
#584=LINE('',#3512,#896);
#585=LINE('',#3515,#897);
#586=LINE('',#3518,#898);
#587=LINE('',#3521,#899);
#588=LINE('',#3524,#900);
#589=LINE('',#3527,#901);
#590=LINE('',#3530,#902);
#591=VECTOR('',#2383,10.);
#592=VECTOR('',#2384,10.);
#593=VECTOR('',#2385,10.);
#594=VECTOR('',#2386,10.);
#595=VECTOR('',#2387,10.);
#596=VECTOR('',#2388,10.);
#597=VECTOR('',#2389,10.);
#598=VECTOR('',#2390,10.);
#599=VECTOR('',#2391,10.);
#600=VECTOR('',#2392,10.);
#601=VECTOR('',#2393,10.);
#602=VECTOR('',#2394,10.);
#603=VECTOR('',#2395,10.);
#604=VECTOR('',#2396,10.);
#605=VECTOR('',#2397,10.);
#606=VECTOR('',#2398,10.);
#607=VECTOR('',#2399,10.);
#608=VECTOR('',#2400,10.);
#609=VECTOR('',#2401,10.);
#610=VECTOR('',#2402,10.);
#611=VECTOR('',#2403,10.);
#612=VECTOR('',#2404,10.);
#613=VECTOR('',#2405,10.);
#614=VECTOR('',#2406,10.);
#615=VECTOR('',#2407,10.);
#616=VECTOR('',#2408,10.);
#617=VECTOR('',#2409,10.);
#618=VECTOR('',#2410,10.);
#619=VECTOR('',#2411,10.);
#620=VECTOR('',#2412,10.);
#621=VECTOR('',#2413,10.);
#622=VECTOR('',#2414,10.);
#623=VECTOR('',#2415,10.);
#624=VECTOR('',#2416,10.);
#625=VECTOR('',#2417,10.);
#626=VECTOR('',#2418,10.);
#627=VECTOR('',#2419,10.);
#628=VECTOR('',#2420,10.);
#629=VECTOR('',#2421,10.);
#630=VECTOR('',#2422,10.);
#631=VECTOR('',#2423,10.);
#632=VECTOR('',#2424,10.);
#633=VECTOR('',#2425,10.);
#634=VECTOR('',#2426,10.);
#635=VECTOR('',#2427,10.);
#636=VECTOR('',#2428,10.);
#637=VECTOR('',#2429,10.);
#638=VECTOR('',#2430,10.);
#639=VECTOR('',#2431,10.);
#640=VECTOR('',#2432,10.);
#641=VECTOR('',#2433,10.);
#642=VECTOR('',#2434,10.);
#643=VECTOR('',#2435,10.);
#644=VECTOR('',#2436,10.);
#645=VECTOR('',#2437,10.);
#646=VECTOR('',#2438,10.);
#647=VECTOR('',#2439,10.);
#648=VECTOR('',#2440,10.);
#649=VECTOR('',#2441,10.);
#650=VECTOR('',#2442,10.);
#651=VECTOR('',#2443,10.);
#652=VECTOR('',#2444,10.);
#653=VECTOR('',#2445,10.);
#654=VECTOR('',#2446,10.);
#655=VECTOR('',#2447,10.);
#656=VECTOR('',#2448,10.);
#657=VECTOR('',#2449,10.);
#658=VECTOR('',#2450,10.);
#659=VECTOR('',#2451,10.);
#660=VECTOR('',#2452,10.);
#661=VECTOR('',#2453,10.);
#662=VECTOR('',#2454,10.);
#663=VECTOR('',#2455,10.);
#664=VECTOR('',#2456,10.);
#665=VECTOR('',#2457,10.);
#666=VECTOR('',#2458,10.);
#667=VECTOR('',#2459,10.);
#668=VECTOR('',#2460,10.);
#669=VECTOR('',#2461,10.);
#670=VECTOR('',#2462,10.);
#671=VECTOR('',#2463,10.);
#672=VECTOR('',#2464,10.);
#673=VECTOR('',#2465,10.);
#674=VECTOR('',#2466,10.);
#675=VECTOR('',#2467,10.);
#676=VECTOR('',#2468,10.);
#677=VECTOR('',#2469,10.);
#678=VECTOR('',#2470,10.);
#679=VECTOR('',#2471,10.);
#680=VECTOR('',#2472,10.);
#681=VECTOR('',#2473,10.);
#682=VECTOR('',#2474,10.);
#683=VECTOR('',#2475,10.);
#684=VECTOR('',#2476,10.);
#685=VECTOR('',#2477,10.);
#686=VECTOR('',#2478,10.);
#687=VECTOR('',#2479,10.);
#688=VECTOR('',#2480,10.);
#689=VECTOR('',#2481,10.);
#690=VECTOR('',#2482,10.);
#691=VECTOR('',#2483,10.);
#692=VECTOR('',#2484,10.);
#693=VECTOR('',#2485,10.);
#694=VECTOR('',#2486,10.);
#695=VECTOR('',#2489,10.);
#696=VECTOR('',#2490,10.);
#697=VECTOR('',#2491,10.);
#698=VECTOR('',#2494,10.);
#699=VECTOR('',#2495,10.);
#700=VECTOR('',#2496,10.);
#701=VECTOR('',#2499,10.);
#702=VECTOR('',#2500,10.);
#703=VECTOR('',#2501,10.);
#704=VECTOR('',#2504,10.);
#705=VECTOR('',#2505,10.);
#706=VECTOR('',#2506,10.);
#707=VECTOR('',#2509,10.);
#708=VECTOR('',#2510,10.);
#709=VECTOR('',#2511,10.);
#710=VECTOR('',#2514,10.);
#711=VECTOR('',#2515,10.);
#712=VECTOR('',#2516,10.);
#713=VECTOR('',#2519,10.);
#714=VECTOR('',#2520,10.);
#715=VECTOR('',#2521,10.);
#716=VECTOR('',#2524,10.);
#717=VECTOR('',#2525,10.);
#718=VECTOR('',#2526,10.);
#719=VECTOR('',#2529,10.);
#720=VECTOR('',#2530,10.);
#721=VECTOR('',#2531,10.);
#722=VECTOR('',#2534,10.);
#723=VECTOR('',#2535,10.);
#724=VECTOR('',#2536,10.);
#725=VECTOR('',#2539,10.);
#726=VECTOR('',#2540,10.);
#727=VECTOR('',#2541,10.);
#728=VECTOR('',#2542,10.);
#729=VECTOR('',#2543,10.);
#730=VECTOR('',#2544,10.);
#731=VECTOR('',#2545,10.);
#732=VECTOR('',#2546,10.);
#733=VECTOR('',#2547,10.);
#734=VECTOR('',#2548,10.);
#735=VECTOR('',#2549,10.);
#736=VECTOR('',#2550,10.);
#737=VECTOR('',#2551,10.);
#738=VECTOR('',#2552,10.);
#739=VECTOR('',#2553,10.);
#740=VECTOR('',#2554,10.);
#741=VECTOR('',#2555,10.);
#742=VECTOR('',#2556,10.);
#743=VECTOR('',#2557,10.);
#744=VECTOR('',#2558,10.);
#745=VECTOR('',#2559,10.);
#746=VECTOR('',#2560,10.);
#747=VECTOR('',#2561,10.);
#748=VECTOR('',#2562,10.);
#749=VECTOR('',#2563,10.);
#750=VECTOR('',#2564,10.);
#751=VECTOR('',#2565,10.);
#752=VECTOR('',#2566,10.);
#753=VECTOR('',#2567,10.);
#754=VECTOR('',#2568,10.);
#755=VECTOR('',#2569,10.);
#756=VECTOR('',#2570,10.);
#757=VECTOR('',#2571,10.);
#758=VECTOR('',#2572,10.);
#759=VECTOR('',#2573,10.);
#760=VECTOR('',#2574,10.);
#761=VECTOR('',#2575,10.);
#762=VECTOR('',#2576,10.);
#763=VECTOR('',#2577,10.);
#764=VECTOR('',#2578,10.);
#765=VECTOR('',#2579,10.);
#766=VECTOR('',#2580,10.);
#767=VECTOR('',#2581,10.);
#768=VECTOR('',#2582,10.);
#769=VECTOR('',#2583,10.);
#770=VECTOR('',#2584,10.);
#771=VECTOR('',#2585,10.);
#772=VECTOR('',#2586,10.);
#773=VECTOR('',#2587,10.);
#774=VECTOR('',#2588,10.);
#775=VECTOR('',#2589,10.);
#776=VECTOR('',#2590,10.);
#777=VECTOR('',#2591,10.);
#778=VECTOR('',#2592,10.);
#779=VECTOR('',#2593,10.);
#780=VECTOR('',#2594,10.);
#781=VECTOR('',#2595,10.);
#782=VECTOR('',#2596,10.);
#783=VECTOR('',#2597,10.);
#784=VECTOR('',#2598,10.);
#785=VECTOR('',#2599,10.);
#786=VECTOR('',#2600,10.);
#787=VECTOR('',#2601,10.);
#788=VECTOR('',#2602,10.);
#789=VECTOR('',#2603,10.);
#790=VECTOR('',#2604,10.);
#791=VECTOR('',#2605,10.);
#792=VECTOR('',#2606,10.);
#793=VECTOR('',#2607,10.);
#794=VECTOR('',#2608,10.);
#795=VECTOR('',#2609,10.);
#796=VECTOR('',#2610,10.);
#797=VECTOR('',#2611,10.);
#798=VECTOR('',#2612,10.);
#799=VECTOR('',#2613,10.);
#800=VECTOR('',#2614,10.);
#801=VECTOR('',#2615,10.);
#802=VECTOR('',#2616,10.);
#803=VECTOR('',#2617,10.);
#804=VECTOR('',#2618,10.);
#805=VECTOR('',#2619,10.);
#806=VECTOR('',#2620,10.);
#807=VECTOR('',#2621,10.);
#808=VECTOR('',#2622,10.);
#809=VECTOR('',#2623,10.);
#810=VECTOR('',#2624,10.);
#811=VECTOR('',#2625,10.);
#812=VECTOR('',#2626,10.);
#813=VECTOR('',#2627,10.);
#814=VECTOR('',#2628,10.);
#815=VECTOR('',#2629,10.);
#816=VECTOR('',#2630,10.);
#817=VECTOR('',#2631,10.);
#818=VECTOR('',#2632,10.);
#819=VECTOR('',#2635,10.);
#820=VECTOR('',#2636,10.);
#821=VECTOR('',#2639,10.);
#822=VECTOR('',#2640,10.);
#823=VECTOR('',#2643,10.);
#824=VECTOR('',#2644,10.);
#825=VECTOR('',#2647,10.);
#826=VECTOR('',#2650,10.);
#827=VECTOR('',#2651,10.);
#828=VECTOR('',#2654,10.);
#829=VECTOR('',#2657,10.);
#830=VECTOR('',#2658,10.);
#831=VECTOR('',#2661,10.);
#832=VECTOR('',#2664,10.);
#833=VECTOR('',#2665,10.);
#834=VECTOR('',#2668,10.);
#835=VECTOR('',#2671,10.);
#836=VECTOR('',#2672,10.);
#837=VECTOR('',#2675,10.);
#838=VECTOR('',#2678,10.);
#839=VECTOR('',#2679,10.);
#840=VECTOR('',#2682,10.);
#841=VECTOR('',#2685,10.);
#842=VECTOR('',#2686,10.);
#843=VECTOR('',#2689,10.);
#844=VECTOR('',#2692,10.);
#845=VECTOR('',#2693,10.);
#846=VECTOR('',#2696,10.);
#847=VECTOR('',#2699,10.);
#848=VECTOR('',#2700,10.);
#849=VECTOR('',#2703,10.);
#850=VECTOR('',#2706,10.);
#851=VECTOR('',#2707,10.);
#852=VECTOR('',#2710,10.);
#853=VECTOR('',#2713,10.);
#854=VECTOR('',#2716,10.);
#855=VECTOR('',#2719,10.);
#856=VECTOR('',#2722,10.);
#857=VECTOR('',#2723,10.);
#858=VECTOR('',#2728,10.);
#859=VECTOR('',#2729,10.);
#860=VECTOR('',#2734,10.);
#861=VECTOR('',#2735,10.);
#862=VECTOR('',#2740,10.);
#863=VECTOR('',#2741,10.);
#864=VECTOR('',#2744,10.);
#865=VECTOR('',#2747,10.);
#866=VECTOR('',#2748,10.);
#867=VECTOR('',#2751,10.);
#868=VECTOR('',#2752,10.);
#869=VECTOR('',#2757,10.);
#870=VECTOR('',#2758,10.);
#871=VECTOR('',#2763,10.);
#872=VECTOR('',#2766,10.);
#873=VECTOR('',#2769,10.);
#874=VECTOR('',#2770,10.);
#875=VECTOR('',#2775,10.);
#876=VECTOR('',#2776,10.);
#877=VECTOR('',#2779,10.);
#878=VECTOR('',#2782,10.);
#879=VECTOR('',#2783,10.);
#880=VECTOR('',#2786,10.);
#881=VECTOR('',#2789,10.);
#882=VECTOR('',#2794,10.);
#883=VECTOR('',#2797,10.);
#884=VECTOR('',#2800,10.);
#885=VECTOR('',#2805,10.);
#886=VECTOR('',#2812,10.);
#887=VECTOR('',#2817,10.);
#888=VECTOR('',#2826,10.);
#889=VECTOR('',#2831,10.);
#890=VECTOR('',#2842,10.);
#891=VECTOR('',#2847,10.);
#892=VECTOR('',#2852,10.);
#893=VECTOR('',#2857,10.);
#894=VECTOR('',#2862,10.);
#895=VECTOR('',#2867,10.);
#896=VECTOR('',#2872,10.);
#897=VECTOR('',#2877,10.);
#898=VECTOR('',#2882,10.);
#899=VECTOR('',#2887,10.);
#900=VECTOR('',#2892,10.);
#901=VECTOR('',#2897,10.);
#902=VECTOR('',#2902,10.);
#903=VERTEX_POINT('',#2907);
#904=VERTEX_POINT('',#2908);
#905=VERTEX_POINT('',#2910);
#906=VERTEX_POINT('',#2912);
#907=VERTEX_POINT('',#2914);
#908=VERTEX_POINT('',#2916);
#909=VERTEX_POINT('',#2918);
#910=VERTEX_POINT('',#2920);
#911=VERTEX_POINT('',#2922);
#912=VERTEX_POINT('',#2924);
#913=VERTEX_POINT('',#2926);
#914=VERTEX_POINT('',#2928);
#915=VERTEX_POINT('',#2930);
#916=VERTEX_POINT('',#2932);
#917=VERTEX_POINT('',#2934);
#918=VERTEX_POINT('',#2936);
#919=VERTEX_POINT('',#2938);
#920=VERTEX_POINT('',#2940);
#921=VERTEX_POINT('',#2942);
#922=VERTEX_POINT('',#2944);
#923=VERTEX_POINT('',#2946);
#924=VERTEX_POINT('',#2948);
#925=VERTEX_POINT('',#2950);
#926=VERTEX_POINT('',#2952);
#927=VERTEX_POINT('',#2954);
#928=VERTEX_POINT('',#2956);
#929=VERTEX_POINT('',#2958);
#930=VERTEX_POINT('',#2960);
#931=VERTEX_POINT('',#2962);
#932=VERTEX_POINT('',#2964);
#933=VERTEX_POINT('',#2966);
#934=VERTEX_POINT('',#2968);
#935=VERTEX_POINT('',#2970);
#936=VERTEX_POINT('',#2972);
#937=VERTEX_POINT('',#2974);
#938=VERTEX_POINT('',#2976);
#939=VERTEX_POINT('',#2978);
#940=VERTEX_POINT('',#2980);
#941=VERTEX_POINT('',#2982);
#942=VERTEX_POINT('',#2984);
#943=VERTEX_POINT('',#2986);
#944=VERTEX_POINT('',#2988);
#945=VERTEX_POINT('',#2990);
#946=VERTEX_POINT('',#2992);
#947=VERTEX_POINT('',#2994);
#948=VERTEX_POINT('',#2996);
#949=VERTEX_POINT('',#2998);
#950=VERTEX_POINT('',#3000);
#951=VERTEX_POINT('',#3002);
#952=VERTEX_POINT('',#3004);
#953=VERTEX_POINT('',#3006);
#954=VERTEX_POINT('',#3008);
#955=VERTEX_POINT('',#3011);
#956=VERTEX_POINT('',#3012);
#957=VERTEX_POINT('',#3014);
#958=VERTEX_POINT('',#3016);
#959=VERTEX_POINT('',#3019);
#960=VERTEX_POINT('',#3020);
#961=VERTEX_POINT('',#3022);
#962=VERTEX_POINT('',#3024);
#963=VERTEX_POINT('',#3027);
#964=VERTEX_POINT('',#3028);
#965=VERTEX_POINT('',#3030);
#966=VERTEX_POINT('',#3032);
#967=VERTEX_POINT('',#3035);
#968=VERTEX_POINT('',#3036);
#969=VERTEX_POINT('',#3038);
#970=VERTEX_POINT('',#3040);
#971=VERTEX_POINT('',#3043);
#972=VERTEX_POINT('',#3044);
#973=VERTEX_POINT('',#3046);
#974=VERTEX_POINT('',#3048);
#975=VERTEX_POINT('',#3051);
#976=VERTEX_POINT('',#3052);
#977=VERTEX_POINT('',#3054);
#978=VERTEX_POINT('',#3056);
#979=VERTEX_POINT('',#3059);
#980=VERTEX_POINT('',#3060);
#981=VERTEX_POINT('',#3062);
#982=VERTEX_POINT('',#3064);
#983=VERTEX_POINT('',#3067);
#984=VERTEX_POINT('',#3068);
#985=VERTEX_POINT('',#3070);
#986=VERTEX_POINT('',#3072);
#987=VERTEX_POINT('',#3075);
#988=VERTEX_POINT('',#3076);
#989=VERTEX_POINT('',#3078);
#990=VERTEX_POINT('',#3080);
#991=VERTEX_POINT('',#3083);
#992=VERTEX_POINT('',#3084);
#993=VERTEX_POINT('',#3086);
#994=VERTEX_POINT('',#3088);
#995=VERTEX_POINT('',#3091);
#996=VERTEX_POINT('',#3092);
#997=VERTEX_POINT('',#3094);
#998=VERTEX_POINT('',#3096);
#999=VERTEX_POINT('',#3099);
#1000=VERTEX_POINT('',#3100);
#1001=VERTEX_POINT('',#3102);
#1002=VERTEX_POINT('',#3104);
#1003=VERTEX_POINT('',#3107);
#1004=VERTEX_POINT('',#3108);
#1005=VERTEX_POINT('',#3110);
#1006=VERTEX_POINT('',#3112);
#1007=VERTEX_POINT('',#3116);
#1008=VERTEX_POINT('',#3118);
#1009=VERTEX_POINT('',#3122);
#1010=VERTEX_POINT('',#3124);
#1011=VERTEX_POINT('',#3128);
#1012=VERTEX_POINT('',#3130);
#1013=VERTEX_POINT('',#3134);
#1014=VERTEX_POINT('',#3136);
#1015=VERTEX_POINT('',#3140);
#1016=VERTEX_POINT('',#3142);
#1017=VERTEX_POINT('',#3146);
#1018=VERTEX_POINT('',#3148);
#1019=VERTEX_POINT('',#3152);
#1020=VERTEX_POINT('',#3154);
#1021=VERTEX_POINT('',#3158);
#1022=VERTEX_POINT('',#3160);
#1023=VERTEX_POINT('',#3164);
#1024=VERTEX_POINT('',#3166);
#1025=VERTEX_POINT('',#3170);
#1026=VERTEX_POINT('',#3172);
#1027=VERTEX_POINT('',#3176);
#1028=VERTEX_POINT('',#3177);
#1029=VERTEX_POINT('',#3179);
#1030=VERTEX_POINT('',#3182);
#1031=VERTEX_POINT('',#3184);
#1032=VERTEX_POINT('',#3187);
#1033=VERTEX_POINT('',#3189);
#1034=VERTEX_POINT('',#3192);
#1035=VERTEX_POINT('',#3194);
#1036=VERTEX_POINT('',#3197);
#1037=VERTEX_POINT('',#3199);
#1038=VERTEX_POINT('',#3202);
#1039=VERTEX_POINT('',#3204);
#1040=VERTEX_POINT('',#3207);
#1041=VERTEX_POINT('',#3209);
#1042=VERTEX_POINT('',#3211);
#1043=VERTEX_POINT('',#3213);
#1044=VERTEX_POINT('',#3215);
#1045=VERTEX_POINT('',#3217);
#1046=VERTEX_POINT('',#3219);
#1047=VERTEX_POINT('',#3221);
#1048=VERTEX_POINT('',#3224);
#1049=VERTEX_POINT('',#3226);
#1050=VERTEX_POINT('',#3229);
#1051=VERTEX_POINT('',#3231);
#1052=VERTEX_POINT('',#3234);
#1053=VERTEX_POINT('',#3236);
#1054=VERTEX_POINT('',#3239);
#1055=VERTEX_POINT('',#3241);
#1056=VERTEX_POINT('',#3243);
#1057=VERTEX_POINT('',#3245);
#1058=VERTEX_POINT('',#3247);
#1059=VERTEX_POINT('',#3250);
#1060=VERTEX_POINT('',#3251);
#1061=VERTEX_POINT('',#3253);
#1062=VERTEX_POINT('',#3255);
#1063=VERTEX_POINT('',#3258);
#1064=VERTEX_POINT('',#3259);
#1065=VERTEX_POINT('',#3261);
#1066=VERTEX_POINT('',#3263);
#1067=VERTEX_POINT('',#3266);
#1068=VERTEX_POINT('',#3267);
#1069=VERTEX_POINT('',#3269);
#1070=VERTEX_POINT('',#3271);
#1071=VERTEX_POINT('',#3274);
#1072=VERTEX_POINT('',#3275);
#1073=VERTEX_POINT('',#3277);
#1074=VERTEX_POINT('',#3279);
#1075=VERTEX_POINT('',#3282);
#1076=VERTEX_POINT('',#3283);
#1077=VERTEX_POINT('',#3285);
#1078=VERTEX_POINT('',#3287);
#1079=VERTEX_POINT('',#3290);
#1080=VERTEX_POINT('',#3291);
#1081=VERTEX_POINT('',#3293);
#1082=VERTEX_POINT('',#3295);
#1083=VERTEX_POINT('',#3298);
#1084=VERTEX_POINT('',#3299);
#1085=VERTEX_POINT('',#3301);
#1086=VERTEX_POINT('',#3303);
#1087=VERTEX_POINT('',#3306);
#1088=VERTEX_POINT('',#3307);
#1089=VERTEX_POINT('',#3309);
#1090=VERTEX_POINT('',#3311);
#1091=VERTEX_POINT('',#3314);
#1092=VERTEX_POINT('',#3315);
#1093=VERTEX_POINT('',#3317);
#1094=VERTEX_POINT('',#3319);
#1095=VERTEX_POINT('',#3322);
#1096=VERTEX_POINT('',#3323);
#1097=VERTEX_POINT('',#3325);
#1098=VERTEX_POINT('',#3327);
#1099=VERTEX_POINT('',#3330);
#1100=VERTEX_POINT('',#3331);
#1101=VERTEX_POINT('',#3333);
#1102=VERTEX_POINT('',#3335);
#1103=VERTEX_POINT('',#3338);
#1104=VERTEX_POINT('',#3339);
#1105=VERTEX_POINT('',#3341);
#1106=VERTEX_POINT('',#3343);
#1107=VERTEX_POINT('',#3346);
#1108=VERTEX_POINT('',#3347);
#1109=VERTEX_POINT('',#3349);
#1110=VERTEX_POINT('',#3351);
#1111=EDGE_CURVE('',#903,#904,#279,.T.);
#1112=EDGE_CURVE('',#904,#905,#280,.T.);
#1113=EDGE_CURVE('',#905,#906,#281,.T.);
#1114=EDGE_CURVE('',#906,#907,#282,.T.);
#1115=EDGE_CURVE('',#907,#908,#283,.T.);
#1116=EDGE_CURVE('',#908,#909,#284,.T.);
#1117=EDGE_CURVE('',#909,#910,#285,.T.);
#1118=EDGE_CURVE('',#910,#911,#286,.T.);
#1119=EDGE_CURVE('',#911,#912,#287,.T.);
#1120=EDGE_CURVE('',#912,#913,#288,.T.);
#1121=EDGE_CURVE('',#913,#914,#289,.T.);
#1122=EDGE_CURVE('',#914,#915,#290,.T.);
#1123=EDGE_CURVE('',#915,#916,#291,.T.);
#1124=EDGE_CURVE('',#916,#917,#292,.T.);
#1125=EDGE_CURVE('',#917,#918,#293,.T.);
#1126=EDGE_CURVE('',#918,#919,#294,.T.);
#1127=EDGE_CURVE('',#919,#920,#295,.T.);
#1128=EDGE_CURVE('',#920,#921,#296,.T.);
#1129=EDGE_CURVE('',#921,#922,#297,.T.);
#1130=EDGE_CURVE('',#922,#923,#298,.T.);
#1131=EDGE_CURVE('',#923,#924,#299,.T.);
#1132=EDGE_CURVE('',#924,#925,#300,.T.);
#1133=EDGE_CURVE('',#925,#926,#301,.T.);
#1134=EDGE_CURVE('',#926,#927,#302,.T.);
#1135=EDGE_CURVE('',#927,#928,#303,.T.);
#1136=EDGE_CURVE('',#928,#929,#304,.T.);
#1137=EDGE_CURVE('',#929,#930,#305,.T.);
#1138=EDGE_CURVE('',#930,#931,#306,.T.);
#1139=EDGE_CURVE('',#931,#932,#307,.T.);
#1140=EDGE_CURVE('',#932,#933,#308,.T.);
#1141=EDGE_CURVE('',#933,#934,#309,.T.);
#1142=EDGE_CURVE('',#934,#935,#310,.T.);
#1143=EDGE_CURVE('',#935,#936,#311,.T.);
#1144=EDGE_CURVE('',#936,#937,#312,.T.);
#1145=EDGE_CURVE('',#937,#938,#313,.T.);
#1146=EDGE_CURVE('',#938,#939,#314,.T.);
#1147=EDGE_CURVE('',#939,#940,#315,.T.);
#1148=EDGE_CURVE('',#940,#941,#316,.T.);
#1149=EDGE_CURVE('',#941,#942,#317,.T.);
#1150=EDGE_CURVE('',#942,#943,#318,.T.);
#1151=EDGE_CURVE('',#943,#944,#319,.T.);
#1152=EDGE_CURVE('',#944,#945,#320,.T.);
#1153=EDGE_CURVE('',#945,#946,#321,.T.);
#1154=EDGE_CURVE('',#946,#947,#322,.T.);
#1155=EDGE_CURVE('',#947,#948,#323,.T.);
#1156=EDGE_CURVE('',#948,#949,#324,.T.);
#1157=EDGE_CURVE('',#949,#950,#325,.T.);
#1158=EDGE_CURVE('',#950,#951,#326,.T.);
#1159=EDGE_CURVE('',#951,#952,#327,.T.);
#1160=EDGE_CURVE('',#952,#953,#328,.T.);
#1161=EDGE_CURVE('',#953,#954,#329,.T.);
#1162=EDGE_CURVE('',#954,#903,#330,.T.);
#1163=EDGE_CURVE('',#955,#956,#331,.T.);
#1164=EDGE_CURVE('',#956,#957,#332,.T.);
#1165=EDGE_CURVE('',#957,#958,#333,.T.);
#1166=EDGE_CURVE('',#958,#955,#334,.T.);
#1167=EDGE_CURVE('',#959,#960,#335,.T.);
#1168=EDGE_CURVE('',#960,#961,#336,.T.);
#1169=EDGE_CURVE('',#961,#962,#337,.T.);
#1170=EDGE_CURVE('',#962,#959,#338,.T.);
#1171=EDGE_CURVE('',#963,#964,#339,.T.);
#1172=EDGE_CURVE('',#964,#965,#340,.T.);
#1173=EDGE_CURVE('',#965,#966,#341,.T.);
#1174=EDGE_CURVE('',#966,#963,#342,.T.);
#1175=EDGE_CURVE('',#967,#968,#343,.T.);
#1176=EDGE_CURVE('',#968,#969,#344,.T.);
#1177=EDGE_CURVE('',#969,#970,#345,.T.);
#1178=EDGE_CURVE('',#970,#967,#346,.T.);
#1179=EDGE_CURVE('',#971,#972,#347,.T.);
#1180=EDGE_CURVE('',#972,#973,#348,.T.);
#1181=EDGE_CURVE('',#973,#974,#349,.T.);
#1182=EDGE_CURVE('',#974,#971,#350,.T.);
#1183=EDGE_CURVE('',#975,#976,#351,.T.);
#1184=EDGE_CURVE('',#976,#977,#352,.T.);
#1185=EDGE_CURVE('',#977,#978,#353,.T.);
#1186=EDGE_CURVE('',#978,#975,#354,.T.);
#1187=EDGE_CURVE('',#979,#980,#355,.T.);
#1188=EDGE_CURVE('',#980,#981,#356,.T.);
#1189=EDGE_CURVE('',#981,#982,#357,.T.);
#1190=EDGE_CURVE('',#982,#979,#358,.T.);
#1191=EDGE_CURVE('',#983,#984,#359,.T.);
#1192=EDGE_CURVE('',#984,#985,#360,.T.);
#1193=EDGE_CURVE('',#985,#986,#361,.T.);
#1194=EDGE_CURVE('',#986,#983,#362,.T.);
#1195=EDGE_CURVE('',#987,#988,#363,.T.);
#1196=EDGE_CURVE('',#988,#989,#364,.T.);
#1197=EDGE_CURVE('',#989,#990,#365,.T.);
#1198=EDGE_CURVE('',#990,#987,#366,.T.);
#1199=EDGE_CURVE('',#991,#992,#367,.T.);
#1200=EDGE_CURVE('',#992,#993,#368,.T.);
#1201=EDGE_CURVE('',#993,#994,#369,.T.);
#1202=EDGE_CURVE('',#994,#991,#370,.T.);
#1203=EDGE_CURVE('',#995,#996,#371,.T.);
#1204=EDGE_CURVE('',#996,#997,#372,.T.);
#1205=EDGE_CURVE('',#997,#998,#373,.T.);
#1206=EDGE_CURVE('',#998,#995,#374,.T.);
#1207=EDGE_CURVE('',#999,#1000,#375,.T.);
#1208=EDGE_CURVE('',#1000,#1001,#376,.T.);
#1209=EDGE_CURVE('',#1001,#1002,#377,.T.);
#1210=EDGE_CURVE('',#1002,#999,#378,.T.);
#1211=EDGE_CURVE('',#1003,#1004,#379,.T.);
#1212=EDGE_CURVE('',#1004,#1005,#380,.T.);
#1213=EDGE_CURVE('',#1005,#1006,#381,.T.);
#1214=EDGE_CURVE('',#1006,#1003,#382,.T.);
#1215=EDGE_CURVE('',#1007,#953,#383,.T.);
#1216=EDGE_CURVE('',#1008,#952,#384,.T.);
#1217=EDGE_CURVE('',#1007,#1008,#385,.T.);
#1218=EDGE_CURVE('',#1009,#949,#386,.T.);
#1219=EDGE_CURVE('',#1010,#948,#387,.T.);
#1220=EDGE_CURVE('',#1009,#1010,#388,.T.);
#1221=EDGE_CURVE('',#1011,#945,#389,.T.);
#1222=EDGE_CURVE('',#1012,#944,#390,.T.);
#1223=EDGE_CURVE('',#1011,#1012,#391,.T.);
#1224=EDGE_CURVE('',#1013,#941,#392,.T.);
#1225=EDGE_CURVE('',#1014,#940,#393,.T.);
#1226=EDGE_CURVE('',#1013,#1014,#394,.T.);
#1227=EDGE_CURVE('',#1015,#937,#395,.T.);
#1228=EDGE_CURVE('',#1016,#936,#396,.T.);
#1229=EDGE_CURVE('',#1015,#1016,#397,.T.);
#1230=EDGE_CURVE('',#1017,#933,#398,.T.);
#1231=EDGE_CURVE('',#1018,#932,#399,.T.);
#1232=EDGE_CURVE('',#1017,#1018,#400,.T.);
#1233=EDGE_CURVE('',#910,#1019,#401,.T.);
#1234=EDGE_CURVE('',#1020,#1019,#402,.T.);
#1235=EDGE_CURVE('',#1020,#911,#403,.T.);
#1236=EDGE_CURVE('',#914,#1021,#404,.T.);
#1237=EDGE_CURVE('',#1022,#1021,#405,.T.);
#1238=EDGE_CURVE('',#1022,#915,#406,.T.);
#1239=EDGE_CURVE('',#918,#1023,#407,.T.);
#1240=EDGE_CURVE('',#1024,#1023,#408,.T.);
#1241=EDGE_CURVE('',#1024,#919,#409,.T.);
#1242=EDGE_CURVE('',#922,#1025,#410,.T.);
#1243=EDGE_CURVE('',#1026,#1025,#411,.T.);
#1244=EDGE_CURVE('',#1026,#923,#412,.T.);
#1245=EDGE_CURVE('',#1027,#1028,#413,.T.);
#1246=EDGE_CURVE('',#1028,#1029,#414,.T.);
#1247=EDGE_CURVE('',#1029,#1007,#415,.T.);
#1248=EDGE_CURVE('',#1008,#1030,#416,.T.);
#1249=EDGE_CURVE('',#1030,#1031,#417,.T.);
#1250=EDGE_CURVE('',#1031,#1009,#418,.T.);
#1251=EDGE_CURVE('',#1010,#1032,#419,.T.);
#1252=EDGE_CURVE('',#1032,#1033,#420,.T.);
#1253=EDGE_CURVE('',#1033,#1011,#421,.T.);
#1254=EDGE_CURVE('',#1012,#1034,#422,.T.);
#1255=EDGE_CURVE('',#1034,#1035,#423,.T.);
#1256=EDGE_CURVE('',#1035,#1013,#424,.T.);
#1257=EDGE_CURVE('',#1014,#1036,#425,.T.);
#1258=EDGE_CURVE('',#1036,#1037,#426,.T.);
#1259=EDGE_CURVE('',#1037,#1015,#427,.T.);
#1260=EDGE_CURVE('',#1016,#1038,#428,.T.);
#1261=EDGE_CURVE('',#1038,#1039,#429,.T.);
#1262=EDGE_CURVE('',#1039,#1017,#430,.T.);
#1263=EDGE_CURVE('',#1018,#1040,#431,.T.);
#1264=EDGE_CURVE('',#1040,#1041,#432,.T.);
#1265=EDGE_CURVE('',#1041,#1042,#433,.T.);
#1266=EDGE_CURVE('',#1042,#1043,#434,.T.);
#1267=EDGE_CURVE('',#1043,#1044,#435,.T.);
#1268=EDGE_CURVE('',#1044,#1045,#436,.T.);
#1269=EDGE_CURVE('',#1045,#1046,#437,.T.);
#1270=EDGE_CURVE('',#1046,#1047,#438,.T.);
#1271=EDGE_CURVE('',#1047,#1026,#439,.T.);
#1272=EDGE_CURVE('',#1025,#1048,#440,.T.);
#1273=EDGE_CURVE('',#1048,#1049,#441,.T.);
#1274=EDGE_CURVE('',#1049,#1024,#442,.T.);
#1275=EDGE_CURVE('',#1023,#1050,#443,.T.);
#1276=EDGE_CURVE('',#1050,#1051,#444,.T.);
#1277=EDGE_CURVE('',#1051,#1022,#445,.T.);
#1278=EDGE_CURVE('',#1021,#1052,#446,.T.);
#1279=EDGE_CURVE('',#1052,#1053,#447,.T.);
#1280=EDGE_CURVE('',#1053,#1020,#448,.T.);
#1281=EDGE_CURVE('',#1019,#1054,#449,.T.);
#1282=EDGE_CURVE('',#1054,#1055,#450,.T.);
#1283=EDGE_CURVE('',#1055,#1056,#451,.T.);
#1284=EDGE_CURVE('',#1056,#1057,#452,.T.);
#1285=EDGE_CURVE('',#1057,#1058,#453,.T.);
#1286=EDGE_CURVE('',#1058,#1027,#454,.T.);
#1287=EDGE_CURVE('',#1059,#1060,#455,.T.);
#1288=EDGE_CURVE('',#1060,#1061,#456,.T.);
#1289=EDGE_CURVE('',#1061,#1062,#457,.T.);
#1290=EDGE_CURVE('',#1062,#1059,#458,.T.);
#1291=EDGE_CURVE('',#1063,#1064,#459,.T.);
#1292=EDGE_CURVE('',#1064,#1065,#460,.T.);
#1293=EDGE_CURVE('',#1065,#1066,#461,.T.);
#1294=EDGE_CURVE('',#1066,#1063,#462,.T.);
#1295=EDGE_CURVE('',#1067,#1068,#463,.T.);
#1296=EDGE_CURVE('',#1068,#1069,#464,.T.);
#1297=EDGE_CURVE('',#1069,#1070,#465,.T.);
#1298=EDGE_CURVE('',#1070,#1067,#466,.T.);
#1299=EDGE_CURVE('',#1071,#1072,#467,.T.);
#1300=EDGE_CURVE('',#1072,#1073,#468,.T.);
#1301=EDGE_CURVE('',#1073,#1074,#469,.T.);
#1302=EDGE_CURVE('',#1074,#1071,#470,.T.);
#1303=EDGE_CURVE('',#1075,#1076,#471,.T.);
#1304=EDGE_CURVE('',#1076,#1077,#472,.T.);
#1305=EDGE_CURVE('',#1077,#1078,#473,.T.);
#1306=EDGE_CURVE('',#1078,#1075,#474,.T.);
#1307=EDGE_CURVE('',#1079,#1080,#475,.T.);
#1308=EDGE_CURVE('',#1080,#1081,#476,.T.);
#1309=EDGE_CURVE('',#1081,#1082,#477,.T.);
#1310=EDGE_CURVE('',#1082,#1079,#478,.T.);
#1311=EDGE_CURVE('',#1083,#1084,#479,.T.);
#1312=EDGE_CURVE('',#1084,#1085,#480,.T.);
#1313=EDGE_CURVE('',#1085,#1086,#481,.T.);
#1314=EDGE_CURVE('',#1086,#1083,#482,.T.);
#1315=EDGE_CURVE('',#1087,#1088,#483,.T.);
#1316=EDGE_CURVE('',#1088,#1089,#484,.T.);
#1317=EDGE_CURVE('',#1089,#1090,#485,.T.);
#1318=EDGE_CURVE('',#1090,#1087,#486,.T.);
#1319=EDGE_CURVE('',#1091,#1092,#487,.T.);
#1320=EDGE_CURVE('',#1092,#1093,#488,.T.);
#1321=EDGE_CURVE('',#1093,#1094,#489,.T.);
#1322=EDGE_CURVE('',#1094,#1091,#490,.T.);
#1323=EDGE_CURVE('',#1095,#1096,#491,.T.);
#1324=EDGE_CURVE('',#1096,#1097,#492,.T.);
#1325=EDGE_CURVE('',#1097,#1098,#493,.T.);
#1326=EDGE_CURVE('',#1098,#1095,#494,.T.);
#1327=EDGE_CURVE('',#1099,#1100,#495,.T.);
#1328=EDGE_CURVE('',#1100,#1101,#496,.T.);
#1329=EDGE_CURVE('',#1101,#1102,#497,.T.);
#1330=EDGE_CURVE('',#1102,#1099,#498,.T.);
#1331=EDGE_CURVE('',#1103,#1104,#499,.T.);
#1332=EDGE_CURVE('',#1104,#1105,#500,.T.);
#1333=EDGE_CURVE('',#1105,#1106,#501,.T.);
#1334=EDGE_CURVE('',#1106,#1103,#502,.T.);
#1335=EDGE_CURVE('',#1107,#1108,#503,.T.);
#1336=EDGE_CURVE('',#1108,#1109,#504,.T.);
#1337=EDGE_CURVE('',#1109,#1110,#505,.T.);
#1338=EDGE_CURVE('',#1110,#1107,#506,.T.);
#1339=EDGE_CURVE('',#926,#1045,#507,.T.);
#1340=EDGE_CURVE('',#1044,#927,#508,.T.);
#1341=EDGE_CURVE('',#1056,#907,#509,.T.);
#1342=EDGE_CURVE('',#1057,#906,#510,.T.);
#1343=EDGE_CURVE('',#1062,#1005,#511,.T.);
#1344=EDGE_CURVE('',#1061,#1006,#512,.T.);
#1345=EDGE_CURVE('',#1059,#1004,#513,.T.);
#1346=EDGE_CURVE('',#1066,#1001,#514,.T.);
#1347=EDGE_CURVE('',#1065,#1002,#515,.T.);
#1348=EDGE_CURVE('',#1063,#1000,#516,.T.);
#1349=EDGE_CURVE('',#1070,#997,#517,.T.);
#1350=EDGE_CURVE('',#1069,#998,#518,.T.);
#1351=EDGE_CURVE('',#1067,#996,#519,.T.);
#1352=EDGE_CURVE('',#1074,#993,#520,.T.);
#1353=EDGE_CURVE('',#1073,#994,#521,.T.);
#1354=EDGE_CURVE('',#1071,#992,#522,.T.);
#1355=EDGE_CURVE('',#1078,#989,#523,.T.);
#1356=EDGE_CURVE('',#1077,#990,#524,.T.);
#1357=EDGE_CURVE('',#1075,#988,#525,.T.);
#1358=EDGE_CURVE('',#1082,#985,#526,.T.);
#1359=EDGE_CURVE('',#1081,#986,#527,.T.);
#1360=EDGE_CURVE('',#1079,#984,#528,.T.);
#1361=EDGE_CURVE('',#1086,#981,#529,.T.);
#1362=EDGE_CURVE('',#1085,#982,#530,.T.);
#1363=EDGE_CURVE('',#1083,#980,#531,.T.);
#1364=EDGE_CURVE('',#1090,#977,#532,.T.);
#1365=EDGE_CURVE('',#1089,#978,#533,.T.);
#1366=EDGE_CURVE('',#1087,#976,#534,.T.);
#1367=EDGE_CURVE('',#1094,#973,#535,.T.);
#1368=EDGE_CURVE('',#1093,#974,#536,.T.);
#1369=EDGE_CURVE('',#1091,#972,#537,.T.);
#1370=EDGE_CURVE('',#1098,#969,#538,.T.);
#1371=EDGE_CURVE('',#1097,#970,#539,.T.);
#1372=EDGE_CURVE('',#1095,#968,#540,.T.);
#1373=EDGE_CURVE('',#925,#1046,#541,.T.);
#1374=EDGE_CURVE('',#909,#1054,#542,.T.);
#1375=EDGE_CURVE('',#921,#1048,#543,.T.);
#1376=EDGE_CURVE('',#950,#1031,#544,.T.);
#1377=EDGE_CURVE('',#951,#1030,#545,.T.);
#1378=EDGE_CURVE('',#934,#1039,#546,.T.);
#1379=EDGE_CURVE('',#935,#1038,#547,.T.);
#1380=EDGE_CURVE('',#942,#1035,#548,.T.);
#1381=EDGE_CURVE('',#943,#1034,#549,.T.);
#1382=EDGE_CURVE('',#965,#1102,#550,.T.);
#1383=EDGE_CURVE('',#966,#1101,#551,.T.);
#1384=EDGE_CURVE('',#964,#1099,#552,.T.);
#1385=EDGE_CURVE('',#929,#1042,#553,.T.);
#1386=EDGE_CURVE('',#1041,#930,#554,.T.);
#1387=EDGE_CURVE('',#954,#1029,#555,.T.);
#1388=EDGE_CURVE('',#903,#1028,#556,.T.);
#1389=EDGE_CURVE('',#938,#1037,#557,.T.);
#1390=EDGE_CURVE('',#939,#1036,#558,.T.);
#1391=EDGE_CURVE('',#913,#1052,#559,.T.);
#1392=EDGE_CURVE('',#917,#1050,#560,.T.);
#1393=EDGE_CURVE('',#946,#1033,#561,.T.);
#1394=EDGE_CURVE('',#947,#1032,#562,.T.);
#1395=EDGE_CURVE('',#961,#1106,#563,.T.);
#1396=EDGE_CURVE('',#962,#1105,#564,.T.);
#1397=EDGE_CURVE('',#960,#1103,#565,.T.);
#1398=EDGE_CURVE('',#957,#1110,#566,.T.);
#1399=EDGE_CURVE('',#958,#1109,#567,.T.);
#1400=EDGE_CURVE('',#956,#1107,#568,.T.);
#1401=EDGE_CURVE('',#931,#1040,#569,.T.);
#1402=EDGE_CURVE('',#905,#1058,#570,.T.);
#1403=EDGE_CURVE('',#1027,#904,#571,.T.);
#1404=EDGE_CURVE('',#955,#1108,#572,.T.);
#1405=EDGE_CURVE('',#959,#1104,#573,.T.);
#1406=EDGE_CURVE('',#916,#1051,#574,.T.);
#1407=EDGE_CURVE('',#912,#1053,#575,.T.);
#1408=EDGE_CURVE('',#928,#1043,#576,.T.);
#1409=EDGE_CURVE('',#963,#1100,#577,.T.);
#1410=EDGE_CURVE('',#920,#1049,#578,.T.);
#1411=EDGE_CURVE('',#908,#1055,#579,.T.);
#1412=EDGE_CURVE('',#924,#1047,#580,.T.);
#1413=EDGE_CURVE('',#1096,#967,#581,.T.);
#1414=EDGE_CURVE('',#1092,#971,#582,.T.);
#1415=EDGE_CURVE('',#1088,#975,#583,.T.);
#1416=EDGE_CURVE('',#1084,#979,#584,.T.);
#1417=EDGE_CURVE('',#1080,#983,#585,.T.);
#1418=EDGE_CURVE('',#1076,#987,#586,.T.);
#1419=EDGE_CURVE('',#1072,#991,#587,.T.);
#1420=EDGE_CURVE('',#1068,#995,#588,.T.);
#1421=EDGE_CURVE('',#1064,#999,#589,.T.);
#1422=EDGE_CURVE('',#1060,#1003,#590,.T.);
#1423=ORIENTED_EDGE('',*,*,#1111,.T.);
#1424=ORIENTED_EDGE('',*,*,#1112,.T.);
#1425=ORIENTED_EDGE('',*,*,#1113,.T.);
#1426=ORIENTED_EDGE('',*,*,#1114,.T.);
#1427=ORIENTED_EDGE('',*,*,#1115,.T.);
#1428=ORIENTED_EDGE('',*,*,#1116,.T.);
#1429=ORIENTED_EDGE('',*,*,#1117,.T.);
#1430=ORIENTED_EDGE('',*,*,#1118,.T.);
#1431=ORIENTED_EDGE('',*,*,#1119,.T.);
#1432=ORIENTED_EDGE('',*,*,#1120,.T.);
#1433=ORIENTED_EDGE('',*,*,#1121,.T.);
#1434=ORIENTED_EDGE('',*,*,#1122,.T.);
#1435=ORIENTED_EDGE('',*,*,#1123,.T.);
#1436=ORIENTED_EDGE('',*,*,#1124,.T.);
#1437=ORIENTED_EDGE('',*,*,#1125,.T.);
#1438=ORIENTED_EDGE('',*,*,#1126,.T.);
#1439=ORIENTED_EDGE('',*,*,#1127,.T.);
#1440=ORIENTED_EDGE('',*,*,#1128,.T.);
#1441=ORIENTED_EDGE('',*,*,#1129,.T.);
#1442=ORIENTED_EDGE('',*,*,#1130,.T.);
#1443=ORIENTED_EDGE('',*,*,#1131,.T.);
#1444=ORIENTED_EDGE('',*,*,#1132,.T.);
#1445=ORIENTED_EDGE('',*,*,#1133,.T.);
#1446=ORIENTED_EDGE('',*,*,#1134,.T.);
#1447=ORIENTED_EDGE('',*,*,#1135,.T.);
#1448=ORIENTED_EDGE('',*,*,#1136,.T.);
#1449=ORIENTED_EDGE('',*,*,#1137,.T.);
#1450=ORIENTED_EDGE('',*,*,#1138,.T.);
#1451=ORIENTED_EDGE('',*,*,#1139,.T.);
#1452=ORIENTED_EDGE('',*,*,#1140,.T.);
#1453=ORIENTED_EDGE('',*,*,#1141,.T.);
#1454=ORIENTED_EDGE('',*,*,#1142,.T.);
#1455=ORIENTED_EDGE('',*,*,#1143,.T.);
#1456=ORIENTED_EDGE('',*,*,#1144,.T.);
#1457=ORIENTED_EDGE('',*,*,#1145,.T.);
#1458=ORIENTED_EDGE('',*,*,#1146,.T.);
#1459=ORIENTED_EDGE('',*,*,#1147,.T.);
#1460=ORIENTED_EDGE('',*,*,#1148,.T.);
#1461=ORIENTED_EDGE('',*,*,#1149,.T.);
#1462=ORIENTED_EDGE('',*,*,#1150,.T.);
#1463=ORIENTED_EDGE('',*,*,#1151,.T.);
#1464=ORIENTED_EDGE('',*,*,#1152,.T.);
#1465=ORIENTED_EDGE('',*,*,#1153,.T.);
#1466=ORIENTED_EDGE('',*,*,#1154,.T.);
#1467=ORIENTED_EDGE('',*,*,#1155,.T.);
#1468=ORIENTED_EDGE('',*,*,#1156,.T.);
#1469=ORIENTED_EDGE('',*,*,#1157,.T.);
#1470=ORIENTED_EDGE('',*,*,#1158,.T.);
#1471=ORIENTED_EDGE('',*,*,#1159,.T.);
#1472=ORIENTED_EDGE('',*,*,#1160,.T.);
#1473=ORIENTED_EDGE('',*,*,#1161,.T.);
#1474=ORIENTED_EDGE('',*,*,#1162,.T.);
#1475=ORIENTED_EDGE('',*,*,#1163,.T.);
#1476=ORIENTED_EDGE('',*,*,#1164,.T.);
#1477=ORIENTED_EDGE('',*,*,#1165,.T.);
#1478=ORIENTED_EDGE('',*,*,#1166,.T.);
#1479=ORIENTED_EDGE('',*,*,#1167,.T.);
#1480=ORIENTED_EDGE('',*,*,#1168,.T.);
#1481=ORIENTED_EDGE('',*,*,#1169,.T.);
#1482=ORIENTED_EDGE('',*,*,#1170,.T.);
#1483=ORIENTED_EDGE('',*,*,#1171,.T.);
#1484=ORIENTED_EDGE('',*,*,#1172,.T.);
#1485=ORIENTED_EDGE('',*,*,#1173,.T.);
#1486=ORIENTED_EDGE('',*,*,#1174,.T.);
#1487=ORIENTED_EDGE('',*,*,#1175,.T.);
#1488=ORIENTED_EDGE('',*,*,#1176,.T.);
#1489=ORIENTED_EDGE('',*,*,#1177,.T.);
#1490=ORIENTED_EDGE('',*,*,#1178,.T.);
#1491=ORIENTED_EDGE('',*,*,#1179,.T.);
#1492=ORIENTED_EDGE('',*,*,#1180,.T.);
#1493=ORIENTED_EDGE('',*,*,#1181,.T.);
#1494=ORIENTED_EDGE('',*,*,#1182,.T.);
#1495=ORIENTED_EDGE('',*,*,#1183,.T.);
#1496=ORIENTED_EDGE('',*,*,#1184,.T.);
#1497=ORIENTED_EDGE('',*,*,#1185,.T.);
#1498=ORIENTED_EDGE('',*,*,#1186,.T.);
#1499=ORIENTED_EDGE('',*,*,#1187,.T.);
#1500=ORIENTED_EDGE('',*,*,#1188,.T.);
#1501=ORIENTED_EDGE('',*,*,#1189,.T.);
#1502=ORIENTED_EDGE('',*,*,#1190,.T.);
#1503=ORIENTED_EDGE('',*,*,#1191,.T.);
#1504=ORIENTED_EDGE('',*,*,#1192,.T.);
#1505=ORIENTED_EDGE('',*,*,#1193,.T.);
#1506=ORIENTED_EDGE('',*,*,#1194,.T.);
#1507=ORIENTED_EDGE('',*,*,#1195,.T.);
#1508=ORIENTED_EDGE('',*,*,#1196,.T.);
#1509=ORIENTED_EDGE('',*,*,#1197,.T.);
#1510=ORIENTED_EDGE('',*,*,#1198,.T.);
#1511=ORIENTED_EDGE('',*,*,#1199,.T.);
#1512=ORIENTED_EDGE('',*,*,#1200,.T.);
#1513=ORIENTED_EDGE('',*,*,#1201,.T.);
#1514=ORIENTED_EDGE('',*,*,#1202,.T.);
#1515=ORIENTED_EDGE('',*,*,#1203,.T.);
#1516=ORIENTED_EDGE('',*,*,#1204,.T.);
#1517=ORIENTED_EDGE('',*,*,#1205,.T.);
#1518=ORIENTED_EDGE('',*,*,#1206,.T.);
#1519=ORIENTED_EDGE('',*,*,#1207,.T.);
#1520=ORIENTED_EDGE('',*,*,#1208,.T.);
#1521=ORIENTED_EDGE('',*,*,#1209,.T.);
#1522=ORIENTED_EDGE('',*,*,#1210,.T.);
#1523=ORIENTED_EDGE('',*,*,#1211,.T.);
#1524=ORIENTED_EDGE('',*,*,#1212,.T.);
#1525=ORIENTED_EDGE('',*,*,#1213,.T.);
#1526=ORIENTED_EDGE('',*,*,#1214,.T.);
#1527=ORIENTED_EDGE('',*,*,#1215,.T.);
#1528=ORIENTED_EDGE('',*,*,#1160,.F.);
#1529=ORIENTED_EDGE('',*,*,#1216,.F.);
#1530=ORIENTED_EDGE('',*,*,#1217,.F.);
#1531=ORIENTED_EDGE('',*,*,#1218,.T.);
#1532=ORIENTED_EDGE('',*,*,#1156,.F.);
#1533=ORIENTED_EDGE('',*,*,#1219,.F.);
#1534=ORIENTED_EDGE('',*,*,#1220,.F.);
#1535=ORIENTED_EDGE('',*,*,#1221,.T.);
#1536=ORIENTED_EDGE('',*,*,#1152,.F.);
#1537=ORIENTED_EDGE('',*,*,#1222,.F.);
#1538=ORIENTED_EDGE('',*,*,#1223,.F.);
#1539=ORIENTED_EDGE('',*,*,#1224,.T.);
#1540=ORIENTED_EDGE('',*,*,#1148,.F.);
#1541=ORIENTED_EDGE('',*,*,#1225,.F.);
#1542=ORIENTED_EDGE('',*,*,#1226,.F.);
#1543=ORIENTED_EDGE('',*,*,#1227,.T.);
#1544=ORIENTED_EDGE('',*,*,#1144,.F.);
#1545=ORIENTED_EDGE('',*,*,#1228,.F.);
#1546=ORIENTED_EDGE('',*,*,#1229,.F.);
#1547=ORIENTED_EDGE('',*,*,#1230,.T.);
#1548=ORIENTED_EDGE('',*,*,#1140,.F.);
#1549=ORIENTED_EDGE('',*,*,#1231,.F.);
#1550=ORIENTED_EDGE('',*,*,#1232,.F.);
#1551=ORIENTED_EDGE('',*,*,#1233,.T.);
#1552=ORIENTED_EDGE('',*,*,#1234,.F.);
#1553=ORIENTED_EDGE('',*,*,#1235,.T.);
#1554=ORIENTED_EDGE('',*,*,#1118,.F.);
#1555=ORIENTED_EDGE('',*,*,#1236,.T.);
#1556=ORIENTED_EDGE('',*,*,#1237,.F.);
#1557=ORIENTED_EDGE('',*,*,#1238,.T.);
#1558=ORIENTED_EDGE('',*,*,#1122,.F.);
#1559=ORIENTED_EDGE('',*,*,#1239,.T.);
#1560=ORIENTED_EDGE('',*,*,#1240,.F.);
#1561=ORIENTED_EDGE('',*,*,#1241,.T.);
#1562=ORIENTED_EDGE('',*,*,#1126,.F.);
#1563=ORIENTED_EDGE('',*,*,#1242,.T.);
#1564=ORIENTED_EDGE('',*,*,#1243,.F.);
#1565=ORIENTED_EDGE('',*,*,#1244,.T.);
#1566=ORIENTED_EDGE('',*,*,#1130,.F.);
#1567=ORIENTED_EDGE('',*,*,#1245,.T.);
#1568=ORIENTED_EDGE('',*,*,#1246,.T.);
#1569=ORIENTED_EDGE('',*,*,#1247,.T.);
#1570=ORIENTED_EDGE('',*,*,#1217,.T.);
#1571=ORIENTED_EDGE('',*,*,#1248,.T.);
#1572=ORIENTED_EDGE('',*,*,#1249,.T.);
#1573=ORIENTED_EDGE('',*,*,#1250,.T.);
#1574=ORIENTED_EDGE('',*,*,#1220,.T.);
#1575=ORIENTED_EDGE('',*,*,#1251,.T.);
#1576=ORIENTED_EDGE('',*,*,#1252,.T.);
#1577=ORIENTED_EDGE('',*,*,#1253,.T.);
#1578=ORIENTED_EDGE('',*,*,#1223,.T.);
#1579=ORIENTED_EDGE('',*,*,#1254,.T.);
#1580=ORIENTED_EDGE('',*,*,#1255,.T.);
#1581=ORIENTED_EDGE('',*,*,#1256,.T.);
#1582=ORIENTED_EDGE('',*,*,#1226,.T.);
#1583=ORIENTED_EDGE('',*,*,#1257,.T.);
#1584=ORIENTED_EDGE('',*,*,#1258,.T.);
#1585=ORIENTED_EDGE('',*,*,#1259,.T.);
#1586=ORIENTED_EDGE('',*,*,#1229,.T.);
#1587=ORIENTED_EDGE('',*,*,#1260,.T.);
#1588=ORIENTED_EDGE('',*,*,#1261,.T.);
#1589=ORIENTED_EDGE('',*,*,#1262,.T.);
#1590=ORIENTED_EDGE('',*,*,#1232,.T.);
#1591=ORIENTED_EDGE('',*,*,#1263,.T.);
#1592=ORIENTED_EDGE('',*,*,#1264,.T.);
#1593=ORIENTED_EDGE('',*,*,#1265,.T.);
#1594=ORIENTED_EDGE('',*,*,#1266,.T.);
#1595=ORIENTED_EDGE('',*,*,#1267,.T.);
#1596=ORIENTED_EDGE('',*,*,#1268,.T.);
#1597=ORIENTED_EDGE('',*,*,#1269,.T.);
#1598=ORIENTED_EDGE('',*,*,#1270,.T.);
#1599=ORIENTED_EDGE('',*,*,#1271,.T.);
#1600=ORIENTED_EDGE('',*,*,#1243,.T.);
#1601=ORIENTED_EDGE('',*,*,#1272,.T.);
#1602=ORIENTED_EDGE('',*,*,#1273,.T.);
#1603=ORIENTED_EDGE('',*,*,#1274,.T.);
#1604=ORIENTED_EDGE('',*,*,#1240,.T.);
#1605=ORIENTED_EDGE('',*,*,#1275,.T.);
#1606=ORIENTED_EDGE('',*,*,#1276,.T.);
#1607=ORIENTED_EDGE('',*,*,#1277,.T.);
#1608=ORIENTED_EDGE('',*,*,#1237,.T.);
#1609=ORIENTED_EDGE('',*,*,#1278,.T.);
#1610=ORIENTED_EDGE('',*,*,#1279,.T.);
#1611=ORIENTED_EDGE('',*,*,#1280,.T.);
#1612=ORIENTED_EDGE('',*,*,#1234,.T.);
#1613=ORIENTED_EDGE('',*,*,#1281,.T.);
#1614=ORIENTED_EDGE('',*,*,#1282,.T.);
#1615=ORIENTED_EDGE('',*,*,#1283,.T.);
#1616=ORIENTED_EDGE('',*,*,#1284,.T.);
#1617=ORIENTED_EDGE('',*,*,#1285,.T.);
#1618=ORIENTED_EDGE('',*,*,#1286,.T.);
#1619=ORIENTED_EDGE('',*,*,#1287,.T.);
#1620=ORIENTED_EDGE('',*,*,#1288,.T.);
#1621=ORIENTED_EDGE('',*,*,#1289,.T.);
#1622=ORIENTED_EDGE('',*,*,#1290,.T.);
#1623=ORIENTED_EDGE('',*,*,#1291,.T.);
#1624=ORIENTED_EDGE('',*,*,#1292,.T.);
#1625=ORIENTED_EDGE('',*,*,#1293,.T.);
#1626=ORIENTED_EDGE('',*,*,#1294,.T.);
#1627=ORIENTED_EDGE('',*,*,#1295,.T.);
#1628=ORIENTED_EDGE('',*,*,#1296,.T.);
#1629=ORIENTED_EDGE('',*,*,#1297,.T.);
#1630=ORIENTED_EDGE('',*,*,#1298,.T.);
#1631=ORIENTED_EDGE('',*,*,#1299,.T.);
#1632=ORIENTED_EDGE('',*,*,#1300,.T.);
#1633=ORIENTED_EDGE('',*,*,#1301,.T.);
#1634=ORIENTED_EDGE('',*,*,#1302,.T.);
#1635=ORIENTED_EDGE('',*,*,#1303,.T.);
#1636=ORIENTED_EDGE('',*,*,#1304,.T.);
#1637=ORIENTED_EDGE('',*,*,#1305,.T.);
#1638=ORIENTED_EDGE('',*,*,#1306,.T.);
#1639=ORIENTED_EDGE('',*,*,#1307,.T.);
#1640=ORIENTED_EDGE('',*,*,#1308,.T.);
#1641=ORIENTED_EDGE('',*,*,#1309,.T.);
#1642=ORIENTED_EDGE('',*,*,#1310,.T.);
#1643=ORIENTED_EDGE('',*,*,#1311,.T.);
#1644=ORIENTED_EDGE('',*,*,#1312,.T.);
#1645=ORIENTED_EDGE('',*,*,#1313,.T.);
#1646=ORIENTED_EDGE('',*,*,#1314,.T.);
#1647=ORIENTED_EDGE('',*,*,#1315,.T.);
#1648=ORIENTED_EDGE('',*,*,#1316,.T.);
#1649=ORIENTED_EDGE('',*,*,#1317,.T.);
#1650=ORIENTED_EDGE('',*,*,#1318,.T.);
#1651=ORIENTED_EDGE('',*,*,#1319,.T.);
#1652=ORIENTED_EDGE('',*,*,#1320,.T.);
#1653=ORIENTED_EDGE('',*,*,#1321,.T.);
#1654=ORIENTED_EDGE('',*,*,#1322,.T.);
#1655=ORIENTED_EDGE('',*,*,#1323,.T.);
#1656=ORIENTED_EDGE('',*,*,#1324,.T.);
#1657=ORIENTED_EDGE('',*,*,#1325,.T.);
#1658=ORIENTED_EDGE('',*,*,#1326,.T.);
#1659=ORIENTED_EDGE('',*,*,#1327,.T.);
#1660=ORIENTED_EDGE('',*,*,#1328,.T.);
#1661=ORIENTED_EDGE('',*,*,#1329,.T.);
#1662=ORIENTED_EDGE('',*,*,#1330,.T.);
#1663=ORIENTED_EDGE('',*,*,#1331,.T.);
#1664=ORIENTED_EDGE('',*,*,#1332,.T.);
#1665=ORIENTED_EDGE('',*,*,#1333,.T.);
#1666=ORIENTED_EDGE('',*,*,#1334,.T.);
#1667=ORIENTED_EDGE('',*,*,#1335,.T.);
#1668=ORIENTED_EDGE('',*,*,#1336,.T.);
#1669=ORIENTED_EDGE('',*,*,#1337,.T.);
#1670=ORIENTED_EDGE('',*,*,#1338,.T.);
#1671=ORIENTED_EDGE('',*,*,#1339,.T.);
#1672=ORIENTED_EDGE('',*,*,#1268,.F.);
#1673=ORIENTED_EDGE('',*,*,#1340,.T.);
#1674=ORIENTED_EDGE('',*,*,#1134,.F.);
#1675=ORIENTED_EDGE('',*,*,#1341,.T.);
#1676=ORIENTED_EDGE('',*,*,#1114,.F.);
#1677=ORIENTED_EDGE('',*,*,#1342,.F.);
#1678=ORIENTED_EDGE('',*,*,#1284,.F.);
#1679=ORIENTED_EDGE('',*,*,#1343,.F.);
#1680=ORIENTED_EDGE('',*,*,#1289,.F.);
#1681=ORIENTED_EDGE('',*,*,#1344,.T.);
#1682=ORIENTED_EDGE('',*,*,#1213,.F.);
#1683=ORIENTED_EDGE('',*,*,#1345,.F.);
#1684=ORIENTED_EDGE('',*,*,#1290,.F.);
#1685=ORIENTED_EDGE('',*,*,#1343,.T.);
#1686=ORIENTED_EDGE('',*,*,#1212,.F.);
#1687=ORIENTED_EDGE('',*,*,#1346,.F.);
#1688=ORIENTED_EDGE('',*,*,#1293,.F.);
#1689=ORIENTED_EDGE('',*,*,#1347,.T.);
#1690=ORIENTED_EDGE('',*,*,#1209,.F.);
#1691=ORIENTED_EDGE('',*,*,#1348,.F.);
#1692=ORIENTED_EDGE('',*,*,#1294,.F.);
#1693=ORIENTED_EDGE('',*,*,#1346,.T.);
#1694=ORIENTED_EDGE('',*,*,#1208,.F.);
#1695=ORIENTED_EDGE('',*,*,#1349,.F.);
#1696=ORIENTED_EDGE('',*,*,#1297,.F.);
#1697=ORIENTED_EDGE('',*,*,#1350,.T.);
#1698=ORIENTED_EDGE('',*,*,#1205,.F.);
#1699=ORIENTED_EDGE('',*,*,#1351,.F.);
#1700=ORIENTED_EDGE('',*,*,#1298,.F.);
#1701=ORIENTED_EDGE('',*,*,#1349,.T.);
#1702=ORIENTED_EDGE('',*,*,#1204,.F.);
#1703=ORIENTED_EDGE('',*,*,#1352,.F.);
#1704=ORIENTED_EDGE('',*,*,#1301,.F.);
#1705=ORIENTED_EDGE('',*,*,#1353,.T.);
#1706=ORIENTED_EDGE('',*,*,#1201,.F.);
#1707=ORIENTED_EDGE('',*,*,#1354,.F.);
#1708=ORIENTED_EDGE('',*,*,#1302,.F.);
#1709=ORIENTED_EDGE('',*,*,#1352,.T.);
#1710=ORIENTED_EDGE('',*,*,#1200,.F.);
#1711=ORIENTED_EDGE('',*,*,#1355,.F.);
#1712=ORIENTED_EDGE('',*,*,#1305,.F.);
#1713=ORIENTED_EDGE('',*,*,#1356,.T.);
#1714=ORIENTED_EDGE('',*,*,#1197,.F.);
#1715=ORIENTED_EDGE('',*,*,#1357,.F.);
#1716=ORIENTED_EDGE('',*,*,#1306,.F.);
#1717=ORIENTED_EDGE('',*,*,#1355,.T.);
#1718=ORIENTED_EDGE('',*,*,#1196,.F.);
#1719=ORIENTED_EDGE('',*,*,#1358,.F.);
#1720=ORIENTED_EDGE('',*,*,#1309,.F.);
#1721=ORIENTED_EDGE('',*,*,#1359,.T.);
#1722=ORIENTED_EDGE('',*,*,#1193,.F.);
#1723=ORIENTED_EDGE('',*,*,#1360,.F.);
#1724=ORIENTED_EDGE('',*,*,#1310,.F.);
#1725=ORIENTED_EDGE('',*,*,#1358,.T.);
#1726=ORIENTED_EDGE('',*,*,#1192,.F.);
#1727=ORIENTED_EDGE('',*,*,#1361,.F.);
#1728=ORIENTED_EDGE('',*,*,#1313,.F.);
#1729=ORIENTED_EDGE('',*,*,#1362,.T.);
#1730=ORIENTED_EDGE('',*,*,#1189,.F.);
#1731=ORIENTED_EDGE('',*,*,#1363,.F.);
#1732=ORIENTED_EDGE('',*,*,#1314,.F.);
#1733=ORIENTED_EDGE('',*,*,#1361,.T.);
#1734=ORIENTED_EDGE('',*,*,#1188,.F.);
#1735=ORIENTED_EDGE('',*,*,#1364,.F.);
#1736=ORIENTED_EDGE('',*,*,#1317,.F.);
#1737=ORIENTED_EDGE('',*,*,#1365,.T.);
#1738=ORIENTED_EDGE('',*,*,#1185,.F.);
#1739=ORIENTED_EDGE('',*,*,#1366,.F.);
#1740=ORIENTED_EDGE('',*,*,#1318,.F.);
#1741=ORIENTED_EDGE('',*,*,#1364,.T.);
#1742=ORIENTED_EDGE('',*,*,#1184,.F.);
#1743=ORIENTED_EDGE('',*,*,#1367,.F.);
#1744=ORIENTED_EDGE('',*,*,#1321,.F.);
#1745=ORIENTED_EDGE('',*,*,#1368,.T.);
#1746=ORIENTED_EDGE('',*,*,#1181,.F.);
#1747=ORIENTED_EDGE('',*,*,#1369,.F.);
#1748=ORIENTED_EDGE('',*,*,#1322,.F.);
#1749=ORIENTED_EDGE('',*,*,#1367,.T.);
#1750=ORIENTED_EDGE('',*,*,#1180,.F.);
#1751=ORIENTED_EDGE('',*,*,#1370,.F.);
#1752=ORIENTED_EDGE('',*,*,#1325,.F.);
#1753=ORIENTED_EDGE('',*,*,#1371,.T.);
#1754=ORIENTED_EDGE('',*,*,#1177,.F.);
#1755=ORIENTED_EDGE('',*,*,#1372,.F.);
#1756=ORIENTED_EDGE('',*,*,#1326,.F.);
#1757=ORIENTED_EDGE('',*,*,#1370,.T.);
#1758=ORIENTED_EDGE('',*,*,#1176,.F.);
#1759=ORIENTED_EDGE('',*,*,#1373,.T.);
#1760=ORIENTED_EDGE('',*,*,#1269,.F.);
#1761=ORIENTED_EDGE('',*,*,#1339,.F.);
#1762=ORIENTED_EDGE('',*,*,#1133,.F.);
#1763=ORIENTED_EDGE('',*,*,#1374,.T.);
#1764=ORIENTED_EDGE('',*,*,#1281,.F.);
#1765=ORIENTED_EDGE('',*,*,#1233,.F.);
#1766=ORIENTED_EDGE('',*,*,#1117,.F.);
#1767=ORIENTED_EDGE('',*,*,#1375,.T.);
#1768=ORIENTED_EDGE('',*,*,#1272,.F.);
#1769=ORIENTED_EDGE('',*,*,#1242,.F.);
#1770=ORIENTED_EDGE('',*,*,#1129,.F.);
#1771=ORIENTED_EDGE('',*,*,#1376,.T.);
#1772=ORIENTED_EDGE('',*,*,#1249,.F.);
#1773=ORIENTED_EDGE('',*,*,#1377,.F.);
#1774=ORIENTED_EDGE('',*,*,#1158,.F.);
#1775=ORIENTED_EDGE('',*,*,#1218,.F.);
#1776=ORIENTED_EDGE('',*,*,#1250,.F.);
#1777=ORIENTED_EDGE('',*,*,#1376,.F.);
#1778=ORIENTED_EDGE('',*,*,#1157,.F.);
#1779=ORIENTED_EDGE('',*,*,#1378,.T.);
#1780=ORIENTED_EDGE('',*,*,#1261,.F.);
#1781=ORIENTED_EDGE('',*,*,#1379,.F.);
#1782=ORIENTED_EDGE('',*,*,#1142,.F.);
#1783=ORIENTED_EDGE('',*,*,#1230,.F.);
#1784=ORIENTED_EDGE('',*,*,#1262,.F.);
#1785=ORIENTED_EDGE('',*,*,#1378,.F.);
#1786=ORIENTED_EDGE('',*,*,#1141,.F.);
#1787=ORIENTED_EDGE('',*,*,#1380,.T.);
#1788=ORIENTED_EDGE('',*,*,#1255,.F.);
#1789=ORIENTED_EDGE('',*,*,#1381,.F.);
#1790=ORIENTED_EDGE('',*,*,#1150,.F.);
#1791=ORIENTED_EDGE('',*,*,#1224,.F.);
#1792=ORIENTED_EDGE('',*,*,#1256,.F.);
#1793=ORIENTED_EDGE('',*,*,#1380,.F.);
#1794=ORIENTED_EDGE('',*,*,#1149,.F.);
#1795=ORIENTED_EDGE('',*,*,#1382,.T.);
#1796=ORIENTED_EDGE('',*,*,#1329,.F.);
#1797=ORIENTED_EDGE('',*,*,#1383,.F.);
#1798=ORIENTED_EDGE('',*,*,#1173,.F.);
#1799=ORIENTED_EDGE('',*,*,#1384,.T.);
#1800=ORIENTED_EDGE('',*,*,#1330,.F.);
#1801=ORIENTED_EDGE('',*,*,#1382,.F.);
#1802=ORIENTED_EDGE('',*,*,#1172,.F.);
#1803=ORIENTED_EDGE('',*,*,#1385,.T.);
#1804=ORIENTED_EDGE('',*,*,#1265,.F.);
#1805=ORIENTED_EDGE('',*,*,#1386,.T.);
#1806=ORIENTED_EDGE('',*,*,#1137,.F.);
#1807=ORIENTED_EDGE('',*,*,#1387,.T.);
#1808=ORIENTED_EDGE('',*,*,#1246,.F.);
#1809=ORIENTED_EDGE('',*,*,#1388,.F.);
#1810=ORIENTED_EDGE('',*,*,#1162,.F.);
#1811=ORIENTED_EDGE('',*,*,#1215,.F.);
#1812=ORIENTED_EDGE('',*,*,#1247,.F.);
#1813=ORIENTED_EDGE('',*,*,#1387,.F.);
#1814=ORIENTED_EDGE('',*,*,#1161,.F.);
#1815=ORIENTED_EDGE('',*,*,#1389,.T.);
#1816=ORIENTED_EDGE('',*,*,#1258,.F.);
#1817=ORIENTED_EDGE('',*,*,#1390,.F.);
#1818=ORIENTED_EDGE('',*,*,#1146,.F.);
#1819=ORIENTED_EDGE('',*,*,#1227,.F.);
#1820=ORIENTED_EDGE('',*,*,#1259,.F.);
#1821=ORIENTED_EDGE('',*,*,#1389,.F.);
#1822=ORIENTED_EDGE('',*,*,#1145,.F.);
#1823=ORIENTED_EDGE('',*,*,#1391,.T.);
#1824=ORIENTED_EDGE('',*,*,#1278,.F.);
#1825=ORIENTED_EDGE('',*,*,#1236,.F.);
#1826=ORIENTED_EDGE('',*,*,#1121,.F.);
#1827=ORIENTED_EDGE('',*,*,#1392,.T.);
#1828=ORIENTED_EDGE('',*,*,#1275,.F.);
#1829=ORIENTED_EDGE('',*,*,#1239,.F.);
#1830=ORIENTED_EDGE('',*,*,#1125,.F.);
#1831=ORIENTED_EDGE('',*,*,#1393,.T.);
#1832=ORIENTED_EDGE('',*,*,#1252,.F.);
#1833=ORIENTED_EDGE('',*,*,#1394,.F.);
#1834=ORIENTED_EDGE('',*,*,#1154,.F.);
#1835=ORIENTED_EDGE('',*,*,#1221,.F.);
#1836=ORIENTED_EDGE('',*,*,#1253,.F.);
#1837=ORIENTED_EDGE('',*,*,#1393,.F.);
#1838=ORIENTED_EDGE('',*,*,#1153,.F.);
#1839=ORIENTED_EDGE('',*,*,#1395,.T.);
#1840=ORIENTED_EDGE('',*,*,#1333,.F.);
#1841=ORIENTED_EDGE('',*,*,#1396,.F.);
#1842=ORIENTED_EDGE('',*,*,#1169,.F.);
#1843=ORIENTED_EDGE('',*,*,#1397,.T.);
#1844=ORIENTED_EDGE('',*,*,#1334,.F.);
#1845=ORIENTED_EDGE('',*,*,#1395,.F.);
#1846=ORIENTED_EDGE('',*,*,#1168,.F.);
#1847=ORIENTED_EDGE('',*,*,#1398,.T.);
#1848=ORIENTED_EDGE('',*,*,#1337,.F.);
#1849=ORIENTED_EDGE('',*,*,#1399,.F.);
#1850=ORIENTED_EDGE('',*,*,#1165,.F.);
#1851=ORIENTED_EDGE('',*,*,#1400,.T.);
#1852=ORIENTED_EDGE('',*,*,#1338,.F.);
#1853=ORIENTED_EDGE('',*,*,#1398,.F.);
#1854=ORIENTED_EDGE('',*,*,#1164,.F.);
#1855=ORIENTED_EDGE('',*,*,#1401,.T.);
#1856=ORIENTED_EDGE('',*,*,#1263,.F.);
#1857=ORIENTED_EDGE('',*,*,#1231,.T.);
#1858=ORIENTED_EDGE('',*,*,#1139,.F.);
#1859=ORIENTED_EDGE('',*,*,#1386,.F.);
#1860=ORIENTED_EDGE('',*,*,#1264,.F.);
#1861=ORIENTED_EDGE('',*,*,#1401,.F.);
#1862=ORIENTED_EDGE('',*,*,#1138,.F.);
#1863=ORIENTED_EDGE('',*,*,#1402,.T.);
#1864=ORIENTED_EDGE('',*,*,#1285,.F.);
#1865=ORIENTED_EDGE('',*,*,#1342,.T.);
#1866=ORIENTED_EDGE('',*,*,#1113,.F.);
#1867=ORIENTED_EDGE('',*,*,#1403,.F.);
#1868=ORIENTED_EDGE('',*,*,#1286,.F.);
#1869=ORIENTED_EDGE('',*,*,#1402,.F.);
#1870=ORIENTED_EDGE('',*,*,#1112,.F.);
#1871=ORIENTED_EDGE('',*,*,#1404,.T.);
#1872=ORIENTED_EDGE('',*,*,#1335,.F.);
#1873=ORIENTED_EDGE('',*,*,#1400,.F.);
#1874=ORIENTED_EDGE('',*,*,#1163,.F.);
#1875=ORIENTED_EDGE('',*,*,#1399,.T.);
#1876=ORIENTED_EDGE('',*,*,#1336,.F.);
#1877=ORIENTED_EDGE('',*,*,#1404,.F.);
#1878=ORIENTED_EDGE('',*,*,#1166,.F.);
#1879=ORIENTED_EDGE('',*,*,#1405,.T.);
#1880=ORIENTED_EDGE('',*,*,#1331,.F.);
#1881=ORIENTED_EDGE('',*,*,#1397,.F.);
#1882=ORIENTED_EDGE('',*,*,#1167,.F.);
#1883=ORIENTED_EDGE('',*,*,#1396,.T.);
#1884=ORIENTED_EDGE('',*,*,#1332,.F.);
#1885=ORIENTED_EDGE('',*,*,#1405,.F.);
#1886=ORIENTED_EDGE('',*,*,#1170,.F.);
#1887=ORIENTED_EDGE('',*,*,#1394,.T.);
#1888=ORIENTED_EDGE('',*,*,#1251,.F.);
#1889=ORIENTED_EDGE('',*,*,#1219,.T.);
#1890=ORIENTED_EDGE('',*,*,#1155,.F.);
#1891=ORIENTED_EDGE('',*,*,#1406,.T.);
#1892=ORIENTED_EDGE('',*,*,#1276,.F.);
#1893=ORIENTED_EDGE('',*,*,#1392,.F.);
#1894=ORIENTED_EDGE('',*,*,#1124,.F.);
#1895=ORIENTED_EDGE('',*,*,#1238,.F.);
#1896=ORIENTED_EDGE('',*,*,#1277,.F.);
#1897=ORIENTED_EDGE('',*,*,#1406,.F.);
#1898=ORIENTED_EDGE('',*,*,#1123,.F.);
#1899=ORIENTED_EDGE('',*,*,#1407,.T.);
#1900=ORIENTED_EDGE('',*,*,#1279,.F.);
#1901=ORIENTED_EDGE('',*,*,#1391,.F.);
#1902=ORIENTED_EDGE('',*,*,#1120,.F.);
#1903=ORIENTED_EDGE('',*,*,#1235,.F.);
#1904=ORIENTED_EDGE('',*,*,#1280,.F.);
#1905=ORIENTED_EDGE('',*,*,#1407,.F.);
#1906=ORIENTED_EDGE('',*,*,#1119,.F.);
#1907=ORIENTED_EDGE('',*,*,#1390,.T.);
#1908=ORIENTED_EDGE('',*,*,#1257,.F.);
#1909=ORIENTED_EDGE('',*,*,#1225,.T.);
#1910=ORIENTED_EDGE('',*,*,#1147,.F.);
#1911=ORIENTED_EDGE('',*,*,#1388,.T.);
#1912=ORIENTED_EDGE('',*,*,#1245,.F.);
#1913=ORIENTED_EDGE('',*,*,#1403,.T.);
#1914=ORIENTED_EDGE('',*,*,#1111,.F.);
#1915=ORIENTED_EDGE('',*,*,#1408,.T.);
#1916=ORIENTED_EDGE('',*,*,#1266,.F.);
#1917=ORIENTED_EDGE('',*,*,#1385,.F.);
#1918=ORIENTED_EDGE('',*,*,#1136,.F.);
#1919=ORIENTED_EDGE('',*,*,#1340,.F.);
#1920=ORIENTED_EDGE('',*,*,#1267,.F.);
#1921=ORIENTED_EDGE('',*,*,#1408,.F.);
#1922=ORIENTED_EDGE('',*,*,#1135,.F.);
#1923=ORIENTED_EDGE('',*,*,#1409,.T.);
#1924=ORIENTED_EDGE('',*,*,#1327,.F.);
#1925=ORIENTED_EDGE('',*,*,#1384,.F.);
#1926=ORIENTED_EDGE('',*,*,#1171,.F.);
#1927=ORIENTED_EDGE('',*,*,#1383,.T.);
#1928=ORIENTED_EDGE('',*,*,#1328,.F.);
#1929=ORIENTED_EDGE('',*,*,#1409,.F.);
#1930=ORIENTED_EDGE('',*,*,#1174,.F.);
#1931=ORIENTED_EDGE('',*,*,#1381,.T.);
#1932=ORIENTED_EDGE('',*,*,#1254,.F.);
#1933=ORIENTED_EDGE('',*,*,#1222,.T.);
#1934=ORIENTED_EDGE('',*,*,#1151,.F.);
#1935=ORIENTED_EDGE('',*,*,#1379,.T.);
#1936=ORIENTED_EDGE('',*,*,#1260,.F.);
#1937=ORIENTED_EDGE('',*,*,#1228,.T.);
#1938=ORIENTED_EDGE('',*,*,#1143,.F.);
#1939=ORIENTED_EDGE('',*,*,#1377,.T.);
#1940=ORIENTED_EDGE('',*,*,#1248,.F.);
#1941=ORIENTED_EDGE('',*,*,#1216,.T.);
#1942=ORIENTED_EDGE('',*,*,#1159,.F.);
#1943=ORIENTED_EDGE('',*,*,#1410,.T.);
#1944=ORIENTED_EDGE('',*,*,#1273,.F.);
#1945=ORIENTED_EDGE('',*,*,#1375,.F.);
#1946=ORIENTED_EDGE('',*,*,#1128,.F.);
#1947=ORIENTED_EDGE('',*,*,#1241,.F.);
#1948=ORIENTED_EDGE('',*,*,#1274,.F.);
#1949=ORIENTED_EDGE('',*,*,#1410,.F.);
#1950=ORIENTED_EDGE('',*,*,#1127,.F.);
#1951=ORIENTED_EDGE('',*,*,#1411,.T.);
#1952=ORIENTED_EDGE('',*,*,#1282,.F.);
#1953=ORIENTED_EDGE('',*,*,#1374,.F.);
#1954=ORIENTED_EDGE('',*,*,#1116,.F.);
#1955=ORIENTED_EDGE('',*,*,#1341,.F.);
#1956=ORIENTED_EDGE('',*,*,#1283,.F.);
#1957=ORIENTED_EDGE('',*,*,#1411,.F.);
#1958=ORIENTED_EDGE('',*,*,#1115,.F.);
#1959=ORIENTED_EDGE('',*,*,#1412,.T.);
#1960=ORIENTED_EDGE('',*,*,#1270,.F.);
#1961=ORIENTED_EDGE('',*,*,#1373,.F.);
#1962=ORIENTED_EDGE('',*,*,#1132,.F.);
#1963=ORIENTED_EDGE('',*,*,#1244,.F.);
#1964=ORIENTED_EDGE('',*,*,#1271,.F.);
#1965=ORIENTED_EDGE('',*,*,#1412,.F.);
#1966=ORIENTED_EDGE('',*,*,#1131,.F.);
#1967=ORIENTED_EDGE('',*,*,#1371,.F.);
#1968=ORIENTED_EDGE('',*,*,#1324,.F.);
#1969=ORIENTED_EDGE('',*,*,#1413,.T.);
#1970=ORIENTED_EDGE('',*,*,#1178,.F.);
#1971=ORIENTED_EDGE('',*,*,#1413,.F.);
#1972=ORIENTED_EDGE('',*,*,#1323,.F.);
#1973=ORIENTED_EDGE('',*,*,#1372,.T.);
#1974=ORIENTED_EDGE('',*,*,#1175,.F.);
#1975=ORIENTED_EDGE('',*,*,#1368,.F.);
#1976=ORIENTED_EDGE('',*,*,#1320,.F.);
#1977=ORIENTED_EDGE('',*,*,#1414,.T.);
#1978=ORIENTED_EDGE('',*,*,#1182,.F.);
#1979=ORIENTED_EDGE('',*,*,#1414,.F.);
#1980=ORIENTED_EDGE('',*,*,#1319,.F.);
#1981=ORIENTED_EDGE('',*,*,#1369,.T.);
#1982=ORIENTED_EDGE('',*,*,#1179,.F.);
#1983=ORIENTED_EDGE('',*,*,#1365,.F.);
#1984=ORIENTED_EDGE('',*,*,#1316,.F.);
#1985=ORIENTED_EDGE('',*,*,#1415,.T.);
#1986=ORIENTED_EDGE('',*,*,#1186,.F.);
#1987=ORIENTED_EDGE('',*,*,#1415,.F.);
#1988=ORIENTED_EDGE('',*,*,#1315,.F.);
#1989=ORIENTED_EDGE('',*,*,#1366,.T.);
#1990=ORIENTED_EDGE('',*,*,#1183,.F.);
#1991=ORIENTED_EDGE('',*,*,#1362,.F.);
#1992=ORIENTED_EDGE('',*,*,#1312,.F.);
#1993=ORIENTED_EDGE('',*,*,#1416,.T.);
#1994=ORIENTED_EDGE('',*,*,#1190,.F.);
#1995=ORIENTED_EDGE('',*,*,#1416,.F.);
#1996=ORIENTED_EDGE('',*,*,#1311,.F.);
#1997=ORIENTED_EDGE('',*,*,#1363,.T.);
#1998=ORIENTED_EDGE('',*,*,#1187,.F.);
#1999=ORIENTED_EDGE('',*,*,#1359,.F.);
#2000=ORIENTED_EDGE('',*,*,#1308,.F.);
#2001=ORIENTED_EDGE('',*,*,#1417,.T.);
#2002=ORIENTED_EDGE('',*,*,#1194,.F.);
#2003=ORIENTED_EDGE('',*,*,#1417,.F.);
#2004=ORIENTED_EDGE('',*,*,#1307,.F.);
#2005=ORIENTED_EDGE('',*,*,#1360,.T.);
#2006=ORIENTED_EDGE('',*,*,#1191,.F.);
#2007=ORIENTED_EDGE('',*,*,#1356,.F.);
#2008=ORIENTED_EDGE('',*,*,#1304,.F.);
#2009=ORIENTED_EDGE('',*,*,#1418,.T.);
#2010=ORIENTED_EDGE('',*,*,#1198,.F.);
#2011=ORIENTED_EDGE('',*,*,#1418,.F.);
#2012=ORIENTED_EDGE('',*,*,#1303,.F.);
#2013=ORIENTED_EDGE('',*,*,#1357,.T.);
#2014=ORIENTED_EDGE('',*,*,#1195,.F.);
#2015=ORIENTED_EDGE('',*,*,#1353,.F.);
#2016=ORIENTED_EDGE('',*,*,#1300,.F.);
#2017=ORIENTED_EDGE('',*,*,#1419,.T.);
#2018=ORIENTED_EDGE('',*,*,#1202,.F.);
#2019=ORIENTED_EDGE('',*,*,#1419,.F.);
#2020=ORIENTED_EDGE('',*,*,#1299,.F.);
#2021=ORIENTED_EDGE('',*,*,#1354,.T.);
#2022=ORIENTED_EDGE('',*,*,#1199,.F.);
#2023=ORIENTED_EDGE('',*,*,#1350,.F.);
#2024=ORIENTED_EDGE('',*,*,#1296,.F.);
#2025=ORIENTED_EDGE('',*,*,#1420,.T.);
#2026=ORIENTED_EDGE('',*,*,#1206,.F.);
#2027=ORIENTED_EDGE('',*,*,#1420,.F.);
#2028=ORIENTED_EDGE('',*,*,#1295,.F.);
#2029=ORIENTED_EDGE('',*,*,#1351,.T.);
#2030=ORIENTED_EDGE('',*,*,#1203,.F.);
#2031=ORIENTED_EDGE('',*,*,#1347,.F.);
#2032=ORIENTED_EDGE('',*,*,#1292,.F.);
#2033=ORIENTED_EDGE('',*,*,#1421,.T.);
#2034=ORIENTED_EDGE('',*,*,#1210,.F.);
#2035=ORIENTED_EDGE('',*,*,#1421,.F.);
#2036=ORIENTED_EDGE('',*,*,#1291,.F.);
#2037=ORIENTED_EDGE('',*,*,#1348,.T.);
#2038=ORIENTED_EDGE('',*,*,#1207,.F.);
#2039=ORIENTED_EDGE('',*,*,#1422,.F.);
#2040=ORIENTED_EDGE('',*,*,#1287,.F.);
#2041=ORIENTED_EDGE('',*,*,#1345,.T.);
#2042=ORIENTED_EDGE('',*,*,#1211,.F.);
#2043=ORIENTED_EDGE('',*,*,#1344,.F.);
#2044=ORIENTED_EDGE('',*,*,#1288,.F.);
#2045=ORIENTED_EDGE('',*,*,#1422,.T.);
#2046=ORIENTED_EDGE('',*,*,#1214,.F.);
#2047=PLANE('',#2273);
#2048=PLANE('',#2274);
#2049=PLANE('',#2275);
#2050=PLANE('',#2276);
#2051=PLANE('',#2277);
#2052=PLANE('',#2278);
#2053=PLANE('',#2279);
#2054=PLANE('',#2280);
#2055=PLANE('',#2281);
#2056=PLANE('',#2282);
#2057=PLANE('',#2283);
#2058=PLANE('',#2284);
#2059=PLANE('',#2285);
#2060=PLANE('',#2286);
#2061=PLANE('',#2287);
#2062=PLANE('',#2288);
#2063=PLANE('',#2289);
#2064=PLANE('',#2290);
#2065=PLANE('',#2291);
#2066=PLANE('',#2292);
#2067=PLANE('',#2293);
#2068=PLANE('',#2294);
#2069=PLANE('',#2295);
#2070=PLANE('',#2296);
#2071=PLANE('',#2297);
#2072=PLANE('',#2298);
#2073=PLANE('',#2299);
#2074=PLANE('',#2300);
#2075=PLANE('',#2301);
#2076=PLANE('',#2302);
#2077=PLANE('',#2303);
#2078=PLANE('',#2304);
#2079=PLANE('',#2305);
#2080=PLANE('',#2306);
#2081=PLANE('',#2307);
#2082=PLANE('',#2308);
#2083=PLANE('',#2309);
#2084=PLANE('',#2310);
#2085=PLANE('',#2311);
#2086=PLANE('',#2312);
#2087=PLANE('',#2313);
#2088=PLANE('',#2314);
#2089=PLANE('',#2315);
#2090=PLANE('',#2316);
#2091=PLANE('',#2317);
#2092=PLANE('',#2318);
#2093=PLANE('',#2319);
#2094=PLANE('',#2320);
#2095=PLANE('',#2321);
#2096=PLANE('',#2322);
#2097=PLANE('',#2323);
#2098=PLANE('',#2324);
#2099=PLANE('',#2325);
#2100=PLANE('',#2326);
#2101=PLANE('',#2327);
#2102=PLANE('',#2328);
#2103=PLANE('',#2329);
#2104=PLANE('',#2330);
#2105=PLANE('',#2331);
#2106=PLANE('',#2332);
#2107=PLANE('',#2333);
#2108=PLANE('',#2334);
#2109=PLANE('',#2335);
#2110=PLANE('',#2336);
#2111=PLANE('',#2337);
#2112=PLANE('',#2338);
#2113=PLANE('',#2339);
#2114=PLANE('',#2340);
#2115=PLANE('',#2341);
#2116=PLANE('',#2342);
#2117=PLANE('',#2343);
#2118=PLANE('',#2344);
#2119=PLANE('',#2345);
#2120=PLANE('',#2346);
#2121=PLANE('',#2347);
#2122=PLANE('',#2348);
#2123=PLANE('',#2349);
#2124=PLANE('',#2350);
#2125=PLANE('',#2351);
#2126=PLANE('',#2352);
#2127=PLANE('',#2353);
#2128=PLANE('',#2354);
#2129=PLANE('',#2355);
#2130=PLANE('',#2356);
#2131=PLANE('',#2357);
#2132=PLANE('',#2358);
#2133=PLANE('',#2359);
#2134=PLANE('',#2360);
#2135=PLANE('',#2361);
#2136=PLANE('',#2362);
#2137=PLANE('',#2363);
#2138=PLANE('',#2364);
#2139=PLANE('',#2365);
#2140=PLANE('',#2366);
#2141=PLANE('',#2367);
#2142=PLANE('',#2368);
#2143=PLANE('',#2369);
#2144=PLANE('',#2370);
#2145=PLANE('',#2371);
#2146=PLANE('',#2372);
#2147=PLANE('',#2373);
#2148=PLANE('',#2374);
#2149=PLANE('',#2375);
#2150=PLANE('',#2376);
#2151=PLANE('',#2377);
#2152=PLANE('',#2378);
#2153=ADVANCED_FACE('',(#41,#15,#16,#17,#18,#19,#20,#21,#22,#23,#24,#25,
#26,#27),#2047,.T.);
#2154=ADVANCED_FACE('',(#42),#2048,.F.);
#2155=ADVANCED_FACE('',(#43),#2049,.F.);
#2156=ADVANCED_FACE('',(#44),#2050,.F.);
#2157=ADVANCED_FACE('',(#45),#2051,.F.);
#2158=ADVANCED_FACE('',(#46),#2052,.F.);
#2159=ADVANCED_FACE('',(#47),#2053,.F.);
#2160=ADVANCED_FACE('',(#48),#2054,.F.);
#2161=ADVANCED_FACE('',(#49),#2055,.F.);
#2162=ADVANCED_FACE('',(#50),#2056,.F.);
#2163=ADVANCED_FACE('',(#51),#2057,.F.);
#2164=ADVANCED_FACE('',(#52,#28,#29,#30,#31,#32,#33,#34,#35,#36,#37,#38,
#39,#40),#2058,.F.);
#2165=ADVANCED_FACE('',(#53),#2059,.F.);
#2166=ADVANCED_FACE('',(#54),#2060,.F.);
#2167=ADVANCED_FACE('',(#55),#2061,.F.);
#2168=ADVANCED_FACE('',(#56),#2062,.F.);
#2169=ADVANCED_FACE('',(#57),#2063,.F.);
#2170=ADVANCED_FACE('',(#58),#2064,.F.);
#2171=ADVANCED_FACE('',(#59),#2065,.F.);
#2172=ADVANCED_FACE('',(#60),#2066,.F.);
#2173=ADVANCED_FACE('',(#61),#2067,.F.);
#2174=ADVANCED_FACE('',(#62),#2068,.F.);
#2175=ADVANCED_FACE('',(#63),#2069,.F.);
#2176=ADVANCED_FACE('',(#64),#2070,.F.);
#2177=ADVANCED_FACE('',(#65),#2071,.F.);
#2178=ADVANCED_FACE('',(#66),#2072,.F.);
#2179=ADVANCED_FACE('',(#67),#2073,.F.);
#2180=ADVANCED_FACE('',(#68),#2074,.F.);
#2181=ADVANCED_FACE('',(#69),#2075,.F.);
#2182=ADVANCED_FACE('',(#70),#2076,.F.);
#2183=ADVANCED_FACE('',(#71),#2077,.F.);
#2184=ADVANCED_FACE('',(#72),#2078,.F.);
#2185=ADVANCED_FACE('',(#73),#2079,.F.);
#2186=ADVANCED_FACE('',(#74),#2080,.F.);
#2187=ADVANCED_FACE('',(#75),#2081,.F.);
#2188=ADVANCED_FACE('',(#76),#2082,.F.);
#2189=ADVANCED_FACE('',(#77),#2083,.F.);
#2190=ADVANCED_FACE('',(#78),#2084,.F.);
#2191=ADVANCED_FACE('',(#79),#2085,.F.);
#2192=ADVANCED_FACE('',(#80),#2086,.F.);
#2193=ADVANCED_FACE('',(#81),#2087,.F.);
#2194=ADVANCED_FACE('',(#82),#2088,.F.);
#2195=ADVANCED_FACE('',(#83),#2089,.F.);
#2196=ADVANCED_FACE('',(#84),#2090,.F.);
#2197=ADVANCED_FACE('',(#85),#2091,.F.);
#2198=ADVANCED_FACE('',(#86),#2092,.F.);
#2199=ADVANCED_FACE('',(#87),#2093,.F.);
#2200=ADVANCED_FACE('',(#88),#2094,.F.);
#2201=ADVANCED_FACE('',(#89),#2095,.F.);
#2202=ADVANCED_FACE('',(#90),#2096,.F.);
#2203=ADVANCED_FACE('',(#91),#2097,.F.);
#2204=ADVANCED_FACE('',(#92),#2098,.F.);
#2205=ADVANCED_FACE('',(#93),#2099,.F.);
#2206=ADVANCED_FACE('',(#94),#2100,.F.);
#2207=ADVANCED_FACE('',(#95),#2101,.F.);
#2208=ADVANCED_FACE('',(#96),#2102,.F.);
#2209=ADVANCED_FACE('',(#97),#2103,.F.);
#2210=ADVANCED_FACE('',(#98),#2104,.F.);
#2211=ADVANCED_FACE('',(#99),#2105,.T.);
#2212=ADVANCED_FACE('',(#100),#2106,.F.);
#2213=ADVANCED_FACE('',(#101),#2107,.T.);
#2214=ADVANCED_FACE('',(#102),#2108,.F.);
#2215=ADVANCED_FACE('',(#103),#2109,.F.);
#2216=ADVANCED_FACE('',(#104),#2110,.F.);
#2217=ADVANCED_FACE('',(#105),#2111,.F.);
#2218=ADVANCED_FACE('',(#106),#2112,.F.);
#2219=ADVANCED_FACE('',(#107),#2113,.F.);
#2220=ADVANCED_FACE('',(#108),#2114,.F.);
#2221=ADVANCED_FACE('',(#109),#2115,.F.);
#2222=ADVANCED_FACE('',(#110),#2116,.F.);
#2223=ADVANCED_FACE('',(#111),#2117,.F.);
#2224=ADVANCED_FACE('',(#112),#2118,.F.);
#2225=ADVANCED_FACE('',(#113),#2119,.F.);
#2226=ADVANCED_FACE('',(#114),#2120,.F.);
#2227=ADVANCED_FACE('',(#115),#2121,.F.);
#2228=ADVANCED_FACE('',(#116),#2122,.F.);
#2229=ADVANCED_FACE('',(#117),#2123,.F.);
#2230=ADVANCED_FACE('',(#118),#2124,.F.);
#2231=ADVANCED_FACE('',(#119),#2125,.F.);
#2232=ADVANCED_FACE('',(#120),#2126,.F.);
#2233=ADVANCED_FACE('',(#121),#2127,.F.);
#2234=ADVANCED_FACE('',(#122),#2128,.F.);
#2235=ADVANCED_FACE('',(#123),#2129,.F.);
#2236=ADVANCED_FACE('',(#124),#2130,.F.);
#2237=ADVANCED_FACE('',(#125),#2131,.F.);
#2238=ADVANCED_FACE('',(#126),#2132,.F.);
#2239=ADVANCED_FACE('',(#127),#2133,.F.);
#2240=ADVANCED_FACE('',(#128),#2134,.F.);
#2241=ADVANCED_FACE('',(#129),#2135,.F.);
#2242=ADVANCED_FACE('',(#130),#2136,.F.);
#2243=ADVANCED_FACE('',(#131),#2137,.F.);
#2244=ADVANCED_FACE('',(#132),#2138,.F.);
#2245=ADVANCED_FACE('',(#133),#2139,.F.);
#2246=ADVANCED_FACE('',(#134),#2140,.F.);
#2247=ADVANCED_FACE('',(#135),#2141,.F.);
#2248=ADVANCED_FACE('',(#136),#2142,.F.);
#2249=ADVANCED_FACE('',(#137),#2143,.F.);
#2250=ADVANCED_FACE('',(#138),#2144,.F.);
#2251=ADVANCED_FACE('',(#139),#2145,.F.);
#2252=ADVANCED_FACE('',(#140),#2146,.F.);
#2253=ADVANCED_FACE('',(#141),#2147,.F.);
#2254=ADVANCED_FACE('',(#142),#2148,.F.);
#2255=ADVANCED_FACE('',(#143),#2149,.F.);
#2256=ADVANCED_FACE('',(#144),#2150,.F.);
#2257=ADVANCED_FACE('',(#145),#2151,.F.);
#2258=ADVANCED_FACE('',(#146),#2152,.F.);
#2259=CLOSED_SHELL('',(#2153,#2154,#2155,#2156,#2157,#2158,#2159,#2160,
#2161,#2162,#2163,#2164,#2165,#2166,#2167,#2168,#2169,#2170,#2171,#2172,
#2173,#2174,#2175,#2176,#2177,#2178,#2179,#2180,#2181,#2182,#2183,#2184,
#2185,#2186,#2187,#2188,#2189,#2190,#2191,#2192,#2193,#2194,#2195,#2196,
#2197,#2198,#2199,#2200,#2201,#2202,#2203,#2204,#2205,#2206,#2207,#2208,
#2209,#2210,#2211,#2212,#2213,#2214,#2215,#2216,#2217,#2218,#2219,#2220,
#2221,#2222,#2223,#2224,#2225,#2226,#2227,#2228,#2229,#2230,#2231,#2232,
#2233,#2234,#2235,#2236,#2237,#2238,#2239,#2240,#2241,#2242,#2243,#2244,
#2245,#2246,#2247,#2248,#2249,#2250,#2251,#2252,#2253,#2254,#2255,#2256,
#2257,#2258));
#2260=DERIVED_UNIT_ELEMENT(#2262,1.);
#2261=DERIVED_UNIT_ELEMENT(#3537,-3.);
#2262=(
MASS_UNIT()
NAMED_UNIT(*)
SI_UNIT(.KILO.,.GRAM.)
);
#2263=DERIVED_UNIT((#2260,#2261));
#2264=MEASURE_REPRESENTATION_ITEM('density measure',
POSITIVE_RATIO_MEASURE(7850.),#2263);
#2265=PROPERTY_DEFINITION_REPRESENTATION(#2270,#2267);
#2266=PROPERTY_DEFINITION_REPRESENTATION(#2271,#2268);
#2267=REPRESENTATION('material name',(#2269),#3534);
#2268=REPRESENTATION('density',(#2264),#3534);
#2269=DESCRIPTIVE_REPRESENTATION_ITEM('Steel','Steel');
#2270=PROPERTY_DEFINITION('material property','material name',#3544);
#2271=PROPERTY_DEFINITION('material property','density of part',#3544);
#2272=AXIS2_PLACEMENT_3D('',#2905,#2379,#2380);
#2273=AXIS2_PLACEMENT_3D('',#2906,#2381,#2382);
#2274=AXIS2_PLACEMENT_3D('',#3115,#2487,#2488);
#2275=AXIS2_PLACEMENT_3D('',#3121,#2492,#2493);
#2276=AXIS2_PLACEMENT_3D('',#3127,#2497,#2498);
#2277=AXIS2_PLACEMENT_3D('',#3133,#2502,#2503);
#2278=AXIS2_PLACEMENT_3D('',#3139,#2507,#2508);
#2279=AXIS2_PLACEMENT_3D('',#3145,#2512,#2513);
#2280=AXIS2_PLACEMENT_3D('',#3151,#2517,#2518);
#2281=AXIS2_PLACEMENT_3D('',#3157,#2522,#2523);
#2282=AXIS2_PLACEMENT_3D('',#3163,#2527,#2528);
#2283=AXIS2_PLACEMENT_3D('',#3169,#2532,#2533);
#2284=AXIS2_PLACEMENT_3D('',#3175,#2537,#2538);
#2285=AXIS2_PLACEMENT_3D('',#3354,#2633,#2634);
#2286=AXIS2_PLACEMENT_3D('',#3357,#2637,#2638);
#2287=AXIS2_PLACEMENT_3D('',#3360,#2641,#2642);
#2288=AXIS2_PLACEMENT_3D('',#3363,#2645,#2646);
#2289=AXIS2_PLACEMENT_3D('',#3365,#2648,#2649);
#2290=AXIS2_PLACEMENT_3D('',#3368,#2652,#2653);
#2291=AXIS2_PLACEMENT_3D('',#3370,#2655,#2656);
#2292=AXIS2_PLACEMENT_3D('',#3373,#2659,#2660);
#2293=AXIS2_PLACEMENT_3D('',#3375,#2662,#2663);
#2294=AXIS2_PLACEMENT_3D('',#3378,#2666,#2667);
#2295=AXIS2_PLACEMENT_3D('',#3380,#2669,#2670);
#2296=AXIS2_PLACEMENT_3D('',#3383,#2673,#2674);
#2297=AXIS2_PLACEMENT_3D('',#3385,#2676,#2677);
#2298=AXIS2_PLACEMENT_3D('',#3388,#2680,#2681);
#2299=AXIS2_PLACEMENT_3D('',#3390,#2683,#2684);
#2300=AXIS2_PLACEMENT_3D('',#3393,#2687,#2688);
#2301=AXIS2_PLACEMENT_3D('',#3395,#2690,#2691);
#2302=AXIS2_PLACEMENT_3D('',#3398,#2694,#2695);
#2303=AXIS2_PLACEMENT_3D('',#3400,#2697,#2698);
#2304=AXIS2_PLACEMENT_3D('',#3403,#2701,#2702);
#2305=AXIS2_PLACEMENT_3D('',#3405,#2704,#2705);
#2306=AXIS2_PLACEMENT_3D('',#3408,#2708,#2709);
#2307=AXIS2_PLACEMENT_3D('',#3410,#2711,#2712);
#2308=AXIS2_PLACEMENT_3D('',#3412,#2714,#2715);
#2309=AXIS2_PLACEMENT_3D('',#3414,#2717,#2718);
#2310=AXIS2_PLACEMENT_3D('',#3416,#2720,#2721);
#2311=AXIS2_PLACEMENT_3D('',#3419,#2724,#2725);
#2312=AXIS2_PLACEMENT_3D('',#3420,#2726,#2727);
#2313=AXIS2_PLACEMENT_3D('',#3423,#2730,#2731);
#2314=AXIS2_PLACEMENT_3D('',#3424,#2732,#2733);
#2315=AXIS2_PLACEMENT_3D('',#3427,#2736,#2737);
#2316=AXIS2_PLACEMENT_3D('',#3428,#2738,#2739);
#2317=AXIS2_PLACEMENT_3D('',#3431,#2742,#2743);
#2318=AXIS2_PLACEMENT_3D('',#3433,#2745,#2746);
#2319=AXIS2_PLACEMENT_3D('',#3436,#2749,#2750);
#2320=AXIS2_PLACEMENT_3D('',#3439,#2753,#2754);
#2321=AXIS2_PLACEMENT_3D('',#3440,#2755,#2756);
#2322=AXIS2_PLACEMENT_3D('',#3443,#2759,#2760);
#2323=AXIS2_PLACEMENT_3D('',#3444,#2761,#2762);
#2324=AXIS2_PLACEMENT_3D('',#3446,#2764,#2765);
#2325=AXIS2_PLACEMENT_3D('',#3448,#2767,#2768);
#2326=AXIS2_PLACEMENT_3D('',#3451,#2771,#2772);
#2327=AXIS2_PLACEMENT_3D('',#3452,#2773,#2774);
#2328=AXIS2_PLACEMENT_3D('',#3455,#2777,#2778);
#2329=AXIS2_PLACEMENT_3D('',#3457,#2780,#2781);
#2330=AXIS2_PLACEMENT_3D('',#3460,#2784,#2785);
#2331=AXIS2_PLACEMENT_3D('',#3462,#2787,#2788);
#2332=AXIS2_PLACEMENT_3D('',#3464,#2790,#2791);
#2333=AXIS2_PLACEMENT_3D('',#3465,#2792,#2793);
#2334=AXIS2_PLACEMENT_3D('',#3467,#2795,#2796);
#2335=AXIS2_PLACEMENT_3D('',#3469,#2798,#2799);
#2336=AXIS2_PLACEMENT_3D('',#3471,#2801,#2802);
#2337=AXIS2_PLACEMENT_3D('',#3472,#2803,#2804);
#2338=AXIS2_PLACEMENT_3D('',#3474,#2806,#2807);
#2339=AXIS2_PLACEMENT_3D('',#3475,#2808,#2809);
#2340=AXIS2_PLACEMENT_3D('',#3476,#2810,#2811);
#2341=AXIS2_PLACEMENT_3D('',#3478,#2813,#2814);
#2342=AXIS2_PLACEMENT_3D('',#3479,#2815,#2816);
#2343=AXIS2_PLACEMENT_3D('',#3481,#2818,#2819);
#2344=AXIS2_PLACEMENT_3D('',#3482,#2820,#2821);
#2345=AXIS2_PLACEMENT_3D('',#3483,#2822,#2823);
#2346=AXIS2_PLACEMENT_3D('',#3484,#2824,#2825);
#2347=AXIS2_PLACEMENT_3D('',#3486,#2827,#2828);
#2348=AXIS2_PLACEMENT_3D('',#3487,#2829,#2830);
#2349=AXIS2_PLACEMENT_3D('',#3489,#2832,#2833);
#2350=AXIS2_PLACEMENT_3D('',#3490,#2834,#2835);
#2351=AXIS2_PLACEMENT_3D('',#3491,#2836,#2837);
#2352=AXIS2_PLACEMENT_3D('',#3492,#2838,#2839);
#2353=AXIS2_PLACEMENT_3D('',#3493,#2840,#2841);
#2354=AXIS2_PLACEMENT_3D('',#3495,#2843,#2844);
#2355=AXIS2_PLACEMENT_3D('',#3496,#2845,#2846);
#2356=AXIS2_PLACEMENT_3D('',#3498,#2848,#2849);
#2357=AXIS2_PLACEMENT_3D('',#3499,#2850,#2851);
#2358=AXIS2_PLACEMENT_3D('',#3501,#2853,#2854);
#2359=AXIS2_PLACEMENT_3D('',#3502,#2855,#2856);
#2360=AXIS2_PLACEMENT_3D('',#3504,#2858,#2859);
#2361=AXIS2_PLACEMENT_3D('',#3505,#2860,#2861);
#2362=AXIS2_PLACEMENT_3D('',#3507,#2863,#2864);
#2363=AXIS2_PLACEMENT_3D('',#3508,#2865,#2866);
#2364=AXIS2_PLACEMENT_3D('',#3510,#2868,#2869);
#2365=AXIS2_PLACEMENT_3D('',#3511,#2870,#2871);
#2366=AXIS2_PLACEMENT_3D('',#3513,#2873,#2874);
#2367=AXIS2_PLACEMENT_3D('',#3514,#2875,#2876);
#2368=AXIS2_PLACEMENT_3D('',#3516,#2878,#2879);
#2369=AXIS2_PLACEMENT_3D('',#3517,#2880,#2881);
#2370=AXIS2_PLACEMENT_3D('',#3519,#2883,#2884);
#2371=AXIS2_PLACEMENT_3D('',#3520,#2885,#2886);
#2372=AXIS2_PLACEMENT_3D('',#3522,#2888,#2889);
#2373=AXIS2_PLACEMENT_3D('',#3523,#2890,#2891);
#2374=AXIS2_PLACEMENT_3D('',#3525,#2893,#2894);
#2375=AXIS2_PLACEMENT_3D('',#3526,#2895,#2896);
#2376=AXIS2_PLACEMENT_3D('',#3528,#2898,#2899);
#2377=AXIS2_PLACEMENT_3D('',#3529,#2900,#2901);
#2378=AXIS2_PLACEMENT_3D('',#3531,#2903,#2904);
#2379=DIRECTION('axis',(0.,0.,1.));
#2380=DIRECTION('refdir',(1.,0.,0.));
#2381=DIRECTION('center_axis',(0.,0.,1.));
#2382=DIRECTION('ref_axis',(1.,0.,0.));
#2383=DIRECTION('',(-1.,0.,0.));
#2384=DIRECTION('',(0.,-1.,0.));
#2385=DIRECTION('',(1.,0.,0.));
#2386=DIRECTION('',(0.,1.,0.));
#2387=DIRECTION('',(-1.,0.,0.));
#2388=DIRECTION('',(0.,1.,0.));
#2389=DIRECTION('',(1.,0.,0.));
#2390=DIRECTION('',(0.,1.,0.));
#2391=DIRECTION('',(-1.,0.,0.));
#2392=DIRECTION('',(0.,1.,0.));
#2393=DIRECTION('',(1.,0.,0.));
#2394=DIRECTION('',(0.,1.,0.));
#2395=DIRECTION('',(-1.,0.,0.));
#2396=DIRECTION('',(0.,1.,0.));
#2397=DIRECTION('',(1.,0.,0.));
#2398=DIRECTION('',(0.,1.,0.));
#2399=DIRECTION('',(-1.,0.,0.));
#2400=DIRECTION('',(0.,1.,0.));
#2401=DIRECTION('',(1.,0.,0.));
#2402=DIRECTION('',(0.,1.,0.));
#2403=DIRECTION('',(-1.,0.,0.));
#2404=DIRECTION('',(0.,1.,0.));
#2405=DIRECTION('',(1.,0.,0.));
#2406=DIRECTION('',(0.,1.,0.));
#2407=DIRECTION('',(-1.,0.,0.));
#2408=DIRECTION('',(0.,1.,0.));
#2409=DIRECTION('',(1.,0.,0.));
#2410=DIRECTION('',(0.,1.,0.));
#2411=DIRECTION('',(-1.,0.,0.));
#2412=DIRECTION('',(0.,-1.,0.));
#2413=DIRECTION('',(1.,0.,0.));
#2414=DIRECTION('',(0.,-1.,0.));
#2415=DIRECTION('',(-1.,0.,0.));
#2416=DIRECTION('',(0.,-1.,0.));
#2417=DIRECTION('',(1.,0.,0.));
#2418=DIRECTION('',(0.,-1.,0.));
#2419=DIRECTION('',(-1.,0.,0.));
#2420=DIRECTION('',(0.,-1.,0.));
#2421=DIRECTION('',(1.,0.,0.));
#2422=DIRECTION('',(0.,-1.,0.));
#2423=DIRECTION('',(-1.,0.,0.));
#2424=DIRECTION('',(0.,-1.,0.));
#2425=DIRECTION('',(1.,0.,0.));
#2426=DIRECTION('',(0.,-1.,0.));
#2427=DIRECTION('',(-1.,0.,0.));
#2428=DIRECTION('',(0.,-1.,0.));
#2429=DIRECTION('',(1.,0.,0.));
#2430=DIRECTION('',(0.,-1.,0.));
#2431=DIRECTION('',(-1.,0.,0.));
#2432=DIRECTION('',(0.,-1.,0.));
#2433=DIRECTION('',(1.,0.,0.));
#2434=DIRECTION('',(0.,-1.,0.));
#2435=DIRECTION('',(0.,1.,0.));
#2436=DIRECTION('',(1.,0.,0.));
#2437=DIRECTION('',(0.,-1.,0.));
#2438=DIRECTION('',(-1.,0.,0.));
#2439=DIRECTION('',(0.,1.,0.));
#2440=DIRECTION('',(1.,0.,0.));
#2441=DIRECTION('',(0.,-1.,0.));
#2442=DIRECTION('',(-1.,0.,0.));
#2443=DIRECTION('',(0.,1.,0.));
#2444=DIRECTION('',(1.,0.,0.));
#2445=DIRECTION('',(0.,-1.,0.));
#2446=DIRECTION('',(-1.,0.,0.));
#2447=DIRECTION('',(1.,0.,0.));
#2448=DIRECTION('',(0.,-1.,0.));
#2449=DIRECTION('',(-1.,0.,0.));
#2450=DIRECTION('',(0.,1.,0.));
#2451=DIRECTION('',(1.,0.,0.));
#2452=DIRECTION('',(0.,-1.,0.));
#2453=DIRECTION('',(-1.,0.,0.));
#2454=DIRECTION('',(0.,1.,0.));
#2455=DIRECTION('',(1.,0.,0.));
#2456=DIRECTION('',(0.,-1.,0.));
#2457=DIRECTION('',(-1.,0.,0.));
#2458=DIRECTION('',(0.,1.,0.));
#2459=DIRECTION('',(1.,0.,0.));
#2460=DIRECTION('',(0.,-1.,0.));
#2461=DIRECTION('',(-1.,0.,0.));
#2462=DIRECTION('',(0.,1.,0.));
#2463=DIRECTION('',(1.,0.,0.));
#2464=DIRECTION('',(0.,-1.,0.));
#2465=DIRECTION('',(-1.,0.,0.));
#2466=DIRECTION('',(0.,1.,0.));
#2467=DIRECTION('',(1.,0.,0.));
#2468=DIRECTION('',(0.,-1.,0.));
#2469=DIRECTION('',(-1.,0.,0.));
#2470=DIRECTION('',(0.,1.,0.));
#2471=DIRECTION('',(1.,0.,0.));
#2472=DIRECTION('',(0.,-1.,0.));
#2473=DIRECTION('',(-1.,0.,0.));
#2474=DIRECTION('',(0.,1.,0.));
#2475=DIRECTION('',(1.,0.,0.));
#2476=DIRECTION('',(0.,-1.,0.));
#2477=DIRECTION('',(-1.,0.,0.));
#2478=DIRECTION('',(0.,1.,0.));
#2479=DIRECTION('',(1.,0.,0.));
#2480=DIRECTION('',(0.,-1.,0.));
#2481=DIRECTION('',(-1.,0.,0.));
#2482=DIRECTION('',(0.,1.,0.));
#2483=DIRECTION('',(0.,1.,0.));
#2484=DIRECTION('',(1.,0.,0.));
#2485=DIRECTION('',(0.,-1.,0.));
#2486=DIRECTION('',(-1.,0.,0.));
#2487=DIRECTION('center_axis',(1.,0.,0.));
#2488=DIRECTION('ref_axis',(0.,0.,-1.));
#2489=DIRECTION('',(0.,0.,1.));
#2490=DIRECTION('',(0.,0.,1.));
#2491=DIRECTION('',(0.,1.,0.));
#2492=DIRECTION('center_axis',(1.,0.,0.));
#2493=DIRECTION('ref_axis',(0.,0.,-1.));
#2494=DIRECTION('',(0.,0.,1.));
#2495=DIRECTION('',(0.,0.,1.));
#2496=DIRECTION('',(0.,1.,0.));
#2497=DIRECTION('center_axis',(1.,0.,0.));
#2498=DIRECTION('ref_axis',(0.,0.,-1.));
#2499=DIRECTION('',(0.,0.,1.));
#2500=DIRECTION('',(0.,0.,1.));
#2501=DIRECTION('',(0.,1.,0.));
#2502=DIRECTION('center_axis',(1.,0.,0.));
#2503=DIRECTION('ref_axis',(0.,0.,-1.));
#2504=DIRECTION('',(0.,0.,1.));
#2505=DIRECTION('',(0.,0.,1.));
#2506=DIRECTION('',(0.,1.,0.));
#2507=DIRECTION('center_axis',(1.,0.,0.));
#2508=DIRECTION('ref_axis',(0.,0.,-1.));
#2509=DIRECTION('',(0.,0.,1.));
#2510=DIRECTION('',(0.,0.,1.));
#2511=DIRECTION('',(0.,1.,0.));
#2512=DIRECTION('center_axis',(1.,0.,0.));
#2513=DIRECTION('ref_axis',(0.,0.,-1.));
#2514=DIRECTION('',(0.,0.,1.));
#2515=DIRECTION('',(0.,0.,1.));
#2516=DIRECTION('',(0.,1.,0.));
#2517=DIRECTION('center_axis',(-1.,0.,0.));
#2518=DIRECTION('ref_axis',(0.,0.,1.));
#2519=DIRECTION('',(0.,0.,-1.));
#2520=DIRECTION('',(0.,-1.,0.));
#2521=DIRECTION('',(0.,0.,1.));
#2522=DIRECTION('center_axis',(-1.,0.,0.));
#2523=DIRECTION('ref_axis',(0.,0.,1.));
#2524=DIRECTION('',(0.,0.,-1.));
#2525=DIRECTION('',(0.,-1.,0.));
#2526=DIRECTION('',(0.,0.,1.));
#2527=DIRECTION('center_axis',(-1.,0.,0.));
#2528=DIRECTION('ref_axis',(0.,0.,1.));
#2529=DIRECTION('',(0.,0.,-1.));
#2530=DIRECTION('',(0.,-1.,0.));
#2531=DIRECTION('',(0.,0.,1.));
#2532=DIRECTION('center_axis',(-1.,0.,0.));
#2533=DIRECTION('ref_axis',(0.,0.,1.));
#2534=DIRECTION('',(0.,0.,-1.));
#2535=DIRECTION('',(0.,-1.,0.));
#2536=DIRECTION('',(0.,0.,1.));
#2537=DIRECTION('center_axis',(0.,0.,1.));
#2538=DIRECTION('ref_axis',(1.,0.,0.));
#2539=DIRECTION('',(1.,0.,0.));
#2540=DIRECTION('',(0.,1.,0.));
#2541=DIRECTION('',(-1.,0.,0.));
#2542=DIRECTION('',(1.,0.,0.));
#2543=DIRECTION('',(0.,1.,0.));
#2544=DIRECTION('',(-1.,0.,0.));
#2545=DIRECTION('',(1.,0.,0.));
#2546=DIRECTION('',(0.,1.,0.));
#2547=DIRECTION('',(-1.,0.,0.));
#2548=DIRECTION('',(1.,0.,0.));
#2549=DIRECTION('',(0.,1.,0.));
#2550=DIRECTION('',(-1.,0.,0.));
#2551=DIRECTION('',(1.,0.,0.));
#2552=DIRECTION('',(0.,1.,0.));
#2553=DIRECTION('',(-1.,0.,0.));
#2554=DIRECTION('',(1.,0.,0.));
#2555=DIRECTION('',(0.,1.,0.));
#2556=DIRECTION('',(-1.,0.,0.));
#2557=DIRECTION('',(1.,0.,0.));
#2558=DIRECTION('',(0.,-1.,0.));
#2559=DIRECTION('',(-1.,0.,0.));
#2560=DIRECTION('',(0.,-1.,0.));
#2561=DIRECTION('',(1.,0.,0.));
#2562=DIRECTION('',(0.,-1.,0.));
#2563=DIRECTION('',(-1.,0.,0.));
#2564=DIRECTION('',(0.,-1.,0.));
#2565=DIRECTION('',(1.,0.,0.));
#2566=DIRECTION('',(-1.,0.,0.));
#2567=DIRECTION('',(0.,-1.,0.));
#2568=DIRECTION('',(1.,0.,0.));
#2569=DIRECTION('',(-1.,0.,0.));
#2570=DIRECTION('',(0.,-1.,0.));
#2571=DIRECTION('',(1.,0.,0.));
#2572=DIRECTION('',(-1.,0.,0.));
#2573=DIRECTION('',(0.,-1.,0.));
#2574=DIRECTION('',(1.,0.,0.));
#2575=DIRECTION('',(-1.,0.,0.));
#2576=DIRECTION('',(0.,-1.,0.));
#2577=DIRECTION('',(1.,0.,0.));
#2578=DIRECTION('',(0.,-1.,0.));
#2579=DIRECTION('',(-1.,0.,0.));
#2580=DIRECTION('',(0.,1.,0.));
#2581=DIRECTION('',(0.,-1.,0.));
#2582=DIRECTION('',(1.,0.,0.));
#2583=DIRECTION('',(0.,1.,0.));
#2584=DIRECTION('',(-1.,0.,0.));
#2585=DIRECTION('',(-1.,0.,0.));
#2586=DIRECTION('',(0.,-1.,0.));
#2587=DIRECTION('',(1.,0.,0.));
#2588=DIRECTION('',(0.,1.,0.));
#2589=DIRECTION('',(-1.,0.,0.));
#2590=DIRECTION('',(0.,-1.,0.));
#2591=DIRECTION('',(1.,0.,0.));
#2592=DIRECTION('',(0.,1.,0.));
#2593=DIRECTION('',(-1.,0.,0.));
#2594=DIRECTION('',(0.,-1.,0.));
#2595=DIRECTION('',(1.,0.,0.));
#2596=DIRECTION('',(0.,1.,0.));
#2597=DIRECTION('',(-1.,0.,0.));
#2598=DIRECTION('',(0.,-1.,0.));
#2599=DIRECTION('',(1.,0.,0.));
#2600=DIRECTION('',(0.,1.,0.));
#2601=DIRECTION('',(-1.,0.,0.));
#2602=DIRECTION('',(0.,-1.,0.));
#2603=DIRECTION('',(1.,0.,0.));
#2604=DIRECTION('',(0.,1.,0.));
#2605=DIRECTION('',(-1.,0.,0.));
#2606=DIRECTION('',(0.,-1.,0.));
#2607=DIRECTION('',(1.,0.,0.));
#2608=DIRECTION('',(0.,1.,0.));
#2609=DIRECTION('',(-1.,0.,0.));
#2610=DIRECTION('',(0.,-1.,0.));
#2611=DIRECTION('',(1.,0.,0.));
#2612=DIRECTION('',(0.,1.,0.));
#2613=DIRECTION('',(-1.,0.,0.));
#2614=DIRECTION('',(0.,-1.,0.));
#2615=DIRECTION('',(1.,0.,0.));
#2616=DIRECTION('',(0.,1.,0.));
#2617=DIRECTION('',(-1.,0.,0.));
#2618=DIRECTION('',(0.,-1.,0.));
#2619=DIRECTION('',(1.,0.,0.));
#2620=DIRECTION('',(0.,1.,0.));
#2621=DIRECTION('',(0.,-1.,0.));
#2622=DIRECTION('',(1.,0.,0.));
#2623=DIRECTION('',(0.,1.,0.));
#2624=DIRECTION('',(-1.,0.,0.));
#2625=DIRECTION('',(0.,-1.,0.));
#2626=DIRECTION('',(1.,0.,0.));
#2627=DIRECTION('',(0.,1.,0.));
#2628=DIRECTION('',(-1.,0.,0.));
#2629=DIRECTION('',(0.,-1.,0.));
#2630=DIRECTION('',(1.,0.,0.));
#2631=DIRECTION('',(0.,1.,0.));
#2632=DIRECTION('',(-1.,0.,0.));
#2633=DIRECTION('center_axis',(-1.,0.,0.));
#2634=DIRECTION('ref_axis',(0.,0.,1.));
#2635=DIRECTION('',(0.,0.,-1.));
#2636=DIRECTION('',(0.,0.,1.));
#2637=DIRECTION('center_axis',(-1.,0.,0.));
#2638=DIRECTION('ref_axis',(0.,0.,1.));
#2639=DIRECTION('',(0.,0.,1.));
#2640=DIRECTION('',(0.,0.,1.));
#2641=DIRECTION('center_axis',(1.,0.,0.));
#2642=DIRECTION('ref_axis',(0.,1.,0.));
#2643=DIRECTION('',(0.,0.,1.));
#2644=DIRECTION('',(0.,0.,1.));
#2645=DIRECTION('center_axis',(0.,1.,0.));
#2646=DIRECTION('ref_axis',(-1.,0.,0.));
#2647=DIRECTION('',(0.,0.,1.));
#2648=DIRECTION('center_axis',(0.,-1.,0.));
#2649=DIRECTION('ref_axis',(1.,0.,0.));
#2650=DIRECTION('',(0.,0.,1.));
#2651=DIRECTION('',(0.,0.,1.));
#2652=DIRECTION('center_axis',(1.,0.,0.));
#2653=DIRECTION('ref_axis',(0.,1.,0.));
#2654=DIRECTION('',(0.,0.,1.));
#2655=DIRECTION('center_axis',(0.,-1.,0.));
#2656=DIRECTION('ref_axis',(1.,0.,0.));
#2657=DIRECTION('',(0.,0.,1.));
#2658=DIRECTION('',(0.,0.,1.));
#2659=DIRECTION('center_axis',(1.,0.,0.));
#2660=DIRECTION('ref_axis',(0.,1.,0.));
#2661=DIRECTION('',(0.,0.,1.));
#2662=DIRECTION('center_axis',(0.,-1.,0.));
#2663=DIRECTION('ref_axis',(1.,0.,0.));
#2664=DIRECTION('',(0.,0.,1.));
#2665=DIRECTION('',(0.,0.,1.));
#2666=DIRECTION('center_axis',(1.,0.,0.));
#2667=DIRECTION('ref_axis',(0.,1.,0.));
#2668=DIRECTION('',(0.,0.,1.));
#2669=DIRECTION('center_axis',(0.,-1.,0.));
#2670=DIRECTION('ref_axis',(1.,0.,0.));
#2671=DIRECTION('',(0.,0.,1.));
#2672=DIRECTION('',(0.,0.,1.));
#2673=DIRECTION('center_axis',(1.,0.,0.));
#2674=DIRECTION('ref_axis',(0.,1.,0.));
#2675=DIRECTION('',(0.,0.,1.));
#2676=DIRECTION('center_axis',(0.,-1.,0.));
#2677=DIRECTION('ref_axis',(1.,0.,0.));
#2678=DIRECTION('',(0.,0.,1.));
#2679=DIRECTION('',(0.,0.,1.));
#2680=DIRECTION('center_axis',(1.,0.,0.));
#2681=DIRECTION('ref_axis',(0.,1.,0.));
#2682=DIRECTION('',(0.,0.,1.));
#2683=DIRECTION('center_axis',(0.,-1.,0.));
#2684=DIRECTION('ref_axis',(1.,0.,0.));
#2685=DIRECTION('',(0.,0.,1.));
#2686=DIRECTION('',(0.,0.,1.));
#2687=DIRECTION('center_axis',(1.,0.,0.));
#2688=DIRECTION('ref_axis',(0.,1.,0.));
#2689=DIRECTION('',(0.,0.,1.));
#2690=DIRECTION('center_axis',(0.,-1.,0.));
#2691=DIRECTION('ref_axis',(1.,0.,0.));
#2692=DIRECTION('',(0.,0.,1.));
#2693=DIRECTION('',(0.,0.,1.));
#2694=DIRECTION('center_axis',(1.,0.,0.));
#2695=DIRECTION('ref_axis',(0.,1.,0.));
#2696=DIRECTION('',(0.,0.,1.));
#2697=DIRECTION('center_axis',(0.,-1.,0.));
#2698=DIRECTION('ref_axis',(1.,0.,0.));
#2699=DIRECTION('',(0.,0.,1.));
#2700=DIRECTION('',(0.,0.,1.));
#2701=DIRECTION('center_axis',(1.,0.,0.));
#2702=DIRECTION('ref_axis',(0.,1.,0.));
#2703=DIRECTION('',(0.,0.,1.));
#2704=DIRECTION('center_axis',(0.,-1.,0.));
#2705=DIRECTION('ref_axis',(1.,0.,0.));
#2706=DIRECTION('',(0.,0.,1.));
#2707=DIRECTION('',(0.,0.,1.));
#2708=DIRECTION('center_axis',(1.,0.,0.));
#2709=DIRECTION('ref_axis',(0.,1.,0.));
#2710=DIRECTION('',(0.,0.,1.));
#2711=DIRECTION('center_axis',(0.,1.,0.));
#2712=DIRECTION('ref_axis',(1.,0.,0.));
#2713=DIRECTION('',(0.,0.,-1.));
#2714=DIRECTION('center_axis',(0.,1.,0.));
#2715=DIRECTION('ref_axis',(1.,0.,0.));
#2716=DIRECTION('',(0.,0.,-1.));
#2717=DIRECTION('center_axis',(0.,1.,0.));
#2718=DIRECTION('ref_axis',(1.,0.,0.));
#2719=DIRECTION('',(0.,0.,-1.));
#2720=DIRECTION('center_axis',(1.,0.,0.));
#2721=DIRECTION('ref_axis',(0.,-1.,0.));
#2722=DIRECTION('',(0.,0.,-1.));
#2723=DIRECTION('',(0.,0.,-1.));
#2724=DIRECTION('center_axis',(0.,1.,0.));
#2725=DIRECTION('ref_axis',(1.,0.,0.));
#2726=DIRECTION('center_axis',(1.,0.,0.));
#2727=DIRECTION('ref_axis',(0.,-1.,0.));
#2728=DIRECTION('',(0.,0.,-1.));
#2729=DIRECTION('',(0.,0.,-1.));
#2730=DIRECTION('center_axis',(0.,1.,0.));
#2731=DIRECTION('ref_axis',(1.,0.,0.));
#2732=DIRECTION('center_axis',(1.,0.,0.));
#2733=DIRECTION('ref_axis',(0.,-1.,0.));
#2734=DIRECTION('',(0.,0.,-1.));
#2735=DIRECTION('',(0.,0.,-1.));
#2736=DIRECTION('center_axis',(0.,1.,0.));
#2737=DIRECTION('ref_axis',(1.,0.,0.));
#2738=DIRECTION('center_axis',(1.,0.,0.));
#2739=DIRECTION('ref_axis',(0.,-1.,0.));
#2740=DIRECTION('',(0.,0.,-1.));
#2741=DIRECTION('',(0.,0.,-1.));
#2742=DIRECTION('center_axis',(0.,1.,0.));
#2743=DIRECTION('ref_axis',(1.,0.,0.));
#2744=DIRECTION('',(0.,0.,-1.));
#2745=DIRECTION('center_axis',(0.,1.,0.));
#2746=DIRECTION('ref_axis',(1.,0.,0.));
#2747=DIRECTION('',(0.,0.,-1.));
#2748=DIRECTION('',(0.,0.,1.));
#2749=DIRECTION('center_axis',(1.,0.,0.));
#2750=DIRECTION('ref_axis',(0.,-1.,0.));
#2751=DIRECTION('',(0.,0.,-1.));
#2752=DIRECTION('',(0.,0.,-1.));
#2753=DIRECTION('center_axis',(0.,1.,0.));
#2754=DIRECTION('ref_axis',(1.,0.,0.));
#2755=DIRECTION('center_axis',(1.,0.,0.));
#2756=DIRECTION('ref_axis',(0.,-1.,0.));
#2757=DIRECTION('',(0.,0.,-1.));
#2758=DIRECTION('',(0.,0.,-1.));
#2759=DIRECTION('center_axis',(0.,1.,0.));
#2760=DIRECTION('ref_axis',(1.,0.,0.));
#2761=DIRECTION('center_axis',(0.,1.,0.));
#2762=DIRECTION('ref_axis',(1.,0.,0.));
#2763=DIRECTION('',(0.,0.,-1.));
#2764=DIRECTION('center_axis',(0.,1.,0.));
#2765=DIRECTION('ref_axis',(1.,0.,0.));
#2766=DIRECTION('',(0.,0.,-1.));
#2767=DIRECTION('center_axis',(1.,0.,0.));
#2768=DIRECTION('ref_axis',(0.,-1.,0.));
#2769=DIRECTION('',(0.,0.,-1.));
#2770=DIRECTION('',(0.,0.,-1.));
#2771=DIRECTION('center_axis',(0.,1.,0.));
#2772=DIRECTION('ref_axis',(1.,0.,0.));
#2773=DIRECTION('center_axis',(1.,0.,0.));
#2774=DIRECTION('ref_axis',(0.,-1.,0.));
#2775=DIRECTION('',(0.,0.,-1.));
#2776=DIRECTION('',(0.,0.,-1.));
#2777=DIRECTION('center_axis',(0.,1.,0.));
#2778=DIRECTION('ref_axis',(1.,0.,0.));
#2779=DIRECTION('',(0.,0.,-1.));
#2780=DIRECTION('center_axis',(1.,0.,0.));
#2781=DIRECTION('ref_axis',(0.,-1.,0.));
#2782=DIRECTION('',(0.,0.,-1.));
#2783=DIRECTION('',(0.,0.,-1.));
#2784=DIRECTION('center_axis',(0.,1.,0.));
#2785=DIRECTION('ref_axis',(1.,0.,0.));
#2786=DIRECTION('',(0.,0.,-1.));
#2787=DIRECTION('center_axis',(0.,1.,0.));
#2788=DIRECTION('ref_axis',(-1.,0.,0.));
#2789=DIRECTION('',(0.,0.,-1.));
#2790=DIRECTION('center_axis',(-1.,0.,0.));
#2791=DIRECTION('ref_axis',(0.,0.,1.));
#2792=DIRECTION('center_axis',(0.,-1.,0.));
#2793=DIRECTION('ref_axis',(0.,0.,-1.));
#2794=DIRECTION('',(0.,0.,-1.));
#2795=DIRECTION('center_axis',(1.,0.,0.));
#2796=DIRECTION('ref_axis',(0.,0.,-1.));
#2797=DIRECTION('',(0.,0.,1.));
#2798=DIRECTION('center_axis',(-1.,0.,0.));
#2799=DIRECTION('ref_axis',(0.,1.,0.));
#2800=DIRECTION('',(0.,0.,-1.));
#2801=DIRECTION('center_axis',(0.,-1.,0.));
#2802=DIRECTION('ref_axis',(-1.,0.,0.));
#2803=DIRECTION('center_axis',(-1.,0.,0.));
#2804=DIRECTION('ref_axis',(0.,1.,0.));
#2805=DIRECTION('',(0.,0.,-1.));
#2806=DIRECTION('center_axis',(0.,-1.,0.));
#2807=DIRECTION('ref_axis',(-1.,0.,0.));
#2808=DIRECTION('center_axis',(0.,-1.,0.));
#2809=DIRECTION('ref_axis',(-1.,0.,0.));
#2810=DIRECTION('center_axis',(-1.,0.,0.));
#2811=DIRECTION('ref_axis',(0.,1.,0.));
#2812=DIRECTION('',(0.,0.,-1.));
#2813=DIRECTION('center_axis',(0.,-1.,0.));
#2814=DIRECTION('ref_axis',(-1.,0.,0.));
#2815=DIRECTION('center_axis',(-1.,0.,0.));
#2816=DIRECTION('ref_axis',(0.,1.,0.));
#2817=DIRECTION('',(0.,0.,-1.));
#2818=DIRECTION('center_axis',(0.,-1.,0.));
#2819=DIRECTION('ref_axis',(-1.,0.,0.));
#2820=DIRECTION('center_axis',(0.,-1.,0.));
#2821=DIRECTION('ref_axis',(-1.,0.,0.));
#2822=DIRECTION('center_axis',(0.,-1.,0.));
#2823=DIRECTION('ref_axis',(-1.,0.,0.));
#2824=DIRECTION('center_axis',(-1.,0.,0.));
#2825=DIRECTION('ref_axis',(0.,1.,0.));
#2826=DIRECTION('',(0.,0.,-1.));
#2827=DIRECTION('center_axis',(0.,-1.,0.));
#2828=DIRECTION('ref_axis',(-1.,0.,0.));
#2829=DIRECTION('center_axis',(-1.,0.,0.));
#2830=DIRECTION('ref_axis',(0.,1.,0.));
#2831=DIRECTION('',(0.,0.,-1.));
#2832=DIRECTION('center_axis',(0.,-1.,0.));
#2833=DIRECTION('ref_axis',(-1.,0.,0.));
#2834=DIRECTION('center_axis',(0.,-1.,0.));
#2835=DIRECTION('ref_axis',(-1.,0.,0.));
#2836=DIRECTION('center_axis',(0.,-1.,0.));
#2837=DIRECTION('ref_axis',(-1.,0.,0.));
#2838=DIRECTION('center_axis',(0.,-1.,0.));
#2839=DIRECTION('ref_axis',(-1.,0.,0.));
#2840=DIRECTION('center_axis',(-1.,0.,0.));
#2841=DIRECTION('ref_axis',(0.,1.,0.));
#2842=DIRECTION('',(0.,0.,-1.));
#2843=DIRECTION('center_axis',(0.,-1.,0.));
#2844=DIRECTION('ref_axis',(-1.,0.,0.));
#2845=DIRECTION('center_axis',(-1.,0.,0.));
#2846=DIRECTION('ref_axis',(0.,1.,0.));
#2847=DIRECTION('',(0.,0.,-1.));
#2848=DIRECTION('center_axis',(0.,-1.,0.));
#2849=DIRECTION('ref_axis',(-1.,0.,0.));
#2850=DIRECTION('center_axis',(-1.,0.,0.));
#2851=DIRECTION('ref_axis',(0.,1.,0.));
#2852=DIRECTION('',(0.,0.,-1.));
#2853=DIRECTION('center_axis',(0.,-1.,0.));
#2854=DIRECTION('ref_axis',(-1.,0.,0.));
#2855=DIRECTION('center_axis',(-1.,0.,0.));
#2856=DIRECTION('ref_axis',(0.,-1.,0.));
#2857=DIRECTION('',(0.,0.,1.));
#2858=DIRECTION('center_axis',(0.,1.,0.));
#2859=DIRECTION('ref_axis',(-1.,0.,0.));
#2860=DIRECTION('center_axis',(-1.,0.,0.));
#2861=DIRECTION('ref_axis',(0.,-1.,0.));
#2862=DIRECTION('',(0.,0.,1.));
#2863=DIRECTION('center_axis',(0.,1.,0.));
#2864=DIRECTION('ref_axis',(-1.,0.,0.));
#2865=DIRECTION('center_axis',(-1.,0.,0.));
#2866=DIRECTION('ref_axis',(0.,-1.,0.));
#2867=DIRECTION('',(0.,0.,1.));
#2868=DIRECTION('center_axis',(0.,1.,0.));
#2869=DIRECTION('ref_axis',(-1.,0.,0.));
#2870=DIRECTION('center_axis',(-1.,0.,0.));
#2871=DIRECTION('ref_axis',(0.,-1.,0.));
#2872=DIRECTION('',(0.,0.,1.));
#2873=DIRECTION('center_axis',(0.,1.,0.));
#2874=DIRECTION('ref_axis',(-1.,0.,0.));
#2875=DIRECTION('center_axis',(-1.,0.,0.));
#2876=DIRECTION('ref_axis',(0.,-1.,0.));
#2877=DIRECTION('',(0.,0.,1.));
#2878=DIRECTION('center_axis',(0.,1.,0.));
#2879=DIRECTION('ref_axis',(-1.,0.,0.));
#2880=DIRECTION('center_axis',(-1.,0.,0.));
#2881=DIRECTION('ref_axis',(0.,-1.,0.));
#2882=DIRECTION('',(0.,0.,1.));
#2883=DIRECTION('center_axis',(0.,1.,0.));
#2884=DIRECTION('ref_axis',(-1.,0.,0.));
#2885=DIRECTION('center_axis',(-1.,0.,0.));
#2886=DIRECTION('ref_axis',(0.,-1.,0.));
#2887=DIRECTION('',(0.,0.,1.));
#2888=DIRECTION('center_axis',(0.,1.,0.));
#2889=DIRECTION('ref_axis',(-1.,0.,0.));
#2890=DIRECTION('center_axis',(-1.,0.,0.));
#2891=DIRECTION('ref_axis',(0.,-1.,0.));
#2892=DIRECTION('',(0.,0.,1.));
#2893=DIRECTION('center_axis',(0.,1.,0.));
#2894=DIRECTION('ref_axis',(-1.,0.,0.));
#2895=DIRECTION('center_axis',(-1.,0.,0.));
#2896=DIRECTION('ref_axis',(0.,-1.,0.));
#2897=DIRECTION('',(0.,0.,1.));
#2898=DIRECTION('center_axis',(0.,1.,0.));
#2899=DIRECTION('ref_axis',(-1.,0.,0.));
#2900=DIRECTION('center_axis',(-1.,0.,0.));
#2901=DIRECTION('ref_axis',(0.,-1.,0.));
#2902=DIRECTION('',(0.,0.,1.));
#2903=DIRECTION('center_axis',(0.,-1.,0.));
#2904=DIRECTION('ref_axis',(1.,0.,0.));
#2905=CARTESIAN_POINT('',(0.,0.,0.));
#2906=CARTESIAN_POINT('Origin',(0.,-45.,5.));
#2907=CARTESIAN_POINT('',(-5.00000007450581,-73.0000010877848,5.));
#2908=CARTESIAN_POINT('',(-30.,-73.0000010877848,5.));
#2909=CARTESIAN_POINT('',(-2.5000000372529,-73.0000010877848,5.));
#2910=CARTESIAN_POINT('',(-30.,-85.,5.));
#2911=CARTESIAN_POINT('',(-30.,-27.5,5.));
#2912=CARTESIAN_POINT('',(30.,-85.,5.));
#2913=CARTESIAN_POINT('',(-15.,-85.,5.));
#2914=CARTESIAN_POINT('',(30.,-73.0000010877848,5.));
#2915=CARTESIAN_POINT('',(30.,-62.5,5.));
#2916=CARTESIAN_POINT('',(5.00000007450581,-73.0000010877848,5.));
#2917=CARTESIAN_POINT('',(12.0000001788139,-73.0000010877848,5.));
#2918=CARTESIAN_POINT('',(5.00000007450581,-72.0000010728836,5.));
#2919=CARTESIAN_POINT('',(5.00000007450581,-59.0000005438924,5.));
#2920=CARTESIAN_POINT('',(30.,-72.0000010728836,5.));
#2921=CARTESIAN_POINT('',(2.5000000372529,-72.0000010728836,5.));
#2922=CARTESIAN_POINT('',(30.,-63.0000009387732,5.));
#2923=CARTESIAN_POINT('',(30.,-62.5,5.));
#2924=CARTESIAN_POINT('',(5.00000007450581,-63.0000009387732,5.));
#2925=CARTESIAN_POINT('',(12.0000001788139,-63.0000009387732,5.));
#2926=CARTESIAN_POINT('',(5.00000007450581,-62.000000923872,5.));
#2927=CARTESIAN_POINT('',(5.00000007450581,-54.0000004693866,5.));
#2928=CARTESIAN_POINT('',(30.,-62.000000923872,5.));
#2929=CARTESIAN_POINT('',(2.5000000372529,-62.000000923872,5.));
#2930=CARTESIAN_POINT('',(30.,-53.0000007897615,5.));
#2931=CARTESIAN_POINT('',(30.,-62.5,5.));
#2932=CARTESIAN_POINT('',(5.00000007450581,-53.0000007897615,5.));
#2933=CARTESIAN_POINT('',(12.0000001788139,-53.0000007897615,5.));
#2934=CARTESIAN_POINT('',(5.00000007450581,-52.0000007748604,5.));
#2935=CARTESIAN_POINT('',(5.00000007450581,-49.0000003948808,5.));
#2936=CARTESIAN_POINT('',(30.,-52.0000007748604,5.));
#2937=CARTESIAN_POINT('',(2.5000000372529,-52.0000007748604,5.));
#2938=CARTESIAN_POINT('',(30.,-43.0000006407499,5.));
#2939=CARTESIAN_POINT('',(30.,-62.5,5.));
#2940=CARTESIAN_POINT('',(5.00000007450581,-43.0000006407499,5.));
#2941=CARTESIAN_POINT('',(12.0000001788139,-43.0000006407499,5.));
#2942=CARTESIAN_POINT('',(5.00000007450581,-42.0000006258488,5.));
#2943=CARTESIAN_POINT('',(5.00000007450581,-44.000000320375,5.));
#2944=CARTESIAN_POINT('',(30.,-42.0000006258488,5.));
#2945=CARTESIAN_POINT('',(2.5000000372529,-42.0000006258488,5.));
#2946=CARTESIAN_POINT('',(30.,-33.0000004917383,5.));
#2947=CARTESIAN_POINT('',(30.,-62.5,5.));
#2948=CARTESIAN_POINT('',(5.00000007450581,-33.0000004917383,5.));
#2949=CARTESIAN_POINT('',(12.0000001788139,-33.0000004917383,5.));
#2950=CARTESIAN_POINT('',(5.00000007450581,-32.0000004768372,5.));
#2951=CARTESIAN_POINT('',(5.00000007450581,-39.0000002458692,5.));
#2952=CARTESIAN_POINT('',(30.,-32.0000004768372,5.));
#2953=CARTESIAN_POINT('',(2.5000000372529,-32.0000004768372,5.));
#2954=CARTESIAN_POINT('',(30.,-23.0000003427267,5.));
#2955=CARTESIAN_POINT('',(30.,-62.5,5.));
#2956=CARTESIAN_POINT('',(5.00000007450581,-23.0000003427267,5.));
#2957=CARTESIAN_POINT('',(12.0000001788139,-23.0000003427267,5.));
#2958=CARTESIAN_POINT('',(5.00000007450581,-22.0000003278255,5.));
#2959=CARTESIAN_POINT('',(5.00000007450581,-34.0000001713634,5.));
#2960=CARTESIAN_POINT('',(30.,-22.0000003278255,5.));
#2961=CARTESIAN_POINT('',(2.5000000372529,-22.0000003278255,5.));
#2962=CARTESIAN_POINT('',(30.,-10.,5.));
#2963=CARTESIAN_POINT('',(30.,-62.5,5.));
#2964=CARTESIAN_POINT('',(-30.,-10.,5.));
#2965=CARTESIAN_POINT('',(15.,-10.,5.));
#2966=CARTESIAN_POINT('',(-30.,-22.0000003278255,5.));
#2967=CARTESIAN_POINT('',(-30.,-27.5,5.));
#2968=CARTESIAN_POINT('',(-5.00000007450581,-22.0000003278255,5.));
#2969=CARTESIAN_POINT('',(-12.0000001788139,-22.0000003278255,5.));
#2970=CARTESIAN_POINT('',(-5.00000007450581,-23.0000003427267,5.));
#2971=CARTESIAN_POINT('',(-5.00000007450581,-33.5000001639128,5.));
#2972=CARTESIAN_POINT('',(-30.,-23.0000003427267,5.));
#2973=CARTESIAN_POINT('',(-2.5000000372529,-23.0000003427267,5.));
#2974=CARTESIAN_POINT('',(-30.,-32.0000004768372,5.));
#2975=CARTESIAN_POINT('',(-30.,-27.5,5.));
#2976=CARTESIAN_POINT('',(-5.00000007450581,-32.0000004768372,5.));
#2977=CARTESIAN_POINT('',(-12.0000001788139,-32.0000004768372,5.));
#2978=CARTESIAN_POINT('',(-5.00000007450581,-33.0000004917383,5.));
#2979=CARTESIAN_POINT('',(-5.00000007450581,-38.5000002384186,5.));
#2980=CARTESIAN_POINT('',(-30.,-33.0000004917383,5.));
#2981=CARTESIAN_POINT('',(-2.5000000372529,-33.0000004917383,5.));
#2982=CARTESIAN_POINT('',(-30.,-42.0000006258488,5.));
#2983=CARTESIAN_POINT('',(-30.,-27.5,5.));
#2984=CARTESIAN_POINT('',(-5.00000007450581,-42.0000006258488,5.));
#2985=CARTESIAN_POINT('',(-12.0000001788139,-42.0000006258488,5.));
#2986=CARTESIAN_POINT('',(-5.00000007450581,-43.0000006407499,5.));
#2987=CARTESIAN_POINT('',(-5.00000007450581,-43.5000003129244,5.));
#2988=CARTESIAN_POINT('',(-30.,-43.0000006407499,5.));
#2989=CARTESIAN_POINT('',(-2.5000000372529,-43.0000006407499,5.));
#2990=CARTESIAN_POINT('',(-30.,-52.0000007748604,5.));
#2991=CARTESIAN_POINT('',(-30.,-27.5,5.));
#2992=CARTESIAN_POINT('',(-5.00000007450581,-52.0000007748604,5.));
#2993=CARTESIAN_POINT('',(-12.0000001788139,-52.0000007748604,5.));
#2994=CARTESIAN_POINT('',(-5.00000007450581,-53.0000007897615,5.));
#2995=CARTESIAN_POINT('',(-5.00000007450581,-48.5000003874302,5.));
#2996=CARTESIAN_POINT('',(-30.,-53.0000007897615,5.));
#2997=CARTESIAN_POINT('',(-2.5000000372529,-53.0000007897615,5.));
#2998=CARTESIAN_POINT('',(-30.,-62.000000923872,5.));
#2999=CARTESIAN_POINT('',(-30.,-27.5,5.));
#3000=CARTESIAN_POINT('',(-5.00000007450581,-62.000000923872,5.));
#3001=CARTESIAN_POINT('',(-12.0000001788139,-62.000000923872,5.));
#3002=CARTESIAN_POINT('',(-5.00000007450581,-63.0000009387732,5.));
#3003=CARTESIAN_POINT('',(-5.00000007450581,-53.500000461936,5.));
#3004=CARTESIAN_POINT('',(-30.,-63.0000009387732,5.));
#3005=CARTESIAN_POINT('',(-2.5000000372529,-63.0000009387732,5.));
#3006=CARTESIAN_POINT('',(-30.,-72.0000010728836,5.));
#3007=CARTESIAN_POINT('',(-30.,-27.5,5.));
#3008=CARTESIAN_POINT('',(-5.00000007450581,-72.0000010728836,5.));
#3009=CARTESIAN_POINT('',(-12.0000001788139,-72.0000010728836,5.));
#3010=CARTESIAN_POINT('',(-5.00000007450581,-58.5000005364418,5.));
#3011=CARTESIAN_POINT('',(-3.00000004470348,-53.0000007897615,5.));
#3012=CARTESIAN_POINT('',(-3.00000004470348,-42.0000006258488,5.));
#3013=CARTESIAN_POINT('',(-3.00000004470348,-49.0000003948808,5.));
#3014=CARTESIAN_POINT('',(3.00000004470348,-42.0000006258488,5.));
#3015=CARTESIAN_POINT('',(-1.50000002235174,-42.0000006258488,5.));
#3016=CARTESIAN_POINT('',(3.00000004470348,-53.0000007897615,5.));
#3017=CARTESIAN_POINT('',(3.00000004470348,-43.5000003129244,5.));
#3018=CARTESIAN_POINT('',(1.50000002235174,-53.0000007897615,5.));
#3019=CARTESIAN_POINT('',(-3.00000004470348,-73.0000010877848,5.));
#3020=CARTESIAN_POINT('',(-3.00000004470348,-62.000000923872,5.));
#3021=CARTESIAN_POINT('',(-3.00000004470348,-59.0000005438924,5.));
#3022=CARTESIAN_POINT('',(3.00000004470348,-62.000000923872,5.));
#3023=CARTESIAN_POINT('',(-1.50000002235174,-62.000000923872,5.));
#3024=CARTESIAN_POINT('',(3.00000004470348,-73.0000010877848,5.));
#3025=CARTESIAN_POINT('',(3.00000004470348,-53.500000461936,5.));
#3026=CARTESIAN_POINT('',(1.50000002235174,-73.0000010877848,5.));
#3027=CARTESIAN_POINT('',(-3.00000004470348,-33.0000004917383,5.));
#3028=CARTESIAN_POINT('',(-3.00000004470348,-22.0000003278255,5.));
#3029=CARTESIAN_POINT('',(-3.00000004470348,-39.0000002458692,5.));
#3030=CARTESIAN_POINT('',(3.00000004470348,-22.0000003278255,5.));
#3031=CARTESIAN_POINT('',(-1.50000002235174,-22.0000003278255,5.));
#3032=CARTESIAN_POINT('',(3.00000004470348,-33.0000004917383,5.));
#3033=CARTESIAN_POINT('',(3.00000004470348,-33.5000001639128,5.));
#3034=CARTESIAN_POINT('',(1.50000002235174,-33.0000004917383,5.));
#3035=CARTESIAN_POINT('',(5.,-65.,5.));
#3036=CARTESIAN_POINT('',(25.,-65.,5.));
#3037=CARTESIAN_POINT('',(12.5,-65.,5.));
#3038=CARTESIAN_POINT('',(25.,-70.,5.));
#3039=CARTESIAN_POINT('',(25.,-57.5,5.));
#3040=CARTESIAN_POINT('',(5.,-70.,5.));
#3041=CARTESIAN_POINT('',(2.5,-70.,5.));
#3042=CARTESIAN_POINT('',(5.,-55.,5.));
#3043=CARTESIAN_POINT('',(-25.,-75.,5.));
#3044=CARTESIAN_POINT('',(25.,-75.,5.));
#3045=CARTESIAN_POINT('',(12.5,-75.,5.));
#3046=CARTESIAN_POINT('',(25.,-80.,5.));
#3047=CARTESIAN_POINT('',(25.,-62.5,5.));
#3048=CARTESIAN_POINT('',(-25.,-80.,5.));
#3049=CARTESIAN_POINT('',(-12.5,-80.,5.));
#3050=CARTESIAN_POINT('',(-25.,-60.,5.));
#3051=CARTESIAN_POINT('',(-25.,-65.,5.));
#3052=CARTESIAN_POINT('',(-5.,-65.,5.));
#3053=CARTESIAN_POINT('',(-2.5,-65.,5.));
#3054=CARTESIAN_POINT('',(-5.,-70.,5.));
#3055=CARTESIAN_POINT('',(-5.,-57.5,5.));
#3056=CARTESIAN_POINT('',(-25.,-70.,5.));
#3057=CARTESIAN_POINT('',(-12.5,-70.,5.));
#3058=CARTESIAN_POINT('',(-25.,-55.,5.));
#3059=CARTESIAN_POINT('',(-25.,-25.,5.));
#3060=CARTESIAN_POINT('',(-5.,-25.,5.));
#3061=CARTESIAN_POINT('',(-2.5,-25.,5.));
#3062=CARTESIAN_POINT('',(-5.,-30.,5.));
#3063=CARTESIAN_POINT('',(-5.,-37.5,5.));
#3064=CARTESIAN_POINT('',(-25.,-30.,5.));
#3065=CARTESIAN_POINT('',(-12.5,-30.,5.));
#3066=CARTESIAN_POINT('',(-25.,-35.,5.));
#3067=CARTESIAN_POINT('',(-25.,-55.,5.));
#3068=CARTESIAN_POINT('',(25.,-55.,5.));
#3069=CARTESIAN_POINT('',(12.5,-55.,5.));
#3070=CARTESIAN_POINT('',(25.,-60.,5.));
#3071=CARTESIAN_POINT('',(25.,-52.5,5.));
#3072=CARTESIAN_POINT('',(-25.,-60.,5.));
#3073=CARTESIAN_POINT('',(-12.5,-60.,5.));
#3074=CARTESIAN_POINT('',(-25.,-50.,5.));
#3075=CARTESIAN_POINT('',(-25.,-45.,5.));
#3076=CARTESIAN_POINT('',(-5.,-45.,5.));
#3077=CARTESIAN_POINT('',(-2.5,-45.,5.));
#3078=CARTESIAN_POINT('',(-5.,-50.,5.));
#3079=CARTESIAN_POINT('',(-5.,-47.5,5.));
#3080=CARTESIAN_POINT('',(-25.,-50.,5.));
#3081=CARTESIAN_POINT('',(-12.5,-50.,5.));
#3082=CARTESIAN_POINT('',(-25.,-45.,5.));
#3083=CARTESIAN_POINT('',(5.,-45.,5.));
#3084=CARTESIAN_POINT('',(25.,-45.,5.));
#3085=CARTESIAN_POINT('',(12.5,-45.,5.));
#3086=CARTESIAN_POINT('',(25.,-50.,5.));
#3087=CARTESIAN_POINT('',(25.,-47.5,5.));
#3088=CARTESIAN_POINT('',(5.,-50.,5.));
#3089=CARTESIAN_POINT('',(2.5,-50.,5.));
#3090=CARTESIAN_POINT('',(5.,-45.,5.));
#3091=CARTESIAN_POINT('',(-25.,-35.,5.));
#3092=CARTESIAN_POINT('',(25.,-35.,5.));
#3093=CARTESIAN_POINT('',(12.5,-35.,5.));
#3094=CARTESIAN_POINT('',(25.,-40.,5.));
#3095=CARTESIAN_POINT('',(25.,-42.5,5.));
#3096=CARTESIAN_POINT('',(-25.,-40.,5.));
#3097=CARTESIAN_POINT('',(-12.5,-40.,5.));
#3098=CARTESIAN_POINT('',(-25.,-40.,5.));
#3099=CARTESIAN_POINT('',(5.,-25.,5.));
#3100=CARTESIAN_POINT('',(25.,-25.,5.));
#3101=CARTESIAN_POINT('',(12.5,-25.,5.));
#3102=CARTESIAN_POINT('',(25.,-30.,5.));
#3103=CARTESIAN_POINT('',(25.,-37.5,5.));
#3104=CARTESIAN_POINT('',(5.,-30.,5.));
#3105=CARTESIAN_POINT('',(2.5,-30.,5.));
#3106=CARTESIAN_POINT('',(5.,-35.,5.));
#3107=CARTESIAN_POINT('',(-25.,-20.,5.));
#3108=CARTESIAN_POINT('',(-25.,-15.,5.));
#3109=CARTESIAN_POINT('',(-25.,-30.,5.));
#3110=CARTESIAN_POINT('',(25.,-15.,5.));
#3111=CARTESIAN_POINT('',(12.5,-15.,5.));
#3112=CARTESIAN_POINT('',(25.,-20.,5.));
#3113=CARTESIAN_POINT('',(25.,-32.5,5.));
#3114=CARTESIAN_POINT('',(-12.5,-20.,5.));
#3115=CARTESIAN_POINT('Origin',(-30.,-10.,0.));
#3116=CARTESIAN_POINT('',(-30.,-72.0000010728836,0.));
#3117=CARTESIAN_POINT('',(-30.,-72.0000010728836,1.));
#3118=CARTESIAN_POINT('',(-30.,-63.0000009387732,0.));
#3119=CARTESIAN_POINT('',(-30.,-63.0000009387732,1.));
#3120=CARTESIAN_POINT('',(-30.,-27.5,0.));
#3121=CARTESIAN_POINT('Origin',(-30.,-10.,0.));
#3122=CARTESIAN_POINT('',(-30.,-62.000000923872,0.));
#3123=CARTESIAN_POINT('',(-30.,-62.000000923872,1.));
#3124=CARTESIAN_POINT('',(-30.,-53.0000007897615,0.));
#3125=CARTESIAN_POINT('',(-30.,-53.0000007897615,1.));
#3126=CARTESIAN_POINT('',(-30.,-27.5,0.));
#3127=CARTESIAN_POINT('Origin',(-30.,-10.,0.));
#3128=CARTESIAN_POINT('',(-30.,-52.0000007748604,0.));
#3129=CARTESIAN_POINT('',(-30.,-52.0000007748604,1.));
#3130=CARTESIAN_POINT('',(-30.,-43.0000006407499,0.));
#3131=CARTESIAN_POINT('',(-30.,-43.0000006407499,1.));
#3132=CARTESIAN_POINT('',(-30.,-27.5,0.));
#3133=CARTESIAN_POINT('Origin',(-30.,-10.,0.));
#3134=CARTESIAN_POINT('',(-30.,-42.0000006258488,0.));
#3135=CARTESIAN_POINT('',(-30.,-42.0000006258488,1.));
#3136=CARTESIAN_POINT('',(-30.,-33.0000004917383,0.));
#3137=CARTESIAN_POINT('',(-30.,-33.0000004917383,1.));
#3138=CARTESIAN_POINT('',(-30.,-27.5,0.));
#3139=CARTESIAN_POINT('Origin',(-30.,-10.,0.));
#3140=CARTESIAN_POINT('',(-30.,-32.0000004768372,0.));
#3141=CARTESIAN_POINT('',(-30.,-32.0000004768372,1.));
#3142=CARTESIAN_POINT('',(-30.,-23.0000003427267,0.));
#3143=CARTESIAN_POINT('',(-30.,-23.0000003427267,1.));
#3144=CARTESIAN_POINT('',(-30.,-27.5,0.));
#3145=CARTESIAN_POINT('Origin',(-30.,-10.,0.));
#3146=CARTESIAN_POINT('',(-30.,-22.0000003278255,0.));
#3147=CARTESIAN_POINT('',(-30.,-22.0000003278255,1.));
#3148=CARTESIAN_POINT('',(-30.,-10.,0.));
#3149=CARTESIAN_POINT('',(-30.,-10.,1.));
#3150=CARTESIAN_POINT('',(-30.,-27.5,0.));
#3151=CARTESIAN_POINT('Origin',(30.,-80.,0.));
#3152=CARTESIAN_POINT('',(30.,-72.0000010728836,0.));
#3153=CARTESIAN_POINT('',(30.,-72.0000010728836,0.));
#3154=CARTESIAN_POINT('',(30.,-63.0000009387732,0.));
#3155=CARTESIAN_POINT('',(30.,-62.5,0.));
#3156=CARTESIAN_POINT('',(30.,-63.0000009387732,1.));
#3157=CARTESIAN_POINT('Origin',(30.,-80.,0.));
#3158=CARTESIAN_POINT('',(30.,-62.000000923872,0.));
#3159=CARTESIAN_POINT('',(30.,-62.000000923872,0.));
#3160=CARTESIAN_POINT('',(30.,-53.0000007897615,0.));
#3161=CARTESIAN_POINT('',(30.,-62.5,0.));
#3162=CARTESIAN_POINT('',(30.,-53.0000007897615,1.));
#3163=CARTESIAN_POINT('Origin',(30.,-80.,0.));
#3164=CARTESIAN_POINT('',(30.,-52.0000007748604,0.));
#3165=CARTESIAN_POINT('',(30.,-52.0000007748604,0.));
#3166=CARTESIAN_POINT('',(30.,-43.0000006407499,0.));
#3167=CARTESIAN_POINT('',(30.,-62.5,0.));
#3168=CARTESIAN_POINT('',(30.,-43.0000006407499,1.));
#3169=CARTESIAN_POINT('Origin',(30.,-80.,0.));
#3170=CARTESIAN_POINT('',(30.,-42.0000006258488,0.));
#3171=CARTESIAN_POINT('',(30.,-42.0000006258488,0.));
#3172=CARTESIAN_POINT('',(30.,-33.0000004917383,0.));
#3173=CARTESIAN_POINT('',(30.,-62.5,0.));
#3174=CARTESIAN_POINT('',(30.,-33.0000004917383,1.));
#3175=CARTESIAN_POINT('Origin',(0.,-45.,0.));
#3176=CARTESIAN_POINT('',(-30.,-73.0000010877848,0.));
#3177=CARTESIAN_POINT('',(-5.00000007450581,-73.0000010877848,0.));
#3178=CARTESIAN_POINT('',(-12.0000001788139,-73.0000010877848,0.));
#3179=CARTESIAN_POINT('',(-5.00000007450581,-72.0000010728836,0.));
#3180=CARTESIAN_POINT('',(-5.00000007450581,-58.5000005364418,0.));
#3181=CARTESIAN_POINT('',(-12.0000001788139,-72.0000010728836,0.));
#3182=CARTESIAN_POINT('',(-5.00000007450581,-63.0000009387732,0.));
#3183=CARTESIAN_POINT('',(-12.0000001788139,-63.0000009387732,0.));
#3184=CARTESIAN_POINT('',(-5.00000007450581,-62.000000923872,0.));
#3185=CARTESIAN_POINT('',(-5.00000007450581,-53.500000461936,0.));
#3186=CARTESIAN_POINT('',(-12.0000001788139,-62.000000923872,0.));
#3187=CARTESIAN_POINT('',(-5.00000007450581,-53.0000007897615,0.));
#3188=CARTESIAN_POINT('',(-12.0000001788139,-53.0000007897615,0.));
#3189=CARTESIAN_POINT('',(-5.00000007450581,-52.0000007748604,0.));
#3190=CARTESIAN_POINT('',(-5.00000007450581,-48.5000003874302,0.));
#3191=CARTESIAN_POINT('',(-12.0000001788139,-52.0000007748604,0.));
#3192=CARTESIAN_POINT('',(-5.00000007450581,-43.0000006407499,0.));
#3193=CARTESIAN_POINT('',(-12.0000001788139,-43.0000006407499,0.));
#3194=CARTESIAN_POINT('',(-5.00000007450581,-42.0000006258488,0.));
#3195=CARTESIAN_POINT('',(-5.00000007450581,-43.5000003129244,0.));
#3196=CARTESIAN_POINT('',(-12.0000001788139,-42.0000006258488,0.));
#3197=CARTESIAN_POINT('',(-5.00000007450581,-33.0000004917383,0.));
#3198=CARTESIAN_POINT('',(-12.0000001788139,-33.0000004917383,0.));
#3199=CARTESIAN_POINT('',(-5.00000007450581,-32.0000004768372,0.));
#3200=CARTESIAN_POINT('',(-5.00000007450581,-38.5000002384186,0.));
#3201=CARTESIAN_POINT('',(-12.0000001788139,-32.0000004768372,0.));
#3202=CARTESIAN_POINT('',(-5.00000007450581,-23.0000003427267,0.));
#3203=CARTESIAN_POINT('',(-12.0000001788139,-23.0000003427267,0.));
#3204=CARTESIAN_POINT('',(-5.00000007450581,-22.0000003278255,0.));
#3205=CARTESIAN_POINT('',(-5.00000007450581,-33.5000001639128,0.));
#3206=CARTESIAN_POINT('',(-12.0000001788139,-22.0000003278255,0.));
#3207=CARTESIAN_POINT('',(30.,-10.,0.));
#3208=CARTESIAN_POINT('',(-30.,-10.,0.));
#3209=CARTESIAN_POINT('',(30.,-22.0000003278255,0.));
#3210=CARTESIAN_POINT('',(30.,-62.5,0.));
#3211=CARTESIAN_POINT('',(5.00000007450581,-22.0000003278255,0.));
#3212=CARTESIAN_POINT('',(12.0000001788139,-22.0000003278255,0.));
#3213=CARTESIAN_POINT('',(5.00000007450581,-23.0000003427267,0.));
#3214=CARTESIAN_POINT('',(5.00000007450581,-34.0000001713634,0.));
#3215=CARTESIAN_POINT('',(30.,-23.0000003427267,0.));
#3216=CARTESIAN_POINT('',(12.0000001788139,-23.0000003427267,0.));
#3217=CARTESIAN_POINT('',(30.,-32.0000004768372,0.));
#3218=CARTESIAN_POINT('',(30.,-62.5,0.));
#3219=CARTESIAN_POINT('',(5.00000007450581,-32.0000004768372,0.));
#3220=CARTESIAN_POINT('',(12.0000001788139,-32.0000004768372,0.));
#3221=CARTESIAN_POINT('',(5.00000007450581,-33.0000004917383,0.));
#3222=CARTESIAN_POINT('',(5.00000007450581,-39.0000002458692,0.));
#3223=CARTESIAN_POINT('',(12.0000001788139,-33.0000004917383,0.));
#3224=CARTESIAN_POINT('',(5.00000007450581,-42.0000006258488,0.));
#3225=CARTESIAN_POINT('',(12.0000001788139,-42.0000006258488,0.));
#3226=CARTESIAN_POINT('',(5.00000007450581,-43.0000006407499,0.));
#3227=CARTESIAN_POINT('',(5.00000007450581,-44.000000320375,0.));
#3228=CARTESIAN_POINT('',(12.0000001788139,-43.0000006407499,0.));
#3229=CARTESIAN_POINT('',(5.00000007450581,-52.0000007748604,0.));
#3230=CARTESIAN_POINT('',(12.0000001788139,-52.0000007748604,0.));
#3231=CARTESIAN_POINT('',(5.00000007450581,-53.0000007897615,0.));
#3232=CARTESIAN_POINT('',(5.00000007450581,-49.0000003948808,0.));
#3233=CARTESIAN_POINT('',(12.0000001788139,-53.0000007897615,0.));
#3234=CARTESIAN_POINT('',(5.00000007450581,-62.000000923872,0.));
#3235=CARTESIAN_POINT('',(12.0000001788139,-62.000000923872,0.));
#3236=CARTESIAN_POINT('',(5.00000007450581,-63.0000009387732,0.));
#3237=CARTESIAN_POINT('',(5.00000007450581,-54.0000004693866,0.));
#3238=CARTESIAN_POINT('',(12.0000001788139,-63.0000009387732,0.));
#3239=CARTESIAN_POINT('',(5.00000007450581,-72.0000010728836,0.));
#3240=CARTESIAN_POINT('',(12.0000001788139,-72.0000010728836,0.));
#3241=CARTESIAN_POINT('',(5.00000007450581,-73.0000010877848,0.));
#3242=CARTESIAN_POINT('',(5.00000007450581,-59.0000005438924,0.));
#3243=CARTESIAN_POINT('',(30.,-73.0000010877848,0.));
#3244=CARTESIAN_POINT('',(12.0000001788139,-73.0000010877848,0.));
#3245=CARTESIAN_POINT('',(30.,-85.,0.));
#3246=CARTESIAN_POINT('',(30.,-62.5,0.));
#3247=CARTESIAN_POINT('',(-30.,-85.,0.));
#3248=CARTESIAN_POINT('',(-30.,-85.,0.));
#3249=CARTESIAN_POINT('',(-30.,-27.5,0.));
#3250=CARTESIAN_POINT('',(-25.,-15.,0.));
#3251=CARTESIAN_POINT('',(-25.,-20.,0.));
#3252=CARTESIAN_POINT('',(-25.,-30.,0.));
#3253=CARTESIAN_POINT('',(25.,-20.,0.));
#3254=CARTESIAN_POINT('',(-12.5,-20.,0.));
#3255=CARTESIAN_POINT('',(25.,-15.,0.));
#3256=CARTESIAN_POINT('',(25.,-32.5,0.));
#3257=CARTESIAN_POINT('',(12.5,-15.,0.));
#3258=CARTESIAN_POINT('',(25.,-25.,0.));
#3259=CARTESIAN_POINT('',(5.,-25.,0.));
#3260=CARTESIAN_POINT('',(12.5,-25.,0.));
#3261=CARTESIAN_POINT('',(5.,-30.,0.));
#3262=CARTESIAN_POINT('',(5.,-35.,0.));
#3263=CARTESIAN_POINT('',(25.,-30.,0.));
#3264=CARTESIAN_POINT('',(2.5,-30.,0.));
#3265=CARTESIAN_POINT('',(25.,-37.5,0.));
#3266=CARTESIAN_POINT('',(25.,-35.,0.));
#3267=CARTESIAN_POINT('',(-25.,-35.,0.));
#3268=CARTESIAN_POINT('',(12.5,-35.,0.));
#3269=CARTESIAN_POINT('',(-25.,-40.,0.));
#3270=CARTESIAN_POINT('',(-25.,-40.,0.));
#3271=CARTESIAN_POINT('',(25.,-40.,0.));
#3272=CARTESIAN_POINT('',(-12.5,-40.,0.));
#3273=CARTESIAN_POINT('',(25.,-42.5,0.));
#3274=CARTESIAN_POINT('',(25.,-45.,0.));
#3275=CARTESIAN_POINT('',(5.,-45.,0.));
#3276=CARTESIAN_POINT('',(12.5,-45.,0.));
#3277=CARTESIAN_POINT('',(5.,-50.,0.));
#3278=CARTESIAN_POINT('',(5.,-45.,0.));
#3279=CARTESIAN_POINT('',(25.,-50.,0.));
#3280=CARTESIAN_POINT('',(2.5,-50.,0.));
#3281=CARTESIAN_POINT('',(25.,-47.5,0.));
#3282=CARTESIAN_POINT('',(-5.,-45.,0.));
#3283=CARTESIAN_POINT('',(-25.,-45.,0.));
#3284=CARTESIAN_POINT('',(-2.5,-45.,0.));
#3285=CARTESIAN_POINT('',(-25.,-50.,0.));
#3286=CARTESIAN_POINT('',(-25.,-45.,0.));
#3287=CARTESIAN_POINT('',(-5.,-50.,0.));
#3288=CARTESIAN_POINT('',(-12.5,-50.,0.));
#3289=CARTESIAN_POINT('',(-5.,-47.5,0.));
#3290=CARTESIAN_POINT('',(25.,-55.,0.));
#3291=CARTESIAN_POINT('',(-25.,-55.,0.));
#3292=CARTESIAN_POINT('',(12.5,-55.,0.));
#3293=CARTESIAN_POINT('',(-25.,-60.,0.));
#3294=CARTESIAN_POINT('',(-25.,-50.,0.));
#3295=CARTESIAN_POINT('',(25.,-60.,0.));
#3296=CARTESIAN_POINT('',(-12.5,-60.,0.));
#3297=CARTESIAN_POINT('',(25.,-52.5,0.));
#3298=CARTESIAN_POINT('',(-5.,-25.,0.));
#3299=CARTESIAN_POINT('',(-25.,-25.,0.));
#3300=CARTESIAN_POINT('',(-2.5,-25.,0.));
#3301=CARTESIAN_POINT('',(-25.,-30.,0.));
#3302=CARTESIAN_POINT('',(-25.,-35.,0.));
#3303=CARTESIAN_POINT('',(-5.,-30.,0.));
#3304=CARTESIAN_POINT('',(-12.5,-30.,0.));
#3305=CARTESIAN_POINT('',(-5.,-37.5,0.));
#3306=CARTESIAN_POINT('',(-5.,-65.,0.));
#3307=CARTESIAN_POINT('',(-25.,-65.,0.));
#3308=CARTESIAN_POINT('',(-2.5,-65.,0.));
#3309=CARTESIAN_POINT('',(-25.,-70.,0.));
#3310=CARTESIAN_POINT('',(-25.,-55.,0.));
#3311=CARTESIAN_POINT('',(-5.,-70.,0.));
#3312=CARTESIAN_POINT('',(-12.5,-70.,0.));
#3313=CARTESIAN_POINT('',(-5.,-57.5,0.));
#3314=CARTESIAN_POINT('',(25.,-75.,0.));
#3315=CARTESIAN_POINT('',(-25.,-75.,0.));
#3316=CARTESIAN_POINT('',(12.5,-75.,0.));
#3317=CARTESIAN_POINT('',(-25.,-80.,0.));
#3318=CARTESIAN_POINT('',(-25.,-60.,0.));
#3319=CARTESIAN_POINT('',(25.,-80.,0.));
#3320=CARTESIAN_POINT('',(-12.5,-80.,0.));
#3321=CARTESIAN_POINT('',(25.,-62.5,0.));
#3322=CARTESIAN_POINT('',(25.,-65.,0.));
#3323=CARTESIAN_POINT('',(5.,-65.,0.));
#3324=CARTESIAN_POINT('',(12.5,-65.,0.));
#3325=CARTESIAN_POINT('',(5.,-70.,0.));
#3326=CARTESIAN_POINT('',(5.,-55.,0.));
#3327=CARTESIAN_POINT('',(25.,-70.,0.));
#3328=CARTESIAN_POINT('',(2.5,-70.,0.));
#3329=CARTESIAN_POINT('',(25.,-57.5,0.));
#3330=CARTESIAN_POINT('',(-3.00000004470348,-22.0000003278255,0.));
#3331=CARTESIAN_POINT('',(-3.00000004470348,-33.0000004917383,0.));
#3332=CARTESIAN_POINT('',(-3.00000004470348,-39.0000002458692,0.));
#3333=CARTESIAN_POINT('',(3.00000004470348,-33.0000004917383,0.));
#3334=CARTESIAN_POINT('',(1.50000002235174,-33.0000004917383,0.));
#3335=CARTESIAN_POINT('',(3.00000004470348,-22.0000003278255,0.));
#3336=CARTESIAN_POINT('',(3.00000004470348,-33.5000001639128,0.));
#3337=CARTESIAN_POINT('',(-1.50000002235174,-22.0000003278255,0.));
#3338=CARTESIAN_POINT('',(-3.00000004470348,-62.000000923872,0.));
#3339=CARTESIAN_POINT('',(-3.00000004470348,-73.0000010877848,0.));
#3340=CARTESIAN_POINT('',(-3.00000004470348,-59.0000005438924,0.));
#3341=CARTESIAN_POINT('',(3.00000004470348,-73.0000010877848,0.));
#3342=CARTESIAN_POINT('',(1.50000002235174,-73.0000010877848,0.));
#3343=CARTESIAN_POINT('',(3.00000004470348,-62.000000923872,0.));
#3344=CARTESIAN_POINT('',(3.00000004470348,-53.500000461936,0.));
#3345=CARTESIAN_POINT('',(-1.50000002235174,-62.000000923872,0.));
#3346=CARTESIAN_POINT('',(-3.00000004470348,-42.0000006258488,0.));
#3347=CARTESIAN_POINT('',(-3.00000004470348,-53.0000007897615,0.));
#3348=CARTESIAN_POINT('',(-3.00000004470348,-49.0000003948808,0.));
#3349=CARTESIAN_POINT('',(3.00000004470348,-53.0000007897615,0.));
#3350=CARTESIAN_POINT('',(1.50000002235174,-53.0000007897615,0.));
#3351=CARTESIAN_POINT('',(3.00000004470348,-42.0000006258488,0.));
#3352=CARTESIAN_POINT('',(3.00000004470348,-43.5000003129244,0.));
#3353=CARTESIAN_POINT('',(-1.50000002235174,-42.0000006258488,0.));
#3354=CARTESIAN_POINT('Origin',(30.,-80.,0.));
#3355=CARTESIAN_POINT('',(30.,-32.0000004768372,0.));
#3356=CARTESIAN_POINT('',(30.,-23.0000003427267,1.));
#3357=CARTESIAN_POINT('Origin',(30.,-80.,0.));
#3358=CARTESIAN_POINT('',(30.,-73.0000010877848,1.));
#3359=CARTESIAN_POINT('',(30.,-85.,0.));
#3360=CARTESIAN_POINT('Origin',(25.,-20.,0.));
#3361=CARTESIAN_POINT('',(25.,-15.,1.));
#3362=CARTESIAN_POINT('',(25.,-20.,1.));
#3363=CARTESIAN_POINT('Origin',(25.,-15.,0.));
#3364=CARTESIAN_POINT('',(-25.,-15.,0.));
#3365=CARTESIAN_POINT('Origin',(5.,-30.,0.));
#3366=CARTESIAN_POINT('',(25.,-30.,1.));
#3367=CARTESIAN_POINT('',(5.,-30.,1.));
#3368=CARTESIAN_POINT('Origin',(25.,-30.,0.));
#3369=CARTESIAN_POINT('',(25.,-25.,0.));
#3370=CARTESIAN_POINT('Origin',(-25.,-40.,0.));
#3371=CARTESIAN_POINT('',(25.,-40.,1.));
#3372=CARTESIAN_POINT('',(-25.,-40.,1.));
#3373=CARTESIAN_POINT('Origin',(25.,-40.,0.));
#3374=CARTESIAN_POINT('',(25.,-35.,0.));
#3375=CARTESIAN_POINT('Origin',(5.,-50.,0.));
#3376=CARTESIAN_POINT('',(25.,-50.,1.));
#3377=CARTESIAN_POINT('',(5.,-50.,1.));
#3378=CARTESIAN_POINT('Origin',(25.,-50.,0.));
#3379=CARTESIAN_POINT('',(25.,-45.,0.));
#3380=CARTESIAN_POINT('Origin',(-25.,-50.,0.));
#3381=CARTESIAN_POINT('',(-5.,-50.,1.));
#3382=CARTESIAN_POINT('',(-25.,-50.,1.));
#3383=CARTESIAN_POINT('Origin',(-5.,-50.,0.));
#3384=CARTESIAN_POINT('',(-5.,-45.,0.));
#3385=CARTESIAN_POINT('Origin',(-25.,-60.,0.));
#3386=CARTESIAN_POINT('',(25.,-60.,1.));
#3387=CARTESIAN_POINT('',(-25.,-60.,1.));
#3388=CARTESIAN_POINT('Origin',(25.,-60.,0.));
#3389=CARTESIAN_POINT('',(25.,-55.,0.));
#3390=CARTESIAN_POINT('Origin',(-25.,-30.,0.));
#3391=CARTESIAN_POINT('',(-5.,-30.,1.));
#3392=CARTESIAN_POINT('',(-25.,-30.,1.));
#3393=CARTESIAN_POINT('Origin',(-5.,-30.,0.));
#3394=CARTESIAN_POINT('',(-5.,-25.,0.));
#3395=CARTESIAN_POINT('Origin',(-25.,-70.,0.));
#3396=CARTESIAN_POINT('',(-5.,-70.,1.));
#3397=CARTESIAN_POINT('',(-25.,-70.,1.));
#3398=CARTESIAN_POINT('Origin',(-5.,-70.,0.));
#3399=CARTESIAN_POINT('',(-5.,-65.,0.));
#3400=CARTESIAN_POINT('Origin',(-25.,-80.,0.));
#3401=CARTESIAN_POINT('',(25.,-80.,1.));
#3402=CARTESIAN_POINT('',(-25.,-80.,1.));
#3403=CARTESIAN_POINT('Origin',(25.,-80.,0.));
#3404=CARTESIAN_POINT('',(25.,-75.,0.));
#3405=CARTESIAN_POINT('Origin',(5.,-70.,0.));
#3406=CARTESIAN_POINT('',(25.,-70.,1.));
#3407=CARTESIAN_POINT('',(5.,-70.,1.));
#3408=CARTESIAN_POINT('Origin',(25.,-70.,0.));
#3409=CARTESIAN_POINT('',(25.,-65.,0.));
#3410=CARTESIAN_POINT('Origin',(5.00000007450581,-32.0000004768372,3.));
#3411=CARTESIAN_POINT('',(5.00000007450581,-32.0000004768372,3.));
#3412=CARTESIAN_POINT('Origin',(5.00000007450581,-72.0000010728836,3.));
#3413=CARTESIAN_POINT('',(5.00000007450581,-72.0000010728836,3.));
#3414=CARTESIAN_POINT('Origin',(5.00000007450581,-42.0000006258488,3.));
#3415=CARTESIAN_POINT('',(5.00000007450581,-42.0000006258488,3.));
#3416=CARTESIAN_POINT('Origin',(-5.00000007450581,-62.000000923872,3.));
#3417=CARTESIAN_POINT('',(-5.00000007450581,-62.000000923872,3.));
#3418=CARTESIAN_POINT('',(-5.00000007450581,-63.0000009387732,3.));
#3419=CARTESIAN_POINT('Origin',(-24.0000003576279,-62.000000923872,3.));
#3420=CARTESIAN_POINT('Origin',(-5.00000007450581,-22.0000003278255,3.));
#3421=CARTESIAN_POINT('',(-5.00000007450581,-22.0000003278255,3.));
#3422=CARTESIAN_POINT('',(-5.00000007450581,-23.0000003427267,3.));
#3423=CARTESIAN_POINT('Origin',(-24.0000003576279,-22.0000003278255,3.));
#3424=CARTESIAN_POINT('Origin',(-5.00000007450581,-42.0000006258488,3.));
#3425=CARTESIAN_POINT('',(-5.00000007450581,-42.0000006258488,3.));
#3426=CARTESIAN_POINT('',(-5.00000007450581,-43.0000006407499,3.));
#3427=CARTESIAN_POINT('Origin',(-24.0000003576279,-42.0000006258488,3.));
#3428=CARTESIAN_POINT('Origin',(3.00000004470348,-22.0000003278255,3.));
#3429=CARTESIAN_POINT('',(3.00000004470348,-22.0000003278255,3.));
#3430=CARTESIAN_POINT('',(3.00000004470348,-33.0000004917383,3.));
#3431=CARTESIAN_POINT('Origin',(-3.00000004470348,-22.0000003278255,3.));
#3432=CARTESIAN_POINT('',(-3.00000004470348,-22.0000003278255,3.));
#3433=CARTESIAN_POINT('Origin',(5.00000007450581,-22.0000003278255,3.));
#3434=CARTESIAN_POINT('',(5.00000007450581,-22.0000003278255,3.));
#3435=CARTESIAN_POINT('',(30.,-22.0000003278255,1.));
#3436=CARTESIAN_POINT('Origin',(-5.00000007450581,-72.0000010728836,3.));
#3437=CARTESIAN_POINT('',(-5.00000007450581,-72.0000010728836,3.));
#3438=CARTESIAN_POINT('',(-5.00000007450581,-73.0000010877848,3.));
#3439=CARTESIAN_POINT('Origin',(-24.0000003576279,-72.0000010728836,3.));
#3440=CARTESIAN_POINT('Origin',(-5.00000007450581,-32.0000004768372,3.));
#3441=CARTESIAN_POINT('',(-5.00000007450581,-32.0000004768372,3.));
#3442=CARTESIAN_POINT('',(-5.00000007450581,-33.0000004917383,3.));
#3443=CARTESIAN_POINT('Origin',(-24.0000003576279,-32.0000004768372,3.));
#3444=CARTESIAN_POINT('Origin',(5.00000007450581,-62.000000923872,3.));
#3445=CARTESIAN_POINT('',(5.00000007450581,-62.000000923872,3.));
#3446=CARTESIAN_POINT('Origin',(5.00000007450581,-52.0000007748604,3.));
#3447=CARTESIAN_POINT('',(5.00000007450581,-52.0000007748604,3.));
#3448=CARTESIAN_POINT('Origin',(-5.00000007450581,-52.0000007748604,3.));
#3449=CARTESIAN_POINT('',(-5.00000007450581,-52.0000007748604,3.));
#3450=CARTESIAN_POINT('',(-5.00000007450581,-53.0000007897615,3.));
#3451=CARTESIAN_POINT('Origin',(-24.0000003576279,-52.0000007748604,3.));
#3452=CARTESIAN_POINT('Origin',(3.00000004470348,-62.000000923872,3.));
#3453=CARTESIAN_POINT('',(3.00000004470348,-62.000000923872,3.));
#3454=CARTESIAN_POINT('',(3.00000004470348,-73.0000010877848,3.));
#3455=CARTESIAN_POINT('Origin',(-3.00000004470348,-62.000000923872,3.));
#3456=CARTESIAN_POINT('',(-3.00000004470348,-62.000000923872,3.));
#3457=CARTESIAN_POINT('Origin',(3.00000004470348,-42.0000006258488,3.));
#3458=CARTESIAN_POINT('',(3.00000004470348,-42.0000006258488,3.));
#3459=CARTESIAN_POINT('',(3.00000004470348,-53.0000007897615,3.));
#3460=CARTESIAN_POINT('Origin',(-3.00000004470348,-42.0000006258488,3.));
#3461=CARTESIAN_POINT('',(-3.00000004470348,-42.0000006258488,3.));
#3462=CARTESIAN_POINT('Origin',(30.,-10.,0.));
#3463=CARTESIAN_POINT('',(30.,-10.,0.));
#3464=CARTESIAN_POINT('Origin',(30.,-80.,0.));
#3465=CARTESIAN_POINT('Origin',(-30.,-85.,0.));
#3466=CARTESIAN_POINT('',(-30.,-85.,0.));
#3467=CARTESIAN_POINT('Origin',(-30.,-10.,0.));
#3468=CARTESIAN_POINT('',(-30.,-73.0000010877848,1.));
#3469=CARTESIAN_POINT('Origin',(-3.00000004470348,-53.0000007897615,3.));
#3470=CARTESIAN_POINT('',(-3.00000004470348,-53.0000007897615,3.));
#3471=CARTESIAN_POINT('Origin',(3.00000004470348,-53.0000007897615,3.));
#3472=CARTESIAN_POINT('Origin',(-3.00000004470348,-73.0000010877848,3.));
#3473=CARTESIAN_POINT('',(-3.00000004470348,-73.0000010877848,3.));
#3474=CARTESIAN_POINT('Origin',(3.00000004470348,-73.0000010877848,3.));
#3475=CARTESIAN_POINT('Origin',(-5.00000007450581,-53.0000007897615,3.));
#3476=CARTESIAN_POINT('Origin',(5.00000007450581,-53.0000007897615,3.));
#3477=CARTESIAN_POINT('',(5.00000007450581,-53.0000007897615,3.));
#3478=CARTESIAN_POINT('Origin',(24.0000003576279,-53.0000007897615,3.));
#3479=CARTESIAN_POINT('Origin',(5.00000007450581,-63.0000009387732,3.));
#3480=CARTESIAN_POINT('',(5.00000007450581,-63.0000009387732,3.));
#3481=CARTESIAN_POINT('Origin',(24.0000003576279,-63.0000009387732,3.));
#3482=CARTESIAN_POINT('Origin',(-5.00000007450581,-33.0000004917383,3.));
#3483=CARTESIAN_POINT('Origin',(-5.00000007450581,-73.0000010877848,3.));
#3484=CARTESIAN_POINT('Origin',(5.00000007450581,-23.0000003427267,3.));
#3485=CARTESIAN_POINT('',(5.00000007450581,-23.0000003427267,3.));
#3486=CARTESIAN_POINT('Origin',(24.0000003576279,-23.0000003427267,3.));
#3487=CARTESIAN_POINT('Origin',(-3.00000004470348,-33.0000004917383,3.));
#3488=CARTESIAN_POINT('',(-3.00000004470348,-33.0000004917383,3.));
#3489=CARTESIAN_POINT('Origin',(3.00000004470348,-33.0000004917383,3.));
#3490=CARTESIAN_POINT('Origin',(-5.00000007450581,-43.0000006407499,3.));
#3491=CARTESIAN_POINT('Origin',(-5.00000007450581,-23.0000003427267,3.));
#3492=CARTESIAN_POINT('Origin',(-5.00000007450581,-63.0000009387732,3.));
#3493=CARTESIAN_POINT('Origin',(5.00000007450581,-43.0000006407499,3.));
#3494=CARTESIAN_POINT('',(5.00000007450581,-43.0000006407499,3.));
#3495=CARTESIAN_POINT('Origin',(24.0000003576279,-43.0000006407499,3.));
#3496=CARTESIAN_POINT('Origin',(5.00000007450581,-73.0000010877848,3.));
#3497=CARTESIAN_POINT('',(5.00000007450581,-73.0000010877848,3.));
#3498=CARTESIAN_POINT('Origin',(24.0000003576279,-73.0000010877848,3.));
#3499=CARTESIAN_POINT('Origin',(5.00000007450581,-33.0000004917383,3.));
#3500=CARTESIAN_POINT('',(5.00000007450581,-33.0000004917383,3.));
#3501=CARTESIAN_POINT('Origin',(24.0000003576279,-33.0000004917383,3.));
#3502=CARTESIAN_POINT('Origin',(5.,-65.,0.));
#3503=CARTESIAN_POINT('',(5.,-65.,0.));
#3504=CARTESIAN_POINT('Origin',(25.,-65.,0.));
#3505=CARTESIAN_POINT('Origin',(-25.,-75.,0.));
#3506=CARTESIAN_POINT('',(-25.,-75.,0.));
#3507=CARTESIAN_POINT('Origin',(25.,-75.,0.));
#3508=CARTESIAN_POINT('Origin',(-25.,-65.,0.));
#3509=CARTESIAN_POINT('',(-25.,-65.,0.));
#3510=CARTESIAN_POINT('Origin',(-5.,-65.,0.));
#3511=CARTESIAN_POINT('Origin',(-25.,-25.,0.));
#3512=CARTESIAN_POINT('',(-25.,-25.,0.));
#3513=CARTESIAN_POINT('Origin',(-5.,-25.,0.));
#3514=CARTESIAN_POINT('Origin',(-25.,-55.,0.));
#3515=CARTESIAN_POINT('',(-25.,-55.,0.));
#3516=CARTESIAN_POINT('Origin',(25.,-55.,0.));
#3517=CARTESIAN_POINT('Origin',(-25.,-45.,0.));
#3518=CARTESIAN_POINT('',(-25.,-45.,0.));
#3519=CARTESIAN_POINT('Origin',(-5.,-45.,0.));
#3520=CARTESIAN_POINT('Origin',(5.,-45.,0.));
#3521=CARTESIAN_POINT('',(5.,-45.,0.));
#3522=CARTESIAN_POINT('Origin',(25.,-45.,0.));
#3523=CARTESIAN_POINT('Origin',(-25.,-35.,0.));
#3524=CARTESIAN_POINT('',(-25.,-35.,0.));
#3525=CARTESIAN_POINT('Origin',(25.,-35.,0.));
#3526=CARTESIAN_POINT('Origin',(5.,-25.,0.));
#3527=CARTESIAN_POINT('',(5.,-25.,0.));
#3528=CARTESIAN_POINT('Origin',(25.,-25.,0.));
#3529=CARTESIAN_POINT('Origin',(-25.,-15.,0.));
#3530=CARTESIAN_POINT('',(-25.,-20.,0.));
#3531=CARTESIAN_POINT('Origin',(-25.,-20.,0.));
#3532=UNCERTAINTY_MEASURE_WITH_UNIT(LENGTH_MEASURE(0.01),#3536,
'DISTANCE_ACCURACY_VALUE',
'Maximum model space distance between geometric entities at asserted c
onnectivities');
#3533=UNCERTAINTY_MEASURE_WITH_UNIT(LENGTH_MEASURE(0.01),#3536,
'DISTANCE_ACCURACY_VALUE',
'Maximum model space distance between geometric entities at asserted c
onnectivities');
#3534=(
GEOMETRIC_REPRESENTATION_CONTEXT(3)
GLOBAL_UNCERTAINTY_ASSIGNED_CONTEXT((#3532))
GLOBAL_UNIT_ASSIGNED_CONTEXT((#3536,#3538,#3539))
REPRESENTATION_CONTEXT('','3D')
);
#3535=(
GEOMETRIC_REPRESENTATION_CONTEXT(3)
GLOBAL_UNCERTAINTY_ASSIGNED_CONTEXT((#3533))
GLOBAL_UNIT_ASSIGNED_CONTEXT((#3536,#3538,#3539))
REPRESENTATION_CONTEXT('','3D')
);
#3536=(
LENGTH_UNIT()
NAMED_UNIT(*)
SI_UNIT(.MILLI.,.METRE.)
);
#3537=(
LENGTH_UNIT()
NAMED_UNIT(*)
SI_UNIT($,.METRE.)
);
#3538=(
NAMED_UNIT(*)
PLANE_ANGLE_UNIT()
SI_UNIT($,.RADIAN.)
);
#3539=(
NAMED_UNIT(*)
SI_UNIT($,.STERADIAN.)
SOLID_ANGLE_UNIT()
);
#3540=SHAPE_DEFINITION_REPRESENTATION(#3541,#3542);
#3541=PRODUCT_DEFINITION_SHAPE('',$,#3544);
#3542=SHAPE_REPRESENTATION('',(#2272),#3534);
#3543=PRODUCT_DEFINITION_CONTEXT('part definition',#3548,'design');
#3544=PRODUCT_DEFINITION('(Unsaved)','(Unsaved)',#3545,#3543);
#3545=PRODUCT_DEFINITION_FORMATION('',$,#3550);
#3546=PRODUCT_RELATED_PRODUCT_CATEGORY('(Unsaved)','(Unsaved)',(#3550));
#3547=APPLICATION_PROTOCOL_DEFINITION('international standard',
'automotive_design',2009,#3548);
#3548=APPLICATION_CONTEXT(
'Core Data for Automotive Mechanical Design Process');
#3549=PRODUCT_CONTEXT('part definition',#3548,'mechanical');
#3550=PRODUCT('(Unsaved)','(Unsaved)',$,(#3549));
#3551=PRESENTATION_STYLE_ASSIGNMENT((#3552));
#3552=SURFACE_STYLE_USAGE(.BOTH.,#3553);
#3553=SURFACE_SIDE_STYLE('',(#3554));
#3554=SURFACE_STYLE_FILL_AREA(#3555);
#3555=FILL_AREA_STYLE('Steel - Satin',(#3556));
#3556=FILL_AREA_STYLE_COLOUR('Steel - Satin',#3557);
#3557=COLOUR_RGB('Steel - Satin',0.627450980392157,0.627450980392157,0.627450980392157);
ENDSEC;
END-ISO-10303-21;
