ISO-10303-21;
HEADER;
/* Generated by software containing ST-Developer
 * from STEP Tools, Inc. (www.steptools.com) 
 */

FILE_DESCRIPTION(
/* description */ (''),
/* implementation_level */ '2;1');

FILE_NAME(
/* name */ 'feet_1.step',
/* time_stamp */ '2026-07-02T14:44:42+05:30',
/* author */ (''),
/* organization */ (''),
/* preprocessor_version */ 'ST-DEVELOPER v20.1',
/* originating_system */ 'Autodesk Translation Framework v15.8.0.0',
/* authorisation */ '');

FILE_SCHEMA (('AUTOMOTIVE_DESIGN { 1 0 10303 214 3 1 1 }'));
ENDSEC;

DATA;
#10=MECHANICAL_DESIGN_GEOMETRIC_PRESENTATION_REPRESENTATION('',(#13),#2034);
#11=SHAPE_REPRESENTATION_RELATIONSHIP('SRR','None',#2041,#12);
#12=ADVANCED_BREP_SHAPE_REPRESENTATION('',(#14),#2033);
#13=STYLED_ITEM('',(#2050),#14);
#14=MANIFOLD_SOLID_BREP('Body1',#710);
#15=SPHERICAL_SURFACE('',#779,13.);
#16=TOROIDAL_SURFACE('',#774,13.4164078405641,1.5);
#17=(
BOUNDED_SURFACE()
B_SPLINE_SURFACE(5,1,((#1818,#1819),(#1820,#1821),(#1822,#1823),(#1824,
#1825),(#1826,#1827),(#1828,#1829),(#1830,#1831),(#1832,#1833),(#1834,#1835),
(#1836,#1837),(#1838,#1839),(#1840,#1841),(#1842,#1843),(#1844,#1845),(#1846,
#1847),(#1848,#1849),(#1850,#1851),(#1852,#1853),(#1854,#1855),(#1856,#1857),
(#1858,#1859),(#1860,#1861),(#1862,#1863),(#1864,#1865),(#1866,#1867)),
 .UNSPECIFIED.,.T.,.F.,.F.)
B_SPLINE_SURFACE_WITH_KNOTS((6,1,1,1,1,1,1,1,1,1,1,1,1,1,1,1,1,1,1,1,6),
(2,2),(0.,0.05,0.1,0.15,0.2,0.25,0.3,0.35,0.4,0.45,0.5,0.55,0.6,0.65,0.7,
0.75,0.8,0.85,0.9,0.95,1.),(-0.6,0.6),.UNSPECIFIED.)
GEOMETRIC_REPRESENTATION_ITEM()
RATIONAL_B_SPLINE_SURFACE(((1.,1.),(1.,1.),(1.,1.),(1.,1.),(1.,1.),(1.,
1.),(1.,1.),(1.,1.),(1.,1.),(1.,1.),(1.,1.),(1.,1.),(1.,1.),(1.,1.),(1.,
1.),(1.,1.),(1.,1.),(1.,1.),(1.,1.),(1.,1.),(1.,1.),(1.,1.),(1.,1.),(1.,
1.),(1.,1.)))
REPRESENTATION_ITEM('')
SURFACE()
);
#18=CONICAL_SURFACE('',#751,13.4164078405641,0.349065850398866);
#19=(
BOUNDED_CURVE()
B_SPLINE_CURVE(2,(#1219,#1220,#1221),.UNSPECIFIED.,.F.,.F.)
B_SPLINE_CURVE_WITH_KNOTS((3,3),(0.45333758044814,0.504333217180577),
 .UNSPECIFIED.)
CURVE()
GEOMETRIC_REPRESENTATION_ITEM()
RATIONAL_B_SPLINE_CURVE((1.,1.,1.))
REPRESENTATION_ITEM('')
);
#20=(
BOUNDED_CURVE()
B_SPLINE_CURVE(2,(#1225,#1226,#1227),.UNSPECIFIED.,.F.,.F.)
B_SPLINE_CURVE_WITH_KNOTS((3,3),(0.453337580448136,0.504333217180573),
 .UNSPECIFIED.)
CURVE()
GEOMETRIC_REPRESENTATION_ITEM()
RATIONAL_B_SPLINE_CURVE((1.,1.,1.))
REPRESENTATION_ITEM('')
);
#21=CIRCLE('',#730,27.5);
#22=CIRCLE('',#732,17.5);
#23=CIRCLE('',#740,3.5);
#24=CIRCLE('',#752,13.4164078405641);
#25=CIRCLE('',#754,3.5);
#26=CIRCLE('',#757,12.369316857578);
#27=CIRCLE('',#758,12.369316857578);
#28=CIRCLE('',#760,12.369316857578);
#29=CIRCLE('',#761,1.5);
#30=CIRCLE('',#764,1.5);
#31=CIRCLE('',#768,1.5);
#32=CIRCLE('',#770,12.369316857578);
#33=CIRCLE('',#771,1.5);
#34=CIRCLE('',#775,12.0285035811954);
#35=CIRCLE('',#780,13.);
#36=ELLIPSE('',#728,33.57130119094,27.5);
#37=ELLIPSE('',#729,33.57130119094,27.5);
#38=ELLIPSE('',#733,21.3635553033255,17.5);
#39=ELLIPSE('',#734,21.3635553033255,17.5);
#40=ELLIPSE('',#736,5.2303403868633,3.);
#41=ELLIPSE('',#737,5.2303403868633,3.);
#42=ELLIPSE('',#745,5.65685424949238,4.);
#43=ELLIPSE('',#748,2.66044443118978,2.5);
#44=ELLIPSE('',#762,4.53943394736098,1.5);
#45=ELLIPSE('',#765,4.53943394736098,1.5);
#46=ELLIPSE('',#767,2.61517019343165,1.5);
#47=ELLIPSE('',#773,2.61517019343165,1.5);
#48=CYLINDRICAL_SURFACE('',#725,4.);
#49=CYLINDRICAL_SURFACE('',#727,27.5);
#50=CYLINDRICAL_SURFACE('',#731,17.5);
#51=CYLINDRICAL_SURFACE('',#743,4222.5);
#52=CYLINDRICAL_SURFACE('',#744,4.);
#53=CYLINDRICAL_SURFACE('',#746,4.);
#54=CYLINDRICAL_SURFACE('',#747,2.5);
#55=CYLINDRICAL_SURFACE('',#755,3.5);
#56=CYLINDRICAL_SURFACE('',#763,1.5);
#57=CYLINDRICAL_SURFACE('',#766,1.5);
#58=CYLINDRICAL_SURFACE('',#772,1.5);
#59=LINE('',#1073,#99);
#60=LINE('',#1075,#100);
#61=LINE('',#1076,#101);
#62=LINE('',#1079,#102);
#63=LINE('',#1093,#103);
#64=LINE('',#1095,#104);
#65=LINE('',#1096,#105);
#66=LINE('',#1101,#106);
#67=LINE('',#1105,#107);
#68=LINE('',#1117,#108);
#69=LINE('',#1121,#109);
#70=LINE('',#1125,#110);
#71=LINE('',#1139,#111);
#72=LINE('',#1141,#112);
#73=LINE('',#1145,#113);
#74=LINE('',#1148,#114);
#75=LINE('',#1150,#115);
#76=LINE('',#1153,#116);
#77=LINE('',#1157,#117);
#78=LINE('',#1158,#118);
#79=LINE('',#1161,#119);
#80=LINE('',#1163,#120);
#81=LINE('',#1164,#121);
#82=LINE('',#1165,#122);
#83=LINE('',#1168,#123);
#84=LINE('',#1194,#124);
#85=LINE('',#1210,#125);
#86=LINE('',#1213,#126);
#87=LINE('',#1215,#127);
#88=LINE('',#1216,#128);
#89=LINE('',#1222,#129);
#90=LINE('',#1230,#130);
#91=LINE('',#1800,#131);
#92=LINE('',#1805,#132);
#93=LINE('',#1807,#133);
#94=LINE('',#1809,#134);
#95=LINE('',#1811,#135);
#96=LINE('',#1927,#136);
#97=LINE('',#1977,#137);
#98=LINE('',#1978,#138);
#99=VECTOR('',#785,10.);
#100=VECTOR('',#786,10.);
#101=VECTOR('',#787,4.);
#102=VECTOR('',#790,10.);
#103=VECTOR('',#793,10.);
#104=VECTOR('',#794,10.);
#105=VECTOR('',#795,10.);
#106=VECTOR('',#800,10.);
#107=VECTOR('',#803,10.);
#108=VECTOR('',#808,17.5);
#109=VECTOR('',#811,10.);
#110=VECTOR('',#814,10.);
#111=VECTOR('',#819,10.);
#112=VECTOR('',#820,10.);
#113=VECTOR('',#823,10.);
#114=VECTOR('',#826,10.);
#115=VECTOR('',#829,10.);
#116=VECTOR('',#832,10.);
#117=VECTOR('',#837,10.);
#118=VECTOR('',#838,10.);
#119=VECTOR('',#841,10.);
#120=VECTOR('',#842,10.);
#121=VECTOR('',#843,10.);
#122=VECTOR('',#844,10.);
#123=VECTOR('',#847,10.);
#124=VECTOR('',#858,10.);
#125=VECTOR('',#859,10.);
#126=VECTOR('',#862,10.);
#127=VECTOR('',#863,10.);
#128=VECTOR('',#864,10.);
#129=VECTOR('',#867,10.);
#130=VECTOR('',#874,10.);
#131=VECTOR('',#881,10.);
#132=VECTOR('',#886,10.);
#133=VECTOR('',#889,10.);
#134=VECTOR('',#890,10.);
#135=VECTOR('',#891,10.);
#136=VECTOR('',#908,10.);
#137=VECTOR('',#915,10.);
#138=VECTOR('',#916,10.);
#139=PLANE('',#724);
#140=PLANE('',#726);
#141=PLANE('',#735);
#142=PLANE('',#738);
#143=PLANE('',#739);
#144=PLANE('',#741);
#145=PLANE('',#742);
#146=PLANE('',#749);
#147=PLANE('',#750);
#148=PLANE('',#753);
#149=PLANE('',#756);
#150=PLANE('',#759);
#151=PLANE('',#769);
#152=PLANE('',#776);
#153=PLANE('',#777);
#154=PLANE('',#778);
#155=FACE_OUTER_BOUND('',#196,.T.);
#156=FACE_OUTER_BOUND('',#197,.T.);
#157=FACE_OUTER_BOUND('',#198,.T.);
#158=FACE_OUTER_BOUND('',#199,.T.);
#159=FACE_OUTER_BOUND('',#200,.T.);
#160=FACE_OUTER_BOUND('',#201,.T.);
#161=FACE_OUTER_BOUND('',#202,.T.);
#162=FACE_OUTER_BOUND('',#203,.T.);
#163=FACE_OUTER_BOUND('',#204,.T.);
#164=FACE_OUTER_BOUND('',#205,.T.);
#165=FACE_OUTER_BOUND('',#206,.T.);
#166=FACE_OUTER_BOUND('',#207,.T.);
#167=FACE_OUTER_BOUND('',#208,.T.);
#168=FACE_OUTER_BOUND('',#209,.T.);
#169=FACE_OUTER_BOUND('',#210,.T.);
#170=FACE_OUTER_BOUND('',#211,.T.);
#171=FACE_OUTER_BOUND('',#212,.T.);
#172=FACE_OUTER_BOUND('',#213,.T.);
#173=FACE_OUTER_BOUND('',#214,.T.);
#174=FACE_OUTER_BOUND('',#215,.T.);
#175=FACE_OUTER_BOUND('',#216,.T.);
#176=FACE_OUTER_BOUND('',#217,.T.);
#177=FACE_OUTER_BOUND('',#218,.T.);
#178=FACE_OUTER_BOUND('',#219,.T.);
#179=FACE_OUTER_BOUND('',#220,.T.);
#180=FACE_OUTER_BOUND('',#221,.T.);
#181=FACE_OUTER_BOUND('',#222,.T.);
#182=FACE_OUTER_BOUND('',#223,.T.);
#183=FACE_OUTER_BOUND('',#224,.T.);
#184=FACE_OUTER_BOUND('',#225,.T.);
#185=FACE_OUTER_BOUND('',#226,.T.);
#186=FACE_OUTER_BOUND('',#227,.T.);
#187=FACE_OUTER_BOUND('',#228,.T.);
#188=FACE_OUTER_BOUND('',#229,.T.);
#189=FACE_OUTER_BOUND('',#230,.T.);
#190=FACE_OUTER_BOUND('',#231,.T.);
#191=FACE_OUTER_BOUND('',#232,.T.);
#192=FACE_OUTER_BOUND('',#233,.T.);
#193=FACE_OUTER_BOUND('',#234,.T.);
#194=FACE_OUTER_BOUND('',#235,.T.);
#195=FACE_OUTER_BOUND('',#236,.T.);
#196=EDGE_LOOP('',(#447,#448,#449,#450,#451,#452,#453));
#197=EDGE_LOOP('',(#454,#455,#456,#457));
#198=EDGE_LOOP('',(#458,#459,#460,#461));
#199=EDGE_LOOP('',(#462,#463,#464,#465,#466));
#200=EDGE_LOOP('',(#467,#468,#469,#470,#471,#472,#473));
#201=EDGE_LOOP('',(#474,#475,#476,#477,#478,#479,#480,#481));
#202=EDGE_LOOP('',(#482,#483,#484,#485,#486,#487,#488,#489));
#203=EDGE_LOOP('',(#490,#491,#492,#493));
#204=EDGE_LOOP('',(#494,#495,#496,#497,#498,#499));
#205=EDGE_LOOP('',(#500,#501,#502,#503));
#206=EDGE_LOOP('',(#504,#505,#506,#507,#508,#509,#510));
#207=EDGE_LOOP('',(#511,#512,#513,#514,#515));
#208=EDGE_LOOP('',(#516,#517,#518,#519));
#209=EDGE_LOOP('',(#520,#521,#522,#523,#524,#525));
#210=EDGE_LOOP('',(#526,#527,#528,#529));
#211=EDGE_LOOP('',(#530,#531,#532,#533));
#212=EDGE_LOOP('',(#534,#535,#536,#537));
#213=EDGE_LOOP('',(#538,#539,#540,#541));
#214=EDGE_LOOP('',(#542,#543,#544,#545));
#215=EDGE_LOOP('',(#546,#547,#548));
#216=EDGE_LOOP('',(#549,#550,#551,#552));
#217=EDGE_LOOP('',(#553,#554,#555,#556));
#218=EDGE_LOOP('',(#557,#558,#559,#560,#561,#562));
#219=EDGE_LOOP('',(#563,#564,#565,#566,#567,#568));
#220=EDGE_LOOP('',(#569,#570,#571,#572));
#221=EDGE_LOOP('',(#573,#574,#575,#576,#577,#578,#579));
#222=EDGE_LOOP('',(#580,#581,#582,#583,#584,#585,#586));
#223=EDGE_LOOP('',(#587,#588,#589,#590));
#224=EDGE_LOOP('',(#591,#592,#593,#594));
#225=EDGE_LOOP('',(#595,#596,#597,#598));
#226=EDGE_LOOP('',(#599,#600,#601,#602));
#227=EDGE_LOOP('',(#603,#604,#605,#606,#607));
#228=EDGE_LOOP('',(#608,#609,#610,#611));
#229=EDGE_LOOP('',(#612,#613,#614,#615,#616,#617,#618));
#230=EDGE_LOOP('',(#619,#620,#621,#622));
#231=EDGE_LOOP('',(#623,#624,#625,#626,#627));
#232=EDGE_LOOP('',(#628,#629,#630,#631));
#233=EDGE_LOOP('',(#632,#633,#634,#635,#636,#637));
#234=EDGE_LOOP('',(#638,#639,#640,#641,#642,#643));
#235=EDGE_LOOP('',(#644,#645,#646,#647,#648,#649));
#236=EDGE_LOOP('',(#650,#651,#652,#653,#654,#655,#656,#657,#658));
#237=B_SPLINE_CURVE_WITH_KNOTS('',3,(#982,#983,#984,#985,#986,#987),
 .UNSPECIFIED.,.F.,.F.,(4,2,4),(0.,0.314033753489136,0.529183653744266),
 .UNSPECIFIED.);
#238=B_SPLINE_CURVE_WITH_KNOTS('',3,(#989,#990,#991,#992,#993,#994),
 .UNSPECIFIED.,.F.,.F.,(4,1,1,4),(-2.30365949977295,2.23981132676686,5.32366314052102,
8.40751495427517),.UNSPECIFIED.);
#239=B_SPLINE_CURVE_WITH_KNOTS('',3,(#996,#997,#998,#999,#1000,#1001,#1002,
#1003),.UNSPECIFIED.,.F.,.F.,(4,2,2,4),(0.,0.646602959096437,1.0922917697599,
1.50345502168455),.UNSPECIFIED.);
#240=B_SPLINE_CURVE_WITH_KNOTS('',3,(#1005,#1006,#1007,#1008,#1009,#1010),
 .UNSPECIFIED.,.F.,.F.,(4,1,1,4),(-7.85882586184867,-5.32366314052102,-2.23981132676686,
-3.88841641958877E-5),.UNSPECIFIED.);
#241=B_SPLINE_CURVE_WITH_KNOTS('',3,(#1012,#1013,#1014,#1015,#1016,#1017,
#1018,#1019,#1020,#1021,#1022,#1023,#1024,#1025,#1026,#1027,#1028,#1029,
#1030),.UNSPECIFIED.,.F.,.F.,(4,3,3,3,3,3,4),(0.,0.534159361778167,0.984663262174527,
1.38899739468992,1.43516716257089,1.95989876180724,2.06440024394096),
 .UNSPECIFIED.);
#242=B_SPLINE_CURVE_WITH_KNOTS('',3,(#1032,#1033,#1034,#1035,#1036,#1037,
#1038,#1039,#1040,#1041,#1042,#1043,#1044,#1045),.UNSPECIFIED.,.F.,.F.,
(4,2,2,2,2,2,4),(3.60688602210291,3.6115590108259,3.7083350142913,3.82825916091749,
3.96093872064873,4.10742889221321,4.26805304391908),.UNSPECIFIED.);
#243=B_SPLINE_CURVE_WITH_KNOTS('',3,(#1046,#1047,#1048,#1049,#1050,#1051,
#1052,#1053,#1054,#1055,#1056,#1057,#1058,#1059,#1060,#1061,#1062,#1063,
#1064,#1065,#1066,#1067,#1068,#1069,#1070),.UNSPECIFIED.,.F.,.F.,(4,3,3,
3,3,3,3,3,4),(0.0588951482197818,0.147938591605231,0.237323311118968,0.326308009437538,
0.39153117383866,0.480627479272096,0.569621865011535,0.657770239592251,
0.668191677719529),.UNSPECIFIED.);
#244=B_SPLINE_CURVE_WITH_KNOTS('',3,(#1080,#1081,#1082,#1083,#1084,#1085,
#1086,#1087,#1088,#1089,#1090),.UNSPECIFIED.,.F.,.F.,(4,2,1,1,1,1,1,4),
(-0.00043995688709877,0.,0.0189368523530339,0.0378737047060679,0.0568105570591018,
0.0757474094121357,0.0852158355886527,0.0946842617651697),.UNSPECIFIED.);
#245=B_SPLINE_CURVE_WITH_KNOTS('',3,(#1110,#1111,#1112,#1113,#1114,#1115),
 .UNSPECIFIED.,.F.,.F.,(4,2,4),(3.38331082680896,3.51035032601,3.86740469891128),
 .UNSPECIFIED.);
#246=B_SPLINE_CURVE_WITH_KNOTS('',3,(#1128,#1129,#1130,#1131,#1132,#1133,
#1134,#1135,#1136,#1137),.UNSPECIFIED.,.F.,.F.,(4,2,2,2,4),(1.02163444386043,
1.51246372254255,3.02492744508509,6.04985489017018,10.9583944661304),
 .UNSPECIFIED.);
#247=B_SPLINE_CURVE_WITH_KNOTS('',3,(#1169,#1170,#1171,#1172,#1173,#1174),
 .UNSPECIFIED.,.F.,.F.,(4,2,4),(1.36661344954915,1.51081885936862,1.59629367004735),
 .UNSPECIFIED.);
#248=B_SPLINE_CURVE_WITH_KNOTS('',3,(#1178,#1179,#1180,#1181,#1182,#1183,
#1184,#1185,#1186,#1187,#1188),.UNSPECIFIED.,.F.,.F.,(4,1,1,1,1,1,2,4),
(-0.0946842617651697,-0.0852158355886527,-0.0757474094121357,-0.0568105570591018,
-0.0378737047060679,-0.0189368523530339,0.,0.00043995688709877),
 .UNSPECIFIED.);
#249=B_SPLINE_CURVE_WITH_KNOTS('',3,(#1196,#1197,#1198,#1199,#1200,#1201,
#1202,#1203,#1204,#1205,#1206,#1207,#1208,#1209),.UNSPECIFIED.,.F.,.F.,
(4,2,2,2,2,2,4),(0.840050615538911,0.943577420841758,1.04490091387184,1.14622440690192,
1.247547899932,1.34887139296208,1.45239819826493),.UNSPECIFIED.);
#250=B_SPLINE_CURVE_WITH_KNOTS('',3,(#1310,#1311,#1312,#1313),
 .UNSPECIFIED.,.F.,.F.,(4,4),(-0.790102391001376,-0.00989762091955315),
 .UNSPECIFIED.);
#251=B_SPLINE_CURVE_WITH_KNOTS('',3,(#1315,#1316,#1317,#1318,#1319,#1320,
#1321,#1322,#1323,#1324),.UNSPECIFIED.,.F.,.F.,(4,2,2,2,4),(-0.312463846521762,
-0.245372176667953,-0.154722826828702,0.,0.000824407482061769),
 .UNSPECIFIED.);
#252=B_SPLINE_CURVE_WITH_KNOTS('',3,(#1326,#1327,#1328,#1329),
 .UNSPECIFIED.,.F.,.F.,(4,4),(0.2,0.600000011920929),.UNSPECIFIED.);
#253=B_SPLINE_CURVE_WITH_KNOTS('',3,(#1330,#1331,#1332,#1333,#1334,#1335,
#1336,#1337,#1338,#1339),.UNSPECIFIED.,.F.,.F.,(4,2,2,2,4),(-0.282502747271814,
-0.281759347975015,-0.142240440700759,-0.060498858848913,0.),
 .UNSPECIFIED.);
#254=B_SPLINE_CURVE_WITH_KNOTS('',3,(#1401,#1402,#1403,#1404,#1405,#1406,
#1407,#1408,#1409,#1410),.UNSPECIFIED.,.F.,.F.,(4,1,1,1,1,1,1,4),(0.209770278609467,
0.27425493182279,0.546976759925503,0.819698588028216,1.09242041613093,1.36514224423364,
1.63786407233635,1.69963766825903),.UNSPECIFIED.);
#255=B_SPLINE_CURVE_WITH_KNOTS('',3,(#1412,#1413,#1414,#1415,#1416,#1417,
#1418,#1419,#1420,#1421),.UNSPECIFIED.,.F.,.F.,(4,3,3,4),(0.252361768903712,
0.274865183828004,0.297242436757143,0.31581325784983),.UNSPECIFIED.);
#256=B_SPLINE_CURVE_WITH_KNOTS('',3,(#1423,#1424,#1425,#1426,#1427,#1428,
#1429,#1430,#1431,#1432,#1433,#1434,#1435,#1436,#1437,#1438,#1439,#1440,
#1441,#1442,#1443,#1444,#1445,#1446,#1447,#1448,#1449,#1450,#1451,#1452,
#1453,#1454,#1455,#1456,#1457,#1458,#1459,#1460,#1461,#1462,#1463,#1464,
#1465,#1466,#1467,#1468,#1469,#1470,#1471,#1472,#1473,#1474,#1475,#1476,
#1477,#1478,#1479,#1480,#1481,#1482,#1483,#1484,#1485,#1486,#1487,#1488,
#1489,#1490,#1491,#1492,#1493,#1494,#1495,#1496,#1497,#1498,#1499,#1500,
#1501,#1502,#1503,#1504,#1505,#1506,#1507,#1508,#1509,#1510,#1511,#1512,
#1513,#1514,#1515,#1516,#1517,#1518,#1519,#1520,#1521,#1522,#1523,#1524,
#1525,#1526,#1527,#1528,#1529,#1530,#1531,#1532,#1533,#1534,#1535,#1536,
#1537),.UNSPECIFIED.,.F.,.F.,(4,3,3,3,3,3,3,3,3,3,3,3,3,3,3,3,3,3,3,3,3,
3,3,3,3,3,3,3,3,3,3,3,3,3,3,3,3,3,4),(-1.91058590043907,-1.87909520228246,
-1.81680700571879,-1.77427213722419,-1.69850833367246,-1.65969390269416,
-1.63786664564778,-1.55672359382774,-1.47242773770865,-1.39418588187669,
-1.38813188158955,-1.36518695649231,-1.30310008718534,-1.24277915157246,
-1.18502648398827,-1.15938054823496,-1.10011294602793,-1.09240217148147,
-1.03446939027212,-0.976679793133614,-0.936001891339536,-0.869122381782227,
-0.81971810271012,-0.750737273810599,-0.71365340616961,-0.649858367915274,
-0.583116025786675,-0.546935153769115,-0.479813062318509,-0.463735260403274,
-0.385924344865946,-0.309508206062679,-0.274218295930097,-0.205112620983367,
-0.195418725516203,-0.137862168380581,-0.0782868927852163,-0.0201511356173579,
-0.00188322313487257),.UNSPECIFIED.);
#257=B_SPLINE_CURVE_WITH_KNOTS('',3,(#1539,#1540,#1541,#1542,#1543,#1544,
#1545,#1546,#1547,#1548),.UNSPECIFIED.,.F.,.F.,(4,3,3,4),(0.,0.0219596159678699,
0.044445866492571,0.0503504026592582),.UNSPECIFIED.);
#258=B_SPLINE_CURVE_WITH_KNOTS('',3,(#1549,#1550,#1551,#1552,#1553,#1554,
#1555,#1556,#1557,#1558,#1559,#1560),.UNSPECIFIED.,.F.,.F.,(4,2,2,2,2,4),
(-0.299075786334797,-0.298271905034004,-0.211453134625918,-0.130343421239498,
-0.0576655043123378,0.),.UNSPECIFIED.);
#259=B_SPLINE_CURVE_WITH_KNOTS('',3,(#1623,#1624,#1625,#1626,#1627,#1628,
#1629,#1630,#1631,#1632,#1633,#1634,#1635,#1636,#1637,#1638,#1639,#1640,
#1641,#1642,#1643,#1644,#1645,#1646,#1647,#1648,#1649,#1650,#1651,#1652,
#1653,#1654,#1655,#1656,#1657,#1658,#1659,#1660,#1661,#1662,#1663,#1664,
#1665,#1666,#1667,#1668,#1669,#1670,#1671,#1672,#1673,#1674,#1675,#1676,
#1677,#1678,#1679,#1680,#1681,#1682,#1683,#1684,#1685,#1686,#1687,#1688,
#1689,#1690,#1691,#1692,#1693,#1694,#1695,#1696,#1697,#1698,#1699,#1700,
#1701,#1702,#1703,#1704,#1705,#1706,#1707,#1708,#1709,#1710,#1711,#1712,
#1713,#1714,#1715,#1716,#1717,#1718,#1719,#1720,#1721,#1722,#1723,#1724,
#1725,#1726,#1727,#1728,#1729,#1730,#1731),.UNSPECIFIED.,.F.,.F.,(4,3,3,
3,3,3,3,3,3,3,3,3,3,3,3,3,3,3,3,3,3,3,3,3,3,3,3,3,3,3,3,3,3,3,3,3,4),(-5.48130802985102,
-5.45063880818296,-5.3909131091379,-5.34533477725258,-5.27779123971257,
-5.27318545835008,-5.20895421381934,-5.13455500729302,-5.05795555924616,
-4.99816695719019,-4.93626615545263,-4.86868578953935,-4.80426300987563,
-4.75157987237988,-4.6772654232541,-4.66347405643961,-4.5916170504534,-4.52965518254379,
-4.47360414019941,-4.41768743941998,-4.39079086558842,-4.33323630318773,
-4.3076703451977,-4.24982563773795,-4.19028489786141,-4.12851987744986,
-4.11800470710574,-4.07666340472931,-3.9964323660992,-3.91381857456822,
-3.84531404102975,-3.80165688874961,-3.72975367722764,-3.70892545356693,
-3.6487037616158,-3.60410430001337,-3.5726146428755),.UNSPECIFIED.);
#260=B_SPLINE_CURVE_WITH_KNOTS('',3,(#1732,#1733,#1734,#1735),
 .UNSPECIFIED.,.F.,.F.,(4,4),(0.,0.063625507266058),.UNSPECIFIED.);
#261=B_SPLINE_CURVE_WITH_KNOTS('',3,(#1737,#1738,#1739,#1740,#1741,#1742,
#1743,#1744,#1745,#1746),.UNSPECIFIED.,.F.,.F.,(4,1,1,1,1,1,1,4),(3.78355663161595,
3.84533514288366,4.11805564289182,4.39077614289998,4.66349664290814,4.93621714291629,
5.20893764292445,5.27341807078724),.UNSPECIFIED.);
#262=B_SPLINE_CURVE_WITH_KNOTS('',3,(#1748,#1749,#1750,#1751,#1752,#1753,
#1754,#1755,#1756,#1757,#1758,#1759),.UNSPECIFIED.,.F.,.F.,(4,2,2,2,2,4),
(-0.00080914600584425,0.,0.0873874876399584,0.169028625838057,0.242182518221078,
0.300225772822994),.UNSPECIFIED.);
#263=B_SPLINE_CURVE_WITH_KNOTS('',3,(#1760,#1761,#1762,#1763,#1764,#1765,
#1766,#1767,#1768,#1769),.UNSPECIFIED.,.F.,.F.,(4,3,3,4),(0.264750135953077,
0.274675338737843,0.297023153916058,0.314965552133952),.UNSPECIFIED.);
#264=B_SPLINE_CURVE_WITH_KNOTS('',3,(#1790,#1791,#1792,#1793),
 .UNSPECIFIED.,.F.,.F.,(4,4),(-0.793738928567953,-0.00626108335297559),
 .UNSPECIFIED.);
#265=B_SPLINE_CURVE_WITH_KNOTS('',3,(#1794,#1795,#1796,#1797),
 .UNSPECIFIED.,.F.,.F.,(4,4),(0.2,0.600000011920929),.UNSPECIFIED.);
#266=B_SPLINE_CURVE_WITH_KNOTS('',3,(#1813,#1814,#1815,#1816),
 .UNSPECIFIED.,.F.,.F.,(4,4),(0.457871255937386,0.571526626182198),
 .UNSPECIFIED.);
#267=B_SPLINE_CURVE_WITH_KNOTS('',3,(#1887,#1888,#1889,#1890,#1891,#1892,
#1893,#1894),.UNSPECIFIED.,.F.,.F.,(4,2,2,4),(0.,0.0185059596890635,0.0690242360173916,
0.11927203565087),.UNSPECIFIED.);
#268=B_SPLINE_CURVE_WITH_KNOTS('',3,(#1914,#1915,#1916,#1917,#1918,#1919,
#1920,#1921),.UNSPECIFIED.,.F.,.F.,(4,2,2,4),(0.,0.039671998350398,0.0797398516476059,
0.119196807980763),.UNSPECIFIED.);
#269=B_SPLINE_CURVE_WITH_KNOTS('',3,(#1956,#1957,#1958,#1959,#1960,#1961,
#1962,#1963,#1964,#1965),.UNSPECIFIED.,.F.,.F.,(4,2,2,2,4),(-0.000696811611451822,
0.,0.0873028259698131,0.179921771456471,0.264766427031947),
 .UNSPECIFIED.);
#270=B_SPLINE_CURVE_WITH_KNOTS('',3,(#1966,#1967,#1968,#1969,#1970),
 .UNSPECIFIED.,.F.,.F.,(4,1,4),(-2.26200955825901,-2.05653068797296,-1.90242153525842),
 .UNSPECIFIED.);
#271=B_SPLINE_CURVE_WITH_KNOTS('',3,(#1971,#1972,#1973,#1974),
 .UNSPECIFIED.,.F.,.F.,(4,4),(1.90242153525842,2.01607691794512),
 .UNSPECIFIED.);
#272=B_SPLINE_CURVE_WITH_KNOTS('',3,(#2006,#2007,#2008,#2009,#2010),
 .UNSPECIFIED.,.F.,.F.,(4,1,4),(-0.571526626182198,-0.417417462017003,-0.21193857646341),
 .UNSPECIFIED.);
#273=B_SPLINE_CURVE_WITH_KNOTS('',3,(#2011,#2012,#2013,#2014,#2015,#2016,
#2017,#2018,#2019,#2020),.UNSPECIFIED.,.F.,.F.,(4,2,2,2,4),(0.,0.0693745725987239,
0.142777797756498,0.198801929197714,0.19920984917966),.UNSPECIFIED.);
#274=VERTEX_POINT('',#980);
#275=VERTEX_POINT('',#981);
#276=VERTEX_POINT('',#988);
#277=VERTEX_POINT('',#995);
#278=VERTEX_POINT('',#1004);
#279=VERTEX_POINT('',#1011);
#280=VERTEX_POINT('',#1031);
#281=VERTEX_POINT('',#1072);
#282=VERTEX_POINT('',#1074);
#283=VERTEX_POINT('',#1078);
#284=VERTEX_POINT('',#1092);
#285=VERTEX_POINT('',#1094);
#286=VERTEX_POINT('',#1098);
#287=VERTEX_POINT('',#1100);
#288=VERTEX_POINT('',#1102);
#289=VERTEX_POINT('',#1104);
#290=VERTEX_POINT('',#1108);
#291=VERTEX_POINT('',#1109);
#292=VERTEX_POINT('',#1116);
#293=VERTEX_POINT('',#1118);
#294=VERTEX_POINT('',#1120);
#295=VERTEX_POINT('',#1122);
#296=VERTEX_POINT('',#1124);
#297=VERTEX_POINT('',#1126);
#298=VERTEX_POINT('',#1140);
#299=VERTEX_POINT('',#1142);
#300=VERTEX_POINT('',#1144);
#301=VERTEX_POINT('',#1146);
#302=VERTEX_POINT('',#1152);
#303=VERTEX_POINT('',#1156);
#304=VERTEX_POINT('',#1160);
#305=VERTEX_POINT('',#1162);
#306=VERTEX_POINT('',#1167);
#307=VERTEX_POINT('',#1190);
#308=VERTEX_POINT('',#1191);
#309=VERTEX_POINT('',#1193);
#310=VERTEX_POINT('',#1195);
#311=VERTEX_POINT('',#1212);
#312=VERTEX_POINT('',#1214);
#313=VERTEX_POINT('',#1218);
#314=VERTEX_POINT('',#1224);
#315=VERTEX_POINT('',#1308);
#316=VERTEX_POINT('',#1309);
#317=VERTEX_POINT('',#1314);
#318=VERTEX_POINT('',#1325);
#319=VERTEX_POINT('',#1400);
#320=VERTEX_POINT('',#1411);
#321=VERTEX_POINT('',#1422);
#322=VERTEX_POINT('',#1538);
#323=VERTEX_POINT('',#1621);
#324=VERTEX_POINT('',#1622);
#325=VERTEX_POINT('',#1736);
#326=VERTEX_POINT('',#1747);
#327=VERTEX_POINT('',#1799);
#328=VERTEX_POINT('',#1801);
#329=VERTEX_POINT('',#1803);
#330=VERTEX_POINT('',#1808);
#331=VERTEX_POINT('',#1810);
#332=VERTEX_POINT('',#1812);
#333=VERTEX_POINT('',#1885);
#334=VERTEX_POINT('',#1913);
#335=VERTEX_POINT('',#1924);
#336=VERTEX_POINT('',#1926);
#337=VERTEX_POINT('',#1954);
#338=VERTEX_POINT('',#1955);
#339=VERTEX_POINT('',#2005);
#340=VERTEX_POINT('',#2029);
#341=EDGE_CURVE('',#274,#275,#237,.T.);
#342=EDGE_CURVE('',#275,#276,#238,.T.);
#343=EDGE_CURVE('',#276,#277,#239,.F.);
#344=EDGE_CURVE('',#277,#278,#240,.T.);
#345=EDGE_CURVE('',#278,#279,#241,.T.);
#346=EDGE_CURVE('',#279,#280,#242,.T.);
#347=EDGE_CURVE('',#280,#274,#243,.T.);
#348=EDGE_CURVE('',#281,#280,#59,.T.);
#349=EDGE_CURVE('',#282,#281,#60,.T.);
#350=EDGE_CURVE('',#274,#282,#61,.T.);
#351=EDGE_CURVE('',#279,#283,#62,.T.);
#352=EDGE_CURVE('',#281,#283,#244,.T.);
#353=EDGE_CURVE('',#278,#284,#63,.T.);
#354=EDGE_CURVE('',#284,#285,#64,.T.);
#355=EDGE_CURVE('',#283,#285,#65,.T.);
#356=EDGE_CURVE('',#277,#286,#36,.T.);
#357=EDGE_CURVE('',#287,#286,#66,.T.);
#358=EDGE_CURVE('',#287,#288,#37,.T.);
#359=EDGE_CURVE('',#288,#289,#67,.T.);
#360=EDGE_CURVE('',#289,#284,#21,.T.);
#361=EDGE_CURVE('',#290,#291,#245,.T.);
#362=EDGE_CURVE('',#291,#292,#68,.T.);
#363=EDGE_CURVE('',#292,#293,#22,.T.);
#364=EDGE_CURVE('',#293,#294,#69,.T.);
#365=EDGE_CURVE('',#294,#295,#38,.T.);
#366=EDGE_CURVE('',#296,#295,#70,.T.);
#367=EDGE_CURVE('',#296,#297,#39,.T.);
#368=EDGE_CURVE('',#297,#290,#246,.T.);
#369=EDGE_CURVE('',#294,#288,#71,.T.);
#370=EDGE_CURVE('',#298,#287,#72,.T.);
#371=EDGE_CURVE('',#299,#298,#40,.T.);
#372=EDGE_CURVE('',#300,#299,#73,.T.);
#373=EDGE_CURVE('',#301,#300,#41,.T.);
#374=EDGE_CURVE('',#301,#295,#74,.T.);
#375=EDGE_CURVE('',#293,#289,#75,.T.);
#376=EDGE_CURVE('',#302,#292,#76,.T.);
#377=EDGE_CURVE('',#285,#302,#23,.T.);
#378=EDGE_CURVE('',#303,#291,#77,.T.);
#379=EDGE_CURVE('',#302,#303,#78,.T.);
#380=EDGE_CURVE('',#304,#296,#79,.T.);
#381=EDGE_CURVE('',#304,#305,#80,.T.);
#382=EDGE_CURVE('',#305,#286,#81,.T.);
#383=EDGE_CURVE('',#297,#276,#82,.T.);
#384=EDGE_CURVE('',#306,#275,#83,.T.);
#385=EDGE_CURVE('',#306,#290,#247,.T.);
#386=EDGE_CURVE('',#282,#306,#42,.T.);
#387=EDGE_CURVE('',#303,#281,#248,.T.);
#388=EDGE_CURVE('',#307,#308,#43,.T.);
#389=EDGE_CURVE('',#308,#309,#84,.T.);
#390=EDGE_CURVE('',#309,#310,#249,.T.);
#391=EDGE_CURVE('',#310,#307,#85,.T.);
#392=EDGE_CURVE('',#311,#307,#86,.T.);
#393=EDGE_CURVE('',#312,#311,#87,.T.);
#394=EDGE_CURVE('',#312,#308,#88,.T.);
#395=EDGE_CURVE('',#313,#310,#19,.T.);
#396=EDGE_CURVE('',#311,#313,#89,.T.);
#397=EDGE_CURVE('',#314,#309,#20,.T.);
#398=EDGE_CURVE('',#313,#314,#24,.T.);
#399=EDGE_CURVE('',#314,#312,#90,.T.);
#400=EDGE_CURVE('',#283,#303,#25,.T.);
#401=EDGE_CURVE('',#315,#316,#250,.T.);
#402=EDGE_CURVE('',#316,#317,#251,.T.);
#403=EDGE_CURVE('',#317,#318,#252,.T.);
#404=EDGE_CURVE('',#318,#315,#253,.T.);
#405=EDGE_CURVE('',#319,#317,#254,.T.);
#406=EDGE_CURVE('',#316,#320,#255,.T.);
#407=EDGE_CURVE('',#320,#321,#256,.T.);
#408=EDGE_CURVE('',#321,#322,#257,.T.);
#409=EDGE_CURVE('',#319,#322,#258,.T.);
#410=EDGE_CURVE('',#323,#324,#259,.T.);
#411=EDGE_CURVE('',#324,#315,#260,.T.);
#412=EDGE_CURVE('',#318,#325,#261,.T.);
#413=EDGE_CURVE('',#325,#326,#262,.T.);
#414=EDGE_CURVE('',#326,#323,#263,.T.);
#415=EDGE_CURVE('',#322,#326,#264,.T.);
#416=EDGE_CURVE('',#325,#319,#265,.T.);
#417=EDGE_CURVE('',#327,#324,#91,.T.);
#418=EDGE_CURVE('',#328,#327,#26,.T.);
#419=EDGE_CURVE('',#329,#328,#27,.T.);
#420=EDGE_CURVE('',#329,#320,#92,.T.);
#421=EDGE_CURVE('',#323,#304,#93,.T.);
#422=EDGE_CURVE('',#330,#304,#94,.T.);
#423=EDGE_CURVE('',#331,#330,#95,.T.);
#424=EDGE_CURVE('',#332,#331,#266,.T.);
#425=EDGE_CURVE('',#327,#332,#28,.T.);
#426=EDGE_CURVE('',#300,#311,#29,.T.);
#427=EDGE_CURVE('',#311,#333,#44,.T.);
#428=EDGE_CURVE('',#333,#301,#267,.T.);
#429=EDGE_CURVE('',#299,#312,#30,.T.);
#430=EDGE_CURVE('',#298,#334,#268,.T.);
#431=EDGE_CURVE('',#334,#312,#45,.T.);
#432=EDGE_CURVE('',#334,#335,#46,.F.);
#433=EDGE_CURVE('',#335,#336,#96,.T.);
#434=EDGE_CURVE('',#336,#314,#31,.T.);
#435=EDGE_CURVE('',#337,#338,#269,.F.);
#436=EDGE_CURVE('',#338,#314,#270,.T.);
#437=EDGE_CURVE('',#336,#337,#271,.T.);
#438=EDGE_CURVE('',#337,#329,#32,.T.);
#439=EDGE_CURVE('',#305,#335,#97,.T.);
#440=EDGE_CURVE('',#321,#305,#98,.T.);
#441=EDGE_CURVE('',#331,#313,#33,.T.);
#442=EDGE_CURVE('',#313,#339,#272,.T.);
#443=EDGE_CURVE('',#339,#332,#273,.F.);
#444=EDGE_CURVE('',#330,#333,#47,.T.);
#445=EDGE_CURVE('',#338,#339,#34,.T.);
#446=EDGE_CURVE('',#340,#328,#35,.T.);
#447=ORIENTED_EDGE('',*,*,#341,.T.);
#448=ORIENTED_EDGE('',*,*,#342,.T.);
#449=ORIENTED_EDGE('',*,*,#343,.T.);
#450=ORIENTED_EDGE('',*,*,#344,.T.);
#451=ORIENTED_EDGE('',*,*,#345,.T.);
#452=ORIENTED_EDGE('',*,*,#346,.T.);
#453=ORIENTED_EDGE('',*,*,#347,.T.);
#454=ORIENTED_EDGE('',*,*,#347,.F.);
#455=ORIENTED_EDGE('',*,*,#348,.F.);
#456=ORIENTED_EDGE('',*,*,#349,.F.);
#457=ORIENTED_EDGE('',*,*,#350,.F.);
#458=ORIENTED_EDGE('',*,*,#346,.F.);
#459=ORIENTED_EDGE('',*,*,#351,.T.);
#460=ORIENTED_EDGE('',*,*,#352,.F.);
#461=ORIENTED_EDGE('',*,*,#348,.T.);
#462=ORIENTED_EDGE('',*,*,#345,.F.);
#463=ORIENTED_EDGE('',*,*,#353,.T.);
#464=ORIENTED_EDGE('',*,*,#354,.T.);
#465=ORIENTED_EDGE('',*,*,#355,.F.);
#466=ORIENTED_EDGE('',*,*,#351,.F.);
#467=ORIENTED_EDGE('',*,*,#344,.F.);
#468=ORIENTED_EDGE('',*,*,#356,.T.);
#469=ORIENTED_EDGE('',*,*,#357,.F.);
#470=ORIENTED_EDGE('',*,*,#358,.T.);
#471=ORIENTED_EDGE('',*,*,#359,.T.);
#472=ORIENTED_EDGE('',*,*,#360,.T.);
#473=ORIENTED_EDGE('',*,*,#353,.F.);
#474=ORIENTED_EDGE('',*,*,#361,.T.);
#475=ORIENTED_EDGE('',*,*,#362,.T.);
#476=ORIENTED_EDGE('',*,*,#363,.T.);
#477=ORIENTED_EDGE('',*,*,#364,.T.);
#478=ORIENTED_EDGE('',*,*,#365,.T.);
#479=ORIENTED_EDGE('',*,*,#366,.F.);
#480=ORIENTED_EDGE('',*,*,#367,.T.);
#481=ORIENTED_EDGE('',*,*,#368,.T.);
#482=ORIENTED_EDGE('',*,*,#365,.F.);
#483=ORIENTED_EDGE('',*,*,#369,.T.);
#484=ORIENTED_EDGE('',*,*,#358,.F.);
#485=ORIENTED_EDGE('',*,*,#370,.F.);
#486=ORIENTED_EDGE('',*,*,#371,.F.);
#487=ORIENTED_EDGE('',*,*,#372,.F.);
#488=ORIENTED_EDGE('',*,*,#373,.F.);
#489=ORIENTED_EDGE('',*,*,#374,.T.);
#490=ORIENTED_EDGE('',*,*,#364,.F.);
#491=ORIENTED_EDGE('',*,*,#375,.T.);
#492=ORIENTED_EDGE('',*,*,#359,.F.);
#493=ORIENTED_EDGE('',*,*,#369,.F.);
#494=ORIENTED_EDGE('',*,*,#363,.F.);
#495=ORIENTED_EDGE('',*,*,#376,.F.);
#496=ORIENTED_EDGE('',*,*,#377,.F.);
#497=ORIENTED_EDGE('',*,*,#354,.F.);
#498=ORIENTED_EDGE('',*,*,#360,.F.);
#499=ORIENTED_EDGE('',*,*,#375,.F.);
#500=ORIENTED_EDGE('',*,*,#362,.F.);
#501=ORIENTED_EDGE('',*,*,#378,.F.);
#502=ORIENTED_EDGE('',*,*,#379,.F.);
#503=ORIENTED_EDGE('',*,*,#376,.T.);
#504=ORIENTED_EDGE('',*,*,#367,.F.);
#505=ORIENTED_EDGE('',*,*,#380,.F.);
#506=ORIENTED_EDGE('',*,*,#381,.T.);
#507=ORIENTED_EDGE('',*,*,#382,.T.);
#508=ORIENTED_EDGE('',*,*,#356,.F.);
#509=ORIENTED_EDGE('',*,*,#343,.F.);
#510=ORIENTED_EDGE('',*,*,#383,.F.);
#511=ORIENTED_EDGE('',*,*,#342,.F.);
#512=ORIENTED_EDGE('',*,*,#384,.F.);
#513=ORIENTED_EDGE('',*,*,#385,.T.);
#514=ORIENTED_EDGE('',*,*,#368,.F.);
#515=ORIENTED_EDGE('',*,*,#383,.T.);
#516=ORIENTED_EDGE('',*,*,#341,.F.);
#517=ORIENTED_EDGE('',*,*,#350,.T.);
#518=ORIENTED_EDGE('',*,*,#386,.T.);
#519=ORIENTED_EDGE('',*,*,#384,.T.);
#520=ORIENTED_EDGE('',*,*,#361,.F.);
#521=ORIENTED_EDGE('',*,*,#385,.F.);
#522=ORIENTED_EDGE('',*,*,#386,.F.);
#523=ORIENTED_EDGE('',*,*,#349,.T.);
#524=ORIENTED_EDGE('',*,*,#387,.F.);
#525=ORIENTED_EDGE('',*,*,#378,.T.);
#526=ORIENTED_EDGE('',*,*,#388,.T.);
#527=ORIENTED_EDGE('',*,*,#389,.T.);
#528=ORIENTED_EDGE('',*,*,#390,.T.);
#529=ORIENTED_EDGE('',*,*,#391,.T.);
#530=ORIENTED_EDGE('',*,*,#388,.F.);
#531=ORIENTED_EDGE('',*,*,#392,.F.);
#532=ORIENTED_EDGE('',*,*,#393,.F.);
#533=ORIENTED_EDGE('',*,*,#394,.T.);
#534=ORIENTED_EDGE('',*,*,#391,.F.);
#535=ORIENTED_EDGE('',*,*,#395,.F.);
#536=ORIENTED_EDGE('',*,*,#396,.F.);
#537=ORIENTED_EDGE('',*,*,#392,.T.);
#538=ORIENTED_EDGE('',*,*,#390,.F.);
#539=ORIENTED_EDGE('',*,*,#397,.F.);
#540=ORIENTED_EDGE('',*,*,#398,.F.);
#541=ORIENTED_EDGE('',*,*,#395,.T.);
#542=ORIENTED_EDGE('',*,*,#389,.F.);
#543=ORIENTED_EDGE('',*,*,#394,.F.);
#544=ORIENTED_EDGE('',*,*,#399,.F.);
#545=ORIENTED_EDGE('',*,*,#397,.T.);
#546=ORIENTED_EDGE('',*,*,#400,.T.);
#547=ORIENTED_EDGE('',*,*,#387,.T.);
#548=ORIENTED_EDGE('',*,*,#352,.T.);
#549=ORIENTED_EDGE('',*,*,#377,.T.);
#550=ORIENTED_EDGE('',*,*,#379,.T.);
#551=ORIENTED_EDGE('',*,*,#400,.F.);
#552=ORIENTED_EDGE('',*,*,#355,.T.);
#553=ORIENTED_EDGE('',*,*,#401,.T.);
#554=ORIENTED_EDGE('',*,*,#402,.T.);
#555=ORIENTED_EDGE('',*,*,#403,.T.);
#556=ORIENTED_EDGE('',*,*,#404,.T.);
#557=ORIENTED_EDGE('',*,*,#405,.T.);
#558=ORIENTED_EDGE('',*,*,#402,.F.);
#559=ORIENTED_EDGE('',*,*,#406,.T.);
#560=ORIENTED_EDGE('',*,*,#407,.T.);
#561=ORIENTED_EDGE('',*,*,#408,.T.);
#562=ORIENTED_EDGE('',*,*,#409,.F.);
#563=ORIENTED_EDGE('',*,*,#410,.T.);
#564=ORIENTED_EDGE('',*,*,#411,.T.);
#565=ORIENTED_EDGE('',*,*,#404,.F.);
#566=ORIENTED_EDGE('',*,*,#412,.T.);
#567=ORIENTED_EDGE('',*,*,#413,.T.);
#568=ORIENTED_EDGE('',*,*,#414,.T.);
#569=ORIENTED_EDGE('',*,*,#415,.T.);
#570=ORIENTED_EDGE('',*,*,#413,.F.);
#571=ORIENTED_EDGE('',*,*,#416,.T.);
#572=ORIENTED_EDGE('',*,*,#409,.T.);
#573=ORIENTED_EDGE('',*,*,#406,.F.);
#574=ORIENTED_EDGE('',*,*,#401,.F.);
#575=ORIENTED_EDGE('',*,*,#411,.F.);
#576=ORIENTED_EDGE('',*,*,#417,.F.);
#577=ORIENTED_EDGE('',*,*,#418,.F.);
#578=ORIENTED_EDGE('',*,*,#419,.F.);
#579=ORIENTED_EDGE('',*,*,#420,.T.);
#580=ORIENTED_EDGE('',*,*,#410,.F.);
#581=ORIENTED_EDGE('',*,*,#421,.T.);
#582=ORIENTED_EDGE('',*,*,#422,.F.);
#583=ORIENTED_EDGE('',*,*,#423,.F.);
#584=ORIENTED_EDGE('',*,*,#424,.F.);
#585=ORIENTED_EDGE('',*,*,#425,.F.);
#586=ORIENTED_EDGE('',*,*,#417,.T.);
#587=ORIENTED_EDGE('',*,*,#403,.F.);
#588=ORIENTED_EDGE('',*,*,#405,.F.);
#589=ORIENTED_EDGE('',*,*,#416,.F.);
#590=ORIENTED_EDGE('',*,*,#412,.F.);
#591=ORIENTED_EDGE('',*,*,#426,.T.);
#592=ORIENTED_EDGE('',*,*,#427,.T.);
#593=ORIENTED_EDGE('',*,*,#428,.T.);
#594=ORIENTED_EDGE('',*,*,#373,.T.);
#595=ORIENTED_EDGE('',*,*,#429,.T.);
#596=ORIENTED_EDGE('',*,*,#393,.T.);
#597=ORIENTED_EDGE('',*,*,#426,.F.);
#598=ORIENTED_EDGE('',*,*,#372,.T.);
#599=ORIENTED_EDGE('',*,*,#430,.T.);
#600=ORIENTED_EDGE('',*,*,#431,.T.);
#601=ORIENTED_EDGE('',*,*,#429,.F.);
#602=ORIENTED_EDGE('',*,*,#371,.T.);
#603=ORIENTED_EDGE('',*,*,#432,.T.);
#604=ORIENTED_EDGE('',*,*,#433,.T.);
#605=ORIENTED_EDGE('',*,*,#434,.T.);
#606=ORIENTED_EDGE('',*,*,#399,.T.);
#607=ORIENTED_EDGE('',*,*,#431,.F.);
#608=ORIENTED_EDGE('',*,*,#435,.T.);
#609=ORIENTED_EDGE('',*,*,#436,.T.);
#610=ORIENTED_EDGE('',*,*,#434,.F.);
#611=ORIENTED_EDGE('',*,*,#437,.T.);
#612=ORIENTED_EDGE('',*,*,#407,.F.);
#613=ORIENTED_EDGE('',*,*,#420,.F.);
#614=ORIENTED_EDGE('',*,*,#438,.F.);
#615=ORIENTED_EDGE('',*,*,#437,.F.);
#616=ORIENTED_EDGE('',*,*,#433,.F.);
#617=ORIENTED_EDGE('',*,*,#439,.F.);
#618=ORIENTED_EDGE('',*,*,#440,.F.);
#619=ORIENTED_EDGE('',*,*,#441,.T.);
#620=ORIENTED_EDGE('',*,*,#442,.T.);
#621=ORIENTED_EDGE('',*,*,#443,.T.);
#622=ORIENTED_EDGE('',*,*,#424,.T.);
#623=ORIENTED_EDGE('',*,*,#427,.F.);
#624=ORIENTED_EDGE('',*,*,#396,.T.);
#625=ORIENTED_EDGE('',*,*,#441,.F.);
#626=ORIENTED_EDGE('',*,*,#423,.T.);
#627=ORIENTED_EDGE('',*,*,#444,.T.);
#628=ORIENTED_EDGE('',*,*,#436,.F.);
#629=ORIENTED_EDGE('',*,*,#445,.T.);
#630=ORIENTED_EDGE('',*,*,#442,.F.);
#631=ORIENTED_EDGE('',*,*,#398,.T.);
#632=ORIENTED_EDGE('',*,*,#357,.T.);
#633=ORIENTED_EDGE('',*,*,#382,.F.);
#634=ORIENTED_EDGE('',*,*,#439,.T.);
#635=ORIENTED_EDGE('',*,*,#432,.F.);
#636=ORIENTED_EDGE('',*,*,#430,.F.);
#637=ORIENTED_EDGE('',*,*,#370,.T.);
#638=ORIENTED_EDGE('',*,*,#408,.F.);
#639=ORIENTED_EDGE('',*,*,#440,.T.);
#640=ORIENTED_EDGE('',*,*,#381,.F.);
#641=ORIENTED_EDGE('',*,*,#421,.F.);
#642=ORIENTED_EDGE('',*,*,#414,.F.);
#643=ORIENTED_EDGE('',*,*,#415,.F.);
#644=ORIENTED_EDGE('',*,*,#366,.T.);
#645=ORIENTED_EDGE('',*,*,#374,.F.);
#646=ORIENTED_EDGE('',*,*,#428,.F.);
#647=ORIENTED_EDGE('',*,*,#444,.F.);
#648=ORIENTED_EDGE('',*,*,#422,.T.);
#649=ORIENTED_EDGE('',*,*,#380,.T.);
#650=ORIENTED_EDGE('',*,*,#438,.T.);
#651=ORIENTED_EDGE('',*,*,#419,.T.);
#652=ORIENTED_EDGE('',*,*,#446,.F.);
#653=ORIENTED_EDGE('',*,*,#446,.T.);
#654=ORIENTED_EDGE('',*,*,#418,.T.);
#655=ORIENTED_EDGE('',*,*,#425,.T.);
#656=ORIENTED_EDGE('',*,*,#443,.F.);
#657=ORIENTED_EDGE('',*,*,#445,.F.);
#658=ORIENTED_EDGE('',*,*,#435,.F.);
#659=B_SPLINE_SURFACE_WITH_KNOTS('',3,3,((#938,#939,#940,#941,#942,#943),
(#944,#945,#946,#947,#948,#949),(#950,#951,#952,#953,#954,#955),(#956,#957,
#958,#959,#960,#961),(#962,#963,#964,#965,#966,#967),(#968,#969,#970,#971,
#972,#973),(#974,#975,#976,#977,#978,#979)),.UNSPECIFIED.,.F.,.F.,.F.,(4,
1,1,1,4),(4,1,1,4),(0.,0.285714285714286,0.571428571428571,0.857142857142857,
1.),(-2.38596639386437,2.23981132676686,5.32366314052102,8.40751495427517),
 .UNSPECIFIED.);
#660=B_SPLINE_SURFACE_WITH_KNOTS('',3,3,((#1231,#1232,#1233,#1234,#1235,
#1236,#1237,#1238,#1239,#1240,#1241),(#1242,#1243,#1244,#1245,#1246,#1247,
#1248,#1249,#1250,#1251,#1252),(#1253,#1254,#1255,#1256,#1257,#1258,#1259,
#1260,#1261,#1262,#1263),(#1264,#1265,#1266,#1267,#1268,#1269,#1270,#1271,
#1272,#1273,#1274),(#1275,#1276,#1277,#1278,#1279,#1280,#1281,#1282,#1283,
#1284,#1285)),.UNSPECIFIED.,.F.,.F.,.F.,(4,1,4),(4,2,1,1,1,1,1,4),(0.,0.571428571428571,
1.),(-0.00043995688709877,0.,0.0189368523530339,0.0378737047060679,0.0568105570591018,
0.0757474094121357,0.0852158355886527,0.0946842617651697),.UNSPECIFIED.);
#661=B_SPLINE_SURFACE_WITH_KNOTS('',3,3,((#1288,#1289,#1290,#1291),(#1292,
#1293,#1294,#1295),(#1296,#1297,#1298,#1299),(#1300,#1301,#1302,#1303),
(#1304,#1305,#1306,#1307)),.UNSPECIFIED.,.F.,.F.,.F.,(4,1,4),(4,4),(0.,
0.5,1.),(0.00989762091955315,0.790102391001376),.UNSPECIFIED.);
#662=B_SPLINE_SURFACE_WITH_KNOTS('',3,3,((#1340,#1341,#1342,#1343,#1344,
#1345,#1346,#1347,#1348,#1349,#1350,#1351),(#1352,#1353,#1354,#1355,#1356,
#1357,#1358,#1359,#1360,#1361,#1362,#1363),(#1364,#1365,#1366,#1367,#1368,
#1369,#1370,#1371,#1372,#1373,#1374,#1375),(#1376,#1377,#1378,#1379,#1380,
#1381,#1382,#1383,#1384,#1385,#1386,#1387),(#1388,#1389,#1390,#1391,#1392,
#1393,#1394,#1395,#1396,#1397,#1398,#1399)),.UNSPECIFIED.,.F.,.F.,.F.,(4,
1,4),(4,1,1,1,1,1,1,1,1,4),(0.,0.571428571428571,1.),(0.00153310372007732,
0.137894017771434,0.27425493182279,0.546976759925503,0.819698588028216,
1.09242041613093,1.36514224423364,1.63786407233635,1.77422498638771,1.91058590043907),
 .UNSPECIFIED.);
#663=B_SPLINE_SURFACE_WITH_KNOTS('',3,3,((#1561,#1562,#1563,#1564,#1565,
#1566,#1567,#1568,#1569,#1570,#1571,#1572),(#1573,#1574,#1575,#1576,#1577,
#1578,#1579,#1580,#1581,#1582,#1583,#1584),(#1585,#1586,#1587,#1588,#1589,
#1590,#1591,#1592,#1593,#1594,#1595,#1596),(#1597,#1598,#1599,#1600,#1601,
#1602,#1603,#1604,#1605,#1606,#1607,#1608),(#1609,#1610,#1611,#1612,#1613,
#1614,#1615,#1616,#1617,#1618,#1619,#1620)),.UNSPECIFIED.,.F.,.F.,.F.,(4,
1,4),(4,1,1,1,1,1,1,1,1,4),(0.,0.571428571428571,1.),(3.5726146428755,3.70897489287958,
3.84533514288366,4.11805564289182,4.39077614289998,4.66349664290814,4.93621714291629,
5.20893764292445,5.34529789292854,5.48165814293261),.UNSPECIFIED.);
#664=B_SPLINE_SURFACE_WITH_KNOTS('',3,3,((#1770,#1771,#1772,#1773),(#1774,
#1775,#1776,#1777),(#1778,#1779,#1780,#1781),(#1782,#1783,#1784,#1785),
(#1786,#1787,#1788,#1789)),.UNSPECIFIED.,.F.,.F.,.F.,(4,1,4),(4,4),(0.,
0.5,1.),(0.00626108335297559,0.793738928567953),.UNSPECIFIED.);
#665=B_SPLINE_SURFACE_WITH_KNOTS('',3,3,((#1868,#1869,#1870,#1871),(#1872,
#1873,#1874,#1875),(#1876,#1877,#1878,#1879),(#1880,#1881,#1882,#1883)),
 .UNSPECIFIED.,.F.,.F.,.F.,(4,4),(4,4),(0.,1.),(-0.531658148179533,0.),
 .UNSPECIFIED.);
#666=B_SPLINE_SURFACE_WITH_KNOTS('',3,3,((#1897,#1898,#1899,#1900),(#1901,
#1902,#1903,#1904),(#1905,#1906,#1907,#1908),(#1909,#1910,#1911,#1912)),
 .UNSPECIFIED.,.F.,.F.,.F.,(4,4),(4,4),(0.,1.),(0.,0.53262746329964),
 .UNSPECIFIED.);
#667=B_SPLINE_SURFACE_WITH_KNOTS('',3,3,((#1929,#1930,#1931,#1932,#1933),
(#1934,#1935,#1936,#1937,#1938),(#1939,#1940,#1941,#1942,#1943),(#1944,
#1945,#1946,#1947,#1948),(#1949,#1950,#1951,#1952,#1953)),.UNSPECIFIED.,
 .F.,.F.,.F.,(4,1,4),(4,1,4),(0.,0.571428571428571,1.),(1.90242153525842,
2.05653068797296,2.26200955825901),.UNSPECIFIED.);
#668=B_SPLINE_SURFACE_WITH_KNOTS('',3,3,((#1979,#1980,#1981,#1982,#1983),
(#1984,#1985,#1986,#1987,#1988),(#1989,#1990,#1991,#1992,#1993),(#1994,
#1995,#1996,#1997,#1998),(#1999,#2000,#2001,#2002,#2003)),.UNSPECIFIED.,
 .F.,.F.,.F.,(4,1,4),(4,1,4),(0.,0.571428571428571,1.),(0.21193857646341,
0.417417462017003,0.571526626182198),.UNSPECIFIED.);
#669=ADVANCED_FACE('',(#155),#659,.F.);
#670=ADVANCED_FACE('',(#156),#139,.T.);
#671=ADVANCED_FACE('',(#157),#48,.T.);
#672=ADVANCED_FACE('',(#158),#140,.T.);
#673=ADVANCED_FACE('',(#159),#49,.T.);
#674=ADVANCED_FACE('',(#160),#50,.T.);
#675=ADVANCED_FACE('',(#161),#141,.T.);
#676=ADVANCED_FACE('',(#162),#142,.T.);
#677=ADVANCED_FACE('',(#163),#143,.F.);
#678=ADVANCED_FACE('',(#164),#144,.T.);
#679=ADVANCED_FACE('',(#165),#145,.T.);
#680=ADVANCED_FACE('',(#166),#51,.T.);
#681=ADVANCED_FACE('',(#167),#52,.T.);
#682=ADVANCED_FACE('',(#168),#53,.T.);
#683=ADVANCED_FACE('',(#169),#54,.T.);
#684=ADVANCED_FACE('',(#170),#146,.T.);
#685=ADVANCED_FACE('',(#171),#147,.T.);
#686=ADVANCED_FACE('',(#172),#18,.F.);
#687=ADVANCED_FACE('',(#173),#148,.T.);
#688=ADVANCED_FACE('',(#174),#660,.F.);
#689=ADVANCED_FACE('',(#175),#55,.T.);
#690=ADVANCED_FACE('',(#176),#661,.F.);
#691=ADVANCED_FACE('',(#177),#662,.F.);
#692=ADVANCED_FACE('',(#178),#663,.F.);
#693=ADVANCED_FACE('',(#179),#664,.F.);
#694=ADVANCED_FACE('',(#180),#149,.T.);
#695=ADVANCED_FACE('',(#181),#150,.T.);
#696=ADVANCED_FACE('',(#182),#17,.F.);
#697=ADVANCED_FACE('',(#183),#665,.T.);
#698=ADVANCED_FACE('',(#184),#56,.F.);
#699=ADVANCED_FACE('',(#185),#666,.T.);
#700=ADVANCED_FACE('',(#186),#57,.T.);
#701=ADVANCED_FACE('',(#187),#667,.F.);
#702=ADVANCED_FACE('',(#188),#151,.T.);
#703=ADVANCED_FACE('',(#189),#668,.F.);
#704=ADVANCED_FACE('',(#190),#58,.T.);
#705=ADVANCED_FACE('',(#191),#16,.F.);
#706=ADVANCED_FACE('',(#192),#152,.T.);
#707=ADVANCED_FACE('',(#193),#153,.T.);
#708=ADVANCED_FACE('',(#194),#154,.T.);
#709=ADVANCED_FACE('',(#195),#15,.T.);
#710=CLOSED_SHELL('',(#669,#670,#671,#672,#673,#674,#675,#676,#677,#678,
#679,#680,#681,#682,#683,#684,#685,#686,#687,#688,#689,#690,#691,#692,#693,
#694,#695,#696,#697,#698,#699,#700,#701,#702,#703,#704,#705,#706,#707,#708,
#709));
#711=DERIVED_UNIT_ELEMENT(#713,1.);
#712=DERIVED_UNIT_ELEMENT(#2036,-3.);
#713=(
MASS_UNIT()
NAMED_UNIT(*)
SI_UNIT(.KILO.,.GRAM.)
);
#714=DERIVED_UNIT((#711,#712));
#715=MEASURE_REPRESENTATION_ITEM('density measure',
POSITIVE_RATIO_MEASURE(7850.),#714);
#716=PROPERTY_DEFINITION_REPRESENTATION(#721,#718);
#717=PROPERTY_DEFINITION_REPRESENTATION(#722,#719);
#718=REPRESENTATION('material name',(#720),#2033);
#719=REPRESENTATION('density',(#715),#2033);
#720=DESCRIPTIVE_REPRESENTATION_ITEM('Steel','Steel');
#721=PROPERTY_DEFINITION('material property','material name',#2043);
#722=PROPERTY_DEFINITION('material property','density of part',#2043);
#723=AXIS2_PLACEMENT_3D('',#937,#781,#782);
#724=AXIS2_PLACEMENT_3D('',#1071,#783,#784);
#725=AXIS2_PLACEMENT_3D('',#1077,#788,#789);
#726=AXIS2_PLACEMENT_3D('',#1091,#791,#792);
#727=AXIS2_PLACEMENT_3D('',#1097,#796,#797);
#728=AXIS2_PLACEMENT_3D('',#1099,#798,#799);
#729=AXIS2_PLACEMENT_3D('',#1103,#801,#802);
#730=AXIS2_PLACEMENT_3D('',#1106,#804,#805);
#731=AXIS2_PLACEMENT_3D('',#1107,#806,#807);
#732=AXIS2_PLACEMENT_3D('',#1119,#809,#810);
#733=AXIS2_PLACEMENT_3D('',#1123,#812,#813);
#734=AXIS2_PLACEMENT_3D('',#1127,#815,#816);
#735=AXIS2_PLACEMENT_3D('',#1138,#817,#818);
#736=AXIS2_PLACEMENT_3D('',#1143,#821,#822);
#737=AXIS2_PLACEMENT_3D('',#1147,#824,#825);
#738=AXIS2_PLACEMENT_3D('',#1149,#827,#828);
#739=AXIS2_PLACEMENT_3D('',#1151,#830,#831);
#740=AXIS2_PLACEMENT_3D('',#1154,#833,#834);
#741=AXIS2_PLACEMENT_3D('',#1155,#835,#836);
#742=AXIS2_PLACEMENT_3D('',#1159,#839,#840);
#743=AXIS2_PLACEMENT_3D('',#1166,#845,#846);
#744=AXIS2_PLACEMENT_3D('',#1175,#848,#849);
#745=AXIS2_PLACEMENT_3D('',#1176,#850,#851);
#746=AXIS2_PLACEMENT_3D('',#1177,#852,#853);
#747=AXIS2_PLACEMENT_3D('',#1189,#854,#855);
#748=AXIS2_PLACEMENT_3D('',#1192,#856,#857);
#749=AXIS2_PLACEMENT_3D('',#1211,#860,#861);
#750=AXIS2_PLACEMENT_3D('',#1217,#865,#866);
#751=AXIS2_PLACEMENT_3D('',#1223,#868,#869);
#752=AXIS2_PLACEMENT_3D('',#1228,#870,#871);
#753=AXIS2_PLACEMENT_3D('',#1229,#872,#873);
#754=AXIS2_PLACEMENT_3D('',#1286,#875,#876);
#755=AXIS2_PLACEMENT_3D('',#1287,#877,#878);
#756=AXIS2_PLACEMENT_3D('',#1798,#879,#880);
#757=AXIS2_PLACEMENT_3D('',#1802,#882,#883);
#758=AXIS2_PLACEMENT_3D('',#1804,#884,#885);
#759=AXIS2_PLACEMENT_3D('',#1806,#887,#888);
#760=AXIS2_PLACEMENT_3D('',#1817,#892,#893);
#761=AXIS2_PLACEMENT_3D('',#1884,#894,#895);
#762=AXIS2_PLACEMENT_3D('',#1886,#896,#897);
#763=AXIS2_PLACEMENT_3D('',#1895,#898,#899);
#764=AXIS2_PLACEMENT_3D('',#1896,#900,#901);
#765=AXIS2_PLACEMENT_3D('',#1922,#902,#903);
#766=AXIS2_PLACEMENT_3D('',#1923,#904,#905);
#767=AXIS2_PLACEMENT_3D('',#1925,#906,#907);
#768=AXIS2_PLACEMENT_3D('',#1928,#909,#910);
#769=AXIS2_PLACEMENT_3D('',#1975,#911,#912);
#770=AXIS2_PLACEMENT_3D('',#1976,#913,#914);
#771=AXIS2_PLACEMENT_3D('',#2004,#917,#918);
#772=AXIS2_PLACEMENT_3D('',#2021,#919,#920);
#773=AXIS2_PLACEMENT_3D('',#2022,#921,#922);
#774=AXIS2_PLACEMENT_3D('',#2023,#923,#924);
#775=AXIS2_PLACEMENT_3D('',#2024,#925,#926);
#776=AXIS2_PLACEMENT_3D('',#2025,#927,#928);
#777=AXIS2_PLACEMENT_3D('',#2026,#929,#930);
#778=AXIS2_PLACEMENT_3D('',#2027,#931,#932);
#779=AXIS2_PLACEMENT_3D('',#2028,#933,#934);
#780=AXIS2_PLACEMENT_3D('',#2030,#935,#936);
#781=DIRECTION('axis',(0.,0.,1.));
#782=DIRECTION('refdir',(1.,0.,0.));
#783=DIRECTION('center_axis',(-1.,0.,0.));
#784=DIRECTION('ref_axis',(0.,0.,1.));
#785=DIRECTION('',(0.,1.,0.));
#786=DIRECTION('',(0.,0.,-1.));
#787=DIRECTION('',(0.,-1.,0.));
#788=DIRECTION('center_axis',(0.,1.,0.));
#789=DIRECTION('ref_axis',(-0.707106781186549,0.,-0.707106781186546));
#790=DIRECTION('',(0.,-1.,0.));
#791=DIRECTION('center_axis',(0.,0.,-1.));
#792=DIRECTION('ref_axis',(-1.,0.,0.));
#793=DIRECTION('',(1.,0.,0.));
#794=DIRECTION('',(0.,-1.,0.));
#795=DIRECTION('',(1.,0.,0.));
#796=DIRECTION('center_axis',(-1.,0.,0.));
#797=DIRECTION('ref_axis',(0.,0.638718248031495,0.769440705728244));
#798=DIRECTION('center_axis',(0.819152044288992,0.,-0.573576436351046));
#799=DIRECTION('ref_axis',(0.573576436351046,0.,0.819152044288992));
#800=DIRECTION('',(-1.,0.,0.));
#801=DIRECTION('center_axis',(-0.819152044288992,0.,-0.573576436351046));
#802=DIRECTION('ref_axis',(-0.573576436351046,0.,0.819152044288992));
#803=DIRECTION('',(1.,0.,0.));
#804=DIRECTION('center_axis',(-1.,0.,0.));
#805=DIRECTION('ref_axis',(0.,0.638718248031495,0.769440705728244));
#806=DIRECTION('center_axis',(1.,0.,0.));
#807=DIRECTION('ref_axis',(0.,-0.432512546790176,0.901627914867921));
#808=DIRECTION('',(1.,0.,0.));
#809=DIRECTION('center_axis',(-1.,0.,0.));
#810=DIRECTION('ref_axis',(0.,-0.432512546790176,0.901627914867921));
#811=DIRECTION('',(-1.,0.,0.));
#812=DIRECTION('center_axis',(-0.819152044288992,0.,-0.573576436351046));
#813=DIRECTION('ref_axis',(-0.573576436351046,-5.19680834421946E-17,0.819152044288992));
#814=DIRECTION('',(1.,0.,0.));
#815=DIRECTION('center_axis',(0.819152044288992,0.,-0.573576436351046));
#816=DIRECTION('ref_axis',(0.573576436351046,-5.19680834421946E-17,0.819152044288992));
#817=DIRECTION('center_axis',(0.819152044288992,0.,0.573576436351046));
#818=DIRECTION('ref_axis',(0.,-1.,0.));
#819=DIRECTION('',(0.,1.,0.));
#820=DIRECTION('',(0.497542812164523,0.497542812164523,-0.71056477546163));
#821=DIRECTION('center_axis',(0.819152044288992,0.,0.573576436351046));
#822=DIRECTION('ref_axis',(0.573576436351046,0.,-0.819152044288992));
#823=DIRECTION('',(0.,1.,0.));
#824=DIRECTION('center_axis',(0.819152044288992,0.,0.573576436351046));
#825=DIRECTION('ref_axis',(0.573576436351046,0.,-0.819152044288992));
#826=DIRECTION('',(0.497542812164523,-0.497542812164523,-0.71056477546163));
#827=DIRECTION('center_axis',(0.,0.,1.));
#828=DIRECTION('ref_axis',(1.,0.,0.));
#829=DIRECTION('',(0.,1.,0.));
#830=DIRECTION('center_axis',(-1.,0.,0.));
#831=DIRECTION('ref_axis',(0.,0.,1.));
#832=DIRECTION('',(0.,0.,1.));
#833=DIRECTION('center_axis',(-1.,0.,0.));
#834=DIRECTION('ref_axis',(0.,-0.707106781186548,-0.707106781186548));
#835=DIRECTION('center_axis',(0.,-1.,0.));
#836=DIRECTION('ref_axis',(1.,0.,0.));
#837=DIRECTION('',(0.,0.,1.));
#838=DIRECTION('',(-1.,0.,0.));
#839=DIRECTION('center_axis',(-0.819152044288992,0.,0.573576436351046));
#840=DIRECTION('ref_axis',(0.,1.,0.));
#841=DIRECTION('',(-0.497542812164523,-0.497542812164523,-0.71056477546163));
#842=DIRECTION('',(0.,1.,0.));
#843=DIRECTION('',(-0.497542812164523,0.497542812164523,-0.71056477546163));
#844=DIRECTION('',(0.,1.,0.));
#845=DIRECTION('center_axis',(0.,1.,0.));
#846=DIRECTION('ref_axis',(-0.117970674387703,0.,0.993017079402218));
#847=DIRECTION('',(0.,1.,0.));
#848=DIRECTION('center_axis',(0.,-1.,0.));
#849=DIRECTION('ref_axis',(-0.917379083448324,0.,0.398014594269498));
#850=DIRECTION('center_axis',(0.,0.707106781186548,0.707106781186547));
#851=DIRECTION('ref_axis',(-4.9065389333868E-17,-0.707106781186547,0.707106781186548));
#852=DIRECTION('center_axis',(0.,0.,1.));
#853=DIRECTION('ref_axis',(-0.707106781186549,-0.707106781186546,0.));
#854=DIRECTION('center_axis',(0.,0.,-1.));
#855=DIRECTION('ref_axis',(1.,1.01439842642544E-16,0.));
#856=DIRECTION('center_axis',(-0.342020143325669,0.,0.939692620785908));
#857=DIRECTION('ref_axis',(0.939692620785908,9.53222715848822E-17,0.342020143325669));
#858=DIRECTION('',(0.,0.,1.));
#859=DIRECTION('',(0.,0.,-1.));
#860=DIRECTION('center_axis',(0.342020143325669,0.,-0.939692620785908));
#861=DIRECTION('ref_axis',(0.,1.,0.));
#862=DIRECTION('',(0.889126490715988,0.323615577118185,0.323615577118185));
#863=DIRECTION('',(0.,-1.,0.));
#864=DIRECTION('',(0.889126490715988,-0.323615577118185,0.323615577118185));
#865=DIRECTION('center_axis',(0.342020143325669,-0.939692620785908,0.));
#866=DIRECTION('ref_axis',(0.,0.,-1.));
#867=DIRECTION('',(0.,0.,1.));
#868=DIRECTION('center_axis',(1.,0.,0.));
#869=DIRECTION('ref_axis',(0.,-1.22464679914735E-16,-1.));
#870=DIRECTION('center_axis',(1.,0.,0.));
#871=DIRECTION('ref_axis',(0.,-1.22464679914735E-16,-1.));
#872=DIRECTION('center_axis',(0.342020143325669,0.939692620785908,0.));
#873=DIRECTION('ref_axis',(0.,0.,1.));
#874=DIRECTION('',(0.,0.,-1.));
#875=DIRECTION('center_axis',(-1.,0.,0.));
#876=DIRECTION('ref_axis',(0.,0.,-1.));
#877=DIRECTION('center_axis',(1.,0.,0.));
#878=DIRECTION('ref_axis',(0.,-0.707106781186548,-0.707106781186548));
#879=DIRECTION('center_axis',(-1.,0.,0.));
#880=DIRECTION('ref_axis',(0.,1.,0.));
#881=DIRECTION('',(0.,0.,-1.));
#882=DIRECTION('center_axis',(-1.,0.,0.));
#883=DIRECTION('ref_axis',(0.,0.,-1.));
#884=DIRECTION('center_axis',(-1.,0.,0.));
#885=DIRECTION('ref_axis',(0.,0.,-1.));
#886=DIRECTION('',(0.,0.,-1.));
#887=DIRECTION('center_axis',(0.,-1.,0.));
#888=DIRECTION('ref_axis',(-1.,0.,0.));
#889=DIRECTION('',(0.,0.,-1.));
#890=DIRECTION('',(-1.,0.,0.));
#891=DIRECTION('',(0.,0.,-1.));
#892=DIRECTION('center_axis',(0.,-1.,0.));
#893=DIRECTION('ref_axis',(0.,0.,1.));
#894=DIRECTION('center_axis',(0.,1.,0.));
#895=DIRECTION('ref_axis',(-0.819152044288992,0.,-0.573576436351046));
#896=DIRECTION('center_axis',(-0.943827814196333,0.,-0.330437675136133));
#897=DIRECTION('ref_axis',(0.330437675136133,0.,-0.943827814196333));
#898=DIRECTION('center_axis',(0.,-1.,0.));
#899=DIRECTION('ref_axis',(-0.953716950748227,0.,-0.300705799504273));
#900=DIRECTION('center_axis',(0.,1.,0.));
#901=DIRECTION('ref_axis',(-0.819152044288992,0.,-0.573576436351046));
#902=DIRECTION('center_axis',(-0.943827814196333,0.,-0.330437675136133));
#903=DIRECTION('ref_axis',(0.330437675136133,0.,-0.943827814196333));
#904=DIRECTION('center_axis',(0.,0.,-1.));
#905=DIRECTION('ref_axis',(0.707106781186548,0.707106781186548,0.));
#906=DIRECTION('center_axis',(0.,-0.819152044288992,-0.573576436351046));
#907=DIRECTION('ref_axis',(0.,0.573576436351046,-0.819152044288992));
#908=DIRECTION('',(0.,0.,1.));
#909=DIRECTION('center_axis',(0.,0.,-1.));
#910=DIRECTION('ref_axis',(0.,1.,0.));
#911=DIRECTION('center_axis',(0.,1.,0.));
#912=DIRECTION('ref_axis',(1.,0.,0.));
#913=DIRECTION('center_axis',(0.,1.,0.));
#914=DIRECTION('ref_axis',(0.,0.,-1.));
#915=DIRECTION('',(1.,0.,0.));
#916=DIRECTION('',(0.,0.,-1.));
#917=DIRECTION('center_axis',(-2.96059473233375E-15,0.,1.));
#918=DIRECTION('ref_axis',(0.,-1.,0.));
#919=DIRECTION('center_axis',(0.,0.,-1.));
#920=DIRECTION('ref_axis',(0.707106781186548,-0.707106781186548,0.));
#921=DIRECTION('center_axis',(0.,-0.819152044288992,0.573576436351046));
#922=DIRECTION('ref_axis',(0.,-0.573576436351046,-0.819152044288992));
#923=DIRECTION('center_axis',(1.,0.,0.));
#924=DIRECTION('ref_axis',(0.,0.,-1.));
#925=DIRECTION('center_axis',(-1.,0.,0.));
#926=DIRECTION('ref_axis',(0.,-1.22464679914735E-16,-1.));
#927=DIRECTION('center_axis',(0.,0.819152044288992,0.573576436351046));
#928=DIRECTION('ref_axis',(1.,0.,0.));
#929=DIRECTION('center_axis',(-1.,0.,0.));
#930=DIRECTION('ref_axis',(0.,1.,0.));
#931=DIRECTION('center_axis',(0.,-0.819152044288992,0.573576436351046));
#932=DIRECTION('ref_axis',(-1.,0.,0.));
#933=DIRECTION('center_axis',(6.12323399573677E-17,0.,1.));
#934=DIRECTION('ref_axis',(1.,0.,0.));
#935=DIRECTION('center_axis',(1.22464679914735E-16,-1.,0.));
#936=DIRECTION('ref_axis',(-1.,-1.22464679914735E-16,0.));
#937=CARTESIAN_POINT('',(0.,0.,0.));
#938=CARTESIAN_POINT('Ctrl Pts',(-112.984283586234,2.58791960925122,-8.40657503836863));
#939=CARTESIAN_POINT('Ctrl Pts',(-97.6356773822967,2.91743816786579,-6.58011526314761));
#940=CARTESIAN_POINT('Ctrl Pts',(-72.0173913642565,2.88102076136511,-3.67416149931735));
#941=CARTESIAN_POINT('Ctrl Pts',(-36.1416060155838,1.80480035100211,0.0628437379151315));
#942=CARTESIAN_POINT('Ctrl Pts',(-15.6437665207612,0.722601220549659,2.0464802300597));
#943=CARTESIAN_POINT('Ctrl Pts',(-5.40041513602405,0.0454856184614517,2.99999999999982));
#944=CARTESIAN_POINT('Ctrl Pts',(-113.028470033675,4.66904061000968,-8.41183315547639));
#945=CARTESIAN_POINT('Ctrl Pts',(-97.6442432806938,4.85382469055198,-6.58177617576912));
#946=CARTESIAN_POINT('Ctrl Pts',(-71.9889650528709,4.59167398524456,-3.67048963642877));
#947=CARTESIAN_POINT('Ctrl Pts',(-36.081974515005,3.20976514394711,0.0686025796065167));
#948=CARTESIAN_POINT('Ctrl Pts',(-15.5734610681772,1.94969774155013,2.05328399837077));
#949=CARTESIAN_POINT('Ctrl Pts',(-5.32585131079347,1.1798873383173,3.00694090037601));
#950=CARTESIAN_POINT('Ctrl Pts',(-112.991244131283,8.82888083348747,-9.47738094576727));
#951=CARTESIAN_POINT('Ctrl Pts',(-97.5578637764401,8.72397848234918,-7.48756201614467));
#952=CARTESIAN_POINT('Ctrl Pts',(-71.8564933318949,8.01269315406031,-4.36388088304411));
#953=CARTESIAN_POINT('Ctrl Pts',(-35.915941095859,6.01905131121439,-0.390081086237056));
#954=CARTESIAN_POINT('Ctrl Pts',(-15.398418759956,4.40376899918695,1.70514179607861));
#955=CARTESIAN_POINT('Ctrl Pts',(-5.14779461425848,3.44856647179419,2.70995887522245));
#956=CARTESIAN_POINT('Ctrl Pts',(-112.572937567206,13.5465643933396,-13.8462714130658));
#957=CARTESIAN_POINT('Ctrl Pts',(-97.1472170213964,13.3227173990299,-11.2793650523856));
#958=CARTESIAN_POINT('Ctrl Pts',(-71.4651311144166,12.3209730714608,-7.33667746811533));
#959=CARTESIAN_POINT('Ctrl Pts',(-35.5547155904523,9.77507844199307,-2.41752409857725));
#960=CARTESIAN_POINT('Ctrl Pts',(-15.0552654869627,7.77214010427923,0.142965635010929));
#961=CARTESIAN_POINT('Ctrl Pts',(-4.81369470669344,6.60001866788377,1.36539367586983));
#962=CARTESIAN_POINT('Ctrl Pts',(-112.007161175101,15.2428129683469,-18.9076935858177));
#963=CARTESIAN_POINT('Ctrl Pts',(-96.6425786853859,15.3382406558435,-15.8167347443249));
#964=CARTESIAN_POINT('Ctrl Pts',(-71.0313462457867,14.6434429979611,-11.0370601884647));
#965=CARTESIAN_POINT('Ctrl Pts',(-35.1934832957904,12.1786463842356,-5.04426649720205));
#966=CARTESIAN_POINT('Ctrl Pts',(-14.7265929636951,10.0791003582511,-1.91640966397497));
#967=CARTESIAN_POINT('Ctrl Pts',(-4.50001549424147,8.82189095520748,-0.421874003662535));
#968=CARTESIAN_POINT('Ctrl Pts',(-111.632178999782,15.0721517014908,-22.0279652684816));
#969=CARTESIAN_POINT('Ctrl Pts',(-96.3136865011632,15.5386493667128,-18.7372831614022));
#970=CARTESIAN_POINT('Ctrl Pts',(-70.75402563079,15.2941982226346,-13.5439517446036));
#971=CARTESIAN_POINT('Ctrl Pts',(-34.967393058932,13.1746694338454,-6.91567320302681));
#972=CARTESIAN_POINT('Ctrl Pts',(-14.5227970718181,11.1498336163731,-3.41455052682258));
#973=CARTESIAN_POINT('Ctrl Pts',(-4.30638283774446,9.89940737032578,-1.73456611883541));
#974=CARTESIAN_POINT('Ctrl Pts',(-111.50722470085,14.8881697486799,-23.0447239623962));
#975=CARTESIAN_POINT('Ctrl Pts',(-96.2040554602166,15.49228710614,-19.7061270730934));
#976=CARTESIAN_POINT('Ctrl Pts',(-70.6616080627148,15.4255218608888,-14.3943165815606));
#977=CARTESIAN_POINT('Ctrl Pts',(-34.892026933548,13.4524511085566,-7.56342206661142));
#978=CARTESIAN_POINT('Ctrl Pts',(-14.4548678398331,11.4684193693935,-3.9375209041396));
#979=CARTESIAN_POINT('Ctrl Pts',(-4.24184017145216,10.2270407655652,-2.19457633946916));
#980=CARTESIAN_POINT('',(-112.495448371944,8.60997408123506,-9.90121695053774));
#981=CARTESIAN_POINT('',(-112.164964705738,2.60516524084505,-8.30915857345994));
#982=CARTESIAN_POINT('Ctrl Pts',(-112.495448371944,8.60997408123506,-9.90121695053774));
#983=CARTESIAN_POINT('Ctrl Pts',(-112.495448371944,7.69406324500204,-9.39440930636955));
#984=CARTESIAN_POINT('Ctrl Pts',(-112.401562403958,6.7196062565685,-8.99357623702092));
#985=CARTESIAN_POINT('Ctrl Pts',(-112.259556254861,5.00590517465101,-8.53382350655009));
#986=CARTESIAN_POINT('Ctrl Pts',(-112.164964705738,3.93517095254464,-8.30915857345995));
#987=CARTESIAN_POINT('Ctrl Pts',(-112.164964705738,2.60516524084505,-8.30915857345995));
#988=CARTESIAN_POINT('',(-5.40041513602402,0.0454856184614483,2.99999999999982));
#989=CARTESIAN_POINT('Ctrl Pts',(-112.164964913308,2.60517584263189,-8.30915866950046));
#990=CARTESIAN_POINT('Ctrl Pts',(-97.0886822923456,2.91657712950377,-6.51809514932684));
#991=CARTESIAN_POINT('Ctrl Pts',(-71.7438165675901,2.8728139227671,-3.64566454969015));
#992=CARTESIAN_POINT('Ctrl Pts',(-36.1416060155838,1.80480035100211,0.0628437379151315));
#993=CARTESIAN_POINT('Ctrl Pts',(-15.6437665207612,0.722601220549659,2.0464802300597));
#994=CARTESIAN_POINT('Ctrl Pts',(-5.40041513602405,0.0454856184614517,2.99999999999982));
#995=CARTESIAN_POINT('',(-9.69377615908297,10.8656842012787,-3.13155498730585));
#996=CARTESIAN_POINT('Ctrl Pts',(-9.69377615908293,10.8656842012788,-3.1315549873058));
#997=CARTESIAN_POINT('Ctrl Pts',(-8.60323690608041,9.8505125986386,-1.57410352685623));
#998=CARTESIAN_POINT('Ctrl Pts',(-7.67382654258299,8.5575514705487,-0.246767968838125));
#999=CARTESIAN_POINT('Ctrl Pts',(-6.46671626619288,6.03850340112836,1.47716416630632));
#1000=CARTESIAN_POINT('Ctrl Pts',(-6.06326060091506,4.8886227243169,2.05335857053776));
#1001=CARTESIAN_POINT('Ctrl Pts',(-5.53673162749264,2.4877377158549,2.80531987442296));
#1002=CARTESIAN_POINT('Ctrl Pts',(-5.4004151360242,1.27774488708191,2.99999999999981));
#1003=CARTESIAN_POINT('Ctrl Pts',(-5.4004151360242,0.045485618461438,2.99999999999981));
#1004=CARTESIAN_POINT('',(-87.8117202980587,15.3272204761184,-18.0000000000005));
#1005=CARTESIAN_POINT('Ctrl Pts',(-9.69374659375407,10.8661676825609,-3.13155256527637));
#1006=CARTESIAN_POINT('Ctrl Pts',(-18.0911352242555,11.8146458568045,-4.58484912912391));
#1007=CARTESIAN_POINT('Ctrl Pts',(-36.7103817695085,13.5527526114241,-7.91067215126688));
#1008=CARTESIAN_POINT('Ctrl Pts',(-62.7543901212326,14.9893551527488,-12.8842801215324));
#1009=CARTESIAN_POINT('Ctrl Pts',(-80.3934144690922,15.3223698537337,-16.4597232417204));
#1010=CARTESIAN_POINT('Ctrl Pts',(-87.8117148462334,15.3309051513584,-18.0000269069142));
#1011=CARTESIAN_POINT('',(-108.495448371944,14.9139647591545,-18.));
#1012=CARTESIAN_POINT('Ctrl Pts',(-87.8121012083509,15.3309055957774,-18.000107129499));
#1013=CARTESIAN_POINT('Ctrl Pts',(-89.592562475352,15.3310076223968,-18.0000500891929));
#1014=CARTESIAN_POINT('Ctrl Pts',(-91.3760182212102,15.3222791161349,-17.9999451900413));
#1015=CARTESIAN_POINT('Ctrl Pts',(-93.1608455837579,15.3043643800003,-17.9998537033365));
#1016=CARTESIAN_POINT('Ctrl Pts',(-94.6661485811353,15.289255296306,-17.9997765444954));
#1017=CARTESIAN_POINT('Ctrl Pts',(-96.1724272820398,15.2676128475934,-17.9997100193695));
#1018=CARTESIAN_POINT('Ctrl Pts',(-97.678700907186,15.2391876680641,-17.9996875264063));
#1019=CARTESIAN_POINT('Ctrl Pts',(-99.030604495631,15.2136756352128,-17.9996673386283));
#1020=CARTESIAN_POINT('Ctrl Pts',(-100.38250402769,15.1827004404025,-17.9996830514531));
#1021=CARTESIAN_POINT('Ctrl Pts',(-101.733683449511,15.1460410452762,-17.9997467603442));
#1022=CARTESIAN_POINT('Ctrl Pts',(-101.88797079568,15.1418550129145,-17.9997540350818));
#1023=CARTESIAN_POINT('Ctrl Pts',(-102.042248744046,15.1375948128114,-17.9997619177497));
#1024=CARTESIAN_POINT('Ctrl Pts',(-102.196516221692,15.133260072639,-17.9997704115623));
#1025=CARTESIAN_POINT('Ctrl Pts',(-103.94980682658,15.083994606353,-17.9998669459843));
#1026=CARTESIAN_POINT('Ctrl Pts',(-105.701746688599,15.0251042805473,-18.0000417174999));
#1027=CARTESIAN_POINT('Ctrl Pts',(-107.450766230937,14.9565272144822,-18.0001969315243));
#1028=CARTESIAN_POINT('Ctrl Pts',(-107.799087419752,14.9428699370196,-18.0002278427475));
#1029=CARTESIAN_POINT('Ctrl Pts',(-108.147292713528,14.9288283222188,-18.0002580071694));
#1030=CARTESIAN_POINT('Ctrl Pts',(-108.495369605057,14.9144016479816,-18.0002867014865));
#1031=CARTESIAN_POINT('',(-112.495448371944,13.0175349432901,-14.));
#1032=CARTESIAN_POINT('Ctrl Pts',(-108.495448371944,14.9139647591545,-18.));
#1033=CARTESIAN_POINT('Ctrl Pts',(-108.51108551091,14.9133218810745,-18.));
#1034=CARTESIAN_POINT('Ctrl Pts',(-108.526723843933,14.9126601862926,-17.999908304754));
#1035=CARTESIAN_POINT('Ctrl Pts',(-108.866233997796,14.8978842179923,-17.9959260741176));
#1036=CARTESIAN_POINT('Ctrl Pts',(-109.188231108613,14.8759269706105,-17.9527716983912));
#1037=CARTESIAN_POINT('Ctrl Pts',(-109.88834615395,14.805317385014,-17.7709519564801));
#1038=CARTESIAN_POINT('Ctrl Pts',(-110.256715991741,14.7519991908647,-17.6131418120424));
#1039=CARTESIAN_POINT('Ctrl Pts',(-110.966930737648,14.5979959492182,-17.1754959069428));
#1040=CARTESIAN_POINT('Ctrl Pts',(-111.294252164197,14.4942803975337,-16.889343661643));
#1041=CARTESIAN_POINT('Ctrl Pts',(-111.868588505103,14.2135319279661,-16.2007521989209));
#1042=CARTESIAN_POINT('Ctrl Pts',(-112.095280411767,14.0338981148135,-15.7999912724824));
#1043=CARTESIAN_POINT('Ctrl Pts',(-112.418114419625,13.5850407539661,-14.9228515088607));
#1044=CARTESIAN_POINT('Ctrl Pts',(-112.495448371944,13.3148343331394,-14.4550433825055));
#1045=CARTESIAN_POINT('Ctrl Pts',(-112.495448371944,13.0175349432901,-14.));
#1046=CARTESIAN_POINT('Ctrl Pts',(-112.495465530785,13.0188065245586,-14.0000853102718));
#1047=CARTESIAN_POINT('Ctrl Pts',(-112.495446627968,12.8567083367802,-13.7521462080518));
#1048=CARTESIAN_POINT('Ctrl Pts',(-112.495412307171,12.6858151888577,-13.5102877518443));
#1049=CARTESIAN_POINT('Ctrl Pts',(-112.495376757094,12.5065893233523,-13.2748574512301));
#1050=CARTESIAN_POINT('Ctrl Pts',(-112.495341070765,12.3266765402353,-13.0385248186933));
#1051=CARTESIAN_POINT('Ctrl Pts',(-112.49530419071,12.1383666187724,-12.8086692513195));
#1052=CARTESIAN_POINT('Ctrl Pts',(-112.495275429719,11.9420843799074,-12.5856726861178));
#1053=CARTESIAN_POINT('Ctrl Pts',(-112.495246797442,11.746680558027,-12.3636740918558));
#1054=CARTESIAN_POINT('Ctrl Pts',(-112.495226250577,11.5433751480705,-12.1484728269342));
#1055=CARTESIAN_POINT('Ctrl Pts',(-112.495217375527,11.332551765474,-11.9404823118415));
#1056=CARTESIAN_POINT('Ctrl Pts',(-112.495210870377,11.1780244320952,-11.7880313869511));
#1057=CARTESIAN_POINT('Ctrl Pts',(-112.495210523166,11.0194573375278,-11.6394551329632));
#1058=CARTESIAN_POINT('Ctrl Pts',(-112.495215633209,10.8569915074628,-11.4949309217349));
#1059=CARTESIAN_POINT('Ctrl Pts',(-112.495222613662,10.6350589099222,-11.2975070474804));
#1060=CARTESIAN_POINT('Ctrl Pts',(-112.495240666066,10.4064806914585,-11.108201869464));
#1061=CARTESIAN_POINT('Ctrl Pts',(-112.495265275812,10.1717047871741,-10.9273685747264));
#1062=CARTESIAN_POINT('Ctrl Pts',(-112.495289857406,9.93719744945042,-10.7467421401271));
#1063=CARTESIAN_POINT('Ctrl Pts',(-112.495321020478,9.69650613300201,-10.5745677936102));
#1064=CARTESIAN_POINT('Ctrl Pts',(-112.495348600262,9.45004175908546,-10.4112349405996));
#1065=CARTESIAN_POINT('Ctrl Pts',(-112.495375917863,9.20592036005242,-10.2494547857181));
#1066=CARTESIAN_POINT('Ctrl Pts',(-112.495399750697,8.95613466458605,-10.0963484651484));
#1067=CARTESIAN_POINT('Ctrl Pts',(-112.495404152401,8.70105624174479,-9.95233685503375));
#1068=CARTESIAN_POINT('Ctrl Pts',(-112.495404672797,8.67089931583562,-9.93531092470255));
#1069=CARTESIAN_POINT('Ctrl Pts',(-112.495404914246,8.64066838398376,-9.91841216774765));
#1070=CARTESIAN_POINT('Ctrl Pts',(-112.495404844403,8.61036403905895,-9.90164132304937));
#1071=CARTESIAN_POINT('Origin',(-112.495448371944,5.32722047611842,0.));
#1072=CARTESIAN_POINT('',(-112.495448371944,-11.3272204761184,-14.));
#1073=CARTESIAN_POINT('',(-112.495448371944,2.66361023805921,-14.));
#1074=CARTESIAN_POINT('',(-112.495448371944,-11.3272204761184,-9.90121695053774));
#1075=CARTESIAN_POINT('',(-112.495448371944,-11.3272204761184,0.));
#1076=CARTESIAN_POINT('',(-112.495448371944,15.3272204761184,-9.90121695053774));
#1077=CARTESIAN_POINT('Origin',(-108.495448371944,2.66361023805921,-14.));
#1078=CARTESIAN_POINT('',(-108.495448371944,-11.8272204761184,-18.));
#1079=CARTESIAN_POINT('',(-108.495448371944,2.66361023805921,-18.));
#1080=CARTESIAN_POINT('Ctrl Pts',(-112.495448371944,-11.3272204761184,-14.));
#1081=CARTESIAN_POINT('Ctrl Pts',(-112.495448371944,-11.3282574594292,-14.0082958664772));
#1082=CARTESIAN_POINT('Ctrl Pts',(-112.495423442271,-11.329294254672,-14.0165902284204));
#1083=CARTESIAN_POINT('Ctrl Pts',(-112.493091481196,-11.3749780392304,-14.3820605050756));
#1084=CARTESIAN_POINT('Ctrl Pts',(-112.393270318649,-11.4645762529687,-15.0988462148368));
#1085=CARTESIAN_POINT('Ctrl Pts',(-111.944613971829,-11.5936318338314,-16.1312908617727));
#1086=CARTESIAN_POINT('Ctrl Pts',(-111.168854244122,-11.7104204261113,-17.0655995999658));
#1087=CARTESIAN_POINT('Ctrl Pts',(-110.202130036009,-11.7863583786007,-17.6731032198761));
#1088=CARTESIAN_POINT('Ctrl Pts',(-109.258486264045,-11.8210532456054,-17.9506621559026));
#1089=CARTESIAN_POINT('Ctrl Pts',(-108.747939736652,-11.8272204761184,-18.));
#1090=CARTESIAN_POINT('Ctrl Pts',(-108.495448371944,-11.8272204761184,-18.));
#1091=CARTESIAN_POINT('Origin',(4.00000005960464,0.,-18.));
#1092=CARTESIAN_POINT('',(10.4954484911537,15.3272204761184,-18.));
#1093=CARTESIAN_POINT('',(4.74772427537919,15.3272204761184,-18.));
#1094=CARTESIAN_POINT('',(10.4954484911537,-11.8272204761184,-18.));
#1095=CARTESIAN_POINT('',(10.4954484911537,-2.66361023805921,-18.));
#1096=CARTESIAN_POINT('',(3.2522758438301,-11.8272204761184,-18.));
#1097=CARTESIAN_POINT('Origin',(4.74772427537919,-12.1723805580629,-18.1481315660198));
#1098=CARTESIAN_POINT('',(-5.39237126280317,5.39237126280317,3.0114878415069));
#1099=CARTESIAN_POINT('Origin',(-20.2084962776018,-12.1723805580629,-18.1481315660198));
#1100=CARTESIAN_POINT('',(5.39237126280317,5.39237126280317,3.0114878415069));
#1101=CARTESIAN_POINT('',(4.74772427537919,5.39237126280317,3.0114878415069));
#1102=CARTESIAN_POINT('',(5.40041513602406,5.40620104758196,3.));
#1103=CARTESIAN_POINT('Origin',(20.2084962776018,-12.1723805580629,-18.1481315660198));
#1104=CARTESIAN_POINT('',(10.4954484911537,5.40620104758196,3.));
#1105=CARTESIAN_POINT('',(4.74772427537919,5.40620104758196,3.));
#1106=CARTESIAN_POINT('Origin',(10.4954484911537,-12.1723805580629,-18.1481315660198));
#1107=CARTESIAN_POINT('Origin',(-35.7477242157745,2.17277952388158,-12.7724544547879));
#1108=CARTESIAN_POINT('',(-110.645997057538,-14.6999256738627,-8.12898384434869));
#1109=CARTESIAN_POINT('',(-108.495448371944,-15.3272204761184,-12.7724544547879));
#1110=CARTESIAN_POINT('Ctrl Pts',(-110.645997057538,-14.6999256738627,-8.12898384434868));
#1111=CARTESIAN_POINT('Ctrl Pts',(-110.470547880792,-14.8117978875067,-8.53548730673517));
#1112=CARTESIAN_POINT('Ctrl Pts',(-110.287075867072,-14.9094145040142,-8.94798231914927));
#1113=CARTESIAN_POINT('Ctrl Pts',(-109.571275772883,-15.2226959368115,-10.5245618082377));
#1114=CARTESIAN_POINT('Ctrl Pts',(-109.008810548136,-15.3272204761184,-11.698680424903));
#1115=CARTESIAN_POINT('Ctrl Pts',(-108.495448371944,-15.3272204761184,-12.7724544547879));
#1116=CARTESIAN_POINT('',(10.4954484911537,-15.3272204761184,-12.7724544547879));
#1117=CARTESIAN_POINT('',(-35.7477242157745,-15.3272204761184,-12.7724544547879));
#1118=CARTESIAN_POINT('',(10.4954484911537,-5.4087559717579,3.));
#1119=CARTESIAN_POINT('Origin',(10.4954484911537,2.17277952388158,-12.7724544547879));
#1120=CARTESIAN_POINT('',(5.40041513602406,-5.4087559717579,3.));
#1121=CARTESIAN_POINT('',(-35.7477242157745,-5.4087559717579,3.));
#1122=CARTESIAN_POINT('',(5.3961900449465,-5.3961900449465,3.00603405540073));
#1123=CARTESIAN_POINT('Origin',(16.4444066413359,2.17277952388158,-12.7724544547879));
#1124=CARTESIAN_POINT('',(-5.3961900449465,-5.3961900449465,3.00603405540073));
#1125=CARTESIAN_POINT('',(-35.7477242157745,-5.3961900449465,3.00603405540073));
#1126=CARTESIAN_POINT('',(-5.40041513602406,-5.4087559717579,3.));
#1127=CARTESIAN_POINT('Origin',(-16.4444066413359,2.17277952388158,-12.7724544547879));
#1128=CARTESIAN_POINT('Ctrl Pts',(-5.40041513602392,-5.40875597175849,2.99999999999972));
#1129=CARTESIAN_POINT('Ctrl Pts',(-7.03312519704094,-5.72493918553213,2.84801640954322));
#1130=CARTESIAN_POINT('Ctrl Pts',(-8.67884887786064,-6.02156176064405,2.6938616213246));
#1131=CARTESIAN_POINT('Ctrl Pts',(-15.4433572052642,-7.1733240318339,2.05616436023083));
#1132=CARTESIAN_POINT('Ctrl Pts',(-20.6584959934616,-7.91106877457704,1.55510215526264));
#1133=CARTESIAN_POINT('Ctrl Pts',(-36.5324903209845,-9.90977452718926,-0.000869361579656225));
#1134=CARTESIAN_POINT('Ctrl Pts',(-47.4095102317337,-10.9527616422933,-1.1080240386511));
#1135=CARTESIAN_POINT('Ctrl Pts',(-76.055009758271,-13.2289411310482,-4.13897245019663));
#1136=CARTESIAN_POINT('Ctrl Pts',(-93.8669440984814,-14.1530384491225,-6.14179200152543));
#1137=CARTESIAN_POINT('Ctrl Pts',(-110.645997057538,-14.6999256738627,-8.12898384434872));
#1138=CARTESIAN_POINT('Origin',(4.00000005960464,-4.00000005960464,5.));
#1139=CARTESIAN_POINT('',(5.40041513602406,4.00000005960464,3.));
#1140=CARTESIAN_POINT('',(3.91604407273958,3.91604407273958,5.11990157529541));
#1141=CARTESIAN_POINT('',(3.00980464510326,3.00980464510326,6.41414560750534));
#1142=CARTESIAN_POINT('',(4.27127199317116,2.50000005960464,4.61258352879191));
#1143=CARTESIAN_POINT('Origin',(1.27127199317116,2.50000005960464,8.89702754901825));
#1144=CARTESIAN_POINT('',(4.27127199317116,-2.50000005960464,4.61258352879191));
#1145=CARTESIAN_POINT('',(4.27127199317116,0.,4.61258352879191));
#1146=CARTESIAN_POINT('',(3.91604407273958,-3.91604407273958,5.11990157529541));
#1147=CARTESIAN_POINT('Origin',(1.27127199317116,-2.50000005960464,8.89702754901825));
#1148=CARTESIAN_POINT('',(3.00980464510326,-3.00980464510326,6.41414560750534));
#1149=CARTESIAN_POINT('Origin',(4.00000005960464,0.,3.));
#1150=CARTESIAN_POINT('',(10.4954484911537,-2.66361023805921,3.));
#1151=CARTESIAN_POINT('Origin',(10.4954484911537,-5.32722047611842,0.));
#1152=CARTESIAN_POINT('',(10.4954484911537,-15.3272204761184,-14.5));
#1153=CARTESIAN_POINT('',(10.4954484911537,-15.3272204761184,0.));
#1154=CARTESIAN_POINT('Origin',(10.4954484911537,-11.8272204761184,-14.5));
#1155=CARTESIAN_POINT('Origin',(2.50455162805555,-15.3272204761184,0.));
#1156=CARTESIAN_POINT('',(-108.495448371944,-15.3272204761184,-14.5));
#1157=CARTESIAN_POINT('',(-108.495448371944,-15.3272204761184,0.));
#1158=CARTESIAN_POINT('',(3.2522758438301,-15.3272204761184,-14.5));
#1159=CARTESIAN_POINT('Origin',(-4.00000005960464,4.00000005960464,5.));
#1160=CARTESIAN_POINT('',(-4.00000005960464,-4.00000005960464,5.));
#1161=CARTESIAN_POINT('',(-3.00980464510326,-3.00980464510326,6.41414560750534));
#1162=CARTESIAN_POINT('',(-4.00000005960464,4.00000005960464,5.));
#1163=CARTESIAN_POINT('',(-4.00000005960464,-4.00000005960464,5.));
#1164=CARTESIAN_POINT('',(-3.00980464510326,3.00980464510326,6.41414560750534));
#1165=CARTESIAN_POINT('',(-5.40041513602406,15.3272204761184,3.));
#1166=CARTESIAN_POINT('Origin',(385.966207896336,15.3272204761184,-4201.32377634933));
#1167=CARTESIAN_POINT('',(-112.164964705738,-12.9192788531964,-8.30915857345975));
#1168=CARTESIAN_POINT('',(-112.164964705738,15.3272204761184,-8.30915857345975));
#1169=CARTESIAN_POINT('Ctrl Pts',(-112.164964705738,-12.9192788531964,-8.30915857346011));
#1170=CARTESIAN_POINT('Ctrl Pts',(-111.962072792339,-13.3869220005393,-8.28505496401782));
#1171=CARTESIAN_POINT('Ctrl Pts',(-111.665984711167,-13.8126073406006,-8.24989590068777));
#1172=CARTESIAN_POINT('Ctrl Pts',(-111.127249478464,-14.3528170640531,-8.18600310644457));
#1173=CARTESIAN_POINT('Ctrl Pts',(-110.89738812584,-14.5396303916461,-8.15875681672733));
#1174=CARTESIAN_POINT('Ctrl Pts',(-110.645997057538,-14.6999256738627,-8.12898384434884));
#1175=CARTESIAN_POINT('Origin',(-108.495448371944,15.3272204761184,-9.90121695053774));
#1176=CARTESIAN_POINT('Origin',(-108.495448371944,-11.3272204761184,-9.90121695053774));
#1177=CARTESIAN_POINT('Origin',(-108.495448371944,-11.3272204761184,0.));
#1178=CARTESIAN_POINT('Ctrl Pts',(-108.495448371944,-15.3272204761184,-14.5));
#1179=CARTESIAN_POINT('Ctrl Pts',(-108.747939736652,-15.3272204761184,-14.5));
#1180=CARTESIAN_POINT('Ctrl Pts',(-109.258486264045,-15.2778826320145,-14.4938327694878));
#1181=CARTESIAN_POINT('Ctrl Pts',(-110.202130036009,-15.0003236959763,-14.4591379024845));
#1182=CARTESIAN_POINT('Ctrl Pts',(-111.168854244122,-14.3928200760612,-14.3831999499957));
#1183=CARTESIAN_POINT('Ctrl Pts',(-111.944613971829,-13.4585113378218,-14.2664113577214));
#1184=CARTESIAN_POINT('Ctrl Pts',(-112.393270318649,-12.4260666909205,-14.1373557768545));
#1185=CARTESIAN_POINT('Ctrl Pts',(-112.493091481196,-11.7092809810138,-14.0477575631339));
#1186=CARTESIAN_POINT('Ctrl Pts',(-112.495423442271,-11.3438107045469,-14.0020737785526));
#1187=CARTESIAN_POINT('Ctrl Pts',(-112.495448371944,-11.3355163425968,-14.0010369833016));
#1188=CARTESIAN_POINT('Ctrl Pts',(-112.495448371944,-11.3272204761184,-14.));
#1189=CARTESIAN_POINT('Origin',(3.5591827715959,5.20417042793042E-17,11.1457609465147));
#1190=CARTESIAN_POINT('',(4.41423312991007,-2.34923155196477,5.62371669095835));
#1191=CARTESIAN_POINT('',(4.41423312991007,2.34923155196477,5.62371669095835));
#1192=CARTESIAN_POINT('Origin',(3.5591827715959,5.20417042793042E-17,5.31250381173334));
#1193=CARTESIAN_POINT('',(4.41423312991007,2.34923155196477,16.6377627180731));
#1194=CARTESIAN_POINT('',(4.41423312991007,2.34923155196477,11.1457609465147));
#1195=CARTESIAN_POINT('',(4.41423312991007,-2.34923155196477,16.6377627180731));
#1196=CARTESIAN_POINT('Ctrl Pts',(4.41423312991007,2.34923155196477,16.6377627180731));
#1197=CARTESIAN_POINT('Ctrl Pts',(4.73357692534952,2.23299991592722,16.4993135878081));
#1198=CARTESIAN_POINT('Ctrl Pts',(5.02778706200526,2.0490703598394,16.360563507786));
#1199=CARTESIAN_POINT('Ctrl Pts',(5.49755825900681,1.61051111539141,16.1298179102834));
#1200=CARTESIAN_POINT('Ctrl Pts',(5.7056554867331,1.32800054364966,16.0220203575727));
#1201=CARTESIAN_POINT('Ctrl Pts',(5.98660635617238,0.691769898619874,15.8737747446342));
#1202=CARTESIAN_POINT('Ctrl Pts',(6.0591827715959,0.337744976766935,15.8341109453556));
#1203=CARTESIAN_POINT('Ctrl Pts',(6.0591827715959,-0.337744976766934,15.8341109453556));
#1204=CARTESIAN_POINT('Ctrl Pts',(5.98660635617238,-0.691769898619873,15.8737747446342));
#1205=CARTESIAN_POINT('Ctrl Pts',(5.7056554867331,-1.32800054364966,16.0220203575727));
#1206=CARTESIAN_POINT('Ctrl Pts',(5.49755825900681,-1.61051111539141,16.1298179102834));
#1207=CARTESIAN_POINT('Ctrl Pts',(5.02778706200526,-2.0490703598394,16.360563507786));
#1208=CARTESIAN_POINT('Ctrl Pts',(4.73357692534952,-2.23299991592722,16.4993135878081));
#1209=CARTESIAN_POINT('Ctrl Pts',(4.41423312991007,-2.34923155196477,16.6377627180731));
#1210=CARTESIAN_POINT('',(4.41423312991007,-2.34923155196477,11.1457609465147));
#1211=CARTESIAN_POINT('Origin',(4.00000005960464,2.50000005960464,5.47294818331848));
#1212=CARTESIAN_POINT('',(4.00000005960464,-2.50000005960464,5.47294818331848));
#1213=CARTESIAN_POINT('',(4.7193380328153,-2.23818244897859,5.73476579394453));
#1214=CARTESIAN_POINT('',(4.00000005960464,2.50000005960464,5.47294818331848));
#1215=CARTESIAN_POINT('',(4.00000005960464,0.,5.47294818331847));
#1216=CARTESIAN_POINT('',(5.63226787488078,1.90590316049341,6.06704508242971));
#1217=CARTESIAN_POINT('Origin',(4.00000005960464,-2.50000005960464,5.47294818331848));
#1218=CARTESIAN_POINT('',(4.00000005960464,-2.50000005960464,16.8185737097109));
#1219=CARTESIAN_POINT('Ctrl Pts',(4.00000005957515,-2.50000005961538,16.8185737097238));
#1220=CARTESIAN_POINT('Ctrl Pts',(4.20570575158567,-2.42512931070442,16.7281682138984));
#1221=CARTESIAN_POINT('Ctrl Pts',(4.41423312991007,-2.34923155196477,16.6377627180731));
#1222=CARTESIAN_POINT('',(4.00000005960464,-2.50000005960464,25.));
#1223=CARTESIAN_POINT('Origin',(4.00000005960464,0.,30.));
#1224=CARTESIAN_POINT('',(4.00000005960464,2.50000005960464,16.8185737097109));
#1225=CARTESIAN_POINT('Ctrl Pts',(4.00000005957515,2.50000005961538,16.8185737097238));
#1226=CARTESIAN_POINT('Ctrl Pts',(4.20570575158567,2.42512931070442,16.7281682138985));
#1227=CARTESIAN_POINT('Ctrl Pts',(4.41423312991007,2.34923155196477,16.6377627180731));
#1228=CARTESIAN_POINT('Origin',(4.00000005960464,0.,30.));
#1229=CARTESIAN_POINT('Origin',(4.00000005960464,2.50000005960464,16.8185737097109));
#1230=CARTESIAN_POINT('',(4.00000005960464,2.50000005960464,25.));
#1231=CARTESIAN_POINT('Ctrl Pts',(-112.495448371944,-11.3272204761184,-14.));
#1232=CARTESIAN_POINT('Ctrl Pts',(-112.495448371944,-11.3282574594292,-14.0082958664772));
#1233=CARTESIAN_POINT('Ctrl Pts',(-112.495423442271,-11.329294254672,-14.0165902284204));
#1234=CARTESIAN_POINT('Ctrl Pts',(-112.493091481196,-11.3749780392304,-14.3820605050756));
#1235=CARTESIAN_POINT('Ctrl Pts',(-112.393270318649,-11.4645762529687,-15.0988462148368));
#1236=CARTESIAN_POINT('Ctrl Pts',(-111.944613971829,-11.5936318338314,-16.1312908617727));
#1237=CARTESIAN_POINT('Ctrl Pts',(-111.168854244122,-11.7104204261113,-17.0655995999658));
#1238=CARTESIAN_POINT('Ctrl Pts',(-110.202130036009,-11.7863583786007,-17.6731032198761));
#1239=CARTESIAN_POINT('Ctrl Pts',(-109.258486264045,-11.8210532456054,-17.9506621559026));
#1240=CARTESIAN_POINT('Ctrl Pts',(-108.747939736652,-11.8272204761184,-18.));
#1241=CARTESIAN_POINT('Ctrl Pts',(-108.495448371944,-11.8272204761184,-18.));
#1242=CARTESIAN_POINT('Ctrl Pts',(-112.495448371944,-11.3272204761184,-14.));
#1243=CARTESIAN_POINT('Ctrl Pts',(-112.49543850303,-11.3296449546173,-14.0069165879927));
#1244=CARTESIAN_POINT('Ctrl Pts',(-112.495444646286,-11.3320534445513,-14.013821050836));
#1245=CARTESIAN_POINT('Ctrl Pts',(-112.493359424495,-11.4388729132578,-14.3185156010436));
#1246=CARTESIAN_POINT('Ctrl Pts',(-112.429059885769,-11.6475954251526,-14.9157512830981));
#1247=CARTESIAN_POINT('Ctrl Pts',(-112.113643273016,-11.9763955199169,-15.8308278148959));
#1248=CARTESIAN_POINT('Ctrl Pts',(-111.503145062831,-12.3332307696049,-16.7678177948682));
#1249=CARTESIAN_POINT('Ctrl Pts',(-110.564311155996,-12.6519323590082,-17.5203632924813));
#1250=CARTESIAN_POINT('Ctrl Pts',(-109.456924150917,-12.8391319332253,-17.925033339343));
#1251=CARTESIAN_POINT('Ctrl Pts',(-108.814537859058,-12.874046480496,-17.9994726309632));
#1252=CARTESIAN_POINT('Ctrl Pts',(-108.495448371944,-12.874418027315,-18.));
#1253=CARTESIAN_POINT('Ctrl Pts',(-112.495448371944,-11.3272204761184,-14.));
#1254=CARTESIAN_POINT('Ctrl Pts',(-112.495431981333,-11.3320676846245,-14.0045026903675));
#1255=CARTESIAN_POINT('Ctrl Pts',(-112.495459151833,-11.3368882981069,-14.0089752424707));
#1256=CARTESIAN_POINT('Ctrl Pts',(-112.493643504001,-11.5504283838018,-14.2073511655258));
#1257=CARTESIAN_POINT('Ctrl Pts',(-112.455747382829,-11.967934345767,-14.5948912742653));
#1258=CARTESIAN_POINT('Ctrl Pts',(-112.243678207257,-12.6468022624986,-15.2238123333471));
#1259=CARTESIAN_POINT('Ctrl Pts',(-111.774590276943,-13.4206371342309,-15.9403605259029));
#1260=CARTESIAN_POINT('Ctrl Pts',(-110.877279889922,-14.1570044776907,-16.6247450378593));
#1261=CARTESIAN_POINT('Ctrl Pts',(-109.633869518537,-14.6019077816376,-17.0410697385213));
#1262=CARTESIAN_POINT('Ctrl Pts',(-108.873631304283,-14.6859185152598,-17.1196881234672));
#1263=CARTESIAN_POINT('Ctrl Pts',(-108.495448371944,-14.686765747053,-17.1205024037507));
#1264=CARTESIAN_POINT('Ctrl Pts',(-112.495448371944,-11.3272204761184,-14.));
#1265=CARTESIAN_POINT('Ctrl Pts',(-112.495440970259,-11.3344818837352,-14.0020776046945));
#1266=CARTESIAN_POINT('Ctrl Pts',(-112.495439345282,-11.3417338213572,-14.0041431709607));
#1267=CARTESIAN_POINT('Ctrl Pts',(-112.49329243867,-11.6616223029901,-14.0956787186547));
#1268=CARTESIAN_POINT('Ctrl Pts',(-112.420112493989,-12.2887454921164,-14.2746201559923));
#1269=CARTESIAN_POINT('Ctrl Pts',(-112.071385947719,-13.2331640526642,-14.5534841222855));
#1270=CARTESIAN_POINT('Ctrl Pts',(-111.419572358154,-14.169483722238,-14.8503077076159));
#1271=CARTESIAN_POINT('Ctrl Pts',(-110.473765875999,-14.8857687504302,-15.1083183877901));
#1272=CARTESIAN_POINT('Ctrl Pts',(-109.407314679199,-15.2586610195948,-15.2573917852027));
#1273=CARTESIAN_POINT('Ctrl Pts',(-108.797888328457,-15.3268249493408,-15.2851195032832));
#1274=CARTESIAN_POINT('Ctrl Pts',(-108.495448371944,-15.3272204761184,-15.2853981633974));
#1275=CARTESIAN_POINT('Ctrl Pts',(-112.495448371944,-11.3272204761184,-14.));
#1276=CARTESIAN_POINT('Ctrl Pts',(-112.495448371944,-11.3355163425968,-14.0010369833016));
#1277=CARTESIAN_POINT('Ctrl Pts',(-112.495423442271,-11.3438107045469,-14.0020737785526));
#1278=CARTESIAN_POINT('Ctrl Pts',(-112.493091481196,-11.7092809810138,-14.0477575631339));
#1279=CARTESIAN_POINT('Ctrl Pts',(-112.393270318649,-12.4260666909205,-14.1373557768545));
#1280=CARTESIAN_POINT('Ctrl Pts',(-111.944613971829,-13.4585113378218,-14.2664113577214));
#1281=CARTESIAN_POINT('Ctrl Pts',(-111.168854244122,-14.3928200760612,-14.3831999499957));
#1282=CARTESIAN_POINT('Ctrl Pts',(-110.202130036009,-15.0003236959763,-14.4591379024845));
#1283=CARTESIAN_POINT('Ctrl Pts',(-109.258486264045,-15.2778826320145,-14.4938327694878));
#1284=CARTESIAN_POINT('Ctrl Pts',(-108.747939736652,-15.3272204761184,-14.5));
#1285=CARTESIAN_POINT('Ctrl Pts',(-108.495448371944,-15.3272204761184,-14.5));
#1286=CARTESIAN_POINT('Origin',(-108.495448371944,-11.8272204761184,-14.5));
#1287=CARTESIAN_POINT('Origin',(3.2522758438301,-11.8272204761184,-14.5));
#1288=CARTESIAN_POINT('Ctrl Pts',(-2.92864478439821,3.90102385040911,15.6803642336464));
#1289=CARTESIAN_POINT('Ctrl Pts',(-2.92864478439821,1.3003412834697,15.6803642336464));
#1290=CARTESIAN_POINT('Ctrl Pts',(-2.92864478439821,-1.3003412834697,15.6803642336464));
#1291=CARTESIAN_POINT('Ctrl Pts',(-2.92864478439821,-3.90102385040911,15.6803642336464));
#1292=CARTESIAN_POINT('Ctrl Pts',(-3.24982486318418,3.90102385040911,15.8487471762983));
#1293=CARTESIAN_POINT('Ctrl Pts',(-3.24982486318418,1.3003412834697,15.8487471762983));
#1294=CARTESIAN_POINT('Ctrl Pts',(-3.24982486318418,-1.30034128346969,15.8487471762983));
#1295=CARTESIAN_POINT('Ctrl Pts',(-3.24982486318418,-3.90102385040911,15.8487471762983));
#1296=CARTESIAN_POINT('Ctrl Pts',(-3.79775174795586,3.90102385040911,16.3643624053116));
#1297=CARTESIAN_POINT('Ctrl Pts',(-3.79775174795586,1.30034128346971,16.3643624053116));
#1298=CARTESIAN_POINT('Ctrl Pts',(-3.79775174795586,-1.30034128346971,16.3643624053116));
#1299=CARTESIAN_POINT('Ctrl Pts',(-3.79775174795586,-3.90102385040911,16.3643624053116));
#1300=CARTESIAN_POINT('Ctrl Pts',(-4.00000005960465,3.90102385040911,17.0890544474104));
#1301=CARTESIAN_POINT('Ctrl Pts',(-4.00000005960465,1.3003412834697,17.0890544474104));
#1302=CARTESIAN_POINT('Ctrl Pts',(-4.00000005960465,-1.3003412834697,17.0890544474104));
#1303=CARTESIAN_POINT('Ctrl Pts',(-4.00000005960465,-3.90102385040911,17.0890544474104));
#1304=CARTESIAN_POINT('Ctrl Pts',(-4.00000005960465,3.90102385040911,17.4516967758624));
#1305=CARTESIAN_POINT('Ctrl Pts',(-4.00000005960465,1.3003412834697,17.4516967758624));
#1306=CARTESIAN_POINT('Ctrl Pts',(-4.00000005960465,-1.3003412834697,17.4516967758624));
#1307=CARTESIAN_POINT('Ctrl Pts',(-4.00000005960465,-3.90102385040911,17.4516967758624));
#1308=CARTESIAN_POINT('',(-4.00000005960464,-3.90102385040911,17.4516967758624));
#1309=CARTESIAN_POINT('',(-4.00000005960464,3.90102385040911,17.4516967758624));
#1310=CARTESIAN_POINT('Ctrl Pts',(-4.00000005960465,-3.90102385040911,17.4516967758624));
#1311=CARTESIAN_POINT('Ctrl Pts',(-4.00000005960465,-1.3003412834697,17.4516967758624));
#1312=CARTESIAN_POINT('Ctrl Pts',(-4.00000005960465,1.3003412834697,17.4516967758624));
#1313=CARTESIAN_POINT('Ctrl Pts',(-4.00000005960465,3.90102385040911,17.4516967758624));
#1314=CARTESIAN_POINT('',(-2.92864478439821,2.00000005960464,15.6803642336464));
#1315=CARTESIAN_POINT('Ctrl Pts',(-4.00000005960465,3.90102385040911,17.4516967758624));
#1316=CARTESIAN_POINT('Ctrl Pts',(-4.00000005960465,3.83861453306472,17.2599339387219));
#1317=CARTESIAN_POINT('Ctrl Pts',(-3.97271099420549,3.74934275417206,17.0810303703903));
#1318=CARTESIAN_POINT('Ctrl Pts',(-3.86569986865995,3.49291102563168,16.6953422607056));
#1319=CARTESIAN_POINT('Ctrl Pts',(-3.77185050382659,3.31123564176592,16.5037593276209));
#1320=CARTESIAN_POINT('Ctrl Pts',(-3.47880423711676,2.7936893369332,16.064629036899));
#1321=CARTESIAN_POINT('Ctrl Pts',(-3.22812364389256,2.39988189315911,15.8383804669118));
#1322=CARTESIAN_POINT('Ctrl Pts',(-2.93178950342901,2.00419415660998,15.6820155656086));
#1323=CARTESIAN_POINT('Ctrl Pts',(-2.93021773428921,2.0020970666691,15.6811888736188));
#1324=CARTESIAN_POINT('Ctrl Pts',(-2.92864478439821,2.00000005960464,15.6803642336464));
#1325=CARTESIAN_POINT('',(-2.9286447843982,-2.00000005960464,15.6803642336464));
#1326=CARTESIAN_POINT('Ctrl Pts',(-2.92864478439821,2.00000005960464,15.6803642336464));
#1327=CARTESIAN_POINT('Ctrl Pts',(-2.92864478439821,0.666666686534881,15.6803642336464));
#1328=CARTESIAN_POINT('Ctrl Pts',(-2.92864478439821,-0.666666686534882,
15.6803642336464));
#1329=CARTESIAN_POINT('Ctrl Pts',(-2.92864478439821,-2.00000005960464,15.6803642336464));
#1330=CARTESIAN_POINT('Ctrl Pts',(-2.9286447843982,-2.00000005960464,15.6803642336464));
#1331=CARTESIAN_POINT('Ctrl Pts',(-2.93021774032802,-2.00209707471986,15.6811888767847));
#1332=CARTESIAN_POINT('Ctrl Pts',(-2.93178951547439,-2.0041941726802,15.682015571944));
#1333=CARTESIAN_POINT('Ctrl Pts',(-3.22812374215373,-2.3998820267922,15.8383805226094));
#1334=CARTESIAN_POINT('Ctrl Pts',(-3.47880439220348,-2.79368958093572,16.0646291780986));
#1335=CARTESIAN_POINT('Ctrl Pts',(-3.77185059833693,-3.31123582619465,16.5037595226762));
#1336=CARTESIAN_POINT('Ctrl Pts',(-3.86569989732803,-3.49291109565783,16.6953423684244));
#1337=CARTESIAN_POINT('Ctrl Pts',(-3.9727109931149,-3.74934275057527,17.0810303632076));
#1338=CARTESIAN_POINT('Ctrl Pts',(-4.00000005960465,-3.83861453180242,17.2599339348432));
#1339=CARTESIAN_POINT('Ctrl Pts',(-4.00000005960465,-3.90102385040911,17.4516967758624));
#1340=CARTESIAN_POINT('Ctrl Pts',(-3.99308478876183,2.00000005960464,7.07811802536424));
#1341=CARTESIAN_POINT('Ctrl Pts',(-3.78770899091519,2.00000005960464,7.07704830297825));
#1342=CARTESIAN_POINT('Ctrl Pts',(-3.31219796626487,2.00000005960465,7.15356315776984));
#1343=CARTESIAN_POINT('Ctrl Pts',(-2.21547640362727,2.00000005960464,7.6805941998123));
#1344=CARTESIAN_POINT('Ctrl Pts',(-0.939990114483804,2.00000005960464,8.87059748668496));
#1345=CARTESIAN_POINT('Ctrl Pts',(-0.0891121959317853,2.00000005960464,
10.6423654360773));
#1346=CARTESIAN_POINT('Ctrl Pts',(-0.0813231047738306,2.00000005960464,
12.4343562027732));
#1347=CARTESIAN_POINT('Ctrl Pts',(-0.92038661223283,2.00000005960465,14.1429294115826));
#1348=CARTESIAN_POINT('Ctrl Pts',(-2.23057397644798,2.00000005960464,15.3295838147952));
#1349=CARTESIAN_POINT('Ctrl Pts',(-3.41326756979196,2.00000005960464,15.938645903422));
#1350=CARTESIAN_POINT('Ctrl Pts',(-3.94127038611798,2.00000005960464,16.0646641909027));
#1351=CARTESIAN_POINT('Ctrl Pts',(-4.15564894365446,2.00000005960464,16.081398837389));
#1352=CARTESIAN_POINT('Ctrl Pts',(-3.99308478876183,2.59839866028841,7.07811802536424));
#1353=CARTESIAN_POINT('Ctrl Pts',(-3.7885194799666,2.59839866028841,7.07705252449944));
#1354=CARTESIAN_POINT('Ctrl Pts',(-3.31286005637918,2.59839866028842,7.1538602913102));
#1355=CARTESIAN_POINT('Ctrl Pts',(-2.21650987727347,2.59839866028841,7.6805302043994));
#1356=CARTESIAN_POINT('Ctrl Pts',(-0.940469770880278,2.59839866028842,8.87115881496202));
#1357=CARTESIAN_POINT('Ctrl Pts',(-0.0895941130904222,2.59839866028841,
10.6426853592456));
#1358=CARTESIAN_POINT('Ctrl Pts',(-0.0820520137547956,2.59839866028841,
12.433393114469));
#1359=CARTESIAN_POINT('Ctrl Pts',(-0.921004080431618,2.59839866028842,14.1429068541381));
#1360=CARTESIAN_POINT('Ctrl Pts',(-2.23136924350474,2.59839866028841,15.329484362891));
#1361=CARTESIAN_POINT('Ctrl Pts',(-3.41389080849723,2.59839866028841,15.938550957072));
#1362=CARTESIAN_POINT('Ctrl Pts',(-3.94204665342311,2.59839866028841,16.0647247872566));
#1363=CARTESIAN_POINT('Ctrl Pts',(-4.15564894365446,2.59839866028841,16.081398837389));
#1364=CARTESIAN_POINT('Ctrl Pts',(-3.99569676382272,3.63493190545813,6.57664542919416));
#1365=CARTESIAN_POINT('Ctrl Pts',(-3.72753591189214,3.63493190545813,6.57524868396242));
#1366=CARTESIAN_POINT('Ctrl Pts',(-3.14426419586927,3.63493190545813,6.67403439477097));
#1367=CARTESIAN_POINT('Ctrl Pts',(-1.91078636217778,3.63493190545813,7.27287278635135));
#1368=CARTESIAN_POINT('Ctrl Pts',(-0.53419131268596,3.63493190545813,8.56050147437363));
#1369=CARTESIAN_POINT('Ctrl Pts',(0.414451550445598,3.63493190545813,10.5124411754858));
#1370=CARTESIAN_POINT('Ctrl Pts',(0.425988033648628,3.63493190545813,12.560442229743));
#1371=CARTESIAN_POINT('Ctrl Pts',(-0.520996819579322,3.63493190545813,14.4638238217738));
#1372=CARTESIAN_POINT('Ctrl Pts',(-1.93214135632984,3.63493190545813,15.7388576721852));
#1373=CARTESIAN_POINT('Ctrl Pts',(-3.22366281009473,3.63493190545813,16.4076648578483));
#1374=CARTESIAN_POINT('Ctrl Pts',(-3.84210898717847,3.63493190545813,16.5599285065025));
#1375=CARTESIAN_POINT('Ctrl Pts',(-4.11662158927921,3.63493190545813,16.5813572883964));
#1376=CARTESIAN_POINT('Ctrl Pts',(-4.0011642800984,4.00000005960464,5.52693801719309));
#1377=CARTESIAN_POINT('Ctrl Pts',(-3.6023436527273,4.00000005960464,5.52486071617921));
#1378=CARTESIAN_POINT('Ctrl Pts',(-2.79336181612728,4.00000005960465,5.670541373692));
#1379=CARTESIAN_POINT('Ctrl Pts',(-1.27396949692085,4.00000005960464,6.41934961313813));
#1380=CARTESIAN_POINT('Ctrl Pts',(0.314794197150579,4.00000005960465,7.91192290024031));
#1381=CARTESIAN_POINT('Ctrl Pts',(1.46808137709111,4.00000005960464,10.2407792206983));
#1382=CARTESIAN_POINT('Ctrl Pts',(1.48722895056864,4.00000005960464,12.8234627145183));
#1383=CARTESIAN_POINT('Ctrl Pts',(0.314442951580709,4.00000005960465,15.1355146898238));
#1384=CARTESIAN_POINT('Ctrl Pts',(-1.30819799209592,4.00000005960464,16.5954762192322));
#1385=CARTESIAN_POINT('Ctrl Pts',(-2.82736096418809,4.00000005960464,17.3893490701861));
#1386=CARTESIAN_POINT('Ctrl Pts',(-3.63527213296283,4.00000005960464,17.596697633776));
#1387=CARTESIAN_POINT('Ctrl Pts',(-4.03492758751047,4.00000005960464,17.6278952163375));
#1388=CARTESIAN_POINT('Ctrl Pts',(-4.0035018669855,4.00000005960464,5.07814515442792));
#1389=CARTESIAN_POINT('Ctrl Pts',(-3.54889250526611,4.00000005960464,5.07577727166758));
#1390=CARTESIAN_POINT('Ctrl Pts',(-2.6433968702695,4.00000005960465,5.24153406004962));
#1391=CARTESIAN_POINT('Ctrl Pts',(-1.00179816647687,4.00000005960464,6.05442772194798));
#1392=CARTESIAN_POINT('Ctrl Pts',(0.677726639317639,4.00000005960465,7.63468004497343));
#1393=CARTESIAN_POINT('Ctrl Pts',(1.9185074313311,4.00000005960464,10.1246616988659));
#1394=CARTESIAN_POINT('Ctrl Pts',(1.94088660828911,4.00000005960464,12.9358271973761));
#1395=CARTESIAN_POINT('Ctrl Pts',(0.671571510641106,4.00000005960465,15.4226879649386));
#1396=CARTESIAN_POINT('Ctrl Pts',(-1.0415089595019,4.00000005960464,16.9617066537099));
#1397=CARTESIAN_POINT('Ctrl Pts',(-2.65798235803791,4.00000005960464,17.8090506025919));
#1398=CARTESIAN_POINT('Ctrl Pts',(-3.54691147058947,4.00000005960464,18.0399643580853));
#1399=CARTESIAN_POINT('Ctrl Pts',(-4.00000005960568,4.00000005960464,18.0753329950016));
#1400=CARTESIAN_POINT('',(-2.87796244517038,2.00000005960464,7.37163732902148));
#1401=CARTESIAN_POINT('Ctrl Pts',(-2.87763948213575,2.00000005960464,7.37204336969478));
#1402=CARTESIAN_POINT('Ctrl Pts',(-2.75074224434369,2.00000005960464,7.4340601936115));
#1403=CARTESIAN_POINT('Ctrl Pts',(-2.08101384762052,2.00000005960464,7.80604508467974));
#1404=CARTESIAN_POINT('Ctrl Pts',(-0.939990114483804,2.00000005960464,8.87059748668496));
#1405=CARTESIAN_POINT('Ctrl Pts',(-0.0891121959317853,2.00000005960464,
10.6423654360773));
#1406=CARTESIAN_POINT('Ctrl Pts',(-0.0813231047738306,2.00000005960464,
12.4343562027732));
#1407=CARTESIAN_POINT('Ctrl Pts',(-0.92038661223283,2.00000005960465,14.1429294115826));
#1408=CARTESIAN_POINT('Ctrl Pts',(-2.08724351782978,2.00000005960464,15.199767481285));
#1409=CARTESIAN_POINT('Ctrl Pts',(-2.79749112346766,2.00000005960464,15.6113229652377));
#1410=CARTESIAN_POINT('Ctrl Pts',(-2.92844381516057,2.00000005960464,15.6799957628452));
#1411=CARTESIAN_POINT('',(-4.00000005960567,4.00000005960464,18.0753329950017));
#1412=CARTESIAN_POINT('Ctrl Pts',(-4.00004531636716,3.90005753104229,17.4510428066943));
#1413=CARTESIAN_POINT('Ctrl Pts',(-4.00003424275549,3.9232645260573,17.5224284244602));
#1414=CARTESIAN_POINT('Ctrl Pts',(-4.00002618022993,3.9425782055528,17.5950873491354));
#1415=CARTESIAN_POINT('Ctrl Pts',(-4.00001909642958,3.9578579132449,17.6686687750848));
#1416=CARTESIAN_POINT('Ctrl Pts',(-4.00001205234293,3.97305195875262,17.7418376836088));
#1417=CARTESIAN_POINT('Ctrl Pts',(-4.00000615914792,3.98421474627245,17.8157149808728));
#1418=CARTESIAN_POINT('Ctrl Pts',(-4.00000318494502,3.9912250638413,17.8899530462605));
#1419=CARTESIAN_POINT('Ctrl Pts',(-4.00000071666215,3.99704290724623,17.9515630139786));
#1420=CARTESIAN_POINT('Ctrl Pts',(-4.00000005960551,4.00000005960464,18.0134220064083));
#1421=CARTESIAN_POINT('Ctrl Pts',(-4.00000005960568,4.00000005960464,18.0753329950016));
#1422=CARTESIAN_POINT('',(-4.00000006053191,4.00000005960464,5.07812859531541));
#1423=CARTESIAN_POINT('Ctrl Pts',(-4.00000005960568,4.00000005960464,18.0753329950016));
#1424=CARTESIAN_POINT('Ctrl Pts',(-3.89536541342297,4.00000005960464,18.0671650894321));
#1425=CARTESIAN_POINT('Ctrl Pts',(-3.7911082366245,4.00000005985616,18.0546608994176));
#1426=CARTESIAN_POINT('Ctrl Pts',(-3.68742910945263,4.00000005579125,18.038255770345));
#1427=CARTESIAN_POINT('Ctrl Pts',(-3.48235312730977,4.00000004775092,18.0058066357072));
#1428=CARTESIAN_POINT('Ctrl Pts',(-3.27979256711002,4.00000003363822,17.9582390382583));
#1429=CARTESIAN_POINT('Ctrl Pts',(-3.08076049916247,4.00000002823592,17.8986072910848));
#1430=CARTESIAN_POINT('Ctrl Pts',(-2.94484706285507,4.00000002454684,17.8578864376316));
#1431=CARTESIAN_POINT('Ctrl Pts',(-2.8105794412997,4.00000002400845,17.8115384834811));
#1432=CARTESIAN_POINT('Ctrl Pts',(-2.67828542084574,4.00000002574524,17.760523507482));
#1433=CARTESIAN_POINT('Ctrl Pts',(-2.4426411475359,4.00000002883884,17.669654797725));
#1434=CARTESIAN_POINT('Ctrl Pts',(-2.21325623093657,4.00000003832844,17.5639806564323));
#1435=CARTESIAN_POINT('Ctrl Pts',(-1.99009362643167,4.00000004495563,17.4461936862698));
#1436=CARTESIAN_POINT('Ctrl Pts',(-1.87576555546067,4.00000004835079,17.38585043515));
#1437=CARTESIAN_POINT('Ctrl Pts',(-1.76307124640345,4.00000005110317,17.3223273141113));
#1438=CARTESIAN_POINT('Ctrl Pts',(-1.65200944847039,4.00000005299313,17.2559829740049));
#1439=CARTESIAN_POINT('Ctrl Pts',(-1.58955395574727,4.00000005405595,17.2186742996646));
#1440=CARTESIAN_POINT('Ctrl Pts',(-1.52761876562318,4.000000054292,17.1804668443669));
#1441=CARTESIAN_POINT('Ctrl Pts',(-1.46620679839404,4.00000005400457,17.1414292678701));
#1442=CARTESIAN_POINT('Ctrl Pts',(-1.23790718068871,4.00000005293604,16.996306677071));
#1443=CARTESIAN_POINT('Ctrl Pts',(-1.01684232790382,4.00000004396595,16.8397109901648));
#1444=CARTESIAN_POINT('Ctrl Pts',(-0.804352199969729,4.00000001660075,16.6723264442087));
#1445=CARTESIAN_POINT('Ctrl Pts',(-0.583605791629208,3.99999998817229,16.4984381902425));
#1446=CARTESIAN_POINT('Ctrl Pts',(-0.372113886000805,3.99999993701218,16.312907100731));
#1447=CARTESIAN_POINT('Ctrl Pts',(-0.171320008859483,3.99999991292543,16.1165094504758));
#1448=CARTESIAN_POINT('Ctrl Pts',(0.0150531571599161,3.99999989056856,15.9342167810083));
#1449=CARTESIAN_POINT('Ctrl Pts',(0.192210040457988,3.99999990468139,15.7425633017297));
#1450=CARTESIAN_POINT('Ctrl Pts',(0.359045739241919,3.99999996013854,15.5421649984335));
#1451=CARTESIAN_POINT('Ctrl Pts',(0.371954729674249,3.99999996442956,15.5266590857376));
#1452=CARTESIAN_POINT('Ctrl Pts',(0.38480195278276,3.99999996888123,15.5111008112713));
#1453=CARTESIAN_POINT('Ctrl Pts',(0.397586909637028,3.99999997344183,15.4954904564084));
#1454=CARTESIAN_POINT('Ctrl Pts',(0.446042453654083,3.99999999072671,15.4363265307255));
#1455=CARTESIAN_POINT('Ctrl Pts',(0.493579447587311,4.00000000367927,15.3764130233949));
#1456=CARTESIAN_POINT('Ctrl Pts',(0.540174233783232,4.00000001355738,15.3157575832737));
#1457=CARTESIAN_POINT('Ctrl Pts',(0.666255464760148,4.00000004028665,15.1516295084337));
#1458=CARTESIAN_POINT('Ctrl Pts',(0.785440972408089,4.00000004627664,14.9820708867256));
#1459=CARTESIAN_POINT('Ctrl Pts',(0.896821633172644,4.0000000465345,14.8075825718674));
#1460=CARTESIAN_POINT('Ctrl Pts',(1.0050342994174,4.00000004678503,14.6380572193533));
#1461=CARTESIAN_POINT('Ctrl Pts',(1.10588033527258,4.00000004407486,14.463877885686));
#1462=CARTESIAN_POINT('Ctrl Pts',(1.19848116125117,4.00000001047855,14.285486113971));
#1463=CARTESIAN_POINT('Ctrl Pts',(1.28713934711031,3.99999997831266,14.1146896800805));
#1464=CARTESIAN_POINT('Ctrl Pts',(1.36823972995758,3.99999992008957,13.9400313038659));
#1465=CARTESIAN_POINT('Ctrl Pts',(1.44096414868187,3.99999973889874,13.7618912622417));
#1466=CARTESIAN_POINT('Ctrl Pts',(1.47325851443703,3.99999965843825,13.6827855126082));
#1467=CARTESIAN_POINT('Ctrl Pts',(1.50390053338707,3.99999955254946,13.6029931523743));
#1468=CARTESIAN_POINT('Ctrl Pts',(1.53281521103448,3.99999940600098,13.5225474211171));
#1469=CARTESIAN_POINT('Ctrl Pts',(1.5996368559624,3.99999906732835,13.3366378233831));
#1470=CARTESIAN_POINT('Ctrl Pts',(1.65753168877979,3.99999894019621,13.1476943368086));
#1471=CARTESIAN_POINT('Ctrl Pts',(1.70550607935442,3.9999990453835,12.9562004346241));
#1472=CARTESIAN_POINT('Ctrl Pts',(1.71174759573015,3.99999905906848,12.9312868857073));
#1473=CARTESIAN_POINT('Ctrl Pts',(1.71782118654284,3.99999907581104,12.9063302396782));
#1474=CARTESIAN_POINT('Ctrl Pts',(1.72372465782586,3.99999909506002,12.8813316270395));
#1475=CARTESIAN_POINT('Ctrl Pts',(1.76807876364935,3.99999923968186,12.6935114349423));
#1476=CARTESIAN_POINT('Ctrl Pts',(1.80282954255262,3.99999951716546,12.5033180989346));
#1477=CARTESIAN_POINT('Ctrl Pts',(1.82797658578665,3.9999997113415,12.3117888951487));
#1478=CARTESIAN_POINT('Ctrl Pts',(1.85306147671339,3.99999990503762,12.1207330663761));
#1479=CARTESIAN_POINT('Ctrl Pts',(1.86858921026517,4.00000001000559,11.9283480641125));
#1480=CARTESIAN_POINT('Ctrl Pts',(1.87457096100502,4.00000004140477,11.73571447681));
#1481=CARTESIAN_POINT('Ctrl Pts',(1.87878149510114,4.00000006350654,11.600120346819));
#1482=CARTESIAN_POINT('Ctrl Pts',(1.87826251028085,4.00000005960464,11.4644041844393));
#1483=CARTESIAN_POINT('Ctrl Pts',(1.87302462271562,4.00000005960464,11.3289568305328));
#1484=CARTESIAN_POINT('Ctrl Pts',(1.86441288671083,4.00000005960464,11.1062646020605));
#1485=CARTESIAN_POINT('Ctrl Pts',(1.84318790798306,4.00000006166106,10.8837993299413));
#1486=CARTESIAN_POINT('Ctrl Pts',(1.80956356263175,4.00000004153206,10.6632581572772));
#1487=CARTESIAN_POINT('Ctrl Pts',(1.78472506497606,4.00000002666265,10.5003431222642));
#1488=CARTESIAN_POINT('Ctrl Pts',(1.75312149494875,3.99999999833132,10.3384775657308));
#1489=CARTESIAN_POINT('Ctrl Pts',(1.71485281600178,3.99999996502279,10.1783335976982));
#1490=CARTESIAN_POINT('Ctrl Pts',(1.66142009227356,3.9999999185157,9.95473224442239));
#1491=CARTESIAN_POINT('Ctrl Pts',(1.5949927340724,3.99999986588667,9.73448925551987));
#1492=CARTESIAN_POINT('Ctrl Pts',(1.5168732190083,3.9999998744866,9.51838646173526));
#1493=CARTESIAN_POINT('Ctrl Pts',(1.4748764236228,3.9999998791099,9.40221030773123));
#1494=CARTESIAN_POINT('Ctrl Pts',(1.42950099331357,3.99999990218252,9.28722989751577));
#1495=CARTESIAN_POINT('Ctrl Pts',(1.38095184364441,3.9999999382084,9.17356114356592));
#1496=CARTESIAN_POINT('Ctrl Pts',(1.29743318560304,4.00000000018341,8.97801782600381));
#1497=CARTESIAN_POINT('Ctrl Pts',(1.20442505132712,4.00000002399025,8.78662777872716));
#1498=CARTESIAN_POINT('Ctrl Pts',(1.10287180003712,4.00000003660511,8.59984729151825));
#1499=CARTESIAN_POINT('Ctrl Pts',(0.996626831347765,4.00000004980277,8.40443762453845));
#1500=CARTESIAN_POINT('Ctrl Pts',(0.881028493184698,4.00000005137304,8.21407259959274));
#1501=CARTESIAN_POINT('Ctrl Pts',(0.757103813763389,4.00000004873196,8.02929347039749));
#1502=CARTESIAN_POINT('Ctrl Pts',(0.689924526627791,4.00000004730024,7.92912512431146));
#1503=CARTESIAN_POINT('Ctrl Pts',(0.62029749537839,4.00000004417563,7.83059868589344));
#1504=CARTESIAN_POINT('Ctrl Pts',(0.548380914601826,4.00000003681393,7.73380363834884));
#1505=CARTESIAN_POINT('Ctrl Pts',(0.414962590428858,4.00000002315665,7.55423123804567));
#1506=CARTESIAN_POINT('Ctrl Pts',(0.27366626057625,3.9999999974009,7.38061534694349));
#1507=CARTESIAN_POINT('Ctrl Pts',(0.124818915422493,3.99999991430211,7.21364452395528));
#1508=CARTESIAN_POINT('Ctrl Pts',(0.0891654058361339,3.9999998943974,7.17364988493835));
#1509=CARTESIAN_POINT('Ctrl Pts',(0.0530785074419869,3.99999987101622,7.13403668648592));
#1510=CARTESIAN_POINT('Ctrl Pts',(0.0165624446340995,3.99999984316934,7.09481475085783));
#1511=CARTESIAN_POINT('Ctrl Pts',(-0.160162476712764,3.9999997084002,6.90499435523047));
#1512=CARTESIAN_POINT('Ctrl Pts',(-0.346505890450849,3.99999966177938,6.72432021369273));
#1513=CARTESIAN_POINT('Ctrl Pts',(-0.541881695958817,3.99999970502846,6.55407814933262));
#1514=CARTESIAN_POINT('Ctrl Pts',(-0.733755349795143,3.99999974750229,6.3868877091423));
#1515=CARTESIAN_POINT('Ctrl Pts',(-0.9343409176527,3.99999984780686,6.22975960585516));
#1516=CARTESIAN_POINT('Ctrl Pts',(-1.14304228480247,3.99999991349905,6.08393734582117));
#1517=CARTESIAN_POINT('Ctrl Pts',(-1.23942313584526,3.99999994383651,6.01659483764789));
#1518=CARTESIAN_POINT('Ctrl Pts',(-1.33753422956895,3.99999996810913,5.95166381237907));
#1519=CARTESIAN_POINT('Ctrl Pts',(-1.43731321904997,3.99999998512721,5.88926796038163));
#1520=CARTESIAN_POINT('Ctrl Pts',(-1.63270318710837,4.0000000184525,5.76708268277794));
#1521=CARTESIAN_POINT('Ctrl Pts',(-1.83449211583643,4.00000002929176,5.65461898644614));
#1522=CARTESIAN_POINT('Ctrl Pts',(-2.04218682644936,4.00000001155603,5.55491029712371));
#1523=CARTESIAN_POINT('Ctrl Pts',(-2.07132149325229,4.00000000906812,5.54092352089724));
#1524=CARTESIAN_POINT('Ctrl Pts',(-2.10057228662857,4.00000000585749,5.52718772904035));
#1525=CARTESIAN_POINT('Ctrl Pts',(-2.12993775645947,4.00000000167145,5.51371128891398));
#1526=CARTESIAN_POINT('Ctrl Pts',(-2.30429236424968,3.99999997681727,5.43369624246073));
#1527=CARTESIAN_POINT('Ctrl Pts',(-2.48262180375195,3.99999998007895,5.36260421666129));
#1528=CARTESIAN_POINT('Ctrl Pts',(-2.66472525842119,3.99999999723636,5.30217245220836));
#1529=CARTESIAN_POINT('Ctrl Pts',(-2.85321574566879,4.00000001499555,5.23962112528459));
#1530=CARTESIAN_POINT('Ctrl Pts',(-3.04575101560899,4.00000003983589,5.18849057539379));
#1531=CARTESIAN_POINT('Ctrl Pts',(-3.24078068651468,4.0000000502809,5.15094548114852));
#1532=CARTESIAN_POINT('Ctrl Pts',(-3.43109785206688,4.00000006047352,5.114307589673));
#1533=CARTESIAN_POINT('Ctrl Pts',(-3.6237913976771,4.00000005960464,5.09060707743344));
#1534=CARTESIAN_POINT('Ctrl Pts',(-3.81738029655386,4.00000005960464,5.08188178181962));
#1535=CARTESIAN_POINT('Ctrl Pts',(-3.87821144823302,4.00000005960464,5.07914004516009));
#1536=CARTESIAN_POINT('Ctrl Pts',(-3.93909556244991,4.00000005960464,5.07786999294162));
#1537=CARTESIAN_POINT('Ctrl Pts',(-4.00000006051065,4.00000005960464,5.07812860031839));
#1538=CARTESIAN_POINT('',(-4.00000005960464,3.93738922607489,5.57464482777622));
#1539=CARTESIAN_POINT('Ctrl Pts',(-4.00000014782047,4.00000005960464,5.07812860068912));
#1540=CARTESIAN_POINT('Ctrl Pts',(-3.99999995386044,4.00000005960464,5.15132756882906));
#1541=CARTESIAN_POINT('Ctrl Pts',(-3.99999978909645,3.99584249686305,5.22436083549738));
#1542=CARTESIAN_POINT('Ctrl Pts',(-3.99999951179553,3.98771070621404,5.29690046652899));
#1543=CARTESIAN_POINT('Ctrl Pts',(-3.9999992278444,3.9793838993147,5.37117973984292));
#1544=CARTESIAN_POINT('Ctrl Pts',(-3.99999881306656,3.96688984155762,5.44494235816321));
#1545=CARTESIAN_POINT('Ctrl Pts',(-3.99999819896108,3.95037138534655,5.51783744348956));
#1546=CARTESIAN_POINT('Ctrl Pts',(-3.99999803770663,3.94603389822263,5.53697854783732));
#1547=CARTESIAN_POINT('Ctrl Pts',(-3.99999786376239,3.94141864943036,5.55605979833072));
#1548=CARTESIAN_POINT('Ctrl Pts',(-3.99999767870748,3.93652764460794,5.57507472691611));
#1549=CARTESIAN_POINT('Ctrl Pts',(-2.87796244517038,2.00000005960464,7.37163732902148));
#1550=CARTESIAN_POINT('Ctrl Pts',(-2.87948767655287,2.00209601370037,7.37089214183668));
#1551=CARTESIAN_POINT('Ctrl Pts',(-2.88101182842599,2.00419209024192,7.37014507669014));
#1552=CARTESIAN_POINT('Ctrl Pts',(-3.04702560211896,2.23267557737412,7.28851095936748));
#1553=CARTESIAN_POINT('Ctrl Pts',(-3.20153670671784,2.46446348009207,7.18447902075988));
#1554=CARTESIAN_POINT('Ctrl Pts',(-3.47101219449437,2.89245204803133,6.94098863051574));
#1555=CARTESIAN_POINT('Ctrl Pts',(-3.59428781074202,3.09970437907914,6.79851839651018));
#1556=CARTESIAN_POINT('Ctrl Pts',(-3.7933220306494,3.4499440854232,6.4778651762034));
#1557=CARTESIAN_POINT('Ctrl Pts',(-3.87515802793354,3.60088881707533,6.30154116191212));
#1558=CARTESIAN_POINT('Ctrl Pts',(-3.97420987786841,3.81612302478173,5.93599038997989));
#1559=CARTESIAN_POINT('Ctrl Pts',(-4.00000005960464,3.88967050127284,5.76084583877987));
#1560=CARTESIAN_POINT('Ctrl Pts',(-4.00000005960464,3.93738922607489,5.57464482777622));
#1561=CARTESIAN_POINT('Ctrl Pts',(-4.15564894365443,-2.00000005960464,16.081398837389));
#1562=CARTESIAN_POINT('Ctrl Pts',(-3.9412647514982,-2.00000005960464,16.0646637510575));
#1563=CARTESIAN_POINT('Ctrl Pts',(-3.41324142247383,-2.00000005960464,15.9385877855417));
#1564=CARTESIAN_POINT('Ctrl Pts',(-2.22985435438458,-2.00000005960465,15.3291796517192));
#1565=CARTESIAN_POINT('Ctrl Pts',(-0.921483448538679,-2.00000005960464,
14.1436270379825));
#1566=CARTESIAN_POINT('Ctrl Pts',(-0.0811897211989236,-2.00000005960464,
12.4342421221169));
#1567=CARTESIAN_POINT('Ctrl Pts',(-0.0892452838479963,-2.00000005960464,
10.6423904454029));
#1568=CARTESIAN_POINT('Ctrl Pts',(-0.93993173464375,-2.00000005960464,8.87056743185742));
#1569=CARTESIAN_POINT('Ctrl Pts',(-2.21551462519812,-2.00000005960464,7.68060068578715));
#1570=CARTESIAN_POINT('Ctrl Pts',(-3.31212729408483,-2.00000005960464,7.1535622384192));
#1571=CARTESIAN_POINT('Ctrl Pts',(-3.78770726133604,-2.00000005960464,7.07704829404194));
#1572=CARTESIAN_POINT('Ctrl Pts',(-3.99308478818096,-2.00000005960464,7.07811802536122));
#1573=CARTESIAN_POINT('Ctrl Pts',(-4.15564894365443,-2.59839866028841,16.081398837389));
#1574=CARTESIAN_POINT('Ctrl Pts',(-3.94204103920635,-2.59839866028841,16.0647243490041));
#1575=CARTESIAN_POINT('Ctrl Pts',(-3.41407477082527,-2.59839866028841,15.9386590349197));
#1576=CARTESIAN_POINT('Ctrl Pts',(-2.23049355606207,-2.59839866028841,15.328780078638));
#1577=CARTESIAN_POINT('Ctrl Pts',(-0.921921980798485,-2.59839866028842,
14.1436821042446));
#1578=CARTESIAN_POINT('Ctrl Pts',(-0.0820397314721036,-2.59839866028841,
12.4333713272988));
#1579=CARTESIAN_POINT('Ctrl Pts',(-0.089685598705342,-2.59839866028842,
10.6426948580083));
#1580=CARTESIAN_POINT('Ctrl Pts',(-0.940440495067171,-2.59839866028841,
8.87114826703031));
#1581=CARTESIAN_POINT('Ctrl Pts',(-2.216539692207,-2.59839866028841,7.68053245123806));
#1582=CARTESIAN_POINT('Ctrl Pts',(-3.31279439769306,-2.59839866028842,7.1538625751859));
#1583=CARTESIAN_POINT('Ctrl Pts',(-3.78851775721031,-2.59839866028842,7.07705251559838));
#1584=CARTESIAN_POINT('Ctrl Pts',(-3.99308478818096,-2.59839866028842,7.07811802536122));
#1585=CARTESIAN_POINT('Ctrl Pts',(-4.11662158927918,-3.63493190545813,16.5813572883964));
#1586=CARTESIAN_POINT('Ctrl Pts',(-3.84210177202526,-3.63493190545813,16.559927943279));
#1587=CARTESIAN_POINT('Ctrl Pts',(-3.22363712855116,-3.63493190545813,16.4075205499158));
#1588=CARTESIAN_POINT('Ctrl Pts',(-1.93170793386854,-3.63493190545813,15.7385022923317));
#1589=CARTESIAN_POINT('Ctrl Pts',(-0.521730360889702,-3.63493190545813,
14.4645054835149));
#1590=CARTESIAN_POINT('Ctrl Pts',(0.426149392550226,-3.63493190545813,12.5602881572736));
#1591=CARTESIAN_POINT('Ctrl Pts',(0.41433622635166,-3.63493190545813,10.5124669958325));
#1592=CARTESIAN_POINT('Ctrl Pts',(-0.534127106011505,-3.63493190545813,
8.56046471855668));
#1593=CARTESIAN_POINT('Ctrl Pts',(-1.91082649280187,-3.63493190545813,7.27287981487327));
#1594=CARTESIAN_POINT('Ctrl Pts',(-3.14417757897496,-3.63493190545813,6.67403427587874));
#1595=CARTESIAN_POINT('Ctrl Pts',(-3.72753365359856,-3.63493190545813,6.57524867229437));
#1596=CARTESIAN_POINT('Ctrl Pts',(-3.9956967630651,-3.63493190545813,6.57664542919021));
#1597=CARTESIAN_POINT('Ctrl Pts',(-4.03492758751044,-4.00000005960464,17.6278952163375));
#1598=CARTESIAN_POINT('Ctrl Pts',(-3.63526162861689,-4.00000005960464,17.5966968137942));
#1599=CARTESIAN_POINT('Ctrl Pts',(-2.82753458164985,-4.00000005960464,17.3891812183003));
#1600=CARTESIAN_POINT('Ctrl Pts',(-1.30821634564838,-4.00000005960464,16.5949396682886));
#1601=CARTESIAN_POINT('Ctrl Pts',(0.314638776381124,-4.00000005960464,15.1362362031271));
#1602=CARTESIAN_POINT('Ctrl Pts',(1.48733456042695,-4.00000005960465,12.8233120456866));
#1603=CARTESIAN_POINT('Ctrl Pts',(1.4680425058293,-4.00000005960464,10.2407920981819));
#1604=CARTESIAN_POINT('Ctrl Pts',(0.314843129342317,-4.00000005960465,7.91189053027945));
#1605=CARTESIAN_POINT('Ctrl Pts',(-1.27400568858418,-4.00000005960464,6.41935377599512));
#1606=CARTESIAN_POINT('Ctrl Pts',(-2.79324655523637,-4.00000005960465,5.67054595390779));
#1607=CARTESIAN_POINT('Ctrl Pts',(-3.60234029414249,-4.00000005960465,5.52486069882622));
#1608=CARTESIAN_POINT('Ctrl Pts',(-4.00116427897081,-4.00000005960465,5.52693801718722));
#1609=CARTESIAN_POINT('Ctrl Pts',(-4.00000005960564,-4.00000005960464,18.0753329950016));
#1610=CARTESIAN_POINT('Ctrl Pts',(-3.5468995618335,-4.00000005960464,18.0399634284736));
#1611=CARTESIAN_POINT('Ctrl Pts',(-2.65826028075789,-4.00000005960464,17.8088877901649));
#1612=CARTESIAN_POINT('Ctrl Pts',(-1.04170628106401,-4.00000005960464,16.9610653668221));
#1613=CARTESIAN_POINT('Ctrl Pts',(0.672180940889276,-4.00000005960464,15.423433571602));
#1614=CARTESIAN_POINT('Ctrl Pts',(1.94095737630366,-4.00000005960465,12.9356863722561));
#1615=CARTESIAN_POINT('Ctrl Pts',(1.91850502799895,-4.00000005960464,10.1246676329973));
#1616=CARTESIAN_POINT('Ctrl Pts',(0.677766395789993,-4.00000005960465,7.63465132311927));
#1617=CARTESIAN_POINT('Ctrl Pts',(-1.00183190999749,-4.00000005960464,6.05443027432261));
#1618=CARTESIAN_POINT('Ctrl Pts',(-2.64326981857262,-4.00000005960465,5.24154094046626));
#1619=CARTESIAN_POINT('Ctrl Pts',(-3.54888867688192,-4.00000005960465,5.07577725188725));
#1620=CARTESIAN_POINT('Ctrl Pts',(-4.00350186569973,-4.00000005960465,5.07814515442122));
#1621=CARTESIAN_POINT('',(-4.00000006054915,-4.00000005960464,5.07812859531556));
#1622=CARTESIAN_POINT('',(-4.00000005960564,-4.00000005960464,18.0753329950017));
#1623=CARTESIAN_POINT('Ctrl Pts',(-4.0000000605277,-4.00000005960465,5.07812860036346));
#1624=CARTESIAN_POINT('Ctrl Pts',(-3.89774779200054,-4.00000005960465,5.07769442827658));
#1625=CARTESIAN_POINT('Ctrl Pts',(-3.79553002835476,-4.00000005960465,5.08157083313659));
#1626=CARTESIAN_POINT('Ctrl Pts',(-3.69360608689967,-4.00000005960465,5.08948054832377));
#1627=CARTESIAN_POINT('Ctrl Pts',(-3.49511788531702,-4.00000005960465,5.10488404548174));
#1628=CARTESIAN_POINT('Ctrl Pts',(-3.29793060645887,-4.0000000603005,5.1356420585505));
#1629=CARTESIAN_POINT('Ctrl Pts',(-3.10364584626218,-4.00000005176616,5.17954984803745));
#1630=CARTESIAN_POINT('Ctrl Pts',(-2.95538177531639,-4.00000004525337,5.21305709589865));
#1631=CARTESIAN_POINT('Ctrl Pts',(-2.80880671913774,-4.00000003281679,5.25422291002129));
#1632=CARTESIAN_POINT('Ctrl Pts',(-2.66461725798397,-4.00000002033099,5.30208087850259));
#1633=CARTESIAN_POINT('Ctrl Pts',(-2.45093970816015,-4.00000000182801,5.37300265990604));
#1634=CARTESIAN_POINT('Ctrl Pts',(-2.24250117620761,-3.99999998865898,5.45861903834865));
#1635=CARTESIAN_POINT('Ctrl Pts',(-2.03962008294426,-4.00000000838413,5.55613438371064));
#1636=CARTESIAN_POINT('Ctrl Pts',(-2.02578565862793,-4.00000000972918,5.56278393711846));
#1637=CARTESIAN_POINT('Ctrl Pts',(-2.01197706873949,-4.00000001119257,5.56948883745456));
#1638=CARTESIAN_POINT('Ctrl Pts',(-1.99819441156896,-4.00000001276154,5.57624820620091));
#1639=CARTESIAN_POINT('Ctrl Pts',(-1.80598441432203,-4.00000003464194,5.67051292105613));
#1640=CARTESIAN_POINT('Ctrl Pts',(-1.61885739222093,-4.00000002957782,5.77563499461224));
#1641=CARTESIAN_POINT('Ctrl Pts',(-1.43723458321452,-4.00000001072384,5.88918354918792));
#1642=CARTESIAN_POINT('Ctrl Pts',(-1.22686044246918,-3.99999998888521,6.02070711570697));
#1643=CARTESIAN_POINT('Ctrl Pts',(-1.02387146755145,-3.99999993604967,6.16353495388721));
#1644=CARTESIAN_POINT('Ctrl Pts',(-0.828888447630965,-3.99999986693206,
6.3164995796654));
#1645=CARTESIAN_POINT('Ctrl Pts',(-0.628139106317299,-3.9999997957704,6.47398789778555));
#1646=CARTESIAN_POINT('Ctrl Pts',(-0.435875868914906,-3.99999971221362,
6.64222063375531));
#1647=CARTESIAN_POINT('Ctrl Pts',(-0.252721627498733,-3.99999971020863,
6.81992590939368));
#1648=CARTESIAN_POINT('Ctrl Pts',(-0.109763207639138,-3.99999970864367,
6.95863121705974));
#1649=CARTESIAN_POINT('Ctrl Pts',(0.0276467362503666,-3.99999976597326,
7.10310737154643));
#1650=CARTESIAN_POINT('Ctrl Pts',(0.159232992598683,-3.99999986186213,7.25275617256823));
#1651=CARTESIAN_POINT('Ctrl Pts',(0.29546790168686,-3.99999996113853,7.40769173626718));
#1652=CARTESIAN_POINT('Ctrl Pts',(0.425254855768011,-4.00000000058062,7.56823228898405));
#1653=CARTESIAN_POINT('Ctrl Pts',(0.548333001460763,-4.00000002240561,7.73383611026751));
#1654=CARTESIAN_POINT('Ctrl Pts',(0.682703896317792,-4.0000000462331,7.91463452522862));
#1655=CARTESIAN_POINT('Ctrl Pts',(0.809079400555886,-4.00000004929546,8.10146816814335));
#1656=CARTESIAN_POINT('Ctrl Pts',(0.926417351238449,-4.00000004901473,8.29375515524328));
#1657=CARTESIAN_POINT('Ctrl Pts',(1.03827287082405,-4.00000004874712,8.47705783546309));
#1658=CARTESIAN_POINT('Ctrl Pts',(1.14191607254137,-4.00000004493214,8.66531684819415));
#1659=CARTESIAN_POINT('Ctrl Pts',(1.23640276981716,-4.00000002351167,8.85804835676822));
#1660=CARTESIAN_POINT('Ctrl Pts',(1.31367133367119,-4.00000000599461,9.01565876443728));
#1661=CARTESIAN_POINT('Ctrl Pts',(1.38481590737764,-3.99999997612245,9.17626063529923));
#1662=CARTESIAN_POINT('Ctrl Pts',(1.44929485568968,-3.99999991383769,9.33959575396056));
#1663=CARTESIAN_POINT('Ctrl Pts',(1.54024838943478,-3.99999982597925,9.56999507987747));
#1664=CARTESIAN_POINT('Ctrl Pts',(1.61805465799578,-3.99999982078086,9.80531410889328));
#1665=CARTESIAN_POINT('Ctrl Pts',(1.68111944699064,-3.99999987060359,10.0446760500303));
#1666=CARTESIAN_POINT('Ctrl Pts',(1.6928230880502,-3.99999987984975,10.0890971332851));
#1667=CARTESIAN_POINT('Ctrl Pts',(1.70401901548967,-3.99999989032628,10.1336573122815));
#1668=CARTESIAN_POINT('Ctrl Pts',(1.71469703641184,-3.99999990132209,10.1783507796842));
#1669=CARTESIAN_POINT('Ctrl Pts',(1.7703326107277,-3.99999995861347,10.4112166585994));
#1670=CARTESIAN_POINT('Ctrl Pts',(1.81190787555391,-4.00000002012436,10.6477048864142));
#1671=CARTESIAN_POINT('Ctrl Pts',(1.8391162726808,-4.00000004255077,10.88583085199));
#1672=CARTESIAN_POINT('Ctrl Pts',(1.86257791132926,-4.00000006188893,11.0911654525951));
#1673=CARTESIAN_POINT('Ctrl Pts',(1.87535663729415,-4.00000005960464,11.2977169289542));
#1674=CARTESIAN_POINT('Ctrl Pts',(1.87726628544643,-4.00000005960464,11.5041832266183));
#1675=CARTESIAN_POINT('Ctrl Pts',(1.87899376353993,-4.00000005960464,11.6909537611985));
#1676=CARTESIAN_POINT('Ctrl Pts',(1.87172330245525,-4.00000006835568,11.8779877977738));
#1677=CARTESIAN_POINT('Ctrl Pts',(1.85542456449754,-4.000000003707,12.064238354234));
#1678=CARTESIAN_POINT('Ctrl Pts',(1.83916489089746,-3.99999993921327,12.2500425105885));
#1679=CARTESIAN_POINT('Ctrl Pts',(1.81392082352349,-3.99999978328952,12.4350664319527));
#1680=CARTESIAN_POINT('Ctrl Pts',(1.7796914579672,-3.99999957814295,12.6183137926492));
#1681=CARTESIAN_POINT('Ctrl Pts',(1.76322674089593,-3.99999947946509,12.7064578729992));
#1682=CARTESIAN_POINT('Ctrl Pts',(1.74468344943642,-3.99999937310407,12.7941915964749));
#1683=CARTESIAN_POINT('Ctrl Pts',(1.72406319268352,-3.9999992805562,12.8814080168296));
#1684=CARTESIAN_POINT('Ctrl Pts',(1.67993899078941,-3.99999908251789,13.0680378433312));
#1685=CARTESIAN_POINT('Ctrl Pts',(1.62630396992486,-3.99999896580643,13.2522955185862));
#1686=CARTESIAN_POINT('Ctrl Pts',(1.56409122064884,-3.99999910806473,13.4336842043771));
#1687=CARTESIAN_POINT('Ctrl Pts',(1.53645607813204,-3.99999917125641,13.5142577562792));
#1688=CARTESIAN_POINT('Ctrl Pts',(1.50712852025125,-3.99999928287402,13.5942659090304));
#1689=CARTESIAN_POINT('Ctrl Pts',(1.47619055477017,-3.99999942363588,13.673668366909));
#1690=CARTESIAN_POINT('Ctrl Pts',(1.4061913173721,-3.99999974211909,13.8533217931317));
#1691=CARTESIAN_POINT('Ctrl Pts',(1.32764968241149,-3.99999987004779,14.0295265512929));
#1692=CARTESIAN_POINT('Ctrl Pts',(1.24139108258505,-3.99999994259206,14.2019013529876));
#1693=CARTESIAN_POINT('Ctrl Pts',(1.15260334244557,-4.00000001726335,14.3793302601373));
#1694=CARTESIAN_POINT('Ctrl Pts',(1.05563906379671,-4.00000003125157,14.5527019212281));
#1695=CARTESIAN_POINT('Ctrl Pts',(0.951343072389242,-4.00000003815714,14.7215920183915));
#1696=CARTESIAN_POINT('Ctrl Pts',(0.84315086565007,-4.00000004532068,14.8967913914634));
#1697=CARTESIAN_POINT('Ctrl Pts',(0.727068413854678,-4.00000004279648,15.0671688945486));
#1698=CARTESIAN_POINT('Ctrl Pts',(0.603987140346464,-4.00000002262955,15.2322310884621));
#1699=CARTESIAN_POINT('Ctrl Pts',(0.583033199936721,-4.00000001919623,15.2603320600932));
#1700=CARTESIAN_POINT('Ctrl Pts',(0.561876305122836,-4.00000001514055,15.2882789151181));
#1701=CARTESIAN_POINT('Ctrl Pts',(0.540520730761965,-4.0000000103028,15.3160691379005));
#1702=CARTESIAN_POINT('Ctrl Pts',(0.456559441673696,-3.99999999128275,15.4253288042263));
#1703=CARTESIAN_POINT('Ctrl Pts',(0.369527673490189,-3.99999996047615,15.5321678381604));
#1704=CARTESIAN_POINT('Ctrl Pts',(0.279561206997711,-3.99999990521925,15.6365434768446));
#1705=CARTESIAN_POINT('Ctrl Pts',(0.10496334399747,-3.99999979798221,15.8391052109442));
#1706=CARTESIAN_POINT('Ctrl Pts',(-0.0802078430901777,-3.99999975511583,
16.032309448557));
#1707=CARTESIAN_POINT('Ctrl Pts',(-0.274791348902153,-3.99999978918064,
16.215562371408));
#1708=CARTESIAN_POINT('Ctrl Pts',(-0.475153720610088,-3.99999982425712,
16.4042576572268));
#1709=CARTESIAN_POINT('Ctrl Pts',(-0.685496044257277,-3.99999991334548,
16.5824006892954));
#1710=CARTESIAN_POINT('Ctrl Pts',(-0.904505053181475,-3.99999996817166,
16.7493132692389));
#1711=CARTESIAN_POINT('Ctrl Pts',(-1.08611044519944,-4.00000001363431,16.8877195597485));
#1712=CARTESIAN_POINT('Ctrl Pts',(-1.27367433394906,-4.00000003725252,17.0184031700048));
#1713=CARTESIAN_POINT('Ctrl Pts',(-1.46642219781155,-4.00000004576244,17.1409689400032));
#1714=CARTESIAN_POINT('Ctrl Pts',(-1.58925819726537,-4.00000005118571,17.2190786972523));
#1715=CARTESIAN_POINT('Ctrl Pts',(-1.71419916426121,-4.00000005235977,17.2938913270112));
#1716=CARTESIAN_POINT('Ctrl Pts',(-1.84123008927406,-4.00000004898949,17.3648503260449));
#1717=CARTESIAN_POINT('Ctrl Pts',(-2.05044967859635,-4.00000004343864,17.4817196051993));
#1718=CARTESIAN_POINT('Ctrl Pts',(-2.26521577951303,-4.00000003601807,17.5882267880078));
#1719=CARTESIAN_POINT('Ctrl Pts',(-2.48557135376121,-4.00000003230642,17.6820647538482));
#1720=CARTESIAN_POINT('Ctrl Pts',(-2.54940181540785,-4.00000003123126,17.7092468240092));
#1721=CARTESIAN_POINT('Ctrl Pts',(-2.61370148554365,-4.00000003048193,17.735365586712));
#1722=CARTESIAN_POINT('Ctrl Pts',(-2.67847192666998,-4.00000003018435,17.760364267689));
#1723=CARTESIAN_POINT('Ctrl Pts',(-2.86574596484962,-4.00000002932394,17.8326442128973));
#1724=CARTESIAN_POINT('Ctrl Pts',(-3.05695451683347,-4.0000000328311,17.8955633937227));
#1725=CARTESIAN_POINT('Ctrl Pts',(-3.25120438814794,-4.00000003991614,17.9463838542625));
#1726=CARTESIAN_POINT('Ctrl Pts',(-3.39506350927655,-4.00000004516323,17.9840208768208));
#1727=CARTESIAN_POINT('Ctrl Pts',(-3.5405910422786,-4.00000005237837,18.0150216101964));
#1728=CARTESIAN_POINT('Ctrl Pts',(-3.68742910945256,-4.0000000566604,18.0382557703449));
#1729=CARTESIAN_POINT('Ctrl Pts',(-3.79110480920232,-4.00000005968376,18.0546603570973));
#1730=CARTESIAN_POINT('Ctrl Pts',(-3.89536561281179,-4.00000005960464,18.0671651049966));
#1731=CARTESIAN_POINT('Ctrl Pts',(-4.0000000596056,-4.00000005960464,18.0753329950016));
#1732=CARTESIAN_POINT('Ctrl Pts',(-4.00000005960465,-4.00000005960464,18.0753329950015));
#1733=CARTESIAN_POINT('Ctrl Pts',(-4.00000005960465,-4.00000005960464,17.8632479707813));
#1734=CARTESIAN_POINT('Ctrl Pts',(-4.00000005960465,-3.96647081529405,17.6527932820028));
#1735=CARTESIAN_POINT('Ctrl Pts',(-4.00000005960465,-3.90102385040911,17.4516967758624));
#1736=CARTESIAN_POINT('',(-2.87796244517038,-2.00000005960465,7.37163732902148));
#1737=CARTESIAN_POINT('Ctrl Pts',(-2.92818805604809,-2.00000005960464,15.6798271450017));
#1738=CARTESIAN_POINT('Ctrl Pts',(-2.7971776262894,-2.00000005960464,15.6111271377151));
#1739=CARTESIAN_POINT('Ctrl Pts',(-2.08673262049636,-2.00000005960465,15.1994929207352));
#1740=CARTESIAN_POINT('Ctrl Pts',(-0.921483448538679,-2.00000005960464,
14.1436270379825));
#1741=CARTESIAN_POINT('Ctrl Pts',(-0.0811897211989236,-2.00000005960464,
12.4342421221169));
#1742=CARTESIAN_POINT('Ctrl Pts',(-0.0892452838479963,-2.00000005960464,
10.6423904454029));
#1743=CARTESIAN_POINT('Ctrl Pts',(-0.93993173464375,-2.00000005960464,8.87056743185742));
#1744=CARTESIAN_POINT('Ctrl Pts',(-2.08103456770807,-2.00000005960464,7.80605454504457));
#1745=CARTESIAN_POINT('Ctrl Pts',(-2.75070764858327,-2.00000005960464,7.43407085853089));
#1746=CARTESIAN_POINT('Ctrl Pts',(-2.87758975913746,-2.00000005960464,7.37205633783629));
#1747=CARTESIAN_POINT('',(-4.00000005960464,-3.93738922607489,5.57464482777622));
#1748=CARTESIAN_POINT('Ctrl Pts',(-2.87796244517038,-2.00000005960464,7.37163732902149));
#1749=CARTESIAN_POINT('Ctrl Pts',(-2.87948767423888,-2.00209601052052,7.37089214296724));
#1750=CARTESIAN_POINT('Ctrl Pts',(-2.88101182379109,-2.00419208386756,7.37014507896195));
#1751=CARTESIAN_POINT('Ctrl Pts',(-3.04702559400943,-2.23267556569433,7.28851096414531));
#1752=CARTESIAN_POINT('Ctrl Pts',(-3.2015366973226,-2.46446346581659,7.18447902750907));
#1753=CARTESIAN_POINT('Ctrl Pts',(-3.47101235168683,-2.89245229708503,6.94098849010676));
#1754=CARTESIAN_POINT('Ctrl Pts',(-3.59428812372848,-3.09970490353989,6.79851803774348));
#1755=CARTESIAN_POINT('Ctrl Pts',(-3.79332225759221,-3.44994450833981,6.47786468024144));
#1756=CARTESIAN_POINT('Ctrl Pts',(-3.87515809553592,-3.60088896800032,6.30154089436252));
#1757=CARTESIAN_POINT('Ctrl Pts',(-3.97420987325451,-3.81612301155939,5.93599042133949));
#1758=CARTESIAN_POINT('Ctrl Pts',(-4.00000005960464,-3.88967049695737,5.76084585561908));
#1759=CARTESIAN_POINT('Ctrl Pts',(-4.00000005960464,-3.93738922607489,5.57464482777622));
#1760=CARTESIAN_POINT('Ctrl Pts',(-3.99999767978068,-3.93652764460794,5.5750747269237));
#1761=CARTESIAN_POINT('Ctrl Pts',(-3.99999792300093,-3.94477700486703,5.54300340343297));
#1762=CARTESIAN_POINT('Ctrl Pts',(-3.99999816079686,-3.95224750041453,5.51072210478855));
#1763=CARTESIAN_POINT('Ctrl Pts',(-3.99999837480019,-3.95892594952984,5.47826112771472));
#1764=CARTESIAN_POINT('Ctrl Pts',(-3.99999885665538,-3.97396331036625,5.40517119067497));
#1765=CARTESIAN_POINT('Ctrl Pts',(-3.99999924713598,-3.9849462554303,5.33137618753046));
#1766=CARTESIAN_POINT('Ctrl Pts',(-3.99999955461751,-3.9917560829683,5.2572278676328));
#1767=CARTESIAN_POINT('Ctrl Pts',(-3.9999998014853,-3.99722349159449,5.19769638000495));
#1768=CARTESIAN_POINT('Ctrl Pts',(-4.00000000125414,-4.00000005960465,5.13793660773205));
#1769=CARTESIAN_POINT('Ctrl Pts',(-4.00000016220347,-4.00000005960465,5.07812860079518));
#1770=CARTESIAN_POINT('Ctrl Pts',(-2.87796244517038,-3.93738922607489,7.37163732902148));
#1771=CARTESIAN_POINT('Ctrl Pts',(-2.87796244517038,-1.3124630753583,7.37163732902148));
#1772=CARTESIAN_POINT('Ctrl Pts',(-2.87796244517038,1.3124630753583,7.37163732902148));
#1773=CARTESIAN_POINT('Ctrl Pts',(-2.87796244517038,3.93738922607489,7.37163732902148));
#1774=CARTESIAN_POINT('Ctrl Pts',(-3.21230244519743,-3.93738922607489,7.2082877636725));
#1775=CARTESIAN_POINT('Ctrl Pts',(-3.21230244519743,-1.31246307535829,7.2082877636725));
#1776=CARTESIAN_POINT('Ctrl Pts',(-3.21230244519743,1.31246307535829,7.2082877636725));
#1777=CARTESIAN_POINT('Ctrl Pts',(-3.21230244519743,3.93738922607489,7.2082877636725));
#1778=CARTESIAN_POINT('Ctrl Pts',(-3.78687045914643,-3.93738922607489,6.69036222727327));
#1779=CARTESIAN_POINT('Ctrl Pts',(-3.78687045914643,-1.3124630753583,6.69036222727327));
#1780=CARTESIAN_POINT('Ctrl Pts',(-3.78687045914643,1.3124630753583,6.69036222727326));
#1781=CARTESIAN_POINT('Ctrl Pts',(-3.78687045914643,3.93738922607489,6.69036222727326));
#1782=CARTESIAN_POINT('Ctrl Pts',(-4.00000005960464,-3.93738922607489,5.94675545127116));
#1783=CARTESIAN_POINT('Ctrl Pts',(-4.00000005960464,-1.31246307535829,5.94675545127116));
#1784=CARTESIAN_POINT('Ctrl Pts',(-4.00000005960464,1.3124630753583,5.94675545127116));
#1785=CARTESIAN_POINT('Ctrl Pts',(-4.00000005960464,3.93738922607489,5.94675545127116));
#1786=CARTESIAN_POINT('Ctrl Pts',(-4.00000005960464,-3.93738922607489,5.57464482777622));
#1787=CARTESIAN_POINT('Ctrl Pts',(-4.00000005960464,-1.3124630753583,5.57464482777622));
#1788=CARTESIAN_POINT('Ctrl Pts',(-4.00000005960464,1.3124630753583,5.57464482777622));
#1789=CARTESIAN_POINT('Ctrl Pts',(-4.00000005960464,3.93738922607489,5.57464482777622));
#1790=CARTESIAN_POINT('Ctrl Pts',(-4.00000005960464,3.93738922607489,5.57464482777622));
#1791=CARTESIAN_POINT('Ctrl Pts',(-4.00000005960464,1.3124630753583,5.57464482777622));
#1792=CARTESIAN_POINT('Ctrl Pts',(-4.00000005960464,-1.3124630753583,5.57464482777622));
#1793=CARTESIAN_POINT('Ctrl Pts',(-4.00000005960464,-3.93738922607489,5.57464482777622));
#1794=CARTESIAN_POINT('Ctrl Pts',(-2.87796244517038,-2.00000005960465,7.37163732902148));
#1795=CARTESIAN_POINT('Ctrl Pts',(-2.87796244517038,-0.666666686534882,
7.37163732902148));
#1796=CARTESIAN_POINT('Ctrl Pts',(-2.87796244517038,0.666666686534882,7.37163732902148));
#1797=CARTESIAN_POINT('Ctrl Pts',(-2.87796244517038,2.00000005960465,7.37163732902148));
#1798=CARTESIAN_POINT('Origin',(-4.00000005960464,-4.00000005960464,25.));
#1799=CARTESIAN_POINT('',(-4.00000005960464,-4.00000005960464,18.2953001300193));
#1800=CARTESIAN_POINT('',(-4.00000005960464,-4.00000005960464,25.));
#1801=CARTESIAN_POINT('',(-4.00000005960464,-4.89858726958405E-16,17.630683142422));
#1802=CARTESIAN_POINT('Origin',(-4.00000005960464,0.,30.));
#1803=CARTESIAN_POINT('',(-4.00000005960464,4.00000005960464,18.2953001300193));
#1804=CARTESIAN_POINT('Origin',(-4.00000005960464,0.,30.));
#1805=CARTESIAN_POINT('',(-4.00000005960464,4.00000005960464,25.));
#1806=CARTESIAN_POINT('Origin',(4.00000005960464,-4.00000005960464,25.));
#1807=CARTESIAN_POINT('',(-4.00000005960464,-4.00000005960464,25.));
#1808=CARTESIAN_POINT('',(2.50000005960464,-4.00000005960464,5.));
#1809=CARTESIAN_POINT('',(4.00000005960464,-4.00000005960464,5.));
#1810=CARTESIAN_POINT('',(2.50000005960464,-4.00000005960464,16.8185737097108));
#1811=CARTESIAN_POINT('',(2.50000005960464,-4.00000005960464,25.));
#1812=CARTESIAN_POINT('',(2.70515179253881,-4.00000005960464,17.9301137823774));
#1813=CARTESIAN_POINT('Ctrl Pts',(2.70520623785178,-4.00000005960464,17.9303138984734));
#1814=CARTESIAN_POINT('Ctrl Pts',(2.57023741113227,-4.00000005960464,17.5763505745245));
#1815=CARTESIAN_POINT('Ctrl Pts',(2.50000005960464,-4.00000005960464,17.1974249438602));
#1816=CARTESIAN_POINT('Ctrl Pts',(2.50000005960464,-4.00000005960464,16.8185737097108));
#1817=CARTESIAN_POINT('Origin',(0.,-4.00000005960464,30.));
#1818=CARTESIAN_POINT('Ctrl Pts',(-4.36734084568682,-6.,16.0841072071588));
#1819=CARTESIAN_POINT('Ctrl Pts',(-4.36734084568682,6.,16.0841072071588));
#1820=CARTESIAN_POINT('Ctrl Pts',(-4.21907377328343,-6.,16.0928723816112));
#1821=CARTESIAN_POINT('Ctrl Pts',(-4.21907377328343,6.,16.0928723816112));
#1822=CARTESIAN_POINT('Ctrl Pts',(-3.89443713394878,-6.,16.0707733734652));
#1823=CARTESIAN_POINT('Ctrl Pts',(-3.89443713394878,6.,16.0707733734652));
#1824=CARTESIAN_POINT('Ctrl Pts',(-3.32774393943719,-6.,15.9190828521611));
#1825=CARTESIAN_POINT('Ctrl Pts',(-3.32774393943719,6.,15.9190828521611));
#1826=CARTESIAN_POINT('Ctrl Pts',(-2.45722482085965,-6.,15.4866196728277));
#1827=CARTESIAN_POINT('Ctrl Pts',(-2.45722482085965,6.,15.4866196728277));
#1828=CARTESIAN_POINT('Ctrl Pts',(-1.36738253977762,-6.,14.6048175595943));
#1829=CARTESIAN_POINT('Ctrl Pts',(-1.36738253977762,6.,14.6048175595943));
#1830=CARTESIAN_POINT('Ctrl Pts',(-0.493547935434992,-6.,13.4477722424215));
#1831=CARTESIAN_POINT('Ctrl Pts',(-0.493547935434992,6.,13.4477722424215));
#1832=CARTESIAN_POINT('Ctrl Pts',(-0.0279012172062213,-6.,12.1043187071318));
#1833=CARTESIAN_POINT('Ctrl Pts',(-0.0279012172062213,6.,12.1043187071318));
#1834=CARTESIAN_POINT('Ctrl Pts',(-0.0906270741497251,-6.,10.6846698674066));
#1835=CARTESIAN_POINT('Ctrl Pts',(-0.0906270741497251,6.,10.6846698674066));
#1836=CARTESIAN_POINT('Ctrl Pts',(-0.663744124100835,-6.,9.32262051150929));
#1837=CARTESIAN_POINT('Ctrl Pts',(-0.663744124100835,6.,9.32262051150929));
#1838=CARTESIAN_POINT('Ctrl Pts',(-1.60987452681089,-6.,8.1627990147775));
#1839=CARTESIAN_POINT('Ctrl Pts',(-1.60987452681089,6.,8.1627990147775));
#1840=CARTESIAN_POINT('Ctrl Pts',(-2.7310780565682,-6.,7.34097005945365));
#1841=CARTESIAN_POINT('Ctrl Pts',(-2.7310780565682,6.,7.34097005945365));
#1842=CARTESIAN_POINT('Ctrl Pts',(-3.81521908867623,-6.,6.96542901208902));
#1843=CARTESIAN_POINT('Ctrl Pts',(-3.81521908867623,6.,6.96542901208902));
#1844=CARTESIAN_POINT('Ctrl Pts',(-4.68293910245874,-6.,7.09912970350441));
#1845=CARTESIAN_POINT('Ctrl Pts',(-4.68293910245874,6.,7.09912970350441));
#1846=CARTESIAN_POINT('Ctrl Pts',(-5.24388453954836,-6.,7.73579601949738));
#1847=CARTESIAN_POINT('Ctrl Pts',(-5.24388453954836,6.,7.73579601949738));
#1848=CARTESIAN_POINT('Ctrl Pts',(-5.52006458125646,-6.,8.79196180631273));
#1849=CARTESIAN_POINT('Ctrl Pts',(-5.52006458125646,6.,8.79196180631273));
#1850=CARTESIAN_POINT('Ctrl Pts',(-5.59233436464194,-6.,10.1363877826785));
#1851=CARTESIAN_POINT('Ctrl Pts',(-5.59233436464194,6.,10.1363877826785));
#1852=CARTESIAN_POINT('Ctrl Pts',(-5.56324234376066,-6.,11.6108623050764));
#1853=CARTESIAN_POINT('Ctrl Pts',(-5.56324234376066,6.,11.6108623050764));
#1854=CARTESIAN_POINT('Ctrl Pts',(-5.51539479194127,-6.,13.0531877344779));
#1855=CARTESIAN_POINT('Ctrl Pts',(-5.51539479194127,6.,13.0531877344779));
#1856=CARTESIAN_POINT('Ctrl Pts',(-5.4688189934425,-6.,14.3196384508129));
#1857=CARTESIAN_POINT('Ctrl Pts',(-5.4688189934425,6.,14.3196384508129));
#1858=CARTESIAN_POINT('Ctrl Pts',(-5.34641213435736,-6.,15.3055484826328));
#1859=CARTESIAN_POINT('Ctrl Pts',(-5.34641213435736,6.,15.3055484826328));
#1860=CARTESIAN_POINT('Ctrl Pts',(-5.09781031212949,-6.,15.8132086345942));
#1861=CARTESIAN_POINT('Ctrl Pts',(-5.09781031212949,6.,15.8132086345942));
#1862=CARTESIAN_POINT('Ctrl Pts',(-4.78403956836913,-6.,16.0181823267504));
#1863=CARTESIAN_POINT('Ctrl Pts',(-4.78403956836913,6.,16.0181823267504));
#1864=CARTESIAN_POINT('Ctrl Pts',(-4.51560791809021,-6.,16.0753420327063));
#1865=CARTESIAN_POINT('Ctrl Pts',(-4.51560791809021,6.,16.0753420327063));
#1866=CARTESIAN_POINT('Ctrl Pts',(-4.36734084568682,-6.,16.0841072071588));
#1867=CARTESIAN_POINT('Ctrl Pts',(-4.36734084568682,6.,16.0841072071588));
#1868=CARTESIAN_POINT('Ctrl Pts',(3.7929515129821,-3.26044502093264,6.06434012163416));
#1869=CARTESIAN_POINT('Ctrl Pts',(3.92771709962613,-3.03130896246974,5.67940971374794));
#1870=CARTESIAN_POINT('Ctrl Pts',(4.00000005960464,-2.76582913369441,5.47294818331848));
#1871=CARTESIAN_POINT('Ctrl Pts',(4.00000005960464,-2.50000005960464,5.47294818331848));
#1872=CARTESIAN_POINT('Ctrl Pts',(3.67598423258884,-3.45931939432315,5.74567236792183));
#1873=CARTESIAN_POINT('Ctrl Pts',(3.88531903273559,-3.1857816201288,5.37005538932466));
#1874=CARTESIAN_POINT('Ctrl Pts',(4.00000005960464,-2.84306650546859,5.16751556421947));
#1875=CARTESIAN_POINT('Ctrl Pts',(4.00000005960464,-2.50000005960464,5.16751556421947));
#1876=CARTESIAN_POINT('Ctrl Pts',(3.69962418435821,-3.73923116890364,5.42898120750662));
#1877=CARTESIAN_POINT('Ctrl Pts',(3.95798735400473,-3.37417898428088,5.06143086244561));
#1878=CARTESIAN_POINT('Ctrl Pts',(4.09608303996298,-2.93723924917232,4.8627792831194));
#1879=CARTESIAN_POINT('Ctrl Pts',(4.09608303996298,-2.50000005960464,4.8627792831194));
#1880=CARTESIAN_POINT('Ctrl Pts',(3.85717489992606,-4.02088998226063,5.20397546710759));
#1881=CARTESIAN_POINT('Ctrl Pts',(4.12670607321413,-3.56261786533483,4.81904505922138));
#1882=CARTESIAN_POINT('Ctrl Pts',(4.27127199317116,-3.03165820778418,4.61258352879191));
#1883=CARTESIAN_POINT('Ctrl Pts',(4.27127199317116,-2.50000005960464,4.61258352879191));
#1884=CARTESIAN_POINT('Origin',(5.50000005960464,-2.50000005960464,5.47294818331848));
#1885=CARTESIAN_POINT('',(3.79449136589001,-3.25782078903319,6.05994184591194));
#1886=CARTESIAN_POINT('Origin',(2.50000005960464,-2.50000005960464,9.75739220354482));
#1887=CARTESIAN_POINT('Ctrl Pts',(3.79449136589001,-3.25782078903319,6.05994184591194));
#1888=CARTESIAN_POINT('Ctrl Pts',(3.7748554952506,-3.2913623152108,6.01203958215831));
#1889=CARTESIAN_POINT('Ctrl Pts',(3.75920559189819,-3.32559109664026,5.96315581618661));
#1890=CARTESIAN_POINT('Ctrl Pts',(3.7160880180365,-3.45521334385334,5.77803606219981));
#1891=CARTESIAN_POINT('Ctrl Pts',(3.71559644368823,-3.5522715456428,5.63942258477622));
#1892=CARTESIAN_POINT('Ctrl Pts',(3.77434237224658,-3.74187257006658,5.36864425966913));
#1893=CARTESIAN_POINT('Ctrl Pts',(3.83270162840087,-3.83270162840087,5.23892692105475));
#1894=CARTESIAN_POINT('Ctrl Pts',(3.91604407273958,-3.91604407273958,5.1199015752954));
#1895=CARTESIAN_POINT('Origin',(5.50000005960464,0.,5.47294818331847));
#1896=CARTESIAN_POINT('Origin',(5.50000005960464,2.50000005960464,5.47294818331847));
#1897=CARTESIAN_POINT('Ctrl Pts',(4.00000005960464,2.50000005960464,5.47294818331848));
#1898=CARTESIAN_POINT('Ctrl Pts',(4.00000005960464,2.76631379125446,5.47294818331848));
#1899=CARTESIAN_POINT('Ctrl Pts',(3.92744753165693,3.03227509959507,5.68017967966375));
#1900=CARTESIAN_POINT('Ctrl Pts',(3.79221379488819,3.26169794088341,6.06644726288488));
#1901=CARTESIAN_POINT('Ctrl Pts',(4.00000005960464,2.50000005960464,5.16751556421947));
#1902=CARTESIAN_POINT('Ctrl Pts',(4.00000005960464,2.84369198162148,5.16751556421947));
#1903=CARTESIAN_POINT('Ctrl Pts',(3.88488832488516,3.1870269830152,5.37081192413069));
#1904=CARTESIAN_POINT('Ctrl Pts',(3.67484248030844,3.46081734052465,5.74772986305502));
#1905=CARTESIAN_POINT('Ctrl Pts',(4.09608303996298,2.50000005960464,4.8627792831194));
#1906=CARTESIAN_POINT('Ctrl Pts',(4.09608303996298,2.93803642036024,4.8627792831194));
#1907=CARTESIAN_POINT('Ctrl Pts',(3.95747240165111,3.37576883285595,5.06217334958111));
#1908=CARTESIAN_POINT('Ctrl Pts',(3.69821411048344,3.74122899104024,5.43099500170023));
#1909=CARTESIAN_POINT('Ctrl Pts',(4.27127199317116,2.50000005960464,4.61258352879191));
#1910=CARTESIAN_POINT('Ctrl Pts',(4.27127199317116,3.03262752290428,4.61258352879191));
#1911=CARTESIAN_POINT('Ctrl Pts',(4.12616693727572,3.56455013958549,4.81981502513718));
#1912=CARTESIAN_POINT('Ctrl Pts',(3.85569946373824,4.02339582216217,5.20608260835831));
#1913=CARTESIAN_POINT('',(3.79449136589001,3.25782078903319,6.05994184591194));
#1914=CARTESIAN_POINT('Ctrl Pts',(3.91604407273958,3.91604407273958,5.11990157529541));
#1915=CARTESIAN_POINT('Ctrl Pts',(3.85024901399477,3.85024901399477,5.21386665729529));
#1916=CARTESIAN_POINT('Ctrl Pts',(3.7999431258248,3.77970670371063,5.31461151747417));
#1917=CARTESIAN_POINT('Ctrl Pts',(3.73423947622495,3.63202722735298,5.52551966727107));
#1918=CARTESIAN_POINT('Ctrl Pts',(3.71954353187577,3.5555981271171,5.63467173528741));
#1919=CARTESIAN_POINT('Ctrl Pts',(3.72906238130479,3.4036964775554,5.85160977332979));
#1920=CARTESIAN_POINT('Ctrl Pts',(3.75261725152585,3.32934915306155,5.95778875539932));
#1921=CARTESIAN_POINT('Ctrl Pts',(3.79449136589001,3.25782078903319,6.05994184591194));
#1922=CARTESIAN_POINT('Origin',(2.50000005960464,2.50000005960464,9.75739220354482));
#1923=CARTESIAN_POINT('Origin',(2.50000005960464,2.50000005960464,25.));
#1924=CARTESIAN_POINT('',(2.50000005960464,4.00000005960464,5.));
#1925=CARTESIAN_POINT('Origin',(2.50000005960464,2.50000005960464,7.14222201011317));
#1926=CARTESIAN_POINT('',(2.50000005960464,4.00000005960464,16.8185737097109));
#1927=CARTESIAN_POINT('',(2.50000005960464,4.00000005960464,25.));
#1928=CARTESIAN_POINT('Origin',(2.50000005960464,2.50000005960464,16.8185737097109));
#1929=CARTESIAN_POINT('Ctrl Pts',(2.50000005960464,4.00000005960464,16.8185737097109));
#1930=CARTESIAN_POINT('Ctrl Pts',(2.50000005960464,4.00000005960464,17.332270885426));
#1931=CARTESIAN_POINT('Ctrl Pts',(2.80131565299125,4.00000005960464,18.5312165957052));
#1932=CARTESIAN_POINT('Ctrl Pts',(3.73097186030158,4.00000005960464,19.3910897484429));
#1933=CARTESIAN_POINT('Ctrl Pts',(4.36206901965842,4.00000005960464,19.6572559941903));
#1934=CARTESIAN_POINT('Ctrl Pts',(2.94879901011747,4.00000005960464,16.8185737097109));
#1935=CARTESIAN_POINT('Ctrl Pts',(2.9396427486696,3.99962529392027,17.2577592133896));
#1936=CARTESIAN_POINT('Ctrl Pts',(3.17386873917742,3.99952117701311,18.2959530484861));
#1937=CARTESIAN_POINT('Ctrl Pts',(3.96654529684133,4.00020556099436,19.0630992624535));
#1938=CARTESIAN_POINT('Ctrl Pts',(4.51214291415458,4.00000005960464,19.3014212103912));
#1939=CARTESIAN_POINT('Ctrl Pts',(3.72617339248155,3.62385983661652,16.8185737097109));
#1940=CARTESIAN_POINT('Ctrl Pts',(3.70244650483461,3.63988692186312,17.129781235721));
#1941=CARTESIAN_POINT('Ctrl Pts',(3.82207515214686,3.6800763777608,17.8892271244847));
#1942=CARTESIAN_POINT('Ctrl Pts',(4.37559296149149,3.71467400621356,18.4925961590522));
#1943=CARTESIAN_POINT('Ctrl Pts',(4.77330150753493,3.72585176771024,18.6821975144595));
#1944=CARTESIAN_POINT('Ctrl Pts',(4.00000005960464,2.83659927248927,16.8185737097109));
#1945=CARTESIAN_POINT('Ctrl Pts',(3.98935533550519,2.87701234621081,17.0841502217282));
#1946=CARTESIAN_POINT('Ctrl Pts',(4.11366924132734,2.98124290270858,17.7215581594843));
#1947=CARTESIAN_POINT('Ctrl Pts',(4.58014214885981,3.07756059638061,18.2125230724749));
#1948=CARTESIAN_POINT('Ctrl Pts',(4.90656596926205,3.10880055232424,18.3662189687839));
#1949=CARTESIAN_POINT('Ctrl Pts',(4.00000005960464,2.50000005960464,16.8185737097109));
#1950=CARTESIAN_POINT('Ctrl Pts',(4.00000005960464,2.54702270990549,17.0843406517713));
#1951=CARTESIAN_POINT('Ctrl Pts',(4.15065785629792,2.67002523491354,17.7084160336944));
#1952=CARTESIAN_POINT('Ctrl Pts',(4.61548595995317,2.78776603078411,18.1658565309838));
#1953=CARTESIAN_POINT('Ctrl Pts',(4.93103453963153,2.82608702431797,18.3082024264897));
#1954=CARTESIAN_POINT('',(2.70515179261537,4.00000005960464,17.9301137824676));
#1955=CARTESIAN_POINT('',(4.93103453910976,2.8260870246083,18.3082024275681));
#1956=CARTESIAN_POINT('Ctrl Pts',(4.93103453619862,2.82608702390107,18.308202424941));
#1957=CARTESIAN_POINT('Ctrl Pts',(4.92945781865489,2.82777303774851,18.3079449772059));
#1958=CARTESIAN_POINT('Ctrl Pts',(4.92788032359058,2.82945835148849,18.3076877244695));
#1959=CARTESIAN_POINT('Ctrl Pts',(4.72856075713575,3.04220590935597,18.2752235478187));
#1960=CARTESIAN_POINT('Ctrl Pts',(4.52232295049641,3.2380346513039,18.2463904228613));
#1961=CARTESIAN_POINT('Ctrl Pts',(4.04970277497769,3.59438888785402,18.1773784625306));
#1962=CARTESIAN_POINT('Ctrl Pts',(3.78773221629651,3.7461441881761,18.1377660611348));
#1963=CARTESIAN_POINT('Ctrl Pts',(3.24664309584572,3.946426184246,18.0432797001894));
#1964=CARTESIAN_POINT('Ctrl Pts',(2.97682701068998,4.00000005960464,17.9910027329534));
#1965=CARTESIAN_POINT('Ctrl Pts',(2.70515179270693,4.00000005960464,17.9301137825754));
#1966=CARTESIAN_POINT('Ctrl Pts',(4.93103453963153,2.82608702431797,18.3082024264897));
#1967=CARTESIAN_POINT('Ctrl Pts',(4.61548595995317,2.78776603078411,18.1658565309838));
#1968=CARTESIAN_POINT('Ctrl Pts',(4.15065785629792,2.67002523491354,17.7084160336944));
#1969=CARTESIAN_POINT('Ctrl Pts',(4.00000005960464,2.54702270990549,17.0843406517713));
#1970=CARTESIAN_POINT('Ctrl Pts',(4.00000005960464,2.50000005960464,16.8185737097109));
#1971=CARTESIAN_POINT('Ctrl Pts',(2.50000005960464,4.00000005960464,16.8185737097109));
#1972=CARTESIAN_POINT('Ctrl Pts',(2.50000005960464,4.00000005960464,17.1974249853332));
#1973=CARTESIAN_POINT('Ctrl Pts',(2.57023738636566,4.00000005960464,17.5763506128509));
#1974=CARTESIAN_POINT('Ctrl Pts',(2.70520623354106,4.00000005960464,17.9303139536559));
#1975=CARTESIAN_POINT('Origin',(-4.00000005960464,4.00000005960464,25.));
#1976=CARTESIAN_POINT('Origin',(0.,4.00000005960464,30.));
#1977=CARTESIAN_POINT('',(-4.00000005960464,4.00000005960464,5.));
#1978=CARTESIAN_POINT('',(-4.00000005960464,4.00000005960464,25.));
#1979=CARTESIAN_POINT('Ctrl Pts',(4.36206903161121,-4.00000005960464,19.6572559992314));
#1980=CARTESIAN_POINT('Ctrl Pts',(3.73097180946641,-4.00000005960464,19.3910897302615));
#1981=CARTESIAN_POINT('Ctrl Pts',(2.80131586998622,-4.00000005960465,18.5312169144682));
#1982=CARTESIAN_POINT('Ctrl Pts',(2.50000005960464,-4.00000005960464,17.3322709235948));
#1983=CARTESIAN_POINT('Ctrl Pts',(2.50000005960464,-4.00000005960464,16.8185737097108));
#1984=CARTESIAN_POINT('Ctrl Pts',(4.51214292449252,-4.00000005960464,19.3014212149049));
#1985=CARTESIAN_POINT('Ctrl Pts',(3.96654525282954,-4.00020556101228,19.0630992461526));
#1986=CARTESIAN_POINT('Ctrl Pts',(3.17386892059095,-3.99952117678939,18.2959533288874));
#1987=CARTESIAN_POINT('Ctrl Pts',(2.93964274798927,-3.99962529389243,17.2577592460222));
#1988=CARTESIAN_POINT('Ctrl Pts',(2.94879901011747,-4.00000005960464,16.8185737097108));
#1989=CARTESIAN_POINT('Ctrl Pts',(4.77330151506485,-3.72585176792044,18.6821975180506));
#1990=CARTESIAN_POINT('Ctrl Pts',(4.37559292927417,-3.71467400544212,18.4925961460432));
#1991=CARTESIAN_POINT('Ctrl Pts',(3.82207527266301,-3.6800763896959,17.8892273382043));
#1992=CARTESIAN_POINT('Ctrl Pts',(3.70244650307144,-3.63988692305371,17.1297812588445));
#1993=CARTESIAN_POINT('Ctrl Pts',(3.72617339248134,-3.62385983661627,16.8185737097109));
#1994=CARTESIAN_POINT('Ctrl Pts',(4.90656597544727,-3.10880055291513,18.366218971695));
#1995=CARTESIAN_POINT('Ctrl Pts',(4.58014212248481,-3.07756059422127,18.2125230619406));
#1996=CARTESIAN_POINT('Ctrl Pts',(4.11366934607074,-2.9812429346905,17.7215583355195));
#1997=CARTESIAN_POINT('Ctrl Pts',(3.98935533471426,-2.8770123492136,17.0841502414613));
#1998=CARTESIAN_POINT('Ctrl Pts',(4.00000005960464,-2.83659927248926,16.8185737097109));
#1999=CARTESIAN_POINT('Ctrl Pts',(4.93103454560792,-2.82608702504376,18.3082024291856));
#2000=CARTESIAN_POINT('Ctrl Pts',(4.61548593453553,-2.78776602813221,18.1658565212476));
#2001=CARTESIAN_POINT('Ctrl Pts',(4.15065796479545,-2.67002527331848,17.7084162014803));
#2002=CARTESIAN_POINT('Ctrl Pts',(4.00000005960464,-2.54702271339938,17.0843406715185));
#2003=CARTESIAN_POINT('Ctrl Pts',(4.00000005960464,-2.50000005960464,16.8185737097109));
#2004=CARTESIAN_POINT('Origin',(2.50000005960464,-2.50000005960464,16.8185737097108));
#2005=CARTESIAN_POINT('',(4.93103454417817,-2.82608702583934,18.3082024321409));
#2006=CARTESIAN_POINT('Ctrl Pts',(4.00000005960464,-2.50000005960464,16.8185737097109));
#2007=CARTESIAN_POINT('Ctrl Pts',(4.00000005960464,-2.54702271339938,17.0843406715185));
#2008=CARTESIAN_POINT('Ctrl Pts',(4.15065796479545,-2.67002527331848,17.7084162014803));
#2009=CARTESIAN_POINT('Ctrl Pts',(4.61548593453553,-2.78776602813221,18.1658565212476));
#2010=CARTESIAN_POINT('Ctrl Pts',(4.93103454560792,-2.82608702504376,18.3082024291856));
#2011=CARTESIAN_POINT('Ctrl Pts',(2.70515179270693,-4.00000005960464,17.9301137825754));
#2012=CARTESIAN_POINT('Ctrl Pts',(2.93080241062715,-4.00000005960464,17.9806875131472));
#2013=CARTESIAN_POINT('Ctrl Pts',(3.15565373426556,-3.96296124244194,18.0254223550616));
#2014=CARTESIAN_POINT('Ctrl Pts',(3.60460838543909,-3.82388313176238,18.1069407294675));
#2015=CARTESIAN_POINT('Ctrl Pts',(3.89418591330098,-3.69943127462372,18.1542684164978));
#2016=CARTESIAN_POINT('Ctrl Pts',(4.48298064610851,-3.27511356146537,18.2408923119314));
#2017=CARTESIAN_POINT('Ctrl Pts',(4.70953934074675,-3.06250878253771,18.2721254344014));
#2018=CARTESIAN_POINT('Ctrl Pts',(4.92788032355482,-2.82945835152731,18.3076877244639));
#2019=CARTESIAN_POINT('Ctrl Pts',(4.92945781875341,-2.82777303764454,18.3079449772223));
#2020=CARTESIAN_POINT('Ctrl Pts',(4.93103453619978,-2.82608702390121,18.3082024249416));
#2021=CARTESIAN_POINT('Origin',(2.50000005960464,-2.50000005960464,25.));
#2022=CARTESIAN_POINT('Origin',(2.50000005960464,-2.50000005960464,7.14222201011317));
#2023=CARTESIAN_POINT('Origin',(5.50000005960464,0.,30.));
#2024=CARTESIAN_POINT('Origin',(4.93103453619727,0.,30.));
#2025=CARTESIAN_POINT('Origin',(4.00000005960464,4.00000005960464,5.));
#2026=CARTESIAN_POINT('Origin',(-4.00000005960464,-4.00000005960464,25.));
#2027=CARTESIAN_POINT('Origin',(-4.00000005960464,-4.00000005960464,5.));
#2028=CARTESIAN_POINT('Origin',(0.,0.,30.));
#2029=CARTESIAN_POINT('',(-7.9602041944578E-16,-9.74843858730208E-32,43.));
#2030=CARTESIAN_POINT('Origin',(0.,0.,30.));
#2031=UNCERTAINTY_MEASURE_WITH_UNIT(LENGTH_MEASURE(0.01),#2035,
'DISTANCE_ACCURACY_VALUE',
'Maximum model space distance between geometric entities at asserted c
onnectivities');
#2032=UNCERTAINTY_MEASURE_WITH_UNIT(LENGTH_MEASURE(0.01),#2035,
'DISTANCE_ACCURACY_VALUE',
'Maximum model space distance between geometric entities at asserted c
onnectivities');
#2033=(
GEOMETRIC_REPRESENTATION_CONTEXT(3)
GLOBAL_UNCERTAINTY_ASSIGNED_CONTEXT((#2031))
GLOBAL_UNIT_ASSIGNED_CONTEXT((#2035,#2037,#2038))
REPRESENTATION_CONTEXT('','3D')
);
#2034=(
GEOMETRIC_REPRESENTATION_CONTEXT(3)
GLOBAL_UNCERTAINTY_ASSIGNED_CONTEXT((#2032))
GLOBAL_UNIT_ASSIGNED_CONTEXT((#2035,#2037,#2038))
REPRESENTATION_CONTEXT('','3D')
);
#2035=(
LENGTH_UNIT()
NAMED_UNIT(*)
SI_UNIT(.MILLI.,.METRE.)
);
#2036=(
LENGTH_UNIT()
NAMED_UNIT(*)
SI_UNIT($,.METRE.)
);
#2037=(
NAMED_UNIT(*)
PLANE_ANGLE_UNIT()
SI_UNIT($,.RADIAN.)
);
#2038=(
NAMED_UNIT(*)
SI_UNIT($,.STERADIAN.)
SOLID_ANGLE_UNIT()
);
#2039=SHAPE_DEFINITION_REPRESENTATION(#2040,#2041);
#2040=PRODUCT_DEFINITION_SHAPE('',$,#2043);
#2041=SHAPE_REPRESENTATION('',(#723),#2033);
#2042=PRODUCT_DEFINITION_CONTEXT('part definition',#2047,'design');
#2043=PRODUCT_DEFINITION('(Unsaved)','(Unsaved)',#2044,#2042);
#2044=PRODUCT_DEFINITION_FORMATION('',$,#2049);
#2045=PRODUCT_RELATED_PRODUCT_CATEGORY('(Unsaved)','(Unsaved)',(#2049));
#2046=APPLICATION_PROTOCOL_DEFINITION('international standard',
'automotive_design',2009,#2047);
#2047=APPLICATION_CONTEXT(
'Core Data for Automotive Mechanical Design Process');
#2048=PRODUCT_CONTEXT('part definition',#2047,'mechanical');
#2049=PRODUCT('(Unsaved)','(Unsaved)',$,(#2048));
#2050=PRESENTATION_STYLE_ASSIGNMENT((#2051));
#2051=SURFACE_STYLE_USAGE(.BOTH.,#2052);
#2052=SURFACE_SIDE_STYLE('',(#2053));
#2053=SURFACE_STYLE_FILL_AREA(#2054);
#2054=FILL_AREA_STYLE('Steel - Satin',(#2055));
#2055=FILL_AREA_STYLE_COLOUR('Steel - Satin',#2056);
#2056=COLOUR_RGB('Steel - Satin',0.627450980392157,0.627450980392157,0.627450980392157);
ENDSEC;
END-ISO-10303-21;
