ISO-10303-21;
HEADER;
/* Generated by software containing ST-Developer
 * from STEP Tools, Inc. (www.steptools.com) 
 */

FILE_DESCRIPTION(
/* description */ (''),
/* implementation_level */ '2;1');

FILE_NAME(
/* name */ 'hemisterum 1.step',
/* time_stamp */ '2026-07-02T14:47:23+05:30',
/* author */ (''),
/* organization */ (''),
/* preprocessor_version */ 'ST-DEVELOPER v20.1',
/* originating_system */ 'Autodesk Translation Framework v15.8.0.0',
/* authorisation */ '');

FILE_SCHEMA (('AUTOMOTIVE_DESIGN { 1 0 10303 214 3 1 1 }'));
ENDSEC;

DATA;
#10=MECHANICAL_DESIGN_GEOMETRIC_PRESENTATION_REPRESENTATION('',(#13),#3063);
#11=SHAPE_REPRESENTATION_RELATIONSHIP('SRR','None',#3070,#12);
#12=ADVANCED_BREP_SHAPE_REPRESENTATION('',(#14),#3062);
#13=STYLED_ITEM('',(#3079),#14);
#14=MANIFOLD_SOLID_BREP('Body1',#935);
#15=ELLIPSE('',#1005,7.07106781186548,5.);
#16=ELLIPSE('',#1007,7.07106781186548,5.);
#17=ELLIPSE('',#1012,7.07106781186548,5.);
#18=ELLIPSE('',#1014,7.07106781186548,5.);
#19=ELLIPSE('',#1019,14.142135623731,10.);
#20=ELLIPSE('',#1020,14.142135623731,10.);
#21=ELLIPSE('',#1022,14.142135623731,10.);
#22=ELLIPSE('',#1023,14.142135623731,10.);
#23=LINE('',#3013,#39);
#24=LINE('',#3015,#40);
#25=LINE('',#3016,#41);
#26=LINE('',#3022,#42);
#27=LINE('',#3024,#43);
#28=LINE('',#3027,#44);
#29=LINE('',#3028,#45);
#30=LINE('',#3031,#46);
#31=LINE('',#3033,#47);
#32=LINE('',#3034,#48);
#33=LINE('',#3040,#49);
#34=LINE('',#3043,#50);
#35=LINE('',#3044,#51);
#36=LINE('',#3045,#52);
#37=LINE('',#3048,#53);
#38=LINE('',#3058,#54);
#39=VECTOR('',#1138,10.);
#40=VECTOR('',#1139,10.);
#41=VECTOR('',#1140,10.);
#42=VECTOR('',#1149,10.);
#43=VECTOR('',#1152,10.);
#44=VECTOR('',#1155,10.);
#45=VECTOR('',#1156,10.);
#46=VECTOR('',#1159,10.);
#47=VECTOR('',#1160,10.);
#48=VECTOR('',#1161,10.);
#49=VECTOR('',#1170,10.);
#50=VECTOR('',#1173,10.);
#51=VECTOR('',#1174,10.);
#52=VECTOR('',#1175,10.);
#53=VECTOR('',#1180,10.);
#54=VECTOR('',#1195,10.);
#55=CYLINDRICAL_SURFACE('',#974,7.5);
#56=CYLINDRICAL_SURFACE('',#984,7.5);
#57=CYLINDRICAL_SURFACE('',#987,7.5);
#58=CYLINDRICAL_SURFACE('',#1004,5.);
#59=CYLINDRICAL_SURFACE('',#1006,5.);
#60=CYLINDRICAL_SURFACE('',#1008,5.);
#61=CYLINDRICAL_SURFACE('',#1011,5.);
#62=CYLINDRICAL_SURFACE('',#1013,5.);
#63=CYLINDRICAL_SURFACE('',#1016,5.);
#64=CYLINDRICAL_SURFACE('',#1018,10.);
#65=CYLINDRICAL_SURFACE('',#1021,10.);
#66=CYLINDRICAL_SURFACE('',#1024,10.);
#67=PLANE('',#965);
#68=PLANE('',#975);
#69=PLANE('',#986);
#70=PLANE('',#1003);
#71=PLANE('',#1009);
#72=PLANE('',#1010);
#73=PLANE('',#1015);
#74=PLANE('',#1017);
#75=PLANE('',#1025);
#76=SPHERICAL_SURFACE('',#958,205.);
#77=(
BOUNDED_SURFACE()
B_SPLINE_SURFACE(2,2,((#1408,#1409,#1410,#1411,#1412,#1413,#1414),(#1415,
#1416,#1417,#1418,#1419,#1420,#1421),(#1422,#1423,#1424,#1425,#1426,#1427,
#1428)),.UNSPECIFIED.,.F.,.F.,.F.)
B_SPLINE_SURFACE_WITH_KNOTS((3,3),(3,2,2,3),(-1.5707963267949,2.98576828013643E-16),
(-2.28223694630109,-0.760745648767028,0.760745648767028,2.28223694630109),
 .UNSPECIFIED.)
GEOMETRIC_REPRESENTATION_ITEM()
RATIONAL_B_SPLINE_SURFACE(((1.,0.724322115860848,1.,0.724322115860848,1.,
0.724322115860848,1.),(0.707106781186546,0.512173079888593,0.707106781186546,
0.512173079888593,0.707106781186546,0.512173079888593,0.707106781186546),
(1.,0.724322115860848,1.,0.724322115860848,1.,0.724322115860848,1.)))
REPRESENTATION_ITEM('')
SURFACE()
);
#78=(
BOUNDED_SURFACE()
B_SPLINE_SURFACE(2,2,((#1804,#1805,#1806,#1807,#1808,#1809,#1810),(#1811,
#1812,#1813,#1814,#1815,#1816,#1817),(#1818,#1819,#1820,#1821,#1822,#1823,
#1824)),.UNSPECIFIED.,.F.,.F.,.F.)
B_SPLINE_SURFACE_WITH_KNOTS((3,3),(3,2,2,3),(-1.5707963267949,2.9245120518443E-16),
(-2.06980912111123,-0.689936373703742,0.689936373703743,2.06980912111123),
 .UNSPECIFIED.)
GEOMETRIC_REPRESENTATION_ITEM()
RATIONAL_B_SPLINE_SURFACE(((1.,0.771286513939295,1.,0.771286513939295,1.,
0.771286513939295,1.),(0.707106781186546,0.545381924244207,0.707106781186546,
0.545381924244207,0.707106781186546,0.545381924244207,0.707106781186546),
(1.,0.771286513939295,1.,0.771286513939295,1.,0.771286513939295,1.)))
REPRESENTATION_ITEM('')
SURFACE()
);
#79=(
BOUNDED_SURFACE()
B_SPLINE_SURFACE(2,2,((#2125,#2126,#2127,#2128,#2129,#2130,#2131),(#2132,
#2133,#2134,#2135,#2136,#2137,#2138),(#2139,#2140,#2141,#2142,#2143,#2144,
#2145)),.UNSPECIFIED.,.F.,.F.,.F.)
B_SPLINE_SURFACE_WITH_KNOTS((3,3),(3,2,2,3),(-1.5707963267949,0.),(-2.08315779053287,
-0.694385930177624,0.694385930177626,2.08315779053288),.UNSPECIFIED.)
GEOMETRIC_REPRESENTATION_ITEM()
RATIONAL_B_SPLINE_SURFACE(((1.,0.768446798330948,1.,0.768446798330948,1.,
0.768446798330948,1.),(0.707106781186545,0.543373942080902,0.707106781186545,
0.543373942080902,0.707106781186545,0.543373942080902,0.707106781186545),
(1.,0.768446798330948,1.,0.768446798330948,1.,0.768446798330948,1.)))
REPRESENTATION_ITEM('')
SURFACE()
);
#80=TOROIDAL_SURFACE('',#953,203.960780543711,5.);
#81=TOROIDAL_SURFACE('',#972,201.246117974981,5.);
#82=TOROIDAL_SURFACE('',#982,205.12191496766,5.);
#83=TOROIDAL_SURFACE('',#990,205.280296180613,0.5);
#84=TOROIDAL_SURFACE('',#992,205.280296180613,0.5);
#85=TOROIDAL_SURFACE('',#996,205.280296180613,0.5);
#86=TOROIDAL_SURFACE('',#1000,205.280296180613,0.5);
#87=FACE_OUTER_BOUND('',#146,.T.);
#88=FACE_OUTER_BOUND('',#147,.T.);
#89=FACE_OUTER_BOUND('',#148,.T.);
#90=FACE_OUTER_BOUND('',#149,.T.);
#91=FACE_OUTER_BOUND('',#150,.T.);
#92=FACE_OUTER_BOUND('',#151,.T.);
#93=FACE_OUTER_BOUND('',#152,.T.);
#94=FACE_OUTER_BOUND('',#153,.T.);
#95=FACE_OUTER_BOUND('',#154,.T.);
#96=FACE_OUTER_BOUND('',#155,.T.);
#97=FACE_OUTER_BOUND('',#156,.T.);
#98=FACE_OUTER_BOUND('',#157,.T.);
#99=FACE_OUTER_BOUND('',#158,.T.);
#100=FACE_OUTER_BOUND('',#159,.T.);
#101=FACE_OUTER_BOUND('',#160,.T.);
#102=FACE_OUTER_BOUND('',#161,.T.);
#103=FACE_OUTER_BOUND('',#162,.T.);
#104=FACE_OUTER_BOUND('',#163,.T.);
#105=FACE_OUTER_BOUND('',#164,.T.);
#106=FACE_OUTER_BOUND('',#165,.T.);
#107=FACE_OUTER_BOUND('',#166,.T.);
#108=FACE_OUTER_BOUND('',#167,.T.);
#109=FACE_OUTER_BOUND('',#168,.T.);
#110=FACE_OUTER_BOUND('',#169,.T.);
#111=FACE_OUTER_BOUND('',#170,.T.);
#112=FACE_OUTER_BOUND('',#171,.T.);
#113=FACE_OUTER_BOUND('',#172,.T.);
#114=FACE_OUTER_BOUND('',#173,.T.);
#115=FACE_OUTER_BOUND('',#174,.T.);
#116=FACE_OUTER_BOUND('',#175,.T.);
#117=FACE_OUTER_BOUND('',#176,.T.);
#118=FACE_OUTER_BOUND('',#177,.T.);
#119=FACE_OUTER_BOUND('',#178,.T.);
#120=FACE_OUTER_BOUND('',#179,.T.);
#121=FACE_OUTER_BOUND('',#180,.T.);
#122=FACE_OUTER_BOUND('',#181,.T.);
#123=FACE_OUTER_BOUND('',#182,.T.);
#124=FACE_OUTER_BOUND('',#183,.T.);
#125=FACE_OUTER_BOUND('',#184,.T.);
#126=FACE_OUTER_BOUND('',#185,.T.);
#127=FACE_OUTER_BOUND('',#186,.T.);
#128=FACE_OUTER_BOUND('',#187,.T.);
#129=FACE_OUTER_BOUND('',#188,.T.);
#130=FACE_OUTER_BOUND('',#189,.T.);
#131=FACE_OUTER_BOUND('',#190,.T.);
#132=FACE_OUTER_BOUND('',#191,.T.);
#133=FACE_OUTER_BOUND('',#192,.T.);
#134=FACE_OUTER_BOUND('',#193,.T.);
#135=FACE_OUTER_BOUND('',#194,.T.);
#136=FACE_OUTER_BOUND('',#195,.T.);
#137=FACE_OUTER_BOUND('',#196,.T.);
#138=FACE_OUTER_BOUND('',#197,.T.);
#139=FACE_OUTER_BOUND('',#198,.T.);
#140=FACE_OUTER_BOUND('',#199,.T.);
#141=FACE_OUTER_BOUND('',#200,.T.);
#142=FACE_OUTER_BOUND('',#201,.T.);
#143=FACE_OUTER_BOUND('',#202,.T.);
#144=FACE_OUTER_BOUND('',#203,.T.);
#145=FACE_OUTER_BOUND('',#204,.T.);
#146=EDGE_LOOP('',(#559,#560,#561,#562));
#147=EDGE_LOOP('',(#563,#564,#565));
#148=EDGE_LOOP('',(#566,#567,#568,#569));
#149=EDGE_LOOP('',(#570,#571,#572));
#150=EDGE_LOOP('',(#573,#574,#575,#576,#577,#578));
#151=EDGE_LOOP('',(#579,#580,#581,#582));
#152=EDGE_LOOP('',(#583,#584,#585,#586,#587,#588,#589,#590,#591,#592,#593,
#594,#595,#596,#597,#598,#599,#600,#601,#602,#603,#604));
#153=EDGE_LOOP('',(#605,#606,#607,#608,#609));
#154=EDGE_LOOP('',(#610,#611));
#155=EDGE_LOOP('',(#612,#613,#614,#615));
#156=EDGE_LOOP('',(#616,#617,#618));
#157=EDGE_LOOP('',(#619,#620,#621,#622));
#158=EDGE_LOOP('',(#623,#624,#625));
#159=EDGE_LOOP('',(#626,#627,#628,#629));
#160=EDGE_LOOP('',(#630,#631,#632,#633,#634,#635));
#161=EDGE_LOOP('',(#636,#637,#638,#639,#640,#641));
#162=EDGE_LOOP('',(#642,#643,#644,#645,#646));
#163=EDGE_LOOP('',(#647,#648));
#164=EDGE_LOOP('',(#649,#650,#651,#652));
#165=EDGE_LOOP('',(#653,#654,#655));
#166=EDGE_LOOP('',(#656,#657,#658,#659));
#167=EDGE_LOOP('',(#660,#661,#662));
#168=EDGE_LOOP('',(#663,#664,#665,#666));
#169=EDGE_LOOP('',(#667,#668,#669,#670,#671,#672));
#170=EDGE_LOOP('',(#673,#674,#675,#676,#677,#678,#679,#680,#681));
#171=EDGE_LOOP('',(#682,#683));
#172=EDGE_LOOP('',(#684,#685,#686,#687,#688));
#173=EDGE_LOOP('',(#689,#690,#691,#692,#693));
#174=EDGE_LOOP('',(#694,#695,#696,#697,#698,#699,#700,#701,#702));
#175=EDGE_LOOP('',(#703,#704,#705,#706,#707));
#176=EDGE_LOOP('',(#708,#709,#710,#711,#712));
#177=EDGE_LOOP('',(#713,#714,#715,#716));
#178=EDGE_LOOP('',(#717,#718,#719,#720));
#179=EDGE_LOOP('',(#721,#722,#723,#724,#725,#726));
#180=EDGE_LOOP('',(#727,#728,#729,#730,#731,#732));
#181=EDGE_LOOP('',(#733,#734,#735,#736));
#182=EDGE_LOOP('',(#737,#738,#739,#740));
#183=EDGE_LOOP('',(#741,#742,#743,#744,#745,#746));
#184=EDGE_LOOP('',(#747,#748,#749,#750));
#185=EDGE_LOOP('',(#751,#752,#753,#754));
#186=EDGE_LOOP('',(#755,#756,#757,#758));
#187=EDGE_LOOP('',(#759,#760,#761,#762));
#188=EDGE_LOOP('',(#763,#764,#765,#766));
#189=EDGE_LOOP('',(#767,#768,#769,#770,#771,#772));
#190=EDGE_LOOP('',(#773,#774,#775,#776,#777,#778));
#191=EDGE_LOOP('',(#779,#780,#781,#782));
#192=EDGE_LOOP('',(#783,#784,#785,#786));
#193=EDGE_LOOP('',(#787,#788,#789,#790));
#194=EDGE_LOOP('',(#791,#792,#793,#794));
#195=EDGE_LOOP('',(#795,#796,#797,#798));
#196=EDGE_LOOP('',(#799,#800,#801,#802));
#197=EDGE_LOOP('',(#803,#804,#805,#806));
#198=EDGE_LOOP('',(#807,#808,#809,#810,#811,#812));
#199=EDGE_LOOP('',(#813,#814,#815,#816));
#200=EDGE_LOOP('',(#817,#818,#819,#820));
#201=EDGE_LOOP('',(#821,#822,#823));
#202=EDGE_LOOP('',(#824,#825,#826,#827,#828,#829,#830,#831,#832,#833,#834,
#835,#836,#837,#838,#839,#840,#841));
#203=EDGE_LOOP('',(#842,#843,#844));
#204=EDGE_LOOP('',(#845,#846,#847,#848));
#205=B_SPLINE_CURVE_WITH_KNOTS('',3,(#1219,#1220,#1221,#1222),
 .UNSPECIFIED.,.F.,.F.,(4,4),(-0.108821948740311,0.),.UNSPECIFIED.);
#206=B_SPLINE_CURVE_WITH_KNOTS('',3,(#1225,#1226,#1227,#1228),
 .UNSPECIFIED.,.F.,.F.,(4,4),(0.,0.108821948740311),.UNSPECIFIED.);
#207=B_SPLINE_CURVE_WITH_KNOTS('',3,(#1278,#1279,#1280,#1281,#1282,#1283,
#1284,#1285,#1286,#1287,#1288,#1289),.UNSPECIFIED.,.F.,.F.,(4,1,1,1,1,1,
1,2,4),(-0.77683586820761,-0.699152281386849,-0.621468694566088,-0.543785107745327,
-0.466101520924566,-0.310734347283044,-0.155367173641522,0.,0.00107443577359234),
 .UNSPECIFIED.);
#208=B_SPLINE_CURVE_WITH_KNOTS('',3,(#1290,#1291,#1292,#1293,#1294,#1295,
#1296,#1297,#1298,#1299,#1300,#1301),.UNSPECIFIED.,.F.,.F.,(4,2,1,1,1,1,
1,1,4),(-0.00107443577359234,0.,0.155367173641522,0.310734347283044,0.466101520924566,
0.543785107745327,0.621468694566088,0.699152281386849,0.77683586820761),
 .UNSPECIFIED.);
#209=B_SPLINE_CURVE_WITH_KNOTS('',3,(#1322,#1323,#1324,#1325),
 .UNSPECIFIED.,.F.,.F.,(4,4),(-0.108821948740358,0.),.UNSPECIFIED.);
#210=B_SPLINE_CURVE_WITH_KNOTS('',3,(#1328,#1329,#1330,#1331),
 .UNSPECIFIED.,.F.,.F.,(4,4),(0.,0.108821948740358),.UNSPECIFIED.);
#211=B_SPLINE_CURVE_WITH_KNOTS('',3,(#1381,#1382,#1383,#1384,#1385,#1386,
#1387,#1388,#1389,#1390,#1391,#1392),.UNSPECIFIED.,.F.,.F.,(4,1,1,1,1,1,
1,2,4),(5.17089325213699E-16,0.0776835690720505,0.155367138144101,0.233050707216151,
0.3107342762882,0.4661014144323,0.6214685525764,0.7768356907205,0.777910289273166),
 .UNSPECIFIED.);
#212=B_SPLINE_CURVE_WITH_KNOTS('',3,(#1393,#1394,#1395,#1396,#1397,#1398,
#1399,#1400,#1401,#1402,#1403,#1404),.UNSPECIFIED.,.F.,.F.,(4,2,1,1,1,1,
1,1,4),(-0.777910289273166,-0.7768356907205,-0.6214685525764,-0.4661014144323,
-0.3107342762882,-0.233050707216151,-0.155367138144101,-0.0776835690720505,
-5.17089325213699E-16),.UNSPECIFIED.);
#213=B_SPLINE_CURVE_WITH_KNOTS('',3,(#1433,#1434,#1435,#1436,#1437,#1438,
#1439),.UNSPECIFIED.,.F.,.F.,(4,1,1,1,4),(1.96589538498706,3.69531449422978,
4.84826056705826,5.4247336034725,6.00120663988674),.UNSPECIFIED.);
#214=B_SPLINE_CURVE_WITH_KNOTS('',3,(#1441,#1442,#1443,#1444,#1445),
 .UNSPECIFIED.,.F.,.F.,(4,1,4),(40.6100371107651,41.8579472287304,43.5218273860176),
 .UNSPECIFIED.);
#215=B_SPLINE_CURVE_WITH_KNOTS('',3,(#1447,#1448,#1449,#1450,#1451,#1452,
#1453),.UNSPECIFIED.,.F.,.F.,(4,1,1,1,4),(9.97471534130998,10.7147097265892,
12.1946984971476,13.674687267706,15.1546760382644),.UNSPECIFIED.);
#216=B_SPLINE_CURVE_WITH_KNOTS('',3,(#1457,#1458,#1459,#1460,#1461,#1462,
#1463),.UNSPECIFIED.,.F.,.F.,(4,1,1,1,4),(1.84029296588971,4.06027612172745,
5.54026489228595,6.2802592775652,7.02025366284444),.UNSPECIFIED.);
#217=B_SPLINE_CURVE_WITH_KNOTS('',3,(#1465,#1466,#1467,#1468),
 .UNSPECIFIED.,.F.,.F.,(4,4),(36.7833077413393,39.6931963383385),
 .UNSPECIFIED.);
#218=B_SPLINE_CURVE_WITH_KNOTS('',3,(#1470,#1471,#1472,#1473,#1474,#1475),
 .UNSPECIFIED.,.F.,.F.,(4,1,1,4),(8.91114367324332,9.91889695850015,10.4227736011286,
12.4382801716422),.UNSPECIFIED.);
#219=B_SPLINE_CURVE_WITH_KNOTS('',3,(#1479,#1480,#1481,#1482,#1483,#1484),
 .UNSPECIFIED.,.F.,.F.,(4,1,1,4),(2.00131190395598,3.49776230399611,4.49539590402286,
5.49302950404961),.UNSPECIFIED.);
#220=B_SPLINE_CURVE_WITH_KNOTS('',3,(#1488,#1489,#1490,#1491),
 .UNSPECIFIED.,.F.,.F.,(4,4),(0.143522668945857,0.674821341262072),
 .UNSPECIFIED.);
#221=B_SPLINE_CURVE_WITH_KNOTS('',3,(#1493,#1494,#1495,#1496,#1497,#1498),
 .UNSPECIFIED.,.F.,.F.,(4,1,1,4),(0.133698820362968,0.63830094347759,0.913198589335357,
1.96722120545501),.UNSPECIFIED.);
#222=B_SPLINE_CURVE_WITH_KNOTS('',3,(#1500,#1501,#1502,#1503),
 .UNSPECIFIED.,.F.,.F.,(4,4),(1.05528445960256E-14,0.531298672316225),
 .UNSPECIFIED.);
#223=B_SPLINE_CURVE_WITH_KNOTS('',3,(#1507,#1508,#1509,#1510,#1511,#1512,
#1513,#1514),.UNSPECIFIED.,.F.,.F.,(4,1,1,1,1,4),(7.12182710644702E-16,
1.33447777199313,4.00343331597939,5.33791108797252,6.67238885996565,9.34134440395191),
 .UNSPECIFIED.);
#224=B_SPLINE_CURVE_WITH_KNOTS('',3,(#1518,#1519,#1520,#1521,#1522,#1523,
#1524),.UNSPECIFIED.,.F.,.F.,(4,1,1,1,4),(5.09058147345352,5.27758443237894,
5.4726930634817,5.66780169458445,6.44823621899547),.UNSPECIFIED.);
#225=B_SPLINE_CURVE_WITH_KNOTS('',3,(#1526,#1527,#1528,#1529),
 .UNSPECIFIED.,.F.,.F.,(4,4),(4.74453743264752,6.0122495965428),
 .UNSPECIFIED.);
#226=B_SPLINE_CURVE_WITH_KNOTS('',3,(#1531,#1532,#1533,#1534,#1535,#1536,
#1537),.UNSPECIFIED.,.F.,.F.,(4,1,1,1,4),(6.44823621899549,7.03356211230376,
7.42377937450927,7.61888800561202,7.80588460607095),.UNSPECIFIED.);
#227=B_SPLINE_CURVE_WITH_KNOTS('',3,(#1540,#1541,#1542,#1543,#1544,#1545),
 .UNSPECIFIED.,.F.,.F.,(4,1,1,4),(8.40381585303473,8.9753406825733,10.1183903416505,
12.4044896598048),.UNSPECIFIED.);
#228=B_SPLINE_CURVE_WITH_KNOTS('',3,(#1589,#1590,#1591,#1592,#1593,#1594,
#1595),.UNSPECIFIED.,.F.,.F.,(4,1,1,1,4),(-6.00120663988674,-5.4247336034725,
-4.84826056705826,-3.69531449422978,-2.01341495243524),.UNSPECIFIED.);
#229=B_SPLINE_CURVE_WITH_KNOTS('',3,(#1597,#1598,#1599,#1600),
 .UNSPECIFIED.,.F.,.F.,(4,4),(2.01308290702646,2.01341586253105),
 .UNSPECIFIED.);
#230=B_SPLINE_CURVE_WITH_KNOTS('',3,(#1601,#1602,#1603,#1604,#1605,#1606,
#1607,#1608,#1609,#1610,#1611,#1612,#1613,#1614),.UNSPECIFIED.,.F.,.F.,
(4,2,2,2,2,2,4),(-0.104270844349587,-0.103837153947165,-0.07002877978286,
-0.0465097052335487,-0.029134919786883,-0.014588220624097,0.),
 .UNSPECIFIED.);
#231=B_SPLINE_CURVE_WITH_KNOTS('',3,(#1639,#1640,#1641,#1642),
 .UNSPECIFIED.,.F.,.F.,(4,4),(-0.13080033111798,0.),.UNSPECIFIED.);
#232=B_SPLINE_CURVE_WITH_KNOTS('',3,(#1645,#1646,#1647,#1648),
 .UNSPECIFIED.,.F.,.F.,(4,4),(0.,0.13080033111798),.UNSPECIFIED.);
#233=B_SPLINE_CURVE_WITH_KNOTS('',3,(#1690,#1691,#1692,#1693,#1694,#1695,
#1696,#1697,#1698,#1699),.UNSPECIFIED.,.F.,.F.,(4,1,1,1,1,2,4),(2.36740578521643E-15,
0.168977394147567,0.337954788295132,0.506932182442696,0.675909576590261,
0.844886970737825,0.846109378921386),.UNSPECIFIED.);
#234=B_SPLINE_CURVE_WITH_KNOTS('',3,(#1700,#1701,#1702,#1703,#1704,#1705,
#1706,#1707,#1708,#1709),.UNSPECIFIED.,.F.,.F.,(4,2,1,1,1,1,4),(-0.846109378921386,
-0.844886970737825,-0.675909576590261,-0.506932182442696,-0.337954788295132,
-0.168977394147567,-2.36740578521643E-15),.UNSPECIFIED.);
#235=B_SPLINE_CURVE_WITH_KNOTS('',3,(#1733,#1734,#1735,#1736),
 .UNSPECIFIED.,.F.,.F.,(4,4),(-0.130800331117978,0.),.UNSPECIFIED.);
#236=B_SPLINE_CURVE_WITH_KNOTS('',3,(#1739,#1740,#1741,#1742),
 .UNSPECIFIED.,.F.,.F.,(4,4),(0.,0.130800331117978),.UNSPECIFIED.);
#237=B_SPLINE_CURVE_WITH_KNOTS('',3,(#1784,#1785,#1786,#1787,#1788,#1789,
#1790,#1791,#1792,#1793),.UNSPECIFIED.,.F.,.F.,(4,1,1,1,1,2,4),(-0.844886725353345,
-0.675909380282676,-0.506932035212007,-0.337954690141338,-0.168977345070669,
0.,0.00122261294199844),.UNSPECIFIED.);
#238=B_SPLINE_CURVE_WITH_KNOTS('',3,(#1794,#1795,#1796,#1797,#1798,#1799,
#1800,#1801,#1802,#1803),.UNSPECIFIED.,.F.,.F.,(4,2,1,1,1,1,4),(-0.00122261294199844,
0.,0.168977345070669,0.337954690141338,0.506932035212007,0.675909380282676,
0.844886725353345),.UNSPECIFIED.);
#239=B_SPLINE_CURVE_WITH_KNOTS('',3,(#1831,#1832,#1833,#1834,#1835,#1836,
#1837),.UNSPECIFIED.,.F.,.F.,(4,1,1,1,4),(-15.1187828577859,-13.674687267706,
-12.1946984971476,-10.7147097265892,-9.97471534130998),.UNSPECIFIED.);
#240=B_SPLINE_CURVE_WITH_KNOTS('',3,(#1839,#1840,#1841,#1842,#1843,#1844,
#1845,#1846,#1847,#1848,#1849,#1850,#1851,#1852,#1853),.UNSPECIFIED.,.F.,
 .F.,(4,2,2,3,2,2,4),(4.23622415935944,4.48170791712641,4.63279299623943,
4.78387807535246,4.93496315446548,5.0860482335785,5.3315311359557),
 .UNSPECIFIED.);
#241=B_SPLINE_CURVE_WITH_KNOTS('',3,(#1854,#1855,#1856,#1857,#1858,#1859,
#1860),.UNSPECIFIED.,.F.,.F.,(4,1,1,1,4),(-7.02025366284444,-6.2802592775652,
-5.54026489228595,-4.06027612172745,-1.8761876937807),.UNSPECIFIED.);
#242=B_SPLINE_CURVE_WITH_KNOTS('',3,(#1911,#1912,#1913,#1914,#1915,#1916,
#1917,#1918,#1919,#1920,#1921,#1922,#1923,#1924,#1925,#1926,#1927,#1928),
 .UNSPECIFIED.,.F.,.F.,(4,2,2,2,2,2,2,2,4),(-0.12554462415977,-0.125141019334697,
-0.0974563132859646,-0.0730194594624417,-0.0549389936228603,-0.0406801299108109,
-0.0269021682356895,-0.0113806691842875,0.),.UNSPECIFIED.);
#243=B_SPLINE_CURVE_WITH_KNOTS('',3,(#1929,#1930,#1931,#1932,#1933,#1934,
#1935),.UNSPECIFIED.,.F.,.F.,(4,3,4),(-0.014342036358036,-0.00595973753894583,
0.),.UNSPECIFIED.);
#244=B_SPLINE_CURVE_WITH_KNOTS('',3,(#1960,#1961,#1962,#1963),
 .UNSPECIFIED.,.F.,.F.,(4,4),(-0.0973753946786137,-1.54996488282976E-17),
 .UNSPECIFIED.);
#245=B_SPLINE_CURVE_WITH_KNOTS('',3,(#1966,#1967,#1968,#1969),
 .UNSPECIFIED.,.F.,.F.,(4,4),(1.54996488282976E-17,0.0973753946786137),
 .UNSPECIFIED.);
#246=B_SPLINE_CURVE_WITH_KNOTS('',3,(#2011,#2012,#2013,#2014,#2015,#2016,
#2017,#2018,#2019,#2020),.UNSPECIFIED.,.F.,.F.,(4,1,1,1,1,2,4),(0.,0.167768144404926,
0.335536288809853,0.503304433214779,0.671072577619706,0.838840722024632,
0.840046590964672),.UNSPECIFIED.);
#247=B_SPLINE_CURVE_WITH_KNOTS('',3,(#2021,#2022,#2023,#2024,#2025,#2026,
#2027,#2028,#2029,#2030),.UNSPECIFIED.,.F.,.F.,(4,2,1,1,1,1,4),(-0.840046590964672,
-0.838840722024632,-0.671072577619706,-0.503304433214779,-0.335536288809853,
-0.167768144404926,0.),.UNSPECIFIED.);
#248=B_SPLINE_CURVE_WITH_KNOTS('',3,(#2054,#2055,#2056,#2057),
 .UNSPECIFIED.,.F.,.F.,(4,4),(-0.0973753946786271,0.),.UNSPECIFIED.);
#249=B_SPLINE_CURVE_WITH_KNOTS('',3,(#2060,#2061,#2062,#2063),
 .UNSPECIFIED.,.F.,.F.,(4,4),(0.,0.0973753946786271),.UNSPECIFIED.);
#250=B_SPLINE_CURVE_WITH_KNOTS('',3,(#2105,#2106,#2107,#2108,#2109,#2110,
#2111,#2112,#2113,#2114),.UNSPECIFIED.,.F.,.F.,(4,1,1,1,1,2,4),(-0.838840480431952,
-0.671072384345562,-0.503304288259171,-0.335536192172781,-0.16776809608639,
0.,0.00120606825310733),.UNSPECIFIED.);
#251=B_SPLINE_CURVE_WITH_KNOTS('',3,(#2115,#2116,#2117,#2118,#2119,#2120,
#2121,#2122,#2123,#2124),.UNSPECIFIED.,.F.,.F.,(4,2,1,1,1,1,4),(-0.00120606825310733,
0.,0.16776809608639,0.335536192172781,0.503304288259171,0.671072384345562,
0.838840480431952),.UNSPECIFIED.);
#252=B_SPLINE_CURVE_WITH_KNOTS('',3,(#2152,#2153,#2154,#2155,#2156,#2157),
 .UNSPECIFIED.,.F.,.F.,(4,1,1,4),(-12.3907757343834,-10.4227736011286,-9.91889695850015,
-8.91114367324332),.UNSPECIFIED.);
#253=B_SPLINE_CURVE_WITH_KNOTS('',3,(#2159,#2160,#2161,#2162),
 .UNSPECIFIED.,.F.,.F.,(4,4),(-12.3911094577559,-12.3907766371207),
 .UNSPECIFIED.);
#254=B_SPLINE_CURVE_WITH_KNOTS('',3,(#2164,#2165,#2166,#2167),
 .UNSPECIFIED.,.F.,.F.,(4,4),(-0.0958204768452742,-0.0899513194928212),
 .UNSPECIFIED.);
#255=B_SPLINE_CURVE_WITH_KNOTS('',3,(#2169,#2170,#2171,#2172,#2173,#2174,
#2175,#2176,#2177,#2178,#2179,#2180,#2181,#2182,#2183,#2184,#2185,#2186,
#2187,#2188,#2189,#2190,#2191),.UNSPECIFIED.,.F.,.F.,(4,2,2,2,2,3,2,2,2,
2,4),(3.86571433029733,3.88372315770736,4.17953775890037,4.48170791712642,
4.63279299623944,4.78387807535246,4.93496315446548,5.0860482335785,5.38821839180454,
5.68403299299756,5.97984759419057),.UNSPECIFIED.);
#256=B_SPLINE_CURVE_WITH_KNOTS('',3,(#2194,#2195,#2196,#2197,#2198,#2199),
 .UNSPECIFIED.,.F.,.F.,(4,1,1,4),(-5.49302950404961,-4.49539590402286,-3.49776230399611,
-2.05137574646829),.UNSPECIFIED.);
#257=B_SPLINE_CURVE_WITH_KNOTS('',3,(#2238,#2239,#2240,#2241),
 .UNSPECIFIED.,.F.,.F.,(4,4),(-0.0889652845031699,-0.0811170227032595),
 .UNSPECIFIED.);
#258=B_SPLINE_CURVE_WITH_KNOTS('',3,(#2242,#2243,#2244,#2245,#2246,#2247,
#2248,#2249,#2250,#2251,#2252,#2253,#2254,#2255),.UNSPECIFIED.,.F.,.F.,
(4,2,2,2,2,2,4),(-0.0004488324930692,0.,0.0374137315127603,0.0628675570695069,
0.0813402714715,0.0966783436972538,0.10348576699259),.UNSPECIFIED.);
#259=B_SPLINE_CURVE_WITH_KNOTS('',3,(#2292,#2293,#2294,#2295,#2296,#2297,
#2298,#2299,#2300,#2301,#2302,#2303,#2304,#2305),.UNSPECIFIED.,.F.,.F.,
(4,2,2,2,2,2,4),(-0.103181904181421,-0.102774023154311,-0.0686305608971643,
-0.0454835788144256,-0.0291214660769655,-0.0145885868904176,0.),
 .UNSPECIFIED.);
#260=B_SPLINE_CURVE_WITH_KNOTS('',3,(#2308,#2309,#2310,#2311,#2312,#2313),
 .UNSPECIFIED.,.F.,.F.,(4,1,1,4),(-12.3544406644899,-10.1183903416505,-8.9753406825733,
-8.40381585303473),.UNSPECIFIED.);
#261=B_SPLINE_CURVE_WITH_KNOTS('',3,(#2317,#2318,#2319,#2320,#2321,#2322,
#2323,#2324,#2325,#2326,#2327,#2328,#2329,#2330,#2331,#2332,#2333,#2334,
#2335,#2336,#2337,#2338,#2339),.UNSPECIFIED.,.F.,.F.,(4,2,2,2,2,3,2,2,2,
2,4),(3.58790855651434,3.88372315770736,4.17953775890037,4.48170791712641,
4.63279299623943,4.78387807535245,4.93496315446548,5.0860482335785,5.38821839180454,
5.68403299299755,5.70204182651101),.UNSPECIFIED.);
#262=B_SPLINE_CURVE_WITH_KNOTS('',3,(#2340,#2341,#2342,#2343),
 .UNSPECIFIED.,.F.,.F.,(4,4),(-0.00587526826708014,0.),.UNSPECIFIED.);
#263=B_SPLINE_CURVE_WITH_KNOTS('',3,(#2381,#2382,#2383,#2384,#2385,#2386,
#2387,#2388,#2389,#2390,#2391,#2392,#2393,#2394),.UNSPECIFIED.,.F.,.F.,
(4,2,2,2,2,2,4),(-0.105417422298182,-0.104974070794837,-0.0702810380443265,
-0.0463685983964645,-0.0290717612309805,-0.0148068972315557,-0.00795843632673479),
 .UNSPECIFIED.);
#264=B_SPLINE_CURVE_WITH_KNOTS('',3,(#2395,#2396,#2397,#2398),
 .UNSPECIFIED.,.F.,.F.,(4,4),(-0.00785516813007943,0.),.UNSPECIFIED.);
#265=B_SPLINE_CURVE_WITH_KNOTS('',3,(#2449,#2450,#2451,#2452,#2453,#2454,
#2455),.UNSPECIFIED.,.F.,.F.,(4,3,4),(-0.137232770688388,-0.128889860449333,
-0.12294188150865),.UNSPECIFIED.);
#266=B_SPLINE_CURVE_WITH_KNOTS('',3,(#2456,#2457,#2458,#2459,#2460,#2461,
#2462,#2463,#2464,#2465,#2466,#2467,#2468,#2469,#2470,#2471,#2472,#2473,
#2474,#2475,#2476,#2477,#2478,#2479,#2480,#2481,#2482,#2483,#2484,#2485,
#2486,#2487,#2488,#2489,#2490,#2491,#2492,#2493,#2494,#2495,#2496,#2497,
#2498,#2499,#2500,#2501,#2502,#2503,#2504,#2505,#2506,#2507,#2508,#2509,
#2510,#2511,#2512,#2513,#2514,#2515,#2516,#2517,#2518,#2519,#2520,#2521,
#2522),.UNSPECIFIED.,.F.,.F.,(4,3,3,3,3,3,3,3,3,3,3,3,3,3,3,3,3,3,3,3,3,
3,4),(-0.131379685276821,-0.125413021468244,-0.11823934634437,-0.112959513057615,
-0.105547544080391,-0.0984573816881159,-0.0906461891366657,-0.0885566818223798,
-0.0847781811027521,-0.0780707030002937,-0.0710072078747334,-0.069275539598064,
-0.0617620322786087,-0.0537791224866608,-0.0484614641928934,-0.0483612839806471,
-0.0397606257041427,-0.0306372758692667,-0.024926426245083,-0.0141027667178295,
-0.00283399282219452,0.,0.000461129321594572),.UNSPECIFIED.);
#267=B_SPLINE_CURVE_WITH_KNOTS('',3,(#2546,#2547,#2548,#2549),
 .UNSPECIFIED.,.F.,.F.,(4,4),(-0.674821341262072,-0.103130160320849),
 .UNSPECIFIED.);
#268=B_SPLINE_CURVE_WITH_KNOTS('',3,(#2550,#2551,#2552,#2553,#2554,#2555,
#2556,#2557,#2558,#2559,#2560,#2561),.UNSPECIFIED.,.F.,.F.,(4,2,2,2,2,4),
(-0.0736063303955585,-0.0560619916553093,-0.0333903692170694,-0.0169510135001044,
0.,0.000418950389119233),.UNSPECIFIED.);
#269=B_SPLINE_CURVE_WITH_KNOTS('',3,(#2595,#2596,#2597,#2598,#2599,#2600,
#2601,#2602,#2603,#2604,#2605,#2606,#2607,#2608,#2609,#2610,#2611,#2612,
#2613,#2614,#2615,#2616),.UNSPECIFIED.,.F.,.F.,(4,3,3,3,3,3,3,4),(-43.4756521762136,
-42.9766218672336,-42.4859531723186,-42.1256211958002,-41.8579941867665,
-41.2946406433003,-40.7505478167525,-40.6553150886476),.UNSPECIFIED.);
#270=B_SPLINE_CURVE_WITH_KNOTS('',3,(#2617,#2618,#2619,#2620),
 .UNSPECIFIED.,.F.,.F.,(4,4),(40.6531219387448,40.6553150886476),
 .UNSPECIFIED.);
#271=B_SPLINE_CURVE_WITH_KNOTS('',3,(#2646,#2647,#2648,#2649),
 .UNSPECIFIED.,.F.,.F.,(4,4),(39.6479241121649,39.6501170123013),
 .UNSPECIFIED.);
#272=B_SPLINE_CURVE_WITH_KNOTS('',3,(#2650,#2651,#2652,#2653),
 .UNSPECIFIED.,.F.,.F.,(4,4),(-39.6479241121649,-36.8293653220635),
 .UNSPECIFIED.);
#273=B_SPLINE_CURVE_WITH_KNOTS('',3,(#2694,#2695,#2696,#2697,#2698,#2699,
#2700,#2701,#2702,#2703,#2704,#2705,#2706,#2707,#2708,#2709,#2710,#2711,
#2712,#2713,#2714,#2715,#2716,#2717,#2718,#2719,#2720,#2721,#2722,#2723,
#2724,#2725,#2726,#2727,#2728,#2729,#2730,#2731,#2732,#2733,#2734,#2735,
#2736,#2737,#2738,#2739,#2740,#2741,#2742),.UNSPECIFIED.,.F.,.F.,(4,3,3,
3,3,3,3,3,3,3,3,3,3,3,3,3,4),(-7.81399663671477,-7.80560863848169,-7.76092520222027,
-7.71220814431017,-7.65618126315062,-7.63463432755786,-7.61899102853146,
-7.54832818604878,-7.47021975861657,-7.42376557042513,-7.32940871700457,
-7.2660170627391,-7.07276411348433,-7.03367531797318,-6.80423734989775,
-6.57242367393048,-6.44823621899549),.UNSPECIFIED.);
#274=B_SPLINE_CURVE_WITH_KNOTS('',3,(#2743,#2744,#2745,#2746,#2747,#2748,
#2749,#2750,#2751,#2752,#2753,#2754,#2755,#2756,#2757,#2758),
 .UNSPECIFIED.,.F.,.F.,(4,3,3,3,3,4),(-0.000123120137686063,0.,0.00825124241467411,
0.0129958903938335,0.0211479994880588,0.0257927526886215),.UNSPECIFIED.);
#275=B_SPLINE_CURVE_WITH_KNOTS('',3,(#2777,#2778,#2779,#2780),
 .UNSPECIFIED.,.F.,.F.,(4,4),(-6.02619082553944,-4.73052438126075),
 .UNSPECIFIED.);
#276=B_SPLINE_CURVE_WITH_KNOTS('',3,(#2781,#2782,#2783,#2784,#2785,#2786),
 .UNSPECIFIED.,.F.,.F.,(4,2,4),(0.,0.00928134885994275,0.0109009826247334),
 .UNSPECIFIED.);
#277=B_SPLINE_CURVE_WITH_KNOTS('',3,(#2788,#2789,#2790,#2791,#2792,#2793,
#2794,#2795,#2796,#2797,#2798,#2799,#2800,#2801,#2802,#2803),
 .UNSPECIFIED.,.F.,.F.,(4,3,3,3,3,4),(-0.0259097623931408,-0.025786671262563,
-0.0173920108925896,-0.0127938452255452,-0.00457341298979348,0.),
 .UNSPECIFIED.);
#278=B_SPLINE_CURVE_WITH_KNOTS('',3,(#2804,#2805,#2806,#2807,#2808,#2809,
#2810,#2811),.UNSPECIFIED.,.F.,.F.,(4,2,2,4),(0.0285610318619266,0.0288481582578621,
0.0357060718707816,0.0395002096829756),.UNSPECIFIED.);
#279=B_SPLINE_CURVE_WITH_KNOTS('',3,(#2849,#2850,#2851,#2852,#2853,#2854,
#2855),.UNSPECIFIED.,.F.,.F.,(4,1,1,1,4),(-6.44823621899547,-5.66780169458445,
-5.4726930634817,-5.27758443237894,-5.08247580127619),.UNSPECIFIED.);
#280=B_SPLINE_CURVE_WITH_KNOTS('',3,(#2910,#2911,#2912,#2913,#2914,#2915,
#2916,#2917),.UNSPECIFIED.,.F.,.F.,(4,1,1,1,1,4),(-9.34134440395191,-6.67238885996565,
-5.33791108797252,-4.00343331597939,-1.33447777199313,-7.12182710644702E-16),
 .UNSPECIFIED.);
#281=B_SPLINE_CURVE_WITH_KNOTS('',3,(#2943,#2944,#2945,#2946),
 .UNSPECIFIED.,.F.,.F.,(4,4),(-0.571691180941229,-1.05528445960256E-14),
 .UNSPECIFIED.);
#282=B_SPLINE_CURVE_WITH_KNOTS('',3,(#2947,#2948,#2949,#2950,#2951,#2952,
#2953,#2954,#2955,#2956,#2957,#2958),.UNSPECIFIED.,.F.,.F.,(4,2,2,2,2,4),
(-0.0735161114286212,-0.0731000426085139,-0.0562656241924922,-0.0399393447448799,
-0.0174236637143202,0.),.UNSPECIFIED.);
#283=B_SPLINE_CURVE_WITH_KNOTS('',3,(#2991,#2992,#2993,#2994,#2995,#2996),
 .UNSPECIFIED.,.F.,.F.,(4,1,1,4),(-2.01278917276642,-0.913198589335357,
-0.63830094347759,-0.0885056517620573),.UNSPECIFIED.);
#284=B_SPLINE_CURVE_WITH_KNOTS('',3,(#2997,#2998,#2999,#3000,#3001,#3002,
#3003),.UNSPECIFIED.,.F.,.F.,(4,3,4),(0.,0.0082885926954446,0.0158211298320523),
 .UNSPECIFIED.);
#285=B_SPLINE_CURVE_WITH_KNOTS('',3,(#3004,#3005,#3006,#3007,#3008,#3009,
#3010),.UNSPECIFIED.,.F.,.F.,(4,3,4),(0.0620136778490375,0.070309923787044,
0.0777991522065533),.UNSPECIFIED.);
#286=CIRCLE('',#949,0.500000000000006);
#287=CIRCLE('',#950,0.499999999999995);
#288=CIRCLE('',#951,0.499999999999998);
#289=CIRCLE('',#952,0.499999999999995);
#290=CIRCLE('',#954,203.960780543711);
#291=CIRCLE('',#955,199.104571483147);
#292=CIRCLE('',#956,7.5);
#293=CIRCLE('',#957,2.5);
#294=CIRCLE('',#959,196.454543737482);
#295=CIRCLE('',#960,200.238059849383);
#296=CIRCLE('',#961,204.780830739784);
#297=CIRCLE('',#962,204.780830739784);
#298=CIRCLE('',#963,204.780830739784);
#299=CIRCLE('',#964,204.780830739784);
#300=CIRCLE('',#966,0.499999999999996);
#301=CIRCLE('',#967,0.500000000000014);
#302=CIRCLE('',#968,0.50000000000001);
#303=CIRCLE('',#969,0.499999999999995);
#304=CIRCLE('',#970,2.5);
#305=CIRCLE('',#971,7.5);
#306=CIRCLE('',#973,201.246117974981);
#307=CIRCLE('',#976,0.500000000000001);
#308=CIRCLE('',#977,0.500000000000004);
#309=CIRCLE('',#978,0.500000000000002);
#310=CIRCLE('',#979,0.500000000000005);
#311=CIRCLE('',#980,2.5);
#312=CIRCLE('',#981,7.5);
#313=CIRCLE('',#983,205.12191496766);
#314=CIRCLE('',#985,7.5);
#315=CIRCLE('',#988,7.5);
#316=CIRCLE('',#989,0.5);
#317=CIRCLE('',#991,205.280296180613);
#318=CIRCLE('',#993,0.500000000000016);
#319=CIRCLE('',#994,205.280296180613);
#320=CIRCLE('',#995,0.499999999999999);
#321=CIRCLE('',#997,0.499999999999968);
#322=CIRCLE('',#998,205.280296180613);
#323=CIRCLE('',#999,0.500000000000003);
#324=CIRCLE('',#1001,0.499999999999995);
#325=CIRCLE('',#1002,205.280296180613);
#326=VERTEX_POINT('',#1215);
#327=VERTEX_POINT('',#1216);
#328=VERTEX_POINT('',#1218);
#329=VERTEX_POINT('',#1223);
#330=VERTEX_POINT('',#1277);
#331=VERTEX_POINT('',#1318);
#332=VERTEX_POINT('',#1319);
#333=VERTEX_POINT('',#1321);
#334=VERTEX_POINT('',#1326);
#335=VERTEX_POINT('',#1380);
#336=VERTEX_POINT('',#1432);
#337=VERTEX_POINT('',#1440);
#338=VERTEX_POINT('',#1446);
#339=VERTEX_POINT('',#1454);
#340=VERTEX_POINT('',#1456);
#341=VERTEX_POINT('',#1464);
#342=VERTEX_POINT('',#1469);
#343=VERTEX_POINT('',#1476);
#344=VERTEX_POINT('',#1478);
#345=VERTEX_POINT('',#1485);
#346=VERTEX_POINT('',#1487);
#347=VERTEX_POINT('',#1492);
#348=VERTEX_POINT('',#1499);
#349=VERTEX_POINT('',#1504);
#350=VERTEX_POINT('',#1506);
#351=VERTEX_POINT('',#1515);
#352=VERTEX_POINT('',#1517);
#353=VERTEX_POINT('',#1525);
#354=VERTEX_POINT('',#1530);
#355=VERTEX_POINT('',#1538);
#356=VERTEX_POINT('',#1588);
#357=VERTEX_POINT('',#1596);
#358=VERTEX_POINT('',#1636);
#359=VERTEX_POINT('',#1638);
#360=VERTEX_POINT('',#1643);
#361=VERTEX_POINT('',#1689);
#362=VERTEX_POINT('',#1730);
#363=VERTEX_POINT('',#1732);
#364=VERTEX_POINT('',#1737);
#365=VERTEX_POINT('',#1783);
#366=VERTEX_POINT('',#1830);
#367=VERTEX_POINT('',#1838);
#368=VERTEX_POINT('',#1910);
#369=VERTEX_POINT('',#1957);
#370=VERTEX_POINT('',#1959);
#371=VERTEX_POINT('',#1964);
#372=VERTEX_POINT('',#2010);
#373=VERTEX_POINT('',#2051);
#374=VERTEX_POINT('',#2053);
#375=VERTEX_POINT('',#2058);
#376=VERTEX_POINT('',#2104);
#377=VERTEX_POINT('',#2151);
#378=VERTEX_POINT('',#2158);
#379=VERTEX_POINT('',#2163);
#380=VERTEX_POINT('',#2168);
#381=VERTEX_POINT('',#2192);
#382=VERTEX_POINT('',#2237);
#383=VERTEX_POINT('',#2307);
#384=VERTEX_POINT('',#2314);
#385=VERTEX_POINT('',#2316);
#386=VERTEX_POINT('',#2380);
#387=VERTEX_POINT('',#2448);
#388=VERTEX_POINT('',#2543);
#389=VERTEX_POINT('',#2545);
#390=VERTEX_POINT('',#2594);
#391=VERTEX_POINT('',#2645);
#392=VERTEX_POINT('',#2655);
#393=VERTEX_POINT('',#2693);
#394=VERTEX_POINT('',#2775);
#395=VERTEX_POINT('',#2776);
#396=VERTEX_POINT('',#2787);
#397=VERTEX_POINT('',#2847);
#398=VERTEX_POINT('',#2857);
#399=VERTEX_POINT('',#2908);
#400=VERTEX_POINT('',#2919);
#401=VERTEX_POINT('',#2942);
#402=VERTEX_POINT('',#2989);
#403=VERTEX_POINT('',#2990);
#404=VERTEX_POINT('',#3012);
#405=VERTEX_POINT('',#3014);
#406=VERTEX_POINT('',#3020);
#407=VERTEX_POINT('',#3026);
#408=VERTEX_POINT('',#3030);
#409=VERTEX_POINT('',#3032);
#410=VERTEX_POINT('',#3038);
#411=VERTEX_POINT('',#3042);
#412=VERTEX_POINT('',#3050);
#413=VERTEX_POINT('',#3054);
#414=EDGE_CURVE('',#326,#327,#286,.T.);
#415=EDGE_CURVE('',#327,#328,#205,.T.);
#416=EDGE_CURVE('',#329,#328,#287,.T.);
#417=EDGE_CURVE('',#329,#326,#206,.T.);
#418=EDGE_CURVE('',#328,#330,#207,.T.);
#419=EDGE_CURVE('',#330,#329,#208,.T.);
#420=EDGE_CURVE('',#331,#332,#288,.T.);
#421=EDGE_CURVE('',#332,#333,#209,.T.);
#422=EDGE_CURVE('',#334,#333,#289,.T.);
#423=EDGE_CURVE('',#334,#331,#210,.T.);
#424=EDGE_CURVE('',#333,#335,#211,.T.);
#425=EDGE_CURVE('',#335,#334,#212,.T.);
#426=EDGE_CURVE('',#330,#335,#290,.T.);
#427=EDGE_CURVE('',#332,#326,#291,.T.);
#428=EDGE_CURVE('',#328,#334,#292,.T.);
#429=EDGE_CURVE('',#335,#330,#293,.T.);
#430=EDGE_CURVE('',#336,#332,#213,.T.);
#431=EDGE_CURVE('',#337,#336,#214,.T.);
#432=EDGE_CURVE('',#338,#337,#215,.T.);
#433=EDGE_CURVE('',#339,#338,#294,.T.);
#434=EDGE_CURVE('',#340,#339,#216,.T.);
#435=EDGE_CURVE('',#341,#340,#217,.T.);
#436=EDGE_CURVE('',#342,#341,#218,.T.);
#437=EDGE_CURVE('',#343,#342,#295,.T.);
#438=EDGE_CURVE('',#344,#343,#219,.T.);
#439=EDGE_CURVE('',#345,#344,#296,.T.);
#440=EDGE_CURVE('',#346,#345,#220,.T.);
#441=EDGE_CURVE('',#347,#346,#221,.T.);
#442=EDGE_CURVE('',#348,#347,#222,.T.);
#443=EDGE_CURVE('',#349,#348,#297,.T.);
#444=EDGE_CURVE('',#350,#349,#223,.T.);
#445=EDGE_CURVE('',#351,#350,#298,.T.);
#446=EDGE_CURVE('',#352,#351,#224,.T.);
#447=EDGE_CURVE('',#353,#352,#225,.T.);
#448=EDGE_CURVE('',#354,#353,#226,.T.);
#449=EDGE_CURVE('',#355,#354,#299,.T.);
#450=EDGE_CURVE('',#326,#355,#227,.T.);
#451=EDGE_CURVE('',#331,#356,#228,.T.);
#452=EDGE_CURVE('',#357,#356,#229,.T.);
#453=EDGE_CURVE('',#336,#357,#230,.T.);
#454=EDGE_CURVE('',#358,#339,#300,.T.);
#455=EDGE_CURVE('',#339,#359,#231,.T.);
#456=EDGE_CURVE('',#360,#359,#301,.T.);
#457=EDGE_CURVE('',#360,#358,#232,.T.);
#458=EDGE_CURVE('',#359,#361,#233,.T.);
#459=EDGE_CURVE('',#361,#360,#234,.T.);
#460=EDGE_CURVE('',#338,#362,#302,.T.);
#461=EDGE_CURVE('',#362,#363,#235,.T.);
#462=EDGE_CURVE('',#364,#363,#303,.T.);
#463=EDGE_CURVE('',#364,#338,#236,.T.);
#464=EDGE_CURVE('',#363,#365,#237,.T.);
#465=EDGE_CURVE('',#365,#364,#238,.T.);
#466=EDGE_CURVE('',#361,#365,#304,.T.);
#467=EDGE_CURVE('',#363,#360,#305,.T.);
#468=EDGE_CURVE('',#365,#361,#306,.T.);
#469=EDGE_CURVE('',#366,#362,#239,.T.);
#470=EDGE_CURVE('',#366,#367,#240,.T.);
#471=EDGE_CURVE('',#358,#367,#241,.T.);
#472=EDGE_CURVE('',#337,#368,#242,.T.);
#473=EDGE_CURVE('',#368,#366,#243,.T.);
#474=EDGE_CURVE('',#369,#343,#307,.T.);
#475=EDGE_CURVE('',#343,#370,#244,.T.);
#476=EDGE_CURVE('',#371,#370,#308,.T.);
#477=EDGE_CURVE('',#371,#369,#245,.T.);
#478=EDGE_CURVE('',#370,#372,#246,.T.);
#479=EDGE_CURVE('',#372,#371,#247,.T.);
#480=EDGE_CURVE('',#342,#373,#309,.T.);
#481=EDGE_CURVE('',#373,#374,#248,.T.);
#482=EDGE_CURVE('',#375,#374,#310,.T.);
#483=EDGE_CURVE('',#375,#342,#249,.T.);
#484=EDGE_CURVE('',#374,#376,#250,.T.);
#485=EDGE_CURVE('',#376,#375,#251,.T.);
#486=EDGE_CURVE('',#372,#376,#311,.T.);
#487=EDGE_CURVE('',#374,#371,#312,.T.);
#488=EDGE_CURVE('',#376,#372,#313,.T.);
#489=EDGE_CURVE('',#377,#373,#252,.T.);
#490=EDGE_CURVE('',#378,#377,#253,.T.);
#491=EDGE_CURVE('',#379,#378,#254,.T.);
#492=EDGE_CURVE('',#379,#380,#255,.T.);
#493=EDGE_CURVE('',#381,#380,#314,.T.);
#494=EDGE_CURVE('',#369,#381,#256,.T.);
#495=EDGE_CURVE('',#381,#382,#257,.T.);
#496=EDGE_CURVE('',#344,#382,#258,.T.);
#497=EDGE_CURVE('',#341,#378,#259,.T.);
#498=EDGE_CURVE('',#383,#327,#260,.T.);
#499=EDGE_CURVE('',#384,#383,#315,.T.);
#500=EDGE_CURVE('',#384,#385,#261,.T.);
#501=EDGE_CURVE('',#357,#385,#262,.T.);
#502=EDGE_CURVE('',#355,#386,#263,.T.);
#503=EDGE_CURVE('',#386,#383,#264,.T.);
#504=EDGE_CURVE('',#367,#387,#265,.T.);
#505=EDGE_CURVE('',#387,#340,#266,.T.);
#506=EDGE_CURVE('',#345,#388,#316,.T.);
#507=EDGE_CURVE('',#388,#389,#267,.T.);
#508=EDGE_CURVE('',#389,#346,#268,.T.);
#509=EDGE_CURVE('',#382,#388,#317,.T.);
#510=EDGE_CURVE('',#385,#390,#269,.T.);
#511=EDGE_CURVE('',#368,#390,#270,.T.);
#512=EDGE_CURVE('',#391,#387,#271,.T.);
#513=EDGE_CURVE('',#391,#379,#272,.T.);
#514=EDGE_CURVE('',#354,#392,#318,.T.);
#515=EDGE_CURVE('',#392,#386,#319,.T.);
#516=EDGE_CURVE('',#393,#392,#273,.T.);
#517=EDGE_CURVE('',#353,#393,#274,.T.);
#518=EDGE_CURVE('',#394,#395,#275,.T.);
#519=EDGE_CURVE('',#395,#393,#276,.T.);
#520=EDGE_CURVE('',#352,#396,#277,.T.);
#521=EDGE_CURVE('',#396,#394,#278,.T.);
#522=EDGE_CURVE('',#351,#397,#320,.T.);
#523=EDGE_CURVE('',#397,#396,#279,.T.);
#524=EDGE_CURVE('',#350,#398,#321,.T.);
#525=EDGE_CURVE('',#398,#397,#322,.T.);
#526=EDGE_CURVE('',#349,#399,#323,.T.);
#527=EDGE_CURVE('',#399,#398,#280,.T.);
#528=EDGE_CURVE('',#348,#400,#324,.T.);
#529=EDGE_CURVE('',#400,#399,#325,.T.);
#530=EDGE_CURVE('',#401,#400,#281,.T.);
#531=EDGE_CURVE('',#347,#401,#282,.T.);
#532=EDGE_CURVE('',#402,#403,#283,.T.);
#533=EDGE_CURVE('',#403,#401,#284,.T.);
#534=EDGE_CURVE('',#389,#402,#285,.T.);
#535=EDGE_CURVE('',#404,#392,#23,.T.);
#536=EDGE_CURVE('',#405,#404,#24,.T.);
#537=EDGE_CURVE('',#384,#405,#25,.T.);
#538=EDGE_CURVE('',#404,#395,#15,.T.);
#539=EDGE_CURVE('',#394,#406,#16,.T.);
#540=EDGE_CURVE('',#406,#404,#26,.T.);
#541=EDGE_CURVE('',#397,#406,#27,.T.);
#542=EDGE_CURVE('',#407,#398,#28,.T.);
#543=EDGE_CURVE('',#406,#407,#29,.T.);
#544=EDGE_CURVE('',#408,#400,#30,.T.);
#545=EDGE_CURVE('',#409,#408,#31,.T.);
#546=EDGE_CURVE('',#399,#409,#32,.T.);
#547=EDGE_CURVE('',#403,#408,#17,.T.);
#548=EDGE_CURVE('',#410,#402,#18,.T.);
#549=EDGE_CURVE('',#410,#408,#33,.T.);
#550=EDGE_CURVE('',#411,#380,#34,.T.);
#551=EDGE_CURVE('',#410,#411,#35,.T.);
#552=EDGE_CURVE('',#388,#410,#36,.T.);
#553=EDGE_CURVE('',#405,#407,#37,.T.);
#554=EDGE_CURVE('',#412,#407,#19,.T.);
#555=EDGE_CURVE('',#412,#405,#20,.T.);
#556=EDGE_CURVE('',#409,#413,#21,.T.);
#557=EDGE_CURVE('',#413,#411,#22,.T.);
#558=EDGE_CURVE('',#409,#411,#38,.T.);
#559=ORIENTED_EDGE('',*,*,#414,.T.);
#560=ORIENTED_EDGE('',*,*,#415,.T.);
#561=ORIENTED_EDGE('',*,*,#416,.F.);
#562=ORIENTED_EDGE('',*,*,#417,.T.);
#563=ORIENTED_EDGE('',*,*,#416,.T.);
#564=ORIENTED_EDGE('',*,*,#418,.T.);
#565=ORIENTED_EDGE('',*,*,#419,.T.);
#566=ORIENTED_EDGE('',*,*,#420,.T.);
#567=ORIENTED_EDGE('',*,*,#421,.T.);
#568=ORIENTED_EDGE('',*,*,#422,.F.);
#569=ORIENTED_EDGE('',*,*,#423,.T.);
#570=ORIENTED_EDGE('',*,*,#422,.T.);
#571=ORIENTED_EDGE('',*,*,#424,.T.);
#572=ORIENTED_EDGE('',*,*,#425,.T.);
#573=ORIENTED_EDGE('',*,*,#417,.F.);
#574=ORIENTED_EDGE('',*,*,#419,.F.);
#575=ORIENTED_EDGE('',*,*,#426,.T.);
#576=ORIENTED_EDGE('',*,*,#424,.F.);
#577=ORIENTED_EDGE('',*,*,#421,.F.);
#578=ORIENTED_EDGE('',*,*,#427,.T.);
#579=ORIENTED_EDGE('',*,*,#418,.F.);
#580=ORIENTED_EDGE('',*,*,#428,.T.);
#581=ORIENTED_EDGE('',*,*,#425,.F.);
#582=ORIENTED_EDGE('',*,*,#429,.T.);
#583=ORIENTED_EDGE('',*,*,#427,.F.);
#584=ORIENTED_EDGE('',*,*,#430,.F.);
#585=ORIENTED_EDGE('',*,*,#431,.F.);
#586=ORIENTED_EDGE('',*,*,#432,.F.);
#587=ORIENTED_EDGE('',*,*,#433,.F.);
#588=ORIENTED_EDGE('',*,*,#434,.F.);
#589=ORIENTED_EDGE('',*,*,#435,.F.);
#590=ORIENTED_EDGE('',*,*,#436,.F.);
#591=ORIENTED_EDGE('',*,*,#437,.F.);
#592=ORIENTED_EDGE('',*,*,#438,.F.);
#593=ORIENTED_EDGE('',*,*,#439,.F.);
#594=ORIENTED_EDGE('',*,*,#440,.F.);
#595=ORIENTED_EDGE('',*,*,#441,.F.);
#596=ORIENTED_EDGE('',*,*,#442,.F.);
#597=ORIENTED_EDGE('',*,*,#443,.F.);
#598=ORIENTED_EDGE('',*,*,#444,.F.);
#599=ORIENTED_EDGE('',*,*,#445,.F.);
#600=ORIENTED_EDGE('',*,*,#446,.F.);
#601=ORIENTED_EDGE('',*,*,#447,.F.);
#602=ORIENTED_EDGE('',*,*,#448,.F.);
#603=ORIENTED_EDGE('',*,*,#449,.F.);
#604=ORIENTED_EDGE('',*,*,#450,.F.);
#605=ORIENTED_EDGE('',*,*,#420,.F.);
#606=ORIENTED_EDGE('',*,*,#451,.T.);
#607=ORIENTED_EDGE('',*,*,#452,.F.);
#608=ORIENTED_EDGE('',*,*,#453,.F.);
#609=ORIENTED_EDGE('',*,*,#430,.T.);
#610=ORIENTED_EDGE('',*,*,#426,.F.);
#611=ORIENTED_EDGE('',*,*,#429,.F.);
#612=ORIENTED_EDGE('',*,*,#454,.T.);
#613=ORIENTED_EDGE('',*,*,#455,.T.);
#614=ORIENTED_EDGE('',*,*,#456,.F.);
#615=ORIENTED_EDGE('',*,*,#457,.T.);
#616=ORIENTED_EDGE('',*,*,#456,.T.);
#617=ORIENTED_EDGE('',*,*,#458,.T.);
#618=ORIENTED_EDGE('',*,*,#459,.T.);
#619=ORIENTED_EDGE('',*,*,#460,.T.);
#620=ORIENTED_EDGE('',*,*,#461,.T.);
#621=ORIENTED_EDGE('',*,*,#462,.F.);
#622=ORIENTED_EDGE('',*,*,#463,.T.);
#623=ORIENTED_EDGE('',*,*,#462,.T.);
#624=ORIENTED_EDGE('',*,*,#464,.T.);
#625=ORIENTED_EDGE('',*,*,#465,.T.);
#626=ORIENTED_EDGE('',*,*,#459,.F.);
#627=ORIENTED_EDGE('',*,*,#466,.T.);
#628=ORIENTED_EDGE('',*,*,#464,.F.);
#629=ORIENTED_EDGE('',*,*,#467,.T.);
#630=ORIENTED_EDGE('',*,*,#458,.F.);
#631=ORIENTED_EDGE('',*,*,#455,.F.);
#632=ORIENTED_EDGE('',*,*,#433,.T.);
#633=ORIENTED_EDGE('',*,*,#463,.F.);
#634=ORIENTED_EDGE('',*,*,#465,.F.);
#635=ORIENTED_EDGE('',*,*,#468,.T.);
#636=ORIENTED_EDGE('',*,*,#457,.F.);
#637=ORIENTED_EDGE('',*,*,#467,.F.);
#638=ORIENTED_EDGE('',*,*,#461,.F.);
#639=ORIENTED_EDGE('',*,*,#469,.F.);
#640=ORIENTED_EDGE('',*,*,#470,.T.);
#641=ORIENTED_EDGE('',*,*,#471,.F.);
#642=ORIENTED_EDGE('',*,*,#460,.F.);
#643=ORIENTED_EDGE('',*,*,#432,.T.);
#644=ORIENTED_EDGE('',*,*,#472,.T.);
#645=ORIENTED_EDGE('',*,*,#473,.T.);
#646=ORIENTED_EDGE('',*,*,#469,.T.);
#647=ORIENTED_EDGE('',*,*,#466,.F.);
#648=ORIENTED_EDGE('',*,*,#468,.F.);
#649=ORIENTED_EDGE('',*,*,#474,.T.);
#650=ORIENTED_EDGE('',*,*,#475,.T.);
#651=ORIENTED_EDGE('',*,*,#476,.F.);
#652=ORIENTED_EDGE('',*,*,#477,.T.);
#653=ORIENTED_EDGE('',*,*,#476,.T.);
#654=ORIENTED_EDGE('',*,*,#478,.T.);
#655=ORIENTED_EDGE('',*,*,#479,.T.);
#656=ORIENTED_EDGE('',*,*,#480,.T.);
#657=ORIENTED_EDGE('',*,*,#481,.T.);
#658=ORIENTED_EDGE('',*,*,#482,.F.);
#659=ORIENTED_EDGE('',*,*,#483,.T.);
#660=ORIENTED_EDGE('',*,*,#482,.T.);
#661=ORIENTED_EDGE('',*,*,#484,.T.);
#662=ORIENTED_EDGE('',*,*,#485,.T.);
#663=ORIENTED_EDGE('',*,*,#479,.F.);
#664=ORIENTED_EDGE('',*,*,#486,.T.);
#665=ORIENTED_EDGE('',*,*,#484,.F.);
#666=ORIENTED_EDGE('',*,*,#487,.T.);
#667=ORIENTED_EDGE('',*,*,#478,.F.);
#668=ORIENTED_EDGE('',*,*,#475,.F.);
#669=ORIENTED_EDGE('',*,*,#437,.T.);
#670=ORIENTED_EDGE('',*,*,#483,.F.);
#671=ORIENTED_EDGE('',*,*,#485,.F.);
#672=ORIENTED_EDGE('',*,*,#488,.T.);
#673=ORIENTED_EDGE('',*,*,#477,.F.);
#674=ORIENTED_EDGE('',*,*,#487,.F.);
#675=ORIENTED_EDGE('',*,*,#481,.F.);
#676=ORIENTED_EDGE('',*,*,#489,.F.);
#677=ORIENTED_EDGE('',*,*,#490,.F.);
#678=ORIENTED_EDGE('',*,*,#491,.F.);
#679=ORIENTED_EDGE('',*,*,#492,.T.);
#680=ORIENTED_EDGE('',*,*,#493,.F.);
#681=ORIENTED_EDGE('',*,*,#494,.F.);
#682=ORIENTED_EDGE('',*,*,#486,.F.);
#683=ORIENTED_EDGE('',*,*,#488,.F.);
#684=ORIENTED_EDGE('',*,*,#474,.F.);
#685=ORIENTED_EDGE('',*,*,#494,.T.);
#686=ORIENTED_EDGE('',*,*,#495,.T.);
#687=ORIENTED_EDGE('',*,*,#496,.F.);
#688=ORIENTED_EDGE('',*,*,#438,.T.);
#689=ORIENTED_EDGE('',*,*,#480,.F.);
#690=ORIENTED_EDGE('',*,*,#436,.T.);
#691=ORIENTED_EDGE('',*,*,#497,.T.);
#692=ORIENTED_EDGE('',*,*,#490,.T.);
#693=ORIENTED_EDGE('',*,*,#489,.T.);
#694=ORIENTED_EDGE('',*,*,#415,.F.);
#695=ORIENTED_EDGE('',*,*,#498,.F.);
#696=ORIENTED_EDGE('',*,*,#499,.F.);
#697=ORIENTED_EDGE('',*,*,#500,.T.);
#698=ORIENTED_EDGE('',*,*,#501,.F.);
#699=ORIENTED_EDGE('',*,*,#452,.T.);
#700=ORIENTED_EDGE('',*,*,#451,.F.);
#701=ORIENTED_EDGE('',*,*,#423,.F.);
#702=ORIENTED_EDGE('',*,*,#428,.F.);
#703=ORIENTED_EDGE('',*,*,#414,.F.);
#704=ORIENTED_EDGE('',*,*,#450,.T.);
#705=ORIENTED_EDGE('',*,*,#502,.T.);
#706=ORIENTED_EDGE('',*,*,#503,.T.);
#707=ORIENTED_EDGE('',*,*,#498,.T.);
#708=ORIENTED_EDGE('',*,*,#454,.F.);
#709=ORIENTED_EDGE('',*,*,#471,.T.);
#710=ORIENTED_EDGE('',*,*,#504,.T.);
#711=ORIENTED_EDGE('',*,*,#505,.T.);
#712=ORIENTED_EDGE('',*,*,#434,.T.);
#713=ORIENTED_EDGE('',*,*,#440,.T.);
#714=ORIENTED_EDGE('',*,*,#506,.T.);
#715=ORIENTED_EDGE('',*,*,#507,.T.);
#716=ORIENTED_EDGE('',*,*,#508,.T.);
#717=ORIENTED_EDGE('',*,*,#509,.T.);
#718=ORIENTED_EDGE('',*,*,#506,.F.);
#719=ORIENTED_EDGE('',*,*,#439,.T.);
#720=ORIENTED_EDGE('',*,*,#496,.T.);
#721=ORIENTED_EDGE('',*,*,#510,.T.);
#722=ORIENTED_EDGE('',*,*,#511,.F.);
#723=ORIENTED_EDGE('',*,*,#472,.F.);
#724=ORIENTED_EDGE('',*,*,#431,.T.);
#725=ORIENTED_EDGE('',*,*,#453,.T.);
#726=ORIENTED_EDGE('',*,*,#501,.T.);
#727=ORIENTED_EDGE('',*,*,#435,.T.);
#728=ORIENTED_EDGE('',*,*,#505,.F.);
#729=ORIENTED_EDGE('',*,*,#512,.F.);
#730=ORIENTED_EDGE('',*,*,#513,.T.);
#731=ORIENTED_EDGE('',*,*,#491,.T.);
#732=ORIENTED_EDGE('',*,*,#497,.F.);
#733=ORIENTED_EDGE('',*,*,#449,.T.);
#734=ORIENTED_EDGE('',*,*,#514,.T.);
#735=ORIENTED_EDGE('',*,*,#515,.T.);
#736=ORIENTED_EDGE('',*,*,#502,.F.);
#737=ORIENTED_EDGE('',*,*,#516,.T.);
#738=ORIENTED_EDGE('',*,*,#514,.F.);
#739=ORIENTED_EDGE('',*,*,#448,.T.);
#740=ORIENTED_EDGE('',*,*,#517,.T.);
#741=ORIENTED_EDGE('',*,*,#518,.T.);
#742=ORIENTED_EDGE('',*,*,#519,.T.);
#743=ORIENTED_EDGE('',*,*,#517,.F.);
#744=ORIENTED_EDGE('',*,*,#447,.T.);
#745=ORIENTED_EDGE('',*,*,#520,.T.);
#746=ORIENTED_EDGE('',*,*,#521,.T.);
#747=ORIENTED_EDGE('',*,*,#446,.T.);
#748=ORIENTED_EDGE('',*,*,#522,.T.);
#749=ORIENTED_EDGE('',*,*,#523,.T.);
#750=ORIENTED_EDGE('',*,*,#520,.F.);
#751=ORIENTED_EDGE('',*,*,#524,.T.);
#752=ORIENTED_EDGE('',*,*,#525,.T.);
#753=ORIENTED_EDGE('',*,*,#522,.F.);
#754=ORIENTED_EDGE('',*,*,#445,.T.);
#755=ORIENTED_EDGE('',*,*,#526,.T.);
#756=ORIENTED_EDGE('',*,*,#527,.T.);
#757=ORIENTED_EDGE('',*,*,#524,.F.);
#758=ORIENTED_EDGE('',*,*,#444,.T.);
#759=ORIENTED_EDGE('',*,*,#528,.T.);
#760=ORIENTED_EDGE('',*,*,#529,.T.);
#761=ORIENTED_EDGE('',*,*,#526,.F.);
#762=ORIENTED_EDGE('',*,*,#443,.T.);
#763=ORIENTED_EDGE('',*,*,#530,.T.);
#764=ORIENTED_EDGE('',*,*,#528,.F.);
#765=ORIENTED_EDGE('',*,*,#442,.T.);
#766=ORIENTED_EDGE('',*,*,#531,.T.);
#767=ORIENTED_EDGE('',*,*,#532,.T.);
#768=ORIENTED_EDGE('',*,*,#533,.T.);
#769=ORIENTED_EDGE('',*,*,#531,.F.);
#770=ORIENTED_EDGE('',*,*,#441,.T.);
#771=ORIENTED_EDGE('',*,*,#508,.F.);
#772=ORIENTED_EDGE('',*,*,#534,.T.);
#773=ORIENTED_EDGE('',*,*,#515,.F.);
#774=ORIENTED_EDGE('',*,*,#535,.F.);
#775=ORIENTED_EDGE('',*,*,#536,.F.);
#776=ORIENTED_EDGE('',*,*,#537,.F.);
#777=ORIENTED_EDGE('',*,*,#499,.T.);
#778=ORIENTED_EDGE('',*,*,#503,.F.);
#779=ORIENTED_EDGE('',*,*,#516,.F.);
#780=ORIENTED_EDGE('',*,*,#519,.F.);
#781=ORIENTED_EDGE('',*,*,#538,.F.);
#782=ORIENTED_EDGE('',*,*,#535,.T.);
#783=ORIENTED_EDGE('',*,*,#518,.F.);
#784=ORIENTED_EDGE('',*,*,#539,.T.);
#785=ORIENTED_EDGE('',*,*,#540,.T.);
#786=ORIENTED_EDGE('',*,*,#538,.T.);
#787=ORIENTED_EDGE('',*,*,#521,.F.);
#788=ORIENTED_EDGE('',*,*,#523,.F.);
#789=ORIENTED_EDGE('',*,*,#541,.T.);
#790=ORIENTED_EDGE('',*,*,#539,.F.);
#791=ORIENTED_EDGE('',*,*,#525,.F.);
#792=ORIENTED_EDGE('',*,*,#542,.F.);
#793=ORIENTED_EDGE('',*,*,#543,.F.);
#794=ORIENTED_EDGE('',*,*,#541,.F.);
#795=ORIENTED_EDGE('',*,*,#529,.F.);
#796=ORIENTED_EDGE('',*,*,#544,.F.);
#797=ORIENTED_EDGE('',*,*,#545,.F.);
#798=ORIENTED_EDGE('',*,*,#546,.F.);
#799=ORIENTED_EDGE('',*,*,#530,.F.);
#800=ORIENTED_EDGE('',*,*,#533,.F.);
#801=ORIENTED_EDGE('',*,*,#547,.T.);
#802=ORIENTED_EDGE('',*,*,#544,.T.);
#803=ORIENTED_EDGE('',*,*,#532,.F.);
#804=ORIENTED_EDGE('',*,*,#548,.F.);
#805=ORIENTED_EDGE('',*,*,#549,.T.);
#806=ORIENTED_EDGE('',*,*,#547,.F.);
#807=ORIENTED_EDGE('',*,*,#509,.F.);
#808=ORIENTED_EDGE('',*,*,#495,.F.);
#809=ORIENTED_EDGE('',*,*,#493,.T.);
#810=ORIENTED_EDGE('',*,*,#550,.F.);
#811=ORIENTED_EDGE('',*,*,#551,.F.);
#812=ORIENTED_EDGE('',*,*,#552,.F.);
#813=ORIENTED_EDGE('',*,*,#507,.F.);
#814=ORIENTED_EDGE('',*,*,#552,.T.);
#815=ORIENTED_EDGE('',*,*,#548,.T.);
#816=ORIENTED_EDGE('',*,*,#534,.F.);
#817=ORIENTED_EDGE('',*,*,#540,.F.);
#818=ORIENTED_EDGE('',*,*,#543,.T.);
#819=ORIENTED_EDGE('',*,*,#553,.F.);
#820=ORIENTED_EDGE('',*,*,#536,.T.);
#821=ORIENTED_EDGE('',*,*,#554,.F.);
#822=ORIENTED_EDGE('',*,*,#555,.T.);
#823=ORIENTED_EDGE('',*,*,#553,.T.);
#824=ORIENTED_EDGE('',*,*,#510,.F.);
#825=ORIENTED_EDGE('',*,*,#500,.F.);
#826=ORIENTED_EDGE('',*,*,#537,.T.);
#827=ORIENTED_EDGE('',*,*,#555,.F.);
#828=ORIENTED_EDGE('',*,*,#554,.T.);
#829=ORIENTED_EDGE('',*,*,#542,.T.);
#830=ORIENTED_EDGE('',*,*,#527,.F.);
#831=ORIENTED_EDGE('',*,*,#546,.T.);
#832=ORIENTED_EDGE('',*,*,#556,.T.);
#833=ORIENTED_EDGE('',*,*,#557,.T.);
#834=ORIENTED_EDGE('',*,*,#550,.T.);
#835=ORIENTED_EDGE('',*,*,#492,.F.);
#836=ORIENTED_EDGE('',*,*,#513,.F.);
#837=ORIENTED_EDGE('',*,*,#512,.T.);
#838=ORIENTED_EDGE('',*,*,#504,.F.);
#839=ORIENTED_EDGE('',*,*,#470,.F.);
#840=ORIENTED_EDGE('',*,*,#473,.F.);
#841=ORIENTED_EDGE('',*,*,#511,.T.);
#842=ORIENTED_EDGE('',*,*,#556,.F.);
#843=ORIENTED_EDGE('',*,*,#558,.T.);
#844=ORIENTED_EDGE('',*,*,#557,.F.);
#845=ORIENTED_EDGE('',*,*,#549,.F.);
#846=ORIENTED_EDGE('',*,*,#551,.T.);
#847=ORIENTED_EDGE('',*,*,#558,.F.);
#848=ORIENTED_EDGE('',*,*,#545,.T.);
#849=B_SPLINE_SURFACE_WITH_KNOTS('',3,3,((#1199,#1200,#1201,#1202),(#1203,
#1204,#1205,#1206),(#1207,#1208,#1209,#1210),(#1211,#1212,#1213,#1214)),
 .UNSPECIFIED.,.F.,.F.,.F.,(4,4),(4,4),(0.,1.),(0.,0.108821948740311),
 .UNSPECIFIED.);
#850=B_SPLINE_SURFACE_WITH_KNOTS('',3,3,((#1229,#1230,#1231,#1232,#1233,
#1234,#1235,#1236,#1237,#1238,#1239,#1240),(#1241,#1242,#1243,#1244,#1245,
#1246,#1247,#1248,#1249,#1250,#1251,#1252),(#1253,#1254,#1255,#1256,#1257,
#1258,#1259,#1260,#1261,#1262,#1263,#1264),(#1265,#1266,#1267,#1268,#1269,
#1270,#1271,#1272,#1273,#1274,#1275,#1276)),.UNSPECIFIED.,.F.,.F.,.F.,(4,
4),(4,2,1,1,1,1,1,1,4),(0.,1.),(-0.00107443577359234,0.,0.155367173641522,
0.310734347283044,0.466101520924566,0.543785107745327,0.621468694566088,
0.699152281386849,0.77683586820761),.UNSPECIFIED.);
#851=B_SPLINE_SURFACE_WITH_KNOTS('',3,3,((#1302,#1303,#1304,#1305),(#1306,
#1307,#1308,#1309),(#1310,#1311,#1312,#1313),(#1314,#1315,#1316,#1317)),
 .UNSPECIFIED.,.F.,.F.,.F.,(4,4),(4,4),(0.,1.),(0.,0.108821948740358),
 .UNSPECIFIED.);
#852=B_SPLINE_SURFACE_WITH_KNOTS('',3,3,((#1332,#1333,#1334,#1335,#1336,
#1337,#1338,#1339,#1340,#1341,#1342,#1343),(#1344,#1345,#1346,#1347,#1348,
#1349,#1350,#1351,#1352,#1353,#1354,#1355),(#1356,#1357,#1358,#1359,#1360,
#1361,#1362,#1363,#1364,#1365,#1366,#1367),(#1368,#1369,#1370,#1371,#1372,
#1373,#1374,#1375,#1376,#1377,#1378,#1379)),.UNSPECIFIED.,.F.,.F.,.F.,(4,
4),(4,2,1,1,1,1,1,1,4),(0.,1.),(-0.777910289273166,-0.7768356907205,-0.6214685525764,
-0.4661014144323,-0.3107342762882,-0.233050707216151,-0.155367138144101,
-0.0776835690720505,-5.17089325213699E-16),.UNSPECIFIED.);
#853=B_SPLINE_SURFACE_WITH_KNOTS('',3,3,((#1546,#1547,#1548,#1549,#1550,
#1551,#1552),(#1553,#1554,#1555,#1556,#1557,#1558,#1559),(#1560,#1561,#1562,
#1563,#1564,#1565,#1566),(#1567,#1568,#1569,#1570,#1571,#1572,#1573),(#1574,
#1575,#1576,#1577,#1578,#1579,#1580),(#1581,#1582,#1583,#1584,#1585,#1586,
#1587)),.UNSPECIFIED.,.F.,.F.,.F.,(4,1,1,4),(4,1,1,1,4),(0.,0.285714285714286,
0.571428571428571,1.),(1.96589538498706,3.69531449422978,4.84826056705826,
5.4247336034725,6.00120663988674),.UNSPECIFIED.);
#854=B_SPLINE_SURFACE_WITH_KNOTS('',3,3,((#1616,#1617,#1618,#1619),(#1620,
#1621,#1622,#1623),(#1624,#1625,#1626,#1627),(#1628,#1629,#1630,#1631),
(#1632,#1633,#1634,#1635)),.UNSPECIFIED.,.F.,.F.,.F.,(4,1,4),(4,4),(0.,
0.571428571428571,1.),(0.,0.13080033111798),.UNSPECIFIED.);
#855=B_SPLINE_SURFACE_WITH_KNOTS('',3,3,((#1649,#1650,#1651,#1652,#1653,
#1654,#1655,#1656,#1657,#1658),(#1659,#1660,#1661,#1662,#1663,#1664,#1665,
#1666,#1667,#1668),(#1669,#1670,#1671,#1672,#1673,#1674,#1675,#1676,#1677,
#1678),(#1679,#1680,#1681,#1682,#1683,#1684,#1685,#1686,#1687,#1688)),
 .UNSPECIFIED.,.F.,.F.,.F.,(4,4),(4,2,1,1,1,1,4),(0.,1.),(-0.846109378921386,
-0.844886970737825,-0.675909576590261,-0.506932182442696,-0.337954788295132,
-0.168977394147567,-2.36740578521643E-15),.UNSPECIFIED.);
#856=B_SPLINE_SURFACE_WITH_KNOTS('',3,3,((#1710,#1711,#1712,#1713),(#1714,
#1715,#1716,#1717),(#1718,#1719,#1720,#1721),(#1722,#1723,#1724,#1725),
(#1726,#1727,#1728,#1729)),.UNSPECIFIED.,.F.,.F.,.F.,(4,1,4),(4,4),(0.,
0.571428571428571,1.),(0.,0.130800331117978),.UNSPECIFIED.);
#857=B_SPLINE_SURFACE_WITH_KNOTS('',3,3,((#1743,#1744,#1745,#1746,#1747,
#1748,#1749,#1750,#1751,#1752),(#1753,#1754,#1755,#1756,#1757,#1758,#1759,
#1760,#1761,#1762),(#1763,#1764,#1765,#1766,#1767,#1768,#1769,#1770,#1771,
#1772),(#1773,#1774,#1775,#1776,#1777,#1778,#1779,#1780,#1781,#1782)),
 .UNSPECIFIED.,.F.,.F.,.F.,(4,4),(4,2,1,1,1,1,4),(0.,1.),(-0.00122261294199844,
0.,0.168977345070669,0.337954690141338,0.506932035212007,0.675909380282676,
0.844886725353345),.UNSPECIFIED.);
#858=B_SPLINE_SURFACE_WITH_KNOTS('',3,3,((#1861,#1862,#1863,#1864,#1865,
#1866,#1867),(#1868,#1869,#1870,#1871,#1872,#1873,#1874),(#1875,#1876,#1877,
#1878,#1879,#1880,#1881),(#1882,#1883,#1884,#1885,#1886,#1887,#1888),(#1889,
#1890,#1891,#1892,#1893,#1894,#1895),(#1896,#1897,#1898,#1899,#1900,#1901,
#1902),(#1903,#1904,#1905,#1906,#1907,#1908,#1909)),.UNSPECIFIED.,.F.,.F.,
 .F.,(4,1,1,1,4),(4,1,1,1,4),(0.,0.285714285714286,0.571428571428571,0.857142857142857,
1.),(9.97471534130998,10.7147097265892,12.1946984971476,13.674687267706,
15.1546760382644),.UNSPECIFIED.);
#859=B_SPLINE_SURFACE_WITH_KNOTS('',3,3,((#1937,#1938,#1939,#1940),(#1941,
#1942,#1943,#1944),(#1945,#1946,#1947,#1948),(#1949,#1950,#1951,#1952),
(#1953,#1954,#1955,#1956)),.UNSPECIFIED.,.F.,.F.,.F.,(4,1,4),(4,4),(0.,
0.571428571428571,1.),(1.54996488282976E-17,0.0973753946786137),
 .UNSPECIFIED.);
#860=B_SPLINE_SURFACE_WITH_KNOTS('',3,3,((#1970,#1971,#1972,#1973,#1974,
#1975,#1976,#1977,#1978,#1979),(#1980,#1981,#1982,#1983,#1984,#1985,#1986,
#1987,#1988,#1989),(#1990,#1991,#1992,#1993,#1994,#1995,#1996,#1997,#1998,
#1999),(#2000,#2001,#2002,#2003,#2004,#2005,#2006,#2007,#2008,#2009)),
 .UNSPECIFIED.,.F.,.F.,.F.,(4,4),(4,2,1,1,1,1,4),(0.,1.),(-0.840046590964672,
-0.838840722024632,-0.671072577619706,-0.503304433214779,-0.335536288809853,
-0.167768144404926,0.),.UNSPECIFIED.);
#861=B_SPLINE_SURFACE_WITH_KNOTS('',3,3,((#2031,#2032,#2033,#2034),(#2035,
#2036,#2037,#2038),(#2039,#2040,#2041,#2042),(#2043,#2044,#2045,#2046),
(#2047,#2048,#2049,#2050)),.UNSPECIFIED.,.F.,.F.,.F.,(4,1,4),(4,4),(0.,
0.571428571428571,1.),(0.,0.0973753946786271),.UNSPECIFIED.);
#862=B_SPLINE_SURFACE_WITH_KNOTS('',3,3,((#2064,#2065,#2066,#2067,#2068,
#2069,#2070,#2071,#2072,#2073),(#2074,#2075,#2076,#2077,#2078,#2079,#2080,
#2081,#2082,#2083),(#2084,#2085,#2086,#2087,#2088,#2089,#2090,#2091,#2092,
#2093),(#2094,#2095,#2096,#2097,#2098,#2099,#2100,#2101,#2102,#2103)),
 .UNSPECIFIED.,.F.,.F.,.F.,(4,4),(4,2,1,1,1,1,4),(0.,1.),(-0.00120606825310733,
0.,0.16776809608639,0.335536192172781,0.503304288259171,0.671072384345562,
0.838840480431952),.UNSPECIFIED.);
#863=B_SPLINE_SURFACE_WITH_KNOTS('',3,3,((#2201,#2202,#2203,#2204,#2205,
#2206),(#2207,#2208,#2209,#2210,#2211,#2212),(#2213,#2214,#2215,#2216,#2217,
#2218),(#2219,#2220,#2221,#2222,#2223,#2224),(#2225,#2226,#2227,#2228,#2229,
#2230),(#2231,#2232,#2233,#2234,#2235,#2236)),.UNSPECIFIED.,.F.,.F.,.F.,
(4,1,1,4),(4,1,1,4),(0.,0.285714285714286,0.571428571428571,1.),(2.00131190395598,
3.49776230399611,4.49539590402286,5.49302950404961),.UNSPECIFIED.);
#864=B_SPLINE_SURFACE_WITH_KNOTS('',3,3,((#2256,#2257,#2258,#2259,#2260,
#2261),(#2262,#2263,#2264,#2265,#2266,#2267),(#2268,#2269,#2270,#2271,#2272,
#2273),(#2274,#2275,#2276,#2277,#2278,#2279),(#2280,#2281,#2282,#2283,#2284,
#2285),(#2286,#2287,#2288,#2289,#2290,#2291)),.UNSPECIFIED.,.F.,.F.,.F.,
(4,1,1,4),(4,1,1,4),(0.,0.285714285714286,0.571428571428571,1.),(8.91114367324332,
9.91889695850015,10.4227736011286,12.4382801716422),.UNSPECIFIED.);
#865=B_SPLINE_SURFACE_WITH_KNOTS('',3,3,((#2344,#2345,#2346,#2347,#2348,
#2349),(#2350,#2351,#2352,#2353,#2354,#2355),(#2356,#2357,#2358,#2359,#2360,
#2361),(#2362,#2363,#2364,#2365,#2366,#2367),(#2368,#2369,#2370,#2371,#2372,
#2373),(#2374,#2375,#2376,#2377,#2378,#2379)),.UNSPECIFIED.,.F.,.F.,.F.,
(4,1,1,4),(4,1,1,4),(0.,0.285714285714286,0.571428571428571,1.),(8.40381585303473,
8.9753406825733,10.1183903416505,12.4044896598048),.UNSPECIFIED.);
#866=B_SPLINE_SURFACE_WITH_KNOTS('',3,3,((#2399,#2400,#2401,#2402,#2403,
#2404,#2405),(#2406,#2407,#2408,#2409,#2410,#2411,#2412),(#2413,#2414,#2415,
#2416,#2417,#2418,#2419),(#2420,#2421,#2422,#2423,#2424,#2425,#2426),(#2427,
#2428,#2429,#2430,#2431,#2432,#2433),(#2434,#2435,#2436,#2437,#2438,#2439,
#2440),(#2441,#2442,#2443,#2444,#2445,#2446,#2447)),.UNSPECIFIED.,.F.,.F.,
 .F.,(4,1,1,1,4),(4,1,1,1,4),(0.,0.285714285714286,0.571428571428571,0.857142857142857,
1.),(1.84029296588971,4.06027612172745,5.54026489228595,6.2802592775652,
7.02025366284444),.UNSPECIFIED.);
#867=B_SPLINE_SURFACE_WITH_KNOTS('',3,3,((#2523,#2524,#2525,#2526),(#2527,
#2528,#2529,#2530),(#2531,#2532,#2533,#2534),(#2535,#2536,#2537,#2538),
(#2539,#2540,#2541,#2542)),.UNSPECIFIED.,.F.,.F.,.F.,(4,1,4),(4,4),(0.,
0.5,1.),(0.103130160320849,0.674821341262072),.UNSPECIFIED.);
#868=B_SPLINE_SURFACE_WITH_KNOTS('',3,3,((#2564,#2565,#2566,#2567,#2568),
(#2569,#2570,#2571,#2572,#2573),(#2574,#2575,#2576,#2577,#2578),(#2579,
#2580,#2581,#2582,#2583),(#2584,#2585,#2586,#2587,#2588),(#2589,#2590,#2591,
#2592,#2593)),.UNSPECIFIED.,.F.,.F.,.F.,(4,1,1,4),(4,1,4),(0.,0.285714285714286,
0.571428571428571,1.),(40.6100371107651,41.8579472287304,43.5218273860176),
 .UNSPECIFIED.);
#869=B_SPLINE_SURFACE_WITH_KNOTS('',3,3,((#2621,#2622,#2623,#2624),(#2625,
#2626,#2627,#2628),(#2629,#2630,#2631,#2632),(#2633,#2634,#2635,#2636),
(#2637,#2638,#2639,#2640),(#2641,#2642,#2643,#2644)),.UNSPECIFIED.,.F.,
 .F.,.F.,(4,1,1,4),(4,4),(0.,0.285714285714286,0.571428571428571,1.),(36.7833077413393,
39.6931963383385),.UNSPECIFIED.);
#870=B_SPLINE_SURFACE_WITH_KNOTS('',3,3,((#2658,#2659,#2660,#2661,#2662,
#2663,#2664),(#2665,#2666,#2667,#2668,#2669,#2670,#2671),(#2672,#2673,#2674,
#2675,#2676,#2677,#2678),(#2679,#2680,#2681,#2682,#2683,#2684,#2685),(#2686,
#2687,#2688,#2689,#2690,#2691,#2692)),.UNSPECIFIED.,.F.,.F.,.F.,(4,1,4),
(4,1,1,1,4),(0.,0.5,1.),(6.44823621899549,7.03356211230376,7.42377937450927,
7.61888800561202,7.81399663671477),.UNSPECIFIED.);
#871=B_SPLINE_SURFACE_WITH_KNOTS('',3,3,((#2759,#2760,#2761,#2762),(#2763,
#2764,#2765,#2766),(#2767,#2768,#2769,#2770),(#2771,#2772,#2773,#2774)),
 .UNSPECIFIED.,.F.,.F.,.F.,(4,4),(4,4),(0.,1.),(4.73052438126075,6.02619082553944),
 .UNSPECIFIED.);
#872=B_SPLINE_SURFACE_WITH_KNOTS('',3,3,((#2812,#2813,#2814,#2815,#2816,
#2817,#2818),(#2819,#2820,#2821,#2822,#2823,#2824,#2825),(#2826,#2827,#2828,
#2829,#2830,#2831,#2832),(#2833,#2834,#2835,#2836,#2837,#2838,#2839),(#2840,
#2841,#2842,#2843,#2844,#2845,#2846)),.UNSPECIFIED.,.F.,.F.,.F.,(4,1,4),
(4,1,1,1,4),(0.,0.5,1.),(5.08247580127619,5.27758443237894,5.4726930634817,
5.66780169458445,6.44823621899547),.UNSPECIFIED.);
#873=B_SPLINE_SURFACE_WITH_KNOTS('',3,3,((#2860,#2861,#2862,#2863,#2864,
#2865,#2866,#2867),(#2868,#2869,#2870,#2871,#2872,#2873,#2874,#2875),(#2876,
#2877,#2878,#2879,#2880,#2881,#2882,#2883),(#2884,#2885,#2886,#2887,#2888,
#2889,#2890,#2891),(#2892,#2893,#2894,#2895,#2896,#2897,#2898,#2899),(#2900,
#2901,#2902,#2903,#2904,#2905,#2906,#2907)),.UNSPECIFIED.,.F.,.F.,.F.,(4,
1,1,4),(4,1,1,1,1,4),(0.,0.285714285714286,0.571428571428571,1.),(7.12182710644702E-16,
1.33447777199313,4.00343331597939,5.33791108797252,6.67238885996565,9.34134440395191),
 .UNSPECIFIED.);
#874=B_SPLINE_SURFACE_WITH_KNOTS('',3,3,((#2922,#2923,#2924,#2925),(#2926,
#2927,#2928,#2929),(#2930,#2931,#2932,#2933),(#2934,#2935,#2936,#2937),
(#2938,#2939,#2940,#2941)),.UNSPECIFIED.,.F.,.F.,.F.,(4,1,4),(4,4),(0.,
0.5,1.),(1.05528445960256E-14,0.571691180941229),.UNSPECIFIED.);
#875=B_SPLINE_SURFACE_WITH_KNOTS('',3,3,((#2959,#2960,#2961,#2962,#2963,
#2964),(#2965,#2966,#2967,#2968,#2969,#2970),(#2971,#2972,#2973,#2974,#2975,
#2976),(#2977,#2978,#2979,#2980,#2981,#2982),(#2983,#2984,#2985,#2986,#2987,
#2988)),.UNSPECIFIED.,.F.,.F.,.F.,(4,1,4),(4,1,1,4),(0.,0.5,1.),(0.0885056517620573,
0.63830094347759,0.913198589335357,2.01278917276642),.UNSPECIFIED.);
#876=ADVANCED_FACE('',(#87),#849,.F.);
#877=ADVANCED_FACE('',(#88),#850,.F.);
#878=ADVANCED_FACE('',(#89),#851,.F.);
#879=ADVANCED_FACE('',(#90),#852,.F.);
#880=ADVANCED_FACE('',(#91),#80,.T.);
#881=ADVANCED_FACE('',(#92),#77,.F.);
#882=ADVANCED_FACE('',(#93),#76,.F.);
#883=ADVANCED_FACE('',(#94),#853,.F.);
#884=ADVANCED_FACE('',(#95),#67,.F.);
#885=ADVANCED_FACE('',(#96),#854,.F.);
#886=ADVANCED_FACE('',(#97),#855,.F.);
#887=ADVANCED_FACE('',(#98),#856,.F.);
#888=ADVANCED_FACE('',(#99),#857,.F.);
#889=ADVANCED_FACE('',(#100),#78,.F.);
#890=ADVANCED_FACE('',(#101),#81,.T.);
#891=ADVANCED_FACE('',(#102),#55,.T.);
#892=ADVANCED_FACE('',(#103),#858,.F.);
#893=ADVANCED_FACE('',(#104),#68,.F.);
#894=ADVANCED_FACE('',(#105),#859,.F.);
#895=ADVANCED_FACE('',(#106),#860,.F.);
#896=ADVANCED_FACE('',(#107),#861,.F.);
#897=ADVANCED_FACE('',(#108),#862,.F.);
#898=ADVANCED_FACE('',(#109),#79,.F.);
#899=ADVANCED_FACE('',(#110),#82,.T.);
#900=ADVANCED_FACE('',(#111),#56,.T.);
#901=ADVANCED_FACE('',(#112),#69,.T.);
#902=ADVANCED_FACE('',(#113),#863,.F.);
#903=ADVANCED_FACE('',(#114),#864,.F.);
#904=ADVANCED_FACE('',(#115),#57,.T.);
#905=ADVANCED_FACE('',(#116),#865,.F.);
#906=ADVANCED_FACE('',(#117),#866,.F.);
#907=ADVANCED_FACE('',(#118),#867,.F.);
#908=ADVANCED_FACE('',(#119),#83,.T.);
#909=ADVANCED_FACE('',(#120),#868,.F.);
#910=ADVANCED_FACE('',(#121),#869,.F.);
#911=ADVANCED_FACE('',(#122),#84,.T.);
#912=ADVANCED_FACE('',(#123),#870,.F.);
#913=ADVANCED_FACE('',(#124),#871,.F.);
#914=ADVANCED_FACE('',(#125),#872,.F.);
#915=ADVANCED_FACE('',(#126),#85,.T.);
#916=ADVANCED_FACE('',(#127),#873,.F.);
#917=ADVANCED_FACE('',(#128),#86,.T.);
#918=ADVANCED_FACE('',(#129),#874,.F.);
#919=ADVANCED_FACE('',(#130),#875,.F.);
#920=ADVANCED_FACE('',(#131),#70,.T.);
#921=ADVANCED_FACE('',(#132),#58,.T.);
#922=ADVANCED_FACE('',(#133),#59,.T.);
#923=ADVANCED_FACE('',(#134),#60,.T.);
#924=ADVANCED_FACE('',(#135),#71,.T.);
#925=ADVANCED_FACE('',(#136),#72,.T.);
#926=ADVANCED_FACE('',(#137),#61,.T.);
#927=ADVANCED_FACE('',(#138),#62,.T.);
#928=ADVANCED_FACE('',(#139),#73,.T.);
#929=ADVANCED_FACE('',(#140),#63,.T.);
#930=ADVANCED_FACE('',(#141),#74,.F.);
#931=ADVANCED_FACE('',(#142),#64,.T.);
#932=ADVANCED_FACE('',(#143),#65,.T.);
#933=ADVANCED_FACE('',(#144),#66,.T.);
#934=ADVANCED_FACE('',(#145),#75,.T.);
#935=CLOSED_SHELL('',(#876,#877,#878,#879,#880,#881,#882,#883,#884,#885,
#886,#887,#888,#889,#890,#891,#892,#893,#894,#895,#896,#897,#898,#899,#900,
#901,#902,#903,#904,#905,#906,#907,#908,#909,#910,#911,#912,#913,#914,#915,
#916,#917,#918,#919,#920,#921,#922,#923,#924,#925,#926,#927,#928,#929,#930,
#931,#932,#933,#934));
#936=DERIVED_UNIT_ELEMENT(#938,1.);
#937=DERIVED_UNIT_ELEMENT(#3065,-3.);
#938=(
MASS_UNIT()
NAMED_UNIT(*)
SI_UNIT(.KILO.,.GRAM.)
);
#939=DERIVED_UNIT((#936,#937));
#940=MEASURE_REPRESENTATION_ITEM('density measure',
POSITIVE_RATIO_MEASURE(7850.),#939);
#941=PROPERTY_DEFINITION_REPRESENTATION(#946,#943);
#942=PROPERTY_DEFINITION_REPRESENTATION(#947,#944);
#943=REPRESENTATION('material name',(#945),#3062);
#944=REPRESENTATION('density',(#940),#3062);
#945=DESCRIPTIVE_REPRESENTATION_ITEM('Steel','Steel');
#946=PROPERTY_DEFINITION('material property','material name',#3072);
#947=PROPERTY_DEFINITION('material property','density of part',#3072);
#948=AXIS2_PLACEMENT_3D('',#1198,#1026,#1027);
#949=AXIS2_PLACEMENT_3D('',#1217,#1028,#1029);
#950=AXIS2_PLACEMENT_3D('',#1224,#1030,#1031);
#951=AXIS2_PLACEMENT_3D('',#1320,#1032,#1033);
#952=AXIS2_PLACEMENT_3D('',#1327,#1034,#1035);
#953=AXIS2_PLACEMENT_3D('',#1405,#1036,#1037);
#954=AXIS2_PLACEMENT_3D('',#1406,#1038,#1039);
#955=AXIS2_PLACEMENT_3D('',#1407,#1040,#1041);
#956=AXIS2_PLACEMENT_3D('',#1429,#1042,#1043);
#957=AXIS2_PLACEMENT_3D('',#1430,#1044,#1045);
#958=AXIS2_PLACEMENT_3D('',#1431,#1046,#1047);
#959=AXIS2_PLACEMENT_3D('',#1455,#1048,#1049);
#960=AXIS2_PLACEMENT_3D('',#1477,#1050,#1051);
#961=AXIS2_PLACEMENT_3D('',#1486,#1052,#1053);
#962=AXIS2_PLACEMENT_3D('',#1505,#1054,#1055);
#963=AXIS2_PLACEMENT_3D('',#1516,#1056,#1057);
#964=AXIS2_PLACEMENT_3D('',#1539,#1058,#1059);
#965=AXIS2_PLACEMENT_3D('',#1615,#1060,#1061);
#966=AXIS2_PLACEMENT_3D('',#1637,#1062,#1063);
#967=AXIS2_PLACEMENT_3D('',#1644,#1064,#1065);
#968=AXIS2_PLACEMENT_3D('',#1731,#1066,#1067);
#969=AXIS2_PLACEMENT_3D('',#1738,#1068,#1069);
#970=AXIS2_PLACEMENT_3D('',#1825,#1070,#1071);
#971=AXIS2_PLACEMENT_3D('',#1826,#1072,#1073);
#972=AXIS2_PLACEMENT_3D('',#1827,#1074,#1075);
#973=AXIS2_PLACEMENT_3D('',#1828,#1076,#1077);
#974=AXIS2_PLACEMENT_3D('',#1829,#1078,#1079);
#975=AXIS2_PLACEMENT_3D('',#1936,#1080,#1081);
#976=AXIS2_PLACEMENT_3D('',#1958,#1082,#1083);
#977=AXIS2_PLACEMENT_3D('',#1965,#1084,#1085);
#978=AXIS2_PLACEMENT_3D('',#2052,#1086,#1087);
#979=AXIS2_PLACEMENT_3D('',#2059,#1088,#1089);
#980=AXIS2_PLACEMENT_3D('',#2146,#1090,#1091);
#981=AXIS2_PLACEMENT_3D('',#2147,#1092,#1093);
#982=AXIS2_PLACEMENT_3D('',#2148,#1094,#1095);
#983=AXIS2_PLACEMENT_3D('',#2149,#1096,#1097);
#984=AXIS2_PLACEMENT_3D('',#2150,#1098,#1099);
#985=AXIS2_PLACEMENT_3D('',#2193,#1100,#1101);
#986=AXIS2_PLACEMENT_3D('',#2200,#1102,#1103);
#987=AXIS2_PLACEMENT_3D('',#2306,#1104,#1105);
#988=AXIS2_PLACEMENT_3D('',#2315,#1106,#1107);
#989=AXIS2_PLACEMENT_3D('',#2544,#1108,#1109);
#990=AXIS2_PLACEMENT_3D('',#2562,#1110,#1111);
#991=AXIS2_PLACEMENT_3D('',#2563,#1112,#1113);
#992=AXIS2_PLACEMENT_3D('',#2654,#1114,#1115);
#993=AXIS2_PLACEMENT_3D('',#2656,#1116,#1117);
#994=AXIS2_PLACEMENT_3D('',#2657,#1118,#1119);
#995=AXIS2_PLACEMENT_3D('',#2848,#1120,#1121);
#996=AXIS2_PLACEMENT_3D('',#2856,#1122,#1123);
#997=AXIS2_PLACEMENT_3D('',#2858,#1124,#1125);
#998=AXIS2_PLACEMENT_3D('',#2859,#1126,#1127);
#999=AXIS2_PLACEMENT_3D('',#2909,#1128,#1129);
#1000=AXIS2_PLACEMENT_3D('',#2918,#1130,#1131);
#1001=AXIS2_PLACEMENT_3D('',#2920,#1132,#1133);
#1002=AXIS2_PLACEMENT_3D('',#2921,#1134,#1135);
#1003=AXIS2_PLACEMENT_3D('',#3011,#1136,#1137);
#1004=AXIS2_PLACEMENT_3D('',#3017,#1141,#1142);
#1005=AXIS2_PLACEMENT_3D('',#3018,#1143,#1144);
#1006=AXIS2_PLACEMENT_3D('',#3019,#1145,#1146);
#1007=AXIS2_PLACEMENT_3D('',#3021,#1147,#1148);
#1008=AXIS2_PLACEMENT_3D('',#3023,#1150,#1151);
#1009=AXIS2_PLACEMENT_3D('',#3025,#1153,#1154);
#1010=AXIS2_PLACEMENT_3D('',#3029,#1157,#1158);
#1011=AXIS2_PLACEMENT_3D('',#3035,#1162,#1163);
#1012=AXIS2_PLACEMENT_3D('',#3036,#1164,#1165);
#1013=AXIS2_PLACEMENT_3D('',#3037,#1166,#1167);
#1014=AXIS2_PLACEMENT_3D('',#3039,#1168,#1169);
#1015=AXIS2_PLACEMENT_3D('',#3041,#1171,#1172);
#1016=AXIS2_PLACEMENT_3D('',#3046,#1176,#1177);
#1017=AXIS2_PLACEMENT_3D('',#3047,#1178,#1179);
#1018=AXIS2_PLACEMENT_3D('',#3049,#1181,#1182);
#1019=AXIS2_PLACEMENT_3D('',#3051,#1183,#1184);
#1020=AXIS2_PLACEMENT_3D('',#3052,#1185,#1186);
#1021=AXIS2_PLACEMENT_3D('',#3053,#1187,#1188);
#1022=AXIS2_PLACEMENT_3D('',#3055,#1189,#1190);
#1023=AXIS2_PLACEMENT_3D('',#3056,#1191,#1192);
#1024=AXIS2_PLACEMENT_3D('',#3057,#1193,#1194);
#1025=AXIS2_PLACEMENT_3D('',#3059,#1196,#1197);
#1026=DIRECTION('axis',(0.,0.,1.));
#1027=DIRECTION('refdir',(1.,0.,0.));
#1028=DIRECTION('center_axis',(0.955026983160616,-0.187737036962443,0.229517464232451));
#1029=DIRECTION('ref_axis',(-0.238095238095234,-0.946869687090903,0.216213906270501));
#1030=DIRECTION('center_axis',(1.,1.91916568006093E-14,4.27127910636158E-15));
#1031=DIRECTION('ref_axis',(1.77635683940027E-14,-0.975021139812573,0.222112081883428));
#1032=DIRECTION('center_axis',(0.955026983160582,-0.261571674208685,-0.139655721998289));
#1033=DIRECTION('ref_axis',(8.88178419700129E-14,-0.470984208141379,0.882141641507438));
#1034=DIRECTION('center_axis',(1.,3.21451517039238E-14,-2.26482512737521E-14));
#1035=DIRECTION('ref_axis',(3.55271367880054E-14,-0.491703546957098,0.870762666809854));
#1036=DIRECTION('center_axis',(1.,0.,-2.22044604925031E-16));
#1037=DIRECTION('ref_axis',(-2.04021845796503E-16,0.,-1.));
#1038=DIRECTION('center_axis',(1.,0.,-2.22044604925031E-16));
#1039=DIRECTION('ref_axis',(-4.35465297461808E-17,0.980580675690921,-0.196116135138178));
#1040=DIRECTION('center_axis',(-1.,0.,2.22044604925031E-16));
#1041=DIRECTION('ref_axis',(-4.21637461230223E-17,0.980580675690921,-0.196116135138178));
#1042=DIRECTION('center_axis',(1.,0.,-2.22044604925031E-16));
#1043=DIRECTION('ref_axis',(0.,0.98058067569085,-0.196116135138537));
#1044=DIRECTION('center_axis',(-1.,0.,2.22044604925031E-16));
#1045=DIRECTION('ref_axis',(-4.35465297462604E-17,0.98058067569085,-0.196116135138537));
#1046=DIRECTION('center_axis',(6.12323399573677E-17,0.,1.));
#1047=DIRECTION('ref_axis',(1.,0.,0.));
#1048=DIRECTION('center_axis',(-1.,0.,2.22044604925031E-16));
#1049=DIRECTION('ref_axis',(0.,1.,1.42759276587256E-16));
#1050=DIRECTION('center_axis',(-1.,0.,0.));
#1051=DIRECTION('ref_axis',(0.,0.98058067569092,0.196116135138185));
#1052=DIRECTION('center_axis',(-1.,0.,0.));
#1053=DIRECTION('ref_axis',(0.,0.963258813927714,0.268574863661091));
#1054=DIRECTION('center_axis',(1.,0.,0.));
#1055=DIRECTION('ref_axis',(0.,0.965628860680974,0.259924803395068));
#1056=DIRECTION('center_axis',(1.,0.,0.));
#1057=DIRECTION('ref_axis',(0.,0.965628860680974,-0.259924803395068));
#1058=DIRECTION('center_axis',(-1.,0.,0.));
#1059=DIRECTION('ref_axis',(0.,0.963258813927714,-0.268574863661091));
#1060=DIRECTION('center_axis',(-1.,0.,2.22044604925031E-16));
#1061=DIRECTION('ref_axis',(2.22044604925031E-16,0.,1.));
#1062=DIRECTION('center_axis',(0.949870366444084,-0.278854800434674,-0.141372865946472));
#1063=DIRECTION('ref_axis',(0.,-0.452184766763856,0.891924288662842));
#1064=DIRECTION('center_axis',(1.,5.61540462062845E-14,-9.07783114778993E-14));
#1065=DIRECTION('ref_axis',(1.06581410364012E-13,-0.478558950633851,0.878055425795108));
#1066=DIRECTION('center_axis',(0.949870366444095,-0.278854800434652,0.141372865946447));
#1067=DIRECTION('ref_axis',(-0.285714285714279,-0.957833122300017,0.0303818492488611));
#1068=DIRECTION('center_axis',(1.,1.09821192837414E-13,1.01989726069169E-13));
#1069=DIRECTION('ref_axis',(1.06581410364016E-13,-0.999511905848987,0.0312401995212322));
#1070=DIRECTION('center_axis',(-1.,0.,2.22044604925031E-16));
#1071=DIRECTION('ref_axis',(-2.30084430689462E-31,1.,-1.03620815631681E-15));
#1072=DIRECTION('center_axis',(1.,0.,-2.22044604925031E-16));
#1073=DIRECTION('ref_axis',(0.,1.,-1.03620815631681E-15));
#1074=DIRECTION('center_axis',(1.,0.,-2.22044604925031E-16));
#1075=DIRECTION('ref_axis',(-2.0670723194304E-16,0.,-1.));
#1076=DIRECTION('center_axis',(1.,0.,-2.22044604925031E-16));
#1077=DIRECTION('ref_axis',(3.16989271692006E-32,1.,1.42759276587256E-16));
#1078=DIRECTION('center_axis',(1.,0.,-1.77635683940025E-16));
#1079=DIRECTION('ref_axis',(3.28692043842088E-32,1.,1.83697019872103E-16));
#1080=DIRECTION('center_axis',(-1.,0.,2.22044604925031E-16));
#1081=DIRECTION('ref_axis',(2.22044604925031E-16,0.,1.));
#1082=DIRECTION('center_axis',(0.971177774731666,-0.18337863033175,-0.152269523559056));
#1083=DIRECTION('ref_axis',(0.,-0.638831522561848,0.769346661643054));
#1084=DIRECTION('center_axis',(1.,0.,0.));
#1085=DIRECTION('ref_axis',(0.,-0.651649487734281,0.758520233834042));
#1086=DIRECTION('center_axis',(0.971177774731649,-0.227837783213623,0.0700262408500117));
#1087=DIRECTION('ref_axis',(-0.214285714285739,-0.963228630081337,-0.16208713349517));
#1088=DIRECTION('center_axis',(1.,0.,0.));
#1089=DIRECTION('ref_axis',(0.,-0.986091233670929,-0.16620493036413));
#1090=DIRECTION('center_axis',(-1.,0.,0.));
#1091=DIRECTION('ref_axis',(0.,0.980580675690931,0.196116135138129));
#1092=DIRECTION('center_axis',(1.,0.,0.));
#1093=DIRECTION('ref_axis',(0.,0.980580675690931,0.196116135138129));
#1094=DIRECTION('center_axis',(1.,0.,0.));
#1095=DIRECTION('ref_axis',(0.,0.,-1.));
#1096=DIRECTION('center_axis',(1.,0.,0.));
#1097=DIRECTION('ref_axis',(0.,0.98058067569092,0.196116135138185));
#1098=DIRECTION('center_axis',(1.,0.,0.));
#1099=DIRECTION('ref_axis',(0.,1.,0.));
#1100=DIRECTION('center_axis',(-1.,0.,0.));
#1101=DIRECTION('ref_axis',(0.,1.,0.));
#1102=DIRECTION('center_axis',(1.,0.,0.));
#1103=DIRECTION('ref_axis',(0.,1.,0.));
#1104=DIRECTION('center_axis',(1.,0.,-2.22044604925031E-16));
#1105=DIRECTION('ref_axis',(-4.35465297461821E-17,0.98058067569092,-0.196116135138184));
#1106=DIRECTION('center_axis',(-1.,0.,0.));
#1107=DIRECTION('ref_axis',(-2.22044604925031E-16,0.,-1.));
#1108=DIRECTION('center_axis',(-7.20060769767687E-14,-0.312491100964882,
0.949920687119591));
#1109=DIRECTION('ref_axis',(-0.0462287104622883,-0.948905109489053,-0.31215701099697));
#1110=DIRECTION('center_axis',(-1.,0.,0.));
#1111=DIRECTION('ref_axis',(0.,0.,1.));
#1112=DIRECTION('center_axis',(1.,0.,0.));
#1113=DIRECTION('ref_axis',(0.,0.963258813927714,0.268574863661091));
#1114=DIRECTION('center_axis',(-1.,0.,0.));
#1115=DIRECTION('ref_axis',(0.,0.,1.));
#1116=DIRECTION('center_axis',(0.,0.312491100964884,0.949920687119591));
#1117=DIRECTION('ref_axis',(-0.0462287104622846,-0.948905109489054,0.312157010996968));
#1118=DIRECTION('center_axis',(1.,0.,0.));
#1119=DIRECTION('ref_axis',(0.,0.963258813927714,-0.268574863661091));
#1120=DIRECTION('center_axis',(1.40985025722734E-14,-0.312491100964871,
-0.949920687119595));
#1121=DIRECTION('ref_axis',(0.0462287104622884,-0.948905109489057,0.312157010996957));
#1122=DIRECTION('center_axis',(1.,0.,0.));
#1123=DIRECTION('ref_axis',(0.,0.,-1.));
#1124=DIRECTION('center_axis',(-5.12889386307894E-15,-0.225351068200831,
-0.974277627814959));
#1125=DIRECTION('ref_axis',(0.0462287104622868,-0.973236009732357,0.225110141240311));
#1126=DIRECTION('center_axis',(-1.,0.,0.));
#1127=DIRECTION('ref_axis',(0.,0.965628860680974,-0.259924803395068));
#1128=DIRECTION('center_axis',(4.55783531466657E-13,0.225351068200889,-0.974277627814946));
#1129=DIRECTION('ref_axis',(0.0462287104622902,-0.973236009732349,-0.225110141240349));
#1130=DIRECTION('center_axis',(1.,0.,0.));
#1131=DIRECTION('ref_axis',(0.,0.,-1.));
#1132=DIRECTION('center_axis',(-8.67337038204205E-15,0.312491100964887,
-0.949920687119589));
#1133=DIRECTION('ref_axis',(0.0462287104622865,-0.948905109489052,-0.312157010996972));
#1134=DIRECTION('center_axis',(-1.,0.,0.));
#1135=DIRECTION('ref_axis',(0.,0.965628860680974,0.259924803395068));
#1136=DIRECTION('center_axis',(1.,0.,0.));
#1137=DIRECTION('ref_axis',(0.,1.,0.));
#1138=DIRECTION('',(0.,0.,1.));
#1139=DIRECTION('',(0.,-1.,0.));
#1140=DIRECTION('',(0.,0.,-1.));
#1141=DIRECTION('center_axis',(0.,0.,1.));
#1142=DIRECTION('ref_axis',(0.707106781186547,-0.707106781186547,0.));
#1143=DIRECTION('center_axis',(-0.707106781186548,0.,-0.707106781186548));
#1144=DIRECTION('ref_axis',(0.707106781186547,0.,-0.707106781186547));
#1145=DIRECTION('center_axis',(-1.,0.,0.));
#1146=DIRECTION('ref_axis',(0.,-0.707106781186547,-0.707106781186547));
#1147=DIRECTION('center_axis',(0.707106781186548,0.,-0.707106781186548));
#1148=DIRECTION('ref_axis',(0.707106781186547,0.,0.707106781186547));
#1149=DIRECTION('',(1.,0.,0.));
#1150=DIRECTION('center_axis',(0.,0.,1.));
#1151=DIRECTION('ref_axis',(-0.707106781186547,-0.707106781186547,0.));
#1152=DIRECTION('',(0.,0.,-1.));
#1153=DIRECTION('center_axis',(-1.,0.,0.));
#1154=DIRECTION('ref_axis',(0.,-1.,0.));
#1155=DIRECTION('',(0.,0.,1.));
#1156=DIRECTION('',(0.,1.,0.));
#1157=DIRECTION('center_axis',(-1.,0.,0.));
#1158=DIRECTION('ref_axis',(0.,-1.,0.));
#1159=DIRECTION('',(0.,0.,-1.));
#1160=DIRECTION('',(0.,-1.,0.));
#1161=DIRECTION('',(0.,0.,1.));
#1162=DIRECTION('center_axis',(0.,0.,1.));
#1163=DIRECTION('ref_axis',(-0.707106781186547,-0.707106781186547,0.));
#1164=DIRECTION('center_axis',(-0.707106781186548,0.,-0.707106781186548));
#1165=DIRECTION('ref_axis',(0.707106781186547,0.,-0.707106781186547));
#1166=DIRECTION('center_axis',(1.,0.,0.));
#1167=DIRECTION('ref_axis',(0.,-0.707106781186547,0.707106781186547));
#1168=DIRECTION('center_axis',(0.707106781186548,0.,-0.707106781186548));
#1169=DIRECTION('ref_axis',(-0.707106781186547,0.,-0.707106781186547));
#1170=DIRECTION('',(-1.,0.,0.));
#1171=DIRECTION('center_axis',(1.,0.,0.));
#1172=DIRECTION('ref_axis',(0.,1.,0.));
#1173=DIRECTION('',(0.,0.,-1.));
#1174=DIRECTION('',(0.,1.,0.));
#1175=DIRECTION('',(0.,0.,1.));
#1176=DIRECTION('center_axis',(0.,0.,1.));
#1177=DIRECTION('ref_axis',(0.707106781186547,-0.707106781186547,0.));
#1178=DIRECTION('center_axis',(0.,0.,1.));
#1179=DIRECTION('ref_axis',(1.,0.,0.));
#1180=DIRECTION('',(-1.,0.,0.));
#1181=DIRECTION('center_axis',(1.,0.,0.));
#1182=DIRECTION('ref_axis',(0.,0.707106781186547,-0.707106781186547));
#1183=DIRECTION('center_axis',(-0.707106781186548,0.,0.707106781186548));
#1184=DIRECTION('ref_axis',(-0.707106781186547,0.,-0.707106781186547));
#1185=DIRECTION('center_axis',(-0.707106781186548,0.,-0.707106781186548));
#1186=DIRECTION('ref_axis',(0.707106781186547,0.,-0.707106781186547));
#1187=DIRECTION('center_axis',(0.,0.,1.));
#1188=DIRECTION('ref_axis',(0.707106781186547,0.707106781186547,0.));
#1189=DIRECTION('center_axis',(-0.707106781186548,0.,-0.707106781186548));
#1190=DIRECTION('ref_axis',(-0.707106781186547,0.,0.707106781186547));
#1191=DIRECTION('center_axis',(0.707106781186548,0.,-0.707106781186548));
#1192=DIRECTION('ref_axis',(-0.707106781186547,0.,-0.707106781186547));
#1193=DIRECTION('center_axis',(-1.,0.,0.));
#1194=DIRECTION('ref_axis',(0.,0.707106781186547,0.707106781186547));
#1195=DIRECTION('',(1.,0.,0.));
#1196=DIRECTION('center_axis',(0.,0.,1.));
#1197=DIRECTION('ref_axis',(1.,0.,0.));
#1198=CARTESIAN_POINT('',(0.,0.,0.));
#1199=CARTESIAN_POINT('Ctrl Pts',(50.,-6.00903297627102,35.8084068202856));
#1200=CARTESIAN_POINT('Ctrl Pts',(49.5969557454063,-6.00903297627102,35.8084068202856));
#1201=CARTESIAN_POINT('Ctrl Pts',(49.1944419480687,-5.96904889406561,35.7613483944027));
#1202=CARTESIAN_POINT('Ctrl Pts',(48.8095238095239,-5.89171414636523,35.6761492145467));
#1203=CARTESIAN_POINT('Ctrl Pts',(50.,-6.04182931613605,35.664438403954));
#1204=CARTESIAN_POINT('Ctrl Pts',(49.606630400823,-6.04182931613605,35.664438403954));
#1205=CARTESIAN_POINT('Ctrl Pts',(49.213921650891,-6.00452877754521,35.6162297152326));
#1206=CARTESIAN_POINT('Ctrl Pts',(48.836983761344,-5.93228870151212,35.5286992511331));
#1207=CARTESIAN_POINT('Ctrl Pts',(50.,-6.00667615537432,35.5064886703974));
#1208=CARTESIAN_POINT('Ctrl Pts',(49.6218580535844,-6.00667615537432,35.5064886703974));
#1209=CARTESIAN_POINT('Ctrl Pts',(49.2443275378548,-5.97009216902784,35.4567472396042));
#1210=CARTESIAN_POINT('Ctrl Pts',(48.8824993793952,-5.89924959236529,35.3663326135282));
#1211=CARTESIAN_POINT('Ctrl Pts',(50.,-5.91591686396221,35.3900186921542));
#1212=CARTESIAN_POINT('Ctrl Pts',(49.6372601708656,-5.91591686396221,35.3900186921542));
#1213=CARTESIAN_POINT('Ctrl Pts',(49.2749977532618,-5.87826321806755,35.3406757719684));
#1214=CARTESIAN_POINT('Ctrl Pts',(48.9285714285715,-5.80529925302119,35.2514738515123));
#1215=CARTESIAN_POINT('',(48.8095238095239,-5.89171414636523,35.6761492145467));
#1216=CARTESIAN_POINT('',(48.9285714285715,-5.80529925302117,35.2514738515122));
#1217=CARTESIAN_POINT('Origin',(48.9285714285715,-5.41827930281977,35.5680422614114));
#1218=CARTESIAN_POINT('',(50.,-5.91591686396222,35.3900186921542));
#1219=CARTESIAN_POINT('Ctrl Pts',(48.9285714285715,-5.80529925302119,35.2514738515123));
#1220=CARTESIAN_POINT('Ctrl Pts',(49.2749977532618,-5.87826321806755,35.3406757719684));
#1221=CARTESIAN_POINT('Ctrl Pts',(49.6372601708656,-5.91591686396221,35.3900186921542));
#1222=CARTESIAN_POINT('Ctrl Pts',(50.,-5.91591686396221,35.3900186921542));
#1223=CARTESIAN_POINT('',(50.,-6.00903297627102,35.8084068202856));
#1224=CARTESIAN_POINT('Origin',(50.,-5.52152240636473,35.6973507793439));
#1225=CARTESIAN_POINT('Ctrl Pts',(50.,-6.00903297627102,35.8084068202856));
#1226=CARTESIAN_POINT('Ctrl Pts',(49.5969557454063,-6.00903297627102,35.8084068202856));
#1227=CARTESIAN_POINT('Ctrl Pts',(49.1944419480687,-5.96904889406561,35.7613483944027));
#1228=CARTESIAN_POINT('Ctrl Pts',(48.8095238095239,-5.89171414636523,35.6761492145467));
#1229=CARTESIAN_POINT('Ctrl Pts',(55.,-0.505305168544439,37.5515991572779));
#1230=CARTESIAN_POINT('Ctrl Pts',(55.,-0.508577635136809,37.5496983844885));
#1231=CARTESIAN_POINT('Ctrl Pts',(54.9999971243347,-0.511853195972508,37.5477994200321));
#1232=CARTESIAN_POINT('Ctrl Pts',(54.9994164073028,-0.988543222831252,37.2718466347985));
#1233=CARTESIAN_POINT('Ctrl Pts',(54.8950676878704,-2.01193898352957,36.8167512664234));
#1234=CARTESIAN_POINT('Ctrl Pts',(54.2963791678089,-3.54514276241884,36.3403226142339));
#1235=CARTESIAN_POINT('Ctrl Pts',(53.4027726727688,-4.65332991542176,36.0778556507795));
#1236=CARTESIAN_POINT('Ctrl Pts',(52.4800432093881,-5.33294905537947,35.9361866889721));
#1237=CARTESIAN_POINT('Ctrl Pts',(51.7050174071673,-5.71667021693239,35.8619264424512));
#1238=CARTESIAN_POINT('Ctrl Pts',(50.8701360340338,-5.95474147365819,35.8181226775388));
#1239=CARTESIAN_POINT('Ctrl Pts',(50.2877169882251,-6.00903297627102,35.8084068202856));
#1240=CARTESIAN_POINT('Ctrl Pts',(50.,-6.00903297627102,35.8084068202856));
#1241=CARTESIAN_POINT('Ctrl Pts',(55.,-0.505305168544439,37.5515991572779));
#1242=CARTESIAN_POINT('Ctrl Pts',(54.9999999334848,-0.508505325747933,37.5495875181165));
#1243=CARTESIAN_POINT('Ctrl Pts',(54.9999973932888,-0.511707906613885,37.5475772282979));
#1244=CARTESIAN_POINT('Ctrl Pts',(54.999439075296,-0.977976798672577,37.2554141661199));
#1245=CARTESIAN_POINT('Ctrl Pts',(54.901865540964,-1.98946295077207,36.7676091535193));
#1246=CARTESIAN_POINT('Ctrl Pts',(54.319728517681,-3.52643748867667,36.250516241302));
#1247=CARTESIAN_POINT('Ctrl Pts',(53.4337699935347,-4.65127731680671,35.9624772747255));
#1248=CARTESIAN_POINT('Ctrl Pts',(52.5084866025128,-5.34634724370371,35.8061271771261));
#1249=CARTESIAN_POINT('Ctrl Pts',(51.7272165141668,-5.74046122838048,35.7238665931169));
#1250=CARTESIAN_POINT('Ctrl Pts',(50.882312437741,-5.98578835593317,35.6752516884689));
#1251=CARTESIAN_POINT('Ctrl Pts',(50.2917416682963,-6.04184612083537,35.6644246583887));
#1252=CARTESIAN_POINT('Ctrl Pts',(50.,-6.04182931613605,35.664438403954));
#1253=CARTESIAN_POINT('Ctrl Pts',(55.,-0.505305168544439,37.5515991572779));
#1254=CARTESIAN_POINT('Ctrl Pts',(54.9999999334848,-0.508432666983665,37.5494763106297));
#1255=CARTESIAN_POINT('Ctrl Pts',(54.9999973932888,-0.511563357974903,37.547354969908));
#1256=CARTESIAN_POINT('Ctrl Pts',(54.9994390752954,-0.967197381135993,37.2391617493773));
#1257=CARTESIAN_POINT('Ctrl Pts',(54.9018655409639,-1.96678049660442,36.7184935750742));
#1258=CARTESIAN_POINT('Ctrl Pts',(54.3197285176808,-3.49593036582052,36.1583288260477));
#1259=CARTESIAN_POINT('Ctrl Pts',(53.4337699935346,-4.61811441321133,35.8404974097394));
#1260=CARTESIAN_POINT('Ctrl Pts',(52.5084866025128,-5.31200065301668,35.6661204731566));
#1261=CARTESIAN_POINT('Ctrl Pts',(51.7272165141668,-5.70562268554605,35.5736940667906));
#1262=CARTESIAN_POINT('Ctrl Pts',(50.882312437741,-5.95068230205336,35.5187358542564));
#1263=CARTESIAN_POINT('Ctrl Pts',(50.2917416682963,-6.0066931423768,35.5064949741786));
#1264=CARTESIAN_POINT('Ctrl Pts',(50.,-6.00667615537432,35.5064886703974));
#1265=CARTESIAN_POINT('Ctrl Pts',(55.,-0.505305168544439,37.5515991572779));
#1266=CARTESIAN_POINT('Ctrl Pts',(55.,-0.50835995531913,37.5493652699584));
#1267=CARTESIAN_POINT('Ctrl Pts',(54.9999971243348,-0.511418460754578,37.5471330996346));
#1268=CARTESIAN_POINT('Ctrl Pts',(54.9994164073022,-0.956620208122691,37.2226527599292));
#1269=CARTESIAN_POINT('Ctrl Pts',(54.8950676878703,-1.9442940325644,36.6697826785123));
#1270=CARTESIAN_POINT('Ctrl Pts',(54.2963791678087,-3.4580810648877,36.0755008104281));
#1271=CARTESIAN_POINT('Ctrl Pts',(53.4027726727687,-4.56161047870305,35.7402386039707));
#1272=CARTESIAN_POINT('Ctrl Pts',(52.480043209388,-5.24000270759692,35.5570687517057));
#1273=CARTESIAN_POINT('Ctrl Pts',(51.7050174071672,-5.62350399176057,35.4602484233212));
#1274=CARTESIAN_POINT('Ctrl Pts',(50.8701360340338,-5.86159755563078,35.4028116272123));
#1275=CARTESIAN_POINT('Ctrl Pts',(50.287716988225,-5.91591686396221,35.3900186921542));
#1276=CARTESIAN_POINT('Ctrl Pts',(50.,-5.91591686396221,35.3900186921542));
#1277=CARTESIAN_POINT('',(55.,-0.505305168544439,37.5515991572779));
#1278=CARTESIAN_POINT('Ctrl Pts',(50.,-5.91591686396221,35.3900186921542));
#1279=CARTESIAN_POINT('Ctrl Pts',(50.287716988225,-5.91591686396221,35.3900186921542));
#1280=CARTESIAN_POINT('Ctrl Pts',(50.8701360340338,-5.86159755563078,35.4028116272123));
#1281=CARTESIAN_POINT('Ctrl Pts',(51.7050174071672,-5.62350399176057,35.4602484233212));
#1282=CARTESIAN_POINT('Ctrl Pts',(52.480043209388,-5.24000270759692,35.5570687517057));
#1283=CARTESIAN_POINT('Ctrl Pts',(53.4027726727687,-4.56161047870305,35.7402386039707));
#1284=CARTESIAN_POINT('Ctrl Pts',(54.2963791678087,-3.4580810648877,36.0755008104281));
#1285=CARTESIAN_POINT('Ctrl Pts',(54.8950676878703,-1.9442940325644,36.6697826785123));
#1286=CARTESIAN_POINT('Ctrl Pts',(54.9994164073022,-0.956620208122691,37.2226527599292));
#1287=CARTESIAN_POINT('Ctrl Pts',(54.9999971243348,-0.511418460754578,37.5471330996346));
#1288=CARTESIAN_POINT('Ctrl Pts',(55.,-0.50835995531913,37.5493652699584));
#1289=CARTESIAN_POINT('Ctrl Pts',(55.,-0.505305168544439,37.5515991572779));
#1290=CARTESIAN_POINT('Ctrl Pts',(55.,-0.505305168544439,37.5515991572779));
#1291=CARTESIAN_POINT('Ctrl Pts',(55.,-0.508577635136809,37.5496983844885));
#1292=CARTESIAN_POINT('Ctrl Pts',(54.9999971243347,-0.511853195972508,37.5477994200321));
#1293=CARTESIAN_POINT('Ctrl Pts',(54.9994164073028,-0.988543222831252,37.2718466347985));
#1294=CARTESIAN_POINT('Ctrl Pts',(54.8950676878704,-2.01193898352957,36.8167512664234));
#1295=CARTESIAN_POINT('Ctrl Pts',(54.2963791678089,-3.54514276241884,36.3403226142339));
#1296=CARTESIAN_POINT('Ctrl Pts',(53.4027726727688,-4.65332991542176,36.0778556507795));
#1297=CARTESIAN_POINT('Ctrl Pts',(52.4800432093881,-5.33294905537947,35.9361866889721));
#1298=CARTESIAN_POINT('Ctrl Pts',(51.7050174071673,-5.71667021693239,35.8619264424512));
#1299=CARTESIAN_POINT('Ctrl Pts',(50.8701360340338,-5.95474147365819,35.8181226775388));
#1300=CARTESIAN_POINT('Ctrl Pts',(50.2877169882251,-6.00903297627102,35.8084068202856));
#1301=CARTESIAN_POINT('Ctrl Pts',(50.,-6.00903297627102,35.8084068202856));
#1302=CARTESIAN_POINT('Ctrl Pts',(50.,-3.68777660217829,46.5307200010739));
#1303=CARTESIAN_POINT('Ctrl Pts',(49.6372601708655,-3.68777660217829,46.5307200010739));
#1304=CARTESIAN_POINT('Ctrl Pts',(49.2749977532615,-3.63404134435785,46.5617851405167));
#1305=CARTESIAN_POINT('Ctrl Pts',(48.928571428571,-3.53238156106261,46.6160623113046));
#1306=CARTESIAN_POINT('Ctrl Pts',(50.,-3.81635055511375,46.4581166717002));
#1307=CARTESIAN_POINT('Ctrl Pts',(49.6218580535842,-3.81635055511375,46.4581166717002));
#1308=CARTESIAN_POINT('Ctrl Pts',(49.2443275378546,-3.76344940202728,46.4899610746068));
#1309=CARTESIAN_POINT('Ctrl Pts',(48.8824993793947,-3.66328139815559,46.5461735845761));
#1310=CARTESIAN_POINT('Ctrl Pts',(50.,-3.9095495241079,46.3258373640948));
#1311=CARTESIAN_POINT('Ctrl Pts',(49.6066304008229,-3.9095495241079,46.3258373640948));
#1312=CARTESIAN_POINT('Ctrl Pts',(49.2139216508907,-3.85657645436196,46.3559913311488));
#1313=CARTESIAN_POINT('Ctrl Pts',(48.8369837613435,-3.75622774413918,46.4090040379972));
#1314=CARTESIAN_POINT('Ctrl Pts',(50.,-3.93464844743697,46.1803294644559));
#1315=CARTESIAN_POINT('Ctrl Pts',(49.5969557454061,-3.93464844743697,46.1803294644559));
#1316=CARTESIAN_POINT('Ctrl Pts',(49.1944419480685,-3.87964066929234,46.2083895182689));
#1317=CARTESIAN_POINT('Ctrl Pts',(48.8095238095234,-3.77548583300881,46.2572907813282));
#1318=CARTESIAN_POINT('',(48.9285714285711,-3.53238156106246,46.6160623113046));
#1319=CARTESIAN_POINT('',(48.8095238095234,-3.7754858330088,46.2572907813282));
#1320=CARTESIAN_POINT('Origin',(48.928571428571,-3.29688945699177,46.1749914905509));
#1321=CARTESIAN_POINT('',(50.0000000000001,-3.93464844743696,46.1803294644559));
#1322=CARTESIAN_POINT('Ctrl Pts',(48.8095238095234,-3.77548583300881,46.2572907813282));
#1323=CARTESIAN_POINT('Ctrl Pts',(49.1944419480685,-3.87964066929234,46.2083895182689));
#1324=CARTESIAN_POINT('Ctrl Pts',(49.5969557454061,-3.93464844743697,46.1803294644559));
#1325=CARTESIAN_POINT('Ctrl Pts',(50.,-3.93464844743697,46.1803294644559));
#1326=CARTESIAN_POINT('',(50.0000000000001,-3.68777660217828,46.5307200010739));
#1327=CARTESIAN_POINT('Origin',(50.,-3.44192482869974,46.0953386676689));
#1328=CARTESIAN_POINT('Ctrl Pts',(50.,-3.68777660217829,46.5307200010739));
#1329=CARTESIAN_POINT('Ctrl Pts',(49.6372601708655,-3.68777660217829,46.5307200010739));
#1330=CARTESIAN_POINT('Ctrl Pts',(49.2749977532615,-3.63404134435785,46.5617851405167));
#1331=CARTESIAN_POINT('Ctrl Pts',(48.928571428571,-3.53238156106261,46.6160623113046));
#1332=CARTESIAN_POINT('Ctrl Pts',(55.,0.475257091621336,42.4544104581067));
#1333=CARTESIAN_POINT('Ctrl Pts',(55.,0.473296178850733,42.4576479163415));
#1334=CARTESIAN_POINT('Ctrl Pts',(54.9999971235897,0.471331172036003,42.4608852195863));
#1335=CARTESIAN_POINT('Ctrl Pts',(54.9994162914469,0.185175464325718,42.9316373294496));
#1336=CARTESIAN_POINT('Ctrl Pts',(54.8950673049923,-0.513881178378008,43.8218533658144));
#1337=CARTESIAN_POINT('Ctrl Pts',(54.2963785677902,-1.68265270368904,44.9526464373929));
#1338=CARTESIAN_POINT('Ctrl Pts',(53.4027718722814,-2.57234827779395,45.6865536389276));
#1339=CARTESIAN_POINT('Ctrl Pts',(52.4800425313138,-3.12810630229044,46.1165533559191));
#1340=CARTESIAN_POINT('Ctrl Pts',(51.7050169372692,-3.44486870371809,46.3534262930765));
#1341=CARTESIAN_POINT('Ctrl Pts',(50.8701357857106,-3.64255615658038,46.4980191916303));
#1342=CARTESIAN_POINT('Ctrl Pts',(50.2877169224891,-3.68777660217828,46.5307200010739));
#1343=CARTESIAN_POINT('Ctrl Pts',(50.0000000000001,-3.68777660217828,46.5307200010739));
#1344=CARTESIAN_POINT('Ctrl Pts',(55.,0.475257091621335,42.4544104581067));
#1345=CARTESIAN_POINT('Ctrl Pts',(54.9999999334799,0.473186335815059,42.4575733718962));
#1346=CARTESIAN_POINT('Ctrl Pts',(54.9999973926035,0.471112052861912,42.4607361234447));
#1347=CARTESIAN_POINT('Ctrl Pts',(54.9994389665855,0.169062270626162,42.9204663690202));
#1348=CARTESIAN_POINT('Ctrl Pts',(54.9018651721431,-0.553372899107179,43.7855380734724));
#1349=CARTESIAN_POINT('Ctrl Pts',(54.3197279256941,-1.74944746486189,44.8907472224308));
#1350=CARTESIAN_POINT('Ctrl Pts',(53.4337691947432,-2.66306684929839,45.6157393277189));
#1351=CARTESIAN_POINT('Ctrl Pts',(52.5084859210346,-3.2365089216118,46.043581746005));
#1352=CARTESIAN_POINT('Ctrl Pts',(51.7272160404447,-3.56430351904473,46.2802913503985));
#1353=CARTESIAN_POINT('Ctrl Pts',(50.8823121864948,-3.76937447189052,46.4252755771483));
#1354=CARTESIAN_POINT('Ctrl Pts',(50.2917416017162,-3.81636866011261,46.4581173861507));
#1355=CARTESIAN_POINT('Ctrl Pts',(50.0000000000001,-3.81635055511375,46.4581166717002));
#1356=CARTESIAN_POINT('Ctrl Pts',(55.,0.475257091621334,42.4544104581067));
#1357=CARTESIAN_POINT('Ctrl Pts',(54.9999999334799,0.473076477445992,42.4574986533567));
#1358=CARTESIAN_POINT('Ctrl Pts',(54.9999973926035,0.47089310621388,42.4605865346228));
#1359=CARTESIAN_POINT('Ctrl Pts',(54.9994389665855,0.152861071217833,42.9096100390277));
#1360=CARTESIAN_POINT('Ctrl Pts',(54.9018651721431,-0.593201195382153,43.7489246470334));
#1361=CARTESIAN_POINT('Ctrl Pts',(54.3197279256942,-1.81306460139951,44.8173846865555));
#1362=CARTESIAN_POINT('Ctrl Pts',(53.4337691947432,-2.74059411380322,45.5158975023409));
#1363=CARTESIAN_POINT('Ctrl Pts',(52.5084859210347,-3.322062214269,45.9275550199094));
#1364=CARTESIAN_POINT('Ctrl Pts',(51.7272160404448,-3.65422084668237,46.1550700020751));
#1365=CARTESIAN_POINT('Ctrl Pts',(50.8823121864949,-3.86197846271432,46.2943017539229));
#1366=CARTESIAN_POINT('Ctrl Pts',(50.2917416017163,-3.90955974931811,46.3258565158669));
#1367=CARTESIAN_POINT('Ctrl Pts',(50.0000000000001,-3.9095495241079,46.3258373640948));
#1368=CARTESIAN_POINT('Ctrl Pts',(55.,0.475257091621333,42.4544104581067));
#1369=CARTESIAN_POINT('Ctrl Pts',(55.,0.472967072807922,42.4574241151128));
#1370=CARTESIAN_POINT('Ctrl Pts',(54.9999971235897,0.470673501389159,42.460437292521));
#1371=CARTESIAN_POINT('Ctrl Pts',(54.999416291447,0.136787230466947,42.8985055788815));
#1372=CARTESIAN_POINT('Ctrl Pts',(54.8950673049924,-0.632849133872795,43.7122072903858));
#1373=CARTESIAN_POINT('Ctrl Pts',(54.2963785677902,-1.86487191957668,44.741680810721));
#1374=CARTESIAN_POINT('Ctrl Pts',(53.4027718722814,-2.78686511390537,45.4101838301406));
#1375=CARTESIAN_POINT('Ctrl Pts',(52.4800425313138,-3.3597175401723,45.8023469286857));
#1376=CARTESIAN_POINT('Ctrl Pts',(51.7050169372693,-3.68535985268238,46.0184797477003));
#1377=CARTESIAN_POINT('Ctrl Pts',(50.8701357857107,-3.88827018189392,46.1504797319856));
#1378=CARTESIAN_POINT('Ctrl Pts',(50.2877169224893,-3.93464844743696,46.1803294644559));
#1379=CARTESIAN_POINT('Ctrl Pts',(50.0000000000001,-3.93464844743696,46.1803294644559));
#1380=CARTESIAN_POINT('',(55.,0.475257091621333,42.4544104581067));
#1381=CARTESIAN_POINT('Ctrl Pts',(50.0000000000001,-3.93464844743696,46.1803294644559));
#1382=CARTESIAN_POINT('Ctrl Pts',(50.2877169224893,-3.93464844743696,46.1803294644559));
#1383=CARTESIAN_POINT('Ctrl Pts',(50.8701357857107,-3.88827018189392,46.1504797319856));
#1384=CARTESIAN_POINT('Ctrl Pts',(51.7050169372693,-3.68535985268238,46.0184797477003));
#1385=CARTESIAN_POINT('Ctrl Pts',(52.4800425313138,-3.3597175401723,45.8023469286857));
#1386=CARTESIAN_POINT('Ctrl Pts',(53.4027718722814,-2.78686511390537,45.4101838301406));
#1387=CARTESIAN_POINT('Ctrl Pts',(54.2963785677902,-1.86487191957668,44.741680810721));
#1388=CARTESIAN_POINT('Ctrl Pts',(54.8950673049924,-0.632849133872795,43.7122072903858));
#1389=CARTESIAN_POINT('Ctrl Pts',(54.999416291447,0.136787230466947,42.8985055788815));
#1390=CARTESIAN_POINT('Ctrl Pts',(54.9999971235897,0.470673501389159,42.460437292521));
#1391=CARTESIAN_POINT('Ctrl Pts',(55.,0.472967072807922,42.4574241151128));
#1392=CARTESIAN_POINT('Ctrl Pts',(55.,0.475257091621333,42.4544104581067));
#1393=CARTESIAN_POINT('Ctrl Pts',(55.,0.475257091621336,42.4544104581067));
#1394=CARTESIAN_POINT('Ctrl Pts',(55.,0.473296178850733,42.4576479163415));
#1395=CARTESIAN_POINT('Ctrl Pts',(54.9999971235897,0.471331172036003,42.4608852195863));
#1396=CARTESIAN_POINT('Ctrl Pts',(54.9994162914469,0.185175464325718,42.9316373294496));
#1397=CARTESIAN_POINT('Ctrl Pts',(54.8950673049923,-0.513881178378008,43.8218533658144));
#1398=CARTESIAN_POINT('Ctrl Pts',(54.2963785677902,-1.68265270368904,44.9526464373929));
#1399=CARTESIAN_POINT('Ctrl Pts',(53.4027718722814,-2.57234827779395,45.6865536389276));
#1400=CARTESIAN_POINT('Ctrl Pts',(52.4800425313138,-3.12810630229044,46.1165533559191));
#1401=CARTESIAN_POINT('Ctrl Pts',(51.7050169372692,-3.44486870371809,46.3534262930765));
#1402=CARTESIAN_POINT('Ctrl Pts',(50.8701357857106,-3.64255615658038,46.4980191916303));
#1403=CARTESIAN_POINT('Ctrl Pts',(50.2877169224891,-3.68777660217828,46.5307200010739));
#1404=CARTESIAN_POINT('Ctrl Pts',(50.0000000000001,-3.68777660217828,46.5307200010739));
#1405=CARTESIAN_POINT('Origin',(50.,-200.,80.));
#1406=CARTESIAN_POINT('Origin',(55.,-200.,80.));
#1407=CARTESIAN_POINT('Origin',(48.8095238095238,-200.,80.));
#1408=CARTESIAN_POINT('Ctrl Pts',(55.,-1.22925886739276,42.1769066670246));
#1409=CARTESIAN_POINT('Ctrl Pts',(55.,0.842876991050855,43.3470033997044));
#1410=CARTESIAN_POINT('Ctrl Pts',(55.,2.11367709734816,41.3350539794876));
#1411=CARTESIAN_POINT('Ctrl Pts',(55.,3.38447720364546,39.3231045592709));
#1412=CARTESIAN_POINT('Ctrl Pts',(55.,1.43760425159536,37.9546897507236));
#1413=CARTESIAN_POINT('Ctrl Pts',(55.,-0.509268700454745,36.5862749421764));
#1414=CARTESIAN_POINT('Ctrl Pts',(55.,-1.9719722879874,38.4633395640514));
#1415=CARTESIAN_POINT('Ctrl Pts',(55.,-3.68777660217829,46.5307200010739));
#1416=CARTESIAN_POINT('Ctrl Pts',(55.,2.52863097315257,50.0410101991132));
#1417=CARTESIAN_POINT('Ctrl Pts',(55.,6.34103129204451,44.0051619384629));
#1418=CARTESIAN_POINT('Ctrl Pts',(55.,10.1534316109364,37.9693136778127));
#1419=CARTESIAN_POINT('Ctrl Pts',(55.,4.3128127547861,33.8640692521709));
#1420=CARTESIAN_POINT('Ctrl Pts',(55.,-1.52780610136424,29.7588248265291));
#1421=CARTESIAN_POINT('Ctrl Pts',(55.,-5.91591686396222,35.3900186921542));
#1422=CARTESIAN_POINT('Ctrl Pts',(50.,-3.68777660217829,46.5307200010739));
#1423=CARTESIAN_POINT('Ctrl Pts',(50.,2.52863097315257,50.0410101991132));
#1424=CARTESIAN_POINT('Ctrl Pts',(50.,6.34103129204451,44.0051619384629));
#1425=CARTESIAN_POINT('Ctrl Pts',(50.,10.1534316109364,37.9693136778127));
#1426=CARTESIAN_POINT('Ctrl Pts',(50.,4.3128127547861,33.8640692521709));
#1427=CARTESIAN_POINT('Ctrl Pts',(50.,-1.52780610136424,29.7588248265291));
#1428=CARTESIAN_POINT('Ctrl Pts',(50.,-5.91591686396222,35.3900186921542));
#1429=CARTESIAN_POINT('Origin',(50.,0.,40.));
#1430=CARTESIAN_POINT('Origin',(55.,0.,40.));
#1431=CARTESIAN_POINT('Origin',(0.,-200.,80.));
#1432=CARTESIAN_POINT('',(9.12973661582437,2.05489155632648,46.6013666823502));
#1433=CARTESIAN_POINT('Ctrl Pts',(9.12973661582437,2.05489155632648,46.6013666823502));
#1434=CARTESIAN_POINT('Ctrl Pts',(14.8724041012061,1.81115536335701,46.6966086506291));
#1435=CARTESIAN_POINT('Ctrl Pts',(24.4056755886944,1.02309821986164,46.9983864636216));
#1436=CARTESIAN_POINT('Ctrl Pts',(35.7975737982944,-0.777575419561662,47.1420987107755));
#1437=CARTESIAN_POINT('Ctrl Pts',(43.2547772720713,-2.34539350426658,46.8709140419804));
#1438=CARTESIAN_POINT('Ctrl Pts',(46.9735259839376,-3.27262566931745,46.525772830988));
#1439=CARTESIAN_POINT('Ctrl Pts',(48.8095238095234,-3.77548583300879,46.2572907813282));
#1440=CARTESIAN_POINT('',(7.86654509272431,4.79815538934487,75.4356799601818));
#1441=CARTESIAN_POINT('Ctrl Pts',(7.86654509272431,4.79815538934487,75.4356799601818));
#1442=CARTESIAN_POINT('Ctrl Pts',(7.93028096979055,4.70328260794707,71.288646160879));
#1443=CARTESIAN_POINT('Ctrl Pts',(8.28542120400359,4.17900882970462,61.6101338375684));
#1444=CARTESIAN_POINT('Ctrl Pts',(8.87664533052531,2.96405861587975,52.0324570244279));
#1445=CARTESIAN_POINT('Ctrl Pts',(9.12973661582814,2.05489155632634,46.6013666823504));
#1446=CARTESIAN_POINT('',(58.5714285714286,-3.64420992849694,73.7717209039845));
#1447=CARTESIAN_POINT('Ctrl Pts',(58.5714285714286,-3.64420992849695,73.7717209039845));
#1448=CARTESIAN_POINT('Ctrl Pts',(56.2360247457508,-2.95860209110155,73.4241337556304));
#1449=CARTESIAN_POINT('Ctrl Pts',(49.13657147911,-0.997122858460601,72.8438442736711));
#1450=CARTESIAN_POINT('Ctrl Pts',(37.0802328694028,1.68293643805897,73.1692458345493));
#1451=CARTESIAN_POINT('Ctrl Pts',(22.5744334666085,3.85348930444092,74.3958925734732));
#1452=CARTESIAN_POINT('Ctrl Pts',(12.7739372409567,4.60466349804563,75.2116464151607));
#1453=CARTESIAN_POINT('Ctrl Pts',(7.86654509272432,4.79815538934489,75.4356799601824));
#1454=CARTESIAN_POINT('',(58.5714285714285,-3.64420992849693,86.2282790960155));
#1455=CARTESIAN_POINT('Origin',(58.5714285714286,-200.,80.));
#1456=CARTESIAN_POINT('',(7.8665450927243,4.79815538934489,84.5643200398176));
#1457=CARTESIAN_POINT('Ctrl Pts',(7.8665450927243,4.79815538934489,84.5643200398176));
#1458=CARTESIAN_POINT('Ctrl Pts',(15.2276333150716,4.50791755239604,84.9003703573501));
#1459=CARTESIAN_POINT('Ctrl Pts',(27.4374551591458,3.34599216426858,86.1237381222084));
#1460=CARTESIAN_POINT('Ctrl Pts',(41.9034542849299,0.653857825862166,87.0348444761811));
#1461=CARTESIAN_POINT('Ctrl Pts',(51.5103217531474,-1.65309924450673,86.9692003235463));
#1462=CARTESIAN_POINT('Ctrl Pts',(56.2360247457518,-2.95860209110185,86.5758662443695));
#1463=CARTESIAN_POINT('Ctrl Pts',(58.5714285714285,-3.64420992849694,86.2282790960155));
#1464=CARTESIAN_POINT('',(9.12973661582815,2.05489155632631,113.39863331765));
#1465=CARTESIAN_POINT('Ctrl Pts',(9.12973661582815,2.05489155632631,113.39863331765));
#1466=CARTESIAN_POINT('Ctrl Pts',(8.68599059655039,3.64893800108068,103.876279686425));
#1467=CARTESIAN_POINT('Ctrl Pts',(8.01518591933577,4.5768990216755,94.2357729214263));
#1468=CARTESIAN_POINT('Ctrl Pts',(7.8665450927243,4.79815538934489,84.5643200398176));
#1469=CARTESIAN_POINT('',(43.9285714285713,-2.53813083332435,113.227862366508));
#1470=CARTESIAN_POINT('Ctrl Pts',(43.9285714285713,-2.53813083332435,113.227862366508));
#1471=CARTESIAN_POINT('Ctrl Pts',(40.6769454471342,-1.77530112827363,112.993405658318));
#1472=CARTESIAN_POINT('Ctrl Pts',(35.7702748354179,-0.792364301685613,112.886667682189));
#1473=CARTESIAN_POINT('Ctrl Pts',(24.1588235535465,1.02742167603443,112.992534227003));
#1474=CARTESIAN_POINT('Ctrl Pts',(15.8244234030684,1.77074878211916,113.287602137758));
#1475=CARTESIAN_POINT('Ctrl Pts',(9.12973661582814,2.05489155632632,113.39863331765));
#1476=CARTESIAN_POINT('',(43.9285714285714,-4.94755832056571,125.274999802714));
#1477=CARTESIAN_POINT('Origin',(43.9285714285714,-200.,80.));
#1478=CARTESIAN_POINT('',(9.47688564475418,-0.658276255571806,126.883534562534));
#1479=CARTESIAN_POINT('Ctrl Pts',(9.47688564475418,-0.658276255571806,126.883534562534));
#1480=CARTESIAN_POINT('Ctrl Pts',(14.4472691131354,-0.893214053308072,126.877757477477));
#1481=CARTESIAN_POINT('Ctrl Pts',(22.6962231742793,-1.5889745222285,126.85322391038));
#1482=CARTESIAN_POINT('Ctrl Pts',(34.2019903113097,-3.1897973146308,126.412752022307));
#1483=CARTESIAN_POINT('Ctrl Pts',(40.7188624165088,-4.34149827912967,125.778245320421));
#1484=CARTESIAN_POINT('Ctrl Pts',(43.9285714285714,-4.9475583205657,125.274999802714));
#1485=CARTESIAN_POINT('',(9.47688564476886,-5.47445255474452,143.99218725438));
#1486=CARTESIAN_POINT('Origin',(9.47688564476886,-200.,80.));
#1487=CARTESIAN_POINT('',(9.14180965849607,-7.17623706798998,148.995824257036));
#1488=CARTESIAN_POINT('Ctrl Pts',(9.14191168801733,-7.17624640844879,148.995835701408));
#1489=CARTESIAN_POINT('Ctrl Pts',(9.38021784620299,-6.59661569521216,147.344347395919));
#1490=CARTESIAN_POINT('Ctrl Pts',(9.47688564476886,-6.02652639003929,145.670399386964));
#1491=CARTESIAN_POINT('Ctrl Pts',(9.47688564476886,-5.47445255474452,143.99218725438));
#1492=CARTESIAN_POINT('',(-9.14180965849606,-7.17623706798998,148.995824257036));
#1493=CARTESIAN_POINT('Ctrl Pts',(-9.1418095043535,-7.17624393318273,148.99583188307));
#1494=CARTESIAN_POINT('Ctrl Pts',(-7.45703891931055,-7.10662915077892,149.024424772783));
#1495=CARTESIAN_POINT('Ctrl Pts',(-4.86076699936848,-7.02852645859125,149.053896422512));
#1496=CARTESIAN_POINT('Ctrl Pts',(1.19629396004858,-6.95183922013569,149.080548081073));
#1497=CARTESIAN_POINT('Ctrl Pts',(5.64910308471674,-7.03203213431116,149.055176317683));
#1498=CARTESIAN_POINT('Ctrl Pts',(9.14180930002504,-7.17625062095523,148.995836097362));
#1499=CARTESIAN_POINT('',(-9.47688564476886,-5.47445255474451,143.99218725438));
#1500=CARTESIAN_POINT('Ctrl Pts',(-9.47688564476886,-5.47445255474454,143.99218725438));
#1501=CARTESIAN_POINT('Ctrl Pts',(-9.47688564476885,-6.02652639003931,145.670399386965));
#1502=CARTESIAN_POINT('Ctrl Pts',(-9.380217846203,-6.59661569521214,147.344347395919));
#1503=CARTESIAN_POINT('Ctrl Pts',(-9.14191168801732,-7.17624640844879,148.995835701408));
#1504=CARTESIAN_POINT('',(-9.47688564476885,-0.486618004868313,126.147578954271));
#1505=CARTESIAN_POINT('Origin',(-9.47688564476886,-200.,80.));
#1506=CARTESIAN_POINT('',(-9.47688564476886,-0.486618004866159,33.8524210457387));
#1507=CARTESIAN_POINT('Ctrl Pts',(-9.47688564476886,-0.486618004866157,
33.8524210457387));
#1508=CARTESIAN_POINT('Ctrl Pts',(-9.47688564476886,0.513362988464331,38.1757158844119));
#1509=CARTESIAN_POINT('Ctrl Pts',(-9.0024563677771,3.11174416193326,51.230520798988));
#1510=CARTESIAN_POINT('Ctrl Pts',(-7.79698535072364,4.8877025615908,68.8910349903989));
#1511=CARTESIAN_POINT('Ctrl Pts',(-7.81255221068555,4.88699040631,86.6616853123292));
#1512=CARTESIAN_POINT('Ctrl Pts',(-8.57707143705207,3.70548938879143,104.363887151938));
#1513=CARTESIAN_POINT('Ctrl Pts',(-9.4768856447693,1.51334398179304,117.500989276924));
#1514=CARTESIAN_POINT('Ctrl Pts',(-9.47688564476885,-0.486618004868313,
126.147578954271));
#1515=CARTESIAN_POINT('',(-9.47688564476886,-5.47445255474454,16.0078127456199));
#1516=CARTESIAN_POINT('Origin',(-9.47688564476886,-200.,80.));
#1517=CARTESIAN_POINT('',(-6.30411238566432,-9.76618791372882,3.86620391603883));
#1518=CARTESIAN_POINT('Ctrl Pts',(-6.30412247001353,-9.76622835986946,3.86610384647319));
#1519=CARTESIAN_POINT('Ctrl Pts',(-6.7658230732293,-9.6252643045769,4.25656002363297));
#1520=CARTESIAN_POINT('Ctrl Pts',(-7.48268954861673,-9.25326588419627,5.26103284249175));
#1521=CARTESIAN_POINT('Ctrl Pts',(-8.21523239667854,-8.63869472452566,6.92733964594929));
#1522=CARTESIAN_POINT('Ctrl Pts',(-9.23473696036212,-7.35120179179509,10.4656219584632));
#1523=CARTESIAN_POINT('Ctrl Pts',(-9.47688564476885,-6.28540410335221,13.5426556582805));
#1524=CARTESIAN_POINT('Ctrl Pts',(-9.47688564476885,-5.47445255474454,16.00781274562));
#1525=CARTESIAN_POINT('',(6.30411238566436,-9.76618791372883,3.86620391603881));
#1526=CARTESIAN_POINT('Ctrl Pts',(6.30411270899069,-9.76619105688866,3.86619607654649));
#1527=CARTESIAN_POINT('Ctrl Pts',(2.11447424990531,-9.70614130799693,3.66932534696239));
#1528=CARTESIAN_POINT('Ctrl Pts',(-2.09312627817709,-9.70583530549684,3.66832212969313));
#1529=CARTESIAN_POINT('Ctrl Pts',(-6.30411270905723,-9.76619105649615,3.86619607525438));
#1530=CARTESIAN_POINT('',(9.47688564476886,-5.47445255474454,16.0078127456199));
#1531=CARTESIAN_POINT('Ctrl Pts',(9.47688564476886,-5.47445255474455,16.0078127456199));
#1532=CARTESIAN_POINT('Ctrl Pts',(9.47688564476886,-6.0826662162003,14.1589449301154));
#1533=CARTESIAN_POINT('Ctrl Pts',(9.27950714770084,-7.13117852035895,11.0902388988102));
#1534=CARTESIAN_POINT('Ctrl Pts',(8.45750267718334,-8.42941411412854,7.49399049652744));
#1535=CARTESIAN_POINT('Ctrl Pts',(7.48481839460681,-9.25392849484398,5.25955726002371));
#1536=CARTESIAN_POINT('Ctrl Pts',(6.76593578507899,-9.62527993961028,4.25653093567792));
#1537=CARTESIAN_POINT('Ctrl Pts',(6.30417508182397,-9.76621571915154,3.86613979607965));
#1538=CARTESIAN_POINT('',(9.47688564476886,-0.658276255572561,33.1164654374655));
#1539=CARTESIAN_POINT('Origin',(9.47688564476886,-200.,80.));
#1540=CARTESIAN_POINT('Ctrl Pts',(48.8095238095239,-5.89171414636521,35.6761492145467));
#1541=CARTESIAN_POINT('Ctrl Pts',(46.9915566128376,-5.53434228062872,35.2392450972825));
#1542=CARTESIAN_POINT('Ctrl Pts',(41.515322799686,-4.4673526992264,34.2399735032848));
#1543=CARTESIAN_POINT('Ctrl Pts',(28.3935975344471,-2.20060978531682,33.1435970811911));
#1544=CARTESIAN_POINT('Ctrl Pts',(17.072272734491,-1.01729151609881,33.1252935686434));
#1545=CARTESIAN_POINT('Ctrl Pts',(9.47688564476887,-0.658276255572504,33.1164654374659));
#1546=CARTESIAN_POINT('Ctrl Pts',(9.12973661582437,2.05489155632648,46.6013666823502));
#1547=CARTESIAN_POINT('Ctrl Pts',(14.8724041012061,1.81115536335701,46.6966086506291));
#1548=CARTESIAN_POINT('Ctrl Pts',(24.4056755886944,1.02309821986164,46.9983864636216));
#1549=CARTESIAN_POINT('Ctrl Pts',(35.7975737982944,-0.777575419561662,47.1420987107755));
#1550=CARTESIAN_POINT('Ctrl Pts',(43.2547772720713,-2.34539350426658,46.8709140419804));
#1551=CARTESIAN_POINT('Ctrl Pts',(46.9735259839376,-3.27262566931745,46.525772830988));
#1552=CARTESIAN_POINT('Ctrl Pts',(48.8095238095234,-3.77548583300879,46.2572907813282));
#1553=CARTESIAN_POINT('Ctrl Pts',(9.12893830054034,2.0687436533588,46.6849508077503));
#1554=CARTESIAN_POINT('Ctrl Pts',(14.8712647807994,1.82473858885013,46.7784230266465));
#1555=CARTESIAN_POINT('Ctrl Pts',(24.4048441468571,1.03576057232094,47.0745987492518));
#1556=CARTESIAN_POINT('Ctrl Pts',(35.7998408523546,-0.76731404352482,47.2064558822351));
#1557=CARTESIAN_POINT('Ctrl Pts',(43.2599699637743,-2.33747717191506,46.9247211396898));
#1558=CARTESIAN_POINT('Ctrl Pts',(46.9804538897934,-3.26623595692997,46.5729764162304));
#1559=CARTESIAN_POINT('Ctrl Pts',(48.8173695100434,-3.76998352190318,46.3006374260908));
#1560=CARTESIAN_POINT('Ctrl Pts',(9.12930963761269,2.13981955575307,46.8444530188496));
#1561=CARTESIAN_POINT('Ctrl Pts',(14.872113264604,1.893344091758,46.9347478304325));
#1562=CARTESIAN_POINT('Ctrl Pts',(24.4077829932794,1.09652641032595,47.2209092236094));
#1563=CARTESIAN_POINT('Ctrl Pts',(35.808966729948,-0.721950471091065,47.3309210049101));
#1564=CARTESIAN_POINT('Ctrl Pts',(43.2741859242947,-2.30437946339148,47.029370275934));
#1565=CARTESIAN_POINT('Ctrl Pts',(46.9975152722716,-3.24009426115005,46.6650739223556));
#1566=CARTESIAN_POINT('Ctrl Pts',(48.8358944158589,-3.74757315906123,46.3853447951611));
#1567=CARTESIAN_POINT('Ctrl Pts',(9.13663542434102,2.38458060844893,47.029114993392));
#1568=CARTESIAN_POINT('Ctrl Pts',(14.8840810907617,2.12945345101962,47.1192692552734));
#1569=CARTESIAN_POINT('Ctrl Pts',(24.4276396796343,1.30490410894679,47.4046872126598));
#1570=CARTESIAN_POINT('Ctrl Pts',(35.8383887859242,-0.567380607259006,47.5028517520198));
#1571=CARTESIAN_POINT('Ctrl Pts',(43.3097471637887,-2.19215354135035,47.1835874150103));
#1572=CARTESIAN_POINT('Ctrl Pts',(47.036086308349,-3.15145313253294,46.8052860511032));
#1573=CARTESIAN_POINT('Ctrl Pts',(48.8759331729489,-3.67133569536526,46.5163564867339));
#1574=CARTESIAN_POINT('Ctrl Pts',(9.14621890467964,2.61143490312663,47.0318224259534));
#1575=CARTESIAN_POINT('Ctrl Pts',(14.8994151761134,2.35052448310525,47.1285749294504));
#1576=CARTESIAN_POINT('Ctrl Pts',(24.4510763079347,1.5073636510797,47.4353070181429));
#1577=CARTESIAN_POINT('Ctrl Pts',(35.8674239830906,-0.409514026035777,47.5609480576772));
#1578=CARTESIAN_POINT('Ctrl Pts',(43.3413167274673,-2.07350893958258,47.2530447632652));
#1579=CARTESIAN_POINT('Ctrl Pts',(47.0685835414982,-3.05605164310866,46.8762919819382));
#1580=CARTESIAN_POINT('Ctrl Pts',(48.9088262646383,-3.58848149124527,46.5861099998495));
#1581=CARTESIAN_POINT('Ctrl Pts',(9.15200426610687,2.72968753392904,46.9856142154511));
#1582=CARTESIAN_POINT('Ctrl Pts',(14.9086782575505,2.46790467161949,47.0879080716251));
#1583=CARTESIAN_POINT('Ctrl Pts',(24.4652016267156,1.62149834938102,47.4120300606668));
#1584=CARTESIAN_POINT('Ctrl Pts',(35.8848849539,-0.312500428849764,47.5663830229845));
#1585=CARTESIAN_POINT('Ctrl Pts',(43.3602767288325,-1.99640260519224,47.2751193499668));
#1586=CARTESIAN_POINT('Ctrl Pts',(47.0880955595082,-2.992288719746,46.9044232583696));
#1587=CARTESIAN_POINT('Ctrl Pts',(48.928571428571,-3.53238156106257,46.6160623113046));
#1588=CARTESIAN_POINT('',(9.62648461972782,2.70754388074203,46.9942266287172));
#1589=CARTESIAN_POINT('Ctrl Pts',(48.928571428571,-3.53238156106257,46.6160623113046));
#1590=CARTESIAN_POINT('Ctrl Pts',(47.0880955595082,-2.992288719746,46.9044232583696));
#1591=CARTESIAN_POINT('Ctrl Pts',(43.3602767288325,-1.99640260519224,47.2751193499668));
#1592=CARTESIAN_POINT('Ctrl Pts',(35.8848849539,-0.312500428849764,47.5663830229845));
#1593=CARTESIAN_POINT('Ctrl Pts',(24.6220919979399,1.59492792903129,47.4141506530566));
#1594=CARTESIAN_POINT('Ctrl Pts',(15.2237709765092,2.43978844040893,47.0985420880413));
#1595=CARTESIAN_POINT('Ctrl Pts',(9.62648446277163,2.70755043075399,46.9942518695602));
#1596=CARTESIAN_POINT('',(9.623160560793,2.70770295784785,46.9941650460982));
#1597=CARTESIAN_POINT('Ctrl Pts',(9.62316041613353,2.70770941833356,46.9941899447876));
#1598=CARTESIAN_POINT('Ctrl Pts',(9.62426843594081,2.70765643145935,46.9942105831907));
#1599=CARTESIAN_POINT('Ctrl Pts',(9.62537645491294,2.70760343543566,46.9942312248458));
#1600=CARTESIAN_POINT('Ctrl Pts',(9.62648447305,2.7075504302623,46.9942518697517));
#1601=CARTESIAN_POINT('Ctrl Pts',(9.12973661582437,2.05489155632648,46.6013666823502));
#1602=CARTESIAN_POINT('Ctrl Pts',(9.13074068744672,2.05502064583431,46.6024221170331));
#1603=CARTESIAN_POINT('Ctrl Pts',(9.13174490725144,2.05515300618454,46.6034770154582));
#1604=CARTESIAN_POINT('Ctrl Pts',(9.21104368246847,2.06586163104105,46.6867230243304));
#1605=CARTESIAN_POINT('Ctrl Pts',(9.29129254514463,2.09645506125928,46.7667635881323));
#1606=CARTESIAN_POINT('Ctrl Pts',(9.41708515424138,2.18305483726386,46.8839911533182));
#1607=CARTESIAN_POINT('Ctrl Pts',(9.46665392203894,2.22917098740911,46.9276280975074));
#1608=CARTESIAN_POINT('Ctrl Pts',(9.54072611577504,2.32794595704747,46.9864530122775));
#1609=CARTESIAN_POINT('Ctrl Pts',(9.56838873202348,2.37579743328719,47.0060777870712));
#1610=CARTESIAN_POINT('Ctrl Pts',(9.60684182879991,2.47290967683641,47.0268094868081));
#1611=CARTESIAN_POINT('Ctrl Pts',(9.61922129149919,2.5196508276961,47.0301711257143));
#1612=CARTESIAN_POINT('Ctrl Pts',(9.63112866899117,2.61569032853287,47.0224686096995));
#1613=CARTESIAN_POINT('Ctrl Pts',(9.63034772061067,2.66285326057513,47.0115280418473));
#1614=CARTESIAN_POINT('Ctrl Pts',(9.623160560793,2.70770295784784,46.9941650460982));
#1615=CARTESIAN_POINT('Origin',(55.,0.,40.));
#1616=CARTESIAN_POINT('Ctrl Pts',(60.,-3.58919212975399,86.5854156934632));
#1617=CARTESIAN_POINT('Ctrl Pts',(59.5639988962734,-3.58919212975399,86.5854156934632));
#1618=CARTESIAN_POINT('Ctrl Pts',(59.1284302424525,-3.5216511086956,86.6233906732681));
#1619=CARTESIAN_POINT('Ctrl Pts',(58.7142857142857,-3.39138575072884,86.6894321649713));
#1620=CARTESIAN_POINT('Ctrl Pts',(60.,-3.6814321713201,86.5351429017903));
#1621=CARTESIAN_POINT('Ctrl Pts',(59.5525836971206,-3.6814321713201,86.5351429017903));
#1622=CARTESIAN_POINT('Ctrl Pts',(59.1056401903293,-3.6142760117765,86.5740948970588));
#1623=CARTESIAN_POINT('Ctrl Pts',(58.6799632819037,-3.48439373952022,86.6422792885968));
#1624=CARTESIAN_POINT('Ctrl Pts',(60.,-3.81371086291773,86.3947354669315));
#1625=CARTESIAN_POINT('Ctrl Pts',(59.5326973786112,-3.81371086291773,86.3947354669315));
#1626=CARTESIAN_POINT('Ctrl Pts',(59.0658071093059,-3.74681843789727,86.4335056632013));
#1627=CARTESIAN_POINT('Ctrl Pts',(58.6200925632763,-3.61692226329369,86.5014233594211));
#1628=CARTESIAN_POINT('Ctrl Pts',(60.,-3.85212995309586,86.209517197505));
#1629=CARTESIAN_POINT('Ctrl Pts',(59.5194012259536,-3.85212995309586,86.209517197505));
#1630=CARTESIAN_POINT('Ctrl Pts',(59.0392900838373,-3.78320407433561,86.2460445711504));
#1631=CARTESIAN_POINT('Ctrl Pts',(58.581880247303,-3.64991177665919,86.309749644463));
#1632=CARTESIAN_POINT('Ctrl Pts',(60.,-3.84966860736154,86.1307678808051));
#1633=CARTESIAN_POINT('Ctrl Pts',(59.5155543291927,-3.84966860736154,86.1307678808051));
#1634=CARTESIAN_POINT('Ctrl Pts',(59.0315891582806,-3.77950782579706,86.1663458687367));
#1635=CARTESIAN_POINT('Ctrl Pts',(58.5714285714285,-3.64420992849692,86.2282790960155));
#1636=CARTESIAN_POINT('',(58.7142857142857,-3.39138575072884,86.6894321649713));
#1637=CARTESIAN_POINT('Origin',(58.7142857142857,-3.16529336734692,86.2434700206399));
#1638=CARTESIAN_POINT('',(60.0000000000005,-3.84966860736156,86.1307678808051));
#1639=CARTESIAN_POINT('Ctrl Pts',(58.5714285714285,-3.64420992849692,86.2282790960155));
#1640=CARTESIAN_POINT('Ctrl Pts',(59.0315891582806,-3.77950782579706,86.1663458687367));
#1641=CARTESIAN_POINT('Ctrl Pts',(59.5155543291927,-3.84966860736154,86.1307678808051));
#1642=CARTESIAN_POINT('Ctrl Pts',(60.,-3.84966860736154,86.1307678808051));
#1643=CARTESIAN_POINT('',(60.0000000000005,-3.58919212975399,86.5854156934632));
#1644=CARTESIAN_POINT('Origin',(60.0000000000005,-3.34991265443706,86.1463879805657));
#1645=CARTESIAN_POINT('Ctrl Pts',(60.,-3.58919212975399,86.5854156934632));
#1646=CARTESIAN_POINT('Ctrl Pts',(59.5639988962734,-3.58919212975399,86.5854156934632));
#1647=CARTESIAN_POINT('Ctrl Pts',(59.1284302424525,-3.5216511086956,86.6233906732681));
#1648=CARTESIAN_POINT('Ctrl Pts',(58.7142857142857,-3.39138575072884,86.6894321649713));
#1649=CARTESIAN_POINT('Ctrl Pts',(65.,1.23437500000001,82.1740097422447));
#1650=CARTESIAN_POINT('Ctrl Pts',(65.,1.23241739000721,82.1777162876247));
#1651=CARTESIAN_POINT('Ctrl Pts',(64.9999981918048,1.23045455268929,82.1814221420166));
#1652=CARTESIAN_POINT('Ctrl Pts',(64.9996273394586,0.956836330188504,82.6969663868636));
#1653=CARTESIAN_POINT('Ctrl Pts',(64.9372207215642,0.242894796980818,83.6671663275252));
#1654=CARTESIAN_POINT('Ctrl Pts',(64.4390818125384,-1.08180874948275,84.8912048948613));
#1655=CARTESIAN_POINT('Ctrl Pts',(63.4252920289721,-2.3701299886512,85.8296303833548));
#1656=CARTESIAN_POINT('Ctrl Pts',(61.8879720635525,-3.34490001434531,86.4430799968167));
#1657=CARTESIAN_POINT('Ctrl Pts',(60.6258422005471,-3.58919212975399,86.5854156934632));
#1658=CARTESIAN_POINT('Ctrl Pts',(60.0000000000005,-3.58919212975399,86.5854156934632));
#1659=CARTESIAN_POINT('Ctrl Pts',(65.,1.23437500000001,82.1740097422447));
#1660=CARTESIAN_POINT('Ctrl Pts',(64.9999992599159,1.23230395992955,82.1776510559453));
#1661=CARTESIAN_POINT('Ctrl Pts',(64.9999993380976,1.23023172216656,82.1812886600208));
#1662=CARTESIAN_POINT('Ctrl Pts',(64.9995280937373,0.940612201179734,82.687459484723));
#1663=CARTESIAN_POINT('Ctrl Pts',(64.9440264878916,0.200793465739642,83.6290080830038));
#1664=CARTESIAN_POINT('Ctrl Pts',(64.4701495585582,-1.15319224954799,84.8167689083432));
#1665=CARTESIAN_POINT('Ctrl Pts',(63.4759960310725,-2.47719472739048,85.7391734524578));
#1666=CARTESIAN_POINT('Ctrl Pts',(61.9302002397374,-3.49274913502985,86.3528691127828));
#1667=CARTESIAN_POINT('Ctrl Pts',(60.6401248305074,-3.75087447134215,86.4975790835078));
#1668=CARTESIAN_POINT('Ctrl Pts',(60.0000000000005,-3.75061220249469,86.4974383080356));
#1669=CARTESIAN_POINT('Ctrl Pts',(65.,1.23437500000001,82.1740097422447));
#1670=CARTESIAN_POINT('Ctrl Pts',(64.9999992599159,1.23219311082511,82.1775833950769));
#1671=CARTESIAN_POINT('Ctrl Pts',(64.9999993380976,1.23000456641783,82.1811567370528));
#1672=CARTESIAN_POINT('Ctrl Pts',(64.9995280937373,0.925309539963726,82.6782502307154));
#1673=CARTESIAN_POINT('Ctrl Pts',(64.9440264878919,0.157853447780401,83.5910617502739));
#1674=CARTESIAN_POINT('Ctrl Pts',(64.4701495585585,-1.22282874135524,84.7288131925812));
#1675=CARTESIAN_POINT('Ctrl Pts',(63.4759960310735,-2.56625592884084,85.6033525210924));
#1676=CARTESIAN_POINT('Ctrl Pts',(61.9302002397377,-3.59440481831723,86.1796745688666));
#1677=CARTESIAN_POINT('Ctrl Pts',(60.6401248305093,-3.85571655743769,86.3145911533344));
#1678=CARTESIAN_POINT('Ctrl Pts',(60.0000000000005,-3.85541174740831,86.3145162864382));
#1679=CARTESIAN_POINT('Ctrl Pts',(65.,1.23437500000001,82.1740097422447));
#1680=CARTESIAN_POINT('Ctrl Pts',(65.,1.23208031512883,82.1775176100986));
#1681=CARTESIAN_POINT('Ctrl Pts',(64.9999981918048,1.2297807571815,82.1810239073735));
#1682=CARTESIAN_POINT('Ctrl Pts',(64.9996273394586,0.909265133355212,82.6686779995999));
#1683=CARTESIAN_POINT('Ctrl Pts',(64.9372207215645,0.114881125673351,83.553174856133));
#1684=CARTESIAN_POINT('Ctrl Pts',(64.4390818125386,-1.27944307743235,84.6411289520931));
#1685=CARTESIAN_POINT('Ctrl Pts',(63.4252920289731,-2.60675150802038,85.4677709877686));
#1686=CARTESIAN_POINT('Ctrl Pts',(61.8879720635528,-3.60130623556177,86.0060664515422));
#1687=CARTESIAN_POINT('Ctrl Pts',(60.625842200549,-3.84966860736156,86.130767880805));
#1688=CARTESIAN_POINT('Ctrl Pts',(60.0000000000005,-3.84966860736157,86.1307678808051));
#1689=CARTESIAN_POINT('',(65.,1.23437500000001,82.1740097422447));
#1690=CARTESIAN_POINT('Ctrl Pts',(60.0000000000005,-3.84966860736157,86.1307678808051));
#1691=CARTESIAN_POINT('Ctrl Pts',(60.625842200549,-3.84966860736156,86.130767880805));
#1692=CARTESIAN_POINT('Ctrl Pts',(61.8879720635528,-3.60130623556177,86.0060664515422));
#1693=CARTESIAN_POINT('Ctrl Pts',(63.4252920289731,-2.60675150802038,85.4677709877686));
#1694=CARTESIAN_POINT('Ctrl Pts',(64.4390818125386,-1.27944307743235,84.6411289520931));
#1695=CARTESIAN_POINT('Ctrl Pts',(64.9372207215645,0.114881125673351,83.553174856133));
#1696=CARTESIAN_POINT('Ctrl Pts',(64.9996273394586,0.909265133355212,82.6686779995999));
#1697=CARTESIAN_POINT('Ctrl Pts',(64.9999981918048,1.2297807571815,82.1810239073735));
#1698=CARTESIAN_POINT('Ctrl Pts',(65.,1.23208031512883,82.1775176100986));
#1699=CARTESIAN_POINT('Ctrl Pts',(65.,1.23437500000001,82.1740097422447));
#1700=CARTESIAN_POINT('Ctrl Pts',(65.,1.23437500000001,82.1740097422447));
#1701=CARTESIAN_POINT('Ctrl Pts',(65.,1.23241739000721,82.1777162876247));
#1702=CARTESIAN_POINT('Ctrl Pts',(64.9999981918048,1.23045455268929,82.1814221420166));
#1703=CARTESIAN_POINT('Ctrl Pts',(64.9996273394586,0.956836330188504,82.6969663868636));
#1704=CARTESIAN_POINT('Ctrl Pts',(64.9372207215642,0.242894796980818,83.6671663275252));
#1705=CARTESIAN_POINT('Ctrl Pts',(64.4390818125384,-1.08180874948275,84.8912048948613));
#1706=CARTESIAN_POINT('Ctrl Pts',(63.4252920289721,-2.3701299886512,85.8296303833548));
#1707=CARTESIAN_POINT('Ctrl Pts',(61.8879720635525,-3.34490001434531,86.4430799968167));
#1708=CARTESIAN_POINT('Ctrl Pts',(60.6258422005471,-3.58919212975399,86.5854156934632));
#1709=CARTESIAN_POINT('Ctrl Pts',(60.0000000000005,-3.58919212975399,86.5854156934632));
#1710=CARTESIAN_POINT('Ctrl Pts',(60.,-3.84966860736156,73.8692321191949));
#1711=CARTESIAN_POINT('Ctrl Pts',(59.5155543291926,-3.84966860736156,73.8692321191949));
#1712=CARTESIAN_POINT('Ctrl Pts',(59.0315891582806,-3.77950782579706,73.8336541312633));
#1713=CARTESIAN_POINT('Ctrl Pts',(58.5714285714286,-3.64420992849694,73.7717209039845));
#1714=CARTESIAN_POINT('Ctrl Pts',(60.,-3.85295040167399,73.7642330302617));
#1715=CARTESIAN_POINT('Ctrl Pts',(59.5206624203721,-3.85295040167399,73.7642330302617));
#1716=CARTESIAN_POINT('Ctrl Pts',(59.0418902024889,-3.78440496713181,73.7274154292199));
#1717=CARTESIAN_POINT('Ctrl Pts',(58.5853641392612,-3.6518123927133,73.6630935060544));
#1718=CARTESIAN_POINT('Ctrl Pts',(60.,-3.79872584981641,73.5791067996809));
#1719=CARTESIAN_POINT('Ctrl Pts',(59.5354892880619,-3.79872584981641,73.5791067996809));
#1720=CARTESIAN_POINT('Ctrl Pts',(59.0713749531729,-3.73189902577849,73.5400571024612));
#1721=CARTESIAN_POINT('Ctrl Pts',(58.6284455886534,-3.60214003331455,73.4716111018986));
#1722=CARTESIAN_POINT('Ctrl Pts',(60.,-3.65837216092858,73.4522889002914));
#1723=CARTESIAN_POINT('Ctrl Pts',(59.5554515987591,-3.65837216092858,73.4522889002914));
#1724=CARTESIAN_POINT('Ctrl Pts',(59.1113154897478,-3.59114218842912,73.4135591101331));
#1725=CARTESIAN_POINT('Ctrl Pts',(58.6885438899992,-3.46114174232239,73.3459324923096));
#1726=CARTESIAN_POINT('Ctrl Pts',(60.,-3.58919212975399,73.4145843065367));
#1727=CARTESIAN_POINT('Ctrl Pts',(59.5639988962734,-3.58919212975399,73.4145843065367));
#1728=CARTESIAN_POINT('Ctrl Pts',(59.1284302424525,-3.52165110869561,73.3766093267318));
#1729=CARTESIAN_POINT('Ctrl Pts',(58.7142857142857,-3.39138575072885,73.3105678350286));
#1730=CARTESIAN_POINT('',(58.7142857142857,-3.39138575072885,73.3105678350286));
#1731=CARTESIAN_POINT('Origin',(58.7142857142857,-3.16529336734692,73.7565299793601));
#1732=CARTESIAN_POINT('',(60.0000000000005,-3.589192129754,73.4145843065368));
#1733=CARTESIAN_POINT('Ctrl Pts',(58.7142857142857,-3.39138575072885,73.3105678350286));
#1734=CARTESIAN_POINT('Ctrl Pts',(59.1284302424525,-3.52165110869561,73.3766093267318));
#1735=CARTESIAN_POINT('Ctrl Pts',(59.5639988962734,-3.58919212975399,73.4145843065367));
#1736=CARTESIAN_POINT('Ctrl Pts',(60.,-3.58919212975399,73.4145843065367));
#1737=CARTESIAN_POINT('',(60.0000000000005,-3.84966860736156,73.8692321191949));
#1738=CARTESIAN_POINT('Origin',(60.0000000000005,-3.34991265443707,73.8536120194343));
#1739=CARTESIAN_POINT('Ctrl Pts',(60.,-3.84966860736156,73.8692321191949));
#1740=CARTESIAN_POINT('Ctrl Pts',(59.5155543291926,-3.84966860736156,73.8692321191949));
#1741=CARTESIAN_POINT('Ctrl Pts',(59.0315891582806,-3.77950782579706,73.8336541312633));
#1742=CARTESIAN_POINT('Ctrl Pts',(58.5714285714286,-3.64420992849694,73.7717209039845));
#1743=CARTESIAN_POINT('Ctrl Pts',(65.,1.23437500000001,77.8259902577553));
#1744=CARTESIAN_POINT('Ctrl Pts',(65.,1.23207993075612,77.8224818023193));
#1745=CARTESIAN_POINT('Ctrl Pts',(64.9999981918107,1.22977998660812,77.8189749172907));
#1746=CARTESIAN_POINT('Ctrl Pts',(64.9996271514129,0.909263940846675,77.3313206490419));
#1747=CARTESIAN_POINT('Ctrl Pts',(64.9372190890798,0.114880904504222,76.4468258313606));
#1748=CARTESIAN_POINT('Ctrl Pts',(64.4390792499363,-1.27944295797891,75.3588725975661));
#1749=CARTESIAN_POINT('Ctrl Pts',(63.4252889387045,-2.60675173801801,74.5322303847502));
#1750=CARTESIAN_POINT('Ctrl Pts',(61.8879712491238,-3.60130642921823,73.9939349692937));
#1751=CARTESIAN_POINT('Ctrl Pts',(60.6258420187808,-3.84966860736155,73.869232119195));
#1752=CARTESIAN_POINT('Ctrl Pts',(60.0000000000005,-3.84966860736156,73.8692321191949));
#1753=CARTESIAN_POINT('Ctrl Pts',(65.,1.23437500000002,77.8259902577553));
#1754=CARTESIAN_POINT('Ctrl Pts',(64.9999992598018,1.23219274537181,77.8224160062181));
#1755=CARTESIAN_POINT('Ctrl Pts',(64.9999993383169,1.23000383331165,77.8188420653917));
#1756=CARTESIAN_POINT('Ctrl Pts',(64.9995279108313,0.925308389494676,77.3217483822063));
#1757=CARTESIAN_POINT('Ctrl Pts',(64.944024877732,0.157853255186829,76.4089388838358));
#1758=CARTESIAN_POINT('Ctrl Pts',(64.4701470152542,-1.22282862587961,75.2711883201455));
#1759=CARTESIAN_POINT('Ctrl Pts',(63.4759929438086,-2.56625617650488,74.3966488259288));
#1760=CARTESIAN_POINT('Ctrl Pts',(61.930199413565,-3.59440502042308,73.8203268464072));
#1761=CARTESIAN_POINT('Ctrl Pts',(60.6401246446411,-3.85571655690966,73.6854088464557));
#1762=CARTESIAN_POINT('Ctrl Pts',(60.0000000000005,-3.85541174740831,73.6854837135618));
#1763=CARTESIAN_POINT('Ctrl Pts',(65.,1.23437500000002,77.8259902577553));
#1764=CARTESIAN_POINT('Ctrl Pts',(64.9999992598018,1.2323036130022,77.8223483342899));
#1765=CARTESIAN_POINT('Ctrl Pts',(64.9999993383169,1.23023102637416,77.8187101201453));
#1766=CARTESIAN_POINT('Ctrl Pts',(64.9995279108313,0.940611261886525,77.312539052304));
#1767=CARTESIAN_POINT('Ctrl Pts',(64.9440248777319,0.200794287310723,76.3709925493585));
#1768=CARTESIAN_POINT('Ctrl Pts',(64.4701470152541,-1.153191281324,75.1832327821246));
#1769=CARTESIAN_POINT('Ctrl Pts',(63.4759929438082,-2.47719429865415,74.260828042396));
#1770=CARTESIAN_POINT('Ctrl Pts',(61.9301994135649,-3.49274881196721,73.6471324472585));
#1771=CARTESIAN_POINT('Ctrl Pts',(60.6401246446402,-3.75087447122688,73.5024209168993));
#1772=CARTESIAN_POINT('Ctrl Pts',(60.0000000000005,-3.75061220249469,73.5025616919644));
#1773=CARTESIAN_POINT('Ctrl Pts',(65.,1.23437500000002,77.8259902577553));
#1774=CARTESIAN_POINT('Ctrl Pts',(65.,1.23241706209582,77.8222830915136));
#1775=CARTESIAN_POINT('Ctrl Pts',(64.9999981918107,1.23045389421234,77.8185766158847));
#1776=CARTESIAN_POINT('Ctrl Pts',(64.9996271514129,0.956835431473466,77.3030321131481));
#1777=CARTESIAN_POINT('Ctrl Pts',(64.9372190890797,0.242895652530925,76.3328342581452));
#1778=CARTESIAN_POINT('Ctrl Pts',(64.4390792499362,-1.08180775833298,75.1087967775898));
#1779=CARTESIAN_POINT('Ctrl Pts',(63.4252889387041,-2.37012953546031,74.1703711087953));
#1780=CARTESIAN_POINT('Ctrl Pts',(61.8879712491236,-3.34489968309777,73.5569215653257));
#1781=CARTESIAN_POINT('Ctrl Pts',(60.6258420187799,-3.58919212975399,73.4145843065368));
#1782=CARTESIAN_POINT('Ctrl Pts',(60.0000000000005,-3.58919212975399,73.4145843065368));
#1783=CARTESIAN_POINT('',(65.,1.23437500000002,77.8259902577553));
#1784=CARTESIAN_POINT('Ctrl Pts',(60.0000000000005,-3.58919212975399,73.4145843065368));
#1785=CARTESIAN_POINT('Ctrl Pts',(60.6258420187799,-3.58919212975399,73.4145843065368));
#1786=CARTESIAN_POINT('Ctrl Pts',(61.8879712491236,-3.34489968309777,73.5569215653257));
#1787=CARTESIAN_POINT('Ctrl Pts',(63.4252889387041,-2.37012953546031,74.1703711087953));
#1788=CARTESIAN_POINT('Ctrl Pts',(64.4390792499362,-1.08180775833298,75.1087967775898));
#1789=CARTESIAN_POINT('Ctrl Pts',(64.9372190890797,0.242895652530925,76.3328342581452));
#1790=CARTESIAN_POINT('Ctrl Pts',(64.9996271514129,0.956835431473466,77.3030321131481));
#1791=CARTESIAN_POINT('Ctrl Pts',(64.9999981918107,1.23045389421234,77.8185766158847));
#1792=CARTESIAN_POINT('Ctrl Pts',(65.,1.23241706209582,77.8222830915136));
#1793=CARTESIAN_POINT('Ctrl Pts',(65.,1.23437500000002,77.8259902577553));
#1794=CARTESIAN_POINT('Ctrl Pts',(65.,1.23437500000001,77.8259902577553));
#1795=CARTESIAN_POINT('Ctrl Pts',(65.,1.23207993075612,77.8224818023193));
#1796=CARTESIAN_POINT('Ctrl Pts',(64.9999981918107,1.22977998660812,77.8189749172907));
#1797=CARTESIAN_POINT('Ctrl Pts',(64.9996271514129,0.909263940846675,77.3313206490419));
#1798=CARTESIAN_POINT('Ctrl Pts',(64.9372190890798,0.114880904504222,76.4468258313606));
#1799=CARTESIAN_POINT('Ctrl Pts',(64.4390792499363,-1.27944295797891,75.3588725975661));
#1800=CARTESIAN_POINT('Ctrl Pts',(63.4252889387045,-2.60675173801801,74.5322303847502));
#1801=CARTESIAN_POINT('Ctrl Pts',(61.8879712491238,-3.60130642921823,73.9939349692937));
#1802=CARTESIAN_POINT('Ctrl Pts',(60.6258420187808,-3.84966860736155,73.869232119195));
#1803=CARTESIAN_POINT('Ctrl Pts',(60.0000000000005,-3.84966860736156,73.8692321191949));
#1804=CARTESIAN_POINT('Ctrl Pts',(65.,-1.19639737658467,82.1951385644877));
#1805=CARTESIAN_POINT('Ctrl Pts',(65.,0.615094941178354,83.1824405470306));
#1806=CARTESIAN_POINT('Ctrl Pts',(65.,1.92821628484823,81.5912202735153));
#1807=CARTESIAN_POINT('Ctrl Pts',(65.,3.24133762851811,80.));
#1808=CARTESIAN_POINT('Ctrl Pts',(65.,1.92821628484823,78.4087797264847));
#1809=CARTESIAN_POINT('Ctrl Pts',(65.,0.61509494117835,76.8175594529694));
#1810=CARTESIAN_POINT('Ctrl Pts',(65.,-1.19639737658467,77.8048614355123));
#1811=CARTESIAN_POINT('Ctrl Pts',(65.,-3.58919212975401,86.5854156934632));
#1812=CARTESIAN_POINT('Ctrl Pts',(65.,1.84528482353508,89.5473216410917));
#1813=CARTESIAN_POINT('Ctrl Pts',(65.,5.78464885454472,84.7736608205459));
#1814=CARTESIAN_POINT('Ctrl Pts',(65.,9.72401288555436,80.));
#1815=CARTESIAN_POINT('Ctrl Pts',(65.,5.7846488545447,75.2263391794541));
#1816=CARTESIAN_POINT('Ctrl Pts',(65.,1.84528482353504,70.4526783589083));
#1817=CARTESIAN_POINT('Ctrl Pts',(65.,-3.58919212975403,73.4145843065368));
#1818=CARTESIAN_POINT('Ctrl Pts',(60.,-3.58919212975401,86.5854156934632));
#1819=CARTESIAN_POINT('Ctrl Pts',(60.,1.84528482353508,89.5473216410917));
#1820=CARTESIAN_POINT('Ctrl Pts',(60.,5.78464885454472,84.7736608205459));
#1821=CARTESIAN_POINT('Ctrl Pts',(60.,9.72401288555436,80.));
#1822=CARTESIAN_POINT('Ctrl Pts',(60.,5.7846488545447,75.2263391794541));
#1823=CARTESIAN_POINT('Ctrl Pts',(60.,1.84528482353504,70.4526783589083));
#1824=CARTESIAN_POINT('Ctrl Pts',(60.,-3.58919212975403,73.4145843065368));
#1825=CARTESIAN_POINT('Origin',(65.,0.,80.));
#1826=CARTESIAN_POINT('Origin',(60.,0.,80.));
#1827=CARTESIAN_POINT('Origin',(60.,-200.,80.));
#1828=CARTESIAN_POINT('Origin',(65.,-200.,80.));
#1829=CARTESIAN_POINT('Origin',(0.,0.,80.));
#1830=CARTESIAN_POINT('',(8.24363716283018,5.66060476694894,75.0798827582673));
#1831=CARTESIAN_POINT('Ctrl Pts',(8.24363676109556,5.66060237189261,75.0798769374523));
#1832=CARTESIAN_POINT('Ctrl Pts',(13.0433386456771,5.44857271159639,74.8358589503248));
#1833=CARTESIAN_POINT('Ctrl Pts',(22.747045568711,4.64261051685081,73.9703037330386));
#1834=CARTESIAN_POINT('Ctrl Pts',(37.1706724617672,2.33019218477936,72.6634844198601));
#1835=CARTESIAN_POINT('Ctrl Pts',(49.2564167754005,-0.548303557911069,72.3139895378366));
#1836=CARTESIAN_POINT('Ctrl Pts',(56.3731857817161,-2.65501426683642,72.9372447044357));
#1837=CARTESIAN_POINT('Ctrl Pts',(58.7142857142857,-3.39138575072886,73.3105678350286));
#1838=CARTESIAN_POINT('',(8.24363716283018,5.66060476694894,84.9201172417327));
#1839=CARTESIAN_POINT('Ctrl Pts',(8.24363716283018,5.66060476694894,75.0798827582673));
#1840=CARTESIAN_POINT('Ctrl Pts',(7.89951111441939,6.16176151577212,75.6564646041866));
#1841=CARTESIAN_POINT('Ctrl Pts',(7.53251174109412,6.59158170374096,76.3331892434246));
#1842=CARTESIAN_POINT('Ctrl Pts',(7.0492567596177,7.09782208133949,77.5271425513188));
#1843=CARTESIAN_POINT('Ctrl Pts',(6.89158676400743,7.2476216214208,78.0064085020792));
#1844=CARTESIAN_POINT('Ctrl Pts',(6.67366641457984,7.44876930291259,78.9909103961101));
#1845=CARTESIAN_POINT('Ctrl Pts',(6.61437827766147,7.5,79.4963830696233));
#1846=CARTESIAN_POINT('Ctrl Pts',(6.61437827766147,7.5,80.));
#1847=CARTESIAN_POINT('Ctrl Pts',(6.61437827766147,7.5,80.5036169303767));
#1848=CARTESIAN_POINT('Ctrl Pts',(6.67366641457984,7.44876930291259,81.0090896038899));
#1849=CARTESIAN_POINT('Ctrl Pts',(6.89158676400743,7.2476216214208,81.9935914979208));
#1850=CARTESIAN_POINT('Ctrl Pts',(7.0492567596177,7.0978220813395,82.4728574486812));
#1851=CARTESIAN_POINT('Ctrl Pts',(7.53251069872435,6.5915827956897,83.6668081812459));
#1852=CARTESIAN_POINT('Ctrl Pts',(7.89951785394102,6.16175170088947,84.3435466878555));
#1853=CARTESIAN_POINT('Ctrl Pts',(8.24363716282965,5.66060476694972,84.9201172417318));
#1854=CARTESIAN_POINT('Ctrl Pts',(58.7142857142857,-3.39138575072886,86.6894321649713));
#1855=CARTESIAN_POINT('Ctrl Pts',(56.3731857817171,-2.65501426683674,87.0627552955641));
#1856=CARTESIAN_POINT('Ctrl Pts',(51.6359566842527,-1.2528496241087,87.4852125426242));
#1857=CARTESIAN_POINT('Ctrl Pts',(42.0056578319663,1.22491872760284,87.5557171072572));
#1858=CARTESIAN_POINT('Ctrl Pts',(27.6216108091258,4.09300763970329,86.5850619678409));
#1859=CARTESIAN_POINT('Ctrl Pts',(15.5022406356985,5.34001696594988,85.2886498877526));
#1860=CARTESIAN_POINT('Ctrl Pts',(8.2436374325855,5.66060400145392,84.9201108847936));
#1861=CARTESIAN_POINT('Ctrl Pts',(58.5714285714286,-3.64420992849695,73.7717209039845));
#1862=CARTESIAN_POINT('Ctrl Pts',(56.2360247457508,-2.95860209110155,73.4241337556304));
#1863=CARTESIAN_POINT('Ctrl Pts',(49.13657147911,-0.997122858460601,72.8438442736711));
#1864=CARTESIAN_POINT('Ctrl Pts',(37.0802328694028,1.68293643805897,73.1692458345493));
#1865=CARTESIAN_POINT('Ctrl Pts',(22.5744334666085,3.85348930444092,74.3958925734732));
#1866=CARTESIAN_POINT('Ctrl Pts',(12.7739372409567,4.60466349804563,75.2116464151607));
#1867=CARTESIAN_POINT('Ctrl Pts',(7.86654509272432,4.79815538934489,75.4356799601824));
#1868=CARTESIAN_POINT('Ctrl Pts',(58.5783963553449,-3.64801116060513,73.7174072050195));
#1869=CARTESIAN_POINT('Ctrl Pts',(56.2413814023766,-2.9620968943292,73.3645606115404));
#1870=CARTESIAN_POINT('Ctrl Pts',(49.1372361004841,-0.999766204539489,72.7706371308117));
#1871=CARTESIAN_POINT('Ctrl Pts',(37.0743356882306,1.68111743838208,73.0787550479788));
#1872=CARTESIAN_POINT('Ctrl Pts',(22.5640489805619,3.85168268937534,74.2892053106041));
#1873=CARTESIAN_POINT('Ctrl Pts',(12.7656970750634,4.6024630791952,75.0972388536027));
#1874=CARTESIAN_POINT('Ctrl Pts',(7.86113032370079,4.79576594148904,75.3191346624539));
#1875=CARTESIAN_POINT('Ctrl Pts',(58.5975427295205,-3.63814044410979,73.6082343685458));
#1876=CARTESIAN_POINT('Ctrl Pts',(56.2580573049697,-2.94833241647407,73.2447385315074));
#1877=CARTESIAN_POINT('Ctrl Pts',(49.1464799111101,-0.974241767632743,72.6231578921797));
#1878=CARTESIAN_POINT('Ctrl Pts',(37.0720700744105,1.72624831548453,72.8961858164877));
#1879=CARTESIAN_POINT('Ctrl Pts',(22.5515965962382,3.91860954092878,74.0740658511819));
#1880=CARTESIAN_POINT('Ctrl Pts',(12.7544543798869,4.6798830565939,74.8668585340842));
#1881=CARTESIAN_POINT('Ctrl Pts',(7.85358512075532,4.87604953914705,75.0845202664824));
#1882=CARTESIAN_POINT('Ctrl Pts',(58.6388117894238,-3.5725109224943,73.4604043747167));
#1883=CARTESIAN_POINT('Ctrl Pts',(56.2976987414659,-2.86801387439192,73.085415293646));
#1884=CARTESIAN_POINT('Ctrl Pts',(49.1810416200362,-0.849692435501725,72.4379323840829));
#1885=CARTESIAN_POINT('Ctrl Pts',(37.097358219997,1.92262209450937,72.6931023135028));
#1886=CARTESIAN_POINT('Ctrl Pts',(22.5649313174183,4.19141380319154,73.8721676577338));
#1887=CARTESIAN_POINT('Ctrl Pts',(12.7608788740946,4.98902279337577,74.6724435241175));
#1888=CARTESIAN_POINT('Ctrl Pts',(7.85738271278379,5.19494428752245,74.8922844355418));
#1889=CARTESIAN_POINT('Ctrl Pts',(58.6799619021272,-3.48133933380401,73.3637547286073));
#1890=CARTESIAN_POINT('Ctrl Pts',(56.3387112799339,-2.75957717690879,72.9863378958244));
#1891=CARTESIAN_POINT('Ctrl Pts',(49.2215351955072,-0.691626050392921,72.3415201076165));
#1892=CARTESIAN_POINT('Ctrl Pts',(37.135950376733,2.14940386774075,72.6310680862797));
#1893=CARTESIAN_POINT('Ctrl Pts',(22.5979845569915,4.47382773179249,73.8721481953855));
#1894=CARTESIAN_POINT('Ctrl Pts',(12.7832148287157,5.28998488161014,74.7105861578167));
#1895=CARTESIAN_POINT('Ctrl Pts',(7.87166387545764,5.5007218203711,74.9410172823327));
#1896=CARTESIAN_POINT('Ctrl Pts',(58.7057051061902,-3.41463774792671,73.3223560541223));
#1897=CARTESIAN_POINT('Ctrl Pts',(56.3645675588227,-2.68188977940945,72.9476574409194));
#1898=CARTESIAN_POINT('Ctrl Pts',(49.2476972771923,-0.584536493036758,72.3178882703737));
#1899=CARTESIAN_POINT('Ctrl Pts',(37.1619941246017,2.28619954891959,72.6508494172477));
#1900=CARTESIAN_POINT('Ctrl Pts',(22.6216217335282,4.6183931376641,73.9485716115238));
#1901=CARTESIAN_POINT('Ctrl Pts',(12.7996295656228,5.42907351463992,74.8154858437877));
#1902=CARTESIAN_POINT('Ctrl Pts',(7.88221851966683,5.63799860179805,75.053651459716));
#1903=CARTESIAN_POINT('Ctrl Pts',(58.7142857142857,-3.39138575072886,73.3105678350286));
#1904=CARTESIAN_POINT('Ctrl Pts',(56.3731857817161,-2.65501426683642,72.9372447044357));
#1905=CARTESIAN_POINT('Ctrl Pts',(49.2564167754005,-0.548303557911069,72.3139895378366));
#1906=CARTESIAN_POINT('Ctrl Pts',(37.1706724617672,2.33019218477936,72.6634844198601));
#1907=CARTESIAN_POINT('Ctrl Pts',(22.6294930604296,4.66145671809731,73.9809543058296));
#1908=CARTESIAN_POINT('Ctrl Pts',(12.8050931854468,5.46824921000893,74.8571080399766));
#1909=CARTESIAN_POINT('Ctrl Pts',(7.88573178807242,5.67606759151763,75.0977294345861));
#1910=CARTESIAN_POINT('',(8.30805352684346,5.56563083532352,74.993975371908));
#1911=CARTESIAN_POINT('Ctrl Pts',(7.86654509273387,4.79815538934452,75.435679960182));
#1912=CARTESIAN_POINT('Ctrl Pts',(7.86761417797335,4.79808975404713,75.4345775001124));
#1913=CARTESIAN_POINT('Ctrl Pts',(7.86868339198927,4.79802743117425,75.4334749616049));
#1914=CARTESIAN_POINT('Ctrl Pts',(7.94310168517895,4.79392074378455,75.3567410362957));
#1915=CARTESIAN_POINT('Ctrl Pts',(8.01802033698596,4.80540511079093,75.2797461992));
#1916=CARTESIAN_POINT('Ctrl Pts',(8.15117324352496,4.85909632506289,75.1434557333854));
#1917=CARTESIAN_POINT('Ctrl Pts',(8.20725234326502,4.89629150143332,75.0862977298877));
#1918=CARTESIAN_POINT('Ctrl Pts',(8.28866776673058,4.97827470128366,75.0037929405455));
#1919=CARTESIAN_POINT('Ctrl Pts',(8.31996106269471,5.02037715239262,74.9722613811857));
#1920=CARTESIAN_POINT('Ctrl Pts',(8.36357920875561,5.10871223713958,74.9288226769752));
#1921=CARTESIAN_POINT('Ctrl Pts',(8.37818717514228,5.15157581407029,74.9145040011557));
#1922=CARTESIAN_POINT('Ctrl Pts',(8.39456271424596,5.24205264568862,74.8991873840772));
#1923=CARTESIAN_POINT('Ctrl Pts',(8.39638936630977,5.2875462904033,74.8980918770806));
#1924=CARTESIAN_POINT('Ctrl Pts',(8.38694684161473,5.38382577097964,74.9094944434611));
#1925=CARTESIAN_POINT('Ctrl Pts',(8.37425717627072,5.43202934531616,74.9234122860867));
#1926=CARTESIAN_POINT('Ctrl Pts',(8.3425323606111,5.50860659601939,74.9574445719555));
#1927=CARTESIAN_POINT('Ctrl Pts',(8.32625293285314,5.53846380902247,74.9747441131121));
#1928=CARTESIAN_POINT('Ctrl Pts',(8.30805352684345,5.56563083532353,74.993975371908));
#1929=CARTESIAN_POINT('Ctrl Pts',(8.30806564175587,5.56570920567013,74.993817622675));
#1930=CARTESIAN_POINT('Ctrl Pts',(8.29460958158006,5.58575466889989,75.0080592383199));
#1931=CARTESIAN_POINT('Ctrl Pts',(8.28158377030018,5.60500975610749,75.0238152288396));
#1932=CARTESIAN_POINT('Ctrl Pts',(8.26916260416013,5.62326684656259,75.0410169196487));
#1933=CARTESIAN_POINT('Ctrl Pts',(8.26033126901925,5.63624747033722,75.0532471639602));
#1934=CARTESIAN_POINT('Ctrl Pts',(8.25180557620846,5.64872276681175,75.0662084580784));
#1935=CARTESIAN_POINT('Ctrl Pts',(8.24364774502362,5.66060188667079,75.0798763790264));
#1936=CARTESIAN_POINT('Origin',(65.,0.,80.));
#1937=CARTESIAN_POINT('Ctrl Pts',(45.,-4.88737115800715,125.688901753755));
#1938=CARTESIAN_POINT('Ctrl Pts',(44.6754153510713,-4.88737115800715,125.688901753755));
#1939=CARTESIAN_POINT('Ctrl Pts',(44.3509436827729,-4.8550098710145,125.717145301773));
#1940=CARTESIAN_POINT('Ctrl Pts',(44.0357142857143,-4.79123641921385,125.770099962323));
#1941=CARTESIAN_POINT('Ctrl Pts',(45.,-4.96602975041266,125.621325663942));
#1942=CARTESIAN_POINT('Ctrl Pts',(44.6669655230845,-4.96602975041266,125.621325663942));
#1943=CARTESIAN_POINT('Ctrl Pts',(44.3340717553011,-4.9339824348391,125.650047461597));
#1944=CARTESIAN_POINT('Ctrl Pts',(44.0103460631313,-4.87075785215978,125.704068873065));
#1945=CARTESIAN_POINT('Ctrl Pts',(45.,-5.06527046044662,125.459072410879));
#1946=CARTESIAN_POINT('Ctrl Pts',(44.6522417899709,-5.06527046044662,125.459072410879));
#1947=CARTESIAN_POINT('Ctrl Pts',(44.3045877360005,-5.03333930244729,125.487654746859));
#1948=CARTESIAN_POINT('Ctrl Pts',(43.9660783335147,-4.97015639933255,125.541434452696));
#1949=CARTESIAN_POINT('Ctrl Pts',(45.,-5.06619310822531,125.272484247732));
#1950=CARTESIAN_POINT('Ctrl Pts',(44.6422782607063,-5.06619310822531,125.272484247732));
#1951=CARTESIAN_POINT('Ctrl Pts',(44.2846975676509,-5.03291879461965,125.300068429337));
#1952=CARTESIAN_POINT('Ctrl Pts',(43.9369033563056,-4.96728381442883,125.351896458129));
#1953=CARTESIAN_POINT('Ctrl Pts',(45.,-5.04862793167352,125.196718675147));
#1954=CARTESIAN_POINT('Ctrl Pts',(44.6393503900791,-5.04862793167352,125.196718675147));
#1955=CARTESIAN_POINT('Ctrl Pts',(44.2788263141921,-5.0145842498377,125.22392027514));
#1956=CARTESIAN_POINT('Ctrl Pts',(43.9285714285714,-4.94755832056568,125.274999802714));
#1957=CARTESIAN_POINT('',(44.0357142857143,-4.79123641921385,125.770099962323));
#1958=CARTESIAN_POINT('Origin',(44.0357142857143,-4.47182065793293,125.385426631501));
#1959=CARTESIAN_POINT('',(45.,-5.04862793167353,125.196718675147));
#1960=CARTESIAN_POINT('Ctrl Pts',(43.9285714285714,-4.94755832056568,125.274999802714));
#1961=CARTESIAN_POINT('Ctrl Pts',(44.2788263141921,-5.0145842498377,125.22392027514));
#1962=CARTESIAN_POINT('Ctrl Pts',(44.6393503900791,-5.04862793167352,125.196718675147));
#1963=CARTESIAN_POINT('Ctrl Pts',(45.,-5.04862793167352,125.196718675147));
#1964=CARTESIAN_POINT('',(45.,-4.88737115800715,125.688901753755));
#1965=CARTESIAN_POINT('Origin',(45.,-4.56154641414001,125.309641636838));
#1966=CARTESIAN_POINT('Ctrl Pts',(45.,-4.88737115800715,125.688901753755));
#1967=CARTESIAN_POINT('Ctrl Pts',(44.6754153510713,-4.88737115800715,125.688901753755));
#1968=CARTESIAN_POINT('Ctrl Pts',(44.3509436827729,-4.8550098710145,125.717145301773));
#1969=CARTESIAN_POINT('Ctrl Pts',(44.0357142857143,-4.79123641921385,125.770099962323));
#1970=CARTESIAN_POINT('Ctrl Pts',(50.,0.691375249119513,122.402498754402));
#1971=CARTESIAN_POINT('Ctrl Pts',(50.,0.688700730608679,122.405662553641));
#1972=CARTESIAN_POINT('Ctrl Pts',(49.99999813225,0.686021285614768,122.408824717666));
#1973=CARTESIAN_POINT('Ctrl Pts',(49.999607531485,0.310375395460391,122.851411935716));
#1974=CARTESIAN_POINT('Ctrl Pts',(49.9337140520763,-0.588408724391958,123.643432367361));
#1975=CARTESIAN_POINT('Ctrl Pts',(49.4270266915435,-2.12620653104549,124.557669889967));
#1976=CARTESIAN_POINT('Ctrl Pts',(48.4079465599143,-3.56244946093713,125.204269766394));
#1977=CARTESIAN_POINT('Ctrl Pts',(46.87456095548,-4.62442931054345,125.600576052419));
#1978=CARTESIAN_POINT('Ctrl Pts',(45.621363497796,-4.88737115800715,125.688901753755));
#1979=CARTESIAN_POINT('Ctrl Pts',(45.,-4.88737115800715,125.688901753755));
#1980=CARTESIAN_POINT('Ctrl Pts',(50.,0.69137524911951,122.402498754402));
#1981=CARTESIAN_POINT('Ctrl Pts',(49.9999992715684,0.688603350066706,122.405573700925));
#1982=CARTESIAN_POINT('Ctrl Pts',(49.9999992536616,0.685830673378661,122.408645061438));
#1983=CARTESIAN_POINT('Ctrl Pts',(49.9995159169215,0.296420124268968,122.838458883275));
#1984=CARTESIAN_POINT('Ctrl Pts',(49.9406380446312,-0.621578275339973,123.597152413613));
#1985=CARTESIAN_POINT('Ctrl Pts',(49.457750576191,-2.18060006887898,124.470630891132));
#1986=CARTESIAN_POINT('Ctrl Pts',(48.4574009240723,-3.64818724891084,125.094704634157));
#1987=CARTESIAN_POINT('Ctrl Pts',(46.9153265574505,-4.7489409415858,125.482966589017));
#1988=CARTESIAN_POINT('Ctrl Pts',(45.6351339784072,-5.02528699358132,125.570721782023));
#1989=CARTESIAN_POINT('Ctrl Pts',(45.,-5.02502369471681,125.570643596582));
#1990=CARTESIAN_POINT('Ctrl Pts',(50.,0.691375249119508,122.402498754402));
#1991=CARTESIAN_POINT('Ctrl Pts',(49.9999992715684,0.68850867199395,122.405483080617));
#1992=CARTESIAN_POINT('Ctrl Pts',(49.9999992536616,0.685636003943315,122.408465959402));
#1993=CARTESIAN_POINT('Ctrl Pts',(49.9995159169215,0.283213474269538,122.825993447678));
#1994=CARTESIAN_POINT('Ctrl Pts',(49.9406380446312,-0.655560408353363,123.550869115512));
#1995=CARTESIAN_POINT('Ctrl Pts',(49.457750576191,-2.23030001434741,124.370728049463));
#1996=CARTESIAN_POINT('Ctrl Pts',(48.4574009240724,-3.70700069147503,124.945215576436));
#1997=CARTESIAN_POINT('Ctrl Pts',(46.9153265574505,-4.81244616083844,125.295597451913));
#1998=CARTESIAN_POINT('Ctrl Pts',(45.6351339784072,-5.08990175581424,125.373516077818));
#1999=CARTESIAN_POINT('Ctrl Pts',(45.,-5.08961334362772,125.373505011179));
#2000=CARTESIAN_POINT('Ctrl Pts',(50.,0.691375249119506,122.402498754402));
#2001=CARTESIAN_POINT('Ctrl Pts',(50.,0.688411995206898,122.405393888447));
#2002=CARTESIAN_POINT('Ctrl Pts',(49.99999813225,0.685444356604907,122.408286649461));
#2003=CARTESIAN_POINT('Ctrl Pts',(49.999607531485,0.269435724534137,122.813024685695));
#2004=CARTESIAN_POINT('Ctrl Pts',(49.9337140520763,-0.689582841211748,123.504625098219));
#2005=CARTESIAN_POINT('Ctrl Pts',(49.4270266915435,-2.26718407141181,124.273661640402));
#2006=CARTESIAN_POINT('Ctrl Pts',(48.4079465599143,-3.71886073484675,124.805332076936));
#2007=CARTESIAN_POINT('Ctrl Pts',(46.87456095548,-4.78519670004309,125.125989545805));
#2008=CARTESIAN_POINT('Ctrl Pts',(45.6213634977961,-5.04862793167354,125.196718675147));
#2009=CARTESIAN_POINT('Ctrl Pts',(45.,-5.04862793167354,125.196718675147));
#2010=CARTESIAN_POINT('',(50.,0.691375249119506,122.402498754402));
#2011=CARTESIAN_POINT('Ctrl Pts',(45.,-5.04862793167354,125.196718675147));
#2012=CARTESIAN_POINT('Ctrl Pts',(45.6213634977961,-5.04862793167354,125.196718675147));
#2013=CARTESIAN_POINT('Ctrl Pts',(46.87456095548,-4.78519670004309,125.125989545805));
#2014=CARTESIAN_POINT('Ctrl Pts',(48.4079465599143,-3.71886073484675,124.805332076936));
#2015=CARTESIAN_POINT('Ctrl Pts',(49.4270266915435,-2.26718407141181,124.273661640402));
#2016=CARTESIAN_POINT('Ctrl Pts',(49.9337140520763,-0.689582841211748,123.504625098219));
#2017=CARTESIAN_POINT('Ctrl Pts',(49.999607531485,0.269435724534137,122.813024685695));
#2018=CARTESIAN_POINT('Ctrl Pts',(49.99999813225,0.685444356604907,122.408286649461));
#2019=CARTESIAN_POINT('Ctrl Pts',(50.,0.688411995206898,122.405393888447));
#2020=CARTESIAN_POINT('Ctrl Pts',(50.,0.691375249119506,122.402498754402));
#2021=CARTESIAN_POINT('Ctrl Pts',(50.,0.691375249119513,122.402498754402));
#2022=CARTESIAN_POINT('Ctrl Pts',(50.,0.688700730608679,122.405662553641));
#2023=CARTESIAN_POINT('Ctrl Pts',(49.99999813225,0.686021285614768,122.408824717666));
#2024=CARTESIAN_POINT('Ctrl Pts',(49.999607531485,0.310375395460391,122.851411935716));
#2025=CARTESIAN_POINT('Ctrl Pts',(49.9337140520763,-0.588408724391958,123.643432367361));
#2026=CARTESIAN_POINT('Ctrl Pts',(49.4270266915435,-2.12620653104549,124.557669889967));
#2027=CARTESIAN_POINT('Ctrl Pts',(48.4079465599143,-3.56244946093713,125.204269766394));
#2028=CARTESIAN_POINT('Ctrl Pts',(46.87456095548,-4.62442931054345,125.600576052419));
#2029=CARTESIAN_POINT('Ctrl Pts',(45.621363497796,-4.88737115800715,125.688901753755));
#2030=CARTESIAN_POINT('Ctrl Pts',(45.,-4.88737115800715,125.688901753755));
#2031=CARTESIAN_POINT('Ctrl Pts',(45.,-2.66153398494999,113.261248941529));
#2032=CARTESIAN_POINT('Ctrl Pts',(44.6393503900791,-2.66153398494999,113.261248941529));
#2033=CARTESIAN_POINT('Ctrl Pts',(44.278826314192,-2.61964689402716,113.249233496087));
#2034=CARTESIAN_POINT('Ctrl Pts',(43.9285714285713,-2.53813083332435,113.227862366508));
#2035=CARTESIAN_POINT('Ctrl Pts',(45.,-2.64429852399568,113.158991223192));
#2036=CARTESIAN_POINT('Ctrl Pts',(44.6432393550695,-2.64429852399568,113.158991223192));
#2037=CARTESIAN_POINT('Ctrl Pts',(44.2866743240713,-2.60314758438711,113.14612720573));
#2038=CARTESIAN_POINT('Ctrl Pts',(43.9396806655501,-2.52297418196885,113.123104691196));
#2039=CARTESIAN_POINT('Ctrl Pts',(45.,-2.55662478355889,112.990206591191));
#2040=CARTESIAN_POINT('Ctrl Pts',(44.6543106975905,-2.55662478355889,112.990206591191));
#2041=CARTESIAN_POINT('Ctrl Pts',(44.3087144739033,-2.51616288613598,112.975944560536));
#2042=CARTESIAN_POINT('Ctrl Pts',(43.972271246908,-2.43716907361751,112.95028943711));
#2043=CARTESIAN_POINT('Ctrl Pts',(45.,-2.39732944582768,112.893041403977));
#2044=CARTESIAN_POINT('Ctrl Pts',(44.6690879077119,-2.39732944582768,112.893041403977));
#2045=CARTESIAN_POINT('Ctrl Pts',(44.3382765729112,-2.35668415194228,112.878981662838));
#2046=CARTESIAN_POINT('Ctrl Pts',(44.0166881187769,-2.27751128462935,112.85374559891));
#2047=CARTESIAN_POINT('Ctrl Pts',(45.,-2.32338039440842,112.868947935762));
#2048=CARTESIAN_POINT('Ctrl Pts',(44.6754153510712,-2.32338039440842,112.868947935762));
#2049=CARTESIAN_POINT('Ctrl Pts',(44.3509436827729,-2.28264553410084,112.855323617204));
#2050=CARTESIAN_POINT('Ctrl Pts',(44.0357142857142,-2.20341055530395,112.830970642774));
#2051=CARTESIAN_POINT('',(44.0357142857142,-2.20341055530391,112.830970642774));
#2052=CARTESIAN_POINT('Origin',(44.0357142857142,-2.05651651828368,113.308905933255));
#2053=CARTESIAN_POINT('',(45.,-2.32338039440842,112.868947935762));
#2054=CARTESIAN_POINT('Ctrl Pts',(44.0357142857142,-2.20341055530395,112.830970642774));
#2055=CARTESIAN_POINT('Ctrl Pts',(44.3509436827729,-2.28264553410084,112.855323617204));
#2056=CARTESIAN_POINT('Ctrl Pts',(44.6754153510712,-2.32338039440842,112.868947935762));
#2057=CARTESIAN_POINT('Ctrl Pts',(45.,-2.32338039440842,112.868947935762));
#2058=CARTESIAN_POINT('',(45.,-2.66153398494999,113.261248941529));
#2059=CARTESIAN_POINT('Origin',(45.,-2.16848836811452,113.344351406711));
#2060=CARTESIAN_POINT('Ctrl Pts',(45.,-2.66153398494999,113.261248941529));
#2061=CARTESIAN_POINT('Ctrl Pts',(44.6393503900791,-2.66153398494999,113.261248941529));
#2062=CARTESIAN_POINT('Ctrl Pts',(44.278826314192,-2.61964689402716,113.249233496087));
#2063=CARTESIAN_POINT('Ctrl Pts',(43.9285714285713,-2.53813083332435,113.227862366508));
#2064=CARTESIAN_POINT('Ctrl Pts',(50.,1.56223052011125,118.048222399444));
#2065=CARTESIAN_POINT('Ctrl Pts',(50.,1.56060845384212,118.044409624873));
#2066=CARTESIAN_POINT('Ctrl Pts',(49.9999981317034,1.55898142533012,118.040597353219));
#2067=CARTESIAN_POINT('Ctrl Pts',(49.999607450968,1.33064165217375,117.506989585458));
#2068=CARTESIAN_POINT('Ctrl Pts',(49.9337133886591,0.711395285475582,116.499738996124));
#2069=CARTESIAN_POINT('Ctrl Pts',(49.4270248897402,-0.449068395514474,115.18309068237));
#2070=CARTESIAN_POINT('Ctrl Pts',(48.4079437022639,-1.58459004876778,114.13397984701));
#2071=CARTESIAN_POINT('Ctrl Pts',(46.8745608562704,-2.4455707172248,113.427858892109));
#2072=CARTESIAN_POINT('Ctrl Pts',(45.6213633188385,-2.66153398494999,113.261248941529));
#2073=CARTESIAN_POINT('Ctrl Pts',(45.,-2.66153398494999,113.261248941529));
#2074=CARTESIAN_POINT('Ctrl Pts',(50.,1.56223052011125,118.048222399444));
#2075=CARTESIAN_POINT('Ctrl Pts',(49.9999992714614,1.56073201910011,118.044364469459));
#2076=CARTESIAN_POINT('Ctrl Pts',(49.9999992533192,1.55922733653594,118.040505531718));
#2077=CARTESIAN_POINT('Ctrl Pts',(49.9995158413493,1.34834760660016,117.50031752863));
#2078=CARTESIAN_POINT('Ctrl Pts',(49.9406374035535,0.76058680645674,116.470137714759));
#2079=CARTESIAN_POINT('Ctrl Pts',(49.4577487926176,-0.377688336917904,115.107677060442));
#2080=CARTESIAN_POINT('Ctrl Pts',(48.4573980691544,-1.51984098218675,114.009418144002));
#2081=CARTESIAN_POINT('Ctrl Pts',(46.9153264468281,-2.40549026256254,113.260817179696));
#2082=CARTESIAN_POINT('Ctrl Pts',(45.6351337956086,-2.63163389790448,113.082176791063));
#2083=CARTESIAN_POINT('Ctrl Pts',(45.,-2.63137192827995,113.08229793444));
#2084=CARTESIAN_POINT('Ctrl Pts',(50.,1.56223052011125,118.048222399444));
#2085=CARTESIAN_POINT('Ctrl Pts',(49.9999992714614,1.56085428832527,118.04431722704));
#2086=CARTESIAN_POINT('Ctrl Pts',(49.9999992533192,1.55947595692694,118.040415064408));
#2087=CARTESIAN_POINT('Ctrl Pts',(49.9995158413493,1.36533303419047,117.493890408453));
#2088=CARTESIAN_POINT('Ctrl Pts',(49.9406374035535,0.809757599423764,116.440484899339));
#2089=CARTESIAN_POINT('Ctrl Pts',(49.4577487926176,-0.29338616295358,115.034574820921));
#2090=CARTESIAN_POINT('Ctrl Pts',(48.4573980691544,-1.40805493386208,113.894049094704));
#2091=CARTESIAN_POINT('Ctrl Pts',(46.9153264468282,-2.27480427770243,113.112286386763));
#2092=CARTESIAN_POINT('Ctrl Pts',(45.6351337956086,-2.49614115494684,112.924992588783));
#2093=CARTESIAN_POINT('Ctrl Pts',(45.,-2.49592818105336,112.925166028264));
#2094=CARTESIAN_POINT('Ctrl Pts',(50.,1.56223052011125,118.048222399444));
#2095=CARTESIAN_POINT('Ctrl Pts',(50.,1.56097837272802,118.044272655675));
#2096=CARTESIAN_POINT('Ctrl Pts',(49.9999981317034,1.55972104571004,118.040322525084));
#2097=CARTESIAN_POINT('Ctrl Pts',(49.999607450968,1.38319681114841,117.487301128587));
#2098=CARTESIAN_POINT('Ctrl Pts',(49.9337133886591,0.85817567097846,116.410522422345));
#2099=CARTESIAN_POINT('Ctrl Pts',(49.4270248897402,-0.209700180479748,114.975151708742));
#2100=CARTESIAN_POINT('Ctrl Pts',(48.4079437022639,-1.28677190072659,113.825888123435));
#2101=CARTESIAN_POINT('Ctrl Pts',(46.8745608562704,-2.11463604843325,113.051612897563));
#2102=CARTESIAN_POINT('Ctrl Pts',(45.6213633188385,-2.32338039440842,112.868947935762));
#2103=CARTESIAN_POINT('Ctrl Pts',(45.,-2.32338039440842,112.868947935762));
#2104=CARTESIAN_POINT('',(50.,1.56223052011125,118.048222399444));
#2105=CARTESIAN_POINT('Ctrl Pts',(45.,-2.32338039440842,112.868947935762));
#2106=CARTESIAN_POINT('Ctrl Pts',(45.6213633188385,-2.32338039440842,112.868947935762));
#2107=CARTESIAN_POINT('Ctrl Pts',(46.8745608562704,-2.11463604843325,113.051612897563));
#2108=CARTESIAN_POINT('Ctrl Pts',(48.4079437022639,-1.28677190072659,113.825888123435));
#2109=CARTESIAN_POINT('Ctrl Pts',(49.4270248897402,-0.209700180479748,114.975151708742));
#2110=CARTESIAN_POINT('Ctrl Pts',(49.9337133886591,0.85817567097846,116.410522422345));
#2111=CARTESIAN_POINT('Ctrl Pts',(49.999607450968,1.38319681114841,117.487301128587));
#2112=CARTESIAN_POINT('Ctrl Pts',(49.9999981317034,1.55972104571004,118.040322525084));
#2113=CARTESIAN_POINT('Ctrl Pts',(50.,1.56097837272802,118.044272655675));
#2114=CARTESIAN_POINT('Ctrl Pts',(50.,1.56223052011125,118.048222399444));
#2115=CARTESIAN_POINT('Ctrl Pts',(50.,1.56223052011125,118.048222399444));
#2116=CARTESIAN_POINT('Ctrl Pts',(50.,1.56060845384212,118.044409624873));
#2117=CARTESIAN_POINT('Ctrl Pts',(49.9999981317034,1.55898142533012,118.040597353219));
#2118=CARTESIAN_POINT('Ctrl Pts',(49.999607450968,1.33064165217375,117.506989585458));
#2119=CARTESIAN_POINT('Ctrl Pts',(49.9337133886591,0.711395285475582,116.499738996124));
#2120=CARTESIAN_POINT('Ctrl Pts',(49.4270248897402,-0.449068395514474,115.18309068237));
#2121=CARTESIAN_POINT('Ctrl Pts',(48.4079437022639,-1.58459004876778,114.13397984701));
#2122=CARTESIAN_POINT('Ctrl Pts',(46.8745608562704,-2.4455707172248,113.427858892109));
#2123=CARTESIAN_POINT('Ctrl Pts',(45.6213633188385,-2.66153398494999,113.261248941529));
#2124=CARTESIAN_POINT('Ctrl Pts',(45.,-2.66153398494999,113.261248941529));
#2125=CARTESIAN_POINT('Ctrl Pts',(50.,-1.62912371933571,121.896300584585));
#2126=CARTESIAN_POINT('Ctrl Pts',(50.,-0.0500050496710215,123.252931332531));
#2127=CARTESIAN_POINT('Ctrl Pts',(50.,1.57006670738187,121.945479512709));
#2128=CARTESIAN_POINT('Ctrl Pts',(50.,3.19013846443475,120.638027692887));
#2129=CARTESIAN_POINT('Ctrl Pts',(50.,2.19755369631755,118.808044568031));
#2130=CARTESIAN_POINT('Ctrl Pts',(50.,1.20496892820034,116.978061443175));
#2131=CARTESIAN_POINT('Ctrl Pts',(50.,-0.774460131469471,117.622982645254));
#2132=CARTESIAN_POINT('Ctrl Pts',(50.,-4.88737115800716,125.688901753755));
#2133=CARTESIAN_POINT('Ctrl Pts',(50.,-0.150015149013082,129.758793997594));
#2134=CARTESIAN_POINT('Ctrl Pts',(50.,4.7102001221456,125.836438538127));
#2135=CARTESIAN_POINT('Ctrl Pts',(50.,9.57041539330429,121.914083078661));
#2136=CARTESIAN_POINT('Ctrl Pts',(50.,6.59266108895267,116.424133704092));
#2137=CARTESIAN_POINT('Ctrl Pts',(50.,3.61490678460105,110.934184329524));
#2138=CARTESIAN_POINT('Ctrl Pts',(50.,-2.32338039440841,112.868947935762));
#2139=CARTESIAN_POINT('Ctrl Pts',(45.,-4.88737115800716,125.688901753755));
#2140=CARTESIAN_POINT('Ctrl Pts',(45.,-0.150015149013082,129.758793997594));
#2141=CARTESIAN_POINT('Ctrl Pts',(45.,4.7102001221456,125.836438538127));
#2142=CARTESIAN_POINT('Ctrl Pts',(45.,9.57041539330429,121.914083078661));
#2143=CARTESIAN_POINT('Ctrl Pts',(45.,6.59266108895267,116.424133704092));
#2144=CARTESIAN_POINT('Ctrl Pts',(45.,3.61490678460105,110.934184329524));
#2145=CARTESIAN_POINT('Ctrl Pts',(45.,-2.32338039440841,112.868947935762));
#2146=CARTESIAN_POINT('Origin',(50.,0.,120.));
#2147=CARTESIAN_POINT('Origin',(45.,0.,120.));
#2148=CARTESIAN_POINT('Origin',(45.,-200.,80.));
#2149=CARTESIAN_POINT('Origin',(50.,-200.,80.));
#2150=CARTESIAN_POINT('Origin',(0.,0.,120.));
#2151=CARTESIAN_POINT('',(9.62648461972781,2.70754388074204,113.005773371283));
#2152=CARTESIAN_POINT('Ctrl Pts',(9.62648427377715,2.70755219079098,113.005733600617));
#2153=CARTESIAN_POINT('Ctrl Pts',(16.1780716406216,2.39418655184698,112.88326620913));
#2154=CARTESIAN_POINT('Ctrl Pts',(24.3745151389369,1.59981782925418,112.576686970173));
#2155=CARTESIAN_POINT('Ctrl Pts',(35.8575194081872,-0.328384306601358,112.464513285835));
#2156=CARTESIAN_POINT('Ctrl Pts',(40.7761575092004,-1.3840995567608,112.57915433511));
#2157=CARTESIAN_POINT('Ctrl Pts',(44.0357142857142,-2.20341055530395,112.830970642774));
#2158=CARTESIAN_POINT('',(9.623160560793,2.70770295784785,113.005834953902));
#2159=CARTESIAN_POINT('Ctrl Pts',(9.62316024207169,2.70771115337399,113.005795725537));
#2160=CARTESIAN_POINT('Ctrl Pts',(9.62426826095349,2.70765817461032,113.005775020568));
#2161=CARTESIAN_POINT('Ctrl Pts',(9.62537627909344,2.70760518672058,113.005754312119));
#2162=CARTESIAN_POINT('Ctrl Pts',(9.62648429649156,2.70755218970454,113.005733600192));
#2163=CARTESIAN_POINT('',(9.61124887909383,2.76114016017254,113.026757926482));
#2164=CARTESIAN_POINT('Ctrl Pts',(9.61127790643849,2.76113943413832,113.026743798912));
#2165=CARTESIAN_POINT('Ctrl Pts',(9.61633279330106,2.74355652011441,113.019780970523));
#2166=CARTESIAN_POINT('Ctrl Pts',(9.62024135937422,2.72571678907756,113.012796719231));
#2167=CARTESIAN_POINT('Ctrl Pts',(9.62304137694758,2.70771065456475,113.005828564441));
#2168=CARTESIAN_POINT('',(10.,0.,127.5));
#2169=CARTESIAN_POINT('Ctrl Pts',(9.61124887909383,2.76114016017254,113.026757926482));
#2170=CARTESIAN_POINT('Ctrl Pts',(9.59496326227261,2.81782874073647,113.049204460643));
#2171=CARTESIAN_POINT('Ctrl Pts',(9.57823369437154,2.87417233269469,113.072314178686));
#2172=CARTESIAN_POINT('Ctrl Pts',(9.27931087103645,3.84955888881981,113.486284977928));
#2173=CARTESIAN_POINT('Ctrl Pts',(8.87678880578448,4.66565297145103,114.059051253653));
#2174=CARTESIAN_POINT('Ctrl Pts',(8.0704663206736,5.95464856880125,115.348046851003));
#2175=CARTESIAN_POINT('Ctrl Pts',(7.60158924506375,6.51921861793,116.162522995736));
#2176=CARTESIAN_POINT('Ctrl Pts',(7.0492567596177,7.09782208133949,117.527142551319));
#2177=CARTESIAN_POINT('Ctrl Pts',(6.89158676400743,7.2476216214208,118.006408502079));
#2178=CARTESIAN_POINT('Ctrl Pts',(6.67366641457984,7.44876930291259,118.99091039611));
#2179=CARTESIAN_POINT('Ctrl Pts',(6.61437827766147,7.5,119.496383069623));
#2180=CARTESIAN_POINT('Ctrl Pts',(6.61437827766147,7.5,120.));
#2181=CARTESIAN_POINT('Ctrl Pts',(6.61437827766147,7.5,120.503616930377));
#2182=CARTESIAN_POINT('Ctrl Pts',(6.67366641457984,7.44876930291259,121.00908960389));
#2183=CARTESIAN_POINT('Ctrl Pts',(6.89158676400743,7.2476216214208,121.993591497921));
#2184=CARTESIAN_POINT('Ctrl Pts',(7.0492567596177,7.09782208133949,122.472857448681));
#2185=CARTESIAN_POINT('Ctrl Pts',(7.60158924506375,6.51921861793,123.837477004264));
#2186=CARTESIAN_POINT('Ctrl Pts',(8.0704663206736,5.95464856880125,124.651953148997));
#2187=CARTESIAN_POINT('Ctrl Pts',(8.87678880578448,4.66565297145103,125.940948746347));
#2188=CARTESIAN_POINT('Ctrl Pts',(9.27931087103645,3.84955888881981,126.513715022072));
#2189=CARTESIAN_POINT('Ctrl Pts',(9.84284901199667,2.01073132649561,127.294145007357));
#2190=CARTESIAN_POINT('Ctrl Pts',(10.,0.98604867064338,127.5));
#2191=CARTESIAN_POINT('Ctrl Pts',(10.,-1.38777878078145E-15,127.5));
#2192=CARTESIAN_POINT('',(10.,-0.210347436686815,127.497049683434));
#2193=CARTESIAN_POINT('Origin',(10.,0.,120.));
#2194=CARTESIAN_POINT('Ctrl Pts',(44.0357142857143,-4.79123641921385,125.770099962323));
#2195=CARTESIAN_POINT('Ctrl Pts',(40.8181767150856,-4.14030259422201,126.310606689964));
#2196=CARTESIAN_POINT('Ctrl Pts',(34.2854097998739,-2.90332760360607,126.992093417687));
#2197=CARTESIAN_POINT('Ctrl Pts',(22.9169505345365,-1.20862884114085,127.458395601265));
#2198=CARTESIAN_POINT('Ctrl Pts',(14.8144648648546,-0.466895088791417,127.490345328008));
#2199=CARTESIAN_POINT('Ctrl Pts',(9.99999984756042,-0.21035095390444,127.497074709234));
#2200=CARTESIAN_POINT('Origin',(50.,0.,120.));
#2201=CARTESIAN_POINT('Ctrl Pts',(9.47688564475418,-0.658276255571806,126.883534562534));
#2202=CARTESIAN_POINT('Ctrl Pts',(14.4472691131354,-0.893214053308072,126.877757477477));
#2203=CARTESIAN_POINT('Ctrl Pts',(22.6962231742793,-1.5889745222285,126.85322391038));
#2204=CARTESIAN_POINT('Ctrl Pts',(34.2019903113097,-3.1897973146308,126.412752022307));
#2205=CARTESIAN_POINT('Ctrl Pts',(40.7188624165088,-4.34149827912967,125.778245320421));
#2206=CARTESIAN_POINT('Ctrl Pts',(43.9285714285714,-4.9475583205657,125.274999802714));
#2207=CARTESIAN_POINT('Ctrl Pts',(9.47606746573306,-0.677611388237569,126.965910016933));
#2208=CARTESIAN_POINT('Ctrl Pts',(14.4461717992689,-0.912161565815694,126.958573111648));
#2209=CARTESIAN_POINT('Ctrl Pts',(22.6953156169813,-1.60685960951462,126.929479170484));
#2210=CARTESIAN_POINT('Ctrl Pts',(34.2036923142817,-3.20542734462698,126.478054964315));
#2211=CARTESIAN_POINT('Ctrl Pts',(40.7230085473382,-4.35557860411222,125.834843008588));
#2212=CARTESIAN_POINT('Ctrl Pts',(43.9341260470609,-4.9607086498078,125.326264239657));
#2213=CARTESIAN_POINT('Ctrl Pts',(9.47646875278877,-0.673408272876914,127.140233204376));
#2214=CARTESIAN_POINT('Ctrl Pts',(14.4470095886461,-0.908907654197187,127.129409653096));
#2215=CARTESIAN_POINT('Ctrl Pts',(22.6978455971473,-1.60639290953653,127.090219534813));
#2216=CARTESIAN_POINT('Ctrl Pts',(34.2117875985681,-3.21055428724259,126.614632537043));
#2217=CARTESIAN_POINT('Ctrl Pts',(40.7354382587062,-4.36407023958697,125.952551379973));
#2218=CARTESIAN_POINT('Ctrl Pts',(43.9489105434694,-4.97064775712264,125.43252972096));
#2219=CARTESIAN_POINT('Ctrl Pts',(9.48407528213196,-0.518984119488754,127.404604798292));
#2220=CARTESIAN_POINT('Ctrl Pts',(14.4586368276272,-0.761598076912804,127.390667575511));
#2221=CARTESIAN_POINT('Ctrl Pts',(22.7162787144166,-1.4799031697867,127.34203215364));
#2222=CARTESIAN_POINT('Ctrl Pts',(34.239876225499,-3.12710553826651,126.83838792389));
#2223=CARTESIAN_POINT('Ctrl Pts',(40.7689223630971,-4.30876209750926,126.150236341775));
#2224=CARTESIAN_POINT('Ctrl Pts',(43.9850088068081,-4.92938467410511,125.61307184634));
#2225=CARTESIAN_POINT('Ctrl Pts',(9.49400534537472,-0.311115418273733,127.494616853663));
#2226=CARTESIAN_POINT('Ctrl Pts',(14.4735179522034,-0.560802161844227,127.484131964783));
#2227=CARTESIAN_POINT('Ctrl Pts',(22.7382984301503,-1.30006736598881,127.445751984917));
#2228=CARTESIAN_POINT('Ctrl Pts',(34.2683078830891,-2.99543433088338,126.952232629626));
#2229=CARTESIAN_POINT('Ctrl Pts',(40.7996885778367,-4.21186655056427,126.262626971734));
#2230=CARTESIAN_POINT('Ctrl Pts',(44.0166881187771,-4.8508774939233,125.72057664538));
#2231=CARTESIAN_POINT('Ctrl Pts',(9.49999999998529,-0.184368138606302,127.497733550178));
#2232=CARTESIAN_POINT('Ctrl Pts',(14.4825063548747,-0.436701156558233,127.491528719276));
#2233=CARTESIAN_POINT('Ctrl Pts',(22.7515798161678,-1.18397699120883,127.465178642421));
#2234=CARTESIAN_POINT('Ctrl Pts',(34.2854097998739,-2.90332760360607,126.992093417687));
#2235=CARTESIAN_POINT('Ctrl Pts',(40.8181767150856,-4.14030259422201,126.310606689964));
#2236=CARTESIAN_POINT('Ctrl Pts',(44.0357142857143,-4.79123641921385,125.770099962323));
#2237=CARTESIAN_POINT('',(10.,-0.288162241775147,127.48875508194));
#2238=CARTESIAN_POINT('Ctrl Pts',(9.99995060102879,-0.210348329754508,127.497074778067));
#2239=CARTESIAN_POINT('Ctrl Pts',(9.99995028111896,-0.236500175280112,127.496339611683));
#2240=CARTESIAN_POINT('Ctrl Pts',(9.99995159219637,-0.262482248493352,127.493455582045));
#2241=CARTESIAN_POINT('Ctrl Pts',(9.99995317788476,-0.288088058731749,127.488565097691));
#2242=CARTESIAN_POINT('Ctrl Pts',(9.47688564475418,-0.658276255571806,126.883534562534));
#2243=CARTESIAN_POINT('Ctrl Pts',(9.47793729512412,-0.658567003504977,126.884558201735));
#2244=CARTESIAN_POINT('Ctrl Pts',(9.47898910114991,-0.658854527064212,126.885582602503));
#2245=CARTESIAN_POINT('Ctrl Pts',(9.56772904217383,-0.682837036972977,126.972061844765));
#2246=CARTESIAN_POINT('Ctrl Pts',(9.65478684234599,-0.683689672073271,127.061135879512));
#2247=CARTESIAN_POINT('Ctrl Pts',(9.78541513950485,-0.646484236446613,127.201971713855));
#2248=CARTESIAN_POINT('Ctrl Pts',(9.83630027116788,-0.620107466020079,127.259050868062));
#2249=CARTESIAN_POINT('Ctrl Pts',(9.91154488112228,-0.551084397338929,127.349053782001));
#2250=CARTESIAN_POINT('Ctrl Pts',(9.93939770526158,-0.514783386429904,127.384374835879));
#2251=CARTESIAN_POINT('Ctrl Pts',(9.9778788518266,-0.434316708707628,127.438826478228));
#2252=CARTESIAN_POINT('Ctrl Pts',(9.99020733907403,-0.393361818908551,127.459101193819));
#2253=CARTESIAN_POINT('Ctrl Pts',(9.99870942856508,-0.328775380828314,127.479859526682));
#2254=CARTESIAN_POINT('Ctrl Pts',(10.,-0.308578234834644,127.484948411498));
#2255=CARTESIAN_POINT('Ctrl Pts',(10.,-0.288162241775144,127.48875508194));
#2256=CARTESIAN_POINT('Ctrl Pts',(43.9285714285713,-2.53813083332435,113.227862366508));
#2257=CARTESIAN_POINT('Ctrl Pts',(40.6769454471342,-1.77530112827363,112.993405658318));
#2258=CARTESIAN_POINT('Ctrl Pts',(35.7702748354179,-0.792364301685613,112.886667682189));
#2259=CARTESIAN_POINT('Ctrl Pts',(24.1588235535465,1.02742167603443,112.992534227003));
#2260=CARTESIAN_POINT('Ctrl Pts',(15.8244234030684,1.77074878211916,113.287602137758));
#2261=CARTESIAN_POINT('Ctrl Pts',(9.12973661582814,2.05489155632632,113.39863331765));
#2262=CARTESIAN_POINT('Ctrl Pts',(43.9341260470608,-2.5305525076466,113.175483528852));
#2263=CARTESIAN_POINT('Ctrl Pts',(40.681073183918,-1.76651443253698,112.935677166039));
#2264=CARTESIAN_POINT('Ctrl Pts',(35.7725734157111,-0.782132404761415,112.822448033564));
#2265=CARTESIAN_POINT('Ctrl Pts',(24.1580492607705,1.04008202052459,112.916231482618));
#2266=CARTESIAN_POINT('Ctrl Pts',(15.8232275508391,1.78428743409385,113.206081150758));
#2267=CARTESIAN_POINT('Ctrl Pts',(9.12893830054411,2.06874365335864,113.31504919225));
#2268=CARTESIAN_POINT('Ctrl Pts',(43.9489105209708,-2.49885588314167,113.073569393189));
#2269=CARTESIAN_POINT('Ctrl Pts',(40.6934721206377,-1.72900564353445,112.823626410574));
#2270=CARTESIAN_POINT('Ctrl Pts',(35.7817234914427,-0.73682775831773,112.698275735825));
#2271=CARTESIAN_POINT('Ctrl Pts',(24.1610372159095,1.10090346941211,112.769743074575));
#2272=CARTESIAN_POINT('Ctrl Pts',(15.8241553842702,1.85248560355849,113.050292411945));
#2273=CARTESIAN_POINT('Ctrl Pts',(9.12930988586722,2.13982176508755,113.155556295602));
#2274=CARTESIAN_POINT('Ctrl Pts',(43.9850087763234,-2.39132769191777,112.922785366295));
#2275=CARTESIAN_POINT('Ctrl Pts',(40.7269220776173,-1.60166396656289,112.662284064644));
#2276=CARTESIAN_POINT('Ctrl Pts',(35.8111118792683,-0.582397827143954,112.526982596798));
#2277=CARTESIAN_POINT('Ctrl Pts',(24.1807062437052,1.30942254667619,112.585799124917));
#2278=CARTESIAN_POINT('Ctrl Pts',(15.8368928765588,2.0871598213902,112.865803065932));
#2279=CARTESIAN_POINT('Ctrl Pts',(9.13663578152172,2.3845819539195,112.97090309956));
#2280=CARTESIAN_POINT('Ctrl Pts',(44.016688118777,-2.27751128462934,112.85374559891));
#2281=CARTESIAN_POINT('Ctrl Pts',(40.7576763983124,-1.46874830653665,112.595840212391));
#2282=CARTESIAN_POINT('Ctrl Pts',(35.8400931658269,-0.42492636313459,112.469646830202));
#2283=CARTESIAN_POINT('Ctrl Pts',(24.2038136995089,1.51195393229741,112.554941665415));
#2284=CARTESIAN_POINT('Ctrl Pts',(15.8531799399186,2.30727075884725,112.855385442438));
#2285=CARTESIAN_POINT('Ctrl Pts',(9.14621890468342,2.61143490312646,112.968177574047));
#2286=CARTESIAN_POINT('Ctrl Pts',(44.0357142857142,-2.20341055530395,112.830970642774));
#2287=CARTESIAN_POINT('Ctrl Pts',(40.7761575092004,-1.3840995567608,112.57915433511));
#2288=CARTESIAN_POINT('Ctrl Pts',(35.8575194081872,-0.328384306601358,112.464513285835));
#2289=CARTESIAN_POINT('Ctrl Pts',(24.2177475134332,1.62614192208228,112.578218381442));
#2290=CARTESIAN_POINT('Ctrl Pts',(15.86301955771,2.42450631389627,112.895133654927));
#2291=CARTESIAN_POINT('Ctrl Pts',(9.15200426611065,2.72968753392887,113.014385784549));
#2292=CARTESIAN_POINT('Ctrl Pts',(9.12973661582814,2.05489155632631,113.39863331765));
#2293=CARTESIAN_POINT('Ctrl Pts',(9.13074063636188,2.0550206392659,113.397577936669));
#2294=CARTESIAN_POINT('Ctrl Pts',(9.13174480506041,2.05515299271532,113.39652309189));
#2295=CARTESIAN_POINT('Ctrl Pts',(9.21681857476829,2.0666414534174,113.307214622223));
#2296=CARTESIAN_POINT('Ctrl Pts',(9.30027050170428,2.10066856080262,113.224450196562));
#2297=CARTESIAN_POINT('Ctrl Pts',(9.42516819242399,2.19016994723865,113.108806845785));
#2298=CARTESIAN_POINT('Ctrl Pts',(9.4734727886841,2.23664180535947,113.066609865562));
#2299=CARTESIAN_POINT('Ctrl Pts',(9.54398417860972,2.33363359620637,113.011246696331));
#2300=CARTESIAN_POINT('Ctrl Pts',(9.5696665697878,2.37899287270621,112.993226490465));
#2301=CARTESIAN_POINT('Ctrl Pts',(9.60686416911508,2.47299432995638,112.973184511316));
#2302=CARTESIAN_POINT('Ctrl Pts',(9.61922617887269,2.51969285937099,112.969832595051));
#2303=CARTESIAN_POINT('Ctrl Pts',(9.63112870384574,2.61568798749693,112.97753085147));
#2304=CARTESIAN_POINT('Ctrl Pts',(9.63034790105862,2.66285213453421,112.98847152222));
#2305=CARTESIAN_POINT('Ctrl Pts',(9.623160560793,2.70770295784785,113.005834953902));
#2306=CARTESIAN_POINT('Origin',(0.,0.,40.));
#2307=CARTESIAN_POINT('',(10.,-0.21034743668682,32.5029503165659));
#2308=CARTESIAN_POINT('Ctrl Pts',(9.99999959318923,-0.210356314143328,32.5028989849127));
#2309=CARTESIAN_POINT('Ctrl Pts',(17.4451758344877,-0.607238292731669,32.5125328959471));
#2310=CARTESIAN_POINT('Ctrl Pts',(28.6274052279836,-1.87135573589008,32.5461383382271));
#2311=CARTESIAN_POINT('Ctrl Pts',(41.6165796845633,-4.27547550361163,33.7089610884583));
#2312=CARTESIAN_POINT('Ctrl Pts',(47.1061701655518,-5.42146692684251,34.7822205618026));
#2313=CARTESIAN_POINT('Ctrl Pts',(48.9285714285715,-5.80529925302117,35.2514738515122));
#2314=CARTESIAN_POINT('',(10.,0.,32.5));
#2315=CARTESIAN_POINT('Origin',(10.,0.,40.));
#2316=CARTESIAN_POINT('',(9.61124887909383,2.76114016017253,46.9732420735181));
#2317=CARTESIAN_POINT('Ctrl Pts',(10.,8.32667268468867E-16,32.5));
#2318=CARTESIAN_POINT('Ctrl Pts',(10.,0.986048670643383,32.5));
#2319=CARTESIAN_POINT('Ctrl Pts',(9.84284901199667,2.01073132649561,32.7058549926432));
#2320=CARTESIAN_POINT('Ctrl Pts',(9.27931087103645,3.84955888881981,33.4862849779285));
#2321=CARTESIAN_POINT('Ctrl Pts',(8.87678880578448,4.66565297145103,34.0590512536528));
#2322=CARTESIAN_POINT('Ctrl Pts',(8.0704663206736,5.95464856880125,35.348046851003));
#2323=CARTESIAN_POINT('Ctrl Pts',(7.60158924506376,6.51921861793,36.1625229957355));
#2324=CARTESIAN_POINT('Ctrl Pts',(7.0492567596177,7.0978220813395,37.5271425513188));
#2325=CARTESIAN_POINT('Ctrl Pts',(6.89158676400742,7.2476216214208,38.0064085020792));
#2326=CARTESIAN_POINT('Ctrl Pts',(6.67366641457984,7.44876930291259,38.9909103961101));
#2327=CARTESIAN_POINT('Ctrl Pts',(6.61437827766147,7.5,39.4963830696233));
#2328=CARTESIAN_POINT('Ctrl Pts',(6.61437827766147,7.5,40.));
#2329=CARTESIAN_POINT('Ctrl Pts',(6.61437827766147,7.5,40.5036169303767));
#2330=CARTESIAN_POINT('Ctrl Pts',(6.67366641457984,7.44876930291259,41.0090896038899));
#2331=CARTESIAN_POINT('Ctrl Pts',(6.89158676400743,7.2476216214208,41.9935914979208));
#2332=CARTESIAN_POINT('Ctrl Pts',(7.0492567596177,7.09782208133949,42.4728574486812));
#2333=CARTESIAN_POINT('Ctrl Pts',(7.60158924506376,6.51921861792999,43.8374770042645));
#2334=CARTESIAN_POINT('Ctrl Pts',(8.0704663206736,5.95464856880125,44.651953148997));
#2335=CARTESIAN_POINT('Ctrl Pts',(8.87678880578448,4.66565297145103,45.9409487463472));
#2336=CARTESIAN_POINT('Ctrl Pts',(9.27931087103645,3.84955888881981,46.5137150220715));
#2337=CARTESIAN_POINT('Ctrl Pts',(9.57823370018517,2.87417231372479,46.927685829365));
#2338=CARTESIAN_POINT('Ctrl Pts',(9.59496326508285,2.81782873095431,46.9507955432301));
#2339=CARTESIAN_POINT('Ctrl Pts',(9.61124887909383,2.76114016017253,46.9732420735181));
#2340=CARTESIAN_POINT('Ctrl Pts',(9.6230144104319,2.70771594825565,46.9941854376341));
#2341=CARTESIAN_POINT('Ctrl Pts',(9.62021570115382,2.72571408764162,46.9872204255565));
#2342=CARTESIAN_POINT('Ctrl Pts',(9.61630832466812,2.74355405059573,46.9802354592099));
#2343=CARTESIAN_POINT('Ctrl Pts',(9.61125162563559,2.76114454665239,46.973269314292));
#2344=CARTESIAN_POINT('Ctrl Pts',(48.8095238095239,-5.89171414636521,35.6761492145467));
#2345=CARTESIAN_POINT('Ctrl Pts',(46.9915566128376,-5.53434228062872,35.2392450972825));
#2346=CARTESIAN_POINT('Ctrl Pts',(41.515322799686,-4.4673526992264,34.2399735032848));
#2347=CARTESIAN_POINT('Ctrl Pts',(28.3935975344471,-2.20060978531682,33.1435970811911));
#2348=CARTESIAN_POINT('Ctrl Pts',(17.072272734491,-1.01729151609881,33.1252935686434));
#2349=CARTESIAN_POINT('Ctrl Pts',(9.47688564476887,-0.658276255572504,33.1164654374659));
#2350=CARTESIAN_POINT('Ctrl Pts',(48.8173695100439,-5.90330687640718,35.6340206535714));
#2351=CARTESIAN_POINT('Ctrl Pts',(46.9984935320019,-5.54659278584681,35.1932532911015));
#2352=CARTESIAN_POINT('Ctrl Pts',(41.519718255174,-4.48126716763835,34.1841259837076));
#2353=CARTESIAN_POINT('Ctrl Pts',(28.3932222490505,-2.21757980729651,33.0711889208678));
#2354=CARTESIAN_POINT('Ctrl Pts',(17.0710280014195,-1.03603431516223,33.0453017207601));
#2355=CARTESIAN_POINT('Ctrl Pts',(9.47606746574775,-0.677611388238265,33.0340899830665));
#2356=CARTESIAN_POINT('Ctrl Pts',(48.835894396446,-5.91520032857975,35.5472097962331));
#2357=CARTESIAN_POINT('Ctrl Pts',(47.0155692677669,-5.55789020258709,35.0982667275269));
#2358=CARTESIAN_POINT('Ctrl Pts',(41.5326337445382,-4.49022707193201,34.0681153329731));
#2359=CARTESIAN_POINT('Ctrl Pts',(28.3975319457173,-2.21961591486491,32.9190407132277));
#2360=CARTESIAN_POINT('Ctrl Pts',(17.0720959650541,-1.03328948431884,32.8762959026442));
#2361=CARTESIAN_POINT('Ctrl Pts',(9.4764683975289,-0.673416051635213,32.8597561201135));
#2362=CARTESIAN_POINT('Ctrl Pts',(48.8759331471429,-5.89521653196268,35.3969537421293));
#2363=CARTESIAN_POINT('Ctrl Pts',(47.0541547113751,-5.53007318878076,34.9348775761081));
#2364=CARTESIAN_POINT('Ctrl Pts',(41.5667976873061,-4.4382795332877,33.8722289951331));
#2365=CARTESIAN_POINT('Ctrl Pts',(28.4207600528286,-2.11138325453429,32.6749554165398));
#2366=CARTESIAN_POINT('Ctrl Pts',(17.0858465016907,-0.889740901024573,32.616670751036));
#2367=CARTESIAN_POINT('Ctrl Pts',(9.48407477119114,-0.51899547831617,32.5953728768078));
#2368=CARTESIAN_POINT('Ctrl Pts',(48.9088262646388,-5.84556368416864,35.3006990352333));
#2369=CARTESIAN_POINT('Ctrl Pts',(47.0866558579053,-5.46942894346139,34.8326996588531));
#2370=CARTESIAN_POINT('Ctrl Pts',(41.5978975742984,-4.34512257404224,33.7588933002723));
#2371=CARTESIAN_POINT('Ctrl Pts',(28.4470292893197,-1.94992085736788,32.5620442785591));
#2372=CARTESIAN_POINT('Ctrl Pts',(17.1033429362642,-0.692668970562194,32.5214054090342));
#2373=CARTESIAN_POINT('Ctrl Pts',(9.49400534538944,-0.311115418274474,32.5053831463368));
#2374=CARTESIAN_POINT('Ctrl Pts',(48.9285714285715,-5.80529925302117,35.2514738515122));
#2375=CARTESIAN_POINT('Ctrl Pts',(47.1061701655518,-5.42146692684251,34.7822205618026));
#2376=CARTESIAN_POINT('Ctrl Pts',(41.6165796845633,-4.27547550361163,33.7089610884583));
#2377=CARTESIAN_POINT('Ctrl Pts',(28.4628502113604,-1.84089883736554,32.5314069696068));
#2378=CARTESIAN_POINT('Ctrl Pts',(17.1139124240874,-0.56996553950334,32.511748231827));
#2379=CARTESIAN_POINT('Ctrl Pts',(9.50000000000001,-0.184368138607053,32.5022664498219));
#2380=CARTESIAN_POINT('',(10.,-0.288162241775147,32.51124491806));
#2381=CARTESIAN_POINT('Ctrl Pts',(9.47688564481419,-0.658276255574647,33.116465437466));
#2382=CARTESIAN_POINT('Ctrl Pts',(9.47793729518011,-0.658567003506704,33.1154417982685));
#2383=CARTESIAN_POINT('Ctrl Pts',(9.47898910118812,-0.658854527075023,33.1144173974576));
#2384=CARTESIAN_POINT('Ctrl Pts',(9.56235765850592,-0.681385387786121,33.0331726999844));
#2385=CARTESIAN_POINT('Ctrl Pts',(9.6468889467428,-0.684228231277202,32.9470598880029));
#2386=CARTESIAN_POINT('Ctrl Pts',(9.77893163617024,-0.649377752206107,32.805213789387));
#2387=CARTESIAN_POINT('Ctrl Pts',(9.83089695765167,-0.623647068247548,32.7471479593117));
#2388=CARTESIAN_POINT('Ctrl Pts',(9.90790054380035,-0.555338868977637,32.6554753477219));
#2389=CARTESIAN_POINT('Ctrl Pts',(9.93648660917827,-0.519264986968923,32.6194450179822));
#2390=CARTESIAN_POINT('Ctrl Pts',(9.9761458467636,-0.439121833583032,32.5638460328404));
#2391=CARTESIAN_POINT('Ctrl Pts',(9.98899721110477,-0.398349043330472,32.5430692526779));
#2392=CARTESIAN_POINT('Ctrl Pts',(9.99847884534375,-0.332214557873172,32.521018107042));
#2393=CARTESIAN_POINT('Ctrl Pts',(10.,-0.310326967826659,32.5153776490647));
#2394=CARTESIAN_POINT('Ctrl Pts',(10.,-0.28816224177502,32.51124491806));
#2395=CARTESIAN_POINT('Ctrl Pts',(9.99999536735089,-0.288096478047773,32.5114072175252));
#2396=CARTESIAN_POINT('Ctrl Pts',(9.99999355118197,-0.262511626959482,32.5065217566951));
#2397=CARTESIAN_POINT('Ctrl Pts',(9.99999202687953,-0.236529574388142,32.5036347960798));
#2398=CARTESIAN_POINT('Ctrl Pts',(9.99999210714241,-0.2103559150828,32.5028989752259));
#2399=CARTESIAN_POINT('Ctrl Pts',(7.8665450927243,4.79815538934489,84.5643200398176));
#2400=CARTESIAN_POINT('Ctrl Pts',(15.2276333150716,4.50791755239604,84.9003703573501));
#2401=CARTESIAN_POINT('Ctrl Pts',(27.4374551591458,3.34599216426858,86.1237381222084));
#2402=CARTESIAN_POINT('Ctrl Pts',(41.9034542849299,0.653857825862166,87.0348444761811));
#2403=CARTESIAN_POINT('Ctrl Pts',(51.5103217531474,-1.65309924450673,86.9692003235463));
#2404=CARTESIAN_POINT('Ctrl Pts',(56.2360247457518,-2.95860209110185,86.5758662443695));
#2405=CARTESIAN_POINT('Ctrl Pts',(58.5714285714285,-3.64420992849694,86.2282790960155));
#2406=CARTESIAN_POINT('Ctrl Pts',(7.86113032370078,4.79576594148903,84.6808653375461));
#2407=CARTESIAN_POINT('Ctrl Pts',(15.2179804507434,4.50581164804833,85.0137090508228));
#2408=CARTESIAN_POINT('Ctrl Pts',(27.4275245892718,3.3443648619066,86.2257050936818));
#2409=CARTESIAN_POINT('Ctrl Pts',(41.9001334949528,0.651734451166822,87.1187722441828));
#2410=CARTESIAN_POINT('Ctrl Pts',(51.5125464223586,-1.65601944813931,87.0378753273997));
#2411=CARTESIAN_POINT('Ctrl Pts',(56.2413814023777,-2.9620968943295,86.6354393884594));
#2412=CARTESIAN_POINT('Ctrl Pts',(58.5783963553449,-3.64801116060512,86.2825927949805));
#2413=CARTESIAN_POINT('Ctrl Pts',(7.85358516939232,4.87605184774425,84.915480662012));
#2414=CARTESIAN_POINT('Ctrl Pts',(15.2048890580884,4.58180212391457,85.2419732606091));
#2415=CARTESIAN_POINT('Ctrl Pts',(27.417104377831,3.40454635318385,86.4314792929176));
#2416=CARTESIAN_POINT('Ctrl Pts',(41.9024837041685,0.689063647408829,87.2880162716012));
#2417=CARTESIAN_POINT('Ctrl Pts',(51.5242581344283,-1.63443798972644,87.1761589581267));
#2418=CARTESIAN_POINT('Ctrl Pts',(56.2580573312697,-2.94833234070608,86.7552614957415));
#2419=CARTESIAN_POINT('Ctrl Pts',(58.5975427558194,-3.6381403683415,86.3917656587033));
#2420=CARTESIAN_POINT('Ctrl Pts',(7.85738275483484,5.19494590060462,85.1077160365183));
#2421=CARTESIAN_POINT('Ctrl Pts',(15.2126269967998,4.88606365938465,85.4374774036548));
#2422=CARTESIAN_POINT('Ctrl Pts',(27.4344815324108,3.65416287045554,86.6376596654248));
#2423=CARTESIAN_POINT('Ctrl Pts',(41.9315364133226,0.856969076335795,87.4854299118549));
#2424=CARTESIAN_POINT('Ctrl Pts',(51.5605184407719,-1.52469919629139,87.3528614502465));
#2425=CARTESIAN_POINT('Ctrl Pts',(56.2976987601467,-2.86801381831627,86.9145847212529));
#2426=CARTESIAN_POINT('Ctrl Pts',(58.6388118081036,-3.57251086641833,86.5395956401823));
#2427=CARTESIAN_POINT('Ctrl Pts',(7.87166389625904,5.50072281866821,85.0589831242212));
#2428=CARTESIAN_POINT('Ctrl Pts',(15.2389903261449,5.18461741052682,85.404629810995));
#2429=CARTESIAN_POINT('Ctrl Pts',(27.4705878134712,3.92381185091701,86.661373855944));
#2430=CARTESIAN_POINT('Ctrl Pts',(41.9708906769214,1.05728105121202,87.5628789673324));
#2431=CARTESIAN_POINT('Ctrl Pts',(51.6011976163324,-1.38322789739947,87.4503258583288));
#2432=CARTESIAN_POINT('Ctrl Pts',(56.3387112915984,-2.75957714270895,87.0136621150827));
#2433=CARTESIAN_POINT('Ctrl Pts',(58.6799619137907,-3.48133929960385,86.6362452823));
#2434=CARTESIAN_POINT('Ctrl Pts',(7.88221851966681,5.63799860179806,84.946348540284));
#2435=CARTESIAN_POINT('Ctrl Pts',(15.2583350885996,5.32461097106092,85.3035969641764));
#2436=CARTESIAN_POINT('Ctrl Pts',(27.4959331969177,4.07109620603315,86.6034383737496));
#2437=CARTESIAN_POINT('Ctrl Pts',(41.9969676271726,1.18350433339171,87.561437016881));
#2438=CARTESIAN_POINT('Ctrl Pts',(51.6272676697208,-1.28595779485723,87.4791018686869));
#2439=CARTESIAN_POINT('Ctrl Pts',(56.3645675588237,-2.68188977940977,87.0523425590804));
#2440=CARTESIAN_POINT('Ctrl Pts',(58.7057051061902,-3.4146377479267,86.6776439458777));
#2441=CARTESIAN_POINT('Ctrl Pts',(7.88573178807241,5.67606759151763,84.9022705654139));
#2442=CARTESIAN_POINT('Ctrl Pts',(15.2647738841328,5.36434001925463,85.2632026573281));
#2443=CARTESIAN_POINT('Ctrl Pts',(27.5043757814852,4.11638357015957,86.5771507880513));
#2444=CARTESIAN_POINT('Ctrl Pts',(42.0056578319663,1.22491872760284,87.5557171072572));
#2445=CARTESIAN_POINT('Ctrl Pts',(51.6359566842527,-1.2528496241087,87.4852125426242));
#2446=CARTESIAN_POINT('Ctrl Pts',(56.3731857817171,-2.65501426683674,87.0627552955641));
#2447=CARTESIAN_POINT('Ctrl Pts',(58.7142857142857,-3.39138575072886,86.6894321649713));
#2448=CARTESIAN_POINT('',(8.30805352684346,5.56563083532352,85.006024628092));
#2449=CARTESIAN_POINT('Ctrl Pts',(8.24363298759645,5.66060419777344,84.9201106591095));
#2450=CARTESIAN_POINT('Ctrl Pts',(8.25509650171664,5.64391017705655,84.9393178911734));
#2451=CARTESIAN_POINT('Ctrl Pts',(8.26728568552773,5.62604382617291,84.9571262182171));
#2452=CARTESIAN_POINT('Ctrl Pts',(8.28002456767714,5.60725104369436,84.9734689377534));
#2453=CARTESIAN_POINT('Ctrl Pts',(8.28910660267229,5.5938529522351,84.9851202858861));
#2454=CARTESIAN_POINT('Ctrl Pts',(8.29846798911908,5.57998264007094,84.9960268824401));
#2455=CARTESIAN_POINT('Ctrl Pts',(8.30804452218328,5.56571327774631,85.0061641401938));
#2456=CARTESIAN_POINT('Ctrl Pts',(8.30804452218328,5.56571327774631,85.0061641401938));
#2457=CARTESIAN_POINT('Ctrl Pts',(8.3175281103923,5.55157368227584,85.0162090993195));
#2458=CARTESIAN_POINT('Ctrl Pts',(8.32648213368171,5.53672990083814,85.0257036185251));
#2459=CARTESIAN_POINT('Ctrl Pts',(8.3347749564104,5.52118282287994,85.0345025476246));
#2460=CARTESIAN_POINT('Ctrl Pts',(8.34474535494869,5.50249068771433,85.0450814340547));
#2461=CARTESIAN_POINT('Ctrl Pts',(8.35375990976524,5.48278002875748,85.0546544560192));
#2462=CARTESIAN_POINT('Ctrl Pts',(8.36159043034644,5.4621207095409,85.0630276635518));
#2463=CARTESIAN_POINT('Ctrl Pts',(8.36735370265851,5.44691542641923,85.0691903540952));
#2464=CARTESIAN_POINT('Ctrl Pts',(8.37247565101868,5.4311968055611,85.0747024877338));
#2465=CARTESIAN_POINT('Ctrl Pts',(8.37686662784334,5.41500632752928,85.0794747054713));
#2466=CARTESIAN_POINT('Ctrl Pts',(8.38303079671697,5.39227770819969,85.0861740703758));
#2467=CARTESIAN_POINT('Ctrl Pts',(8.38765242617712,5.36894965503758,85.0913190880634));
#2468=CARTESIAN_POINT('Ctrl Pts',(8.39058350177231,5.34518163985596,85.094771954478));
#2469=CARTESIAN_POINT('Ctrl Pts',(8.39338731841237,5.32244556420622,85.0980749072661));
#2470=CARTESIAN_POINT('Ctrl Pts',(8.39464417690256,5.29930626826387,85.0998294491492));
#2471=CARTESIAN_POINT('Ctrl Pts',(8.39422736375667,5.27592869975441,85.0998782811835));
#2472=CARTESIAN_POINT('Ctrl Pts',(8.39376816302749,5.25017376229189,85.0999320791646));
#2473=CARTESIAN_POINT('Ctrl Pts',(8.39128822383293,5.22481412325459,85.0979138042582));
#2474=CARTESIAN_POINT('Ctrl Pts',(8.38692837573822,5.20005691026789,85.093893199109));
#2475=CARTESIAN_POINT('Ctrl Pts',(8.38576210894566,5.19343431361874,85.0928176803823));
#2476=CARTESIAN_POINT('Ctrl Pts',(8.38446131984388,5.18685465545568,85.091598642219));
#2477=CARTESIAN_POINT('Ctrl Pts',(8.3830287033637,5.18032157931727,85.0902368945532));
#2478=CARTESIAN_POINT('Ctrl Pts',(8.38043807237411,5.16850767815427,85.087774417155));
#2479=CARTESIAN_POINT('Ctrl Pts',(8.37741635614982,5.15684612570326,85.0848454874667));
#2480=CARTESIAN_POINT('Ctrl Pts',(8.37397828022426,5.145353882401,85.0814750838501));
#2481=CARTESIAN_POINT('Ctrl Pts',(8.36787511373141,5.12495320604342,85.0754920471558));
#2482=CARTESIAN_POINT('Ctrl Pts',(8.36056107071692,5.10540479918017,85.0682139569972));
#2483=CARTESIAN_POINT('Ctrl Pts',(8.35222543537869,5.08676180695393,85.0598840466485));
#2484=CARTESIAN_POINT('Ctrl Pts',(8.34344736429436,5.06712928893384,85.0511120044227));
#2485=CARTESIAN_POINT('Ctrl Pts',(8.33353635848366,5.04850051632879,85.0411734271412));
#2486=CARTESIAN_POINT('Ctrl Pts',(8.32271411076757,5.0309081866562,85.0303028982703));
#2487=CARTESIAN_POINT('Ctrl Pts',(8.3200609563845,5.02659529641345,85.0276379074036));
#2488=CARTESIAN_POINT('Ctrl Pts',(8.31735303794937,5.02234458051829,85.0249166862783));
#2489=CARTESIAN_POINT('Ctrl Pts',(8.31459362921774,5.01815630611336,85.0221422806116));
#2490=CARTESIAN_POINT('Ctrl Pts',(8.30262087555484,4.99998387042155,85.0101044569911));
#2491=CARTESIAN_POINT('Ctrl Pts',(8.28971166610412,4.98302291156844,84.9970922390153));
#2492=CARTESIAN_POINT('Ctrl Pts',(8.27607905326612,4.96728296675669,84.9833418744232));
#2493=CARTESIAN_POINT('Ctrl Pts',(8.26159475001236,4.9505596770572,84.9687324629357));
#2494=CARTESIAN_POINT('Ctrl Pts',(8.24629380877626,4.93521436677677,84.9532897312949));
#2495=CARTESIAN_POINT('Ctrl Pts',(8.23043289678884,4.92122988208878,84.9372438446468));
#2496=CARTESIAN_POINT('Ctrl Pts',(8.21986746233265,4.91191439275929,84.9265551929598));
#2497=CARTESIAN_POINT('Ctrl Pts',(8.2090535769537,4.90320216064725,84.9155977963511));
#2498=CARTESIAN_POINT('Ctrl Pts',(8.19806743105572,4.89508298169374,84.9044281420588));
#2499=CARTESIAN_POINT('Ctrl Pts',(8.19786046130193,4.89493002318722,84.9042177151611));
#2500=CARTESIAN_POINT('Ctrl Pts',(8.19765343041852,4.89477727506712,84.9040072126809));
#2501=CARTESIAN_POINT('Ctrl Pts',(8.19744633890273,4.89462473708592,84.9037966350989));
#2502=CARTESIAN_POINT('Ctrl Pts',(8.17966714559323,4.88152906658322,84.8857181565001));
#2503=CARTESIAN_POINT('Ctrl Pts',(8.16131933090367,4.86989736815661,84.86697390494));
#2504=CARTESIAN_POINT('Ctrl Pts',(8.14257584390512,4.85963498219636,84.8478027151065));
#2505=CARTESIAN_POINT('Ctrl Pts',(8.12269325079241,4.84874891577611,84.8274664261879));
#2506=CARTESIAN_POINT('Ctrl Pts',(8.10236542648503,4.83940339217226,84.8066494350864));
#2507=CARTESIAN_POINT('Ctrl Pts',(8.08180239211203,4.83149897705629,84.78557848853));
#2508=CARTESIAN_POINT('Ctrl Pts',(8.06893076061192,4.82655113148296,84.7723889244553));
#2509=CARTESIAN_POINT('Ctrl Pts',(8.05596703927131,4.82216823506556,84.7590987166953));
#2510=CARTESIAN_POINT('Ctrl Pts',(8.04296339500841,4.81832903206273,84.7457537708224));
#2511=CARTESIAN_POINT('Ctrl Pts',(8.01831784708167,4.81105266709199,84.7204613607533));
#2512=CARTESIAN_POINT('Ctrl Pts',(7.9933167606565,4.80567100644874,84.6947748897017));
#2513=CARTESIAN_POINT('Ctrl Pts',(7.96818211980735,4.8021581910464,84.6689368459665));
#2514=CARTESIAN_POINT('Ctrl Pts',(7.94201383689306,4.79850091391139,84.6420362332833));
#2515=CARTESIAN_POINT('Ctrl Pts',(7.91570080748888,4.7968687615574,84.6149702619852));
#2516=CARTESIAN_POINT('Ctrl Pts',(7.88949747570062,4.79727459978995,84.5879766320852));
#2517=CARTESIAN_POINT('Ctrl Pts',(7.88290757915169,4.79737666436669,84.5811879828418));
#2518=CARTESIAN_POINT('Ctrl Pts',(7.8763246386302,4.79760785255553,84.5744037836593));
#2519=CARTESIAN_POINT('Ctrl Pts',(7.86975273614801,4.79796883456553,84.5676276033304));
#2520=CARTESIAN_POINT('Ctrl Pts',(7.86868339789512,4.79802757126665,84.566525026283));
#2521=CARTESIAN_POINT('Ctrl Pts',(7.8676141779664,4.79808975404734,84.5654224998899));
#2522=CARTESIAN_POINT('Ctrl Pts',(7.8665450927243,4.79815538934489,84.5643200398176));
#2523=CARTESIAN_POINT('Ctrl Pts',(9.08508355198116,-7.3086091312955,149.372106368033));
#2524=CARTESIAN_POINT('Ctrl Pts',(9.36496058045329,-6.68340303369217,147.598849865454));
#2525=CARTESIAN_POINT('Ctrl Pts',(9.47688564476886,-6.06849835103925,145.797987129174));
#2526=CARTESIAN_POINT('Ctrl Pts',(9.47688564476886,-5.47445255474452,143.99218725438));
#2527=CARTESIAN_POINT('Ctrl Pts',(9.18554507433423,-7.31787769008269,149.384694571065));
#2528=CARTESIAN_POINT('Ctrl Pts',(9.47810050643443,-6.69185270644775,147.6069761151));
#2529=CARTESIAN_POINT('Ctrl Pts',(9.60093127770091,-6.07532186332614,145.801554614534));
#2530=CARTESIAN_POINT('Ctrl Pts',(9.61149503728647,-5.48037006541464,143.990240597728));
#2531=CARTESIAN_POINT('Ctrl Pts',(9.38898925464053,-7.27615479684532,149.431515073223));
#2532=CARTESIAN_POINT('Ctrl Pts',(9.70732598141138,-6.63319494450472,147.649724869951));
#2533=CARTESIAN_POINT('Ctrl Pts',(9.85309806398262,-5.99893567258681,145.83935685391));
#2534=CARTESIAN_POINT('Ctrl Pts',(9.88464676838096,-5.38268428486881,144.022375845992));
#2535=CARTESIAN_POINT('Ctrl Pts',(9.52485224394552,-7.129485117693,149.504670709352));
#2536=CARTESIAN_POINT('Ctrl Pts',(9.84500357422661,-6.45018999848787,147.725647184357));
#2537=CARTESIAN_POINT('Ctrl Pts',(9.98265217254118,-5.77944958274723,145.918725488912));
#2538=CARTESIAN_POINT('Ctrl Pts',(10.,-5.1280050992326,144.106156502831));
#2539=CARTESIAN_POINT('Ctrl Pts',(9.5636025470576,-7.0429223657519,149.541306627467));
#2540=CARTESIAN_POINT('Ctrl Pts',(9.87533549746964,-6.34655459850266,147.763725109028));
#2541=CARTESIAN_POINT('Ctrl Pts',(10.,-5.66166076497868,145.958470024612));
#2542=CARTESIAN_POINT('Ctrl Pts',(10.,-5.,144.148265759878));
#2543=CARTESIAN_POINT('',(10.,-5.,144.148265759879));
#2544=CARTESIAN_POINT('Origin',(9.5,-5.,144.148265759878));
#2545=CARTESIAN_POINT('',(9.5636025470576,-7.0429223657519,149.541306627467));
#2546=CARTESIAN_POINT('Ctrl Pts',(10.,-5.,144.148265759878));
#2547=CARTESIAN_POINT('Ctrl Pts',(10.,-5.66166076497868,145.958470024612));
#2548=CARTESIAN_POINT('Ctrl Pts',(9.87533549746964,-6.34655459850266,147.763725109028));
#2549=CARTESIAN_POINT('Ctrl Pts',(9.5636025470576,-7.0429223657519,149.541306627467));
#2550=CARTESIAN_POINT('Ctrl Pts',(9.5636025470576,-7.04292236575189,149.541306627467));
#2551=CARTESIAN_POINT('Ctrl Pts',(9.54477316354802,-7.08498457231656,149.505960042149));
#2552=CARTESIAN_POINT('Ctrl Pts',(9.51945391395783,-7.11878198291308,149.465289452572));
#2553=CARTESIAN_POINT('Ctrl Pts',(9.45216384744268,-7.17808449234065,149.366495903083));
#2554=CARTESIAN_POINT('Ctrl Pts',(9.40780494826188,-7.19808692651223,149.307187743252));
#2555=CARTESIAN_POINT('Ctrl Pts',(9.32716163393607,-7.21306214425602,149.20602503668));
#2556=CARTESIAN_POINT('Ctrl Pts',(9.29181754524097,-7.21344550440917,149.16361000358));
#2557=CARTESIAN_POINT('Ctrl Pts',(9.21923421665945,-7.20361384720079,149.079848326007));
#2558=CARTESIAN_POINT('Ctrl Pts',(9.18175024561037,-7.19304079427083,149.038321418559));
#2559=CARTESIAN_POINT('Ctrl Pts',(9.14364733001836,-7.17701928003649,148.997776690588));
#2560=CARTESIAN_POINT('Ctrl Pts',(9.14272843041414,-7.1766297316538,148.996799905171));
#2561=CARTESIAN_POINT('Ctrl Pts',(9.14180965849608,-7.17623706798999,148.995824257036));
#2562=CARTESIAN_POINT('Origin',(9.5,-200.,80.));
#2563=CARTESIAN_POINT('Origin',(10.,-200.,80.));
#2564=CARTESIAN_POINT('Ctrl Pts',(7.86654509272431,4.79815538934487,75.4356799601818));
#2565=CARTESIAN_POINT('Ctrl Pts',(7.93028096979055,4.70328260794707,71.288646160879));
#2566=CARTESIAN_POINT('Ctrl Pts',(8.28542120400359,4.17900882970462,61.6101338375684));
#2567=CARTESIAN_POINT('Ctrl Pts',(8.87664533052531,2.96405861587975,52.0324570244279));
#2568=CARTESIAN_POINT('Ctrl Pts',(9.12973661582814,2.05489155632634,46.6013666823504));
#2569=CARTESIAN_POINT('Ctrl Pts',(7.97124403535215,4.79417166970533,75.4373802177249));
#2570=CARTESIAN_POINT('Ctrl Pts',(8.0343825078181,4.69935952762834,71.2918450058454));
#2571=CARTESIAN_POINT('Ctrl Pts',(8.38620999281531,4.17540122907715,61.6162306987863));
#2572=CARTESIAN_POINT('Ctrl Pts',(8.97076489913952,2.9607350474512,52.0382361788081));
#2573=CARTESIAN_POINT('Ctrl Pts',(9.21922338352111,2.05162775784508,46.6060831679008));
#2574=CARTESIAN_POINT('Ctrl Pts',(8.18215414874747,4.85423158104794,75.4392476947204));
#2575=CARTESIAN_POINT('Ctrl Pts',(8.24410292618088,4.75872844102879,71.2953248438063));
#2576=CARTESIAN_POINT('Ctrl Pts',(8.58939560730924,4.23098852314166,61.6224856120522));
#2577=CARTESIAN_POINT('Ctrl Pts',(9.16072206813332,3.00840715805951,52.042139401396));
#2578=CARTESIAN_POINT('Ctrl Pts',(9.39982269711082,2.09392853331029,46.6074180086599));
#2579=CARTESIAN_POINT('Ctrl Pts',(8.42178267821999,5.15733110934507,75.4359964646976));
#2580=CARTESIAN_POINT('Ctrl Pts',(8.4838952790044,5.05869769554431,71.2890901752044));
#2581=CARTESIAN_POINT('Ctrl Pts',(8.83004493535365,4.51352546848822,61.6090476627556));
#2582=CARTESIAN_POINT('Ctrl Pts',(9.40002935703676,3.25529679251692,52.0204870568674));
#2583=CARTESIAN_POINT('Ctrl Pts',(9.63573163782005,2.31725033131254,46.581027299543));
#2584=CARTESIAN_POINT('Ctrl Pts',(8.38838979513073,5.44606319364067,75.42887784883));
#2585=CARTESIAN_POINT('Ctrl Pts',(8.45348726327058,5.34566660875996,71.2756203568403));
#2586=CARTESIAN_POINT('Ctrl Pts',(8.81651601647276,4.79098716108465,61.5818287213664));
#2587=CARTESIAN_POINT('Ctrl Pts',(9.41712676496792,3.50996266117011,51.9854634292891));
#2588=CARTESIAN_POINT('Ctrl Pts',(9.66922783328088,2.55413284707597,46.5429339937566));
#2589=CARTESIAN_POINT('Ctrl Pts',(8.30077030323413,5.57648745833311,75.4245474722798));
#2590=CARTESIAN_POINT('Ctrl Pts',(8.36802433526038,5.47637779683247,71.2673989563934));
#2591=CARTESIAN_POINT('Ctrl Pts',(8.742767945688,4.92316464443799,61.5652805054649));
#2592=CARTESIAN_POINT('Ctrl Pts',(9.36662703683158,3.64115042651238,51.9642435049752));
#2593=CARTESIAN_POINT('Ctrl Pts',(9.63368870116909,2.68179827894768,46.5199066010879));
#2594=CARTESIAN_POINT('',(8.30844118453161,5.56505211863994,74.9720585806096));
#2595=CARTESIAN_POINT('Ctrl Pts',(9.61125297326104,2.76113985410253,46.9732423182285));
#2596=CARTESIAN_POINT('Ctrl Pts',(9.52971629631169,3.04505796223334,48.6066118817208));
#2597=CARTESIAN_POINT('Ctrl Pts',(9.44058579383362,3.30848621096939,50.2433175465617));
#2598=CARTESIAN_POINT('Ctrl Pts',(9.34844283097844,3.55121301229067,51.8836104792824));
#2599=CARTESIAN_POINT('Ctrl Pts',(9.25784379016633,3.78987275035079,53.4964191165405));
#2600=CARTESIAN_POINT('Ctrl Pts',(9.16433064931709,4.00851893747801,55.1126959331232));
#2601=CARTESIAN_POINT('Ctrl Pts',(9.07225437676985,4.20690305380335,56.7326873932606));
#2602=CARTESIAN_POINT('Ctrl Pts',(9.00463639824133,4.35259023842743,57.922359224424));
#2603=CARTESIAN_POINT('Ctrl Pts',(8.93779313084892,4.48734916230706,59.1140345203822));
#2604=CARTESIAN_POINT('Ctrl Pts',(8.87345446160152,4.61106473902323,60.3078130669636));
#2605=CARTESIAN_POINT('Ctrl Pts',(8.82566862315814,4.7029511990797,61.1944603885729));
#2606=CARTESIAN_POINT('Ctrl Pts',(8.77928675255768,4.78870327610032,62.081809695659));
#2607=CARTESIAN_POINT('Ctrl Pts',(8.73501647242158,4.86828446548929,62.9698689030216));
#2608=CARTESIAN_POINT('Ctrl Pts',(8.64182774952337,5.03580247944986,64.8392291857595));
#2609=CARTESIAN_POINT('Ctrl Pts',(8.55799436070672,5.1759804751725,66.711734369492));
#2610=CARTESIAN_POINT('Ctrl Pts',(8.48786711237382,5.28858964380817,68.586020848072));
#2611=CARTESIAN_POINT('Ctrl Pts',(8.4201374722464,5.39734877307752,70.3962266055727));
#2612=CARTESIAN_POINT('Ctrl Pts',(8.36519185733808,5.48039177886649,72.2080944801267));
#2613=CARTESIAN_POINT('Ctrl Pts',(8.32696905083579,5.53746819951951,74.0204000833676));
#2614=CARTESIAN_POINT('Ctrl Pts',(8.32027890172624,5.54745830228146,74.3376084682889));
#2615=CARTESIAN_POINT('Ctrl Pts',(8.31410113416831,5.55665279359826,74.6548302624215));
#2616=CARTESIAN_POINT('Ctrl Pts',(8.30845696296307,5.56505019040199,74.9720588955031));
#2617=CARTESIAN_POINT('Ctrl Pts',(8.3080681244975,5.56562869946312,74.9939610823929));
#2618=CARTESIAN_POINT('Ctrl Pts',(8.30819754943525,5.56543614410039,74.9866549988272));
#2619=CARTESIAN_POINT('Ctrl Pts',(8.30832725762515,5.56524316598061,74.9793489145509));
#2620=CARTESIAN_POINT('Ctrl Pts',(8.30845724880883,5.56504976512073,74.9720428296696));
#2621=CARTESIAN_POINT('Ctrl Pts',(9.12973661582815,2.05489155632631,113.39863331765));
#2622=CARTESIAN_POINT('Ctrl Pts',(8.68599059655039,3.64893800108068,103.876279686425));
#2623=CARTESIAN_POINT('Ctrl Pts',(8.01518591933577,4.5768990216755,94.2357729214263));
#2624=CARTESIAN_POINT('Ctrl Pts',(7.8665450927243,4.79815538934489,84.5643200398176));
#2625=CARTESIAN_POINT('Ctrl Pts',(9.21922338352111,2.05162775784505,113.393916832099));
#2626=CARTESIAN_POINT('Ctrl Pts',(8.783600073662,3.64556940769845,103.869700019128));
#2627=CARTESIAN_POINT('Ctrl Pts',(8.118491632315,4.57305672126773,94.2305777520127));
#2628=CARTESIAN_POINT('Ctrl Pts',(7.97124403535213,4.79417166970535,84.5626197822745));
#2629=CARTESIAN_POINT('Ctrl Pts',(9.39981321756132,2.0939335335609,113.392583270136));
#2630=CARTESIAN_POINT('Ctrl Pts',(8.98059707509864,3.69729276800281,103.863863302458));
#2631=CARTESIAN_POINT('Ctrl Pts',(8.32660991387989,4.63150994049546,94.2249504035241));
#2632=CARTESIAN_POINT('Ctrl Pts',(8.18213684927134,4.8542363911205,84.5607526811964));
#2633=CARTESIAN_POINT('Ctrl Pts',(9.63571641080416,2.31725367956164,113.418973970541));
#2634=CARTESIAN_POINT('Ctrl Pts',(9.22245860658096,3.96193450118289,103.881946208222));
#2635=CARTESIAN_POINT('Ctrl Pts',(8.56661015395012,4.92730314468613,94.2351594420175));
#2636=CARTESIAN_POINT('Ctrl Pts',(8.42175503076749,5.15732982406515,84.5640039308125));
#2637=CARTESIAN_POINT('Ctrl Pts',(9.66922783328089,2.55413284707595,113.457066006244));
#2638=CARTESIAN_POINT('Ctrl Pts',(9.22721796563298,4.2299932964145,103.914656164159));
#2639=CARTESIAN_POINT('Ctrl Pts',(8.54020603929356,5.21192455693333,94.2570895396485));
#2640=CARTESIAN_POINT('Ctrl Pts',(8.38838979513072,5.44606319364068,84.5711221511694));
#2641=CARTESIAN_POINT('Ctrl Pts',(9.63368870116911,2.68179827894766,113.480093398912));
#2642=CARTESIAN_POINT('Ctrl Pts',(9.16544835733558,4.3638344504343,103.934514514929));
#2643=CARTESIAN_POINT('Ctrl Pts',(8.45761595082671,5.3430179663893,94.2704943187957));
#2644=CARTESIAN_POINT('Ctrl Pts',(8.30077030323412,5.57648745833312,84.5754525277196));
#2645=CARTESIAN_POINT('',(8.30844118453161,5.56505211863995,85.0279414193903));
#2646=CARTESIAN_POINT('Ctrl Pts',(8.30848807323173,5.56504911391868,85.0279378453941));
#2647=CARTESIAN_POINT('Ctrl Pts',(8.30835709792968,5.5652425357535,85.0206323783254));
#2648=CARTESIAN_POINT('Ctrl Pts',(8.30822642855716,5.56543553446325,85.0133268928667));
#2649=CARTESIAN_POINT('Ctrl Pts',(8.30809606545251,5.56562811002959,85.0060213890552));
#2650=CARTESIAN_POINT('Ctrl Pts',(8.30848812163972,5.56504904243067,85.0279405454675));
#2651=CARTESIAN_POINT('Ctrl Pts',(8.47683228051698,5.31644159969194,94.4177413789843));
#2652=CARTESIAN_POINT('Ctrl Pts',(9.15057978638321,4.36882068469751,103.777161272532));
#2653=CARTESIAN_POINT('Ctrl Pts',(9.61127851674483,2.76113730437559,113.026756052224));
#2654=CARTESIAN_POINT('Origin',(9.5,-200.,80.));
#2655=CARTESIAN_POINT('',(10.,-5.,15.8517342401214));
#2656=CARTESIAN_POINT('Origin',(9.5,-5.,15.8517342401214));
#2657=CARTESIAN_POINT('Origin',(10.,-200.,80.));
#2658=CARTESIAN_POINT('Ctrl Pts',(9.47688564476886,-5.47445255474455,16.0078127456199));
#2659=CARTESIAN_POINT('Ctrl Pts',(9.47688564476886,-6.0826662162003,14.1589449301154));
#2660=CARTESIAN_POINT('Ctrl Pts',(9.27950714770084,-7.13117852035895,11.0902388988102));
#2661=CARTESIAN_POINT('Ctrl Pts',(8.45750267718334,-8.42941411412854,7.49399049652744));
#2662=CARTESIAN_POINT('Ctrl Pts',(7.4746018791347,-9.26258871900762,5.23608806026276));
#2663=CARTESIAN_POINT('Ctrl Pts',(6.73530515844859,-9.64103091382836,4.21398894829384));
#2664=CARTESIAN_POINT('Ctrl Pts',(6.24345559993218,-9.78432442188853,3.81590699802008));
#2665=CARTESIAN_POINT('Ctrl Pts',(9.61149503728647,-5.48037006541467,16.0097594022717));
#2666=CARTESIAN_POINT('Ctrl Pts',(9.60067933429463,-6.08951133643193,14.1552459336486));
#2667=CARTESIAN_POINT('Ctrl Pts',(9.38452504331188,-7.14032408422242,11.0786353025984));
#2668=CARTESIAN_POINT('Ctrl Pts',(8.5342291187518,-8.44025294678666,7.47379548447651));
#2669=CARTESIAN_POINT('Ctrl Pts',(7.52693858203221,-9.27447692490694,5.21078260374831));
#2670=CARTESIAN_POINT('Ctrl Pts',(6.77181767475322,-9.65327645889052,4.18642146479998));
#2671=CARTESIAN_POINT('Ctrl Pts',(6.27005568872504,-9.79659208249276,3.78745716301046));
#2672=CARTESIAN_POINT('Ctrl Pts',(9.88480373911645,-5.38284045473323,15.9776755285002));
#2673=CARTESIAN_POINT('Ctrl Pts',(9.85250260486724,-6.0137893062174,14.1173599122384));
#2674=CARTESIAN_POINT('Ctrl Pts',(9.59725614122446,-7.0952389228837,11.0325165515294));
#2675=CARTESIAN_POINT('Ctrl Pts',(8.68929979442957,-8.42705099708192,7.42011057011157));
#2676=CARTESIAN_POINT('Ctrl Pts',(7.6323617904337,-9.27935619484044,5.15272544146347));
#2677=CARTESIAN_POINT('Ctrl Pts',(6.84525622583359,-9.66572925333428,4.12649232142923));
#2678=CARTESIAN_POINT('Ctrl Pts',(6.32356041746223,-9.81179641042277,3.72682242258946));
#2679=CARTESIAN_POINT('Ctrl Pts',(9.99999999999999,-5.12800509923263,15.8938434971686));
#2680=CARTESIAN_POINT('Ctrl Pts',(9.9822384305674,-5.79498639431953,14.0380451285218));
#2681=CARTESIAN_POINT('Ctrl Pts',(9.73989942557011,-6.93857609537728,10.9589898312983));
#2682=CARTESIAN_POINT('Ctrl Pts',(8.81522945653839,-8.34532987221835,7.3514618275957));
#2683=CARTESIAN_POINT('Ctrl Pts',(7.72745220599668,-9.24523675803477,5.08673165652571));
#2684=CARTESIAN_POINT('Ctrl Pts',(6.9142408912602,-9.65316733148628,4.0615957562349));
#2685=CARTESIAN_POINT('Ctrl Pts',(6.37448199585404,-9.80743455634753,3.66233625031913));
#2686=CARTESIAN_POINT('Ctrl Pts',(10.,-5.00000000000003,15.8517342401214));
#2687=CARTESIAN_POINT('Ctrl Pts',(9.99999999999999,-5.67744123267839,13.9983569909205));
#2688=CARTESIAN_POINT('Ctrl Pts',(9.78015565773724,-6.84529640072501,10.9221663107585));
#2689=CARTESIAN_POINT('Ctrl Pts',(8.8645897027706,-8.29129864744398,7.31714657090921));
#2690=CARTESIAN_POINT('Ctrl Pts',(7.76981401713915,-9.21930613417923,5.05373705553164));
#2691=CARTESIAN_POINT('Ctrl Pts',(6.9463697022286,-9.64082305036169,4.0291450188994));
#2692=CARTESIAN_POINT('Ctrl Pts',(6.39853726713313,-9.80042638860755,3.63009213703964));
#2693=CARTESIAN_POINT('',(6.39853726713315,-9.80042638860755,3.63009213703965));
#2694=CARTESIAN_POINT('Ctrl Pts',(6.39853726713315,-9.80042638860755,3.63009213703966));
#2695=CARTESIAN_POINT('Ctrl Pts',(6.4220893646064,-9.79356481353712,3.6472479893924));
#2696=CARTESIAN_POINT('Ctrl Pts',(6.44538894042752,-9.786608976831,3.66465374307363));
#2697=CARTESIAN_POINT('Ctrl Pts',(6.4684412611866,-9.77956220916158,3.6822919279135));
#2698=CARTESIAN_POINT('Ctrl Pts',(6.59124253947657,-9.74202359920289,3.77625173645897));
#2699=CARTESIAN_POINT('Ctrl Pts',(6.70708804615862,-9.70188374245629,3.87603981021031));
#2700=CARTESIAN_POINT('Ctrl Pts',(6.81672747989557,-9.65964566507229,3.98053037894244));
#2701=CARTESIAN_POINT('Ctrl Pts',(6.93626418274324,-9.61359471120452,4.09445342322671));
#2702=CARTESIAN_POINT('Ctrl Pts',(7.04842447986663,-9.56505043758904,4.21396546368358));
#2703=CARTESIAN_POINT('Ctrl Pts',(7.15423755617918,-9.51466109878213,4.33757050209248));
#2704=CARTESIAN_POINT('Ctrl Pts',(7.27592751255195,-9.45671101685696,4.47972204191734));
#2705=CARTESIAN_POINT('Ctrl Pts',(7.38922393344836,-9.39632242141857,4.62728507165456));
#2706=CARTESIAN_POINT('Ctrl Pts',(7.49574962389265,-9.33445505498804,4.7779587986734));
#2707=CARTESIAN_POINT('Ctrl Pts',(7.53671749758957,-9.31066197330683,4.83590521697126));
#2708=CARTESIAN_POINT('Ctrl Pts',(7.5766843712424,-9.28664977429448,4.8943116568134));
#2709=CARTESIAN_POINT('Ctrl Pts',(7.61574355334847,-9.26247130741546,4.95304757479595));
#2710=CARTESIAN_POINT('Ctrl Pts',(7.64410092522538,-9.24491748934421,4.99569046128137));
#2711=CARTESIAN_POINT('Ctrl Pts',(7.67198878033136,-9.22727020417518,5.038561988045));
#2712=CARTESIAN_POINT('Ctrl Pts',(7.69944008764938,-9.20955057564369,5.08161749831486));
#2713=CARTESIAN_POINT('Ctrl Pts',(7.82344125912118,-9.12950867925986,5.27610491015019));
#2714=CARTESIAN_POINT('Ctrl Pts',(7.93853074948257,-9.04799103943372,5.47434750633447));
#2715=CARTESIAN_POINT('Ctrl Pts',(8.04597453924794,-8.96539674099728,5.6755755635792));
#2716=CARTESIAN_POINT('Ctrl Pts',(8.16473943973982,-8.87409966690465,5.89800656910345));
#2717=CARTESIAN_POINT('Ctrl Pts',(8.27416293735008,-8.78148753593414,6.12408522755173));
#2718=CARTESIAN_POINT('Ctrl Pts',(8.37601826406276,-8.68809125298388,6.35275266596471));
#2719=CARTESIAN_POINT('Ctrl Pts',(8.43659567767819,-8.63254476911287,6.48875028576713));
#2720=CARTESIAN_POINT('Ctrl Pts',(8.49449726963537,-8.57672072893852,6.62566324024114));
#2721=CARTESIAN_POINT('Ctrl Pts',(8.5501038779757,-8.52072868567176,6.76326637868392));
#2722=CARTESIAN_POINT('Ctrl Pts',(8.66305095113862,-8.40699872450082,7.04276322643312));
#2723=CARTESIAN_POINT('Ctrl Pts',(8.76652723472613,-8.29257797868496,7.32510820856867));
#2724=CARTESIAN_POINT('Ctrl Pts',(8.86157644628157,-8.17774915113926,7.60961818334913));
#2725=CARTESIAN_POINT('Ctrl Pts',(8.92543324670149,-8.10060383448651,7.80076018631498));
#2726=CARTESIAN_POINT('Ctrl Pts',(8.98548760215773,-8.02327359019359,7.99287905480454));
#2727=CARTESIAN_POINT('Ctrl Pts',(9.04206473727953,-7.94583504964944,8.18576488717421));
#2728=CARTESIAN_POINT('Ctrl Pts',(9.21454324962259,-7.70975939395712,8.77378797013076));
#2729=CARTESIAN_POINT('Ctrl Pts',(9.35482120274141,-7.47252092313738,9.36962228715633));
#2730=CARTESIAN_POINT('Ctrl Pts',(9.47196641410691,-7.2362699125035,9.96905436129583));
#2731=CARTESIAN_POINT('Ctrl Pts',(9.49566108593383,-7.18848400558937,10.0903000026132));
#2732=CARTESIAN_POINT('Ctrl Pts',(9.5184092103922,-7.14073859347541,10.2116928776668));
#2733=CARTESIAN_POINT('Ctrl Pts',(9.54028565121702,-7.09305161592026,10.3331981768177));
#2734=CARTESIAN_POINT('Ctrl Pts',(9.66869293688382,-6.81314523633405,11.0463930599814));
#2735=CARTESIAN_POINT('Ctrl Pts',(9.76706888599122,-6.53524761773706,11.763460686009));
#2736=CARTESIAN_POINT('Ctrl Pts',(9.83922485666084,-6.25997126929997,12.4834048884923));
#2737=CARTESIAN_POINT('Ctrl Pts',(9.9121279639548,-5.98184458096968,13.2108037295338));
#2738=CARTESIAN_POINT('Ctrl Pts',(9.95826274838145,-5.70639490881031,13.9411390115504));
#2739=CARTESIAN_POINT('Ctrl Pts',(9.98157364444811,-5.43430076363504,14.6733910173489));
#2740=CARTESIAN_POINT('Ctrl Pts',(9.9940617810634,-5.28853421534563,15.065673796144));
#2741=CARTESIAN_POINT('Ctrl Pts',(10.,-5.14373138710619,15.4585067983765));
#2742=CARTESIAN_POINT('Ctrl Pts',(10.,-5.00000000000003,15.8517342401214));
#2743=CARTESIAN_POINT('Ctrl Pts',(6.30412797753879,-9.76623009577564,3.86609997288633));
#2744=CARTESIAN_POINT('Ctrl Pts',(6.30428236473418,-9.76637564204056,3.86574909619978));
#2745=CARTESIAN_POINT('Ctrl Pts',(6.30443675449213,-9.76652077348243,3.86539804765622));
#2746=CARTESIAN_POINT('Ctrl Pts',(6.30459114642964,-9.76666548982216,3.86504682819334));
#2747=CARTESIAN_POINT('Ctrl Pts',(6.31493815648979,-9.77636406247586,3.84150886776323));
#2748=CARTESIAN_POINT('Ctrl Pts',(6.32528145576794,-9.78418859338566,3.81723751047188));
#2749=CARTESIAN_POINT('Ctrl Pts',(6.33552882501983,-9.79007239494367,3.79245130702081));
#2750=CARTESIAN_POINT('Ctrl Pts',(6.34142129034436,-9.79345571175451,3.77819868854168));
#2751=CARTESIAN_POINT('Ctrl Pts',(6.34728229764035,-9.79619643775084,3.76377564110392));
#2752=CARTESIAN_POINT('Ctrl Pts',(6.35309531871438,-9.79827412399474,3.74922324248086));
#2753=CARTESIAN_POINT('Ctrl Pts',(6.36308307379561,-9.80184394097552,3.7242197560939));
#2754=CARTESIAN_POINT('Ctrl Pts',(6.37289774770577,-9.80344819752458,3.69891149684888));
#2755=CARTESIAN_POINT('Ctrl Pts',(6.38245858115793,-9.80305624408377,3.67352310356989));
#2756=CARTESIAN_POINT('Ctrl Pts',(6.38790597044869,-9.80283292432963,3.659057789186));
#2757=CARTESIAN_POINT('Ctrl Pts',(6.39327093216635,-9.80196066183997,3.64456648819525));
#2758=CARTESIAN_POINT('Ctrl Pts',(6.39853726713315,-9.80042638860755,3.63009213703966));
#2759=CARTESIAN_POINT('Ctrl Pts',(6.44304052736319,-9.76820429115895,3.87279638557238));
#2760=CARTESIAN_POINT('Ctrl Pts',(2.16142415995459,-9.70548058483896,3.66715919219329));
#2761=CARTESIAN_POINT('Ctrl Pts',(-2.13912347877892,-9.70515388996683,3.66608813579075));
#2762=CARTESIAN_POINT('Ctrl Pts',(-6.44304054785361,-9.76820429145913,3.8727963865565));
#2763=CARTESIAN_POINT('Ctrl Pts',(6.44745207783031,-9.81024334221707,3.76811973917153));
#2764=CARTESIAN_POINT('Ctrl Pts',(2.1627857858163,-9.75052702356593,3.55493126448068));
#2765=CARTESIAN_POINT('Ctrl Pts',(-2.14046921919099,-9.75021599260063,3.55382087741055));
#2766=CARTESIAN_POINT('Ctrl Pts',(-6.44745209833534,-9.81024334250327,3.76811974019179));
#2767=CARTESIAN_POINT('Ctrl Pts',(6.45309395399525,-9.81536551147592,3.64908664808155));
#2768=CARTESIAN_POINT('Ctrl Pts',(2.16473529640991,-9.7531379078508,3.42627116580665));
#2769=CARTESIAN_POINT('Ctrl Pts',(-2.14239949820056,-9.75281379692012,3.42511063669912));
#2770=CARTESIAN_POINT('Ctrl Pts',(-6.45309397451793,-9.81536551177415,3.64908664914783));
#2771=CARTESIAN_POINT('Ctrl Pts',(6.45875526035676,-9.78247144625021,3.54124475466193));
#2772=CARTESIAN_POINT('Ctrl Pts',(2.16669592619839,-9.71260845628404,3.31220170187383));
#2773=CARTESIAN_POINT('Ctrl Pts',(-2.1443408531174,-9.71224457662972,3.31100873661246));
#2774=CARTESIAN_POINT('Ctrl Pts',(-6.45875528089715,-9.78247144658455,3.54124475575805));
#2775=CARTESIAN_POINT('',(-6.45875528091671,-9.78247144388325,3.5412447561748));
#2776=CARTESIAN_POINT('',(6.45875526036477,-9.78247144514341,3.54124475483268));
#2777=CARTESIAN_POINT('Ctrl Pts',(-6.45875528089715,-9.78247144658455,3.54124475575805));
#2778=CARTESIAN_POINT('Ctrl Pts',(-2.1443408531174,-9.71224457662972,3.31100873661246));
#2779=CARTESIAN_POINT('Ctrl Pts',(2.16669592619839,-9.71260845628404,3.31220170187383));
#2780=CARTESIAN_POINT('Ctrl Pts',(6.45875526035676,-9.78247144625021,3.54124475466193));
#2781=CARTESIAN_POINT('Ctrl Pts',(6.45875524609894,-9.78247144601814,3.54124475390108));
#2782=CARTESIAN_POINT('Ctrl Pts',(6.43737063819474,-9.78899420508071,3.56262936180529));
#2783=CARTESIAN_POINT('Ctrl Pts',(6.4176674456302,-9.79483078767142,3.58744542813035));
#2784=CARTESIAN_POINT('Ctrl Pts',(6.40240772993482,-9.79929767152074,3.62016409901646));
#2785=CARTESIAN_POINT('Ctrl Pts',(6.40035582601483,-9.79989657684447,3.62509388683026));
#2786=CARTESIAN_POINT('Ctrl Pts',(6.39853726713315,-9.80042638860755,3.63009213703965));
#2787=CARTESIAN_POINT('',(-6.39853726713319,-9.80042638860754,3.6300921370396));
#2788=CARTESIAN_POINT('Ctrl Pts',(-6.30409820872594,-9.76619084866424,3.86619539388566));
#2789=CARTESIAN_POINT('Ctrl Pts',(-6.30425267441327,-9.76633653281083,3.86584419062945));
#2790=CARTESIAN_POINT('Ctrl Pts',(-6.30440714270498,-9.76648178698831,3.86549281564298));
#2791=CARTESIAN_POINT('Ctrl Pts',(-6.30456161349485,-9.76662661143866,3.86514126914305));
#2792=CARTESIAN_POINT('Ctrl Pts',(-6.3150963271823,-9.77650345689665,3.84116623977012));
#2793=CARTESIAN_POINT('Ctrl Pts',(-6.32562641404304,-9.7843711974645,3.81643025187296));
#2794=CARTESIAN_POINT('Ctrl Pts',(-6.33605621773513,-9.79022806881127,3.79117055534696));
#2795=CARTESIAN_POINT('Ctrl Pts',(-6.34176913084148,-9.7934361634281,3.77733458531281));
#2796=CARTESIAN_POINT('Ctrl Pts',(-6.34745197365787,-9.79604004727826,3.76334121448913));
#2797=CARTESIAN_POINT('Ctrl Pts',(-6.35308908970979,-9.79803283860687,3.74922882459723));
#2798=CARTESIAN_POINT('Ctrl Pts',(-6.36316691940654,-9.80159547798592,3.72399921061828));
#2799=CARTESIAN_POINT('Ctrl Pts',(-6.37306740287337,-9.80319676833704,3.69846791108335));
#2800=CARTESIAN_POINT('Ctrl Pts',(-6.38270658775699,-9.80279620282073,3.67285989451931));
#2801=CARTESIAN_POINT('Ctrl Pts',(-6.38806931955667,-9.80257334938881,3.65861295077742));
#2802=CARTESIAN_POINT('Ctrl Pts',(-6.39335117632596,-9.80172999025692,3.6443423138949));
#2803=CARTESIAN_POINT('Ctrl Pts',(-6.3985376552911,-9.80025233159507,3.63008856360542));
#2804=CARTESIAN_POINT('Ctrl Pts',(-6.39853726713318,-9.80042638860755,3.63009213703959));
#2805=CARTESIAN_POINT('Ctrl Pts',(-6.39886317314883,-9.80033144043595,3.62919639490696));
#2806=CARTESIAN_POINT('Ctrl Pts',(-6.39919650336683,-9.80023429333043,3.62830304433756));
#2807=CARTESIAN_POINT('Ctrl Pts',(-6.40767320464162,-9.79776280901899,3.60613186998879));
#2808=CARTESIAN_POINT('Ctrl Pts',(-6.41982992579267,-9.79419409098319,3.58661360129631));
#2809=CARTESIAN_POINT('Ctrl Pts',(-6.44159768609434,-9.78767810255859,3.55925995156675));
#2810=CARTESIAN_POINT('Ctrl Pts',(-6.45000080125768,-9.78514173741099,3.54999919874233));
#2811=CARTESIAN_POINT('Ctrl Pts',(-6.45875524609894,-9.78247144601814,3.54124475390108));
#2812=CARTESIAN_POINT('Ctrl Pts',(-6.24345559993222,-9.78432442188854,3.81590699802005));
#2813=CARTESIAN_POINT('Ctrl Pts',(-6.73530515844862,-9.64103091382837,4.21398894829382));
#2814=CARTESIAN_POINT('Ctrl Pts',(-7.47240274305298,-9.26189606063079,5.23763356401668));
#2815=CARTESIAN_POINT('Ctrl Pts',(-8.21523239667854,-8.63869472452566,6.92733964594929));
#2816=CARTESIAN_POINT('Ctrl Pts',(-9.23473696036212,-7.35120179179509,10.4656219584632));
#2817=CARTESIAN_POINT('Ctrl Pts',(-9.47688564476885,-6.28540410335221,13.5426556582805));
#2818=CARTESIAN_POINT('Ctrl Pts',(-9.47688564476885,-5.47445255474454,16.00781274562));
#2819=CARTESIAN_POINT('Ctrl Pts',(-6.27005568872508,-9.79659208249277,3.78745716301043));
#2820=CARTESIAN_POINT('Ctrl Pts',(-6.77181767475327,-9.65327645889053,4.18642146479997));
#2821=CARTESIAN_POINT('Ctrl Pts',(-7.52470255031896,-9.27377638438151,5.21233182799102));
#2822=CARTESIAN_POINT('Ctrl Pts',(-8.28592335333941,-8.64981883272237,6.90586590006659));
#2823=CARTESIAN_POINT('Ctrl Pts',(-9.33617885950941,-7.36076757496894,10.4525177048208));
#2824=CARTESIAN_POINT('Ctrl Pts',(-9.59707409996402,-6.29255842677102,13.5370747774409));
#2825=CARTESIAN_POINT('Ctrl Pts',(-9.61149503728647,-5.48037006541466,16.0097594022718));
#2826=CARTESIAN_POINT('Ctrl Pts',(-6.32356041746228,-9.81179641042279,3.72682242258942));
#2827=CARTESIAN_POINT('Ctrl Pts',(-6.84525622583366,-9.66572925333429,4.12649232142922));
#2828=CARTESIAN_POINT('Ctrl Pts',(-7.63005435157328,-9.27864695910802,5.15428307686403));
#2829=CARTESIAN_POINT('Ctrl Pts',(-8.42868404591085,-8.64113383896126,6.85107091847752));
#2830=CARTESIAN_POINT('Ctrl Pts',(-9.54145512783462,-7.32146274628149,10.4049480636329));
#2831=CARTESIAN_POINT('Ctrl Pts',(-9.8417355601175,-6.22410559004546,13.4972547068178));
#2832=CARTESIAN_POINT('Ctrl Pts',(-9.88480373911645,-5.38284045473322,15.9776755285002));
#2833=CARTESIAN_POINT('Ctrl Pts',(-6.3744819958541,-9.80743455634755,3.66233625031909));
#2834=CARTESIAN_POINT('Ctrl Pts',(-6.9142408912603,-9.65316733148628,4.0615957562349));
#2835=CARTESIAN_POINT('Ctrl Pts',(-7.72504955222512,-9.24448335207478,5.08828329718503));
#2836=CARTESIAN_POINT('Ctrl Pts',(-8.5470752681215,-8.57137636711903,6.7830968462263));
#2837=CARTESIAN_POINT('Ctrl Pts',(-9.68577529906503,-7.17774758057832,10.3323764950948));
#2838=CARTESIAN_POINT('Ctrl Pts',(-9.9763179074232,-6.01731349268183,13.4194456723062));
#2839=CARTESIAN_POINT('Ctrl Pts',(-10.,-5.12800509923262,15.8938434971686));
#2840=CARTESIAN_POINT('Ctrl Pts',(-6.39853726713319,-9.80042638860757,3.63009213703959));
#2841=CARTESIAN_POINT('Ctrl Pts',(-6.94636970222871,-9.64082305036168,4.0291450188994));
#2842=CARTESIAN_POINT('Ctrl Pts',(-7.76736457288559,-9.21853463663754,5.05528632880698));
#2843=CARTESIAN_POINT('Ctrl Pts',(-8.59474394318398,-8.52439981512208,6.74911364508574));
#2844=CARTESIAN_POINT('Ctrl Pts',(-9.73028967671771,-7.09036297134899,10.2960259144594));
#2845=CARTESIAN_POINT('Ctrl Pts',(-10.,-5.90325497690451,13.3805645745202));
#2846=CARTESIAN_POINT('Ctrl Pts',(-10.,-5.00000000000001,15.8517342401215));
#2847=CARTESIAN_POINT('',(-10.,-5.00000000000001,15.8517342401215));
#2848=CARTESIAN_POINT('Origin',(-9.5,-5.00000000000001,15.8517342401215));
#2849=CARTESIAN_POINT('Ctrl Pts',(-10.,-5.00000000000001,15.8517342401215));
#2850=CARTESIAN_POINT('Ctrl Pts',(-10.,-5.90325497690451,13.3805645745202));
#2851=CARTESIAN_POINT('Ctrl Pts',(-9.73028967671771,-7.09036297134899,10.2960259144594));
#2852=CARTESIAN_POINT('Ctrl Pts',(-8.59474394318398,-8.52439981512208,6.74911364508574));
#2853=CARTESIAN_POINT('Ctrl Pts',(-7.76736457288559,-9.21853463663754,5.05528632880698));
#2854=CARTESIAN_POINT('Ctrl Pts',(-6.94636970222871,-9.64082305036168,4.0291450188994));
#2855=CARTESIAN_POINT('Ctrl Pts',(-6.39853726713319,-9.80042638860757,3.63009213703959));
#2856=CARTESIAN_POINT('Origin',(-9.5,-200.,80.));
#2857=CARTESIAN_POINT('',(-10.,0.,33.7398659751186));
#2858=CARTESIAN_POINT('Origin',(-9.5,-1.13797860024079E-14,33.7398659751186));
#2859=CARTESIAN_POINT('Origin',(-10.,-200.,80.));
#2860=CARTESIAN_POINT('Ctrl Pts',(-9.47688564476886,-0.486618004866157,
33.8524210457387));
#2861=CARTESIAN_POINT('Ctrl Pts',(-9.47688564476886,0.513362988464331,38.1757158844119));
#2862=CARTESIAN_POINT('Ctrl Pts',(-9.0024563677771,3.11174416193326,51.230520798988));
#2863=CARTESIAN_POINT('Ctrl Pts',(-7.79698535072364,4.8877025615908,68.8910349903989));
#2864=CARTESIAN_POINT('Ctrl Pts',(-7.81255221068555,4.88699040631,86.6616853123292));
#2865=CARTESIAN_POINT('Ctrl Pts',(-8.57707143705207,3.70548938879143,104.363887151938));
#2866=CARTESIAN_POINT('Ctrl Pts',(-9.4768856447693,1.51334398179304,117.500989276924));
#2867=CARTESIAN_POINT('Ctrl Pts',(-9.47688564476885,-0.486618004868313,
126.147578954271));
#2868=CARTESIAN_POINT('Ctrl Pts',(-9.55380529763607,-0.490086142987839,
33.8532232284104));
#2869=CARTESIAN_POINT('Ctrl Pts',(-9.55870258080521,0.510050104692743,38.1782830598808));
#2870=CARTESIAN_POINT('Ctrl Pts',(-9.09689197944238,3.10865664081946,51.2375158189977));
#2871=CARTESIAN_POINT('Ctrl Pts',(-7.90216328033261,4.88367144340554,68.895947781453));
#2872=CARTESIAN_POINT('Ctrl Pts',(-7.9178470547314,4.88293457090953,86.6588106440951));
#2873=CARTESIAN_POINT('Ctrl Pts',(-8.67487962852582,3.70215424964909,104.356646605867));
#2874=CARTESIAN_POINT('Ctrl Pts',(-9.5635998639748,1.51018635237155,117.496657108658));
#2875=CARTESIAN_POINT('Ctrl Pts',(-9.55380529763605,-0.490086142989996,
126.146776771599));
#2876=CARTESIAN_POINT('Ctrl Pts',(-9.70901909478738,-0.461656764415121,
33.8466474940953));
#2877=CARTESIAN_POINT('Ctrl Pts',(-9.72387047540804,0.543588801091508,38.1749334181926));
#2878=CARTESIAN_POINT('Ctrl Pts',(-9.28748942638095,3.15659497827069,51.2430343069698));
#2879=CARTESIAN_POINT('Ctrl Pts',(-8.11403914574677,4.94442472655393,68.9017970532076));
#2880=CARTESIAN_POINT('Ctrl Pts',(-8.12994207047139,4.94366060192439,86.6554210420827));
#2881=CARTESIAN_POINT('Ctrl Pts',(-8.87213221507081,3.75436471064278,104.349767146691));
#2882=CARTESIAN_POINT('Ctrl Pts',(-9.73872185602912,1.54883436659634,117.496780657719));
#2883=CARTESIAN_POINT('Ctrl Pts',(-9.70901909478735,-0.461656764417291,
126.153352505914));
#2884=CARTESIAN_POINT('Ctrl Pts',(-9.93034024193743,-0.299312481286672,
33.8090971526168));
#2885=CARTESIAN_POINT('Ctrl Pts',(-9.95269767713754,0.728245475024511,38.1411379056908));
#2886=CARTESIAN_POINT('Ctrl Pts',(-9.5297466870115,3.40448101184439,51.2209128592363));
#2887=CARTESIAN_POINT('Ctrl Pts',(-8.35334598067578,5.25038986221547,68.8942209157924));
#2888=CARTESIAN_POINT('Ctrl Pts',(-8.36944005957506,5.24968895172986,86.6599912076287));
#2889=CARTESIAN_POINT('Ctrl Pts',(-9.11320127260068,4.02149105604872,104.367939542285));
#2890=CARTESIAN_POINT('Ctrl Pts',(-9.97505511233806,1.75580343133386,117.526821341245));
#2891=CARTESIAN_POINT('Ctrl Pts',(-9.93034024193738,-0.299312481288889,
126.190902847393));
#2892=CARTESIAN_POINT('Ctrl Pts',(-10.,-0.112531955369297,33.7658946918059));
#2893=CARTESIAN_POINT('Ctrl Pts',(-10.0120491633295,0.934972982220054,38.099082638767));
#2894=CARTESIAN_POINT('Ctrl Pts',(-9.54936503717555,3.66229695403223,51.1832004340546));
#2895=CARTESIAN_POINT('Ctrl Pts',(-8.31728580762051,5.5409040430982,68.8754345609895));
#2896=CARTESIAN_POINT('Ctrl Pts',(-8.33344486696334,5.5401133580245,86.6711301734495));
#2897=CARTESIAN_POINT('Ctrl Pts',(-9.11400425743193,4.29024674417874,104.402382165448));
#2898=CARTESIAN_POINT('Ctrl Pts',(-10.0240983266594,1.98247791980754,117.567729414281));
#2899=CARTESIAN_POINT('Ctrl Pts',(-9.99999999999998,-0.112531955371556,
126.234105308203));
#2900=CARTESIAN_POINT('Ctrl Pts',(-10.,2.52662474276022E-14,33.7398659751186));
#2901=CARTESIAN_POINT('Ctrl Pts',(-10.,1.05517891722424,38.0737054353494));
#2902=CARTESIAN_POINT('Ctrl Pts',(-9.49938271413706,3.79698806304126,51.1603513375222));
#2903=CARTESIAN_POINT('Ctrl Pts',(-8.22737093490993,5.67097754252584,68.86393995379));
#2904=CARTESIAN_POINT('Ctrl Pts',(-8.24379706955524,5.67022607700492,86.6779333252862));
#2905=CARTESIAN_POINT('Ctrl Pts',(-9.05051697208832,4.4235074166708,104.423311266942));
#2906=CARTESIAN_POINT('Ctrl Pts',(-10.0000000000005,2.11035783444657,117.592455104429));
#2907=CARTESIAN_POINT('Ctrl Pts',(-10.,-2.24848351743079E-12,126.260134024891));
#2908=CARTESIAN_POINT('',(-10.,-1.12423959031105E-12,126.260134024891));
#2909=CARTESIAN_POINT('Origin',(-9.5,-2.13551398786649E-12,126.260134024891));
#2910=CARTESIAN_POINT('Ctrl Pts',(-10.,-2.24848351743079E-12,126.260134024891));
#2911=CARTESIAN_POINT('Ctrl Pts',(-10.0000000000005,2.11035783444657,117.592455104429));
#2912=CARTESIAN_POINT('Ctrl Pts',(-9.05051697208832,4.4235074166708,104.423311266942));
#2913=CARTESIAN_POINT('Ctrl Pts',(-8.24379706955524,5.67022607700492,86.6779333252862));
#2914=CARTESIAN_POINT('Ctrl Pts',(-8.22737093490993,5.67097754252584,68.86393995379));
#2915=CARTESIAN_POINT('Ctrl Pts',(-9.49938271413706,3.79698806304126,51.1603513375222));
#2916=CARTESIAN_POINT('Ctrl Pts',(-10.,1.05517891722424,38.0737054353494));
#2917=CARTESIAN_POINT('Ctrl Pts',(-10.,2.52662474276022E-14,33.7398659751186));
#2918=CARTESIAN_POINT('Origin',(-9.5,-200.,80.));
#2919=CARTESIAN_POINT('',(-10.,-5.,144.148265759879));
#2920=CARTESIAN_POINT('Origin',(-9.5,-4.99999999999999,144.148265759879));
#2921=CARTESIAN_POINT('Origin',(-10.,-200.,80.));
#2922=CARTESIAN_POINT('Ctrl Pts',(-9.47688564476886,-5.47445255474454,143.99218725438));
#2923=CARTESIAN_POINT('Ctrl Pts',(-9.47688564476885,-6.06849835103926,145.797987129175));
#2924=CARTESIAN_POINT('Ctrl Pts',(-9.3649605804533,-6.68340303369213,147.598849865454));
#2925=CARTESIAN_POINT('Ctrl Pts',(-9.08508355198116,-7.30860913129549,149.372106368033));
#2926=CARTESIAN_POINT('Ctrl Pts',(-9.61149503728647,-5.48037006541466,143.990240597728));
#2927=CARTESIAN_POINT('Ctrl Pts',(-9.60093127770091,-6.07532186332616,145.801554614534));
#2928=CARTESIAN_POINT('Ctrl Pts',(-9.47810050643444,-6.69185270644771,147.6069761151));
#2929=CARTESIAN_POINT('Ctrl Pts',(-9.18554507433423,-7.31787769008268,149.384694571065));
#2930=CARTESIAN_POINT('Ctrl Pts',(-9.88464676838095,-5.38268428486882,144.022375845992));
#2931=CARTESIAN_POINT('Ctrl Pts',(-9.85309806398261,-5.99893567258684,145.839356853911));
#2932=CARTESIAN_POINT('Ctrl Pts',(-9.7073259814114,-6.63319494450468,147.649724869951));
#2933=CARTESIAN_POINT('Ctrl Pts',(-9.38898925464053,-7.27615479684532,149.431515073223));
#2934=CARTESIAN_POINT('Ctrl Pts',(-10.,-5.12800509923263,144.106156502831));
#2935=CARTESIAN_POINT('Ctrl Pts',(-9.98265217254118,-5.77944958274728,145.918725488912));
#2936=CARTESIAN_POINT('Ctrl Pts',(-9.84500357422663,-6.45018999848783,147.725647184357));
#2937=CARTESIAN_POINT('Ctrl Pts',(-9.52485224394553,-7.12948511769299,149.504670709352));
#2938=CARTESIAN_POINT('Ctrl Pts',(-10.,-5.00000000000003,144.148265759879));
#2939=CARTESIAN_POINT('Ctrl Pts',(-10.,-5.66166076497874,145.958470024612));
#2940=CARTESIAN_POINT('Ctrl Pts',(-9.87533549746966,-6.34655459850261,147.763725109028));
#2941=CARTESIAN_POINT('Ctrl Pts',(-9.5636025470576,-7.04292236575189,149.541306627467));
#2942=CARTESIAN_POINT('',(-9.56360254705761,-7.04292236575189,149.541306627467));
#2943=CARTESIAN_POINT('Ctrl Pts',(-9.5636025470576,-7.04292236575189,149.541306627467));
#2944=CARTESIAN_POINT('Ctrl Pts',(-9.87533549746966,-6.34655459850261,147.763725109028));
#2945=CARTESIAN_POINT('Ctrl Pts',(-10.,-5.66166076497874,145.958470024612));
#2946=CARTESIAN_POINT('Ctrl Pts',(-10.,-5.00000000000003,144.148265759879));
#2947=CARTESIAN_POINT('Ctrl Pts',(-9.14180965849606,-7.17623706798998,148.995824257036));
#2948=CARTESIAN_POINT('Ctrl Pts',(-9.14272843064701,-7.17662973175332,148.996799905418));
#2949=CARTESIAN_POINT('Ctrl Pts',(-9.14364733046884,-7.17701928022553,148.997776691061));
#2950=CARTESIAN_POINT('Ctrl Pts',(-9.18175024493261,-7.19304079394095,149.03832141791));
#2951=CARTESIAN_POINT('Ctrl Pts',(-9.21923421452849,-7.20361384656674,149.07984832367));
#2952=CARTESIAN_POINT('Ctrl Pts',(-9.29181753922823,-7.21344550393127,149.163609996542));
#2953=CARTESIAN_POINT('Ctrl Pts',(-9.32716162548776,-7.21306214453871,149.206025026482));
#2954=CARTESIAN_POINT('Ctrl Pts',(-9.40780494059914,-7.19808692970894,149.307187733088));
#2955=CARTESIAN_POINT('Ctrl Pts',(-9.45216384263706,-7.1780844957258,149.366495896296));
#2956=CARTESIAN_POINT('Ctrl Pts',(-9.51945391250422,-7.1187819848401,149.465289450249));
#2957=CARTESIAN_POINT('Ctrl Pts',(-9.54477316300846,-7.08498457352188,149.505960041136));
#2958=CARTESIAN_POINT('Ctrl Pts',(-9.56360254705761,-7.04292236575189,149.541306627467));
#2959=CARTESIAN_POINT('Ctrl Pts',(-9.59457887292106,-7.19540699739875,148.987919039152));
#2960=CARTESIAN_POINT('Ctrl Pts',(-7.75815898321374,-7.11583843401813,149.020946430454));
#2961=CARTESIAN_POINT('Ctrl Pts',(-5.01006311889809,-7.03041666692753,149.053239505035));
#2962=CARTESIAN_POINT('Ctrl Pts',(1.34682823115763,-6.94993333580968,149.081210446537));
#2963=CARTESIAN_POINT('Ctrl Pts',(5.95454571526039,-7.03769131884351,149.053383805748));
#2964=CARTESIAN_POINT('Ctrl Pts',(9.59457887308015,-7.19540699740563,148.987919039149));
#2965=CARTESIAN_POINT('Ctrl Pts',(-9.59487435162258,-7.23812226774792,149.107256822283));
#2966=CARTESIAN_POINT('Ctrl Pts',(-7.75829344049001,-7.15913399763684,149.141788143412));
#2967=CARTESIAN_POINT('Ctrl Pts',(-5.01007147108407,-7.07430640510601,149.175676177625));
#2968=CARTESIAN_POINT('Ctrl Pts',(1.3468197256684,-6.99440410247889,149.20513311541));
#2969=CARTESIAN_POINT('Ctrl Pts',(5.95452202766975,-7.08155680911468,149.175702581661));
#2970=CARTESIAN_POINT('Ctrl Pts',(9.59487435178168,-7.23812226775475,149.10725682228));
#2971=CARTESIAN_POINT('Ctrl Pts',(-9.60020871643653,-7.22784326883114,149.379099317637));
#2972=CARTESIAN_POINT('Ctrl Pts',(-7.7625047783668,-7.147262424623,149.417491347209));
#2973=CARTESIAN_POINT('Ctrl Pts',(-5.01274864880072,-7.06071767849013,149.455492815594));
#2974=CARTESIAN_POINT('Ctrl Pts',(1.3475796126032,-6.97913140963907,149.48879441917));
#2975=CARTESIAN_POINT('Ctrl Pts',(5.9576304008621,-7.06812111245579,149.455197524489));
#2976=CARTESIAN_POINT('Ctrl Pts',(9.60020871659573,-7.2278432688381,149.379099317634));
#2977=CARTESIAN_POINT('Ctrl Pts',(-9.61204055737037,-7.03377490786481,149.569440943035));
#2978=CARTESIAN_POINT('Ctrl Pts',(-7.77221047493305,-6.9476205112661,149.607888194588));
#2979=CARTESIAN_POINT('Ctrl Pts',(-5.01909213338972,-6.85505273872939,149.64572527682));
#2980=CARTESIAN_POINT('Ctrl Pts',(1.34925770595021,-6.76778899412908,149.678750249549));
#2981=CARTESIAN_POINT('Ctrl Pts',(5.96524793544945,-6.86300521512719,149.645648607338));
#2982=CARTESIAN_POINT('Ctrl Pts',(9.61204055752974,-7.03377490787227,149.569440943032));
#2983=CARTESIAN_POINT('Ctrl Pts',(-9.61798028480623,-6.91683543612706,149.617980284801));
#2984=CARTESIAN_POINT('Ctrl Pts',(-7.7770813221972,-6.82821028829662,149.654766891373));
#2985=CARTESIAN_POINT('Ctrl Pts',(-5.02228278504175,-6.73306571844774,149.690735600459));
#2986=CARTESIAN_POINT('Ctrl Pts',(1.35011317806289,-6.64342168297501,149.72189022636));
#2987=CARTESIAN_POINT('Ctrl Pts',(5.96906899749272,-6.74116837952491,149.690896325643));
#2988=CARTESIAN_POINT('Ctrl Pts',(9.6179802849657,-6.91683543613475,149.617980284797));
#2989=CARTESIAN_POINT('',(9.61798028496558,-6.91683543611791,149.617980284751));
#2990=CARTESIAN_POINT('',(-9.61798028480623,-6.9168354361265,149.617980284799));
#2991=CARTESIAN_POINT('Ctrl Pts',(9.6179802849657,-6.91683543613475,149.617980284797));
#2992=CARTESIAN_POINT('Ctrl Pts',(5.96906899749272,-6.74116837952491,149.690896325643));
#2993=CARTESIAN_POINT('Ctrl Pts',(1.35011317806289,-6.64342168297501,149.72189022636));
#2994=CARTESIAN_POINT('Ctrl Pts',(-5.02228278504175,-6.73306571844774,149.690735600459));
#2995=CARTESIAN_POINT('Ctrl Pts',(-7.7770813221972,-6.82821028829662,149.654766891373));
#2996=CARTESIAN_POINT('Ctrl Pts',(-9.61798028480623,-6.91683543612706,149.617980284801));
#2997=CARTESIAN_POINT('Ctrl Pts',(-9.61798028480623,-6.91683543612706,149.617980284801));
#2998=CARTESIAN_POINT('Ctrl Pts',(-9.60808978010181,-6.94066333228738,149.608089780097));
#2999=CARTESIAN_POINT('Ctrl Pts',(-9.5983150818873,-6.96361908889633,149.596214387369));
#3000=CARTESIAN_POINT('Ctrl Pts',(-9.58880033633264,-6.98554919962392,149.582541023737));
#3001=CARTESIAN_POINT('Ctrl Pts',(-9.58015349158235,-7.00547892467318,149.570114895066));
#3002=CARTESIAN_POINT('Ctrl Pts',(-9.57172129904151,-7.0245618973727,149.556202665188));
#3003=CARTESIAN_POINT('Ctrl Pts',(-9.56361224101574,-7.04265881644686,149.540916142609));
#3004=CARTESIAN_POINT('Ctrl Pts',(9.56360547722794,-7.04265858761821,149.540916331087));
#3005=CARTESIAN_POINT('Ctrl Pts',(9.57256838497165,-7.0226666965724,149.557803587954));
#3006=CARTESIAN_POINT('Ctrl Pts',(9.58191907256474,-7.00147939467996,149.573007797168));
#3007=CARTESIAN_POINT('Ctrl Pts',(9.59151248243457,-6.97928612633482,149.586380175975));
#3008=CARTESIAN_POINT('Ctrl Pts',(9.60017269313397,-6.95925170868928,149.59845175632));
#3009=CARTESIAN_POINT('Ctrl Pts',(9.60903075063028,-6.93839637570063,149.609030750489));
#3010=CARTESIAN_POINT('Ctrl Pts',(9.61798028496569,-6.91683543613475,149.617980284797));
#3011=CARTESIAN_POINT('Origin',(10.,-10.,0.));
#3012=CARTESIAN_POINT('',(10.,-5.,0.));
#3013=CARTESIAN_POINT('',(10.,-5.,0.));
#3014=CARTESIAN_POINT('',(10.,0.,0.));
#3015=CARTESIAN_POINT('',(10.,10.,0.));
#3016=CARTESIAN_POINT('',(10.,0.,0.));
#3017=CARTESIAN_POINT('Origin',(5.,-5.,0.));
#3018=CARTESIAN_POINT('Origin',(5.,-5.,5.));
#3019=CARTESIAN_POINT('Origin',(-5.,-5.,5.));
#3020=CARTESIAN_POINT('',(-10.,-5.,0.));
#3021=CARTESIAN_POINT('Origin',(-5.,-5.,5.));
#3022=CARTESIAN_POINT('',(-5.,-5.,0.));
#3023=CARTESIAN_POINT('Origin',(-5.,-5.,0.));
#3024=CARTESIAN_POINT('',(-10.,-5.,0.));
#3025=CARTESIAN_POINT('Origin',(-10.,10.,0.));
#3026=CARTESIAN_POINT('',(-10.,0.,0.));
#3027=CARTESIAN_POINT('',(-10.,0.,0.));
#3028=CARTESIAN_POINT('',(-10.,-10.,0.));
#3029=CARTESIAN_POINT('Origin',(-10.,10.,0.));
#3030=CARTESIAN_POINT('',(-10.,-5.,150.));
#3031=CARTESIAN_POINT('',(-10.,-5.,0.));
#3032=CARTESIAN_POINT('',(-10.,0.,150.));
#3033=CARTESIAN_POINT('',(-10.,-10.,150.));
#3034=CARTESIAN_POINT('',(-10.,0.,0.));
#3035=CARTESIAN_POINT('Origin',(-5.,-5.,0.));
#3036=CARTESIAN_POINT('Origin',(-5.,-5.,145.));
#3037=CARTESIAN_POINT('Origin',(-5.,-5.,145.));
#3038=CARTESIAN_POINT('',(10.,-5.,150.));
#3039=CARTESIAN_POINT('Origin',(5.,-5.,145.));
#3040=CARTESIAN_POINT('',(-5.,-5.,150.));
#3041=CARTESIAN_POINT('Origin',(10.,-10.,0.));
#3042=CARTESIAN_POINT('',(10.,0.,150.));
#3043=CARTESIAN_POINT('',(10.,0.,0.));
#3044=CARTESIAN_POINT('',(10.,10.,150.));
#3045=CARTESIAN_POINT('',(10.,-5.,0.));
#3046=CARTESIAN_POINT('Origin',(5.,-5.,0.));
#3047=CARTESIAN_POINT('Origin',(0.,0.,0.));
#3048=CARTESIAN_POINT('',(5.,0.,0.));
#3049=CARTESIAN_POINT('Origin',(5.,0.,10.));
#3050=CARTESIAN_POINT('',(0.,10.,10.));
#3051=CARTESIAN_POINT('Origin',(0.,0.,10.));
#3052=CARTESIAN_POINT('Origin',(0.,0.,10.));
#3053=CARTESIAN_POINT('Origin',(0.,0.,0.));
#3054=CARTESIAN_POINT('',(0.,10.,140.));
#3055=CARTESIAN_POINT('Origin',(0.,0.,140.));
#3056=CARTESIAN_POINT('Origin',(0.,0.,140.));
#3057=CARTESIAN_POINT('Origin',(5.,0.,140.));
#3058=CARTESIAN_POINT('',(5.,0.,150.));
#3059=CARTESIAN_POINT('Origin',(0.,0.,150.));
#3060=UNCERTAINTY_MEASURE_WITH_UNIT(LENGTH_MEASURE(0.01),#3064,
'DISTANCE_ACCURACY_VALUE',
'Maximum model space distance between geometric entities at asserted c
onnectivities');
#3061=UNCERTAINTY_MEASURE_WITH_UNIT(LENGTH_MEASURE(0.01),#3064,
'DISTANCE_ACCURACY_VALUE',
'Maximum model space distance between geometric entities at asserted c
onnectivities');
#3062=(
GEOMETRIC_REPRESENTATION_CONTEXT(3)
GLOBAL_UNCERTAINTY_ASSIGNED_CONTEXT((#3060))
GLOBAL_UNIT_ASSIGNED_CONTEXT((#3064,#3066,#3067))
REPRESENTATION_CONTEXT('','3D')
);
#3063=(
GEOMETRIC_REPRESENTATION_CONTEXT(3)
GLOBAL_UNCERTAINTY_ASSIGNED_CONTEXT((#3061))
GLOBAL_UNIT_ASSIGNED_CONTEXT((#3064,#3066,#3067))
REPRESENTATION_CONTEXT('','3D')
);
#3064=(
LENGTH_UNIT()
NAMED_UNIT(*)
SI_UNIT(.MILLI.,.METRE.)
);
#3065=(
LENGTH_UNIT()
NAMED_UNIT(*)
SI_UNIT($,.METRE.)
);
#3066=(
NAMED_UNIT(*)
PLANE_ANGLE_UNIT()
SI_UNIT($,.RADIAN.)
);
#3067=(
NAMED_UNIT(*)
SI_UNIT($,.STERADIAN.)
SOLID_ANGLE_UNIT()
);
#3068=SHAPE_DEFINITION_REPRESENTATION(#3069,#3070);
#3069=PRODUCT_DEFINITION_SHAPE('',$,#3072);
#3070=SHAPE_REPRESENTATION('',(#948),#3062);
#3071=PRODUCT_DEFINITION_CONTEXT('part definition',#3076,'design');
#3072=PRODUCT_DEFINITION('(Unsaved)','(Unsaved)',#3073,#3071);
#3073=PRODUCT_DEFINITION_FORMATION('',$,#3078);
#3074=PRODUCT_RELATED_PRODUCT_CATEGORY('(Unsaved)','(Unsaved)',(#3078));
#3075=APPLICATION_PROTOCOL_DEFINITION('international standard',
'automotive_design',2009,#3076);
#3076=APPLICATION_CONTEXT(
'Core Data for Automotive Mechanical Design Process');
#3077=PRODUCT_CONTEXT('part definition',#3076,'mechanical');
#3078=PRODUCT('(Unsaved)','(Unsaved)',$,(#3077));
#3079=PRESENTATION_STYLE_ASSIGNMENT((#3080));
#3080=SURFACE_STYLE_USAGE(.BOTH.,#3081);
#3081=SURFACE_SIDE_STYLE('',(#3082));
#3082=SURFACE_STYLE_FILL_AREA(#3083);
#3083=FILL_AREA_STYLE('Steel - Satin',(#3084));
#3084=FILL_AREA_STYLE_COLOUR('Steel - Satin',#3085);
#3085=COLOUR_RGB('Steel - Satin',0.627450980392157,0.627450980392157,0.627450980392157);
ENDSEC;
END-ISO-10303-21;
