ISO-10303-21;
HEADER;
/* Generated by software containing ST-Developer
 * from STEP Tools, Inc. (www.steptools.com) 
 */

FILE_DESCRIPTION(
/* description */ (''),
/* implementation_level */ '2;1');

FILE_NAME(
/* name */ 'Hip joint 2.step',
/* time_stamp */ '2026-07-02T14:47:08+05:30',
/* author */ (''),
/* organization */ (''),
/* preprocessor_version */ 'ST-DEVELOPER v20.1',
/* originating_system */ 'Autodesk Translation Framework v15.8.0.0',
/* authorisation */ '');

FILE_SCHEMA (('AUTOMOTIVE_DESIGN { 1 0 10303 214 3 1 1 }'));
ENDSEC;

DATA;
#10=MECHANICAL_DESIGN_GEOMETRIC_PRESENTATION_REPRESENTATION('',(#16,#17),
#1857);
#11=SHAPE_REPRESENTATION_RELATIONSHIP('SRR','None',#1864,#12);
#12=ADVANCED_BREP_SHAPE_REPRESENTATION('',(#18,#19),#1856);
#13=(
BOUNDED_SURFACE()
B_SPLINE_SURFACE(2,1,((#1749,#1750),(#1751,#1752),(#1753,#1754)),
 .UNSPECIFIED.,.F.,.F.,.F.)
B_SPLINE_SURFACE_WITH_KNOTS((3,3),(2,2),(0.,35.2734596019445),(0.,4.),
 .UNSPECIFIED.)
GEOMETRIC_REPRESENTATION_ITEM()
RATIONAL_B_SPLINE_SURFACE(((1.,1.),(1.8040029946752,1.8040029946752),(1.,
1.)))
REPRESENTATION_ITEM('')
SURFACE()
);
#14=(
BOUNDED_SURFACE()
B_SPLINE_SURFACE(2,2,((#1767,#1768,#1769),(#1770,#1771,#1772),(#1773,#1774,
#1775)),.UNSPECIFIED.,.F.,.F.,.F.)
B_SPLINE_SURFACE_WITH_KNOTS((3,3),(3,3),(-3.14159265358979,-1.5707963267949),
(-3.14159265358979,-1.80182162437112),.UNSPECIFIED.)
GEOMETRIC_REPRESENTATION_ITEM()
RATIONAL_B_SPLINE_SURFACE(((1.,0.783892754567279,1.),(0.70710678118655,
0.554295882477526,0.70710678118655),(1.,0.783892754567279,1.)))
REPRESENTATION_ITEM('')
SURFACE()
);
#15=(
BOUNDED_SURFACE()
B_SPLINE_SURFACE(2,2,((#1841,#1842,#1843),(#1844,#1845,#1846),(#1847,#1848,
#1849)),.UNSPECIFIED.,.F.,.F.,.F.)
B_SPLINE_SURFACE_WITH_KNOTS((3,3),(3,3),(-3.14159265358979,-1.5707963267949),
(1.80182162437112,3.14159265358982),.UNSPECIFIED.)
GEOMETRIC_REPRESENTATION_ITEM()
RATIONAL_B_SPLINE_SURFACE(((1.,0.78389275456727,1.),(0.707106781186544,
0.554295882477516,0.707106781186544),(1.,0.78389275456727,1.)))
REPRESENTATION_ITEM('')
SURFACE()
);
#16=STYLED_ITEM('',(#1873),#18);
#17=STYLED_ITEM('',(#1873),#19);
#18=MANIFOLD_SOLID_BREP('Body1',#654);
#19=MANIFOLD_SOLID_BREP('Body2',#655);
#20=FACE_BOUND('',#133,.T.);
#21=SPHERICAL_SURFACE('',#696,39.);
#22=SPHERICAL_SURFACE('',#710,5.);
#23=SPHERICAL_SURFACE('',#714,5.);
#24=TOROIDAL_SURFACE('',#680,41.3642357598929,5.);
#25=TOROIDAL_SURFACE('',#693,41.3642357598929,5.);
#26=TOROIDAL_SURFACE('',#725,32.5,5.);
#27=TOROIDAL_SURFACE('',#733,32.5,5.);
#28=PLANE('',#672);
#29=PLANE('',#676);
#30=PLANE('',#682);
#31=PLANE('',#689);
#32=PLANE('',#695);
#33=PLANE('',#706);
#34=PLANE('',#717);
#35=PLANE('',#731);
#36=PLANE('',#732);
#37=PLANE('',#738);
#38=B_SPLINE_CURVE_WITH_KNOTS('',3,(#952,#953,#954,#955,#956,#957,#958,
#959,#960,#961),.UNSPECIFIED.,.F.,.F.,(4,2,2,2,4),(-0.00132037914567133,
0.,0.308805610455415,0.585676260262267,0.787254073627197),.UNSPECIFIED.);
#39=B_SPLINE_CURVE_WITH_KNOTS('',3,(#962,#963,#964,#965,#966),
 .UNSPECIFIED.,.F.,.F.,(4,1,4),(-7.53727943768503,-6.83440219993907,-6.3072442716296),
 .UNSPECIFIED.);
#40=B_SPLINE_CURVE_WITH_KNOTS('',3,(#967,#968,#969,#970),.UNSPECIFIED.,
 .F.,.F.,(4,4),(6.3072442716296,6.69702289874022),.UNSPECIFIED.);
#41=B_SPLINE_CURVE_WITH_KNOTS('',3,(#977,#978,#979,#980),.UNSPECIFIED.,
 .F.,.F.,(4,4),(1.52440634070709,1.9141849396058),.UNSPECIFIED.);
#42=B_SPLINE_CURVE_WITH_KNOTS('',3,(#1025,#1026,#1027,#1028,#1029),
 .UNSPECIFIED.,.F.,.F.,(4,1,4),(-1.91418493968648,-1.38702698613441,-0.684149714731639),
 .UNSPECIFIED.);
#43=B_SPLINE_CURVE_WITH_KNOTS('',3,(#1031,#1032,#1033,#1034,#1035,#1036,
#1037,#1038,#1039,#1040),.UNSPECIFIED.,.F.,.F.,(4,2,2,2,4),(0.,0.266782270408332,
0.633212382401153,1.04190746332782,1.04365494690084),.UNSPECIFIED.);
#44=B_SPLINE_CURVE_WITH_KNOTS('',3,(#1041,#1042,#1043,#1044),
 .UNSPECIFIED.,.F.,.F.,(4,4),(1.52440634082649,1.91418493968648),
 .UNSPECIFIED.);
#45=B_SPLINE_CURVE_WITH_KNOTS('',3,(#1053,#1054,#1055,#1056),
 .UNSPECIFIED.,.F.,.F.,(4,4),(6.30724427149557,6.69702289866943),
 .UNSPECIFIED.);
#46=B_SPLINE_CURVE_WITH_KNOTS('',3,(#1097,#1098,#1099,#1100,#1101,#1102,
#1103,#1104,#1105,#1106),.UNSPECIFIED.,.F.,.F.,(4,2,2,2,4),(-0.00132037914569377,
0.,0.308805610344132,0.585676260045025,0.78725407333383),.UNSPECIFIED.);
#47=B_SPLINE_CURVE_WITH_KNOTS('',3,(#1107,#1108,#1109,#1110,#1111),
 .UNSPECIFIED.,.F.,.F.,(4,1,4),(-7.5372794374186,-6.83440219974829,-6.30724427149557),
 .UNSPECIFIED.);
#48=B_SPLINE_CURVE_WITH_KNOTS('',3,(#1153,#1154,#1155,#1156,#1157),
 .UNSPECIFIED.,.F.,.F.,(4,1,4),(-1.9141849396058,-1.38702698608791,-0.684149714730729),
 .UNSPECIFIED.);
#49=B_SPLINE_CURVE_WITH_KNOTS('',3,(#1158,#1159,#1160,#1161,#1162,#1163,
#1164,#1165,#1166,#1167),.UNSPECIFIED.,.F.,.F.,(4,2,2,2,4),(0.,0.266782270408687,
0.633212382401091,1.04190747194585,1.04365495428551),.UNSPECIFIED.);
#50=B_SPLINE_CURVE_WITH_KNOTS('',3,(#1200,#1201,#1202,#1203),
 .UNSPECIFIED.,.F.,.F.,(4,4),(0.,3.),.UNSPECIFIED.);
#51=B_SPLINE_CURVE_WITH_KNOTS('',3,(#1236,#1237,#1238,#1239),
 .UNSPECIFIED.,.F.,.F.,(4,4),(-3.,0.),.UNSPECIFIED.);
#52=B_SPLINE_CURVE_WITH_KNOTS('',3,(#1381,#1382,#1383,#1384,#1385,#1386,
#1387,#1388,#1389,#1390,#1391,#1392,#1393,#1394,#1395,#1396,#1397,#1398,
#1399,#1400,#1401,#1402,#1403),.UNSPECIFIED.,.F.,.F.,(4,1,1,1,1,1,1,1,1,
1,1,1,1,1,1,1,1,1,1,1,4),(-33.9559478205219,-31.530522976199,-29.1050981318762,
-26.6796732875533,-24.2542484432305,-19.4033987545848,-14.5525490659391,
-9.70169937729336,-6.46779958486289,-4.85084968864765,-3.63813726648623,
-2.4254248443248,-1.81906863324409,-1.51589052770373,-1.21271242216338,
-0.909534316623021,-0.606356211082665,-0.454767158312487,-0.303178105542309,
-0.151589052772131,-1.95240212915511E-12),.UNSPECIFIED.);
#53=B_SPLINE_CURVE_WITH_KNOTS('',3,(#1406,#1407,#1408,#1409,#1410,#1411,
#1412,#1413,#1414,#1415,#1416,#1417,#1418,#1419,#1420,#1421,#1422,#1423,
#1424,#1425,#1426,#1427,#1428),.UNSPECIFIED.,.F.,.F.,(4,1,1,1,1,1,1,1,1,
1,1,1,1,1,1,1,1,1,1,1,4),(1.95240212915511E-12,0.151589052772131,0.303178105542309,
0.454767158312487,0.606356211082665,0.909534316623021,1.21271242216338,
1.51589052770373,1.81906863324409,2.4254248443248,3.63813726648623,4.85084968864765,
6.46779958486289,9.70169937729336,14.5525490659391,19.4033987545848,24.2542484432305,
26.6796732875533,29.1050981318762,31.530522976199,33.9559478205219),
 .UNSPECIFIED.);
#54=B_SPLINE_CURVE_WITH_KNOTS('',3,(#1438,#1439,#1440,#1441,#1442,#1443),
 .UNSPECIFIED.,.F.,.F.,(4,1,1,4),(0.,0.421788694017223,0.632683041025834,
1.03274709232284),.UNSPECIFIED.);
#55=B_SPLINE_CURVE_WITH_KNOTS('',3,(#1492,#1493,#1494,#1495,#1496,#1497,
#1498,#1499,#1500,#1501,#1502,#1503),.UNSPECIFIED.,.F.,.F.,(4,2,2,2,2,4),
(0.,0.366921193567711,0.60265088906256,0.814405541878092,0.913596442297617,
1.01136058888082),.UNSPECIFIED.);
#56=B_SPLINE_CURVE_WITH_KNOTS('',3,(#1505,#1506,#1507,#1508,#1509,#1510),
 .UNSPECIFIED.,.F.,.F.,(4,1,1,4),(0.44353169254615,0.632683041025833,1.05447173504306,
1.47626042906028),.UNSPECIFIED.);
#57=B_SPLINE_CURVE_WITH_KNOTS('',3,(#1513,#1514,#1515,#1516,#1517,#1518,
#1519),.UNSPECIFIED.,.F.,.F.,(4,1,1,1,4),(-1.47626042906028,-1.05447173504306,
-0.632683041025833,-0.421788694017222,1.16573417585624E-15),
 .UNSPECIFIED.);
#58=B_SPLINE_CURVE_WITH_KNOTS('',3,(#1664,#1665,#1666,#1667,#1668,#1669,
#1670,#1671,#1672,#1673,#1674,#1675,#1676,#1677,#1678,#1679,#1680,#1681,
#1682,#1683,#1684,#1685,#1686,#1687),.UNSPECIFIED.,.F.,.F.,(4,1,1,1,1,1,
1,1,1,1,1,1,1,1,1,1,1,1,1,1,1,4),(-33.9559478205219,-31.530522976199,-29.1050981318762,
-26.6796732875533,-24.2542484432305,-19.4033987545848,-14.5525490659391,
-11.3186492735086,-8.08474948107812,-6.46779958486289,-4.85084968864765,
-3.63813726648623,-2.4254248443248,-1.81906863324409,-1.51589052770373,
-1.21271242216338,-0.909534316623021,-0.606356211082665,-0.454767158312487,
-0.303178105542309,-0.15158905277213,-1.95223259778993E-12),
 .UNSPECIFIED.);
#59=B_SPLINE_CURVE_WITH_KNOTS('',3,(#1688,#1689,#1690,#1691,#1692,#1693,
#1694,#1695,#1696,#1697,#1698,#1699,#1700,#1701,#1702,#1703,#1704,#1705,
#1706,#1707,#1708,#1709,#1710,#1711),.UNSPECIFIED.,.F.,.F.,(4,1,1,1,1,1,
1,1,1,1,1,1,1,1,1,1,1,1,1,1,1,4),(1.95223259778993E-12,0.15158905277213,
0.303178105542309,0.454767158312487,0.606356211082665,0.909534316623021,
1.21271242216338,1.51589052770373,1.81906863324409,2.4254248443248,3.63813726648623,
4.85084968864765,6.46779958486289,8.08474948107812,11.3186492735086,14.5525490659391,
19.4033987545848,24.2542484432305,26.6796732875533,29.1050981318762,31.530522976199,
33.9559478205219),.UNSPECIFIED.);
#60=B_SPLINE_CURVE_WITH_KNOTS('',3,(#1736,#1737,#1738,#1739),
 .UNSPECIFIED.,.F.,.F.,(4,4),(-3.5,-0.5),.UNSPECIFIED.);
#61=B_SPLINE_CURVE_WITH_KNOTS('',3,(#1741,#1742,#1743,#1744,#1745,#1746,
#1747),.UNSPECIFIED.,.F.,.F.,(4,1,1,1,4),(-1.47626042906028,-1.05447173504306,
-0.632683041025834,-0.421788694017223,0.),.UNSPECIFIED.);
#62=B_SPLINE_CURVE_WITH_KNOTS('',3,(#1825,#1826,#1827,#1828,#1829,#1830,
#1831,#1832,#1833,#1834,#1835,#1836),.UNSPECIFIED.,.F.,.F.,(4,2,2,2,2,4),
(0.,0.1602138861152,0.3329082006619,0.539915081577392,0.740160210855289,
0.989362892729839),.UNSPECIFIED.);
#63=B_SPLINE_SURFACE_WITH_KNOTS('',3,3,((#920,#921,#922,#923,#924),(#925,
#926,#927,#928,#929),(#930,#931,#932,#933,#934),(#935,#936,#937,#938,#939),
(#940,#941,#942,#943,#944),(#945,#946,#947,#948,#949)),.UNSPECIFIED.,.F.,
 .F.,.F.,(4,1,1,4),(4,1,4),(0.,0.285714285714286,0.571428571428571,1.),
(6.3072442716296,6.83440219993907,7.53727943768503),.UNSPECIFIED.);
#64=B_SPLINE_SURFACE_WITH_KNOTS('',3,3,((#992,#993,#994,#995,#996),(#997,
#998,#999,#1000,#1001),(#1002,#1003,#1004,#1005,#1006),(#1007,#1008,#1009,
#1010,#1011),(#1012,#1013,#1014,#1015,#1016),(#1017,#1018,#1019,#1020,#1021)),
 .UNSPECIFIED.,.F.,.F.,.F.,(4,1,1,4),(4,1,4),(0.,0.285714285714286,0.571428571428571,
1.),(0.684149714731639,1.38702698613441,1.91418493968648),.UNSPECIFIED.);
#65=B_SPLINE_SURFACE_WITH_KNOTS('',3,3,((#1066,#1067,#1068,#1069,#1070),
(#1071,#1072,#1073,#1074,#1075),(#1076,#1077,#1078,#1079,#1080),(#1081,
#1082,#1083,#1084,#1085),(#1086,#1087,#1088,#1089,#1090),(#1091,#1092,#1093,
#1094,#1095)),.UNSPECIFIED.,.F.,.F.,.F.,(4,1,1,4),(4,1,4),(0.,0.285714285714286,
0.571428571428571,1.),(6.30724427149557,6.83440219974829,7.5372794374186),
 .UNSPECIFIED.);
#66=B_SPLINE_SURFACE_WITH_KNOTS('',3,3,((#1121,#1122,#1123,#1124,#1125),
(#1126,#1127,#1128,#1129,#1130),(#1131,#1132,#1133,#1134,#1135),(#1136,
#1137,#1138,#1139,#1140),(#1141,#1142,#1143,#1144,#1145),(#1146,#1147,#1148,
#1149,#1150)),.UNSPECIFIED.,.F.,.F.,.F.,(4,1,1,4),(4,1,4),(0.,0.285714285714286,
0.571428571428571,1.),(0.684149714730729,1.38702698608791,1.9141849396058),
 .UNSPECIFIED.);
#67=B_SPLINE_SURFACE_WITH_KNOTS('',3,3,((#1214,#1215,#1216,#1217),(#1218,
#1219,#1220,#1221),(#1222,#1223,#1224,#1225),(#1226,#1227,#1228,#1229),
(#1230,#1231,#1232,#1233)),.UNSPECIFIED.,.F.,.F.,.F.,(4,1,4),(4,4),(0.,
0.571428571428571,1.),(0.,3.),.UNSPECIFIED.);
#68=B_SPLINE_SURFACE_WITH_KNOTS('',3,3,((#1242,#1243,#1244,#1245,#1246,
#1247,#1248,#1249,#1250,#1251,#1252,#1253,#1254,#1255,#1256,#1257,#1258,
#1259,#1260,#1261,#1262,#1263,#1264),(#1265,#1266,#1267,#1268,#1269,#1270,
#1271,#1272,#1273,#1274,#1275,#1276,#1277,#1278,#1279,#1280,#1281,#1282,
#1283,#1284,#1285,#1286,#1287),(#1288,#1289,#1290,#1291,#1292,#1293,#1294,
#1295,#1296,#1297,#1298,#1299,#1300,#1301,#1302,#1303,#1304,#1305,#1306,
#1307,#1308,#1309,#1310),(#1311,#1312,#1313,#1314,#1315,#1316,#1317,#1318,
#1319,#1320,#1321,#1322,#1323,#1324,#1325,#1326,#1327,#1328,#1329,#1330,
#1331,#1332,#1333),(#1334,#1335,#1336,#1337,#1338,#1339,#1340,#1341,#1342,
#1343,#1344,#1345,#1346,#1347,#1348,#1349,#1350,#1351,#1352,#1353,#1354,
#1355,#1356),(#1357,#1358,#1359,#1360,#1361,#1362,#1363,#1364,#1365,#1366,
#1367,#1368,#1369,#1370,#1371,#1372,#1373,#1374,#1375,#1376,#1377,#1378,
#1379)),.UNSPECIFIED.,.F.,.F.,.F.,(4,1,1,4),(4,1,1,1,1,1,1,1,1,1,1,1,1,
1,1,1,1,1,1,1,4),(0.,0.285714285714286,0.571428571428571,1.),(1.95240212915511E-12,
0.151589052772131,0.303178105542309,0.454767158312487,0.606356211082665,
0.909534316623021,1.21271242216338,1.51589052770373,1.81906863324409,2.4254248443248,
3.63813726648623,4.85084968864765,6.46779958486289,9.70169937729336,14.5525490659391,
19.4033987545848,24.2542484432305,26.6796732875533,29.1050981318762,31.530522976199,
33.9559478205219),.UNSPECIFIED.);
#69=B_SPLINE_SURFACE_WITH_KNOTS('',3,3,((#1448,#1449,#1450,#1451,#1452,
#1453,#1454),(#1455,#1456,#1457,#1458,#1459,#1460,#1461),(#1462,#1463,#1464,
#1465,#1466,#1467,#1468),(#1469,#1470,#1471,#1472,#1473,#1474,#1475),(#1476,
#1477,#1478,#1479,#1480,#1481,#1482),(#1483,#1484,#1485,#1486,#1487,#1488,
#1489)),.UNSPECIFIED.,.F.,.F.,.F.,(4,1,1,4),(4,1,1,1,4),(0.,0.285714285714286,
0.571428571428571,1.),(-1.16573417585624E-15,0.421788694017222,0.632683041025833,
1.05447173504306,1.47626042906028),.UNSPECIFIED.);
#70=B_SPLINE_SURFACE_WITH_KNOTS('',3,3,((#1520,#1521,#1522,#1523,#1524,
#1525,#1526,#1527,#1528,#1529,#1530,#1531,#1532,#1533,#1534,#1535,#1536,
#1537,#1538,#1539,#1540,#1541,#1542,#1543),(#1544,#1545,#1546,#1547,#1548,
#1549,#1550,#1551,#1552,#1553,#1554,#1555,#1556,#1557,#1558,#1559,#1560,
#1561,#1562,#1563,#1564,#1565,#1566,#1567),(#1568,#1569,#1570,#1571,#1572,
#1573,#1574,#1575,#1576,#1577,#1578,#1579,#1580,#1581,#1582,#1583,#1584,
#1585,#1586,#1587,#1588,#1589,#1590,#1591),(#1592,#1593,#1594,#1595,#1596,
#1597,#1598,#1599,#1600,#1601,#1602,#1603,#1604,#1605,#1606,#1607,#1608,
#1609,#1610,#1611,#1612,#1613,#1614,#1615),(#1616,#1617,#1618,#1619,#1620,
#1621,#1622,#1623,#1624,#1625,#1626,#1627,#1628,#1629,#1630,#1631,#1632,
#1633,#1634,#1635,#1636,#1637,#1638,#1639),(#1640,#1641,#1642,#1643,#1644,
#1645,#1646,#1647,#1648,#1649,#1650,#1651,#1652,#1653,#1654,#1655,#1656,
#1657,#1658,#1659,#1660,#1661,#1662,#1663)),.UNSPECIFIED.,.F.,.F.,.F.,(4,
1,1,4),(4,1,1,1,1,1,1,1,1,1,1,1,1,1,1,1,1,1,1,1,1,4),(0.,0.285714285714286,
0.571428571428571,1.),(1.95223259778993E-12,0.15158905277213,0.303178105542309,
0.454767158312487,0.606356211082665,0.909534316623021,1.21271242216338,
1.51589052770373,1.81906863324409,2.4254248443248,3.63813726648623,4.85084968864765,
6.46779958486289,8.08474948107812,11.3186492735086,14.5525490659391,19.4033987545848,
24.2542484432305,26.6796732875533,29.1050981318762,31.530522976199,33.9559478205219),
 .UNSPECIFIED.);
#71=B_SPLINE_SURFACE_WITH_KNOTS('',3,3,((#1712,#1713,#1714,#1715),(#1716,
#1717,#1718,#1719),(#1720,#1721,#1722,#1723),(#1724,#1725,#1726,#1727),
(#1728,#1729,#1730,#1731),(#1732,#1733,#1734,#1735)),.UNSPECIFIED.,.F.,
 .F.,.F.,(4,1,1,4),(4,4),(0.,0.285714285714286,0.571428571428571,1.),(0.5,
3.5),.UNSPECIFIED.);
#72=B_SPLINE_SURFACE_WITH_KNOTS('',3,3,((#1783,#1784,#1785,#1786,#1787,
#1788,#1789),(#1790,#1791,#1792,#1793,#1794,#1795,#1796),(#1797,#1798,#1799,
#1800,#1801,#1802,#1803),(#1804,#1805,#1806,#1807,#1808,#1809,#1810),(#1811,
#1812,#1813,#1814,#1815,#1816,#1817),(#1818,#1819,#1820,#1821,#1822,#1823,
#1824)),.UNSPECIFIED.,.F.,.F.,.F.,(4,1,1,4),(4,1,1,1,4),(0.,0.285714285714286,
0.571428571428571,1.),(0.,0.421788694017223,0.632683041025834,1.05447173504306,
1.47626042906028),.UNSPECIFIED.);
#73=FACE_OUTER_BOUND('',#115,.T.);
#74=FACE_OUTER_BOUND('',#116,.T.);
#75=FACE_OUTER_BOUND('',#117,.T.);
#76=FACE_OUTER_BOUND('',#118,.T.);
#77=FACE_OUTER_BOUND('',#119,.T.);
#78=FACE_OUTER_BOUND('',#120,.T.);
#79=FACE_OUTER_BOUND('',#121,.T.);
#80=FACE_OUTER_BOUND('',#122,.T.);
#81=FACE_OUTER_BOUND('',#123,.T.);
#82=FACE_OUTER_BOUND('',#124,.T.);
#83=FACE_OUTER_BOUND('',#125,.T.);
#84=FACE_OUTER_BOUND('',#126,.T.);
#85=FACE_OUTER_BOUND('',#127,.T.);
#86=FACE_OUTER_BOUND('',#128,.T.);
#87=FACE_OUTER_BOUND('',#129,.T.);
#88=FACE_OUTER_BOUND('',#130,.T.);
#89=FACE_OUTER_BOUND('',#131,.T.);
#90=FACE_OUTER_BOUND('',#132,.T.);
#91=FACE_OUTER_BOUND('',#134,.T.);
#92=FACE_OUTER_BOUND('',#135,.T.);
#93=FACE_OUTER_BOUND('',#136,.T.);
#94=FACE_OUTER_BOUND('',#137,.T.);
#95=FACE_OUTER_BOUND('',#138,.T.);
#96=FACE_OUTER_BOUND('',#139,.T.);
#97=FACE_OUTER_BOUND('',#140,.T.);
#98=FACE_OUTER_BOUND('',#141,.T.);
#99=FACE_OUTER_BOUND('',#142,.T.);
#100=FACE_OUTER_BOUND('',#143,.T.);
#101=FACE_OUTER_BOUND('',#144,.T.);
#102=FACE_OUTER_BOUND('',#145,.T.);
#103=FACE_OUTER_BOUND('',#146,.T.);
#104=FACE_OUTER_BOUND('',#147,.T.);
#105=FACE_OUTER_BOUND('',#148,.T.);
#106=FACE_OUTER_BOUND('',#149,.T.);
#107=FACE_OUTER_BOUND('',#150,.T.);
#108=FACE_OUTER_BOUND('',#151,.T.);
#109=FACE_OUTER_BOUND('',#152,.T.);
#110=FACE_OUTER_BOUND('',#153,.T.);
#111=FACE_OUTER_BOUND('',#154,.T.);
#112=FACE_OUTER_BOUND('',#155,.T.);
#113=FACE_OUTER_BOUND('',#156,.T.);
#114=FACE_OUTER_BOUND('',#157,.T.);
#115=EDGE_LOOP('',(#410,#411,#412,#413));
#116=EDGE_LOOP('',(#414,#415,#416,#417));
#117=EDGE_LOOP('',(#418,#419,#420,#421,#422,#423));
#118=EDGE_LOOP('',(#424,#425,#426,#427));
#119=EDGE_LOOP('',(#428,#429,#430,#431));
#120=EDGE_LOOP('',(#432,#433,#434,#435));
#121=EDGE_LOOP('',(#436,#437,#438,#439));
#122=EDGE_LOOP('',(#440,#441,#442,#443));
#123=EDGE_LOOP('',(#444,#445,#446,#447,#448,#449));
#124=EDGE_LOOP('',(#450,#451,#452,#453));
#125=EDGE_LOOP('',(#454,#455,#456,#457));
#126=EDGE_LOOP('',(#458,#459,#460,#461));
#127=EDGE_LOOP('',(#462,#463,#464,#465));
#128=EDGE_LOOP('',(#466,#467,#468,#469));
#129=EDGE_LOOP('',(#470,#471,#472,#473));
#130=EDGE_LOOP('',(#474,#475,#476,#477));
#131=EDGE_LOOP('',(#478,#479,#480,#481));
#132=EDGE_LOOP('',(#482,#483));
#133=EDGE_LOOP('',(#484,#485,#486,#487,#488,#489,#490,#491));
#134=EDGE_LOOP('',(#492,#493,#494,#495,#496,#497));
#135=EDGE_LOOP('',(#498,#499,#500,#501,#502));
#136=EDGE_LOOP('',(#503,#504,#505,#506));
#137=EDGE_LOOP('',(#507,#508,#509,#510,#511));
#138=EDGE_LOOP('',(#512,#513,#514));
#139=EDGE_LOOP('',(#515,#516,#517,#518));
#140=EDGE_LOOP('',(#519,#520,#521));
#141=EDGE_LOOP('',(#522,#523,#524,#525));
#142=EDGE_LOOP('',(#526,#527,#528,#529,#530,#531,#532));
#143=EDGE_LOOP('',(#533,#534,#535,#536,#537));
#144=EDGE_LOOP('',(#538,#539,#540,#541));
#145=EDGE_LOOP('',(#542,#543,#544,#545));
#146=EDGE_LOOP('',(#546,#547,#548,#549));
#147=EDGE_LOOP('',(#550,#551,#552,#553));
#148=EDGE_LOOP('',(#554,#555,#556,#557,#558));
#149=EDGE_LOOP('',(#559,#560,#561,#562));
#150=EDGE_LOOP('',(#563,#564,#565));
#151=EDGE_LOOP('',(#566,#567,#568,#569,#570,#571,#572));
#152=EDGE_LOOP('',(#573,#574,#575,#576));
#153=EDGE_LOOP('',(#577,#578,#579,#580));
#154=EDGE_LOOP('',(#581,#582,#583,#584));
#155=EDGE_LOOP('',(#585,#586,#587));
#156=EDGE_LOOP('',(#588,#589,#590,#591));
#157=EDGE_LOOP('',(#592,#593,#594,#595,#596,#597,#598,#599));
#158=CIRCLE('',#671,5.);
#159=CIRCLE('',#673,37.6961536499415);
#160=CIRCLE('',#677,41.3642357598929);
#161=CIRCLE('',#678,5.);
#162=CIRCLE('',#681,36.6637544235414);
#163=CIRCLE('',#683,37.6961536499415);
#164=CIRCLE('',#686,5.);
#165=CIRCLE('',#690,41.3642357598929);
#166=CIRCLE('',#691,5.);
#167=CIRCLE('',#694,36.6637544235414);
#168=CIRCLE('',#697,39.);
#169=CIRCLE('',#704,4.99999999999999);
#170=CIRCLE('',#709,5.00000000000017);
#171=CIRCLE('',#711,5.00000000000001);
#172=CIRCLE('',#712,4.99999999999999);
#173=CIRCLE('',#713,5.00000000000001);
#174=CIRCLE('',#715,4.99999999999999);
#175=CIRCLE('',#716,5.);
#176=CIRCLE('',#718,32.5);
#177=CIRCLE('',#719,5.);
#178=CIRCLE('',#721,5.);
#179=CIRCLE('',#722,5.);
#180=CIRCLE('',#724,5.);
#181=CIRCLE('',#726,5.);
#182=CIRCLE('',#727,37.5);
#183=CIRCLE('',#728,32.5);
#184=CIRCLE('',#729,5.);
#185=CIRCLE('',#730,5.);
#186=CIRCLE('',#734,5.);
#187=CIRCLE('',#735,37.5);
#188=CIRCLE('',#736,5.);
#189=LINE('',#916,#218);
#190=LINE('',#919,#219);
#191=LINE('',#973,#220);
#192=LINE('',#975,#221);
#193=LINE('',#984,#222);
#194=LINE('',#987,#223);
#195=LINE('',#991,#224);
#196=LINE('',#1046,#225);
#197=LINE('',#1058,#226);
#198=LINE('',#1059,#227);
#199=LINE('',#1065,#228);
#200=LINE('',#1114,#229);
#201=LINE('',#1116,#230);
#202=LINE('',#1120,#231);
#203=LINE('',#1181,#232);
#204=LINE('',#1187,#233);
#205=LINE('',#1191,#234);
#206=LINE('',#1195,#235);
#207=LINE('',#1199,#236);
#208=LINE('',#1208,#237);
#209=LINE('',#1431,#238);
#210=LINE('',#1437,#239);
#211=LINE('',#1446,#240);
#212=LINE('',#1748,#241);
#213=LINE('',#1757,#242);
#214=LINE('',#1760,#243);
#215=LINE('',#1780,#244);
#216=LINE('',#1782,#245);
#217=LINE('',#1852,#246);
#218=VECTOR('',#745,10.);
#219=VECTOR('',#748,10.);
#220=VECTOR('',#751,10.);
#221=VECTOR('',#752,10.);
#222=VECTOR('',#757,10.);
#223=VECTOR('',#760,10.);
#224=VECTOR('',#765,10.);
#225=VECTOR('',#770,10.);
#226=VECTOR('',#779,10.);
#227=VECTOR('',#780,10.);
#228=VECTOR('',#787,10.);
#229=VECTOR('',#790,10.);
#230=VECTOR('',#793,10.);
#231=VECTOR('',#798,10.);
#232=VECTOR('',#817,10.);
#233=VECTOR('',#822,10.);
#234=VECTOR('',#827,5.);
#235=VECTOR('',#830,5.);
#236=VECTOR('',#835,5.);
#237=VECTOR('',#840,5.);
#238=VECTOR('',#859,10.);
#239=VECTOR('',#864,10.);
#240=VECTOR('',#867,10.);
#241=VECTOR('',#872,10.);
#242=VECTOR('',#875,10.);
#243=VECTOR('',#878,10.);
#244=VECTOR('',#893,10.);
#245=VECTOR('',#896,37.5);
#246=VECTOR('',#907,10.);
#247=ELLIPSE('',#670,7.07106781186548,5.);
#248=ELLIPSE('',#675,7.07106781186548,5.);
#249=ELLIPSE('',#685,7.07106781186548,5.);
#250=ELLIPSE('',#688,7.07106781186548,5.);
#251=ELLIPSE('',#699,7.07106781186547,5.);
#252=ELLIPSE('',#700,7.07106781186549,5.);
#253=ELLIPSE('',#701,7.07106781186547,5.);
#254=ELLIPSE('',#702,7.07106781186547,5.);
#255=ELLIPSE('',#705,7.07106781186549,5.);
#256=ELLIPSE('',#708,7.07106781186547,5.00000000000001);
#257=VERTEX_POINT('',#912);
#258=VERTEX_POINT('',#913);
#259=VERTEX_POINT('',#915);
#260=VERTEX_POINT('',#917);
#261=VERTEX_POINT('',#950);
#262=VERTEX_POINT('',#951);
#263=VERTEX_POINT('',#972);
#264=VERTEX_POINT('',#974);
#265=VERTEX_POINT('',#976);
#266=VERTEX_POINT('',#983);
#267=VERTEX_POINT('',#985);
#268=VERTEX_POINT('',#989);
#269=VERTEX_POINT('',#1022);
#270=VERTEX_POINT('',#1024);
#271=VERTEX_POINT('',#1030);
#272=VERTEX_POINT('',#1050);
#273=VERTEX_POINT('',#1052);
#274=VERTEX_POINT('',#1057);
#275=VERTEX_POINT('',#1061);
#276=VERTEX_POINT('',#1063);
#277=VERTEX_POINT('',#1096);
#278=VERTEX_POINT('',#1113);
#279=VERTEX_POINT('',#1118);
#280=VERTEX_POINT('',#1152);
#281=VERTEX_POINT('',#1173);
#282=VERTEX_POINT('',#1174);
#283=VERTEX_POINT('',#1177);
#284=VERTEX_POINT('',#1178);
#285=VERTEX_POINT('',#1180);
#286=VERTEX_POINT('',#1182);
#287=VERTEX_POINT('',#1184);
#288=VERTEX_POINT('',#1186);
#289=VERTEX_POINT('',#1190);
#290=VERTEX_POINT('',#1192);
#291=VERTEX_POINT('',#1194);
#292=VERTEX_POINT('',#1198);
#293=VERTEX_POINT('',#1205);
#294=VERTEX_POINT('',#1207);
#295=VERTEX_POINT('',#1211);
#296=VERTEX_POINT('',#1234);
#297=VERTEX_POINT('',#1380);
#298=VERTEX_POINT('',#1404);
#299=VERTEX_POINT('',#1430);
#300=VERTEX_POINT('',#1432);
#301=VERTEX_POINT('',#1434);
#302=VERTEX_POINT('',#1436);
#303=VERTEX_POINT('',#1445);
#304=VERTEX_POINT('',#1490);
#305=VERTEX_POINT('',#1491);
#306=VERTEX_POINT('',#1504);
#307=VERTEX_POINT('',#1511);
#308=VERTEX_POINT('',#1740);
#309=VERTEX_POINT('',#1756);
#310=VERTEX_POINT('',#1758);
#311=VERTEX_POINT('',#1762);
#312=VERTEX_POINT('',#1763);
#313=VERTEX_POINT('',#1776);
#314=VERTEX_POINT('',#1838);
#315=EDGE_CURVE('',#257,#258,#247,.T.);
#316=EDGE_CURVE('',#258,#259,#189,.T.);
#317=EDGE_CURVE('',#259,#260,#158,.T.);
#318=EDGE_CURVE('',#260,#257,#190,.T.);
#319=EDGE_CURVE('',#261,#262,#38,.F.);
#320=EDGE_CURVE('',#262,#260,#39,.T.);
#321=EDGE_CURVE('',#259,#261,#40,.T.);
#322=EDGE_CURVE('',#263,#258,#191,.T.);
#323=EDGE_CURVE('',#264,#263,#192,.T.);
#324=EDGE_CURVE('',#265,#264,#41,.T.);
#325=EDGE_CURVE('',#261,#265,#159,.T.);
#326=EDGE_CURVE('',#257,#266,#193,.T.);
#327=EDGE_CURVE('',#267,#266,#248,.T.);
#328=EDGE_CURVE('',#267,#258,#194,.T.);
#329=EDGE_CURVE('',#268,#260,#160,.T.);
#330=EDGE_CURVE('',#266,#268,#195,.T.);
#331=EDGE_CURVE('',#269,#268,#161,.T.);
#332=EDGE_CURVE('',#268,#270,#42,.T.);
#333=EDGE_CURVE('',#270,#271,#43,.F.);
#334=EDGE_CURVE('',#271,#269,#44,.T.);
#335=EDGE_CURVE('',#269,#267,#196,.T.);
#336=EDGE_CURVE('',#262,#270,#162,.T.);
#337=EDGE_CURVE('',#272,#271,#163,.T.);
#338=EDGE_CURVE('',#273,#272,#45,.T.);
#339=EDGE_CURVE('',#274,#273,#197,.T.);
#340=EDGE_CURVE('',#267,#274,#198,.T.);
#341=EDGE_CURVE('',#275,#274,#249,.T.);
#342=EDGE_CURVE('',#273,#276,#164,.T.);
#343=EDGE_CURVE('',#276,#275,#199,.T.);
#344=EDGE_CURVE('',#272,#277,#46,.F.);
#345=EDGE_CURVE('',#277,#276,#47,.T.);
#346=EDGE_CURVE('',#275,#278,#200,.T.);
#347=EDGE_CURVE('',#263,#278,#250,.T.);
#348=EDGE_CURVE('',#263,#274,#201,.T.);
#349=EDGE_CURVE('',#279,#276,#165,.T.);
#350=EDGE_CURVE('',#278,#279,#202,.T.);
#351=EDGE_CURVE('',#264,#279,#166,.T.);
#352=EDGE_CURVE('',#279,#280,#48,.T.);
#353=EDGE_CURVE('',#280,#265,#49,.F.);
#354=EDGE_CURVE('',#277,#280,#167,.T.);
#355=EDGE_CURVE('',#281,#282,#168,.T.);
#356=EDGE_CURVE('',#283,#284,#251,.T.);
#357=EDGE_CURVE('',#284,#285,#203,.T.);
#358=EDGE_CURVE('',#285,#286,#252,.T.);
#359=EDGE_CURVE('',#286,#287,#253,.T.);
#360=EDGE_CURVE('',#287,#288,#204,.T.);
#361=EDGE_CURVE('',#288,#283,#254,.T.);
#362=EDGE_CURVE('',#288,#289,#205,.T.);
#363=EDGE_CURVE('',#290,#289,#169,.T.);
#364=EDGE_CURVE('',#290,#291,#206,.T.);
#365=EDGE_CURVE('',#291,#283,#255,.T.);
#366=EDGE_CURVE('',#292,#287,#207,.T.);
#367=EDGE_CURVE('',#289,#292,#50,.T.);
#368=EDGE_CURVE('',#286,#293,#256,.T.);
#369=EDGE_CURVE('',#293,#294,#208,.T.);
#370=EDGE_CURVE('',#292,#294,#170,.T.);
#371=EDGE_CURVE('',#289,#295,#171,.T.);
#372=EDGE_CURVE('',#295,#290,#172,.T.);
#373=EDGE_CURVE('',#292,#296,#173,.T.);
#374=EDGE_CURVE('',#296,#295,#51,.T.);
#375=EDGE_CURVE('',#294,#296,#174,.T.);
#376=EDGE_CURVE('',#294,#297,#52,.T.);
#377=EDGE_CURVE('',#298,#297,#175,.T.);
#378=EDGE_CURVE('',#298,#296,#53,.T.);
#379=EDGE_CURVE('',#299,#293,#209,.T.);
#380=EDGE_CURVE('',#300,#299,#176,.T.);
#381=EDGE_CURVE('',#301,#300,#177,.T.);
#382=EDGE_CURVE('',#301,#302,#210,.T.);
#383=EDGE_CURVE('',#297,#302,#54,.T.);
#384=EDGE_CURVE('',#285,#303,#211,.T.);
#385=EDGE_CURVE('',#299,#303,#178,.T.);
#386=EDGE_CURVE('',#304,#305,#55,.F.);
#387=EDGE_CURVE('',#305,#306,#56,.T.);
#388=EDGE_CURVE('',#306,#307,#179,.T.);
#389=EDGE_CURVE('',#307,#304,#57,.T.);
#390=EDGE_CURVE('',#295,#307,#58,.T.);
#391=EDGE_CURVE('',#306,#290,#59,.T.);
#392=EDGE_CURVE('',#307,#298,#60,.T.);
#393=EDGE_CURVE('',#308,#298,#61,.T.);
#394=EDGE_CURVE('',#304,#308,#212,.T.);
#395=EDGE_CURVE('',#291,#309,#213,.T.);
#396=EDGE_CURVE('',#309,#310,#180,.T.);
#397=EDGE_CURVE('',#310,#284,#214,.T.);
#398=EDGE_CURVE('',#311,#312,#181,.T.);
#399=EDGE_CURVE('',#312,#310,#182,.T.);
#400=EDGE_CURVE('',#309,#311,#183,.T.);
#401=EDGE_CURVE('',#313,#312,#184,.T.);
#402=EDGE_CURVE('',#311,#313,#185,.T.);
#403=EDGE_CURVE('',#305,#313,#215,.T.);
#404=EDGE_CURVE('',#303,#310,#216,.T.);
#405=EDGE_CURVE('',#302,#308,#62,.F.);
#406=EDGE_CURVE('',#314,#300,#186,.T.);
#407=EDGE_CURVE('',#303,#314,#187,.T.);
#408=EDGE_CURVE('',#314,#301,#188,.T.);
#409=EDGE_CURVE('',#312,#314,#217,.T.);
#410=ORIENTED_EDGE('',*,*,#315,.T.);
#411=ORIENTED_EDGE('',*,*,#316,.T.);
#412=ORIENTED_EDGE('',*,*,#317,.T.);
#413=ORIENTED_EDGE('',*,*,#318,.T.);
#414=ORIENTED_EDGE('',*,*,#319,.T.);
#415=ORIENTED_EDGE('',*,*,#320,.T.);
#416=ORIENTED_EDGE('',*,*,#317,.F.);
#417=ORIENTED_EDGE('',*,*,#321,.T.);
#418=ORIENTED_EDGE('',*,*,#321,.F.);
#419=ORIENTED_EDGE('',*,*,#316,.F.);
#420=ORIENTED_EDGE('',*,*,#322,.F.);
#421=ORIENTED_EDGE('',*,*,#323,.F.);
#422=ORIENTED_EDGE('',*,*,#324,.F.);
#423=ORIENTED_EDGE('',*,*,#325,.F.);
#424=ORIENTED_EDGE('',*,*,#315,.F.);
#425=ORIENTED_EDGE('',*,*,#326,.T.);
#426=ORIENTED_EDGE('',*,*,#327,.F.);
#427=ORIENTED_EDGE('',*,*,#328,.T.);
#428=ORIENTED_EDGE('',*,*,#318,.F.);
#429=ORIENTED_EDGE('',*,*,#329,.F.);
#430=ORIENTED_EDGE('',*,*,#330,.F.);
#431=ORIENTED_EDGE('',*,*,#326,.F.);
#432=ORIENTED_EDGE('',*,*,#331,.T.);
#433=ORIENTED_EDGE('',*,*,#332,.T.);
#434=ORIENTED_EDGE('',*,*,#333,.T.);
#435=ORIENTED_EDGE('',*,*,#334,.T.);
#436=ORIENTED_EDGE('',*,*,#327,.T.);
#437=ORIENTED_EDGE('',*,*,#330,.T.);
#438=ORIENTED_EDGE('',*,*,#331,.F.);
#439=ORIENTED_EDGE('',*,*,#335,.T.);
#440=ORIENTED_EDGE('',*,*,#320,.F.);
#441=ORIENTED_EDGE('',*,*,#336,.T.);
#442=ORIENTED_EDGE('',*,*,#332,.F.);
#443=ORIENTED_EDGE('',*,*,#329,.T.);
#444=ORIENTED_EDGE('',*,*,#334,.F.);
#445=ORIENTED_EDGE('',*,*,#337,.F.);
#446=ORIENTED_EDGE('',*,*,#338,.F.);
#447=ORIENTED_EDGE('',*,*,#339,.F.);
#448=ORIENTED_EDGE('',*,*,#340,.F.);
#449=ORIENTED_EDGE('',*,*,#335,.F.);
#450=ORIENTED_EDGE('',*,*,#341,.T.);
#451=ORIENTED_EDGE('',*,*,#339,.T.);
#452=ORIENTED_EDGE('',*,*,#342,.T.);
#453=ORIENTED_EDGE('',*,*,#343,.T.);
#454=ORIENTED_EDGE('',*,*,#344,.T.);
#455=ORIENTED_EDGE('',*,*,#345,.T.);
#456=ORIENTED_EDGE('',*,*,#342,.F.);
#457=ORIENTED_EDGE('',*,*,#338,.T.);
#458=ORIENTED_EDGE('',*,*,#341,.F.);
#459=ORIENTED_EDGE('',*,*,#346,.T.);
#460=ORIENTED_EDGE('',*,*,#347,.F.);
#461=ORIENTED_EDGE('',*,*,#348,.T.);
#462=ORIENTED_EDGE('',*,*,#343,.F.);
#463=ORIENTED_EDGE('',*,*,#349,.F.);
#464=ORIENTED_EDGE('',*,*,#350,.F.);
#465=ORIENTED_EDGE('',*,*,#346,.F.);
#466=ORIENTED_EDGE('',*,*,#351,.T.);
#467=ORIENTED_EDGE('',*,*,#352,.T.);
#468=ORIENTED_EDGE('',*,*,#353,.T.);
#469=ORIENTED_EDGE('',*,*,#324,.T.);
#470=ORIENTED_EDGE('',*,*,#347,.T.);
#471=ORIENTED_EDGE('',*,*,#350,.T.);
#472=ORIENTED_EDGE('',*,*,#351,.F.);
#473=ORIENTED_EDGE('',*,*,#323,.T.);
#474=ORIENTED_EDGE('',*,*,#345,.F.);
#475=ORIENTED_EDGE('',*,*,#354,.T.);
#476=ORIENTED_EDGE('',*,*,#352,.F.);
#477=ORIENTED_EDGE('',*,*,#349,.T.);
#478=ORIENTED_EDGE('',*,*,#328,.F.);
#479=ORIENTED_EDGE('',*,*,#340,.T.);
#480=ORIENTED_EDGE('',*,*,#348,.F.);
#481=ORIENTED_EDGE('',*,*,#322,.T.);
#482=ORIENTED_EDGE('',*,*,#355,.T.);
#483=ORIENTED_EDGE('',*,*,#355,.F.);
#484=ORIENTED_EDGE('',*,*,#325,.T.);
#485=ORIENTED_EDGE('',*,*,#353,.F.);
#486=ORIENTED_EDGE('',*,*,#354,.F.);
#487=ORIENTED_EDGE('',*,*,#344,.F.);
#488=ORIENTED_EDGE('',*,*,#337,.T.);
#489=ORIENTED_EDGE('',*,*,#333,.F.);
#490=ORIENTED_EDGE('',*,*,#336,.F.);
#491=ORIENTED_EDGE('',*,*,#319,.F.);
#492=ORIENTED_EDGE('',*,*,#356,.T.);
#493=ORIENTED_EDGE('',*,*,#357,.T.);
#494=ORIENTED_EDGE('',*,*,#358,.T.);
#495=ORIENTED_EDGE('',*,*,#359,.T.);
#496=ORIENTED_EDGE('',*,*,#360,.T.);
#497=ORIENTED_EDGE('',*,*,#361,.T.);
#498=ORIENTED_EDGE('',*,*,#361,.F.);
#499=ORIENTED_EDGE('',*,*,#362,.T.);
#500=ORIENTED_EDGE('',*,*,#363,.F.);
#501=ORIENTED_EDGE('',*,*,#364,.T.);
#502=ORIENTED_EDGE('',*,*,#365,.T.);
#503=ORIENTED_EDGE('',*,*,#360,.F.);
#504=ORIENTED_EDGE('',*,*,#366,.F.);
#505=ORIENTED_EDGE('',*,*,#367,.F.);
#506=ORIENTED_EDGE('',*,*,#362,.F.);
#507=ORIENTED_EDGE('',*,*,#359,.F.);
#508=ORIENTED_EDGE('',*,*,#368,.T.);
#509=ORIENTED_EDGE('',*,*,#369,.T.);
#510=ORIENTED_EDGE('',*,*,#370,.F.);
#511=ORIENTED_EDGE('',*,*,#366,.T.);
#512=ORIENTED_EDGE('',*,*,#371,.T.);
#513=ORIENTED_EDGE('',*,*,#372,.T.);
#514=ORIENTED_EDGE('',*,*,#363,.T.);
#515=ORIENTED_EDGE('',*,*,#373,.T.);
#516=ORIENTED_EDGE('',*,*,#374,.T.);
#517=ORIENTED_EDGE('',*,*,#371,.F.);
#518=ORIENTED_EDGE('',*,*,#367,.T.);
#519=ORIENTED_EDGE('',*,*,#370,.T.);
#520=ORIENTED_EDGE('',*,*,#375,.T.);
#521=ORIENTED_EDGE('',*,*,#373,.F.);
#522=ORIENTED_EDGE('',*,*,#375,.F.);
#523=ORIENTED_EDGE('',*,*,#376,.T.);
#524=ORIENTED_EDGE('',*,*,#377,.F.);
#525=ORIENTED_EDGE('',*,*,#378,.T.);
#526=ORIENTED_EDGE('',*,*,#369,.F.);
#527=ORIENTED_EDGE('',*,*,#379,.F.);
#528=ORIENTED_EDGE('',*,*,#380,.F.);
#529=ORIENTED_EDGE('',*,*,#381,.F.);
#530=ORIENTED_EDGE('',*,*,#382,.T.);
#531=ORIENTED_EDGE('',*,*,#383,.F.);
#532=ORIENTED_EDGE('',*,*,#376,.F.);
#533=ORIENTED_EDGE('',*,*,#358,.F.);
#534=ORIENTED_EDGE('',*,*,#384,.T.);
#535=ORIENTED_EDGE('',*,*,#385,.F.);
#536=ORIENTED_EDGE('',*,*,#379,.T.);
#537=ORIENTED_EDGE('',*,*,#368,.F.);
#538=ORIENTED_EDGE('',*,*,#386,.T.);
#539=ORIENTED_EDGE('',*,*,#387,.T.);
#540=ORIENTED_EDGE('',*,*,#388,.T.);
#541=ORIENTED_EDGE('',*,*,#389,.T.);
#542=ORIENTED_EDGE('',*,*,#372,.F.);
#543=ORIENTED_EDGE('',*,*,#390,.T.);
#544=ORIENTED_EDGE('',*,*,#388,.F.);
#545=ORIENTED_EDGE('',*,*,#391,.T.);
#546=ORIENTED_EDGE('',*,*,#389,.F.);
#547=ORIENTED_EDGE('',*,*,#392,.T.);
#548=ORIENTED_EDGE('',*,*,#393,.F.);
#549=ORIENTED_EDGE('',*,*,#394,.F.);
#550=ORIENTED_EDGE('',*,*,#374,.F.);
#551=ORIENTED_EDGE('',*,*,#378,.F.);
#552=ORIENTED_EDGE('',*,*,#392,.F.);
#553=ORIENTED_EDGE('',*,*,#390,.F.);
#554=ORIENTED_EDGE('',*,*,#356,.F.);
#555=ORIENTED_EDGE('',*,*,#365,.F.);
#556=ORIENTED_EDGE('',*,*,#395,.T.);
#557=ORIENTED_EDGE('',*,*,#396,.T.);
#558=ORIENTED_EDGE('',*,*,#397,.T.);
#559=ORIENTED_EDGE('',*,*,#398,.T.);
#560=ORIENTED_EDGE('',*,*,#399,.T.);
#561=ORIENTED_EDGE('',*,*,#396,.F.);
#562=ORIENTED_EDGE('',*,*,#400,.T.);
#563=ORIENTED_EDGE('',*,*,#401,.T.);
#564=ORIENTED_EDGE('',*,*,#398,.F.);
#565=ORIENTED_EDGE('',*,*,#402,.T.);
#566=ORIENTED_EDGE('',*,*,#364,.F.);
#567=ORIENTED_EDGE('',*,*,#391,.F.);
#568=ORIENTED_EDGE('',*,*,#387,.F.);
#569=ORIENTED_EDGE('',*,*,#403,.T.);
#570=ORIENTED_EDGE('',*,*,#402,.F.);
#571=ORIENTED_EDGE('',*,*,#400,.F.);
#572=ORIENTED_EDGE('',*,*,#395,.F.);
#573=ORIENTED_EDGE('',*,*,#357,.F.);
#574=ORIENTED_EDGE('',*,*,#397,.F.);
#575=ORIENTED_EDGE('',*,*,#404,.F.);
#576=ORIENTED_EDGE('',*,*,#384,.F.);
#577=ORIENTED_EDGE('',*,*,#405,.T.);
#578=ORIENTED_EDGE('',*,*,#393,.T.);
#579=ORIENTED_EDGE('',*,*,#377,.T.);
#580=ORIENTED_EDGE('',*,*,#383,.T.);
#581=ORIENTED_EDGE('',*,*,#406,.T.);
#582=ORIENTED_EDGE('',*,*,#380,.T.);
#583=ORIENTED_EDGE('',*,*,#385,.T.);
#584=ORIENTED_EDGE('',*,*,#407,.T.);
#585=ORIENTED_EDGE('',*,*,#408,.T.);
#586=ORIENTED_EDGE('',*,*,#381,.T.);
#587=ORIENTED_EDGE('',*,*,#406,.F.);
#588=ORIENTED_EDGE('',*,*,#399,.F.);
#589=ORIENTED_EDGE('',*,*,#409,.T.);
#590=ORIENTED_EDGE('',*,*,#407,.F.);
#591=ORIENTED_EDGE('',*,*,#404,.T.);
#592=ORIENTED_EDGE('',*,*,#401,.F.);
#593=ORIENTED_EDGE('',*,*,#403,.F.);
#594=ORIENTED_EDGE('',*,*,#386,.F.);
#595=ORIENTED_EDGE('',*,*,#394,.T.);
#596=ORIENTED_EDGE('',*,*,#405,.F.);
#597=ORIENTED_EDGE('',*,*,#382,.F.);
#598=ORIENTED_EDGE('',*,*,#408,.F.);
#599=ORIENTED_EDGE('',*,*,#409,.F.);
#600=CYLINDRICAL_SURFACE('',#669,5.);
#601=CYLINDRICAL_SURFACE('',#674,5.);
#602=CYLINDRICAL_SURFACE('',#679,5.);
#603=CYLINDRICAL_SURFACE('',#684,5.);
#604=CYLINDRICAL_SURFACE('',#687,5.);
#605=CYLINDRICAL_SURFACE('',#692,5.);
#606=CYLINDRICAL_SURFACE('',#698,5.);
#607=CYLINDRICAL_SURFACE('',#703,5.);
#608=CYLINDRICAL_SURFACE('',#707,5.00000000000001);
#609=CYLINDRICAL_SURFACE('',#720,5.);
#610=CYLINDRICAL_SURFACE('',#723,5.);
#611=CYLINDRICAL_SURFACE('',#737,37.5);
#612=ADVANCED_FACE('',(#73),#600,.T.);
#613=ADVANCED_FACE('',(#74),#63,.F.);
#614=ADVANCED_FACE('',(#75),#28,.T.);
#615=ADVANCED_FACE('',(#76),#601,.T.);
#616=ADVANCED_FACE('',(#77),#29,.T.);
#617=ADVANCED_FACE('',(#78),#64,.F.);
#618=ADVANCED_FACE('',(#79),#602,.T.);
#619=ADVANCED_FACE('',(#80),#24,.F.);
#620=ADVANCED_FACE('',(#81),#30,.T.);
#621=ADVANCED_FACE('',(#82),#603,.T.);
#622=ADVANCED_FACE('',(#83),#65,.F.);
#623=ADVANCED_FACE('',(#84),#604,.T.);
#624=ADVANCED_FACE('',(#85),#31,.T.);
#625=ADVANCED_FACE('',(#86),#66,.F.);
#626=ADVANCED_FACE('',(#87),#605,.T.);
#627=ADVANCED_FACE('',(#88),#25,.F.);
#628=ADVANCED_FACE('',(#89),#32,.T.);
#629=ADVANCED_FACE('',(#90,#20),#21,.T.);
#630=ADVANCED_FACE('',(#91),#606,.T.);
#631=ADVANCED_FACE('',(#92),#607,.T.);
#632=ADVANCED_FACE('',(#93),#33,.T.);
#633=ADVANCED_FACE('',(#94),#608,.T.);
#634=ADVANCED_FACE('',(#95),#22,.T.);
#635=ADVANCED_FACE('',(#96),#67,.F.);
#636=ADVANCED_FACE('',(#97),#23,.T.);
#637=ADVANCED_FACE('',(#98),#68,.F.);
#638=ADVANCED_FACE('',(#99),#34,.T.);
#639=ADVANCED_FACE('',(#100),#609,.T.);
#640=ADVANCED_FACE('',(#101),#69,.F.);
#641=ADVANCED_FACE('',(#102),#70,.F.);
#642=ADVANCED_FACE('',(#103),#71,.F.);
#643=ADVANCED_FACE('',(#104),#13,.T.);
#644=ADVANCED_FACE('',(#105),#610,.T.);
#645=ADVANCED_FACE('',(#106),#26,.T.);
#646=ADVANCED_FACE('',(#107),#14,.T.);
#647=ADVANCED_FACE('',(#108),#35,.F.);
#648=ADVANCED_FACE('',(#109),#36,.T.);
#649=ADVANCED_FACE('',(#110),#72,.F.);
#650=ADVANCED_FACE('',(#111),#27,.T.);
#651=ADVANCED_FACE('',(#112),#15,.T.);
#652=ADVANCED_FACE('',(#113),#611,.T.);
#653=ADVANCED_FACE('',(#114),#37,.T.);
#654=CLOSED_SHELL('',(#612,#613,#614,#615,#616,#617,#618,#619,#620,#621,
#622,#623,#624,#625,#626,#627,#628,#629));
#655=CLOSED_SHELL('',(#630,#631,#632,#633,#634,#635,#636,#637,#638,#639,
#640,#641,#642,#643,#644,#645,#646,#647,#648,#649,#650,#651,#652,#653));
#656=DERIVED_UNIT_ELEMENT(#658,1.);
#657=DERIVED_UNIT_ELEMENT(#1859,-3.);
#658=(
MASS_UNIT()
NAMED_UNIT(*)
SI_UNIT(.KILO.,.GRAM.)
);
#659=DERIVED_UNIT((#656,#657));
#660=MEASURE_REPRESENTATION_ITEM('density measure',
POSITIVE_RATIO_MEASURE(7850.),#659);
#661=PROPERTY_DEFINITION_REPRESENTATION(#666,#663);
#662=PROPERTY_DEFINITION_REPRESENTATION(#667,#664);
#663=REPRESENTATION('material name',(#665),#1856);
#664=REPRESENTATION('density',(#660),#1856);
#665=DESCRIPTIVE_REPRESENTATION_ITEM('Steel','Steel');
#666=PROPERTY_DEFINITION('material property','material name',#1866);
#667=PROPERTY_DEFINITION('material property','density of part',#1866);
#668=AXIS2_PLACEMENT_3D('',#910,#739,#740);
#669=AXIS2_PLACEMENT_3D('',#911,#741,#742);
#670=AXIS2_PLACEMENT_3D('',#914,#743,#744);
#671=AXIS2_PLACEMENT_3D('',#918,#746,#747);
#672=AXIS2_PLACEMENT_3D('',#971,#749,#750);
#673=AXIS2_PLACEMENT_3D('',#981,#753,#754);
#674=AXIS2_PLACEMENT_3D('',#982,#755,#756);
#675=AXIS2_PLACEMENT_3D('',#986,#758,#759);
#676=AXIS2_PLACEMENT_3D('',#988,#761,#762);
#677=AXIS2_PLACEMENT_3D('',#990,#763,#764);
#678=AXIS2_PLACEMENT_3D('',#1023,#766,#767);
#679=AXIS2_PLACEMENT_3D('',#1045,#768,#769);
#680=AXIS2_PLACEMENT_3D('',#1047,#771,#772);
#681=AXIS2_PLACEMENT_3D('',#1048,#773,#774);
#682=AXIS2_PLACEMENT_3D('',#1049,#775,#776);
#683=AXIS2_PLACEMENT_3D('',#1051,#777,#778);
#684=AXIS2_PLACEMENT_3D('',#1060,#781,#782);
#685=AXIS2_PLACEMENT_3D('',#1062,#783,#784);
#686=AXIS2_PLACEMENT_3D('',#1064,#785,#786);
#687=AXIS2_PLACEMENT_3D('',#1112,#788,#789);
#688=AXIS2_PLACEMENT_3D('',#1115,#791,#792);
#689=AXIS2_PLACEMENT_3D('',#1117,#794,#795);
#690=AXIS2_PLACEMENT_3D('',#1119,#796,#797);
#691=AXIS2_PLACEMENT_3D('',#1151,#799,#800);
#692=AXIS2_PLACEMENT_3D('',#1168,#801,#802);
#693=AXIS2_PLACEMENT_3D('',#1169,#803,#804);
#694=AXIS2_PLACEMENT_3D('',#1170,#805,#806);
#695=AXIS2_PLACEMENT_3D('',#1171,#807,#808);
#696=AXIS2_PLACEMENT_3D('',#1172,#809,#810);
#697=AXIS2_PLACEMENT_3D('',#1175,#811,#812);
#698=AXIS2_PLACEMENT_3D('',#1176,#813,#814);
#699=AXIS2_PLACEMENT_3D('',#1179,#815,#816);
#700=AXIS2_PLACEMENT_3D('',#1183,#818,#819);
#701=AXIS2_PLACEMENT_3D('',#1185,#820,#821);
#702=AXIS2_PLACEMENT_3D('',#1188,#823,#824);
#703=AXIS2_PLACEMENT_3D('',#1189,#825,#826);
#704=AXIS2_PLACEMENT_3D('',#1193,#828,#829);
#705=AXIS2_PLACEMENT_3D('',#1196,#831,#832);
#706=AXIS2_PLACEMENT_3D('',#1197,#833,#834);
#707=AXIS2_PLACEMENT_3D('',#1204,#836,#837);
#708=AXIS2_PLACEMENT_3D('',#1206,#838,#839);
#709=AXIS2_PLACEMENT_3D('',#1209,#841,#842);
#710=AXIS2_PLACEMENT_3D('',#1210,#843,#844);
#711=AXIS2_PLACEMENT_3D('',#1212,#845,#846);
#712=AXIS2_PLACEMENT_3D('',#1213,#847,#848);
#713=AXIS2_PLACEMENT_3D('',#1235,#849,#850);
#714=AXIS2_PLACEMENT_3D('',#1240,#851,#852);
#715=AXIS2_PLACEMENT_3D('',#1241,#853,#854);
#716=AXIS2_PLACEMENT_3D('',#1405,#855,#856);
#717=AXIS2_PLACEMENT_3D('',#1429,#857,#858);
#718=AXIS2_PLACEMENT_3D('',#1433,#860,#861);
#719=AXIS2_PLACEMENT_3D('',#1435,#862,#863);
#720=AXIS2_PLACEMENT_3D('',#1444,#865,#866);
#721=AXIS2_PLACEMENT_3D('',#1447,#868,#869);
#722=AXIS2_PLACEMENT_3D('',#1512,#870,#871);
#723=AXIS2_PLACEMENT_3D('',#1755,#873,#874);
#724=AXIS2_PLACEMENT_3D('',#1759,#876,#877);
#725=AXIS2_PLACEMENT_3D('',#1761,#879,#880);
#726=AXIS2_PLACEMENT_3D('',#1764,#881,#882);
#727=AXIS2_PLACEMENT_3D('',#1765,#883,#884);
#728=AXIS2_PLACEMENT_3D('',#1766,#885,#886);
#729=AXIS2_PLACEMENT_3D('',#1777,#887,#888);
#730=AXIS2_PLACEMENT_3D('',#1778,#889,#890);
#731=AXIS2_PLACEMENT_3D('',#1779,#891,#892);
#732=AXIS2_PLACEMENT_3D('',#1781,#894,#895);
#733=AXIS2_PLACEMENT_3D('',#1837,#897,#898);
#734=AXIS2_PLACEMENT_3D('',#1839,#899,#900);
#735=AXIS2_PLACEMENT_3D('',#1840,#901,#902);
#736=AXIS2_PLACEMENT_3D('',#1850,#903,#904);
#737=AXIS2_PLACEMENT_3D('',#1851,#905,#906);
#738=AXIS2_PLACEMENT_3D('',#1853,#908,#909);
#739=DIRECTION('axis',(0.,0.,1.));
#740=DIRECTION('refdir',(1.,0.,0.));
#741=DIRECTION('center_axis',(1.,0.,0.));
#742=DIRECTION('ref_axis',(0.,-0.707106781186547,0.707106781186547));
#743=DIRECTION('center_axis',(-0.707106781186547,0.,0.707106781186548));
#744=DIRECTION('ref_axis',(0.707106781186548,0.,0.707106781186547));
#745=DIRECTION('',(-1.,0.,0.));
#746=DIRECTION('center_axis',(1.,0.,0.));
#747=DIRECTION('ref_axis',(0.,0.,1.));
#748=DIRECTION('',(1.,0.,0.));
#749=DIRECTION('center_axis',(0.,0.,1.));
#750=DIRECTION('ref_axis',(0.,-1.,0.));
#751=DIRECTION('',(0.,-1.,0.));
#752=DIRECTION('',(1.,0.,0.));
#753=DIRECTION('center_axis',(0.,0.,1.));
#754=DIRECTION('ref_axis',(0.,1.,0.));
#755=DIRECTION('center_axis',(0.,0.,-1.));
#756=DIRECTION('ref_axis',(0.707106781186547,-0.707106781186547,0.));
#757=DIRECTION('',(0.,0.,-1.));
#758=DIRECTION('center_axis',(-0.707106781186548,0.,-0.707106781186548));
#759=DIRECTION('ref_axis',(0.707106781186547,0.,-0.707106781186547));
#760=DIRECTION('',(0.,0.,1.));
#761=DIRECTION('center_axis',(0.,-1.,0.));
#762=DIRECTION('ref_axis',(0.,0.,-1.));
#763=DIRECTION('center_axis',(0.,-1.,0.));
#764=DIRECTION('ref_axis',(1.,0.,6.12323399573677E-17));
#765=DIRECTION('',(-1.,0.,0.));
#766=DIRECTION('center_axis',(-1.,-5.32907051820075E-15,0.));
#767=DIRECTION('ref_axis',(0.,0.,-1.));
#768=DIRECTION('center_axis',(1.,0.,0.));
#769=DIRECTION('ref_axis',(0.,-0.707106781186547,-0.707106781186547));
#770=DIRECTION('',(1.,0.,0.));
#771=DIRECTION('center_axis',(0.,-1.,0.));
#772=DIRECTION('ref_axis',(0.,0.,-1.));
#773=DIRECTION('center_axis',(0.,1.,0.));
#774=DIRECTION('ref_axis',(1.,0.,6.12323399573677E-17));
#775=DIRECTION('center_axis',(0.,0.,-1.));
#776=DIRECTION('ref_axis',(0.,1.,0.));
#777=DIRECTION('center_axis',(0.,0.,-1.));
#778=DIRECTION('ref_axis',(0.,-1.,0.));
#779=DIRECTION('',(-1.,0.,0.));
#780=DIRECTION('',(0.,1.,0.));
#781=DIRECTION('center_axis',(1.,0.,0.));
#782=DIRECTION('ref_axis',(0.,0.707106781186547,-0.707106781186547));
#783=DIRECTION('center_axis',(-0.707106781186547,0.,-0.707106781186548));
#784=DIRECTION('ref_axis',(0.707106781186548,0.,-0.707106781186547));
#785=DIRECTION('center_axis',(1.,0.,0.));
#786=DIRECTION('ref_axis',(0.,0.,-1.));
#787=DIRECTION('',(1.,0.,0.));
#788=DIRECTION('center_axis',(0.,0.,1.));
#789=DIRECTION('ref_axis',(0.707106781186547,0.707106781186547,0.));
#790=DIRECTION('',(0.,0.,1.));
#791=DIRECTION('center_axis',(-0.707106781186548,0.,0.707106781186548));
#792=DIRECTION('ref_axis',(0.707106781186547,0.,0.707106781186547));
#793=DIRECTION('',(0.,0.,-1.));
#794=DIRECTION('center_axis',(0.,1.,0.));
#795=DIRECTION('ref_axis',(0.,0.,1.));
#796=DIRECTION('center_axis',(0.,1.,0.));
#797=DIRECTION('ref_axis',(1.,0.,-6.12323399573677E-17));
#798=DIRECTION('',(-1.,0.,0.));
#799=DIRECTION('center_axis',(-1.,0.,0.));
#800=DIRECTION('ref_axis',(0.,0.,1.));
#801=DIRECTION('center_axis',(1.,0.,0.));
#802=DIRECTION('ref_axis',(0.,0.707106781186547,0.707106781186547));
#803=DIRECTION('center_axis',(0.,1.,0.));
#804=DIRECTION('ref_axis',(0.,0.,1.));
#805=DIRECTION('center_axis',(0.,-1.,0.));
#806=DIRECTION('ref_axis',(1.,0.,-6.12323399573677E-17));
#807=DIRECTION('center_axis',(1.,0.,0.));
#808=DIRECTION('ref_axis',(0.,0.,-1.));
#809=DIRECTION('center_axis',(6.12323399573677E-17,0.,1.));
#810=DIRECTION('ref_axis',(1.,0.,0.));
#811=DIRECTION('center_axis',(1.22464679914735E-16,-1.,0.));
#812=DIRECTION('ref_axis',(-1.,-1.22464679914735E-16,0.));
#813=DIRECTION('center_axis',(-1.,0.,0.));
#814=DIRECTION('ref_axis',(0.,0.98139265486002,-0.192011606385658));
#815=DIRECTION('center_axis',(0.707106781186548,0.394690524237183,-0.586702130622837));
#816=DIRECTION('ref_axis',(-0.707106781186547,0.394690524237184,-0.586702130622838));
#817=DIRECTION('',(1.,0.,0.));
#818=DIRECTION('center_axis',(-0.707106781186547,0.394690524237184,-0.586702130622838));
#819=DIRECTION('ref_axis',(0.707106781186548,0.394690524237183,-0.586702130622837));
#820=DIRECTION('center_axis',(-0.707106781186548,0.586702130622837,0.394690524237183));
#821=DIRECTION('ref_axis',(0.707106781186547,0.586702130622838,0.394690524237184));
#822=DIRECTION('',(-1.,0.,0.));
#823=DIRECTION('center_axis',(0.707106781186548,0.586702130622837,0.394690524237183));
#824=DIRECTION('ref_axis',(-0.707106781186547,0.586702130622838,0.394690524237184));
#825=DIRECTION('center_axis',(0.,-0.82972211020001,-0.558176692316369));
#826=DIRECTION('ref_axis',(-1.,0.,0.));
#827=DIRECTION('',(0.,-0.82972211020001,-0.558176692316369));
#828=DIRECTION('center_axis',(0.,-0.829722110200008,-0.558176692316372));
#829=DIRECTION('ref_axis',(-1.,0.,0.));
#830=DIRECTION('',(0.,0.82972211020001,0.558176692316369));
#831=DIRECTION('center_axis',(0.,-0.192011606385655,-0.981392654860021));
#832=DIRECTION('ref_axis',(0.,0.981392654860021,-0.192011606385655));
#833=DIRECTION('center_axis',(0.,0.558176692316369,-0.82972211020001));
#834=DIRECTION('ref_axis',(-1.,0.,0.));
#835=DIRECTION('',(0.,0.82972211020001,0.558176692316369));
#836=DIRECTION('center_axis',(0.,-0.82972211020001,-0.558176692316369));
#837=DIRECTION('ref_axis',(0.,0.558176692316372,-0.829722110200008));
#838=DIRECTION('center_axis',(0.,-0.192011606385659,-0.98139265486002));
#839=DIRECTION('ref_axis',(0.,0.98139265486002,-0.192011606385659));
#840=DIRECTION('',(0.,-0.82972211020001,-0.558176692316369));
#841=DIRECTION('center_axis',(0.,-0.82972211020001,-0.558176692316368));
#842=DIRECTION('ref_axis',(0.,0.558176692316368,-0.82972211020001));
#843=DIRECTION('center_axis',(0.0479954335338562,-0.996161186665638,0.0732074350104256));
#844=DIRECTION('ref_axis',(-0.546176782204239,-0.087537935667393,-0.83308344864132));
#845=DIRECTION('center_axis',(-1.,-1.49728543072255E-15,-1.00726474430426E-15));
#846=DIRECTION('ref_axis',(0.,0.558176692316372,-0.829722110200008));
#847=DIRECTION('center_axis',(0.,0.695577894826183,-0.71845068879442));
#848=DIRECTION('ref_axis',(-1.,0.,0.));
#849=DIRECTION('center_axis',(-1.,-2.99457086144509E-15,-2.01452948860853E-15));
#850=DIRECTION('ref_axis',(0.,0.558176692316372,-0.829722110200008));
#851=DIRECTION('center_axis',(-0.047995433533839,-0.99616118666564,0.0732074350104027));
#852=DIRECTION('ref_axis',(0.546176782204236,-0.087537935667359,-0.833083448641326));
#853=DIRECTION('center_axis',(0.,0.695577894826183,-0.71845068879442));
#854=DIRECTION('ref_axis',(0.,-0.718450688794421,-0.695577894826181));
#855=DIRECTION('center_axis',(0.,0.863331521885693,0.504637179881282));
#856=DIRECTION('ref_axis',(0.,-0.504637179881282,0.863331521885693));
#857=DIRECTION('center_axis',(1.,0.,0.));
#858=DIRECTION('ref_axis',(0.,1.,0.));
#859=DIRECTION('',(0.,0.558176692316369,-0.82972211020001));
#860=DIRECTION('center_axis',(-1.,0.,0.));
#861=DIRECTION('ref_axis',(0.,0.568611937460162,0.822605898701073));
#862=DIRECTION('center_axis',(1.,0.,0.));
#863=DIRECTION('ref_axis',(0.,0.228975701326153,0.973432138467904));
#864=DIRECTION('',(0.,-1.,0.));
#865=DIRECTION('center_axis',(0.,0.558176692316369,-0.82972211020001));
#866=DIRECTION('ref_axis',(0.707106781186545,0.586702130622841,0.394690524237183));
#867=DIRECTION('',(0.,-0.558176692316369,0.82972211020001));
#868=DIRECTION('center_axis',(0.,-0.558176692316369,0.82972211020001));
#869=DIRECTION('ref_axis',(1.,0.,0.));
#870=DIRECTION('center_axis',(2.04660434607638E-15,0.863331521885693,0.504637179881281));
#871=DIRECTION('ref_axis',(-1.,1.33226762955019E-15,1.77635683940025E-15));
#872=DIRECTION('',(1.,0.,0.));
#873=DIRECTION('center_axis',(0.,-0.558176692316369,0.82972211020001));
#874=DIRECTION('ref_axis',(-0.707106781186545,0.586702130622841,0.394690524237183));
#875=DIRECTION('',(0.,-0.558176692316369,0.82972211020001));
#876=DIRECTION('center_axis',(0.,0.558176692316371,-0.829722110200009));
#877=DIRECTION('ref_axis',(-1.,0.,0.));
#878=DIRECTION('',(0.,0.558176692316369,-0.82972211020001));
#879=DIRECTION('center_axis',(1.,0.,0.));
#880=DIRECTION('ref_axis',(0.,0.,-1.));
#881=DIRECTION('center_axis',(0.,0.973432138467904,-0.228975701326154));
#882=DIRECTION('ref_axis',(-1.,0.,0.));
#883=DIRECTION('center_axis',(-1.,0.,0.));
#884=DIRECTION('ref_axis',(0.,0.568611937460162,0.822605898701073));
#885=DIRECTION('center_axis',(1.,0.,0.));
#886=DIRECTION('ref_axis',(0.,0.568611937460162,0.822605898701073));
#887=DIRECTION('center_axis',(0.,0.,-1.));
#888=DIRECTION('ref_axis',(0.,-1.,0.));
#889=DIRECTION('center_axis',(-1.,0.,0.));
#890=DIRECTION('ref_axis',(0.,0.228975701326153,0.973432138467904));
#891=DIRECTION('center_axis',(1.,0.,0.));
#892=DIRECTION('ref_axis',(0.,1.,0.));
#893=DIRECTION('',(0.,1.,0.));
#894=DIRECTION('center_axis',(0.,0.82972211020001,0.558176692316369));
#895=DIRECTION('ref_axis',(1.,0.,0.));
#896=DIRECTION('',(-1.,0.,0.));
#897=DIRECTION('center_axis',(-1.,0.,0.));
#898=DIRECTION('ref_axis',(0.,0.,1.));
#899=DIRECTION('center_axis',(0.,0.973432138467904,-0.228975701326154));
#900=DIRECTION('ref_axis',(0.,0.228975701326154,0.973432138467904));
#901=DIRECTION('center_axis',(1.,0.,0.));
#902=DIRECTION('ref_axis',(0.,0.568611937460162,0.822605898701073));
#903=DIRECTION('center_axis',(0.,0.,-1.));
#904=DIRECTION('ref_axis',(0.,-1.,0.));
#905=DIRECTION('center_axis',(-1.,0.,0.));
#906=DIRECTION('ref_axis',(0.,0.228975701326154,0.973432138467904));
#907=DIRECTION('',(1.,0.,0.));
#908=DIRECTION('center_axis',(0.,0.,1.));
#909=DIRECTION('ref_axis',(0.,-1.,0.));
#910=CARTESIAN_POINT('',(0.,0.,0.));
#911=CARTESIAN_POINT('Origin',(0.,-5.,5.));
#912=CARTESIAN_POINT('',(95.,-10.,5.));
#913=CARTESIAN_POINT('',(100.,-5.,10.));
#914=CARTESIAN_POINT('Origin',(95.,-5.,5.));
#915=CARTESIAN_POINT('',(41.0609303352956,-5.,10.));
#916=CARTESIAN_POINT('',(0.,-5.,10.));
#917=CARTESIAN_POINT('',(41.0609303352956,-10.,5.));
#918=CARTESIAN_POINT('Origin',(41.0609303352956,-5.,5.));
#919=CARTESIAN_POINT('',(0.,-10.,5.));
#920=CARTESIAN_POINT('Ctrl Pts',(41.0609303352956,-5.,10.));
#921=CARTESIAN_POINT('Ctrl Pts',(39.3037372409307,-5.,10.));
#922=CARTESIAN_POINT('Ctrl Pts',(35.2006916545804,-6.08365701839148,10.));
#923=CARTESIAN_POINT('Ctrl Pts',(32.3772962383681,-9.3914958379638,10.));
#924=CARTESIAN_POINT('Ctrl Pts',(31.5697771042109,-11.5909090924932,10.));
#925=CARTESIAN_POINT('Ctrl Pts',(41.0609303352956,-5.74799825085471,10.));
#926=CARTESIAN_POINT('Ctrl Pts',(39.4333205948808,-5.73793737563671,9.99996486559146));
#927=CARTESIAN_POINT('Ctrl Pts',(35.6182285454523,-6.71463010407349,9.99997028647967));
#928=CARTESIAN_POINT('Ctrl Pts',(32.9656547470052,-9.77794343255479,10.0000225598559));
#929=CARTESIAN_POINT('Ctrl Pts',(32.2059681193245,-11.8244879420456,10.));
#930=CARTESIAN_POINT('Ctrl Pts',(41.0609303352956,-7.24096142934356,9.65773933863669));
#931=CARTESIAN_POINT('Ctrl Pts',(39.6920805424846,-7.21091351290545,9.66704984605978));
#932=CARTESIAN_POINT('Ctrl Pts',(36.4519163126411,-7.97446665195228,9.69133810076783));
#933=CARTESIAN_POINT('Ctrl Pts',(34.1406014899055,-10.5498041948862,9.71330505424169));
#934=CARTESIAN_POINT('Ctrl Pts',(33.4765282759357,-12.2909767364767,9.71980210403536));
#935=CARTESIAN_POINT('Ctrl Pts',(41.0609303352956,-9.34411057708013,7.98510845123069));
#936=CARTESIAN_POINT('Ctrl Pts',(40.0559195847338,-9.29946503160729,8.03698644879554));
#937=CARTESIAN_POINT('Ctrl Pts',(37.6436722874905,-9.79670705230703,8.17271817158357));
#938=CARTESIAN_POINT('Ctrl Pts',(35.8580374991554,-11.679701189131,8.29694535895126));
#939=CARTESIAN_POINT('Ctrl Pts',(35.3423042284164,-12.9760002438034,8.33388368919029));
#940=CARTESIAN_POINT('Ctrl Pts',(41.0609303352956,-10.,6.12199737628207));
#941=CARTESIAN_POINT('Ctrl Pts',(40.1705190402314,-9.97599602504585,6.21237909684908));
#942=CARTESIAN_POINT('Ctrl Pts',(38.0509645437894,-10.4561036646683,6.45067203097859));
#943=CARTESIAN_POINT('Ctrl Pts',(36.5144325917671,-12.1170845410396,6.67407669397835));
#944=CARTESIAN_POINT('Ctrl Pts',(36.072055131264,-13.2439298000177,6.7408146950827));
#945=CARTESIAN_POINT('Ctrl Pts',(41.0609303352956,-10.,5.));
#946=CARTESIAN_POINT('Ctrl Pts',(40.1694963166458,-10.,5.10542370431528));
#947=CARTESIAN_POINT('Ctrl Pts',(38.0818400497405,-10.5418285091957,5.38560011205259));
#948=CARTESIAN_POINT('Ctrl Pts',(36.6289369341248,-12.1957479189819,5.6545639945854));
#949=CARTESIAN_POINT('Ctrl Pts',(36.212391384609,-13.2954545462466,5.7352941177052));
#950=CARTESIAN_POINT('',(37.2566816280903,-5.73930954725785,10.));
#951=CARTESIAN_POINT('',(36.2123913843779,-13.2954545461557,5.73529411775001));
#952=CARTESIAN_POINT('Ctrl Pts',(36.2123913849088,-13.2954545454552,5.73529411764711));
#953=CARTESIAN_POINT('Ctrl Pts',(36.2129391024628,-13.2925543348355,5.73855906895551));
#954=CARTESIAN_POINT('Ctrl Pts',(36.2134863381093,-13.2896534686192,5.74182351650714));
#955=CARTESIAN_POINT('Ctrl Pts',(36.3419065863369,-12.6081527193481,6.50844653409782));
#956=CARTESIAN_POINT('Ctrl Pts',(36.4425967940571,-11.9027095569274,7.23282277134912));
#957=CARTESIAN_POINT('Ctrl Pts',(36.6375821752694,-10.398763407194,8.44974674116679));
#958=CARTESIAN_POINT('Ctrl Pts',(36.7488529466253,-9.45734989223023,9.08760406501481));
#959=CARTESIAN_POINT('Ctrl Pts',(37.0026875675826,-7.4869158491055,9.8257079223818));
#960=CARTESIAN_POINT('Ctrl Pts',(37.1212879705026,-6.61821638184911,10.));
#961=CARTESIAN_POINT('Ctrl Pts',(37.2566816278401,-5.73930954747685,10.));
#962=CARTESIAN_POINT('Ctrl Pts',(36.212391384609,-13.2954545462466,5.7352941177052));
#963=CARTESIAN_POINT('Ctrl Pts',(36.6289369341248,-12.1957479189819,5.6545639945854));
#964=CARTESIAN_POINT('Ctrl Pts',(38.0818400497405,-10.5418285091957,5.38560011205259));
#965=CARTESIAN_POINT('Ctrl Pts',(40.1694963166458,-10.,5.10542370431528));
#966=CARTESIAN_POINT('Ctrl Pts',(41.0609303352956,-10.,5.));
#967=CARTESIAN_POINT('Ctrl Pts',(41.0609303352956,-5.,10.));
#968=CARTESIAN_POINT('Ctrl Pts',(39.7616682449269,-5.,10.));
#969=CARTESIAN_POINT('Ctrl Pts',(38.4617200297014,-5.25390404561435,10.));
#970=CARTESIAN_POINT('Ctrl Pts',(37.2566030531191,-5.73911500370253,10.));
#971=CARTESIAN_POINT('Origin',(0.,10.,10.));
#972=CARTESIAN_POINT('',(100.,5.,10.));
#973=CARTESIAN_POINT('',(100.,-10.,10.));
#974=CARTESIAN_POINT('',(41.0609303352956,5.,10.));
#975=CARTESIAN_POINT('',(0.,5.,10.));
#976=CARTESIAN_POINT('',(37.2566816289996,5.73930954646194,10.));
#977=CARTESIAN_POINT('Ctrl Pts',(37.2566030964799,5.7391151080114,10.));
#978=CARTESIAN_POINT('Ctrl Pts',(38.4617200641954,5.25390417287637,10.));
#979=CARTESIAN_POINT('Ctrl Pts',(39.7616683389666,5.,10.));
#980=CARTESIAN_POINT('Ctrl Pts',(41.0609303352956,5.,10.));
#981=CARTESIAN_POINT('Origin',(0.,0.,10.));
#982=CARTESIAN_POINT('Origin',(95.,-5.,5.));
#983=CARTESIAN_POINT('',(95.,-10.,-5.));
#984=CARTESIAN_POINT('',(95.,-10.,5.));
#985=CARTESIAN_POINT('',(100.,-5.,-10.));
#986=CARTESIAN_POINT('Origin',(95.,-5.,-5.));
#987=CARTESIAN_POINT('',(100.,-5.,5.));
#988=CARTESIAN_POINT('Origin',(0.,-10.,10.));
#989=CARTESIAN_POINT('',(41.0609303352956,-10.,-5.));
#990=CARTESIAN_POINT('Origin',(0.,-10.,0.));
#991=CARTESIAN_POINT('',(0.,-10.,-5.));
#992=CARTESIAN_POINT('Ctrl Pts',(31.5697771047415,-11.590909091048,-10.));
#993=CARTESIAN_POINT('Ctrl Pts',(32.3772963727627,-9.39149547297196,-10.));
#994=CARTESIAN_POINT('Ctrl Pts',(35.2006907169982,-6.0836578231663,-10.));
#995=CARTESIAN_POINT('Ctrl Pts',(39.3037371567887,-5.,-10.));
#996=CARTESIAN_POINT('Ctrl Pts',(41.0609303352956,-5.,-10.));
#997=CARTESIAN_POINT('Ctrl Pts',(32.2059681198237,-11.8244879407007,-10.));
#998=CARTESIAN_POINT('Ctrl Pts',(32.9656548734382,-9.77794309293421,-10.0000225598596));
#999=CARTESIAN_POINT('Ctrl Pts',(35.6182276685929,-6.71463084687249,-9.99997028646216));
#1000=CARTESIAN_POINT('Ctrl Pts',(39.4333205169439,-5.73793737515496,-9.99996486558978));
#1001=CARTESIAN_POINT('Ctrl Pts',(41.0609303352956,-5.74799825085471,-10.));
#1002=CARTESIAN_POINT('Ctrl Pts',(33.4765282763718,-12.2909767353323,-9.71980210403089));
#1003=CARTESIAN_POINT('Ctrl Pts',(34.1406016004238,-10.5498039059472,-9.71330505316036));
#1004=CARTESIAN_POINT('Ctrl Pts',(36.451915557108,-7.97446727102715,-9.69133810727901));
#1005=CARTESIAN_POINT('Ctrl Pts',(39.6920804769384,-7.21091351146622,-9.66704984650537));
#1006=CARTESIAN_POINT('Ctrl Pts',(41.0609303352956,-7.24096142934315,-9.65773933863645));
#1007=CARTESIAN_POINT('Ctrl Pts',(35.3423042287547,-12.9760002429514,-8.33388368916569));
#1008=CARTESIAN_POINT('Ctrl Pts',(35.8580375849839,-11.6797009740229,-8.29694535280435));
#1009=CARTESIAN_POINT('Ctrl Pts',(37.6436717128023,-9.7967074995626,-8.17271820830101));
#1010=CARTESIAN_POINT('Ctrl Pts',(40.0559195366101,-9.29946502946846,-8.03698645127932));
#1011=CARTESIAN_POINT('Ctrl Pts',(41.0609303352956,-9.34411057707912,-7.98510845123033));
#1012=CARTESIAN_POINT('Ctrl Pts',(36.0720551315548,-13.2439297992767,-6.74081469503883));
#1013=CARTESIAN_POINT('Ctrl Pts',(36.5144326653891,-12.1170843540463,-6.6740766828732));
#1014=CARTESIAN_POINT('Ctrl Pts',(38.0509640454049,-10.456104062349,-6.45067209641531));
#1015=CARTESIAN_POINT('Ctrl Pts',(40.1705189975953,-9.97599602389644,-6.21237910117695));
#1016=CARTESIAN_POINT('Ctrl Pts',(41.0609303352956,-10.,-6.12199737628207));
#1017=CARTESIAN_POINT('Ctrl Pts',(36.2123913848828,-13.295454545524,-5.73529411765216));
#1018=CARTESIAN_POINT('Ctrl Pts',(36.6289370034494,-12.195747736486,-5.65456398115219));
#1019=CARTESIAN_POINT('Ctrl Pts',(38.0818395697103,-10.5418289115832,-5.38560019013105));
#1020=CARTESIAN_POINT('Ctrl Pts',(40.1694962739607,-10.,-5.10542370936343));
#1021=CARTESIAN_POINT('Ctrl Pts',(41.0609303352956,-10.,-5.));
#1022=CARTESIAN_POINT('',(41.0609303352956,-5.,-10.));
#1023=CARTESIAN_POINT('Origin',(41.0609303352956,-5.,-5.));
#1024=CARTESIAN_POINT('',(36.2123913848625,-13.295454545516,-5.73529411765608));
#1025=CARTESIAN_POINT('Ctrl Pts',(41.0609303352956,-10.,-5.));
#1026=CARTESIAN_POINT('Ctrl Pts',(40.1694962739607,-10.,-5.10542370936343));
#1027=CARTESIAN_POINT('Ctrl Pts',(38.0818395697103,-10.5418289115832,-5.38560019013105));
#1028=CARTESIAN_POINT('Ctrl Pts',(36.6289370034494,-12.195747736486,-5.65456398115219));
#1029=CARTESIAN_POINT('Ctrl Pts',(36.2123913848828,-13.295454545524,-5.73529411765216));
#1030=CARTESIAN_POINT('',(37.2566816289996,-5.73930954646194,-10.));
#1031=CARTESIAN_POINT('Ctrl Pts',(37.2566816278401,-5.73930954747685,-10.));
#1032=CARTESIAN_POINT('Ctrl Pts',(37.1212879706277,-6.6182163810366,-10.));
#1033=CARTESIAN_POINT('Ctrl Pts',(37.0026875677998,-7.48691584751282,-9.82570792270156));
#1034=CARTESIAN_POINT('Ctrl Pts',(36.7488529467029,-9.4573498914994,-9.08760406566881));
#1035=CARTESIAN_POINT('Ctrl Pts',(36.6375821752212,-10.3987634076271,-8.44974674094038));
#1036=CARTESIAN_POINT('Ctrl Pts',(36.4425967954485,-11.9027095461274,-7.23282277994957));
#1037=CARTESIAN_POINT('Ctrl Pts',(36.3419066206634,-12.6081525373897,-6.50844673852871));
#1038=CARTESIAN_POINT('Ctrl Pts',(36.2134863376958,-13.2896534708099,-5.74182351404724));
#1039=CARTESIAN_POINT('Ctrl Pts',(36.2129391028833,-13.2925543326089,-5.73855907146216));
#1040=CARTESIAN_POINT('Ctrl Pts',(36.2123913849088,-13.2954545454552,-5.73529411764711));
#1041=CARTESIAN_POINT('Ctrl Pts',(37.2566030965386,-5.73911510815659,-10.));
#1042=CARTESIAN_POINT('Ctrl Pts',(38.4617200642416,-5.25390417305414,-10.));
#1043=CARTESIAN_POINT('Ctrl Pts',(39.7616683390956,-5.,-10.));
#1044=CARTESIAN_POINT('Ctrl Pts',(41.0609303352956,-5.,-10.));
#1045=CARTESIAN_POINT('Origin',(0.,-5.,-5.));
#1046=CARTESIAN_POINT('',(0.,-5.,-10.));
#1047=CARTESIAN_POINT('Origin',(0.,-15.,0.));
#1048=CARTESIAN_POINT('Origin',(0.,-13.2954545454545,0.));
#1049=CARTESIAN_POINT('Origin',(0.,-10.,-10.));
#1050=CARTESIAN_POINT('',(37.2566816280903,5.73930954725786,-10.));
#1051=CARTESIAN_POINT('Origin',(0.,0.,-10.));
#1052=CARTESIAN_POINT('',(41.0609303352956,5.,-10.));
#1053=CARTESIAN_POINT('Ctrl Pts',(41.0609303352956,5.,-10.));
#1054=CARTESIAN_POINT('Ctrl Pts',(39.7616682447161,5.,-10.));
#1055=CARTESIAN_POINT('Ctrl Pts',(38.4617200296262,5.25390404532218,-10.));
#1056=CARTESIAN_POINT('Ctrl Pts',(37.2566030530229,5.73911500346421,-10.));
#1057=CARTESIAN_POINT('',(100.,5.,-10.));
#1058=CARTESIAN_POINT('',(0.,5.,-10.));
#1059=CARTESIAN_POINT('',(100.,10.,-10.));
#1060=CARTESIAN_POINT('Origin',(0.,5.,-5.));
#1061=CARTESIAN_POINT('',(95.,10.,-5.));
#1062=CARTESIAN_POINT('Origin',(95.,5.,-5.));
#1063=CARTESIAN_POINT('',(41.0609303352956,10.,-5.));
#1064=CARTESIAN_POINT('Origin',(41.0609303352956,5.,-5.));
#1065=CARTESIAN_POINT('',(0.,10.,-5.));
#1066=CARTESIAN_POINT('Ctrl Pts',(41.0609303352956,5.,-10.));
#1067=CARTESIAN_POINT('Ctrl Pts',(39.3037372411199,5.,-10.));
#1068=CARTESIAN_POINT('Ctrl Pts',(35.2006916566909,6.08365701655957,-10.));
#1069=CARTESIAN_POINT('Ctrl Pts',(32.3772962380363,9.39149583886749,-10.));
#1070=CARTESIAN_POINT('Ctrl Pts',(31.5697771042109,11.5909090924932,-10.));
#1071=CARTESIAN_POINT('Ctrl Pts',(41.0609303352956,5.74799825085471,-10.));
#1072=CARTESIAN_POINT('Ctrl Pts',(39.4333205950561,5.73793737563779,-9.99996486559146));
#1073=CARTESIAN_POINT('Ctrl Pts',(35.6182285474262,6.71463010238244,-9.99997028647971));
#1074=CARTESIAN_POINT('Ctrl Pts',(32.965654746693,9.77794343339568,-10.0000225598558));
#1075=CARTESIAN_POINT('Ctrl Pts',(32.2059681193245,11.8244879420455,-10.));
#1076=CARTESIAN_POINT('Ctrl Pts',(41.0609303352956,7.24096142934356,-9.65773933863669));
#1077=CARTESIAN_POINT('Ctrl Pts',(39.692080542632,7.21091351290868,-9.66704984605878));
#1078=CARTESIAN_POINT('Ctrl Pts',(36.4519163143419,7.97446665054243,-9.69133810075317));
#1079=CARTESIAN_POINT('Ctrl Pts',(34.1406014896327,10.5498041956016,-9.71330505424436));
#1080=CARTESIAN_POINT('Ctrl Pts',(33.4765282759357,12.2909767364767,-9.71980210403536));
#1081=CARTESIAN_POINT('Ctrl Pts',(41.0609303352956,9.34411057708014,-7.98510845123069));
#1082=CARTESIAN_POINT('Ctrl Pts',(40.0559195848422,9.2994650316121,-8.03698644878996));
#1083=CARTESIAN_POINT('Ctrl Pts',(37.6436722887843,9.79670705128797,-8.17271817150085));
#1084=CARTESIAN_POINT('Ctrl Pts',(35.8580374989435,11.6797011896636,-8.29694535896645));
#1085=CARTESIAN_POINT('Ctrl Pts',(35.3423042284164,12.9760002438034,-8.33388368919029));
#1086=CARTESIAN_POINT('Ctrl Pts',(41.0609303352956,10.,-6.12199737628207));
#1087=CARTESIAN_POINT('Ctrl Pts',(40.1705190403275,9.97599602504843,-6.21237909683935));
#1088=CARTESIAN_POINT('Ctrl Pts',(38.0509645449113,10.4561036637625,-6.45067203083115));
#1089=CARTESIAN_POINT('Ctrl Pts',(36.5144325915854,12.1170845415025,-6.67407669400577));
#1090=CARTESIAN_POINT('Ctrl Pts',(36.0720551312641,13.2439298000177,-6.7408146950827));
#1091=CARTESIAN_POINT('Ctrl Pts',(41.0609303352956,10.,-5.));
#1092=CARTESIAN_POINT('Ctrl Pts',(40.169496316742,10.,-5.10542370430393));
#1093=CARTESIAN_POINT('Ctrl Pts',(38.081840050821,10.5418285082798,-5.38560011187665));
#1094=CARTESIAN_POINT('Ctrl Pts',(36.6289369339536,12.1957479194337,-5.65456399461858));
#1095=CARTESIAN_POINT('Ctrl Pts',(36.212391384609,13.2954545462466,-5.7352941177052));
#1096=CARTESIAN_POINT('',(36.2123913843779,13.2954545461557,-5.73529411775001));
#1097=CARTESIAN_POINT('Ctrl Pts',(36.2123913849088,13.2954545454552,-5.7352941176471));
#1098=CARTESIAN_POINT('Ctrl Pts',(36.2129391024628,13.2925543348355,-5.73855906895556));
#1099=CARTESIAN_POINT('Ctrl Pts',(36.2134863381089,13.2896534686213,-5.74182351650481));
#1100=CARTESIAN_POINT('Ctrl Pts',(36.3419065862904,12.608152719595,-6.50844653382069));
#1101=CARTESIAN_POINT('Ctrl Pts',(36.4425967940552,11.9027095569425,-7.23282277133706));
#1102=CARTESIAN_POINT('Ctrl Pts',(36.6375821752695,10.3987634071933,-8.44974674116716));
#1103=CARTESIAN_POINT('Ctrl Pts',(36.7488529466251,9.45734989223203,-9.08760406501324));
#1104=CARTESIAN_POINT('Ctrl Pts',(37.0026875675821,7.48691584910924,-9.82570792238105));
#1105=CARTESIAN_POINT('Ctrl Pts',(37.1212879705023,6.61821638185102,-10.));
#1106=CARTESIAN_POINT('Ctrl Pts',(37.2566816278401,5.73930954747685,-10.));
#1107=CARTESIAN_POINT('Ctrl Pts',(36.212391384609,13.2954545462466,-5.7352941177052));
#1108=CARTESIAN_POINT('Ctrl Pts',(36.6289369339536,12.1957479194337,-5.65456399461858));
#1109=CARTESIAN_POINT('Ctrl Pts',(38.081840050821,10.5418285082798,-5.38560011187665));
#1110=CARTESIAN_POINT('Ctrl Pts',(40.169496316742,10.,-5.10542370430393));
#1111=CARTESIAN_POINT('Ctrl Pts',(41.0609303352956,10.,-5.));
#1112=CARTESIAN_POINT('Origin',(95.,5.,-5.));
#1113=CARTESIAN_POINT('',(95.,10.,5.));
#1114=CARTESIAN_POINT('',(95.,10.,-5.));
#1115=CARTESIAN_POINT('Origin',(95.,5.,5.));
#1116=CARTESIAN_POINT('',(100.,5.,-5.));
#1117=CARTESIAN_POINT('Origin',(0.,10.,-10.));
#1118=CARTESIAN_POINT('',(41.0609303352956,10.,5.));
#1119=CARTESIAN_POINT('Origin',(0.,10.,0.));
#1120=CARTESIAN_POINT('',(0.,10.,5.));
#1121=CARTESIAN_POINT('Ctrl Pts',(31.5697771047415,11.5909090910479,10.));
#1122=CARTESIAN_POINT('Ctrl Pts',(32.3772963725617,9.39149547351939,10.));
#1123=CARTESIAN_POINT('Ctrl Pts',(35.2006907182831,6.0836578220518,10.));
#1124=CARTESIAN_POINT('Ctrl Pts',(39.3037371569027,5.,10.));
#1125=CARTESIAN_POINT('Ctrl Pts',(41.0609303352956,5.,10.));
#1126=CARTESIAN_POINT('Ctrl Pts',(32.2059681198237,11.8244879407007,10.));
#1127=CARTESIAN_POINT('Ctrl Pts',(32.9656548732491,9.77794309344357,10.0000225598596));
#1128=CARTESIAN_POINT('Ctrl Pts',(35.6182276697947,6.71463084584369,9.99997028646218));
#1129=CARTESIAN_POINT('Ctrl Pts',(39.4333205170495,5.73793737515561,9.99996486558978));
#1130=CARTESIAN_POINT('Ctrl Pts',(41.0609303352956,5.74799825085471,10.));
#1131=CARTESIAN_POINT('Ctrl Pts',(33.4765282763718,12.2909767353323,9.71980210403089));
#1132=CARTESIAN_POINT('Ctrl Pts',(34.1406016002585,10.5498039063806,9.71330505316197));
#1133=CARTESIAN_POINT('Ctrl Pts',(36.4519155581435,7.97446727016944,9.69133810727008));
#1134=CARTESIAN_POINT('Ctrl Pts',(39.6920804770272,7.21091351146817,9.66704984650477));
#1135=CARTESIAN_POINT('Ctrl Pts',(41.0609303352956,7.24096142934315,9.65773933863645));
#1136=CARTESIAN_POINT('Ctrl Pts',(35.3423042287546,12.9760002429514,8.33388368916569));
#1137=CARTESIAN_POINT('Ctrl Pts',(35.8580375848555,11.6797009743455,8.29694535281354));
#1138=CARTESIAN_POINT('Ctrl Pts',(37.6436717135901,9.79670749894267,8.17271820825065));
#1139=CARTESIAN_POINT('Ctrl Pts',(40.0559195366754,9.29946502947135,8.03698645127595));
#1140=CARTESIAN_POINT('Ctrl Pts',(41.0609303352956,9.34411057707912,7.98510845123033));
#1141=CARTESIAN_POINT('Ctrl Pts',(36.0720551315548,13.2439297992767,6.74081469503883));
#1142=CARTESIAN_POINT('Ctrl Pts',(36.5144326652791,12.1170843543267,6.67407668288981));
#1143=CARTESIAN_POINT('Ctrl Pts',(38.0509640460881,10.456104061798,6.45067209632555));
#1144=CARTESIAN_POINT('Ctrl Pts',(40.1705189976532,9.97599602389799,6.21237910117108));
#1145=CARTESIAN_POINT('Ctrl Pts',(41.0609303352956,10.,6.12199737628207));
#1146=CARTESIAN_POINT('Ctrl Pts',(36.2123913848828,13.295454545524,5.73529411765216));
#1147=CARTESIAN_POINT('Ctrl Pts',(36.6289370033457,12.1957477367597,5.65456398117229));
#1148=CARTESIAN_POINT('Ctrl Pts',(38.0818395703682,10.5418289110259,5.38560019002394));
#1149=CARTESIAN_POINT('Ctrl Pts',(40.1694962740187,10.,5.10542370935659));
#1150=CARTESIAN_POINT('Ctrl Pts',(41.0609303352956,10.,5.));
#1151=CARTESIAN_POINT('Origin',(41.0609303352956,5.,5.));
#1152=CARTESIAN_POINT('',(36.2123913848625,13.295454545516,5.73529411765608));
#1153=CARTESIAN_POINT('Ctrl Pts',(41.0609303352956,10.,5.));
#1154=CARTESIAN_POINT('Ctrl Pts',(40.1694962740187,10.,5.10542370935659));
#1155=CARTESIAN_POINT('Ctrl Pts',(38.0818395703682,10.5418289110259,5.38560019002394));
#1156=CARTESIAN_POINT('Ctrl Pts',(36.6289370033457,12.1957477367597,5.65456398117229));
#1157=CARTESIAN_POINT('Ctrl Pts',(36.2123913848828,13.295454545524,5.73529411765216));
#1158=CARTESIAN_POINT('Ctrl Pts',(37.2566816278402,5.73930954747685,10.));
#1159=CARTESIAN_POINT('Ctrl Pts',(37.1212879706275,6.61821638103777,10.));
#1160=CARTESIAN_POINT('Ctrl Pts',(37.0026875677995,7.48691584751512,9.8257079227011));
#1161=CARTESIAN_POINT('Ctrl Pts',(36.7488529467027,9.45734989150123,9.08760406566757));
#1162=CARTESIAN_POINT('Ctrl Pts',(36.6375821752211,10.3987634076276,8.44974674093989));
#1163=CARTESIAN_POINT('Ctrl Pts',(36.4425967932808,11.9027095628471,7.2328227664209));
#1164=CARTESIAN_POINT('Ctrl Pts',(36.3419065703483,12.6081528040909,6.50844643888459));
#1165=CARTESIAN_POINT('Ctrl Pts',(36.2134863383098,13.2896534675566,5.74182351770042));
#1166=CARTESIAN_POINT('Ctrl Pts',(36.21293910227,13.2925543358561,5.73855906780659));
#1167=CARTESIAN_POINT('Ctrl Pts',(36.2123913849088,13.2954545454552,5.73529411764711));
#1168=CARTESIAN_POINT('Origin',(0.,5.,5.));
#1169=CARTESIAN_POINT('Origin',(0.,15.,0.));
#1170=CARTESIAN_POINT('Origin',(0.,13.2954545454545,0.));
#1171=CARTESIAN_POINT('Origin',(100.,0.,0.));
#1172=CARTESIAN_POINT('Origin',(0.,0.,0.));
#1173=CARTESIAN_POINT('',(-2.38806125833734E-15,-2.92453157619062E-31,39.));
#1174=CARTESIAN_POINT('',(-2.38806125833734E-15,-2.92453157619062E-31,-39.));
#1175=CARTESIAN_POINT('Origin',(0.,0.,0.));
#1176=CARTESIAN_POINT('Origin',(80.0000000000001,184.504089625927,-226.423541911927));
#1177=CARTESIAN_POINT('',(61.4644660940672,189.411052900227,-227.383599943855));
#1178=CARTESIAN_POINT('',(65.,188.652700176927,-223.632658450345));
#1179=CARTESIAN_POINT('Origin',(65.,184.504089625927,-226.423541911927));
#1180=CARTESIAN_POINT('',(95.,188.652700176927,-223.632658450345));
#1181=CARTESIAN_POINT('',(80.0000000000001,188.652700176927,-223.632658450345));
#1182=CARTESIAN_POINT('',(98.5355339059328,189.411052900228,-227.383599943855));
#1183=CARTESIAN_POINT('Origin',(95.,184.504089625927,-226.423541911927));
#1184=CARTESIAN_POINT('',(95.,187.294973087509,-230.572152462927));
#1185=CARTESIAN_POINT('Origin',(95.,184.504089625927,-226.423541911927));
#1186=CARTESIAN_POINT('',(65.,187.294973087509,-230.572152462927));
#1187=CARTESIAN_POINT('',(80.0000000000001,187.294973087509,-230.572152462927));
#1188=CARTESIAN_POINT('Origin',(65.,184.504089625927,-226.423541911927));
#1189=CARTESIAN_POINT('Origin',(65.,155.672433860754,-245.819383063044));
#1190=CARTESIAN_POINT('',(65.,186.61812032062,-231.027489778834));
#1191=CARTESIAN_POINT('',(65.,158.463317322335,-249.967993614044));
#1192=CARTESIAN_POINT('',(60.,183.827236859038,-226.878879227834));
#1193=CARTESIAN_POINT('Origin',(65.,183.827236859038,-226.878879227834));
#1194=CARTESIAN_POINT('',(60.,184.504089625927,-226.423541911927));
#1195=CARTESIAN_POINT('',(60.,155.672433860754,-245.819383063044));
#1196=CARTESIAN_POINT('Origin',(65.,184.504089625927,-226.423541911927));
#1197=CARTESIAN_POINT('Origin',(100.,183.146362536509,-233.363035924509));
#1198=CARTESIAN_POINT('',(95.,186.61812032062,-231.027489778834));
#1199=CARTESIAN_POINT('',(95.,183.146362536509,-233.363035924509));
#1200=CARTESIAN_POINT('Ctrl Pts',(65.,186.61812032062,-231.027489778834));
#1201=CARTESIAN_POINT('Ctrl Pts',(75.,186.61812032062,-231.027489778834));
#1202=CARTESIAN_POINT('Ctrl Pts',(85.,186.61812032062,-231.027489778834));
#1203=CARTESIAN_POINT('Ctrl Pts',(95.,186.61812032062,-231.027489778834));
#1204=CARTESIAN_POINT('Origin',(95.,180.355479074927,-229.214425373509));
#1205=CARTESIAN_POINT('',(100.,184.504089625927,-226.423541911927));
#1206=CARTESIAN_POINT('Origin',(95.,184.504089625927,-226.423541911927));
#1207=CARTESIAN_POINT('',(100.,183.827236859038,-226.878879227834));
#1208=CARTESIAN_POINT('',(100.,180.355479074927,-229.214425373509));
#1209=CARTESIAN_POINT('Origin',(95.,183.827236859038,-226.878879227834));
#1210=CARTESIAN_POINT('Origin',(65.,183.827236859038,-226.878879227834));
#1211=CARTESIAN_POINT('',(65.,180.234983415066,-230.356768701965));
#1212=CARTESIAN_POINT('Origin',(65.,183.827236859038,-226.878879227834));
#1213=CARTESIAN_POINT('Origin',(65.,183.827236859038,-226.878879227834));
#1214=CARTESIAN_POINT('Ctrl Pts',(65.,186.61812032062,-231.027489778834));
#1215=CARTESIAN_POINT('Ctrl Pts',(75.,186.61812032062,-231.027489778834));
#1216=CARTESIAN_POINT('Ctrl Pts',(85.,186.61812032062,-231.027489778834));
#1217=CARTESIAN_POINT('Ctrl Pts',(95.,186.61812032062,-231.027489778834));
#1218=CARTESIAN_POINT('Ctrl Pts',(65.,185.51675583972,-231.768407702348));
#1219=CARTESIAN_POINT('Ctrl Pts',(75.,185.51675583972,-231.768407702348));
#1220=CARTESIAN_POINT('Ctrl Pts',(85.,185.51675583972,-231.768407702348));
#1221=CARTESIAN_POINT('Ctrl Pts',(95.,185.51675583972,-231.768407702348));
#1222=CARTESIAN_POINT('Ctrl Pts',(65.,183.057594895724,-232.246509981919));
#1223=CARTESIAN_POINT('Ctrl Pts',(75.,183.057594895724,-232.246509981919));
#1224=CARTESIAN_POINT('Ctrl Pts',(85.,183.057594895724,-232.246509981919));
#1225=CARTESIAN_POINT('Ctrl Pts',(95.,183.057594895724,-232.246509981919));
#1226=CARTESIAN_POINT('Ctrl Pts',(65.,180.927460550762,-231.072016668894));
#1227=CARTESIAN_POINT('Ctrl Pts',(75.,180.927460550762,-231.072016668894));
#1228=CARTESIAN_POINT('Ctrl Pts',(85.,180.927460550762,-231.072016668894));
#1229=CARTESIAN_POINT('Ctrl Pts',(95.,180.927460550762,-231.072016668894));
#1230=CARTESIAN_POINT('Ctrl Pts',(65.,180.234983415066,-230.356768701965));
#1231=CARTESIAN_POINT('Ctrl Pts',(75.,180.234983415066,-230.356768701965));
#1232=CARTESIAN_POINT('Ctrl Pts',(85.,180.234983415066,-230.356768701965));
#1233=CARTESIAN_POINT('Ctrl Pts',(95.,180.234983415066,-230.356768701965));
#1234=CARTESIAN_POINT('',(95.,180.234983415066,-230.356768701965));
#1235=CARTESIAN_POINT('Origin',(95.,183.827236859038,-226.878879227834));
#1236=CARTESIAN_POINT('Ctrl Pts',(95.,180.234983415066,-230.356768701965));
#1237=CARTESIAN_POINT('Ctrl Pts',(85.,180.234983415066,-230.356768701965));
#1238=CARTESIAN_POINT('Ctrl Pts',(75.,180.234983415066,-230.356768701965));
#1239=CARTESIAN_POINT('Ctrl Pts',(65.,180.234983415066,-230.356768701965));
#1240=CARTESIAN_POINT('Origin',(95.,183.827236859038,-226.878879227834));
#1241=CARTESIAN_POINT('Origin',(95.,183.827236859038,-226.878879227834));
#1242=CARTESIAN_POINT('Ctrl Pts',(95.,-21.6013528197171,35.8295128500539));
#1243=CARTESIAN_POINT('Ctrl Pts',(95.,-22.1410072189981,35.5140724111726));
#1244=CARTESIAN_POINT('Ctrl Pts',(94.9999999999999,-23.4880883976394,34.6548749308275));
#1245=CARTESIAN_POINT('Ctrl Pts',(95.,-25.0224341647989,33.4196664362239));
#1246=CARTESIAN_POINT('Ctrl Pts',(94.9999999999999,-26.3373603621641,32.1614484167611));
#1247=CARTESIAN_POINT('Ctrl Pts',(95.,-28.2581440041707,29.80355039478));
#1248=CARTESIAN_POINT('Ctrl Pts',(95.,-29.9204450792447,26.1876216561611));
#1249=CARTESIAN_POINT('Ctrl Pts',(95.,-30.4559509711156,21.9028547819978));
#1250=CARTESIAN_POINT('Ctrl Pts',(95.,-30.1916047493735,18.0884481470749));
#1251=CARTESIAN_POINT('Ctrl Pts',(95.,-29.2475595356126,13.4053216690927));
#1252=CARTESIAN_POINT('Ctrl Pts',(95.,-26.6659896046654,6.01598852644249));
#1253=CARTESIAN_POINT('Ctrl Pts',(95.,-21.745061983843,-3.41758531941389));
#1254=CARTESIAN_POINT('Ctrl Pts',(94.9999999999999,-14.339775940113,-15.0718849071892));
#1255=CARTESIAN_POINT('Ctrl Pts',(95.0000000000001,-2.2795990195017,-31.7227939348874));
#1256=CARTESIAN_POINT('Ctrl Pts',(94.9999999999998,18.4291504401923,-57.177863211778));
#1257=CARTESIAN_POINT('Ctrl Pts',(95.0000000000001,47.0431923284436,-89.5886655284051));
#1258=CARTESIAN_POINT('Ctrl Pts',(94.9999999999998,79.6478274458146,-125.009011327877));
#1259=CARTESIAN_POINT('Ctrl Pts',(95.0000000000001,107.405628182685,-154.459368053033));
#1260=CARTESIAN_POINT('Ctrl Pts',(95.,129.775604711457,-177.943070106301));
#1261=CARTESIAN_POINT('Ctrl Pts',(94.9999999999999,146.427858881562,-195.319986334433));
#1262=CARTESIAN_POINT('Ctrl Pts',(95.,163.192134005168,-212.734183295198));
#1263=CARTESIAN_POINT('Ctrl Pts',(95.,174.582040030912,-224.517938718622));
#1264=CARTESIAN_POINT('Ctrl Pts',(95.,180.234983415066,-230.356768701965));
#1265=CARTESIAN_POINT('Ctrl Pts',(95.7479982508547,-21.6013528197171,35.8295128500539));
#1266=CARTESIAN_POINT('Ctrl Pts',(95.7479982508547,-22.1410072189981,35.5140724111726));
#1267=CARTESIAN_POINT('Ctrl Pts',(95.7479982508546,-23.4880883976394,34.6548749308275));
#1268=CARTESIAN_POINT('Ctrl Pts',(95.7479982508547,-25.0224341647989,33.4196664362239));
#1269=CARTESIAN_POINT('Ctrl Pts',(95.7479982508546,-26.3373603621641,32.1614484167611));
#1270=CARTESIAN_POINT('Ctrl Pts',(95.7479982508547,-28.2581440041707,29.80355039478));
#1271=CARTESIAN_POINT('Ctrl Pts',(95.7479982508547,-29.9204450792447,26.1876216561611));
#1272=CARTESIAN_POINT('Ctrl Pts',(95.7479982508547,-30.4559509711156,21.9028547819978));
#1273=CARTESIAN_POINT('Ctrl Pts',(95.7479982508547,-30.1916047493735,18.0884481470749));
#1274=CARTESIAN_POINT('Ctrl Pts',(95.7479982508547,-29.2475595356126,13.4053216690927));
#1275=CARTESIAN_POINT('Ctrl Pts',(95.7479982508547,-26.6659896046654,6.01598852644249));
#1276=CARTESIAN_POINT('Ctrl Pts',(95.7479982508547,-21.745061983843,-3.41758531941389));
#1277=CARTESIAN_POINT('Ctrl Pts',(95.7479982508546,-14.339775940113,-15.0718849071892));
#1278=CARTESIAN_POINT('Ctrl Pts',(95.7479982508548,-2.2795990195017,-31.7227939348874));
#1279=CARTESIAN_POINT('Ctrl Pts',(95.7479982508545,18.4291504401923,-57.177863211778));
#1280=CARTESIAN_POINT('Ctrl Pts',(95.7479982508548,47.0431923284436,-89.5886655284051));
#1281=CARTESIAN_POINT('Ctrl Pts',(95.7479982508546,79.6478274458146,-125.009011327877));
#1282=CARTESIAN_POINT('Ctrl Pts',(95.7479982508548,107.405628182685,-154.459368053033));
#1283=CARTESIAN_POINT('Ctrl Pts',(95.7479982508547,129.775604711457,-177.943070106301));
#1284=CARTESIAN_POINT('Ctrl Pts',(95.7479982508546,146.427858881562,-195.319986334433));
#1285=CARTESIAN_POINT('Ctrl Pts',(95.7479982508547,163.192134005168,-212.734183295198));
#1286=CARTESIAN_POINT('Ctrl Pts',(95.7479982508547,174.582040030912,-224.517938718622));
#1287=CARTESIAN_POINT('Ctrl Pts',(95.7479982508547,180.234983415066,-230.356768701965));
#1288=CARTESIAN_POINT('Ctrl Pts',(97.2410542980277,-21.4286095170061,35.5339842121122));
#1289=CARTESIAN_POINT('Ctrl Pts',(97.2410542980277,-21.9615123390362,35.2227755799388));
#1290=CARTESIAN_POINT('Ctrl Pts',(97.2410542980276,-23.288484916894,34.3757352848395));
#1291=CARTESIAN_POINT('Ctrl Pts',(97.2410542980276,-24.7970661989837,33.1618737949375));
#1292=CARTESIAN_POINT('Ctrl Pts',(97.2410542980276,-26.0851612380661,31.9278674866396));
#1293=CARTESIAN_POINT('Ctrl Pts',(97.2410542980277,-27.9641976980729,29.6226025525106));
#1294=CARTESIAN_POINT('Ctrl Pts',(97.2410542980276,-29.5850063997556,26.0956411664571));
#1295=CARTESIAN_POINT('Ctrl Pts',(97.2410542980277,-30.1118607336345,21.8969907379426));
#1296=CARTESIAN_POINT('Ctrl Pts',(97.2410542980277,-29.8519753981154,18.1358929151545));
#1297=CARTESIAN_POINT('Ctrl Pts',(97.2410542980277,-28.9179056824373,13.5009920100733));
#1298=CARTESIAN_POINT('Ctrl Pts',(97.2410542980277,-26.3540135442934,6.16043816488358));
#1299=CARTESIAN_POINT('Ctrl Pts',(97.2410542980278,-21.4496423401006,-3.24444583582664));
#1300=CARTESIAN_POINT('Ctrl Pts',(97.2410542980276,-14.0577273921226,-14.877324624245));
#1301=CARTESIAN_POINT('Ctrl Pts',(97.2410542980278,-2.01001856399262,-31.5116654711647));
#1302=CARTESIAN_POINT('Ctrl Pts',(97.2410542980275,18.6889057754665,-56.9547512454459));
#1303=CARTESIAN_POINT('Ctrl Pts',(97.2410542980278,47.2969404321675,-89.3589111887581));
#1304=CARTESIAN_POINT('Ctrl Pts',(97.2410542980275,79.898075645378,-124.775415032872));
#1305=CARTESIAN_POINT('Ctrl Pts',(97.2410542980278,107.654123755346,-154.223943433455));
#1306=CARTESIAN_POINT('Ctrl Pts',(97.2410542980277,130.023084355112,-177.706568499509));
#1307=CARTESIAN_POINT('Ctrl Pts',(97.2410542980276,146.674719674604,-195.082843061601));
#1308=CARTESIAN_POINT('Ctrl Pts',(97.2410542980278,163.438491775247,-212.496517848961));
#1309=CARTESIAN_POINT('Ctrl Pts',(97.2410542980277,174.828101732092,-224.279963585712));
#1310=CARTESIAN_POINT('Ctrl Pts',(97.2410542980277,180.480917622384,-230.118664123794));
#1311=CARTESIAN_POINT('Ctrl Pts',(99.3437846648377,-20.5844721217959,34.0898369095712));
#1312=CARTESIAN_POINT('Ctrl Pts',(99.3437846648377,-21.0824509742797,33.798758952185));
#1313=CARTESIAN_POINT('Ctrl Pts',(99.3437846648377,-22.3160242850124,33.0112692714756));
#1314=CARTESIAN_POINT('Ctrl Pts',(99.3437846648377,-23.6922713735553,31.9019685401637));
#1315=CARTESIAN_POINT('Ctrl Pts',(99.3437846648377,-24.8560949789823,30.7882368272846));
#1316=CARTESIAN_POINT('Ctrl Pts',(99.3437846648377,-26.5229309442471,28.7369388372274));
#1317=CARTESIAN_POINT('Ctrl Pts',(99.3437846648377,-27.9458173060907,25.647724745774));
#1318=CARTESIAN_POINT('Ctrl Pts',(99.3437846648377,-28.4297710997488,21.8669600624348));
#1319=CARTESIAN_POINT('Ctrl Pts',(99.3437846648377,-28.190700962568,18.3689506804702));
#1320=CARTESIAN_POINT('Ctrl Pts',(99.3437846648377,-27.307249060702,13.9722006630896));
#1321=CARTESIAN_POINT('Ctrl Pts',(99.3437846648377,-24.8297173137942,6.86246909079603));
#1322=CARTESIAN_POINT('Ctrl Pts',(99.3437846648378,-20.0058532964164,-2.39704572713816));
#1323=CARTESIAN_POINT('Ctrl Pts',(99.3437846648377,-12.6796838038076,-13.9270461592968));
#1324=CARTESIAN_POINT('Ctrl Pts',(99.3437846648379,-0.69245649756988,-30.4799025481231));
#1325=CARTESIAN_POINT('Ctrl Pts',(99.3437846648375,19.9580748393075,-55.8644785190186));
#1326=CARTESIAN_POINT('Ctrl Pts',(99.3437846648379,48.5370299867618,-88.2361927753792));
#1327=CARTESIAN_POINT('Ctrl Pts',(99.3437846648376,81.120885938274,-123.633894925778));
#1328=CARTESIAN_POINT('Ctrl Pts',(99.3437846648379,108.86847220142,-153.073522128248));
#1329=CARTESIAN_POINT('Ctrl Pts',(99.3437846648377,131.232409752322,-176.550847174277));
#1330=CARTESIAN_POINT('Ctrl Pts',(99.3437846648376,147.881068989982,-193.92403399626));
#1331=CARTESIAN_POINT('Ctrl Pts',(99.3437846648378,164.642329685249,-211.335088151352));
#1332=CARTESIAN_POINT('Ctrl Pts',(99.3437846648377,176.03054467762,-223.117098147241));
#1333=CARTESIAN_POINT('Ctrl Pts',(99.3437846648377,181.682713917236,-228.955128546723));
#1334=CARTESIAN_POINT('Ctrl Pts',(100.,-19.6443685121119,32.4815109430428));
#1335=CARTESIAN_POINT('Ctrl Pts',(100.,-20.1040648619201,32.2130260530093));
#1336=CARTESIAN_POINT('Ctrl Pts',(99.9999999999999,-21.2320797247815,31.4918118530538));
#1337=CARTESIAN_POINT('Ctrl Pts',(99.9999999999999,-22.4629856990582,30.4988812335891));
#1338=CARTESIAN_POINT('Ctrl Pts',(99.9999999999999,-23.4862421546269,29.5184766172753));
#1339=CARTESIAN_POINT('Ctrl Pts',(100.,-24.9193499777023,27.751042092833));
#1340=CARTESIAN_POINT('Ctrl Pts',(99.9999999999999,-26.1202808939137,25.1483922807032));
#1341=CARTESIAN_POINT('Ctrl Pts',(100.,-26.5566544413276,21.8339509465146));
#1342=CARTESIAN_POINT('Ctrl Pts',(100.,-26.3410774890467,18.6281199808258));
#1343=CARTESIAN_POINT('Ctrl Pts',(100.,-25.5134052164072,14.4958066750358));
#1344=CARTESIAN_POINT('Ctrl Pts',(100.,-23.1320596863254,7.6455288304707));
#1345=CARTESIAN_POINT('Ctrl Pts',(100.,-18.3979815520387,-1.4537287656532));
#1346=CARTESIAN_POINT('Ctrl Pts',(99.9999999999999,-11.1449033694439,-12.8685855543147));
#1347=CARTESIAN_POINT('Ctrl Pts',(100.,0.774825323798421,-29.3308590624277));
#1348=CARTESIAN_POINT('Ctrl Pts',(99.9999999999998,21.371582770148,-54.6502578392732));
#1349=CARTESIAN_POINT('Ctrl Pts',(100.,49.918065126769,-86.9858335843379));
#1350=CARTESIAN_POINT('Ctrl Pts',(99.9999999999998,82.4827333044402,-122.362605231705));
#1351=CARTESIAN_POINT('Ctrl Pts',(100.,110.220863215859,-151.792308781783));
#1352=CARTESIAN_POINT('Ctrl Pts',(100.,132.579225218228,-175.263743041455));
#1353=CARTESIAN_POINT('Ctrl Pts',(99.9999999999999,149.224554821548,-192.633475929824));
#1354=CARTESIAN_POINT('Ctrl Pts',(100.,165.983035487064,-210.04163336696));
#1355=CARTESIAN_POINT('Ctrl Pts',(100.,177.369680510871,-221.82201981893));
#1356=CARTESIAN_POINT('Ctrl Pts',(100.,183.021137071223,-227.659315800829));
#1357=CARTESIAN_POINT('Ctrl Pts',(100.,-19.0781669203107,31.5128552406255));
#1358=CARTESIAN_POINT('Ctrl Pts',(100.,-19.5144056124118,31.2578636669874));
#1359=CARTESIAN_POINT('Ctrl Pts',(99.9999999999999,-20.5798553045266,30.576595193792));
#1360=CARTESIAN_POINT('Ctrl Pts',(99.9999999999999,-21.7218902658442,29.6538023952075));
#1361=CARTESIAN_POINT('Ctrl Pts',(99.9999999999999,-22.661907526121,28.7541044959206));
#1362=CARTESIAN_POINT('Ctrl Pts',(100.,-23.952544614082,27.1569627347241));
#1363=CARTESIAN_POINT('Ctrl Pts',(99.9999999999999,-25.0208014799047,24.8479805403716));
#1364=CARTESIAN_POINT('Ctrl Pts',(100.,-25.4283891647697,21.8137848203188));
#1365=CARTESIAN_POINT('Ctrl Pts',(100.,-25.2267573397109,18.7844629110392));
#1366=CARTESIAN_POINT('Ctrl Pts',(100.,-24.4330682872581,14.8119302598275));
#1367=CARTESIAN_POINT('Ctrl Pts',(100.,-22.1096482045459,8.11634830010996));
#1368=CARTESIAN_POINT('Ctrl Pts',(100.,-17.4295632114029,-0.885316360661486));
#1369=CARTESIAN_POINT('Ctrl Pts',(99.9999999999999,-10.2205903497884,-12.231198227902));
#1370=CARTESIAN_POINT('Ctrl Pts',(100.,1.65857813179856,-28.6388075912223));
#1371=CARTESIAN_POINT('Ctrl Pts',(99.9999999999998,22.2228697542528,-53.9189619984807));
#1372=CARTESIAN_POINT('Ctrl Pts',(100.,50.7498518011167,-86.232775160564));
#1373=CARTESIAN_POINT('Ctrl Pts',(99.9999999999998,83.3029270132849,-121.596935189926));
#1374=CARTESIAN_POINT('Ctrl Pts',(100.,111.035382906721,-151.020668858534));
#1375=CARTESIAN_POINT('Ctrl Pts',(100.,133.390374733391,-174.488547525961));
#1376=CARTESIAN_POINT('Ctrl Pts',(99.9999999999999,150.033708951934,-191.856210132418));
#1377=CARTESIAN_POINT('Ctrl Pts',(100.,166.790504204453,-209.262608629378));
#1378=CARTESIAN_POINT('Ctrl Pts',(100.,178.176214435212,-221.042033372051));
#1379=CARTESIAN_POINT('Ctrl Pts',(100.,183.827236859038,-226.878879227834));
#1380=CARTESIAN_POINT('',(100.,-19.0781669203107,31.5128552406255));
#1381=CARTESIAN_POINT('Ctrl Pts',(100.,183.827236859038,-226.878879227834));
#1382=CARTESIAN_POINT('Ctrl Pts',(100.,178.176214435212,-221.042033372051));
#1383=CARTESIAN_POINT('Ctrl Pts',(100.,166.790504204453,-209.262608629378));
#1384=CARTESIAN_POINT('Ctrl Pts',(99.9999999999999,150.033708951934,-191.856210132418));
#1385=CARTESIAN_POINT('Ctrl Pts',(100.,133.390374733391,-174.488547525961));
#1386=CARTESIAN_POINT('Ctrl Pts',(100.,111.035382906721,-151.020668858534));
#1387=CARTESIAN_POINT('Ctrl Pts',(99.9999999999998,83.3029270132849,-121.596935189926));
#1388=CARTESIAN_POINT('Ctrl Pts',(100.,50.7498518011167,-86.232775160564));
#1389=CARTESIAN_POINT('Ctrl Pts',(99.9999999999998,22.2228697542528,-53.9189619984807));
#1390=CARTESIAN_POINT('Ctrl Pts',(100.,1.65857813179856,-28.6388075912223));
#1391=CARTESIAN_POINT('Ctrl Pts',(99.9999999999999,-10.2205903497884,-12.231198227902));
#1392=CARTESIAN_POINT('Ctrl Pts',(100.,-17.4295632114029,-0.885316360661486));
#1393=CARTESIAN_POINT('Ctrl Pts',(100.,-22.1096482045459,8.11634830010996));
#1394=CARTESIAN_POINT('Ctrl Pts',(100.,-24.4330682872581,14.8119302598275));
#1395=CARTESIAN_POINT('Ctrl Pts',(100.,-25.2267573397109,18.7844629110392));
#1396=CARTESIAN_POINT('Ctrl Pts',(100.,-25.4283891647697,21.8137848203188));
#1397=CARTESIAN_POINT('Ctrl Pts',(99.9999999999999,-25.0208014799047,24.8479805403716));
#1398=CARTESIAN_POINT('Ctrl Pts',(100.,-23.952544614082,27.1569627347241));
#1399=CARTESIAN_POINT('Ctrl Pts',(99.9999999999999,-22.661907526121,28.7541044959206));
#1400=CARTESIAN_POINT('Ctrl Pts',(99.9999999999999,-21.7218902658442,29.6538023952075));
#1401=CARTESIAN_POINT('Ctrl Pts',(99.9999999999999,-20.5798553045266,30.576595193792));
#1402=CARTESIAN_POINT('Ctrl Pts',(100.,-19.5144056124118,31.2578636669874));
#1403=CARTESIAN_POINT('Ctrl Pts',(100.,-19.0781669203107,31.5128552406255));
#1404=CARTESIAN_POINT('',(95.,-21.6013528197171,35.8295128500539));
#1405=CARTESIAN_POINT('Origin',(95.,-19.0781669203107,31.5128552406255));
#1406=CARTESIAN_POINT('Ctrl Pts',(95.,-21.6013528197171,35.8295128500539));
#1407=CARTESIAN_POINT('Ctrl Pts',(95.,-22.1410072189981,35.5140724111726));
#1408=CARTESIAN_POINT('Ctrl Pts',(94.9999999999999,-23.4880883976394,34.6548749308275));
#1409=CARTESIAN_POINT('Ctrl Pts',(95.,-25.0224341647989,33.4196664362239));
#1410=CARTESIAN_POINT('Ctrl Pts',(94.9999999999999,-26.3373603621641,32.1614484167611));
#1411=CARTESIAN_POINT('Ctrl Pts',(95.,-28.2581440041707,29.80355039478));
#1412=CARTESIAN_POINT('Ctrl Pts',(95.,-29.9204450792447,26.1876216561611));
#1413=CARTESIAN_POINT('Ctrl Pts',(95.,-30.4559509711156,21.9028547819978));
#1414=CARTESIAN_POINT('Ctrl Pts',(95.,-30.1916047493735,18.0884481470749));
#1415=CARTESIAN_POINT('Ctrl Pts',(95.,-29.2475595356126,13.4053216690927));
#1416=CARTESIAN_POINT('Ctrl Pts',(95.,-26.6659896046654,6.01598852644249));
#1417=CARTESIAN_POINT('Ctrl Pts',(95.,-21.745061983843,-3.41758531941389));
#1418=CARTESIAN_POINT('Ctrl Pts',(94.9999999999999,-14.339775940113,-15.0718849071892));
#1419=CARTESIAN_POINT('Ctrl Pts',(95.0000000000001,-2.2795990195017,-31.7227939348874));
#1420=CARTESIAN_POINT('Ctrl Pts',(94.9999999999998,18.4291504401923,-57.177863211778));
#1421=CARTESIAN_POINT('Ctrl Pts',(95.0000000000001,47.0431923284436,-89.5886655284051));
#1422=CARTESIAN_POINT('Ctrl Pts',(94.9999999999998,79.6478274458146,-125.009011327877));
#1423=CARTESIAN_POINT('Ctrl Pts',(95.0000000000001,107.405628182685,-154.459368053033));
#1424=CARTESIAN_POINT('Ctrl Pts',(95.,129.775604711457,-177.943070106301));
#1425=CARTESIAN_POINT('Ctrl Pts',(94.9999999999999,146.427858881562,-195.319986334433));
#1426=CARTESIAN_POINT('Ctrl Pts',(95.,163.192134005168,-212.734183295198));
#1427=CARTESIAN_POINT('Ctrl Pts',(95.,174.582040030912,-224.517938718622));
#1428=CARTESIAN_POINT('Ctrl Pts',(95.,180.234983415066,-230.356768701965));
#1429=CARTESIAN_POINT('Origin',(100.,54.7927094221028,-95.8630359245086));
#1430=CARTESIAN_POINT('',(100.,23.2530150455515,13.274001383227));
#1431=CARTESIAN_POINT('',(100.,135.459669137393,-153.519673618159));
#1432=CARTESIAN_POINT('',(100.,3.72875675715118,26.7698033831519));
#1433=CARTESIAN_POINT('Origin',(100.,-3.71295353594882,-4.86674111705501));
#1434=CARTESIAN_POINT('',(100.,-0.126364736218053,31.6369640754914));
#1435=CARTESIAN_POINT('Origin',(100.,4.87363526378195,31.6369640754914));
#1436=CARTESIAN_POINT('',(100.,-9.20400840607314,31.63696403973));
#1437=CARTESIAN_POINT('',(100.,-1.8536374634908,31.6369640754914));
#1438=CARTESIAN_POINT('Ctrl Pts',(100.,-19.0781669203107,31.5128552406255));
#1439=CARTESIAN_POINT('Ctrl Pts',(100.,-17.8643553365772,32.2223560974743));
#1440=CARTESIAN_POINT('Ctrl Pts',(100.,-15.8164971088985,32.8944070136004));
#1441=CARTESIAN_POINT('Ctrl Pts',(100.,-12.3540577134208,32.9011286828988));
#1442=CARTESIAN_POINT('Ctrl Pts',(100.,-10.3718894980893,32.2798923516891));
#1443=CARTESIAN_POINT('Ctrl Pts',(100.,-9.20409570026274,31.6368056852084));
#1444=CARTESIAN_POINT('Origin',(95.,135.459669137393,-153.519673618159));
#1445=CARTESIAN_POINT('',(95.,27.4016255965516,16.0648848448089));
#1446=CARTESIAN_POINT('',(95.,139.608279688393,-150.728790156577));
#1447=CARTESIAN_POINT('Origin',(95.,23.2530150455515,13.274001383227));
#1448=CARTESIAN_POINT('Ctrl Pts',(60.,-5.91302334949316,28.7178227242504));
#1449=CARTESIAN_POINT('Ctrl Pts',(60.,-6.73386389495422,29.8592914384964));
#1450=CARTESIAN_POINT('Ctrl Pts',(60.,-8.33186499882593,31.3053905945674));
#1451=CARTESIAN_POINT('Ctrl Pts',(60.,-11.5595223652753,32.748110959047));
#1452=CARTESIAN_POINT('Ctrl Pts',(60.,-15.132904806172,33.1216828180268));
#1453=CARTESIAN_POINT('Ctrl Pts',(60.,-17.8643553365772,32.2223560974744));
#1454=CARTESIAN_POINT('Ctrl Pts',(60.,-19.0781669203107,31.5128552406255));
#1455=CARTESIAN_POINT('Ctrl Pts',(60.,-5.30574064103835,29.1545252491956));
#1456=CARTESIAN_POINT('Ctrl Pts',(60.,-6.18801125054535,30.3814191981114));
#1457=CARTESIAN_POINT('Ctrl Pts',(60.,-7.90545395262646,31.9356698432364));
#1458=CARTESIAN_POINT('Ctrl Pts',(60.,-11.3746051689133,33.4863547932925));
#1459=CARTESIAN_POINT('Ctrl Pts',(60.,-15.2152856189623,33.8878474773676));
#1460=CARTESIAN_POINT('Ctrl Pts',(60.,-18.1509838341693,32.9212241902765));
#1461=CARTESIAN_POINT('Ctrl Pts',(60.,-19.4556346481782,32.1586257089037));
#1462=CARTESIAN_POINT('Ctrl Pts',(60.3423470831596,-4.09375935287288,30.0260720285776));
#1463=CARTESIAN_POINT('Ctrl Pts',(60.3423470831596,-5.09869726237845,31.4235482982421));
#1464=CARTESIAN_POINT('Ctrl Pts',(60.3423470831596,-7.0543210121358,33.1936056592694));
#1465=CARTESIAN_POINT('Ctrl Pts',(60.3423470831596,-11.0055759654673,34.9598683706516));
#1466=CARTESIAN_POINT('Ctrl Pts',(60.3423470831596,-15.3797360872407,35.4170351291433));
#1467=CARTESIAN_POINT('Ctrl Pts',(60.3423470831596,-18.7229197596882,34.3160458001092));
#1468=CARTESIAN_POINT('Ctrl Pts',(60.3423470831596,-20.208963891202,33.4474187423732));
#1469=CARTESIAN_POINT('Ctrl Pts',(62.0150198950786,-2.38642874242905,31.2538290157543));
#1470=CARTESIAN_POINT('Ctrl Pts',(62.0150198950786,-3.5638475685529,32.8911588979297));
#1471=CARTESIAN_POINT('Ctrl Pts',(62.0150198950786,-5.85590932437622,34.9653946003543));
#1472=CARTESIAN_POINT('Ctrl Pts',(62.0150198950786,-10.4856347121401,37.034837110858));
#1473=CARTESIAN_POINT('Ctrl Pts',(62.0150198950786,-15.6112143132447,37.5706613587999));
#1474=CARTESIAN_POINT('Ctrl Pts',(62.0150198950786,-19.5290876609924,36.2806673336007));
#1475=CARTESIAN_POINT('Ctrl Pts',(62.0150198950786,-21.2701866088429,35.2629548550635));
#1476=CARTESIAN_POINT('Ctrl Pts',(63.8780026237179,-1.85363746349079,31.6369640754914));
#1477=CARTESIAN_POINT('Ctrl Pts',(63.8780026237179,-3.08538311228322,33.3498413569314));
#1478=CARTESIAN_POINT('Ctrl Pts',(63.8780026237179,-5.48101382235932,35.5187351821659));
#1479=CARTESIAN_POINT('Ctrl Pts',(63.8780026237179,-10.3235155447691,37.6835793729915));
#1480=CARTESIAN_POINT('Ctrl Pts',(63.8780026237179,-15.6837381700935,38.2435923609608));
#1481=CARTESIAN_POINT('Ctrl Pts',(63.8780026237179,-19.7799185046297,36.8941832029876));
#1482=CARTESIAN_POINT('Ctrl Pts',(63.8780026237179,-21.6013528197171,35.8295128500539));
#1483=CARTESIAN_POINT('Ctrl Pts',(65.,-1.85363746349079,31.6369640754914));
#1484=CARTESIAN_POINT('Ctrl Pts',(65.,-3.08489828168229,33.3491671468601));
#1485=CARTESIAN_POINT('Ctrl Pts',(65.,-5.48189993748992,35.5183158809668));
#1486=CARTESIAN_POINT('Ctrl Pts',(65.,-10.323385987164,37.6823964276862));
#1487=CARTESIAN_POINT('Ctrl Pts',(65.,-15.683459648509,38.242754216156));
#1488=CARTESIAN_POINT('Ctrl Pts',(65.,-19.7806354441166,36.8937641353273));
#1489=CARTESIAN_POINT('Ctrl Pts',(65.,-21.6013528197171,35.8295128500539));
#1490=CARTESIAN_POINT('',(65.,-1.8536374634908,31.6369640754914));
#1491=CARTESIAN_POINT('',(60.,-9.20400840704618,31.6369640402664));
#1492=CARTESIAN_POINT('Ctrl Pts',(60.,-9.20400840704618,31.6369640754914));
#1493=CARTESIAN_POINT('Ctrl Pts',(60.000000003643,-7.98093776182047,31.6369640754914));
#1494=CARTESIAN_POINT('Ctrl Pts',(60.1032534672335,-6.57751661707826,31.6369640754914));
#1495=CARTESIAN_POINT('Ctrl Pts',(60.9339976812649,-4.42162901615687,31.6369640754914));
#1496=CARTESIAN_POINT('Ctrl Pts',(61.366846090928,-3.7669854337122,31.6369640754914));
#1497=CARTESIAN_POINT('Ctrl Pts',(62.2675604256015,-2.8206798527876,31.6369640754914));
#1498=CARTESIAN_POINT('Ctrl Pts',(62.7686728831953,-2.45616989640386,31.6369640758744));
#1499=CARTESIAN_POINT('Ctrl Pts',(63.5969745626657,-2.09160038757513,31.6369640758744));
#1500=CARTESIAN_POINT('Ctrl Pts',(63.871768767356,-2.00236460412643,31.636964075493));
#1501=CARTESIAN_POINT('Ctrl Pts',(64.4324141935868,-1.88353334431244,31.636964075493));
#1502=CARTESIAN_POINT('Ctrl Pts',(64.7155464681518,-1.85363746349081,31.6369640754914));
#1503=CARTESIAN_POINT('Ctrl Pts',(65.,-1.85363746349081,31.6369640754914));
#1504=CARTESIAN_POINT('',(60.,-19.0781669203107,31.5128552406255));
#1505=CARTESIAN_POINT('Ctrl Pts',(60.,-9.20422641994084,31.6365685854902));
#1506=CARTESIAN_POINT('Ctrl Pts',(60.,-9.75628024803432,31.9412183296809));
#1507=CARTESIAN_POINT('Ctrl Pts',(60.,-11.6332048041437,32.7558139368607));
#1508=CARTESIAN_POINT('Ctrl Pts',(60.,-15.132904806172,33.1216828180268));
#1509=CARTESIAN_POINT('Ctrl Pts',(60.,-17.8643553365772,32.2223560974744));
#1510=CARTESIAN_POINT('Ctrl Pts',(60.,-19.0781669203107,31.5128552406255));
#1511=CARTESIAN_POINT('',(65.,-21.6013528197171,35.8295128500539));
#1512=CARTESIAN_POINT('Origin',(65.,-19.0781669203107,31.5128552406255));
#1513=CARTESIAN_POINT('Ctrl Pts',(65.,-21.6013528197171,35.8295128500539));
#1514=CARTESIAN_POINT('Ctrl Pts',(65.,-19.7806354441166,36.8937641353273));
#1515=CARTESIAN_POINT('Ctrl Pts',(65.,-15.683459648509,38.242754216156));
#1516=CARTESIAN_POINT('Ctrl Pts',(65.,-10.323385987164,37.6823964276862));
#1517=CARTESIAN_POINT('Ctrl Pts',(65.,-5.48189993748992,35.5183158809668));
#1518=CARTESIAN_POINT('Ctrl Pts',(65.,-3.08489828168229,33.3491671468601));
#1519=CARTESIAN_POINT('Ctrl Pts',(65.,-1.85363746349079,31.6369640754914));
#1520=CARTESIAN_POINT('Ctrl Pts',(60.,-19.0781669203107,31.5128552406255));
#1521=CARTESIAN_POINT('Ctrl Pts',(60.,-19.5144056124118,31.2578636669874));
#1522=CARTESIAN_POINT('Ctrl Pts',(60.,-20.5798617371296,30.5765931743847));
#1523=CARTESIAN_POINT('Ctrl Pts',(60.,-21.7218983446343,29.6537988790312));
#1524=CARTESIAN_POINT('Ctrl Pts',(60.,-22.6619173940829,28.7540997295806));
#1525=CARTESIAN_POINT('Ctrl Pts',(60.,-23.952556063884,27.1569563641471));
#1526=CARTESIAN_POINT('Ctrl Pts',(60.,-25.0208117650805,24.8479759759902));
#1527=CARTESIAN_POINT('Ctrl Pts',(60.,-25.4284046094681,21.8137733395067));
#1528=CARTESIAN_POINT('Ctrl Pts',(60.,-25.2267600394763,18.7844677388596));
#1529=CARTESIAN_POINT('Ctrl Pts',(60.,-24.4331281542499,14.8118609487853));
#1530=CARTESIAN_POINT('Ctrl Pts',(60.,-22.1094412777271,8.11662897465774));
#1531=CARTESIAN_POINT('Ctrl Pts',(60.0000000000001,-17.4301409489976,-0.886121187323353));
#1532=CARTESIAN_POINT('Ctrl Pts',(59.9999999999999,-10.2191409997245,-12.2291410106085));
#1533=CARTESIAN_POINT('Ctrl Pts',(60.0000000000001,-1.5142095455392,-24.2670667281741));
#1534=CARTESIAN_POINT('Ctrl Pts',(60.,11.8686646039234,-41.3266090678377));
#1535=CARTESIAN_POINT('Ctrl Pts',(60.,29.3606692231334,-62.0162723021072));
#1536=CARTESIAN_POINT('Ctrl Pts',(60.,54.3581033080195,-90.1619512211086));
#1537=CARTESIAN_POINT('Ctrl Pts',(60.0000000000001,83.3090938095087,-121.598014863647));
#1538=CARTESIAN_POINT('Ctrl Pts',(60.,111.032804227621,-151.020220496101));
#1539=CARTESIAN_POINT('Ctrl Pts',(60.,133.391584029029,-174.488758017166));
#1540=CARTESIAN_POINT('Ctrl Pts',(60.,150.032917117067,-191.856071026005));
#1541=CARTESIAN_POINT('Ctrl Pts',(60.,166.790858213936,-209.262665166229));
#1542=CARTESIAN_POINT('Ctrl Pts',(60.,178.176214435212,-221.042033372051));
#1543=CARTESIAN_POINT('Ctrl Pts',(60.,183.827236859038,-226.878879227834));
#1544=CARTESIAN_POINT('Ctrl Pts',(60.,-19.4556346481782,32.1586257089037));
#1545=CARTESIAN_POINT('Ctrl Pts',(60.,-19.9075116231619,31.8946384301979));
#1546=CARTESIAN_POINT('Ctrl Pts',(60.,-21.0146783254171,31.1867379323381));
#1547=CARTESIAN_POINT('Ctrl Pts',(60.,-22.2159615597275,30.2171843505919));
#1548=CARTESIAN_POINT('Ctrl Pts',(60.,-23.2114744276809,29.2636817790122));
#1549=CARTESIAN_POINT('Ctrl Pts',(60.,-24.5970916781957,27.5530079313841));
#1550=CARTESIAN_POINT('Ctrl Pts',(60.,-25.7538006875311,25.0482532046982));
#1551=CARTESIAN_POINT('Ctrl Pts',(60.,-26.1805770022192,21.8272128159044));
#1552=CARTESIAN_POINT('Ctrl Pts',(60.,-25.9696490966745,18.680248376653));
#1553=CARTESIAN_POINT('Ctrl Pts',(60.,-25.1533345506622,14.6010930578785));
#1554=CARTESIAN_POINT('Ctrl Pts',(60.,-22.7910828450895,7.80278438625994));
#1555=CARTESIAN_POINT('Ctrl Pts',(60.0000000000001,-18.0756954742354,-1.26512250105504));
#1556=CARTESIAN_POINT('Ctrl Pts',(59.9999999999999,-10.8354535145222,-12.6539576362432));
#1557=CARTESIAN_POINT('Ctrl Pts',(60.0000000000001,-2.11043908144773,-24.7189487116403));
#1558=CARTESIAN_POINT('Ctrl Pts',(60.,11.2912316197252,-41.8023953860735));
#1559=CARTESIAN_POINT('Ctrl Pts',(60.,28.7963931416434,-62.5073380381624));
#1560=CARTESIAN_POINT('Ctrl Pts',(60.,53.8045156061612,-90.6650717772721));
#1561=CARTESIAN_POINT('Ctrl Pts',(60.0000000000001,82.7622508608228,-122.108372058109));
#1562=CARTESIAN_POINT('Ctrl Pts',(60.,110.489811619583,-151.534686126796));
#1563=CARTESIAN_POINT('Ctrl Pts',(60.,132.850807266724,-175.005535207314));
#1564=CARTESIAN_POINT('Ctrl Pts',(60.,149.493489090952,-192.37426356045));
#1565=CARTESIAN_POINT('Ctrl Pts',(60.,166.252540116684,-209.782004300609));
#1566=CARTESIAN_POINT('Ctrl Pts',(60.,177.638527846584,-221.56202946277));
#1567=CARTESIAN_POINT('Ctrl Pts',(60.,183.289837000494,-227.399170276497));
#1568=CARTESIAN_POINT('Ctrl Pts',(60.3423100717453,-20.2090877806237,33.4476306919625));
#1569=CARTESIAN_POINT('Ctrl Pts',(60.3423100717453,-20.6917611824039,33.1655686548818));
#1570=CARTESIAN_POINT('Ctrl Pts',(60.3423100717452,-21.8832400338961,32.404542390169));
#1571=CARTESIAN_POINT('Ctrl Pts',(60.3423100717452,-23.2013902360743,31.341708719511));
#1572=CARTESIAN_POINT('Ctrl Pts',(60.3423100717452,-24.3091556168072,30.2812329504371));
#1573=CARTESIAN_POINT('Ctrl Pts',(60.3423100717452,-25.8825839160538,28.3432475078764));
#1574=CARTESIAN_POINT('Ctrl Pts',(60.3423100717452,-27.2168929800047,25.4483521327035));
#1575=CARTESIAN_POINT('Ctrl Pts',(60.3423100717452,-27.6818424185627,21.8537513621383));
#1576=CARTESIAN_POINT('Ctrl Pts',(60.3423100717452,-27.4521390760165,18.4724567796807));
#1577=CARTESIAN_POINT('Ctrl Pts',(60.3423100717453,-26.591014489515,14.1812312659416));
#1578=CARTESIAN_POINT('Ctrl Pts',(60.3423100717452,-24.1516767782949,7.17540978647231));
#1579=CARTESIAN_POINT('Ctrl Pts',(60.3423100717453,-19.3643072625704,-2.02120532899812));
#1580=CARTESIAN_POINT('Ctrl Pts',(60.3423100717452,-12.0656271596055,-13.5022974099039));
#1581=CARTESIAN_POINT('Ctrl Pts',(60.3423100717453,-3.30057731622764,-25.6207679387099));
#1582=CARTESIAN_POINT('Ctrl Pts',(60.3423100717452,10.1386547720709,-42.7522287156548));
#1583=CARTESIAN_POINT('Ctrl Pts',(60.3423100717452,27.6700438972263,-63.4874691900279));
#1584=CARTESIAN_POINT('Ctrl Pts',(60.3423100717452,52.6995210461473,-91.6693799208755));
#1585=CARTESIAN_POINT('Ctrl Pts',(60.3423100717453,81.6707099555031,-123.127061407454));
#1586=CARTESIAN_POINT('Ctrl Pts',(60.3423100717452,109.405959132988,-152.561604057979));
#1587=CARTESIAN_POINT('Ctrl Pts',(60.3423100717452,131.771377894325,-176.037058549658));
#1588=CARTESIAN_POINT('Ctrl Pts',(60.3423100717453,148.416750114722,-193.408612385059));
#1589=CARTESIAN_POINT('Ctrl Pts',(60.3423100717452,165.178019722827,-210.818647151347));
#1590=CARTESIAN_POINT('Ctrl Pts',(60.3423100717453,176.565264561448,-222.599974937579));
#1591=CARTESIAN_POINT('Ctrl Pts',(60.3423100717453,182.217147663361,-228.437709180507));
#1592=CARTESIAN_POINT('Ctrl Pts',(62.0150703302958,-21.2702051563248,35.2629865860306));
#1593=CARTESIAN_POINT('Ctrl Pts',(62.0150703302958,-21.7967850924944,34.9556207142893));
#1594=CARTESIAN_POINT('Ctrl Pts',(62.0150703302958,-23.1056570225391,34.1197374782965));
#1595=CARTESIAN_POINT('Ctrl Pts',(62.0150703302958,-24.590175225374,32.9254637703995));
#1596=CARTESIAN_POINT('Ctrl Pts',(62.0150703302958,-25.8541366056897,31.7137941166102));
#1597=CARTESIAN_POINT('Ctrl Pts',(62.0150703302958,-27.6943308584996,29.4565663167966));
#1598=CARTESIAN_POINT('Ctrl Pts',(62.0150703302957,-29.2774318630932,26.0114043769409));
#1599=CARTESIAN_POINT('Ctrl Pts',(62.0150703302958,-29.7962933042918,21.8914939417539));
#1600=CARTESIAN_POINT('Ctrl Pts',(62.0150703302958,-29.5404609388476,18.1795120355486));
#1601=CARTESIAN_POINT('Ctrl Pts',(62.0150703302958,-28.6156332684942,13.588842808615));
#1602=CARTESIAN_POINT('Ctrl Pts',(62.0150703302958,-26.0678699891272,6.29302589944722));
#1603=CARTESIAN_POINT('Ctrl Pts',(62.0150703302958,-21.1790610780591,-3.08657718735095));
#1604=CARTESIAN_POINT('Ctrl Pts',(62.0150703302957,-13.7981683225683,-14.6965687228167));
#1605=CARTESIAN_POINT('Ctrl Pts',(62.0150703302958,-4.97666905387953,-26.8910523992302));
#1606=CARTESIAN_POINT('Ctrl Pts',(62.0150703302958,8.51540843739088,-44.0897510828551));
#1607=CARTESIAN_POINT('Ctrl Pts',(62.0150703302958,26.0837790191112,-64.8679178568378));
#1608=CARTESIAN_POINT('Ctrl Pts',(62.0150703302958,51.143305390175,-93.0837315222008));
#1609=CARTESIAN_POINT('Ctrl Pts',(62.0150703302958,80.1334535643749,-124.561747906799));
#1610=CARTESIAN_POINT('Ctrl Pts',(62.0150703302958,107.87952699174,-154.007843632684));
#1611=CARTESIAN_POINT('Ctrl Pts',(62.0150703302958,130.251174838112,-177.489795125219));
#1612=CARTESIAN_POINT('Ctrl Pts',(62.0150703302958,146.900338320893,-194.865327748075));
#1613=CARTESIAN_POINT('Ctrl Pts',(62.0150703302958,163.664728507367,-212.278586475383));
#1614=CARTESIAN_POINT('Ctrl Pts',(62.0150703302958,175.053748159538,-224.061759919119));
#1615=CARTESIAN_POINT('Ctrl Pts',(62.0150703302958,180.706437513856,-229.900323945688));
#1616=CARTESIAN_POINT('Ctrl Pts',(63.8780026237179,-21.6013528197171,35.8295128500539));
#1617=CARTESIAN_POINT('Ctrl Pts',(63.8780026237179,-22.1410072189981,35.5140724111726));
#1618=CARTESIAN_POINT('Ctrl Pts',(63.8780026237179,-23.4880956030839,34.6548726932346));
#1619=CARTESIAN_POINT('Ctrl Pts',(63.8780026237179,-25.0224440595611,33.4196621334104));
#1620=CARTESIAN_POINT('Ctrl Pts',(63.8780026237179,-26.3373728543605,32.1614418163629));
#1621=CARTESIAN_POINT('Ctrl Pts',(63.8780026237179,-28.2581601432853,29.8035426596552));
#1622=CARTESIAN_POINT('Ctrl Pts',(63.8780026237179,-29.9204628553082,26.1876147122257));
#1623=CARTESIAN_POINT('Ctrl Pts',(63.8780026237179,-30.455971258692,21.9028412991395));
#1624=CARTESIAN_POINT('Ctrl Pts',(63.8780026237179,-30.1916171194609,18.0884479854586));
#1625=CARTESIAN_POINT('Ctrl Pts',(63.8780026237179,-29.2476081555801,13.405242035066));
#1626=CARTESIAN_POINT('Ctrl Pts',(63.8780026237179,-26.6658464482011,6.01628052724247));
#1627=CARTESIAN_POINT('Ctrl Pts',(63.8780026237179,-21.7454561735628,-3.41840584352533));
#1628=CARTESIAN_POINT('Ctrl Pts',(63.8780026237179,-14.3388035852031,-15.0698321139776));
#1629=CARTESIAN_POINT('Ctrl Pts',(63.878002623718,-5.49976535788877,-27.2872206690477));
#1630=CARTESIAN_POINT('Ctrl Pts',(63.878002623718,8.00886693805944,-44.5073512290199));
#1631=CARTESIAN_POINT('Ctrl Pts',(63.8780026237179,25.5887267234794,-65.2986129032531));
#1632=CARTESIAN_POINT('Ctrl Pts',(63.8780026237179,50.6576605170125,-93.525178724414));
#1633=CARTESIAN_POINT('Ctrl Pts',(63.8780026237179,79.6537113567465,-125.00944570085));
#1634=CARTESIAN_POINT('Ctrl Pts',(63.878002623718,107.403167040024,-154.459188582202));
#1635=CARTESIAN_POINT('Ctrl Pts',(63.8780026237179,129.776759011398,-177.943154686813));
#1636=CARTESIAN_POINT('Ctrl Pts',(63.8780026237179,146.427102982794,-195.319929514996));
#1637=CARTESIAN_POINT('Ctrl Pts',(63.8780026237179,163.192471643939,-212.73420234611));
#1638=CARTESIAN_POINT('Ctrl Pts',(63.8780026237179,174.582040030912,-224.517938718622));
#1639=CARTESIAN_POINT('Ctrl Pts',(63.8780026237179,180.234983415066,-230.356768701965));
#1640=CARTESIAN_POINT('Ctrl Pts',(65.,-21.6013528197171,35.8295128500539));
#1641=CARTESIAN_POINT('Ctrl Pts',(65.,-22.1410072189981,35.5140724111726));
#1642=CARTESIAN_POINT('Ctrl Pts',(65.,-23.4880956030839,34.6548726932346));
#1643=CARTESIAN_POINT('Ctrl Pts',(65.,-25.0224440595611,33.4196621334104));
#1644=CARTESIAN_POINT('Ctrl Pts',(65.,-26.3373728543605,32.1614418163629));
#1645=CARTESIAN_POINT('Ctrl Pts',(65.,-28.2581601432853,29.8035426596552));
#1646=CARTESIAN_POINT('Ctrl Pts',(65.,-29.9204628553082,26.1876147122257));
#1647=CARTESIAN_POINT('Ctrl Pts',(65.,-30.455971258692,21.9028412991395));
#1648=CARTESIAN_POINT('Ctrl Pts',(65.,-30.1916171194609,18.0884479854586));
#1649=CARTESIAN_POINT('Ctrl Pts',(65.,-29.2476081555801,13.405242035066));
#1650=CARTESIAN_POINT('Ctrl Pts',(65.,-26.6658464482011,6.01628052724246));
#1651=CARTESIAN_POINT('Ctrl Pts',(65.,-21.7454561735628,-3.41840584352533));
#1652=CARTESIAN_POINT('Ctrl Pts',(65.,-14.3388035852031,-15.0698321139776));
#1653=CARTESIAN_POINT('Ctrl Pts',(65.,-5.49976535788877,-27.2872206690477));
#1654=CARTESIAN_POINT('Ctrl Pts',(65.0000000000001,8.00886693805944,-44.5073512290199));
#1655=CARTESIAN_POINT('Ctrl Pts',(65.,25.5887267234794,-65.2986129032531));
#1656=CARTESIAN_POINT('Ctrl Pts',(65.,50.6576605170125,-93.525178724414));
#1657=CARTESIAN_POINT('Ctrl Pts',(65.,79.6537113567465,-125.00944570085));
#1658=CARTESIAN_POINT('Ctrl Pts',(65.,107.403167040024,-154.459188582202));
#1659=CARTESIAN_POINT('Ctrl Pts',(65.,129.776759011398,-177.943154686813));
#1660=CARTESIAN_POINT('Ctrl Pts',(65.,146.427102982794,-195.319929514996));
#1661=CARTESIAN_POINT('Ctrl Pts',(65.,163.192471643939,-212.73420234611));
#1662=CARTESIAN_POINT('Ctrl Pts',(65.,174.582040030912,-224.517938718622));
#1663=CARTESIAN_POINT('Ctrl Pts',(65.,180.234983415066,-230.356768701965));
#1664=CARTESIAN_POINT('Ctrl Pts',(65.,180.234983415066,-230.356768701965));
#1665=CARTESIAN_POINT('Ctrl Pts',(65.,174.582040030912,-224.517938718622));
#1666=CARTESIAN_POINT('Ctrl Pts',(65.,163.192471643939,-212.73420234611));
#1667=CARTESIAN_POINT('Ctrl Pts',(65.,146.427102982794,-195.319929514996));
#1668=CARTESIAN_POINT('Ctrl Pts',(65.,129.776759011398,-177.943154686813));
#1669=CARTESIAN_POINT('Ctrl Pts',(65.,107.403167040024,-154.459188582202));
#1670=CARTESIAN_POINT('Ctrl Pts',(65.,79.6537113567465,-125.00944570085));
#1671=CARTESIAN_POINT('Ctrl Pts',(65.,50.6576605170125,-93.525178724414));
#1672=CARTESIAN_POINT('Ctrl Pts',(65.,25.5887267234794,-65.2986129032531));
#1673=CARTESIAN_POINT('Ctrl Pts',(65.0000000000001,8.00886693805944,-44.5073512290199));
#1674=CARTESIAN_POINT('Ctrl Pts',(65.,-5.49976535788877,-27.2872206690477));
#1675=CARTESIAN_POINT('Ctrl Pts',(65.,-14.3388035852031,-15.0698321139776));
#1676=CARTESIAN_POINT('Ctrl Pts',(65.,-21.7454561735628,-3.41840584352533));
#1677=CARTESIAN_POINT('Ctrl Pts',(65.,-26.6658464482011,6.01628052724246));
#1678=CARTESIAN_POINT('Ctrl Pts',(65.,-29.2476081555801,13.405242035066));
#1679=CARTESIAN_POINT('Ctrl Pts',(65.,-30.1916171194609,18.0884479854586));
#1680=CARTESIAN_POINT('Ctrl Pts',(65.,-30.455971258692,21.9028412991395));
#1681=CARTESIAN_POINT('Ctrl Pts',(65.,-29.9204628553082,26.1876147122257));
#1682=CARTESIAN_POINT('Ctrl Pts',(65.,-28.2581601432853,29.8035426596552));
#1683=CARTESIAN_POINT('Ctrl Pts',(65.,-26.3373728543605,32.1614418163629));
#1684=CARTESIAN_POINT('Ctrl Pts',(65.,-25.0224440595611,33.4196621334104));
#1685=CARTESIAN_POINT('Ctrl Pts',(65.,-23.4880956030839,34.6548726932346));
#1686=CARTESIAN_POINT('Ctrl Pts',(65.,-22.1410072189981,35.5140724111726));
#1687=CARTESIAN_POINT('Ctrl Pts',(65.,-21.6013528197171,35.8295128500539));
#1688=CARTESIAN_POINT('Ctrl Pts',(60.,-19.0781669203107,31.5128552406255));
#1689=CARTESIAN_POINT('Ctrl Pts',(60.,-19.5144056124118,31.2578636669874));
#1690=CARTESIAN_POINT('Ctrl Pts',(60.,-20.5798617371296,30.5765931743847));
#1691=CARTESIAN_POINT('Ctrl Pts',(60.,-21.7218983446343,29.6537988790312));
#1692=CARTESIAN_POINT('Ctrl Pts',(60.,-22.6619173940829,28.7540997295806));
#1693=CARTESIAN_POINT('Ctrl Pts',(60.,-23.952556063884,27.1569563641471));
#1694=CARTESIAN_POINT('Ctrl Pts',(60.,-25.0208117650805,24.8479759759902));
#1695=CARTESIAN_POINT('Ctrl Pts',(60.,-25.4284046094681,21.8137733395067));
#1696=CARTESIAN_POINT('Ctrl Pts',(60.,-25.2267600394763,18.7844677388596));
#1697=CARTESIAN_POINT('Ctrl Pts',(60.,-24.4331281542499,14.8118609487853));
#1698=CARTESIAN_POINT('Ctrl Pts',(60.,-22.1094412777271,8.11662897465774));
#1699=CARTESIAN_POINT('Ctrl Pts',(60.0000000000001,-17.4301409489976,-0.886121187323353));
#1700=CARTESIAN_POINT('Ctrl Pts',(59.9999999999999,-10.2191409997245,-12.2291410106085));
#1701=CARTESIAN_POINT('Ctrl Pts',(60.0000000000001,-1.5142095455392,-24.2670667281741));
#1702=CARTESIAN_POINT('Ctrl Pts',(60.,11.8686646039234,-41.3266090678377));
#1703=CARTESIAN_POINT('Ctrl Pts',(60.,29.3606692231334,-62.0162723021072));
#1704=CARTESIAN_POINT('Ctrl Pts',(60.,54.3581033080195,-90.1619512211086));
#1705=CARTESIAN_POINT('Ctrl Pts',(60.0000000000001,83.3090938095087,-121.598014863647));
#1706=CARTESIAN_POINT('Ctrl Pts',(60.,111.032804227621,-151.020220496101));
#1707=CARTESIAN_POINT('Ctrl Pts',(60.,133.391584029029,-174.488758017166));
#1708=CARTESIAN_POINT('Ctrl Pts',(60.,150.032917117067,-191.856071026005));
#1709=CARTESIAN_POINT('Ctrl Pts',(60.,166.790858213936,-209.262665166229));
#1710=CARTESIAN_POINT('Ctrl Pts',(60.,178.176214435212,-221.042033372051));
#1711=CARTESIAN_POINT('Ctrl Pts',(60.,183.827236859038,-226.878879227834));
#1712=CARTESIAN_POINT('Ctrl Pts',(95.,-1.8536374634908,31.6369640754914));
#1713=CARTESIAN_POINT('Ctrl Pts',(85.,-1.8536374634908,31.6369640754914));
#1714=CARTESIAN_POINT('Ctrl Pts',(75.,-1.8536374634908,31.6369640754914));
#1715=CARTESIAN_POINT('Ctrl Pts',(65.,-1.8536374634908,31.6369640754914));
#1716=CARTESIAN_POINT('Ctrl Pts',(95.,-3.08494956119781,33.3492384566449));
#1717=CARTESIAN_POINT('Ctrl Pts',(85.,-3.08494956119781,33.3492384566449));
#1718=CARTESIAN_POINT('Ctrl Pts',(75.,-3.08494956119781,33.3492384566449));
#1719=CARTESIAN_POINT('Ctrl Pts',(65.,-3.08494956119781,33.3492384566449));
#1720=CARTESIAN_POINT('Ctrl Pts',(95.,-6.27848553303668,36.2396795086329));
#1721=CARTESIAN_POINT('Ctrl Pts',(85.,-6.27848553303668,36.2396795086329));
#1722=CARTESIAN_POINT('Ctrl Pts',(75.,-6.27848553303668,36.2396795086329));
#1723=CARTESIAN_POINT('Ctrl Pts',(65.,-6.27848553303668,36.2396795086329));
#1724=CARTESIAN_POINT('Ctrl Pts',(95.,-13.4580725450129,38.5864573657686));
#1725=CARTESIAN_POINT('Ctrl Pts',(85.,-13.4580725450129,38.5864573657686));
#1726=CARTESIAN_POINT('Ctrl Pts',(75.,-13.4580725450129,38.5864573657686));
#1727=CARTESIAN_POINT('Ctrl Pts',(65.,-13.4580725450129,38.5864573657686));
#1728=CARTESIAN_POINT('Ctrl Pts',(95.,-18.8701630125387,37.4259562638246));
#1729=CARTESIAN_POINT('Ctrl Pts',(85.,-18.8701630125387,37.4259562638246));
#1730=CARTESIAN_POINT('Ctrl Pts',(75.,-18.8701630125387,37.4259562638246));
#1731=CARTESIAN_POINT('Ctrl Pts',(65.,-18.8701630125387,37.4259562638246));
#1732=CARTESIAN_POINT('Ctrl Pts',(95.,-21.6013528197171,35.8295128500539));
#1733=CARTESIAN_POINT('Ctrl Pts',(85.,-21.6013528197171,35.8295128500539));
#1734=CARTESIAN_POINT('Ctrl Pts',(75.,-21.6013528197171,35.8295128500539));
#1735=CARTESIAN_POINT('Ctrl Pts',(65.,-21.6013528197171,35.8295128500539));
#1736=CARTESIAN_POINT('Ctrl Pts',(65.,-21.6013528197171,35.8295128500539));
#1737=CARTESIAN_POINT('Ctrl Pts',(75.,-21.6013528197171,35.8295128500539));
#1738=CARTESIAN_POINT('Ctrl Pts',(85.,-21.6013528197171,35.8295128500539));
#1739=CARTESIAN_POINT('Ctrl Pts',(95.,-21.6013528197171,35.8295128500539));
#1740=CARTESIAN_POINT('',(95.,-1.8536374634908,31.6369640754914));
#1741=CARTESIAN_POINT('Ctrl Pts',(95.,-1.85363746349079,31.6369640754914));
#1742=CARTESIAN_POINT('Ctrl Pts',(95.,-3.08489828168247,33.3491671468604));
#1743=CARTESIAN_POINT('Ctrl Pts',(95.,-6.28040005465271,36.2462639608042));
#1744=CARTESIAN_POINT('Ctrl Pts',(95.,-11.4059363287892,37.9121351068193));
#1745=CARTESIAN_POINT('Ctrl Pts',(95.,-16.7088481025987,37.9018405095163));
#1746=CARTESIAN_POINT('Ctrl Pts',(95.,-19.7806354441165,36.8937641353274));
#1747=CARTESIAN_POINT('Ctrl Pts',(95.,-21.6013528197171,35.8295128500539));
#1748=CARTESIAN_POINT('',(60.,-1.8536374634908,31.6369640754914));
#1749=CARTESIAN_POINT('Ctrl Pts',(60.,-1.8536374634908,41.6369640754914));
#1750=CARTESIAN_POINT('Ctrl Pts',(100.,-1.8536374634908,41.6369640754914));
#1751=CARTESIAN_POINT('Ctrl Pts',(60.,-73.5609436923036,31.6369640754914));
#1752=CARTESIAN_POINT('Ctrl Pts',(100.,-73.5609436923036,31.6369640754914));
#1753=CARTESIAN_POINT('Ctrl Pts',(60.0000000000001,183.146362536509,-233.363035924509));
#1754=CARTESIAN_POINT('Ctrl Pts',(100.,183.146362536509,-233.363035924509));
#1755=CARTESIAN_POINT('Origin',(65.,135.459669137393,-153.519673618159));
#1756=CARTESIAN_POINT('',(60.,23.2530150455515,13.274001383227));
#1757=CARTESIAN_POINT('',(60.,135.459669137393,-153.519673618159));
#1758=CARTESIAN_POINT('',(65.,27.4016255965516,16.0648848448089));
#1759=CARTESIAN_POINT('Origin',(65.,23.2530150455515,13.274001383227));
#1760=CARTESIAN_POINT('',(65.,139.608279688393,-150.728790156577));
#1761=CARTESIAN_POINT('Origin',(65.,-3.71295353594882,-4.86674111705501));
#1762=CARTESIAN_POINT('',(60.,3.72875675715118,26.7698033831519));
#1763=CARTESIAN_POINT('',(65.,4.87363526378195,31.6369640754914));
#1764=CARTESIAN_POINT('Origin',(65.,3.72875675715118,26.7698033831519));
#1765=CARTESIAN_POINT('Origin',(65.,-3.71295353594882,-4.86674111705501));
#1766=CARTESIAN_POINT('Origin',(60.,-3.71295353594882,-4.86674111705501));
#1767=CARTESIAN_POINT('Ctrl Pts',(65.,4.87363526378195,31.6369640754914));
#1768=CARTESIAN_POINT('Ctrl Pts',(65.,4.87363526378195,31.6369640754914));
#1769=CARTESIAN_POINT('Ctrl Pts',(65.,4.87363526378195,31.6369640754914));
#1770=CARTESIAN_POINT('Ctrl Pts',(60.,4.87363526378195,31.6369640754914));
#1771=CARTESIAN_POINT('Ctrl Pts',(60.,4.87363526378195,31.6369640754914));
#1772=CARTESIAN_POINT('Ctrl Pts',(60.,4.87363526378195,31.6369640754914));
#1773=CARTESIAN_POINT('Ctrl Pts',(60.,3.72875675715118,26.7698033831519));
#1774=CARTESIAN_POINT('Ctrl Pts',(60.,-0.126364736218056,27.6766248376305));
#1775=CARTESIAN_POINT('Ctrl Pts',(60.,-0.126364736218053,31.6369640754914));
#1776=CARTESIAN_POINT('',(60.,-0.126364736218053,31.6369640754914));
#1777=CARTESIAN_POINT('Origin',(65.,-0.126364736218054,31.6369640754914));
#1778=CARTESIAN_POINT('Origin',(60.,4.87363526378195,31.6369640754914));
#1779=CARTESIAN_POINT('Origin',(60.,54.7927094221028,-95.8630359245086));
#1780=CARTESIAN_POINT('',(60.,-1.8536374634908,31.6369640754914));
#1781=CARTESIAN_POINT('Origin',(60.0000000000001,191.443583638509,-227.781269001345));
#1782=CARTESIAN_POINT('',(60.,27.4016255965516,16.0648848448089));
#1783=CARTESIAN_POINT('Ctrl Pts',(100.,-19.0781669203107,31.5128552406255));
#1784=CARTESIAN_POINT('Ctrl Pts',(100.,-17.8643553365772,32.2223560974743));
#1785=CARTESIAN_POINT('Ctrl Pts',(100.,-15.8164971088985,32.8944070136004));
#1786=CARTESIAN_POINT('Ctrl Pts',(100.,-12.2812225930256,32.901270078469));
#1787=CARTESIAN_POINT('Ctrl Pts',(100.,-8.86419841026781,31.790689314459));
#1788=CARTESIAN_POINT('Ctrl Pts',(100.,-6.73386389495422,29.8592914384964));
#1789=CARTESIAN_POINT('Ctrl Pts',(100.,-5.91302334949316,28.7178227242504));
#1790=CARTESIAN_POINT('Ctrl Pts',(100.,-19.4556346481782,32.1586257089037));
#1791=CARTESIAN_POINT('Ctrl Pts',(100.,-18.1509838341692,32.9212241902765));
#1792=CARTESIAN_POINT('Ctrl Pts',(100.,-15.9500332188391,33.6435707508445));
#1793=CARTESIAN_POINT('Ctrl Pts',(100.,-12.1502402071169,33.6509646051826));
#1794=CARTESIAN_POINT('Ctrl Pts',(100.,-8.47762282158905,32.4572896235422));
#1795=CARTESIAN_POINT('Ctrl Pts',(100.,-6.18801125054537,30.3814191981115));
#1796=CARTESIAN_POINT('Ctrl Pts',(100.,-5.30574064103834,29.1545252491956));
#1797=CARTESIAN_POINT('Ctrl Pts',(99.6576321480877,-20.2089451179849,33.4473866252193));
#1798=CARTESIAN_POINT('Ctrl Pts',(99.6576321480877,-18.7229009864711,34.3160136829552));
#1799=CARTESIAN_POINT('Ctrl Pts',(99.6576321480877,-16.2166236345292,35.1387952510545));
#1800=CARTESIAN_POINT('Ctrl Pts',(99.6576321480877,-11.8887481806947,35.1472882492406));
#1801=CARTESIAN_POINT('Ctrl Pts',(99.6576321480877,-7.70604381470174,33.7877300428134));
#1802=CARTESIAN_POINT('Ctrl Pts',(99.6576321480877,-5.0987274653581,31.4235265790046));
#1803=CARTESIAN_POINT('Ctrl Pts',(99.6576321480877,-4.09378955585245,30.02605030934));
#1804=CARTESIAN_POINT('Ctrl Pts',(97.9849495024884,-21.2701441977086,35.2628822982433));
#1805=CARTESIAN_POINT('Ctrl Pts',(97.9849495024884,-19.5290452498579,36.2805947767806));
#1806=CARTESIAN_POINT('Ctrl Pts',(97.9849495024884,-16.5917546262263,37.2445895444828));
#1807=CARTESIAN_POINT('Ctrl Pts',(97.9849495024884,-11.5207906569461,37.2544516418095));
#1808=CARTESIAN_POINT('Ctrl Pts',(97.9849495024884,-6.61952359683633,35.6614476223696));
#1809=CARTESIAN_POINT('Ctrl Pts',(97.9849495024883,-3.56391580100476,32.8911098313527));
#1810=CARTESIAN_POINT('Ctrl Pts',(97.9849495024883,-2.38649697488076,31.2537799491771));
#1811=CARTESIAN_POINT('Ctrl Pts',(96.1219973762821,-21.6013528197171,35.8295128500539));
#1812=CARTESIAN_POINT('Ctrl Pts',(96.1219973762821,-19.7799185046295,36.8941832029876));
#1813=CARTESIAN_POINT('Ctrl Pts',(96.1219973762821,-16.7094780448333,37.9026673333516));
#1814=CARTESIAN_POINT('Ctrl Pts',(96.1219973762821,-11.4053194836903,37.9132316706367));
#1815=CARTESIAN_POINT('Ctrl Pts',(96.1219973762821,-6.27977715069186,36.2470051079815));
#1816=CARTESIAN_POINT('Ctrl Pts',(96.1219973762821,-3.08538311228341,33.3498413569317));
#1817=CARTESIAN_POINT('Ctrl Pts',(96.1219973762821,-1.85363746349079,31.6369640754914));
#1818=CARTESIAN_POINT('Ctrl Pts',(95.,-21.6013528197171,35.8295128500539));
#1819=CARTESIAN_POINT('Ctrl Pts',(95.,-19.7806354441165,36.8937641353274));
#1820=CARTESIAN_POINT('Ctrl Pts',(95.,-16.7088481025987,37.9018405095163));
#1821=CARTESIAN_POINT('Ctrl Pts',(95.,-11.4059363287892,37.9121351068193));
#1822=CARTESIAN_POINT('Ctrl Pts',(95.,-6.28040005465271,36.2462639608042));
#1823=CARTESIAN_POINT('Ctrl Pts',(95.,-3.08489828168247,33.3491671468604));
#1824=CARTESIAN_POINT('Ctrl Pts',(95.,-1.85363746349079,31.6369640754914));
#1825=CARTESIAN_POINT('Ctrl Pts',(95.,-1.85363746349081,31.6369640754914));
#1826=CARTESIAN_POINT('Ctrl Pts',(95.5340462870507,-1.85363746349081,31.6369640754914));
#1827=CARTESIAN_POINT('Ctrl Pts',(96.0593587229868,-1.95890821228533,31.6369640754844));
#1828=CARTESIAN_POINT('Ctrl Pts',(97.0882467318363,-2.37713845094382,31.6369640754844));
#1829=CARTESIAN_POINT('Ctrl Pts',(97.5698422306066,-2.69828375584542,31.6369640741128));
#1830=CARTESIAN_POINT('Ctrl Pts',(98.4883698639002,-3.57520334386445,31.6369640741128));
#1831=CARTESIAN_POINT('Ctrl Pts',(98.8830269868989,-4.15004362245055,31.6369640754914));
#1832=CARTESIAN_POINT('Ctrl Pts',(99.4710635334805,-5.38539450816272,31.6369640754914));
#1833=CARTESIAN_POINT('Ctrl Pts',(99.6663703740808,-6.03265061100615,31.6369640754914));
#1834=CARTESIAN_POINT('Ctrl Pts',(99.9502887919564,-7.52050798901783,31.6369640754914));
#1835=CARTESIAN_POINT('Ctrl Pts',(99.9999999974503,-8.3608319685931,31.6369640754914));
#1836=CARTESIAN_POINT('Ctrl Pts',(100.,-9.20400840607314,31.6369640754914));
#1837=CARTESIAN_POINT('Origin',(95.,-3.71295353594882,-4.86674111705501));
#1838=CARTESIAN_POINT('',(95.,4.87363526378195,31.6369640754914));
#1839=CARTESIAN_POINT('Origin',(95.,3.72875675715118,26.7698033831519));
#1840=CARTESIAN_POINT('Origin',(95.,-3.71295353594882,-4.86674111705501));
#1841=CARTESIAN_POINT('Ctrl Pts',(95.,4.87363526378195,31.6369640754914));
#1842=CARTESIAN_POINT('Ctrl Pts',(95.,4.87363526378195,31.6369640754914));
#1843=CARTESIAN_POINT('Ctrl Pts',(95.,4.87363526378195,31.6369640754914));
#1844=CARTESIAN_POINT('Ctrl Pts',(100.,4.87363526378195,31.6369640754914));
#1845=CARTESIAN_POINT('Ctrl Pts',(100.,4.87363526378195,31.6369640754914));
#1846=CARTESIAN_POINT('Ctrl Pts',(100.,4.87363526378195,31.6369640754914));
#1847=CARTESIAN_POINT('Ctrl Pts',(100.,-0.126364736218053,31.6369640754914));
#1848=CARTESIAN_POINT('Ctrl Pts',(100.,-0.126364736218114,27.6766248376305));
#1849=CARTESIAN_POINT('Ctrl Pts',(100.,3.72875675715118,26.7698033831519));
#1850=CARTESIAN_POINT('Origin',(95.,-0.126364736218054,31.6369640754914));
#1851=CARTESIAN_POINT('Origin',(60.,-3.71295353594882,-4.86674111705501));
#1852=CARTESIAN_POINT('',(60.,4.87363526378195,31.6369640754914));
#1853=CARTESIAN_POINT('Origin',(60.,4.87363526378193,31.6369640754914));
#1854=UNCERTAINTY_MEASURE_WITH_UNIT(LENGTH_MEASURE(0.01),#1858,
'DISTANCE_ACCURACY_VALUE',
'Maximum model space distance between geometric entities at asserted c
onnectivities');
#1855=UNCERTAINTY_MEASURE_WITH_UNIT(LENGTH_MEASURE(0.01),#1858,
'DISTANCE_ACCURACY_VALUE',
'Maximum model space distance between geometric entities at asserted c
onnectivities');
#1856=(
GEOMETRIC_REPRESENTATION_CONTEXT(3)
GLOBAL_UNCERTAINTY_ASSIGNED_CONTEXT((#1854))
GLOBAL_UNIT_ASSIGNED_CONTEXT((#1858,#1860,#1861))
REPRESENTATION_CONTEXT('','3D')
);
#1857=(
GEOMETRIC_REPRESENTATION_CONTEXT(3)
GLOBAL_UNCERTAINTY_ASSIGNED_CONTEXT((#1855))
GLOBAL_UNIT_ASSIGNED_CONTEXT((#1858,#1860,#1861))
REPRESENTATION_CONTEXT('','3D')
);
#1858=(
LENGTH_UNIT()
NAMED_UNIT(*)
SI_UNIT(.MILLI.,.METRE.)
);
#1859=(
LENGTH_UNIT()
NAMED_UNIT(*)
SI_UNIT($,.METRE.)
);
#1860=(
NAMED_UNIT(*)
PLANE_ANGLE_UNIT()
SI_UNIT($,.RADIAN.)
);
#1861=(
NAMED_UNIT(*)
SI_UNIT($,.STERADIAN.)
SOLID_ANGLE_UNIT()
);
#1862=SHAPE_DEFINITION_REPRESENTATION(#1863,#1864);
#1863=PRODUCT_DEFINITION_SHAPE('',$,#1866);
#1864=SHAPE_REPRESENTATION('',(#668),#1856);
#1865=PRODUCT_DEFINITION_CONTEXT('part definition',#1870,'design');
#1866=PRODUCT_DEFINITION('(Unsaved)','(Unsaved)',#1867,#1865);
#1867=PRODUCT_DEFINITION_FORMATION('',$,#1872);
#1868=PRODUCT_RELATED_PRODUCT_CATEGORY('(Unsaved)','(Unsaved)',(#1872));
#1869=APPLICATION_PROTOCOL_DEFINITION('international standard',
'automotive_design',2009,#1870);
#1870=APPLICATION_CONTEXT(
'Core Data for Automotive Mechanical Design Process');
#1871=PRODUCT_CONTEXT('part definition',#1870,'mechanical');
#1872=PRODUCT('(Unsaved)','(Unsaved)',$,(#1871));
#1873=PRESENTATION_STYLE_ASSIGNMENT((#1874));
#1874=SURFACE_STYLE_USAGE(.BOTH.,#1875);
#1875=SURFACE_SIDE_STYLE('',(#1876));
#1876=SURFACE_STYLE_FILL_AREA(#1877);
#1877=FILL_AREA_STYLE('Steel - Satin',(#1878));
#1878=FILL_AREA_STYLE_COLOUR('Steel - Satin',#1879);
#1879=COLOUR_RGB('Steel - Satin',0.627450980392157,0.627450980392157,0.627450980392157);
ENDSEC;
END-ISO-10303-21;
