ISO-10303-21;
HEADER;
/* Generated by software containing ST-Developer
 * from STEP Tools, Inc. (www.steptools.com) 
 */

FILE_DESCRIPTION(
/* description */ (''),
/* implementation_level */ '2;1');

FILE_NAME(
/* name */ 'joint part of hip.step',
/* time_stamp */ '2026-07-02T12:50:49+05:30',
/* author */ (''),
/* organization */ (''),
/* preprocessor_version */ 'ST-DEVELOPER v20.1',
/* originating_system */ 'Autodesk Translation Framework v15.8.0.0',
/* authorisation */ '');

FILE_SCHEMA (('AUTOMOTIVE_DESIGN { 1 0 10303 214 3 1 1 }'));
ENDSEC;

DATA;
#10=MECHANICAL_DESIGN_GEOMETRIC_PRESENTATION_REPRESENTATION('',(#158,#159),
#2296);
#11=ITEM_DEFINED_TRANSFORMATION($,$,#762,#837);
#12=(
REPRESENTATION_RELATIONSHIP($,$,#2307,#2306)
REPRESENTATION_RELATIONSHIP_WITH_TRANSFORMATION(#11)
SHAPE_REPRESENTATION_RELATIONSHIP()
);
#13=CONTEXT_DEPENDENT_SHAPE_REPRESENTATION(#12,#2305);
#14=NEXT_ASSEMBLY_USAGE_OCCURRENCE('Hip joint Cup v1:1',
'Hip joint Cup v1:1','Hip joint Cup v1:1',#2309,#2310,
'Hip joint Cup v1:1');
#15=(
BOUNDED_SURFACE()
B_SPLINE_SURFACE(2,2,((#1910,#1911,#1912),(#1913,#1914,#1915),(#1916,#1917,
#1918)),.UNSPECIFIED.,.F.,.F.,.F.)
B_SPLINE_SURFACE_WITH_KNOTS((3,3),(3,3),(-0.717403316820266,0.),(-2.69932797186991,
-2.42686543312528),.UNSPECIFIED.)
GEOMETRIC_REPRESENTATION_ITEM()
RATIONAL_B_SPLINE_SURFACE(((1.,0.990734863203529,1.),(0.936353407021303,
0.927677964615409,0.936353407021303),(1.,0.990734863203529,1.)))
REPRESENTATION_ITEM('')
SURFACE()
);
#16=(
BOUNDED_SURFACE()
B_SPLINE_SURFACE(2,2,((#1926,#1927,#1928,#1929,#1930),(#1931,#1932,#1933,
#1934,#1935),(#1936,#1937,#1938,#1939,#1940)),.UNSPECIFIED.,.F.,.F.,.F.)
B_SPLINE_SURFACE_WITH_KNOTS((3,3),(3,2,3),(-1.5707963267949,0.),(-0.442264681719881,
0.921269138023559,2.284802957767),.UNSPECIFIED.)
GEOMETRIC_REPRESENTATION_ITEM()
RATIONAL_B_SPLINE_SURFACE(((1.,0.77646048494839,1.,0.77646048494839,1.),
(0.707106781186567,0.549040474230416,0.707106781186567,0.549040474230416,
0.707106781186567),(1.,0.77646048494839,1.,0.77646048494839,1.)))
REPRESENTATION_ITEM('')
SURFACE()
);
#17=ELLIPSE('',#783,91.1567758515171,62.5);
#18=ELLIPSE('',#784,68.173862691333,62.5);
#19=ELLIPSE('',#785,87.8040875110249,57.5);
#20=ELLIPSE('',#789,6.28850800727871,2.5);
#21=ELLIPSE('',#791,7.63513804443695,5.);
#22=ELLIPSE('',#795,7.90569415042095,2.5);
#23=ELLIPSE('',#796,7.90569415042095,2.5);
#24=ELLIPSE('',#804,10.8504779517086,2.5);
#25=ELLIPSE('',#806,11.6825884024267,5.);
#26=ELLIPSE('',#807,10.8504779517086,2.5);
#27=ELLIPSE('',#808,11.6825884024267,5.);
#28=ELLIPSE('',#827,63.6213451151163,57.5);
#29=TOROIDAL_SURFACE('',#774,55.,7.5);
#30=TOROIDAL_SURFACE('',#817,4.,2.5);
#31=LINE('',#1166,#61);
#32=LINE('',#1169,#62);
#33=LINE('',#1243,#63);
#34=LINE('',#1244,#64);
#35=LINE('',#1403,#65);
#36=LINE('',#1405,#66);
#37=LINE('',#1413,#67);
#38=LINE('',#1423,#68);
#39=LINE('',#1465,#69);
#40=LINE('',#1467,#70);
#41=LINE('',#1468,#71);
#42=LINE('',#1473,#72);
#43=LINE('',#1505,#73);
#44=LINE('',#1513,#74);
#45=LINE('',#1514,#75);
#46=LINE('',#1571,#76);
#47=LINE('',#1777,#77);
#48=LINE('',#1798,#78);
#49=LINE('',#1801,#79);
#50=LINE('',#1804,#80);
#51=LINE('',#1898,#81);
#52=LINE('',#1904,#82);
#53=LINE('',#1909,#83);
#54=LINE('',#1925,#84);
#55=LINE('',#1949,#85);
#56=LINE('',#1950,#86);
#57=LINE('',#1998,#87);
#58=LINE('',#2000,#88);
#59=LINE('',#2032,#89);
#60=LINE('',#2178,#90);
#61=VECTOR('',#862,10.);
#62=VECTOR('',#865,10.);
#63=VECTOR('',#878,10.);
#64=VECTOR('',#879,10.);
#65=VECTOR('',#884,10.);
#66=VECTOR('',#885,10.);
#67=VECTOR('',#886,10.);
#68=VECTOR('',#891,10.);
#69=VECTOR('',#900,10.);
#70=VECTOR('',#901,10.);
#71=VECTOR('',#902,10.);
#72=VECTOR('',#907,10.);
#73=VECTOR('',#916,10.);
#74=VECTOR('',#917,10.);
#75=VECTOR('',#918,10.);
#76=VECTOR('',#929,10.);
#77=VECTOR('',#932,10.);
#78=VECTOR('',#935,10.);
#79=VECTOR('',#938,10.);
#80=VECTOR('',#941,10.);
#81=VECTOR('',#956,10.);
#82=VECTOR('',#963,10.);
#83=VECTOR('',#970,10.);
#84=VECTOR('',#981,10.);
#85=VECTOR('',#992,10.);
#86=VECTOR('',#993,10.);
#87=VECTOR('',#1000,10.);
#88=VECTOR('',#1003,10.);
#89=VECTOR('',#1006,10.);
#90=VECTOR('',#1013,10.);
#91=CYLINDRICAL_SURFACE('',#772,7.5);
#92=CYLINDRICAL_SURFACE('',#778,7.5);
#93=CYLINDRICAL_SURFACE('',#782,62.5);
#94=CYLINDRICAL_SURFACE('',#788,2.5);
#95=CYLINDRICAL_SURFACE('',#797,5.);
#96=CYLINDRICAL_SURFACE('',#800,2.5);
#97=CYLINDRICAL_SURFACE('',#801,2.5);
#98=CYLINDRICAL_SURFACE('',#811,2.5);
#99=CYLINDRICAL_SURFACE('',#814,2.5);
#100=CYLINDRICAL_SURFACE('',#819,5.);
#101=CYLINDRICAL_SURFACE('',#824,5.);
#102=CYLINDRICAL_SURFACE('',#828,5.);
#103=CYLINDRICAL_SURFACE('',#831,6.5);
#104=B_SPLINE_CURVE_WITH_KNOTS('',3,(#1074,#1075,#1076,#1077,#1078),
 .UNSPECIFIED.,.F.,.F.,(4,1,4),(-0.28246419147511,-0.121056082060765,-5.2289081658713E-15),
 .UNSPECIFIED.);
#105=B_SPLINE_CURVE_WITH_KNOTS('',3,(#1081,#1082,#1083,#1084,#1085),
 .UNSPECIFIED.,.F.,.F.,(4,1,4),(5.2289081658713E-15,0.121056082060765,0.28246419147511),
 .UNSPECIFIED.);
#106=B_SPLINE_CURVE_WITH_KNOTS('',3,(#1142,#1143,#1144,#1145,#1146,#1147,
#1148,#1149,#1150,#1151,#1152),.UNSPECIFIED.,.F.,.F.,(4,1,1,1,1,1,2,4),
(-0.446497054380464,-0.357197643504371,-0.312547938066325,-0.267898232628278,
-0.178598821752185,-0.0892994108760927,0.,0.00166494492578408),
 .UNSPECIFIED.);
#107=B_SPLINE_CURVE_WITH_KNOTS('',3,(#1153,#1154,#1155,#1156,#1157,#1158,
#1159,#1160,#1161,#1162,#1163),.UNSPECIFIED.,.F.,.F.,(4,2,1,1,1,1,1,4),
(-0.00166494492578408,0.,0.0892994108760927,0.178598821752185,0.267898232628278,
0.312547938066325,0.357197643504371,0.446497054380464),.UNSPECIFIED.);
#108=B_SPLINE_CURVE_WITH_KNOTS('',3,(#1196,#1197,#1198,#1199,#1200,#1201,
#1202,#1203,#1204,#1205,#1206,#1207,#1208,#1209,#1210,#1211,#1212,#1213),
 .UNSPECIFIED.,.F.,.F.,(4,2,2,2,2,2,2,2,4),(0.0474272563467564,0.164879957700741,
0.245588515064806,0.282697611444526,0.299592194355536,0.30670382413364,
0.308972191076701,0.309996195706152,0.310253625966578),.UNSPECIFIED.);
#109=B_SPLINE_CURVE_WITH_KNOTS('',3,(#1215,#1216,#1217,#1218,#1219),
 .UNSPECIFIED.,.F.,.F.,(4,1,4),(0.,0.39321539293179,0.688126937630633),
 .UNSPECIFIED.);
#110=B_SPLINE_CURVE_WITH_KNOTS('',3,(#1221,#1222,#1223,#1224),
 .UNSPECIFIED.,.F.,.F.,(4,4),(0.,0.324501793876621),.UNSPECIFIED.);
#111=B_SPLINE_CURVE_WITH_KNOTS('',3,(#1225,#1226,#1227,#1228,#1229,#1230,
#1231,#1232),.UNSPECIFIED.,.F.,.F.,(4,2,2,4),(0.,0.122770289750857,0.184516334932605,
0.244487805282076),.UNSPECIFIED.);
#112=B_SPLINE_CURVE_WITH_KNOTS('',3,(#1270,#1271,#1272,#1273),
 .UNSPECIFIED.,.F.,.F.,(4,4),(-0.000537718737958977,0.),.UNSPECIFIED.);
#113=B_SPLINE_CURVE_WITH_KNOTS('',3,(#1276,#1277,#1278,#1279),
 .UNSPECIFIED.,.F.,.F.,(4,4),(0.,0.000537718737958977),.UNSPECIFIED.);
#114=B_SPLINE_CURVE_WITH_KNOTS('',3,(#1371,#1372,#1373,#1374,#1375,#1376,
#1377,#1378,#1379,#1380,#1381,#1382,#1383,#1384,#1385),.UNSPECIFIED.,.F.,
 .F.,(4,1,1,1,1,1,1,1,1,1,2,4),(0.,0.238499576856895,0.47699915371379,0.715498730570686,
0.953998307427581,1.19249788428448,1.43099746114137,1.66949703799827,1.90799661485516,
2.14649619171206,2.38499576856895,2.38814701498472),.UNSPECIFIED.);
#115=B_SPLINE_CURVE_WITH_KNOTS('',3,(#1386,#1387,#1388,#1389,#1390,#1391,
#1392,#1393,#1394,#1395,#1396,#1397,#1398,#1399,#1400),.UNSPECIFIED.,.F.,
 .F.,(4,2,1,1,1,1,1,1,1,1,1,4),(-2.38814701498472,-2.38499576856895,-2.14649619171206,
-1.90799661485516,-1.66949703799827,-1.43099746114137,-1.19249788428448,
-0.953998307427581,-0.715498730570686,-0.47699915371379,-0.238499576856895,
0.),.UNSPECIFIED.);
#116=B_SPLINE_CURVE_WITH_KNOTS('',3,(#1407,#1408,#1409,#1410,#1411),
 .UNSPECIFIED.,.F.,.F.,(4,1,4),(-0.582790399255898,-0.333023085289085,0.),
 .UNSPECIFIED.);
#117=B_SPLINE_CURVE_WITH_KNOTS('',3,(#1414,#1415,#1416,#1417,#1418),
 .UNSPECIFIED.,.F.,.F.,(4,1,4),(1.05743447593872,2.19366169268991,3.34718895453734),
 .UNSPECIFIED.);
#118=B_SPLINE_CURVE_WITH_KNOTS('',3,(#1507,#1508,#1509,#1510,#1511),
 .UNSPECIFIED.,.F.,.F.,(4,1,4),(0.801851794411206,2.19366169268991,3.34718895453734),
 .UNSPECIFIED.);
#119=B_SPLINE_CURVE_WITH_KNOTS('',3,(#1597,#1598,#1599,#1600),
 .UNSPECIFIED.,.F.,.F.,(4,4),(-0.000466886252243899,0.),.UNSPECIFIED.);
#120=B_SPLINE_CURVE_WITH_KNOTS('',3,(#1603,#1604,#1605,#1606),
 .UNSPECIFIED.,.F.,.F.,(4,4),(0.,0.000466886252243899),.UNSPECIFIED.);
#121=B_SPLINE_CURVE_WITH_KNOTS('',3,(#1686,#1687,#1688,#1689,#1690,#1691,
#1692,#1693,#1694,#1695,#1696,#1697,#1698),.UNSPECIFIED.,.F.,.F.,(4,1,1,
1,1,1,1,1,2,4),(-2.0929041993989,-1.88361377945901,-1.67432335951912,-1.25574251963934,
-0.837161679759559,-0.627871259819669,-0.418580839879779,-0.20929041993989,
0.,0.0026847175399987),.UNSPECIFIED.);
#122=B_SPLINE_CURVE_WITH_KNOTS('',3,(#1699,#1700,#1701,#1702,#1703,#1704,
#1705,#1706,#1707,#1708,#1709,#1710,#1711),.UNSPECIFIED.,.F.,.F.,(4,2,1,
1,1,1,1,1,1,4),(-0.0026847175399987,0.,0.20929041993989,0.418580839879779,
0.627871259819669,0.837161679759559,1.25574251963934,1.67432335951912,1.88361377945901,
2.0929041993989),.UNSPECIFIED.);
#123=B_SPLINE_CURVE_WITH_KNOTS('',3,(#1779,#1780,#1781,#1782,#1783,#1784,
#1785,#1786,#1787,#1788),.UNSPECIFIED.,.F.,.F.,(4,2,2,2,4),(-1.87648580847278,
-1.8734250492815,-1.17285462108331,-0.656624257930354,0.),.UNSPECIFIED.);
#124=B_SPLINE_CURVE_WITH_KNOTS('',3,(#1789,#1790,#1791,#1792,#1793,#1794,
#1795,#1796),.UNSPECIFIED.,.F.,.F.,(4,1,1,1,1,4),(-4.48099999347052,-3.71855389321032,
-2.19366169268991,-0.66876949216951,0.0936766080906913,0.856122708350893),
 .UNSPECIFIED.);
#125=B_SPLINE_CURVE_WITH_KNOTS('',3,(#1855,#1856,#1857,#1858,#1859,#1860,
#1861,#1862,#1863,#1864),.UNSPECIFIED.,.F.,.F.,(4,2,2,2,4),(0.,0.0810096735361417,
0.171350756563582,0.263514886022267,0.264417155382011),.UNSPECIFIED.);
#126=B_SPLINE_CURVE_WITH_KNOTS('',3,(#1865,#1866,#1867,#1868,#1869),
 .UNSPECIFIED.,.F.,.F.,(4,1,4),(0.281316314307801,0.520870827775158,0.700536712875675),
 .UNSPECIFIED.);
#127=B_SPLINE_CURVE_WITH_KNOTS('',3,(#1870,#1871,#1872,#1873),
 .UNSPECIFIED.,.F.,.F.,(4,4),(-0.700536712875675,-0.554336359350906),
 .UNSPECIFIED.);
#128=B_SPLINE_CURVE_WITH_KNOTS('',3,(#2021,#2022,#2023,#2024,#2025,#2026,
#2027,#2028,#2029,#2030),.UNSPECIFIED.,.F.,.F.,(4,2,2,2,4),(0.,0.0393023963711317,
0.0998893629003722,0.233162607258261,0.32037604145029),.UNSPECIFIED.);
#129=B_SPLINE_CURVE_WITH_KNOTS('',3,(#2035,#2036,#2037,#2038,#2039),
 .UNSPECIFIED.,.F.,.F.,(4,1,4),(0.277357919789474,1.42975137215147,2.56447042935983),
 .UNSPECIFIED.);
#130=B_SPLINE_CURVE_WITH_KNOTS('',3,(#2105,#2106,#2107,#2108,#2109,#2110,
#2111,#2112),.UNSPECIFIED.,.F.,.F.,(4,1,1,1,1,4),(-4.47781082277122,-3.71579596011628,
-2.95378109746134,-1.42975137215147,0.0942783531584014,0.856293215813338),
 .UNSPECIFIED.);
#131=B_SPLINE_CURVE_WITH_KNOTS('',3,(#2180,#2181,#2182,#2183,#2184,#2185,
#2186,#2187,#2188,#2189),.UNSPECIFIED.,.F.,.F.,(4,2,2,2,4),(0.,0.656624257930308,
1.17285462108328,1.87342504920721,1.87648580839559),.UNSPECIFIED.);
#132=B_SPLINE_CURVE_WITH_KNOTS('',3,(#2190,#2191,#2192,#2193,#2194,#2195,
#2196,#2197),.UNSPECIFIED.,.F.,.F.,(4,1,1,1,1,4),(-4.48099999347052,-3.71855389321032,
-2.19366169268991,-0.668769492169509,0.0936766080906931,0.856122708350895),
 .UNSPECIFIED.);
#133=B_SPLINE_CURVE_WITH_KNOTS('',3,(#2270,#2271,#2272,#2273,#2274,#2275,
#2276,#2277,#2278),.UNSPECIFIED.,.F.,.F.,(4,1,1,1,1,1,4),(-4.47781082277122,
-3.71579596011628,-2.95378109746134,-2.19176623480641,-0.667736509496534,
0.0942783531584019,0.856293215813338),.UNSPECIFIED.);
#134=B_SPLINE_CURVE_WITH_KNOTS('',3,(#2279,#2280,#2281,#2282,#2283,#2284),
 .UNSPECIFIED.,.F.,.F.,(4,1,1,4),(0.277308468769255,0.667736509496534,2.19176623480641,
2.82008127114493),.UNSPECIFIED.);
#135=B_SPLINE_SURFACE_WITH_KNOTS('',3,3,((#1035,#1036,#1037,#1038,#1039),
(#1040,#1041,#1042,#1043,#1044),(#1045,#1046,#1047,#1048,#1049),(#1050,
#1051,#1052,#1053,#1054),(#1055,#1056,#1057,#1058,#1059),(#1060,#1061,#1062,
#1063,#1064),(#1065,#1066,#1067,#1068,#1069)),.UNSPECIFIED.,.F.,.F.,.F.,
(4,1,1,1,4),(4,1,4),(0.,0.285714285714286,0.571428571428571,0.714285714285714,
1.),(5.2289081658713E-15,0.121056082060765,0.28246419147511),
 .UNSPECIFIED.);
#136=B_SPLINE_SURFACE_WITH_KNOTS('',3,3,((#1086,#1087,#1088,#1089,#1090,
#1091,#1092,#1093,#1094,#1095,#1096),(#1097,#1098,#1099,#1100,#1101,#1102,
#1103,#1104,#1105,#1106,#1107),(#1108,#1109,#1110,#1111,#1112,#1113,#1114,
#1115,#1116,#1117,#1118),(#1119,#1120,#1121,#1122,#1123,#1124,#1125,#1126,
#1127,#1128,#1129),(#1130,#1131,#1132,#1133,#1134,#1135,#1136,#1137,#1138,
#1139,#1140)),.UNSPECIFIED.,.F.,.F.,.F.,(4,1,4),(4,1,1,1,1,1,2,4),(0.,0.571428571428571,
1.),(-0.446497054380464,-0.357197643504371,-0.312547938066325,-0.267898232628278,
-0.178598821752185,-0.0892994108760927,0.,0.00166494492578408),
 .UNSPECIFIED.);
#137=B_SPLINE_SURFACE_WITH_KNOTS('',3,3,((#1170,#1171,#1172,#1173,#1174),
(#1175,#1176,#1177,#1178,#1179),(#1180,#1181,#1182,#1183,#1184),(#1185,
#1186,#1187,#1188,#1189),(#1190,#1191,#1192,#1193,#1194)),.UNSPECIFIED.,
 .F.,.F.,.F.,(4,1,4),(4,1,4),(0.,0.571428571428571,1.),(-0.688126937630633,
-0.39321539293179,0.),.UNSPECIFIED.);
#138=B_SPLINE_SURFACE_WITH_KNOTS('',3,3,((#1245,#1246,#1247,#1248),(#1249,
#1250,#1251,#1252),(#1253,#1254,#1255,#1256),(#1257,#1258,#1259,#1260),
(#1261,#1262,#1263,#1264),(#1265,#1266,#1267,#1268)),.UNSPECIFIED.,.F.,
 .F.,.F.,(4,1,1,4),(4,4),(0.,0.285714285714286,0.571428571428571,1.),(0.,
0.000537718737958977),.UNSPECIFIED.);
#139=B_SPLINE_SURFACE_WITH_KNOTS('',3,3,((#1280,#1281,#1282,#1283,#1284,
#1285,#1286,#1287,#1288,#1289,#1290,#1291,#1292,#1293,#1294),(#1295,#1296,
#1297,#1298,#1299,#1300,#1301,#1302,#1303,#1304,#1305,#1306,#1307,#1308,
#1309),(#1310,#1311,#1312,#1313,#1314,#1315,#1316,#1317,#1318,#1319,#1320,
#1321,#1322,#1323,#1324),(#1325,#1326,#1327,#1328,#1329,#1330,#1331,#1332,
#1333,#1334,#1335,#1336,#1337,#1338,#1339),(#1340,#1341,#1342,#1343,#1344,
#1345,#1346,#1347,#1348,#1349,#1350,#1351,#1352,#1353,#1354),(#1355,#1356,
#1357,#1358,#1359,#1360,#1361,#1362,#1363,#1364,#1365,#1366,#1367,#1368,
#1369)),.UNSPECIFIED.,.F.,.F.,.F.,(4,1,1,4),(4,1,1,1,1,1,1,1,1,1,2,4),(0.,
0.285714285714286,0.571428571428571,1.),(0.,0.238499576856895,0.47699915371379,
0.715498730570686,0.953998307427581,1.19249788428448,1.43099746114137,1.66949703799827,
1.90799661485516,2.14649619171206,2.38499576856895,2.38814701498472),
 .UNSPECIFIED.);
#140=B_SPLINE_SURFACE_WITH_KNOTS('',3,3,((#1425,#1426,#1427,#1428,#1429),
(#1430,#1431,#1432,#1433,#1434),(#1435,#1436,#1437,#1438,#1439),(#1440,
#1441,#1442,#1443,#1444),(#1445,#1446,#1447,#1448,#1449),(#1450,#1451,#1452,
#1453,#1454),(#1455,#1456,#1457,#1458,#1459)),.UNSPECIFIED.,.F.,.F.,.F.,
(4,1,1,1,4),(4,1,4),(0.,0.285714285714286,0.571428571428571,0.714285714285714,
1.),(0.967628800584179,1.2261291689602,1.5707963267949),.UNSPECIFIED.);
#141=B_SPLINE_SURFACE_WITH_KNOTS('',3,3,((#1475,#1476,#1477,#1478,#1479),
(#1480,#1481,#1482,#1483,#1484),(#1485,#1486,#1487,#1488,#1489),(#1490,
#1491,#1492,#1493,#1494),(#1495,#1496,#1497,#1498,#1499)),.UNSPECIFIED.,
 .F.,.F.,.F.,(4,1,4),(4,1,4),(0.,0.571428571428571,1.),(0.37119037641439,
0.88530721229175,1.5707963267949),.UNSPECIFIED.);
#142=B_SPLINE_SURFACE_WITH_KNOTS('',3,3,((#1515,#1516,#1517,#1518,#1519,
#1520,#1521,#1522),(#1523,#1524,#1525,#1526,#1527,#1528,#1529,#1530),(#1531,
#1532,#1533,#1534,#1535,#1536,#1537,#1538),(#1539,#1540,#1541,#1542,#1543,
#1544,#1545,#1546),(#1547,#1548,#1549,#1550,#1551,#1552,#1553,#1554),(#1555,
#1556,#1557,#1558,#1559,#1560,#1561,#1562)),.UNSPECIFIED.,.F.,.F.,.F.,(4,
1,1,4),(4,1,1,1,1,4),(0.,0.285714285714286,0.571428571428571,1.),(-1.5707963267949,
-1.12199737628207,-0.897597901025655,-0.448798950512828,-0.224399475256414,
0.),.UNSPECIFIED.);
#143=B_SPLINE_SURFACE_WITH_KNOTS('',3,3,((#1572,#1573,#1574,#1575),(#1576,
#1577,#1578,#1579),(#1580,#1581,#1582,#1583),(#1584,#1585,#1586,#1587),
(#1588,#1589,#1590,#1591),(#1592,#1593,#1594,#1595)),.UNSPECIFIED.,.F.,
 .F.,.F.,(4,1,1,4),(4,4),(0.,0.285714285714286,0.571428571428571,1.),(0.,
0.000466886252243899),.UNSPECIFIED.);
#144=B_SPLINE_SURFACE_WITH_KNOTS('',3,3,((#1607,#1608,#1609,#1610,#1611,
#1612,#1613,#1614,#1615,#1616,#1617,#1618,#1619),(#1620,#1621,#1622,#1623,
#1624,#1625,#1626,#1627,#1628,#1629,#1630,#1631,#1632),(#1633,#1634,#1635,
#1636,#1637,#1638,#1639,#1640,#1641,#1642,#1643,#1644,#1645),(#1646,#1647,
#1648,#1649,#1650,#1651,#1652,#1653,#1654,#1655,#1656,#1657,#1658),(#1659,
#1660,#1661,#1662,#1663,#1664,#1665,#1666,#1667,#1668,#1669,#1670,#1671),
(#1672,#1673,#1674,#1675,#1676,#1677,#1678,#1679,#1680,#1681,#1682,#1683,
#1684)),.UNSPECIFIED.,.F.,.F.,.F.,(4,1,1,4),(4,1,1,1,1,1,1,1,2,4),(0.,0.285714285714286,
0.571428571428571,1.),(-2.0929041993989,-1.88361377945901,-1.67432335951912,
-1.25574251963934,-0.837161679759559,-0.627871259819669,-0.418580839879779,
-0.20929041993989,0.,0.0026847175399987),.UNSPECIFIED.);
#145=B_SPLINE_SURFACE_WITH_KNOTS('',3,3,((#1712,#1713,#1714,#1715,#1716,
#1717,#1718,#1719),(#1720,#1721,#1722,#1723,#1724,#1725,#1726,#1727),(#1728,
#1729,#1730,#1731,#1732,#1733,#1734,#1735),(#1736,#1737,#1738,#1739,#1740,
#1741,#1742,#1743),(#1744,#1745,#1746,#1747,#1748,#1749,#1750,#1751),(#1752,
#1753,#1754,#1755,#1756,#1757,#1758,#1759),(#1760,#1761,#1762,#1763,#1764,
#1765,#1766,#1767),(#1768,#1769,#1770,#1771,#1772,#1773,#1774,#1775)),
 .UNSPECIFIED.,.F.,.F.,.F.,(4,1,1,1,1,4),(4,1,1,1,1,4),(0.,0.142857142857143,
0.285714285714286,0.571428571428571,0.857142857142857,1.),(-0.856122708350893,
-0.0936766080906913,0.66876949216951,2.19366169268991,3.71855389321032,
4.48099999347052),.UNSPECIFIED.);
#146=B_SPLINE_SURFACE_WITH_KNOTS('',3,3,((#1805,#1806,#1807,#1808),(#1809,
#1810,#1811,#1812),(#1813,#1814,#1815,#1816),(#1817,#1818,#1819,#1820),
(#1821,#1822,#1823,#1824)),.UNSPECIFIED.,.F.,.F.,.F.,(4,1,4),(4,4),(0.,
0.5,1.),(0.71740331682026,0.984560735486699),.UNSPECIFIED.);
#147=B_SPLINE_SURFACE_WITH_KNOTS('',3,3,((#1833,#1834,#1835,#1836,#1837),
(#1838,#1839,#1840,#1841,#1842),(#1843,#1844,#1845,#1846,#1847),(#1848,
#1849,#1850,#1851,#1852)),.UNSPECIFIED.,.F.,.F.,.F.,(4,4),(4,1,4),(0.,1.),
(0.281316314307801,0.520870827775158,0.700536712875675),.UNSPECIFIED.);
#148=B_SPLINE_SURFACE_WITH_KNOTS('',3,3,((#1874,#1875,#1876,#1877),(#1878,
#1879,#1880,#1881),(#1882,#1883,#1884,#1885),(#1886,#1887,#1888,#1889),
(#1890,#1891,#1892,#1893)),.UNSPECIFIED.,.F.,.F.,.F.,(4,1,4),(4,4),(0.,
0.571428571428571,1.),(-1.5707963267949,-0.984560735486696),
 .UNSPECIFIED.);
#149=B_SPLINE_SURFACE_WITH_KNOTS('',3,3,((#1951,#1952,#1953,#1954,#1955,
#1956,#1957),(#1958,#1959,#1960,#1961,#1962,#1963,#1964),(#1965,#1966,#1967,
#1968,#1969,#1970,#1971),(#1972,#1973,#1974,#1975,#1976,#1977,#1978),(#1979,
#1980,#1981,#1982,#1983,#1984,#1985),(#1986,#1987,#1988,#1989,#1990,#1991,
#1992)),.UNSPECIFIED.,.F.,.F.,.F.,(4,1,1,4),(4,1,1,1,4),(0.,0.285714285714286,
0.571428571428571,1.),(-1.5707963267949,-1.34639685153848,-0.897597901025655,
-0.448798950512827,2.28656375559158E-16),.UNSPECIFIED.);
#150=B_SPLINE_SURFACE_WITH_KNOTS('',3,3,((#2001,#2002,#2003,#2004,#2005),
(#2006,#2007,#2008,#2009,#2010),(#2011,#2012,#2013,#2014,#2015),(#2016,
#2017,#2018,#2019,#2020)),.UNSPECIFIED.,.F.,.F.,.F.,(4,4),(4,1,4),(0.39274757599918,
1.),(0.,0.333023085289085,0.582790399255898),.UNSPECIFIED.);
#151=B_SPLINE_SURFACE_WITH_KNOTS('',3,3,((#2041,#2042,#2043,#2044,#2045,
#2046,#2047,#2048),(#2049,#2050,#2051,#2052,#2053,#2054,#2055,#2056),(#2057,
#2058,#2059,#2060,#2061,#2062,#2063,#2064),(#2065,#2066,#2067,#2068,#2069,
#2070,#2071,#2072),(#2073,#2074,#2075,#2076,#2077,#2078,#2079,#2080),(#2081,
#2082,#2083,#2084,#2085,#2086,#2087,#2088),(#2089,#2090,#2091,#2092,#2093,
#2094,#2095,#2096),(#2097,#2098,#2099,#2100,#2101,#2102,#2103,#2104)),
 .UNSPECIFIED.,.F.,.F.,.F.,(4,1,1,1,1,4),(4,1,1,1,1,4),(0.,0.142857142857143,
0.285714285714286,0.571428571428571,0.857142857142857,1.),(-0.856293215813338,
-0.0942783531584014,1.42975137215147,2.95378109746134,3.71579596011628,
4.47781082277122),.UNSPECIFIED.);
#152=B_SPLINE_SURFACE_WITH_KNOTS('',3,3,((#2113,#2114,#2115,#2116,#2117,
#2118,#2119,#2120),(#2121,#2122,#2123,#2124,#2125,#2126,#2127,#2128),(#2129,
#2130,#2131,#2132,#2133,#2134,#2135,#2136),(#2137,#2138,#2139,#2140,#2141,
#2142,#2143,#2144),(#2145,#2146,#2147,#2148,#2149,#2150,#2151,#2152),(#2153,
#2154,#2155,#2156,#2157,#2158,#2159,#2160),(#2161,#2162,#2163,#2164,#2165,
#2166,#2167,#2168),(#2169,#2170,#2171,#2172,#2173,#2174,#2175,#2176)),
 .UNSPECIFIED.,.F.,.F.,.F.,(4,1,1,1,1,4),(4,1,1,1,1,4),(0.,0.142857142857143,
0.285714285714286,0.571428571428571,0.857142857142857,1.),(-0.856122708350895,
-0.0936766080906931,0.668769492169509,2.19366169268991,3.71855389321032,
4.48099999347052),.UNSPECIFIED.);
#153=B_SPLINE_SURFACE_WITH_KNOTS('',3,3,((#2198,#2199,#2200,#2201,#2202,
#2203,#2204,#2205,#2206),(#2207,#2208,#2209,#2210,#2211,#2212,#2213,#2214,
#2215),(#2216,#2217,#2218,#2219,#2220,#2221,#2222,#2223,#2224),(#2225,#2226,
#2227,#2228,#2229,#2230,#2231,#2232,#2233),(#2234,#2235,#2236,#2237,#2238,
#2239,#2240,#2241,#2242),(#2243,#2244,#2245,#2246,#2247,#2248,#2249,#2250,
#2251),(#2252,#2253,#2254,#2255,#2256,#2257,#2258,#2259,#2260),(#2261,#2262,
#2263,#2264,#2265,#2266,#2267,#2268,#2269)),.UNSPECIFIED.,.F.,.F.,.F.,(4,
1,1,1,1,4),(4,1,1,1,1,1,4),(0.,0.142857142857143,0.285714285714286,0.571428571428571,
0.857142857142857,1.),(-0.856293215813338,-0.0942783531584019,0.667736509496534,
2.19176623480641,2.95378109746134,3.71579596011628,4.47781082277122),
 .UNSPECIFIED.);
#154=SHAPE_REPRESENTATION_RELATIONSHIP('SRR','None',#2307,#156);
#155=SHAPE_REPRESENTATION_RELATIONSHIP('SRR','None',#2306,#157);
#156=ADVANCED_BREP_SHAPE_REPRESENTATION('',(#160),#2295);
#157=ADVANCED_BREP_SHAPE_REPRESENTATION('',(#161),#2294);
#158=STYLED_ITEM('',(#2320),#160);
#159=STYLED_ITEM('',(#2320),#161);
#160=MANIFOLD_SOLID_BREP('Body1',#747);
#161=MANIFOLD_SOLID_BREP('Body1',#748);
#162=FACE_BOUND('',#223,.T.);
#163=FACE_BOUND('',#270,.T.);
#164=PLANE('',#766);
#165=PLANE('',#781);
#166=PLANE('',#787);
#167=PLANE('',#793);
#168=PLANE('',#809);
#169=PLANE('',#830);
#170=PLANE('',#832);
#171=PLANE('',#833);
#172=PLANE('',#834);
#173=FACE_OUTER_BOUND('',#221,.T.);
#174=FACE_OUTER_BOUND('',#222,.T.);
#175=FACE_OUTER_BOUND('',#224,.T.);
#176=FACE_OUTER_BOUND('',#225,.T.);
#177=FACE_OUTER_BOUND('',#226,.T.);
#178=FACE_OUTER_BOUND('',#227,.T.);
#179=FACE_OUTER_BOUND('',#228,.T.);
#180=FACE_OUTER_BOUND('',#229,.T.);
#181=FACE_OUTER_BOUND('',#230,.T.);
#182=FACE_OUTER_BOUND('',#231,.T.);
#183=FACE_OUTER_BOUND('',#232,.T.);
#184=FACE_OUTER_BOUND('',#233,.T.);
#185=FACE_OUTER_BOUND('',#234,.T.);
#186=FACE_OUTER_BOUND('',#235,.T.);
#187=FACE_OUTER_BOUND('',#236,.T.);
#188=FACE_OUTER_BOUND('',#237,.T.);
#189=FACE_OUTER_BOUND('',#238,.T.);
#190=FACE_OUTER_BOUND('',#239,.T.);
#191=FACE_OUTER_BOUND('',#240,.T.);
#192=FACE_OUTER_BOUND('',#241,.T.);
#193=FACE_OUTER_BOUND('',#242,.T.);
#194=FACE_OUTER_BOUND('',#243,.T.);
#195=FACE_OUTER_BOUND('',#244,.T.);
#196=FACE_OUTER_BOUND('',#245,.T.);
#197=FACE_OUTER_BOUND('',#246,.T.);
#198=FACE_OUTER_BOUND('',#247,.T.);
#199=FACE_OUTER_BOUND('',#248,.T.);
#200=FACE_OUTER_BOUND('',#249,.T.);
#201=FACE_OUTER_BOUND('',#250,.T.);
#202=FACE_OUTER_BOUND('',#251,.T.);
#203=FACE_OUTER_BOUND('',#252,.T.);
#204=FACE_OUTER_BOUND('',#253,.T.);
#205=FACE_OUTER_BOUND('',#254,.T.);
#206=FACE_OUTER_BOUND('',#255,.T.);
#207=FACE_OUTER_BOUND('',#256,.T.);
#208=FACE_OUTER_BOUND('',#257,.T.);
#209=FACE_OUTER_BOUND('',#258,.T.);
#210=FACE_OUTER_BOUND('',#259,.T.);
#211=FACE_OUTER_BOUND('',#260,.T.);
#212=FACE_OUTER_BOUND('',#261,.T.);
#213=FACE_OUTER_BOUND('',#262,.T.);
#214=FACE_OUTER_BOUND('',#263,.T.);
#215=FACE_OUTER_BOUND('',#264,.T.);
#216=FACE_OUTER_BOUND('',#265,.T.);
#217=FACE_OUTER_BOUND('',#266,.T.);
#218=FACE_OUTER_BOUND('',#267,.T.);
#219=FACE_OUTER_BOUND('',#268,.T.);
#220=FACE_OUTER_BOUND('',#269,.T.);
#221=EDGE_LOOP('',(#480,#481,#482));
#222=EDGE_LOOP('',(#483));
#223=EDGE_LOOP('',(#484));
#224=EDGE_LOOP('',(#485,#486,#487));
#225=EDGE_LOOP('',(#488,#489,#490,#491));
#226=EDGE_LOOP('',(#492,#493,#494));
#227=EDGE_LOOP('',(#495,#496,#497,#498));
#228=EDGE_LOOP('',(#499,#500,#501,#502,#503));
#229=EDGE_LOOP('',(#504,#505,#506,#507,#508));
#230=EDGE_LOOP('',(#509,#510,#511,#512));
#231=EDGE_LOOP('',(#513,#514,#515,#516));
#232=EDGE_LOOP('',(#517,#518,#519));
#233=EDGE_LOOP('',(#520,#521,#522,#523,#524,#525));
#234=EDGE_LOOP('',(#526,#527,#528,#529,#530));
#235=EDGE_LOOP('',(#531,#532,#533,#534));
#236=EDGE_LOOP('',(#535,#536,#537,#538,#539,#540));
#237=EDGE_LOOP('',(#541,#542,#543,#544,#545));
#238=EDGE_LOOP('',(#546,#547,#548,#549));
#239=EDGE_LOOP('',(#550,#551,#552,#553,#554,#555));
#240=EDGE_LOOP('',(#556,#557,#558));
#241=EDGE_LOOP('',(#559,#560,#561,#562));
#242=EDGE_LOOP('',(#563,#564,#565,#566));
#243=EDGE_LOOP('',(#567,#568,#569));
#244=EDGE_LOOP('',(#570,#571,#572,#573,#574,#575));
#245=EDGE_LOOP('',(#576,#577,#578,#579));
#246=EDGE_LOOP('',(#580,#581,#582,#583));
#247=EDGE_LOOP('',(#584,#585,#586,#587));
#248=EDGE_LOOP('',(#588,#589,#590,#591));
#249=EDGE_LOOP('',(#592,#593,#594,#595));
#250=EDGE_LOOP('',(#596,#597,#598,#599,#600));
#251=EDGE_LOOP('',(#601,#602,#603,#604,#605));
#252=EDGE_LOOP('',(#606,#607,#608,#609));
#253=EDGE_LOOP('',(#610,#611,#612));
#254=EDGE_LOOP('',(#613,#614,#615,#616));
#255=EDGE_LOOP('',(#617,#618,#619,#620));
#256=EDGE_LOOP('',(#621,#622,#623,#624));
#257=EDGE_LOOP('',(#625,#626,#627,#628));
#258=EDGE_LOOP('',(#629,#630,#631,#632));
#259=EDGE_LOOP('',(#633,#634,#635,#636,#637,#638,#639));
#260=EDGE_LOOP('',(#640,#641,#642));
#261=EDGE_LOOP('',(#643,#644,#645,#646,#647,#648));
#262=EDGE_LOOP('',(#649,#650,#651,#652));
#263=EDGE_LOOP('',(#653,#654,#655,#656,#657,#658,#659,#660));
#264=EDGE_LOOP('',(#661,#662,#663,#664));
#265=EDGE_LOOP('',(#665,#666,#667,#668));
#266=EDGE_LOOP('',(#669,#670,#671,#672,#673,#674));
#267=EDGE_LOOP('',(#675,#676,#677,#678));
#268=EDGE_LOOP('',(#679,#680,#681,#682,#683,#684,#685,#686,#687,#688,#689));
#269=EDGE_LOOP('',(#690,#691));
#270=EDGE_LOOP('',(#692,#693,#694,#695));
#271=CIRCLE('',#764,40.);
#272=CIRCLE('',#765,40.);
#273=CIRCLE('',#767,50.);
#274=CIRCLE('',#769,50.);
#275=CIRCLE('',#770,4.99999999999998);
#276=CIRCLE('',#771,5.);
#277=CIRCLE('',#773,7.5);
#278=CIRCLE('',#775,62.5);
#279=CIRCLE('',#776,7.50000000000001);
#280=CIRCLE('',#777,55.);
#281=CIRCLE('',#779,7.5);
#282=CIRCLE('',#780,7.5);
#283=CIRCLE('',#786,5.);
#284=CIRCLE('',#790,2.5);
#285=CIRCLE('',#792,2.5);
#286=CIRCLE('',#794,5.);
#287=CIRCLE('',#798,5.);
#288=CIRCLE('',#799,5.);
#289=CIRCLE('',#802,2.5);
#290=CIRCLE('',#803,2.5);
#291=CIRCLE('',#805,2.49999999999999);
#292=CIRCLE('',#810,4.);
#293=CIRCLE('',#812,2.5);
#294=CIRCLE('',#813,2.5);
#295=CIRCLE('',#815,2.5);
#296=CIRCLE('',#816,5.);
#297=CIRCLE('',#818,6.5);
#298=CIRCLE('',#820,5.);
#299=CIRCLE('',#821,5.);
#300=CIRCLE('',#822,1.5);
#301=CIRCLE('',#823,6.5);
#302=CIRCLE('',#825,5.);
#303=CIRCLE('',#826,5.);
#304=CIRCLE('',#829,4.99999999999999);
#305=CIRCLE('',#836,39.);
#306=VERTEX_POINT('',#1025);
#307=VERTEX_POINT('',#1027);
#308=VERTEX_POINT('',#1030);
#309=VERTEX_POINT('',#1033);
#310=VERTEX_POINT('',#1070);
#311=VERTEX_POINT('',#1071);
#312=VERTEX_POINT('',#1073);
#313=VERTEX_POINT('',#1079);
#314=VERTEX_POINT('',#1141);
#315=VERTEX_POINT('',#1165);
#316=VERTEX_POINT('',#1167);
#317=VERTEX_POINT('',#1195);
#318=VERTEX_POINT('',#1214);
#319=VERTEX_POINT('',#1220);
#320=VERTEX_POINT('',#1234);
#321=VERTEX_POINT('',#1236);
#322=VERTEX_POINT('',#1240);
#323=VERTEX_POINT('',#1241);
#324=VERTEX_POINT('',#1269);
#325=VERTEX_POINT('',#1274);
#326=VERTEX_POINT('',#1370);
#327=VERTEX_POINT('',#1402);
#328=VERTEX_POINT('',#1404);
#329=VERTEX_POINT('',#1406);
#330=VERTEX_POINT('',#1412);
#331=VERTEX_POINT('',#1420);
#332=VERTEX_POINT('',#1422);
#333=VERTEX_POINT('',#1460);
#334=VERTEX_POINT('',#1464);
#335=VERTEX_POINT('',#1466);
#336=VERTEX_POINT('',#1470);
#337=VERTEX_POINT('',#1472);
#338=VERTEX_POINT('',#1500);
#339=VERTEX_POINT('',#1504);
#340=VERTEX_POINT('',#1506);
#341=VERTEX_POINT('',#1512);
#342=VERTEX_POINT('',#1563);
#343=VERTEX_POINT('',#1565);
#344=VERTEX_POINT('',#1569);
#345=VERTEX_POINT('',#1596);
#346=VERTEX_POINT('',#1601);
#347=VERTEX_POINT('',#1685);
#348=VERTEX_POINT('',#1776);
#349=VERTEX_POINT('',#1778);
#350=VERTEX_POINT('',#1800);
#351=VERTEX_POINT('',#1802);
#352=VERTEX_POINT('',#1825);
#353=VERTEX_POINT('',#1826);
#354=VERTEX_POINT('',#1828);
#355=VERTEX_POINT('',#1830);
#356=VERTEX_POINT('',#1853);
#357=VERTEX_POINT('',#1854);
#358=VERTEX_POINT('',#1897);
#359=VERTEX_POINT('',#1901);
#360=VERTEX_POINT('',#1903);
#361=VERTEX_POINT('',#1907);
#362=VERTEX_POINT('',#1923);
#363=VERTEX_POINT('',#1941);
#364=VERTEX_POINT('',#1942);
#365=VERTEX_POINT('',#1947);
#366=VERTEX_POINT('',#1993);
#367=VERTEX_POINT('',#1997);
#368=VERTEX_POINT('',#2177);
#369=VERTEX_POINT('',#2179);
#370=VERTEX_POINT('',#2287);
#371=VERTEX_POINT('',#2288);
#372=EDGE_CURVE('',#306,#306,#271,.T.);
#373=EDGE_CURVE('',#307,#306,#272,.T.);
#374=EDGE_CURVE('',#308,#308,#273,.T.);
#375=EDGE_CURVE('',#308,#309,#274,.T.);
#376=EDGE_CURVE('',#310,#311,#275,.T.);
#377=EDGE_CURVE('',#310,#312,#104,.T.);
#378=EDGE_CURVE('',#312,#313,#276,.T.);
#379=EDGE_CURVE('',#313,#311,#105,.T.);
#380=EDGE_CURVE('',#311,#314,#106,.T.);
#381=EDGE_CURVE('',#314,#310,#107,.T.);
#382=EDGE_CURVE('',#314,#315,#31,.T.);
#383=EDGE_CURVE('',#315,#316,#277,.T.);
#384=EDGE_CURVE('',#316,#310,#32,.T.);
#385=EDGE_CURVE('',#317,#316,#108,.T.);
#386=EDGE_CURVE('',#315,#318,#109,.T.);
#387=EDGE_CURVE('',#318,#319,#110,.T.);
#388=EDGE_CURVE('',#319,#317,#111,.T.);
#389=EDGE_CURVE('',#313,#320,#278,.T.);
#390=EDGE_CURVE('',#320,#321,#279,.T.);
#391=EDGE_CURVE('',#321,#314,#280,.T.);
#392=EDGE_CURVE('',#322,#323,#281,.T.);
#393=EDGE_CURVE('',#323,#321,#33,.T.);
#394=EDGE_CURVE('',#320,#322,#34,.T.);
#395=EDGE_CURVE('',#322,#324,#112,.T.);
#396=EDGE_CURVE('',#324,#325,#282,.T.);
#397=EDGE_CURVE('',#325,#323,#113,.T.);
#398=EDGE_CURVE('',#324,#326,#114,.T.);
#399=EDGE_CURVE('',#326,#325,#115,.T.);
#400=EDGE_CURVE('',#327,#320,#35,.T.);
#401=EDGE_CURVE('',#328,#327,#36,.T.);
#402=EDGE_CURVE('',#329,#328,#116,.T.);
#403=EDGE_CURVE('',#330,#329,#37,.T.);
#404=EDGE_CURVE('',#322,#330,#117,.T.);
#405=EDGE_CURVE('',#331,#313,#17,.T.);
#406=EDGE_CURVE('',#331,#332,#38,.T.);
#407=EDGE_CURVE('',#327,#332,#18,.T.);
#408=EDGE_CURVE('',#312,#333,#19,.T.);
#409=EDGE_CURVE('',#333,#331,#283,.T.);
#410=EDGE_CURVE('',#334,#316,#39,.T.);
#411=EDGE_CURVE('',#335,#334,#40,.T.);
#412=EDGE_CURVE('',#333,#335,#41,.T.);
#413=EDGE_CURVE('',#336,#317,#20,.T.);
#414=EDGE_CURVE('',#336,#337,#42,.T.);
#415=EDGE_CURVE('',#337,#334,#284,.T.);
#416=EDGE_CURVE('',#319,#338,#21,.T.);
#417=EDGE_CURVE('',#338,#336,#285,.T.);
#418=EDGE_CURVE('',#339,#318,#43,.T.);
#419=EDGE_CURVE('',#340,#339,#118,.T.);
#420=EDGE_CURVE('',#341,#340,#44,.T.);
#421=EDGE_CURVE('',#338,#341,#45,.T.);
#422=EDGE_CURVE('',#341,#342,#286,.T.);
#423=EDGE_CURVE('',#342,#343,#22,.T.);
#424=EDGE_CURVE('',#343,#341,#23,.T.);
#425=EDGE_CURVE('',#340,#344,#287,.T.);
#426=EDGE_CURVE('',#344,#342,#46,.T.);
#427=EDGE_CURVE('',#340,#345,#119,.T.);
#428=EDGE_CURVE('',#345,#346,#288,.T.);
#429=EDGE_CURVE('',#346,#344,#120,.T.);
#430=EDGE_CURVE('',#345,#347,#121,.T.);
#431=EDGE_CURVE('',#347,#346,#122,.T.);
#432=EDGE_CURVE('',#348,#339,#47,.T.);
#433=EDGE_CURVE('',#349,#348,#123,.T.);
#434=EDGE_CURVE('',#349,#347,#124,.T.);
#435=EDGE_CURVE('',#343,#336,#48,.T.);
#436=EDGE_CURVE('',#342,#350,#49,.T.);
#437=EDGE_CURVE('',#350,#351,#289,.T.);
#438=EDGE_CURVE('',#351,#343,#50,.T.);
#439=EDGE_CURVE('',#352,#353,#290,.T.);
#440=EDGE_CURVE('',#353,#354,#24,.T.);
#441=EDGE_CURVE('',#354,#355,#291,.T.);
#442=EDGE_CURVE('',#355,#352,#25,.T.);
#443=EDGE_CURVE('',#356,#357,#125,.T.);
#444=EDGE_CURVE('',#357,#353,#126,.T.);
#445=EDGE_CURVE('',#352,#356,#127,.T.);
#446=EDGE_CURVE('',#354,#351,#26,.T.);
#447=EDGE_CURVE('',#350,#355,#27,.T.);
#448=EDGE_CURVE('',#358,#351,#51,.T.);
#449=EDGE_CURVE('',#337,#358,#292,.T.);
#450=EDGE_CURVE('',#354,#359,#293,.T.);
#451=EDGE_CURVE('',#359,#360,#52,.T.);
#452=EDGE_CURVE('',#358,#360,#294,.T.);
#453=EDGE_CURVE('',#353,#361,#295,.T.);
#454=EDGE_CURVE('',#361,#359,#53,.T.);
#455=EDGE_CURVE('',#357,#361,#296,.T.);
#456=EDGE_CURVE('',#360,#334,#297,.T.);
#457=EDGE_CURVE('',#335,#362,#298,.T.);
#458=EDGE_CURVE('',#362,#331,#54,.T.);
#459=EDGE_CURVE('',#363,#364,#299,.T.);
#460=EDGE_CURVE('',#364,#362,#300,.T.);
#461=EDGE_CURVE('',#335,#363,#301,.T.);
#462=EDGE_CURVE('',#365,#332,#302,.T.);
#463=EDGE_CURVE('',#332,#364,#55,.T.);
#464=EDGE_CURVE('',#363,#365,#56,.T.);
#465=EDGE_CURVE('',#366,#327,#303,.T.);
#466=EDGE_CURVE('',#365,#366,#28,.T.);
#467=EDGE_CURVE('',#367,#356,#57,.T.);
#468=EDGE_CURVE('',#367,#328,#304,.T.);
#469=EDGE_CURVE('',#366,#361,#58,.T.);
#470=EDGE_CURVE('',#367,#329,#128,.T.);
#471=EDGE_CURVE('',#360,#363,#59,.T.);
#472=EDGE_CURVE('',#348,#325,#129,.T.);
#473=EDGE_CURVE('',#326,#349,#130,.T.);
#474=EDGE_CURVE('',#368,#330,#60,.T.);
#475=EDGE_CURVE('',#368,#369,#131,.T.);
#476=EDGE_CURVE('',#369,#326,#132,.T.);
#477=EDGE_CURVE('',#347,#369,#133,.T.);
#478=EDGE_CURVE('',#368,#346,#134,.T.);
#479=EDGE_CURVE('',#370,#371,#305,.T.);
#480=ORIENTED_EDGE('',*,*,#372,.F.);
#481=ORIENTED_EDGE('',*,*,#373,.F.);
#482=ORIENTED_EDGE('',*,*,#373,.T.);
#483=ORIENTED_EDGE('',*,*,#374,.F.);
#484=ORIENTED_EDGE('',*,*,#372,.T.);
#485=ORIENTED_EDGE('',*,*,#374,.T.);
#486=ORIENTED_EDGE('',*,*,#375,.T.);
#487=ORIENTED_EDGE('',*,*,#375,.F.);
#488=ORIENTED_EDGE('',*,*,#376,.F.);
#489=ORIENTED_EDGE('',*,*,#377,.T.);
#490=ORIENTED_EDGE('',*,*,#378,.T.);
#491=ORIENTED_EDGE('',*,*,#379,.T.);
#492=ORIENTED_EDGE('',*,*,#380,.T.);
#493=ORIENTED_EDGE('',*,*,#381,.T.);
#494=ORIENTED_EDGE('',*,*,#376,.T.);
#495=ORIENTED_EDGE('',*,*,#381,.F.);
#496=ORIENTED_EDGE('',*,*,#382,.T.);
#497=ORIENTED_EDGE('',*,*,#383,.T.);
#498=ORIENTED_EDGE('',*,*,#384,.T.);
#499=ORIENTED_EDGE('',*,*,#385,.T.);
#500=ORIENTED_EDGE('',*,*,#383,.F.);
#501=ORIENTED_EDGE('',*,*,#386,.T.);
#502=ORIENTED_EDGE('',*,*,#387,.T.);
#503=ORIENTED_EDGE('',*,*,#388,.T.);
#504=ORIENTED_EDGE('',*,*,#380,.F.);
#505=ORIENTED_EDGE('',*,*,#379,.F.);
#506=ORIENTED_EDGE('',*,*,#389,.T.);
#507=ORIENTED_EDGE('',*,*,#390,.T.);
#508=ORIENTED_EDGE('',*,*,#391,.T.);
#509=ORIENTED_EDGE('',*,*,#392,.T.);
#510=ORIENTED_EDGE('',*,*,#393,.T.);
#511=ORIENTED_EDGE('',*,*,#390,.F.);
#512=ORIENTED_EDGE('',*,*,#394,.T.);
#513=ORIENTED_EDGE('',*,*,#392,.F.);
#514=ORIENTED_EDGE('',*,*,#395,.T.);
#515=ORIENTED_EDGE('',*,*,#396,.T.);
#516=ORIENTED_EDGE('',*,*,#397,.T.);
#517=ORIENTED_EDGE('',*,*,#398,.T.);
#518=ORIENTED_EDGE('',*,*,#399,.T.);
#519=ORIENTED_EDGE('',*,*,#396,.F.);
#520=ORIENTED_EDGE('',*,*,#394,.F.);
#521=ORIENTED_EDGE('',*,*,#400,.F.);
#522=ORIENTED_EDGE('',*,*,#401,.F.);
#523=ORIENTED_EDGE('',*,*,#402,.F.);
#524=ORIENTED_EDGE('',*,*,#403,.F.);
#525=ORIENTED_EDGE('',*,*,#404,.F.);
#526=ORIENTED_EDGE('',*,*,#389,.F.);
#527=ORIENTED_EDGE('',*,*,#405,.F.);
#528=ORIENTED_EDGE('',*,*,#406,.T.);
#529=ORIENTED_EDGE('',*,*,#407,.F.);
#530=ORIENTED_EDGE('',*,*,#400,.T.);
#531=ORIENTED_EDGE('',*,*,#378,.F.);
#532=ORIENTED_EDGE('',*,*,#408,.T.);
#533=ORIENTED_EDGE('',*,*,#409,.T.);
#534=ORIENTED_EDGE('',*,*,#405,.T.);
#535=ORIENTED_EDGE('',*,*,#377,.F.);
#536=ORIENTED_EDGE('',*,*,#384,.F.);
#537=ORIENTED_EDGE('',*,*,#410,.F.);
#538=ORIENTED_EDGE('',*,*,#411,.F.);
#539=ORIENTED_EDGE('',*,*,#412,.F.);
#540=ORIENTED_EDGE('',*,*,#408,.F.);
#541=ORIENTED_EDGE('',*,*,#385,.F.);
#542=ORIENTED_EDGE('',*,*,#413,.F.);
#543=ORIENTED_EDGE('',*,*,#414,.T.);
#544=ORIENTED_EDGE('',*,*,#415,.T.);
#545=ORIENTED_EDGE('',*,*,#410,.T.);
#546=ORIENTED_EDGE('',*,*,#388,.F.);
#547=ORIENTED_EDGE('',*,*,#416,.T.);
#548=ORIENTED_EDGE('',*,*,#417,.T.);
#549=ORIENTED_EDGE('',*,*,#413,.T.);
#550=ORIENTED_EDGE('',*,*,#387,.F.);
#551=ORIENTED_EDGE('',*,*,#418,.F.);
#552=ORIENTED_EDGE('',*,*,#419,.F.);
#553=ORIENTED_EDGE('',*,*,#420,.F.);
#554=ORIENTED_EDGE('',*,*,#421,.F.);
#555=ORIENTED_EDGE('',*,*,#416,.F.);
#556=ORIENTED_EDGE('',*,*,#422,.T.);
#557=ORIENTED_EDGE('',*,*,#423,.T.);
#558=ORIENTED_EDGE('',*,*,#424,.T.);
#559=ORIENTED_EDGE('',*,*,#425,.T.);
#560=ORIENTED_EDGE('',*,*,#426,.T.);
#561=ORIENTED_EDGE('',*,*,#422,.F.);
#562=ORIENTED_EDGE('',*,*,#420,.T.);
#563=ORIENTED_EDGE('',*,*,#425,.F.);
#564=ORIENTED_EDGE('',*,*,#427,.T.);
#565=ORIENTED_EDGE('',*,*,#428,.T.);
#566=ORIENTED_EDGE('',*,*,#429,.T.);
#567=ORIENTED_EDGE('',*,*,#430,.T.);
#568=ORIENTED_EDGE('',*,*,#431,.T.);
#569=ORIENTED_EDGE('',*,*,#428,.F.);
#570=ORIENTED_EDGE('',*,*,#430,.F.);
#571=ORIENTED_EDGE('',*,*,#427,.F.);
#572=ORIENTED_EDGE('',*,*,#419,.T.);
#573=ORIENTED_EDGE('',*,*,#432,.F.);
#574=ORIENTED_EDGE('',*,*,#433,.F.);
#575=ORIENTED_EDGE('',*,*,#434,.T.);
#576=ORIENTED_EDGE('',*,*,#424,.F.);
#577=ORIENTED_EDGE('',*,*,#435,.T.);
#578=ORIENTED_EDGE('',*,*,#417,.F.);
#579=ORIENTED_EDGE('',*,*,#421,.T.);
#580=ORIENTED_EDGE('',*,*,#423,.F.);
#581=ORIENTED_EDGE('',*,*,#436,.T.);
#582=ORIENTED_EDGE('',*,*,#437,.T.);
#583=ORIENTED_EDGE('',*,*,#438,.T.);
#584=ORIENTED_EDGE('',*,*,#439,.T.);
#585=ORIENTED_EDGE('',*,*,#440,.T.);
#586=ORIENTED_EDGE('',*,*,#441,.T.);
#587=ORIENTED_EDGE('',*,*,#442,.T.);
#588=ORIENTED_EDGE('',*,*,#443,.T.);
#589=ORIENTED_EDGE('',*,*,#444,.T.);
#590=ORIENTED_EDGE('',*,*,#439,.F.);
#591=ORIENTED_EDGE('',*,*,#445,.T.);
#592=ORIENTED_EDGE('',*,*,#441,.F.);
#593=ORIENTED_EDGE('',*,*,#446,.T.);
#594=ORIENTED_EDGE('',*,*,#437,.F.);
#595=ORIENTED_EDGE('',*,*,#447,.T.);
#596=ORIENTED_EDGE('',*,*,#435,.F.);
#597=ORIENTED_EDGE('',*,*,#438,.F.);
#598=ORIENTED_EDGE('',*,*,#448,.F.);
#599=ORIENTED_EDGE('',*,*,#449,.F.);
#600=ORIENTED_EDGE('',*,*,#414,.F.);
#601=ORIENTED_EDGE('',*,*,#446,.F.);
#602=ORIENTED_EDGE('',*,*,#450,.T.);
#603=ORIENTED_EDGE('',*,*,#451,.T.);
#604=ORIENTED_EDGE('',*,*,#452,.F.);
#605=ORIENTED_EDGE('',*,*,#448,.T.);
#606=ORIENTED_EDGE('',*,*,#440,.F.);
#607=ORIENTED_EDGE('',*,*,#453,.T.);
#608=ORIENTED_EDGE('',*,*,#454,.T.);
#609=ORIENTED_EDGE('',*,*,#450,.F.);
#610=ORIENTED_EDGE('',*,*,#444,.F.);
#611=ORIENTED_EDGE('',*,*,#455,.T.);
#612=ORIENTED_EDGE('',*,*,#453,.F.);
#613=ORIENTED_EDGE('',*,*,#452,.T.);
#614=ORIENTED_EDGE('',*,*,#456,.T.);
#615=ORIENTED_EDGE('',*,*,#415,.F.);
#616=ORIENTED_EDGE('',*,*,#449,.T.);
#617=ORIENTED_EDGE('',*,*,#457,.T.);
#618=ORIENTED_EDGE('',*,*,#458,.T.);
#619=ORIENTED_EDGE('',*,*,#409,.F.);
#620=ORIENTED_EDGE('',*,*,#412,.T.);
#621=ORIENTED_EDGE('',*,*,#459,.T.);
#622=ORIENTED_EDGE('',*,*,#460,.T.);
#623=ORIENTED_EDGE('',*,*,#457,.F.);
#624=ORIENTED_EDGE('',*,*,#461,.T.);
#625=ORIENTED_EDGE('',*,*,#462,.T.);
#626=ORIENTED_EDGE('',*,*,#463,.T.);
#627=ORIENTED_EDGE('',*,*,#459,.F.);
#628=ORIENTED_EDGE('',*,*,#464,.T.);
#629=ORIENTED_EDGE('',*,*,#465,.T.);
#630=ORIENTED_EDGE('',*,*,#407,.T.);
#631=ORIENTED_EDGE('',*,*,#462,.F.);
#632=ORIENTED_EDGE('',*,*,#466,.T.);
#633=ORIENTED_EDGE('',*,*,#467,.F.);
#634=ORIENTED_EDGE('',*,*,#468,.T.);
#635=ORIENTED_EDGE('',*,*,#401,.T.);
#636=ORIENTED_EDGE('',*,*,#465,.F.);
#637=ORIENTED_EDGE('',*,*,#469,.T.);
#638=ORIENTED_EDGE('',*,*,#455,.F.);
#639=ORIENTED_EDGE('',*,*,#443,.F.);
#640=ORIENTED_EDGE('',*,*,#470,.T.);
#641=ORIENTED_EDGE('',*,*,#402,.T.);
#642=ORIENTED_EDGE('',*,*,#468,.F.);
#643=ORIENTED_EDGE('',*,*,#454,.F.);
#644=ORIENTED_EDGE('',*,*,#469,.F.);
#645=ORIENTED_EDGE('',*,*,#466,.F.);
#646=ORIENTED_EDGE('',*,*,#464,.F.);
#647=ORIENTED_EDGE('',*,*,#471,.F.);
#648=ORIENTED_EDGE('',*,*,#451,.F.);
#649=ORIENTED_EDGE('',*,*,#456,.F.);
#650=ORIENTED_EDGE('',*,*,#471,.T.);
#651=ORIENTED_EDGE('',*,*,#461,.F.);
#652=ORIENTED_EDGE('',*,*,#411,.T.);
#653=ORIENTED_EDGE('',*,*,#397,.F.);
#654=ORIENTED_EDGE('',*,*,#472,.F.);
#655=ORIENTED_EDGE('',*,*,#432,.T.);
#656=ORIENTED_EDGE('',*,*,#418,.T.);
#657=ORIENTED_EDGE('',*,*,#386,.F.);
#658=ORIENTED_EDGE('',*,*,#382,.F.);
#659=ORIENTED_EDGE('',*,*,#391,.F.);
#660=ORIENTED_EDGE('',*,*,#393,.F.);
#661=ORIENTED_EDGE('',*,*,#463,.F.);
#662=ORIENTED_EDGE('',*,*,#406,.F.);
#663=ORIENTED_EDGE('',*,*,#458,.F.);
#664=ORIENTED_EDGE('',*,*,#460,.F.);
#665=ORIENTED_EDGE('',*,*,#399,.F.);
#666=ORIENTED_EDGE('',*,*,#473,.T.);
#667=ORIENTED_EDGE('',*,*,#433,.T.);
#668=ORIENTED_EDGE('',*,*,#472,.T.);
#669=ORIENTED_EDGE('',*,*,#395,.F.);
#670=ORIENTED_EDGE('',*,*,#404,.T.);
#671=ORIENTED_EDGE('',*,*,#474,.F.);
#672=ORIENTED_EDGE('',*,*,#475,.T.);
#673=ORIENTED_EDGE('',*,*,#476,.T.);
#674=ORIENTED_EDGE('',*,*,#398,.F.);
#675=ORIENTED_EDGE('',*,*,#431,.F.);
#676=ORIENTED_EDGE('',*,*,#477,.T.);
#677=ORIENTED_EDGE('',*,*,#475,.F.);
#678=ORIENTED_EDGE('',*,*,#478,.T.);
#679=ORIENTED_EDGE('',*,*,#429,.F.);
#680=ORIENTED_EDGE('',*,*,#478,.F.);
#681=ORIENTED_EDGE('',*,*,#474,.T.);
#682=ORIENTED_EDGE('',*,*,#403,.T.);
#683=ORIENTED_EDGE('',*,*,#470,.F.);
#684=ORIENTED_EDGE('',*,*,#467,.T.);
#685=ORIENTED_EDGE('',*,*,#445,.F.);
#686=ORIENTED_EDGE('',*,*,#442,.F.);
#687=ORIENTED_EDGE('',*,*,#447,.F.);
#688=ORIENTED_EDGE('',*,*,#436,.F.);
#689=ORIENTED_EDGE('',*,*,#426,.F.);
#690=ORIENTED_EDGE('',*,*,#479,.T.);
#691=ORIENTED_EDGE('',*,*,#479,.F.);
#692=ORIENTED_EDGE('',*,*,#473,.F.);
#693=ORIENTED_EDGE('',*,*,#476,.F.);
#694=ORIENTED_EDGE('',*,*,#477,.F.);
#695=ORIENTED_EDGE('',*,*,#434,.F.);
#696=SPHERICAL_SURFACE('',#763,40.);
#697=SPHERICAL_SURFACE('',#768,50.);
#698=SPHERICAL_SURFACE('',#835,39.);
#699=ADVANCED_FACE('',(#173),#696,.F.);
#700=ADVANCED_FACE('',(#174,#162),#164,.T.);
#701=ADVANCED_FACE('',(#175),#697,.T.);
#702=ADVANCED_FACE('',(#176),#135,.F.);
#703=ADVANCED_FACE('',(#177),#136,.F.);
#704=ADVANCED_FACE('',(#178),#91,.T.);
#705=ADVANCED_FACE('',(#179),#137,.F.);
#706=ADVANCED_FACE('',(#180),#29,.T.);
#707=ADVANCED_FACE('',(#181),#92,.T.);
#708=ADVANCED_FACE('',(#182),#138,.F.);
#709=ADVANCED_FACE('',(#183),#139,.F.);
#710=ADVANCED_FACE('',(#184),#165,.T.);
#711=ADVANCED_FACE('',(#185),#93,.T.);
#712=ADVANCED_FACE('',(#186),#140,.F.);
#713=ADVANCED_FACE('',(#187),#166,.T.);
#714=ADVANCED_FACE('',(#188),#94,.T.);
#715=ADVANCED_FACE('',(#189),#141,.T.);
#716=ADVANCED_FACE('',(#190),#167,.T.);
#717=ADVANCED_FACE('',(#191),#142,.F.);
#718=ADVANCED_FACE('',(#192),#95,.T.);
#719=ADVANCED_FACE('',(#193),#143,.F.);
#720=ADVANCED_FACE('',(#194),#144,.F.);
#721=ADVANCED_FACE('',(#195),#145,.T.);
#722=ADVANCED_FACE('',(#196),#96,.F.);
#723=ADVANCED_FACE('',(#197),#97,.F.);
#724=ADVANCED_FACE('',(#198),#146,.T.);
#725=ADVANCED_FACE('',(#199),#147,.T.);
#726=ADVANCED_FACE('',(#200),#148,.T.);
#727=ADVANCED_FACE('',(#201),#168,.F.);
#728=ADVANCED_FACE('',(#202),#98,.T.);
#729=ADVANCED_FACE('',(#203),#99,.T.);
#730=ADVANCED_FACE('',(#204),#15,.F.);
#731=ADVANCED_FACE('',(#205),#30,.T.);
#732=ADVANCED_FACE('',(#206),#100,.T.);
#733=ADVANCED_FACE('',(#207),#16,.F.);
#734=ADVANCED_FACE('',(#208),#101,.T.);
#735=ADVANCED_FACE('',(#209),#149,.F.);
#736=ADVANCED_FACE('',(#210),#102,.T.);
#737=ADVANCED_FACE('',(#211),#150,.F.);
#738=ADVANCED_FACE('',(#212),#169,.T.);
#739=ADVANCED_FACE('',(#213),#103,.T.);
#740=ADVANCED_FACE('',(#214),#170,.T.);
#741=ADVANCED_FACE('',(#215),#171,.T.);
#742=ADVANCED_FACE('',(#216),#151,.T.);
#743=ADVANCED_FACE('',(#217),#152,.T.);
#744=ADVANCED_FACE('',(#218),#153,.T.);
#745=ADVANCED_FACE('',(#219),#172,.T.);
#746=ADVANCED_FACE('',(#220,#163),#698,.T.);
#747=CLOSED_SHELL('',(#699,#700,#701));
#748=CLOSED_SHELL('',(#702,#703,#704,#705,#706,#707,#708,#709,#710,#711,
#712,#713,#714,#715,#716,#717,#718,#719,#720,#721,#722,#723,#724,#725,#726,
#727,#728,#729,#730,#731,#732,#733,#734,#735,#736,#737,#738,#739,#740,#741,
#742,#743,#744,#745,#746));
#749=DERIVED_UNIT_ELEMENT(#751,1.);
#750=DERIVED_UNIT_ELEMENT(#2298,-3.);
#751=(
MASS_UNIT()
NAMED_UNIT(*)
SI_UNIT(.KILO.,.GRAM.)
);
#752=DERIVED_UNIT((#749,#750));
#753=MEASURE_REPRESENTATION_ITEM('density measure',
POSITIVE_RATIO_MEASURE(7850.),#752);
#754=PROPERTY_DEFINITION_REPRESENTATION(#759,#756);
#755=PROPERTY_DEFINITION_REPRESENTATION(#760,#757);
#756=REPRESENTATION('material name',(#758),#2295);
#757=REPRESENTATION('density',(#753),#2295);
#758=DESCRIPTIVE_REPRESENTATION_ITEM('Steel','Steel');
#759=PROPERTY_DEFINITION('material property','material name',#2310);
#760=PROPERTY_DEFINITION('material property','density of part',#2310);
#761=AXIS2_PLACEMENT_3D('',#1022,#838,#839);
#762=AXIS2_PLACEMENT_3D('',#1023,#840,#841);
#763=AXIS2_PLACEMENT_3D('',#1024,#842,#843);
#764=AXIS2_PLACEMENT_3D('',#1026,#844,#845);
#765=AXIS2_PLACEMENT_3D('',#1028,#846,#847);
#766=AXIS2_PLACEMENT_3D('',#1029,#848,#849);
#767=AXIS2_PLACEMENT_3D('',#1031,#850,#851);
#768=AXIS2_PLACEMENT_3D('',#1032,#852,#853);
#769=AXIS2_PLACEMENT_3D('',#1034,#854,#855);
#770=AXIS2_PLACEMENT_3D('',#1072,#856,#857);
#771=AXIS2_PLACEMENT_3D('',#1080,#858,#859);
#772=AXIS2_PLACEMENT_3D('',#1164,#860,#861);
#773=AXIS2_PLACEMENT_3D('',#1168,#863,#864);
#774=AXIS2_PLACEMENT_3D('',#1233,#866,#867);
#775=AXIS2_PLACEMENT_3D('',#1235,#868,#869);
#776=AXIS2_PLACEMENT_3D('',#1237,#870,#871);
#777=AXIS2_PLACEMENT_3D('',#1238,#872,#873);
#778=AXIS2_PLACEMENT_3D('',#1239,#874,#875);
#779=AXIS2_PLACEMENT_3D('',#1242,#876,#877);
#780=AXIS2_PLACEMENT_3D('',#1275,#880,#881);
#781=AXIS2_PLACEMENT_3D('',#1401,#882,#883);
#782=AXIS2_PLACEMENT_3D('',#1419,#887,#888);
#783=AXIS2_PLACEMENT_3D('',#1421,#889,#890);
#784=AXIS2_PLACEMENT_3D('',#1424,#892,#893);
#785=AXIS2_PLACEMENT_3D('',#1461,#894,#895);
#786=AXIS2_PLACEMENT_3D('',#1462,#896,#897);
#787=AXIS2_PLACEMENT_3D('',#1463,#898,#899);
#788=AXIS2_PLACEMENT_3D('',#1469,#903,#904);
#789=AXIS2_PLACEMENT_3D('',#1471,#905,#906);
#790=AXIS2_PLACEMENT_3D('',#1474,#908,#909);
#791=AXIS2_PLACEMENT_3D('',#1501,#910,#911);
#792=AXIS2_PLACEMENT_3D('',#1502,#912,#913);
#793=AXIS2_PLACEMENT_3D('',#1503,#914,#915);
#794=AXIS2_PLACEMENT_3D('',#1564,#919,#920);
#795=AXIS2_PLACEMENT_3D('',#1566,#921,#922);
#796=AXIS2_PLACEMENT_3D('',#1567,#923,#924);
#797=AXIS2_PLACEMENT_3D('',#1568,#925,#926);
#798=AXIS2_PLACEMENT_3D('',#1570,#927,#928);
#799=AXIS2_PLACEMENT_3D('',#1602,#930,#931);
#800=AXIS2_PLACEMENT_3D('',#1797,#933,#934);
#801=AXIS2_PLACEMENT_3D('',#1799,#936,#937);
#802=AXIS2_PLACEMENT_3D('',#1803,#939,#940);
#803=AXIS2_PLACEMENT_3D('',#1827,#942,#943);
#804=AXIS2_PLACEMENT_3D('',#1829,#944,#945);
#805=AXIS2_PLACEMENT_3D('',#1831,#946,#947);
#806=AXIS2_PLACEMENT_3D('',#1832,#948,#949);
#807=AXIS2_PLACEMENT_3D('',#1894,#950,#951);
#808=AXIS2_PLACEMENT_3D('',#1895,#952,#953);
#809=AXIS2_PLACEMENT_3D('',#1896,#954,#955);
#810=AXIS2_PLACEMENT_3D('',#1899,#957,#958);
#811=AXIS2_PLACEMENT_3D('',#1900,#959,#960);
#812=AXIS2_PLACEMENT_3D('',#1902,#961,#962);
#813=AXIS2_PLACEMENT_3D('',#1905,#964,#965);
#814=AXIS2_PLACEMENT_3D('',#1906,#966,#967);
#815=AXIS2_PLACEMENT_3D('',#1908,#968,#969);
#816=AXIS2_PLACEMENT_3D('',#1919,#971,#972);
#817=AXIS2_PLACEMENT_3D('',#1920,#973,#974);
#818=AXIS2_PLACEMENT_3D('',#1921,#975,#976);
#819=AXIS2_PLACEMENT_3D('',#1922,#977,#978);
#820=AXIS2_PLACEMENT_3D('',#1924,#979,#980);
#821=AXIS2_PLACEMENT_3D('',#1943,#982,#983);
#822=AXIS2_PLACEMENT_3D('',#1944,#984,#985);
#823=AXIS2_PLACEMENT_3D('',#1945,#986,#987);
#824=AXIS2_PLACEMENT_3D('',#1946,#988,#989);
#825=AXIS2_PLACEMENT_3D('',#1948,#990,#991);
#826=AXIS2_PLACEMENT_3D('',#1994,#994,#995);
#827=AXIS2_PLACEMENT_3D('',#1995,#996,#997);
#828=AXIS2_PLACEMENT_3D('',#1996,#998,#999);
#829=AXIS2_PLACEMENT_3D('',#1999,#1001,#1002);
#830=AXIS2_PLACEMENT_3D('',#2031,#1004,#1005);
#831=AXIS2_PLACEMENT_3D('',#2033,#1007,#1008);
#832=AXIS2_PLACEMENT_3D('',#2034,#1009,#1010);
#833=AXIS2_PLACEMENT_3D('',#2040,#1011,#1012);
#834=AXIS2_PLACEMENT_3D('',#2285,#1014,#1015);
#835=AXIS2_PLACEMENT_3D('',#2286,#1016,#1017);
#836=AXIS2_PLACEMENT_3D('',#2289,#1018,#1019);
#837=AXIS2_PLACEMENT_3D('',#2290,#1020,#1021);
#838=DIRECTION('axis',(0.,0.,1.));
#839=DIRECTION('refdir',(1.,0.,0.));
#840=DIRECTION('axis',(0.,0.,1.));
#841=DIRECTION('refdir',(1.,0.,0.));
#842=DIRECTION('center_axis',(1.,-6.12323399573677E-17,0.));
#843=DIRECTION('ref_axis',(0.,-1.,0.));
#844=DIRECTION('center_axis',(-1.,0.,0.));
#845=DIRECTION('ref_axis',(0.,0.,1.));
#846=DIRECTION('center_axis',(0.,1.22464679914735E-16,-1.));
#847=DIRECTION('ref_axis',(0.,1.,1.22464679914735E-16));
#848=DIRECTION('center_axis',(1.,0.,0.));
#849=DIRECTION('ref_axis',(0.,1.,0.));
#850=DIRECTION('center_axis',(-1.,0.,0.));
#851=DIRECTION('ref_axis',(0.,0.,-1.));
#852=DIRECTION('center_axis',(1.,-6.12323399573677E-17,0.));
#853=DIRECTION('ref_axis',(0.,-1.,0.));
#854=DIRECTION('center_axis',(0.,-1.22464679914735E-16,1.));
#855=DIRECTION('ref_axis',(0.,1.,1.22464679914735E-16));
#856=DIRECTION('center_axis',(-0.794028238315209,-0.398081128516373,-0.459402407348042));
#857=DIRECTION('ref_axis',(0.,0.755744138584147,-0.654867007105799));
#858=DIRECTION('center_axis',(-0.411175949007746,-0.596947948746835,-0.688903103088181));
#859=DIRECTION('ref_axis',(0.,0.75574413858415,-0.654867007105795));
#860=DIRECTION('center_axis',(1.,0.,0.));
#861=DIRECTION('ref_axis',(0.,0.415411237747733,-0.909633719445853));
#862=DIRECTION('',(-1.,0.,0.));
#863=DIRECTION('center_axis',(1.,0.,0.));
#864=DIRECTION('ref_axis',(0.,0.,-1.));
#865=DIRECTION('',(1.,0.,0.));
#866=DIRECTION('center_axis',(0.,0.,1.));
#867=DIRECTION('ref_axis',(1.,0.,0.));
#868=DIRECTION('center_axis',(0.,0.,-1.));
#869=DIRECTION('ref_axis',(0.399826095477565,-0.916591017507353,0.));
#870=DIRECTION('center_axis',(1.,0.,0.));
#871=DIRECTION('ref_axis',(0.,-1.,0.));
#872=DIRECTION('center_axis',(0.,0.,1.));
#873=DIRECTION('ref_axis',(0.399826095477565,-0.916591017507353,0.));
#874=DIRECTION('center_axis',(1.,0.,0.));
#875=DIRECTION('ref_axis',(0.,-0.707106781186547,-0.707106781186547));
#876=DIRECTION('center_axis',(1.,0.,0.));
#877=DIRECTION('ref_axis',(0.,-1.,2.43301675103188E-12));
#878=DIRECTION('',(1.,0.,0.));
#879=DIRECTION('',(-1.,0.,0.));
#880=DIRECTION('center_axis',(0.99999999398437,0.000109687100017071,-1.14270376124863E-15));
#881=DIRECTION('ref_axis',(0.000109687099995407,-0.999999993786867,-1.98747542912159E-5));
#882=DIRECTION('center_axis',(0.,-1.,0.));
#883=DIRECTION('ref_axis',(0.,0.,-1.));
#884=DIRECTION('',(0.,0.,-1.));
#885=DIRECTION('',(1.,0.,0.));
#886=DIRECTION('',(1.,0.,0.));
#887=DIRECTION('center_axis',(0.,0.,-1.));
#888=DIRECTION('ref_axis',(0.707106781186548,-0.707106781186548,0.));
#889=DIRECTION('center_axis',(-4.87170817201157E-17,0.727948348988066,-0.685631972129035));
#890=DIRECTION('ref_axis',(0.,-0.685631972129035,-0.727948348988066));
#891=DIRECTION('',(0.,0.,1.));
#892=DIRECTION('center_axis',(0.,-0.399407185450284,0.916773636297796));
#893=DIRECTION('ref_axis',(0.,-0.916773636297796,-0.399407185450283));
#894=DIRECTION('center_axis',(0.,-0.755744138584152,0.654867007105793));
#895=DIRECTION('ref_axis',(0.,-0.654867007105793,-0.755744138584152));
#896=DIRECTION('center_axis',(6.71235634705304E-16,-0.654867007105793,-0.755744138584152));
#897=DIRECTION('ref_axis',(0.,0.755744138584151,-0.654867007105793));
#898=DIRECTION('center_axis',(0.,0.755744138584152,-0.654867007105793));
#899=DIRECTION('ref_axis',(0.,0.654867007105793,0.755744138584152));
#900=DIRECTION('',(0.,-0.654867007105793,-0.755744138584152));
#901=DIRECTION('',(-1.,0.,0.));
#902=DIRECTION('',(0.,0.654867007105793,0.755744138584152));
#903=DIRECTION('center_axis',(0.,-0.654867007105793,-0.755744138584152));
#904=DIRECTION('ref_axis',(-0.707106781186547,0.53439180523484,-0.463060901499845));
#905=DIRECTION('center_axis',(7.13718331154433E-16,-0.953798662533313,0.300446519949329));
#906=DIRECTION('ref_axis',(0.,-0.300446519949329,-0.953798662533313));
#907=DIRECTION('',(0.,0.654867007105793,0.755744138584152));
#908=DIRECTION('center_axis',(0.,-0.654867007105795,-0.75574413858415));
#909=DIRECTION('ref_axis',(-1.,0.,0.));
#910=DIRECTION('center_axis',(0.,1.,0.));
#911=DIRECTION('ref_axis',(0.,0.,-1.));
#912=DIRECTION('center_axis',(-4.44089209850063E-16,0.,1.));
#913=DIRECTION('ref_axis',(0.,-1.,0.));
#914=DIRECTION('center_axis',(0.,1.,0.));
#915=DIRECTION('ref_axis',(0.,0.,1.));
#916=DIRECTION('',(1.,0.,0.));
#917=DIRECTION('',(-1.,0.,0.));
#918=DIRECTION('',(0.,0.,1.));
#919=DIRECTION('center_axis',(1.,0.,0.));
#920=DIRECTION('ref_axis',(0.,1.,0.));
#921=DIRECTION('center_axis',(0.,-0.316227766016838,0.948683298050514));
#922=DIRECTION('ref_axis',(0.,-0.948683298050514,-0.316227766016838));
#923=DIRECTION('center_axis',(0.,0.948683298050514,-0.316227766016838));
#924=DIRECTION('ref_axis',(0.,-0.316227766016838,-0.948683298050514));
#925=DIRECTION('center_axis',(1.,0.,0.));
#926=DIRECTION('ref_axis',(0.,0.707106781186547,0.707106781186547));
#927=DIRECTION('center_axis',(1.,0.,0.));
#928=DIRECTION('ref_axis',(0.,1.,-1.56230584025252E-12));
#929=DIRECTION('',(1.,0.,0.));
#930=DIRECTION('center_axis',(0.99999999520152,-9.79640755908586E-5,-1.17462930091658E-18));
#931=DIRECTION('ref_axis',(9.79640755627287E-5,0.999999994914375,2.39643349466689E-5));
#932=DIRECTION('',(1.,0.,0.));
#933=DIRECTION('center_axis',(0.,0.,1.));
#934=DIRECTION('ref_axis',(0.707106781186547,-0.707106781186547,0.));
#935=DIRECTION('',(0.,0.,-1.));
#936=DIRECTION('center_axis',(0.,-1.,0.));
#937=DIRECTION('ref_axis',(0.707106781186547,0.,-0.707106781186547));
#938=DIRECTION('',(0.,-1.,0.));
#939=DIRECTION('center_axis',(0.,-1.,0.));
#940=DIRECTION('ref_axis',(0.,0.,-1.));
#941=DIRECTION('',(0.,1.,0.));
#942=DIRECTION('center_axis',(0.440405296742099,-0.89779907251094,0.));
#943=DIRECTION('ref_axis',(0.,0.,-1.));
#944=DIRECTION('center_axis',(-4.62377149296031E-17,0.208236155727424,-0.978078577338173));
#945=DIRECTION('ref_axis',(0.,-0.978078577338173,-0.208236155727424));
#946=DIRECTION('center_axis',(-0.273404276392602,0.961899215952606,0.));
#947=DIRECTION('ref_axis',(0.833029156895289,0.236775048859295,-0.500000000000003));
#948=DIRECTION('center_axis',(0.,0.,1.));
#949=DIRECTION('ref_axis',(4.75161405324586E-17,-1.,0.));
#950=DIRECTION('center_axis',(4.62377149296031E-17,0.208236155727424,-0.978078577338173));
#951=DIRECTION('ref_axis',(0.,-0.978078577338173,-0.208236155727424));
#952=DIRECTION('center_axis',(0.,0.,1.));
#953=DIRECTION('ref_axis',(4.75161405324586E-17,-1.,0.));
#954=DIRECTION('center_axis',(1.,0.,0.));
#955=DIRECTION('ref_axis',(0.,1.,0.));
#956=DIRECTION('',(0.,-0.903784726587589,-0.42798734559213));
#957=DIRECTION('center_axis',(1.,0.,0.));
#958=DIRECTION('ref_axis',(0.,0.796369848484012,0.604809940746307));
#959=DIRECTION('center_axis',(0.,0.903784726587589,0.42798734559213));
#960=DIRECTION('ref_axis',(-0.707106781186548,-0.302632754330225,0.639072308902914));
#961=DIRECTION('center_axis',(1.60544418041935E-15,0.903784726587589,0.427987345592129));
#962=DIRECTION('ref_axis',(-1.,1.77635683940025E-15,0.));
#963=DIRECTION('',(0.,0.903784726587589,0.42798734559213));
#964=DIRECTION('center_axis',(0.,0.90378472658759,0.427987345592127));
#965=DIRECTION('ref_axis',(-1.,0.,0.));
#966=DIRECTION('center_axis',(0.,0.903784726587589,0.42798734559213));
#967=DIRECTION('ref_axis',(-0.707106781186548,-0.302632754330225,0.639072308902914));
#968=DIRECTION('center_axis',(0.,0.903784726587593,0.427987345592122));
#969=DIRECTION('ref_axis',(-1.,0.,0.));
#970=DIRECTION('',(0.,0.903784726587589,0.42798734559213));
#971=DIRECTION('center_axis',(-1.,0.,0.));
#972=DIRECTION('ref_axis',(0.,-0.6161763876009,0.787608188989364));
#973=DIRECTION('center_axis',(1.,0.,0.));
#974=DIRECTION('ref_axis',(0.,0.796369848484012,0.604809940746307));
#975=DIRECTION('center_axis',(-1.,0.,0.));
#976=DIRECTION('ref_axis',(0.,0.796369848484012,0.604809940746307));
#977=DIRECTION('center_axis',(0.,0.654867007105793,0.755744138584152));
#978=DIRECTION('ref_axis',(0.707106781186547,0.53439180523484,-0.463060901499845));
#979=DIRECTION('center_axis',(0.,-0.654867007105793,-0.755744138584152));
#980=DIRECTION('ref_axis',(0.,0.755744138584151,-0.654867007105793));
#981=DIRECTION('',(0.,-0.654867007105793,-0.755744138584152));
#982=DIRECTION('center_axis',(0.,0.903784726587589,0.427987345592129));
#983=DIRECTION('ref_axis',(0.,-0.427987345592129,0.903784726587589));
#984=DIRECTION('center_axis',(-1.,0.,0.));
#985=DIRECTION('ref_axis',(0.,0.796369848484012,0.604809940746307));
#986=DIRECTION('center_axis',(1.,0.,0.));
#987=DIRECTION('ref_axis',(0.,0.796369848484012,0.604809940746307));
#988=DIRECTION('center_axis',(0.,-0.903784726587589,-0.42798734559213));
#989=DIRECTION('ref_axis',(0.707106781186548,-0.302632754330225,0.639072308902914));
#990=DIRECTION('center_axis',(0.,0.903784726587589,0.427987345592129));
#991=DIRECTION('ref_axis',(0.,-0.427987345592129,0.903784726587589));
#992=DIRECTION('',(0.,0.903784726587589,0.42798734559213));
#993=DIRECTION('',(0.,-0.903784726587589,-0.42798734559213));
#994=DIRECTION('center_axis',(1.,0.,0.));
#995=DIRECTION('ref_axis',(0.,-0.427987345592129,0.903784726587589));
#996=DIRECTION('center_axis',(0.,0.42798734559213,-0.903784726587589));
#997=DIRECTION('ref_axis',(0.,-0.903784726587589,-0.427987345592129));
#998=DIRECTION('center_axis',(1.,0.,0.));
#999=DIRECTION('ref_axis',(0.,-0.844981462989612,0.534795593852394));
#1000=DIRECTION('',(1.,0.,0.));
#1001=DIRECTION('center_axis',(1.,0.,0.));
#1002=DIRECTION('ref_axis',(0.,-0.42798734559213,0.903784726587589));
#1003=DIRECTION('',(-1.,0.,0.));
#1004=DIRECTION('center_axis',(0.,-0.42798734559213,0.903784726587589));
#1005=DIRECTION('ref_axis',(0.,-0.903784726587589,-0.42798734559213));
#1006=DIRECTION('',(1.,0.,0.));
#1007=DIRECTION('center_axis',(1.,0.,0.));
#1008=DIRECTION('ref_axis',(0.,0.796369848484017,0.604809940746301));
#1009=DIRECTION('center_axis',(0.,0.,-1.));
#1010=DIRECTION('ref_axis',(0.,1.,0.));
#1011=DIRECTION('center_axis',(1.,0.,0.));
#1012=DIRECTION('ref_axis',(0.,0.,-1.));
#1013=DIRECTION('',(1.,0.,0.));
#1014=DIRECTION('center_axis',(0.,0.,1.));
#1015=DIRECTION('ref_axis',(0.,-1.,0.));
#1016=DIRECTION('center_axis',(6.12323399573677E-17,0.,1.));
#1017=DIRECTION('ref_axis',(1.,0.,0.));
#1018=DIRECTION('center_axis',(1.22464679914735E-16,-1.,0.));
#1019=DIRECTION('ref_axis',(-1.,-1.22464679914735E-16,0.));
#1020=DIRECTION('',(0.,0.,1.));
#1021=DIRECTION('',(1.,0.,0.));
#1022=CARTESIAN_POINT('',(0.,0.,0.));
#1023=CARTESIAN_POINT('',(0.,0.,0.));
#1024=CARTESIAN_POINT('Origin',(0.,0.,0.));
#1025=CARTESIAN_POINT('',(0.,40.,4.89858719658941E-15));
#1026=CARTESIAN_POINT('Origin',(0.,0.,0.));
#1027=CARTESIAN_POINT('',(-40.,2.44929359829471E-15,2.99951956532372E-31));
#1028=CARTESIAN_POINT('Origin',(0.,0.,0.));
#1029=CARTESIAN_POINT('Origin',(0.,0.,0.));
#1030=CARTESIAN_POINT('',(0.,50.,6.12323399573677E-15));
#1031=CARTESIAN_POINT('Origin',(0.,0.,0.));
#1032=CARTESIAN_POINT('Origin',(0.,0.,0.));
#1033=CARTESIAN_POINT('',(-50.,3.06161699786838E-15,3.74939945665464E-31));
#1034=CARTESIAN_POINT('Origin',(0.,0.,0.));
#1035=CARTESIAN_POINT('Ctrl Pts',(798.971434855119,12.0466307108158,-7.51274071673319));
#1036=CARTESIAN_POINT('Ctrl Pts',(798.791089386189,11.7848039721582,-8.34669982252671));
#1037=CARTESIAN_POINT('Ctrl Pts',(798.081411632592,11.3269282563677,-10.1731120825112));
#1038=CARTESIAN_POINT('Ctrl Pts',(796.899997443915,11.1841704403398,-11.6827305297221));
#1039=CARTESIAN_POINT('Ctrl Pts',(796.112574945689,11.2035316573271,-12.4242432700266));
#1040=CARTESIAN_POINT('Ctrl Pts',(799.346186122908,12.5906970676557,-8.20785734739727));
#1041=CARTESIAN_POINT('Ctrl Pts',(799.075403613435,12.3284950547615,-9.0407518410532));
#1042=CARTESIAN_POINT('Ctrl Pts',(798.183580583209,11.8861036698865,-10.8036251811356));
#1043=CARTESIAN_POINT('Ctrl Pts',(796.899014020183,11.7519048306187,-12.1841807444583));
#1044=CARTESIAN_POINT('Ctrl Pts',(796.075152155664,11.767406393852,-12.8481703899233));
#1045=CARTESIAN_POINT('Ctrl Pts',(799.627345743458,14.0005156204984,-9.59730437229289));
#1046=CARTESIAN_POINT('Ctrl Pts',(799.214805662454,13.7136109416137,-10.3638777536572));
#1047=CARTESIAN_POINT('Ctrl Pts',(798.061074701197,13.238310687244,-11.8958993742213));
#1048=CARTESIAN_POINT('Ctrl Pts',(796.665270917219,13.0583134594027,-12.9905149182908));
#1049=CARTESIAN_POINT('Ctrl Pts',(795.816129162175,13.0325135768016,-13.4967166733444));
#1050=CARTESIAN_POINT('Ctrl Pts',(798.697917036222,15.9966430840382,-10.7722525768172));
#1051=CARTESIAN_POINT('Ctrl Pts',(798.269438903174,15.6744535422341,-11.3673664680955));
#1052=CARTESIAN_POINT('Ctrl Pts',(797.136960885472,15.1021743786715,-12.5214207905812));
#1053=CARTESIAN_POINT('Ctrl Pts',(795.854558542058,14.7900738779617,-13.3092900880456));
#1054=CARTESIAN_POINT('Ctrl Pts',(795.089558668516,14.6767955914334,-13.6657191636442));
#1055=CARTESIAN_POINT('Ctrl Pts',(797.034643930823,17.6937946909001,-11.2501329512571));
#1056=CARTESIAN_POINT('Ctrl Pts',(796.698524003012,17.3759856463839,-11.6684770237286));
#1057=CARTESIAN_POINT('Ctrl Pts',(795.804922606785,16.7600867812636,-12.4908446610127));
#1058=CARTESIAN_POINT('Ctrl Pts',(794.775497334881,16.3397484206198,-13.0686682127603));
#1059=CARTESIAN_POINT('Ctrl Pts',(794.157638299245,16.1521348123141,-13.3334039980559));
#1060=CARTESIAN_POINT('Ctrl Pts',(795.727879857536,18.4034018921528,-11.0850714291807));
#1061=CARTESIAN_POINT('Ctrl Pts',(795.492900611848,18.1210082095566,-11.4099294477324));
#1062=CARTESIAN_POINT('Ctrl Pts',(794.835201331875,17.5360048419649,-12.0847726895325));
#1063=CARTESIAN_POINT('Ctrl Pts',(794.017932902019,17.0888983282323,-12.6026888255143));
#1064=CARTESIAN_POINT('Ctrl Pts',(793.514169780949,16.8756423228681,-12.8481703899233));
#1065=CARTESIAN_POINT('Ctrl Pts',(794.853720066709,18.6616209468712,-10.7870757522621));
#1066=CARTESIAN_POINT('Ctrl Pts',(794.687802235294,18.4207403473058,-11.0650621208603));
#1067=CARTESIAN_POINT('Ctrl Pts',(794.188891109972,17.8931997554694,-11.6738662075215));
#1068=CARTESIAN_POINT('Ctrl Pts',(793.511941946855,17.4571618320842,-12.1770723565918));
#1069=CARTESIAN_POINT('Ctrl Pts',(793.084733290962,17.2429834242597,-12.4242432700266));
#1070=CARTESIAN_POINT('',(793.084733290962,17.2429834242597,-12.4242432700266));
#1071=CARTESIAN_POINT('',(796.112574945689,11.2035316573271,-12.4242432700266));
#1072=CARTESIAN_POINT('Origin',(793.084733290962,13.464262731339,-9.14990823449765));
#1073=CARTESIAN_POINT('',(794.853720066709,18.6616209468713,-10.7870757522621));
#1074=CARTESIAN_POINT('Ctrl Pts',(793.084733290962,17.2429834242597,-12.4242432700266));
#1075=CARTESIAN_POINT('Ctrl Pts',(793.511941946855,17.4571618320842,-12.1770723565918));
#1076=CARTESIAN_POINT('Ctrl Pts',(794.188891109972,17.8931997554694,-11.6738662075215));
#1077=CARTESIAN_POINT('Ctrl Pts',(794.687802235294,18.4207403473058,-11.0650621208603));
#1078=CARTESIAN_POINT('Ctrl Pts',(794.853720066709,18.6616209468712,-10.7870757522621));
#1079=CARTESIAN_POINT('',(798.971434855119,12.0466307108158,-7.51274071673319));
#1080=CARTESIAN_POINT('Origin',(794.853720066709,14.8829002539506,-7.51274071673315));
#1081=CARTESIAN_POINT('Ctrl Pts',(798.971434855119,12.0466307108158,-7.51274071673319));
#1082=CARTESIAN_POINT('Ctrl Pts',(798.791089386189,11.7848039721582,-8.34669982252671));
#1083=CARTESIAN_POINT('Ctrl Pts',(798.081411632592,11.3269282563677,-10.1731120825112));
#1084=CARTESIAN_POINT('Ctrl Pts',(796.899997443915,11.1841704403398,-11.6827305297221));
#1085=CARTESIAN_POINT('Ctrl Pts',(796.112574945689,11.2035316573271,-12.4242432700266));
#1086=CARTESIAN_POINT('Ctrl Pts',(796.112574945689,11.2035316573271,-12.4242432700266));
#1087=CARTESIAN_POINT('Ctrl Pts',(795.676931622332,11.2142432955284,-12.8344869133391));
#1088=CARTESIAN_POINT('Ctrl Pts',(794.996733281953,11.2344506992815,-13.343266222108));
#1089=CARTESIAN_POINT('Ctrl Pts',(794.067256363121,11.2700568765521,-13.8688404495882));
#1090=CARTESIAN_POINT('Ctrl Pts',(793.130297069105,11.3113452837929,-14.3018195902803));
#1091=CARTESIAN_POINT('Ctrl Pts',(791.959915700492,11.3731359070322,-14.68935702324));
#1092=CARTESIAN_POINT('Ctrl Pts',(790.555744024818,11.4639202282622,-14.9546079531989));
#1093=CARTESIAN_POINT('Ctrl Pts',(789.630099763285,11.5348970137446,-15.0116805307624));
#1094=CARTESIAN_POINT('Ctrl Pts',(789.163068829352,11.5734871720548,-15.0127311038064));
#1095=CARTESIAN_POINT('Ctrl Pts',(789.154522141199,11.5741943489976,-15.0127407167331));
#1096=CARTESIAN_POINT('Ctrl Pts',(789.145976532482,11.5749023848786,-15.0127407167331));
#1097=CARTESIAN_POINT('Ctrl Pts',(796.037729365637,12.331281130377,-13.27209750982));
#1098=CARTESIAN_POINT('Ctrl Pts',(795.512495353799,12.2695489406378,-13.589625547542));
#1099=CARTESIAN_POINT('Ctrl Pts',(794.760995413438,12.1836709692094,-13.9506582925615));
#1100=CARTESIAN_POINT('Ctrl Pts',(793.801304766624,12.0750876157112,-14.300979159482));
#1101=CARTESIAN_POINT('Ctrl Pts',(792.868567445198,11.9699690916602,-14.5787670577788));
#1102=CARTESIAN_POINT('Ctrl Pts',(791.750176886442,11.8443823706467,-14.8189929219852));
#1103=CARTESIAN_POINT('Ctrl Pts',(790.442883935854,11.70340367882,-14.9764143509858));
#1104=CARTESIAN_POINT('Ctrl Pts',(789.592129881179,11.6173769945359,-15.0118560952256));
#1105=CARTESIAN_POINT('Ctrl Pts',(789.161737515419,11.5763976159549,-15.0127383606252));
#1106=CARTESIAN_POINT('Ctrl Pts',(789.153855497052,11.5756498241543,-15.0127407167331));
#1107=CARTESIAN_POINT('Ctrl Pts',(789.145976532482,11.5749023848787,-15.0127407167331));
#1108=CARTESIAN_POINT('Ctrl Pts',(795.233863052419,14.7910278170531,-14.0141184024361));
#1109=CARTESIAN_POINT('Ctrl Pts',(794.713460585316,14.4977227537529,-14.2388513344885));
#1110=CARTESIAN_POINT('Ctrl Pts',(794.009225113436,14.1053967541254,-14.4588785255859));
#1111=CARTESIAN_POINT('Ctrl Pts',(793.147738920689,13.6354814787519,-14.6576968229134));
#1112=CARTESIAN_POINT('Ctrl Pts',(792.32795939451,13.1950622001747,-14.8057117513451));
#1113=CARTESIAN_POINT('Ctrl Pts',(791.363636110323,12.6889642751295,-14.9236444611791));
#1114=CARTESIAN_POINT('Ctrl Pts',(790.250642351514,12.1213712587203,-14.9979387111005));
#1115=CARTESIAN_POINT('Ctrl Pts',(789.526205404653,11.7615991567373,-15.0125139218059));
#1116=CARTESIAN_POINT('Ctrl Pts',(789.159401451772,11.5814923139296,-15.0127375136828));
#1117=CARTESIAN_POINT('Ctrl Pts',(789.152688869794,11.5781969056786,-15.0127407167332));
#1118=CARTESIAN_POINT('Ctrl Pts',(789.145976532482,11.5749023848787,-15.0127407167332));
#1119=CARTESIAN_POINT('Ctrl Pts',(793.728888025943,16.6919717721723,-13.0601339498716));
#1120=CARTESIAN_POINT('Ctrl Pts',(793.408124092724,16.3131092524098,-13.4029650624092));
#1121=CARTESIAN_POINT('Ctrl Pts',(792.936981002488,15.7605026132814,-13.8013030349879));
#1122=CARTESIAN_POINT('Ctrl Pts',(792.319074826509,15.0479585866918,-14.1968111178812));
#1123=CARTESIAN_POINT('Ctrl Pts',(791.707575800857,14.3522575453803,-14.5139479621837));
#1124=CARTESIAN_POINT('Ctrl Pts',(790.9553615305,13.5152687399343,-14.7890573239988));
#1125=CARTESIAN_POINT('Ctrl Pts',(790.056776607357,12.5388599505887,-14.9730817919426));
#1126=CARTESIAN_POINT('Ctrl Pts',(789.460113755453,11.9057693592962,-15.0120232721256));
#1127=CARTESIAN_POINT('Ctrl Pts',(789.157067374613,11.5865876226807,-15.0127340235434));
#1128=CARTESIAN_POINT('Ctrl Pts',(789.151522242535,11.5807439872028,-15.0127407167331));
#1129=CARTESIAN_POINT('Ctrl Pts',(789.145976532482,11.5749023848787,-15.0127407167331));
#1130=CARTESIAN_POINT('Ctrl Pts',(793.084733290962,17.2429834242596,-12.4242432700266));
#1131=CARTESIAN_POINT('Ctrl Pts',(792.848379111293,16.8874993216857,-12.8344869133389));
#1132=CARTESIAN_POINT('Ctrl Pts',(792.476750595261,16.3327727498057,-13.3432662221079));
#1133=CARTESIAN_POINT('Ctrl Pts',(791.962758978685,15.5754368017844,-13.8688404495881));
#1134=CARTESIAN_POINT('Ctrl Pts',(791.440381723245,14.8124560092667,-14.3018195902802));
#1135=CARTESIAN_POINT('Ctrl Pts',(790.779673441546,13.8602316182361,-14.6893570232399));
#1136=CARTESIAN_POINT('Ctrl Pts',(789.973098393988,12.7190975379745,-14.9546079531988));
#1137=CARTESIAN_POINT('Ctrl Pts',(789.43172954478,11.9676881730571,-15.0116805307623));
#1138=CARTESIAN_POINT('Ctrl Pts',(789.156067763672,11.5887697472229,-15.0127311038064));
#1139=CARTESIAN_POINT('Ctrl Pts',(789.151022259425,11.5818355935704,-15.0127407167331));
#1140=CARTESIAN_POINT('Ctrl Pts',(789.145976532482,11.5749023848787,-15.0127407167331));
#1141=CARTESIAN_POINT('',(789.145976532482,11.5749023848787,-15.0127407167331));
#1142=CARTESIAN_POINT('Ctrl Pts',(796.112574945689,11.2035316573271,-12.4242432700266));
#1143=CARTESIAN_POINT('Ctrl Pts',(795.676931622332,11.2142432955284,-12.8344869133391));
#1144=CARTESIAN_POINT('Ctrl Pts',(794.996733281953,11.2344506992815,-13.343266222108));
#1145=CARTESIAN_POINT('Ctrl Pts',(794.067256363121,11.2700568765521,-13.8688404495882));
#1146=CARTESIAN_POINT('Ctrl Pts',(793.130297069105,11.3113452837929,-14.3018195902803));
#1147=CARTESIAN_POINT('Ctrl Pts',(791.959915700492,11.3731359070322,-14.68935702324));
#1148=CARTESIAN_POINT('Ctrl Pts',(790.555744024818,11.4639202282622,-14.9546079531989));
#1149=CARTESIAN_POINT('Ctrl Pts',(789.630099763285,11.5348970137446,-15.0116805307624));
#1150=CARTESIAN_POINT('Ctrl Pts',(789.163068829352,11.5734871720548,-15.0127311038064));
#1151=CARTESIAN_POINT('Ctrl Pts',(789.154522141199,11.5741943489976,-15.0127407167331));
#1152=CARTESIAN_POINT('Ctrl Pts',(789.145976532482,11.5749023848786,-15.0127407167331));
#1153=CARTESIAN_POINT('Ctrl Pts',(789.145976532482,11.5749023848787,-15.0127407167331));
#1154=CARTESIAN_POINT('Ctrl Pts',(789.151022259425,11.5818355935704,-15.0127407167331));
#1155=CARTESIAN_POINT('Ctrl Pts',(789.156067763672,11.5887697472229,-15.0127311038064));
#1156=CARTESIAN_POINT('Ctrl Pts',(789.43172954478,11.9676881730571,-15.0116805307623));
#1157=CARTESIAN_POINT('Ctrl Pts',(789.973098393988,12.7190975379745,-14.9546079531988));
#1158=CARTESIAN_POINT('Ctrl Pts',(790.779673441546,13.8602316182361,-14.6893570232399));
#1159=CARTESIAN_POINT('Ctrl Pts',(791.440381723245,14.8124560092667,-14.3018195902802));
#1160=CARTESIAN_POINT('Ctrl Pts',(791.962758978685,15.5754368017844,-13.8688404495881));
#1161=CARTESIAN_POINT('Ctrl Pts',(792.476750595261,16.3327727498057,-13.3432662221079));
#1162=CARTESIAN_POINT('Ctrl Pts',(792.848379111293,16.8874993216857,-12.8344869133389));
#1163=CARTESIAN_POINT('Ctrl Pts',(793.084733290962,17.2429834242596,-12.4242432700266));
#1164=CARTESIAN_POINT('Origin',(80.,11.5749023848786,-7.51274071673315));
#1165=CARTESIAN_POINT('',(162.5,11.5749023848786,-15.0127407167331));
#1166=CARTESIAN_POINT('',(80.,11.5749023848786,-15.0127407167331));
#1167=CARTESIAN_POINT('',(162.5,17.2429834242597,-12.4242432700266));
#1168=CARTESIAN_POINT('Origin',(162.5,11.5749023848786,-7.51274071673315));
#1169=CARTESIAN_POINT('',(80.,17.2429834242597,-12.4242432700266));
#1170=CARTESIAN_POINT('Ctrl Pts',(162.5,18.7118392662992,-10.7291216941933));
#1171=CARTESIAN_POINT('Ctrl Pts',(162.5,18.3569930955535,-11.1386291372775));
#1172=CARTESIAN_POINT('Ctrl Pts',(162.5,17.6071163827104,-12.0040184823546));
#1173=CARTESIAN_POINT('Ctrl Pts',(162.5,17.2429834242597,-12.4242432700266));
#1174=CARTESIAN_POINT('Ctrl Pts',(162.500003423493,17.2429847790107,-12.4242417065868));
#1175=CARTESIAN_POINT('Ctrl Pts',(161.922089499137,18.3333847462255,-12.1842994027168));
#1176=CARTESIAN_POINT('Ctrl Pts',(161.916743902232,17.8913134971855,-12.4733008138213));
#1177=CARTESIAN_POINT('Ctrl Pts',(162.000165092917,16.9280741989943,-13.0694101691089));
#1178=CARTESIAN_POINT('Ctrl Pts',(162.31496901907,16.4414358473704,-13.3492629709086));
#1179=CARTESIAN_POINT('Ctrl Pts',(162.5,16.4414358473704,-13.3492629709086));
#1180=CARTESIAN_POINT('Ctrl Pts',(160.202411933394,17.2072246455651,-14.3200389687562));
#1181=CARTESIAN_POINT('Ctrl Pts',(160.338188625076,16.6057195100417,-14.3959742875409));
#1182=CARTESIAN_POINT('Ctrl Pts',(160.865693082034,15.2958761092571,-14.5479185860592));
#1183=CARTESIAN_POINT('Ctrl Pts',(161.89692072305,14.6353906922783,-14.6158581051391));
#1184=CARTESIAN_POINT('Ctrl Pts',(162.5,14.6353906922783,-14.6158581051391));
#1185=CARTESIAN_POINT('Ctrl Pts',(157.842603512637,15.661863967727,-15.0127407167331));
#1186=CARTESIAN_POINT('Ctrl Pts',(158.262916411812,14.9022584967307,-15.0124563051993));
#1187=CARTESIAN_POINT('Ctrl Pts',(159.508340675308,13.2854091877199,-15.0123471468383));
#1188=CARTESIAN_POINT('Ctrl Pts',(161.401503986359,12.4928913446887,-15.0127407167331));
#1189=CARTESIAN_POINT('Ctrl Pts',(162.5,12.4928913446887,-15.0127407167331));
#1190=CARTESIAN_POINT('Ctrl Pts',(156.831918960609,15.0000000000153,-15.0127407167331));
#1191=CARTESIAN_POINT('Ctrl Pts',(157.373778860243,14.172564973121,-15.0127407167331));
#1192=CARTESIAN_POINT('Ctrl Pts',(158.926501206708,12.4239924670326,-15.0127407167331));
#1193=CARTESIAN_POINT('Ctrl Pts',(161.18928202356,11.5749023848786,-15.0127407167331));
#1194=CARTESIAN_POINT('Ctrl Pts',(162.5,11.5749023848786,-15.0127407167331));
#1195=CARTESIAN_POINT('',(161.593187510046,15.7393122223053,-13.8995523838431));
#1196=CARTESIAN_POINT('Ctrl Pts',(161.593187510046,15.7393122223053,-13.8995523838431));
#1197=CARTESIAN_POINT('Ctrl Pts',(161.776380385784,16.0036140498476,-13.7034212650317));
#1198=CARTESIAN_POINT('Ctrl Pts',(161.946974982716,16.2401480705763,-13.4938868432719));
#1199=CARTESIAN_POINT('Ctrl Pts',(162.194281942125,16.6046517679301,-13.1354584488794));
#1200=CARTESIAN_POINT('Ctrl Pts',(162.290494746945,16.75270660339,-12.978429018089));
#1201=CARTESIAN_POINT('Ctrl Pts',(162.402664011273,16.9601205246276,-12.7481669415293));
#1202=CARTESIAN_POINT('Ctrl Pts',(162.436085604022,17.0284581592489,-12.6707596892316));
#1203=CARTESIAN_POINT('Ctrl Pts',(162.472660784194,17.1241312963946,-12.5612153569596));
#1204=CARTESIAN_POINT('Ctrl Pts',(162.483120679405,17.1554888479273,-12.5251453876725));
#1205=CARTESIAN_POINT('Ctrl Pts',(162.493628505994,17.1982464360649,-12.4758622018726));
#1206=CARTESIAN_POINT('Ctrl Pts',(162.496397275345,17.2115199316471,-12.4605504912197));
#1207=CARTESIAN_POINT('Ctrl Pts',(162.498769733566,17.2281177163959,-12.4413985619939));
#1208=CARTESIAN_POINT('Ctrl Pts',(162.499274931821,17.2322833387802,-12.4365914947444));
#1209=CARTESIAN_POINT('Ctrl Pts',(162.499769539964,17.2380568699897,-12.4299287123886));
#1210=CARTESIAN_POINT('Ctrl Pts',(162.499902640907,17.2399685659998,-12.4277225419663));
#1211=CARTESIAN_POINT('Ctrl Pts',(162.499983703569,17.2421191387989,-12.4252406918907));
#1212=CARTESIAN_POINT('Ctrl Pts',(162.5,17.2434155889786,-12.4237445337188));
#1213=CARTESIAN_POINT('Ctrl Pts',(162.5,17.2429834242597,-12.4242432700266));
#1214=CARTESIAN_POINT('',(156.831918960603,15.0000000000117,-15.0127407167331));
#1215=CARTESIAN_POINT('Ctrl Pts',(162.5,11.5749023848786,-15.0127407167331));
#1216=CARTESIAN_POINT('Ctrl Pts',(161.18928202356,11.5749023848786,-15.0127407167331));
#1217=CARTESIAN_POINT('Ctrl Pts',(158.926501206708,12.4239924670326,-15.0127407167331));
#1218=CARTESIAN_POINT('Ctrl Pts',(157.373778860243,14.172564973121,-15.0127407167331));
#1219=CARTESIAN_POINT('Ctrl Pts',(156.831918960609,15.0000000000153,-15.0127407167331));
#1220=CARTESIAN_POINT('',(159.734001811342,15.,-14.6705082156641));
#1221=CARTESIAN_POINT('Ctrl Pts',(156.831918960619,15.,-15.0127407167331));
#1222=CARTESIAN_POINT('Ctrl Pts',(157.913591606874,15.,-15.0127407167331));
#1223=CARTESIAN_POINT('Ctrl Pts',(158.890271893938,15.,-14.849302914342));
#1224=CARTESIAN_POINT('Ctrl Pts',(159.734001811342,15.,-14.6705082156641));
#1225=CARTESIAN_POINT('Ctrl Pts',(159.734001811342,15.,-14.6705082156641));
#1226=CARTESIAN_POINT('Ctrl Pts',(160.134345934317,15.,-14.5856713438665));
#1227=CARTESIAN_POINT('Ctrl Pts',(160.506589871794,15.0708621694869,-14.4803726856683));
#1228=CARTESIAN_POINT('Ctrl Pts',(160.978654408496,15.2519091719816,-14.2953516460624));
#1229=CARTESIAN_POINT('Ctrl Pts',(161.129996099634,15.3282746159956,-14.2258561338024));
#1230=CARTESIAN_POINT('Ctrl Pts',(161.393238101152,15.5103218534506,-14.0739199474893));
#1231=CARTESIAN_POINT('Ctrl Pts',(161.508038479344,15.6164633159974,-13.990715179284));
#1232=CARTESIAN_POINT('Ctrl Pts',(161.593187510046,15.7393122223053,-13.8995523838431));
#1233=CARTESIAN_POINT('Origin',(747.5,47.5,-7.51274071673315));
#1234=CARTESIAN_POINT('',(747.5,-15.,-7.51274071673315));
#1235=CARTESIAN_POINT('Origin',(747.5,47.5,-7.51274071673315));
#1236=CARTESIAN_POINT('',(747.5,-7.49999999999999,-15.0127407167331));
#1237=CARTESIAN_POINT('Origin',(747.5,-7.49999999999999,-7.51274071673315));
#1238=CARTESIAN_POINT('Origin',(747.5,47.5,-15.0127407167331));
#1239=CARTESIAN_POINT('Origin',(0.,-7.5,-7.51274071673315));
#1240=CARTESIAN_POINT('',(41.4675623460517,-15.,-7.5127407167149));
#1241=CARTESIAN_POINT('',(41.4675623460517,-7.5,-15.0127407167331));
#1242=CARTESIAN_POINT('Origin',(41.4675623460517,-7.5,-7.51274071673315));
#1243=CARTESIAN_POINT('',(0.,-7.5,-15.0127407167331));
#1244=CARTESIAN_POINT('',(0.,-15.,-7.51274071673315));
#1245=CARTESIAN_POINT('Ctrl Pts',(41.4621851500265,-7.50000029483227,-15.0127407167331));
#1246=CARTESIAN_POINT('Ctrl Pts',(41.463977545809,-7.50000009822957,-15.0127407167331));
#1247=CARTESIAN_POINT('Ctrl Pts',(41.4657699416021,-7.50000000000032,-15.0127407167331));
#1248=CARTESIAN_POINT('Ctrl Pts',(41.4675623373953,-7.5,-15.0127407167331));
#1249=CARTESIAN_POINT('Ctrl Pts',(41.4623082171078,-8.62198346811184,-15.0127407167331));
#1250=CARTESIAN_POINT('Ctrl Pts',(41.4640595278062,-8.62198802795485,-15.0127407321341));
#1251=CARTESIAN_POINT('Ctrl Pts',(41.4658109675758,-8.62199263252995,-15.0127407013586));
#1252=CARTESIAN_POINT('Ctrl Pts',(41.4675623375932,-8.62199737625925,-15.0127407167331));
#1253=CARTESIAN_POINT('Ctrl Pts',(41.4625537375889,-10.8603549776963,-14.4991125187385));
#1254=CARTESIAN_POINT('Ctrl Pts',(41.464223061371,-10.8603689597668,-14.4991081287344));
#1255=CARTESIAN_POINT('Ctrl Pts',(41.4658928365196,-10.8603828353431,-14.4991037256572));
#1256=CARTESIAN_POINT('Ctrl Pts',(41.4675623379878,-10.8603969760411,-14.4990993431796));
#1257=CARTESIAN_POINT('Ctrl Pts',(41.4629000264518,-14.0174159326362,-11.9908767027404));
#1258=CARTESIAN_POINT('Ctrl Pts',(41.4644539825052,-14.0174368351202,-11.9908522283445));
#1259=CARTESIAN_POINT('Ctrl Pts',(41.4660080368564,-14.0174578432145,-11.9908277639686));
#1260=CARTESIAN_POINT('Ctrl Pts',(41.4675623385445,-14.0174788795003,-11.9908033316003));
#1261=CARTESIAN_POINT('Ctrl Pts',(41.4630077996076,-14.9999667995239,-9.19586454710144));
#1262=CARTESIAN_POINT('Ctrl Pts',(41.4645254971731,-14.9999779353981,-9.19582191522743));
#1263=CARTESIAN_POINT('Ctrl Pts',(41.466044240118,-14.9999887178273,-9.19577933980367));
#1264=CARTESIAN_POINT('Ctrl Pts',(41.4675623387177,-14.9999999999462,-9.1957367813616));
#1265=CARTESIAN_POINT('Ctrl Pts',(41.4630078032765,-15.0000002482338,-7.51288977739033));
#1266=CARTESIAN_POINT('Ctrl Pts',(41.4645257801599,-15.0000000827197,-7.51284004761357));
#1267=CARTESIAN_POINT('Ctrl Pts',(41.4660439587349,-15.0000000000003,-7.51279036082976));
#1268=CARTESIAN_POINT('Ctrl Pts',(41.4675623387177,-15.,-7.51274071697272));
#1269=CARTESIAN_POINT('',(41.4630078032765,-15.0000002482338,-7.51288977739033));
#1270=CARTESIAN_POINT('Ctrl Pts',(41.4675623387177,-15.,-7.51274071697272));
#1271=CARTESIAN_POINT('Ctrl Pts',(41.4660439587349,-15.0000000000003,-7.51279036082976));
#1272=CARTESIAN_POINT('Ctrl Pts',(41.4645257801599,-15.0000000827197,-7.51284004761357));
#1273=CARTESIAN_POINT('Ctrl Pts',(41.4630078032765,-15.0000002482338,-7.51288977739033));
#1274=CARTESIAN_POINT('',(41.4621851500265,-7.50000029482943,-15.0127407167331));
#1275=CARTESIAN_POINT('Origin',(41.4621851500265,-7.50000029483227,-7.51274071673315));
#1276=CARTESIAN_POINT('Ctrl Pts',(41.4621851500265,-7.50000029483227,-15.0127407167331));
#1277=CARTESIAN_POINT('Ctrl Pts',(41.463977545809,-7.50000009822957,-15.0127407167331));
#1278=CARTESIAN_POINT('Ctrl Pts',(41.4657699416021,-7.50000000000032,-15.0127407167331));
#1279=CARTESIAN_POINT('Ctrl Pts',(41.4675623373953,-7.5,-15.0127407167331));
#1280=CARTESIAN_POINT('Ctrl Pts',(41.4630077960732,-15.0000002482346,-7.51288977762632));
#1281=CARTESIAN_POINT('Ctrl Pts',(40.7897248720029,-15.0000736604226,-7.53494690523726));
#1282=CARTESIAN_POINT('Ctrl Pts',(39.5073718105303,-15.0337899771511,-7.63306422348082));
#1283=CARTESIAN_POINT('Ctrl Pts',(37.9691325645273,-15.210876509032,-8.08412225990444));
#1284=CARTESIAN_POINT('Ctrl Pts',(36.7673815738198,-15.4773320684116,-8.91677269153638));
#1285=CARTESIAN_POINT('Ctrl Pts',(35.687287975741,-15.805111291764,-10.1047557890829));
#1286=CARTESIAN_POINT('Ctrl Pts',(34.5864615076003,-16.2013099710893,-11.5656107327831));
#1287=CARTESIAN_POINT('Ctrl Pts',(33.3990475517784,-16.6821154119847,-13.1714919655703));
#1288=CARTESIAN_POINT('Ctrl Pts',(32.0634760005326,-17.2848760564254,-14.8593953964432));
#1289=CARTESIAN_POINT('Ctrl Pts',(30.5565098231211,-18.0327914624387,-16.568731570826));
#1290=CARTESIAN_POINT('Ctrl Pts',(28.8793109065504,-18.9133702643935,-18.256990070897));
#1291=CARTESIAN_POINT('Ctrl Pts',(27.6565291726956,-19.5574315659809,-19.3506077518554));
#1292=CARTESIAN_POINT('Ctrl Pts',(27.0119859024583,-19.8893004126075,-19.8939346557317));
#1293=CARTESIAN_POINT('Ctrl Pts',(27.0035762528263,-19.8936293308529,-19.9010180970092));
#1294=CARTESIAN_POINT('Ctrl Pts',(26.9951622426056,-19.8979591836735,-19.9080997541268));
#1295=CARTESIAN_POINT('Ctrl Pts',(41.4630077938218,-14.9999779490593,-8.63487295738884));
#1296=CARTESIAN_POINT('Ctrl Pts',(40.8079419812266,-14.996733440994,-8.65272386912995));
#1297=CARTESIAN_POINT('Ctrl Pts',(39.5736924865098,-15.0204317179409,-8.73811765413383));
#1298=CARTESIAN_POINT('Ctrl Pts',(38.1416540141991,-15.1473836690516,-9.12537704057771));
#1299=CARTESIAN_POINT('Ctrl Pts',(37.01248935222,-15.3257547811204,-9.82881231440724));
#1300=CARTESIAN_POINT('Ctrl Pts',(35.9255747272444,-15.5737821730916,-10.8467604023206));
#1301=CARTESIAN_POINT('Ctrl Pts',(34.7642856748486,-15.9378533183499,-12.1302735616042));
#1302=CARTESIAN_POINT('Ctrl Pts',(33.5060793800642,-16.4368602130027,-13.5742087546219));
#1303=CARTESIAN_POINT('Ctrl Pts',(32.1145968260866,-17.0912205035105,-15.1230704828715));
#1304=CARTESIAN_POINT('Ctrl Pts',(30.5740049300244,-17.904839833643,-16.7205019949807));
#1305=CARTESIAN_POINT('Ctrl Pts',(28.8816283208054,-18.8515502348913,-18.3222001898982));
#1306=CARTESIAN_POINT('Ctrl Pts',(27.6565543402145,-19.5367800606468,-19.3712985337925));
#1307=CARTESIAN_POINT('Ctrl Pts',(27.0119859811449,-19.8887759187448,-19.8944593731034));
#1308=CARTESIAN_POINT('Ctrl Pts',(27.0035761890242,-19.893367133232,-19.9012802475896));
#1309=CARTESIAN_POINT('Ctrl Pts',(26.9951622426056,-19.8979591836735,-19.9080997541268));
#1310=CARTESIAN_POINT('Ctrl Pts',(41.4629514508556,-14.4863052866005,-10.8732343067521));
#1311=CARTESIAN_POINT('Ctrl Pts',(40.8358638372332,-14.4803707607474,-10.8812354113994));
#1312=CARTESIAN_POINT('Ctrl Pts',(39.6755150789734,-14.4954564375225,-10.9373945398376));
#1313=CARTESIAN_POINT('Ctrl Pts',(38.4048405415753,-14.5745945209547,-11.186948654825));
#1314=CARTESIAN_POINT('Ctrl Pts',(37.3814623099435,-14.6757083087429,-11.6215248858668));
#1315=CARTESIAN_POINT('Ctrl Pts',(36.2783772045408,-14.8813652758262,-12.2945692388556));
#1316=CARTESIAN_POINT('Ctrl Pts',(35.0237896843081,-15.2810705472258,-13.2265238907539));
#1317=CARTESIAN_POINT('Ctrl Pts',(33.6606325201167,-15.8831592104456,-14.3553607007027));
#1318=CARTESIAN_POINT('Ctrl Pts',(32.1879272578693,-16.6783920453952,-15.6364013897873));
#1319=CARTESIAN_POINT('Ctrl Pts',(30.5990121257961,-17.6411681609592,-17.0182550089191));
#1320=CARTESIAN_POINT('Ctrl Pts',(28.8849337098394,-18.726978122374,-18.4516196909291));
#1321=CARTESIAN_POINT('Ctrl Pts',(27.6565880019146,-19.4954671854353,-19.4126668717976));
#1322=CARTESIAN_POINT('Ctrl Pts',(27.0119860154573,-19.8877268190906,-19.8955087255742));
#1323=CARTESIAN_POINT('Ctrl Pts',(27.00357606142,-19.8928427379902,-19.9018045487505));
#1324=CARTESIAN_POINT('Ctrl Pts',(26.9951622426056,-19.8979591836735,-19.9080997541268));
#1325=CARTESIAN_POINT('Ctrl Pts',(41.462676322973,-11.9780067473072,-14.0302454699173));
#1326=CARTESIAN_POINT('Ctrl Pts',(40.845960300717,-11.9805915312725,-14.0247465697205));
#1327=CARTESIAN_POINT('Ctrl Pts',(39.7132945052912,-12.0201254572676,-14.0405600053849));
#1328=CARTESIAN_POINT('Ctrl Pts',(38.5021994580534,-12.1969552743971,-14.1192073461255));
#1329=CARTESIAN_POINT('Ctrl Pts',(37.5166072014447,-12.4934957384953,-14.2245512925531));
#1330=CARTESIAN_POINT('Ctrl Pts',(36.4057371977707,-12.9926008016934,-14.4575572446172));
#1331=CARTESIAN_POINT('Ctrl Pts',(35.1163021052321,-13.7506012621156,-14.9147850067722));
#1332=CARTESIAN_POINT('Ctrl Pts',(33.7151540496848,-14.725564329102,-15.5939139565505));
#1333=CARTESIAN_POINT('Ctrl Pts',(32.2136051860313,-15.8768716457491,-16.473505234294));
#1334=CARTESIAN_POINT('Ctrl Pts',(30.6077141832422,-17.1543334296797,-17.5171439376579));
#1335=CARTESIAN_POINT('Ctrl Pts',(28.8860689514588,-18.50559993827,-18.6747374304314));
#1336=CARTESIAN_POINT('Ctrl Pts',(27.6565882604309,-19.423125788986,-19.4850253984603));
#1337=CARTESIAN_POINT('Ctrl Pts',(27.0119856472735,-19.8858905847384,-19.8973447149173));
#1338=CARTESIAN_POINT('Ctrl Pts',(27.0035758381127,-19.8919250463172,-19.902722075782));
#1339=CARTESIAN_POINT('Ctrl Pts',(26.9951622426056,-19.8979591836735,-19.9080997541268));
#1340=CARTESIAN_POINT('Ctrl Pts',(41.4623697437354,-9.18297505492039,-15.0127407166803));
#1341=CARTESIAN_POINT('Ctrl Pts',(40.8163878882358,-9.19873487914423,-15.0076841726109));
#1342=CARTESIAN_POINT('Ctrl Pts',(39.6058324133472,-9.27786937943521,-15.0268444146465));
#1343=CARTESIAN_POINT('Ctrl Pts',(38.2268088276755,-9.63330795834203,-15.1283370541601));
#1344=CARTESIAN_POINT('Ctrl Pts',(37.1338474213227,-10.2722375526209,-15.2619532589623));
#1345=CARTESIAN_POINT('Ctrl Pts',(36.0434888405956,-11.2054094417437,-15.4696835281488));
#1346=CARTESIAN_POINT('Ctrl Pts',(34.8519687306488,-12.4005363498452,-15.8171356779526));
#1347=CARTESIAN_POINT('Ctrl Pts',(33.5586395913052,-13.7639036126265,-16.3250970023065));
#1348=CARTESIAN_POINT('Ctrl Pts',(32.1395198243723,-15.2436824056675,-17.0051011206844));
#1349=CARTESIAN_POINT('Ctrl Pts',(30.5824006471163,-16.785582049422,-17.851360374274));
#1350=CARTESIAN_POINT('Ctrl Pts',(28.8826398056766,-18.3443621780686,-18.8309290489305));
#1351=CARTESIAN_POINT('Ctrl Pts',(27.6565264013336,-19.3714073278678,-19.5366547058907));
#1352=CARTESIAN_POINT('Ctrl Pts',(27.0119850861153,-19.8845787722548,-19.8986559999584));
#1353=CARTESIAN_POINT('Ctrl Pts',(27.0035756786075,-19.891269552265,-19.9033774522331));
#1354=CARTESIAN_POINT('Ctrl Pts',(26.9951622426056,-19.8979591836735,-19.9080997541268));
#1355=CARTESIAN_POINT('Ctrl Pts',(41.4621851428213,-7.5000002950684,-15.0127407167331));
#1356=CARTESIAN_POINT('Ctrl Pts',(40.7887331120761,-7.52207377579107,-15.0127407168492));
#1357=CARTESIAN_POINT('Ctrl Pts',(39.5059511717021,-7.62023252982758,-15.0462768155354));
#1358=CARTESIAN_POINT('Ctrl Pts',(37.9671416547161,-8.07141601623608,-15.2230981125275));
#1359=CARTESIAN_POINT('Ctrl Pts',(36.7652611501559,-8.90427139810145,-15.48934184576));
#1360=CARTESIAN_POINT('Ctrl Pts',(35.6853605705144,-10.0925155287701,-15.816906013371));
#1361=CARTESIAN_POINT('Ctrl Pts',(34.5848970331763,-11.5536834114842,-16.2128557422865));
#1362=CARTESIAN_POINT('Ctrl Pts',(33.3978996752834,-13.1599214313139,-16.6933698353389));
#1363=CARTESIAN_POINT('Ctrl Pts',(32.0627281657768,-14.848214003118,-17.2958028884005));
#1364=CARTESIAN_POINT('Ctrl Pts',(30.5560935112626,-16.5579371352862,-18.0433953352516));
#1365=CARTESIAN_POINT('Ctrl Pts',(28.8791404519112,-18.246545830829,-18.923706198411));
#1366=CARTESIAN_POINT('Ctrl Pts',(27.6564762395911,-19.3403670448453,-19.5676334826947));
#1367=CARTESIAN_POINT('Ctrl Pts',(27.0119845612898,-19.8837915429431,-19.8994425379662));
#1368=CARTESIAN_POINT('Ctrl Pts',(27.0035755829044,-19.8908762558337,-19.9037706781037));
#1369=CARTESIAN_POINT('Ctrl Pts',(26.9951622426056,-19.8979591836735,-19.9080997541268));
#1370=CARTESIAN_POINT('',(26.9951622426056,-19.8979591836735,-19.9080997541268));
#1371=CARTESIAN_POINT('Ctrl Pts',(41.4630077960732,-15.0000002482346,-7.51288977762632));
#1372=CARTESIAN_POINT('Ctrl Pts',(40.7897248720029,-15.0000736604226,-7.53494690523726));
#1373=CARTESIAN_POINT('Ctrl Pts',(39.5073718105303,-15.0337899771511,-7.63306422348082));
#1374=CARTESIAN_POINT('Ctrl Pts',(37.9691325645273,-15.210876509032,-8.08412225990444));
#1375=CARTESIAN_POINT('Ctrl Pts',(36.7673815738198,-15.4773320684116,-8.91677269153638));
#1376=CARTESIAN_POINT('Ctrl Pts',(35.687287975741,-15.805111291764,-10.1047557890829));
#1377=CARTESIAN_POINT('Ctrl Pts',(34.5864615076003,-16.2013099710893,-11.5656107327831));
#1378=CARTESIAN_POINT('Ctrl Pts',(33.3990475517784,-16.6821154119847,-13.1714919655703));
#1379=CARTESIAN_POINT('Ctrl Pts',(32.0634760005326,-17.2848760564254,-14.8593953964432));
#1380=CARTESIAN_POINT('Ctrl Pts',(30.5565098231211,-18.0327914624387,-16.568731570826));
#1381=CARTESIAN_POINT('Ctrl Pts',(28.8793109065504,-18.9133702643935,-18.256990070897));
#1382=CARTESIAN_POINT('Ctrl Pts',(27.6565291726956,-19.5574315659809,-19.3506077518554));
#1383=CARTESIAN_POINT('Ctrl Pts',(27.0119859024583,-19.8893004126075,-19.8939346557317));
#1384=CARTESIAN_POINT('Ctrl Pts',(27.0035762528263,-19.8936293308529,-19.9010180970092));
#1385=CARTESIAN_POINT('Ctrl Pts',(26.9951622426056,-19.8979591836735,-19.9080997541268));
#1386=CARTESIAN_POINT('Ctrl Pts',(26.9951622426056,-19.8979591836735,-19.9080997541268));
#1387=CARTESIAN_POINT('Ctrl Pts',(27.0035755829044,-19.8908762558337,-19.9037706781037));
#1388=CARTESIAN_POINT('Ctrl Pts',(27.0119845612898,-19.8837915429431,-19.8994425379662));
#1389=CARTESIAN_POINT('Ctrl Pts',(27.6564762395911,-19.3403670448453,-19.5676334826947));
#1390=CARTESIAN_POINT('Ctrl Pts',(28.8791404519112,-18.246545830829,-18.923706198411));
#1391=CARTESIAN_POINT('Ctrl Pts',(30.5560935112626,-16.5579371352862,-18.0433953352516));
#1392=CARTESIAN_POINT('Ctrl Pts',(32.0627281657768,-14.848214003118,-17.2958028884005));
#1393=CARTESIAN_POINT('Ctrl Pts',(33.3978996752834,-13.1599214313139,-16.6933698353389));
#1394=CARTESIAN_POINT('Ctrl Pts',(34.5848970331763,-11.5536834114842,-16.2128557422865));
#1395=CARTESIAN_POINT('Ctrl Pts',(35.6853605705144,-10.0925155287701,-15.816906013371));
#1396=CARTESIAN_POINT('Ctrl Pts',(36.7652611501559,-8.90427139810145,-15.48934184576));
#1397=CARTESIAN_POINT('Ctrl Pts',(37.9671416547161,-8.07141601623608,-15.2230981125275));
#1398=CARTESIAN_POINT('Ctrl Pts',(39.5059511717021,-7.62023252982758,-15.0462768155354));
#1399=CARTESIAN_POINT('Ctrl Pts',(40.7887331120761,-7.52207377579107,-15.0127407168492));
#1400=CARTESIAN_POINT('Ctrl Pts',(41.4621851428213,-7.5000002950684,-15.0127407167331));
#1401=CARTESIAN_POINT('Origin',(0.,-15.,15.0127407167331));
#1402=CARTESIAN_POINT('',(747.5,-15.,11.8482003257508));
#1403=CARTESIAN_POINT('',(747.5,-15.,18.7531851791833));
#1404=CARTESIAN_POINT('',(160.,-15.,11.8482003257508));
#1405=CARTESIAN_POINT('',(80.,-15.,11.8482003257508));
#1406=CARTESIAN_POINT('',(155.481076367061,-15.,15.0127407167345));
#1407=CARTESIAN_POINT('Ctrl Pts',(155.481076367061,-15.,15.0127407167347));
#1408=CARTESIAN_POINT('Ctrl Pts',(155.810547089548,-15.,14.2429265484419));
#1409=CARTESIAN_POINT('Ctrl Pts',(156.967054154253,-15.,12.6064572775318));
#1410=CARTESIAN_POINT('Ctrl Pts',(158.889923049036,-15.,11.8482003257508));
#1411=CARTESIAN_POINT('Ctrl Pts',(160.,-15.,11.8482003257508));
#1412=CARTESIAN_POINT('',(39.3778823224078,-15.,15.0127407163126));
#1413=CARTESIAN_POINT('',(0.,-15.,15.0127407167331));
#1414=CARTESIAN_POINT('Ctrl Pts',(41.4668875263694,-15.,-7.51261881451847));
#1415=CARTESIAN_POINT('Ctrl Pts',(42.1404156010347,-15.,-3.78413509596809));
#1416=CARTESIAN_POINT('Ctrl Pts',(42.4883320479872,-15.,3.91740670278267));
#1417=CARTESIAN_POINT('Ctrl Pts',(40.747456004829,-15.,11.4159757579682));
#1418=CARTESIAN_POINT('Ctrl Pts',(39.3775234382215,-15.,15.0126040197222));
#1419=CARTESIAN_POINT('Origin',(747.5,47.5,18.7531851791833));
#1420=CARTESIAN_POINT('',(810.,47.5,30.1287676860704));
#1421=CARTESIAN_POINT('Origin',(747.5,47.5,30.1287676860704));
#1422=CARTESIAN_POINT('',(810.,47.5,39.0773309445702));
#1423=CARTESIAN_POINT('',(810.,47.5,18.7531851791833));
#1424=CARTESIAN_POINT('Origin',(747.5,47.5,39.0773309445702));
#1425=CARTESIAN_POINT('Ctrl Pts',(794.853720066709,18.6616209468712,-10.7870757522622));
#1426=CARTESIAN_POINT('Ctrl Pts',(797.66423083328,22.7419389739443,-6.07821670292918));
#1427=CARTESIAN_POINT('Ctrl Pts',(802.986213285058,33.1146964856706,5.89238283160416));
#1428=CARTESIAN_POINT('Ctrl Pts',(805.,44.6726001677558,19.2306910182693));
#1429=CARTESIAN_POINT('Ctrl Pts',(805.,51.2787206929208,26.8544326505414));
#1430=CARTESIAN_POINT('Ctrl Pts',(795.727879857536,18.4034018921528,-11.0850714291808));
#1431=CARTESIAN_POINT('Ctrl Pts',(798.539993825936,22.5305652785299,-6.32164836098786));
#1432=CARTESIAN_POINT('Ctrl Pts',(803.837610169127,33.0022598610714,5.76323601686827));
#1433=CARTESIAN_POINT('Ctrl Pts',(805.789242840056,44.6359051171636,19.1880612121988));
#1434=CARTESIAN_POINT('Ctrl Pts',(805.747998250855,51.2787206929207,26.8544326505414));
#1435=CARTESIAN_POINT('Ctrl Pts',(797.475208003655,17.457857359474,-11.3086419702144));
#1436=CARTESIAN_POINT('Ctrl Pts',(800.290254192183,21.705768438455,-6.45902801058924));
#1437=CARTESIAN_POINT('Ctrl Pts',(805.539367848281,32.436046917721,5.80175731040374));
#1438=CARTESIAN_POINT('Ctrl Pts',(807.367738729874,44.2748144188061,19.3519818563054));
#1439=CARTESIAN_POINT('Ctrl Pts',(807.243711574183,51.0205203415756,27.07816828101));
#1440=CARTESIAN_POINT('Ctrl Pts',(798.952791074413,15.587190747957,-10.5695772557497));
#1441=CARTESIAN_POINT('Ctrl Pts',(801.810949870971,19.9797286199782,-5.70821363280755));
#1442=CARTESIAN_POINT('Ctrl Pts',(807.114235655635,31.0474588348016,6.57283116640256));
#1443=CARTESIAN_POINT('Ctrl Pts',(808.908192250004,43.202731900531,20.1317750599897));
#1444=CARTESIAN_POINT('Ctrl Pts',(808.741790711597,50.1168064110344,27.8612539931693));
#1445=CARTESIAN_POINT('Ctrl Pts',(799.553759639363,13.6469021867109,-9.24697114102756));
#1446=CARTESIAN_POINT('Ctrl Pts',(802.494026842675,18.1200902441662,-4.43858206563277));
#1447=CARTESIAN_POINT('Ctrl Pts',(807.974382063603,29.4105033588212,7.73378167601869));
#1448=CARTESIAN_POINT('Ctrl Pts',(809.875886512839,41.8389118828214,21.2139888019086));
#1449=CARTESIAN_POINT('Ctrl Pts',(809.742681295346,48.9121117097784,28.9051454019279));
#1450=CARTESIAN_POINT('Ctrl Pts',(799.346186122908,12.5906970676556,-8.20785734739734));
#1451=CARTESIAN_POINT('Ctrl Pts',(802.354409690174,17.0596158651388,-3.45859534425556));
#1452=CARTESIAN_POINT('Ctrl Pts',(808.009294446517,28.3799532210073,8.59323524235661));
#1453=CARTESIAN_POINT('Ctrl Pts',(810.065429626541,40.9159167996344,21.9879648446992));
#1454=CARTESIAN_POINT('Ctrl Pts',(810.,48.0652952937546,29.6389283102128));
#1455=CARTESIAN_POINT('Ctrl Pts',(798.971434855119,12.0466307108157,-7.51274071673325));
#1456=CARTESIAN_POINT('Ctrl Pts',(802.02633786226,16.4817590011126,-2.80388166740021));
#1457=CARTESIAN_POINT('Ctrl Pts',(807.811101396802,27.756495426902,9.16671786713313));
#1458=CARTESIAN_POINT('Ctrl Pts',(810.,40.3194342117772,22.5050260537982));
#1459=CARTESIAN_POINT('Ctrl Pts',(810.,47.5,30.1287676860704));
#1460=CARTESIAN_POINT('',(805.,51.2787206929208,26.8544326505414));
#1461=CARTESIAN_POINT('Origin',(747.5,51.2787206929208,26.8544326505414));
#1462=CARTESIAN_POINT('Origin',(805.,47.5,30.1287676860704));
#1463=CARTESIAN_POINT('Origin',(160.,15.,-15.0127407167331));
#1464=CARTESIAN_POINT('',(162.5,59.7575137552443,36.6393173516939));
#1465=CARTESIAN_POINT('',(162.5,28.0336190225323,0.0286051961575215));
#1466=CARTESIAN_POINT('',(805.,59.7575137552443,36.6393173516939));
#1467=CARTESIAN_POINT('',(160.,59.7575137552443,36.6393173516939));
#1468=CARTESIAN_POINT('',(805.,28.0336190225323,0.0286051961575207));
#1469=CARTESIAN_POINT('Origin',(162.5,26.1442586760719,1.665772713922));
#1470=CARTESIAN_POINT('',(160.,17.5,-8.31006628233263));
#1471=CARTESIAN_POINT('Origin',(162.5,17.5,-8.31006628233263));
#1472=CARTESIAN_POINT('',(160.,57.8681534087839,38.2764848694583));
#1473=CARTESIAN_POINT('',(160.,26.1442586760719,1.665772713922));
#1474=CARTESIAN_POINT('Origin',(162.5,57.8681534087839,38.2764848694583));
#1475=CARTESIAN_POINT('Ctrl Pts',(161.593187510046,15.7393122223053,-13.8995523838431));
#1476=CARTESIAN_POINT('Ctrl Pts',(161.193934560526,15.8567567679493,-13.5267124834974));
#1477=CARTESIAN_POINT('Ctrl Pts',(160.356852959342,16.3156411529187,-12.0699363733432));
#1478=CARTESIAN_POINT('Ctrl Pts',(160.,17.0682880163758,-9.68058078404752));
#1479=CARTESIAN_POINT('Ctrl Pts',(160.,17.5,-8.31006628233263));
#1480=CARTESIAN_POINT('Ctrl Pts',(161.457923895684,15.4724489902186,-14.1271271826268));
#1481=CARTESIAN_POINT('Ctrl Pts',(161.005804752825,15.5498658861396,-13.7279906603047));
#1482=CARTESIAN_POINT('Ctrl Pts',(160.08921268083,15.8546770699256,-12.17056370699));
#1483=CARTESIAN_POINT('Ctrl Pts',(159.866835981363,16.4029523368793,-9.67937059988339));
#1484=CARTESIAN_POINT('Ctrl Pts',(160.,16.7520017491453,-8.31006628233263));
#1485=CARTESIAN_POINT('Ctrl Pts',(161.166565011541,15.112197400045,-14.6173250806047));
#1486=CARTESIAN_POINT('Ctrl Pts',(160.588207311733,15.1311941770468,-14.1819063674439));
#1487=CARTESIAN_POINT('Ctrl Pts',(159.419611677665,15.2058737047655,-12.4834804117635));
#1488=CARTESIAN_POINT('Ctrl Pts',(159.16569070212,15.3523043130569,-9.7747935765558));
#1489=CARTESIAN_POINT('Ctrl Pts',(159.371216612915,15.457440730069,-8.31006628233263));
#1490=CARTESIAN_POINT('Ctrl Pts',(160.830420591453,15.,-15.1828725792807));
#1491=CARTESIAN_POINT('Ctrl Pts',(160.097930271288,14.9999759459968,-14.7200382903267));
#1492=CARTESIAN_POINT('Ctrl Pts',(158.575708352902,15.0004282512591,-12.9124977786393));
#1493=CARTESIAN_POINT('Ctrl Pts',(158.00002549154,15.0011001409948,-9.97094366952006));
#1494=CARTESIAN_POINT('Ctrl Pts',(158.060998688141,15.,-8.31006628233263));
#1495=CARTESIAN_POINT('Ctrl Pts',(160.686375020091,15.,-15.4252226160817));
#1496=CARTESIAN_POINT('Ctrl Pts',(159.887869121051,15.,-14.9506147308055));
#1497=CARTESIAN_POINT('Ctrl Pts',(158.213705918684,15.,-13.0962063686096));
#1498=CARTESIAN_POINT('Ctrl Pts',(157.5,15.,-10.0546676213961));
#1499=CARTESIAN_POINT('Ctrl Pts',(157.5,15.,-8.31006628233263));
#1500=CARTESIAN_POINT('',(157.5,15.,-8.31006628233263));
#1501=CARTESIAN_POINT('Origin',(162.5,15.,-8.31006628233263));
#1502=CARTESIAN_POINT('Origin',(157.5,17.5,-8.31006628233263));
#1503=CARTESIAN_POINT('Origin',(0.,15.,-15.0127407167331));
#1504=CARTESIAN_POINT('',(39.3778823224078,15.,-15.0127407163126));
#1505=CARTESIAN_POINT('',(0.,15.,-15.0127407167331));
#1506=CARTESIAN_POINT('',(40.9358647562231,15.,10.0127407167253));
#1507=CARTESIAN_POINT('Ctrl Pts',(40.9364998442049,15.,10.012895929546));
#1508=CARTESIAN_POINT('Ctrl Pts',(42.0367222713428,15.,5.50595806328129));
#1509=CARTESIAN_POINT('Ctrl Pts',(42.6826488498434,15.,-3.08041548618882));
#1510=CARTESIAN_POINT('Ctrl Pts',(40.747456004829,15.,-11.4159757579683));
#1511=CARTESIAN_POINT('Ctrl Pts',(39.3775234382215,15.,-15.0126040197222));
#1512=CARTESIAN_POINT('',(157.5,15.,10.0127407167331));
#1513=CARTESIAN_POINT('',(0.,15.,10.0127407167331));
#1514=CARTESIAN_POINT('',(157.5,15.,3.74044446245014));
#1515=CARTESIAN_POINT('Ctrl Pts',(160.,17.5,17.5127407167331));
#1516=CARTESIAN_POINT('Ctrl Pts',(160.,17.1260008745726,16.3907433404511));
#1517=CARTESIAN_POINT('Ctrl Pts',(159.871382057694,16.5656924746889,14.7098181407998));
#1518=CARTESIAN_POINT('Ctrl Pts',(159.370862391444,15.7685914794957,12.3185151552204));
#1519=CARTESIAN_POINT('Ctrl Pts',(158.771723302243,15.2903934733036,10.8839211366439));
#1520=CARTESIAN_POINT('Ctrl Pts',(158.060768747189,15.042349718337,10.139789871744));
#1521=CARTESIAN_POINT('Ctrl Pts',(157.686999562714,15.,10.0127407167331));
#1522=CARTESIAN_POINT('Ctrl Pts',(157.5,15.,10.0127407167331));
#1523=CARTESIAN_POINT('Ctrl Pts',(160.,17.5,17.5127407167331));
#1524=CARTESIAN_POINT('Ctrl Pts',(160.,17.0547629459198,16.4619812691039));
#1525=CARTESIAN_POINT('Ctrl Pts',(159.817779760489,16.3902293033151,14.8888952664037));
#1526=CARTESIAN_POINT('Ctrl Pts',(159.171189104045,15.5370315400907,12.6988891508126));
#1527=CARTESIAN_POINT('Ctrl Pts',(158.49019680442,15.142921430437,11.4529958413939));
#1528=CARTESIAN_POINT('Ctrl Pts',(157.893565013141,15.0165385046123,10.8585480279559));
#1529=CARTESIAN_POINT('Ctrl Pts',(157.630960368784,15.,10.7607389675879));
#1530=CARTESIAN_POINT('Ctrl Pts',(157.5,15.,10.7607389675879));
#1531=CARTESIAN_POINT('Ctrl Pts',(160.,17.5,17.5127407167332));
#1532=CARTESIAN_POINT('Ctrl Pts',(160.,16.9122870886142,16.6044571264096));
#1533=CARTESIAN_POINT('Ctrl Pts',(159.741559808629,16.037122679492,15.2467934688895));
#1534=CARTESIAN_POINT('Ctrl Pts',(158.879667642932,14.9929071089502,13.4591905713679));
#1535=CARTESIAN_POINT('Ctrl Pts',(158.065708539544,14.6367198509471,12.5895842307974));
#1536=CARTESIAN_POINT('Ctrl Pts',(157.636361784509,14.6433717384944,12.2932293288598));
#1537=CARTESIAN_POINT('Ctrl Pts',(157.544783631059,14.6576019392571,12.2534604879267));
#1538=CARTESIAN_POINT('Ctrl Pts',(157.5,14.6576019392571,12.2534604879267));
#1539=CARTESIAN_POINT('Ctrl Pts',(160.,17.5,17.5127407167331));
#1540=CARTESIAN_POINT('Ctrl Pts',(160.,16.6629543383292,16.8537898766945));
#1541=CARTESIAN_POINT('Ctrl Pts',(159.714949240561,15.4137394652565,15.8725133409286));
#1542=CARTESIAN_POINT('Ctrl Pts',(158.775682300667,13.8273074632526,14.7024601595079));
#1543=CARTESIAN_POINT('Ctrl Pts',(157.910301467183,13.145517471603,14.3118571576292));
#1544=CARTESIAN_POINT('Ctrl Pts',(157.540703088913,12.9958308605677,14.336215192814));
#1545=CARTESIAN_POINT('Ctrl Pts',(157.512760100881,12.9849051372852,14.3562892992254));
#1546=CARTESIAN_POINT('Ctrl Pts',(157.5,12.9849051372852,14.3562892992254));
#1547=CARTESIAN_POINT('Ctrl Pts',(160.,17.5,17.5127407167331));
#1548=CARTESIAN_POINT('Ctrl Pts',(160.,16.4848595166972,17.0318846983265));
#1549=CARTESIAN_POINT('Ctrl Pts',(159.791095137703,14.9654046585512,16.3138424423701));
#1550=CARTESIAN_POINT('Ctrl Pts',(159.071035901257,12.8760192737956,15.4325738781957));
#1551=CARTESIAN_POINT('Ctrl Pts',(158.348021698405,11.724348168822,15.0802236891488));
#1552=CARTESIAN_POINT('Ctrl Pts',(157.808818190058,11.2052297607491,15.0167002642814));
#1553=CARTESIAN_POINT('Ctrl Pts',(157.602515386831,11.1219973762821,15.0127407167331));
#1554=CARTESIAN_POINT('Ctrl Pts',(157.5,11.1219973762821,15.0127407167331));
#1555=CARTESIAN_POINT('Ctrl Pts',(160.,17.5,17.5127407167331));
#1556=CARTESIAN_POINT('Ctrl Pts',(160.,16.3780026237179,17.1387415913058));
#1557=CARTESIAN_POINT('Ctrl Pts',(159.871382057694,14.6970774240667,16.578433191422));
#1558=CARTESIAN_POINT('Ctrl Pts',(159.370862391444,12.3057744384872,15.7813321962289));
#1559=CARTESIAN_POINT('Ctrl Pts',(158.771723302243,10.8711804199108,15.3031341900367));
#1560=CARTESIAN_POINT('Ctrl Pts',(158.060768747189,10.1270491550109,15.0550904350701));
#1561=CARTESIAN_POINT('Ctrl Pts',(157.686999562714,10.,15.0127407167331));
#1562=CARTESIAN_POINT('Ctrl Pts',(157.5,10.,15.0127407167331));
#1563=CARTESIAN_POINT('',(157.5,10.,15.0127407167331));
#1564=CARTESIAN_POINT('Origin',(157.5,10.,10.0127407167331));
#1565=CARTESIAN_POINT('',(160.,17.5,17.5127407167331));
#1566=CARTESIAN_POINT('Origin',(157.5,17.5,17.5127407167331));
#1567=CARTESIAN_POINT('Origin',(157.5,17.5,17.5127407167331));
#1568=CARTESIAN_POINT('Origin',(0.,10.,10.0127407167331));
#1569=CARTESIAN_POINT('',(40.9358647562231,10.,15.0127407167331));
#1570=CARTESIAN_POINT('Origin',(40.9358647562231,10.,10.0127407167331));
#1571=CARTESIAN_POINT('',(0.,10.,15.0127407167331));
#1572=CARTESIAN_POINT('Ctrl Pts',(40.9311958934104,10.0000002286372,15.0127407167331));
#1573=CARTESIAN_POINT('Ctrl Pts',(40.9327521809104,10.0000000761769,15.0127407167331));
#1574=CARTESIAN_POINT('Ctrl Pts',(40.9343084684179,10.,15.0127407167331));
#1575=CARTESIAN_POINT('Ctrl Pts',(40.9358647559254,10.,15.0127407167331));
#1576=CARTESIAN_POINT('Ctrl Pts',(40.9312691692497,10.7479870643146,15.0127407167331));
#1577=CARTESIAN_POINT('Ctrl Pts',(40.9328010023132,10.7479907289841,15.0127407300545));
#1578=CARTESIAN_POINT('Ctrl Pts',(40.9343328894798,10.7479944423116,15.012740703433));
#1579=CARTESIAN_POINT('Ctrl Pts',(40.93586475593,10.747998250854,15.0127407167331));
#1580=CARTESIAN_POINT('Ctrl Pts',(40.9314154167284,12.2408555178027,14.6704483463546));
#1581=CARTESIAN_POINT('Ctrl Pts',(40.9328984176733,12.2408667656492,14.6704448161906));
#1582=CARTESIAN_POINT('Ctrl Pts',(40.9343816549462,12.2408779482036,14.6704412751189));
#1583=CARTESIAN_POINT('Ctrl Pts',(40.9358647559392,12.2408893228365,14.6704377506281));
#1584=CARTESIAN_POINT('Ctrl Pts',(40.9316214379627,14.3438839198329,12.9978451038461));
#1585=CARTESIAN_POINT('Ctrl Pts',(40.933035775689,14.3439007095502,12.9978254337616));
#1586=CARTESIAN_POINT('Ctrl Pts',(40.9344502234428,14.34391754662,12.9978057638865));
#1587=CARTESIAN_POINT('Ctrl Pts',(40.9358647559522,14.3439344471825,12.9977861254806));
#1588=CARTESIAN_POINT('Ctrl Pts',(40.9316857111542,14.9999733156985,11.1348407969857));
#1589=CARTESIAN_POINT('Ctrl Pts',(40.9330784199493,14.9999822814145,11.134806527596));
#1590=CARTESIAN_POINT('Ctrl Pts',(40.9344718206643,14.9999909132983,11.1347723070044));
#1591=CARTESIAN_POINT('Ctrl Pts',(40.9358647559562,14.9999999999983,11.1347380930217));
#1592=CARTESIAN_POINT('Ctrl Pts',(40.9316857137882,15.0000002032091,10.0128605384079));
#1593=CARTESIAN_POINT('Ctrl Pts',(40.9330786138103,15.0000000677128,10.0128205654021));
#1594=CARTESIAN_POINT('Ctrl Pts',(40.9344716279235,15.,10.0127806248635));
#1595=CARTESIAN_POINT('Ctrl Pts',(40.9358647559562,15.,10.0127407167407));
#1596=CARTESIAN_POINT('',(40.9316857137882,15.0000002032091,10.0128605384079));
#1597=CARTESIAN_POINT('Ctrl Pts',(40.9358647559562,15.,10.0127407167407));
#1598=CARTESIAN_POINT('Ctrl Pts',(40.9344716279235,15.,10.0127806248635));
#1599=CARTESIAN_POINT('Ctrl Pts',(40.9330786138103,15.0000000677128,10.0128205654021));
#1600=CARTESIAN_POINT('Ctrl Pts',(40.9316857137882,15.0000002032091,10.0128605384079));
#1601=CARTESIAN_POINT('',(40.9311958934104,10.0000002286371,15.0127407167331));
#1602=CARTESIAN_POINT('Origin',(40.9311958934104,10.0000002286372,10.0127407167331));
#1603=CARTESIAN_POINT('Ctrl Pts',(40.9311958934104,10.0000002286372,15.0127407167331));
#1604=CARTESIAN_POINT('Ctrl Pts',(40.9327521809104,10.0000000761769,15.0127407167331));
#1605=CARTESIAN_POINT('Ctrl Pts',(40.9343084684179,10.,15.0127407167331));
#1606=CARTESIAN_POINT('Ctrl Pts',(40.9358647559254,10.,15.0127407167331));
#1607=CARTESIAN_POINT('Ctrl Pts',(40.9316857137882,15.0000002032091,10.0128605384079));
#1608=CARTESIAN_POINT('Ctrl Pts',(40.3072924505715,15.0000609419099,10.03077917946));
#1609=CARTESIAN_POINT('Ctrl Pts',(39.0883611884209,15.0264807033116,10.1108322920839));
#1610=CARTESIAN_POINT('Ctrl Pts',(36.9801656814937,15.2439424017737,10.5770814131555));
#1611=CARTESIAN_POINT('Ctrl Pts',(35.0571763317194,15.7634070362637,12.0116891012435));
#1612=CARTESIAN_POINT('Ctrl Pts',(33.1517288414814,16.5268889747811,14.1710170806378));
#1613=CARTESIAN_POINT('Ctrl Pts',(31.4475457449503,17.3730889977283,15.9428786594817));
#1614=CARTESIAN_POINT('Ctrl Pts',(30.0682690946502,18.130276662709,17.2878635665438));
#1615=CARTESIAN_POINT('Ctrl Pts',(28.5929346763454,18.9810454084401,18.6088078546778));
#1616=CARTESIAN_POINT('Ctrl Pts',(27.5508410198478,19.5828150950344,19.4690404006809));
#1617=CARTESIAN_POINT('Ctrl Pts',(27.0088970856697,19.8901720695762,19.8972541880615));
#1618=CARTESIAN_POINT('Ctrl Pts',(27.0020308517393,19.8940654117335,19.9026777849713));
#1619=CARTESIAN_POINT('Ctrl Pts',(26.9951622425999,19.8979591836735,19.9080997541345));
#1620=CARTESIAN_POINT('Ctrl Pts',(40.9316857120322,14.999982278202,10.7608473774598));
#1621=CARTESIAN_POINT('Ctrl Pts',(40.318251701271,14.9973481460259,10.7753526895177));
#1622=CARTESIAN_POINT('Ctrl Pts',(39.1257008619548,15.0160011820808,10.845000120432));
#1623=CARTESIAN_POINT('Ctrl Pts',(37.1104511809602,15.1892231086836,11.2554712026338));
#1624=CARTESIAN_POINT('Ctrl Pts',(35.2232029711478,15.5864268223001,12.491238641094));
#1625=CARTESIAN_POINT('Ctrl Pts',(33.2161000593587,16.3581105874045,14.4404007227958));
#1626=CARTESIAN_POINT('Ctrl Pts',(31.4743890504137,17.25615172335,16.0972166272258));
#1627=CARTESIAN_POINT('Ctrl Pts',(30.0762453760064,18.0548860005544,17.3746527493578));
#1628=CARTESIAN_POINT('Ctrl Pts',(28.5942328894092,18.9455241572819,18.6461297776281));
#1629=CARTESIAN_POINT('Ctrl Pts',(27.5508267766761,19.5709999629699,19.4808491266583));
#1630=CARTESIAN_POINT('Ctrl Pts',(27.0088973345325,19.8898808191602,19.8975457486754));
#1631=CARTESIAN_POINT('Ctrl Pts',(27.0020308163012,19.8939197764844,19.9028233940919));
#1632=CARTESIAN_POINT('Ctrl Pts',(26.9951622425999,19.8979591836734,19.9080997541346));
#1633=CARTESIAN_POINT('Ctrl Pts',(40.9316521761727,14.6576541422162,12.2537076491558));
#1634=CARTESIAN_POINT('Ctrl Pts',(40.3350647848554,14.6528363257988,12.2601996037339));
#1635=CARTESIAN_POINT('Ctrl Pts',(39.1830090453142,14.6652839349598,12.3061471257502));
#1636=CARTESIAN_POINT('Ctrl Pts',(37.3092620630666,14.7968636299662,12.5934806176933));
#1637=CARTESIAN_POINT('Ctrl Pts',(35.4676838833511,15.0990775223232,13.4196470691134));
#1638=CARTESIAN_POINT('Ctrl Pts',(33.3083414750605,15.9818810280991,14.9620151583062));
#1639=CARTESIAN_POINT('Ctrl Pts',(31.5129389650755,17.0089250120746,16.3980166282444));
#1640=CARTESIAN_POINT('Ctrl Pts',(30.0875380373573,17.9006510652922,17.5452316926706));
#1641=CARTESIAN_POINT('Ctrl Pts',(28.5961083009032,18.8739439950836,18.7202724632034));
#1642=CARTESIAN_POINT('Ctrl Pts',(27.5508011906493,19.5473804721893,19.5044604062344));
#1643=CARTESIAN_POINT('Ctrl Pts',(27.0088976808477,19.8892981320755,19.8981288304842));
#1644=CARTESIAN_POINT('Ctrl Pts',(27.0020307454251,19.8936285059861,19.9031146123332));
#1645=CARTESIAN_POINT('Ctrl Pts',(26.9951622425999,19.8979591836732,19.9080997541348));
#1646=CARTESIAN_POINT('Ctrl Pts',(40.9314883162055,12.9850005145398,14.3566959976286));
#1647=CARTESIAN_POINT('Ctrl Pts',(40.3411321974431,12.9871056114905,14.3522353596173));
#1648=CARTESIAN_POINT('Ctrl Pts',(39.2041149260516,13.0199378789469,14.3657391556523));
#1649=CARTESIAN_POINT('Ctrl Pts',(37.3824406686293,13.2419708617871,14.4978878427924));
#1650=CARTESIAN_POINT('Ctrl Pts',(35.5552609170378,13.8599339189383,14.816277047363));
#1651=CARTESIAN_POINT('Ctrl Pts',(33.3405739146337,15.205159810452,15.7904985394412));
#1652=CARTESIAN_POINT('Ctrl Pts',(31.5264123594907,16.5345820055893,16.8912506408512));
#1653=CARTESIAN_POINT('Ctrl Pts',(30.091417464383,17.6188525300293,17.8328448138696));
#1654=CARTESIAN_POINT('Ctrl Pts',(28.5967546154806,18.746827795752,18.8483015991389));
#1655=CARTESIAN_POINT('Ctrl Pts',(27.5507839990258,19.5060574521426,19.5457804114803));
#1656=CARTESIAN_POINT('Ctrl Pts',(27.0088976051428,19.8882780077895,19.8991488974617));
#1657=CARTESIAN_POINT('Ctrl Pts',(27.002030621392,19.8931187826142,19.9036242442554));
#1658=CARTESIAN_POINT('Ctrl Pts',(26.9951622425999,19.8979591836728,19.9080997541352));
#1659=CARTESIAN_POINT('Ctrl Pts',(40.9313058071693,11.1219804821533,15.0127407167332));
#1660=CARTESIAN_POINT('Ctrl Pts',(40.3233616918947,11.1347892821964,15.0086167970356));
#1661=CARTESIAN_POINT('Ctrl Pts',(39.1438510463214,11.1993634033397,15.0236390418104));
#1662=CARTESIAN_POINT('Ctrl Pts',(37.1751521381401,11.5819891313012,15.1737151164123));
#1663=CARTESIAN_POINT('Ctrl Pts',(35.3053970362018,12.718726101779,15.509388550173));
#1664=CARTESIAN_POINT('Ctrl Pts',(33.2476063545978,14.5634106989038,16.2844530411496));
#1665=CARTESIAN_POINT('Ctrl Pts',(31.4874388289875,16.1633150293202,17.2083561876414));
#1666=CARTESIAN_POINT('Ctrl Pts',(30.0800193529079,17.4073401129541,18.0275994855674));
#1667=CARTESIAN_POINT('Ctrl Pts',(28.5947961035811,18.6544003733072,18.9380332784293));
#1668=CARTESIAN_POINT('Ctrl Pts',(27.5507958669495,19.4765349377139,19.5752843639083));
#1669=CARTESIAN_POINT('Ctrl Pts',(27.0088969454562,19.8875491091244,19.8998773132964));
#1670=CARTESIAN_POINT('Ctrl Pts',(27.0020305327969,19.8927546944914,19.903988267057));
#1671=CARTESIAN_POINT('Ctrl Pts',(26.9951622425999,19.8979591836726,19.9080997541354));
#1672=CARTESIAN_POINT('Ctrl Pts',(40.9311958934104,10.0000002286372,15.0127407167332));
#1673=CARTESIAN_POINT('Ctrl Pts',(40.3067082344543,10.0179393109516,15.0127407167332));
#1674=CARTESIAN_POINT('Ctrl Pts',(39.0875428368689,10.0980440195027,15.0390095931046));
#1675=CARTESIAN_POINT('Ctrl Pts',(36.9787901634789,10.5644698726319,15.2561109149439));
#1676=CARTESIAN_POINT('Ctrl Pts',(35.0558332603787,11.9995278087209,15.7752084684505));
#1677=CARTESIAN_POINT('Ctrl Pts',(33.1509461337933,14.1594916774023,16.5381964792071));
#1678=CARTESIAN_POINT('Ctrl Pts',(31.4471031224648,15.9318596752044,17.3839505095126));
#1679=CARTESIAN_POINT('Ctrl Pts',(30.0680318063671,17.2771895629351,18.1408371826865));
#1680=CARTESIAN_POINT('Ctrl Pts',(28.592837093169,18.5984254739455,18.9913648150312));
#1681=CARTESIAN_POINT('Ctrl Pts',(27.5508108465386,19.4588209241318,19.5930124131157));
#1682=CARTESIAN_POINT('Ctrl Pts',(27.0088963401648,19.8871116709013,19.9003140380143));
#1683=CARTESIAN_POINT('Ctrl Pts',(27.0020304796398,19.8925362416177,19.9042066807379));
#1684=CARTESIAN_POINT('Ctrl Pts',(26.9951622425999,19.8979591836724,19.9080997541356));
#1685=CARTESIAN_POINT('',(26.9951622426056,19.8979591836735,19.9080997541268));
#1686=CARTESIAN_POINT('Ctrl Pts',(40.9316857137882,15.0000002032091,10.0128605384079));
#1687=CARTESIAN_POINT('Ctrl Pts',(40.3072924505715,15.0000609419099,10.03077917946));
#1688=CARTESIAN_POINT('Ctrl Pts',(39.0883611884209,15.0264807033116,10.1108322920839));
#1689=CARTESIAN_POINT('Ctrl Pts',(36.9801656814937,15.2439424017737,10.5770814131555));
#1690=CARTESIAN_POINT('Ctrl Pts',(35.0571763317194,15.7634070362637,12.0116891012435));
#1691=CARTESIAN_POINT('Ctrl Pts',(33.1517288414814,16.5268889747811,14.1710170806378));
#1692=CARTESIAN_POINT('Ctrl Pts',(31.4475457449503,17.3730889977283,15.9428786594817));
#1693=CARTESIAN_POINT('Ctrl Pts',(30.0682690946502,18.130276662709,17.2878635665438));
#1694=CARTESIAN_POINT('Ctrl Pts',(28.5929346763454,18.9810454084401,18.6088078546778));
#1695=CARTESIAN_POINT('Ctrl Pts',(27.5508410198478,19.5828150950344,19.4690404006809));
#1696=CARTESIAN_POINT('Ctrl Pts',(27.0088970856697,19.8901720695762,19.8972541880615));
#1697=CARTESIAN_POINT('Ctrl Pts',(27.0020308517393,19.8940654117335,19.9026777849713));
#1698=CARTESIAN_POINT('Ctrl Pts',(26.9951622425999,19.8979591836735,19.9080997541345));
#1699=CARTESIAN_POINT('Ctrl Pts',(26.9951622425999,19.8979591836724,19.9080997541356));
#1700=CARTESIAN_POINT('Ctrl Pts',(27.0020304796398,19.8925362416177,19.9042066807379));
#1701=CARTESIAN_POINT('Ctrl Pts',(27.0088963401648,19.8871116709013,19.9003140380143));
#1702=CARTESIAN_POINT('Ctrl Pts',(27.5508108465386,19.4588209241318,19.5930124131157));
#1703=CARTESIAN_POINT('Ctrl Pts',(28.592837093169,18.5984254739455,18.9913648150312));
#1704=CARTESIAN_POINT('Ctrl Pts',(30.0680318063671,17.2771895629351,18.1408371826865));
#1705=CARTESIAN_POINT('Ctrl Pts',(31.4471031224648,15.9318596752044,17.3839505095126));
#1706=CARTESIAN_POINT('Ctrl Pts',(33.1509461337933,14.1594916774023,16.5381964792071));
#1707=CARTESIAN_POINT('Ctrl Pts',(35.0558332603787,11.9995278087209,15.7752084684505));
#1708=CARTESIAN_POINT('Ctrl Pts',(36.9787901634789,10.5644698726319,15.2561109149439));
#1709=CARTESIAN_POINT('Ctrl Pts',(39.0875428368689,10.0980440195027,15.0390095931046));
#1710=CARTESIAN_POINT('Ctrl Pts',(40.3067082344543,10.0179393109516,15.0127407167332));
#1711=CARTESIAN_POINT('Ctrl Pts',(40.9311958934104,10.0000002286372,15.0127407167332));
#1712=CARTESIAN_POINT('Ctrl Pts',(26.9951622425999,19.8979591836735,19.9080997541345));
#1713=CARTESIAN_POINT('Ctrl Pts',(28.2287242745068,19.8979591836735,18.2354033341399));
#1714=CARTESIAN_POINT('Ctrl Pts',(30.3332045512568,19.8979591836735,14.7372598231014));
#1715=CARTESIAN_POINT('Ctrl Pts',(33.2122507642218,19.8979591836735,7.14771323429588));
#1716=CARTESIAN_POINT('Ctrl Pts',(34.1431153754895,19.8979591836734,-3.10349175787306));
#1717=CARTESIAN_POINT('Ctrl Pts',(31.3873098531459,19.8979591836735,-12.9964545813336));
#1718=CARTESIAN_POINT('Ctrl Pts',(28.2287242745042,19.8979591836735,-18.2354033341435));
#1719=CARTESIAN_POINT('Ctrl Pts',(26.9951622425999,19.8979591836735,-19.9080997541346));
#1720=CARTESIAN_POINT('Ctrl Pts',(27.3822176529285,19.0872619701393,20.1935411843416));
#1721=CARTESIAN_POINT('Ctrl Pts',(28.6333105834859,19.0872619701393,18.4970730604086));
#1722=CARTESIAN_POINT('Ctrl Pts',(30.7681401889208,19.0872619701393,14.9483993923175));
#1723=CARTESIAN_POINT('Ctrl Pts',(33.6882941523311,19.0872619701393,7.25041390210148));
#1724=CARTESIAN_POINT('Ctrl Pts',(34.6325980750829,19.0872619701392,-3.1481662935946));
#1725=CARTESIAN_POINT('Ctrl Pts',(31.8373030403499,19.0872619701394,-13.1826144587626));
#1726=CARTESIAN_POINT('Ctrl Pts',(28.6333105834833,19.0872619701393,-18.4970730604122));
#1727=CARTESIAN_POINT('Ctrl Pts',(27.3822176529285,19.0872619701393,-20.1935411843416));
#1728=CARTESIAN_POINT('Ctrl Pts',(27.9907169455076,17.9382224454161,20.6422906494538));
#1729=CARTESIAN_POINT('Ctrl Pts',(29.2698384862359,17.9382224454161,18.9078160413087));
#1730=CARTESIAN_POINT('Ctrl Pts',(31.4518545396539,17.9382224454161,15.2808251540438));
#1731=CARTESIAN_POINT('Ctrl Pts',(34.4371509654928,17.9382224454161,7.41122050540818));
#1732=CARTESIAN_POINT('Ctrl Pts',(35.4023051407834,17.938222445416,-3.21786947055637));
#1733=CARTESIAN_POINT('Ctrl Pts',(32.5448583283326,17.9382224454161,-13.4758293872746));
#1734=CARTESIAN_POINT('Ctrl Pts',(29.2698384862332,17.9382224454161,-18.9078160413124));
#1735=CARTESIAN_POINT('Ctrl Pts',(27.9907169455076,17.9382224454161,-20.6422906494538));
#1736=CARTESIAN_POINT('Ctrl Pts',(28.9498120648331,16.5070239363287,21.3495937261179));
#1737=CARTESIAN_POINT('Ctrl Pts',(30.2726315890124,16.5070239363287,19.5558651375577));
#1738=CARTESIAN_POINT('Ctrl Pts',(32.5295610875648,16.5070239363287,15.8042824593135));
#1739=CARTESIAN_POINT('Ctrl Pts',(35.6170037152525,16.5070239363287,7.66534636351951));
#1740=CARTESIAN_POINT('Ctrl Pts',(36.6153063939272,16.5070239363286,-3.32827737810903));
#1741=CARTESIAN_POINT('Ctrl Pts',(33.6599692489795,16.5070239363287,-13.9374220772833));
#1742=CARTESIAN_POINT('Ctrl Pts',(30.2726315890096,16.5070239363287,-19.5558651375615));
#1743=CARTESIAN_POINT('Ctrl Pts',(28.9498120648331,16.5070239363287,-21.3495937261179));
#1744=CARTESIAN_POINT('Ctrl Pts',(30.042538893508,15.5684979457639,22.1554460678737));
#1745=CARTESIAN_POINT('Ctrl Pts',(31.415256672722,15.5684979457639,20.2940559994676));
#1746=CARTESIAN_POINT('Ctrl Pts',(33.7574115907762,15.5684979457639,16.4007902265537));
#1747=CARTESIAN_POINT('Ctrl Pts',(36.9613558364448,15.5684979457639,7.95472414141787));
#1748=CARTESIAN_POINT('Ctrl Pts',(37.9973592054581,15.5684979457638,-3.45394171735719));
#1749=CARTESIAN_POINT('Ctrl Pts',(34.9304759977213,15.5684979457639,-14.4634599890048));
#1750=CARTESIAN_POINT('Ctrl Pts',(31.4152566727191,15.5684979457639,-20.2940559994715));
#1751=CARTESIAN_POINT('Ctrl Pts',(30.042538893508,15.5684979457639,-22.1554460678737));
#1752=CARTESIAN_POINT('Ctrl Pts',(31.518289824974,15.0952691531061,23.2437668748337));
#1753=CARTESIAN_POINT('Ctrl Pts',(32.9587915671772,15.0952691531061,21.2904625051664));
#1754=CARTESIAN_POINT('Ctrl Pts',(35.4156004022219,15.0952691531061,17.2067990980836));
#1755=CARTESIAN_POINT('Ctrl Pts',(38.777318521757,15.0952691531061,8.34498443189264));
#1756=CARTESIAN_POINT('Ctrl Pts',(39.8640025734647,15.095269153106,-3.62320564332519));
#1757=CARTESIAN_POINT('Ctrl Pts',(36.6464154305084,15.0952691531061,-15.1743488080655));
#1758=CARTESIAN_POINT('Ctrl Pts',(32.9587915671741,15.0952691531061,-21.2904625051705));
#1759=CARTESIAN_POINT('Ctrl Pts',(31.518289824974,15.0952691531061,-23.2437668748337));
#1760=CARTESIAN_POINT('Ctrl Pts',(33.1583701108175,15.,24.4532755135274));
#1761=CARTESIAN_POINT('Ctrl Pts',(34.6732862049347,15.,22.3990661088288));
#1762=CARTESIAN_POINT('Ctrl Pts',(37.2585485473117,15.,18.1016022963475));
#1763=CARTESIAN_POINT('Ctrl Pts',(40.7945972340161,15.,8.77997938037558));
#1764=CARTESIAN_POINT('Ctrl Pts',(41.9381506686366,15.,-3.8123585440762));
#1765=CARTESIAN_POINT('Ctrl Pts',(38.553214254667,15.,-15.9633216834459));
#1766=CARTESIAN_POINT('Ctrl Pts',(34.6732862049315,15.,-22.3990661088332));
#1767=CARTESIAN_POINT('Ctrl Pts',(33.1583701108175,15.,-24.4532755135274));
#1768=CARTESIAN_POINT('Ctrl Pts',(33.9169987150614,15.,25.0127407167331));
#1769=CARTESIAN_POINT('Ctrl Pts',(35.4668587038675,15.,22.9111477787912));
#1770=CARTESIAN_POINT('Ctrl Pts',(38.1109493079894,15.,18.5160443931274));
#1771=CARTESIAN_POINT('Ctrl Pts',(41.7282124986376,15.,8.98046021744867));
#1772=CARTESIAN_POINT('Ctrl Pts',(42.8977603435639,15.,-3.89925887527642));
#1773=CARTESIAN_POINT('Ctrl Pts',(39.4353380206192,15.,-16.3288788329576));
#1774=CARTESIAN_POINT('Ctrl Pts',(35.4668587038642,15.,-22.9111477787957));
#1775=CARTESIAN_POINT('Ctrl Pts',(33.9169987150615,15.,-25.0127407167332));
#1776=CARTESIAN_POINT('',(39.3746466887302,14.9999999995858,-15.0127407167331));
#1777=CARTESIAN_POINT('',(0.,15.,-15.0127407167331));
#1778=CARTESIAN_POINT('',(26.9951622425999,19.8979591836735,-19.9080997541345));
#1779=CARTESIAN_POINT('Ctrl Pts',(26.9951622425999,19.8979591836735,-19.9080997541345));
#1780=CARTESIAN_POINT('Ctrl Pts',(27.0032246432506,19.8924910376222,-19.9026325891095));
#1781=CARTESIAN_POINT('Ctrl Pts',(27.011285803152,19.8870220379564,-19.8971645723491));
#1782=CARTESIAN_POINT('Ctrl Pts',(28.8641856610319,18.6295578950558,-18.6399268250662));
#1783=CARTESIAN_POINT('Ctrl Pts',(30.3006933146103,17.5669438135058,-17.5776133870123));
#1784=CARTESIAN_POINT('Ctrl Pts',(32.5981079071757,16.1997865134193,-16.2111527399167));
#1785=CARTESIAN_POINT('Ctrl Pts',(33.4770119956272,15.790412724451,-15.8021023832498));
#1786=CARTESIAN_POINT('Ctrl Pts',(35.7167078756445,15.1567309979709,-15.1690444441633));
#1787=CARTESIAN_POINT('Ctrl Pts',(37.1858991238996,15.0001547875745,-15.0127407167331));
#1788=CARTESIAN_POINT('Ctrl Pts',(39.3746466448689,15.0000001143064,-15.0127407167331));
#1789=CARTESIAN_POINT('Ctrl Pts',(26.9951622425999,19.8979591836735,-19.9080997541346));
#1790=CARTESIAN_POINT('Ctrl Pts',(28.2287242745042,19.8979591836735,-18.2354033341435));
#1791=CARTESIAN_POINT('Ctrl Pts',(31.3873098531459,19.8979591836735,-12.9964545813336));
#1792=CARTESIAN_POINT('Ctrl Pts',(34.1431153754895,19.8979591836734,-3.10349175787306));
#1793=CARTESIAN_POINT('Ctrl Pts',(33.2122507642218,19.8979591836735,7.14771323429588));
#1794=CARTESIAN_POINT('Ctrl Pts',(30.3332045512568,19.8979591836735,14.7372598231014));
#1795=CARTESIAN_POINT('Ctrl Pts',(28.2287242745068,19.8979591836735,18.2354033341399));
#1796=CARTESIAN_POINT('Ctrl Pts',(26.9951622425999,19.8979591836735,19.9080997541345));
#1797=CARTESIAN_POINT('Origin',(157.5,17.5,3.74044446245014));
#1798=CARTESIAN_POINT('',(160.,17.5,3.74044446245014));
#1799=CARTESIAN_POINT('Origin',(157.5,23.75,17.5127407167331));
#1800=CARTESIAN_POINT('',(157.5,-3.87943331622538,15.0127407167331));
#1801=CARTESIAN_POINT('',(157.5,23.75,15.0127407167331));
#1802=CARTESIAN_POINT('',(160.,-3.87943331622538,17.5127407167331));
#1803=CARTESIAN_POINT('Origin',(157.5,-3.87943331622538,17.5127407167331));
#1804=CARTESIAN_POINT('',(160.,23.75,17.5127407167331));
#1805=CARTESIAN_POINT('Ctrl Pts',(159.212848750811,-12.6824436556806,15.0127407167331));
#1806=CARTESIAN_POINT('Ctrl Pts',(158.877336699632,-11.9984772942574,15.0127407167331));
#1807=CARTESIAN_POINT('Ctrl Pts',(158.581186307307,-11.2092340782023,15.0127407167331));
#1808=CARTESIAN_POINT('Ctrl Pts',(158.334854215524,-10.3425810430831,15.0127407167331));
#1809=CARTESIAN_POINT('Ctrl Pts',(159.520213071111,-12.5316695249933,15.0127407167331));
#1810=CARTESIAN_POINT('Ctrl Pts',(159.222466478809,-11.8562848599885,15.0126052079694));
#1811=CARTESIAN_POINT('Ctrl Pts',(158.96374840224,-11.0774376731844,15.0130446831385));
#1812=CARTESIAN_POINT('Ctrl Pts',(158.754561925292,-10.223285922781,15.0127407167331));
#1813=CARTESIAN_POINT('Ctrl Pts',(160.13474974611,-12.2302154301981,15.155486755474));
#1814=CARTESIAN_POINT('Ctrl Pts',(159.91235306735,-11.5720496703199,15.1810292426654));
#1815=CARTESIAN_POINT('Ctrl Pts',(159.728703244825,-10.8139689949972,15.2112094941118));
#1816=CARTESIAN_POINT('Ctrl Pts',(159.59326744109,-9.98489746081901,15.2467698047601));
#1817=CARTESIAN_POINT('Ctrl Pts',(160.647104443081,-11.9788855622293,15.5595069155182));
#1818=CARTESIAN_POINT('Ctrl Pts',(160.470009771069,-11.3437041161851,15.6528072574441));
#1819=CARTESIAN_POINT('Ctrl Pts',(160.320859865306,-10.611861392933,15.7622141385607));
#1820=CARTESIAN_POINT('Ctrl Pts',(160.207573252878,-9.81029098108591,15.8848658491843));
#1821=CARTESIAN_POINT('Ctrl Pts',(160.856424375405,-11.8762060098305,15.8102014294765));
#1822=CARTESIAN_POINT('Ctrl Pts',(160.688668349816,-11.2548817910164,15.9424834053667));
#1823=CARTESIAN_POINT('Ctrl Pts',(160.540593153653,-10.5379226650599,16.0951263684803));
#1824=CARTESIAN_POINT('Ctrl Pts',(160.417427107762,-9.75064342093487,16.2627407167331));
#1825=CARTESIAN_POINT('',(159.212848750811,-12.6824436556806,15.0127407167331));
#1826=CARTESIAN_POINT('',(160.856424375405,-11.8762060098305,15.8102014294765));
#1827=CARTESIAN_POINT('Origin',(159.212848750811,-12.6824436556806,17.5127407167331));
#1828=CARTESIAN_POINT('',(160.417427107762,-9.7506434209349,16.2627407167331));
#1829=CARTESIAN_POINT('Origin',(162.5,-3.87943331622539,17.5127407167331));
#1830=CARTESIAN_POINT('',(158.334854215524,-10.3425810430831,15.0127407167331));
#1831=CARTESIAN_POINT('Origin',(158.334854215524,-10.3425810430831,17.5127407167331));
#1832=CARTESIAN_POINT('Origin',(162.5,-3.87943331622538,15.0127407167331));
#1833=CARTESIAN_POINT('Ctrl Pts',(162.5,-14.9155856374322,15.0127407167331));
#1834=CARTESIAN_POINT('Ctrl Pts',(161.70148271777,-14.9155856374322,15.0127407167331));
#1835=CARTESIAN_POINT('Ctrl Pts',(160.324678257777,-14.3739244010863,15.0127407167332));
#1836=CARTESIAN_POINT('Ctrl Pts',(159.476601442285,-13.2201232056976,15.0127407167331));
#1837=CARTESIAN_POINT('Ctrl Pts',(159.212848750811,-12.6824436556806,15.0127407167331));
#1838=CARTESIAN_POINT('Ctrl Pts',(162.5,-14.3199796203784,15.0127407167331));
#1839=CARTESIAN_POINT('Ctrl Pts',(161.846752831071,-14.3199796203784,15.0127407167331));
#1840=CARTESIAN_POINT('Ctrl Pts',(160.720429455205,-13.8552769956032,15.0133284542525));
#1841=CARTESIAN_POINT('Ctrl Pts',(160.037807534553,-12.8526910273754,15.0130770849632));
#1842=CARTESIAN_POINT('Ctrl Pts',(159.827577391411,-12.3808953943061,15.0127407167331));
#1843=CARTESIAN_POINT('Ctrl Pts',(162.5,-13.7269016703832,15.234193602006));
#1844=CARTESIAN_POINT('Ctrl Pts',(161.99131726645,-13.7269016703832,15.234193602006));
#1845=CARTESIAN_POINT('Ctrl Pts',(161.114646089114,-13.3393009205064,15.2520546896611));
#1846=CARTESIAN_POINT('Ctrl Pts',(160.595506188941,-12.4877553956498,15.2920328113947));
#1847=CARTESIAN_POINT('Ctrl Pts',(160.437784510756,-12.0815651146281,15.3088124015599));
#1848=CARTESIAN_POINT('Ctrl Pts',(162.5,-13.2770570916215,15.6245605864057));
#1849=CARTESIAN_POINT('Ctrl Pts',(162.100741358886,-13.2770570916214,15.6245605864057));
#1850=CARTESIAN_POINT('Ctrl Pts',(161.412339128888,-12.9599033302374,15.6690967267818));
#1851=CARTESIAN_POINT('Ctrl Pts',(160.988300721142,-12.2326376647407,15.7687222861896));
#1852=CARTESIAN_POINT('Ctrl Pts',(160.856424375405,-11.8762060098305,15.8102014294765));
#1853=CARTESIAN_POINT('',(160.054172435002,-13.8711347320703,15.0127407167331));
#1854=CARTESIAN_POINT('',(162.5,-13.2770570916215,15.6245605864057));
#1855=CARTESIAN_POINT('Ctrl Pts',(160.054172435002,-13.8711347320703,15.0127407167331));
#1856=CARTESIAN_POINT('Ctrl Pts',(160.324204680122,-13.8711347320703,15.0127407167331));
#1857=CARTESIAN_POINT('Ctrl Pts',(160.594104541597,-13.8535211238486,15.0346379973184));
#1858=CARTESIAN_POINT('Ctrl Pts',(161.153095663826,-13.7785926336846,15.1232547056609));
#1859=CARTESIAN_POINT('Ctrl Pts',(161.440997358331,-13.7169302414189,15.1948899345304));
#1860=CARTESIAN_POINT('Ctrl Pts',(161.992373553983,-13.5417523142363,15.37984874528));
#1861=CARTESIAN_POINT('Ctrl Pts',(162.254906977791,-13.4272732623627,15.4939100873518));
#1862=CARTESIAN_POINT('Ctrl Pts',(162.495345264143,-13.2799230835747,15.6220720976087));
#1863=CARTESIAN_POINT('Ctrl Pts',(162.497673852668,-13.2784915732909,15.6233157691735));
#1864=CARTESIAN_POINT('Ctrl Pts',(162.499999999999,-13.2770570916215,15.6245605864057));
#1865=CARTESIAN_POINT('Ctrl Pts',(162.5,-13.2770570916215,15.6245605864057));
#1866=CARTESIAN_POINT('Ctrl Pts',(162.100741358886,-13.2770570916214,15.6245605864057));
#1867=CARTESIAN_POINT('Ctrl Pts',(161.412339128888,-12.9599033302374,15.6690967267818));
#1868=CARTESIAN_POINT('Ctrl Pts',(160.988300721142,-12.2326376647407,15.7687222861896));
#1869=CARTESIAN_POINT('Ctrl Pts',(160.856424375405,-11.8762060098305,15.8102014294765));
#1870=CARTESIAN_POINT('Ctrl Pts',(159.212848750811,-12.6824436556806,15.0127407167331));
#1871=CARTESIAN_POINT('Ctrl Pts',(159.42747345107,-13.1199721283316,15.0127407167331));
#1872=CARTESIAN_POINT('Ctrl Pts',(159.708121735441,-13.5288995347095,15.0127407167331));
#1873=CARTESIAN_POINT('Ctrl Pts',(160.05339504913,-13.8719172799868,15.0127407167331));
#1874=CARTESIAN_POINT('Ctrl Pts',(160.,-3.8794333162254,17.5127407167331));
#1875=CARTESIAN_POINT('Ctrl Pts',(160.,-5.95326517741469,17.0712150720611));
#1876=CARTESIAN_POINT('Ctrl Pts',(160.147158289839,-8.02308101406581,16.6305444522619));
#1877=CARTESIAN_POINT('Ctrl Pts',(160.417427107762,-9.75064342093491,16.2627407167331));
#1878=CARTESIAN_POINT('Ctrl Pts',(160.,-3.8794333162254,16.7647424658784));
#1879=CARTESIAN_POINT('Ctrl Pts',(159.863808901754,-5.95258878161473,16.4077584751183));
#1880=CARTESIAN_POINT('Ctrl Pts',(159.932335355736,-8.05537767949389,16.0856395521425));
#1881=CARTESIAN_POINT('Ctrl Pts',(160.177594130751,-9.81881206110753,15.8308837252488));
#1882=CARTESIAN_POINT('Ctrl Pts',(159.371224418262,-3.87943331622539,15.4701761571018));
#1883=CARTESIAN_POINT('Ctrl Pts',(159.161026499968,-6.00592256547543,15.3626497828972));
#1884=CARTESIAN_POINT('Ctrl Pts',(159.226373394313,-8.17834673677304,15.2772310073645));
#1885=CARTESIAN_POINT('Ctrl Pts',(159.534277526757,-10.0016643887624,15.2115489931492));
#1886=CARTESIAN_POINT('Ctrl Pts',(158.060998688141,-3.87943331622539,15.0127407167331));
#1887=CARTESIAN_POINT('Ctrl Pts',(157.998639451062,-6.11555472145321,15.0138658660929));
#1888=CARTESIAN_POINT('Ctrl Pts',(158.223649798096,-8.36214436059234,15.0125472315872));
#1889=CARTESIAN_POINT('Ctrl Pts',(158.694603681039,-10.2403280828242,15.0127407167332));
#1890=CARTESIAN_POINT('Ctrl Pts',(157.5,-3.87943331622538,15.0127407167331));
#1891=CARTESIAN_POINT('Ctrl Pts',(157.5,-6.16234968959437,15.0127407167331));
#1892=CARTESIAN_POINT('Ctrl Pts',(157.794316579677,-8.44084514131313,15.0127407167332));
#1893=CARTESIAN_POINT('Ctrl Pts',(158.334854215524,-10.3425810430831,15.0127407167332));
#1894=CARTESIAN_POINT('Origin',(162.5,-3.87943331622539,17.5127407167331));
#1895=CARTESIAN_POINT('Origin',(162.5,-3.87943331622538,15.0127407167331));
#1896=CARTESIAN_POINT('Origin',(160.,32.5,22.4936296416334));
#1897=CARTESIAN_POINT('',(160.,53.1332274720787,44.5110918042319));
#1898=CARTESIAN_POINT('',(160.,54.4164410597947,45.1187577240886));
#1899=CARTESIAN_POINT('Origin',(160.,54.8451768544473,40.8959528978815));
#1900=CARTESIAN_POINT('Origin',(162.5,54.4164410597947,45.1187577240886));
#1901=CARTESIAN_POINT('',(162.5,-10.228674162767,17.2722025332021));
#1902=CARTESIAN_POINT('Origin',(162.5,-9.15870579878666,15.0127407167331));
#1903=CARTESIAN_POINT('',(162.5,52.0632591080984,46.7705536207008));
#1904=CARTESIAN_POINT('',(162.5,53.3464726958144,47.3782195405576));
#1905=CARTESIAN_POINT('Origin',(162.5,53.1332274720787,44.5110918042319));
#1906=CARTESIAN_POINT('Origin',(162.5,54.4164410597947,45.1187577240886));
#1907=CARTESIAN_POINT('',(162.5,-12.1399367279606,16.3671239586888));
#1908=CARTESIAN_POINT('Origin',(162.5,-11.0699683639803,14.1076621422198));
#1909=CARTESIAN_POINT('',(162.5,53.3464726958144,47.3782195405576));
#1910=CARTESIAN_POINT('Ctrl Pts',(160.856424375405,-11.8762060098305,15.8102014294765));
#1911=CARTESIAN_POINT('Ctrl Pts',(160.856424375405,-12.4193184811677,15.5530104656025));
#1912=CARTESIAN_POINT('Ctrl Pts',(160.856424375405,-12.8731850477267,15.1591532729802));
#1913=CARTESIAN_POINT('Ctrl Pts',(161.562696786541,-12.1399367279606,16.3671239586888));
#1914=CARTESIAN_POINT('Ctrl Pts',(161.562696786541,-12.7593923307774,16.0737806974425));
#1915=CARTESIAN_POINT('Ctrl Pts',(161.562696786541,-13.2770570916215,15.6245605864057));
#1916=CARTESIAN_POINT('Ctrl Pts',(162.5,-12.1399367279606,16.3671239586888));
#1917=CARTESIAN_POINT('Ctrl Pts',(162.5,-12.7593923307774,16.0737806974425));
#1918=CARTESIAN_POINT('Ctrl Pts',(162.5,-13.2770570916215,15.6245605864057));
#1919=CARTESIAN_POINT('Origin',(162.5,-9.99999999999999,11.8482003257508));
#1920=CARTESIAN_POINT('Origin',(162.5,54.8451768544473,40.8959528978815));
#1921=CARTESIAN_POINT('Origin',(162.5,54.8451768544473,40.8959528978815));
#1922=CARTESIAN_POINT('Origin',(805.,24.2548983296115,3.30294023168649));
#1923=CARTESIAN_POINT('',(810.,55.9787930623235,39.9136523872228));
#1924=CARTESIAN_POINT('Origin',(805.,55.9787930623235,39.9136523872228));
#1925=CARTESIAN_POINT('',(810.,24.2548983296115,3.30294023168649));
#1926=CARTESIAN_POINT('Ctrl Pts',(810.,54.2031958360591,42.2516299877629));
#1927=CARTESIAN_POINT('Ctrl Pts',(810.,55.3034469729492,42.7726540211522));
#1928=CARTESIAN_POINT('Ctrl Pts',(810.,56.0397316271733,41.803167809001));
#1929=CARTESIAN_POINT('Ctrl Pts',(810.,56.7760162813974,40.8336815968497));
#1930=CARTESIAN_POINT('Ctrl Pts',(810.,55.9787930623235,39.9136523872228));
#1931=CARTESIAN_POINT('Ctrl Pts',(810.,52.0632591080984,46.7705536207009));
#1932=CARTESIAN_POINT('Ctrl Pts',(810.,56.8310140346223,49.0283244320545));
#1933=CARTESIAN_POINT('Ctrl Pts',(810.,60.0215808695934,44.8272175127325));
#1934=CARTESIAN_POINT('Ctrl Pts',(810.,63.2121477045645,40.6261105934105));
#1935=CARTESIAN_POINT('Ctrl Pts',(810.,59.7575137552443,36.6393173516939));
#1936=CARTESIAN_POINT('Ctrl Pts',(805.,52.0632591080984,46.7705536207009));
#1937=CARTESIAN_POINT('Ctrl Pts',(805.,56.8310140346223,49.0283244320545));
#1938=CARTESIAN_POINT('Ctrl Pts',(805.,60.0215808695934,44.8272175127325));
#1939=CARTESIAN_POINT('Ctrl Pts',(805.,63.2121477045645,40.6261105934105));
#1940=CARTESIAN_POINT('Ctrl Pts',(805.,59.7575137552443,36.6393173516939));
#1941=CARTESIAN_POINT('',(805.,52.0632591080984,46.7705536207008));
#1942=CARTESIAN_POINT('',(810.,54.2031958360591,42.2516299877629));
#1943=CARTESIAN_POINT('Origin',(805.,54.2031958360591,42.2516299877629));
#1944=CARTESIAN_POINT('Origin',(810.,54.8451768544473,40.8959528978815));
#1945=CARTESIAN_POINT('Origin',(805.,54.8451768544473,40.8959528978815));
#1946=CARTESIAN_POINT('Origin',(805.,55.4864094237751,42.8592959076197));
#1947=CARTESIAN_POINT('',(805.,45.3600632720394,43.5962545775082));
#1948=CARTESIAN_POINT('Origin',(805.,47.5,39.0773309445702));
#1949=CARTESIAN_POINT('',(810.,55.4864094237751,42.8592959076197));
#1950=CARTESIAN_POINT('',(805.,53.3464726958144,47.3782195405576));
#1951=CARTESIAN_POINT('Ctrl Pts',(805.,45.3600632720394,43.5962545775082));
#1952=CARTESIAN_POINT('Ctrl Pts',(805.,41.0590733296248,41.559520369991));
#1953=CARTESIAN_POINT('Ctrl Pts',(803.559083035185,28.1534186364619,35.4480463289213));
#1954=CARTESIAN_POINT('Ctrl Pts',(793.995432873239,8.28449807947815,26.0391170575985));
#1955=CARTESIAN_POINT('Ctrl Pts',(773.299347734732,-8.21216551196671,18.227120401839));
#1956=CARTESIAN_POINT('Ctrl Pts',(756.101979884829,-12.1399367279606,16.3671239586888));
#1957=CARTESIAN_POINT('Ctrl Pts',(747.5,-12.1399367279606,16.3671239586888));
#1958=CARTESIAN_POINT('Ctrl Pts',(805.747998250855,45.3600632720394,43.5962545775082));
#1959=CARTESIAN_POINT('Ctrl Pts',(805.732722625255,41.0133712626983,41.5378191274257));
#1960=CARTESIAN_POINT('Ctrl Pts',(804.230616727856,27.9789757852309,35.3653572234539));
#1961=CARTESIAN_POINT('Ctrl Pts',(794.506379513551,7.94368783805989,25.8776019412708));
#1962=CARTESIAN_POINT('Ctrl Pts',(773.566185526207,-8.67162278090594,18.0094187927727));
#1963=CARTESIAN_POINT('Ctrl Pts',(756.19094790791,-12.625627044289,16.1371252619305));
#1964=CARTESIAN_POINT('Ctrl Pts',(747.5,-12.625627044289,16.1371252619305));
#1965=CARTESIAN_POINT('Ctrl Pts',(807.240636836526,45.5066244884473,43.286759938791));
#1966=CARTESIAN_POINT('Ctrl Pts',(807.19501449139,41.0625532125374,41.1979108067926));
#1967=CARTESIAN_POINT('Ctrl Pts',(805.571379218648,27.7534157729254,34.9409079767209));
#1968=CARTESIAN_POINT('Ctrl Pts',(795.527028789728,7.36082327560815,25.3478139607961));
#1969=CARTESIAN_POINT('Ctrl Pts',(774.099329773596,-9.51064443082688,17.4070085724203));
#1970=CARTESIAN_POINT('Ctrl Pts',(756.368795808121,-13.5213120022635,15.5189850832869));
#1971=CARTESIAN_POINT('Ctrl Pts',(747.5,-13.5213120022635,15.5189850832869));
#1972=CARTESIAN_POINT('Ctrl Pts',(809.343370830265,46.2225264140335,41.7749834044069));
#1973=CARTESIAN_POINT('Ctrl Pts',(809.275584616585,41.6224092923418,39.6837503129931));
#1974=CARTESIAN_POINT('Ctrl Pts',(807.536357439884,27.8591172337134,33.4211035631922));
#1975=CARTESIAN_POINT('Ctrl Pts',(797.085791183575,6.82411612519743,23.8247935183882));
#1976=CARTESIAN_POINT('Ctrl Pts',(774.937644052332,-10.5431527473174,15.8841682807529));
#1977=CARTESIAN_POINT('Ctrl Pts',(756.648110439641,-14.6677226073286,13.9963992872572));
#1978=CARTESIAN_POINT('Ctrl Pts',(747.5,-14.6677226073286,13.9963992872572));
#1979=CARTESIAN_POINT('Ctrl Pts',(810.,47.0197993211637,40.0913750365253));
#1980=CARTESIAN_POINT('Ctrl Pts',(809.96355429062,42.3542239807399,38.0338288100376));
#1981=CARTESIAN_POINT('Ctrl Pts',(808.29556953327,28.3772259698722,31.8649496424309));
#1982=CARTESIAN_POINT('Ctrl Pts',(797.808008957316,6.9480165010576,22.3850791439879));
#1983=CARTESIAN_POINT('Ctrl Pts',(775.370856816884,-10.7846374785789,14.5245622872438));
#1984=CARTESIAN_POINT('Ctrl Pts',(756.793088659875,-15.,12.6542943579473));
#1985=CARTESIAN_POINT('Ctrl Pts',(747.5,-15.,12.6542943579473));
#1986=CARTESIAN_POINT('Ctrl Pts',(810.,47.5,39.0773309445702));
#1987=CARTESIAN_POINT('Ctrl Pts',(810.,42.8250109321581,37.0405967370531));
#1988=CARTESIAN_POINT('Ctrl Pts',(808.43378590781,28.7971253961115,30.9291226959834));
#1989=CARTESIAN_POINT('Ctrl Pts',(798.038513992651,7.20047261678132,21.5201934246606));
#1990=CARTESIAN_POINT('Ctrl Pts',(775.542769276883,-10.7306834608761,13.7081967689011));
#1991=CARTESIAN_POINT('Ctrl Pts',(756.849978135684,-15.,11.8482003257508));
#1992=CARTESIAN_POINT('Ctrl Pts',(747.5,-15.,11.8482003257508));
#1993=CARTESIAN_POINT('',(747.5,-12.1399367279606,16.3671239586888));
#1994=CARTESIAN_POINT('Origin',(747.5,-9.99999999999999,11.8482003257508));
#1995=CARTESIAN_POINT('Origin',(747.5,45.3600632720394,43.5962545775082));
#1996=CARTESIAN_POINT('Origin',(80.,-9.99999999999999,11.8482003257508));
#1997=CARTESIAN_POINT('',(160.,-13.8711347320703,15.0127407167331));
#1998=CARTESIAN_POINT('',(80.,-13.8711347320703,15.0127407167331));
#1999=CARTESIAN_POINT('Origin',(160.,-9.99999999999999,11.8482003257508));
#2000=CARTESIAN_POINT('',(80.,-12.1399367279606,16.3671239586888));
#2001=CARTESIAN_POINT('Ctrl Pts',(160.,-13.8711347320703,15.0127407167331));
#2002=CARTESIAN_POINT('Ctrl Pts',(159.667294749416,-13.8711347320703,15.0127407167331));
#2003=CARTESIAN_POINT('Ctrl Pts',(159.098638321828,-13.7478308479732,15.4006336141313));
#2004=CARTESIAN_POINT('Ctrl Pts',(158.915675978857,-13.4670500814215,16.1560322052554));
#2005=CARTESIAN_POINT('Ctrl Pts',(158.910122467747,-13.3298389312311,16.480329055279));
#2006=CARTESIAN_POINT('Ctrl Pts',(160.,-14.5940250152727,14.1284398903778));
#2007=CARTESIAN_POINT('Ctrl Pts',(159.450380722441,-14.5940250152727,14.1284398903778));
#2008=CARTESIAN_POINT('Ctrl Pts',(158.504402076957,-14.5451666857494,14.6430973970944));
#2009=CARTESIAN_POINT('Ctrl Pts',(158.110662195306,-14.4327238769891,15.6656823027006));
#2010=CARTESIAN_POINT('Ctrl Pts',(158.050925050233,-14.3767055998466,16.112603433218));
#2011=CARTESIAN_POINT('Ctrl Pts',(160.,-15.,12.9903729541399));
#2012=CARTESIAN_POINT('Ctrl Pts',(159.170727989661,-15.,12.9903729541399));
#2013=CARTESIAN_POINT('Ctrl Pts',(157.736833037503,-14.9982060691672,13.6271487201185));
#2014=CARTESIAN_POINT('Ctrl Pts',(156.964168989106,-14.9988150778695,14.9568485712798));
#2015=CARTESIAN_POINT('Ctrl Pts',(156.771224982742,-15.,15.5649079981788));
#2016=CARTESIAN_POINT('Ctrl Pts',(160.,-15.,11.8482003257508));
#2017=CARTESIAN_POINT('Ctrl Pts',(158.889923049036,-15.,11.8482003257508));
#2018=CARTESIAN_POINT('Ctrl Pts',(156.967054154253,-15.,12.6064572775318));
#2019=CARTESIAN_POINT('Ctrl Pts',(155.810547089548,-15.,14.2429265484419));
#2020=CARTESIAN_POINT('Ctrl Pts',(155.481076367061,-15.,15.0127407167347));
#2021=CARTESIAN_POINT('Ctrl Pts',(160.,-13.8711347320703,15.0127407167331));
#2022=CARTESIAN_POINT('Ctrl Pts',(159.868992012096,-13.8711347320703,15.0127407167331));
#2023=CARTESIAN_POINT('Ctrl Pts',(159.742543586987,-13.8867655550012,15.0127407167346));
#2024=CARTESIAN_POINT('Ctrl Pts',(159.418324286614,-13.9558026251703,15.0127407167346));
#2025=CARTESIAN_POINT('Ctrl Pts',(159.214747038377,-14.0258665286462,15.0127407167287));
#2026=CARTESIAN_POINT('Ctrl Pts',(158.503089123978,-14.3002985143133,15.0127407167287));
#2027=CARTESIAN_POINT('Ctrl Pts',(157.914690888747,-14.5689696428773,15.0127407167331));
#2028=CARTESIAN_POINT('Ctrl Pts',(156.723663741693,-14.8899276368538,15.0127407167331));
#2029=CARTESIAN_POINT('Ctrl Pts',(156.140154243146,-15.,15.0127407167331));
#2030=CARTESIAN_POINT('Ctrl Pts',(155.481076367062,-15.,15.0127407167331));
#2031=CARTESIAN_POINT('Origin',(160.,80.,60.));
#2032=CARTESIAN_POINT('',(160.,52.0632591080984,46.7705536207008));
#2033=CARTESIAN_POINT('Origin',(160.,54.8451768544473,40.8959528978815));
#2034=CARTESIAN_POINT('Origin',(0.,-15.,-15.0127407167331));
#2035=CARTESIAN_POINT('Ctrl Pts',(39.3742872433014,14.9998631936547,-15.0127407167332));
#2036=CARTESIAN_POINT('Ctrl Pts',(40.7419626888822,11.4064198044499,-15.0127407167331));
#2037=CARTESIAN_POINT('Ctrl Pts',(42.4797043605908,3.9163785992515,-15.0127407167331));
#2038=CARTESIAN_POINT('Ctrl Pts',(42.1331205051466,-3.77615567199182,-15.0127407167331));
#2039=CARTESIAN_POINT('Ctrl Pts',(41.4615063246198,-7.49987786111986,-15.0127407167332));
#2040=CARTESIAN_POINT('Origin',(810.,32.5,22.4936296416334));
#2041=CARTESIAN_POINT('Ctrl Pts',(26.9951622425999,19.8979591836735,-19.9080997541345));
#2042=CARTESIAN_POINT('Ctrl Pts',(28.2276356162359,18.2258872704751,-19.9080997541345));
#2043=CARTESIAN_POINT('Ctrl Pts',(31.3833587139414,12.9891974023593,-19.9080997541342));
#2044=CARTESIAN_POINT('Ctrl Pts',(34.1365162821811,3.10169474762006,-19.9080997541352));
#2045=CARTESIAN_POINT('Ctrl Pts',(33.2065536232459,-7.14362452342468,-19.9080997541331));
#2046=CARTESIAN_POINT('Ctrl Pts',(30.3302158032982,-14.7292464496791,-19.9080997541347));
#2047=CARTESIAN_POINT('Ctrl Pts',(28.2276356162575,-18.2258872704532,-19.9080997541268));
#2048=CARTESIAN_POINT('Ctrl Pts',(26.9951622426056,-19.8979591836735,-19.9080997541268));
#2049=CARTESIAN_POINT('Ctrl Pts',(27.3823815747629,20.1833760445638,-19.0977631603474));
#2050=CARTESIAN_POINT('Ctrl Pts',(28.6323777408328,18.4875313102268,-19.0977631603474));
#2051=CARTESIAN_POINT('Ctrl Pts',(31.833485726138,13.1753320705952,-19.0977631603471));
#2052=CARTESIAN_POINT('Ctrl Pts',(34.626111586875,3.14636241280889,-19.0977631603481));
#2053=CARTESIAN_POINT('Ctrl Pts',(33.6827168843067,-7.24631008060814,-19.097763160346));
#2054=CARTESIAN_POINT('Ctrl Pts',(30.7652927016413,-14.9403605223971,-19.0977631603476));
#2055=CARTESIAN_POINT('Ctrl Pts',(28.6323777408552,-18.4875313102051,-19.0977631603396));
#2056=CARTESIAN_POINT('Ctrl Pts',(27.3823815747692,-20.1833760445642,-19.0977631603396));
#2057=CARTESIAN_POINT('Ctrl Pts',(27.9910727337651,20.6320383540711,-17.9492968615954));
#2058=CARTESIAN_POINT('Ctrl Pts',(29.2690816970596,18.8981892194351,-17.9492968615954));
#2059=CARTESIAN_POINT('Ctrl Pts',(32.5411751365078,13.4684757703918,-17.949296861595));
#2060=CARTESIAN_POINT('Ctrl Pts',(35.395912613636,3.21604704854216,-17.949296861596));
#2061=CARTESIAN_POINT('Ctrl Pts',(34.4316814010265,-7.40707510810546,-17.9492968615939));
#2062=CARTESIAN_POINT('Ctrl Pts',(31.4491553394363,-15.272710393875,-17.9492968615955));
#2063=CARTESIAN_POINT('Ctrl Pts',(29.2690816970834,-18.8981892194136,-17.9492968615874));
#2064=CARTESIAN_POINT('Ctrl Pts',(27.9910727337725,-20.6320383540722,-17.9492968615874));
#2065=CARTESIAN_POINT('Ctrl Pts',(28.9503257030849,21.3390975026256,-16.5188767015218));
#2066=CARTESIAN_POINT('Ctrl Pts',(30.2720011822378,19.5460068814994,-16.5188767015218));
#2067=CARTESIAN_POINT('Ctrl Pts',(33.6563291102443,13.9298865383044,-16.5188767015215));
#2068=CARTESIAN_POINT('Ctrl Pts',(36.6088789626633,3.32640931106704,-16.5188767015225));
#2069=CARTESIAN_POINT('Ctrl Pts',(35.611525832573,-7.66109759974477,-16.5188767015204));
#2070=CARTESIAN_POINT('Ctrl Pts',(32.5269330051107,-15.7959690777094,-16.518876701522));
#2071=CARTESIAN_POINT('Ctrl Pts',(30.2720011822641,-19.5460068814784,-16.5188767015139));
#2072=CARTESIAN_POINT('Ctrl Pts',(28.9503257030943,-21.339097502628,-16.5188767015139));
#2073=CARTESIAN_POINT('Ctrl Pts',(30.0430267643342,22.1445203751128,-15.5809073969048));
#2074=CARTESIAN_POINT('Ctrl Pts',(31.4145553685266,20.2837950188703,-15.5809073969048));
#2075=CARTESIAN_POINT('Ctrl Pts',(34.9266459716987,14.4556184128416,-15.5809073969045));
#2076=CARTESIAN_POINT('Ctrl Pts',(37.9906320959879,3.45199783828701,-15.5809073969054));
#2077=CARTESIAN_POINT('Ctrl Pts',(36.9556157343011,-7.95030293083265,-15.5809073969035));
#2078=CARTESIAN_POINT('Ctrl Pts',(33.7546335501254,-16.3921385205594,-15.5809073969049));
#2079=CARTESIAN_POINT('Ctrl Pts',(31.4145553685561,-20.2837950188501,-15.5809073968976));
#2080=CARTESIAN_POINT('Ctrl Pts',(30.0430267643461,-22.1445203751169,-15.5809073968976));
#2081=CARTESIAN_POINT('Ctrl Pts',(31.518567127553,23.2321316166137,-15.1079573634208));
#2082=CARTESIAN_POINT('Ctrl Pts',(32.9578102587735,21.279539319323,-15.1079573634208));
#2083=CARTESIAN_POINT('Ctrl Pts',(36.6421247522764,15.1660089385361,-15.1079573634206));
#2084=CARTESIAN_POINT('Ctrl Pts',(39.8566484772232,3.62113949909113,-15.1079573634212));
#2085=CARTESIAN_POINT('Ctrl Pts',(38.7710078746437,-8.34028404942902,-15.1079573634199));
#2086=CARTESIAN_POINT('Ctrl Pts',(35.4124225598799,-17.1975942459321,-15.1079573634209));
#2087=CARTESIAN_POINT('Ctrl Pts',(32.9578102588073,-21.2795393193039,-15.107957363416));
#2088=CARTESIAN_POINT('Ctrl Pts',(31.5185671275683,-23.2321316166201,-15.107957363416));
#2089=CARTESIAN_POINT('Ctrl Pts',(33.1584354096299,24.4408679024018,-15.0127407167331));
#2090=CARTESIAN_POINT('Ctrl Pts',(34.6720175414395,22.3874213736128,-15.0127407167331));
#2091=CARTESIAN_POINT('Ctrl Pts',(38.5484368431747,15.9544392694642,-15.0127407167331));
#2092=CARTESIAN_POINT('Ctrl Pts',(41.9301274987013,3.81015861185964,-15.0127407167333));
#2093=CARTESIAN_POINT('Ctrl Pts',(40.7876797956252,-8.77497438463078,-15.0127407167329));
#2094=CARTESIAN_POINT('Ctrl Pts',(37.2549506750528,-18.0917952024014,-15.0127407167332));
#2095=CARTESIAN_POINT('Ctrl Pts',(34.6720175414778,-22.3874213735947,-15.0127407167316));
#2096=CARTESIAN_POINT('Ctrl Pts',(33.1584354096488,-24.4408679024105,-15.0127407167316));
#2097=CARTESIAN_POINT('Ctrl Pts',(33.9169987150615,25.,-15.0127407167331));
#2098=CARTESIAN_POINT('Ctrl Pts',(35.4654909024503,22.8991916988021,-15.0127407167331));
#2099=CARTESIAN_POINT('Ctrl Pts',(39.4303737687988,16.3197608388612,-15.0127407167332));
#2100=CARTESIAN_POINT('Ctrl Pts',(42.8894691750468,3.89700109316459,-15.0127407167331));
#2101=CARTESIAN_POINT('Ctrl Pts',(41.7210545522858,-8.97532311917636,-15.0127407167332));
#2102=CARTESIAN_POINT('Ctrl Pts',(38.1071942144,-18.505976308571,-15.0127407167331));
#2103=CARTESIAN_POINT('Ctrl Pts',(35.4654909024905,-22.8991916987843,-15.0127407167331));
#2104=CARTESIAN_POINT('Ctrl Pts',(33.9169987150818,-25.0000000000097,-15.0127407167331));
#2105=CARTESIAN_POINT('Ctrl Pts',(26.9951622426056,-19.8979591836735,-19.9080997541268));
#2106=CARTESIAN_POINT('Ctrl Pts',(28.2276356162575,-18.2258872704532,-19.9080997541268));
#2107=CARTESIAN_POINT('Ctrl Pts',(30.3302158032982,-14.7292464496791,-19.9080997541347));
#2108=CARTESIAN_POINT('Ctrl Pts',(33.2065536232459,-7.14362452342468,-19.9080997541331));
#2109=CARTESIAN_POINT('Ctrl Pts',(34.1365162821811,3.10169474762006,-19.9080997541352));
#2110=CARTESIAN_POINT('Ctrl Pts',(31.3833587139414,12.9891974023593,-19.9080997541342));
#2111=CARTESIAN_POINT('Ctrl Pts',(28.2276356162359,18.2258872704751,-19.9080997541345));
#2112=CARTESIAN_POINT('Ctrl Pts',(26.9951622425999,19.8979591836735,-19.9080997541345));
#2113=CARTESIAN_POINT('Ctrl Pts',(26.9951622425999,-19.8979591836735,-19.9080997541346));
#2114=CARTESIAN_POINT('Ctrl Pts',(28.2287242745068,-19.8979591836735,-18.2354033341399));
#2115=CARTESIAN_POINT('Ctrl Pts',(30.3332045512568,-19.8979591836735,-14.7372598231014));
#2116=CARTESIAN_POINT('Ctrl Pts',(33.2122507642218,-19.8979591836735,-7.1477132342959));
#2117=CARTESIAN_POINT('Ctrl Pts',(34.1431153754895,-19.8979591836734,3.10349175787305));
#2118=CARTESIAN_POINT('Ctrl Pts',(31.3873098531459,-19.8979591836735,12.9964545813336));
#2119=CARTESIAN_POINT('Ctrl Pts',(28.2287242745042,-19.8979591836735,18.2354033341435));
#2120=CARTESIAN_POINT('Ctrl Pts',(26.9951622425999,-19.8979591836735,19.9080997541345));
#2121=CARTESIAN_POINT('Ctrl Pts',(27.3822176529285,-19.0872619701393,-20.1935411843416));
#2122=CARTESIAN_POINT('Ctrl Pts',(28.6333105834859,-19.0872619701393,-18.4970730604086));
#2123=CARTESIAN_POINT('Ctrl Pts',(30.7681401889208,-19.0872619701393,-14.9483993923175));
#2124=CARTESIAN_POINT('Ctrl Pts',(33.6882941523312,-19.0872619701394,-7.25041390210149));
#2125=CARTESIAN_POINT('Ctrl Pts',(34.6325980750829,-19.0872619701392,3.14816629359459));
#2126=CARTESIAN_POINT('Ctrl Pts',(31.8373030403499,-19.0872619701394,13.1826144587626));
#2127=CARTESIAN_POINT('Ctrl Pts',(28.6333105834832,-19.0872619701393,18.4970730604122));
#2128=CARTESIAN_POINT('Ctrl Pts',(27.3822176529285,-19.0872619701393,20.1935411843416));
#2129=CARTESIAN_POINT('Ctrl Pts',(27.9907169455076,-17.9382224454161,-20.6422906494538));
#2130=CARTESIAN_POINT('Ctrl Pts',(29.2698384862359,-17.9382224454161,-18.9078160413087));
#2131=CARTESIAN_POINT('Ctrl Pts',(31.4518545396539,-17.9382224454161,-15.2808251540438));
#2132=CARTESIAN_POINT('Ctrl Pts',(34.4371509654928,-17.9382224454161,-7.41122050540819));
#2133=CARTESIAN_POINT('Ctrl Pts',(35.4023051407834,-17.938222445416,3.21786947055635));
#2134=CARTESIAN_POINT('Ctrl Pts',(32.5448583283326,-17.9382224454161,13.4758293872745));
#2135=CARTESIAN_POINT('Ctrl Pts',(29.2698384862332,-17.9382224454161,18.9078160413124));
#2136=CARTESIAN_POINT('Ctrl Pts',(27.9907169455076,-17.9382224454161,20.6422906494538));
#2137=CARTESIAN_POINT('Ctrl Pts',(28.9498120648331,-16.5070239363287,-21.3495937261179));
#2138=CARTESIAN_POINT('Ctrl Pts',(30.2726315890124,-16.5070239363287,-19.5558651375578));
#2139=CARTESIAN_POINT('Ctrl Pts',(32.5295610875648,-16.5070239363287,-15.8042824593136));
#2140=CARTESIAN_POINT('Ctrl Pts',(35.6170037152525,-16.5070239363287,-7.66534636351953));
#2141=CARTESIAN_POINT('Ctrl Pts',(36.6153063939272,-16.5070239363286,3.32827737810902));
#2142=CARTESIAN_POINT('Ctrl Pts',(33.6599692489795,-16.5070239363287,13.9374220772832));
#2143=CARTESIAN_POINT('Ctrl Pts',(30.2726315890096,-16.5070239363287,19.5558651375615));
#2144=CARTESIAN_POINT('Ctrl Pts',(28.9498120648331,-16.5070239363287,21.3495937261179));
#2145=CARTESIAN_POINT('Ctrl Pts',(30.042538893508,-15.5684979457639,-22.1554460678737));
#2146=CARTESIAN_POINT('Ctrl Pts',(31.415256672722,-15.5684979457639,-20.2940559994676));
#2147=CARTESIAN_POINT('Ctrl Pts',(33.7574115907762,-15.5684979457639,-16.4007902265537));
#2148=CARTESIAN_POINT('Ctrl Pts',(36.9613558364448,-15.5684979457639,-7.95472414141789));
#2149=CARTESIAN_POINT('Ctrl Pts',(37.9973592054581,-15.5684979457638,3.45394171735718));
#2150=CARTESIAN_POINT('Ctrl Pts',(34.9304759977213,-15.5684979457639,14.4634599890048));
#2151=CARTESIAN_POINT('Ctrl Pts',(31.4152566727191,-15.5684979457639,20.2940559994715));
#2152=CARTESIAN_POINT('Ctrl Pts',(30.042538893508,-15.5684979457639,22.1554460678737));
#2153=CARTESIAN_POINT('Ctrl Pts',(31.518289824974,-15.0952691531061,-23.2437668748337));
#2154=CARTESIAN_POINT('Ctrl Pts',(32.9587915671772,-15.0952691531061,-21.2904625051664));
#2155=CARTESIAN_POINT('Ctrl Pts',(35.4156004022219,-15.0952691531061,-17.2067990980836));
#2156=CARTESIAN_POINT('Ctrl Pts',(38.777318521757,-15.0952691531061,-8.34498443189265));
#2157=CARTESIAN_POINT('Ctrl Pts',(39.8640025734646,-15.095269153106,3.62320564332518));
#2158=CARTESIAN_POINT('Ctrl Pts',(36.6464154305084,-15.0952691531061,15.1743488080655));
#2159=CARTESIAN_POINT('Ctrl Pts',(32.9587915671741,-15.0952691531061,21.2904625051705));
#2160=CARTESIAN_POINT('Ctrl Pts',(31.518289824974,-15.0952691531061,23.2437668748337));
#2161=CARTESIAN_POINT('Ctrl Pts',(33.1583701108175,-15.,-24.4532755135274));
#2162=CARTESIAN_POINT('Ctrl Pts',(34.6732862049347,-15.,-22.3990661088288));
#2163=CARTESIAN_POINT('Ctrl Pts',(37.2585485473117,-15.,-18.1016022963475));
#2164=CARTESIAN_POINT('Ctrl Pts',(40.7945972340161,-15.,-8.77997938037559));
#2165=CARTESIAN_POINT('Ctrl Pts',(41.9381506686366,-15.,3.81235854407618));
#2166=CARTESIAN_POINT('Ctrl Pts',(38.553214254667,-15.,15.9633216834459));
#2167=CARTESIAN_POINT('Ctrl Pts',(34.6732862049315,-15.,22.3990661088332));
#2168=CARTESIAN_POINT('Ctrl Pts',(33.1583701108175,-15.,24.4532755135274));
#2169=CARTESIAN_POINT('Ctrl Pts',(33.9169987150615,-15.,-25.0127407167331));
#2170=CARTESIAN_POINT('Ctrl Pts',(35.4668587038675,-15.,-22.9111477787912));
#2171=CARTESIAN_POINT('Ctrl Pts',(38.1109493079894,-15.,-18.5160443931274));
#2172=CARTESIAN_POINT('Ctrl Pts',(41.7282124986377,-15.,-8.98046021744869));
#2173=CARTESIAN_POINT('Ctrl Pts',(42.8977603435639,-15.,3.89925887527639));
#2174=CARTESIAN_POINT('Ctrl Pts',(39.4353380206192,-15.,16.3288788329576));
#2175=CARTESIAN_POINT('Ctrl Pts',(35.4668587038642,-15.,22.9111477787957));
#2176=CARTESIAN_POINT('Ctrl Pts',(33.9169987150615,-15.,25.0127407167331));
#2177=CARTESIAN_POINT('',(39.3746466887302,-14.9999999995858,15.0127407167331));
#2178=CARTESIAN_POINT('',(0.,-15.,15.0127407167331));
#2179=CARTESIAN_POINT('',(26.9951622425999,-19.8979591836735,19.9080997541345));
#2180=CARTESIAN_POINT('Ctrl Pts',(39.3746466448689,-15.0000001143064,15.0127407167332));
#2181=CARTESIAN_POINT('Ctrl Pts',(37.1858991238997,-15.0001547875745,15.0127407167331));
#2182=CARTESIAN_POINT('Ctrl Pts',(35.7167078756446,-15.1567309979709,15.1690444441633));
#2183=CARTESIAN_POINT('Ctrl Pts',(33.4770119956271,-15.7904127244511,15.8021023832498));
#2184=CARTESIAN_POINT('Ctrl Pts',(32.5981079071755,-16.1997865134194,16.2111527399168));
#2185=CARTESIAN_POINT('Ctrl Pts',(30.3006933147508,-17.5669438134223,17.5776133869287));
#2186=CARTESIAN_POINT('Ctrl Pts',(28.8641856616068,-18.6295578943971,18.639926824944));
#2187=CARTESIAN_POINT('Ctrl Pts',(27.0112858031634,-19.8870220379535,19.8971645723365));
#2188=CARTESIAN_POINT('Ctrl Pts',(27.0032246432463,-19.8924910376251,19.9026325891124));
#2189=CARTESIAN_POINT('Ctrl Pts',(26.9951622425999,-19.8979591836735,19.9080997541345));
#2190=CARTESIAN_POINT('Ctrl Pts',(26.9951622425999,-19.8979591836735,19.9080997541345));
#2191=CARTESIAN_POINT('Ctrl Pts',(28.2287242745042,-19.8979591836735,18.2354033341435));
#2192=CARTESIAN_POINT('Ctrl Pts',(31.3873098531459,-19.8979591836735,12.9964545813336));
#2193=CARTESIAN_POINT('Ctrl Pts',(34.1431153754895,-19.8979591836734,3.10349175787305));
#2194=CARTESIAN_POINT('Ctrl Pts',(33.2122507642218,-19.8979591836735,-7.1477132342959));
#2195=CARTESIAN_POINT('Ctrl Pts',(30.3332045512568,-19.8979591836735,-14.7372598231014));
#2196=CARTESIAN_POINT('Ctrl Pts',(28.2287242745068,-19.8979591836735,-18.2354033341399));
#2197=CARTESIAN_POINT('Ctrl Pts',(26.9951622425999,-19.8979591836735,-19.9080997541346));
#2198=CARTESIAN_POINT('Ctrl Pts',(26.9951622425999,-19.8979591836735,19.9080997541345));
#2199=CARTESIAN_POINT('Ctrl Pts',(28.2276356162359,-18.2258872704751,19.9080997541345));
#2200=CARTESIAN_POINT('Ctrl Pts',(30.3302613045261,-14.7301302542487,19.9080997541347));
#2201=CARTESIAN_POINT('Ctrl Pts',(33.2064288780692,-7.14135176034218,19.9080997541343));
#2202=CARTESIAN_POINT('Ctrl Pts',(33.9507651241515,1.04830554490061,19.908099754135));
#2203=CARTESIAN_POINT('Ctrl Pts',(32.4841753745293,9.03906077328661,19.9080997541333));
#2204=CARTESIAN_POINT('Ctrl Pts',(30.3322189102911,14.7295255620461,19.9080997541352));
#2205=CARTESIAN_POINT('Ctrl Pts',(28.2276356162575,18.2258872704532,19.9080997541268));
#2206=CARTESIAN_POINT('Ctrl Pts',(26.9951622426056,19.8979591836735,19.9080997541268));
#2207=CARTESIAN_POINT('Ctrl Pts',(27.3823815747629,-20.1833760445638,19.0977631603474));
#2208=CARTESIAN_POINT('Ctrl Pts',(28.6323777408328,-18.4875313102268,19.0977631603474));
#2209=CARTESIAN_POINT('Ctrl Pts',(30.7653560331915,-14.9412530419204,19.0977631603475));
#2210=CARTESIAN_POINT('Ctrl Pts',(33.6825701671765,-7.24400748718229,19.0977631603471));
#2211=CARTESIAN_POINT('Ctrl Pts',(34.4377400929664,1.06348533099624,19.0977631603479));
#2212=CARTESIAN_POINT('Ctrl Pts',(32.9500086310326,9.16878213502924,19.0977631603462));
#2213=CARTESIAN_POINT('Ctrl Pts',(30.7673694524389,14.9406000628788,19.0977631603481));
#2214=CARTESIAN_POINT('Ctrl Pts',(28.6323777408552,18.4875313102051,19.0977631603396));
#2215=CARTESIAN_POINT('Ctrl Pts',(27.3823815747692,20.1833760445642,19.0977631603396));
#2216=CARTESIAN_POINT('Ctrl Pts',(27.9910727337651,-20.6320383540711,17.9492968615954));
#2217=CARTESIAN_POINT('Ctrl Pts',(29.2690816970596,-18.8981892194351,17.9492968615954));
#2218=CARTESIAN_POINT('Ctrl Pts',(31.4491951390215,-15.2736285063325,17.9492968615955));
#2219=CARTESIAN_POINT('Ctrl Pts',(34.4315607250718,-7.40471730761444,17.9492968615951));
#2220=CARTESIAN_POINT('Ctrl Pts',(35.2032897493905,1.0869184455134,17.9492968615959));
#2221=CARTESIAN_POINT('Ctrl Pts',(33.6826393747578,9.37250361166016,17.9492968615941));
#2222=CARTESIAN_POINT('Ctrl Pts',(31.4512130495799,15.2730185252698,17.949296861596));
#2223=CARTESIAN_POINT('Ctrl Pts',(29.2690816970834,18.8981892194136,17.9492968615874));
#2224=CARTESIAN_POINT('Ctrl Pts',(27.9910727337725,20.6320383540722,17.9492968615874));
#2225=CARTESIAN_POINT('Ctrl Pts',(28.9503257030849,-21.3390975026256,16.5188767015218));
#2226=CARTESIAN_POINT('Ctrl Pts',(30.2720011822378,-19.5460068814994,16.5188767015218));
#2227=CARTESIAN_POINT('Ctrl Pts',(32.5269885864844,-15.7969153280827,16.518876701522));
#2228=CARTESIAN_POINT('Ctrl Pts',(35.6113840810271,-7.65866132268369,16.5188767015216));
#2229=CARTESIAN_POINT('Ctrl Pts',(36.409691921532,1.12428700873027,16.5188767015223));
#2230=CARTESIAN_POINT('Ctrl Pts',(34.8368408633588,9.69375335971977,16.5188767015206));
#2231=CARTESIAN_POINT('Ctrl Pts',(32.5290989285713,15.7962511941913,16.5188767015225));
#2232=CARTESIAN_POINT('Ctrl Pts',(30.2720011822641,19.5460068814784,16.5188767015139));
#2233=CARTESIAN_POINT('Ctrl Pts',(28.9503257030943,21.339097502628,16.5188767015139));
#2234=CARTESIAN_POINT('Ctrl Pts',(30.0430267643342,-22.1445203751128,15.5809073969048));
#2235=CARTESIAN_POINT('Ctrl Pts',(31.4145553685266,-20.2837950188703,15.5809073969048));
#2236=CARTESIAN_POINT('Ctrl Pts',(33.7546947778792,-16.3931196676708,15.5809073969049));
#2237=CARTESIAN_POINT('Ctrl Pts',(36.955464463212,-7.94777527120007,15.5809073969045));
#2238=CARTESIAN_POINT('Ctrl Pts',(37.7839360461028,1.16675160866964,15.5809073969052));
#2239=CARTESIAN_POINT('Ctrl Pts',(36.1516976273767,10.0596477684677,15.5809073969036));
#2240=CARTESIAN_POINT('Ctrl Pts',(33.7568905018399,16.3924222835304,15.5809073969054));
#2241=CARTESIAN_POINT('Ctrl Pts',(31.4145553685561,20.2837950188501,15.5809073968976));
#2242=CARTESIAN_POINT('Ctrl Pts',(30.0430267643461,22.1445203751169,15.5809073968976));
#2243=CARTESIAN_POINT('Ctrl Pts',(31.518567127553,-23.2321316166137,15.1079573634208));
#2244=CARTESIAN_POINT('Ctrl Pts',(32.9578102587735,-21.279539319323,15.1079573634208));
#2245=CARTESIAN_POINT('Ctrl Pts',(35.4124478906966,-17.1986325553291,15.1079573634209));
#2246=CARTESIAN_POINT('Ctrl Pts',(38.7708948837264,-8.33762597167571,15.1079573634206));
#2247=CARTESIAN_POINT('Ctrl Pts',(39.6397008671892,1.2237321669159,15.1079573634211));
#2248=CARTESIAN_POINT('Ctrl Pts',(37.9275339025475,10.5535728715783,15.10795736342));
#2249=CARTESIAN_POINT('Ctrl Pts',(35.414688644824,17.1979906358252,15.1079573634212));
#2250=CARTESIAN_POINT('Ctrl Pts',(32.9578102588073,21.2795393193039,15.107957363416));
#2251=CARTESIAN_POINT('Ctrl Pts',(31.5185671275683,23.2321316166201,15.107957363416));
#2252=CARTESIAN_POINT('Ctrl Pts',(33.1584354096299,-24.4408679024018,15.0127407167331));
#2253=CARTESIAN_POINT('Ctrl Pts',(34.6720175414395,-22.3874213736128,15.0127407167331));
#2254=CARTESIAN_POINT('Ctrl Pts',(37.2550371624188,-18.092873730674,15.0127407167332));
#2255=CARTESIAN_POINT('Ctrl Pts',(40.7874906195178,-8.77218766084332,15.0127407167331));
#2256=CARTESIAN_POINT('Ctrl Pts',(41.7020459652185,1.28789895740576,15.0127407167332));
#2257=CARTESIAN_POINT('Ctrl Pts',(39.9004318224289,11.1028867893511,15.0127407167329));
#2258=CARTESIAN_POINT('Ctrl Pts',(37.2574911101449,18.0920604200446,15.0127407167333));
#2259=CARTESIAN_POINT('Ctrl Pts',(34.6720175414778,22.3874213735947,15.0127407167316));
#2260=CARTESIAN_POINT('Ctrl Pts',(33.1584354096488,24.4408679024105,15.0127407167316));
#2261=CARTESIAN_POINT('Ctrl Pts',(33.9169987150615,-25.,15.0127407167331));
#2262=CARTESIAN_POINT('Ctrl Pts',(35.4654909024503,-22.8991916988021,15.0127407167331));
#2263=CARTESIAN_POINT('Ctrl Pts',(38.1072513826095,-18.5070867296972,15.0127407167331));
#2264=CARTESIAN_POINT('Ctrl Pts',(41.7208978211644,-8.97246759632701,15.0127407167332));
#2265=CARTESIAN_POINT('Ctrl Pts',(42.6560895149588,1.31710183846416,15.0127407167332));
#2266=CARTESIAN_POINT('Ctrl Pts',(40.8134511115903,11.3567686638745,15.0127407167331));
#2267=CARTESIAN_POINT('Ctrl Pts',(38.1097109385697,18.5063269882109,15.0127407167332));
#2268=CARTESIAN_POINT('Ctrl Pts',(35.4654909024905,22.8991916987843,15.0127407167331));
#2269=CARTESIAN_POINT('Ctrl Pts',(33.9169987150818,25.0000000000097,15.0127407167331));
#2270=CARTESIAN_POINT('Ctrl Pts',(26.9951622426056,19.8979591836735,19.9080997541268));
#2271=CARTESIAN_POINT('Ctrl Pts',(28.2276356162575,18.2258872704532,19.9080997541268));
#2272=CARTESIAN_POINT('Ctrl Pts',(30.3322189102911,14.7295255620461,19.9080997541352));
#2273=CARTESIAN_POINT('Ctrl Pts',(32.4841753745293,9.03906077328661,19.9080997541333));
#2274=CARTESIAN_POINT('Ctrl Pts',(33.9507651241515,1.04830554490061,19.908099754135));
#2275=CARTESIAN_POINT('Ctrl Pts',(33.2064288780692,-7.14135176034218,19.9080997541343));
#2276=CARTESIAN_POINT('Ctrl Pts',(30.3302613045261,-14.7301302542487,19.9080997541347));
#2277=CARTESIAN_POINT('Ctrl Pts',(28.2276356162359,-18.2258872704751,19.9080997541345));
#2278=CARTESIAN_POINT('Ctrl Pts',(26.9951622425999,-19.8979591836735,19.9080997541345));
#2279=CARTESIAN_POINT('Ctrl Pts',(39.3749056172143,-15.0000986375842,15.0127407167331));
#2280=CARTESIAN_POINT('Ctrl Pts',(39.838661444589,-13.7837543088583,15.0127407167331));
#2281=CARTESIAN_POINT('Ctrl Pts',(41.8349063944944,-7.71807329489676,15.0127407167332));
#2282=CARTESIAN_POINT('Ctrl Pts',(42.6150683442571,0.865761020284745,15.0127407167332));
#2283=CARTESIAN_POINT('Ctrl Pts',(41.4286351677241,7.9654526378344,15.0127407167331));
#2284=CARTESIAN_POINT('Ctrl Pts',(40.9311833634878,9.9999971649066,15.0127407167331));
#2285=CARTESIAN_POINT('Origin',(0.,15.,15.0127407167331));
#2286=CARTESIAN_POINT('Origin',(0.,0.,0.));
#2287=CARTESIAN_POINT('',(-2.38806125833734E-15,-2.92453157619062E-31,39.));
#2288=CARTESIAN_POINT('',(-2.38806125833734E-15,-2.92453157619062E-31,-39.));
#2289=CARTESIAN_POINT('Origin',(0.,0.,0.));
#2290=CARTESIAN_POINT('',(0.,0.,0.));
#2291=UNCERTAINTY_MEASURE_WITH_UNIT(LENGTH_MEASURE(0.01),#2297,
'DISTANCE_ACCURACY_VALUE',
'Maximum model space distance between geometric entities at asserted c
onnectivities');
#2292=UNCERTAINTY_MEASURE_WITH_UNIT(LENGTH_MEASURE(0.01),#2297,
'DISTANCE_ACCURACY_VALUE',
'Maximum model space distance between geometric entities at asserted c
onnectivities');
#2293=UNCERTAINTY_MEASURE_WITH_UNIT(LENGTH_MEASURE(0.01),#2297,
'DISTANCE_ACCURACY_VALUE',
'Maximum model space distance between geometric entities at asserted c
onnectivities');
#2294=(
GEOMETRIC_REPRESENTATION_CONTEXT(3)
GLOBAL_UNCERTAINTY_ASSIGNED_CONTEXT((#2291))
GLOBAL_UNIT_ASSIGNED_CONTEXT((#2297,#2299,#2300))
REPRESENTATION_CONTEXT('','3D')
);
#2295=(
GEOMETRIC_REPRESENTATION_CONTEXT(3)
GLOBAL_UNCERTAINTY_ASSIGNED_CONTEXT((#2292))
GLOBAL_UNIT_ASSIGNED_CONTEXT((#2297,#2299,#2300))
REPRESENTATION_CONTEXT('','3D')
);
#2296=(
GEOMETRIC_REPRESENTATION_CONTEXT(3)
GLOBAL_UNCERTAINTY_ASSIGNED_CONTEXT((#2293))
GLOBAL_UNIT_ASSIGNED_CONTEXT((#2297,#2299,#2300))
REPRESENTATION_CONTEXT('','3D')
);
#2297=(
LENGTH_UNIT()
NAMED_UNIT(*)
SI_UNIT(.MILLI.,.METRE.)
);
#2298=(
LENGTH_UNIT()
NAMED_UNIT(*)
SI_UNIT($,.METRE.)
);
#2299=(
NAMED_UNIT(*)
PLANE_ANGLE_UNIT()
SI_UNIT($,.RADIAN.)
);
#2300=(
NAMED_UNIT(*)
SI_UNIT($,.STERADIAN.)
SOLID_ANGLE_UNIT()
);
#2301=SHAPE_DEFINITION_REPRESENTATION(#2303,#2306);
#2302=SHAPE_DEFINITION_REPRESENTATION(#2304,#2307);
#2303=PRODUCT_DEFINITION_SHAPE('',$,#2309);
#2304=PRODUCT_DEFINITION_SHAPE('',$,#2310);
#2305=PRODUCT_DEFINITION_SHAPE($,$,#14);
#2306=SHAPE_REPRESENTATION('',(#761,#837),#2294);
#2307=SHAPE_REPRESENTATION('',(#762),#2295);
#2308=PRODUCT_DEFINITION_CONTEXT('part definition',#2316,'design');
#2309=PRODUCT_DEFINITION('joint part of hip','joint part of hip v5',#2311,
#2308);
#2310=PRODUCT_DEFINITION('Hip joint Cup','Hip joint Cup v1',#2312,#2308);
#2311=PRODUCT_DEFINITION_FORMATION('',$,#2318);
#2312=PRODUCT_DEFINITION_FORMATION('',$,#2319);
#2313=PRODUCT_RELATED_PRODUCT_CATEGORY('joint part of hip v5',
'joint part of hip v5',(#2318));
#2314=PRODUCT_RELATED_PRODUCT_CATEGORY('Hip joint Cup v1',
'Hip joint Cup v1',(#2319));
#2315=APPLICATION_PROTOCOL_DEFINITION('international standard',
'automotive_design',2009,#2316);
#2316=APPLICATION_CONTEXT(
'Core Data for Automotive Mechanical Design Process');
#2317=PRODUCT_CONTEXT('part definition',#2316,'mechanical');
#2318=PRODUCT('joint part of hip','joint part of hip v5',$,(#2317));
#2319=PRODUCT('Hip joint Cup','Hip joint Cup v1',$,(#2317));
#2320=PRESENTATION_STYLE_ASSIGNMENT((#2321));
#2321=SURFACE_STYLE_USAGE(.BOTH.,#2322);
#2322=SURFACE_SIDE_STYLE('',(#2323));
#2323=SURFACE_STYLE_FILL_AREA(#2324);
#2324=FILL_AREA_STYLE('Steel - Satin',(#2325));
#2325=FILL_AREA_STYLE_COLOUR('Steel - Satin',#2326);
#2326=COLOUR_RGB('Steel - Satin',0.627450980392157,0.627450980392157,0.627450980392157);
ENDSEC;
END-ISO-10303-21;
