ISO-10303-21;
HEADER;
/* Generated by software containing ST-Developer
 * from STEP Tools, Inc. (www.steptools.com) 
 */

FILE_DESCRIPTION(
/* description */ (''),
/* implementation_level */ '2;1');

FILE_NAME(
/* name */ 'legs assist.step',
/* time_stamp */ '2026-07-02T14:46:13+05:30',
/* author */ (''),
/* organization */ (''),
/* preprocessor_version */ 'ST-DEVELOPER v20.1',
/* originating_system */ 'Autodesk Translation Framework v15.8.0.0',
/* authorisation */ '');

FILE_SCHEMA (('AUTOMOTIVE_DESIGN { 1 0 10303 214 3 1 1 }'));
ENDSEC;

DATA;
#10=MECHANICAL_DESIGN_GEOMETRIC_PRESENTATION_REPRESENTATION('',(#13),#1293);
#11=SHAPE_REPRESENTATION_RELATIONSHIP('SRR','None',#1300,#12);
#12=ADVANCED_BREP_SHAPE_REPRESENTATION('',(#14),#1292);
#13=STYLED_ITEM('',(#1309),#14);
#14=MANIFOLD_SOLID_BREP('Body1',#95);
#15=FACE_OUTER_BOUND('',#21,.T.);
#16=FACE_OUTER_BOUND('',#22,.T.);
#17=FACE_OUTER_BOUND('',#23,.T.);
#18=FACE_OUTER_BOUND('',#24,.T.);
#19=FACE_OUTER_BOUND('',#25,.T.);
#20=FACE_OUTER_BOUND('',#26,.T.);
#21=EDGE_LOOP('',(#59,#60,#61,#62));
#22=EDGE_LOOP('',(#63,#64,#65,#66));
#23=EDGE_LOOP('',(#67,#68,#69,#70));
#24=EDGE_LOOP('',(#71,#72,#73,#74));
#25=EDGE_LOOP('',(#75,#76,#77,#78));
#26=EDGE_LOOP('',(#79,#80,#81,#82));
#27=B_SPLINE_CURVE_WITH_KNOTS('',3,(#283,#284,#285,#286,#287,#288,#289,
#290,#291,#292,#293,#294,#295),.UNSPECIFIED.,.F.,.F.,(4,2,2,1,2,2,4),(0.,
0.25,0.5,1.,1.5,1.75,2.),.UNSPECIFIED.);
#28=B_SPLINE_CURVE_WITH_KNOTS('',3,(#297,#298,#299,#300,#301,#302,#303,
#304,#305,#306,#307,#308,#309),.UNSPECIFIED.,.F.,.F.,(4,2,2,1,2,2,4),(-2.,
-1.75,-1.5,-1.,-0.5,-0.25,0.),.UNSPECIFIED.);
#29=B_SPLINE_CURVE_WITH_KNOTS('',3,(#311,#312,#313,#314,#315,#316,#317,
#318,#319,#320,#321,#322,#323),.UNSPECIFIED.,.F.,.F.,(4,2,2,1,2,2,4),(0.,
0.25,0.5,1.,1.5,1.75,2.),.UNSPECIFIED.);
#30=B_SPLINE_CURVE_WITH_KNOTS('',3,(#324,#325,#326,#327,#328,#329,#330,
#331,#332,#333,#334,#335,#336),.UNSPECIFIED.,.F.,.F.,(4,2,2,1,2,2,4),(0.,
0.25,0.5,1.,1.5,1.75,2.),.UNSPECIFIED.);
#31=B_SPLINE_CURVE_WITH_KNOTS('',3,(#507,#508,#509,#510,#511,#512,#513,
#514,#515,#516,#517,#518,#519),.UNSPECIFIED.,.F.,.F.,(4,2,2,1,2,2,4),(-2.,
-1.75,-1.5,-1.,-0.5,-0.25,0.),.UNSPECIFIED.);
#32=B_SPLINE_CURVE_WITH_KNOTS('',3,(#521,#522,#523,#524,#525,#526,#527,
#528,#529,#530,#531,#532,#533),.UNSPECIFIED.,.F.,.F.,(4,2,2,1,2,2,4),(-2.,
-1.75,-1.5,-1.,-0.5,-0.25,0.),.UNSPECIFIED.);
#33=B_SPLINE_CURVE_WITH_KNOTS('',3,(#534,#535,#536,#537,#538,#539,#540,
#541,#542,#543,#544,#545,#546),.UNSPECIFIED.,.F.,.F.,(4,2,2,1,2,2,4),(-2.,
-1.75,-1.5,-1.,-0.5,-0.25,0.),.UNSPECIFIED.);
#34=B_SPLINE_CURVE_WITH_KNOTS('',3,(#717,#718,#719,#720,#721,#722,#723,
#724,#725,#726,#727,#728,#729),.UNSPECIFIED.,.F.,.F.,(4,2,2,1,2,2,4),(-2.,
-1.75,-1.5,-1.,-0.5,-0.25,0.),.UNSPECIFIED.);
#35=B_SPLINE_CURVE_WITH_KNOTS('',3,(#730,#731,#732,#733,#734,#735,#736,
#737,#738,#739,#740,#741,#742),.UNSPECIFIED.,.F.,.F.,(4,2,2,1,2,2,4),(0.,
0.25,0.5,1.,1.5,1.75,2.),.UNSPECIFIED.);
#36=B_SPLINE_CURVE_WITH_KNOTS('',3,(#913,#914,#915,#916,#917,#918,#919,
#920,#921,#922,#923,#924,#925),.UNSPECIFIED.,.F.,.F.,(4,2,2,1,2,2,4),(-2.,
-1.75,-1.5,-1.,-0.5,-0.25,0.),.UNSPECIFIED.);
#37=B_SPLINE_CURVE_WITH_KNOTS('',3,(#926,#927,#928,#929,#930,#931,#932,
#933,#934,#935,#936,#937,#938),.UNSPECIFIED.,.F.,.F.,(4,2,2,1,2,2,4),(0.,
0.25,0.5,1.,1.5,1.75,2.),.UNSPECIFIED.);
#38=B_SPLINE_CURVE_WITH_KNOTS('',3,(#1108,#1109,#1110,#1111,#1112,#1113,
#1114,#1115,#1116,#1117,#1118,#1119,#1120),.UNSPECIFIED.,.F.,.F.,(4,2,2,
1,2,2,4),(0.,0.25,0.5,1.,1.5,1.75,2.),.UNSPECIFIED.);
#39=VERTEX_POINT('',#281);
#40=VERTEX_POINT('',#282);
#41=VERTEX_POINT('',#296);
#42=VERTEX_POINT('',#310);
#43=VERTEX_POINT('',#506);
#44=VERTEX_POINT('',#520);
#45=VERTEX_POINT('',#716);
#46=VERTEX_POINT('',#912);
#47=EDGE_CURVE('',#39,#40,#27,.T.);
#48=EDGE_CURVE('',#41,#39,#28,.T.);
#49=EDGE_CURVE('',#42,#41,#29,.T.);
#50=EDGE_CURVE('',#40,#42,#30,.T.);
#51=EDGE_CURVE('',#42,#43,#31,.T.);
#52=EDGE_CURVE('',#44,#41,#32,.T.);
#53=EDGE_CURVE('',#43,#44,#33,.T.);
#54=EDGE_CURVE('',#40,#45,#34,.T.);
#55=EDGE_CURVE('',#45,#43,#35,.T.);
#56=EDGE_CURVE('',#45,#46,#36,.T.);
#57=EDGE_CURVE('',#46,#44,#37,.T.);
#58=EDGE_CURVE('',#39,#46,#38,.T.);
#59=ORIENTED_EDGE('',*,*,#47,.F.);
#60=ORIENTED_EDGE('',*,*,#48,.F.);
#61=ORIENTED_EDGE('',*,*,#49,.F.);
#62=ORIENTED_EDGE('',*,*,#50,.F.);
#63=ORIENTED_EDGE('',*,*,#51,.F.);
#64=ORIENTED_EDGE('',*,*,#49,.T.);
#65=ORIENTED_EDGE('',*,*,#52,.F.);
#66=ORIENTED_EDGE('',*,*,#53,.F.);
#67=ORIENTED_EDGE('',*,*,#54,.F.);
#68=ORIENTED_EDGE('',*,*,#50,.T.);
#69=ORIENTED_EDGE('',*,*,#51,.T.);
#70=ORIENTED_EDGE('',*,*,#55,.F.);
#71=ORIENTED_EDGE('',*,*,#56,.F.);
#72=ORIENTED_EDGE('',*,*,#55,.T.);
#73=ORIENTED_EDGE('',*,*,#53,.T.);
#74=ORIENTED_EDGE('',*,*,#57,.F.);
#75=ORIENTED_EDGE('',*,*,#58,.F.);
#76=ORIENTED_EDGE('',*,*,#47,.T.);
#77=ORIENTED_EDGE('',*,*,#54,.T.);
#78=ORIENTED_EDGE('',*,*,#56,.T.);
#79=ORIENTED_EDGE('',*,*,#58,.T.);
#80=ORIENTED_EDGE('',*,*,#57,.T.);
#81=ORIENTED_EDGE('',*,*,#52,.T.);
#82=ORIENTED_EDGE('',*,*,#48,.T.);
#83=B_SPLINE_SURFACE_WITH_KNOTS('',3,3,((#112,#113,#114,#115,#116,#117,
#118,#119,#120,#121,#122,#123,#124),(#125,#126,#127,#128,#129,#130,#131,
#132,#133,#134,#135,#136,#137),(#138,#139,#140,#141,#142,#143,#144,#145,
#146,#147,#148,#149,#150),(#151,#152,#153,#154,#155,#156,#157,#158,#159,
#160,#161,#162,#163),(#164,#165,#166,#167,#168,#169,#170,#171,#172,#173,
#174,#175,#176),(#177,#178,#179,#180,#181,#182,#183,#184,#185,#186,#187,
#188,#189),(#190,#191,#192,#193,#194,#195,#196,#197,#198,#199,#200,#201,
#202),(#203,#204,#205,#206,#207,#208,#209,#210,#211,#212,#213,#214,#215),
(#216,#217,#218,#219,#220,#221,#222,#223,#224,#225,#226,#227,#228),(#229,
#230,#231,#232,#233,#234,#235,#236,#237,#238,#239,#240,#241),(#242,#243,
#244,#245,#246,#247,#248,#249,#250,#251,#252,#253,#254),(#255,#256,#257,
#258,#259,#260,#261,#262,#263,#264,#265,#266,#267),(#268,#269,#270,#271,
#272,#273,#274,#275,#276,#277,#278,#279,#280)),.UNSPECIFIED.,.F.,.F.,.F.,
(4,2,2,1,2,2,4),(4,2,2,1,2,2,4),(0.,0.25,0.5,1.,1.5,1.75,2.),(0.,0.25,0.5,
1.,1.5,1.75,2.),.UNSPECIFIED.);
#84=B_SPLINE_SURFACE_WITH_KNOTS('',3,3,((#337,#338,#339,#340,#341,#342,
#343,#344,#345,#346,#347,#348,#349),(#350,#351,#352,#353,#354,#355,#356,
#357,#358,#359,#360,#361,#362),(#363,#364,#365,#366,#367,#368,#369,#370,
#371,#372,#373,#374,#375),(#376,#377,#378,#379,#380,#381,#382,#383,#384,
#385,#386,#387,#388),(#389,#390,#391,#392,#393,#394,#395,#396,#397,#398,
#399,#400,#401),(#402,#403,#404,#405,#406,#407,#408,#409,#410,#411,#412,
#413,#414),(#415,#416,#417,#418,#419,#420,#421,#422,#423,#424,#425,#426,
#427),(#428,#429,#430,#431,#432,#433,#434,#435,#436,#437,#438,#439,#440),
(#441,#442,#443,#444,#445,#446,#447,#448,#449,#450,#451,#452,#453),(#454,
#455,#456,#457,#458,#459,#460,#461,#462,#463,#464,#465,#466),(#467,#468,
#469,#470,#471,#472,#473,#474,#475,#476,#477,#478,#479),(#480,#481,#482,
#483,#484,#485,#486,#487,#488,#489,#490,#491,#492),(#493,#494,#495,#496,
#497,#498,#499,#500,#501,#502,#503,#504,#505)),.UNSPECIFIED.,.F.,.F.,.F.,
(4,2,2,1,2,2,4),(4,2,2,1,2,2,4),(0.,0.25,0.5,1.,1.5,1.75,2.),(0.,0.25,0.5,
1.,1.5,1.75,2.),.UNSPECIFIED.);
#85=B_SPLINE_SURFACE_WITH_KNOTS('',3,3,((#547,#548,#549,#550,#551,#552,
#553,#554,#555,#556,#557,#558,#559),(#560,#561,#562,#563,#564,#565,#566,
#567,#568,#569,#570,#571,#572),(#573,#574,#575,#576,#577,#578,#579,#580,
#581,#582,#583,#584,#585),(#586,#587,#588,#589,#590,#591,#592,#593,#594,
#595,#596,#597,#598),(#599,#600,#601,#602,#603,#604,#605,#606,#607,#608,
#609,#610,#611),(#612,#613,#614,#615,#616,#617,#618,#619,#620,#621,#622,
#623,#624),(#625,#626,#627,#628,#629,#630,#631,#632,#633,#634,#635,#636,
#637),(#638,#639,#640,#641,#642,#643,#644,#645,#646,#647,#648,#649,#650),
(#651,#652,#653,#654,#655,#656,#657,#658,#659,#660,#661,#662,#663),(#664,
#665,#666,#667,#668,#669,#670,#671,#672,#673,#674,#675,#676),(#677,#678,
#679,#680,#681,#682,#683,#684,#685,#686,#687,#688,#689),(#690,#691,#692,
#693,#694,#695,#696,#697,#698,#699,#700,#701,#702),(#703,#704,#705,#706,
#707,#708,#709,#710,#711,#712,#713,#714,#715)),.UNSPECIFIED.,.F.,.F.,.F.,
(4,2,2,1,2,2,4),(4,2,2,1,2,2,4),(0.,0.25,0.5,1.,1.5,1.75,2.),(0.,0.25,0.5,
1.,1.5,1.75,2.),.UNSPECIFIED.);
#86=B_SPLINE_SURFACE_WITH_KNOTS('',3,3,((#743,#744,#745,#746,#747,#748,
#749,#750,#751,#752,#753,#754,#755),(#756,#757,#758,#759,#760,#761,#762,
#763,#764,#765,#766,#767,#768),(#769,#770,#771,#772,#773,#774,#775,#776,
#777,#778,#779,#780,#781),(#782,#783,#784,#785,#786,#787,#788,#789,#790,
#791,#792,#793,#794),(#795,#796,#797,#798,#799,#800,#801,#802,#803,#804,
#805,#806,#807),(#808,#809,#810,#811,#812,#813,#814,#815,#816,#817,#818,
#819,#820),(#821,#822,#823,#824,#825,#826,#827,#828,#829,#830,#831,#832,
#833),(#834,#835,#836,#837,#838,#839,#840,#841,#842,#843,#844,#845,#846),
(#847,#848,#849,#850,#851,#852,#853,#854,#855,#856,#857,#858,#859),(#860,
#861,#862,#863,#864,#865,#866,#867,#868,#869,#870,#871,#872),(#873,#874,
#875,#876,#877,#878,#879,#880,#881,#882,#883,#884,#885),(#886,#887,#888,
#889,#890,#891,#892,#893,#894,#895,#896,#897,#898),(#899,#900,#901,#902,
#903,#904,#905,#906,#907,#908,#909,#910,#911)),.UNSPECIFIED.,.F.,.F.,.F.,
(4,2,2,1,2,2,4),(4,2,2,1,2,2,4),(0.,0.25,0.5,1.,1.5,1.75,2.),(0.,0.25,0.5,
1.,1.5,1.75,2.),.UNSPECIFIED.);
#87=B_SPLINE_SURFACE_WITH_KNOTS('',3,3,((#939,#940,#941,#942,#943,#944,
#945,#946,#947,#948,#949,#950,#951),(#952,#953,#954,#955,#956,#957,#958,
#959,#960,#961,#962,#963,#964),(#965,#966,#967,#968,#969,#970,#971,#972,
#973,#974,#975,#976,#977),(#978,#979,#980,#981,#982,#983,#984,#985,#986,
#987,#988,#989,#990),(#991,#992,#993,#994,#995,#996,#997,#998,#999,#1000,
#1001,#1002,#1003),(#1004,#1005,#1006,#1007,#1008,#1009,#1010,#1011,#1012,
#1013,#1014,#1015,#1016),(#1017,#1018,#1019,#1020,#1021,#1022,#1023,#1024,
#1025,#1026,#1027,#1028,#1029),(#1030,#1031,#1032,#1033,#1034,#1035,#1036,
#1037,#1038,#1039,#1040,#1041,#1042),(#1043,#1044,#1045,#1046,#1047,#1048,
#1049,#1050,#1051,#1052,#1053,#1054,#1055),(#1056,#1057,#1058,#1059,#1060,
#1061,#1062,#1063,#1064,#1065,#1066,#1067,#1068),(#1069,#1070,#1071,#1072,
#1073,#1074,#1075,#1076,#1077,#1078,#1079,#1080,#1081),(#1082,#1083,#1084,
#1085,#1086,#1087,#1088,#1089,#1090,#1091,#1092,#1093,#1094),(#1095,#1096,
#1097,#1098,#1099,#1100,#1101,#1102,#1103,#1104,#1105,#1106,#1107)),
 .UNSPECIFIED.,.F.,.F.,.F.,(4,2,2,1,2,2,4),(4,2,2,1,2,2,4),(0.,0.25,0.5,
1.,1.5,1.75,2.),(0.,0.25,0.5,1.,1.5,1.75,2.),.UNSPECIFIED.);
#88=B_SPLINE_SURFACE_WITH_KNOTS('',3,3,((#1121,#1122,#1123,#1124,#1125,
#1126,#1127,#1128,#1129,#1130,#1131,#1132,#1133),(#1134,#1135,#1136,#1137,
#1138,#1139,#1140,#1141,#1142,#1143,#1144,#1145,#1146),(#1147,#1148,#1149,
#1150,#1151,#1152,#1153,#1154,#1155,#1156,#1157,#1158,#1159),(#1160,#1161,
#1162,#1163,#1164,#1165,#1166,#1167,#1168,#1169,#1170,#1171,#1172),(#1173,
#1174,#1175,#1176,#1177,#1178,#1179,#1180,#1181,#1182,#1183,#1184,#1185),
(#1186,#1187,#1188,#1189,#1190,#1191,#1192,#1193,#1194,#1195,#1196,#1197,
#1198),(#1199,#1200,#1201,#1202,#1203,#1204,#1205,#1206,#1207,#1208,#1209,
#1210,#1211),(#1212,#1213,#1214,#1215,#1216,#1217,#1218,#1219,#1220,#1221,
#1222,#1223,#1224),(#1225,#1226,#1227,#1228,#1229,#1230,#1231,#1232,#1233,
#1234,#1235,#1236,#1237),(#1238,#1239,#1240,#1241,#1242,#1243,#1244,#1245,
#1246,#1247,#1248,#1249,#1250),(#1251,#1252,#1253,#1254,#1255,#1256,#1257,
#1258,#1259,#1260,#1261,#1262,#1263),(#1264,#1265,#1266,#1267,#1268,#1269,
#1270,#1271,#1272,#1273,#1274,#1275,#1276),(#1277,#1278,#1279,#1280,#1281,
#1282,#1283,#1284,#1285,#1286,#1287,#1288,#1289)),.UNSPECIFIED.,.F.,.F.,
 .F.,(4,2,2,1,2,2,4),(4,2,2,1,2,2,4),(0.,0.25,0.5,1.,1.5,1.75,2.),(0.,0.25,
0.5,1.,1.5,1.75,2.),.UNSPECIFIED.);
#89=ADVANCED_FACE('',(#15),#83,.T.);
#90=ADVANCED_FACE('',(#16),#84,.T.);
#91=ADVANCED_FACE('',(#17),#85,.T.);
#92=ADVANCED_FACE('',(#18),#86,.T.);
#93=ADVANCED_FACE('',(#19),#87,.T.);
#94=ADVANCED_FACE('',(#20),#88,.T.);
#95=CLOSED_SHELL('',(#89,#90,#91,#92,#93,#94));
#96=DERIVED_UNIT_ELEMENT(#98,1.);
#97=DERIVED_UNIT_ELEMENT(#1295,-3.);
#98=(
MASS_UNIT()
NAMED_UNIT(*)
SI_UNIT(.KILO.,.GRAM.)
);
#99=DERIVED_UNIT((#96,#97));
#100=MEASURE_REPRESENTATION_ITEM('density measure',
POSITIVE_RATIO_MEASURE(7850.),#99);
#101=PROPERTY_DEFINITION_REPRESENTATION(#106,#103);
#102=PROPERTY_DEFINITION_REPRESENTATION(#107,#104);
#103=REPRESENTATION('material name',(#105),#1292);
#104=REPRESENTATION('density',(#100),#1292);
#105=DESCRIPTIVE_REPRESENTATION_ITEM('Steel','Steel');
#106=PROPERTY_DEFINITION('material property','material name',#1302);
#107=PROPERTY_DEFINITION('material property','density of part',#1302);
#108=AXIS2_PLACEMENT_3D('',#111,#109,#110);
#109=DIRECTION('axis',(0.,0.,1.));
#110=DIRECTION('refdir',(1.,0.,0.));
#111=CARTESIAN_POINT('',(0.,0.,0.));
#112=CARTESIAN_POINT('Ctrl Pts',(-258.434452890757,-81.0647608111979,-37.0064087743227));
#113=CARTESIAN_POINT('Ctrl Pts',(-262.922620407419,-75.5485438311136,-38.6815225272834));
#114=CARTESIAN_POINT('Ctrl Pts',(-266.179041964669,-69.9394542387484,-40.0886385214718));
#115=CARTESIAN_POINT('Ctrl Pts',(-269.37982477112,-56.2986853117466,-42.0680924670605));
#116=CARTESIAN_POINT('Ctrl Pts',(-269.324186020321,-48.2670059771101,-42.6404304184609));
#117=CARTESIAN_POINT('Ctrl Pts',(-264.189179305854,-20.5380833597937,-43.1052772084801));
#118=CARTESIAN_POINT('Ctrl Pts',(-241.383963314397,21.152779048334,-38.849745857018));
#119=CARTESIAN_POINT('Ctrl Pts',(-202.032800114249,42.5168771170705,-26.0831518026319));
#120=CARTESIAN_POINT('Ctrl Pts',(-173.735404679526,53.143187198856,-16.691947454004));
#121=CARTESIAN_POINT('Ctrl Pts',(-165.124296007628,55.8403640622645,-13.8402821124743));
#122=CARTESIAN_POINT('Ctrl Pts',(-149.544791609852,59.5448647947082,-8.69442364544062));
#123=CARTESIAN_POINT('Ctrl Pts',(-142.576395883973,60.5521886637433,-6.4002305199367));
#124=CARTESIAN_POINT('Ctrl Pts',(-134.972449244137,61.5994630757194,-4.0165940543861));
#125=CARTESIAN_POINT('Ctrl Pts',(-264.702048921533,-84.6929474333267,-33.8025880119035));
#126=CARTESIAN_POINT('Ctrl Pts',(-272.165319585487,-78.7864182378431,-35.1483587799775));
#127=CARTESIAN_POINT('Ctrl Pts',(-276.064617998106,-72.7876956048338,-36.7240068084916));
#128=CARTESIAN_POINT('Ctrl Pts',(-280.809240571334,-58.0558044829194,-38.5419136250783));
#129=CARTESIAN_POINT('Ctrl Pts',(-280.507648577003,-49.5394493680652,-39.0138199977255));
#130=CARTESIAN_POINT('Ctrl Pts',(-274.383764157297,-21.8317461470144,-39.3113606312405));
#131=CARTESIAN_POINT('Ctrl Pts',(-248.829921557671,20.0048209702085,-35.2589234749008));
#132=CARTESIAN_POINT('Ctrl Pts',(-208.498999726571,41.7041821349308,-23.1016120058815));
#133=CARTESIAN_POINT('Ctrl Pts',(-179.442801416249,52.5771652716135,-14.258515429612));
#134=CARTESIAN_POINT('Ctrl Pts',(-170.050735294037,55.5525542955055,-11.4308324594494));
#135=CARTESIAN_POINT('Ctrl Pts',(-152.102507980899,59.6362469355699,-6.2493928700143));
#136=CARTESIAN_POINT('Ctrl Pts',(-144.345443576607,60.6624384824727,-3.85489204663362));
#137=CARTESIAN_POINT('Ctrl Pts',(-134.753596214462,61.9044326106664,-1.52575439889747));
#138=CARTESIAN_POINT('Ctrl Pts',(-269.728531885404,-87.9438147150643,-30.5280901249767));
#139=CARTESIAN_POINT('Ctrl Pts',(-278.030221448523,-82.3966674838543,-31.682124481395));
#140=CARTESIAN_POINT('Ctrl Pts',(-283.099527109942,-75.6226931651072,-32.5973752795421));
#141=CARTESIAN_POINT('Ctrl Pts',(-287.960134228789,-60.1940360985073,-34.01384049859));
#142=CARTESIAN_POINT('Ctrl Pts',(-287.610415486232,-51.456046966099,-34.4917277790982));
#143=CARTESIAN_POINT('Ctrl Pts',(-279.760311047196,-23.5110156418806,-34.4993728577008));
#144=CARTESIAN_POINT('Ctrl Pts',(-251.15764323151,18.3651965957263,-30.7068549280457));
#145=CARTESIAN_POINT('Ctrl Pts',(-210.762897244175,40.509719951054,-19.3293011390802));
#146=CARTESIAN_POINT('Ctrl Pts',(-181.448050895318,51.8803113291349,-11.0932112577774));
#147=CARTESIAN_POINT('Ctrl Pts',(-171.839970969307,54.7975415987594,-8.39736054074659));
#148=CARTESIAN_POINT('Ctrl Pts',(-152.889430011591,59.2858251971367,-3.4625719049532));
#149=CARTESIAN_POINT('Ctrl Pts',(-143.573902811376,60.7959323464054,-1.23063754909803));
#150=CARTESIAN_POINT('Ctrl Pts',(-134.011508152234,62.0676534640724,0.847256525216039));
#151=CARTESIAN_POINT('Ctrl Pts',(-276.717923531713,-93.5029378476358,-21.9624746719633));
#152=CARTESIAN_POINT('Ctrl Pts',(-286.932629097931,-87.9908542123414,-22.3879433694495));
#153=CARTESIAN_POINT('Ctrl Pts',(-292.243643926505,-80.8373337717103,-22.7673945261875));
#154=CARTESIAN_POINT('Ctrl Pts',(-296.312796472487,-64.6451597606403,-23.4804148175161));
#155=CARTESIAN_POINT('Ctrl Pts',(-294.904009961588,-55.624591229821,-23.7269763890371));
#156=CARTESIAN_POINT('Ctrl Pts',(-283.443454253153,-27.1665939279684,-23.4216444001908));
#157=CARTESIAN_POINT('Ctrl Pts',(-248.871523506595,14.5008470328875,-20.227823872638));
#158=CARTESIAN_POINT('Ctrl Pts',(-209.642556859729,37.634109349622,-10.6463622899795));
#159=CARTESIAN_POINT('Ctrl Pts',(-180.718582074811,49.9630072585295,-3.63571008289689));
#160=CARTESIAN_POINT('Ctrl Pts',(-171.160215513211,53.2357984233914,-1.32806667718787));
#161=CARTESIAN_POINT('Ctrl Pts',(-151.721667998174,58.5209527087243,2.90181904375947));
#162=CARTESIAN_POINT('Ctrl Pts',(-141.936565858642,60.4954002518069,4.7630383168451));
#163=CARTESIAN_POINT('Ctrl Pts',(-131.758656266701,62.0910377738786,6.31678592955026));
#164=CARTESIAN_POINT('Ctrl Pts',(-278.680832214152,-95.8111936984697,-16.6713571058767));
#165=CARTESIAN_POINT('Ctrl Pts',(-288.830045477404,-90.2669482152459,-16.740663104888));
#166=CARTESIAN_POINT('Ctrl Pts',(-294.248983683485,-83.2492889592131,-17.03996373175));
#167=CARTESIAN_POINT('Ctrl Pts',(-297.337963702934,-66.870057001568,-17.4912901686178));
#168=CARTESIAN_POINT('Ctrl Pts',(-295.150058958383,-57.7114266203476,-17.5871875450707));
#169=CARTESIAN_POINT('Ctrl Pts',(-281.75005056921,-29.14290271919,-17.1559037162206));
#170=CARTESIAN_POINT('Ctrl Pts',(-244.257682107841,12.276121844531,-14.3008613640854));
#171=CARTESIAN_POINT('Ctrl Pts',(-206.258318957681,35.952960932067,-5.73573430768008));
#172=CARTESIAN_POINT('Ctrl Pts',(-178.097269719083,48.8075990030767,0.573911467151935));
#173=CARTESIAN_POINT('Ctrl Pts',(-168.783102308914,52.3118156594154,2.65394876881407));
#174=CARTESIAN_POINT('Ctrl Pts',(-149.764751579462,58.0022775717062,6.47188700004133));
#175=CARTESIAN_POINT('Ctrl Pts',(-140.225904842541,60.1814476995104,8.14264249213143));
#176=CARTESIAN_POINT('Ctrl Pts',(-130.247892443396,61.9512012302789,9.41330440977096));
#177=CARTESIAN_POINT('Ctrl Pts',(-279.974196839318,-101.322044104616,2.22692511112268));
#178=CARTESIAN_POINT('Ctrl Pts',(-289.438019503769,-95.6534230477579,2.18570894356614));
#179=CARTESIAN_POINT('Ctrl Pts',(-293.356958479928,-88.4297637269577,2.15479681789874));
#180=CARTESIAN_POINT('Ctrl Pts',(-293.245943717085,-72.1140956184825,2.21921650904574));
#181=CARTESIAN_POINT('Ctrl Pts',(-289.215989978085,-63.0220868308075,2.31454832586014));
#182=CARTESIAN_POINT('Ctrl Pts',(-269.914101680488,-34.806126858984,2.94836347808138));
#183=CARTESIAN_POINT('Ctrl Pts',(-224.946178402106,5.32164272690949,4.72096955245112));
#184=CARTESIAN_POINT('Ctrl Pts',(-191.768105276739,30.594758583579,10.0387877755603));
#185=CARTESIAN_POINT('Ctrl Pts',(-167.277942465985,45.0913051838462,14.0271514428922));
#186=CARTESIAN_POINT('Ctrl Pts',(-159.180120201279,49.1804390018962,15.3566059986695));
#187=CARTESIAN_POINT('Ctrl Pts',(-142.444306053938,56.0579773499551,17.7939393509279));
#188=CARTESIAN_POINT('Ctrl Pts',(-133.806314171304,58.8463818799641,18.901818147409));
#189=CARTESIAN_POINT('Ctrl Pts',(-124.562587331863,61.0771055039712,19.7881211845939));
#190=CARTESIAN_POINT('Ctrl Pts',(-264.817168313868,-101.378377103539,33.0766152638312));
#191=CARTESIAN_POINT('Ctrl Pts',(-272.25497658093,-96.2859708179711,33.0982023479239));
#192=CARTESIAN_POINT('Ctrl Pts',(-273.746139609851,-89.8560212979141,33.1143926609935));
#193=CARTESIAN_POINT('Ctrl Pts',(-268.676525930111,-75.2910721587186,33.1482460285134));
#194=CARTESIAN_POINT('Ctrl Pts',(-262.11574922145,-67.1560725395801,33.1659090829638));
#195=CARTESIAN_POINT('Ctrl Pts',(-236.117535597141,-41.6485530883875,33.239506783527));
#196=CARTESIAN_POINT('Ctrl Pts',(-184.610894769195,-4.69847223672505,33.3925931501768));
#197=CARTESIAN_POINT('Ctrl Pts',(-160.881153769358,22.6111365300675,33.8518522501263));
#198=CARTESIAN_POINT('Ctrl Pts',(-144.839637776543,39.1773758963402,34.1962965750884));
#199=CARTESIAN_POINT('Ctrl Pts',(-139.785097405115,44.0467944836275,34.3111113500758));
#200=CARTESIAN_POINT('Ctrl Pts',(-128.817855301534,52.4301775590957,34.5216051042193));
#201=CARTESIAN_POINT('Ctrl Pts',(-122.905153569381,55.9441420472765,34.6172840833754));
#202=CARTESIAN_POINT('Ctrl Pts',(-115.841658850325,58.7553136378212,34.6938272667003));
#203=CARTESIAN_POINT('Ctrl Pts',(-222.339134936547,-84.5521962619442,61.3617924349813));
#204=CARTESIAN_POINT('Ctrl Pts',(-229.890228717857,-80.8488138658377,61.4749655495136));
#205=CARTESIAN_POINT('Ctrl Pts',(-232.374621031659,-76.1426633267751,61.5598453854128));
#206=CARTESIAN_POINT('Ctrl Pts',(-230.451817407758,-65.301993537763,61.6082702526656));
#207=CARTESIAN_POINT('Ctrl Pts',(-226.044621470055,-59.1674742878135,61.5718152840191));
#208=CARTESIAN_POINT('Ctrl Pts',(-207.348373304956,-39.4871148341732,61.183325800342));
#209=CARTESIAN_POINT('Ctrl Pts',(-167.820948146185,-9.84183101920744,59.921007614805));
#210=CARTESIAN_POINT('Ctrl Pts',(-150.964369379653,17.378380682241,56.1340530581941));
#211=CARTESIAN_POINT('Ctrl Pts',(-138.715327338025,34.9006188453532,53.2938371407358));
#212=CARTESIAN_POINT('Ctrl Pts',(-134.697878663027,40.2592114642282,52.3470985015831));
#213=CARTESIAN_POINT('Ctrl Pts',(-125.442749430152,49.6815034025861,50.6114109964697));
#214=CARTESIAN_POINT('Ctrl Pts',(-120.205068872275,53.7452027220689,49.8224621305091));
#215=CARTESIAN_POINT('Ctrl Pts',(-113.68159109264,56.9961621776551,49.1913030377406));
#216=CARTESIAN_POINT('Ctrl Pts',(-189.131183702497,-72.1262921415831,78.0232586211628));
#217=CARTESIAN_POINT('Ctrl Pts',(-196.471076418636,-69.4684909413382,78.1807118802194));
#218=CARTESIAN_POINT('Ctrl Pts',(-199.272110940974,-65.9409881272241,78.523992525382));
#219=CARTESIAN_POINT('Ctrl Pts',(-198.756695751049,-57.4294722916601,79.0230043301723));
#220=CARTESIAN_POINT('Ctrl Pts',(-195.627705763304,-52.5604072925447,79.1524083885277));
#221=CARTESIAN_POINT('Ctrl Pts',(-182.24988460151,-36.7940640541029,78.9628507405195));
#222=CARTESIAN_POINT('Ctrl Pts',(-153.409704485158,-12.6096201019502,76.8202477775758));
#223=CARTESIAN_POINT('Ctrl Pts',(-141.36690637005,14.256500715667,70.3924388887446));
#224=CARTESIAN_POINT('Ctrl Pts',(-131.736537925331,31.6941763582339,65.6044957901855));
#225=CARTESIAN_POINT('Ctrl Pts',(-128.46146652824,37.0797454537658,64.0216464925175));
#226=CARTESIAN_POINT('Ctrl Pts',(-120.504400489229,46.5960662479701,61.1067058271862));
#227=CARTESIAN_POINT('Ctrl Pts',(-115.841528449511,50.6576809415426,59.8263929900566));
#228=CARTESIAN_POINT('Ctrl Pts',(-109.858881856956,53.9259058499428,58.8682824043272));
#229=CARTESIAN_POINT('Ctrl Pts',(-178.725023224397,-68.3780536238501,82.6111254609178));
#230=CARTESIAN_POINT('Ctrl Pts',(-185.330192658779,-65.8393056997911,83.0878162085462));
#231=CARTESIAN_POINT('Ctrl Pts',(-187.892295717906,-62.554320273841,83.4503845048142));
#232=CARTESIAN_POINT('Ctrl Pts',(-187.687223487989,-54.7418464962281,84.1728683409067));
#233=CARTESIAN_POINT('Ctrl Pts',(-184.973240800245,-50.2643974502947,84.4356091536586));
#234=CARTESIAN_POINT('Ctrl Pts',(-173.296785536309,-35.7177184458446,84.3596358335064));
#235=CARTESIAN_POINT('Ctrl Pts',(-148.302825982521,-13.3505947955113,81.9538160508826));
#236=CARTESIAN_POINT('Ctrl Pts',(-137.807772913962,13.3496552133584,74.7363567030114));
#237=CARTESIAN_POINT('Ctrl Pts',(-129.047445084679,30.6505461224982,69.380278684712));
#238=CARTESIAN_POINT('Ctrl Pts',(-125.979162803607,35.9634603259595,67.6044220940463));
#239=CARTESIAN_POINT('Ctrl Pts',(-118.45711425269,45.3969319402258,64.3431275060131));
#240=CARTESIAN_POINT('Ctrl Pts',(-114.027519239306,49.4657438013703,62.9161761653409));
#241=CARTESIAN_POINT('Ctrl Pts',(-108.318577034634,52.7444845517086,61.7038492960392));
#242=CARTESIAN_POINT('Ctrl Pts',(-159.239015468028,-61.6690356331588,89.8549486958172));
#243=CARTESIAN_POINT('Ctrl Pts',(-163.030421273889,-59.1596880706908,90.9209525138626));
#244=CARTESIAN_POINT('Ctrl Pts',(-164.498507736163,-56.319838054315,91.7260217347067));
#245=CARTESIAN_POINT('Ctrl Pts',(-163.94535254462,-49.6847867493787,93.0376969841112));
#246=CARTESIAN_POINT('Ctrl Pts',(-161.869379806146,-45.9037275939483,93.4999107232449));
#247=CARTESIAN_POINT('Ctrl Pts',(-153.315566176807,-33.5917827148492,93.7107441263027));
#248=CARTESIAN_POINT('Ctrl Pts',(-135.708093567242,-14.592476441896,90.8563678254648));
#249=CARTESIAN_POINT('Ctrl Pts',(-128.298933198269,11.7653785305336,82.2932389229511));
#250=CARTESIAN_POINT('Ctrl Pts',(-121.42353686751,28.7181185455605,75.9692898145786));
#251=CARTESIAN_POINT('Ctrl Pts',(-118.911983748253,33.8997566815202,73.8777063732065));
#252=CARTESIAN_POINT('Ctrl Pts',(-112.767393642448,42.9460164814894,70.0194551241878));
#253=CARTESIAN_POINT('Ctrl Pts',(-109.173806795365,46.8143224558709,68.2670648087502));
#254=CARTESIAN_POINT('Ctrl Pts',(-104.705830569138,50.0656369105797,66.5947972851629));
#255=CARTESIAN_POINT('Ctrl Pts',(-150.159168189759,-58.7082561602005,92.5109050909615));
#256=CARTESIAN_POINT('Ctrl Pts',(-152.954765668057,-56.1288306023043,93.7116729256478));
#257=CARTESIAN_POINT('Ctrl Pts',(-152.502751607153,-53.4966239540001,95.0802870718486));
#258=CARTESIAN_POINT('Ctrl Pts',(-151.401276805782,-47.4125556794097,96.7332152404688));
#259=CARTESIAN_POINT('Ctrl Pts',(-149.603078247922,-43.8806047161449,97.1980524767243));
#260=CARTESIAN_POINT('Ctrl Pts',(-142.287445882505,-32.5421925921122,97.6650673261122));
#261=CARTESIAN_POINT('Ctrl Pts',(-128.2202396546,-15.0933833947196,94.6253513267401));
#262=CARTESIAN_POINT('Ctrl Pts',(-122.349226938663,11.0879473500175,85.5062033286239));
#263=CARTESIAN_POINT('Ctrl Pts',(-116.512823752907,27.9137858916584,78.7157325576555));
#264=CARTESIAN_POINT('Ctrl Pts',(-114.3361613483,33.0145981360283,76.5216746765977));
#265=CARTESIAN_POINT('Ctrl Pts',(-109.140345748569,41.7087292827055,72.4495263729164));
#266=CARTESIAN_POINT('Ctrl Pts',(-106.698031238604,45.1446643565241,70.5215758390932));
#267=CARTESIAN_POINT('Ctrl Pts',(-102.633388925963,48.5682105676851,68.6501783825746));
#268=CARTESIAN_POINT('Ctrl Pts',(-140.231936908372,-55.7536758639957,95.1207070118262));
#269=CARTESIAN_POINT('Ctrl Pts',(-140.371979113381,-53.1832250481252,96.5727874286813));
#270=CARTESIAN_POINT('Ctrl Pts',(-139.864701133613,-50.8679884686085,97.7926845167116));
#271=CARTESIAN_POINT('Ctrl Pts',(-137.765561676869,-45.4254308446967,99.554722509427));
#272=CARTESIAN_POINT('Ctrl Pts',(-136.173700199893,-42.2981098003015,100.096863414112));
#273=CARTESIAN_POINT('Ctrl Pts',(-129.771240523153,-31.6980199697982,100.70665185315));
#274=CARTESIAN_POINT('Ctrl Pts',(-118.654540947583,-15.5358442741588,97.5292618369339));
#275=CARTESIAN_POINT('Ctrl Pts',(-114.368926995096,10.5061493380781,87.9970917882861));
#276=CARTESIAN_POINT('Ctrl Pts',(-109.745556784311,27.4018864384419,80.8057086460857));
#277=CARTESIAN_POINT('Ctrl Pts',(-108.062853988626,32.2421810833587,78.595996097621));
#278=CARTESIAN_POINT('Ctrl Pts',(-104.414289613076,40.3395349294499,74.5514013318956));
#279=CARTESIAN_POINT('Ctrl Pts',(-102.44842803321,43.5965941306243,72.7165191146351));
#280=CARTESIAN_POINT('Ctrl Pts',(-99.9068999964762,46.7635730720983,70.7821700486478));
#281=CARTESIAN_POINT('',(-140.231936908372,-55.7536758639957,95.1207070118262));
#282=CARTESIAN_POINT('',(-258.434452890758,-81.0647608111979,-37.0064087743227));
#283=CARTESIAN_POINT('Ctrl Pts',(-140.231936908372,-55.7536758639957,95.1207070118262));
#284=CARTESIAN_POINT('Ctrl Pts',(-150.159168189759,-58.7082561602005,92.5109050909615));
#285=CARTESIAN_POINT('Ctrl Pts',(-159.239015468028,-61.6690356331588,89.8549486958172));
#286=CARTESIAN_POINT('Ctrl Pts',(-178.725023224397,-68.3780536238501,82.6111254609178));
#287=CARTESIAN_POINT('Ctrl Pts',(-189.131183702497,-72.1262921415831,78.0232586211628));
#288=CARTESIAN_POINT('Ctrl Pts',(-222.339134936547,-84.5521962619442,61.3617924349813));
#289=CARTESIAN_POINT('Ctrl Pts',(-264.817168313868,-101.378377103539,33.0766152638312));
#290=CARTESIAN_POINT('Ctrl Pts',(-279.974196839318,-101.322044104616,2.22692511112268));
#291=CARTESIAN_POINT('Ctrl Pts',(-278.680832214152,-95.8111936984697,-16.6713571058767));
#292=CARTESIAN_POINT('Ctrl Pts',(-276.717923531713,-93.5029378476358,-21.9624746719633));
#293=CARTESIAN_POINT('Ctrl Pts',(-269.728531885404,-87.9438147150643,-30.5280901249767));
#294=CARTESIAN_POINT('Ctrl Pts',(-264.702048921533,-84.6929474333267,-33.8025880119035));
#295=CARTESIAN_POINT('Ctrl Pts',(-258.434452890757,-81.0647608111979,-37.0064087743227));
#296=CARTESIAN_POINT('',(-99.9068999964762,46.7635730720983,70.7821700486478));
#297=CARTESIAN_POINT('Ctrl Pts',(-99.9068999964762,46.7635730720983,70.7821700486478));
#298=CARTESIAN_POINT('Ctrl Pts',(-102.44842803321,43.5965941306243,72.7165191146351));
#299=CARTESIAN_POINT('Ctrl Pts',(-104.414289613076,40.3395349294499,74.5514013318956));
#300=CARTESIAN_POINT('Ctrl Pts',(-108.062853988626,32.2421810833587,78.595996097621));
#301=CARTESIAN_POINT('Ctrl Pts',(-109.745556784311,27.4018864384419,80.8057086460857));
#302=CARTESIAN_POINT('Ctrl Pts',(-114.368926995096,10.5061493380781,87.9970917882861));
#303=CARTESIAN_POINT('Ctrl Pts',(-118.654540947583,-15.5358442741588,97.5292618369339));
#304=CARTESIAN_POINT('Ctrl Pts',(-129.771240523153,-31.6980199697982,100.70665185315));
#305=CARTESIAN_POINT('Ctrl Pts',(-136.173700199893,-42.2981098003015,100.096863414112));
#306=CARTESIAN_POINT('Ctrl Pts',(-137.765561676869,-45.4254308446967,99.554722509427));
#307=CARTESIAN_POINT('Ctrl Pts',(-139.864701133613,-50.8679884686085,97.7926845167116));
#308=CARTESIAN_POINT('Ctrl Pts',(-140.371979113381,-53.1832250481252,96.5727874286813));
#309=CARTESIAN_POINT('Ctrl Pts',(-140.231936908372,-55.7536758639957,95.1207070118262));
#310=CARTESIAN_POINT('',(-134.972449244137,61.5994630757194,-4.0165940543861));
#311=CARTESIAN_POINT('Ctrl Pts',(-134.972449244137,61.5994630757194,-4.0165940543861));
#312=CARTESIAN_POINT('Ctrl Pts',(-134.753596214462,61.9044326106664,-1.52575439889747));
#313=CARTESIAN_POINT('Ctrl Pts',(-134.011508152234,62.0676534640724,0.847256525216039));
#314=CARTESIAN_POINT('Ctrl Pts',(-131.758656266701,62.0910377738786,6.31678592955026));
#315=CARTESIAN_POINT('Ctrl Pts',(-130.247892443396,61.9512012302789,9.41330440977096));
#316=CARTESIAN_POINT('Ctrl Pts',(-124.562587331863,61.0771055039712,19.7881211845939));
#317=CARTESIAN_POINT('Ctrl Pts',(-115.841658850325,58.7553136378212,34.6938272667003));
#318=CARTESIAN_POINT('Ctrl Pts',(-113.68159109264,56.9961621776551,49.1913030377406));
#319=CARTESIAN_POINT('Ctrl Pts',(-109.858881856956,53.9259058499428,58.8682824043272));
#320=CARTESIAN_POINT('Ctrl Pts',(-108.318577034634,52.7444845517086,61.7038492960392));
#321=CARTESIAN_POINT('Ctrl Pts',(-104.705830569138,50.0656369105797,66.5947972851629));
#322=CARTESIAN_POINT('Ctrl Pts',(-102.633388925963,48.5682105676851,68.6501783825746));
#323=CARTESIAN_POINT('Ctrl Pts',(-99.9068999964762,46.7635730720983,70.7821700486478));
#324=CARTESIAN_POINT('Ctrl Pts',(-258.434452890757,-81.0647608111979,-37.0064087743227));
#325=CARTESIAN_POINT('Ctrl Pts',(-262.922620407419,-75.5485438311136,-38.6815225272834));
#326=CARTESIAN_POINT('Ctrl Pts',(-266.179041964669,-69.9394542387484,-40.0886385214718));
#327=CARTESIAN_POINT('Ctrl Pts',(-269.37982477112,-56.2986853117466,-42.0680924670605));
#328=CARTESIAN_POINT('Ctrl Pts',(-269.324186020321,-48.2670059771101,-42.6404304184609));
#329=CARTESIAN_POINT('Ctrl Pts',(-264.189179305854,-20.5380833597937,-43.1052772084801));
#330=CARTESIAN_POINT('Ctrl Pts',(-241.383963314397,21.152779048334,-38.849745857018));
#331=CARTESIAN_POINT('Ctrl Pts',(-202.032800114249,42.5168771170705,-26.0831518026319));
#332=CARTESIAN_POINT('Ctrl Pts',(-173.735404679526,53.143187198856,-16.691947454004));
#333=CARTESIAN_POINT('Ctrl Pts',(-165.124296007628,55.8403640622645,-13.8402821124743));
#334=CARTESIAN_POINT('Ctrl Pts',(-149.544791609852,59.5448647947082,-8.69442364544062));
#335=CARTESIAN_POINT('Ctrl Pts',(-142.576395883973,60.5521886637433,-6.4002305199367));
#336=CARTESIAN_POINT('Ctrl Pts',(-134.972449244137,61.5994630757194,-4.0165940543861));
#337=CARTESIAN_POINT('Ctrl Pts',(145.852409996356,61.2375461158912,-3.89318646359448));
#338=CARTESIAN_POINT('Ctrl Pts',(145.589985353991,61.569024062937,-1.41126343683755));
#339=CARTESIAN_POINT('Ctrl Pts',(144.840421347118,61.7569706763469,0.953302131549184));
#340=CARTESIAN_POINT('Ctrl Pts',(142.617432235308,61.8469889859369,6.40000608121462));
#341=CARTESIAN_POINT('Ctrl Pts',(141.144007130369,61.7490606821169,9.48214446249332));
#342=CARTESIAN_POINT('Ctrl Pts',(135.637940168452,61.0264633948125,19.8049188256674));
#343=CARTESIAN_POINT('Ctrl Pts',(127.268397743462,58.9653042701732,34.6208125991292));
#344=CARTESIAN_POINT('Ctrl Pts',(125.373625608556,57.7467730613205,48.93112317143));
#345=CARTESIAN_POINT('Ctrl Pts',(122.976904200139,55.1842048018227,58.4320848949291));
#346=CARTESIAN_POINT('Ctrl Pts',(122.07117606337,54.1663637797822,61.2109026722466));
#347=CARTESIAN_POINT('Ctrl Pts',(120.046077788571,51.8033785312853,65.9921992991841));
#348=CARTESIAN_POINT('Ctrl Pts',(118.926707650542,50.4582343048289,67.994678148804));
#349=CARTESIAN_POINT('Ctrl Pts',(117.482026846659,48.8054150907424,70.074645117287));
#350=CARTESIAN_POINT('Ctrl Pts',(138.620079877123,62.0069383155423,-4.0095075720024));
#351=CARTESIAN_POINT('Ctrl Pts',(136.682285522482,62.707525175003,-0.95431151235316));
#352=CARTESIAN_POINT('Ctrl Pts',(135.972368019891,63.0278188184926,1.57888332128953));
#353=CARTESIAN_POINT('Ctrl Pts',(132.803058319217,63.5176033449149,7.55499615491109));
#354=CARTESIAN_POINT('Ctrl Pts',(131.312170127465,63.5587365359404,10.739222944126));
#355=CARTESIAN_POINT('Ctrl Pts',(126.498201799481,63.2698475461094,20.6870224525838));
#356=CARTESIAN_POINT('Ctrl Pts',(120.221044980738,61.7239782026299,34.7156094493469));
#357=CARTESIAN_POINT('Ctrl Pts',(118.799965879559,60.8100797959904,48.3650090452392));
#358=CARTESIAN_POINT('Ctrl Pts',(116.913995199698,58.1981419499753,57.5620935516853));
#359=CARTESIAN_POINT('Ctrl Pts',(116.160047068205,57.0700820666309,60.4475303281479));
#360=CARTESIAN_POINT('Ctrl Pts',(114.665950683402,54.0501755761803,65.6698723862418));
#361=CARTESIAN_POINT('Ctrl Pts',(113.475081163124,52.4660573374127,67.8058094966105));
#362=CARTESIAN_POINT('Ctrl Pts',(112.785067488896,50.0165171656526,70.3241111252248));
#363=CARTESIAN_POINT('Ctrl Pts',(131.288967140111,62.584752661235,-4.06216443086731));
#364=CARTESIAN_POINT('Ctrl Pts',(128.963686651331,63.4146127138438,-0.947460764879691));
#365=CARTESIAN_POINT('Ctrl Pts',(126.610980574386,63.996119113174,2.11346536730262));
#366=CARTESIAN_POINT('Ctrl Pts',(122.725988047561,64.7530043292956,8.39050152331881));
#367=CARTESIAN_POINT('Ctrl Pts',(121.11855811824,64.9160816066919,11.5900254969497));
#368=CARTESIAN_POINT('Ctrl Pts',(116.726731356085,64.952385659582,21.3486001727712));
#369=CARTESIAN_POINT('Ctrl Pts',(112.018863742029,63.7929836519724,34.7867070870102));
#370=CARTESIAN_POINT('Ctrl Pts',(110.953054416144,63.1075598469928,47.940423450596));
#371=CARTESIAN_POINT('Ctrl Pts',(109.716268065913,60.4496674565528,57.0025724233882));
#372=CARTESIAN_POINT('Ctrl Pts',(109.231101056533,59.2063992369552,59.889432364336));
#373=CARTESIAN_POINT('Ctrl Pts',(108.526446751477,55.8020051819747,65.3709710205753));
#374=CARTESIAN_POINT('Ctrl Pts',(108.414512945812,53.6623641906009,67.9487122862626));
#375=CARTESIAN_POINT('Ctrl Pts',(108.074244664835,50.9696819821335,70.4940560159988));
#376=CARTESIAN_POINT('Ctrl Pts',(113.139807122257,63.4957908680747,-4.12638028908988));
#377=CARTESIAN_POINT('Ctrl Pts',(109.154163371054,64.6509448379578,-0.535093004216117));
#378=CARTESIAN_POINT('Ctrl Pts',(106.015660710509,65.46431251206,2.86032483472233));
#379=CARTESIAN_POINT('Ctrl Pts',(101.440232053678,66.6170231410158,9.52749714979949));
#380=CARTESIAN_POINT('Ctrl Pts',(99.9017133055909,66.9517214542579,12.7526214516794));
#381=CARTESIAN_POINT('Ctrl Pts',(96.2361923576592,67.476192829791,22.3409667530523));
#382=CARTESIAN_POINT('Ctrl Pts',(93.8822585506308,66.8964918259862,34.8933535435051));
#383=CARTESIAN_POINT('Ctrl Pts',(93.3493538876884,66.5537799234964,47.3035450586314));
#384=CARTESIAN_POINT('Ctrl Pts',(93.1980807148108,63.7718111084727,56.2553200963106));
#385=CARTESIAN_POINT('Ctrl Pts',(93.1890572112398,62.4236656887721,59.1799336757594));
#386=CARTESIAN_POINT('Ctrl Pts',(93.813639903342,58.4841252922118,65.0035775613528));
#387=CARTESIAN_POINT('Ctrl Pts',(94.6029998397192,55.9221785503393,67.8622296560497));
#388=CARTESIAN_POINT('Ctrl Pts',(95.6208021473822,52.4949172724729,70.7610010843839));
#389=CARTESIAN_POINT('Ctrl Pts',(102.321759841416,63.8290147292216,-4.13793928844756));
#390=CARTESIAN_POINT('Ctrl Pts',(97.9407879206177,65.061133826898,-0.427237378094263));
#391=CARTESIAN_POINT('Ctrl Pts',(94.8686976867901,65.9542487113323,3.07742845747472));
#392=CARTESIAN_POINT('Ctrl Pts',(90.402447757772,67.23370227899,9.85360405036291));
#393=CARTESIAN_POINT('Ctrl Pts',(88.8859015230712,67.6193534832921,13.1050180135449));
#394=CARTESIAN_POINT('Ctrl Pts',(85.5171238026282,68.3174618865274,22.671755613146));
#395=CARTESIAN_POINT('Ctrl Pts',(83.9478345979426,67.9309945506575,34.9289023623367));
#396=CARTESIAN_POINT('Ctrl Pts',(83.5925648226477,67.7025199489976,47.0912522613098));
#397=CARTESIAN_POINT('Ctrl Pts',(83.9359756317689,64.853540095333,56.0378730525192));
#398=CARTESIAN_POINT('Ctrl Pts',(84.1945111438614,63.4839479028427,58.9960166672542));
#399=CARTESIAN_POINT('Ctrl Pts',(85.3197103774422,59.3924250821306,64.9211734743976));
#400=CARTESIAN_POINT('Ctrl Pts',(86.2266854836829,56.6683258076746,67.8681437648));
#401=CARTESIAN_POINT('Ctrl Pts',(87.8781824539902,53.0669877463313,70.8580012619952));
#402=CARTESIAN_POINT('Ctrl Pts',(64.6372161831492,64.4618005858434,-4.11096949725976));
#403=CARTESIAN_POINT('Ctrl Pts',(61.5809921438368,65.8463504393826,-0.166560456278152));
#404=CARTESIAN_POINT('Ctrl Pts',(59.2888241143525,66.8847628295369,3.52091299112472));
#405=CARTESIAN_POINT('Ctrl Pts',(55.8505720701261,68.4423814147685,10.5104564955624));
#406=CARTESIAN_POINT('Ctrl Pts',(54.7044880553839,68.9615876098457,13.8125265525971));
#407=CARTESIAN_POINT('Ctrl Pts',(52.4123200258996,70.,23.3333333333333));
#408=CARTESIAN_POINT('Ctrl Pts',(52.4123200258996,70.,35.));
#409=CARTESIAN_POINT('Ctrl Pts',(52.4123200258996,70.,46.6666666666667));
#410=CARTESIAN_POINT('Ctrl Pts',(53.8542527841343,67.0396670601199,55.6115888026201));
#411=CARTESIAN_POINT('Ctrl Pts',(54.5752191632516,65.5595005901798,58.6257165372635));
#412=CARTESIAN_POINT('Ctrl Pts',(56.7381183006035,61.1190011803596,64.7514330745269));
#413=CARTESIAN_POINT('Ctrl Pts',(58.1800510588381,58.1586682404794,67.863021877147));
#414=CARTESIAN_POINT('Ctrl Pts',(60.1026280698176,54.2115576539726,71.0395847250849));
#415=CARTESIAN_POINT('Ctrl Pts',(6.4556634127772,64.1108083700918,-4.04499767044943));
#416=CARTESIAN_POINT('Ctrl Pts',(6.27816089939113,65.5831062775689,-0.117081586170406));
#417=CARTESIAN_POINT('Ctrl Pts',(6.14503401435158,66.6873297081766,3.55802214370553));
#418=CARTESIAN_POINT('Ctrl Pts',(5.94534368679228,68.3436648540883,10.5290110718528));
#419=CARTESIAN_POINT('Ctrl Pts',(5.87878024427251,68.8957765693922,13.8248962701241));
#420=CARTESIAN_POINT('Ctrl Pts',(5.74565335923297,70.,23.3333333333333));
#421=CARTESIAN_POINT('Ctrl Pts',(5.74565335923298,70.,35.));
#422=CARTESIAN_POINT('Ctrl Pts',(5.74565335923295,70.,46.6666666666667));
#423=CARTESIAN_POINT('Ctrl Pts',(7.28483097297087,66.9196357513086,55.6050125013396));
#424=CARTESIAN_POINT('Ctrl Pts',(8.05441977983982,65.3794536269629,58.6158520853427));
#425=CARTESIAN_POINT('Ctrl Pts',(10.3631862004467,60.7589072539258,64.7317041706854));
#426=CARTESIAN_POINT('Ctrl Pts',(11.9023638141845,57.6785430052344,67.836716672025));
#427=CARTESIAN_POINT('Ctrl Pts',(13.9546006325018,53.571390673646,71.0045111182556));
#428=CARTESIAN_POINT('Ctrl Pts',(-52.3044035636817,64.5824395724528,-4.15210536085696));
#429=CARTESIAN_POINT('Ctrl Pts',(-49.4585559996197,65.9368296793396,-0.197412353976058));
#430=CARTESIAN_POINT('Ctrl Pts',(-47.3241703265732,66.9526222595047,3.49777406785129));
#431=CARTESIAN_POINT('Ctrl Pts',(-44.1225918170035,68.4763111297524,10.4988870339256));
#432=CARTESIAN_POINT('Ctrl Pts',(-43.0553989804802,68.9842074198349,13.8048135781727));
#433=CARTESIAN_POINT('Ctrl Pts',(-40.9210133074337,70.,23.3333333333333));
#434=CARTESIAN_POINT('Ctrl Pts',(-40.9210133074337,70.,35.));
#435=CARTESIAN_POINT('Ctrl Pts',(-40.9210133074337,70.,46.6666666666667));
#436=CARTESIAN_POINT('Ctrl Pts',(-39.940888476895,66.9120519339546,55.6558091108301));
#437=CARTESIAN_POINT('Ctrl Pts',(-39.4508260616257,65.3680779009319,58.6920469995785));
#438=CARTESIAN_POINT('Ctrl Pts',(-37.9806388158177,60.7361558018638,64.884093999157));
#439=CARTESIAN_POINT('Ctrl Pts',(-37.000513985279,57.6482077358184,68.0399031099872));
#440=CARTESIAN_POINT('Ctrl Pts',(-35.6936808778941,53.5309436477579,71.2754263688718));
#441=CARTESIAN_POINT('Ctrl Pts',(-90.5706199880127,64.0488376962788,-4.21292759608511));
#442=CARTESIAN_POINT('Ctrl Pts',(-86.2829242413551,65.2366596660596,-0.487121110817215));
#443=CARTESIAN_POINT('Ctrl Pts',(-83.2752042089314,66.0954316328354,3.02925680159286));
#444=CARTESIAN_POINT('Ctrl Pts',(-78.9143245911054,67.3197658842286,9.82425389357211));
#445=CARTESIAN_POINT('Ctrl Pts',(-77.4284653299102,67.6839318096294,13.0830199444523));
#446=CARTESIAN_POINT('Ctrl Pts',(-74.1038084370142,68.3269572819946,22.6686060554447));
#447=CARTESIAN_POINT('Ctrl Pts',(-72.4686343467257,67.8916213070915,34.9425926125063));
#448=CARTESIAN_POINT('Ctrl Pts',(-72.0636216421599,67.5617804083103,47.140035986243));
#449=CARTESIAN_POINT('Ctrl Pts',(-70.484153896708,64.4674136132067,56.1716748313301));
#450=CARTESIAN_POINT('Ctrl Pts',(-69.7956834244841,62.9894655353495,59.1674257875773));
#451=CARTESIAN_POINT('Ctrl Pts',(-68.1059254895208,58.5974588148522,65.1967806353203));
#452=CARTESIAN_POINT('Ctrl Pts',(-67.2052069706715,55.6776222300971,68.2115949157049));
#453=CARTESIAN_POINT('Ctrl Pts',(-66.4580838587687,51.8263712133467,71.2880505164781));
#454=CARTESIAN_POINT('Ctrl Pts',(-101.575414681147,63.7465203323085,-4.21192334131968));
#455=CARTESIAN_POINT('Ctrl Pts',(-97.6533472403599,64.8559151923846,-0.605033569872933));
#456=CARTESIAN_POINT('Ctrl Pts',(-94.5670706074948,65.6336747505848,2.80252917794543));
#457=CARTESIAN_POINT('Ctrl Pts',(-90.0516990401819,66.7249124770088,9.49070282813624));
#458=CARTESIAN_POINT('Ctrl Pts',(-88.5261536775644,67.034503955866,12.7244121490693));
#459=CARTESIAN_POINT('Ctrl Pts',(-84.8618726684712,67.4904359229919,22.3362424165004));
#460=CARTESIAN_POINT('Ctrl Pts',(-82.4091115330384,66.8374319606372,34.9138889187595));
#461=CARTESIAN_POINT('Ctrl Pts',(-81.8015924761897,66.3426706124655,47.3767206460312));
#462=CARTESIAN_POINT('Ctrl Pts',(-79.9032084878125,63.2740476373489,56.4278700708145));
#463=CARTESIAN_POINT('Ctrl Pts',(-79.0299563757301,61.8015813183121,59.3955908172972));
#464=CARTESIAN_POINT('Ctrl Pts',(-77.1255906993393,57.5309542528542,65.334075224843));
#465=CARTESIAN_POINT('Ctrl Pts',(-76.2382389963577,54.7651330760348,68.2634029179866));
#466=CARTESIAN_POINT('Ctrl Pts',(-75.108084252017,51.0797187206914,71.2516248076111));
#467=CARTESIAN_POINT('Ctrl Pts',(-120.083782504129,62.8929854605433,-4.16735816543918));
#468=CARTESIAN_POINT('Ctrl Pts',(-117.797948660221,63.6829968117668,-1.03907333237855));
#469=CARTESIAN_POINT('Ctrl Pts',(-115.466060551522,64.230064041152,2.03360288802857));
#470=CARTESIAN_POINT('Ctrl Pts',(-111.576976898748,64.9182110426427,8.33415076094526));
#471=CARTESIAN_POINT('Ctrl Pts',(-109.949911020462,65.0479319708155,11.545098812365));
#472=CARTESIAN_POINT('Ctrl Pts',(-105.469398696175,64.9808718459838,21.3391514996674));
#473=CARTESIAN_POINT('Ctrl Pts',(-100.56387642531,63.6748639212745,34.8277778375189));
#474=CARTESIAN_POINT('Ctrl Pts',(-99.3488383116124,62.685341224931,48.0867746253958));
#475=CARTESIAN_POINT('Ctrl Pts',(-96.6339350440316,59.6453686318948,57.281424555608));
#476=CARTESIAN_POINT('Ctrl Pts',(-95.4283631744534,58.2490726724197,60.2213749222296));
#477=CARTESIAN_POINT('Ctrl Pts',(-92.68367830538,54.4888226746748,65.8264147685218));
#478=CARTESIAN_POINT('Ctrl Pts',(-91.2263951082517,52.146900983723,68.4743231639945));
#479=CARTESIAN_POINT('Ctrl Pts',(-89.1984838377603,49.2294903730107,71.0975058737389));
#480=CARTESIAN_POINT('Ctrl Pts',(-127.587355633977,62.3417679527484,-4.12379724432411));
#481=CARTESIAN_POINT('Ctrl Pts',(-125.680791230433,63.0037273327066,-1.05538399562464));
#482=CARTESIAN_POINT('Ctrl Pts',(-124.989497265621,63.2992058960147,1.48622660456029));
#483=CARTESIAN_POINT('Ctrl Pts',(-121.791313530743,63.7190492117394,7.48628106911383));
#484=CARTESIAN_POINT('Ctrl Pts',(-120.269880044251,63.7209547610473,10.6839663274105));
#485=CARTESIAN_POINT('Ctrl Pts',(-115.318860492422,63.3078291279784,20.6744242217787));
#486=CARTESIAN_POINT('Ctrl Pts',(-108.778164131269,61.5664852283659,34.7703704500253));
#487=CARTESIAN_POINT('Ctrl Pts',(-107.158113313005,60.2471216332413,48.5601439449721));
#488=CARTESIAN_POINT('Ctrl Pts',(-103.8762352644,57.194130758343,57.9101718185977));
#489=CARTESIAN_POINT('Ctrl Pts',(-102.468053006418,55.9095121047241,60.8499290699444));
#490=CARTESIAN_POINT('Ctrl Pts',(-99.1751873446216,52.5377153489015,66.1944391147433));
#491=CARTESIAN_POINT('Ctrl Pts',(-96.884175636818,50.7929572729621,68.3859229538942));
#492=CARTESIAN_POINT('Ctrl Pts',(-94.6388830302553,48.1259145179854,70.9798126487337));
#493=CARTESIAN_POINT('Ctrl Pts',(-134.972449244137,61.5994630757194,-4.0165940543861));
#494=CARTESIAN_POINT('Ctrl Pts',(-134.753596214462,61.9044326106664,-1.52575439889747));
#495=CARTESIAN_POINT('Ctrl Pts',(-134.011508152234,62.0676534640724,0.847256525216039));
#496=CARTESIAN_POINT('Ctrl Pts',(-131.758656266701,62.0910377738786,6.31678592955026));
#497=CARTESIAN_POINT('Ctrl Pts',(-130.247892443396,61.9512012302789,9.41330440977096));
#498=CARTESIAN_POINT('Ctrl Pts',(-124.562587331863,61.0771055039712,19.7881211845939));
#499=CARTESIAN_POINT('Ctrl Pts',(-115.841658850325,58.7553136378212,34.6938272667003));
#500=CARTESIAN_POINT('Ctrl Pts',(-113.68159109264,56.9961621776551,49.1913030377406));
#501=CARTESIAN_POINT('Ctrl Pts',(-109.858881856956,53.9259058499428,58.8682824043272));
#502=CARTESIAN_POINT('Ctrl Pts',(-108.318577034634,52.7444845517086,61.7038492960392));
#503=CARTESIAN_POINT('Ctrl Pts',(-104.705830569138,50.0656369105797,66.5947972851629));
#504=CARTESIAN_POINT('Ctrl Pts',(-102.633388925963,48.5682105676851,68.6501783825746));
#505=CARTESIAN_POINT('Ctrl Pts',(-99.9068999964762,46.7635730720983,70.7821700486478));
#506=CARTESIAN_POINT('',(145.852409996356,61.2375461158912,-3.89318646359448));
#507=CARTESIAN_POINT('Ctrl Pts',(-134.972449244137,61.5994630757194,-4.0165940543861));
#508=CARTESIAN_POINT('Ctrl Pts',(-127.587355633977,62.3417679527484,-4.12379724432411));
#509=CARTESIAN_POINT('Ctrl Pts',(-120.083782504129,62.8929854605433,-4.16735816543918));
#510=CARTESIAN_POINT('Ctrl Pts',(-101.575414681147,63.7465203323085,-4.21192334131968));
#511=CARTESIAN_POINT('Ctrl Pts',(-90.5706199880127,64.0488376962788,-4.21292759608511));
#512=CARTESIAN_POINT('Ctrl Pts',(-52.3044035636817,64.5824395724528,-4.15210536085696));
#513=CARTESIAN_POINT('Ctrl Pts',(6.4556634127772,64.1108083700918,-4.04499767044943));
#514=CARTESIAN_POINT('Ctrl Pts',(64.6372161831492,64.4618005858434,-4.11096949725976));
#515=CARTESIAN_POINT('Ctrl Pts',(102.321759841416,63.8290147292216,-4.13793928844756));
#516=CARTESIAN_POINT('Ctrl Pts',(113.139807122257,63.4957908680747,-4.12638028908988));
#517=CARTESIAN_POINT('Ctrl Pts',(131.288967140111,62.584752661235,-4.06216443086731));
#518=CARTESIAN_POINT('Ctrl Pts',(138.620079877123,62.0069383155423,-4.0095075720024));
#519=CARTESIAN_POINT('Ctrl Pts',(145.852409996356,61.2375461158912,-3.89318646359448));
#520=CARTESIAN_POINT('',(117.482026846659,48.8054150907425,70.074645117287));
#521=CARTESIAN_POINT('Ctrl Pts',(117.482026846659,48.8054150907424,70.074645117287));
#522=CARTESIAN_POINT('Ctrl Pts',(112.785067488896,50.0165171656526,70.3241111252248));
#523=CARTESIAN_POINT('Ctrl Pts',(108.074244664835,50.9696819821335,70.4940560159988));
#524=CARTESIAN_POINT('Ctrl Pts',(95.6208021473822,52.4949172724729,70.7610010843839));
#525=CARTESIAN_POINT('Ctrl Pts',(87.8781824539902,53.0669877463313,70.8580012619952));
#526=CARTESIAN_POINT('Ctrl Pts',(60.1026280698176,54.2115576539726,71.0395847250849));
#527=CARTESIAN_POINT('Ctrl Pts',(13.9546006325018,53.5713906736459,71.0045111182556));
#528=CARTESIAN_POINT('Ctrl Pts',(-35.6936808778941,53.5309436477579,71.2754263688718));
#529=CARTESIAN_POINT('Ctrl Pts',(-66.4580838587687,51.8263712133467,71.2880505164781));
#530=CARTESIAN_POINT('Ctrl Pts',(-75.108084252017,51.0797187206914,71.2516248076111));
#531=CARTESIAN_POINT('Ctrl Pts',(-89.1984838377603,49.2294903730107,71.0975058737389));
#532=CARTESIAN_POINT('Ctrl Pts',(-94.6388830302553,48.1259145179854,70.9798126487337));
#533=CARTESIAN_POINT('Ctrl Pts',(-99.9068999964762,46.7635730720983,70.7821700486478));
#534=CARTESIAN_POINT('Ctrl Pts',(145.852409996356,61.2375461158912,-3.89318646359448));
#535=CARTESIAN_POINT('Ctrl Pts',(145.589985353991,61.569024062937,-1.41126343683755));
#536=CARTESIAN_POINT('Ctrl Pts',(144.840421347118,61.7569706763469,0.953302131549184));
#537=CARTESIAN_POINT('Ctrl Pts',(142.617432235308,61.8469889859369,6.40000608121462));
#538=CARTESIAN_POINT('Ctrl Pts',(141.144007130369,61.7490606821169,9.48214446249332));
#539=CARTESIAN_POINT('Ctrl Pts',(135.637940168452,61.0264633948125,19.8049188256674));
#540=CARTESIAN_POINT('Ctrl Pts',(127.268397743462,58.9653042701732,34.6208125991292));
#541=CARTESIAN_POINT('Ctrl Pts',(125.373625608556,57.7467730613205,48.93112317143));
#542=CARTESIAN_POINT('Ctrl Pts',(122.976904200139,55.1842048018227,58.4320848949291));
#543=CARTESIAN_POINT('Ctrl Pts',(122.07117606337,54.1663637797822,61.2109026722466));
#544=CARTESIAN_POINT('Ctrl Pts',(120.046077788571,51.8033785312853,65.9921992991841));
#545=CARTESIAN_POINT('Ctrl Pts',(118.926707650542,50.4582343048289,67.994678148804));
#546=CARTESIAN_POINT('Ctrl Pts',(117.482026846659,48.8054150907424,70.074645117287));
#547=CARTESIAN_POINT('Ctrl Pts',(268.939793963514,-80.5219673213154,-36.6053341042499));
#548=CARTESIAN_POINT('Ctrl Pts',(273.151356848258,-75.0599049938719,-38.2626816963267));
#549=CARTESIAN_POINT('Ctrl Pts',(276.168619821966,-69.51238808501,-39.654069483864));
#550=CARTESIAN_POINT('Ctrl Pts',(278.982345075458,-56.0407587802729,-41.6106633001732));
#551=CARTESIAN_POINT('Ctrl Pts',(278.778807355241,-48.1166463843978,-42.175869328945));
#552=CARTESIAN_POINT('Ctrl Pts',(273.336993153703,-20.7794159662523,-42.6322147771122));
#553=CARTESIAN_POINT('Ctrl Pts',(250.735559150996,20.2680749354519,-38.4178192892473));
#554=CARTESIAN_POINT('Ctrl Pts',(211.995741917095,41.7394197996723,-25.7746328256529));
#555=CARTESIAN_POINT('Ctrl Pts',(184.092991853468,52.5143214034749,-16.4665140090514));
#556=CARTESIAN_POINT('Ctrl Pts',(175.599305122591,55.2629326581569,-13.6391951695627));
#557=CARTESIAN_POINT('Ctrl Pts',(160.226391574833,59.0741099410166,-8.53533235600873));
#558=CARTESIAN_POINT('Ctrl Pts',(153.347164757953,60.1366759691944,-6.25878838194348));
#559=CARTESIAN_POINT('Ctrl Pts',(145.852409996356,61.2375461158912,-3.89318646359448));
#560=CARTESIAN_POINT('Ctrl Pts',(258.679162781531,-82.3834692745687,-38.1434274184958));
#561=CARTESIAN_POINT('Ctrl Pts',(261.767834540125,-76.1506579109855,-40.6777403398362));
#562=CARTESIAN_POINT('Ctrl Pts',(265.531592985519,-70.163136182817,-42.3797523520499));
#563=CARTESIAN_POINT('Ctrl Pts',(268.264145176907,-55.3033831838309,-45.1197830266335));
#564=CARTESIAN_POINT('Ctrl Pts',(268.125588121589,-46.8442029934427,-45.8024797496804));
#565=CARTESIAN_POINT('Ctrl Pts',(263.690524995729,-19.4857531790317,-46.4261313543517));
#566=CARTESIAN_POINT('Ctrl Pts',(243.790055280019,21.4160330135774,-42.0086416713646));
#567=CARTESIAN_POINT('Ctrl Pts',(205.887009713557,42.5521147818119,-28.7561726224033));
#568=CARTESIAN_POINT('Ctrl Pts',(178.635822302893,53.0803433307173,-18.8999460334434));
#569=CARTESIAN_POINT('Ctrl Pts',(169.846602846297,55.9470611598342,-15.7023610602685));
#570=CARTESIAN_POINT('Ctrl Pts',(153.696648173271,59.8390220677871,-9.61836001365618));
#571=CARTESIAN_POINT('Ctrl Pts',(146.248874958576,60.835653870103,-7.01667449147416));
#572=CARTESIAN_POINT('Ctrl Pts',(138.620079877123,62.0069383155423,-4.0095075720024));
#573=CARTESIAN_POINT('Ctrl Pts',(247.744361066374,-83.86879162542,-39.3755854788567));
#574=CARTESIAN_POINT('Ctrl Pts',(250.393821158659,-77.7428711174899,-42.17374853619));
#575=CARTESIAN_POINT('Ctrl Pts',(251.898572458067,-70.7037589111807,-44.4212671975133));
#576=CARTESIAN_POINT('Ctrl Pts',(253.664763173796,-54.9368124504299,-47.5927723677739));
#577=CARTESIAN_POINT('Ctrl Pts',(253.738436511537,-46.2037707233198,-48.5145219191301));
#578=CARTESIAN_POINT('Ctrl Pts',(249.504796788469,-18.5701554555049,-49.2167599362713));
#579=CARTESIAN_POINT('Ctrl Pts',(231.980851194278,22.0999717988737,-44.6517155939869));
#580=CARTESIAN_POINT('Ctrl Pts',(195.757787097206,43.0073381033831,-30.9565825671335));
#581=CARTESIAN_POINT('Ctrl Pts',(169.671008941407,53.5337948300792,-20.5933056876765));
#582=CARTESIAN_POINT('Ctrl Pts',(161.155502875641,56.1836024053636,-17.1235588763047));
#583=CARTESIAN_POINT('Ctrl Pts',(145.404329959978,60.1818292951038,-10.4004994832303));
#584=CARTESIAN_POINT('Ctrl Pts',(138.268243795646,61.4746497195545,-7.15446392962563));
#585=CARTESIAN_POINT('Ctrl Pts',(131.288967140111,62.584752661235,-4.06216443086731));
#586=CARTESIAN_POINT('Ctrl Pts',(217.556833393573,-86.2390628458412,-41.3967703655186));
#587=CARTESIAN_POINT('Ctrl Pts',(217.8075646478,-79.5627697269184,-44.9570314682327));
#588=CARTESIAN_POINT('Ctrl Pts',(217.800531516183,-71.7889355268141,-47.6164504462793));
#589=CARTESIAN_POINT('Ctrl Pts',(217.983256106168,-54.7774786895615,-51.3547329023144));
#590=CARTESIAN_POINT('Ctrl Pts',(217.833046773225,-45.6226095110036,-52.4095127728864));
#591=CARTESIAN_POINT('Ctrl Pts',(214.220498528614,-17.2768475095597,-53.3241853328807));
#592=CARTESIAN_POINT('Ctrl Pts',(200.971980213713,22.8672470677532,-48.5446366082824));
#593=CARTESIAN_POINT('Ctrl Pts',(169.400811611761,43.4648000984816,-34.2059904344874));
#594=CARTESIAN_POINT('Ctrl Pts',(146.299661360594,53.9725371768859,-22.9380816056237));
#595=CARTESIAN_POINT('Ctrl Pts',(138.695482310255,56.651711587247,-19.0964579629162));
#596=CARTESIAN_POINT('Ctrl Pts',(124.69092085452,60.843732506988,-11.4688030066139));
#597=CARTESIAN_POINT('Ctrl Pts',(118.521174712656,62.3172003849832,-7.71866645511875));
#598=CARTESIAN_POINT('Ctrl Pts',(113.139807122257,63.4957908680747,-4.12638028908988));
#599=CARTESIAN_POINT('Ctrl Pts',(198.304107435928,-87.1240117154112,-42.1857971918195));
#600=CARTESIAN_POINT('Ctrl Pts',(197.349021605209,-80.2761185091535,-45.8964991021728));
#601=CARTESIAN_POINT('Ctrl Pts',(197.341317935213,-72.3302482320208,-48.7044926619929));
#602=CARTESIAN_POINT('Ctrl Pts',(197.018771980728,-54.9131102555673,-52.5736222816243));
#603=CARTESIAN_POINT('Ctrl Pts',(196.549736040948,-45.5422648557333,-53.639912175651));
#604=CARTESIAN_POINT('Ctrl Pts',(193.121928476019,-16.8991372871413,-54.6409821475705));
#605=CARTESIAN_POINT('Ctrl Pts',(181.772313318889,22.9505835513365,-49.7944836999557));
#606=CARTESIAN_POINT('Ctrl Pts',(153.173058742666,43.467038772009,-35.2549883571112));
#607=CARTESIAN_POINT('Ctrl Pts',(132.085716782872,54.014033118604,-23.6408794411391));
#608=CARTESIAN_POINT('Ctrl Pts',(125.151030366741,56.7595820679958,-19.6546938157492));
#609=CARTESIAN_POINT('Ctrl Pts',(112.353410343857,61.0570449212114,-11.7400331436258));
#610=CARTESIAN_POINT('Ctrl Pts',(106.702731762215,62.5968956315451,-7.84864119880085));
#611=CARTESIAN_POINT('Ctrl Pts',(102.321759841416,63.8290147292216,-4.13793928844756));
#612=CARTESIAN_POINT('Ctrl Pts',(128.069043199259,-88.8782981021988,-43.8881808196321));
#613=CARTESIAN_POINT('Ctrl Pts',(127.492206641794,-81.6441681648749,-47.8325898606137));
#614=CARTESIAN_POINT('Ctrl Pts',(127.059579223695,-73.1963025285081,-50.7908966413499));
#615=CARTESIAN_POINT('Ctrl Pts',(126.028610091632,-55.0624660213612,-54.9175973489982));
#616=CARTESIAN_POINT('Ctrl Pts',(125.430268377668,-45.3764951505811,-56.0859912759103));
#617=CARTESIAN_POINT('Ctrl Pts',(122.705472930085,-16.2454739321298,-57.1797412759102));
#618=CARTESIAN_POINT('Ctrl Pts',(116.59302485146,22.7908439754349,-52.2075898606137));
#619=CARTESIAN_POINT('Ctrl Pts',(98.2556806155857,43.1872158301652,-37.2911356147241));
#620=CARTESIAN_POINT('Ctrl Pts',(84.5026724386799,53.9510924461521,-25.0100449303069));
#621=CARTESIAN_POINT('Ctrl Pts',(79.9183363797112,56.7834842723043,-20.7340563688344));
#622=CARTESIAN_POINT('Ctrl Pts',(71.5137202716022,61.3465634153804,-12.2567231728017));
#623=CARTESIAN_POINT('Ctrl Pts',(67.6934402224616,63.0772507323043,-8.05537853824136));
#624=CARTESIAN_POINT('Ctrl Pts',(64.6372161831492,64.4618005858434,-4.11096949725976));
#625=CARTESIAN_POINT('Ctrl Pts',(9.29570362695411,-87.7689447253658,-43.5583216855805));
#626=CARTESIAN_POINT('Ctrl Pts',(9.47320614034018,-80.6225628419798,-47.4862377698595));
#627=CARTESIAN_POINT('Ctrl Pts',(9.60633302537971,-72.3300180728036,-50.4321748330687));
#628=CARTESIAN_POINT('Ctrl Pts',(9.78383553876576,-54.5748365564906,-54.5423825840144));
#629=CARTESIAN_POINT('Ctrl Pts',(9.8282111671123,-45.1121998093537,-55.7066532717509));
#630=CARTESIAN_POINT('Ctrl Pts',(9.82821116711225,-16.6525022914316,-56.8004032717509));
#631=CARTESIAN_POINT('Ctrl Pts',(9.4732061403402,21.4851938031623,-51.8612377698595));
#632=CARTESIAN_POINT('Ctrl Pts',(8.40819106002382,42.0500146745712,-37.0437412641854));
#633=CARTESIAN_POINT('Ctrl Pts',(7.60942974978656,53.0744927931728,-24.8368688849297));
#634=CARTESIAN_POINT('Ctrl Pts',(7.3431759797075,56.0161292435475,-20.5856197585112));
#635=CARTESIAN_POINT('Ctrl Pts',(6.85504406789584,60.7981380782685,-12.1536421934106));
#636=CARTESIAN_POINT('Ctrl Pts',(6.63316592616325,62.6385104626149,-7.97291375472845));
#637=CARTESIAN_POINT('Ctrl Pts',(6.4556634127772,64.1108083700918,-4.04499767044943));
#638=CARTESIAN_POINT('Ctrl Pts',(-112.370206975785,-89.293783826529,-44.0938601376181));
#639=CARTESIAN_POINT('Ctrl Pts',(-111.58299394307,-82.0294941425528,-48.0485531444991));
#640=CARTESIAN_POINT('Ctrl Pts',(-110.992584168533,-73.5271749256537,-51.0145728996597));
#641=CARTESIAN_POINT('Ctrl Pts',(-109.75123856122,-55.2597189175896,-55.1515575732073));
#642=CARTESIAN_POINT('Ctrl Pts',(-109.100302728443,-45.4945821264246,-56.3225224915942));
#643=CARTESIAN_POINT('Ctrl Pts',(-106.37550728086,-16.1248076289006,-57.4162724915942));
#644=CARTESIAN_POINT('Ctrl Pts',(-100.683812152736,23.2331960318759,-52.4235531444991));
#645=CARTESIAN_POINT('Ctrl Pts',(-83.6087267683638,43.5759444888643,-37.4453951032136));
#646=CARTESIAN_POINT('Ctrl Pts',(-70.8024127300848,54.2518529007302,-25.1180265722495));
#647=CARTESIAN_POINT('Ctrl Pts',(-66.5336413839918,57.0469635495396,-20.8266120619282));
#648=CARTESIAN_POINT('Ctrl Pts',(-58.7075605828213,61.5350618319575,-12.3209979596723));
#649=CARTESIAN_POINT('Ctrl Pts',(-55.1502511277437,63.228049465566,-8.10679836773787));
#650=CARTESIAN_POINT('Ctrl Pts',(-52.3044035636817,64.5824395724528,-4.15210536085696));
#651=CARTESIAN_POINT('Ctrl Pts',(-184.86286923607,-87.6834141364475,-42.4999131440203));
#652=CARTESIAN_POINT('Ctrl Pts',(-183.81450723121,-80.7912238022941,-46.2257196292882));
#653=CARTESIAN_POINT('Ctrl Pts',(-183.766051790802,-72.7748892423527,-49.0469526155719));
#654=CARTESIAN_POINT('Ctrl Pts',(-183.459758585874,-55.1749414492687,-52.9346188949584));
#655=CARTESIAN_POINT('Ctrl Pts',(-183.020361805882,-45.6948900985213,-54.0061177738464));
#656=CARTESIAN_POINT('Ctrl Pts',(-179.697892860645,-16.7105961883455,-55.0105621720767));
#657=CARTESIAN_POINT('Ctrl Pts',(-168.516341085855,23.6417586395256,-50.1319263310265));
#658=CARTESIAN_POINT('Ctrl Pts',(-140.421276656651,44.0744273012263,-35.4960188078761));
#659=CARTESIAN_POINT('Ctrl Pts',(-119.734006864765,54.4938674957526,-23.8129751829853));
#660=CARTESIAN_POINT('Ctrl Pts',(-112.935468378636,57.1864933686442,-19.8043171035674));
#661=CARTESIAN_POINT('Ctrl Pts',(-100.386085176074,61.3752587955718,-11.8483867591251));
#662=CARTESIAN_POINT('Ctrl Pts',(-94.8583157346702,62.861015726498,-7.938734081353));
#663=CARTESIAN_POINT('Ctrl Pts',(-90.5706199880127,64.0488376962788,-4.21292759608511));
#664=CARTESIAN_POINT('Ctrl Pts',(-204.79695712619,-86.8236913171887,-41.738655641724));
#665=CARTESIAN_POINT('Ctrl Pts',(-205.036691158698,-80.1024674720932,-45.3171542139417));
#666=CARTESIAN_POINT('Ctrl Pts',(-205.077920952698,-72.249101794096,-47.9903427152041));
#667=CARTESIAN_POINT('Ctrl Pts',(-205.372134335703,-55.0469424199709,-51.7500026821849));
#668=CARTESIAN_POINT('Ctrl Pts',(-205.290183386879,-45.7791950440792,-52.8114845628505));
#669=CARTESIAN_POINT('Ctrl Pts',(-201.833620844541,-17.0694523008843,-53.7307233598375));
#670=CARTESIAN_POINT('Ctrl Pts',(-188.66297826578,23.6275396647613,-48.9158235024603));
#671=CARTESIAN_POINT('Ctrl Pts',(-157.325436872247,44.1329274806207,-34.4711239303288));
#672=CARTESIAN_POINT('Ctrl Pts',(-134.431536978285,54.5046941381602,-23.1286800700719));
#673=CARTESIAN_POINT('Ctrl Pts',(-126.901779705496,57.1274039899475,-19.2630455864599));
#674=CARTESIAN_POINT('Ctrl Pts',(-113.030021891361,61.2032418081678,-11.5911616880688));
#675=CARTESIAN_POINT('Ctrl Pts',(-106.914749396909,62.6173624397815,-7.82106578814524));
#676=CARTESIAN_POINT('Ctrl Pts',(-101.575414681147,63.7465203323085,-4.21192334131968));
#677=CARTESIAN_POINT('Ctrl Pts',(-236.204867179815,-84.4583798335416,-39.7562569616044));
#678=CARTESIAN_POINT('Ctrl Pts',(-239.025566569523,-78.2830249742084,-42.5751056845608));
#679=CARTESIAN_POINT('Ctrl Pts',(-240.709952117045,-71.1659845371647,-44.8392074773923));
#680=CARTESIAN_POINT('Ctrl Pts',(-242.77232041012,-55.2075427014848,-48.0360416820415));
#681=CARTESIAN_POINT('Ctrl Pts',(-242.976217602472,-46.3582660820915,-48.9661154027593));
#682=CARTESIAN_POINT('Ctrl Pts',(-238.981971641424,-18.3363644929982,-49.6750391666589));
#683=CARTESIAN_POINT('Ctrl Pts',(-221.373810258414,22.9570289082282,-45.0701444565147));
#684=CARTESIAN_POINT('Ctrl Pts',(-184.898098794884,43.7604998796127,-31.2554603260819));
#685=CARTESIAN_POINT('Ctrl Pts',(-158.675770966517,54.1421543559998,-20.810792833226));
#686=CARTESIAN_POINT('Ctrl Pts',(-150.124070985276,56.7325477227704,-17.3152946031022));
#687=CARTESIAN_POINT('Ctrl Pts',(-134.299826769566,60.6090421584141,-10.5455279911398));
#688=CARTESIAN_POINT('Ctrl Pts',(-127.121805014056,61.8382255178489,-7.27853526449416));
#689=CARTESIAN_POINT('Ctrl Pts',(-120.083782504129,62.8929854605433,-4.16735816543918));
#690=CARTESIAN_POINT('Ctrl Pts',(-247.67868934332,-82.9527911691532,-38.535115783781));
#691=CARTESIAN_POINT('Ctrl Pts',(-251.01028824489,-76.6629754837483,-41.0904851948015));
#692=CARTESIAN_POINT('Ctrl Pts',(-255.036352895212,-70.6111387143556,-42.8106688003676));
#693=CARTESIAN_POINT('Ctrl Pts',(-258.140594404774,-55.5685632745486,-45.5770547612643));
#694=CARTESIAN_POINT('Ctrl Pts',(-258.14072346364,-46.994562586155,-46.2670408391962));
#695=CARTESIAN_POINT('Ctrl Pts',(-253.994594454411,-19.2444205725731,-46.8991937857196));
#696=CARTESIAN_POINT('Ctrl Pts',(-233.938005071123,22.3007371264595,-42.4405682391353));
#697=CARTESIAN_POINT('Ctrl Pts',(-195.566600501926,43.3295720992102,-29.0646915993823));
#698=CARTESIAN_POINT('Ctrl Pts',(-168.028007942802,53.7092091260985,-19.125379478396));
#699=CARTESIAN_POINT('Ctrl Pts',(-159.149805038451,56.5217408690896,-15.9019093822166));
#700=CARTESIAN_POINT('Ctrl Pts',(-142.841958788979,60.2947491912614,-9.77199064847158));
#701=CARTESIAN_POINT('Ctrl Pts',(-135.316868080772,61.2298519145903,-7.15125841339822));
#702=CARTESIAN_POINT('Ctrl Pts',(-127.587355633977,62.3417679527484,-4.12379724432411));
#703=CARTESIAN_POINT('Ctrl Pts',(-258.434452890757,-81.0647608111979,-37.0064087743227));
#704=CARTESIAN_POINT('Ctrl Pts',(-262.922620407419,-75.5485438311136,-38.6815225272834));
#705=CARTESIAN_POINT('Ctrl Pts',(-266.179041964669,-69.9394542387484,-40.0886385214718));
#706=CARTESIAN_POINT('Ctrl Pts',(-269.37982477112,-56.2986853117466,-42.0680924670605));
#707=CARTESIAN_POINT('Ctrl Pts',(-269.324186020321,-48.2670059771101,-42.6404304184609));
#708=CARTESIAN_POINT('Ctrl Pts',(-264.189179305854,-20.5380833597937,-43.1052772084801));
#709=CARTESIAN_POINT('Ctrl Pts',(-241.383963314397,21.152779048334,-38.849745857018));
#710=CARTESIAN_POINT('Ctrl Pts',(-202.032800114249,42.5168771170705,-26.0831518026319));
#711=CARTESIAN_POINT('Ctrl Pts',(-173.735404679526,53.143187198856,-16.691947454004));
#712=CARTESIAN_POINT('Ctrl Pts',(-165.124296007628,55.8403640622645,-13.8402821124743));
#713=CARTESIAN_POINT('Ctrl Pts',(-149.544791609852,59.5448647947082,-8.69442364544062));
#714=CARTESIAN_POINT('Ctrl Pts',(-142.576395883973,60.5521886637433,-6.4002305199367));
#715=CARTESIAN_POINT('Ctrl Pts',(-134.972449244137,61.5994630757194,-4.0165940543861));
#716=CARTESIAN_POINT('',(268.939793963514,-80.5219673213154,-36.6053341042499));
#717=CARTESIAN_POINT('Ctrl Pts',(-258.434452890757,-81.0647608111979,-37.0064087743227));
#718=CARTESIAN_POINT('Ctrl Pts',(-247.67868934332,-82.9527911691532,-38.535115783781));
#719=CARTESIAN_POINT('Ctrl Pts',(-236.204867179815,-84.4583798335416,-39.7562569616044));
#720=CARTESIAN_POINT('Ctrl Pts',(-204.79695712619,-86.8236913171887,-41.738655641724));
#721=CARTESIAN_POINT('Ctrl Pts',(-184.86286923607,-87.6834141364475,-42.4999131440203));
#722=CARTESIAN_POINT('Ctrl Pts',(-112.370206975785,-89.293783826529,-44.0938601376181));
#723=CARTESIAN_POINT('Ctrl Pts',(9.29570362695411,-87.7689447253658,-43.5583216855805));
#724=CARTESIAN_POINT('Ctrl Pts',(128.069043199259,-88.8782981021988,-43.8881808196321));
#725=CARTESIAN_POINT('Ctrl Pts',(198.304107435928,-87.1240117154112,-42.1857971918195));
#726=CARTESIAN_POINT('Ctrl Pts',(217.556833393573,-86.2390628458412,-41.3967703655186));
#727=CARTESIAN_POINT('Ctrl Pts',(247.744361066374,-83.86879162542,-39.3755854788567));
#728=CARTESIAN_POINT('Ctrl Pts',(258.679162781531,-82.3834692745687,-38.1434274184958));
#729=CARTESIAN_POINT('Ctrl Pts',(268.939793963514,-80.5219673213154,-36.6053341042499));
#730=CARTESIAN_POINT('Ctrl Pts',(268.939793963514,-80.5219673213154,-36.6053341042499));
#731=CARTESIAN_POINT('Ctrl Pts',(273.151356848258,-75.0599049938719,-38.2626816963267));
#732=CARTESIAN_POINT('Ctrl Pts',(276.168619821966,-69.51238808501,-39.654069483864));
#733=CARTESIAN_POINT('Ctrl Pts',(278.982345075458,-56.0407587802729,-41.6106633001732));
#734=CARTESIAN_POINT('Ctrl Pts',(278.778807355241,-48.1166463843978,-42.175869328945));
#735=CARTESIAN_POINT('Ctrl Pts',(273.336993153703,-20.7794159662523,-42.6322147771122));
#736=CARTESIAN_POINT('Ctrl Pts',(250.735559150996,20.2680749354519,-38.4178192892473));
#737=CARTESIAN_POINT('Ctrl Pts',(211.995741917095,41.7394197996723,-25.7746328256529));
#738=CARTESIAN_POINT('Ctrl Pts',(184.092991853468,52.5143214034749,-16.4665140090514));
#739=CARTESIAN_POINT('Ctrl Pts',(175.599305122591,55.2629326581569,-13.6391951695627));
#740=CARTESIAN_POINT('Ctrl Pts',(160.226391574833,59.0741099410166,-8.53533235600873));
#741=CARTESIAN_POINT('Ctrl Pts',(153.347164757953,60.1366759691944,-6.25878838194348));
#742=CARTESIAN_POINT('Ctrl Pts',(145.852409996356,61.2375461158912,-3.89318646359448));
#743=CARTESIAN_POINT('Ctrl Pts',(180.975529654486,-57.3535158247772,92.8212509849037));
#744=CARTESIAN_POINT('Ctrl Pts',(180.230323040063,-54.4805662743494,94.1692149099991));
#745=CARTESIAN_POINT('Ctrl Pts',(178.965549005781,-51.8308028463956,95.299450973258));
#746=CARTESIAN_POINT('Ctrl Pts',(175.390916775131,-45.520397164935,96.9312470377433));
#747=CARTESIAN_POINT('Ctrl Pts',(173.081058578763,-41.8597549114283,97.4328070389697));
#748=CARTESIAN_POINT('Ctrl Pts',(164.583857746533,-29.3615099125789,97.9944729496002));
#749=CARTESIAN_POINT('Ctrl Pts',(151.439218127057,-10.2195808803208,95.0529245771712));
#750=CARTESIAN_POINT('Ctrl Pts',(141.069784042853,15.000693160883,86.2282794598842));
#751=CARTESIAN_POINT('Ctrl Pts',(132.192524186513,30.9775831035729,79.5131218056279));
#752=CARTESIAN_POINT('Ctrl Pts',(129.280703528876,35.5108869312929,77.4429318972774));
#753=CARTESIAN_POINT('Ctrl Pts',(123.551594135889,42.9928422803793,73.6389440333796));
#754=CARTESIAN_POINT('Ctrl Pts',(120.734305400539,45.9414938017458,71.9051460778322));
#755=CARTESIAN_POINT('Ctrl Pts',(117.482026846659,48.8054150907424,70.074645117287));
#756=CARTESIAN_POINT('Ctrl Pts',(188.017410106524,-60.4587965666424,90.2640105342644));
#757=CARTESIAN_POINT('Ctrl Pts',(188.993148673082,-57.554632179134,91.3436378962681));
#758=CARTESIAN_POINT('Ctrl Pts',(187.578638349665,-54.5689286530759,92.6078693584999));
#759=CARTESIAN_POINT('Ctrl Pts',(184.184418604169,-47.5426730212841,94.1106309267186));
#760=CARTESIAN_POINT('Ctrl Pts',(181.488362321068,-43.4422498272717,94.5339961015819));
#761=CARTESIAN_POINT('Ctrl Pts',(171.908705396598,-30.2056825348929,94.9528884225626));
#762=CARTESIAN_POINT('Ctrl Pts',(156.26498153429,-9.77712000088159,92.1490140669775));
#763=CARTESIAN_POINT('Ctrl Pts',(145.664415915147,15.5824911728224,83.737391000222));
#764=CARTESIAN_POINT('Ctrl Pts',(136.589823505216,31.4894825567894,77.4231457171977));
#765=CARTESIAN_POINT('Ctrl Pts',(133.443834311608,36.2662882958574,75.3774294667716));
#766=CARTESIAN_POINT('Ctrl Pts',(126.627187373549,44.2764859055726,71.5683512341874));
#767=CARTESIAN_POINT('Ctrl Pts',(123.471567289952,47.3700018752647,69.7496401416866));
#768=CARTESIAN_POINT('Ctrl Pts',(118.926707650542,50.4582343048289,67.994678148804));
#769=CARTESIAN_POINT('Ctrl Pts',(194.510881997708,-63.5403196060592,87.6749819519461));
#770=CARTESIAN_POINT('Ctrl Pts',(196.246469521144,-60.7415443598658,88.6232260106125));
#771=CARTESIAN_POINT('Ctrl Pts',(196.096018131907,-57.4902775378088,89.3303197833634));
#772=CARTESIAN_POINT('Ctrl Pts',(192.879786394293,-49.8755365350856,90.4962672949419));
#773=CARTESIAN_POINT('Ctrl Pts',(189.810876161939,-45.51694908218,90.9107771934925));
#774=CARTESIAN_POINT('Ctrl Pts',(178.963436169316,-31.328288596918,91.0833208134891));
#775=CARTESIAN_POINT('Ctrl Pts',(160.12495805766,-9.44234627911544,88.4574161050697));
#776=CARTESIAN_POINT('Ctrl Pts',(149.022781182415,16.1194678588759,80.5797019798117));
#777=CARTESIAN_POINT('Ctrl Pts',(139.662094286367,32.1754127431834,74.7223762878897));
#778=CARTESIAN_POINT('Ctrl Pts',(136.369522947749,37.0081584180883,72.7784277075859));
#779=CARTESIAN_POINT('Ctrl Pts',(128.950255242585,45.3543664434689,69.1880620786469));
#780=CARTESIAN_POINT('Ctrl Pts',(124.839939595045,48.8638296724284,67.5564042831981));
#781=CARTESIAN_POINT('Ctrl Pts',(120.046077788571,51.8033785312853,65.9921992991841));
#782=CARTESIAN_POINT('Ctrl Pts',(208.972178904822,-70.3391964438365,80.6384759635235));
#783=CARTESIAN_POINT('Ctrl Pts',(212.914914593579,-67.5356653372893,81.0115192296136));
#784=CARTESIAN_POINT('Ctrl Pts',(213.563370015983,-63.8351778079777,81.2914993884194));
#785=CARTESIAN_POINT('Ctrl Pts',(210.399937934923,-55.0485066846719,81.8898618212697));
#786=CARTESIAN_POINT('Ctrl Pts',(206.67736684108,-50.008983483397,82.1138310637136));
#787=CARTESIAN_POINT('Ctrl Pts',(192.80935939239,-33.6934115415877,82.0113639908296));
#788=CARTESIAN_POINT('Ctrl Pts',(167.117898348374,-8.74730938454934,79.8097417597429));
#789=CARTESIAN_POINT('Ctrl Pts',(154.530340809133,17.2411935494048,73.2048750664831));
#790=CARTESIAN_POINT('Ctrl Pts',(144.364122112141,33.6974897228737,68.2796094768458));
#791=CARTESIAN_POINT('Ctrl Pts',(140.85445745605,38.6770749428639,66.6425850186847));
#792=CARTESIAN_POINT('Ctrl Pts',(132.601518016972,47.4375572934007,63.6371166922305));
#793=CARTESIAN_POINT('Ctrl Pts',(127.893537598964,51.1677355573965,62.3261624875861));
#794=CARTESIAN_POINT('Ctrl Pts',(122.07117606337,54.1663637797822,61.2109026722466));
#795=CARTESIAN_POINT('Ctrl Pts',(216.940003920753,-74.0565502421972,76.1909985574193));
#796=CARTESIAN_POINT('Ctrl Pts',(221.645666797611,-71.1444612817047,76.2603325739902));
#797=CARTESIAN_POINT('Ctrl Pts',(222.487039680435,-67.2373718987853,76.5283505427519));
#798=CARTESIAN_POINT('Ctrl Pts',(219.128432687024,-57.7878750481158,76.9190338148812));
#799=CARTESIAN_POINT('Ctrl Pts',(215.052438512493,-52.3735004177892,77.0178788100936));
#800=CARTESIAN_POINT('Ctrl Pts',(199.600551842745,-34.9359284242322,76.8089747772436));
#801=CARTESIAN_POINT('Ctrl Pts',(170.250862115718,-8.38704621174937,74.8536653763238));
#802=CARTESIAN_POINT('Ctrl Pts',(156.679535168583,17.8259425538804,68.9877371735646));
#803=CARTESIAN_POINT('Ctrl Pts',(146.019750230531,34.466486079858,64.6018582047177));
#804=CARTESIAN_POINT('Ctrl Pts',(142.409053980048,39.5366307642055,63.1501934011131));
#805=CARTESIAN_POINT('Ctrl Pts',(133.903528000293,48.4178195805522,60.4761511357085));
#806=CARTESIAN_POINT('Ctrl Pts',(129.039813200581,52.1702676536702,59.3020762381728));
#807=CARTESIAN_POINT('Ctrl Pts',(122.976904200139,55.1842048018227,58.4320848949291));
#808=CARTESIAN_POINT('Ctrl Pts',(243.055008655663,-86.1623577756951,60.0608931034281));
#809=CARTESIAN_POINT('Ctrl Pts',(248.601052382985,-82.2713226586723,60.1090212513827));
#810=CARTESIAN_POINT('Ctrl Pts',(249.581657156296,-77.2568320810449,60.1451173623487));
#811=CARTESIAN_POINT('Ctrl Pts',(245.396899477988,-65.6838079530148,60.1284972630238));
#812=CARTESIAN_POINT('Ctrl Pts',(240.23153702637,-59.1252744026121,60.075781052733));
#813=CARTESIAN_POINT('Ctrl Pts',(219.993864858758,-38.187911214891,59.6872915690558));
#814=CARTESIAN_POINT('Ctrl Pts',(180.366075801263,-6.90672686722872,58.5550633166742));
#815=CARTESIAN_POINT('Ctrl Pts',(163.208405338555,19.8579705002314,55.1583785595292));
#816=CARTESIAN_POINT('Ctrl Pts',(150.733544524796,36.7871721660362,52.6108649916704));
#817=CARTESIAN_POINT('Ctrl Pts',(146.640822925755,41.906185828006,51.7616938023842));
#818=CARTESIAN_POINT('Ctrl Pts',(137.247693332133,50.8543329083132,50.2048799553594));
#819=CARTESIAN_POINT('Ctrl Pts',(131.947285337553,54.6834663266506,49.4972372976208));
#820=CARTESIAN_POINT('Ctrl Pts',(125.373625608556,57.7467730613205,48.93112317143));
#821=CARTESIAN_POINT('Ctrl Pts',(278.980144289741,-101.776602366679,32.7115419259755));
#822=CARTESIAN_POINT('Ctrl Pts',(285.653183504459,-96.6316984230234,32.7148753431754));
#823=CARTESIAN_POINT('Ctrl Pts',(286.570769744122,-90.1171200836222,32.7173754060754));
#824=CARTESIAN_POINT('Ctrl Pts',(280.642808625037,-75.3525926650597,32.7329751067025));
#825=CARTESIAN_POINT('Ctrl Pts',(273.797261266288,-67.1026435858984,32.7460747444297));
#826=CARTESIAN_POINT('Ctrl Pts',(247.237577319971,-41.2557073163698,32.8196724449929));
#827=CARTESIAN_POINT('Ctrl Pts',(195.763220404688,-3.86755487154585,33.0092661454283));
#828=CARTESIAN_POINT('Ctrl Pts',(172.130331142843,23.3080902498312,33.5780472467345));
#829=CARTESIAN_POINT('Ctrl Pts',(156.161453953523,39.7059735183751,34.0046330727142));
#830=CARTESIAN_POINT('Ctrl Pts',(151.131126516593,44.507959512475,34.1468283480407));
#831=CARTESIAN_POINT('Ctrl Pts',(140.208274792925,52.7582879221457,34.4075196861394));
#832=CARTESIAN_POINT('Ctrl Pts',(134.315750506186,56.2066303377165,34.5260157489115));
#833=CARTESIAN_POINT('Ctrl Pts',(127.268397743462,58.9653042701732,34.6208125991292));
#834=CARTESIAN_POINT('Ctrl Pts',(291.146500748488,-101.039300134666,2.31091331649015));
#835=CARTESIAN_POINT('Ctrl Pts',(300.066143292448,-95.3833396050974,2.27389655920198));
#836=CARTESIAN_POINT('Ctrl Pts',(303.576947178238,-88.1859242583815,2.24613399123586));
#837=CARTESIAN_POINT('Ctrl Pts',(302.866728338652,-71.9373495577012,2.31475309265122));
#838=CARTESIAN_POINT('Ctrl Pts',(298.645705613276,-62.8861902037368,2.41113476203272));
#839=CARTESIAN_POINT('Ctrl Pts',(279.013673578162,-34.7958445715408,3.04494991425396));
#840=CARTESIAN_POINT('Ctrl Pts',(234.253727240718,5.15626312552818,4.80915716808696));
#841=CARTESIAN_POINT('Ctrl Pts',(201.699584938167,30.4383478314678,10.1017789295859));
#842=CARTESIAN_POINT('Ctrl Pts',(177.677370244524,44.9667439366131,14.0712452507101));
#843=CARTESIAN_POINT('Ctrl Pts',(169.735530685522,49.0706814009433,15.3944006910849));
#844=CARTESIAN_POINT('Ctrl Pts',(153.285684831971,55.9788490543946,17.8201856651052));
#845=CARTESIAN_POINT('Ctrl Pts',(144.777678537424,58.7830792435157,18.9228151987509));
#846=CARTESIAN_POINT('Ctrl Pts',(135.637940168452,61.0264633948125,19.8049188256674));
#847=CARTESIAN_POINT('Ctrl Pts',(288.904387960505,-95.2853241347743,-16.3879824282518));
#848=CARTESIAN_POINT('Ctrl Pts',(298.565024099301,-89.7810009746054,-16.4437049912562));
#849=CARTESIAN_POINT('Ctrl Pts',(303.588677575274,-82.8248852804044,-16.7291942625193));
#850=CARTESIAN_POINT('Ctrl Pts',(306.131004772593,-66.6127434830888,-17.1643411333441));
#851=CARTESIAN_POINT('Ctrl Pts',(303.772910751761,-57.5543489647528,-17.2559681417531));
#852=CARTESIAN_POINT('Ctrl Pts',(290.077787585882,-29.2987066703176,-16.8213098865922));
#853=CARTESIAN_POINT('Ctrl Pts',(252.86051214206,11.6541898701068,-13.995362650077));
#854=CARTESIAN_POINT('Ctrl Pts',(215.686428044542,35.4036518794966,-5.51752094053117));
#855=CARTESIAN_POINT('Ctrl Pts',(188.122408537782,48.3718144277644,0.730035250466876));
#856=CARTESIAN_POINT('Ctrl Pts',(179.002884064687,51.9230136245334,2.78999347288077));
#857=CARTESIAN_POINT('Ctrl Pts',(160.349185337128,57.7106042320655,6.57101235474628));
#858=CARTESIAN_POINT('Ctrl Pts',(150.975844133272,59.9393848282935,8.22506598086066));
#859=CARTESIAN_POINT('Ctrl Pts',(141.144007130369,61.7490606821169,9.48214446249332));
#860=CARTESIAN_POINT('Ctrl Pts',(286.791261783372,-92.9309785798837,-21.6322038985848));
#861=CARTESIAN_POINT('Ctrl Pts',(296.500048696246,-87.4598010665446,-22.0385114397613));
#862=CARTESIAN_POINT('Ctrl Pts',(301.468770594527,-80.3857652695709,-22.407953212542));
#863=CARTESIAN_POINT('Ctrl Pts',(304.985153025362,-64.3773458342025,-23.1016104945853));
#864=CARTESIAN_POINT('Ctrl Pts',(303.393149646001,-55.4651704567025,-23.3419393644213));
#865=CARTESIAN_POINT('Ctrl Pts',(291.637832557467,-27.3576205628097,-23.032599470673));
#866=CARTESIAN_POINT('Ctrl Pts',(257.352591238227,13.7751759927619,-19.8726089369913));
#867=CARTESIAN_POINT('Ctrl Pts',(218.983692873314,36.9950217058064,-10.3926373359461));
#868=CARTESIAN_POINT('Ctrl Pts',(190.671162916131,49.4525540448691,-3.45298593129615));
#869=CARTESIAN_POINT('Ctrl Pts',(181.311010233154,52.7788395002699,-1.1681566791018));
#870=CARTESIAN_POINT('Ctrl Pts',(162.246259334825,58.1739116793698,3.01984245219607));
#871=CARTESIAN_POINT('Ctrl Pts',(152.635734557395,60.2031374894516,4.86269103110429));
#872=CARTESIAN_POINT('Ctrl Pts',(142.617432235308,61.8469889859369,6.40000608121462));
#873=CARTESIAN_POINT('Ctrl Pts',(279.833498933496,-87.3495803602493,-30.1431592834226));
#874=CARTESIAN_POINT('Ctrl Pts',(287.701545507369,-81.8508187905247,-31.2755465868723));
#875=CARTESIAN_POINT('Ctrl Pts',(292.452657766509,-75.1582443164976,-32.1773968584905));
#876=CARTESIAN_POINT('Ctrl Pts',(296.784045663069,-59.9224773824174,-33.5698116883195));
#877=CARTESIAN_POINT('Ctrl Pts',(296.246903810683,-51.300999297304,-34.0396279648003));
#878=CARTESIAN_POINT('Ctrl Pts',(288.090669420365,-23.7448066043874,-34.0410936273132));
#879=CARTESIAN_POINT('Ctrl Pts',(259.762866678183,17.5081394863717,-30.2884260655178));
#880=CARTESIAN_POINT('Ctrl Pts',(220.19271591136,39.7565581748244,-19.0304233801318));
#881=CARTESIAN_POINT('Ctrl Pts',(191.442141377107,51.2716605611917,-10.8756228460941));
#882=CARTESIAN_POINT('Ctrl Pts',(182.013122955834,54.2481594183188,-8.20547291474847));
#883=CARTESIAN_POINT('Ctrl Pts',(163.402348879345,58.8574399925205,-3.31713576880929));
#884=CARTESIAN_POINT('Ctrl Pts',(154.245542638953,60.4293535685118,-1.10552206499912));
#885=CARTESIAN_POINT('Ctrl Pts',(144.840421347118,61.7569706763469,0.953302131549184));
#886=CARTESIAN_POINT('Ctrl Pts',(274.988862260753,-84.1225276955055,-33.4098931979272));
#887=CARTESIAN_POINT('Ctrl Pts',(282.055419075613,-78.2743924968267,-34.735881462006));
#888=CARTESIAN_POINT('Ctrl Pts',(285.666189566452,-72.3396930732952,-36.2930903601739));
#889=CARTESIAN_POINT('Ctrl Pts',(289.90209364814,-57.7906243922018,-38.0846418904475));
#890=CARTESIAN_POINT('Ctrl Pts',(289.432026588893,-49.3890897753529,-38.5492589082097));
#891=CARTESIAN_POINT('Ctrl Pts',(282.983461311677,-22.073078753473,-38.8382981998726));
#892=CARTESIAN_POINT('Ctrl Pts',(257.681063021972,19.1201168573264,-34.8269969071301));
#893=CARTESIAN_POINT('Ctrl Pts',(218.104474120634,40.9267248175326,-22.7930930289024));
#894=CARTESIAN_POINT('Ctrl Pts',(189.550161404043,51.9482994762324,-14.0330819846595));
#895=CARTESIAN_POINT('Ctrl Pts',(180.318572211343,54.97787458625,-11.2312841375013));
#896=CARTESIAN_POINT('Ctrl Pts',(162.665265648018,59.1805198120956,-6.09576223519889));
#897=CARTESIAN_POINT('Ctrl Pts',(155.026552817011,60.2683943255927,-3.72036163210831));
#898=CARTESIAN_POINT('Ctrl Pts',(145.589985353991,61.569024062937,-1.41126343683755));
#899=CARTESIAN_POINT('Ctrl Pts',(268.939793963514,-80.5219673213154,-36.6053341042499));
#900=CARTESIAN_POINT('Ctrl Pts',(273.151356848258,-75.0599049938719,-38.2626816963267));
#901=CARTESIAN_POINT('Ctrl Pts',(276.168619821966,-69.51238808501,-39.654069483864));
#902=CARTESIAN_POINT('Ctrl Pts',(278.982345075458,-56.0407587802729,-41.6106633001732));
#903=CARTESIAN_POINT('Ctrl Pts',(278.778807355241,-48.1166463843978,-42.175869328945));
#904=CARTESIAN_POINT('Ctrl Pts',(273.336993153703,-20.7794159662523,-42.6322147771122));
#905=CARTESIAN_POINT('Ctrl Pts',(250.735559150996,20.2680749354519,-38.4178192892473));
#906=CARTESIAN_POINT('Ctrl Pts',(211.995741917095,41.7394197996723,-25.7746328256529));
#907=CARTESIAN_POINT('Ctrl Pts',(184.092991853468,52.5143214034749,-16.4665140090514));
#908=CARTESIAN_POINT('Ctrl Pts',(175.599305122591,55.2629326581569,-13.6391951695627));
#909=CARTESIAN_POINT('Ctrl Pts',(160.226391574833,59.0741099410166,-8.53533235600873));
#910=CARTESIAN_POINT('Ctrl Pts',(153.347164757953,60.1366759691944,-6.25878838194348));
#911=CARTESIAN_POINT('Ctrl Pts',(145.852409996356,61.2375461158912,-3.89318646359448));
#912=CARTESIAN_POINT('',(180.975529654486,-57.3535158247772,92.8212509849037));
#913=CARTESIAN_POINT('Ctrl Pts',(268.939793963514,-80.5219673213154,-36.6053341042499));
#914=CARTESIAN_POINT('Ctrl Pts',(274.988862260753,-84.1225276955055,-33.4098931979272));
#915=CARTESIAN_POINT('Ctrl Pts',(279.833498933496,-87.3495803602493,-30.1431592834226));
#916=CARTESIAN_POINT('Ctrl Pts',(286.791261783372,-92.9309785798837,-21.6322038985848));
#917=CARTESIAN_POINT('Ctrl Pts',(288.904387960505,-95.2853241347743,-16.3879824282518));
#918=CARTESIAN_POINT('Ctrl Pts',(291.146500748488,-101.039300134666,2.31091331649015));
#919=CARTESIAN_POINT('Ctrl Pts',(278.980144289741,-101.776602366679,32.7115419259755));
#920=CARTESIAN_POINT('Ctrl Pts',(243.055008655663,-86.1623577756951,60.0608931034281));
#921=CARTESIAN_POINT('Ctrl Pts',(216.940003920753,-74.0565502421972,76.1909985574193));
#922=CARTESIAN_POINT('Ctrl Pts',(208.972178904822,-70.3391964438365,80.6384759635235));
#923=CARTESIAN_POINT('Ctrl Pts',(194.510881997708,-63.5403196060592,87.6749819519461));
#924=CARTESIAN_POINT('Ctrl Pts',(188.017410106524,-60.4587965666424,90.2640105342644));
#925=CARTESIAN_POINT('Ctrl Pts',(180.975529654486,-57.3535158247772,92.8212509849037));
#926=CARTESIAN_POINT('Ctrl Pts',(180.975529654486,-57.3535158247772,92.8212509849037));
#927=CARTESIAN_POINT('Ctrl Pts',(180.230323040063,-54.4805662743494,94.1692149099991));
#928=CARTESIAN_POINT('Ctrl Pts',(178.965549005781,-51.8308028463956,95.299450973258));
#929=CARTESIAN_POINT('Ctrl Pts',(175.390916775131,-45.520397164935,96.9312470377433));
#930=CARTESIAN_POINT('Ctrl Pts',(173.081058578763,-41.8597549114283,97.4328070389697));
#931=CARTESIAN_POINT('Ctrl Pts',(164.583857746533,-29.3615099125789,97.9944729496002));
#932=CARTESIAN_POINT('Ctrl Pts',(151.439218127057,-10.2195808803208,95.0529245771712));
#933=CARTESIAN_POINT('Ctrl Pts',(141.069784042853,15.000693160883,86.2282794598842));
#934=CARTESIAN_POINT('Ctrl Pts',(132.192524186513,30.9775831035729,79.5131218056279));
#935=CARTESIAN_POINT('Ctrl Pts',(129.280703528876,35.5108869312929,77.4429318972774));
#936=CARTESIAN_POINT('Ctrl Pts',(123.551594135889,42.9928422803793,73.6389440333796));
#937=CARTESIAN_POINT('Ctrl Pts',(120.734305400539,45.9414938017458,71.9051460778322));
#938=CARTESIAN_POINT('Ctrl Pts',(117.482026846659,48.8054150907424,70.074645117287));
#939=CARTESIAN_POINT('Ctrl Pts',(180.975529654486,-57.3535158247772,92.8212509849037));
#940=CARTESIAN_POINT('Ctrl Pts',(188.017410106524,-60.4587965666424,90.2640105342644));
#941=CARTESIAN_POINT('Ctrl Pts',(194.510881997708,-63.5403196060592,87.6749819519461));
#942=CARTESIAN_POINT('Ctrl Pts',(208.972178904822,-70.3391964438365,80.6384759635235));
#943=CARTESIAN_POINT('Ctrl Pts',(216.940003920753,-74.0565502421972,76.1909985574193));
#944=CARTESIAN_POINT('Ctrl Pts',(243.055008655663,-86.1623577756951,60.0608931034281));
#945=CARTESIAN_POINT('Ctrl Pts',(278.980144289741,-101.776602366679,32.7115419259755));
#946=CARTESIAN_POINT('Ctrl Pts',(291.146500748488,-101.039300134666,2.31091331649015));
#947=CARTESIAN_POINT('Ctrl Pts',(288.904387960505,-95.2853241347743,-16.3879824282518));
#948=CARTESIAN_POINT('Ctrl Pts',(286.791261783372,-92.9309785798837,-21.6322038985848));
#949=CARTESIAN_POINT('Ctrl Pts',(279.833498933496,-87.3495803602493,-30.1431592834226));
#950=CARTESIAN_POINT('Ctrl Pts',(274.988862260753,-84.1225276955055,-33.4098931979272));
#951=CARTESIAN_POINT('Ctrl Pts',(268.939793963514,-80.5219673213154,-36.6053341042499));
#952=CARTESIAN_POINT('Ctrl Pts',(174.678855816871,-57.1211846333397,94.0305275104475));
#953=CARTESIAN_POINT('Ctrl Pts',(181.93025911784,-60.9635810676659,91.1945400549885));
#954=CARTESIAN_POINT('Ctrl Pts',(188.92208456949,-64.5211658149748,88.4748285763097));
#955=CARTESIAN_POINT('Ctrl Pts',(204.062220818476,-72.6943643084023,80.8628440105442));
#956=CARTESIAN_POINT('Ctrl Pts',(212.234341043894,-76.9686392026897,76.1216645408484));
#957=CARTESIAN_POINT('Ctrl Pts',(237.508964928341,-90.053392892718,60.0127649554735));
#958=CARTESIAN_POINT('Ctrl Pts',(272.307105075022,-106.921506310335,32.7082085087755));
#959=CARTESIAN_POINT('Ctrl Pts',(282.226858204528,-106.695260664234,2.34793007377832));
#960=CARTESIAN_POINT('Ctrl Pts',(279.243751821709,-100.789647294943,-16.3322598652473));
#961=CARTESIAN_POINT('Ctrl Pts',(276.999433656129,-98.1890458710047,-21.9184480516581));
#962=CARTESIAN_POINT('Ctrl Pts',(269.729239290701,-91.2009860789807,-31.1552054140024));
#963=CARTESIAN_POINT('Ctrl Pts',(264.020428964372,-87.4192321872228,-34.6167765331097));
#964=CARTESIAN_POINT('Ctrl Pts',(258.679162781531,-82.3834692745687,-38.1434274184958));
#965=CARTESIAN_POINT('Ctrl Pts',(168.279258983074,-56.8397498897273,94.9914627035628));
#966=CARTESIAN_POINT('Ctrl Pts',(174.883322803486,-60.7357085472092,92.2488568334491));
#967=CARTESIAN_POINT('Ctrl Pts',(181.45740088715,-65.0552483224946,89.0010608406499));
#968=CARTESIAN_POINT('Ctrl Pts',(195.947335134719,-74.1176238945203,80.9840956161847));
#969=CARTESIAN_POINT('Ctrl Pts',(203.723956618962,-78.8624265036331,76.2443122537378));
#970=CARTESIAN_POINT('Ctrl Pts',(227.397482247007,-92.8209725491363,59.9526047705302));
#971=CARTESIAN_POINT('Ctrl Pts',(259.87861288525,-110.696735858246,32.7040417372756));
#972=CARTESIAN_POINT('Ctrl Pts',(267.898377002396,-110.809766376655,2.39420102038852));
#973=CARTESIAN_POINT('Ctrl Pts',(265.043215602021,-104.807298116699,-16.4974543000209));
#974=CARTESIAN_POINT('Ctrl Pts',(262.613164387189,-101.791935171919,-22.1545518706147));
#975=CARTESIAN_POINT('Ctrl Pts',(256.275604173748,-94.02361442844,-31.8966432197176));
#976=CARTESIAN_POINT('Ctrl Pts',(252.556111522924,-89.2695952964241,-35.9667453714441));
#977=CARTESIAN_POINT('Ctrl Pts',(247.744361066374,-83.86879162542,-39.3755854788567));
#978=CARTESIAN_POINT('Ctrl Pts',(151.713053723526,-56.15530715018,96.5708997200248));
#979=CARTESIAN_POINT('Ctrl Pts',(156.583763842024,-60.543295061647,93.6506417740554));
#980=CARTESIAN_POINT('Ctrl Pts',(161.919961089811,-65.4823714323164,90.0481449644025));
#981=CARTESIAN_POINT('Ctrl Pts',(174.019290747861,-75.8154696894518,81.4495798386206));
#982=CARTESIAN_POINT('Ctrl Pts',(180.520009087849,-81.1611140853218,76.5059217081945));
#983=CARTESIAN_POINT('Ctrl Pts',(200.075727196575,-96.7278534773858,59.8343990029715));
#984=CARTESIAN_POINT('Ctrl Pts',(226.292852911579,-116.229655878682,32.6975732254874));
#985=CARTESIAN_POINT('Ctrl Pts',(231.060134095817,-116.792932496897,2.49084508198641));
#986=CARTESIAN_POINT('Ctrl Pts',(228.345901419922,-110.392249326896,-16.8988714280908));
#987=CARTESIAN_POINT('Ctrl Pts',(226.392874933945,-107.121498164618,-22.8178886651917));
#988=CARTESIAN_POINT('Ctrl Pts',(221.989213269844,-98.3230236714176,-33.2833505716705));
#989=CARTESIAN_POINT('Ctrl Pts',(219.907400814778,-92.8503823948831,-37.77345801733));
#990=CARTESIAN_POINT('Ctrl Pts',(217.556833393573,-86.2390628458412,-41.3967703655186));
#991=CARTESIAN_POINT('Ctrl Pts',(141.546445297777,-55.752299154245,97.1894015433713));
#992=CARTESIAN_POINT('Ctrl Pts',(145.231006078987,-60.2309733968357,94.1995440461762));
#993=CARTESIAN_POINT('Ctrl Pts',(149.950857111447,-65.3371633933233,90.5063967540929));
#994=CARTESIAN_POINT('Ctrl Pts',(160.415417707856,-76.0828498984384,81.6956391225641));
#995=CARTESIAN_POINT('Ctrl Pts',(166.010832490886,-81.6634820480668,76.6240050630864));
#996=CARTESIAN_POINT('Ctrl Pts',(182.865454827476,-97.867154749217,59.776353420356));
#997=CARTESIAN_POINT('Ctrl Pts',(205.135585127681,-117.987346351207,32.695271485199));
#998=CARTESIAN_POINT('Ctrl Pts',(208.550372391368,-118.661592904717,2.54121819697409));
#999=CARTESIAN_POINT('Ctrl Pts',(206.137362004099,-112.070237997673,-17.080150627395));
#1000=CARTESIAN_POINT('Ctrl Pts',(204.681279708421,-108.748557010474,-23.1554723880656));
#1001=CARTESIAN_POINT('Ctrl Pts',(201.154334204558,-99.6943962628343,-33.8843830387108));
#1002=CARTESIAN_POINT('Ctrl Pts',(199.259193266647,-93.9719049216688,-38.4750952814662));
#1003=CARTESIAN_POINT('Ctrl Pts',(198.304107435928,-87.1240117154112,-42.1857971918195));
#1004=CARTESIAN_POINT('Ctrl Pts',(105.396102632601,-54.3609152879562,98.5312569587577));
#1005=CARTESIAN_POINT('Ctrl Pts',(107.106586218399,-59.0324844923124,95.3546941108198));
#1006=CARTESIAN_POINT('Ctrl Pts',(109.244690700647,-64.5299464854336,91.3839905508975));
#1007=CARTESIAN_POINT('Ctrl Pts',(113.87641599191,-76.1165641860383,82.1553915889456));
#1008=CARTESIAN_POINT('Ctrl Pts',(116.370036800924,-82.2057198935216,76.8974961869161));
#1009=CARTESIAN_POINT('Ctrl Pts',(123.634585518918,-99.7705897927626,59.6446565904594));
#1010=CARTESIAN_POINT('Ctrl Pts',(132.743813918777,-121.31682372986,32.6964614208688));
#1011=CARTESIAN_POINT('Ctrl Pts',(132.703761745581,-122.154402665819,2.67688147910344));
#1012=CARTESIAN_POINT('Ctrl Pts',(131.390859926335,-115.258506957947,-17.4553813412672));
#1013=CARTESIAN_POINT('Ctrl Pts',(130.739415538362,-111.705861737016,-23.7690652587318));
#1014=CARTESIAN_POINT('Ctrl Pts',(129.366925453557,-102.132822277804,-35.0132604774235));
#1015=CARTESIAN_POINT('Ctrl Pts',(128.645879756725,-96.1124280395227,-39.9437717786505));
#1016=CARTESIAN_POINT('Ctrl Pts',(128.069043199259,-88.8782981021988,-43.8881808196321));
#1017=CARTESIAN_POINT('Ctrl Pts',(46.790389725577,-52.4954851110726,98.3558889246115));
#1018=CARTESIAN_POINT('Ctrl Pts',(44.7381529072598,-57.0070125703471,95.1880944783809));
#1019=CARTESIAN_POINT('Ctrl Pts',(42.1728568843633,-62.4627431658199,91.2283514205927));
#1020=CARTESIAN_POINT('Ctrl Pts',(36.5513934481643,-74.1123796645448,82.0259271829237));
#1021=CARTESIAN_POINT('Ctrl Pts',(33.4952260348617,-80.3062855677968,76.783246003043));
#1022=CARTESIAN_POINT('Ctrl Pts',(24.3932872374739,-98.2699197922953,59.5822339317961));
#1023=CARTESIAN_POINT('Ctrl Pts',(12.4348713543426,-120.573209464273,32.7196350858546));
#1024=CARTESIAN_POINT('Ctrl Pts',(9.39541279802473,-121.176358447665,2.81654968771936));
#1025=CARTESIAN_POINT('Ctrl Pts',(8.65499649452405,-114.121455148728,-17.2349185262092));
#1026=CARTESIAN_POINT('Ctrl Pts',(8.66472066231351,-110.518609876336,-23.5227669584065));
#1027=CARTESIAN_POINT('Ctrl Pts',(8.8963229718355,-100.915545606348,-34.7205104959527));
#1028=CARTESIAN_POINT('Ctrl Pts',(9.11820111356805,-94.9153266087518,-39.6304056013015));
#1029=CARTESIAN_POINT('Ctrl Pts',(9.29570362695411,-87.7689447253658,-43.5583216855805));
#1030=CARTESIAN_POINT('Ctrl Pts',(-29.3165935468473,-52.8834955285853,99.7104651776923));
#1031=CARTESIAN_POINT('Ctrl Pts',(-34.2564872510101,-57.3849112313878,96.4749419188077));
#1032=CARTESIAN_POINT('Ctrl Pts',(-40.4313543812135,-62.8221966535184,92.4305378452019));
#1033=CARTESIAN_POINT('Ctrl Pts',(-53.9176604385717,-74.4407554434966,83.0385122574091));
#1034=CARTESIAN_POINT('Ctrl Pts',(-61.2290993657264,-80.6220288113443,77.6908907432221));
#1035=CARTESIAN_POINT('Ctrl Pts',(-82.868211259922,-98.5902035940544,60.1650163230806));
#1036=CARTESIAN_POINT('Ctrl Pts',(-110.933147419467,-121.012715782114,32.8424907560111));
#1037=CARTESIAN_POINT('Ctrl Pts',(-116.089656631497,-122.321095705374,2.64328619695645));
#1038=CARTESIAN_POINT('Ctrl Pts',(-116.252118262398,-115.6293922494,-17.5794747781711));
#1039=CARTESIAN_POINT('Ctrl Pts',(-115.688785426344,-112.119993031006,-23.915954695853));
#1040=CARTESIAN_POINT('Ctrl Pts',(-114.141436299396,-102.584333661559,-35.1958008721361));
#1041=CARTESIAN_POINT('Ctrl Pts',(-113.157420008501,-96.5580735105053,-40.1391671307372));
#1042=CARTESIAN_POINT('Ctrl Pts',(-112.370206975785,-89.293783826529,-44.0938601376181));
#1043=CARTESIAN_POINT('Ctrl Pts',(-80.1064988228139,-53.8555739109716,98.9909203325389));
#1044=CARTESIAN_POINT('Ctrl Pts',(-86.1896796862341,-58.0843351981554,95.9144647317657));
#1045=CARTESIAN_POINT('Ctrl Pts',(-94.0694035697233,-63.0616139747471,92.124223918079));
#1046=CARTESIAN_POINT('Ctrl Pts',(-111.813817304994,-73.7858026324539,83.088157124966));
#1047=CARTESIAN_POINT('Ctrl Pts',(-121.333153157525,-79.4642056833244,77.8896988348635));
#1048=CARTESIAN_POINT('Ctrl Pts',(-149.618018270935,-96.1635408544228,60.63819922751));
#1049=CARTESIAN_POINT('Ctrl Pts',(-186.19280257466,-117.551550926419,32.9371325715285));
#1050=CARTESIAN_POINT('Ctrl Pts',(-193.976942729126,-118.912555383554,2.48557601091815));
#1051=CARTESIAN_POINT('Ctrl Pts',(-192.880296302162,-112.598521902243,-17.2772443164903));
#1052=CARTESIAN_POINT('Ctrl Pts',(-191.542907257102,-109.332367392014,-23.3871354178714));
#1053=CARTESIAN_POINT('Ctrl Pts',(-187.956694715652,-100.316911778069,-34.1670660972072));
#1054=CARTESIAN_POINT('Ctrl Pts',(-185.91123124093,-94.5756044706007,-38.7741066587524));
#1055=CARTESIAN_POINT('Ctrl Pts',(-184.86286923607,-87.6834141364475,-42.4999131440203));
#1056=CARTESIAN_POINT('Ctrl Pts',(-94.8287536103702,-54.2068335337889,98.531934714592));
#1057=CARTESIAN_POINT('Ctrl Pts',(-102.063174744095,-58.3185330342479,95.5301541399165));
#1058=CARTESIAN_POINT('Ctrl Pts',(-110.562901755781,-63.1363909493991,91.8207936514414));
#1059=CARTESIAN_POINT('Ctrl Pts',(-129.453264002364,-73.4172792545636,82.9864064244337));
#1060=CARTESIAN_POINT('Ctrl Pts',(-139.59588804456,-78.8435894895502,77.9109891065852));
#1061=CARTESIAN_POINT('Ctrl Pts',(-169.585234464267,-94.9101740093871,60.8019428808141));
#1062=CARTESIAN_POINT('Ctrl Pts',(-208.401627805531,-115.766030208842,32.9690965205176));
#1063=CARTESIAN_POINT('Ctrl Pts',(-217.234952099251,-117.06519306543,2.42837885424435));
#1064=CARTESIAN_POINT('Ctrl Pts',(-215.76494766516,-110.955582378649,-17.1179850619078));
#1065=CARTESIAN_POINT('Ctrl Pts',(-213.925779911399,-107.738381678185,-23.0735773116997));
#1066=CARTESIAN_POINT('Ctrl Pts',(-209.484604014876,-98.9746023294234,-33.5932874127198));
#1067=CARTESIAN_POINT('Ctrl Pts',(-207.24213651073,-93.4852718404293,-38.1011219956694));
#1068=CARTESIAN_POINT('Ctrl Pts',(-204.79695712619,-86.8236913171887,-41.738655641724));
#1069=CARTESIAN_POINT('Ctrl Pts',(-119.857835909951,-54.9638197701337,97.1756888062404));
#1070=CARTESIAN_POINT('Ctrl Pts',(-129.071442085278,-58.6111104321443,94.3657102858006));
#1071=CARTESIAN_POINT('Ctrl Pts',(-138.629601152745,-62.7896413843212,91.0208134943988));
#1072=CARTESIAN_POINT('Ctrl Pts',(-159.109162560494,-71.7534675717442,82.7689124766905));
#1073=CARTESIAN_POINT('Ctrl Pts',(-169.97746862287,-76.5485882241478,77.88825167711));
#1074=CARTESIAN_POINT('Ctrl Pts',(-202.170245906418,-90.956192911201,61.1071529272836));
#1075=CARTESIAN_POINT('Ctrl Pts',(-243.994906541604,-110.225646440186,33.0280443246226));
#1076=CARTESIAN_POINT('Ctrl Pts',(-255.50166782212,-111.10424795439,2.31966148812489));
#1077=CARTESIAN_POINT('Ctrl Pts',(-253.748977878851,-105.391524771025,-16.7540250991313));
#1078=CARTESIAN_POINT('Ctrl Pts',(-251.434287747152,-102.425337990066,-22.4523205381971));
#1079=CARTESIAN_POINT('Ctrl Pts',(-245.061842937675,-94.6825035536878,-32.2510479838993));
#1080=CARTESIAN_POINT('Ctrl Pts',(-241.168557724268,-89.904940853514,-36.3356437524452));
#1081=CARTESIAN_POINT('Ctrl Pts',(-236.204867179815,-84.4583798335416,-39.7562569616044));
#1082=CARTESIAN_POINT('Ctrl Pts',(-130.164663421976,-55.3695463836612,96.2784285158356));
#1083=CARTESIAN_POINT('Ctrl Pts',(-140.207313494683,-58.9855420365463,93.3707528442452));
#1084=CARTESIAN_POINT('Ctrl Pts',(-150.182197863156,-62.4022625365209,90.5864612825093));
#1085=CARTESIAN_POINT('Ctrl Pts',(-170.889929670235,-70.4565828767846,82.7515260535184));
#1086=CARTESIAN_POINT('Ctrl Pts',(-181.791290986358,-74.784093341828,77.8658053621061));
#1087=CARTESIAN_POINT('Ctrl Pts',(-214.788041155236,-88.2555786580507,61.248619320449));
#1088=CARTESIAN_POINT('Ctrl Pts',(-257.379360046806,-106.470783389107,33.0550281797385));
#1089=CARTESIAN_POINT('Ctrl Pts',(-270.510374174866,-106.990665161474,2.26814127867922));
#1090=CARTESIAN_POINT('Ctrl Pts',(-268.531618950899,-101.355439181694,-16.6020511068653));
#1091=CARTESIAN_POINT('Ctrl Pts',(-266.455315571971,-98.8109159123322,-22.2369423528844));
#1092=CARTESIAN_POINT('Ctrl Pts',(-259.144947500374,-91.8420264726818,-31.5293245411555));
#1093=CARTESIAN_POINT('Ctrl Pts',(-253.191390056024,-88.0290999274154,-34.9957959198274));
#1094=CARTESIAN_POINT('Ctrl Pts',(-247.67868934332,-82.9527911691532,-38.535115783781));
#1095=CARTESIAN_POINT('Ctrl Pts',(-140.231936908372,-55.7536758639957,95.1207070118262));
#1096=CARTESIAN_POINT('Ctrl Pts',(-150.159168189759,-58.7082561602005,92.5109050909615));
#1097=CARTESIAN_POINT('Ctrl Pts',(-159.239015468028,-61.6690356331588,89.8549486958172));
#1098=CARTESIAN_POINT('Ctrl Pts',(-178.725023224397,-68.3780536238501,82.6111254609178));
#1099=CARTESIAN_POINT('Ctrl Pts',(-189.131183702497,-72.1262921415831,78.0232586211628));
#1100=CARTESIAN_POINT('Ctrl Pts',(-222.339134936547,-84.5521962619442,61.3617924349813));
#1101=CARTESIAN_POINT('Ctrl Pts',(-264.817168313868,-101.378377103539,33.0766152638312));
#1102=CARTESIAN_POINT('Ctrl Pts',(-279.974196839318,-101.322044104616,2.22692511112268));
#1103=CARTESIAN_POINT('Ctrl Pts',(-278.680832214152,-95.8111936984697,-16.6713571058767));
#1104=CARTESIAN_POINT('Ctrl Pts',(-276.717923531713,-93.5029378476358,-21.9624746719633));
#1105=CARTESIAN_POINT('Ctrl Pts',(-269.728531885404,-87.9438147150643,-30.5280901249767));
#1106=CARTESIAN_POINT('Ctrl Pts',(-264.702048921533,-84.6929474333267,-33.8025880119035));
#1107=CARTESIAN_POINT('Ctrl Pts',(-258.434452890757,-81.0647608111979,-37.0064087743227));
#1108=CARTESIAN_POINT('Ctrl Pts',(-140.231936908372,-55.7536758639957,95.1207070118262));
#1109=CARTESIAN_POINT('Ctrl Pts',(-130.164663421976,-55.3695463836612,96.2784285158356));
#1110=CARTESIAN_POINT('Ctrl Pts',(-119.857835909951,-54.9638197701337,97.1756888062404));
#1111=CARTESIAN_POINT('Ctrl Pts',(-94.8287536103702,-54.2068335337889,98.531934714592));
#1112=CARTESIAN_POINT('Ctrl Pts',(-80.1064988228139,-53.8555739109716,98.9909203325389));
#1113=CARTESIAN_POINT('Ctrl Pts',(-29.3165935468473,-52.8834955285853,99.7104651776923));
#1114=CARTESIAN_POINT('Ctrl Pts',(46.790389725577,-52.4954851110726,98.3558889246114));
#1115=CARTESIAN_POINT('Ctrl Pts',(105.396102632601,-54.3609152879562,98.5312569587577));
#1116=CARTESIAN_POINT('Ctrl Pts',(141.546445297777,-55.752299154245,97.1894015433713));
#1117=CARTESIAN_POINT('Ctrl Pts',(151.713053723526,-56.15530715018,96.5708997200248));
#1118=CARTESIAN_POINT('Ctrl Pts',(168.279258983074,-56.8397498897273,94.9914627035628));
#1119=CARTESIAN_POINT('Ctrl Pts',(174.678855816871,-57.1211846333397,94.0305275104475));
#1120=CARTESIAN_POINT('Ctrl Pts',(180.975529654486,-57.3535158247772,92.8212509849037));
#1121=CARTESIAN_POINT('Ctrl Pts',(-140.231936908372,-55.7536758639957,95.1207070118262));
#1122=CARTESIAN_POINT('Ctrl Pts',(-140.371979113381,-53.1832250481252,96.5727874286813));
#1123=CARTESIAN_POINT('Ctrl Pts',(-139.864701133613,-50.8679884686085,97.7926845167116));
#1124=CARTESIAN_POINT('Ctrl Pts',(-137.765561676869,-45.4254308446967,99.554722509427));
#1125=CARTESIAN_POINT('Ctrl Pts',(-136.173700199893,-42.2981098003015,100.096863414112));
#1126=CARTESIAN_POINT('Ctrl Pts',(-129.771240523153,-31.6980199697982,100.70665185315));
#1127=CARTESIAN_POINT('Ctrl Pts',(-118.654540947583,-15.5358442741588,97.5292618369339));
#1128=CARTESIAN_POINT('Ctrl Pts',(-114.368926995096,10.5061493380781,87.9970917882861));
#1129=CARTESIAN_POINT('Ctrl Pts',(-109.745556784311,27.4018864384419,80.8057086460857));
#1130=CARTESIAN_POINT('Ctrl Pts',(-108.062853988626,32.2421810833587,78.595996097621));
#1131=CARTESIAN_POINT('Ctrl Pts',(-104.414289613076,40.3395349294499,74.5514013318956));
#1132=CARTESIAN_POINT('Ctrl Pts',(-102.44842803321,43.5965941306243,72.7165191146351));
#1133=CARTESIAN_POINT('Ctrl Pts',(-99.9068999964762,46.7635730720983,70.7821700486478));
#1134=CARTESIAN_POINT('Ctrl Pts',(-130.164663421976,-55.3695463836612,96.2784285158356));
#1135=CARTESIAN_POINT('Ctrl Pts',(-128.11181763355,-52.066716193165,98.4592949378218));
#1136=CARTESIAN_POINT('Ctrl Pts',(-127.689235676146,-49.660942938206,99.9403207210042));
#1137=CARTESIAN_POINT('Ctrl Pts',(-124.366974684132,-43.8309019296319,102.353645021384));
#1138=CARTESIAN_POINT('Ctrl Pts',(-122.744322151864,-40.7156148844581,102.9956743515));
#1139=CARTESIAN_POINT('Ctrl Pts',(-117.2550351638,-30.8538473474841,103.748236380187));
#1140=CARTESIAN_POINT('Ctrl Pts',(-109.088842240565,-15.9783051535981,100.433172347128));
#1141=CARTESIAN_POINT('Ctrl Pts',(-106.388627051528,9.92435132613862,90.4879802479484));
#1142=CARTESIAN_POINT('Ctrl Pts',(-102.978289815716,26.8899869852255,82.8956847345159));
#1143=CARTESIAN_POINT('Ctrl Pts',(-101.61831069522,32.0955320714433,80.403969994859));
#1144=CARTESIAN_POINT('Ctrl Pts',(-98.643281286132,41.043690484137,75.5714255594183));
#1145=CARTESIAN_POINT('Ctrl Pts',(-96.6058584371584,44.57178325456,73.4732799046713));
#1146=CARTESIAN_POINT('Ctrl Pts',(-94.6388830302553,48.1259145179854,70.9798126487337));
#1147=CARTESIAN_POINT('Ctrl Pts',(-119.857835909951,-54.9638197701337,97.1756888062404));
#1148=CARTESIAN_POINT('Ctrl Pts',(-117.106149565004,-51.53285495052,99.5602351663095));
#1149=CARTESIAN_POINT('Ctrl Pts',(-114.439082343222,-48.5325130346593,101.47796633565));
#1150=CARTESIAN_POINT('Ctrl Pts',(-110.034982931572,-42.534524169637,104.231659699627));
#1151=CARTESIAN_POINT('Ctrl Pts',(-108.257357367533,-39.582444543784,105.063889908587));
#1152=CARTESIAN_POINT('Ctrl Pts',(-103.250744739398,-30.215092225593,105.877082234453));
#1153=CARTESIAN_POINT('Ctrl Pts',(-97.4452987391724,-16.362319959653,102.47200986624));
#1154=CARTESIAN_POINT('Ctrl Pts',(-96.377733423997,9.43818648277581,92.2567927616));
#1155=CARTESIAN_POINT('Ctrl Pts',(-94.4124440111278,26.6724760085097,84.3132614451223));
#1156=CARTESIAN_POINT('Ctrl Pts',(-93.5632449690902,32.0645574660731,81.6183979249634));
#1157=CARTESIAN_POINT('Ctrl Pts',(-91.6788165345314,41.6084101250756,76.2925962240981));
#1158=CARTESIAN_POINT('Ctrl Pts',(-90.7279500965583,45.7584692921238,73.6688480445034));
#1159=CARTESIAN_POINT('Ctrl Pts',(-89.1984838377603,49.2294903730107,71.0975058737389));
#1160=CARTESIAN_POINT('Ctrl Pts',(-94.8287536103702,-54.2068335337889,98.531934714592));
#1161=CARTESIAN_POINT('Ctrl Pts',(-89.4754400794587,-50.1311369363812,101.507065480188));
#1162=CARTESIAN_POINT('Ctrl Pts',(-85.4482742370849,-46.8100507295632,103.736611203739));
#1163=CARTESIAN_POINT('Ctrl Pts',(-79.6708234131447,-40.6451486837611,106.916815819492));
#1164=CARTESIAN_POINT('Ctrl Pts',(-77.8288186091947,-37.8614551887841,107.844624281201));
#1165=CARTESIAN_POINT('Ctrl Pts',(-73.6389881967733,-29.2302670752008,108.820648306649));
#1166=CARTESIAN_POINT('Ctrl Pts',(-71.6157049786876,-16.9750625806842,105.302276714767));
#1167=CARTESIAN_POINT('Ctrl Pts',(-73.7202416671805,8.66932833973491,94.7471619391192));
#1168=CARTESIAN_POINT('Ctrl Pts',(-74.516286631449,26.5499847858396,86.2019125272322));
#1169=CARTESIAN_POINT('Ctrl Pts',(-74.6512420275217,32.2847641438395,83.2486771682447));
#1170=CARTESIAN_POINT('Ctrl Pts',(-74.8805975266869,42.7013609949457,77.2532572136104));
#1171=CARTESIAN_POINT('Ctrl Pts',(-75.1173518403013,47.3311720529623,74.240314258258));
#1172=CARTESIAN_POINT('Ctrl Pts',(-75.108084252017,51.0797187206914,71.2516248076111));
#1173=CARTESIAN_POINT('Ctrl Pts',(-80.1064988228139,-53.8555739109716,98.9909203325389));
#1174=CARTESIAN_POINT('Ctrl Pts',(-74.0233179593936,-49.6268126237879,102.067375933312));
#1175=CARTESIAN_POINT('Ctrl Pts',(-69.7772413230936,-46.1788701432771,104.404709569008));
#1176=CARTESIAN_POINT('Ctrl Pts',(-63.8491162258432,-40.0033476597667,107.669761689082));
#1177=CARTESIAN_POINT('Ctrl Pts',(-61.9374439289079,-37.2718020082911,108.59772476377));
#1178=CARTESIAN_POINT('Ctrl Pts',(-58.0315220785517,-28.8841970466999,109.63536852458));
#1179=CARTESIAN_POINT('Ctrl Pts',(-57.4296547195958,-17.2037903956605,106.093706044181));
#1180=CARTESIAN_POINT('Ctrl Pts',(-61.0736435378947,8.38663504005682,95.4687186029867));
#1181=CARTESIAN_POINT('Ctrl Pts',(-63.2539206992253,26.5661211706412,86.712579090155));
#1182=CARTESIAN_POINT('Ctrl Pts',(-63.9352748040924,32.4812220497065,83.6679428316408));
#1183=CARTESIAN_POINT('Ctrl Pts',(-65.1152871348835,43.2180072733418,77.4795092438961));
#1184=CARTESIAN_POINT('Ctrl Pts',(-65.710960746866,47.9751201965964,74.3645061172513));
#1185=CARTESIAN_POINT('Ctrl Pts',(-66.4580838587687,51.8263712133467,71.2880505164781));
#1186=CARTESIAN_POINT('Ctrl Pts',(-29.3165935468473,-52.8834955285853,99.7104651776923));
#1187=CARTESIAN_POINT('Ctrl Pts',(-24.3766998426845,-48.3820798257828,102.945988436577));
#1188=CARTESIAN_POINT('Ctrl Pts',(-20.6717795645624,-44.8165338423083,105.37263088074));
#1189=CARTESIAN_POINT('Ctrl Pts',(-15.2777532858024,-38.6219594949371,108.790445806292));
#1190=CARTESIAN_POINT('Ctrl Pts',(-13.5886472851645,-35.9929311310403,109.78161828768));
#1191=CARTESIAN_POINT('Ctrl Pts',(-10.8638518375811,-28.1077897400986,110.87536828768));
#1192=CARTESIAN_POINT('Ctrl Pts',(-13.4775180523509,-17.5994510875067,107.320988436577));
#1193=CARTESIAN_POINT('Ctrl Pts',(-21.3185166966602,7.86207026634684,96.6578488832693));
#1194=CARTESIAN_POINT('Ctrl Pts',(-27.1992656798923,26.6739849721781,87.5667442182885));
#1195=CARTESIAN_POINT('Ctrl Pts',(-29.1595153409696,32.897252155862,84.3540843299616));
#1196=CARTESIAN_POINT('Ctrl Pts',(-32.7533063862781,44.2670994496217,77.8261870346955));
#1197=CARTESIAN_POINT('Ctrl Pts',(-34.3868477705092,49.4136795596973,74.5109496277564));
#1198=CARTESIAN_POINT('Ctrl Pts',(-35.6936808778941,53.5309436477579,71.2754263688718));
#1199=CARTESIAN_POINT('Ctrl Pts',(46.790389725577,-52.4954851110726,98.3558889246114));
#1200=CARTESIAN_POINT('Ctrl Pts',(48.8426265438942,-47.983957651798,101.523683370842));
#1201=CARTESIAN_POINT('Ctrl Pts',(50.3818041576321,-44.4166333287218,103.899529205515));
#1202=CARTESIAN_POINT('Ctrl Pts',(52.4340409759493,-38.2308150275734,107.249615318412));
#1203=CARTESIAN_POINT('Ctrl Pts',(52.9471001805286,-35.6123210495012,108.223855596636));
#1204=CARTESIAN_POINT('Ctrl Pts',(52.9471001805286,-27.7707207417015,109.317605596636));
#1205=CARTESIAN_POINT('Ctrl Pts',(48.8426265438942,-17.3522713350808,105.898683370842));
#1206=CARTESIAN_POINT('Ctrl Pts',(36.529205633991,8.02535756893161,95.6419166934586));
#1207=CARTESIAN_POINT('Ctrl Pts',(27.2941399515636,26.7830611540104,86.855591685421));
#1208=CARTESIAN_POINT('Ctrl Pts',(24.2157847240878,32.9897093335483,83.7445250160751));
#1209=CARTESIAN_POINT('Ctrl Pts',(18.5721334737154,44.3302979275718,77.4028819556077));
#1210=CARTESIAN_POINT('Ctrl Pts',(16.006837450819,49.4642383420574,74.1723055644862));
#1211=CARTESIAN_POINT('Ctrl Pts',(13.9546006325018,53.5713906736459,71.0045111182556));
#1212=CARTESIAN_POINT('Ctrl Pts',(105.396102632601,-54.3609152879562,98.5312569587577));
#1213=CARTESIAN_POINT('Ctrl Pts',(103.685619046803,-49.6893460836,101.707819806696));
#1214=CARTESIAN_POINT('Ctrl Pts',(102.402756357454,-45.8436696680089,104.090241942649));
#1215=CARTESIAN_POINT('Ctrl Pts',(100.238140197058,-38.9832670747419,107.449096457254));
#1216=CARTESIAN_POINT('Ctrl Pts',(99.3563867260113,-35.968540897066,108.425528835905));
#1217=CARTESIAN_POINT('Ctrl Pts',(96.6315912784279,-26.939534711489,109.519278835905));
#1218=CARTESIAN_POINT('Ctrl Pts',(92.7864372564689,-14.9413193905877,106.082819806696));
#1219=CARTESIAN_POINT('Ctrl Pts',(81.250975190592,10.1093421777493,95.7734427190683));
#1220=CARTESIAN_POINT('Ctrl Pts',(72.5993786411843,28.3843390855161,86.9476599033478));
#1221=CARTESIAN_POINT('Ctrl Pts',(69.715513124715,34.3905048433573,83.823440631441));
#1222=CARTESIAN_POINT('Ctrl Pts',(64.4284263445215,45.3305588343322,77.4576844662785));
#1223=CARTESIAN_POINT('Ctrl Pts',(62.0252050807971,50.2644470674657,74.2161475730228));
#1224=CARTESIAN_POINT('Ctrl Pts',(60.1026280698176,54.2115576539726,71.0395847250849));
#1225=CARTESIAN_POINT('Ctrl Pts',(141.546445297777,-55.752299154245,97.1894015433713));
#1226=CARTESIAN_POINT('Ctrl Pts',(137.861884516567,-51.2736249116543,100.179259040566));
#1227=CARTESIAN_POINT('Ctrl Pts',(135.251617765572,-47.4550165833152,102.440758070726));
#1228=CARTESIAN_POINT('Ctrl Pts',(131.045574303305,-40.3572327410003,105.599838751851));
#1229=CARTESIAN_POINT('Ctrl Pts',(129.389828483575,-37.0893475463425,106.498181380214));
#1230=CARTESIAN_POINT('Ctrl Pts',(124.810897547275,-27.0587985644973,107.516478756182));
#1231=CARTESIAN_POINT('Ctrl Pts',(119.401372036123,-13.0504596192246,104.159067559992));
#1232=CARTESIAN_POINT('Ctrl Pts',(108.622386397833,11.8979974016232,94.0868339714228));
#1233=CARTESIAN_POINT('Ctrl Pts',(100.102412847409,29.2943810904291,85.7259134632184));
#1234=CARTESIAN_POINT('Ctrl Pts',(97.235758075972,34.8999980943798,82.810068323988));
#1235=CARTESIAN_POINT('Ctrl Pts',(91.918199957979,45.0132200712042,76.8581828132127));
#1236=CARTESIAN_POINT('Ctrl Pts',(89.5296794242975,49.4656496849879,73.8478587591903));
#1237=CARTESIAN_POINT('Ctrl Pts',(87.8781824539902,53.0669877463313,70.8580012619952));
#1238=CARTESIAN_POINT('Ctrl Pts',(151.713053723526,-56.15530715018,96.5708997200248));
#1239=CARTESIAN_POINT('Ctrl Pts',(148.181245185221,-51.8188519745014,99.4414593172762));
#1240=CARTESIAN_POINT('Ctrl Pts',(145.173429444654,-48.0823104985575,101.592177042623));
#1241=CARTESIAN_POINT('Ctrl Pts',(140.473778953789,-40.9501590682334,104.650274756795));
#1242=CARTESIAN_POINT('Ctrl Pts',(138.647859584645,-37.6088764619294,105.539780956605));
#1243=CARTESIAN_POINT('Ctrl Pts',(133.439989294461,-27.222328744778,106.489869561411));
#1244=CARTESIAN_POINT('Ctrl Pts',(127.215863086878,-12.4063987266047,103.174174382158));
#1245=CARTESIAN_POINT('Ctrl Pts',(116.717870806878,12.5318269374579,93.2270888443988));
#1246=CARTESIAN_POINT('Ctrl Pts',(108.236733913307,29.5752246386012,85.1091176322135));
#1247=CARTESIAN_POINT('Ctrl Pts',(105.308414501522,34.979645281165,82.2935177183408));
#1248=CARTESIAN_POINT('Ctrl Pts',(99.9310501558571,44.7295180762952,76.551581672846));
#1249=CARTESIAN_POINT('Ctrl Pts',(97.6673286914961,49.0252645165456,73.6530471992704));
#1250=CARTESIAN_POINT('Ctrl Pts',(95.6208021473822,52.4949172724729,70.7610010843839));
#1251=CARTESIAN_POINT('Ctrl Pts',(168.279258983074,-56.8397498897273,94.9914627035628));
#1252=CARTESIAN_POINT('Ctrl Pts',(165.858362002319,-53.1204060763061,97.2572879169073));
#1253=CARTESIAN_POINT('Ctrl Pts',(163.21178322351,-49.7051757407788,99.0802262431347));
#1254=CARTESIAN_POINT('Ctrl Pts',(158.4830596994,-42.7261024203789,101.689470514455));
#1255=CARTESIAN_POINT('Ctrl Pts',(156.280233417647,-39.196218342039,102.474250048166));
#1256=CARTESIAN_POINT('Ctrl Pts',(149.664045569058,-27.9515981076618,103.24965892164));
#1257=CARTESIAN_POINT('Ctrl Pts',(140.821904428729,-11.2121897968724,100.073058145845));
#1258=CARTESIAN_POINT('Ctrl Pts',(130.644253693242,13.7922758111181,90.5432558184606));
#1259=CARTESIAN_POINT('Ctrl Pts',(122.129774778248,30.1300614481552,83.0662466522996));
#1260=CARTESIAN_POINT('Ctrl Pts',(119.144741662687,35.1733960656749,80.5189673601422));
#1261=CARTESIAN_POINT('Ctrl Pts',(113.451210189109,44.017932428361,75.4607955503227));
#1262=CARTESIAN_POINT('Ctrl Pts',(110.856399653226,47.8109794882805,72.9571433697209));
#1263=CARTESIAN_POINT('Ctrl Pts',(108.074244664835,50.9696819821335,70.4940560159988));
#1264=CARTESIAN_POINT('Ctrl Pts',(174.678855816871,-57.1211846333397,94.0305275104475));
#1265=CARTESIAN_POINT('Ctrl Pts',(172.393480831503,-53.4922259382482,96.0915274454358));
#1266=CARTESIAN_POINT('Ctrl Pts',(171.229292596845,-50.7332476372817,97.4679030076555));
#1267=CARTESIAN_POINT('Ctrl Pts',(166.912126088027,-43.9610192715064,99.7310607076336));
#1268=CARTESIAN_POINT('Ctrl Pts',(164.673754836458,-40.277259995585,100.331617976358));
#1269=CARTESIAN_POINT('Ctrl Pts',(157.259010096468,-28.5173372902648,101.036057476638));
#1270=CARTESIAN_POINT('Ctrl Pts',(146.613454719824,-10.6620417597601,97.956835087365));
#1271=CARTESIAN_POINT('Ctrl Pts',(136.47515217056,14.4188951489435,88.7191679195464));
#1272=CARTESIAN_POINT('Ctrl Pts',(127.79522486781,30.4656836503565,81.6030978940581));
#1273=CARTESIAN_POINT('Ctrl Pts',(124.788785344057,35.3472222312724,79.2597247850329));
#1274=CARTESIAN_POINT('Ctrl Pts',(118.89508516932,43.6114471070041,74.6902504206893));
#1275=CARTESIAN_POINT('Ctrl Pts',(115.757486737127,46.7969668856931,72.7013977146634));
#1276=CARTESIAN_POINT('Ctrl Pts',(112.785067488896,50.0165171656526,70.3241111252248));
#1277=CARTESIAN_POINT('Ctrl Pts',(180.975529654486,-57.3535158247772,92.8212509849037));
#1278=CARTESIAN_POINT('Ctrl Pts',(180.230323040063,-54.4805662743494,94.1692149099991));
#1279=CARTESIAN_POINT('Ctrl Pts',(178.965549005781,-51.8308028463956,95.299450973258));
#1280=CARTESIAN_POINT('Ctrl Pts',(175.390916775131,-45.520397164935,96.9312470377433));
#1281=CARTESIAN_POINT('Ctrl Pts',(173.081058578763,-41.8597549114283,97.4328070389697));
#1282=CARTESIAN_POINT('Ctrl Pts',(164.583857746533,-29.3615099125789,97.9944729496002));
#1283=CARTESIAN_POINT('Ctrl Pts',(151.439218127057,-10.2195808803208,95.0529245771712));
#1284=CARTESIAN_POINT('Ctrl Pts',(141.069784042853,15.000693160883,86.2282794598842));
#1285=CARTESIAN_POINT('Ctrl Pts',(132.192524186513,30.9775831035729,79.5131218056279));
#1286=CARTESIAN_POINT('Ctrl Pts',(129.280703528876,35.5108869312929,77.4429318972774));
#1287=CARTESIAN_POINT('Ctrl Pts',(123.551594135889,42.9928422803793,73.6389440333796));
#1288=CARTESIAN_POINT('Ctrl Pts',(120.734305400539,45.9414938017458,71.9051460778322));
#1289=CARTESIAN_POINT('Ctrl Pts',(117.482026846659,48.8054150907424,70.074645117287));
#1290=UNCERTAINTY_MEASURE_WITH_UNIT(LENGTH_MEASURE(0.01),#1294,
'DISTANCE_ACCURACY_VALUE',
'Maximum model space distance between geometric entities at asserted c
onnectivities');
#1291=UNCERTAINTY_MEASURE_WITH_UNIT(LENGTH_MEASURE(0.01),#1294,
'DISTANCE_ACCURACY_VALUE',
'Maximum model space distance between geometric entities at asserted c
onnectivities');
#1292=(
GEOMETRIC_REPRESENTATION_CONTEXT(3)
GLOBAL_UNCERTAINTY_ASSIGNED_CONTEXT((#1290))
GLOBAL_UNIT_ASSIGNED_CONTEXT((#1294,#1296,#1297))
REPRESENTATION_CONTEXT('','3D')
);
#1293=(
GEOMETRIC_REPRESENTATION_CONTEXT(3)
GLOBAL_UNCERTAINTY_ASSIGNED_CONTEXT((#1291))
GLOBAL_UNIT_ASSIGNED_CONTEXT((#1294,#1296,#1297))
REPRESENTATION_CONTEXT('','3D')
);
#1294=(
LENGTH_UNIT()
NAMED_UNIT(*)
SI_UNIT(.MILLI.,.METRE.)
);
#1295=(
LENGTH_UNIT()
NAMED_UNIT(*)
SI_UNIT($,.METRE.)
);
#1296=(
NAMED_UNIT(*)
PLANE_ANGLE_UNIT()
SI_UNIT($,.RADIAN.)
);
#1297=(
NAMED_UNIT(*)
SI_UNIT($,.STERADIAN.)
SOLID_ANGLE_UNIT()
);
#1298=SHAPE_DEFINITION_REPRESENTATION(#1299,#1300);
#1299=PRODUCT_DEFINITION_SHAPE('',$,#1302);
#1300=SHAPE_REPRESENTATION('',(#108),#1292);
#1301=PRODUCT_DEFINITION_CONTEXT('part definition',#1306,'design');
#1302=PRODUCT_DEFINITION('(Unsaved)','(Unsaved)',#1303,#1301);
#1303=PRODUCT_DEFINITION_FORMATION('',$,#1308);
#1304=PRODUCT_RELATED_PRODUCT_CATEGORY('(Unsaved)','(Unsaved)',(#1308));
#1305=APPLICATION_PROTOCOL_DEFINITION('international standard',
'automotive_design',2009,#1306);
#1306=APPLICATION_CONTEXT(
'Core Data for Automotive Mechanical Design Process');
#1307=PRODUCT_CONTEXT('part definition',#1306,'mechanical');
#1308=PRODUCT('(Unsaved)','(Unsaved)',$,(#1307));
#1309=PRESENTATION_STYLE_ASSIGNMENT((#1310));
#1310=SURFACE_STYLE_USAGE(.BOTH.,#1311);
#1311=SURFACE_SIDE_STYLE('',(#1312));
#1312=SURFACE_STYLE_FILL_AREA(#1313);
#1313=FILL_AREA_STYLE('Steel - Satin',(#1314));
#1314=FILL_AREA_STYLE_COLOUR('Steel - Satin',#1315);
#1315=COLOUR_RGB('Steel - Satin',0.627450980392157,0.627450980392157,0.627450980392157);
ENDSEC;
END-ISO-10303-21;
