ISO-10303-21;
HEADER;
/* Generated by software containing ST-Developer
 * from STEP Tools, Inc. (www.steptools.com) 
 */

FILE_DESCRIPTION(
/* description */ (''),
/* implementation_level */ '2;1');

FILE_NAME(
/* name */ 'project1.step',
/* time_stamp */ '2026-07-02T14:48:37+05:30',
/* author */ (''),
/* organization */ (''),
/* preprocessor_version */ 'ST-DEVELOPER v20.1',
/* originating_system */ 'Autodesk Translation Framework v15.8.0.0',
/* authorisation */ '');

FILE_SCHEMA (('AUTOMOTIVE_DESIGN { 1 0 10303 214 3 1 1 }'));
ENDSEC;

DATA;
#10=MECHANICAL_DESIGN_GEOMETRIC_PRESENTATION_REPRESENTATION('',(#13),#2041);
#11=SHAPE_REPRESENTATION_RELATIONSHIP('SRR','None',#2048,#12);
#12=ADVANCED_BREP_SHAPE_REPRESENTATION('',(#14),#2040);
#13=STYLED_ITEM('',(#2057),#14);
#14=MANIFOLD_SOLID_BREP('Body1',#672);
#15=TOROIDAL_SURFACE('',#725,4.,1.);
#16=TOROIDAL_SURFACE('',#729,4.,1.);
#17=B_SPLINE_CURVE_WITH_KNOTS('',3,(#1032,#1033,#1034,#1035,#1036,#1037,
#1038,#1039,#1040,#1041,#1042,#1043,#1044,#1045,#1046,#1047,#1048,#1049,
#1050,#1051,#1052,#1053,#1054,#1055,#1056,#1057,#1058,#1059,#1060,#1061,
#1062,#1063,#1064,#1065,#1066,#1067,#1068,#1069,#1070,#1071,#1072,#1073,
#1074,#1075,#1076,#1077,#1078,#1079,#1080,#1081,#1082,#1083,#1084,#1085,
#1086,#1087,#1088,#1089,#1090,#1091,#1092,#1093,#1094,#1095,#1096,#1097,
#1098,#1099,#1100,#1101,#1102,#1103,#1104,#1105,#1106,#1107),
 .UNSPECIFIED.,.F.,.F.,(4,3,3,3,3,3,3,3,3,3,3,3,3,3,3,3,3,3,3,3,3,3,3,3,
3,4),(0.,0.0326651208117221,0.0664501709513996,0.101628820023877,0.138628382104554,
0.178194992372442,0.221908737709631,0.279353071922567,0.330134974148197,
0.372304859204016,0.411535805503765,0.44831481765978,0.483525692880156,
0.521911184556654,0.558114052906335,0.596441001410208,0.637916712942483,
0.685905543620741,0.75593443271059,0.801145370676312,0.84148867516634,0.87907707010825,
0.914045978972964,0.94790991832781,0.980424717510616,1.),.UNSPECIFIED.);
#18=B_SPLINE_CURVE_WITH_KNOTS('',3,(#1109,#1110,#1111,#1112),
 .UNSPECIFIED.,.F.,.F.,(4,4),(0.,1.),.UNSPECIFIED.);
#19=B_SPLINE_CURVE_WITH_KNOTS('',3,(#1114,#1115,#1116,#1117,#1118,#1119,
#1120,#1121,#1122,#1123,#1124,#1125,#1126,#1127,#1128,#1129,#1130,#1131,
#1132,#1133,#1134,#1135,#1136,#1137,#1138,#1139,#1140,#1141,#1142,#1143,
#1144,#1145,#1146,#1147,#1148,#1149,#1150,#1151,#1152,#1153,#1154,#1155,
#1156,#1157,#1158,#1159,#1160,#1161,#1162,#1163,#1164,#1165,#1166,#1167,
#1168,#1169,#1170,#1171,#1172,#1173,#1174,#1175,#1176,#1177,#1178,#1179,
#1180,#1181,#1182,#1183,#1184,#1185,#1186,#1187,#1188,#1189),
 .UNSPECIFIED.,.F.,.F.,(4,3,3,3,3,3,3,3,3,3,3,3,3,3,3,3,3,3,3,3,3,3,3,3,
3,4),(0.,0.0326822343714004,0.0664859575047847,0.101685503965382,0.13870938535787,
0.17830640080428,0.222064857025934,0.279785548817819,0.330464956573159,
0.372613005565496,0.411824692717653,0.448585649422799,0.483794399252925,
0.522031021918094,0.558226056050482,0.596546525685512,0.638018677435162,
0.686016997363106,0.760420458519608,0.80497605221557,0.844987938383035,
0.883740953787277,0.918532944280282,0.9522492353158,0.98467855945974,1.),
 .UNSPECIFIED.);
#20=B_SPLINE_CURVE_WITH_KNOTS('',3,(#1227,#1228,#1229,#1230,#1231,#1232,
#1233,#1234,#1235),.UNSPECIFIED.,.F.,.F.,(4,1,1,1,1,1,4),(-2.10711570943116,
-1.65559091455306,-1.20406611967495,-0.903049589756212,-0.602033059837475,
-0.301016529918738,2.77555756156289E-17),.UNSPECIFIED.);
#21=B_SPLINE_CURVE_WITH_KNOTS('',3,(#1236,#1237,#1238,#1239,#1240,#1241,
#1242,#1243,#1244),.UNSPECIFIED.,.F.,.F.,(4,1,1,1,1,1,4),(-2.77555756156289E-17,
0.301016529918738,0.602033059837475,0.903049589756212,1.20406611967495,
1.65559091455306,2.10711570943116),.UNSPECIFIED.);
#22=B_SPLINE_CURVE_WITH_KNOTS('',3,(#1253,#1254,#1255,#1256,#1257,#1258,
#1259,#1260,#1261,#1262,#1263,#1264,#1265,#1266,#1267,#1268,#1269,#1270,
#1271,#1272,#1273,#1274,#1275,#1276,#1277,#1278,#1279,#1280,#1281,#1282,
#1283,#1284,#1285,#1286,#1287,#1288,#1289,#1290,#1291,#1292,#1293,#1294,
#1295,#1296,#1297,#1298,#1299,#1300,#1301,#1302,#1303,#1304,#1305,#1306,
#1307,#1308,#1309,#1310,#1311,#1312,#1313,#1314,#1315,#1316,#1317,#1318,
#1319,#1320,#1321,#1322,#1323,#1324,#1325,#1326,#1327,#1328),
 .UNSPECIFIED.,.F.,.F.,(4,3,3,3,3,3,3,3,3,3,3,3,3,3,3,3,3,3,3,3,3,3,3,3,
3,4),(0.,0.0326822343713389,0.0664859575046279,0.101685503965213,0.13870938535773,
0.178306400804337,0.222064857026478,0.279785548819358,0.330464956574141,
0.372613005566231,0.411824692718342,0.448585649423445,0.483794399253565,
0.522031021918271,0.558226056050626,0.596546525685694,0.638018677435203,
0.686016997362545,0.760420458519478,0.804976052215093,0.844987938382598,
0.883740953786949,0.918532944279833,0.952249235315523,0.984678559459608,
1.),.UNSPECIFIED.);
#23=B_SPLINE_CURVE_WITH_KNOTS('',3,(#1329,#1330,#1331,#1332,#1333,#1334,
#1335,#1336,#1337),.UNSPECIFIED.,.F.,.F.,(4,1,1,1,1,1,4),(-1.11022302462516E-15,
0.301016529918736,0.602033059837474,0.903049589756211,1.20406611967495,
1.65559091455305,2.10711570943116),.UNSPECIFIED.);
#24=B_SPLINE_CURVE_WITH_KNOTS('',3,(#1376,#1377,#1378,#1379,#1380,#1381,
#1382,#1383,#1384,#1385,#1386,#1387,#1388,#1389,#1390,#1391,#1392,#1393,
#1394,#1395,#1396,#1397,#1398,#1399,#1400,#1401,#1402,#1403,#1404,#1405,
#1406,#1407,#1408,#1409,#1410,#1411,#1412,#1413,#1414,#1415,#1416,#1417,
#1418,#1419,#1420,#1421,#1422,#1423,#1424,#1425,#1426,#1427,#1428,#1429,
#1430,#1431,#1432,#1433,#1434,#1435,#1436,#1437,#1438,#1439,#1440,#1441,
#1442,#1443,#1444,#1445,#1446,#1447,#1448,#1449,#1450,#1451),
 .UNSPECIFIED.,.F.,.F.,(4,3,3,3,3,3,3,3,3,3,3,3,3,3,3,3,3,3,3,3,3,3,3,3,
3,4),(0.,0.0326651208116808,0.0664501709512944,0.101628820024011,0.138628382104633,
0.178194992373025,0.221908737711464,0.279353071923722,0.330134974148939,
0.372304859204905,0.411535805504598,0.448314817660561,0.483525692881747,
0.521911184557598,0.558114052907307,0.596441001411956,0.637916712944007,
0.685905543624075,0.755934432723743,0.801145370688324,0.841488675177433,
0.879077070119721,0.914045978984047,0.947909918338862,0.980424717521577,
1.),.UNSPECIFIED.);
#25=B_SPLINE_CURVE_WITH_KNOTS('',3,(#1452,#1453,#1454,#1455),
 .UNSPECIFIED.,.F.,.F.,(4,4),(0.,1.),.UNSPECIFIED.);
#26=B_SPLINE_CURVE_WITH_KNOTS('',3,(#1493,#1494,#1495,#1496,#1497,#1498,
#1499,#1500,#1501),.UNSPECIFIED.,.F.,.F.,(4,1,1,1,1,1,4),(-2.10711570943116,
-1.65559091455305,-1.20406611967495,-0.903049589756211,-0.602033059837474,
-0.301016529918736,1.11022302462516E-15),.UNSPECIFIED.);
#27=B_SPLINE_CURVE_WITH_KNOTS('',3,(#1550,#1551,#1552,#1553,#1554,#1555,
#1556,#1557,#1558,#1559,#1560,#1561,#1562,#1563,#1564,#1565,#1566,#1567,
#1568,#1569,#1570,#1571,#1572,#1573,#1574,#1575,#1576,#1577,#1578,#1579,
#1580,#1581,#1582,#1583,#1584,#1585,#1586,#1587,#1588,#1589,#1590,#1591,
#1592,#1593,#1594,#1595,#1596,#1597,#1598,#1599,#1600,#1601,#1602,#1603,
#1604,#1605,#1606,#1607,#1608,#1609,#1610,#1611,#1612,#1613,#1614,#1615,
#1616,#1617,#1618,#1619,#1620,#1621,#1622,#1623,#1624,#1625),
 .UNSPECIFIED.,.F.,.F.,(4,3,3,3,3,3,3,3,3,3,3,3,3,3,3,3,3,3,3,3,3,3,3,3,
3,4),(0.,0.0326651208115165,0.0664501709512733,0.10162882002392,0.138628382104402,
0.178194992372678,0.221908737710366,0.279353071922784,0.330134974148191,
0.372304859204228,0.411535805503964,0.448314817659966,0.483525692880867,
0.52191118455743,0.558114052907326,0.596441001412136,0.637916712943748,
0.685905543624649,0.75593443269266,0.801145370661639,0.841488675153232,
0.879077070096329,0.91404597896161,0.947909918316883,0.980424717499818,
1.),.UNSPECIFIED.);
#28=B_SPLINE_CURVE_WITH_KNOTS('',3,(#1627,#1628,#1629,#1630),
 .UNSPECIFIED.,.F.,.F.,(4,4),(0.,1.),.UNSPECIFIED.);
#29=B_SPLINE_CURVE_WITH_KNOTS('',3,(#1632,#1633,#1634,#1635,#1636,#1637,
#1638,#1639,#1640,#1641,#1642,#1643,#1644,#1645,#1646,#1647,#1648,#1649,
#1650,#1651,#1652,#1653,#1654,#1655,#1656,#1657,#1658,#1659,#1660,#1661,
#1662,#1663,#1664,#1665,#1666,#1667,#1668,#1669,#1670,#1671,#1672,#1673,
#1674,#1675,#1676,#1677,#1678,#1679,#1680,#1681,#1682,#1683,#1684,#1685,
#1686,#1687,#1688,#1689,#1690,#1691,#1692,#1693,#1694,#1695,#1696,#1697,
#1698,#1699,#1700,#1701,#1702,#1703,#1704,#1705,#1706,#1707),
 .UNSPECIFIED.,.F.,.F.,(4,3,3,3,3,3,3,3,3,3,3,3,3,3,3,3,3,3,3,3,3,3,3,3,
3,4),(0.,0.0326822343713674,0.0664859575047283,0.101685503965358,0.138709385357778,
0.178306400803971,0.2220648570253,0.279785548817105,0.330464956572762,0.372613005565031,
0.411824692717216,0.44858564942239,0.483794399252454,0.522031021917715,
0.558226056050251,0.596546525685375,0.638018677435047,0.686016997362424,
0.760420458518604,0.804976052214979,0.844987938382542,0.883740953786906,
0.918532944279842,0.952249235315473,0.984678559459442,1.),.UNSPECIFIED.);
#30=B_SPLINE_CURVE_WITH_KNOTS('',3,(#1749,#1750,#1751,#1752,#1753,#1754,
#1755,#1756,#1757),.UNSPECIFIED.,.F.,.F.,(4,1,1,1,1,1,4),(-2.10711570943117,
-1.65559091455306,-1.20406611967495,-0.903049589756214,-0.602033059837476,
-0.301016529918738,2.22044604925031E-16),.UNSPECIFIED.);
#31=B_SPLINE_CURVE_WITH_KNOTS('',3,(#1758,#1759,#1760,#1761,#1762,#1763,
#1764,#1765,#1766),.UNSPECIFIED.,.F.,.F.,(4,1,1,1,1,1,4),(-2.22044604925031E-16,
0.301016529918738,0.602033059837476,0.903049589756214,1.20406611967495,
1.65559091455306,2.10711570943117),.UNSPECIFIED.);
#32=B_SPLINE_CURVE_WITH_KNOTS('',3,(#1777,#1778,#1779,#1780,#1781,#1782,
#1783,#1784,#1785),.UNSPECIFIED.,.F.,.F.,(4,1,1,1,1,1,4),(-2.10711570943116,
-1.65559091455306,-1.20406611967495,-0.903049589756212,-0.602033059837475,
-0.301016529918737,0.),.UNSPECIFIED.);
#33=B_SPLINE_CURVE_WITH_KNOTS('',3,(#1786,#1787,#1788,#1789,#1790,#1791,
#1792,#1793,#1794,#1795,#1796,#1797,#1798,#1799,#1800,#1801,#1802,#1803,
#1804,#1805,#1806,#1807,#1808,#1809,#1810,#1811,#1812,#1813,#1814,#1815,
#1816,#1817,#1818,#1819,#1820,#1821,#1822,#1823,#1824,#1825,#1826,#1827,
#1828,#1829,#1830,#1831,#1832,#1833,#1834,#1835,#1836,#1837,#1838,#1839,
#1840,#1841,#1842,#1843,#1844,#1845,#1846,#1847,#1848,#1849,#1850,#1851,
#1852,#1853,#1854,#1855,#1856,#1857,#1858,#1859,#1860,#1861),
 .UNSPECIFIED.,.F.,.F.,(4,3,3,3,3,3,3,3,3,3,3,3,3,3,3,3,3,3,3,3,3,3,3,3,
3,4),(0.,0.0326651208116297,0.0664501709512714,0.101628820024172,0.138628382104907,
0.178194992372279,0.221908737710418,0.279353071919961,0.330134974145728,
0.37230485920207,0.41153580550194,0.448314817658069,0.483525692878664,0.52191118455599,
0.558114052905495,0.596441001410373,0.637916712941935,0.685905543620606,
0.755934432510276,0.801145370504127,0.841488675007733,0.879077069958991,
0.914045978829033,0.94790991818847,0.980424717373422,1.),.UNSPECIFIED.);
#34=B_SPLINE_CURVE_WITH_KNOTS('',3,(#1900,#1901,#1902,#1903),
 .UNSPECIFIED.,.F.,.F.,(4,4),(0.,1.),.UNSPECIFIED.);
#35=B_SPLINE_CURVE_WITH_KNOTS('',3,(#1904,#1905,#1906,#1907,#1908,#1909,
#1910,#1911,#1912,#1913,#1914,#1915,#1916,#1917,#1918,#1919,#1920,#1921,
#1922,#1923,#1924,#1925,#1926,#1927,#1928,#1929,#1930,#1931,#1932,#1933,
#1934,#1935,#1936,#1937,#1938,#1939,#1940,#1941,#1942,#1943,#1944,#1945,
#1946,#1947,#1948,#1949,#1950,#1951,#1952,#1953,#1954,#1955,#1956,#1957,
#1958,#1959,#1960,#1961,#1962,#1963,#1964,#1965,#1966,#1967,#1968,#1969,
#1970,#1971,#1972,#1973,#1974,#1975,#1976,#1977,#1978,#1979),
 .UNSPECIFIED.,.F.,.F.,(4,3,3,3,3,3,3,3,3,3,3,3,3,3,3,3,3,3,3,3,3,3,3,3,
3,4),(0.,0.0326822343713927,0.0664859575047593,0.101685503965358,0.138709385357907,
0.178306400804202,0.22206485702592,0.279785548818222,0.330464956573334,
0.372613005565627,0.411824692717775,0.448585649422914,0.483794399253097,
0.522031021918157,0.558226056050533,0.596546525685586,0.638018677435428,
0.686016997363143,0.760420458519114,0.804976052215037,0.844987938382492,
0.883740953786869,0.918532944279851,0.952249235315366,0.984678559459317,
1.),.UNSPECIFIED.);
#36=B_SPLINE_CURVE_WITH_KNOTS('',3,(#2016,#2017,#2018,#2019,#2020,#2021,
#2022,#2023,#2024),.UNSPECIFIED.,.F.,.F.,(4,1,1,1,1,1,4),(0.,0.301016529918737,
0.602033059837475,0.903049589756212,1.20406611967495,1.65559091455306,2.10711570943116),
 .UNSPECIFIED.);
#37=B_SPLINE_SURFACE_WITH_KNOTS('',3,3,((#994,#995,#996,#997,#998,#999,
#1000,#1001,#1002),(#1003,#1004,#1005,#1006,#1007,#1008,#1009,#1010,#1011),
(#1012,#1013,#1014,#1015,#1016,#1017,#1018,#1019,#1020),(#1021,#1022,#1023,
#1024,#1025,#1026,#1027,#1028,#1029)),.UNSPECIFIED.,.F.,.F.,.F.,(4,4),(4,
1,1,1,1,1,4),(0.,1.),(0.,0.142857142857143,0.214285714285714,0.5,0.785714285714286,
0.857142857142857,1.),.UNSPECIFIED.);
#38=B_SPLINE_SURFACE_WITH_KNOTS('',3,3,((#1191,#1192,#1193,#1194,#1195,
#1196,#1197,#1198,#1199),(#1200,#1201,#1202,#1203,#1204,#1205,#1206,#1207,
#1208),(#1209,#1210,#1211,#1212,#1213,#1214,#1215,#1216,#1217),(#1218,#1219,
#1220,#1221,#1222,#1223,#1224,#1225,#1226)),.UNSPECIFIED.,.F.,.F.,.F.,(4,
4),(4,1,1,1,1,1,4),(0.,1.),(-2.10711570943116,-1.65559091455306,-1.20406611967495,
-0.903049589756212,-0.602033059837475,-0.301016529918738,2.77555756156289E-17),
 .UNSPECIFIED.);
#39=B_SPLINE_SURFACE_WITH_KNOTS('',3,3,((#1338,#1339,#1340,#1341,#1342,
#1343,#1344,#1345,#1346),(#1347,#1348,#1349,#1350,#1351,#1352,#1353,#1354,
#1355),(#1356,#1357,#1358,#1359,#1360,#1361,#1362,#1363,#1364),(#1365,#1366,
#1367,#1368,#1369,#1370,#1371,#1372,#1373)),.UNSPECIFIED.,.F.,.F.,.F.,(4,
4),(4,1,1,1,1,1,4),(0.,1.),(0.,0.142857142857143,0.214285714285714,0.5,
0.785714285714286,0.857142857142857,1.),.UNSPECIFIED.);
#40=B_SPLINE_SURFACE_WITH_KNOTS('',3,3,((#1457,#1458,#1459,#1460,#1461,
#1462,#1463,#1464,#1465),(#1466,#1467,#1468,#1469,#1470,#1471,#1472,#1473,
#1474),(#1475,#1476,#1477,#1478,#1479,#1480,#1481,#1482,#1483),(#1484,#1485,
#1486,#1487,#1488,#1489,#1490,#1491,#1492)),.UNSPECIFIED.,.F.,.F.,.F.,(4,
4),(4,1,1,1,1,1,4),(0.,1.),(-2.10711570943116,-1.65559091455305,-1.20406611967495,
-0.903049589756211,-0.602033059837474,-0.301016529918736,1.11022302462516E-15),
 .UNSPECIFIED.);
#41=B_SPLINE_SURFACE_WITH_KNOTS('',3,3,((#1512,#1513,#1514,#1515,#1516,
#1517,#1518,#1519,#1520),(#1521,#1522,#1523,#1524,#1525,#1526,#1527,#1528,
#1529),(#1530,#1531,#1532,#1533,#1534,#1535,#1536,#1537,#1538),(#1539,#1540,
#1541,#1542,#1543,#1544,#1545,#1546,#1547)),.UNSPECIFIED.,.F.,.F.,.F.,(4,
4),(4,1,1,1,1,1,4),(0.,1.),(0.,0.142857142857143,0.214285714285714,0.5,
0.785714285714286,0.857142857142857,1.),.UNSPECIFIED.);
#42=B_SPLINE_SURFACE_WITH_KNOTS('',3,3,((#1713,#1714,#1715,#1716,#1717,
#1718,#1719,#1720,#1721),(#1722,#1723,#1724,#1725,#1726,#1727,#1728,#1729,
#1730),(#1731,#1732,#1733,#1734,#1735,#1736,#1737,#1738,#1739),(#1740,#1741,
#1742,#1743,#1744,#1745,#1746,#1747,#1748)),.UNSPECIFIED.,.F.,.F.,.F.,(4,
4),(4,1,1,1,1,1,4),(0.,1.),(-2.10711570943117,-1.65559091455306,-1.20406611967495,
-0.903049589756214,-0.602033059837476,-0.301016529918738,2.22044604925031E-16),
 .UNSPECIFIED.);
#43=B_SPLINE_SURFACE_WITH_KNOTS('',3,3,((#1863,#1864,#1865,#1866,#1867,
#1868,#1869,#1870,#1871),(#1872,#1873,#1874,#1875,#1876,#1877,#1878,#1879,
#1880),(#1881,#1882,#1883,#1884,#1885,#1886,#1887,#1888,#1889),(#1890,#1891,
#1892,#1893,#1894,#1895,#1896,#1897,#1898)),.UNSPECIFIED.,.F.,.F.,.F.,(4,
4),(4,1,1,1,1,1,4),(0.,1.),(0.,0.142857142857143,0.214285714285714,0.5,
0.785714285714286,0.857142857142857,1.),.UNSPECIFIED.);
#44=B_SPLINE_SURFACE_WITH_KNOTS('',3,3,((#1980,#1981,#1982,#1983,#1984,
#1985,#1986,#1987,#1988),(#1989,#1990,#1991,#1992,#1993,#1994,#1995,#1996,
#1997),(#1998,#1999,#2000,#2001,#2002,#2003,#2004,#2005,#2006),(#2007,#2008,
#2009,#2010,#2011,#2012,#2013,#2014,#2015)),.UNSPECIFIED.,.F.,.F.,.F.,(4,
4),(4,1,1,1,1,1,4),(0.,1.),(-2.10711570943116,-1.65559091455306,-1.20406611967495,
-0.903049589756212,-0.602033059837475,-0.301016529918737,0.),
 .UNSPECIFIED.);
#45=FACE_BOUND('',#122,.T.);
#46=FACE_BOUND('',#123,.T.);
#47=FACE_BOUND('',#129,.T.);
#48=PLANE('',#691);
#49=PLANE('',#695);
#50=PLANE('',#705);
#51=PLANE('',#706);
#52=PLANE('',#707);
#53=PLANE('',#708);
#54=PLANE('',#709);
#55=PLANE('',#710);
#56=PLANE('',#711);
#57=PLANE('',#712);
#58=PLANE('',#713);
#59=PLANE('',#714);
#60=PLANE('',#716);
#61=PLANE('',#717);
#62=PLANE('',#718);
#63=PLANE('',#719);
#64=PLANE('',#720);
#65=PLANE('',#722);
#66=PLANE('',#724);
#67=PLANE('',#728);
#68=PLANE('',#732);
#69=CYLINDRICAL_SURFACE('',#689,10.);
#70=CYLINDRICAL_SURFACE('',#697,5.);
#71=CYLINDRICAL_SURFACE('',#702,5.);
#72=CYLINDRICAL_SURFACE('',#715,2.);
#73=CYLINDRICAL_SURFACE('',#721,2.);
#74=CYLINDRICAL_SURFACE('',#723,2.);
#75=CYLINDRICAL_SURFACE('',#733,2.);
#76=FACE_OUTER_BOUND('',#117,.T.);
#77=FACE_OUTER_BOUND('',#118,.T.);
#78=FACE_OUTER_BOUND('',#119,.T.);
#79=FACE_OUTER_BOUND('',#120,.T.);
#80=FACE_OUTER_BOUND('',#121,.T.);
#81=FACE_OUTER_BOUND('',#124,.T.);
#82=FACE_OUTER_BOUND('',#125,.T.);
#83=FACE_OUTER_BOUND('',#126,.T.);
#84=FACE_OUTER_BOUND('',#127,.T.);
#85=FACE_OUTER_BOUND('',#128,.T.);
#86=FACE_OUTER_BOUND('',#130,.T.);
#87=FACE_OUTER_BOUND('',#131,.T.);
#88=FACE_OUTER_BOUND('',#132,.T.);
#89=FACE_OUTER_BOUND('',#133,.T.);
#90=FACE_OUTER_BOUND('',#134,.T.);
#91=FACE_OUTER_BOUND('',#135,.T.);
#92=FACE_OUTER_BOUND('',#136,.T.);
#93=FACE_OUTER_BOUND('',#137,.T.);
#94=FACE_OUTER_BOUND('',#138,.T.);
#95=FACE_OUTER_BOUND('',#139,.T.);
#96=FACE_OUTER_BOUND('',#140,.T.);
#97=FACE_OUTER_BOUND('',#141,.T.);
#98=FACE_OUTER_BOUND('',#142,.T.);
#99=FACE_OUTER_BOUND('',#143,.T.);
#100=FACE_OUTER_BOUND('',#144,.T.);
#101=FACE_OUTER_BOUND('',#145,.T.);
#102=FACE_OUTER_BOUND('',#146,.T.);
#103=FACE_OUTER_BOUND('',#147,.T.);
#104=FACE_OUTER_BOUND('',#148,.T.);
#105=FACE_OUTER_BOUND('',#149,.T.);
#106=FACE_OUTER_BOUND('',#150,.T.);
#107=FACE_OUTER_BOUND('',#151,.T.);
#108=FACE_OUTER_BOUND('',#152,.T.);
#109=FACE_OUTER_BOUND('',#153,.T.);
#110=FACE_OUTER_BOUND('',#154,.T.);
#111=FACE_OUTER_BOUND('',#155,.T.);
#112=FACE_OUTER_BOUND('',#156,.T.);
#113=FACE_OUTER_BOUND('',#157,.T.);
#114=FACE_OUTER_BOUND('',#158,.T.);
#115=FACE_OUTER_BOUND('',#159,.T.);
#116=FACE_OUTER_BOUND('',#160,.T.);
#117=EDGE_LOOP('',(#442,#443,#444,#445));
#118=EDGE_LOOP('',(#446,#447,#448,#449));
#119=EDGE_LOOP('',(#450));
#120=EDGE_LOOP('',(#451,#452,#453,#454));
#121=EDGE_LOOP('',(#455,#456,#457,#458));
#122=EDGE_LOOP('',(#459));
#123=EDGE_LOOP('',(#460));
#124=EDGE_LOOP('',(#461,#462,#463,#464,#465));
#125=EDGE_LOOP('',(#466,#467,#468,#469));
#126=EDGE_LOOP('',(#470,#471,#472,#473,#474));
#127=EDGE_LOOP('',(#475,#476,#477,#478,#479,#480));
#128=EDGE_LOOP('',(#481,#482,#483,#484));
#129=EDGE_LOOP('',(#485));
#130=EDGE_LOOP('',(#486,#487,#488,#489,#490));
#131=EDGE_LOOP('',(#491,#492,#493,#494,#495,#496));
#132=EDGE_LOOP('',(#497,#498,#499,#500,#501,#502));
#133=EDGE_LOOP('',(#503,#504,#505,#506,#507,#508));
#134=EDGE_LOOP('',(#509,#510,#511,#512));
#135=EDGE_LOOP('',(#513,#514,#515,#516));
#136=EDGE_LOOP('',(#517,#518,#519,#520,#521));
#137=EDGE_LOOP('',(#522,#523,#524,#525));
#138=EDGE_LOOP('',(#526,#527,#528,#529));
#139=EDGE_LOOP('',(#530,#531,#532,#533));
#140=EDGE_LOOP('',(#534,#535,#536,#537,#538,#539));
#141=EDGE_LOOP('',(#540,#541,#542,#543));
#142=EDGE_LOOP('',(#544,#545,#546,#547));
#143=EDGE_LOOP('',(#548,#549,#550,#551));
#144=EDGE_LOOP('',(#552,#553,#554,#555,#556));
#145=EDGE_LOOP('',(#557,#558,#559,#560));
#146=EDGE_LOOP('',(#561,#562,#563,#564));
#147=EDGE_LOOP('',(#565,#566,#567,#568,#569));
#148=EDGE_LOOP('',(#570,#571,#572,#573));
#149=EDGE_LOOP('',(#574,#575,#576,#577,#578,#579,#580,#581));
#150=EDGE_LOOP('',(#582,#583,#584,#585,#586,#587));
#151=EDGE_LOOP('',(#588,#589,#590,#591));
#152=EDGE_LOOP('',(#592,#593,#594,#595));
#153=EDGE_LOOP('',(#596,#597,#598,#599));
#154=EDGE_LOOP('',(#600,#601,#602,#603,#604,#605));
#155=EDGE_LOOP('',(#606,#607,#608,#609));
#156=EDGE_LOOP('',(#610,#611,#612,#613,#614));
#157=EDGE_LOOP('',(#615));
#158=EDGE_LOOP('',(#616,#617,#618,#619,#620));
#159=EDGE_LOOP('',(#621));
#160=EDGE_LOOP('',(#622,#623,#624,#625,#626,#627));
#161=LINE('',#895,#219);
#162=LINE('',#899,#220);
#163=LINE('',#906,#221);
#164=LINE('',#911,#222);
#165=LINE('',#913,#223);
#166=LINE('',#915,#224);
#167=LINE('',#916,#225);
#168=LINE('',#923,#226);
#169=LINE('',#927,#227);
#170=LINE('',#933,#228);
#171=LINE('',#938,#229);
#172=LINE('',#940,#230);
#173=LINE('',#942,#231);
#174=LINE('',#944,#232);
#175=LINE('',#946,#233);
#176=LINE('',#947,#234);
#177=LINE('',#950,#235);
#178=LINE('',#952,#236);
#179=LINE('',#953,#237);
#180=LINE('',#956,#238);
#181=LINE('',#958,#239);
#182=LINE('',#959,#240);
#183=LINE('',#962,#241);
#184=LINE('',#964,#242);
#185=LINE('',#966,#243);
#186=LINE('',#967,#244);
#187=LINE('',#970,#245);
#188=LINE('',#972,#246);
#189=LINE('',#973,#247);
#190=LINE('',#974,#248);
#191=LINE('',#977,#249);
#192=LINE('',#979,#250);
#193=LINE('',#980,#251);
#194=LINE('',#981,#252);
#195=LINE('',#984,#253);
#196=LINE('',#986,#254);
#197=LINE('',#987,#255);
#198=LINE('',#990,#256);
#199=LINE('',#991,#257);
#200=LINE('',#993,#258);
#201=LINE('',#1190,#259);
#202=LINE('',#1247,#260);
#203=LINE('',#1248,#261);
#204=LINE('',#1251,#262);
#205=LINE('',#1456,#263);
#206=LINE('',#1504,#264);
#207=LINE('',#1505,#265);
#208=LINE('',#1508,#266);
#209=LINE('',#1509,#267);
#210=LINE('',#1511,#268);
#211=LINE('',#1708,#269);
#212=LINE('',#1711,#270);
#213=LINE('',#1712,#271);
#214=LINE('',#1768,#272);
#215=LINE('',#1770,#273);
#216=LINE('',#1772,#274);
#217=LINE('',#1773,#275);
#218=LINE('',#1775,#276);
#219=VECTOR('',#740,10.5);
#220=VECTOR('',#745,10.);
#221=VECTOR('',#754,6.);
#222=VECTOR('',#759,10.);
#223=VECTOR('',#760,10.);
#224=VECTOR('',#761,10.);
#225=VECTOR('',#762,10.);
#226=VECTOR('',#769,5.);
#227=VECTOR('',#774,6.);
#228=VECTOR('',#781,5.);
#229=VECTOR('',#786,10.);
#230=VECTOR('',#787,10.);
#231=VECTOR('',#788,10.);
#232=VECTOR('',#789,10.);
#233=VECTOR('',#790,10.);
#234=VECTOR('',#791,10.);
#235=VECTOR('',#794,10.);
#236=VECTOR('',#795,10.);
#237=VECTOR('',#796,10.);
#238=VECTOR('',#799,10.);
#239=VECTOR('',#800,10.);
#240=VECTOR('',#801,10.);
#241=VECTOR('',#804,10.);
#242=VECTOR('',#805,10.);
#243=VECTOR('',#806,10.);
#244=VECTOR('',#807,10.);
#245=VECTOR('',#810,10.);
#246=VECTOR('',#811,10.);
#247=VECTOR('',#812,10.);
#248=VECTOR('',#813,10.);
#249=VECTOR('',#816,10.);
#250=VECTOR('',#817,10.);
#251=VECTOR('',#818,10.);
#252=VECTOR('',#819,10.);
#253=VECTOR('',#822,10.);
#254=VECTOR('',#823,10.);
#255=VECTOR('',#824,10.);
#256=VECTOR('',#827,10.);
#257=VECTOR('',#828,10.);
#258=VECTOR('',#831,10.);
#259=VECTOR('',#832,10.);
#260=VECTOR('',#835,10.);
#261=VECTOR('',#836,10.);
#262=VECTOR('',#839,10.);
#263=VECTOR('',#840,10.);
#264=VECTOR('',#843,10.);
#265=VECTOR('',#844,10.);
#266=VECTOR('',#847,10.);
#267=VECTOR('',#848,10.);
#268=VECTOR('',#851,10.);
#269=VECTOR('',#852,10.);
#270=VECTOR('',#855,10.);
#271=VECTOR('',#856,10.);
#272=VECTOR('',#859,10.);
#273=VECTOR('',#860,10.);
#274=VECTOR('',#861,10.);
#275=VECTOR('',#862,10.);
#276=VECTOR('',#865,10.);
#277=CIRCLE('',#687,11.);
#278=CIRCLE('',#688,10.);
#279=CIRCLE('',#690,10.);
#280=CIRCLE('',#693,7.);
#281=CIRCLE('',#694,5.);
#282=CIRCLE('',#696,7.00000000000001);
#283=CIRCLE('',#698,5.);
#284=CIRCLE('',#699,5.);
#285=CIRCLE('',#701,5.);
#286=CIRCLE('',#703,5.);
#287=CIRCLE('',#704,5.);
#288=CIRCLE('',#726,4.);
#289=CIRCLE('',#727,1.);
#290=CIRCLE('',#730,4.);
#291=CIRCLE('',#731,1.);
#292=VERTEX_POINT('',#892);
#293=VERTEX_POINT('',#894);
#294=VERTEX_POINT('',#898);
#295=VERTEX_POINT('',#903);
#296=VERTEX_POINT('',#905);
#297=VERTEX_POINT('',#909);
#298=VERTEX_POINT('',#910);
#299=VERTEX_POINT('',#912);
#300=VERTEX_POINT('',#914);
#301=VERTEX_POINT('',#917);
#302=VERTEX_POINT('',#920);
#303=VERTEX_POINT('',#921);
#304=VERTEX_POINT('',#926);
#305=VERTEX_POINT('',#930);
#306=VERTEX_POINT('',#931);
#307=VERTEX_POINT('',#936);
#308=VERTEX_POINT('',#937);
#309=VERTEX_POINT('',#939);
#310=VERTEX_POINT('',#941);
#311=VERTEX_POINT('',#943);
#312=VERTEX_POINT('',#945);
#313=VERTEX_POINT('',#949);
#314=VERTEX_POINT('',#951);
#315=VERTEX_POINT('',#955);
#316=VERTEX_POINT('',#957);
#317=VERTEX_POINT('',#961);
#318=VERTEX_POINT('',#963);
#319=VERTEX_POINT('',#965);
#320=VERTEX_POINT('',#969);
#321=VERTEX_POINT('',#971);
#322=VERTEX_POINT('',#976);
#323=VERTEX_POINT('',#978);
#324=VERTEX_POINT('',#983);
#325=VERTEX_POINT('',#985);
#326=VERTEX_POINT('',#989);
#327=VERTEX_POINT('',#1030);
#328=VERTEX_POINT('',#1031);
#329=VERTEX_POINT('',#1108);
#330=VERTEX_POINT('',#1113);
#331=VERTEX_POINT('',#1246);
#332=VERTEX_POINT('',#1250);
#333=VERTEX_POINT('',#1252);
#334=VERTEX_POINT('',#1374);
#335=VERTEX_POINT('',#1375);
#336=VERTEX_POINT('',#1503);
#337=VERTEX_POINT('',#1507);
#338=VERTEX_POINT('',#1548);
#339=VERTEX_POINT('',#1549);
#340=VERTEX_POINT('',#1626);
#341=VERTEX_POINT('',#1631);
#342=VERTEX_POINT('',#1710);
#343=VERTEX_POINT('',#1769);
#344=VERTEX_POINT('',#1771);
#345=VERTEX_POINT('',#1776);
#346=VERTEX_POINT('',#1899);
#347=VERTEX_POINT('',#2028);
#348=VERTEX_POINT('',#2033);
#349=EDGE_CURVE('',#292,#292,#277,.T.);
#350=EDGE_CURVE('',#292,#293,#161,.T.);
#351=EDGE_CURVE('',#293,#293,#278,.T.);
#352=EDGE_CURVE('',#293,#294,#162,.T.);
#353=EDGE_CURVE('',#294,#294,#279,.T.);
#354=EDGE_CURVE('',#295,#295,#280,.T.);
#355=EDGE_CURVE('',#295,#296,#163,.T.);
#356=EDGE_CURVE('',#296,#296,#281,.T.);
#357=EDGE_CURVE('',#297,#298,#164,.T.);
#358=EDGE_CURVE('',#299,#297,#165,.T.);
#359=EDGE_CURVE('',#300,#299,#166,.T.);
#360=EDGE_CURVE('',#298,#300,#167,.T.);
#361=EDGE_CURVE('',#301,#301,#282,.T.);
#362=EDGE_CURVE('',#302,#303,#283,.T.);
#363=EDGE_CURVE('',#302,#296,#168,.T.);
#364=EDGE_CURVE('',#303,#302,#284,.T.);
#365=EDGE_CURVE('',#301,#304,#169,.T.);
#366=EDGE_CURVE('',#304,#304,#285,.T.);
#367=EDGE_CURVE('',#305,#306,#286,.T.);
#368=EDGE_CURVE('',#305,#304,#170,.T.);
#369=EDGE_CURVE('',#306,#305,#287,.T.);
#370=EDGE_CURVE('',#307,#308,#171,.T.);
#371=EDGE_CURVE('',#308,#309,#172,.T.);
#372=EDGE_CURVE('',#309,#310,#173,.T.);
#373=EDGE_CURVE('',#310,#311,#174,.T.);
#374=EDGE_CURVE('',#311,#312,#175,.T.);
#375=EDGE_CURVE('',#312,#307,#176,.T.);
#376=EDGE_CURVE('',#313,#311,#177,.T.);
#377=EDGE_CURVE('',#314,#313,#178,.T.);
#378=EDGE_CURVE('',#312,#314,#179,.T.);
#379=EDGE_CURVE('',#315,#310,#180,.T.);
#380=EDGE_CURVE('',#315,#316,#181,.T.);
#381=EDGE_CURVE('',#313,#316,#182,.T.);
#382=EDGE_CURVE('',#309,#317,#183,.T.);
#383=EDGE_CURVE('',#318,#317,#184,.T.);
#384=EDGE_CURVE('',#318,#319,#185,.T.);
#385=EDGE_CURVE('',#319,#315,#186,.T.);
#386=EDGE_CURVE('',#317,#320,#187,.T.);
#387=EDGE_CURVE('',#320,#321,#188,.T.);
#388=EDGE_CURVE('',#321,#297,#189,.T.);
#389=EDGE_CURVE('',#298,#318,#190,.T.);
#390=EDGE_CURVE('',#307,#322,#191,.T.);
#391=EDGE_CURVE('',#322,#323,#192,.T.);
#392=EDGE_CURVE('',#323,#321,#193,.T.);
#393=EDGE_CURVE('',#320,#308,#194,.T.);
#394=EDGE_CURVE('',#324,#317,#195,.T.);
#395=EDGE_CURVE('',#324,#325,#196,.T.);
#396=EDGE_CURVE('',#320,#325,#197,.T.);
#397=EDGE_CURVE('',#326,#319,#198,.T.);
#398=EDGE_CURVE('',#316,#326,#199,.T.);
#399=EDGE_CURVE('',#326,#300,#200,.T.);
#400=EDGE_CURVE('',#327,#328,#17,.T.);
#401=EDGE_CURVE('',#329,#328,#18,.T.);
#402=EDGE_CURVE('',#329,#330,#19,.T.);
#403=EDGE_CURVE('',#330,#327,#201,.T.);
#404=EDGE_CURVE('',#328,#326,#20,.T.);
#405=EDGE_CURVE('',#300,#329,#21,.T.);
#406=EDGE_CURVE('',#331,#309,#202,.T.);
#407=EDGE_CURVE('',#331,#324,#203,.T.);
#408=EDGE_CURVE('',#327,#332,#204,.T.);
#409=EDGE_CURVE('',#333,#332,#22,.T.);
#410=EDGE_CURVE('',#316,#333,#23,.T.);
#411=EDGE_CURVE('',#334,#335,#24,.T.);
#412=EDGE_CURVE('',#333,#335,#25,.T.);
#413=EDGE_CURVE('',#332,#334,#205,.T.);
#414=EDGE_CURVE('',#335,#313,#26,.T.);
#415=EDGE_CURVE('',#336,#308,#206,.T.);
#416=EDGE_CURVE('',#336,#331,#207,.T.);
#417=EDGE_CURVE('',#314,#337,#208,.T.);
#418=EDGE_CURVE('',#337,#322,#209,.T.);
#419=EDGE_CURVE('',#325,#336,#210,.T.);
#420=EDGE_CURVE('',#338,#339,#27,.T.);
#421=EDGE_CURVE('',#340,#339,#28,.T.);
#422=EDGE_CURVE('',#340,#341,#29,.T.);
#423=EDGE_CURVE('',#341,#338,#211,.T.);
#424=EDGE_CURVE('',#323,#342,#212,.T.);
#425=EDGE_CURVE('',#342,#299,#213,.T.);
#426=EDGE_CURVE('',#339,#299,#30,.T.);
#427=EDGE_CURVE('',#342,#340,#31,.T.);
#428=EDGE_CURVE('',#338,#330,#214,.T.);
#429=EDGE_CURVE('',#343,#341,#215,.T.);
#430=EDGE_CURVE('',#344,#343,#216,.T.);
#431=EDGE_CURVE('',#334,#344,#217,.T.);
#432=EDGE_CURVE('',#342,#337,#218,.T.);
#433=EDGE_CURVE('',#345,#337,#32,.T.);
#434=EDGE_CURVE('',#343,#345,#33,.T.);
#435=EDGE_CURVE('',#346,#345,#34,.T.);
#436=EDGE_CURVE('',#346,#344,#35,.T.);
#437=EDGE_CURVE('',#314,#346,#36,.T.);
#438=EDGE_CURVE('',#347,#347,#288,.T.);
#439=EDGE_CURVE('',#347,#306,#289,.T.);
#440=EDGE_CURVE('',#348,#348,#290,.T.);
#441=EDGE_CURVE('',#348,#303,#291,.T.);
#442=ORIENTED_EDGE('',*,*,#349,.F.);
#443=ORIENTED_EDGE('',*,*,#350,.T.);
#444=ORIENTED_EDGE('',*,*,#351,.T.);
#445=ORIENTED_EDGE('',*,*,#350,.F.);
#446=ORIENTED_EDGE('',*,*,#351,.F.);
#447=ORIENTED_EDGE('',*,*,#352,.T.);
#448=ORIENTED_EDGE('',*,*,#353,.T.);
#449=ORIENTED_EDGE('',*,*,#352,.F.);
#450=ORIENTED_EDGE('',*,*,#353,.F.);
#451=ORIENTED_EDGE('',*,*,#354,.T.);
#452=ORIENTED_EDGE('',*,*,#355,.T.);
#453=ORIENTED_EDGE('',*,*,#356,.T.);
#454=ORIENTED_EDGE('',*,*,#355,.F.);
#455=ORIENTED_EDGE('',*,*,#357,.F.);
#456=ORIENTED_EDGE('',*,*,#358,.F.);
#457=ORIENTED_EDGE('',*,*,#359,.F.);
#458=ORIENTED_EDGE('',*,*,#360,.F.);
#459=ORIENTED_EDGE('',*,*,#361,.F.);
#460=ORIENTED_EDGE('',*,*,#354,.F.);
#461=ORIENTED_EDGE('',*,*,#362,.F.);
#462=ORIENTED_EDGE('',*,*,#363,.T.);
#463=ORIENTED_EDGE('',*,*,#356,.F.);
#464=ORIENTED_EDGE('',*,*,#363,.F.);
#465=ORIENTED_EDGE('',*,*,#364,.F.);
#466=ORIENTED_EDGE('',*,*,#361,.T.);
#467=ORIENTED_EDGE('',*,*,#365,.T.);
#468=ORIENTED_EDGE('',*,*,#366,.T.);
#469=ORIENTED_EDGE('',*,*,#365,.F.);
#470=ORIENTED_EDGE('',*,*,#367,.F.);
#471=ORIENTED_EDGE('',*,*,#368,.T.);
#472=ORIENTED_EDGE('',*,*,#366,.F.);
#473=ORIENTED_EDGE('',*,*,#368,.F.);
#474=ORIENTED_EDGE('',*,*,#369,.F.);
#475=ORIENTED_EDGE('',*,*,#370,.T.);
#476=ORIENTED_EDGE('',*,*,#371,.T.);
#477=ORIENTED_EDGE('',*,*,#372,.T.);
#478=ORIENTED_EDGE('',*,*,#373,.T.);
#479=ORIENTED_EDGE('',*,*,#374,.T.);
#480=ORIENTED_EDGE('',*,*,#375,.T.);
#481=ORIENTED_EDGE('',*,*,#374,.F.);
#482=ORIENTED_EDGE('',*,*,#376,.F.);
#483=ORIENTED_EDGE('',*,*,#377,.F.);
#484=ORIENTED_EDGE('',*,*,#378,.F.);
#485=ORIENTED_EDGE('',*,*,#349,.T.);
#486=ORIENTED_EDGE('',*,*,#373,.F.);
#487=ORIENTED_EDGE('',*,*,#379,.F.);
#488=ORIENTED_EDGE('',*,*,#380,.T.);
#489=ORIENTED_EDGE('',*,*,#381,.F.);
#490=ORIENTED_EDGE('',*,*,#376,.T.);
#491=ORIENTED_EDGE('',*,*,#372,.F.);
#492=ORIENTED_EDGE('',*,*,#382,.T.);
#493=ORIENTED_EDGE('',*,*,#383,.F.);
#494=ORIENTED_EDGE('',*,*,#384,.T.);
#495=ORIENTED_EDGE('',*,*,#385,.T.);
#496=ORIENTED_EDGE('',*,*,#379,.T.);
#497=ORIENTED_EDGE('',*,*,#383,.T.);
#498=ORIENTED_EDGE('',*,*,#386,.T.);
#499=ORIENTED_EDGE('',*,*,#387,.T.);
#500=ORIENTED_EDGE('',*,*,#388,.T.);
#501=ORIENTED_EDGE('',*,*,#357,.T.);
#502=ORIENTED_EDGE('',*,*,#389,.T.);
#503=ORIENTED_EDGE('',*,*,#370,.F.);
#504=ORIENTED_EDGE('',*,*,#390,.T.);
#505=ORIENTED_EDGE('',*,*,#391,.T.);
#506=ORIENTED_EDGE('',*,*,#392,.T.);
#507=ORIENTED_EDGE('',*,*,#387,.F.);
#508=ORIENTED_EDGE('',*,*,#393,.T.);
#509=ORIENTED_EDGE('',*,*,#386,.F.);
#510=ORIENTED_EDGE('',*,*,#394,.F.);
#511=ORIENTED_EDGE('',*,*,#395,.T.);
#512=ORIENTED_EDGE('',*,*,#396,.F.);
#513=ORIENTED_EDGE('',*,*,#385,.F.);
#514=ORIENTED_EDGE('',*,*,#397,.F.);
#515=ORIENTED_EDGE('',*,*,#398,.F.);
#516=ORIENTED_EDGE('',*,*,#380,.F.);
#517=ORIENTED_EDGE('',*,*,#389,.F.);
#518=ORIENTED_EDGE('',*,*,#360,.T.);
#519=ORIENTED_EDGE('',*,*,#399,.F.);
#520=ORIENTED_EDGE('',*,*,#397,.T.);
#521=ORIENTED_EDGE('',*,*,#384,.F.);
#522=ORIENTED_EDGE('',*,*,#400,.T.);
#523=ORIENTED_EDGE('',*,*,#401,.F.);
#524=ORIENTED_EDGE('',*,*,#402,.T.);
#525=ORIENTED_EDGE('',*,*,#403,.T.);
#526=ORIENTED_EDGE('',*,*,#401,.T.);
#527=ORIENTED_EDGE('',*,*,#404,.T.);
#528=ORIENTED_EDGE('',*,*,#399,.T.);
#529=ORIENTED_EDGE('',*,*,#405,.T.);
#530=ORIENTED_EDGE('',*,*,#382,.F.);
#531=ORIENTED_EDGE('',*,*,#406,.F.);
#532=ORIENTED_EDGE('',*,*,#407,.T.);
#533=ORIENTED_EDGE('',*,*,#394,.T.);
#534=ORIENTED_EDGE('',*,*,#404,.F.);
#535=ORIENTED_EDGE('',*,*,#400,.F.);
#536=ORIENTED_EDGE('',*,*,#408,.T.);
#537=ORIENTED_EDGE('',*,*,#409,.F.);
#538=ORIENTED_EDGE('',*,*,#410,.F.);
#539=ORIENTED_EDGE('',*,*,#398,.T.);
#540=ORIENTED_EDGE('',*,*,#411,.T.);
#541=ORIENTED_EDGE('',*,*,#412,.F.);
#542=ORIENTED_EDGE('',*,*,#409,.T.);
#543=ORIENTED_EDGE('',*,*,#413,.T.);
#544=ORIENTED_EDGE('',*,*,#412,.T.);
#545=ORIENTED_EDGE('',*,*,#414,.T.);
#546=ORIENTED_EDGE('',*,*,#381,.T.);
#547=ORIENTED_EDGE('',*,*,#410,.T.);
#548=ORIENTED_EDGE('',*,*,#371,.F.);
#549=ORIENTED_EDGE('',*,*,#415,.F.);
#550=ORIENTED_EDGE('',*,*,#416,.T.);
#551=ORIENTED_EDGE('',*,*,#406,.T.);
#552=ORIENTED_EDGE('',*,*,#375,.F.);
#553=ORIENTED_EDGE('',*,*,#378,.T.);
#554=ORIENTED_EDGE('',*,*,#417,.T.);
#555=ORIENTED_EDGE('',*,*,#418,.T.);
#556=ORIENTED_EDGE('',*,*,#390,.F.);
#557=ORIENTED_EDGE('',*,*,#393,.F.);
#558=ORIENTED_EDGE('',*,*,#396,.T.);
#559=ORIENTED_EDGE('',*,*,#419,.T.);
#560=ORIENTED_EDGE('',*,*,#415,.T.);
#561=ORIENTED_EDGE('',*,*,#420,.T.);
#562=ORIENTED_EDGE('',*,*,#421,.F.);
#563=ORIENTED_EDGE('',*,*,#422,.T.);
#564=ORIENTED_EDGE('',*,*,#423,.T.);
#565=ORIENTED_EDGE('',*,*,#388,.F.);
#566=ORIENTED_EDGE('',*,*,#392,.F.);
#567=ORIENTED_EDGE('',*,*,#424,.T.);
#568=ORIENTED_EDGE('',*,*,#425,.T.);
#569=ORIENTED_EDGE('',*,*,#358,.T.);
#570=ORIENTED_EDGE('',*,*,#421,.T.);
#571=ORIENTED_EDGE('',*,*,#426,.T.);
#572=ORIENTED_EDGE('',*,*,#425,.F.);
#573=ORIENTED_EDGE('',*,*,#427,.T.);
#574=ORIENTED_EDGE('',*,*,#403,.F.);
#575=ORIENTED_EDGE('',*,*,#428,.F.);
#576=ORIENTED_EDGE('',*,*,#423,.F.);
#577=ORIENTED_EDGE('',*,*,#429,.F.);
#578=ORIENTED_EDGE('',*,*,#430,.F.);
#579=ORIENTED_EDGE('',*,*,#431,.F.);
#580=ORIENTED_EDGE('',*,*,#413,.F.);
#581=ORIENTED_EDGE('',*,*,#408,.F.);
#582=ORIENTED_EDGE('',*,*,#422,.F.);
#583=ORIENTED_EDGE('',*,*,#427,.F.);
#584=ORIENTED_EDGE('',*,*,#432,.T.);
#585=ORIENTED_EDGE('',*,*,#433,.F.);
#586=ORIENTED_EDGE('',*,*,#434,.F.);
#587=ORIENTED_EDGE('',*,*,#429,.T.);
#588=ORIENTED_EDGE('',*,*,#391,.F.);
#589=ORIENTED_EDGE('',*,*,#418,.F.);
#590=ORIENTED_EDGE('',*,*,#432,.F.);
#591=ORIENTED_EDGE('',*,*,#424,.F.);
#592=ORIENTED_EDGE('',*,*,#434,.T.);
#593=ORIENTED_EDGE('',*,*,#435,.F.);
#594=ORIENTED_EDGE('',*,*,#436,.T.);
#595=ORIENTED_EDGE('',*,*,#430,.T.);
#596=ORIENTED_EDGE('',*,*,#435,.T.);
#597=ORIENTED_EDGE('',*,*,#433,.T.);
#598=ORIENTED_EDGE('',*,*,#417,.F.);
#599=ORIENTED_EDGE('',*,*,#437,.T.);
#600=ORIENTED_EDGE('',*,*,#411,.F.);
#601=ORIENTED_EDGE('',*,*,#431,.T.);
#602=ORIENTED_EDGE('',*,*,#436,.F.);
#603=ORIENTED_EDGE('',*,*,#437,.F.);
#604=ORIENTED_EDGE('',*,*,#377,.T.);
#605=ORIENTED_EDGE('',*,*,#414,.F.);
#606=ORIENTED_EDGE('',*,*,#419,.F.);
#607=ORIENTED_EDGE('',*,*,#395,.F.);
#608=ORIENTED_EDGE('',*,*,#407,.F.);
#609=ORIENTED_EDGE('',*,*,#416,.F.);
#610=ORIENTED_EDGE('',*,*,#438,.T.);
#611=ORIENTED_EDGE('',*,*,#439,.T.);
#612=ORIENTED_EDGE('',*,*,#369,.T.);
#613=ORIENTED_EDGE('',*,*,#367,.T.);
#614=ORIENTED_EDGE('',*,*,#439,.F.);
#615=ORIENTED_EDGE('',*,*,#438,.F.);
#616=ORIENTED_EDGE('',*,*,#440,.T.);
#617=ORIENTED_EDGE('',*,*,#441,.T.);
#618=ORIENTED_EDGE('',*,*,#364,.T.);
#619=ORIENTED_EDGE('',*,*,#362,.T.);
#620=ORIENTED_EDGE('',*,*,#441,.F.);
#621=ORIENTED_EDGE('',*,*,#440,.F.);
#622=ORIENTED_EDGE('',*,*,#405,.F.);
#623=ORIENTED_EDGE('',*,*,#359,.T.);
#624=ORIENTED_EDGE('',*,*,#426,.F.);
#625=ORIENTED_EDGE('',*,*,#420,.F.);
#626=ORIENTED_EDGE('',*,*,#428,.T.);
#627=ORIENTED_EDGE('',*,*,#402,.F.);
#628=CONICAL_SURFACE('',#686,10.5,0.785398163397448);
#629=CONICAL_SURFACE('',#692,6.,0.785398163397448);
#630=CONICAL_SURFACE('',#700,6.00000000000001,0.785398163397448);
#631=ADVANCED_FACE('',(#76),#628,.F.);
#632=ADVANCED_FACE('',(#77),#69,.F.);
#633=ADVANCED_FACE('',(#78),#48,.F.);
#634=ADVANCED_FACE('',(#79),#629,.T.);
#635=ADVANCED_FACE('',(#80,#45,#46),#49,.T.);
#636=ADVANCED_FACE('',(#81),#70,.T.);
#637=ADVANCED_FACE('',(#82),#630,.T.);
#638=ADVANCED_FACE('',(#83),#71,.T.);
#639=ADVANCED_FACE('',(#84),#50,.T.);
#640=ADVANCED_FACE('',(#85,#47),#51,.T.);
#641=ADVANCED_FACE('',(#86),#52,.T.);
#642=ADVANCED_FACE('',(#87),#53,.T.);
#643=ADVANCED_FACE('',(#88),#54,.T.);
#644=ADVANCED_FACE('',(#89),#55,.T.);
#645=ADVANCED_FACE('',(#90),#56,.T.);
#646=ADVANCED_FACE('',(#91),#57,.T.);
#647=ADVANCED_FACE('',(#92),#58,.T.);
#648=ADVANCED_FACE('',(#93),#37,.T.);
#649=ADVANCED_FACE('',(#94),#38,.T.);
#650=ADVANCED_FACE('',(#95),#59,.T.);
#651=ADVANCED_FACE('',(#96),#72,.T.);
#652=ADVANCED_FACE('',(#97),#39,.T.);
#653=ADVANCED_FACE('',(#98),#40,.T.);
#654=ADVANCED_FACE('',(#99),#60,.T.);
#655=ADVANCED_FACE('',(#100),#61,.T.);
#656=ADVANCED_FACE('',(#101),#62,.T.);
#657=ADVANCED_FACE('',(#102),#41,.T.);
#658=ADVANCED_FACE('',(#103),#63,.T.);
#659=ADVANCED_FACE('',(#104),#42,.T.);
#660=ADVANCED_FACE('',(#105),#64,.T.);
#661=ADVANCED_FACE('',(#106),#73,.T.);
#662=ADVANCED_FACE('',(#107),#65,.T.);
#663=ADVANCED_FACE('',(#108),#43,.T.);
#664=ADVANCED_FACE('',(#109),#44,.T.);
#665=ADVANCED_FACE('',(#110),#74,.T.);
#666=ADVANCED_FACE('',(#111),#66,.F.);
#667=ADVANCED_FACE('',(#112),#15,.T.);
#668=ADVANCED_FACE('',(#113),#67,.T.);
#669=ADVANCED_FACE('',(#114),#16,.T.);
#670=ADVANCED_FACE('',(#115),#68,.T.);
#671=ADVANCED_FACE('',(#116),#75,.T.);
#672=CLOSED_SHELL('',(#631,#632,#633,#634,#635,#636,#637,#638,#639,#640,
#641,#642,#643,#644,#645,#646,#647,#648,#649,#650,#651,#652,#653,#654,#655,
#656,#657,#658,#659,#660,#661,#662,#663,#664,#665,#666,#667,#668,#669,#670,
#671));
#673=DERIVED_UNIT_ELEMENT(#675,1.);
#674=DERIVED_UNIT_ELEMENT(#2043,-3.);
#675=(
MASS_UNIT()
NAMED_UNIT(*)
SI_UNIT(.KILO.,.GRAM.)
);
#676=DERIVED_UNIT((#673,#674));
#677=MEASURE_REPRESENTATION_ITEM('density measure',
POSITIVE_RATIO_MEASURE(7850.),#676);
#678=PROPERTY_DEFINITION_REPRESENTATION(#683,#680);
#679=PROPERTY_DEFINITION_REPRESENTATION(#684,#681);
#680=REPRESENTATION('material name',(#682),#2040);
#681=REPRESENTATION('density',(#677),#2040);
#682=DESCRIPTIVE_REPRESENTATION_ITEM('Steel','Steel');
#683=PROPERTY_DEFINITION('material property','material name',#2050);
#684=PROPERTY_DEFINITION('material property','density of part',#2050);
#685=AXIS2_PLACEMENT_3D('',#890,#734,#735);
#686=AXIS2_PLACEMENT_3D('',#891,#736,#737);
#687=AXIS2_PLACEMENT_3D('',#893,#738,#739);
#688=AXIS2_PLACEMENT_3D('',#896,#741,#742);
#689=AXIS2_PLACEMENT_3D('',#897,#743,#744);
#690=AXIS2_PLACEMENT_3D('',#900,#746,#747);
#691=AXIS2_PLACEMENT_3D('',#901,#748,#749);
#692=AXIS2_PLACEMENT_3D('',#902,#750,#751);
#693=AXIS2_PLACEMENT_3D('',#904,#752,#753);
#694=AXIS2_PLACEMENT_3D('',#907,#755,#756);
#695=AXIS2_PLACEMENT_3D('',#908,#757,#758);
#696=AXIS2_PLACEMENT_3D('',#918,#763,#764);
#697=AXIS2_PLACEMENT_3D('',#919,#765,#766);
#698=AXIS2_PLACEMENT_3D('',#922,#767,#768);
#699=AXIS2_PLACEMENT_3D('',#924,#770,#771);
#700=AXIS2_PLACEMENT_3D('',#925,#772,#773);
#701=AXIS2_PLACEMENT_3D('',#928,#775,#776);
#702=AXIS2_PLACEMENT_3D('',#929,#777,#778);
#703=AXIS2_PLACEMENT_3D('',#932,#779,#780);
#704=AXIS2_PLACEMENT_3D('',#934,#782,#783);
#705=AXIS2_PLACEMENT_3D('',#935,#784,#785);
#706=AXIS2_PLACEMENT_3D('',#948,#792,#793);
#707=AXIS2_PLACEMENT_3D('',#954,#797,#798);
#708=AXIS2_PLACEMENT_3D('',#960,#802,#803);
#709=AXIS2_PLACEMENT_3D('',#968,#808,#809);
#710=AXIS2_PLACEMENT_3D('',#975,#814,#815);
#711=AXIS2_PLACEMENT_3D('',#982,#820,#821);
#712=AXIS2_PLACEMENT_3D('',#988,#825,#826);
#713=AXIS2_PLACEMENT_3D('',#992,#829,#830);
#714=AXIS2_PLACEMENT_3D('',#1245,#833,#834);
#715=AXIS2_PLACEMENT_3D('',#1249,#837,#838);
#716=AXIS2_PLACEMENT_3D('',#1502,#841,#842);
#717=AXIS2_PLACEMENT_3D('',#1506,#845,#846);
#718=AXIS2_PLACEMENT_3D('',#1510,#849,#850);
#719=AXIS2_PLACEMENT_3D('',#1709,#853,#854);
#720=AXIS2_PLACEMENT_3D('',#1767,#857,#858);
#721=AXIS2_PLACEMENT_3D('',#1774,#863,#864);
#722=AXIS2_PLACEMENT_3D('',#1862,#866,#867);
#723=AXIS2_PLACEMENT_3D('',#2025,#868,#869);
#724=AXIS2_PLACEMENT_3D('',#2026,#870,#871);
#725=AXIS2_PLACEMENT_3D('',#2027,#872,#873);
#726=AXIS2_PLACEMENT_3D('',#2029,#874,#875);
#727=AXIS2_PLACEMENT_3D('',#2030,#876,#877);
#728=AXIS2_PLACEMENT_3D('',#2031,#878,#879);
#729=AXIS2_PLACEMENT_3D('',#2032,#880,#881);
#730=AXIS2_PLACEMENT_3D('',#2034,#882,#883);
#731=AXIS2_PLACEMENT_3D('',#2035,#884,#885);
#732=AXIS2_PLACEMENT_3D('',#2036,#886,#887);
#733=AXIS2_PLACEMENT_3D('',#2037,#888,#889);
#734=DIRECTION('axis',(0.,0.,1.));
#735=DIRECTION('refdir',(1.,0.,0.));
#736=DIRECTION('center_axis',(-1.,0.,0.));
#737=DIRECTION('ref_axis',(0.,-1.,0.));
#738=DIRECTION('center_axis',(1.,0.,0.));
#739=DIRECTION('ref_axis',(0.,-1.,0.));
#740=DIRECTION('',(0.707106781186548,-0.707106781186547,-8.65956056235493E-17));
#741=DIRECTION('center_axis',(1.,0.,0.));
#742=DIRECTION('ref_axis',(0.,-1.,0.));
#743=DIRECTION('center_axis',(1.,0.,0.));
#744=DIRECTION('ref_axis',(0.,-1.,0.));
#745=DIRECTION('',(1.,0.,0.));
#746=DIRECTION('center_axis',(1.,0.,0.));
#747=DIRECTION('ref_axis',(0.,-1.,0.));
#748=DIRECTION('center_axis',(1.,0.,0.));
#749=DIRECTION('ref_axis',(0.,-1.,0.));
#750=DIRECTION('center_axis',(-1.,0.,0.));
#751=DIRECTION('ref_axis',(0.,1.,0.));
#752=DIRECTION('center_axis',(1.,0.,0.));
#753=DIRECTION('ref_axis',(0.,1.,0.));
#754=DIRECTION('',(0.707106781186547,0.707106781186547,-8.65956056235493E-17));
#755=DIRECTION('center_axis',(-1.,0.,0.));
#756=DIRECTION('ref_axis',(0.,1.,0.));
#757=DIRECTION('center_axis',(1.,0.,0.));
#758=DIRECTION('ref_axis',(0.,1.,0.));
#759=DIRECTION('',(0.,-1.,0.));
#760=DIRECTION('',(0.,0.,-1.));
#761=DIRECTION('',(0.,1.,0.));
#762=DIRECTION('',(0.,0.,1.));
#763=DIRECTION('center_axis',(1.,0.,0.));
#764=DIRECTION('ref_axis',(0.,1.,0.));
#765=DIRECTION('center_axis',(1.,0.,0.));
#766=DIRECTION('ref_axis',(0.,1.,0.));
#767=DIRECTION('center_axis',(1.,0.,0.));
#768=DIRECTION('ref_axis',(0.,1.,0.));
#769=DIRECTION('',(-1.,0.,0.));
#770=DIRECTION('center_axis',(1.,0.,0.));
#771=DIRECTION('ref_axis',(0.,1.,0.));
#772=DIRECTION('center_axis',(-1.,0.,0.));
#773=DIRECTION('ref_axis',(0.,1.,0.));
#774=DIRECTION('',(0.707106781186548,0.707106781186548,-8.65956056235493E-17));
#775=DIRECTION('center_axis',(-1.,0.,0.));
#776=DIRECTION('ref_axis',(0.,1.,0.));
#777=DIRECTION('center_axis',(1.,0.,0.));
#778=DIRECTION('ref_axis',(0.,1.,0.));
#779=DIRECTION('center_axis',(1.,0.,0.));
#780=DIRECTION('ref_axis',(0.,1.,0.));
#781=DIRECTION('',(-1.,0.,0.));
#782=DIRECTION('center_axis',(1.,0.,0.));
#783=DIRECTION('ref_axis',(0.,1.,0.));
#784=DIRECTION('center_axis',(-0.923879532511287,0.,-0.382683432365089));
#785=DIRECTION('ref_axis',(-0.382683432365089,0.,0.923879532511287));
#786=DIRECTION('',(0.357406744336593,-0.357406744336593,-0.862856209461017));
#787=DIRECTION('',(0.,-1.,0.));
#788=DIRECTION('',(-0.357406744336593,-0.357406744336594,0.862856209461017));
#789=DIRECTION('',(-0.357406744336593,0.357406744336593,0.862856209461017));
#790=DIRECTION('',(0.,1.,0.));
#791=DIRECTION('',(0.357406744336593,0.357406744336593,-0.862856209461017));
#792=DIRECTION('center_axis',(-1.,0.,0.));
#793=DIRECTION('ref_axis',(0.,-1.,0.));
#794=DIRECTION('',(0.,0.,-1.));
#795=DIRECTION('',(0.,-1.,0.));
#796=DIRECTION('',(0.,0.,1.));
#797=DIRECTION('center_axis',(-0.707106781186548,-0.707106781186547,0.));
#798=DIRECTION('ref_axis',(0.,0.,1.));
#799=DIRECTION('',(-0.357406744336593,0.357406744336594,-0.862856209461017));
#800=DIRECTION('',(0.,0.,1.));
#801=DIRECTION('',(0.707106781186547,-0.707106781186548,0.));
#802=DIRECTION('center_axis',(0.,-0.923879532511287,-0.38268343236509));
#803=DIRECTION('ref_axis',(0.,0.38268343236509,-0.923879532511287));
#804=DIRECTION('',(1.,0.,0.));
#805=DIRECTION('',(-0.357406744336595,0.357406744336593,-0.862856209461016));
#806=DIRECTION('',(-0.357406744336593,-0.357406744336593,0.862856209461017));
#807=DIRECTION('',(-1.,0.,0.));
#808=DIRECTION('center_axis',(0.923879532511286,0.,-0.382683432365091));
#809=DIRECTION('ref_axis',(-0.382683432365091,0.,-0.923879532511286));
#810=DIRECTION('',(0.,1.,0.));
#811=DIRECTION('',(0.357406744336595,0.357406744336592,0.862856209461017));
#812=DIRECTION('',(0.357406744336594,-0.357406744336594,0.862856209461016));
#813=DIRECTION('',(-0.357406744336594,-0.357406744336595,-0.862856209461016));
#814=DIRECTION('center_axis',(0.,0.923879532511287,-0.382683432365089));
#815=DIRECTION('ref_axis',(0.,0.382683432365089,0.923879532511287));
#816=DIRECTION('',(0.357406744336593,0.357406744336593,0.862856209461017));
#817=DIRECTION('',(1.,0.,0.));
#818=DIRECTION('',(0.357406744336593,-0.357406744336593,-0.862856209461017));
#819=DIRECTION('',(-1.,0.,0.));
#820=DIRECTION('center_axis',(0.707106781186547,0.,-0.707106781186548));
#821=DIRECTION('ref_axis',(-0.707106781186548,0.,-0.707106781186547));
#822=DIRECTION('',(0.577350269189626,-0.577350269189626,0.577350269189626));
#823=DIRECTION('',(0.,1.,0.));
#824=DIRECTION('',(-0.577350269189626,-0.577350269189626,-0.577350269189625));
#825=DIRECTION('center_axis',(0.,-1.,0.));
#826=DIRECTION('ref_axis',(1.,0.,0.));
#827=DIRECTION('',(0.,0.,-1.));
#828=DIRECTION('',(1.,0.,0.));
#829=DIRECTION('center_axis',(0.707106781186548,-0.707106781186547,0.));
#830=DIRECTION('ref_axis',(0.,0.,-1.));
#831=DIRECTION('',(0.707106781186547,0.707106781186548,0.));
#832=DIRECTION('',(-0.707106781186548,-0.707106781186547,0.));
#833=DIRECTION('center_axis',(0.,-0.707106781186548,-0.707106781186547));
#834=DIRECTION('ref_axis',(-1.,0.,0.));
#835=DIRECTION('',(-0.577350269189626,-0.577350269189626,0.577350269189626));
#836=DIRECTION('',(1.,0.,0.));
#837=DIRECTION('center_axis',(1.,0.,0.));
#838=DIRECTION('ref_axis',(0.,-0.707106781186546,0.707106781186549));
#839=DIRECTION('',(-1.,0.,0.));
#840=DIRECTION('',(-0.707106781186548,0.707106781186547,0.));
#841=DIRECTION('center_axis',(-0.707106781186547,0.,-0.707106781186548));
#842=DIRECTION('ref_axis',(-0.707106781186548,0.,0.707106781186547));
#843=DIRECTION('',(-0.577350269189626,0.577350269189626,0.577350269189625));
#844=DIRECTION('',(0.,-1.,0.));
#845=DIRECTION('center_axis',(-0.707106781186548,0.707106781186548,0.));
#846=DIRECTION('ref_axis',(0.,0.,1.));
#847=DIRECTION('',(0.707106781186548,0.707106781186548,0.));
#848=DIRECTION('',(0.,0.,-1.));
#849=DIRECTION('center_axis',(0.,0.707106781186547,-0.707106781186548));
#850=DIRECTION('ref_axis',(-1.,0.,0.));
#851=DIRECTION('',(-1.,0.,0.));
#852=DIRECTION('',(0.707106781186549,-0.707106781186546,0.));
#853=DIRECTION('center_axis',(0.707106781186548,0.707106781186548,0.));
#854=DIRECTION('ref_axis',(0.,0.,-1.));
#855=DIRECTION('',(0.,0.,1.));
#856=DIRECTION('',(0.707106781186547,-0.707106781186547,0.));
#857=DIRECTION('center_axis',(0.,0.,1.));
#858=DIRECTION('ref_axis',(1.,0.,0.));
#859=DIRECTION('',(0.,-1.,0.));
#860=DIRECTION('',(1.,0.,0.));
#861=DIRECTION('',(0.707106781186546,0.707106781186549,0.));
#862=DIRECTION('',(0.,1.,0.));
#863=DIRECTION('center_axis',(-1.,0.,0.));
#864=DIRECTION('ref_axis',(0.,0.707106781186548,0.707106781186548));
#865=DIRECTION('',(-1.,0.,0.));
#866=DIRECTION('center_axis',(0.,1.,0.));
#867=DIRECTION('ref_axis',(-1.,0.,0.));
#868=DIRECTION('center_axis',(0.,-1.,0.));
#869=DIRECTION('ref_axis',(-0.707106781186548,0.,0.707106781186548));
#870=DIRECTION('center_axis',(0.,0.,1.));
#871=DIRECTION('ref_axis',(1.,0.,0.));
#872=DIRECTION('center_axis',(1.,0.,0.));
#873=DIRECTION('ref_axis',(0.,0.,-1.));
#874=DIRECTION('center_axis',(-1.,0.,0.));
#875=DIRECTION('ref_axis',(0.,1.,0.));
#876=DIRECTION('center_axis',(0.,-1.,0.));
#877=DIRECTION('ref_axis',(0.,0.,1.));
#878=DIRECTION('center_axis',(1.,0.,0.));
#879=DIRECTION('ref_axis',(0.,1.,0.));
#880=DIRECTION('center_axis',(1.,0.,0.));
#881=DIRECTION('ref_axis',(0.,0.,-1.));
#882=DIRECTION('center_axis',(-1.,0.,0.));
#883=DIRECTION('ref_axis',(0.,1.,0.));
#884=DIRECTION('center_axis',(0.,-1.,0.));
#885=DIRECTION('ref_axis',(0.,0.,1.));
#886=DIRECTION('center_axis',(1.,0.,0.));
#887=DIRECTION('ref_axis',(0.,1.,0.));
#888=DIRECTION('center_axis',(0.,1.,0.));
#889=DIRECTION('ref_axis',(0.707106781186546,0.,0.707106781186549));
#890=CARTESIAN_POINT('',(0.,0.,0.));
#891=CARTESIAN_POINT('Origin',(-49.5,28.9960503578186,44.1270542144775));
#892=CARTESIAN_POINT('',(-50.,39.9960503578186,44.1270542144775));
#893=CARTESIAN_POINT('Origin',(-50.,28.9960503578186,44.1270542144775));
#894=CARTESIAN_POINT('',(-49.,38.9960503578186,44.1270542144775));
#895=CARTESIAN_POINT('',(-49.5,39.4960503578186,44.1270542144775));
#896=CARTESIAN_POINT('Origin',(-49.,28.9960503578186,44.1270542144775));
#897=CARTESIAN_POINT('Origin',(-35.,28.9960503578186,44.1270542144775));
#898=CARTESIAN_POINT('',(-20.,38.9960503578186,44.1270542144775));
#899=CARTESIAN_POINT('',(-35.,38.9960503578186,44.1270542144775));
#900=CARTESIAN_POINT('Origin',(-20.,28.9960503578186,44.1270542144775));
#901=CARTESIAN_POINT('Origin',(-20.,28.9960503578186,44.1270542144775));
#902=CARTESIAN_POINT('Origin',(34.1682960639655,36.824643661568,49.8830279387198));
#903=CARTESIAN_POINT('',(33.1682960639655,29.824643661568,49.8830279387198));
#904=CARTESIAN_POINT('Origin',(33.1682960639655,36.824643661568,49.8830279387198));
#905=CARTESIAN_POINT('',(35.1682960639655,31.824643661568,49.8830279387198));
#906=CARTESIAN_POINT('',(34.1682960639655,30.824643661568,49.8830279387198));
#907=CARTESIAN_POINT('Origin',(35.1682960639655,36.824643661568,49.8830279387198));
#908=CARTESIAN_POINT('Origin',(33.1682960639655,3.91751528314554,0.));
#909=CARTESIAN_POINT('',(33.1682960639655,48.,4.));
#910=CARTESIAN_POINT('',(33.1682960639655,5.91751528314554,4.));
#911=CARTESIAN_POINT('',(33.1682960639655,9.67782587275235,4.));
#912=CARTESIAN_POINT('',(33.1682960639655,48.,68.));
#913=CARTESIAN_POINT('',(33.1682960639655,48.,0.));
#914=CARTESIAN_POINT('',(33.1682960639655,5.91751528314554,68.));
#915=CARTESIAN_POINT('',(33.1682960639655,15.4381364623592,68.));
#916=CARTESIAN_POINT('',(33.1682960639655,5.91751528314554,0.));
#917=CARTESIAN_POINT('',(33.1682960639655,9.45356418921125,49.8830279387198));
#918=CARTESIAN_POINT('Origin',(33.1682960639655,16.4535641892113,49.8830279387198));
#919=CARTESIAN_POINT('Origin',(33.1682960639655,36.824643661568,49.8830279387198));
#920=CARTESIAN_POINT('',(52.1682960639655,31.824643661568,49.8830279387198));
#921=CARTESIAN_POINT('',(52.1682960639655,36.824643661568,54.8830279387198));
#922=CARTESIAN_POINT('Origin',(52.1682960639655,36.824643661568,49.8830279387198));
#923=CARTESIAN_POINT('',(33.1682960639655,31.824643661568,49.8830279387198));
#924=CARTESIAN_POINT('Origin',(52.1682960639655,36.824643661568,49.8830279387198));
#925=CARTESIAN_POINT('Origin',(34.1682960639655,16.4535641892113,49.8830279387198));
#926=CARTESIAN_POINT('',(35.1682960639655,11.4535641892113,49.8830279387198));
#927=CARTESIAN_POINT('',(34.1682960639655,10.4535641892113,49.8830279387198));
#928=CARTESIAN_POINT('Origin',(35.1682960639655,16.4535641892113,49.8830279387198));
#929=CARTESIAN_POINT('Origin',(33.1682960639655,16.4535641892113,49.8830279387198));
#930=CARTESIAN_POINT('',(52.1682960639655,11.4535641892113,49.8830279387198));
#931=CARTESIAN_POINT('',(52.1682960639655,16.4535641892113,54.8830279387198));
#932=CARTESIAN_POINT('Origin',(52.1682960639655,16.4535641892113,49.8830279387198));
#933=CARTESIAN_POINT('',(33.1682960639655,11.4535641892113,49.8830279387198));
#934=CARTESIAN_POINT('Origin',(52.1682960639655,16.4535641892113,49.8830279387198));
#935=CARTESIAN_POINT('Origin',(-49.2928932188135,44.2396894103932,2.29289321881345));
#936=CARTESIAN_POINT('',(-49.,49.,1.58578643762691));
#937=CARTESIAN_POINT('',(-48.5857864376269,48.5857864376269,0.585786437626906));
#938=CARTESIAN_POINT('',(-44.3673599760355,44.3673599760355,-9.59839593782054));
#939=CARTESIAN_POINT('',(-48.5857864376269,5.33172884551864,0.585786437626905));
#940=CARTESIAN_POINT('',(-48.5857864376269,44.2396894103932,0.585786437626902));
#941=CARTESIAN_POINT('',(-49.,4.91751528314554,1.58578643762691));
#942=CARTESIAN_POINT('',(-46.1438572255539,7.77365805759164,-5.30955218451479));
#943=CARTESIAN_POINT('',(-50.,5.91751528314554,4.));
#944=CARTESIAN_POINT('',(-51.3947177641842,7.31223304732969,7.36714654197605));
#945=CARTESIAN_POINT('',(-50.,48.,4.));
#946=CARTESIAN_POINT('',(-50.,44.2396894103932,4.));
#947=CARTESIAN_POINT('',(-49.1872587825205,48.8127412174795,2.03786913006133));
#948=CARTESIAN_POINT('Origin',(-50.,50.,0.));
#949=CARTESIAN_POINT('',(-50.,5.91751528314554,68.));
#950=CARTESIAN_POINT('',(-50.,5.91751528314554,0.));
#951=CARTESIAN_POINT('',(-50.,48.,68.));
#952=CARTESIAN_POINT('',(-50.,38.4793788207864,68.));
#953=CARTESIAN_POINT('',(-50.,48.,0.));
#954=CARTESIAN_POINT('Origin',(-49.,4.91751528314554,0.));
#955=CARTESIAN_POINT('',(-48.,3.91751528314554,4.));
#956=CARTESIAN_POINT('',(-48.5166583425598,4.43417362570533,2.75267642227896));
#957=CARTESIAN_POINT('',(-48.,3.91751528314554,68.));
#958=CARTESIAN_POINT('',(-48.,3.91751528314554,0.));
#959=CARTESIAN_POINT('',(-50.,5.91751528314554,68.));
#960=CARTESIAN_POINT('Origin',(-39.6039629920043,4.62462206433209,2.29289321881345));
#961=CARTESIAN_POINT('',(31.7540825015924,5.33172884551864,0.585786437626905));
#962=CARTESIAN_POINT('',(-39.6039629920043,5.33172884551864,0.585786437626905));
#963=CARTESIAN_POINT('',(32.1682960639655,4.91751528314554,1.58578643762691));
#964=CARTESIAN_POINT('',(27.535656040001,9.55015530711003,-9.59839593782059));
#965=CARTESIAN_POINT('',(31.1682960639655,3.91751528314554,4.));
#966=CARTESIAN_POINT('',(27.7009981753433,0.450217394523287,12.3707975874994));
#967=CARTESIAN_POINT('',(-39.6039629920043,3.91751528314554,4.));
#968=CARTESIAN_POINT('Origin',(32.461189282779,9.67782587275235,2.29289321881345));
#969=CARTESIAN_POINT('',(31.7540825015924,48.5857864376269,0.585786437626906));
#970=CARTESIAN_POINT('',(31.7540825015924,9.67782587275235,0.585786437626901));
#971=CARTESIAN_POINT('',(32.1682960639655,49.,1.5857864376269));
#972=CARTESIAN_POINT('',(29.3121532895194,46.1438572255539,-5.30955218451478));
#973=CARTESIAN_POINT('',(34.5630138281497,46.6052822358158,7.36714654197606));
#974=CARTESIAN_POINT('',(32.355554846486,5.10477406566602,2.03786913006134));
#975=CARTESIAN_POINT('Origin',(22.7722590559698,49.2928932188135,2.29289321881345));
#976=CARTESIAN_POINT('',(-48.,50.,4.));
#977=CARTESIAN_POINT('',(-44.5327021113778,53.4672978886223,12.3707975874994));
#978=CARTESIAN_POINT('',(31.1682960639655,50.,4.));
#979=CARTESIAN_POINT('',(22.7722590559698,50.,4.));
#980=CARTESIAN_POINT('',(31.6849544065253,49.4833416574402,2.75267642227895));
#981=CARTESIAN_POINT('',(22.7722590559698,48.5857864376269,0.585786437626902));
#982=CARTESIAN_POINT('Origin',(32.1682960639655,15.4381364623592,1.));
#983=CARTESIAN_POINT('',(31.1682960639655,5.91751528314554,0.));
#984=CARTESIAN_POINT('',(31.1682960639655,5.91751528314554,0.));
#985=CARTESIAN_POINT('',(31.1682960639655,48.,0.));
#986=CARTESIAN_POINT('',(31.1682960639655,15.4381364623592,0.));
#987=CARTESIAN_POINT('',(33.1682960639655,50.,2.));
#988=CARTESIAN_POINT('Origin',(-50.,3.91751528314554,0.));
#989=CARTESIAN_POINT('',(31.1682960639655,3.91751528314554,68.));
#990=CARTESIAN_POINT('',(31.1682960639655,3.91751528314554,0.));
#991=CARTESIAN_POINT('',(-29.2079259840086,3.91751528314554,68.));
#992=CARTESIAN_POINT('Origin',(32.1682960639655,4.91751528314554,0.));
#993=CARTESIAN_POINT('',(31.1682960639655,3.91751528314554,68.));
#994=CARTESIAN_POINT('Ctrl Pts',(28.6693776629447,5.6158187215017,69.9771138522332));
#995=CARTESIAN_POINT('Ctrl Pts',(28.6657650372771,5.61997333532835,69.9777478231626));
#996=CARTESIAN_POINT('Ctrl Pts',(28.6594630107132,5.6272333720291,69.9789018299134));
#997=CARTESIAN_POINT('Ctrl Pts',(28.6149792192418,5.67955619147329,69.9860512948173));
#998=CARTESIAN_POINT('Ctrl Pts',(28.5429857692687,5.76500468305994,69.9955749009164));
#999=CARTESIAN_POINT('Ctrl Pts',(28.4721302937306,5.85210684140526,69.9992026851685));
#1000=CARTESIAN_POINT('Ctrl Pts',(28.4284137405911,5.90566753494783,70.0000438608633));
#1001=CARTESIAN_POINT('Ctrl Pts',(28.42232346297,5.91320523405725,70.));
#1002=CARTESIAN_POINT('Ctrl Pts',(28.4188367899683,5.91751528314554,70.));
#1003=CARTESIAN_POINT('Ctrl Pts',(29.6029159838329,6.54935704238993,69.9771138522332));
#1004=CARTESIAN_POINT('Ctrl Pts',(29.5991226954456,6.55333099349691,69.9777478231626));
#1005=CARTESIAN_POINT('Ctrl Pts',(29.5921639174366,6.55993427875249,69.9789018299134));
#1006=CARTESIAN_POINT('Ctrl Pts',(29.5451732629434,6.60975023517494,69.9860512948173));
#1007=CARTESIAN_POINT('Ctrl Pts',(29.4682711553326,6.6902900691238,69.9955749009164));
#1008=CARTESIAN_POINT('Ctrl Pts',(29.3923864273305,6.77236297500522,69.9992026851685));
#1009=CARTESIAN_POINT('Ctrl Pts',(29.3459519702236,6.82320576458036,70.0000438608633));
#1010=CARTESIAN_POINT('Ctrl Pts',(29.3390843463313,6.82996611741852,70.));
#1011=CARTESIAN_POINT('Ctrl Pts',(29.3353232146341,6.83400170781128,70.));
#1012=CARTESIAN_POINT('Ctrl Pts',(30.5364543047211,7.48289536327815,69.9771138522332));
#1013=CARTESIAN_POINT('Ctrl Pts',(30.5324803536142,7.48668865166546,69.9777478231626));
#1014=CARTESIAN_POINT('Ctrl Pts',(30.5260791740167,7.49364742967448,69.9814101499785));
#1015=CARTESIAN_POINT('Ctrl Pts',(30.4735366076632,7.54063808416763,69.98580130255));
#1016=CARTESIAN_POINT('Ctrl Pts',(30.3906889046224,7.61754019177844,69.9960954810594));
#1017=CARTESIAN_POINT('Ctrl Pts',(30.3110615962087,7.69342491978057,69.9998602939107));
#1018=CARTESIAN_POINT('Ctrl Pts',(30.2620410830832,7.73985937688746,69.9975287631344));
#1019=CARTESIAN_POINT('Ctrl Pts',(30.2558452296925,7.74672700077978,70.));
#1020=CARTESIAN_POINT('Ctrl Pts',(30.2518096392998,7.75048813247701,70.));
#1021=CARTESIAN_POINT('Ctrl Pts',(31.4699926256094,8.41643368416637,69.9771138522332));
#1022=CARTESIAN_POINT('Ctrl Pts',(31.4658380117827,8.42004630983402,69.9777478231626));
#1023=CARTESIAN_POINT('Ctrl Pts',(31.458577975082,8.42634833639787,69.9789018299134));
#1024=CARTESIAN_POINT('Ctrl Pts',(31.4062551556378,8.47083212786928,69.9860512948173));
#1025=CARTESIAN_POINT('Ctrl Pts',(31.3208066640511,8.5428255778423,69.9955749009164));
#1026=CARTESIAN_POINT('Ctrl Pts',(31.2337045057058,8.61368105338052,69.9992026851685));
#1027=CARTESIAN_POINT('Ctrl Pts',(31.1801438121632,8.65739760652,70.0000438608633));
#1028=CARTESIAN_POINT('Ctrl Pts',(31.1726061130538,8.66348788414104,70.));
#1029=CARTESIAN_POINT('Ctrl Pts',(31.1682960639655,8.66697455714274,70.));
#1030=CARTESIAN_POINT('',(28.4188367899683,5.91751528314554,70.));
#1031=CARTESIAN_POINT('',(28.6693776629447,5.6158187215017,69.9771138522332));
#1032=CARTESIAN_POINT('Ctrl Pts',(28.4188367899683,5.91751528314554,70.));
#1033=CARTESIAN_POINT('Ctrl Pts',(28.4196340381321,5.91652976522633,70.));
#1034=CARTESIAN_POINT('Ctrl Pts',(28.4204342337097,5.91554063964796,69.9999993347775));
#1035=CARTESIAN_POINT('Ctrl Pts',(28.4213354738485,5.91442783930388,69.9999976169212));
#1036=CARTESIAN_POINT('Ctrl Pts',(28.4222676131616,5.91327688640716,69.9999958401679));
#1037=CARTESIAN_POINT('Ctrl Pts',(28.4233077250697,5.91199377784243,69.9999929429887));
#1038=CARTESIAN_POINT('Ctrl Pts',(28.4245274983923,5.91049078164691,69.9999876640566));
#1039=CARTESIAN_POINT('Ctrl Pts',(28.425797586123,5.90892578838803,69.999982167374));
#1040=CARTESIAN_POINT('Ctrl Pts',(28.4272623174244,5.90712256890388,69.9999740948053));
#1041=CARTESIAN_POINT('Ctrl Pts',(28.4289653346567,5.90502775850895,69.9999610150522));
#1042=CARTESIAN_POINT('Ctrl Pts',(28.4307565032625,5.90282451678997,69.9999472582664));
#1043=CARTESIAN_POINT('Ctrl Pts',(28.4328110792518,5.90029894001874,69.999927948178));
#1044=CARTESIAN_POINT('Ctrl Pts',(28.435141901345,5.89743545483848,69.9998991975835));
#1045=CARTESIAN_POINT('Ctrl Pts',(28.4376344370449,5.89437329961922,69.9998684522584));
#1046=CARTESIAN_POINT('Ctrl Pts',(28.440442624854,5.89092502969713,69.9998268534883));
#1047=CARTESIAN_POINT('Ctrl Pts',(28.4435431653235,5.88711948562582,69.9997690105343));
#1048=CARTESIAN_POINT('Ctrl Pts',(28.4469686858716,5.88291506722161,69.9997051048282));
#1049=CARTESIAN_POINT('Ctrl Pts',(28.4507506414596,5.87827505604406,69.9996212337353));
#1050=CARTESIAN_POINT('Ctrl Pts',(28.4548165229637,5.87328890872831,69.9995109471583));
#1051=CARTESIAN_POINT('Ctrl Pts',(28.4601595072857,5.86673660096719,69.9993660193115));
#1052=CARTESIAN_POINT('Ctrl Pts',(28.4659919518978,5.85958756515877,69.9991748772284));
#1053=CARTESIAN_POINT('Ctrl Pts',(28.4720877466199,5.85212093370258,69.9989306088659));
#1054=CARTESIAN_POINT('Ctrl Pts',(28.4774765470266,5.84552028711561,69.9987146709101));
#1055=CARTESIAN_POINT('Ctrl Pts',(28.4830679258126,5.83867541023189,69.9984573690537));
#1056=CARTESIAN_POINT('Ctrl Pts',(28.4887022596287,5.83178381706552,69.9981616840796));
#1057=CARTESIAN_POINT('Ctrl Pts',(28.4933810762736,5.82606095756361,69.9979161438217));
#1058=CARTESIAN_POINT('Ctrl Pts',(28.4980887686838,5.82030680179884,69.9976443698834));
#1059=CARTESIAN_POINT('Ctrl Pts',(28.5027524967054,5.81461195412035,69.9973509718814));
#1060=CARTESIAN_POINT('Ctrl Pts',(28.5070911963089,5.80931399650998,69.9970780216174));
#1061=CARTESIAN_POINT('Ctrl Pts',(28.5113913646794,5.80406795443318,69.9967865041388));
#1062=CARTESIAN_POINT('Ctrl Pts',(28.515619921724,5.79891569029486,69.9964804373135));
#1063=CARTESIAN_POINT('Ctrl Pts',(28.5195841939533,5.79408544266518,69.9961934996649));
#1064=CARTESIAN_POINT('Ctrl Pts',(28.5234852679878,5.78933792859778,69.9958938902908));
#1065=CARTESIAN_POINT('Ctrl Pts',(28.5273241743633,5.78467326377789,69.9955833728237));
#1066=CARTESIAN_POINT('Ctrl Pts',(28.5309994023112,5.78020748502827,69.995286094807));
#1067=CARTESIAN_POINT('Ctrl Pts',(28.5346174292607,5.77581790620255,69.9949789164696));
#1068=CARTESIAN_POINT('Ctrl Pts',(28.5382094043061,5.77146792377417,69.9946604144116));
#1069=CARTESIAN_POINT('Ctrl Pts',(28.5421252322243,5.76672574644253,69.9943131961724));
#1070=CARTESIAN_POINT('Ctrl Pts',(28.5460127733162,5.76202742200536,69.993952399408));
#1071=CARTESIAN_POINT('Ctrl Pts',(28.5499465921624,5.75728393039986,69.9935711458579));
#1072=CARTESIAN_POINT('Ctrl Pts',(28.5536567315817,5.75281015672624,69.9932115706258));
#1073=CARTESIAN_POINT('Ctrl Pts',(28.557408849108,5.74829522474636,69.9928336085739));
#1074=CARTESIAN_POINT('Ctrl Pts',(28.5612303914475,5.74370617611877,69.9924332847838));
#1075=CARTESIAN_POINT('Ctrl Pts',(28.5652761497845,5.73884788067287,69.9920094733571));
#1076=CARTESIAN_POINT('Ctrl Pts',(28.5693994864301,5.73390679942311,69.9915605224737));
#1077=CARTESIAN_POINT('Ctrl Pts',(28.5735937475233,5.72889041316391,69.991085296622));
#1078=CARTESIAN_POINT('Ctrl Pts',(28.5781325895128,5.72346190404585,69.9905710284345));
#1079=CARTESIAN_POINT('Ctrl Pts',(28.5827541441333,5.71794562994231,69.9900258912579));
#1080=CARTESIAN_POINT('Ctrl Pts',(28.587409657696,5.71239880200849,69.9894540027771));
#1081=CARTESIAN_POINT('Ctrl Pts',(28.5927962476744,5.70598093051976,69.9887923080537));
#1082=CARTESIAN_POINT('Ctrl Pts',(28.5982277146661,5.699522879239,69.9880946227109));
#1083=CARTESIAN_POINT('Ctrl Pts',(28.6035831530371,5.69316661061748,69.9873770837802));
#1084=CARTESIAN_POINT('Ctrl Pts',(28.6113982090494,5.68389106828752,69.9863299973336));
#1085=CARTESIAN_POINT('Ctrl Pts',(28.6190466827866,5.67483798985549,69.9852400516098));
#1086=CARTESIAN_POINT('Ctrl Pts',(28.6260919128985,5.66651792472968,69.9841875733076));
#1087=CARTESIAN_POINT('Ctrl Pts',(28.6306403423493,5.66114645656615,69.9835080889998));
#1088=CARTESIAN_POINT('Ctrl Pts',(28.6349360125038,5.65608199188113,69.9828450724315));
#1089=CARTESIAN_POINT('Ctrl Pts',(28.6388803576678,5.65143886762123,69.9822218193486));
#1090=CARTESIAN_POINT('Ctrl Pts',(28.6424000350982,5.6472956451129,69.9816656687791));
#1091=CARTESIAN_POINT('Ctrl Pts',(28.645639509804,5.64348843725577,69.9811413948192));
#1092=CARTESIAN_POINT('Ctrl Pts',(28.6485555995767,5.64006662720246,69.9806620719637));
#1093=CARTESIAN_POINT('Ctrl Pts',(28.6512725593163,5.63687848113149,69.9802154804654));
#1094=CARTESIAN_POINT('Ctrl Pts',(28.6537085015338,5.63402522544139,69.9798080301997));
#1095=CARTESIAN_POINT('Ctrl Pts',(28.6558582272069,5.63151178634116,69.9794448716283));
#1096=CARTESIAN_POINT('Ctrl Pts',(28.6578581413097,5.6291735055242,69.9791070211028));
#1097=CARTESIAN_POINT('Ctrl Pts',(28.6596102481884,5.62712943337403,69.9788075439782));
#1098=CARTESIAN_POINT('Ctrl Pts',(28.6611394918376,5.62534933337653,69.9785446817789));
#1099=CARTESIAN_POINT('Ctrl Pts',(28.662620413487,5.62362548209498,69.9782901256642));
#1100=CARTESIAN_POINT('Ctrl Pts',(28.6638921349293,5.62214941696076,69.9780699459556));
#1101=CARTESIAN_POINT('Ctrl Pts',(28.6650079584747,5.62085772598066,69.9778762079));
#1102=CARTESIAN_POINT('Ctrl Pts',(28.6660793275827,5.6196174960008,69.9776901883733));
#1103=CARTESIAN_POINT('Ctrl Pts',(28.6670068833254,5.61854734858867,69.9775285538301));
#1104=CARTESIAN_POINT('Ctrl Pts',(28.6678684911258,5.6175551526758,69.9773780417838));
#1105=CARTESIAN_POINT('Ctrl Pts',(28.6683872154148,5.61695780882724,69.9772874271744));
#1106=CARTESIAN_POINT('Ctrl Pts',(28.6688826357689,5.61638801567674,69.9772007233534));
#1107=CARTESIAN_POINT('Ctrl Pts',(28.6693776629447,5.6158187215017,69.9771138522332));
#1108=CARTESIAN_POINT('',(31.4699926256094,8.41643368416637,69.9771138522332));
#1109=CARTESIAN_POINT('Ctrl Pts',(31.4699926256094,8.41643368416637,69.9771138522332));
#1110=CARTESIAN_POINT('Ctrl Pts',(30.5364543047211,7.48289536327815,69.9771138522332));
#1111=CARTESIAN_POINT('Ctrl Pts',(29.6029159838329,6.54935704238993,69.9771138522332));
#1112=CARTESIAN_POINT('Ctrl Pts',(28.6693776629447,5.6158187215017,69.9771138522332));
#1113=CARTESIAN_POINT('',(31.1682960639655,8.66697455714274,70.));
#1114=CARTESIAN_POINT('Ctrl Pts',(31.4699926256094,8.41643368416637,69.9771138522332));
#1115=CARTESIAN_POINT('Ctrl Pts',(31.4690421511697,8.41726016491774,69.9772588893387));
#1116=CARTESIAN_POINT('Ctrl Pts',(31.4680880551908,8.4180896421681,69.9774038395073));
#1117=CARTESIAN_POINT('Ctrl Pts',(31.4670128241941,8.41902159836458,69.977566256073));
#1118=CARTESIAN_POINT('Ctrl Pts',(31.4659006967152,8.41998553457775,69.9777342459527));
#1119=CARTESIAN_POINT('Ctrl Pts',(31.4646591211099,8.42105898251374,69.9779209055575));
#1120=CARTESIAN_POINT('Ctrl Pts',(31.4632020370021,8.42231455392055,69.9781381314426));
#1121=CARTESIAN_POINT('Ctrl Pts',(31.4616847869778,8.42362197038158,69.978364327019));
#1122=CARTESIAN_POINT('Ctrl Pts',(31.45993403701,8.4251267141617,69.97862364552));
#1123=CARTESIAN_POINT('Ctrl Pts',(31.45789710926,8.42687284306069,69.9789217353307));
#1124=CARTESIAN_POINT('Ctrl Pts',(31.4557546108758,8.4287094709651,69.9792352746489));
#1125=CARTESIAN_POINT('Ctrl Pts',(31.4532957194013,8.43081296592723,69.9795916614321));
#1126=CARTESIAN_POINT('Ctrl Pts',(31.450504423973,8.43319599729218,69.979989505412));
#1127=CARTESIAN_POINT('Ctrl Pts',(31.4475191354503,8.43574464768263,69.9804149992724));
#1128=CARTESIAN_POINT('Ctrl Pts',(31.444153928934,8.43861278065706,69.98088781179));
#1129=CARTESIAN_POINT('Ctrl Pts',(31.4404358935596,8.44177618900963,69.9813984740956));
#1130=CARTESIAN_POINT('Ctrl Pts',(31.4363271119678,8.44527205515881,69.9819628043588));
#1131=CARTESIAN_POINT('Ctrl Pts',(31.4317879169857,8.44912810195007,69.98257315077));
#1132=CARTESIAN_POINT('Ctrl Pts',(31.4269043493174,8.45326977421299,69.9832099623457));
#1133=CARTESIAN_POINT('Ctrl Pts',(31.4204625566089,8.45873295113542,69.9840499646645));
#1134=CARTESIAN_POINT('Ctrl Pts',(31.4134224748758,8.46469226636621,69.9849352787285));
#1135=CARTESIAN_POINT('Ctrl Pts',(31.406057658777,8.47091300533562,69.9858170671118));
#1136=CARTESIAN_POINT('Ctrl Pts',(31.3995912685359,8.47637488316457,69.9865912870951));
#1137=CARTESIAN_POINT('Ctrl Pts',(31.3928784314475,8.48203501666129,69.9873623550885));
#1138=CARTESIAN_POINT('Ctrl Pts',(31.3861093675786,8.48773109240608,69.9881039622638));
#1139=CARTESIAN_POINT('Ctrl Pts',(31.3804798062199,8.49246829219173,69.9887207274736));
#1140=CARTESIAN_POINT('Ctrl Pts',(31.3748122759185,8.49722959650762,69.9893172035884));
#1141=CARTESIAN_POINT('Ctrl Pts',(31.3691943938747,8.50194041318204,69.9898843838373));
#1142=CARTESIAN_POINT('Ctrl Pts',(31.3639678973126,8.50632303762339,69.9904120498862));
#1143=CARTESIAN_POINT('Ctrl Pts',(31.3587849621913,8.51066147759174,69.9909144149692));
#1144=CARTESIAN_POINT('Ctrl Pts',(31.3536856760553,8.51492152505814,69.9913891361884));
#1145=CARTESIAN_POINT('Ctrl Pts',(31.3489050953028,8.5189153195579,69.9918341873314));
#1146=CARTESIAN_POINT('Ctrl Pts',(31.3441983528745,8.52283995312082,69.9922550075578));
#1147=CARTESIAN_POINT('Ctrl Pts',(31.3395645896206,8.52669584196748,69.9926532794543));
#1148=CARTESIAN_POINT('Ctrl Pts',(31.3351264839291,8.5303889184797,69.9930347345857));
#1149=CARTESIAN_POINT('Ctrl Pts',(31.3307555991468,8.53401870655104,69.9933955604967));
#1150=CARTESIAN_POINT('Ctrl Pts',(31.3264147853275,8.53761619857606,69.9937398200254));
#1151=CARTESIAN_POINT('Ctrl Pts',(31.3217006713396,8.54152306677686,69.9941136850947));
#1152=CARTESIAN_POINT('Ctrl Pts',(31.3170187412525,8.54539457226902,69.99446838227));
#1153=CARTESIAN_POINT('Ctrl Pts',(31.3122810547159,8.54930444017509,69.9948103474864));
#1154=CARTESIAN_POINT('Ctrl Pts',(31.3077963300214,8.55300554640386,69.9951340539703));
#1155=CARTESIAN_POINT('Ctrl Pts',(31.3032607024138,8.55674181482298,69.9954463091093));
#1156=CARTESIAN_POINT('Ctrl Pts',(31.2986417023416,8.56054106944135,69.9957479837285));
#1157=CARTESIAN_POINT('Ctrl Pts',(31.2937514665329,8.5645634229141,69.9960673732073));
#1158=CARTESIAN_POINT('Ctrl Pts',(31.2887680511007,8.56865614917005,69.9963747824276));
#1159=CARTESIAN_POINT('Ctrl Pts',(31.2836999360402,8.57281354065579,69.9966677105393));
#1160=CARTESIAN_POINT('Ctrl Pts',(31.2782149918608,8.57731285844133,69.9969847306389));
#1161=CARTESIAN_POINT('Ctrl Pts',(31.2726312506144,8.58188757773972,69.9972846237273));
#1162=CARTESIAN_POINT('Ctrl Pts',(31.2670078947796,8.58649061910901,69.9975625082728));
#1163=CARTESIAN_POINT('Ctrl Pts',(31.2604996327041,8.59181800731925,69.9978841214701));
#1164=CARTESIAN_POINT('Ctrl Pts',(31.253939008602,8.59718275981823,69.9981759603873));
#1165=CARTESIAN_POINT('Ctrl Pts',(31.2474724023452,8.60246694929588,69.9984321623315));
#1166=CARTESIAN_POINT('Ctrl Pts',(31.2374483454998,8.61065811071849,69.9988293077196));
#1167=CARTESIAN_POINT('Ctrl Pts',(31.2276571084231,8.6186501326331,69.9991388175766));
#1168=CARTESIAN_POINT('Ctrl Pts',(31.2187299122742,8.62593216502544,69.999364005614));
#1169=CARTESIAN_POINT('Ctrl Pts',(31.2133839711275,8.6302929201773,69.9994988566887));
#1170=CARTESIAN_POINT('Ctrl Pts',(31.2083490421628,8.6343980877651,69.9996042229885));
#1171=CARTESIAN_POINT('Ctrl Pts',(31.2037356950798,8.63815804587249,69.999685983485));
#1172=CARTESIAN_POINT('Ctrl Pts',(31.199592809686,8.64153456952099,69.999759406178));
#1173=CARTESIAN_POINT('Ctrl Pts',(31.1957904256634,8.64463227275394,69.9998139218086));
#1174=CARTESIAN_POINT('Ctrl Pts',(31.1923757376568,8.64741293486687,69.9998550370752));
#1175=CARTESIAN_POINT('Ctrl Pts',(31.189068483998,8.65010611062082,69.999894858756));
#1176=CARTESIAN_POINT('Ctrl Pts',(31.186125555564,8.65250135461062,69.9999221859073));
#1177=CARTESIAN_POINT('Ctrl Pts',(31.1835487224656,8.65459739556882,69.9999418382565));
#1178=CARTESIAN_POINT('Ctrl Pts',(31.1812352727449,8.65647919589662,69.9999594818988));
#1179=CARTESIAN_POINT('Ctrl Pts',(31.1792167861113,8.65811992521501,69.9999709571788));
#1180=CARTESIAN_POINT('Ctrl Pts',(31.1774584727453,8.6595480678808,69.9999790124562));
#1181=CARTESIAN_POINT('Ctrl Pts',(31.1757545229472,8.6609320552031,69.9999868186804));
#1182=CARTESIAN_POINT('Ctrl Pts',(31.17429513913,8.66211620704152,69.9999914147066));
#1183=CARTESIAN_POINT('Ctrl Pts',(31.1730114749905,8.66315679180711,69.999994441217));
#1184=CARTESIAN_POINT('Ctrl Pts',(31.1717768089227,8.66415765695645,69.9999973522041));
#1185=CARTESIAN_POINT('Ctrl Pts',(31.1707048152976,8.66502561388671,69.9999988034368));
#1186=CARTESIAN_POINT('Ctrl Pts',(31.1696969307852,8.66584119321139,69.999999509393));
#1187=CARTESIAN_POINT('Ctrl Pts',(31.1692207493341,8.66622651885288,69.9999998429265));
#1188=CARTESIAN_POINT('Ctrl Pts',(31.1687583170913,8.66660061117119,70.));
#1189=CARTESIAN_POINT('Ctrl Pts',(31.1682960639655,8.66697455714274,70.));
#1190=CARTESIAN_POINT('',(29.7935664269669,7.29224492014414,70.));
#1191=CARTESIAN_POINT('Ctrl Pts',(31.4699926256094,8.41643368416637,69.9771138522332));
#1192=CARTESIAN_POINT('Ctrl Pts',(31.841849592229,8.09308714021397,69.9203705503107));
#1193=CARTESIAN_POINT('Ctrl Pts',(32.4672033000957,7.43141281787946,69.6161467214906));
#1194=CARTESIAN_POINT('Ctrl Pts',(32.9409025044992,6.66025684029972,68.9980536750601));
#1195=CARTESIAN_POINT('Ctrl Pts',(33.122700860917,6.18869592434462,68.4838317601414));
#1196=CARTESIAN_POINT('Ctrl Pts',(33.166906074001,5.96672946349181,68.1520101258874));
#1197=CARTESIAN_POINT('Ctrl Pts',(33.1681798235728,5.91309112094382,68.0009933306521));
#1198=CARTESIAN_POINT('Ctrl Pts',(33.1682960639655,5.91751528314554,68.));
#1199=CARTESIAN_POINT('Ctrl Pts',(33.1682960639655,5.91751528314554,68.));
#1200=CARTESIAN_POINT('Ctrl Pts',(30.5364543047211,7.48289536327815,69.9771138522332));
#1201=CARTESIAN_POINT('Ctrl Pts',(30.8921411304517,7.14337867843666,69.9203705503107));
#1202=CARTESIAN_POINT('Ctrl Pts',(31.5296017098077,6.49381122759143,69.6161467214906));
#1203=CARTESIAN_POINT('Ctrl Pts',(32.1024531719366,5.82180750773709,68.9980536750601));
#1204=CARTESIAN_POINT('Ctrl Pts',(32.3808390482001,5.44683411162778,68.4838317601414));
#1205=CARTESIAN_POINT('Ctrl Pts',(32.4842980105404,5.28412140003124,68.1520101258874));
#1206=CARTESIAN_POINT('Ctrl Pts',(32.5030266244376,5.24793792180865,68.0009933306521));
#1207=CARTESIAN_POINT('Ctrl Pts',(32.5016293972989,5.25084861647887,68.));
#1208=CARTESIAN_POINT('Ctrl Pts',(32.5016293972989,5.25084861647887,68.));
#1209=CARTESIAN_POINT('Ctrl Pts',(29.6029159838329,6.54935704238993,69.9771138522332));
#1210=CARTESIAN_POINT('Ctrl Pts',(29.9424326686744,6.19367021665936,69.9203705503107));
#1211=CARTESIAN_POINT('Ctrl Pts',(30.5920001195196,5.5562096373034,69.6161467214906));
#1212=CARTESIAN_POINT('Ctrl Pts',(31.264003839374,4.98335817517446,68.9980536750601));
#1213=CARTESIAN_POINT('Ctrl Pts',(31.6389772354833,4.70497229891093,68.4838317601414));
#1214=CARTESIAN_POINT('Ctrl Pts',(31.8016899470798,4.60151333657067,68.1520101258874));
#1215=CARTESIAN_POINT('Ctrl Pts',(31.8378734253024,4.58278472267347,68.0009933306521));
#1216=CARTESIAN_POINT('Ctrl Pts',(31.8349627306322,4.58418194981221,68.));
#1217=CARTESIAN_POINT('Ctrl Pts',(31.8349627306322,4.58418194981221,68.));
#1218=CARTESIAN_POINT('Ctrl Pts',(28.6693776629447,5.6158187215017,69.9771138522332));
#1219=CARTESIAN_POINT('Ctrl Pts',(28.9927242068971,5.24396175488205,69.9203705503107));
#1220=CARTESIAN_POINT('Ctrl Pts',(29.6543985292316,4.61860804701538,69.6161467214906));
#1221=CARTESIAN_POINT('Ctrl Pts',(30.4255545068114,4.14490884261183,68.9980536750601));
#1222=CARTESIAN_POINT('Ctrl Pts',(30.8971154227664,3.96311048619409,68.4838317601414));
#1223=CARTESIAN_POINT('Ctrl Pts',(31.1190818836193,3.91890527311009,68.1520101258874));
#1224=CARTESIAN_POINT('Ctrl Pts',(31.1727202261672,3.9176315235383,68.0009933306521));
#1225=CARTESIAN_POINT('Ctrl Pts',(31.1682960639655,3.91751528314554,68.));
#1226=CARTESIAN_POINT('Ctrl Pts',(31.1682960639655,3.91751528314554,68.));
#1227=CARTESIAN_POINT('Ctrl Pts',(28.6693776629447,5.6158187215017,69.9771138522332));
#1228=CARTESIAN_POINT('Ctrl Pts',(28.9927242068971,5.24396175488205,69.9203705503107));
#1229=CARTESIAN_POINT('Ctrl Pts',(29.6543985292316,4.61860804701538,69.6161467214906));
#1230=CARTESIAN_POINT('Ctrl Pts',(30.4255545068114,4.14490884261183,68.9980536750601));
#1231=CARTESIAN_POINT('Ctrl Pts',(30.8971154227664,3.96311048619409,68.4838317601414));
#1232=CARTESIAN_POINT('Ctrl Pts',(31.1190818836193,3.91890527311009,68.1520101258874));
#1233=CARTESIAN_POINT('Ctrl Pts',(31.1727202261672,3.9176315235383,68.0009933306521));
#1234=CARTESIAN_POINT('Ctrl Pts',(31.1682960639655,3.91751528314554,68.));
#1235=CARTESIAN_POINT('Ctrl Pts',(31.1682960639655,3.91751528314554,68.));
#1236=CARTESIAN_POINT('Ctrl Pts',(33.1682960639655,5.91751528314554,68.));
#1237=CARTESIAN_POINT('Ctrl Pts',(33.1682960639655,5.91751528314554,68.));
#1238=CARTESIAN_POINT('Ctrl Pts',(33.1681798235728,5.91309112094382,68.0009933306521));
#1239=CARTESIAN_POINT('Ctrl Pts',(33.166906074001,5.96672946349181,68.1520101258874));
#1240=CARTESIAN_POINT('Ctrl Pts',(33.122700860917,6.18869592434462,68.4838317601414));
#1241=CARTESIAN_POINT('Ctrl Pts',(32.9409025044992,6.66025684029972,68.9980536750601));
#1242=CARTESIAN_POINT('Ctrl Pts',(32.4672033000957,7.43141281787946,69.6161467214906));
#1243=CARTESIAN_POINT('Ctrl Pts',(31.841849592229,8.09308714021397,69.9203705503107));
#1244=CARTESIAN_POINT('Ctrl Pts',(31.4699926256094,8.41643368416637,69.9771138522332));
#1245=CARTESIAN_POINT('Origin',(-29.2079259840086,4.91751528314554,1.));
#1246=CARTESIAN_POINT('',(-48.,5.91751528314554,0.));
#1247=CARTESIAN_POINT('',(-48.,5.91751528314554,0.));
#1248=CARTESIAN_POINT('',(-29.2079259840086,5.91751528314554,0.));
#1249=CARTESIAN_POINT('Origin',(-29.2079259840086,5.91751528314554,68.));
#1250=CARTESIAN_POINT('',(-45.2505407260028,5.91751528314554,70.));
#1251=CARTESIAN_POINT('',(-29.2079259840086,5.91751528314554,70.));
#1252=CARTESIAN_POINT('',(-45.5010815989792,5.6158187215017,69.9771138522332));
#1253=CARTESIAN_POINT('Ctrl Pts',(-45.5010815989792,5.6158187215017,69.9771138522332));
#1254=CARTESIAN_POINT('Ctrl Pts',(-45.5002551182278,5.61676919594134,69.9772588893387));
#1255=CARTESIAN_POINT('Ctrl Pts',(-45.4994256409774,5.61772329192027,69.9774038395073));
#1256=CARTESIAN_POINT('Ctrl Pts',(-45.498493684781,5.61879852291694,69.977566256073));
#1257=CARTESIAN_POINT('Ctrl Pts',(-45.4975297485678,5.61991065039583,69.9777342459527));
#1258=CARTESIAN_POINT('Ctrl Pts',(-45.4964563006318,5.62115222600115,69.9779209055575));
#1259=CARTESIAN_POINT('Ctrl Pts',(-45.495200729225,5.6226093101089,69.9781381314426));
#1260=CARTESIAN_POINT('Ctrl Pts',(-45.493893312764,5.62412656013328,69.978364327019));
#1261=CARTESIAN_POINT('Ctrl Pts',(-45.4923885689839,5.62587731010107,69.97862364552));
#1262=CARTESIAN_POINT('Ctrl Pts',(-45.4906424400849,5.627914237851,69.9789217353307));
#1263=CARTESIAN_POINT('Ctrl Pts',(-45.4888058121805,5.63005673623527,69.9792352746489));
#1264=CARTESIAN_POINT('Ctrl Pts',(-45.4867023172183,5.63251562770978,69.9795916614321));
#1265=CARTESIAN_POINT('Ctrl Pts',(-45.4843192858534,5.635306923138,69.979989505412));
#1266=CARTESIAN_POINT('Ctrl Pts',(-45.4817706354629,5.63829221166071,69.9804149992724));
#1267=CARTESIAN_POINT('Ctrl Pts',(-45.4789025024885,5.64165741817706,69.98088781179));
#1268=CARTESIAN_POINT('Ctrl Pts',(-45.4757390941359,5.64537545355143,69.9813984740956));
#1269=CARTESIAN_POINT('Ctrl Pts',(-45.4722432279867,5.64948423514334,69.9819628043588));
#1270=CARTESIAN_POINT('Ctrl Pts',(-45.4683871811954,5.65402343012549,69.98257315077));
#1271=CARTESIAN_POINT('Ctrl Pts',(-45.4642455089324,5.65890699779382,69.9832099623458));
#1272=CARTESIAN_POINT('Ctrl Pts',(-45.4587823320099,5.66534879050247,69.9840499646645));
#1273=CARTESIAN_POINT('Ctrl Pts',(-45.452823016779,5.67238887223566,69.9849352787286));
#1274=CARTESIAN_POINT('Ctrl Pts',(-45.4466022778094,5.67975368833462,69.9858170671119));
#1275=CARTESIAN_POINT('Ctrl Pts',(-45.4411403999805,5.6862200785757,69.9865912870951));
#1276=CARTESIAN_POINT('Ctrl Pts',(-45.4354802664839,5.69293291566406,69.9873623550886));
#1277=CARTESIAN_POINT('Ctrl Pts',(-45.4297841907391,5.6997019795329,69.9881039622639));
#1278=CARTESIAN_POINT('Ctrl Pts',(-45.4250469909535,5.70533154089152,69.9887207274737));
#1279=CARTESIAN_POINT('Ctrl Pts',(-45.4202856866376,5.71099907119289,69.9893172035884));
#1280=CARTESIAN_POINT('Ctrl Pts',(-45.4155748699633,5.71661695323666,69.9898843838374));
#1281=CARTESIAN_POINT('Ctrl Pts',(-45.4111922455219,5.72184344979878,69.9904120498863));
#1282=CARTESIAN_POINT('Ctrl Pts',(-45.4068538055536,5.72702638492002,69.9909144149692));
#1283=CARTESIAN_POINT('Ctrl Pts',(-45.4025937580872,5.73212567105601,69.9913891361884));
#1284=CARTESIAN_POINT('Ctrl Pts',(-45.3985999635874,5.73690625180849,69.9918341873314));
#1285=CARTESIAN_POINT('Ctrl Pts',(-45.3946753300245,5.74161299423685,69.9922550075578));
#1286=CARTESIAN_POINT('Ctrl Pts',(-45.3908194411779,5.74624675749074,69.9926532794543));
#1287=CARTESIAN_POINT('Ctrl Pts',(-45.3871263646656,5.75068486318225,69.9930347345857));
#1288=CARTESIAN_POINT('Ctrl Pts',(-45.3834965765943,5.7550557479645,69.9933955604967));
#1289=CARTESIAN_POINT('Ctrl Pts',(-45.3798990845693,5.75939656178382,69.9937398200254));
#1290=CARTESIAN_POINT('Ctrl Pts',(-45.3759922163685,5.76411067577162,69.9941136850948));
#1291=CARTESIAN_POINT('Ctrl Pts',(-45.3721207108764,5.76879260585869,69.99446838227));
#1292=CARTESIAN_POINT('Ctrl Pts',(-45.3682108429704,5.77353029239523,69.9948103474864));
#1293=CARTESIAN_POINT('Ctrl Pts',(-45.3645097367416,5.77801501708972,69.9951340539703));
#1294=CARTESIAN_POINT('Ctrl Pts',(-45.3607734683225,5.78255064469733,69.9954463091093));
#1295=CARTESIAN_POINT('Ctrl Pts',(-45.3569742137041,5.78716964476953,69.9957479837285));
#1296=CARTESIAN_POINT('Ctrl Pts',(-45.3529518602314,5.79205988057824,69.9960673732073));
#1297=CARTESIAN_POINT('Ctrl Pts',(-45.3488591339754,5.79704329601049,69.9963747824276));
#1298=CARTESIAN_POINT('Ctrl Pts',(-45.3447017424897,5.80211141107099,69.9966677105393));
#1299=CARTESIAN_POINT('Ctrl Pts',(-45.3402024247042,5.8075963552503,69.9969847306389));
#1300=CARTESIAN_POINT('Ctrl Pts',(-45.3356277054058,5.81318009649675,69.9972846237273));
#1301=CARTESIAN_POINT('Ctrl Pts',(-45.3310246640365,5.81880345233147,69.9975625082728));
#1302=CARTESIAN_POINT('Ctrl Pts',(-45.3256972758263,5.82531171440696,69.9978841214701));
#1303=CARTESIAN_POINT('Ctrl Pts',(-45.3203325233274,5.83187233850897,69.9981759603873));
#1304=CARTESIAN_POINT('Ctrl Pts',(-45.3150483338498,5.83833894476567,69.9984321623315));
#1305=CARTESIAN_POINT('Ctrl Pts',(-45.3068571724272,5.84836300161112,69.9988293077196));
#1306=CARTESIAN_POINT('Ctrl Pts',(-45.2988651505125,5.85815423868786,69.9991388175766));
#1307=CARTESIAN_POINT('Ctrl Pts',(-45.2915831181201,5.86708143483679,69.999364005614));
#1308=CARTESIAN_POINT('Ctrl Pts',(-45.2872223629683,5.87242737598346,69.9994988566887));
#1309=CARTESIAN_POINT('Ctrl Pts',(-45.2831171953805,5.87746230494813,69.9996042229885));
#1310=CARTESIAN_POINT('Ctrl Pts',(-45.2793572372732,5.88207565203109,69.999685983485));
#1311=CARTESIAN_POINT('Ctrl Pts',(-45.2759807136246,5.88621853742492,69.999759406178));
#1312=CARTESIAN_POINT('Ctrl Pts',(-45.2728830103917,5.89002092144759,69.9998139218086));
#1313=CARTESIAN_POINT('Ctrl Pts',(-45.2701023482788,5.8934356094542,69.9998550370752));
#1314=CARTESIAN_POINT('Ctrl Pts',(-45.2674091725248,5.89674286311295,69.999894858756));
#1315=CARTESIAN_POINT('Ctrl Pts',(-45.265013928535,5.89968579154697,69.9999221859073));
#1316=CARTESIAN_POINT('Ctrl Pts',(-45.2629178875768,5.90226262464542,69.9999418382565));
#1317=CARTESIAN_POINT('Ctrl Pts',(-45.261036087249,5.90457607436611,69.9999594818988));
#1318=CARTESIAN_POINT('Ctrl Pts',(-45.2593953579306,5.90659456099974,69.9999709571788));
#1319=CARTESIAN_POINT('Ctrl Pts',(-45.2579672152648,5.90835287436566,69.9999790124562));
#1320=CARTESIAN_POINT('Ctrl Pts',(-45.2565832279425,5.91005682416379,69.9999868186804));
#1321=CARTESIAN_POINT('Ctrl Pts',(-45.255399076104,5.91151620798103,69.9999914147066));
#1322=CARTESIAN_POINT('Ctrl Pts',(-45.2543584913385,5.91279987212055,69.999994441217));
#1323=CARTESIAN_POINT('Ctrl Pts',(-45.2533576261891,5.91403453818832,69.9999973522041));
#1324=CARTESIAN_POINT('Ctrl Pts',(-45.2524896692588,5.91510653181342,69.9999988034368));
#1325=CARTESIAN_POINT('Ctrl Pts',(-45.2516740899342,5.91611441632588,69.999999509393));
#1326=CARTESIAN_POINT('Ctrl Pts',(-45.2512887642927,5.91659059777698,69.9999998429265));
#1327=CARTESIAN_POINT('Ctrl Pts',(-45.2509146719743,5.91705303001971,70.));
#1328=CARTESIAN_POINT('Ctrl Pts',(-45.2505407260028,5.91751528314554,70.));
#1329=CARTESIAN_POINT('Ctrl Pts',(-48.,3.91751528314554,68.));
#1330=CARTESIAN_POINT('Ctrl Pts',(-48.,3.91751528314554,68.));
#1331=CARTESIAN_POINT('Ctrl Pts',(-48.0044319187195,3.91763775204979,68.0009957832071));
#1332=CARTESIAN_POINT('Ctrl Pts',(-47.9507923585675,3.91891423641266,68.1520117874955));
#1333=CARTESIAN_POINT('Ctrl Pts',(-47.7288257427716,3.96312454061394,68.4838381911659));
#1334=CARTESIAN_POINT('Ctrl Pts',(-47.2572627692105,4.14491908728955,68.9980624200578));
#1335=CARTESIAN_POINT('Ctrl Pts',(-46.4861057426765,4.61862025291742,69.6161651849118));
#1336=CARTESIAN_POINT('Ctrl Pts',(-45.8244281429316,5.24396175488205,69.9203705503107));
#1337=CARTESIAN_POINT('Ctrl Pts',(-45.5010815989792,5.6158187215017,69.9771138522332));
#1338=CARTESIAN_POINT('Ctrl Pts',(-48.3016965616438,8.41643368416637,69.9771138522332));
#1339=CARTESIAN_POINT('Ctrl Pts',(-48.2975419478172,8.42004630983402,69.9777478231626));
#1340=CARTESIAN_POINT('Ctrl Pts',(-48.290278522959,8.42635119828011,69.9789022283146));
#1341=CARTESIAN_POINT('Ctrl Pts',(-48.2379581259161,8.47083295695441,69.9860514378539));
#1342=CARTESIAN_POINT('Ctrl Pts',(-48.1525106634955,8.54282560522264,69.995575323752));
#1343=CARTESIAN_POINT('Ctrl Pts',(-48.0654094500454,8.61368025229939,69.9992026764491));
#1344=CARTESIAN_POINT('Ctrl Pts',(-48.0118511940208,8.65739477649738,70.0000437425253));
#1345=CARTESIAN_POINT('Ctrl Pts',(-48.0043100490883,8.66348788414105,70.));
#1346=CARTESIAN_POINT('Ctrl Pts',(-48.,8.66697455714275,70.));
#1347=CARTESIAN_POINT('Ctrl Pts',(-47.3681582407556,7.48289536327815,69.9771138522332));
#1348=CARTESIAN_POINT('Ctrl Pts',(-47.3641842896486,7.48668865166546,69.9777478231626));
#1349=CARTESIAN_POINT('Ctrl Pts',(-47.3575776162356,7.49365029155672,69.9789022283146));
#1350=CARTESIAN_POINT('Ctrl Pts',(-47.3077640822145,7.54063891325275,69.9860514378539));
#1351=CARTESIAN_POINT('Ctrl Pts',(-47.2272252774316,7.61754021915878,69.995575323752));
#1352=CARTESIAN_POINT('Ctrl Pts',(-47.1451533164455,7.69342411869944,69.9992026764491));
#1353=CARTESIAN_POINT('Ctrl Pts',(-47.0943129643883,7.73985654686484,70.0000437425253));
#1354=CARTESIAN_POINT('Ctrl Pts',(-47.087549165727,7.74672700077978,70.));
#1355=CARTESIAN_POINT('Ctrl Pts',(-47.0835135753343,7.75048813247702,70.));
#1356=CARTESIAN_POINT('Ctrl Pts',(-46.4346199198674,6.54935704238993,69.9771138522332));
#1357=CARTESIAN_POINT('Ctrl Pts',(-46.4308266314801,6.55333099349691,69.9777478231626));
#1358=CARTESIAN_POINT('Ctrl Pts',(-46.4238649915888,6.55973592762095,69.9814090114261));
#1359=CARTESIAN_POINT('Ctrl Pts',(-46.3768763698928,6.61227583506661,69.9858010100873));
#1360=CARTESIAN_POINT('Ctrl Pts',(-46.2999750639868,6.69512276597094,69.9960959596531));
#1361=CARTESIAN_POINT('Ctrl Pts',(-46.2240911644461,6.77474873303807,69.9998607544204));
#1362=CARTESIAN_POINT('Ctrl Pts',(-46.1776587362807,6.82376670755743,69.9975302268845));
#1363=CARTESIAN_POINT('Ctrl Pts',(-46.1707882823658,6.82996611741852,70.));
#1364=CARTESIAN_POINT('Ctrl Pts',(-46.1670271506685,6.83400170781128,70.));
#1365=CARTESIAN_POINT('Ctrl Pts',(-45.5010815989792,5.6158187215017,69.9771138522332));
#1366=CARTESIAN_POINT('Ctrl Pts',(-45.4974689733115,5.61997333532835,69.9777478231626));
#1367=CARTESIAN_POINT('Ctrl Pts',(-45.4911640848654,5.62723676018655,69.9789022283146));
#1368=CARTESIAN_POINT('Ctrl Pts',(-45.4466823261912,5.67955715722941,69.9860514378539));
#1369=CARTESIAN_POINT('Ctrl Pts',(-45.3746896779229,5.76500461965005,69.995575323752));
#1370=CARTESIAN_POINT('Ctrl Pts',(-45.3038350308461,5.85210583310013,69.9992026764491));
#1371=CARTESIAN_POINT('Ctrl Pts',(-45.2601205066482,5.9056640891247,70.0000437425253));
#1372=CARTESIAN_POINT('Ctrl Pts',(-45.2540273990045,5.91320523405726,70.));
#1373=CARTESIAN_POINT('Ctrl Pts',(-45.2505407260028,5.91751528314554,70.));
#1374=CARTESIAN_POINT('',(-48.,8.66697455714275,70.));
#1375=CARTESIAN_POINT('',(-48.3016965616438,8.41643368416637,69.9771138522332));
#1376=CARTESIAN_POINT('Ctrl Pts',(-48.,8.66697455714275,70.));
#1377=CARTESIAN_POINT('Ctrl Pts',(-48.0009855179192,8.66617730897893,70.));
#1378=CARTESIAN_POINT('Ctrl Pts',(-48.0019746434976,8.66537711340137,69.9999993347775));
#1379=CARTESIAN_POINT('Ctrl Pts',(-48.0030874438417,8.66447587326258,69.9999976169212));
#1380=CARTESIAN_POINT('Ctrl Pts',(-48.0042383967384,8.66354373394945,69.9999958401679));
#1381=CARTESIAN_POINT('Ctrl Pts',(-48.0055215053031,8.66250362204136,69.9999929429887));
#1382=CARTESIAN_POINT('Ctrl Pts',(-48.0070245014986,8.6612838487188,69.9999876640566));
#1383=CARTESIAN_POINT('Ctrl Pts',(-48.0085894947575,8.66001376098811,69.999982167374));
#1384=CARTESIAN_POINT('Ctrl Pts',(-48.0103927142417,8.65854902968666,69.9999740948053));
#1385=CARTESIAN_POINT('Ctrl Pts',(-48.0124875246366,8.65684601245433,69.9999610150522));
#1386=CARTESIAN_POINT('Ctrl Pts',(-48.0146907663556,8.65505484384858,69.9999472582664));
#1387=CARTESIAN_POINT('Ctrl Pts',(-48.0172163431268,8.65300026785926,69.999927948178));
#1388=CARTESIAN_POINT('Ctrl Pts',(-48.0200798283071,8.65066944576605,69.9998991975835));
#1389=CARTESIAN_POINT('Ctrl Pts',(-48.0231419835264,8.64817691006614,69.9998684522584));
#1390=CARTESIAN_POINT('Ctrl Pts',(-48.0265902534485,8.64536872225704,69.9998268534883));
#1391=CARTESIAN_POINT('Ctrl Pts',(-48.0303957975199,8.64226818178749,69.9997690105343));
#1392=CARTESIAN_POINT('Ctrl Pts',(-48.0346002159242,8.63884266123929,69.9997051048282));
#1393=CARTESIAN_POINT('Ctrl Pts',(-48.0392402271019,8.63506070565106,69.9996212337353));
#1394=CARTESIAN_POINT('Ctrl Pts',(-48.0442263744178,8.63099482414685,69.9995109471583));
#1395=CARTESIAN_POINT('Ctrl Pts',(-48.0507786821789,8.62565183982493,69.9993660193114));
#1396=CARTESIAN_POINT('Ctrl Pts',(-48.0579277179873,8.61981939521284,69.9991748772284));
#1397=CARTESIAN_POINT('Ctrl Pts',(-48.0653943494434,8.61372360049079,69.9989306088659));
#1398=CARTESIAN_POINT('Ctrl Pts',(-48.0719949960303,8.60833480008419,69.9987146709101));
#1399=CARTESIAN_POINT('Ctrl Pts',(-48.078839872914,8.60274342129814,69.9984573690537));
#1400=CARTESIAN_POINT('Ctrl Pts',(-48.0857314660803,8.59710908748209,69.9981616840796));
#1401=CARTESIAN_POINT('Ctrl Pts',(-48.0914543255822,8.5924302708372,69.9979161438217));
#1402=CARTESIAN_POINT('Ctrl Pts',(-48.097208481347,8.58772257842699,69.9976443698834));
#1403=CARTESIAN_POINT('Ctrl Pts',(-48.1029033290255,8.58305885040539,69.9973509718814));
#1404=CARTESIAN_POINT('Ctrl Pts',(-48.1082012866359,8.5787201508019,69.9970780216173));
#1405=CARTESIAN_POINT('Ctrl Pts',(-48.1134473287127,8.57441998243135,69.9967865041387));
#1406=CARTESIAN_POINT('Ctrl Pts',(-48.118599592851,8.57019142538679,69.9964804373135));
#1407=CARTESIAN_POINT('Ctrl Pts',(-48.1234298404807,8.56622715315752,69.9961934996649));
#1408=CARTESIAN_POINT('Ctrl Pts',(-48.1281773545481,8.562326079123,69.9958938902908));
#1409=CARTESIAN_POINT('Ctrl Pts',(-48.1328420193679,8.55848717274749,69.9955833728237));
#1410=CARTESIAN_POINT('Ctrl Pts',(-48.1373077981177,8.55481194479953,69.995286094807));
#1411=CARTESIAN_POINT('Ctrl Pts',(-48.1416973769435,8.55119391784999,69.9949789164695));
#1412=CARTESIAN_POINT('Ctrl Pts',(-48.1460473593719,8.54760194280442,69.9946604144116));
#1413=CARTESIAN_POINT('Ctrl Pts',(-48.1507895367035,8.54368611488633,69.9943131961723));
#1414=CARTESIAN_POINT('Ctrl Pts',(-48.1554878611406,8.53979857379449,69.993952399408));
#1415=CARTESIAN_POINT('Ctrl Pts',(-48.160231352746,8.53586475494838,69.9935711458579));
#1416=CARTESIAN_POINT('Ctrl Pts',(-48.1647051264196,8.53215461552905,69.9932115706257));
#1417=CARTESIAN_POINT('Ctrl Pts',(-48.1692200583995,8.52840249800277,69.9928336085739));
#1418=CARTESIAN_POINT('Ctrl Pts',(-48.1738091070271,8.52458095566329,69.9924332847838));
#1419=CARTESIAN_POINT('Ctrl Pts',(-48.1786674024731,8.52053519732618,69.9920094733571));
#1420=CARTESIAN_POINT('Ctrl Pts',(-48.183608483723,8.51641186068051,69.9915605224737));
#1421=CARTESIAN_POINT('Ctrl Pts',(-48.1886248699823,8.51221759958715,69.991085296622));
#1422=CARTESIAN_POINT('Ctrl Pts',(-48.1940533791004,8.50767875759776,69.9905710284345));
#1423=CARTESIAN_POINT('Ctrl Pts',(-48.1995696532039,8.50305720297727,69.9900258912579));
#1424=CARTESIAN_POINT('Ctrl Pts',(-48.2051164811377,8.49840168941451,69.9894540027771));
#1425=CARTESIAN_POINT('Ctrl Pts',(-48.2115343526266,8.49301509943596,69.9887923080536));
#1426=CARTESIAN_POINT('Ctrl Pts',(-48.2179924039076,8.48758363244404,69.9880946227108));
#1427=CARTESIAN_POINT('Ctrl Pts',(-48.2243486725294,8.48222819407279,69.9873770837801));
#1428=CARTESIAN_POINT('Ctrl Pts',(-48.2336242148606,8.47441313805944,69.9863299973334));
#1429=CARTESIAN_POINT('Ctrl Pts',(-48.2426772932938,8.46676466432126,69.9852400516093));
#1430=CARTESIAN_POINT('Ctrl Pts',(-48.2509973584205,8.45971943420857,69.984187573307));
#1431=CARTESIAN_POINT('Ctrl Pts',(-48.2563688265838,8.45517100475801,69.9835080889992));
#1432=CARTESIAN_POINT('Ctrl Pts',(-48.2614332912684,8.45087533460385,69.982845072431));
#1433=CARTESIAN_POINT('Ctrl Pts',(-48.266076415528,8.44693098944015,69.9822218193481));
#1434=CARTESIAN_POINT('Ctrl Pts',(-48.2702196380361,8.44341131201002,69.9816656687786));
#1435=CARTESIAN_POINT('Ctrl Pts',(-48.2740268458929,8.44017183730438,69.9811413948188));
#1436=CARTESIAN_POINT('Ctrl Pts',(-48.2774486559459,8.43725574753197,69.9806620719633));
#1437=CARTESIAN_POINT('Ctrl Pts',(-48.2806368020167,8.43453878779255,69.980215480465));
#1438=CARTESIAN_POINT('Ctrl Pts',(-48.2834900577066,8.43210284557515,69.9798080301993));
#1439=CARTESIAN_POINT('Ctrl Pts',(-48.2860034968067,8.42995311990222,69.979444871628));
#1440=CARTESIAN_POINT('Ctrl Pts',(-48.2883417776234,8.42795320579959,69.9791070211025));
#1441=CARTESIAN_POINT('Ctrl Pts',(-48.2903858497734,8.42620109892106,69.9788075439779));
#1442=CARTESIAN_POINT('Ctrl Pts',(-48.2921659497707,8.42467185527203,69.9785446817787));
#1443=CARTESIAN_POINT('Ctrl Pts',(-48.2938898010521,8.42319093362274,69.978290125664));
#1444=CARTESIAN_POINT('Ctrl Pts',(-48.2953658661862,8.42191921218063,69.9780699459554));
#1445=CARTESIAN_POINT('Ctrl Pts',(-48.2966575571661,8.42080338863533,69.9778762078998));
#1446=CARTESIAN_POINT('Ctrl Pts',(-48.2978977871459,8.41973201952736,69.9776901883731));
#1447=CARTESIAN_POINT('Ctrl Pts',(-48.2989679345579,8.41880446378479,69.97752855383));
#1448=CARTESIAN_POINT('Ctrl Pts',(-48.2999601304707,8.41794285598443,69.9773780417836));
#1449=CARTESIAN_POINT('Ctrl Pts',(-48.3005574743189,8.41742413169575,69.9772874271743));
#1450=CARTESIAN_POINT('Ctrl Pts',(-48.3011272674691,8.4169287113419,69.9772007233534));
#1451=CARTESIAN_POINT('Ctrl Pts',(-48.3016965616438,8.41643368416637,69.9771138522332));
#1452=CARTESIAN_POINT('Ctrl Pts',(-45.5010815989792,5.6158187215017,69.9771138522332));
#1453=CARTESIAN_POINT('Ctrl Pts',(-46.4346199198674,6.54935704238993,69.9771138522332));
#1454=CARTESIAN_POINT('Ctrl Pts',(-47.3681582407556,7.48289536327815,69.9771138522332));
#1455=CARTESIAN_POINT('Ctrl Pts',(-48.3016965616438,8.41643368416637,69.9771138522332));
#1456=CARTESIAN_POINT('',(-46.6252703630014,7.29224492014415,70.));
#1457=CARTESIAN_POINT('Ctrl Pts',(-45.5010815989792,5.6158187215017,69.9771138522332));
#1458=CARTESIAN_POINT('Ctrl Pts',(-45.8244281429316,5.24396175488205,69.9203705503107));
#1459=CARTESIAN_POINT('Ctrl Pts',(-46.4861057426765,4.61862025291742,69.6161651849118));
#1460=CARTESIAN_POINT('Ctrl Pts',(-47.2572627692105,4.14491908728955,68.9980624200578));
#1461=CARTESIAN_POINT('Ctrl Pts',(-47.7288257427716,3.96312454061394,68.4838381911659));
#1462=CARTESIAN_POINT('Ctrl Pts',(-47.9507923585675,3.91891423641266,68.1520117874955));
#1463=CARTESIAN_POINT('Ctrl Pts',(-48.0044319187195,3.91763775204979,68.0009957832071));
#1464=CARTESIAN_POINT('Ctrl Pts',(-48.,3.91751528314554,68.));
#1465=CARTESIAN_POINT('Ctrl Pts',(-48.,3.91751528314554,68.));
#1466=CARTESIAN_POINT('Ctrl Pts',(-46.4346199198674,6.54935704238993,69.9771138522332));
#1467=CARTESIAN_POINT('Ctrl Pts',(-46.7741366047089,6.19367021665936,69.9203705503107));
#1468=CARTESIAN_POINT('Ctrl Pts',(-47.4237021718604,5.55621668210128,69.6161651849118));
#1469=CARTESIAN_POINT('Ctrl Pts',(-48.095707244759,4.98336356283804,68.9980624200578));
#1470=CARTESIAN_POINT('Ctrl Pts',(-48.4706807426917,4.70497954053392,68.4838381911659));
#1471=CARTESIAN_POINT('Ctrl Pts',(-48.6333952546227,4.60151713246778,68.1520117874955));
#1472=CARTESIAN_POINT('Ctrl Pts',(-48.6695804561783,4.58278628950853,68.0009957832071));
#1473=CARTESIAN_POINT('Ctrl Pts',(-48.6666666666667,4.58418194981221,68.));
#1474=CARTESIAN_POINT('Ctrl Pts',(-48.6666666666667,4.58418194981221,68.));
#1475=CARTESIAN_POINT('Ctrl Pts',(-47.3681582407556,7.48289536327815,69.9771138522332));
#1476=CARTESIAN_POINT('Ctrl Pts',(-47.7238450664862,7.14337867843666,69.9203705503107));
#1477=CARTESIAN_POINT('Ctrl Pts',(-48.3612986010442,6.49381311128514,69.6161651849118));
#1478=CARTESIAN_POINT('Ctrl Pts',(-48.9341517203075,5.82180803838652,68.9980624200578));
#1479=CARTESIAN_POINT('Ctrl Pts',(-49.2125357426116,5.4468345404539,68.4838381911659));
#1480=CARTESIAN_POINT('Ctrl Pts',(-49.3159981506778,5.28412002852289,68.1520117874955));
#1481=CARTESIAN_POINT('Ctrl Pts',(-49.334728993637,5.24793482696726,68.0009957832071));
#1482=CARTESIAN_POINT('Ctrl Pts',(-49.3333333333333,5.25084861647887,68.));
#1483=CARTESIAN_POINT('Ctrl Pts',(-49.3333333333333,5.25084861647887,68.));
#1484=CARTESIAN_POINT('Ctrl Pts',(-48.3016965616438,8.41643368416637,69.9771138522332));
#1485=CARTESIAN_POINT('Ctrl Pts',(-48.6735535282635,8.09308714021397,69.9203705503107));
#1486=CARTESIAN_POINT('Ctrl Pts',(-49.2988950302281,7.431409540469,69.6161651849118));
#1487=CARTESIAN_POINT('Ctrl Pts',(-49.772596195856,6.66025251393501,68.9980624200578));
#1488=CARTESIAN_POINT('Ctrl Pts',(-49.9543907425316,6.18868954037388,68.4838381911659));
#1489=CARTESIAN_POINT('Ctrl Pts',(-49.9986010467329,5.96672292457801,68.1520117874955));
#1490=CARTESIAN_POINT('Ctrl Pts',(-49.9998775310958,5.913083364426,68.0009957832071));
#1491=CARTESIAN_POINT('Ctrl Pts',(-50.,5.91751528314554,68.));
#1492=CARTESIAN_POINT('Ctrl Pts',(-50.,5.91751528314554,68.));
#1493=CARTESIAN_POINT('Ctrl Pts',(-48.3016965616438,8.41643368416637,69.9771138522332));
#1494=CARTESIAN_POINT('Ctrl Pts',(-48.6735535282635,8.09308714021397,69.9203705503107));
#1495=CARTESIAN_POINT('Ctrl Pts',(-49.2988950302281,7.431409540469,69.6161651849118));
#1496=CARTESIAN_POINT('Ctrl Pts',(-49.772596195856,6.66025251393501,68.9980624200578));
#1497=CARTESIAN_POINT('Ctrl Pts',(-49.9543907425316,6.18868954037388,68.4838381911659));
#1498=CARTESIAN_POINT('Ctrl Pts',(-49.9986010467329,5.96672292457801,68.1520117874955));
#1499=CARTESIAN_POINT('Ctrl Pts',(-49.9998775310958,5.913083364426,68.0009957832071));
#1500=CARTESIAN_POINT('Ctrl Pts',(-50.,5.91751528314554,68.));
#1501=CARTESIAN_POINT('Ctrl Pts',(-50.,5.91751528314554,68.));
#1502=CARTESIAN_POINT('Origin',(-49.,38.4793788207864,1.));
#1503=CARTESIAN_POINT('',(-48.,48.,0.));
#1504=CARTESIAN_POINT('',(-48.,48.,0.));
#1505=CARTESIAN_POINT('',(-48.,38.4793788207864,0.));
#1506=CARTESIAN_POINT('Origin',(-49.,49.,0.));
#1507=CARTESIAN_POINT('',(-48.,50.,68.));
#1508=CARTESIAN_POINT('',(-50.,48.,68.));
#1509=CARTESIAN_POINT('',(-48.,50.,0.));
#1510=CARTESIAN_POINT('Origin',(12.3762220479741,49.,1.));
#1511=CARTESIAN_POINT('',(12.3762220479741,48.,0.));
#1512=CARTESIAN_POINT('Ctrl Pts',(31.4699926256094,45.5010815989792,69.9771138522332));
#1513=CARTESIAN_POINT('Ctrl Pts',(31.4658380117827,45.4974689733115,69.9777478231626));
#1514=CARTESIAN_POINT('Ctrl Pts',(31.4585715065826,45.4911614822424,69.9789025934668));
#1515=CARTESIAN_POINT('Ctrl Pts',(31.4062532952705,45.4466815576047,69.9860515732539));
#1516=CARTESIAN_POINT('Ctrl Pts',(31.3208067869818,45.3746896520274,69.9955757176562));
#1517=CARTESIAN_POINT('Ctrl Pts',(31.2337064487775,45.3038357732245,69.9992026712651));
#1518=CARTESIAN_POINT('Ctrl Pts',(31.1801503918969,45.2601230796953,70.0000436377848));
#1519=CARTESIAN_POINT('Ctrl Pts',(31.1726061130538,45.2540273990045,70.));
#1520=CARTESIAN_POINT('Ctrl Pts',(31.1682960639655,45.2505407260028,70.));
#1521=CARTESIAN_POINT('Ctrl Pts',(30.5364543047211,46.4346199198674,69.9771138522332));
#1522=CARTESIAN_POINT('Ctrl Pts',(30.5324803536142,46.4308266314801,69.9777478231626));
#1523=CARTESIAN_POINT('Ctrl Pts',(30.5258705998592,46.4238623889658,69.9789025934668));
#1524=CARTESIAN_POINT('Ctrl Pts',(30.4760592515689,46.3768756013064,69.9860515732539));
#1525=CARTESIAN_POINT('Ctrl Pts',(30.395521400918,46.2999750380913,69.9955757176562));
#1526=CARTESIAN_POINT('Ctrl Pts',(30.3134503151776,46.2240919068245,69.9992026712651));
#1527=CARTESIAN_POINT('Ctrl Pts',(30.2626121622643,46.1776613093278,70.0000436377848));
#1528=CARTESIAN_POINT('Ctrl Pts',(30.2558452296925,46.1707882823658,70.));
#1529=CARTESIAN_POINT('Ctrl Pts',(30.2518096392998,46.1670271506685,70.));
#1530=CARTESIAN_POINT('Ctrl Pts',(29.6029159838329,47.3681582407556,69.9771138522332));
#1531=CARTESIAN_POINT('Ctrl Pts',(29.5991226954456,47.3641842896486,69.9777478231626));
#1532=CARTESIAN_POINT('Ctrl Pts',(29.5921584529313,47.3577759394193,69.981407979465));
#1533=CARTESIAN_POINT('Ctrl Pts',(29.5451716652719,47.305238430498,69.9858007422601));
#1534=CARTESIAN_POINT('Ctrl Pts',(29.4682711020567,47.2223922163204,69.996096405805));
#1535=CARTESIAN_POINT('Ctrl Pts',(29.39238797079,47.1427674910752,69.9998611843534));
#1536=CARTESIAN_POINT('Ctrl Pts',(29.3459573732934,47.0937518075029,69.9975315612472));
#1537=CARTESIAN_POINT('Ctrl Pts',(29.3390843463313,47.087549165727,70.));
#1538=CARTESIAN_POINT('Ctrl Pts',(29.3353232146341,47.0835135753343,70.));
#1539=CARTESIAN_POINT('Ctrl Pts',(28.6693776629447,48.3016965616438,69.9771138522332));
#1540=CARTESIAN_POINT('Ctrl Pts',(28.665765037277,48.2975419478172,69.9777478231626));
#1541=CARTESIAN_POINT('Ctrl Pts',(28.6594575462079,48.2902754426171,69.9789025934668));
#1542=CARTESIAN_POINT('Ctrl Pts',(28.6149776215702,48.237957231305,69.9860515732539));
#1543=CARTESIAN_POINT('Ctrl Pts',(28.5429857159929,48.1525107230163,69.9955757176562));
#1544=CARTESIAN_POINT('Ctrl Pts',(28.4721318371901,48.065410384812,69.9992026712651));
#1545=CARTESIAN_POINT('Ctrl Pts',(28.4284191436608,48.0118543279313,70.0000436377848));
#1546=CARTESIAN_POINT('Ctrl Pts',(28.42232346297,48.0043100490883,70.));
#1547=CARTESIAN_POINT('Ctrl Pts',(28.4188367899683,48.,70.));
#1548=CARTESIAN_POINT('',(31.1682960639655,45.2505407260028,70.));
#1549=CARTESIAN_POINT('',(31.4699926256094,45.5010815989792,69.9771138522332));
#1550=CARTESIAN_POINT('Ctrl Pts',(31.1682960639655,45.2505407260028,70.));
#1551=CARTESIAN_POINT('Ctrl Pts',(31.1692815818847,45.2513379741666,70.));
#1552=CARTESIAN_POINT('Ctrl Pts',(31.1702707074631,45.2521381697442,69.9999993347775));
#1553=CARTESIAN_POINT('Ctrl Pts',(31.1713835078072,45.253039409883,69.9999976169212));
#1554=CARTESIAN_POINT('Ctrl Pts',(31.1725344607039,45.2539715491961,69.9999958401679));
#1555=CARTESIAN_POINT('Ctrl Pts',(31.1738175692686,45.2550116611042,69.9999929429887));
#1556=CARTESIAN_POINT('Ctrl Pts',(31.1753205654641,45.2562314344268,69.9999876640566));
#1557=CARTESIAN_POINT('Ctrl Pts',(31.176885558723,45.2575015221574,69.999982167374));
#1558=CARTESIAN_POINT('Ctrl Pts',(31.1786887782072,45.2589662534589,69.9999740948053));
#1559=CARTESIAN_POINT('Ctrl Pts',(31.1807835886021,45.2606692706912,69.9999610150522));
#1560=CARTESIAN_POINT('Ctrl Pts',(31.1829868303211,45.2624604392969,69.9999472582664));
#1561=CARTESIAN_POINT('Ctrl Pts',(31.1855124070923,45.2645150152863,69.999927948178));
#1562=CARTESIAN_POINT('Ctrl Pts',(31.1883758922726,45.2668458373795,69.9998991975835));
#1563=CARTESIAN_POINT('Ctrl Pts',(31.1914380474918,45.2693383730794,69.9998684522584));
#1564=CARTESIAN_POINT('Ctrl Pts',(31.194886317414,45.2721465608884,69.9998268534883));
#1565=CARTESIAN_POINT('Ctrl Pts',(31.1986918614853,45.275247101358,69.9997690105343));
#1566=CARTESIAN_POINT('Ctrl Pts',(31.2028962798896,45.2786726219061,69.9997051048282));
#1567=CARTESIAN_POINT('Ctrl Pts',(31.2075362910672,45.2824545774943,69.9996212337353));
#1568=CARTESIAN_POINT('Ctrl Pts',(31.212522438383,45.2865204589984,69.9995109471583));
#1569=CARTESIAN_POINT('Ctrl Pts',(31.2190747461441,45.2918634433203,69.9993660193114));
#1570=CARTESIAN_POINT('Ctrl Pts',(31.2262237819524,45.2976958879324,69.9991748772284));
#1571=CARTESIAN_POINT('Ctrl Pts',(31.2336904134086,45.3037916826545,69.9989306088659));
#1572=CARTESIAN_POINT('Ctrl Pts',(31.2402910599955,45.3091804830611,69.9987146709101));
#1573=CARTESIAN_POINT('Ctrl Pts',(31.2471359368792,45.3147718618471,69.9984573690537));
#1574=CARTESIAN_POINT('Ctrl Pts',(31.2540275300455,45.3204061956632,69.9981616840796));
#1575=CARTESIAN_POINT('Ctrl Pts',(31.2597503895475,45.3250850123081,69.9979161438217));
#1576=CARTESIAN_POINT('Ctrl Pts',(31.2655045453123,45.3297927047183,69.9976443698834));
#1577=CARTESIAN_POINT('Ctrl Pts',(31.2711993929908,45.3344564327399,69.9973509718814));
#1578=CARTESIAN_POINT('Ctrl Pts',(31.2764973506012,45.3387951323434,69.9970780216174));
#1579=CARTESIAN_POINT('Ctrl Pts',(31.281743392678,45.343095300714,69.9967865041388));
#1580=CARTESIAN_POINT('Ctrl Pts',(31.2868956568163,45.3473238577586,69.9964804373135));
#1581=CARTESIAN_POINT('Ctrl Pts',(31.2917259044459,45.3512881299878,69.9961934996649));
#1582=CARTESIAN_POINT('Ctrl Pts',(31.2964734185133,45.3551892040224,69.9958938902908));
#1583=CARTESIAN_POINT('Ctrl Pts',(31.3011380833332,45.3590281103979,69.9955833728237));
#1584=CARTESIAN_POINT('Ctrl Pts',(31.3056038620829,45.3627033383458,69.995286094807));
#1585=CARTESIAN_POINT('Ctrl Pts',(31.3099934409087,45.3663213652953,69.9949789164696));
#1586=CARTESIAN_POINT('Ctrl Pts',(31.3143434233372,45.3699133403409,69.9946604144116));
#1587=CARTESIAN_POINT('Ctrl Pts',(31.3190856006688,45.373829168259,69.9943131961724));
#1588=CARTESIAN_POINT('Ctrl Pts',(31.323783925106,45.3777167093509,69.993952399408));
#1589=CARTESIAN_POINT('Ctrl Pts',(31.3285274167115,45.3816505281971,69.9935711458579));
#1590=CARTESIAN_POINT('Ctrl Pts',(31.3330011903851,45.3853606676165,69.9932115706257));
#1591=CARTESIAN_POINT('Ctrl Pts',(31.337516122365,45.3891127851428,69.9928336085739));
#1592=CARTESIAN_POINT('Ctrl Pts',(31.3421051709927,45.3929343274823,69.9924332847838));
#1593=CARTESIAN_POINT('Ctrl Pts',(31.3469634664387,45.3969800858194,69.9920094733571));
#1594=CARTESIAN_POINT('Ctrl Pts',(31.3519045476886,45.4011034224651,69.9915605224737));
#1595=CARTESIAN_POINT('Ctrl Pts',(31.3569209339479,45.4052976835585,69.9910852966219));
#1596=CARTESIAN_POINT('Ctrl Pts',(31.3623494430659,45.4098365255478,69.9905710284345));
#1597=CARTESIAN_POINT('Ctrl Pts',(31.3678657171693,45.4144580801683,69.9900258912579));
#1598=CARTESIAN_POINT('Ctrl Pts',(31.3734125451031,45.419113593731,69.9894540027771));
#1599=CARTESIAN_POINT('Ctrl Pts',(31.3798304165922,45.4245001837096,69.9887923080536));
#1600=CARTESIAN_POINT('Ctrl Pts',(31.3862884678733,45.4299316507016,69.9880946227108));
#1601=CARTESIAN_POINT('Ctrl Pts',(31.3926447364951,45.4352870890729,69.9873770837801));
#1602=CARTESIAN_POINT('Ctrl Pts',(31.4019202788222,45.4431021450828,69.9863299973338));
#1603=CARTESIAN_POINT('Ctrl Pts',(31.4109733572514,45.4507506188176,69.9852400516103));
#1604=CARTESIAN_POINT('Ctrl Pts',(31.419293422375,45.4577958489276,69.9841875733084));
#1605=CARTESIAN_POINT('Ctrl Pts',(31.4246648905392,45.4623442783789,69.9835080890005));
#1606=CARTESIAN_POINT('Ctrl Pts',(31.4297293552248,45.4666399485339,69.9828450724322));
#1607=CARTESIAN_POINT('Ctrl Pts',(31.4343724794853,45.4705842936984,69.9822218193492));
#1608=CARTESIAN_POINT('Ctrl Pts',(31.438515701994,45.4741039711291,69.9816656687797));
#1609=CARTESIAN_POINT('Ctrl Pts',(31.4423229098516,45.4773434458354,69.9811413948197));
#1610=CARTESIAN_POINT('Ctrl Pts',(31.4457447199053,45.4802595356083,69.9806620719641));
#1611=CARTESIAN_POINT('Ctrl Pts',(31.4489328659766,45.4829764953482,69.9802154804658));
#1612=CARTESIAN_POINT('Ctrl Pts',(31.451786121667,45.485412437566,69.9798080302001));
#1613=CARTESIAN_POINT('Ctrl Pts',(31.4542995607675,45.4875621632393,69.9794448716287));
#1614=CARTESIAN_POINT('Ctrl Pts',(31.4566378415847,45.4895620773423,69.9791070211031));
#1615=CARTESIAN_POINT('Ctrl Pts',(31.4586819137351,45.4913141842212,69.9788075439785));
#1616=CARTESIAN_POINT('Ctrl Pts',(31.4604620137328,45.4928434278706,69.9785446817792));
#1617=CARTESIAN_POINT('Ctrl Pts',(31.4621858650145,45.4943243495202,69.9782901256644));
#1618=CARTESIAN_POINT('Ctrl Pts',(31.4636619301489,45.4955960709625,69.9780699459558));
#1619=CARTESIAN_POINT('Ctrl Pts',(31.4649536211291,45.496711894508,69.9778762079002));
#1620=CARTESIAN_POINT('Ctrl Pts',(31.4661938511091,45.4977832636162,69.9776901883734));
#1621=CARTESIAN_POINT('Ctrl Pts',(31.4672639985213,45.4987108193589,69.9775285538303));
#1622=CARTESIAN_POINT('Ctrl Pts',(31.4682561944343,45.4995724271594,69.9773780417839));
#1623=CARTESIAN_POINT('Ctrl Pts',(31.4688535382832,45.5000911514487,69.9772874271745));
#1624=CARTESIAN_POINT('Ctrl Pts',(31.469423331434,45.5005865718031,69.9772007233534));
#1625=CARTESIAN_POINT('Ctrl Pts',(31.4699926256094,45.5010815989792,69.9771138522332));
#1626=CARTESIAN_POINT('',(28.6693776629447,48.3016965616438,69.9771138522332));
#1627=CARTESIAN_POINT('Ctrl Pts',(28.6693776629447,48.3016965616438,69.9771138522332));
#1628=CARTESIAN_POINT('Ctrl Pts',(29.6029159838329,47.3681582407556,69.9771138522332));
#1629=CARTESIAN_POINT('Ctrl Pts',(30.5364543047211,46.4346199198674,69.9771138522332));
#1630=CARTESIAN_POINT('Ctrl Pts',(31.4699926256094,45.5010815989792,69.9771138522332));
#1631=CARTESIAN_POINT('',(28.4188367899683,48.,70.));
#1632=CARTESIAN_POINT('Ctrl Pts',(28.6693776629447,48.3016965616438,69.9771138522332));
#1633=CARTESIAN_POINT('Ctrl Pts',(28.6685511821933,48.3007460872042,69.9772588893387));
#1634=CARTESIAN_POINT('Ctrl Pts',(28.667721704943,48.2997919912253,69.9774038395073));
#1635=CARTESIAN_POINT('Ctrl Pts',(28.6667897487465,48.2987167602286,69.977566256073));
#1636=CARTESIAN_POINT('Ctrl Pts',(28.6658258125333,48.2976046327497,69.9777342459527));
#1637=CARTESIAN_POINT('Ctrl Pts',(28.6647523645973,48.2963630571444,69.9779209055575));
#1638=CARTESIAN_POINT('Ctrl Pts',(28.6634967931905,48.2949059730366,69.9781381314426));
#1639=CARTESIAN_POINT('Ctrl Pts',(28.6621893767295,48.2933887230122,69.978364327019));
#1640=CARTESIAN_POINT('Ctrl Pts',(28.6606846329494,48.2916379730444,69.97862364552));
#1641=CARTESIAN_POINT('Ctrl Pts',(28.6589385040504,48.2896010452945,69.9789217353307));
#1642=CARTESIAN_POINT('Ctrl Pts',(28.657101876146,48.2874585469103,69.9792352746489));
#1643=CARTESIAN_POINT('Ctrl Pts',(28.6549983811838,48.2849996554357,69.9795916614321));
#1644=CARTESIAN_POINT('Ctrl Pts',(28.6526153498189,48.2822083600075,69.979989505412));
#1645=CARTESIAN_POINT('Ctrl Pts',(28.6500666994285,48.2792230714848,69.9804149992724));
#1646=CARTESIAN_POINT('Ctrl Pts',(28.6471985664541,48.2758578649685,69.98088781179));
#1647=CARTESIAN_POINT('Ctrl Pts',(28.6440351581015,48.2721398295942,69.9813984740956));
#1648=CARTESIAN_POINT('Ctrl Pts',(28.6405392919524,48.2680310480024,69.9819628043587));
#1649=CARTESIAN_POINT('Ctrl Pts',(28.6366832451611,48.2634918530203,69.98257315077));
#1650=CARTESIAN_POINT('Ctrl Pts',(28.6325415728983,48.2586082853521,69.9832099623457));
#1651=CARTESIAN_POINT('Ctrl Pts',(28.6270783959758,48.2521664926436,69.9840499646645));
#1652=CARTESIAN_POINT('Ctrl Pts',(28.6211190807451,48.2451264109106,69.9849352787285));
#1653=CARTESIAN_POINT('Ctrl Pts',(28.6148983417757,48.2377615948118,69.9858170671118));
#1654=CARTESIAN_POINT('Ctrl Pts',(28.6094364639467,48.2312952045706,69.9865912870951));
#1655=CARTESIAN_POINT('Ctrl Pts',(28.6037763304499,48.2245823674821,69.9873623550885));
#1656=CARTESIAN_POINT('Ctrl Pts',(28.5980802547051,48.2178133036132,69.9881039622638));
#1657=CARTESIAN_POINT('Ctrl Pts',(28.5933430549195,48.2121837422545,69.9887207274736));
#1658=CARTESIAN_POINT('Ctrl Pts',(28.5885817506036,48.2065162119532,69.9893172035884));
#1659=CARTESIAN_POINT('Ctrl Pts',(28.5838709339292,48.2008983299094,69.9898843838373));
#1660=CARTESIAN_POINT('Ctrl Pts',(28.5794883094878,48.1956718333472,69.9904120498862));
#1661=CARTESIAN_POINT('Ctrl Pts',(28.5751498695195,48.190488898226,69.9909144149692));
#1662=CARTESIAN_POINT('Ctrl Pts',(28.5708898220531,48.18538961209,69.9913891361884));
#1663=CARTESIAN_POINT('Ctrl Pts',(28.5668960275533,48.1806090313375,69.9918341873314));
#1664=CARTESIAN_POINT('Ctrl Pts',(28.5629713939904,48.1759022889091,69.9922550075577));
#1665=CARTESIAN_POINT('Ctrl Pts',(28.5591155051437,48.1712685256552,69.9926532794543));
#1666=CARTESIAN_POINT('Ctrl Pts',(28.5554224286315,48.1668304199637,69.9930347345856));
#1667=CARTESIAN_POINT('Ctrl Pts',(28.5517926405602,48.1624595351814,69.9933955604967));
#1668=CARTESIAN_POINT('Ctrl Pts',(28.5481951485351,48.1581187213621,69.9937398200254));
#1669=CARTESIAN_POINT('Ctrl Pts',(28.5442882803343,48.1534046073743,69.9941136850947));
#1670=CARTESIAN_POINT('Ctrl Pts',(28.5404167748422,48.1487226772871,69.9944683822699));
#1671=CARTESIAN_POINT('Ctrl Pts',(28.5365069069361,48.1439849907505,69.9948103474863));
#1672=CARTESIAN_POINT('Ctrl Pts',(28.5328058007073,48.139500266056,69.9951340539702));
#1673=CARTESIAN_POINT('Ctrl Pts',(28.5290695322882,48.1349646384484,69.9954463091092));
#1674=CARTESIAN_POINT('Ctrl Pts',(28.5252702776698,48.1303456383762,69.9957479837285));
#1675=CARTESIAN_POINT('Ctrl Pts',(28.521247924197,48.1254554025674,69.9960673732073));
#1676=CARTESIAN_POINT('Ctrl Pts',(28.5171551979411,48.1204719871352,69.9963747824276));
#1677=CARTESIAN_POINT('Ctrl Pts',(28.5129978064553,48.1154038720747,69.9966677105393));
#1678=CARTESIAN_POINT('Ctrl Pts',(28.5084984886698,48.1099189278954,69.9969847306389));
#1679=CARTESIAN_POINT('Ctrl Pts',(28.5039237693714,48.1043351866489,69.9972846237273));
#1680=CARTESIAN_POINT('Ctrl Pts',(28.4993207280021,48.0987118308141,69.9975625082728));
#1681=CARTESIAN_POINT('Ctrl Pts',(28.4939933397919,48.0922035687386,69.9978841214701));
#1682=CARTESIAN_POINT('Ctrl Pts',(28.488628587293,48.0856429446366,69.9981759603873));
#1683=CARTESIAN_POINT('Ctrl Pts',(28.4833443978154,48.0791763383799,69.9984321623315));
#1684=CARTESIAN_POINT('Ctrl Pts',(28.4751532363928,48.0691522815346,69.9988293077196));
#1685=CARTESIAN_POINT('Ctrl Pts',(28.4671612144782,48.0593610444579,69.9991388175766));
#1686=CARTESIAN_POINT('Ctrl Pts',(28.4598791820859,48.0504338483091,69.999364005614));
#1687=CARTESIAN_POINT('Ctrl Pts',(28.455518426934,48.0450879071623,69.9994988566887));
#1688=CARTESIAN_POINT('Ctrl Pts',(28.4514132593462,48.0400529781975,69.9996042229885));
#1689=CARTESIAN_POINT('Ctrl Pts',(28.4476533012387,48.0354396311145,69.999685983485));
#1690=CARTESIAN_POINT('Ctrl Pts',(28.4442767775902,48.0312967457207,69.999759406178));
#1691=CARTESIAN_POINT('Ctrl Pts',(28.4411790743572,48.027494361698,69.9998139218086));
#1692=CARTESIAN_POINT('Ctrl Pts',(28.4383984122443,48.0240796736914,69.9998550370752));
#1693=CARTESIAN_POINT('Ctrl Pts',(28.4357052364903,48.0207724200326,69.999894858756));
#1694=CARTESIAN_POINT('Ctrl Pts',(28.4333099925005,48.0178294915986,69.9999221859073));
#1695=CARTESIAN_POINT('Ctrl Pts',(28.4312139515423,48.0152526585001,69.9999418382565));
#1696=CARTESIAN_POINT('Ctrl Pts',(28.4293321512145,48.0129392087794,69.9999594818988));
#1697=CARTESIAN_POINT('Ctrl Pts',(28.4276914218961,48.0109207221458,69.9999709571788));
#1698=CARTESIAN_POINT('Ctrl Pts',(28.4262632792303,48.0091624087799,69.9999790124562));
#1699=CARTESIAN_POINT('Ctrl Pts',(28.424879291908,48.0074584589818,69.9999868186804));
#1700=CARTESIAN_POINT('Ctrl Pts',(28.4236951400696,48.0059990751645,69.9999914147066));
#1701=CARTESIAN_POINT('Ctrl Pts',(28.422654555304,48.004715411025,69.999994441217));
#1702=CARTESIAN_POINT('Ctrl Pts',(28.4216536901546,48.0034807449572,69.9999973522041));
#1703=CARTESIAN_POINT('Ctrl Pts',(28.4207857332244,48.0024087513321,69.9999988034368));
#1704=CARTESIAN_POINT('Ctrl Pts',(28.4199701538997,48.0014008668197,69.999999509393));
#1705=CARTESIAN_POINT('Ctrl Pts',(28.4195848282582,48.0009246853686,69.9999998429265));
#1706=CARTESIAN_POINT('Ctrl Pts',(28.4192107359399,48.0004622531258,70.));
#1707=CARTESIAN_POINT('Ctrl Pts',(28.4188367899683,48.,70.));
#1708=CARTESIAN_POINT('',(29.7935664269669,46.6252703630014,70.));
#1709=CARTESIAN_POINT('Origin',(32.1682960639655,49.,0.));
#1710=CARTESIAN_POINT('',(31.1682960639655,50.,68.));
#1711=CARTESIAN_POINT('',(31.1682960639655,50.,0.));
#1712=CARTESIAN_POINT('',(31.1682960639655,50.,68.));
#1713=CARTESIAN_POINT('Ctrl Pts',(28.6693776629447,48.3016965616438,69.9771138522332));
#1714=CARTESIAN_POINT('Ctrl Pts',(28.9927242068971,48.6735535282635,69.9203705503107));
#1715=CARTESIAN_POINT('Ctrl Pts',(29.6544057161166,49.298881289159,69.6161850931428));
#1716=CARTESIAN_POINT('Ctrl Pts',(30.425563805184,49.772584494096,68.9980723645344));
#1717=CARTESIAN_POINT('Ctrl Pts',(30.8971291322579,49.9543748052672,68.4838458640378));
#1718=CARTESIAN_POINT('Ctrl Pts',(31.1190956207336,49.9985908689773,68.1520142070385));
#1719=CARTESIAN_POINT('Ctrl Pts',(31.1727363770116,49.9998702929572,68.0009987680772));
#1720=CARTESIAN_POINT('Ctrl Pts',(31.1682960639655,50.,68.));
#1721=CARTESIAN_POINT('Ctrl Pts',(31.1682960639655,50.,68.));
#1722=CARTESIAN_POINT('Ctrl Pts',(29.6029159838329,47.3681582407556,69.9771138522332));
#1723=CARTESIAN_POINT('Ctrl Pts',(29.9424326686744,47.7238450664862,69.9203705503107));
#1724=CARTESIAN_POINT('Ctrl Pts',(30.5919962617859,48.3612907434897,69.6161850931428));
#1725=CARTESIAN_POINT('Ctrl Pts',(31.2640027228099,48.9341455764702,68.9980723645344));
#1726=CARTESIAN_POINT('Ctrl Pts',(31.6389763779162,49.2125275596089,68.4838458640378));
#1727=CARTESIAN_POINT('Ctrl Pts',(31.8016927248034,49.3159937649076,68.1520142070385));
#1728=CARTESIAN_POINT('Ctrl Pts',(31.8378797036487,49.3347269663202,68.0009987680772));
#1729=CARTESIAN_POINT('Ctrl Pts',(31.8349627306322,49.3333333333333,68.));
#1730=CARTESIAN_POINT('Ctrl Pts',(31.8349627306322,49.3333333333333,68.));
#1731=CARTESIAN_POINT('Ctrl Pts',(30.5364543047211,46.4346199198674,69.9771138522332));
#1732=CARTESIAN_POINT('Ctrl Pts',(30.8921411304517,46.7741366047089,69.9203705503107));
#1733=CARTESIAN_POINT('Ctrl Pts',(31.5295868074552,47.4237001978204,69.6161850931428));
#1734=CARTESIAN_POINT('Ctrl Pts',(32.1024416404357,48.0957066588444,68.9980723645344));
#1735=CARTESIAN_POINT('Ctrl Pts',(32.3808236235745,48.4706803139507,68.4838458640378));
#1736=CARTESIAN_POINT('Ctrl Pts',(32.4842898288731,48.6333966608378,68.1520142070385));
#1737=CARTESIAN_POINT('Ctrl Pts',(32.5030230302857,48.6695836396831,68.0009987680772));
#1738=CARTESIAN_POINT('Ctrl Pts',(32.5016293972989,48.6666666666667,68.));
#1739=CARTESIAN_POINT('Ctrl Pts',(32.5016293972989,48.6666666666667,68.));
#1740=CARTESIAN_POINT('Ctrl Pts',(31.4699926256094,45.5010815989792,69.9771138522332));
#1741=CARTESIAN_POINT('Ctrl Pts',(31.841849592229,45.8244281429316,69.9203705503107));
#1742=CARTESIAN_POINT('Ctrl Pts',(32.4671773531245,46.4861096521511,69.6161850931428));
#1743=CARTESIAN_POINT('Ctrl Pts',(32.9408805580616,47.2572677412185,68.9980723645344));
#1744=CARTESIAN_POINT('Ctrl Pts',(33.1226708692327,47.7288330682924,68.4838458640378));
#1745=CARTESIAN_POINT('Ctrl Pts',(33.1668869329428,47.9507995567681,68.1520142070385));
#1746=CARTESIAN_POINT('Ctrl Pts',(33.1681663569228,48.0044403130461,68.0009987680772));
#1747=CARTESIAN_POINT('Ctrl Pts',(33.1682960639655,48.,68.));
#1748=CARTESIAN_POINT('Ctrl Pts',(33.1682960639655,48.,68.));
#1749=CARTESIAN_POINT('Ctrl Pts',(31.4699926256094,45.5010815989792,69.9771138522332));
#1750=CARTESIAN_POINT('Ctrl Pts',(31.841849592229,45.8244281429316,69.9203705503107));
#1751=CARTESIAN_POINT('Ctrl Pts',(32.4671773531245,46.4861096521511,69.6161850931428));
#1752=CARTESIAN_POINT('Ctrl Pts',(32.9408805580616,47.2572677412185,68.9980723645344));
#1753=CARTESIAN_POINT('Ctrl Pts',(33.1226708692327,47.7288330682924,68.4838458640378));
#1754=CARTESIAN_POINT('Ctrl Pts',(33.1668869329428,47.9507995567681,68.1520142070385));
#1755=CARTESIAN_POINT('Ctrl Pts',(33.1681663569228,48.0044403130461,68.0009987680772));
#1756=CARTESIAN_POINT('Ctrl Pts',(33.1682960639655,48.,68.));
#1757=CARTESIAN_POINT('Ctrl Pts',(33.1682960639655,48.,68.));
#1758=CARTESIAN_POINT('Ctrl Pts',(31.1682960639655,50.,68.));
#1759=CARTESIAN_POINT('Ctrl Pts',(31.1682960639655,50.,68.));
#1760=CARTESIAN_POINT('Ctrl Pts',(31.1727363770116,49.9998702929572,68.0009987680772));
#1761=CARTESIAN_POINT('Ctrl Pts',(31.1190956207336,49.9985908689773,68.1520142070385));
#1762=CARTESIAN_POINT('Ctrl Pts',(30.8971291322579,49.9543748052672,68.4838458640378));
#1763=CARTESIAN_POINT('Ctrl Pts',(30.425563805184,49.772584494096,68.9980723645344));
#1764=CARTESIAN_POINT('Ctrl Pts',(29.6544057161166,49.298881289159,69.6161850931428));
#1765=CARTESIAN_POINT('Ctrl Pts',(28.9927242068971,48.6735535282635,69.9203705503107));
#1766=CARTESIAN_POINT('Ctrl Pts',(28.6693776629447,48.3016965616438,69.9771138522332));
#1767=CARTESIAN_POINT('Origin',(-8.41585196801724,26.9587576415728,70.));
#1768=CARTESIAN_POINT('',(31.1682960639655,15.4381364623592,70.));
#1769=CARTESIAN_POINT('',(-45.2505407260028,48.,70.));
#1770=CARTESIAN_POINT('',(12.3762220479741,48.,70.));
#1771=CARTESIAN_POINT('',(-48.,45.2505407260028,70.));
#1772=CARTESIAN_POINT('',(-46.6252703630014,46.6252703630014,70.));
#1773=CARTESIAN_POINT('',(-48.,38.4793788207864,70.));
#1774=CARTESIAN_POINT('Origin',(12.3762220479741,48.,68.));
#1775=CARTESIAN_POINT('',(12.3762220479741,50.,68.));
#1776=CARTESIAN_POINT('',(-45.5010815989792,48.3016965616438,69.9771138522332));
#1777=CARTESIAN_POINT('Ctrl Pts',(-45.5010815989792,48.3016965616438,69.9771138522332));
#1778=CARTESIAN_POINT('Ctrl Pts',(-45.8244281429316,48.6735535282635,69.9203705503107));
#1779=CARTESIAN_POINT('Ctrl Pts',(-46.4861122334009,49.2988726014641,69.6161972484679));
#1780=CARTESIAN_POINT('Ctrl Pts',(-47.2572709361118,49.7725770153472,68.9980786933395));
#1781=CARTESIAN_POINT('Ctrl Pts',(-47.7288377644006,49.9543646725264,68.4838509313554));
#1782=CARTESIAN_POINT('Ctrl Pts',(-47.9508040274989,49.9985843907503,68.1520160059236));
#1783=CARTESIAN_POINT('Ctrl Pts',(-48.0044454530353,49.9998656069328,68.0010007751669));
#1784=CARTESIAN_POINT('Ctrl Pts',(-48.,50.,68.));
#1785=CARTESIAN_POINT('Ctrl Pts',(-48.,50.,68.));
#1786=CARTESIAN_POINT('Ctrl Pts',(-45.2505407260028,48.,70.));
#1787=CARTESIAN_POINT('Ctrl Pts',(-45.2513379741666,48.0009855179192,70.));
#1788=CARTESIAN_POINT('Ctrl Pts',(-45.2521381697442,48.0019746434976,69.9999993347775));
#1789=CARTESIAN_POINT('Ctrl Pts',(-45.253039409883,48.0030874438416,69.9999976169212));
#1790=CARTESIAN_POINT('Ctrl Pts',(-45.2539715491961,48.0042383967384,69.9999958401679));
#1791=CARTESIAN_POINT('Ctrl Pts',(-45.2550116611042,48.0055215053031,69.9999929429887));
#1792=CARTESIAN_POINT('Ctrl Pts',(-45.2562314344268,48.0070245014986,69.9999876640566));
#1793=CARTESIAN_POINT('Ctrl Pts',(-45.2575015221575,48.0085894947575,69.999982167374));
#1794=CARTESIAN_POINT('Ctrl Pts',(-45.2589662534589,48.0103927142417,69.9999740948053));
#1795=CARTESIAN_POINT('Ctrl Pts',(-45.2606692706912,48.0124875246366,69.9999610150522));
#1796=CARTESIAN_POINT('Ctrl Pts',(-45.262460439297,48.0146907663556,69.9999472582664));
#1797=CARTESIAN_POINT('Ctrl Pts',(-45.2645150152863,48.0172163431269,69.999927948178));
#1798=CARTESIAN_POINT('Ctrl Pts',(-45.2668458373796,48.0200798283071,69.9998991975835));
#1799=CARTESIAN_POINT('Ctrl Pts',(-45.2693383730794,48.0231419835264,69.9998684522584));
#1800=CARTESIAN_POINT('Ctrl Pts',(-45.2721465608884,48.0265902534484,69.9998268534883));
#1801=CARTESIAN_POINT('Ctrl Pts',(-45.2752471013579,48.0303957975197,69.9997690105343));
#1802=CARTESIAN_POINT('Ctrl Pts',(-45.2786726219061,48.034600215924,69.9997051048282));
#1803=CARTESIAN_POINT('Ctrl Pts',(-45.2824545774942,48.0392402271016,69.9996212337353));
#1804=CARTESIAN_POINT('Ctrl Pts',(-45.2865204589984,48.0442263744175,69.9995109471583));
#1805=CARTESIAN_POINT('Ctrl Pts',(-45.2918634433201,48.0507786821782,69.9993660193115));
#1806=CARTESIAN_POINT('Ctrl Pts',(-45.2976958879319,48.0579277179862,69.9991748772284));
#1807=CARTESIAN_POINT('Ctrl Pts',(-45.3037916826536,48.0653943494419,69.9989306088659));
#1808=CARTESIAN_POINT('Ctrl Pts',(-45.3091804830602,48.0719949960289,69.9987146709101));
#1809=CARTESIAN_POINT('Ctrl Pts',(-45.3147718618463,48.0788398729126,69.9984573690537));
#1810=CARTESIAN_POINT('Ctrl Pts',(-45.3204061956624,48.085731466079,69.9981616840796));
#1811=CARTESIAN_POINT('Ctrl Pts',(-45.3250850123073,48.091454325581,69.9979161438217));
#1812=CARTESIAN_POINT('Ctrl Pts',(-45.3297927047176,48.0972084813458,69.9976443698834));
#1813=CARTESIAN_POINT('Ctrl Pts',(-45.3344564327392,48.1029033290244,69.9973509718814));
#1814=CARTESIAN_POINT('Ctrl Pts',(-45.3387951323427,48.1082012866348,69.9970780216174));
#1815=CARTESIAN_POINT('Ctrl Pts',(-45.3430953007133,48.1134473287116,69.9967865041388));
#1816=CARTESIAN_POINT('Ctrl Pts',(-45.3473238577579,48.1185995928499,69.9964804373136));
#1817=CARTESIAN_POINT('Ctrl Pts',(-45.3512881299872,48.1234298404796,69.9961934996649));
#1818=CARTESIAN_POINT('Ctrl Pts',(-45.3551892040217,48.1281773545471,69.9958938902908));
#1819=CARTESIAN_POINT('Ctrl Pts',(-45.3590281103973,48.132842019367,69.9955833728237));
#1820=CARTESIAN_POINT('Ctrl Pts',(-45.3627033383452,48.1373077981166,69.9952860948071));
#1821=CARTESIAN_POINT('Ctrl Pts',(-45.3663213652947,48.1416973769424,69.9949789164696));
#1822=CARTESIAN_POINT('Ctrl Pts',(-45.3699133403402,48.1460473593708,69.9946604144116));
#1823=CARTESIAN_POINT('Ctrl Pts',(-45.3738291682584,48.1507895367026,69.9943131961724));
#1824=CARTESIAN_POINT('Ctrl Pts',(-45.3777167093504,48.1554878611398,69.993952399408));
#1825=CARTESIAN_POINT('Ctrl Pts',(-45.3816505281967,48.1602313527454,69.9935711458579));
#1826=CARTESIAN_POINT('Ctrl Pts',(-45.385360667616,48.164705126419,69.9932115706258));
#1827=CARTESIAN_POINT('Ctrl Pts',(-45.3891127851422,48.1692200583989,69.992833608574));
#1828=CARTESIAN_POINT('Ctrl Pts',(-45.3929343274817,48.1738091070265,69.9924332847839));
#1829=CARTESIAN_POINT('Ctrl Pts',(-45.3969800858188,48.1786674024725,69.9920094733571));
#1830=CARTESIAN_POINT('Ctrl Pts',(-45.4011034224645,48.1836084837224,69.9915605224737));
#1831=CARTESIAN_POINT('Ctrl Pts',(-45.4052976835579,48.1886248699817,69.991085296622));
#1832=CARTESIAN_POINT('Ctrl Pts',(-45.4098365255472,48.1940533790997,69.9905710284346));
#1833=CARTESIAN_POINT('Ctrl Pts',(-45.4144580801676,48.1995696532031,69.9900258912579));
#1834=CARTESIAN_POINT('Ctrl Pts',(-45.4191135937303,48.2051164811368,69.9894540027772));
#1835=CARTESIAN_POINT('Ctrl Pts',(-45.4245001837087,48.2115343526256,69.9887923080537));
#1836=CARTESIAN_POINT('Ctrl Pts',(-45.4299316507005,48.2179924039064,69.9880946227109));
#1837=CARTESIAN_POINT('Ctrl Pts',(-45.4352870890716,48.224348672528,69.9873770837803));
#1838=CARTESIAN_POINT('Ctrl Pts',(-45.4431021450615,48.2336242148315,69.9863299973367));
#1839=CARTESIAN_POINT('Ctrl Pts',(-45.4507506187773,48.2426772932383,69.985240051616));
#1840=CARTESIAN_POINT('Ctrl Pts',(-45.4577958488725,48.2509973583445,69.9841875733166));
#1841=CARTESIAN_POINT('Ctrl Pts',(-45.4623442783284,48.256368826514,69.9835080890082));
#1842=CARTESIAN_POINT('Ctrl Pts',(-45.4666399484881,48.2614332912053,69.9828450724393));
#1843=CARTESIAN_POINT('Ctrl Pts',(-45.4705842936572,48.2660764154713,69.9822218193557));
#1844=CARTESIAN_POINT('Ctrl Pts',(-45.4741039710911,48.2702196379838,69.9816656687858));
#1845=CARTESIAN_POINT('Ctrl Pts',(-45.4773434458006,48.2740268458453,69.9811413948254));
#1846=CARTESIAN_POINT('Ctrl Pts',(-45.4802595355768,48.2774486559027,69.9806620719693));
#1847=CARTESIAN_POINT('Ctrl Pts',(-45.4829764953194,48.2806368019773,69.9802154804706));
#1848=CARTESIAN_POINT('Ctrl Pts',(-45.4854124375399,48.2834900576709,69.9798080302045));
#1849=CARTESIAN_POINT('Ctrl Pts',(-45.4875621632157,48.2860034967744,69.9794448716327));
#1850=CARTESIAN_POINT('Ctrl Pts',(-45.489562077321,48.2883417775942,69.9791070211067));
#1851=CARTESIAN_POINT('Ctrl Pts',(-45.491314184202,48.2903858497471,69.9788075439818));
#1852=CARTESIAN_POINT('Ctrl Pts',(-45.4928434278532,48.292165949747,69.9785446817822));
#1853=CARTESIAN_POINT('Ctrl Pts',(-45.4943243495046,48.2938898010309,69.9782901256671));
#1854=CARTESIAN_POINT('Ctrl Pts',(-45.4955960709485,48.2953658661672,69.9780699459583));
#1855=CARTESIAN_POINT('Ctrl Pts',(-45.4967118944954,48.2966575571489,69.9778762079024));
#1856=CARTESIAN_POINT('Ctrl Pts',(-45.4977832636047,48.2978977871303,69.9776901883754));
#1857=CARTESIAN_POINT('Ctrl Pts',(-45.4987108193483,48.2989679345436,69.9775285538321));
#1858=CARTESIAN_POINT('Ctrl Pts',(-45.4995724271493,48.2999601304572,69.9773780417857));
#1859=CARTESIAN_POINT('Ctrl Pts',(-45.5000911514423,48.3005574743103,69.9772874271757));
#1860=CARTESIAN_POINT('Ctrl Pts',(-45.5005865717999,48.3011272674648,69.977200723354));
#1861=CARTESIAN_POINT('Ctrl Pts',(-45.5010815989792,48.3016965616438,69.9771138522332));
#1862=CARTESIAN_POINT('Origin',(33.1682960639655,50.,0.));
#1863=CARTESIAN_POINT('Ctrl Pts',(-45.5010815989792,48.3016965616438,69.9771138522332));
#1864=CARTESIAN_POINT('Ctrl Pts',(-45.4974689733115,48.2975419478172,69.9777478231626));
#1865=CARTESIAN_POINT('Ctrl Pts',(-45.4911597947027,48.2902734457931,69.9789028317428));
#1866=CARTESIAN_POINT('Ctrl Pts',(-45.4466810518555,48.2379566429886,69.9860516638237));
#1867=CARTESIAN_POINT('Ctrl Pts',(-45.3746896347094,48.1525107625929,69.995575978038));
#1868=CARTESIAN_POINT('Ctrl Pts',(-45.3038362615888,48.0654109999366,69.9992026693773));
#1869=CARTESIAN_POINT('Ctrl Pts',(-45.2601247477386,48.0118563600874,70.0000435714015));
#1870=CARTESIAN_POINT('Ctrl Pts',(-45.2540273990045,48.0043100490883,70.));
#1871=CARTESIAN_POINT('Ctrl Pts',(-45.2505407260028,48.,70.));
#1872=CARTESIAN_POINT('Ctrl Pts',(-46.4346199198674,47.3681582407556,69.9771138522332));
#1873=CARTESIAN_POINT('Ctrl Pts',(-46.4308266314801,47.3641842896486,69.9777478231626));
#1874=CARTESIAN_POINT('Ctrl Pts',(-46.4238607014261,47.3575725390697,69.9789028317428));
#1875=CARTESIAN_POINT('Ctrl Pts',(-46.3768750955572,47.3077625992869,69.9860516638237));
#1876=CARTESIAN_POINT('Ctrl Pts',(-46.2999750207732,47.2272253765291,69.995575978038));
#1877=CARTESIAN_POINT('Ctrl Pts',(-46.2240923951887,47.1451548663366,69.9992026693773));
#1878=CARTESIAN_POINT('Ctrl Pts',(-46.1776629773711,47.0943181304549,70.0000435714015));
#1879=CARTESIAN_POINT('Ctrl Pts',(-46.1707882823658,47.087549165727,70.));
#1880=CARTESIAN_POINT('Ctrl Pts',(-46.1670271506685,47.0835135753343,70.));
#1881=CARTESIAN_POINT('Ctrl Pts',(-47.3681582407556,46.4346199198674,69.9771138522332));
#1882=CARTESIAN_POINT('Ctrl Pts',(-47.3641842896486,46.4308266314801,69.9777478231626));
#1883=CARTESIAN_POINT('Ctrl Pts',(-47.3577737235124,46.4238607014261,69.9814073121763));
#1884=CARTESIAN_POINT('Ctrl Pts',(-47.3052377599065,46.3768750955572,69.9858005677591));
#1885=CARTESIAN_POINT('Ctrl Pts',(-47.222392017702,46.2999750207732,69.996096700881));
#1886=CARTESIAN_POINT('Ctrl Pts',(-47.1427681088826,46.2240923951887,69.9998614688556));
#1887=CARTESIAN_POINT('Ctrl Pts',(-47.0937539018115,46.1776629773711,69.9975324281562));
#1888=CARTESIAN_POINT('Ctrl Pts',(-47.087549165727,46.1707882823658,70.));
#1889=CARTESIAN_POINT('Ctrl Pts',(-47.0835135753343,46.1670271506685,70.));
#1890=CARTESIAN_POINT('Ctrl Pts',(-48.3016965616438,45.5010815989792,69.9771138522332));
#1891=CARTESIAN_POINT('Ctrl Pts',(-48.2975419478172,45.4974689733115,69.9777478231626));
#1892=CARTESIAN_POINT('Ctrl Pts',(-48.2902734457931,45.4911597947027,69.9789028317428));
#1893=CARTESIAN_POINT('Ctrl Pts',(-48.2379566429886,45.4466810518555,69.9860516638237));
#1894=CARTESIAN_POINT('Ctrl Pts',(-48.1525107625929,45.3746896347094,69.995575978038));
#1895=CARTESIAN_POINT('Ctrl Pts',(-48.0654109999366,45.3038362615887,69.9992026693773));
#1896=CARTESIAN_POINT('Ctrl Pts',(-48.0118563600874,45.2601247477386,70.0000435714015));
#1897=CARTESIAN_POINT('Ctrl Pts',(-48.0043100490883,45.2540273990045,70.));
#1898=CARTESIAN_POINT('Ctrl Pts',(-48.,45.2505407260028,70.));
#1899=CARTESIAN_POINT('',(-48.3016965616438,45.5010815989792,69.9771138522332));
#1900=CARTESIAN_POINT('Ctrl Pts',(-48.3016965616438,45.5010815989792,69.9771138522332));
#1901=CARTESIAN_POINT('Ctrl Pts',(-47.3681582407556,46.4346199198674,69.9771138522332));
#1902=CARTESIAN_POINT('Ctrl Pts',(-46.4346199198674,47.3681582407556,69.9771138522332));
#1903=CARTESIAN_POINT('Ctrl Pts',(-45.5010815989792,48.3016965616438,69.9771138522332));
#1904=CARTESIAN_POINT('Ctrl Pts',(-48.3016965616438,45.5010815989792,69.9771138522332));
#1905=CARTESIAN_POINT('Ctrl Pts',(-48.3007460872042,45.5002551182278,69.9772588893387));
#1906=CARTESIAN_POINT('Ctrl Pts',(-48.2997919912253,45.4994256409774,69.9774038395073));
#1907=CARTESIAN_POINT('Ctrl Pts',(-48.2987167602286,45.498493684781,69.977566256073));
#1908=CARTESIAN_POINT('Ctrl Pts',(-48.2976046327497,45.4975297485678,69.9777342459527));
#1909=CARTESIAN_POINT('Ctrl Pts',(-48.2963630571444,45.4964563006318,69.9779209055575));
#1910=CARTESIAN_POINT('Ctrl Pts',(-48.2949059730366,45.495200729225,69.9781381314426));
#1911=CARTESIAN_POINT('Ctrl Pts',(-48.2933887230122,45.493893312764,69.978364327019));
#1912=CARTESIAN_POINT('Ctrl Pts',(-48.2916379730445,45.4923885689838,69.97862364552));
#1913=CARTESIAN_POINT('Ctrl Pts',(-48.2896010452945,45.4906424400849,69.9789217353307));
#1914=CARTESIAN_POINT('Ctrl Pts',(-48.2874585469103,45.4888058121805,69.9792352746489));
#1915=CARTESIAN_POINT('Ctrl Pts',(-48.2849996554357,45.4867023172183,69.9795916614321));
#1916=CARTESIAN_POINT('Ctrl Pts',(-48.2822083600075,45.4843192858534,69.979989505412));
#1917=CARTESIAN_POINT('Ctrl Pts',(-48.2792230714848,45.4817706354629,69.9804149992724));
#1918=CARTESIAN_POINT('Ctrl Pts',(-48.2758578649685,45.4789025024885,69.98088781179));
#1919=CARTESIAN_POINT('Ctrl Pts',(-48.2721398295942,45.4757390941359,69.9813984740956));
#1920=CARTESIAN_POINT('Ctrl Pts',(-48.2680310480023,45.4722432279867,69.9819628043588));
#1921=CARTESIAN_POINT('Ctrl Pts',(-48.2634918530202,45.4683871811955,69.98257315077));
#1922=CARTESIAN_POINT('Ctrl Pts',(-48.2586082853519,45.4642455089326,69.9832099623457));
#1923=CARTESIAN_POINT('Ctrl Pts',(-48.2521664926433,45.4587823320101,69.9840499646645));
#1924=CARTESIAN_POINT('Ctrl Pts',(-48.2451264109102,45.4528230167792,69.9849352787286));
#1925=CARTESIAN_POINT('Ctrl Pts',(-48.2377615948114,45.4466022778098,69.9858170671119));
#1926=CARTESIAN_POINT('Ctrl Pts',(-48.2312952045703,45.4411403999809,69.9865912870951));
#1927=CARTESIAN_POINT('Ctrl Pts',(-48.2245823674818,45.4354802664842,69.9873623550885));
#1928=CARTESIAN_POINT('Ctrl Pts',(-48.217813303613,45.4297841907394,69.9881039622638));
#1929=CARTESIAN_POINT('Ctrl Pts',(-48.2121837422543,45.4250469909538,69.9887207274737));
#1930=CARTESIAN_POINT('Ctrl Pts',(-48.2065162119529,45.4202856866379,69.9893172035884));
#1931=CARTESIAN_POINT('Ctrl Pts',(-48.2008983299091,45.4155748699634,69.9898843838373));
#1932=CARTESIAN_POINT('Ctrl Pts',(-48.195671833347,45.4111922455221,69.9904120498863));
#1933=CARTESIAN_POINT('Ctrl Pts',(-48.1904888982258,45.4068538055538,69.9909144149692));
#1934=CARTESIAN_POINT('Ctrl Pts',(-48.1853896120898,45.4025937580873,69.9913891361884));
#1935=CARTESIAN_POINT('Ctrl Pts',(-48.1806090313373,45.3985999635876,69.9918341873314));
#1936=CARTESIAN_POINT('Ctrl Pts',(-48.1759022889089,45.3946753300247,69.9922550075578));
#1937=CARTESIAN_POINT('Ctrl Pts',(-48.171268525655,45.390819441178,69.9926532794543));
#1938=CARTESIAN_POINT('Ctrl Pts',(-48.1668304199635,45.3871263646658,69.9930347345857));
#1939=CARTESIAN_POINT('Ctrl Pts',(-48.1624595351812,45.3834965765944,69.9933955604967));
#1940=CARTESIAN_POINT('Ctrl Pts',(-48.1581187213619,45.3798990845694,69.9937398200254));
#1941=CARTESIAN_POINT('Ctrl Pts',(-48.1534046073741,45.3759922163686,69.9941136850948));
#1942=CARTESIAN_POINT('Ctrl Pts',(-48.1487226772869,45.3721207108765,69.99446838227));
#1943=CARTESIAN_POINT('Ctrl Pts',(-48.1439849907504,45.3682108429704,69.9948103474864));
#1944=CARTESIAN_POINT('Ctrl Pts',(-48.1395002660559,45.3645097367416,69.9951340539703));
#1945=CARTESIAN_POINT('Ctrl Pts',(-48.1349646384482,45.3607734683225,69.9954463091093));
#1946=CARTESIAN_POINT('Ctrl Pts',(-48.130345638376,45.3569742137042,69.9957479837285));
#1947=CARTESIAN_POINT('Ctrl Pts',(-48.1254554025673,45.3529518602314,69.9960673732073));
#1948=CARTESIAN_POINT('Ctrl Pts',(-48.1204719871351,45.3488591339755,69.9963747824276));
#1949=CARTESIAN_POINT('Ctrl Pts',(-48.1154038720746,45.3447017424897,69.9966677105393));
#1950=CARTESIAN_POINT('Ctrl Pts',(-48.1099189278952,45.3402024247042,69.9969847306389));
#1951=CARTESIAN_POINT('Ctrl Pts',(-48.1043351866487,45.3356277054057,69.9972846237273));
#1952=CARTESIAN_POINT('Ctrl Pts',(-48.098711830814,45.3310246640364,69.9975625082729));
#1953=CARTESIAN_POINT('Ctrl Pts',(-48.0922035687384,45.3256972758262,69.9978841214701));
#1954=CARTESIAN_POINT('Ctrl Pts',(-48.0856429446364,45.3203325233273,69.9981759603873));
#1955=CARTESIAN_POINT('Ctrl Pts',(-48.0791763383796,45.3150483338496,69.9984321623315));
#1956=CARTESIAN_POINT('Ctrl Pts',(-48.0691522815343,45.3068571724271,69.9988293077196));
#1957=CARTESIAN_POINT('Ctrl Pts',(-48.0593610444577,45.2988651505125,69.9991388175766));
#1958=CARTESIAN_POINT('Ctrl Pts',(-48.0504338483089,45.2915831181202,69.999364005614));
#1959=CARTESIAN_POINT('Ctrl Pts',(-48.0450879071622,45.2872223629684,69.9994988566887));
#1960=CARTESIAN_POINT('Ctrl Pts',(-48.0400529781975,45.2831171953806,69.9996042229885));
#1961=CARTESIAN_POINT('Ctrl Pts',(-48.0354396311145,45.2793572372732,69.999685983485));
#1962=CARTESIAN_POINT('Ctrl Pts',(-48.0312967457206,45.2759807136247,69.999759406178));
#1963=CARTESIAN_POINT('Ctrl Pts',(-48.027494361698,45.2728830103917,69.9998139218086));
#1964=CARTESIAN_POINT('Ctrl Pts',(-48.0240796736914,45.2701023482788,69.9998550370752));
#1965=CARTESIAN_POINT('Ctrl Pts',(-48.0207724200326,45.2674091725248,69.999894858756));
#1966=CARTESIAN_POINT('Ctrl Pts',(-48.0178294915986,45.265013928535,69.9999221859073));
#1967=CARTESIAN_POINT('Ctrl Pts',(-48.0152526585001,45.2629178875768,69.9999418382565));
#1968=CARTESIAN_POINT('Ctrl Pts',(-48.0129392087794,45.261036087249,69.9999594818988));
#1969=CARTESIAN_POINT('Ctrl Pts',(-48.0109207221458,45.2593953579306,69.9999709571788));
#1970=CARTESIAN_POINT('Ctrl Pts',(-48.0091624087799,45.2579672152648,69.9999790124562));
#1971=CARTESIAN_POINT('Ctrl Pts',(-48.0074584589818,45.2565832279425,69.9999868186804));
#1972=CARTESIAN_POINT('Ctrl Pts',(-48.0059990751645,45.2553990761041,69.9999914147066));
#1973=CARTESIAN_POINT('Ctrl Pts',(-48.004715411025,45.2543584913385,69.999994441217));
#1974=CARTESIAN_POINT('Ctrl Pts',(-48.0034807449572,45.2533576261891,69.9999973522041));
#1975=CARTESIAN_POINT('Ctrl Pts',(-48.0024087513321,45.2524896692589,69.9999988034368));
#1976=CARTESIAN_POINT('Ctrl Pts',(-48.0014008668197,45.2516740899342,69.999999509393));
#1977=CARTESIAN_POINT('Ctrl Pts',(-48.0009246853686,45.2512887642927,69.9999998429265));
#1978=CARTESIAN_POINT('Ctrl Pts',(-48.0004622531258,45.2509146719743,70.));
#1979=CARTESIAN_POINT('Ctrl Pts',(-48.,45.2505407260028,70.));
#1980=CARTESIAN_POINT('Ctrl Pts',(-48.3016965616438,45.5010815989792,69.9771138522332));
#1981=CARTESIAN_POINT('Ctrl Pts',(-48.6735535282635,45.8244281429316,69.9203705503107));
#1982=CARTESIAN_POINT('Ctrl Pts',(-49.2988726014641,46.4861122334009,69.6161972484679));
#1983=CARTESIAN_POINT('Ctrl Pts',(-49.7725770153472,47.2572709361118,68.9980786933395));
#1984=CARTESIAN_POINT('Ctrl Pts',(-49.9543646725265,47.7288377644006,68.4838509313554));
#1985=CARTESIAN_POINT('Ctrl Pts',(-49.9985843907503,47.9508040274989,68.1520160059236));
#1986=CARTESIAN_POINT('Ctrl Pts',(-49.9998656069328,48.0044454530353,68.0010007751669));
#1987=CARTESIAN_POINT('Ctrl Pts',(-50.,48.,68.));
#1988=CARTESIAN_POINT('Ctrl Pts',(-50.,48.,68.));
#1989=CARTESIAN_POINT('Ctrl Pts',(-47.3681582407556,46.4346199198674,69.9771138522332));
#1990=CARTESIAN_POINT('Ctrl Pts',(-47.7238450664862,46.7741366047089,69.9203705503107));
#1991=CARTESIAN_POINT('Ctrl Pts',(-48.3612858121097,47.4236990227553,69.6161972484679));
#1992=CARTESIAN_POINT('Ctrl Pts',(-48.934141655602,48.0957062958569,68.9980786933395));
#1993=CARTESIAN_POINT('Ctrl Pts',(-49.2125223698179,48.4706800671092,68.4838509313554));
#1994=CARTESIAN_POINT('Ctrl Pts',(-49.3159909363332,48.633397481916,68.1520160059236));
#1995=CARTESIAN_POINT('Ctrl Pts',(-49.3347255556337,48.6695855043345,68.0010007751669));
#1996=CARTESIAN_POINT('Ctrl Pts',(-49.3333333333333,48.6666666666667,68.));
#1997=CARTESIAN_POINT('Ctrl Pts',(-49.3333333333333,48.6666666666667,68.));
#1998=CARTESIAN_POINT('Ctrl Pts',(-46.4346199198674,47.3681582407556,69.9771138522332));
#1999=CARTESIAN_POINT('Ctrl Pts',(-46.7741366047089,47.7238450664862,69.9203705503107));
#2000=CARTESIAN_POINT('Ctrl Pts',(-47.4236990227553,48.3612858121097,69.6161972484679));
#2001=CARTESIAN_POINT('Ctrl Pts',(-48.0957062958569,48.934141655602,68.9980786933395));
#2002=CARTESIAN_POINT('Ctrl Pts',(-48.4706800671092,49.2125223698178,68.4838509313554));
#2003=CARTESIAN_POINT('Ctrl Pts',(-48.633397481916,49.3159909363332,68.1520160059236));
#2004=CARTESIAN_POINT('Ctrl Pts',(-48.6695855043345,49.3347255556336,68.0010007751669));
#2005=CARTESIAN_POINT('Ctrl Pts',(-48.6666666666667,49.3333333333333,68.));
#2006=CARTESIAN_POINT('Ctrl Pts',(-48.6666666666667,49.3333333333333,68.));
#2007=CARTESIAN_POINT('Ctrl Pts',(-45.5010815989792,48.3016965616438,69.9771138522332));
#2008=CARTESIAN_POINT('Ctrl Pts',(-45.8244281429316,48.6735535282635,69.9203705503107));
#2009=CARTESIAN_POINT('Ctrl Pts',(-46.4861122334009,49.2988726014641,69.6161972484679));
#2010=CARTESIAN_POINT('Ctrl Pts',(-47.2572709361118,49.7725770153472,68.9980786933395));
#2011=CARTESIAN_POINT('Ctrl Pts',(-47.7288377644006,49.9543646725264,68.4838509313554));
#2012=CARTESIAN_POINT('Ctrl Pts',(-47.9508040274989,49.9985843907503,68.1520160059236));
#2013=CARTESIAN_POINT('Ctrl Pts',(-48.0044454530353,49.9998656069328,68.0010007751669));
#2014=CARTESIAN_POINT('Ctrl Pts',(-48.,50.,68.));
#2015=CARTESIAN_POINT('Ctrl Pts',(-48.,50.,68.));
#2016=CARTESIAN_POINT('Ctrl Pts',(-50.,48.,68.));
#2017=CARTESIAN_POINT('Ctrl Pts',(-50.,48.,68.));
#2018=CARTESIAN_POINT('Ctrl Pts',(-49.9998656069328,48.0044454530353,68.0010007751669));
#2019=CARTESIAN_POINT('Ctrl Pts',(-49.9985843907503,47.9508040274989,68.1520160059236));
#2020=CARTESIAN_POINT('Ctrl Pts',(-49.9543646725265,47.7288377644006,68.4838509313554));
#2021=CARTESIAN_POINT('Ctrl Pts',(-49.7725770153472,47.2572709361118,68.9980786933395));
#2022=CARTESIAN_POINT('Ctrl Pts',(-49.2988726014641,46.4861122334009,69.6161972484679));
#2023=CARTESIAN_POINT('Ctrl Pts',(-48.6735535282635,45.8244281429316,69.9203705503107));
#2024=CARTESIAN_POINT('Ctrl Pts',(-48.3016965616438,45.5010815989792,69.9771138522332));
#2025=CARTESIAN_POINT('Origin',(-48.,38.4793788207864,68.));
#2026=CARTESIAN_POINT('Origin',(-8.41585196801724,26.9587576415728,0.));
#2027=CARTESIAN_POINT('Origin',(52.1682960639655,16.4535641892113,49.8830279387198));
#2028=CARTESIAN_POINT('',(53.1682960639655,16.4535641892113,53.8830279387198));
#2029=CARTESIAN_POINT('Origin',(53.1682960639655,16.4535641892113,49.8830279387198));
#2030=CARTESIAN_POINT('Origin',(52.1682960639655,16.4535641892113,53.8830279387198));
#2031=CARTESIAN_POINT('Origin',(53.1682960639655,16.4535641892113,49.8830279387198));
#2032=CARTESIAN_POINT('Origin',(52.1682960639655,36.824643661568,49.8830279387198));
#2033=CARTESIAN_POINT('',(53.1682960639655,36.824643661568,53.8830279387198));
#2034=CARTESIAN_POINT('Origin',(53.1682960639655,36.824643661568,49.8830279387198));
#2035=CARTESIAN_POINT('Origin',(52.1682960639655,36.824643661568,53.8830279387198));
#2036=CARTESIAN_POINT('Origin',(53.1682960639655,36.824643661568,49.8830279387198));
#2037=CARTESIAN_POINT('Origin',(31.1682960639655,15.4381364623592,68.));
#2038=UNCERTAINTY_MEASURE_WITH_UNIT(LENGTH_MEASURE(0.01),#2042,
'DISTANCE_ACCURACY_VALUE',
'Maximum model space distance between geometric entities at asserted c
onnectivities');
#2039=UNCERTAINTY_MEASURE_WITH_UNIT(LENGTH_MEASURE(0.01),#2042,
'DISTANCE_ACCURACY_VALUE',
'Maximum model space distance between geometric entities at asserted c
onnectivities');
#2040=(
GEOMETRIC_REPRESENTATION_CONTEXT(3)
GLOBAL_UNCERTAINTY_ASSIGNED_CONTEXT((#2038))
GLOBAL_UNIT_ASSIGNED_CONTEXT((#2042,#2044,#2045))
REPRESENTATION_CONTEXT('','3D')
);
#2041=(
GEOMETRIC_REPRESENTATION_CONTEXT(3)
GLOBAL_UNCERTAINTY_ASSIGNED_CONTEXT((#2039))
GLOBAL_UNIT_ASSIGNED_CONTEXT((#2042,#2044,#2045))
REPRESENTATION_CONTEXT('','3D')
);
#2042=(
LENGTH_UNIT()
NAMED_UNIT(*)
SI_UNIT(.MILLI.,.METRE.)
);
#2043=(
LENGTH_UNIT()
NAMED_UNIT(*)
SI_UNIT($,.METRE.)
);
#2044=(
NAMED_UNIT(*)
PLANE_ANGLE_UNIT()
SI_UNIT($,.RADIAN.)
);
#2045=(
NAMED_UNIT(*)
SI_UNIT($,.STERADIAN.)
SOLID_ANGLE_UNIT()
);
#2046=SHAPE_DEFINITION_REPRESENTATION(#2047,#2048);
#2047=PRODUCT_DEFINITION_SHAPE('',$,#2050);
#2048=SHAPE_REPRESENTATION('',(#685),#2040);
#2049=PRODUCT_DEFINITION_CONTEXT('part definition',#2054,'design');
#2050=PRODUCT_DEFINITION('(Unsaved)','(Unsaved)',#2051,#2049);
#2051=PRODUCT_DEFINITION_FORMATION('',$,#2056);
#2052=PRODUCT_RELATED_PRODUCT_CATEGORY('(Unsaved)','(Unsaved)',(#2056));
#2053=APPLICATION_PROTOCOL_DEFINITION('international standard',
'automotive_design',2009,#2054);
#2054=APPLICATION_CONTEXT(
'Core Data for Automotive Mechanical Design Process');
#2055=PRODUCT_CONTEXT('part definition',#2054,'mechanical');
#2056=PRODUCT('(Unsaved)','(Unsaved)',$,(#2055));
#2057=PRESENTATION_STYLE_ASSIGNMENT((#2058));
#2058=SURFACE_STYLE_USAGE(.BOTH.,#2059);
#2059=SURFACE_SIDE_STYLE('',(#2060));
#2060=SURFACE_STYLE_FILL_AREA(#2061);
#2061=FILL_AREA_STYLE('Steel - Satin',(#2062));
#2062=FILL_AREA_STYLE_COLOUR('Steel - Satin',#2063);
#2063=COLOUR_RGB('Steel - Satin',0.627450980392157,0.627450980392157,0.627450980392157);
ENDSEC;
END-ISO-10303-21;
