ISO-10303-21;
HEADER;
/* Generated by software containing ST-Developer
 * from STEP Tools, Inc. (www.steptools.com) 
 */

FILE_DESCRIPTION(
/* description */ (''),
/* implementation_level */ '2;1');

FILE_NAME(
/* name */ 'thumb p1.step',
/* time_stamp */ '2026-07-02T14:50:56+05:30',
/* author */ (''),
/* organization */ (''),
/* preprocessor_version */ 'ST-DEVELOPER v20.1',
/* originating_system */ 'Autodesk Translation Framework v15.8.0.0',
/* authorisation */ '');

FILE_SCHEMA (('AUTOMOTIVE_DESIGN { 1 0 10303 214 3 1 1 }'));
ENDSEC;

DATA;
#10=MECHANICAL_DESIGN_GEOMETRIC_PRESENTATION_REPRESENTATION('',(#13),#2161);
#11=SHAPE_REPRESENTATION_RELATIONSHIP('SRR','None',#2168,#12);
#12=ADVANCED_BREP_SHAPE_REPRESENTATION('',(#14),#2160);
#13=STYLED_ITEM('',(#2177),#14);
#14=MANIFOLD_SOLID_BREP('Body1',#623);
#15=CONICAL_SURFACE('',#649,6.00181383585216,0.174532925199433);
#16=CONICAL_SURFACE('',#657,11.2916232571061,0.436332312998582);
#17=CONICAL_SURFACE('',#660,5.,0.0872664625997165);
#18=CONICAL_SURFACE('',#662,11.2511336474076,0.0872664625997165);
#19=CONICAL_SURFACE('',#677,15.6255668237038,0.0872664625997165);
#20=CONICAL_SURFACE('',#683,15.6255668237038,0.0872664625997165);
#21=ELLIPSE('',#641,7.07106781186548,5.);
#22=ELLIPSE('',#645,11.44061340769,4.47601586817345);
#23=ELLIPSE('',#646,11.44061340769,4.47601586817345);
#24=ELLIPSE('',#650,6.10748179721185,6.08351697708425);
#25=ELLIPSE('',#652,6.10748179721185,6.08351697708425);
#26=ELLIPSE('',#680,18.0890031057745,15.6455387575825);
#27=ELLIPSE('',#684,18.0890031057745,15.6455387575825);
#28=CIRCLE('',#639,5.);
#29=CIRCLE('',#651,6.00181383585216);
#30=CIRCLE('',#653,11.2916232571061);
#31=CIRCLE('',#659,5.);
#32=CIRCLE('',#661,5.);
#33=CIRCLE('',#663,11.2511336474076);
#34=CIRCLE('',#665,11.2511336474076);
#35=CIRCLE('',#666,11.2511336474076);
#36=CIRCLE('',#668,5.);
#37=CIRCLE('',#669,5.);
#38=CIRCLE('',#670,5.);
#39=CIRCLE('',#671,11.2511336474076);
#40=CIRCLE('',#672,5.);
#41=CIRCLE('',#673,5.);
#42=CIRCLE('',#675,11.2511336474076);
#43=CIRCLE('',#676,5.);
#44=CIRCLE('',#678,12.0497688881508);
#45=CIRCLE('',#679,15.6255668237038);
#46=CIRCLE('',#681,15.6255668237038);
#47=PLANE('',#638);
#48=PLANE('',#643);
#49=PLANE('',#644);
#50=PLANE('',#648);
#51=PLANE('',#654);
#52=PLANE('',#655);
#53=PLANE('',#656);
#54=PLANE('',#658);
#55=PLANE('',#682);
#56=PLANE('',#685);
#57=(
BOUNDED_CURVE()
B_SPLINE_CURVE(2,(#946,#947,#948),.UNSPECIFIED.,.F.,.F.)
B_SPLINE_CURVE_WITH_KNOTS((3,3),(0.0261333795129403,0.323410177568787),
 .UNSPECIFIED.)
CURVE()
GEOMETRIC_REPRESENTATION_ITEM()
RATIONAL_B_SPLINE_CURVE((1.,1.,1.))
REPRESENTATION_ITEM('')
);
#58=(
BOUNDED_CURVE()
B_SPLINE_CURVE(2,(#1039,#1040,#1041),.UNSPECIFIED.,.F.,.F.)
B_SPLINE_CURVE_WITH_KNOTS((3,3),(0.0261333795129403,0.323410177568787),
 .UNSPECIFIED.)
CURVE()
GEOMETRIC_REPRESENTATION_ITEM()
RATIONAL_B_SPLINE_CURVE((1.,1.,1.))
REPRESENTATION_ITEM('')
);
#59=(
BOUNDED_CURVE()
B_SPLINE_CURVE(2,(#1405,#1406,#1407),.UNSPECIFIED.,.F.,.F.)
B_SPLINE_CURVE_WITH_KNOTS((3,3),(15.6790565877172,18.0571293465615),
 .UNSPECIFIED.)
CURVE()
GEOMETRIC_REPRESENTATION_ITEM()
RATIONAL_B_SPLINE_CURVE((1.,1.,1.))
REPRESENTATION_ITEM('')
);
#60=(
BOUNDED_CURVE()
B_SPLINE_CURVE(2,(#1412,#1413,#1414),.UNSPECIFIED.,.F.,.F.)
B_SPLINE_CURVE_WITH_KNOTS((3,3),(31.1069021196087,33.484974878453),
 .UNSPECIFIED.)
CURVE()
GEOMETRIC_REPRESENTATION_ITEM()
RATIONAL_B_SPLINE_CURVE((1.,1.,1.))
REPRESENTATION_ITEM('')
);
#61=(
BOUNDED_SURFACE()
B_SPLINE_SURFACE(2,1,((#937,#938),(#939,#940),(#941,#942)),
 .UNSPECIFIED.,.F.,.F.,.F.)
B_SPLINE_SURFACE_WITH_KNOTS((3,3),(2,2),(0.0261333795129403,0.323410177568787),
(0.,1.),.UNSPECIFIED.)
GEOMETRIC_REPRESENTATION_ITEM()
RATIONAL_B_SPLINE_SURFACE(((1.,1.),(1.,1.),(1.,1.)))
REPRESENTATION_ITEM('')
SURFACE()
);
#62=(
BOUNDED_SURFACE()
B_SPLINE_SURFACE(2,1,((#1031,#1032),(#1033,#1034),(#1035,#1036)),
 .UNSPECIFIED.,.F.,.F.,.F.)
B_SPLINE_SURFACE_WITH_KNOTS((3,3),(2,2),(-0.323410177568787,-0.0261333795129403),
(0.,1.),.UNSPECIFIED.)
GEOMETRIC_REPRESENTATION_ITEM()
RATIONAL_B_SPLINE_SURFACE(((1.,1.),(1.,1.),(1.,1.)))
REPRESENTATION_ITEM('')
SURFACE()
);
#63=(
BOUNDED_SURFACE()
B_SPLINE_SURFACE(2,2,((#2140,#2141,#2142,#2143,#2144),(#2145,#2146,#2147,
#2148,#2149),(#2150,#2151,#2152,#2153,#2154)),.UNSPECIFIED.,.F.,.F.,.F.)
B_SPLINE_SURFACE_WITH_KNOTS((3,3),(3,2,3),(-1.16628378501235,-0.087266462599424),
(-1.09920608647816,2.22044604925031E-16,1.09920608647816),.UNSPECIFIED.)
GEOMETRIC_REPRESENTATION_ITEM()
RATIONAL_B_SPLINE_SURFACE(((1.,0.852731939115294,1.,0.852731939115294,1.),
(0.857961192780156,0.731610911605093,0.857961192780156,0.731610911605093,
0.857961192780156),(1.,0.852731939115294,1.,0.852731939115294,1.)))
REPRESENTATION_ITEM('')
SURFACE()
);
#64=B_SPLINE_SURFACE_WITH_KNOTS('',3,3,((#844,#845,#846,#847,#848,#849,
#850,#851),(#852,#853,#854,#855,#856,#857,#858,#859),(#860,#861,#862,#863,
#864,#865,#866,#867),(#868,#869,#870,#871,#872,#873,#874,#875),(#876,#877,
#878,#879,#880,#881,#882,#883),(#884,#885,#886,#887,#888,#889,#890,#891)),
 .UNSPECIFIED.,.F.,.F.,.F.,(4,1,1,4),(4,2,2,4),(0.,0.285714285714286,0.571428571428571,
1.),(-0.922903312666125,0.,0.26355459309852,0.356479562809739),
 .UNSPECIFIED.);
#65=B_SPLINE_SURFACE_WITH_KNOTS('',3,3,((#973,#974,#975,#976,#977,#978),
(#979,#980,#981,#982,#983,#984),(#985,#986,#987,#988,#989,#990),(#991,#992,
#993,#994,#995,#996),(#997,#998,#999,#1000,#1001,#1002)),.UNSPECIFIED.,
 .F.,.F.,.F.,(4,1,4),(4,2,4),(0.,0.35973735340285,0.839387157939984),(-0.0929249697111158,
0.,0.30101638904202),.UNSPECIFIED.);
#66=B_SPLINE_SURFACE_WITH_KNOTS('',3,3,((#1042,#1043,#1044,#1045,#1046,
#1047,#1048,#1049),(#1050,#1051,#1052,#1053,#1054,#1055,#1056,#1057),(#1058,
#1059,#1060,#1061,#1062,#1063,#1064,#1065),(#1066,#1067,#1068,#1069,#1070,
#1071,#1072,#1073),(#1074,#1075,#1076,#1077,#1078,#1079,#1080,#1081),(#1082,
#1083,#1084,#1085,#1086,#1087,#1088,#1089),(#1090,#1091,#1092,#1093,#1094,
#1095,#1096,#1097)),.UNSPECIFIED.,.F.,.F.,.F.,(4,1,1,1,4),(4,1,1,1,1,4),
(0.,0.285714285714286,0.571428571428571,0.857142857142857,1.),(-2.21450539779104,
-1.74656601211662,-1.51259631927941,-1.04465693360499,-0.81068724076778,
-0.576717547930569),.UNSPECIFIED.);
#67=B_SPLINE_SURFACE_WITH_KNOTS('',3,3,((#1176,#1177,#1178,#1179,#1180,
#1181,#1182,#1183),(#1184,#1185,#1186,#1187,#1188,#1189,#1190,#1191),(#1192,
#1193,#1194,#1195,#1196,#1197,#1198,#1199),(#1200,#1201,#1202,#1203,#1204,
#1205,#1206,#1207),(#1208,#1209,#1210,#1211,#1212,#1213,#1214,#1215),(#1216,
#1217,#1218,#1219,#1220,#1221,#1222,#1223),(#1224,#1225,#1226,#1227,#1228,
#1229,#1230,#1231)),.UNSPECIFIED.,.F.,.F.,.F.,(4,1,1,1,4),(4,1,1,1,1,4),
(0.,0.285714285714286,0.571428571428571,0.857142857142857,1.),(0.576717547930568,
0.810687240767777,1.04465693360499,1.2786266264422,1.74656601211661,2.21450539779103),
 .UNSPECIFIED.);
#68=B_SPLINE_SURFACE_WITH_KNOTS('',3,3,((#1310,#1311,#1312,#1313,#1314,
#1315,#1316,#1317,#1318,#1319),(#1320,#1321,#1322,#1323,#1324,#1325,#1326,
#1327,#1328,#1329),(#1330,#1331,#1332,#1333,#1334,#1335,#1336,#1337,#1338,
#1339),(#1340,#1341,#1342,#1343,#1344,#1345,#1346,#1347,#1348,#1349),(#1350,
#1351,#1352,#1353,#1354,#1355,#1356,#1357,#1358,#1359),(#1360,#1361,#1362,
#1363,#1364,#1365,#1366,#1367,#1368,#1369),(#1370,#1371,#1372,#1373,#1374,
#1375,#1376,#1377,#1378,#1379)),.UNSPECIFIED.,.F.,.F.,.F.,(4,1,1,1,4),(4,
1,1,1,1,1,1,4),(0.,0.285714285714286,0.571428571428571,0.857142857142857,
1.),(1.7589535157888,1.88874410224199,1.95363939546859,2.14832527514839,
2.27811586160158,2.40790644805478,2.53769703450798,2.66748762096117),
 .UNSPECIFIED.);
#69=B_SPLINE_SURFACE_WITH_KNOTS('',3,3,((#1425,#1426,#1427,#1428),(#1429,
#1430,#1431,#1432),(#1433,#1434,#1435,#1436),(#1437,#1438,#1439,#1440),
(#1441,#1442,#1443,#1444),(#1445,#1446,#1447,#1448),(#1449,#1450,#1451,
#1452)),.UNSPECIFIED.,.F.,.F.,.F.,(4,1,1,1,4),(4,4),(-1.24892489141924,
-0.8920892081566,-0.17841784163132,0.53525352489396,1.24892489141924),(-5.71502615138067,
0.),.UNSPECIFIED.);
#70=B_SPLINE_SURFACE_WITH_KNOTS('',3,3,((#1491,#1492,#1493,#1494,#1495,
#1496),(#1497,#1498,#1499,#1500,#1501,#1502),(#1503,#1504,#1505,#1506,#1507,
#1508),(#1509,#1510,#1511,#1512,#1513,#1514),(#1515,#1516,#1517,#1518,#1519,
#1520),(#1521,#1522,#1523,#1524,#1525,#1526),(#1527,#1528,#1529,#1530,#1531,
#1532)),.UNSPECIFIED.,.F.,.F.,.F.,(4,1,1,1,4),(4,1,1,4),(0.,0.285714285714286,
0.571428571428571,0.857142857142857,1.),(1.02566582322936,1.39181866967987,
1.63592056731355,1.88002246494722),.UNSPECIFIED.);
#71=B_SPLINE_SURFACE_WITH_KNOTS('',3,3,((#1541,#1542,#1543,#1544,#1545,
#1546,#1547,#1548,#1549,#1550,#1551,#1552),(#1553,#1554,#1555,#1556,#1557,
#1558,#1559,#1560,#1561,#1562,#1563,#1564),(#1565,#1566,#1567,#1568,#1569,
#1570,#1571,#1572,#1573,#1574,#1575,#1576),(#1577,#1578,#1579,#1580,#1581,
#1582,#1583,#1584,#1585,#1586,#1587,#1588),(#1589,#1590,#1591,#1592,#1593,
#1594,#1595,#1596,#1597,#1598,#1599,#1600),(#1601,#1602,#1603,#1604,#1605,
#1606,#1607,#1608,#1609,#1610,#1611,#1612)),.UNSPECIFIED.,.F.,.F.,.F.,(4,
1,1,4),(4,1,1,1,1,1,1,1,1,4),(0.,0.285714285714286,0.571428571428571,1.),
(1.29827905067028,1.45122563951534,1.60417222836039,1.71888216999418,1.75711881720545,
1.79535546441671,1.81447378802234,1.82403294982516,1.82881253072657,1.83359211162797),
 .UNSPECIFIED.);
#72=B_SPLINE_SURFACE_WITH_KNOTS('',3,3,((#1629,#1630,#1631,#1632,#1633),
(#1634,#1635,#1636,#1637,#1638),(#1639,#1640,#1641,#1642,#1643),(#1644,
#1645,#1646,#1647,#1648),(#1649,#1650,#1651,#1652,#1653)),.UNSPECIFIED.,
 .F.,.F.,.F.,(4,1,4),(4,1,4),(0.,0.571428571428571,1.),(1.21617341174168,
1.26309091970104,1.29827905067055),.UNSPECIFIED.);
#73=B_SPLINE_SURFACE_WITH_KNOTS('',3,3,((#1709,#1710,#1711,#1712,#1713,
#1714),(#1715,#1716,#1717,#1718,#1719,#1720),(#1721,#1722,#1723,#1724,#1725,
#1726),(#1727,#1728,#1729,#1730,#1731,#1732),(#1733,#1734,#1735,#1736,#1737,
#1738),(#1739,#1740,#1741,#1742,#1743,#1744),(#1745,#1746,#1747,#1748,#1749,
#1750)),.UNSPECIFIED.,.F.,.F.,.F.,(4,1,1,1,4),(4,1,1,4),(0.,0.285714285714286,
0.571428571428571,0.857142857142857,1.),(1.0256658225556,1.51386961765603,
1.75797151520625,1.88002246398136),.UNSPECIFIED.);
#74=B_SPLINE_SURFACE_WITH_KNOTS('',3,3,((#1763,#1764,#1765,#1766,#1767,
#1768,#1769,#1770,#1771,#1772,#1773,#1774),(#1775,#1776,#1777,#1778,#1779,
#1780,#1781,#1782,#1783,#1784,#1785,#1786),(#1787,#1788,#1789,#1790,#1791,
#1792,#1793,#1794,#1795,#1796,#1797,#1798),(#1799,#1800,#1801,#1802,#1803,
#1804,#1805,#1806,#1807,#1808,#1809,#1810),(#1811,#1812,#1813,#1814,#1815,
#1816,#1817,#1818,#1819,#1820,#1821,#1822),(#1823,#1824,#1825,#1826,#1827,
#1828,#1829,#1830,#1831,#1832,#1833,#1834)),.UNSPECIFIED.,.F.,.F.,.F.,(4,
1,1,4),(4,1,1,1,1,1,1,1,1,4),(0.,0.285714285714286,0.571428571428571,1.),
(1.03455733054141,1.03933691145136,1.0441164923613,1.05367565418119,1.07279397782096,
1.11103062510051,1.14926727238006,1.26397721421871,1.4169238033369,1.5698703924551),
 .UNSPECIFIED.);
#75=B_SPLINE_SURFACE_WITH_KNOTS('',3,3,((#1851,#1852,#1853,#1854,#1855),
(#1856,#1857,#1858,#1859,#1860),(#1861,#1862,#1863,#1864,#1865),(#1866,
#1867,#1868,#1869,#1870),(#1871,#1872,#1873,#1874,#1875)),.UNSPECIFIED.,
 .F.,.F.,.F.,(4,1,4),(4,1,4),(0.,0.571428571428571,1.),(1.5698703924553,
1.60505852210299,1.65197602829992),.UNSPECIFIED.);
#76=B_SPLINE_SURFACE_WITH_KNOTS('',3,3,((#1956,#1957,#1958,#1959,#1960,
#1961,#1962,#1963,#1964,#1965,#1966,#1967),(#1968,#1969,#1970,#1971,#1972,
#1973,#1974,#1975,#1976,#1977,#1978,#1979),(#1980,#1981,#1982,#1983,#1984,
#1985,#1986,#1987,#1988,#1989,#1990,#1991),(#1992,#1993,#1994,#1995,#1996,
#1997,#1998,#1999,#2000,#2001,#2002,#2003),(#2004,#2005,#2006,#2007,#2008,
#2009,#2010,#2011,#2012,#2013,#2014,#2015)),.UNSPECIFIED.,.F.,.F.,.F.,(4,
1,4),(4,1,1,1,1,1,1,1,1,4),(0.,0.571428571428571,1.),(1.13266655793377,
1.94016187114239,2.74765718435101,3.15140484095532,3.55515249755963,3.95890015416394,
4.36264781076825,5.17014312397687,5.97763843718549,6.78513375039412),
 .UNSPECIFIED.);
#77=FACE_OUTER_BOUND('',#116,.T.);
#78=FACE_OUTER_BOUND('',#117,.T.);
#79=FACE_OUTER_BOUND('',#118,.T.);
#80=FACE_OUTER_BOUND('',#119,.T.);
#81=FACE_OUTER_BOUND('',#120,.T.);
#82=FACE_OUTER_BOUND('',#121,.T.);
#83=FACE_OUTER_BOUND('',#122,.T.);
#84=FACE_OUTER_BOUND('',#123,.T.);
#85=FACE_OUTER_BOUND('',#124,.T.);
#86=FACE_OUTER_BOUND('',#125,.T.);
#87=FACE_OUTER_BOUND('',#126,.T.);
#88=FACE_OUTER_BOUND('',#127,.T.);
#89=FACE_OUTER_BOUND('',#128,.T.);
#90=FACE_OUTER_BOUND('',#129,.T.);
#91=FACE_OUTER_BOUND('',#130,.T.);
#92=FACE_OUTER_BOUND('',#131,.T.);
#93=FACE_OUTER_BOUND('',#132,.T.);
#94=FACE_OUTER_BOUND('',#133,.T.);
#95=FACE_OUTER_BOUND('',#134,.T.);
#96=FACE_OUTER_BOUND('',#135,.T.);
#97=FACE_OUTER_BOUND('',#136,.T.);
#98=FACE_OUTER_BOUND('',#137,.T.);
#99=FACE_OUTER_BOUND('',#138,.T.);
#100=FACE_OUTER_BOUND('',#139,.T.);
#101=FACE_OUTER_BOUND('',#140,.T.);
#102=FACE_OUTER_BOUND('',#141,.T.);
#103=FACE_OUTER_BOUND('',#142,.T.);
#104=FACE_OUTER_BOUND('',#143,.T.);
#105=FACE_OUTER_BOUND('',#144,.T.);
#106=FACE_OUTER_BOUND('',#145,.T.);
#107=FACE_OUTER_BOUND('',#146,.T.);
#108=FACE_OUTER_BOUND('',#147,.T.);
#109=FACE_OUTER_BOUND('',#148,.T.);
#110=FACE_OUTER_BOUND('',#149,.T.);
#111=FACE_OUTER_BOUND('',#150,.T.);
#112=FACE_OUTER_BOUND('',#151,.T.);
#113=FACE_OUTER_BOUND('',#152,.T.);
#114=FACE_OUTER_BOUND('',#153,.T.);
#115=FACE_OUTER_BOUND('',#154,.T.);
#116=EDGE_LOOP('',(#391,#392,#393,#394));
#117=EDGE_LOOP('',(#395,#396,#397,#398,#399,#400,#401));
#118=EDGE_LOOP('',(#402,#403,#404,#405));
#119=EDGE_LOOP('',(#406,#407,#408,#409,#410,#411));
#120=EDGE_LOOP('',(#412,#413,#414,#415,#416));
#121=EDGE_LOOP('',(#417,#418,#419,#420));
#122=EDGE_LOOP('',(#421,#422,#423,#424,#425));
#123=EDGE_LOOP('',(#426,#427,#428,#429));
#124=EDGE_LOOP('',(#430,#431,#432,#433));
#125=EDGE_LOOP('',(#434,#435,#436,#437));
#126=EDGE_LOOP('',(#438,#439,#440,#441,#442,#443));
#127=EDGE_LOOP('',(#444,#445,#446,#447,#448,#449));
#128=EDGE_LOOP('',(#450,#451,#452,#453));
#129=EDGE_LOOP('',(#454,#455,#456,#457));
#130=EDGE_LOOP('',(#458,#459,#460,#461,#462,#463,#464,#465));
#131=EDGE_LOOP('',(#466,#467,#468,#469,#470,#471,#472,#473));
#132=EDGE_LOOP('',(#474,#475,#476,#477));
#133=EDGE_LOOP('',(#478,#479,#480,#481));
#134=EDGE_LOOP('',(#482,#483,#484,#485));
#135=EDGE_LOOP('',(#486,#487,#488,#489));
#136=EDGE_LOOP('',(#490,#491,#492));
#137=EDGE_LOOP('',(#493,#494,#495));
#138=EDGE_LOOP('',(#496,#497,#498));
#139=EDGE_LOOP('',(#499,#500,#501,#502,#503,#504));
#140=EDGE_LOOP('',(#505,#506,#507,#508,#509,#510,#511));
#141=EDGE_LOOP('',(#512,#513,#514,#515));
#142=EDGE_LOOP('',(#516,#517,#518,#519));
#143=EDGE_LOOP('',(#520,#521,#522,#523));
#144=EDGE_LOOP('',(#524,#525,#526));
#145=EDGE_LOOP('',(#527,#528,#529,#530));
#146=EDGE_LOOP('',(#531,#532,#533,#534));
#147=EDGE_LOOP('',(#535,#536,#537,#538));
#148=EDGE_LOOP('',(#539,#540,#541));
#149=EDGE_LOOP('',(#542,#543,#544,#545,#546,#547,#548,#549,#550,#551,#552,
#553,#554,#555));
#150=EDGE_LOOP('',(#556,#557,#558,#559,#560,#561,#562,#563,#564,#565));
#151=EDGE_LOOP('',(#566,#567,#568,#569));
#152=EDGE_LOOP('',(#570,#571));
#153=EDGE_LOOP('',(#572,#573,#574));
#154=EDGE_LOOP('',(#575,#576));
#155=LINE('',#831,#179);
#156=LINE('',#843,#180);
#157=LINE('',#944,#181);
#158=LINE('',#949,#182);
#159=LINE('',#954,#183);
#160=LINE('',#955,#184);
#161=LINE('',#969,#185);
#162=LINE('',#972,#186);
#163=LINE('',#1025,#187);
#164=LINE('',#1026,#188);
#165=LINE('',#1029,#189);
#166=LINE('',#1030,#190);
#167=LINE('',#1038,#191);
#168=LINE('',#1401,#192);
#169=LINE('',#1402,#193);
#170=LINE('',#1408,#194);
#171=LINE('',#1409,#195);
#172=LINE('',#1411,#196);
#173=LINE('',#1461,#197);
#174=LINE('',#1467,#198);
#175=LINE('',#1486,#199);
#176=LINE('',#1489,#200);
#177=LINE('',#1762,#201);
#178=LINE('',#1950,#202);
#179=VECTOR('',#690,5.);
#180=VECTOR('',#691,10.);
#181=VECTOR('',#692,10.);
#182=VECTOR('',#693,10.);
#183=VECTOR('',#698,10.);
#184=VECTOR('',#699,10.);
#185=VECTOR('',#702,10.);
#186=VECTOR('',#707,10.);
#187=VECTOR('',#710,10.);
#188=VECTOR('',#711,10.);
#189=VECTOR('',#714,10.);
#190=VECTOR('',#715,10.);
#191=VECTOR('',#716,10.);
#192=VECTOR('',#723,10.);
#193=VECTOR('',#724,10.);
#194=VECTOR('',#727,10.);
#195=VECTOR('',#728,10.);
#196=VECTOR('',#729,10.);
#197=VECTOR('',#754,10.);
#198=VECTOR('',#763,10.);
#199=VECTOR('',#768,10.);
#200=VECTOR('',#771,10.);
#201=VECTOR('',#786,10.);
#202=VECTOR('',#795,15.6255668237038);
#203=B_SPLINE_CURVE_WITH_KNOTS('',3,(#814,#815,#816,#817,#818,#819,#820,
#821,#822,#823,#824,#825,#826,#827,#828,#829),.UNSPECIFIED.,.F.,.F.,(4,
2,2,2,2,2,2,4),(0.,0.0835034430427796,0.167006886085559,0.334013772171118,
0.440746466526545,0.547479160881972,0.706124150362943,0.73775714659063),
 .UNSPECIFIED.);
#204=B_SPLINE_CURVE_WITH_KNOTS('',3,(#833,#834,#835,#836,#837,#838,#839,
#840,#841,#842),.UNSPECIFIED.,.F.,.F.,(4,2,2,2,4),(-1.98223383381706,-1.46411760310344,
-0.993156817970647,-0.534613114464763,0.),.UNSPECIFIED.);
#205=B_SPLINE_CURVE_WITH_KNOTS('',3,(#893,#894,#895,#896,#897,#898,#899,
#900),.UNSPECIFIED.,.F.,.F.,(4,2,2,4),(2.69998586999956,2.72033735914362,
2.78181380498574,2.84070009845029),.UNSPECIFIED.);
#206=B_SPLINE_CURVE_WITH_KNOTS('',3,(#902,#903,#904,#905,#906,#907,#908,
#909),.UNSPECIFIED.,.F.,.F.,(4,2,2,4),(-0.00602076571053538,0.,0.26355459309852,
0.267551869403749),.UNSPECIFIED.);
#207=B_SPLINE_CURVE_WITH_KNOTS('',3,(#911,#912,#913,#914),.UNSPECIFIED.,
 .F.,.F.,(4,4),(0.793043129916083,0.810745150713688),.UNSPECIFIED.);
#208=B_SPLINE_CURVE_WITH_KNOTS('',3,(#916,#917,#918,#919,#920,#921,#922,
#923),.UNSPECIFIED.,.F.,.F.,(4,2,2,4),(0.0176615748612625,0.185691307329646,
0.376444146729104,0.564251807416637),.UNSPECIFIED.);
#209=B_SPLINE_CURVE_WITH_KNOTS('',3,(#925,#926,#927,#928,#929,#930),
 .UNSPECIFIED.,.F.,.F.,(4,2,4),(0.877709245323174,1.05369118817191,1.53858932348917),
 .UNSPECIFIED.);
#210=B_SPLINE_CURVE_WITH_KNOTS('',3,(#931,#932,#933,#934,#935,#936),
 .UNSPECIFIED.,.F.,.F.,(4,2,4),(1.28764159959668,1.62324291776747,1.62480537899759),
 .UNSPECIFIED.);
#211=B_SPLINE_CURVE_WITH_KNOTS('',3,(#958,#959,#960,#961,#962,#963,#964,
#965,#966,#967),.UNSPECIFIED.,.F.,.F.,(4,2,2,2,4),(-0.663401059822722,-0.584780149458165,
-0.388472364136033,-0.193828205386919,0.),.UNSPECIFIED.);
#212=B_SPLINE_CURVE_WITH_KNOTS('',3,(#1004,#1005,#1006,#1007,#1008,#1009,
#1010,#1011),.UNSPECIFIED.,.F.,.F.,(4,2,2,4),(0.245110496443719,0.427163224133242,
0.625769261011534,0.79304310879693),.UNSPECIFIED.);
#213=B_SPLINE_CURVE_WITH_KNOTS('',3,(#1013,#1014,#1015,#1016),
 .UNSPECIFIED.,.F.,.F.,(4,4),(0.,0.0176615747953877),.UNSPECIFIED.);
#214=B_SPLINE_CURVE_WITH_KNOTS('',3,(#1017,#1018,#1019,#1020,#1021,#1022),
 .UNSPECIFIED.,.F.,.F.,(4,2,4),(-0.0011387096975068,0.,0.30101638904202),
 .UNSPECIFIED.);
#215=B_SPLINE_CURVE_WITH_KNOTS('',3,(#1102,#1103,#1104,#1105,#1106,#1107,
#1108,#1109,#1110,#1111,#1112,#1113,#1114,#1115,#1116,#1117,#1118,#1119,
#1120,#1121,#1122,#1123,#1124,#1125,#1126,#1127,#1128,#1129,#1130,#1131,
#1132),.UNSPECIFIED.,.F.,.F.,(4,3,3,3,3,3,3,3,3,3,4),(-0.00138189090623445,
0.,0.0634147291131159,0.123486079147216,0.171524575042931,0.178624574765986,
0.218132475652655,0.27217849346723,0.323740485183323,0.371740331652255,
0.404016418388646),.UNSPECIFIED.);
#216=B_SPLINE_CURVE_WITH_KNOTS('',3,(#1134,#1135,#1136,#1137,#1138,#1139,
#1140,#1141),.UNSPECIFIED.,.F.,.F.,(4,2,2,4),(0.330412106206487,0.396539832885394,
0.618674725540174,0.903577795378437),.UNSPECIFIED.);
#217=B_SPLINE_CURVE_WITH_KNOTS('',3,(#1143,#1144,#1145,#1146,#1147,#1148,
#1149,#1150),.UNSPECIFIED.,.F.,.F.,(4,1,1,1,1,4),(-2.21450539779104,-1.74656601211662,
-1.51259631927941,-1.04465693360499,-0.81068724076778,-0.576717547930569),
 .UNSPECIFIED.);
#218=B_SPLINE_CURVE_WITH_KNOTS('',3,(#1152,#1153,#1154,#1155,#1156,#1157,
#1158,#1159),.UNSPECIFIED.,.F.,.F.,(4,2,2,4),(0.,0.220054763702515,0.384339472610078,
0.438573134082511),.UNSPECIFIED.);
#219=B_SPLINE_CURVE_WITH_KNOTS('',3,(#1160,#1161,#1162,#1163,#1164,#1165,
#1166,#1167,#1168,#1169,#1170,#1171,#1172,#1173,#1174,#1175),
 .UNSPECIFIED.,.F.,.F.,(4,2,2,2,2,2,2,4),(0.,0.194672875960627,0.387093194628081,
0.579997837056695,0.775846587007452,0.90736885945614,1.03835445863338,1.03944647363866),
 .UNSPECIFIED.);
#220=B_SPLINE_CURVE_WITH_KNOTS('',3,(#1234,#1235,#1236,#1237,#1238,#1239,
#1240,#1241),.UNSPECIFIED.,.F.,.F.,(4,1,1,1,1,4),(0.576717547930568,0.810687240767777,
1.04465693360499,1.2786266264422,1.74656601211661,2.21450539779103),
 .UNSPECIFIED.);
#221=B_SPLINE_CURVE_WITH_KNOTS('',3,(#1243,#1244,#1245,#1246,#1247,#1248,
#1249,#1250),.UNSPECIFIED.,.F.,.F.,(4,2,2,4),(0.,0.243177250332406,0.532335016844936,
0.614548545629136),.UNSPECIFIED.);
#222=B_SPLINE_CURVE_WITH_KNOTS('',3,(#1252,#1253,#1254,#1255,#1256,#1257,
#1258,#1259,#1260,#1261,#1262,#1263,#1264,#1265,#1266,#1267,#1268,#1269,
#1270,#1271,#1272,#1273,#1274,#1275,#1276,#1277,#1278,#1279,#1280,#1281,
#1282),.UNSPECIFIED.,.F.,.F.,(4,3,3,3,3,3,3,3,3,3,4),(-0.404438074780308,
-0.403059456980491,-0.341615167951394,-0.284098272977045,-0.23194115936738,
-0.224857976745695,-0.185443654845355,-0.131469193151519,-0.0800324343004731,
-0.0321923894552479,0.),.UNSPECIFIED.);
#223=B_SPLINE_CURVE_WITH_KNOTS('',3,(#1286,#1287,#1288,#1289,#1290,#1291,
#1292,#1293,#1294,#1295,#1296,#1297,#1298,#1299,#1300,#1301),
 .UNSPECIFIED.,.F.,.F.,(4,2,2,2,2,2,2,4),(-0.00109350199503462,0.,0.131163951301936,
0.262865307991421,0.458980730832001,0.652148037375008,0.84483036068868,
1.03976830843769),.UNSPECIFIED.);
#224=B_SPLINE_CURVE_WITH_KNOTS('',3,(#1302,#1303,#1304,#1305,#1306,#1307,
#1308,#1309),.UNSPECIFIED.,.F.,.F.,(4,2,2,4),(3.3293374753497,3.40260566442792,
3.56519994598658,3.81536080547841),.UNSPECIFIED.);
#225=B_SPLINE_CURVE_WITH_KNOTS('',3,(#1380,#1381,#1382,#1383,#1384,#1385,
#1386,#1387,#1388,#1389),.UNSPECIFIED.,.F.,.F.,(4,1,1,1,1,1,1,4),(-2.65872523463675,
-2.53769703450798,-2.40790644805478,-2.27811586160158,-2.14832527514839,
-1.95363939546859,-1.88874410224199,-1.76771492614878),.UNSPECIFIED.);
#226=B_SPLINE_CURVE_WITH_KNOTS('',3,(#1390,#1391,#1392,#1393,#1394,#1395,
#1396,#1397,#1398,#1399),.UNSPECIFIED.,.F.,.F.,(4,1,1,1,1,1,1,4),(1.86489984027825,
1.88874410224199,1.95363939546859,2.14832527514839,2.27811586160158,2.40790644805478,
2.53769703450798,2.56151543278039),.UNSPECIFIED.);
#227=B_SPLINE_CURVE_WITH_KNOTS('',3,(#1454,#1455,#1456,#1457),
 .UNSPECIFIED.,.F.,.F.,(4,4),(-5.71502615138067,0.),.UNSPECIFIED.);
#228=B_SPLINE_CURVE_WITH_KNOTS('',3,(#1469,#1470,#1471,#1472,#1473,#1474),
 .UNSPECIFIED.,.F.,.F.,(4,1,1,4),(1.02566582322936,1.39181866967987,1.63592056731355,
1.88002246494722),.UNSPECIFIED.);
#229=B_SPLINE_CURVE_WITH_KNOTS('',3,(#1480,#1481,#1482,#1483,#1484,#1485),
 .UNSPECIFIED.,.F.,.F.,(4,1,1,4),(-1.88002246398136,-1.75797151520625,-1.51386961765603,
-1.0256658225556),.UNSPECIFIED.);
#230=B_SPLINE_CURVE_WITH_KNOTS('',3,(#1535,#1536,#1537,#1538,#1539,#1540),
 .UNSPECIFIED.,.F.,.F.,(4,1,1,4),(-1.88002246494722,-1.63592056731355,-1.39181866967987,
-1.02566582322936),.UNSPECIFIED.);
#231=B_SPLINE_CURVE_WITH_KNOTS('',3,(#1614,#1615,#1616,#1617,#1618,#1619,
#1620,#1621,#1622,#1623,#1624,#1625),.UNSPECIFIED.,.F.,.F.,(4,1,1,1,1,1,
1,1,1,4),(-1.83359211162797,-1.82881253072657,-1.82403294982516,-1.81447378802234,
-1.79535546441671,-1.75711881720545,-1.71888216999418,-1.60417222836039,
-1.45122563951534,-1.29827905067028),.UNSPECIFIED.);
#232=B_SPLINE_CURVE_WITH_KNOTS('',3,(#1655,#1656,#1657,#1658,#1659,#1660,
#1661,#1662,#1663,#1664,#1665,#1666,#1667,#1668,#1669,#1670,#1671,#1672,
#1673,#1674,#1675,#1676,#1677,#1678,#1679,#1680,#1681,#1682,#1683,#1684,
#1685,#1686,#1687,#1688,#1689,#1690,#1691,#1692,#1693,#1694,#1695,#1696,
#1697,#1698,#1699,#1700,#1701,#1702,#1703),.UNSPECIFIED.,.F.,.F.,(4,3,3,
3,3,3,3,3,3,3,3,3,3,3,3,3,4),(0.,0.0420314847771613,0.0853277506291662,
0.129177940240358,0.162236342156171,0.205376303345524,0.248516264534876,
0.26592483005147,0.308846125057691,0.335657555978347,0.374628199949154,
0.414687224313301,0.445706392596949,0.483830792611114,0.524752298926836,
0.554519566842897,0.555911258933803),.UNSPECIFIED.);
#233=B_SPLINE_CURVE_WITH_KNOTS('',3,(#1704,#1705,#1706,#1707,#1708),
 .UNSPECIFIED.,.F.,.F.,(4,1,4),(-1.29827905067055,-1.26309091970104,-1.21617341174168),
 .UNSPECIFIED.);
#234=B_SPLINE_CURVE_WITH_KNOTS('',3,(#1754,#1755,#1756,#1757,#1758,#1759),
 .UNSPECIFIED.,.F.,.F.,(4,1,1,4),(1.0256658225556,1.51386961765603,1.75797151520625,
1.88002246398136),.UNSPECIFIED.);
#235=B_SPLINE_CURVE_WITH_KNOTS('',3,(#1839,#1840,#1841,#1842,#1843,#1844,
#1845,#1846,#1847,#1848,#1849,#1850),.UNSPECIFIED.,.F.,.F.,(4,1,1,1,1,1,
1,1,1,4),(-1.5698703924551,-1.4169238033369,-1.26397721421871,-1.14926727238006,
-1.11103062510051,-1.07279397782096,-1.05367565418119,-1.0441164923613,
-1.03933691145136,-1.03455733054141),.UNSPECIFIED.);
#236=B_SPLINE_CURVE_WITH_KNOTS('',3,(#1877,#1878,#1879,#1880,#1881,#1882,
#1883,#1884,#1885,#1886,#1887,#1888,#1889,#1890,#1891,#1892,#1893,#1894,
#1895,#1896,#1897,#1898,#1899,#1900,#1901,#1902,#1903,#1904,#1905,#1906,
#1907,#1908,#1909,#1910,#1911,#1912,#1913,#1914,#1915,#1916,#1917,#1918,
#1919,#1920,#1921,#1922,#1923,#1924,#1925),.UNSPECIFIED.,.F.,.F.,(4,3,3,
3,3,3,3,3,3,3,3,3,3,3,3,3,4),(-0.00139300426605793,1.75640751942652E-17,
0.0415595625658219,0.0800445423554817,0.108916311834832,0.149238118235169,
0.188395669597497,0.219069457464719,0.262031572074857,0.288868292997175,
0.306293267808957,0.349474120796431,0.392654973783905,0.436562604045327,
0.480294744435134,0.522209594606913,0.555045018173405),.UNSPECIFIED.);
#237=B_SPLINE_CURVE_WITH_KNOTS('',3,(#1926,#1927,#1928,#1929,#1930),
 .UNSPECIFIED.,.F.,.F.,(4,1,4),(-1.65197602829992,-1.60505852210299,-1.5698703924553),
 .UNSPECIFIED.);
#238=B_SPLINE_CURVE_WITH_KNOTS('',3,(#1933,#1934,#1935,#1936,#1937,#1938),
 .UNSPECIFIED.,.F.,.F.,(4,2,4),(-0.00167214793495701,0.,0.743733762950908),
 .UNSPECIFIED.);
#239=B_SPLINE_CURVE_WITH_KNOTS('',3,(#1941,#1942,#1943,#1944,#1945,#1946,
#1947,#1948),.UNSPECIFIED.,.F.,.F.,(4,2,2,4),(0.858257861554517,0.875818979378708,
1.58328087706611,1.58494100733975),.UNSPECIFIED.);
#240=B_SPLINE_CURVE_WITH_KNOTS('',3,(#2016,#2017,#2018,#2019,#2020),
 .UNSPECIFIED.,.F.,.F.,(4,1,4),(3.5820145683845,3.95890015416394,4.33578230227756),
 .UNSPECIFIED.);
#241=B_SPLINE_CURVE_WITH_KNOTS('',3,(#2021,#2022,#2023,#2024,#2025,#2026,
#2027,#2028,#2029,#2030,#2031,#2032,#2033,#2034,#2035,#2036,#2037,#2038,
#2039,#2040,#2041,#2042,#2043,#2044,#2045,#2046,#2047,#2048,#2049,#2050,
#2051,#2052,#2053,#2054,#2055,#2056,#2057,#2058,#2059,#2060,#2061,#2062,
#2063,#2064,#2065,#2066,#2067,#2068,#2069,#2070,#2071,#2072,#2073,#2074,
#2075,#2076,#2077,#2078,#2079,#2080,#2081,#2082,#2083,#2084,#2085,#2086,
#2087,#2088,#2089,#2090,#2091,#2092,#2093,#2094,#2095,#2096,#2097,#2098,
#2099,#2100,#2101,#2102,#2103,#2104,#2105,#2106,#2107,#2108,#2109,#2110,
#2111,#2112,#2113,#2114,#2115,#2116,#2117,#2118,#2119,#2120,#2121,#2122,
#2123,#2124,#2125,#2126,#2127,#2128,#2129,#2130,#2131,#2132,#2133,#2134,
#2135,#2136,#2137,#2138),.UNSPECIFIED.,.F.,.F.,(4,3,3,3,3,3,3,3,3,3,3,3,
3,3,3,3,3,3,3,3,3,3,3,3,3,3,3,3,3,3,3,3,3,3,3,3,3,3,3,4),(-6.78513375039273,
-6.57687914965408,-6.44030386359971,-6.17871267292061,-5.97767444062381,
-5.74765171055372,-5.56386268701379,-5.38034526554742,-5.19916060953174,
-5.16993955795536,-5.0966991232626,-4.92984751259691,-4.75912575185927,
-4.6046130249509,-4.40873602659031,-4.36274300249883,-4.25456874777942,
-4.11485013864228,-3.95889841963454,-3.91411882251646,-3.7584093724678,
-3.59422143079162,-3.57496076744294,-3.55505447288617,-3.40427672952887,
-3.25528932703186,-3.20891444443323,-3.15141333036356,-2.92459647541699,
-2.7477148527463,-2.63145094535222,-2.38872282651261,-2.14146382651008,
-1.94033343390798,-1.92855227205461,-1.71394387088173,-1.49641885216495,
-1.2793179397769,-1.23700239723966,-1.13266655793391),.UNSPECIFIED.);
#242=VERTEX_POINT('',#812);
#243=VERTEX_POINT('',#813);
#244=VERTEX_POINT('',#830);
#245=VERTEX_POINT('',#832);
#246=VERTEX_POINT('',#892);
#247=VERTEX_POINT('',#901);
#248=VERTEX_POINT('',#910);
#249=VERTEX_POINT('',#915);
#250=VERTEX_POINT('',#924);
#251=VERTEX_POINT('',#943);
#252=VERTEX_POINT('',#945);
#253=VERTEX_POINT('',#951);
#254=VERTEX_POINT('',#953);
#255=VERTEX_POINT('',#957);
#256=VERTEX_POINT('',#968);
#257=VERTEX_POINT('',#1003);
#258=VERTEX_POINT('',#1012);
#259=VERTEX_POINT('',#1024);
#260=VERTEX_POINT('',#1028);
#261=VERTEX_POINT('',#1037);
#262=VERTEX_POINT('',#1098);
#263=VERTEX_POINT('',#1099);
#264=VERTEX_POINT('',#1101);
#265=VERTEX_POINT('',#1133);
#266=VERTEX_POINT('',#1142);
#267=VERTEX_POINT('',#1151);
#268=VERTEX_POINT('',#1232);
#269=VERTEX_POINT('',#1233);
#270=VERTEX_POINT('',#1242);
#271=VERTEX_POINT('',#1251);
#272=VERTEX_POINT('',#1283);
#273=VERTEX_POINT('',#1285);
#274=VERTEX_POINT('',#1404);
#275=VERTEX_POINT('',#1410);
#276=VERTEX_POINT('',#1453);
#277=VERTEX_POINT('',#1460);
#278=VERTEX_POINT('',#1466);
#279=VERTEX_POINT('',#1468);
#280=VERTEX_POINT('',#1475);
#281=VERTEX_POINT('',#1477);
#282=VERTEX_POINT('',#1479);
#283=VERTEX_POINT('',#1488);
#284=VERTEX_POINT('',#1533);
#285=VERTEX_POINT('',#1613);
#286=VERTEX_POINT('',#1626);
#287=VERTEX_POINT('',#1654);
#288=VERTEX_POINT('',#1751);
#289=VERTEX_POINT('',#1753);
#290=VERTEX_POINT('',#1835);
#291=VERTEX_POINT('',#1837);
#292=VERTEX_POINT('',#1876);
#293=VERTEX_POINT('',#1932);
#294=VERTEX_POINT('',#1939);
#295=VERTEX_POINT('',#1949);
#296=VERTEX_POINT('',#1951);
#297=VERTEX_POINT('',#1953);
#298=EDGE_CURVE('',#242,#243,#203,.T.);
#299=EDGE_CURVE('',#243,#244,#155,.T.);
#300=EDGE_CURVE('',#244,#245,#204,.T.);
#301=EDGE_CURVE('',#242,#245,#156,.T.);
#302=EDGE_CURVE('',#244,#246,#205,.T.);
#303=EDGE_CURVE('',#246,#247,#206,.T.);
#304=EDGE_CURVE('',#247,#248,#207,.F.);
#305=EDGE_CURVE('',#248,#249,#208,.T.);
#306=EDGE_CURVE('',#249,#250,#209,.T.);
#307=EDGE_CURVE('',#250,#245,#210,.T.);
#308=EDGE_CURVE('',#251,#246,#157,.T.);
#309=EDGE_CURVE('',#251,#252,#57,.T.);
#310=EDGE_CURVE('',#252,#247,#158,.T.);
#311=EDGE_CURVE('',#253,#243,#28,.T.);
#312=EDGE_CURVE('',#254,#253,#159,.T.);
#313=EDGE_CURVE('',#254,#251,#160,.T.);
#314=EDGE_CURVE('',#250,#255,#211,.T.);
#315=EDGE_CURVE('',#255,#256,#161,.T.);
#316=EDGE_CURVE('',#242,#256,#21,.T.);
#317=EDGE_CURVE('',#256,#253,#162,.T.);
#318=EDGE_CURVE('',#249,#257,#212,.T.);
#319=EDGE_CURVE('',#258,#257,#213,.T.);
#320=EDGE_CURVE('',#258,#255,#214,.T.);
#321=EDGE_CURVE('',#259,#256,#163,.T.);
#322=EDGE_CURVE('',#254,#259,#164,.T.);
#323=EDGE_CURVE('',#260,#255,#165,.T.);
#324=EDGE_CURVE('',#259,#260,#166,.T.);
#325=EDGE_CURVE('',#258,#261,#167,.T.);
#326=EDGE_CURVE('',#260,#261,#58,.T.);
#327=EDGE_CURVE('',#262,#263,#22,.T.);
#328=EDGE_CURVE('',#263,#264,#215,.T.);
#329=EDGE_CURVE('',#264,#265,#216,.T.);
#330=EDGE_CURVE('',#265,#266,#217,.T.);
#331=EDGE_CURVE('',#266,#267,#218,.T.);
#332=EDGE_CURVE('',#267,#262,#219,.T.);
#333=EDGE_CURVE('',#268,#269,#220,.T.);
#334=EDGE_CURVE('',#269,#270,#221,.T.);
#335=EDGE_CURVE('',#271,#270,#222,.T.);
#336=EDGE_CURVE('',#271,#272,#23,.T.);
#337=EDGE_CURVE('',#272,#273,#223,.T.);
#338=EDGE_CURVE('',#273,#268,#224,.T.);
#339=EDGE_CURVE('',#267,#273,#225,.T.);
#340=EDGE_CURVE('',#272,#262,#226,.T.);
#341=EDGE_CURVE('',#270,#264,#168,.T.);
#342=EDGE_CURVE('',#263,#271,#169,.T.);
#343=EDGE_CURVE('',#274,#269,#59,.F.);
#344=EDGE_CURVE('',#257,#274,#170,.T.);
#345=EDGE_CURVE('',#248,#257,#171,.T.);
#346=EDGE_CURVE('',#275,#248,#172,.T.);
#347=EDGE_CURVE('',#275,#265,#60,.T.);
#348=EDGE_CURVE('',#252,#275,#24,.T.);
#349=EDGE_CURVE('',#261,#252,#29,.T.);
#350=EDGE_CURVE('',#274,#261,#25,.T.);
#351=EDGE_CURVE('',#268,#266,#30,.T.);
#352=EDGE_CURVE('',#276,#251,#227,.T.);
#353=EDGE_CURVE('',#276,#254,#31,.T.);
#354=EDGE_CURVE('',#277,#260,#173,.T.);
#355=EDGE_CURVE('',#259,#277,#32,.T.);
#356=EDGE_CURVE('',#277,#276,#33,.T.);
#357=EDGE_CURVE('',#278,#276,#174,.T.);
#358=EDGE_CURVE('',#279,#278,#228,.T.);
#359=EDGE_CURVE('',#279,#280,#34,.F.);
#360=EDGE_CURVE('',#280,#281,#35,.F.);
#361=EDGE_CURVE('',#282,#281,#229,.T.);
#362=EDGE_CURVE('',#277,#282,#175,.T.);
#363=EDGE_CURVE('',#254,#283,#176,.T.);
#364=EDGE_CURVE('',#278,#283,#36,.T.);
#365=EDGE_CURVE('',#284,#279,#37,.T.);
#366=EDGE_CURVE('',#283,#284,#230,.T.);
#367=EDGE_CURVE('',#284,#285,#231,.T.);
#368=EDGE_CURVE('',#285,#286,#38,.T.);
#369=EDGE_CURVE('',#286,#279,#39,.F.);
#370=EDGE_CURVE('',#287,#286,#232,.T.);
#371=EDGE_CURVE('',#285,#287,#233,.T.);
#372=EDGE_CURVE('',#281,#288,#40,.T.);
#373=EDGE_CURVE('',#288,#289,#234,.T.);
#374=EDGE_CURVE('',#289,#282,#41,.T.);
#375=EDGE_CURVE('',#289,#259,#177,.T.);
#376=EDGE_CURVE('',#281,#290,#42,.F.);
#377=EDGE_CURVE('',#290,#291,#43,.T.);
#378=EDGE_CURVE('',#291,#288,#235,.T.);
#379=EDGE_CURVE('',#290,#292,#236,.T.);
#380=EDGE_CURVE('',#292,#291,#237,.T.);
#381=EDGE_CURVE('',#293,#287,#238,.T.);
#382=EDGE_CURVE('',#294,#293,#44,.T.);
#383=EDGE_CURVE('',#294,#292,#239,.F.);
#384=EDGE_CURVE('',#280,#295,#178,.T.);
#385=EDGE_CURVE('',#295,#296,#45,.T.);
#386=EDGE_CURVE('',#297,#296,#26,.F.);
#387=EDGE_CURVE('',#297,#295,#46,.T.);
#388=EDGE_CURVE('',#283,#289,#240,.T.);
#389=EDGE_CURVE('',#294,#293,#241,.T.);
#390=EDGE_CURVE('',#296,#297,#27,.F.);
#391=ORIENTED_EDGE('',*,*,#298,.T.);
#392=ORIENTED_EDGE('',*,*,#299,.T.);
#393=ORIENTED_EDGE('',*,*,#300,.T.);
#394=ORIENTED_EDGE('',*,*,#301,.F.);
#395=ORIENTED_EDGE('',*,*,#300,.F.);
#396=ORIENTED_EDGE('',*,*,#302,.T.);
#397=ORIENTED_EDGE('',*,*,#303,.T.);
#398=ORIENTED_EDGE('',*,*,#304,.T.);
#399=ORIENTED_EDGE('',*,*,#305,.T.);
#400=ORIENTED_EDGE('',*,*,#306,.T.);
#401=ORIENTED_EDGE('',*,*,#307,.T.);
#402=ORIENTED_EDGE('',*,*,#303,.F.);
#403=ORIENTED_EDGE('',*,*,#308,.F.);
#404=ORIENTED_EDGE('',*,*,#309,.T.);
#405=ORIENTED_EDGE('',*,*,#310,.T.);
#406=ORIENTED_EDGE('',*,*,#299,.F.);
#407=ORIENTED_EDGE('',*,*,#311,.F.);
#408=ORIENTED_EDGE('',*,*,#312,.F.);
#409=ORIENTED_EDGE('',*,*,#313,.T.);
#410=ORIENTED_EDGE('',*,*,#308,.T.);
#411=ORIENTED_EDGE('',*,*,#302,.F.);
#412=ORIENTED_EDGE('',*,*,#307,.F.);
#413=ORIENTED_EDGE('',*,*,#314,.T.);
#414=ORIENTED_EDGE('',*,*,#315,.T.);
#415=ORIENTED_EDGE('',*,*,#316,.F.);
#416=ORIENTED_EDGE('',*,*,#301,.T.);
#417=ORIENTED_EDGE('',*,*,#298,.F.);
#418=ORIENTED_EDGE('',*,*,#316,.T.);
#419=ORIENTED_EDGE('',*,*,#317,.T.);
#420=ORIENTED_EDGE('',*,*,#311,.T.);
#421=ORIENTED_EDGE('',*,*,#306,.F.);
#422=ORIENTED_EDGE('',*,*,#318,.T.);
#423=ORIENTED_EDGE('',*,*,#319,.F.);
#424=ORIENTED_EDGE('',*,*,#320,.T.);
#425=ORIENTED_EDGE('',*,*,#314,.F.);
#426=ORIENTED_EDGE('',*,*,#317,.F.);
#427=ORIENTED_EDGE('',*,*,#321,.F.);
#428=ORIENTED_EDGE('',*,*,#322,.F.);
#429=ORIENTED_EDGE('',*,*,#312,.T.);
#430=ORIENTED_EDGE('',*,*,#315,.F.);
#431=ORIENTED_EDGE('',*,*,#323,.F.);
#432=ORIENTED_EDGE('',*,*,#324,.F.);
#433=ORIENTED_EDGE('',*,*,#321,.T.);
#434=ORIENTED_EDGE('',*,*,#320,.F.);
#435=ORIENTED_EDGE('',*,*,#325,.T.);
#436=ORIENTED_EDGE('',*,*,#326,.F.);
#437=ORIENTED_EDGE('',*,*,#323,.T.);
#438=ORIENTED_EDGE('',*,*,#327,.T.);
#439=ORIENTED_EDGE('',*,*,#328,.T.);
#440=ORIENTED_EDGE('',*,*,#329,.T.);
#441=ORIENTED_EDGE('',*,*,#330,.T.);
#442=ORIENTED_EDGE('',*,*,#331,.T.);
#443=ORIENTED_EDGE('',*,*,#332,.T.);
#444=ORIENTED_EDGE('',*,*,#333,.T.);
#445=ORIENTED_EDGE('',*,*,#334,.T.);
#446=ORIENTED_EDGE('',*,*,#335,.F.);
#447=ORIENTED_EDGE('',*,*,#336,.T.);
#448=ORIENTED_EDGE('',*,*,#337,.T.);
#449=ORIENTED_EDGE('',*,*,#338,.T.);
#450=ORIENTED_EDGE('',*,*,#332,.F.);
#451=ORIENTED_EDGE('',*,*,#339,.T.);
#452=ORIENTED_EDGE('',*,*,#337,.F.);
#453=ORIENTED_EDGE('',*,*,#340,.T.);
#454=ORIENTED_EDGE('',*,*,#341,.T.);
#455=ORIENTED_EDGE('',*,*,#328,.F.);
#456=ORIENTED_EDGE('',*,*,#342,.T.);
#457=ORIENTED_EDGE('',*,*,#335,.T.);
#458=ORIENTED_EDGE('',*,*,#329,.F.);
#459=ORIENTED_EDGE('',*,*,#341,.F.);
#460=ORIENTED_EDGE('',*,*,#334,.F.);
#461=ORIENTED_EDGE('',*,*,#343,.F.);
#462=ORIENTED_EDGE('',*,*,#344,.F.);
#463=ORIENTED_EDGE('',*,*,#345,.F.);
#464=ORIENTED_EDGE('',*,*,#346,.F.);
#465=ORIENTED_EDGE('',*,*,#347,.T.);
#466=ORIENTED_EDGE('',*,*,#330,.F.);
#467=ORIENTED_EDGE('',*,*,#347,.F.);
#468=ORIENTED_EDGE('',*,*,#348,.F.);
#469=ORIENTED_EDGE('',*,*,#349,.F.);
#470=ORIENTED_EDGE('',*,*,#350,.F.);
#471=ORIENTED_EDGE('',*,*,#343,.T.);
#472=ORIENTED_EDGE('',*,*,#333,.F.);
#473=ORIENTED_EDGE('',*,*,#351,.T.);
#474=ORIENTED_EDGE('',*,*,#336,.F.);
#475=ORIENTED_EDGE('',*,*,#342,.F.);
#476=ORIENTED_EDGE('',*,*,#327,.F.);
#477=ORIENTED_EDGE('',*,*,#340,.F.);
#478=ORIENTED_EDGE('',*,*,#344,.T.);
#479=ORIENTED_EDGE('',*,*,#350,.T.);
#480=ORIENTED_EDGE('',*,*,#325,.F.);
#481=ORIENTED_EDGE('',*,*,#319,.T.);
#482=ORIENTED_EDGE('',*,*,#348,.T.);
#483=ORIENTED_EDGE('',*,*,#346,.T.);
#484=ORIENTED_EDGE('',*,*,#304,.F.);
#485=ORIENTED_EDGE('',*,*,#310,.F.);
#486=ORIENTED_EDGE('',*,*,#331,.F.);
#487=ORIENTED_EDGE('',*,*,#351,.F.);
#488=ORIENTED_EDGE('',*,*,#338,.F.);
#489=ORIENTED_EDGE('',*,*,#339,.F.);
#490=ORIENTED_EDGE('',*,*,#305,.F.);
#491=ORIENTED_EDGE('',*,*,#345,.T.);
#492=ORIENTED_EDGE('',*,*,#318,.F.);
#493=ORIENTED_EDGE('',*,*,#352,.T.);
#494=ORIENTED_EDGE('',*,*,#313,.F.);
#495=ORIENTED_EDGE('',*,*,#353,.F.);
#496=ORIENTED_EDGE('',*,*,#324,.T.);
#497=ORIENTED_EDGE('',*,*,#354,.F.);
#498=ORIENTED_EDGE('',*,*,#355,.F.);
#499=ORIENTED_EDGE('',*,*,#309,.F.);
#500=ORIENTED_EDGE('',*,*,#352,.F.);
#501=ORIENTED_EDGE('',*,*,#356,.F.);
#502=ORIENTED_EDGE('',*,*,#354,.T.);
#503=ORIENTED_EDGE('',*,*,#326,.T.);
#504=ORIENTED_EDGE('',*,*,#349,.T.);
#505=ORIENTED_EDGE('',*,*,#356,.T.);
#506=ORIENTED_EDGE('',*,*,#357,.F.);
#507=ORIENTED_EDGE('',*,*,#358,.F.);
#508=ORIENTED_EDGE('',*,*,#359,.T.);
#509=ORIENTED_EDGE('',*,*,#360,.T.);
#510=ORIENTED_EDGE('',*,*,#361,.F.);
#511=ORIENTED_EDGE('',*,*,#362,.F.);
#512=ORIENTED_EDGE('',*,*,#353,.T.);
#513=ORIENTED_EDGE('',*,*,#363,.T.);
#514=ORIENTED_EDGE('',*,*,#364,.F.);
#515=ORIENTED_EDGE('',*,*,#357,.T.);
#516=ORIENTED_EDGE('',*,*,#365,.T.);
#517=ORIENTED_EDGE('',*,*,#358,.T.);
#518=ORIENTED_EDGE('',*,*,#364,.T.);
#519=ORIENTED_EDGE('',*,*,#366,.T.);
#520=ORIENTED_EDGE('',*,*,#365,.F.);
#521=ORIENTED_EDGE('',*,*,#367,.T.);
#522=ORIENTED_EDGE('',*,*,#368,.T.);
#523=ORIENTED_EDGE('',*,*,#369,.T.);
#524=ORIENTED_EDGE('',*,*,#370,.T.);
#525=ORIENTED_EDGE('',*,*,#368,.F.);
#526=ORIENTED_EDGE('',*,*,#371,.T.);
#527=ORIENTED_EDGE('',*,*,#372,.T.);
#528=ORIENTED_EDGE('',*,*,#373,.T.);
#529=ORIENTED_EDGE('',*,*,#374,.T.);
#530=ORIENTED_EDGE('',*,*,#361,.T.);
#531=ORIENTED_EDGE('',*,*,#355,.T.);
#532=ORIENTED_EDGE('',*,*,#362,.T.);
#533=ORIENTED_EDGE('',*,*,#374,.F.);
#534=ORIENTED_EDGE('',*,*,#375,.T.);
#535=ORIENTED_EDGE('',*,*,#372,.F.);
#536=ORIENTED_EDGE('',*,*,#376,.T.);
#537=ORIENTED_EDGE('',*,*,#377,.T.);
#538=ORIENTED_EDGE('',*,*,#378,.T.);
#539=ORIENTED_EDGE('',*,*,#379,.T.);
#540=ORIENTED_EDGE('',*,*,#380,.T.);
#541=ORIENTED_EDGE('',*,*,#377,.F.);
#542=ORIENTED_EDGE('',*,*,#370,.F.);
#543=ORIENTED_EDGE('',*,*,#381,.F.);
#544=ORIENTED_EDGE('',*,*,#382,.F.);
#545=ORIENTED_EDGE('',*,*,#383,.T.);
#546=ORIENTED_EDGE('',*,*,#379,.F.);
#547=ORIENTED_EDGE('',*,*,#376,.F.);
#548=ORIENTED_EDGE('',*,*,#360,.F.);
#549=ORIENTED_EDGE('',*,*,#384,.T.);
#550=ORIENTED_EDGE('',*,*,#385,.T.);
#551=ORIENTED_EDGE('',*,*,#386,.F.);
#552=ORIENTED_EDGE('',*,*,#387,.T.);
#553=ORIENTED_EDGE('',*,*,#384,.F.);
#554=ORIENTED_EDGE('',*,*,#359,.F.);
#555=ORIENTED_EDGE('',*,*,#369,.F.);
#556=ORIENTED_EDGE('',*,*,#366,.F.);
#557=ORIENTED_EDGE('',*,*,#388,.T.);
#558=ORIENTED_EDGE('',*,*,#373,.F.);
#559=ORIENTED_EDGE('',*,*,#378,.F.);
#560=ORIENTED_EDGE('',*,*,#380,.F.);
#561=ORIENTED_EDGE('',*,*,#383,.F.);
#562=ORIENTED_EDGE('',*,*,#389,.T.);
#563=ORIENTED_EDGE('',*,*,#381,.T.);
#564=ORIENTED_EDGE('',*,*,#371,.F.);
#565=ORIENTED_EDGE('',*,*,#367,.F.);
#566=ORIENTED_EDGE('',*,*,#322,.T.);
#567=ORIENTED_EDGE('',*,*,#375,.F.);
#568=ORIENTED_EDGE('',*,*,#388,.F.);
#569=ORIENTED_EDGE('',*,*,#363,.F.);
#570=ORIENTED_EDGE('',*,*,#389,.F.);
#571=ORIENTED_EDGE('',*,*,#382,.T.);
#572=ORIENTED_EDGE('',*,*,#387,.F.);
#573=ORIENTED_EDGE('',*,*,#390,.F.);
#574=ORIENTED_EDGE('',*,*,#385,.F.);
#575=ORIENTED_EDGE('',*,*,#390,.T.);
#576=ORIENTED_EDGE('',*,*,#386,.T.);
#577=CYLINDRICAL_SURFACE('',#637,5.);
#578=CYLINDRICAL_SURFACE('',#640,5.);
#579=CYLINDRICAL_SURFACE('',#642,5.);
#580=CYLINDRICAL_SURFACE('',#647,5.);
#581=CYLINDRICAL_SURFACE('',#664,11.2511336474076);
#582=CYLINDRICAL_SURFACE('',#667,5.);
#583=CYLINDRICAL_SURFACE('',#674,5.);
#584=ADVANCED_FACE('',(#77),#577,.T.);
#585=ADVANCED_FACE('',(#78),#64,.F.);
#586=ADVANCED_FACE('',(#79),#61,.T.);
#587=ADVANCED_FACE('',(#80),#47,.T.);
#588=ADVANCED_FACE('',(#81),#578,.T.);
#589=ADVANCED_FACE('',(#82),#579,.T.);
#590=ADVANCED_FACE('',(#83),#65,.F.);
#591=ADVANCED_FACE('',(#84),#48,.T.);
#592=ADVANCED_FACE('',(#85),#49,.T.);
#593=ADVANCED_FACE('',(#86),#62,.T.);
#594=ADVANCED_FACE('',(#87),#66,.F.);
#595=ADVANCED_FACE('',(#88),#67,.F.);
#596=ADVANCED_FACE('',(#89),#68,.F.);
#597=ADVANCED_FACE('',(#90),#580,.T.);
#598=ADVANCED_FACE('',(#91),#50,.T.);
#599=ADVANCED_FACE('',(#92),#15,.T.);
#600=ADVANCED_FACE('',(#93),#51,.T.);
#601=ADVANCED_FACE('',(#94),#52,.F.);
#602=ADVANCED_FACE('',(#95),#53,.F.);
#603=ADVANCED_FACE('',(#96),#16,.T.);
#604=ADVANCED_FACE('',(#97),#54,.T.);
#605=ADVANCED_FACE('',(#98),#69,.T.);
#606=ADVANCED_FACE('',(#99),#17,.T.);
#607=ADVANCED_FACE('',(#100),#18,.T.);
#608=ADVANCED_FACE('',(#101),#581,.T.);
#609=ADVANCED_FACE('',(#102),#582,.T.);
#610=ADVANCED_FACE('',(#103),#70,.F.);
#611=ADVANCED_FACE('',(#104),#71,.F.);
#612=ADVANCED_FACE('',(#105),#72,.F.);
#613=ADVANCED_FACE('',(#106),#73,.F.);
#614=ADVANCED_FACE('',(#107),#583,.T.);
#615=ADVANCED_FACE('',(#108),#74,.F.);
#616=ADVANCED_FACE('',(#109),#75,.F.);
#617=ADVANCED_FACE('',(#110),#19,.T.);
#618=ADVANCED_FACE('',(#111),#76,.T.);
#619=ADVANCED_FACE('',(#112),#55,.T.);
#620=ADVANCED_FACE('',(#113),#63,.F.);
#621=ADVANCED_FACE('',(#114),#20,.T.);
#622=ADVANCED_FACE('',(#115),#56,.T.);
#623=CLOSED_SHELL('',(#584,#585,#586,#587,#588,#589,#590,#591,#592,#593,
#594,#595,#596,#597,#598,#599,#600,#601,#602,#603,#604,#605,#606,#607,#608,
#609,#610,#611,#612,#613,#614,#615,#616,#617,#618,#619,#620,#621,#622));
#624=DERIVED_UNIT_ELEMENT(#626,1.);
#625=DERIVED_UNIT_ELEMENT(#2163,-3.);
#626=(
MASS_UNIT()
NAMED_UNIT(*)
SI_UNIT(.KILO.,.GRAM.)
);
#627=DERIVED_UNIT((#624,#625));
#628=MEASURE_REPRESENTATION_ITEM('density measure',
POSITIVE_RATIO_MEASURE(7850.),#627);
#629=PROPERTY_DEFINITION_REPRESENTATION(#634,#631);
#630=PROPERTY_DEFINITION_REPRESENTATION(#635,#632);
#631=REPRESENTATION('material name',(#633),#2160);
#632=REPRESENTATION('density',(#628),#2160);
#633=DESCRIPTIVE_REPRESENTATION_ITEM('Steel','Steel');
#634=PROPERTY_DEFINITION('material property','material name',#2170);
#635=PROPERTY_DEFINITION('material property','density of part',#2170);
#636=AXIS2_PLACEMENT_3D('',#810,#686,#687);
#637=AXIS2_PLACEMENT_3D('',#811,#688,#689);
#638=AXIS2_PLACEMENT_3D('',#950,#694,#695);
#639=AXIS2_PLACEMENT_3D('',#952,#696,#697);
#640=AXIS2_PLACEMENT_3D('',#956,#700,#701);
#641=AXIS2_PLACEMENT_3D('',#970,#703,#704);
#642=AXIS2_PLACEMENT_3D('',#971,#705,#706);
#643=AXIS2_PLACEMENT_3D('',#1023,#708,#709);
#644=AXIS2_PLACEMENT_3D('',#1027,#712,#713);
#645=AXIS2_PLACEMENT_3D('',#1100,#717,#718);
#646=AXIS2_PLACEMENT_3D('',#1284,#719,#720);
#647=AXIS2_PLACEMENT_3D('',#1400,#721,#722);
#648=AXIS2_PLACEMENT_3D('',#1403,#725,#726);
#649=AXIS2_PLACEMENT_3D('',#1415,#730,#731);
#650=AXIS2_PLACEMENT_3D('',#1416,#732,#733);
#651=AXIS2_PLACEMENT_3D('',#1417,#734,#735);
#652=AXIS2_PLACEMENT_3D('',#1418,#736,#737);
#653=AXIS2_PLACEMENT_3D('',#1419,#738,#739);
#654=AXIS2_PLACEMENT_3D('',#1420,#740,#741);
#655=AXIS2_PLACEMENT_3D('',#1421,#742,#743);
#656=AXIS2_PLACEMENT_3D('',#1422,#744,#745);
#657=AXIS2_PLACEMENT_3D('',#1423,#746,#747);
#658=AXIS2_PLACEMENT_3D('',#1424,#748,#749);
#659=AXIS2_PLACEMENT_3D('',#1458,#750,#751);
#660=AXIS2_PLACEMENT_3D('',#1459,#752,#753);
#661=AXIS2_PLACEMENT_3D('',#1462,#755,#756);
#662=AXIS2_PLACEMENT_3D('',#1463,#757,#758);
#663=AXIS2_PLACEMENT_3D('',#1464,#759,#760);
#664=AXIS2_PLACEMENT_3D('',#1465,#761,#762);
#665=AXIS2_PLACEMENT_3D('',#1476,#764,#765);
#666=AXIS2_PLACEMENT_3D('',#1478,#766,#767);
#667=AXIS2_PLACEMENT_3D('',#1487,#769,#770);
#668=AXIS2_PLACEMENT_3D('',#1490,#772,#773);
#669=AXIS2_PLACEMENT_3D('',#1534,#774,#775);
#670=AXIS2_PLACEMENT_3D('',#1627,#776,#777);
#671=AXIS2_PLACEMENT_3D('',#1628,#778,#779);
#672=AXIS2_PLACEMENT_3D('',#1752,#780,#781);
#673=AXIS2_PLACEMENT_3D('',#1760,#782,#783);
#674=AXIS2_PLACEMENT_3D('',#1761,#784,#785);
#675=AXIS2_PLACEMENT_3D('',#1836,#787,#788);
#676=AXIS2_PLACEMENT_3D('',#1838,#789,#790);
#677=AXIS2_PLACEMENT_3D('',#1931,#791,#792);
#678=AXIS2_PLACEMENT_3D('',#1940,#793,#794);
#679=AXIS2_PLACEMENT_3D('',#1952,#796,#797);
#680=AXIS2_PLACEMENT_3D('',#1954,#798,#799);
#681=AXIS2_PLACEMENT_3D('',#1955,#800,#801);
#682=AXIS2_PLACEMENT_3D('',#2139,#802,#803);
#683=AXIS2_PLACEMENT_3D('',#2155,#804,#805);
#684=AXIS2_PLACEMENT_3D('',#2156,#806,#807);
#685=AXIS2_PLACEMENT_3D('',#2157,#808,#809);
#686=DIRECTION('axis',(0.,0.,1.));
#687=DIRECTION('refdir',(1.,0.,0.));
#688=DIRECTION('center_axis',(-0.0871557427476582,0.,0.996194698091746));
#689=DIRECTION('ref_axis',(0.863164088635291,0.499244356852111,0.0755170725182737));
#690=DIRECTION('',(-0.0871557427476582,0.,0.996194698091746));
#691=DIRECTION('',(-0.0871557427476582,9.67623123267571E-18,0.996194698091746));
#692=DIRECTION('',(0.996194698091746,0.,0.0871557427476581));
#693=DIRECTION('',(0.996194698091746,0.,0.0871557427476581));
#694=DIRECTION('center_axis',(0.,1.,0.));
#695=DIRECTION('ref_axis',(-0.0871557427476582,0.,0.996194698091746));
#696=DIRECTION('center_axis',(0.,-1.,0.));
#697=DIRECTION('ref_axis',(0.766044443118978,0.,-0.642787609686539));
#698=DIRECTION('',(0.996194698091746,0.,0.0871557427476581));
#699=DIRECTION('',(-0.0871557427476582,0.,0.996194698091746));
#700=DIRECTION('center_axis',(0.0871557427476582,-9.67623123267571E-18,
-0.996194698091746));
#701=DIRECTION('ref_axis',(0.704416026402759,-0.707106781186547,0.0616284167162218));
#702=DIRECTION('',(0.0871557427476582,-9.67623123267571E-18,-0.996194698091746));
#703=DIRECTION('center_axis',(0.0616284167162194,0.707106781186547,-0.704416026402759));
#704=DIRECTION('ref_axis',(0.0616284167162193,-0.707106781186548,-0.704416026402759));
#705=DIRECTION('center_axis',(0.,1.,0.));
#706=DIRECTION('ref_axis',(0.766044443118978,0.,-0.642787609686539));
#707=DIRECTION('',(0.,1.,0.));
#708=DIRECTION('center_axis',(0.0871557427476581,0.,-0.996194698091746));
#709=DIRECTION('ref_axis',(0.,1.,0.));
#710=DIRECTION('',(0.996194698091746,0.,0.0871557427476581));
#711=DIRECTION('',(0.,-1.,0.));
#712=DIRECTION('center_axis',(-8.4333912008194E-19,-1.,9.6394102515013E-18));
#713=DIRECTION('ref_axis',(0.0871557427476582,-9.67623123267571E-18,-0.996194698091746));
#714=DIRECTION('',(0.996194698091746,0.,0.0871557427476581));
#715=DIRECTION('',(-0.0871557427476582,9.67623123267571E-18,0.996194698091746));
#716=DIRECTION('',(-0.996194698091746,0.,-0.0871557427476581));
#717=DIRECTION('center_axis',(-0.90630778703665,0.,-0.422618261740699));
#718=DIRECTION('ref_axis',(-0.422618261740699,-5.67697243374344E-15,0.90630778703665));
#719=DIRECTION('center_axis',(-0.90630778703665,0.,-0.422618261740699));
#720=DIRECTION('ref_axis',(-0.422618261740699,-5.67697243374344E-15,0.90630778703665));
#721=DIRECTION('center_axis',(0.,-1.,0.));
#722=DIRECTION('ref_axis',(0.991444861373811,0.,0.130526192220051));
#723=DIRECTION('',(0.,1.,0.));
#724=DIRECTION('',(0.,-1.,0.));
#725=DIRECTION('center_axis',(0.984807753012208,0.,-0.17364817766693));
#726=DIRECTION('ref_axis',(0.,1.,0.));
#727=DIRECTION('',(0.,-1.,0.));
#728=DIRECTION('',(0.,-1.,0.));
#729=DIRECTION('',(0.,-1.,0.));
#730=DIRECTION('center_axis',(0.,0.,1.));
#731=DIRECTION('ref_axis',(-1.,5.66553889764798E-16,0.));
#732=DIRECTION('center_axis',(0.0871557427476581,0.,-0.996194698091746));
#733=DIRECTION('ref_axis',(0.996194698091746,2.78124648435619E-14,0.0871557427476558));
#734=DIRECTION('center_axis',(0.,0.,-1.));
#735=DIRECTION('ref_axis',(1.,0.,0.));
#736=DIRECTION('center_axis',(0.0871557427476581,0.,-0.996194698091746));
#737=DIRECTION('ref_axis',(0.996194698091746,2.78124648435619E-14,0.0871557427476558));
#738=DIRECTION('center_axis',(0.,0.,-1.));
#739=DIRECTION('ref_axis',(1.,0.,0.));
#740=DIRECTION('center_axis',(0.90630778703665,0.,0.422618261740699));
#741=DIRECTION('ref_axis',(0.,1.,0.));
#742=DIRECTION('center_axis',(-0.0871557427476581,0.,0.996194698091746));
#743=DIRECTION('ref_axis',(0.,-1.,0.));
#744=DIRECTION('center_axis',(-0.0871557427476581,0.,0.996194698091746));
#745=DIRECTION('ref_axis',(0.,-1.,0.));
#746=DIRECTION('center_axis',(0.,0.,-1.));
#747=DIRECTION('ref_axis',(-1.,-3.43024899888577E-15,0.));
#748=DIRECTION('center_axis',(-0.0871557427476581,0.,0.996194698091746));
#749=DIRECTION('ref_axis',(0.,-1.,0.));
#750=DIRECTION('center_axis',(0.,0.,-1.));
#751=DIRECTION('ref_axis',(0.316342441472008,0.948645065197479,0.));
#752=DIRECTION('center_axis',(0.,0.,-1.));
#753=DIRECTION('ref_axis',(0.316342441472008,-0.948645065197479,0.));
#754=DIRECTION('',(0.0697119495947766,0.0523103008746011,0.996194698091746));
#755=DIRECTION('center_axis',(0.,0.,-1.));
#756=DIRECTION('ref_axis',(0.316342441472008,-0.948645065197479,0.));
#757=DIRECTION('center_axis',(0.,0.,-1.));
#758=DIRECTION('ref_axis',(-1.,1.22464679914735E-16,0.));
#759=DIRECTION('center_axis',(0.,0.,-1.));
#760=DIRECTION('ref_axis',(1.,0.,0.));
#761=DIRECTION('center_axis',(0.,0.,1.));
#762=DIRECTION('ref_axis',(-1.,1.22464679914735E-16,0.));
#763=DIRECTION('',(0.,0.,1.));
#764=DIRECTION('center_axis',(0.,0.,-1.));
#765=DIRECTION('ref_axis',(1.,0.,0.));
#766=DIRECTION('center_axis',(0.,0.,-1.));
#767=DIRECTION('ref_axis',(1.,0.,0.));
#768=DIRECTION('',(0.,0.,-1.));
#769=DIRECTION('center_axis',(0.,0.,1.));
#770=DIRECTION('ref_axis',(0.316342441472008,0.948645065197479,0.));
#771=DIRECTION('',(0.,0.,-1.));
#772=DIRECTION('center_axis',(-4.26325641456065E-14,-5.68147977190785E-14,
-1.));
#773=DIRECTION('ref_axis',(-0.799854919447058,0.600193392029886,0.));
#774=DIRECTION('center_axis',(-0.408899196028916,-0.231488039300021,0.882731406005212));
#775=DIRECTION('ref_axis',(0.871977109085214,0.186209549724823,0.452749295772696));
#776=DIRECTION('center_axis',(0.183208619420463,-0.812317714687295,0.553691730275303));
#777=DIRECTION('ref_axis',(0.791085915997937,0.456192663250532,0.407518499587555));
#778=DIRECTION('center_axis',(0.,0.,-1.));
#779=DIRECTION('ref_axis',(1.,0.,0.));
#780=DIRECTION('center_axis',(-0.408899196028915,0.231488039300019,0.882731406005213));
#781=DIRECTION('ref_axis',(-0.49265570214698,-0.870224315416471,0.));
#782=DIRECTION('center_axis',(0.,0.,-1.));
#783=DIRECTION('ref_axis',(1.,-5.55111512312579E-16,0.));
#784=DIRECTION('center_axis',(0.,0.,1.));
#785=DIRECTION('ref_axis',(0.316342441472008,-0.948645065197479,0.));
#786=DIRECTION('',(0.,0.,1.));
#787=DIRECTION('center_axis',(0.,0.,-1.));
#788=DIRECTION('ref_axis',(1.,0.,0.));
#789=DIRECTION('center_axis',(0.183208619420465,0.812317714687295,0.553691730275302));
#790=DIRECTION('ref_axis',(-0.121818723705702,-0.540124736269291,0.832721722921134));
#791=DIRECTION('center_axis',(0.,0.,-1.));
#792=DIRECTION('ref_axis',(1.,0.,0.));
#793=DIRECTION('center_axis',(0.,0.,1.));
#794=DIRECTION('ref_axis',(1.,6.12323399573677E-17,0.));
#795=DIRECTION('',(-0.0871557427476582,-1.0673500138323E-17,-0.996194698091746));
#796=DIRECTION('center_axis',(0.,0.,1.));
#797=DIRECTION('ref_axis',(1.,0.,0.));
#798=DIRECTION('center_axis',(-0.5,0.,0.866025403784439));
#799=DIRECTION('ref_axis',(0.866025403784439,2.83276944882399E-16,0.5));
#800=DIRECTION('center_axis',(0.,0.,1.));
#801=DIRECTION('ref_axis',(1.,0.,0.));
#802=DIRECTION('center_axis',(1.,0.,0.));
#803=DIRECTION('ref_axis',(0.,1.,0.));
#804=DIRECTION('center_axis',(0.,0.,-1.));
#805=DIRECTION('ref_axis',(-1.,1.22464679914735E-16,0.));
#806=DIRECTION('center_axis',(-0.5,0.,0.866025403784439));
#807=DIRECTION('ref_axis',(0.866025403784439,2.83276944882399E-16,0.5));
#808=DIRECTION('center_axis',(0.5,0.,-0.866025403784439));
#809=DIRECTION('ref_axis',(-0.866025403784439,0.,-0.5));
#810=CARTESIAN_POINT('',(0.,0.,0.));
#811=CARTESIAN_POINT('Origin',(3.146126537741,-1.24811089213028,89.0691028217886));
#812=CARTESIAN_POINT('',(9.52616826717916,1.24811089213028,65.8525309179353));
#813=CARTESIAN_POINT('',(5.64222352513637,3.75188910786972,60.5385837030945));
#814=CARTESIAN_POINT('Ctrl Pts',(9.52616826717917,1.24811089213028,65.8525309179353));
#815=CARTESIAN_POINT('Ctrl Pts',(9.5504276158471,1.24811089213028,65.5752452938299));
#816=CARTESIAN_POINT('Ctrl Pts',(9.55124589078253,1.28972802644827,65.2976126945018));
#817=CARTESIAN_POINT('Ctrl Pts',(9.50841235145803,1.43696708249454,64.7525132545776));
#818=CARTESIAN_POINT('Ctrl Pts',(9.46481575484113,1.54166553985297,64.4847930562036));
#819=CARTESIAN_POINT('Ctrl Pts',(9.27408912988165,1.90185846872719,63.7072401495731));
#820=CARTESIAN_POINT('Ctrl Pts',(9.06390166723737,2.1996760056158,63.2208980904833));
#821=CARTESIAN_POINT('Ctrl Pts',(8.64368990123812,2.63152634793294,62.5356826359641));
#822=CARTESIAN_POINT('Ctrl Pts',(8.43696338441162,2.81232191712035,62.2580995751917));
#823=CARTESIAN_POINT('Ctrl Pts',(7.95801759974221,3.14239980554165,61.7458408624678));
#824=CARTESIAN_POINT('Ctrl Pts',(7.68528829931357,3.29101396150733,61.5112118846366));
#825=CARTESIAN_POINT('Ctrl Pts',(6.99887394972289,3.57606805772453,61.0315422026923));
#826=CARTESIAN_POINT('Ctrl Pts',(6.49712900219397,3.70531887108164,60.7800517051112));
#827=CARTESIAN_POINT('Ctrl Pts',(5.85778011430186,3.74826400785484,60.5908422783218));
#828=CARTESIAN_POINT('Ctrl Pts',(5.75028966098809,3.75188910786972,60.5628861964858));
#829=CARTESIAN_POINT('Ctrl Pts',(5.64222352513637,3.75188910786972,60.5385837030945));
#830=CARTESIAN_POINT('',(0.661561516149407,3.75188910786972,117.467810861035));
#831=CARTESIAN_POINT('',(3.146126537741,3.75188910786972,89.0691028217886));
#832=CARTESIAN_POINT('',(5.85036350774591,1.24811089213028,107.867171572997));
#833=CARTESIAN_POINT('Ctrl Pts',(0.661561526320668,3.75188910786972,117.467810851934));
#834=CARTESIAN_POINT('Ctrl Pts',(1.39464840295232,3.75188910786972,117.155851483313));
#835=CARTESIAN_POINT('Ctrl Pts',(2.08920420324431,3.60331474116328,116.828001815378));
#836=CARTESIAN_POINT('Ctrl Pts',(3.28024410377613,3.13007297067161,116.02448050442));
#837=CARTESIAN_POINT('Ctrl Pts',(3.75118823852074,2.83877990944007,115.587821663473));
#838=CARTESIAN_POINT('Ctrl Pts',(4.50841491933769,2.27366039384139,114.517522289041));
#839=CARTESIAN_POINT('Ctrl Pts',(4.87085437707261,1.93121038384133,113.790223147877));
#840=CARTESIAN_POINT('Ctrl Pts',(5.50394648304779,1.35742900039781,111.276492490625));
#841=CARTESIAN_POINT('Ctrl Pts',(5.69504816416653,1.24811089213026,109.64243407353));
#842=CARTESIAN_POINT('Ctrl Pts',(5.85036350774591,1.24811089213026,107.867171572997));
#843=CARTESIAN_POINT('',(7.46194698091746,1.24811089213028,89.4466881843799));
#844=CARTESIAN_POINT('Ctrl Pts',(0.759195584439369,6.08561500834367,108.690920990182));
#845=CARTESIAN_POINT('Ctrl Pts',(0.499788219779156,5.30770637485236,111.65596073597));
#846=CARTESIAN_POINT('Ctrl Pts',(0.240380855118944,4.52979774136104,114.621000481757));
#847=CARTESIAN_POINT('Ctrl Pts',(-0.0997619221425313,3.50978042844472,118.508850216262));
#848=CARTESIAN_POINT('Ctrl Pts',(-0.181337594474485,3.2461511475688,119.44126441765));
#849=CARTESIAN_POINT('Ctrl Pts',(-0.293929076477721,2.81078751342801,120.728190945792));
#850=CARTESIAN_POINT('Ctrl Pts',(-0.319511831858734,2.71186527565435,121.020603177846));
#851=CARTESIAN_POINT('Ctrl Pts',(-0.345094587239747,2.61294303788069,121.313015409899));
#852=CARTESIAN_POINT('Ctrl Pts',(1.50434747612273,6.08561500834367,108.756113333309));
#853=CARTESIAN_POINT('Ctrl Pts',(1.24494011146252,5.30770637485236,111.721153079097));
#854=CARTESIAN_POINT('Ctrl Pts',(0.985532746802309,4.52979774136104,114.686192824884));
#855=CARTESIAN_POINT('Ctrl Pts',(0.645389969540834,3.50978042844472,118.57404255939));
#856=CARTESIAN_POINT('Ctrl Pts',(0.563814297208878,3.2461511475688,119.506456760777));
#857=CARTESIAN_POINT('Ctrl Pts',(0.451222815205642,2.81078751342801,120.793383288919));
#858=CARTESIAN_POINT('Ctrl Pts',(0.42564005982463,2.71186527565435,121.085795520973));
#859=CARTESIAN_POINT('Ctrl Pts',(0.400057304443616,2.61294303788069,121.378207753027));
#860=CARTESIAN_POINT('Ctrl Pts',(2.99936547361363,5.75448675169202,108.800035560453));
#861=CARTESIAN_POINT('Ctrl Pts',(2.73995810895341,4.9765781182007,111.765075306241));
#862=CARTESIAN_POINT('Ctrl Pts',(2.48055074429321,4.1986694847094,114.730115052029));
#863=CARTESIAN_POINT('Ctrl Pts',(2.14082034735703,3.17976718421711,118.613251257847));
#864=CARTESIAN_POINT('Ctrl Pts',(2.05975918718517,2.9175936776106,119.539784558334));
#865=CARTESIAN_POINT('Ctrl Pts',(1.94822426582317,2.48645907147832,120.814634543086));
#866=CARTESIAN_POINT('Ctrl Pts',(1.92264151044216,2.38753683370466,121.10704677514));
#867=CARTESIAN_POINT('Ctrl Pts',(1.89705875506114,2.28861459593099,121.399459007193));
#868=CARTESIAN_POINT('Ctrl Pts',(5.13105795143304,4.13611301755114,108.561937513684));
#869=CARTESIAN_POINT('Ctrl Pts',(4.87165058677282,3.35820438405982,111.526977259471));
#870=CARTESIAN_POINT('Ctrl Pts',(4.61224322211262,2.58029575056851,114.492017005259));
#871=CARTESIAN_POINT('Ctrl Pts',(4.27478486919667,1.5683341358925,118.349183629092));
#872=CARTESIAN_POINT('Ctrl Pts',(4.19638180634304,1.31418317333466,119.245334738206));
#873=CARTESIAN_POINT('Ctrl Pts',(4.08961077723398,0.901319110927018,120.465733185342));
#874=CARTESIAN_POINT('Ctrl Pts',(4.06402802185297,0.802396873153356,120.758145417396));
#875=CARTESIAN_POINT('Ctrl Pts',(4.03844526647195,0.703474635379696,121.050557649449));
#876=CARTESIAN_POINT('Ctrl Pts',(5.8256359348387,2.33364427735936,108.149809024646));
#877=CARTESIAN_POINT('Ctrl Pts',(5.56622857017848,1.55573564386804,111.114848770434));
#878=CARTESIAN_POINT('Ctrl Pts',(5.30682120551828,0.777827010376732,114.079888516222));
#879=CARTESIAN_POINT('Ctrl Pts',(4.97180637302989,-0.226909902970336,117.909125573765));
#880=CARTESIAN_POINT('Ctrl Pts',(4.89631514494436,-0.472433392955224,118.771994259182));
#881=CARTESIAN_POINT('Ctrl Pts',(4.79498552046481,-0.864135411380396,119.930197166802));
#882=CARTESIAN_POINT('Ctrl Pts',(4.76940276508379,-0.963057649154054,120.222609398856));
#883=CARTESIAN_POINT('Ctrl Pts',(4.74382000970278,-1.06197988692772,120.51502163091));
#884=CARTESIAN_POINT('Ctrl Pts',(5.85036350774593,1.24811089213034,107.867171572996));
#885=CARTESIAN_POINT('Ctrl Pts',(5.59095614308572,0.470202258639027,110.832211318784));
#886=CARTESIAN_POINT('Ctrl Pts',(5.33154877842551,-0.307706374852284,113.797251064572));
#887=CARTESIAN_POINT('Ctrl Pts',(4.99806214511224,-1.30776329901922,117.609020725614));
#888=CARTESIAN_POINT('Ctrl Pts',(4.92435620631582,-1.54789072019188,118.451483461081));
#889=CARTESIAN_POINT('Ctrl Pts',(4.82621542152962,-1.92737705398682,119.573237764222));
#890=CARTESIAN_POINT('Ctrl Pts',(4.80063266614861,-2.02629929176048,119.865649996275));
#891=CARTESIAN_POINT('Ctrl Pts',(4.7750499107676,-2.12522152953414,120.158062228329));
#892=CARTESIAN_POINT('',(-0.0190265095412698,3.75188910786972,117.586040227545));
#893=CARTESIAN_POINT('Ctrl Pts',(0.661561514429657,3.75188910786972,117.467810856994));
#894=CARTESIAN_POINT('Ctrl Pts',(0.630471988063205,3.75188910786972,117.481040760749));
#895=CARTESIAN_POINT('Ctrl Pts',(0.599042278189848,3.75188910786972,117.493376047856));
#896=CARTESIAN_POINT('Ctrl Pts',(0.471366081488995,3.75188910786972,117.539029266492));
#897=CARTESIAN_POINT('Ctrl Pts',(0.372747555851208,3.75188910786972,117.564282687681));
#898=CARTESIAN_POINT('Ctrl Pts',(0.175200359182804,3.75188910786972,117.591695246268));
#899=CARTESIAN_POINT('Ctrl Pts',(0.0781742608076985,3.75188910786972,117.594544193037));
#900=CARTESIAN_POINT('Ctrl Pts',(-0.0190265095412714,3.75188910786972,117.586040227545));
#901=CARTESIAN_POINT('',(-0.268346321096711,2.90970975120165,120.435778713738));
#902=CARTESIAN_POINT('Ctrl Pts',(-0.0190265095412813,3.75188910786969,117.586040227545));
#903=CARTESIAN_POINT('Ctrl Pts',(-0.0207521491852429,3.74671427415172,117.605764378931));
#904=CARTESIAN_POINT('Ctrl Pts',(-0.022478007744004,3.74153878395389,117.625491032525));
#905=CARTESIAN_POINT('Ctrl Pts',(-0.0997619221425313,3.50978042844472,118.508850216262));
#906=CARTESIAN_POINT('Ctrl Pts',(-0.181337594474485,3.2461511475688,119.44126441765));
#907=CARTESIAN_POINT('Ctrl Pts',(-0.265841910097712,2.91939369402315,120.407153165032));
#908=CARTESIAN_POINT('Ctrl Pts',(-0.267097450522361,2.91453882727514,120.421504057754));
#909=CARTESIAN_POINT('Ctrl Pts',(-0.268346320504052,2.90970975349332,120.435778706964));
#910=CARTESIAN_POINT('',(-0.0926366016294516,2.90642578895724,120.451151322263));
#911=CARTESIAN_POINT('Ctrl Pts',(-0.0926366016451802,2.90642578895783,120.451151322262));
#912=CARTESIAN_POINT('Ctrl Pts',(-0.151120267932867,2.90861255424446,120.44603466446));
#913=CARTESIAN_POINT('Ctrl Pts',(-0.209698846845516,2.90970975120165,120.44090970288));
#914=CARTESIAN_POINT('Ctrl Pts',(-0.268346321096713,2.90970975120165,120.435778713738));
#915=CARTESIAN_POINT('',(4.18348064781499,-1.2490009027033E-15,120.825263105497));
#916=CARTESIAN_POINT('Ctrl Pts',(-0.0926366016294518,2.90642578895725,120.451151322263));
#917=CARTESIAN_POINT('Ctrl Pts',(0.463764839274665,2.88562135869936,120.499830140712));
#918=CARTESIAN_POINT('Ctrl Pts',(1.0115391754926,2.76621287467054,120.547754185301));
#919=CARTESIAN_POINT('Ctrl Pts',(2.11491189219854,2.3142020031941,120.644286789657));
#920=CARTESIAN_POINT('Ctrl Pts',(2.64791554272068,1.96066524040301,120.690918566695));
#921=CARTESIAN_POINT('Ctrl Pts',(3.55098260734018,1.0811086929029,120.769926697253));
#922=CARTESIAN_POINT('Ctrl Pts',(3.91543515574095,0.56578851175242,120.801812163631));
#923=CARTESIAN_POINT('Ctrl Pts',(4.18348064781499,-2.77555756156289E-15,
120.825263105497));
#924=CARTESIAN_POINT('',(4.84699835273295,-9.05525654459893E-15,117.519588916448));
#925=CARTESIAN_POINT('Ctrl Pts',(4.18348064781499,-4.76371615853376E-15,
120.825263105497));
#926=CARTESIAN_POINT('Ctrl Pts',(4.32651551145367,-5.07572125622447E-15,
120.256043293714));
#927=CARTESIAN_POINT('Ctrl Pts',(4.42331548169583,5.91563806144518E-15,
119.816077063273));
#928=CARTESIAN_POINT('Ctrl Pts',(4.60948705506661,8.71602952973197E-15,
118.940663352438));
#929=CARTESIAN_POINT('Ctrl Pts',(4.73451826497297,2.54587709237422E-15,
118.2416264093));
#930=CARTESIAN_POINT('Ctrl Pts',(4.84699835273295,6.20966404234247E-15,
117.519588916448));
#931=CARTESIAN_POINT('Ctrl Pts',(4.84699835273295,-1.66533453693773E-15,
117.519588916448));
#932=CARTESIAN_POINT('Ctrl Pts',(5.04226910040473,0.214078380324782,115.920819051469));
#933=CARTESIAN_POINT('Ctrl Pts',(5.45028718533749,0.659539142834682,112.429190221965));
#934=CARTESIAN_POINT('Ctrl Pts',(5.84669603348027,1.24270594759845,107.909065856699));
#935=CARTESIAN_POINT('Ctrl Pts',(5.84853086239118,1.24540842051819,107.888118805254));
#936=CARTESIAN_POINT('Ctrl Pts',(5.85036350774594,1.24811089213035,107.867171572996));
#937=CARTESIAN_POINT('Ctrl Pts',(-5.,3.75188910786972,117.150261513807));
#938=CARTESIAN_POINT('Ctrl Pts',(4.96194698091745,3.75188910786972,118.021818941283));
#939=CARTESIAN_POINT('Ctrl Pts',(-5.14041978587126,3.33079942953568,118.755267010658));
#940=CARTESIAN_POINT('Ctrl Pts',(4.8215271950462,3.33079942953568,119.626824438134));
#941=CARTESIAN_POINT('Ctrl Pts',(-5.24931981155544,2.90970975120165,120.));
#942=CARTESIAN_POINT('Ctrl Pts',(4.71262716936201,2.90970975120165,120.871557427477));
#943=CARTESIAN_POINT('',(-5.,3.75188910786972,117.150261513807));
#944=CARTESIAN_POINT('',(-5.,3.75188910786972,117.150261513807));
#945=CARTESIAN_POINT('',(-5.24931981155544,2.90970975120165,120.));
#946=CARTESIAN_POINT('Ctrl Pts',(-5.,3.75188910786972,117.150261513807));
#947=CARTESIAN_POINT('Ctrl Pts',(-5.14041978587126,3.33079942953568,118.755267010658));
#948=CARTESIAN_POINT('Ctrl Pts',(-5.24931981155544,2.90970975120165,120.));
#949=CARTESIAN_POINT('',(-5.24931981155544,2.90970975120165,120.));
#950=CARTESIAN_POINT('Origin',(0.,3.75188910786972,60.));
#951=CARTESIAN_POINT('',(4.98097349045873,3.75188910786972,60.4357787137383));
#952=CARTESIAN_POINT('Origin',(4.54519477672044,3.75188910786972,65.416752204197));
#953=CARTESIAN_POINT('',(0.,3.75188910786972,60.));
#954=CARTESIAN_POINT('',(0.,3.75188910786972,60.));
#955=CARTESIAN_POINT('',(0.,3.75188910786972,60.));
#956=CARTESIAN_POINT('Origin',(2.48097349045873,1.24811089213028,89.0109094706416));
#957=CARTESIAN_POINT('',(-0.0190265095412712,-3.75188910786972,117.586040227545));
#958=CARTESIAN_POINT('Ctrl Pts',(4.84699835273295,-1.38083988687754E-14,
117.519588916448));
#959=CARTESIAN_POINT('Ctrl Pts',(4.77948265015811,-0.251555539314271,117.547264801038));
#960=CARTESIAN_POINT('Ctrl Pts',(4.69254840247115,-0.497901113653029,117.572419756543));
#961=CARTESIAN_POINT('Ctrl Pts',(4.32304348899917,-1.33317318218005,117.650802165113));
#962=CARTESIAN_POINT('Ctrl Pts',(3.94612920245259,-1.87453134630821,117.688896591471));
#963=CARTESIAN_POINT('Ctrl Pts',(3.0105151553772,-2.78125081324519,117.725465417778));
#964=CARTESIAN_POINT('Ctrl Pts',(2.46227967878383,-3.13940987132927,117.723936499301));
#965=CARTESIAN_POINT('Ctrl Pts',(1.26320201712532,-3.62666292452899,117.682088761933));
#966=CARTESIAN_POINT('Ctrl Pts',(0.624608925615686,-3.75188910786972,117.642351031565));
#967=CARTESIAN_POINT('Ctrl Pts',(-0.0190265095412673,-3.75188910786973,
117.586040227545));
#968=CARTESIAN_POINT('',(4.98097349045873,-3.75188910786972,60.4357787137383));
#969=CARTESIAN_POINT('',(2.48097349045873,-3.75188910786972,89.0109094706416));
#970=CARTESIAN_POINT('Origin',(4.54519477672044,1.24811089213028,65.416752204197));
#971=CARTESIAN_POINT('Origin',(4.54519477672044,-2.77555756156289E-16,65.416752204197));
#972=CARTESIAN_POINT('',(4.98097349045873,-2.77555756156289E-16,60.4357787137383));
#973=CARTESIAN_POINT('Ctrl Pts',(-0.345094587239668,-2.61294303788099,121.313015409899));
#974=CARTESIAN_POINT('Ctrl Pts',(-0.319511831858683,-2.71186527565454,121.020603177845));
#975=CARTESIAN_POINT('Ctrl Pts',(-0.293929076477699,-2.8107875134281,120.728190945792));
#976=CARTESIAN_POINT('Ctrl Pts',(-0.18133759447447,-3.24615114756887,119.441264417649));
#977=CARTESIAN_POINT('Ctrl Pts',(-0.0997619221425235,-3.50978042844474,
118.508850216262));
#978=CARTESIAN_POINT('Ctrl Pts',(-0.0190265095412677,-3.75188910786973,
117.586040227545));
#979=CARTESIAN_POINT('Ctrl Pts',(0.593111805650884,-2.61294303788099,121.395097833324));
#980=CARTESIAN_POINT('Ctrl Pts',(0.618694561031867,-2.71186527565454,121.102685601271));
#981=CARTESIAN_POINT('Ctrl Pts',(0.644277316412855,-2.8107875134281,120.810273369217));
#982=CARTESIAN_POINT('Ctrl Pts',(0.756868798416082,-3.24615114756887,119.523346841075));
#983=CARTESIAN_POINT('Ctrl Pts',(0.838444470748029,-3.50978042844474,118.590932639688));
#984=CARTESIAN_POINT('Ctrl Pts',(0.919179883349285,-3.75188910786973,117.66812265097));
#985=CARTESIAN_POINT('Ctrl Pts',(2.80186495696791,-2.00965884604851,121.384249344941));
#986=CARTESIAN_POINT('Ctrl Pts',(2.8274477123489,-2.10858108382206,121.091837112888));
#987=CARTESIAN_POINT('Ctrl Pts',(2.85303046772989,-2.20750332159561,120.799424880835));
#988=CARTESIAN_POINT('Ctrl Pts',(2.96375446640612,-2.63558716514469,119.533843784794));
#989=CARTESIAN_POINT('Ctrl Pts',(3.04433801121475,-2.89628660438112,118.61276965289));
#990=CARTESIAN_POINT('Ctrl Pts',(3.12424360826465,-3.13595656274321,117.699444499326));
#991=CARTESIAN_POINT('Ctrl Pts',(4.23652027384319,-0.2098210204463,120.90088533408));
#992=CARTESIAN_POINT('Ctrl Pts',(4.26210302922418,-0.308743258219852,120.608473102026));
#993=CARTESIAN_POINT('Ctrl Pts',(4.28768578460516,-0.407665495993402,120.316060869973));
#994=CARTESIAN_POINT('Ctrl Pts',(4.39288969930147,-0.81433883118108,119.113574622539));
#995=CARTESIAN_POINT('Ctrl Pts',(4.47049491120131,-1.06618084489867,118.226542991557));
#996=CARTESIAN_POINT('Ctrl Pts',(4.54789189183392,-1.29838364479419,117.34189145485));
#997=CARTESIAN_POINT('Ctrl Pts',(4.58262861218913,0.942470568474577,120.541348878131));
#998=CARTESIAN_POINT('Ctrl Pts',(4.60821136757012,0.843548330701026,120.248936646078));
#999=CARTESIAN_POINT('Ctrl Pts',(4.6337941229511,0.744626092927478,119.956524414024));
#1000=CARTESIAN_POINT('Ctrl Pts',(4.73554212225637,0.351191545695684,118.793539460264));
#1001=CARTESIAN_POINT('Ctrl Pts',(4.81121252108156,0.105197539106873,117.928622843921));
#1002=CARTESIAN_POINT('Ctrl Pts',(4.88695331088687,-0.121933307290587,117.062901654994));
#1003=CARTESIAN_POINT('',(-0.0926366016294516,-2.90642578895725,120.451151322263));
#1004=CARTESIAN_POINT('Ctrl Pts',(4.18348064781499,-5.55111512312578E-15,
120.825263105497));
#1005=CARTESIAN_POINT('Ctrl Pts',(3.92446065067628,-0.546737561453754,120.802601792121));
#1006=CARTESIAN_POINT('Ctrl Pts',(3.57526910924395,-1.04669001202297,120.772051490846));
#1007=CARTESIAN_POINT('Ctrl Pts',(2.67993493452645,-1.94012613376658,120.693719900491));
#1008=CARTESIAN_POINT('Ctrl Pts',(2.12783841207928,-2.31055259578016,120.645417713605));
#1009=CARTESIAN_POINT('Ctrl Pts',(1.00416219419057,-2.76782245149277,120.547108783066));
#1010=CARTESIAN_POINT('Ctrl Pts',(0.460000147514628,-2.88576212445123,120.499500772861));
#1011=CARTESIAN_POINT('Ctrl Pts',(-0.0926366016294516,-2.90642578895725,
120.451151322263));
#1012=CARTESIAN_POINT('',(-0.268346321096711,-2.90970975120166,120.435778713738));
#1013=CARTESIAN_POINT('Ctrl Pts',(-0.268346321096712,-2.90970975120165,
120.435778713738));
#1014=CARTESIAN_POINT('Ctrl Pts',(-0.209698430526324,-2.90970975120165,
120.440909739303));
#1015=CARTESIAN_POINT('Ctrl Pts',(-0.151119856904399,-2.90861253887588,
120.44603470042));
#1016=CARTESIAN_POINT('Ctrl Pts',(-0.0926366016294533,-2.90642578895725,
120.451151322263));
#1017=CARTESIAN_POINT('Ctrl Pts',(-0.268346320876744,-2.90970975205222,
120.435778711224));
#1018=CARTESIAN_POINT('Ctrl Pts',(-0.268021160149784,-2.91096706879812,
120.432062107108));
#1019=CARTESIAN_POINT('Ctrl Pts',(-0.267695854672364,-2.91222494525854,
120.428343848487));
#1020=CARTESIAN_POINT('Ctrl Pts',(-0.18133759447447,-3.24615114756887,119.441264417649));
#1021=CARTESIAN_POINT('Ctrl Pts',(-0.0997619221425235,-3.50978042844474,
118.508850216262));
#1022=CARTESIAN_POINT('Ctrl Pts',(-0.0190265095412702,-3.75188910786972,
117.586040227545));
#1023=CARTESIAN_POINT('Origin',(0.,-3.75188910786972,60.));
#1024=CARTESIAN_POINT('',(0.,-3.75188910786972,60.));
#1025=CARTESIAN_POINT('',(0.,-3.75188910786972,60.));
#1026=CARTESIAN_POINT('',(0.,-5.6255668237038,60.));
#1027=CARTESIAN_POINT('Origin',(-5.,-3.75188910786972,117.150261513807));
#1028=CARTESIAN_POINT('',(-5.,-3.75188910786972,117.150261513807));
#1029=CARTESIAN_POINT('',(-5.,-3.75188910786972,117.150261513807));
#1030=CARTESIAN_POINT('',(0.,-3.75188910786972,60.));
#1031=CARTESIAN_POINT('Ctrl Pts',(-5.24931981155544,-2.90970975120165,120.));
#1032=CARTESIAN_POINT('Ctrl Pts',(4.71262716936201,-2.90970975120165,120.871557427477));
#1033=CARTESIAN_POINT('Ctrl Pts',(-5.14041978587126,-3.33079942953568,118.755267010658));
#1034=CARTESIAN_POINT('Ctrl Pts',(4.8215271950462,-3.33079942953568,119.626824438134));
#1035=CARTESIAN_POINT('Ctrl Pts',(-5.,-3.75188910786972,117.150261513807));
#1036=CARTESIAN_POINT('Ctrl Pts',(4.96194698091745,-3.75188910786972,118.021818941283));
#1037=CARTESIAN_POINT('',(-5.24931981155544,-2.90970975120165,120.));
#1038=CARTESIAN_POINT('',(-5.24931981155544,-2.90970975120165,120.));
#1039=CARTESIAN_POINT('Ctrl Pts',(-5.,-3.75188910786972,117.150261513807));
#1040=CARTESIAN_POINT('Ctrl Pts',(-5.14041978587126,-3.33079942953568,118.755267010658));
#1041=CARTESIAN_POINT('Ctrl Pts',(-5.24931981155544,-2.90970975120165,120.));
#1042=CARTESIAN_POINT('Ctrl Pts',(2.48777544158207,8.29682694399115,135.085395230051));
#1043=CARTESIAN_POINT('Ctrl Pts',(1.00353448140478,8.98000988933604,136.379041684421));
#1044=CARTESIAN_POINT('Ctrl Pts',(-1.35128451443503,9.39395324275711,138.665262826303));
#1045=CARTESIAN_POINT('Ctrl Pts',(-4.96569817204191,8.88667621163035,142.730839482302));
#1046=CARTESIAN_POINT('Ctrl Pts',(-7.47087671374297,7.672509226769,145.912384645926));
#1047=CARTESIAN_POINT('Ctrl Pts',(-9.3821748929386,5.9014100256514,148.517646410386));
#1048=CARTESIAN_POINT('Ctrl Pts',(-10.1201557948922,4.86996999589676,149.559060271793));
#1049=CARTESIAN_POINT('Ctrl Pts',(-10.4292381815554,4.32801879995995,150.));
#1050=CARTESIAN_POINT('Ctrl Pts',(3.06179727508016,8.18089457132668,135.390616939934));
#1051=CARTESIAN_POINT('Ctrl Pts',(1.67937519277637,8.9488852170567,136.692110497301));
#1052=CARTESIAN_POINT('Ctrl Pts',(-0.568964486652833,9.55601081208666,138.995471605275));
#1053=CARTESIAN_POINT('Ctrl Pts',(-4.17227398618604,9.40086696847833,143.114882497469));
#1054=CARTESIAN_POINT('Ctrl Pts',(-6.78492618074033,8.45245844645808,146.367983269368));
#1055=CARTESIAN_POINT('Ctrl Pts',(-8.90703170088316,6.85775619814404,149.112451102336));
#1056=CARTESIAN_POINT('Ctrl Pts',(-9.78252320127607,5.86246006091934,150.2636728215));
#1057=CARTESIAN_POINT('Ctrl Pts',(-10.1687953220041,5.31182469544037,150.774332488718));
#1058=CARTESIAN_POINT('Ctrl Pts',(4.13459360486672,7.69896312919407,136.046969496818));
#1059=CARTESIAN_POINT('Ctrl Pts',(2.98478705550504,8.56266551993732,137.375181436408));
#1060=CARTESIAN_POINT('Ctrl Pts',(1.03735861918015,9.44282838054016,139.729423963275));
#1061=CARTESIAN_POINT('Ctrl Pts',(-2.29786830238014,9.87721916380065,143.989140013474));
#1062=CARTESIAN_POINT('Ctrl Pts',(-4.88856731875721,9.44456672371199,147.409663215955));
#1063=CARTESIAN_POINT('Ctrl Pts',(-7.18747262827316,8.27388509795906,150.459023869063));
#1064=CARTESIAN_POINT('Ctrl Pts',(-8.2252860108677,7.41395723602582,151.841238276775));
#1065=CARTESIAN_POINT('Ctrl Pts',(-8.71175659922097,6.88487973275745,152.497691926572));
#1066=CARTESIAN_POINT('Ctrl Pts',(5.269894076701,6.33797526626298,137.017197905601));
#1067=CARTESIAN_POINT('Ctrl Pts',(4.44399338267113,7.12911032838971,138.376723859302));
#1068=CARTESIAN_POINT('Ctrl Pts',(3.00068325195323,8.03130792309056,140.788368221797));
#1069=CARTESIAN_POINT('Ctrl Pts',(0.408899323247546,8.72322465985138,145.171076547414));
#1070=CARTESIAN_POINT('Ctrl Pts',(-1.68172973854831,8.63122315181099,148.717404857206));
#1071=CARTESIAN_POINT('Ctrl Pts',(-3.60670235500672,7.85862856571545,151.945679341281));
#1072=CARTESIAN_POINT('Ctrl Pts',(-4.50536057446767,7.19872345571619,153.447517199128));
#1073=CARTESIAN_POINT('Ctrl Pts',(-4.93792519248458,6.75906252384646,154.173961969147));
#1074=CARTESIAN_POINT('Ctrl Pts',(5.67369388724325,4.84764649971417,137.688215960825));
#1075=CARTESIAN_POINT('Ctrl Pts',(5.02121689274828,5.44783285566775,139.033602523681));
#1076=CARTESIAN_POINT('Ctrl Pts',(3.86833257412529,6.11722004467541,141.414856312663));
#1077=CARTESIAN_POINT('Ctrl Pts',(1.79710153381722,6.54582649401962,145.702308874508));
#1078=CARTESIAN_POINT('Ctrl Pts',(0.143650285960059,6.33290728806727,149.123211255832));
#1079=CARTESIAN_POINT('Ctrl Pts',(-1.30359978946143,5.57049127265335,152.108460163731));
#1080=CARTESIAN_POINT('Ctrl Pts',(-1.9414756554665,4.99276944950312,153.419469367732));
#1081=CARTESIAN_POINT('Ctrl Pts',(-2.23602082550434,4.63572339832289,154.024762902188));
#1082=CARTESIAN_POINT('Ctrl Pts',(5.64437154682671,3.89707506341605,137.98243640411));
#1083=CARTESIAN_POINT('Ctrl Pts',(5.03385226262607,4.36135640198389,139.291367273923));
#1084=CARTESIAN_POINT('Ctrl Pts',(3.95564139897579,4.84928551235907,141.605960576523));
#1085=CARTESIAN_POINT('Ctrl Pts',(2.03019843789423,5.03408135464427,145.733630022681));
#1086=CARTESIAN_POINT('Ctrl Pts',(0.516719839772299,4.67148531702139,148.981026432554));
#1087=CARTESIAN_POINT('Ctrl Pts',(-0.74554931183966,3.8468546388179,151.685899772809));
#1088=CARTESIAN_POINT('Ctrl Pts',(-1.26347349387213,3.29741866644468,152.797188957454));
#1089=CARTESIAN_POINT('Ctrl Pts',(-1.48900288305833,2.98858413681635,153.280007235585));
#1090=CARTESIAN_POINT('Ctrl Pts',(5.60506599729782,3.58025411183884,138.066727427089));
#1091=CARTESIAN_POINT('Ctrl Pts',(5.00182874867986,3.99927107995465,139.36037388146));
#1092=CARTESIAN_POINT('Ctrl Pts',(3.93574632198482,4.4264567521564,141.646595023341));
#1093=CARTESIAN_POINT('Ctrl Pts',(2.03993679247611,4.5303135537321,145.71217167934));
#1094=CARTESIAN_POINT('Ctrl Pts',(0.556357917912063,4.11787290193346,148.893716842965));
#1095=CARTESIAN_POINT('Ctrl Pts',(-0.658495594353856,3.27319293011513,151.498978607424));
#1096=CARTESIAN_POINT('Ctrl Pts',(-1.14411485323679,2.73328320178145,152.540392468831));
#1097=CARTESIAN_POINT('Ctrl Pts',(-1.34972842528443,2.44066107807492,152.981332197038));
#1098=CARTESIAN_POINT('',(-0.625765520726422,3.24606915579542,151.428788738021));
#1099=CARTESIAN_POINT('',(3.05829675028749,4.46393179033909,143.528291702244));
#1100=CARTESIAN_POINT('Origin',(2.70325436924992,1.66533453693773E-15,144.289682545453));
#1101=CARTESIAN_POINT('',(3.45079658016528,7.12532327714819,140.546959505206));
#1102=CARTESIAN_POINT('Ctrl Pts',(3.05818597736746,4.46378750204263,143.528529255537));
#1103=CARTESIAN_POINT('Ctrl Pts',(3.05958558500912,4.4669982508261,143.525537222294));
#1104=CARTESIAN_POINT('Ctrl Pts',(3.06098233146633,4.47020872567346,143.52254354929));
#1105=CARTESIAN_POINT('Ctrl Pts',(3.06237621451654,4.47341892442852,143.51954823807));
#1106=CARTESIAN_POINT('Ctrl Pts',(3.12634126099454,4.62073437714079,143.382093936317));
#1107=CARTESIAN_POINT('Ctrl Pts',(3.18436474666009,4.76765523989994,143.241007999222));
#1108=CARTESIAN_POINT('Ctrl Pts',(3.236044621945,4.91371546463482,143.096664151432));
#1109=CARTESIAN_POINT('Ctrl Pts',(3.28499980824597,5.05207503833035,142.959930463106));
#1110=CARTESIAN_POINT('Ctrl Pts',(3.32826251962409,5.18966271223293,142.820273534163));
#1111=CARTESIAN_POINT('Ctrl Pts',(3.36544822309494,5.32607347171392,142.678018421935));
#1112=CARTESIAN_POINT('Ctrl Pts',(3.39518528181843,5.4351598782245,142.564258341281));
#1113=CARTESIAN_POINT('Ctrl Pts',(3.42103553480027,5.54349363914455,142.448836961644));
#1114=CARTESIAN_POINT('Ctrl Pts',(3.44277946405729,5.6508601097945,142.331922189633));
#1115=CARTESIAN_POINT('Ctrl Pts',(3.44599317607771,5.66672867307206,142.314642405297));
#1116=CARTESIAN_POINT('Ctrl Pts',(3.44911714606703,5.68257609046796,142.297329998849));
#1117=CARTESIAN_POINT('Ctrl Pts',(3.45215062448079,5.6984016667098,142.279985499829));
#1118=CARTESIAN_POINT('Ctrl Pts',(3.46903039478886,5.78646297967108,142.183472151246));
#1119=CARTESIAN_POINT('Ctrl Pts',(3.48310933342671,5.87384861050411,142.0859652357));
#1120=CARTESIAN_POINT('Ctrl Pts',(3.49432240854707,5.96045968439297,141.987583614999));
#1121=CARTESIAN_POINT('Ctrl Pts',(3.50966167092524,6.07894190028605,141.852999526608));
#1122=CARTESIAN_POINT('Ctrl Pts',(3.51966594859288,6.19619937775187,141.71652787336));
#1123=CARTESIAN_POINT('Ctrl Pts',(3.52405574059824,6.31188341402487,141.578539379392));
#1124=CARTESIAN_POINT('Ctrl Pts',(3.52824377198645,6.42225045976092,141.446893018188));
#1125=CARTESIAN_POINT('Ctrl Pts',(3.52732183581035,6.53118573486866,141.313866215611));
#1126=CARTESIAN_POINT('Ctrl Pts',(3.52100794756261,6.63836389572982,141.179786371083));
#1127=CARTESIAN_POINT('Ctrl Pts',(3.51513025245374,6.73813768442449,141.054969393739));
#1128=CARTESIAN_POINT('Ctrl Pts',(3.50457990577082,6.83638905312751,140.929239949865));
#1129=CARTESIAN_POINT('Ctrl Pts',(3.48909271835547,6.93283104797372,140.802865135627));
#1130=CARTESIAN_POINT('Ctrl Pts',(3.47867881412259,6.99768063437191,140.717888104122));
#1131=CARTESIAN_POINT('Ctrl Pts',(3.46603198485893,7.06171164151699,140.632619322925));
#1132=CARTESIAN_POINT('Ctrl Pts',(3.45106130902912,7.12482857474906,140.54714056254));
#1133=CARTESIAN_POINT('',(2.48777544158188,8.296826943992,135.085395230051));
#1134=CARTESIAN_POINT('Ctrl Pts',(3.45079658016529,7.12532327714819,140.546959505206));
#1135=CARTESIAN_POINT('Ctrl Pts',(3.41964238296734,7.25565339333202,140.370275273032));
#1136=CARTESIAN_POINT('Ctrl Pts',(3.38697644913467,7.3744532758392,140.185017556366));
#1137=CARTESIAN_POINT('Ctrl Pts',(3.24046110547769,7.84312262206663,139.354087751589));
#1138=CARTESIAN_POINT('Ctrl Pts',(3.114763168854,8.0849351915016,138.641219328852));
#1139=CARTESIAN_POINT('Ctrl Pts',(2.82367351886201,8.40400296846462,136.990367888973));
#1140=CARTESIAN_POINT('Ctrl Pts',(2.65357001391414,8.42020131276756,136.025662973909));
#1141=CARTESIAN_POINT('Ctrl Pts',(2.48777544158206,8.29682694399116,135.085395230051));
#1142=CARTESIAN_POINT('',(-10.4292381815468,4.32801879997504,149.999999999994));
#1143=CARTESIAN_POINT('Ctrl Pts',(2.48777544158207,8.29682694399115,135.085395230051));
#1144=CARTESIAN_POINT('Ctrl Pts',(1.00353448140478,8.98000988933604,136.379041684421));
#1145=CARTESIAN_POINT('Ctrl Pts',(-1.35128451443503,9.39395324275711,138.665262826303));
#1146=CARTESIAN_POINT('Ctrl Pts',(-4.96569817204191,8.88667621163035,142.730839482302));
#1147=CARTESIAN_POINT('Ctrl Pts',(-7.47087671374297,7.672509226769,145.912384645926));
#1148=CARTESIAN_POINT('Ctrl Pts',(-9.3821748929386,5.9014100256514,148.517646410386));
#1149=CARTESIAN_POINT('Ctrl Pts',(-10.1201557948922,4.86996999589676,149.559060271793));
#1150=CARTESIAN_POINT('Ctrl Pts',(-10.4292381815554,4.32801879995995,150.));
#1151=CARTESIAN_POINT('',(-8.41436490990431,6.88884155318285,150.894235347043));
#1152=CARTESIAN_POINT('Ctrl Pts',(-10.4292381815554,4.32801879995996,150.));
#1153=CARTESIAN_POINT('Ctrl Pts',(-10.1480854684218,5.00551322551273,150.));
#1154=CARTESIAN_POINT('Ctrl Pts',(-9.80816824475977,5.55548372191215,150.070099542048));
#1155=CARTESIAN_POINT('Ctrl Pts',(-9.19544686133415,6.29974989587865,150.327436626808));
#1156=CARTESIAN_POINT('Ctrl Pts',(-8.92592768140262,6.55032000319255,150.480799317031));
#1157=CARTESIAN_POINT('Ctrl Pts',(-8.58201509999714,6.79134606967034,150.746234087519));
#1158=CARTESIAN_POINT('Ctrl Pts',(-8.49743455816536,6.84389061468519,150.81746071224));
#1159=CARTESIAN_POINT('Ctrl Pts',(-8.4143649099043,6.88884155318285,150.894235347043));
#1160=CARTESIAN_POINT('Ctrl Pts',(-8.41436490990432,6.88884155318284,150.894235347043));
#1161=CARTESIAN_POINT('Ctrl Pts',(-7.97150289021244,7.12848459762618,151.303537306801));
#1162=CARTESIAN_POINT('Ctrl Pts',(-7.45041270633827,7.27580866554501,151.671230625375));
#1163=CARTESIAN_POINT('Ctrl Pts',(-6.31552419756292,7.36712321120767,152.277732892862));
#1164=CARTESIAN_POINT('Ctrl Pts',(-5.71485475615883,7.31246662127461,152.511556885265));
#1165=CARTESIAN_POINT('Ctrl Pts',(-4.50537239424318,7.00932038605421,152.818977006515));
#1166=CARTESIAN_POINT('Ctrl Pts',(-3.90937104178278,6.76359105120489,152.888963331348));
#1167=CARTESIAN_POINT('Ctrl Pts',(-2.79145068919082,6.10849483745175,152.855927512294));
#1168=CARTESIAN_POINT('Ctrl Pts',(-2.28280180853127,5.70376573217463,152.750719353147));
#1169=CARTESIAN_POINT('Ctrl Pts',(-1.56491100309941,4.94173891331416,152.43949025925));
#1170=CARTESIAN_POINT('Ctrl Pts',(-1.31547771836522,4.61603106621024,152.279361925082));
#1171=CARTESIAN_POINT('Ctrl Pts',(-0.903960474640858,3.94326567440747,151.897992373177));
#1172=CARTESIAN_POINT('Ctrl Pts',(-0.743229047058002,3.59909697913429,151.678609570551));
#1173=CARTESIAN_POINT('Ctrl Pts',(-0.627666749370418,3.25181161609744,151.432857371885));
#1174=CARTESIAN_POINT('Ctrl Pts',(-0.626714517287986,3.24894034415971,151.430823867715));
#1175=CARTESIAN_POINT('Ctrl Pts',(-0.625765520726388,3.24606915579542,151.428788738021));
#1176=CARTESIAN_POINT('Ctrl Pts',(-10.4292381815553,-4.32801879996011,150.));
#1177=CARTESIAN_POINT('Ctrl Pts',(-10.1201557948921,-4.86996999589691,149.559060271793));
#1178=CARTESIAN_POINT('Ctrl Pts',(-9.38293451179106,-5.90111032314105,148.518035644268));
#1179=CARTESIAN_POINT('Ctrl Pts',(-7.94782795757085,-7.22997470695413,146.563286183986));
#1180=CARTESIAN_POINT('Ctrl Pts',(-5.64459521600537,-8.62833064874683,143.575894342744));
#1181=CARTESIAN_POINT('Ctrl Pts',(-2.1376529889804,-9.53024638999174,139.428604695405));
#1182=CARTESIAN_POINT('Ctrl Pts',(1.00353448140475,-8.98000988933606,136.379041684421));
#1183=CARTESIAN_POINT('Ctrl Pts',(2.48777544158207,-8.29682694399116,135.085395230051));
#1184=CARTESIAN_POINT('Ctrl Pts',(-10.168795322004,-5.31182469544052,150.774332488718));
#1185=CARTESIAN_POINT('Ctrl Pts',(-9.78252320127598,-5.86246006091948,150.2636728215));
#1186=CARTESIAN_POINT('Ctrl Pts',(-8.90796526184859,-6.85742048767815,149.113033539226));
#1187=CARTESIAN_POINT('Ctrl Pts',(-7.31462783446174,-8.05404296217268,147.05337339517));
#1188=CARTESIAN_POINT('Ctrl Pts',(-4.86934282056671,-9.21631352316303,143.973339460517));
#1189=CARTESIAN_POINT('Ctrl Pts',(-1.3206910397065,-9.75712489022486,139.765048213033));
#1190=CARTESIAN_POINT('Ctrl Pts',(1.67937519277635,-8.94888521705671,136.692110497301));
#1191=CARTESIAN_POINT('Ctrl Pts',(3.06179727508016,-8.18089457132668,135.390616939934));
#1192=CARTESIAN_POINT('Ctrl Pts',(-8.71175659922087,-6.88487973275758,152.497691926572));
#1193=CARTESIAN_POINT('Ctrl Pts',(-8.22528601086761,-7.41395723602592,151.841238276774));
#1194=CARTESIAN_POINT('Ctrl Pts',(-7.18827412465717,-8.27341333995482,150.460205409126));
#1195=CARTESIAN_POINT('Ctrl Pts',(-5.46242665005689,-9.15245889174307,148.170743070189));
#1196=CARTESIAN_POINT('Ctrl Pts',(-2.97318185466937,-9.82839812462685,144.88007678819));
#1197=CARTESIAN_POINT('Ctrl Pts',(0.386075731789327,-9.73497326274816,140.517606617302));
#1198=CARTESIAN_POINT('Ctrl Pts',(2.98478705550504,-8.56266551993732,137.375181436408));
#1199=CARTESIAN_POINT('Ctrl Pts',(4.13459360486674,-7.69896312919407,136.046969496818));
#1200=CARTESIAN_POINT('Ctrl Pts',(-4.93792519248453,-6.75906252384655,154.173961969147));
#1201=CARTESIAN_POINT('Ctrl Pts',(-4.50536057446762,-7.19872345571626,153.447517199128));
#1202=CARTESIAN_POINT('Ctrl Pts',(-3.60745458803181,-7.85813935438417,151.946969386985));
#1203=CARTESIAN_POINT('Ctrl Pts',(-2.16225531154977,-8.43860797042061,149.522967893553));
#1204=CARTESIAN_POINT('Ctrl Pts',(-0.130307960388013,-8.75499105291021,
146.089916140649));
#1205=CARTESIAN_POINT('Ctrl Pts',(2.51733803536825,-8.33112454778353,141.595993938422));
#1206=CARTESIAN_POINT('Ctrl Pts',(4.44399338267115,-7.1291103283897,138.376723859302));
#1207=CARTESIAN_POINT('Ctrl Pts',(5.26989407670103,-6.33797526626296,137.017197905601));
#1208=CARTESIAN_POINT('Ctrl Pts',(-2.23602082550435,-4.63572339832297,154.024762902187));
#1209=CARTESIAN_POINT('Ctrl Pts',(-1.9414756554665,-4.99276944950319,153.419469367732));
#1210=CARTESIAN_POINT('Ctrl Pts',(-1.30399142972875,-5.57062235072184,152.109384607249));
#1211=CARTESIAN_POINT('Ctrl Pts',(-0.217678330676641,-6.1422069613068,149.868543329095));
#1212=CARTESIAN_POINT('Ctrl Pts',(1.36468119955179,-6.53885952931887,146.597638906043));
#1213=CARTESIAN_POINT('Ctrl Pts',(3.48290146819674,-6.34097359574703,142.211363858453));
#1214=CARTESIAN_POINT('Ctrl Pts',(5.02121689274832,-5.44783285566771,139.033602523681));
#1215=CARTESIAN_POINT('Ctrl Pts',(5.67369388724329,-4.84764649971413,137.688215960825));
#1216=CARTESIAN_POINT('Ctrl Pts',(-1.48900288305836,-2.98858413681643,153.280007235585));
#1217=CARTESIAN_POINT('Ctrl Pts',(-1.26347349387215,-3.29741866644476,152.797188957454));
#1218=CARTESIAN_POINT('Ctrl Pts',(-0.745872677518156,-3.84742589876247,
151.686354891815));
#1219=CARTESIAN_POINT('Ctrl Pts',(0.20137825229633,-4.46469063307468,149.656659866883));
#1220=CARTESIAN_POINT('Ctrl Pts',(1.630017445278,-4.98441675971336,146.592955948188));
#1221=CARTESIAN_POINT('Ctrl Pts',(3.59515714883794,-5.01363007166565,142.378922810726));
#1222=CARTESIAN_POINT('Ctrl Pts',(5.0338522626261,-4.36135640198382,139.291367273923));
#1223=CARTESIAN_POINT('Ctrl Pts',(5.64437154682675,-3.897075063416,137.98243640411));
#1224=CARTESIAN_POINT('Ctrl Pts',(-1.34972842528446,-2.44066107807501,152.981332197038));
#1225=CARTESIAN_POINT('Ctrl Pts',(-1.14411485323681,-2.73328320178153,152.540392468831));
#1226=CARTESIAN_POINT('Ctrl Pts',(-0.658677097093735,-3.27394461185074,
151.499367841306));
#1227=CARTESIAN_POINT('Ctrl Pts',(0.25283754600976,-3.90590219823572,149.544618381025));
#1228=CARTESIAN_POINT('Ctrl Pts',(1.64588123949093,-4.46632117629339,146.557226539782));
#1229=CARTESIAN_POINT('Ctrl Pts',(3.57979416263211,-4.57101123546112,142.409936892443));
#1230=CARTESIAN_POINT('Ctrl Pts',(5.00182874867989,-3.99927107995458,139.36037388146));
#1231=CARTESIAN_POINT('Ctrl Pts',(5.60506599729786,-3.58025411183878,138.066727427089));
#1232=CARTESIAN_POINT('',(-10.4292381815467,-4.32801879997516,149.999999999994));
#1233=CARTESIAN_POINT('',(2.48777544158189,-8.296826943992,135.085395230051));
#1234=CARTESIAN_POINT('Ctrl Pts',(-10.4292381815553,-4.32801879996011,150.));
#1235=CARTESIAN_POINT('Ctrl Pts',(-10.1201557948921,-4.86996999589691,149.559060271793));
#1236=CARTESIAN_POINT('Ctrl Pts',(-9.38293451179106,-5.90111032314105,148.518035644268));
#1237=CARTESIAN_POINT('Ctrl Pts',(-7.94782795757085,-7.22997470695413,146.563286183986));
#1238=CARTESIAN_POINT('Ctrl Pts',(-5.64459521600537,-8.62833064874683,143.575894342744));
#1239=CARTESIAN_POINT('Ctrl Pts',(-2.1376529889804,-9.53024638999174,139.428604695405));
#1240=CARTESIAN_POINT('Ctrl Pts',(1.00353448140475,-8.98000988933606,136.379041684421));
#1241=CARTESIAN_POINT('Ctrl Pts',(2.48777544158207,-8.29682694399116,135.085395230051));
#1242=CARTESIAN_POINT('',(3.45079658016528,-7.12532327714822,140.546959505206));
#1243=CARTESIAN_POINT('Ctrl Pts',(2.48777544158206,-8.29682694399116,135.085395230051));
#1244=CARTESIAN_POINT('Ctrl Pts',(2.62737243189777,-8.400706644762,135.877089103302));
#1245=CARTESIAN_POINT('Ctrl Pts',(2.76986995040085,-8.40552241648308,136.685232689329));
#1246=CARTESIAN_POINT('Ctrl Pts',(3.07457801165299,-8.16947604532362,138.413317977399));
#1247=CARTESIAN_POINT('Ctrl Pts',(3.22490290535868,-7.88967466690808,139.265852814108));
#1248=CARTESIAN_POINT('Ctrl Pts',(3.38601639305828,-7.37838926913878,140.179572807794));
#1249=CARTESIAN_POINT('Ctrl Pts',(3.41956250143077,-7.25598756884858,140.369822242326));
#1250=CARTESIAN_POINT('Ctrl Pts',(3.45079658016528,-7.12532327714822,140.546959505206));
#1251=CARTESIAN_POINT('',(3.05829675028749,-4.46393179033908,143.528291702244));
#1252=CARTESIAN_POINT('Ctrl Pts',(3.05819977357565,-4.46369706194656,143.528499669474));
#1253=CARTESIAN_POINT('Ctrl Pts',(3.05959970247118,-4.46690964489938,143.525508881721));
#1254=CARTESIAN_POINT('Ctrl Pts',(3.06099675214648,-4.47012194559907,143.522516452043));
#1255=CARTESIAN_POINT('Ctrl Pts',(3.06239092137546,-4.47333396347819,143.519522380608));
#1256=CARTESIAN_POINT('Ctrl Pts',(3.12452832963499,-4.61649195473405,143.386078150701));
#1257=CARTESIAN_POINT('Ctrl Pts',(3.18102679032246,-4.75926250321048,143.249203481033));
#1258=CARTESIAN_POINT('Ctrl Pts',(3.23154112292841,-4.90121716866572,143.109250847696));
#1259=CARTESIAN_POINT('Ctrl Pts',(3.27882668207646,-5.03409838046136,142.978243702196));
#1260=CARTESIAN_POINT('Ctrl Pts',(3.32086865359468,-5.1662650692292,142.844539732322));
#1261=CARTESIAN_POINT('Ctrl Pts',(3.35734064680402,-5.29736079779225,142.708426787446));
#1262=CARTESIAN_POINT('Ctrl Pts',(3.39041395325143,-5.41624021246605,142.584997691824));
#1263=CARTESIAN_POINT('Ctrl Pts',(3.41890691269669,-5.53423922618749,142.45958779638));
#1264=CARTESIAN_POINT('Ctrl Pts',(3.44254019448374,-5.65108346896979,142.33240827555));
#1265=CARTESIAN_POINT('Ctrl Pts',(3.44574970588616,-5.66695146956724,142.315136695329));
#1266=CARTESIAN_POINT('Ctrl Pts',(3.44886953219248,-5.68279815525789,142.297832470668));
#1267=CARTESIAN_POINT('Ctrl Pts',(3.45189891728224,-5.69862284025987,142.280496120426));
#1268=CARTESIAN_POINT('Ctrl Pts',(3.46875591017161,-5.78667919316679,142.184028116493));
#1269=CARTESIAN_POINT('Ctrl Pts',(3.48281359542215,-5.87405493452905,142.086565484326));
#1270=CARTESIAN_POINT('Ctrl Pts',(3.49400645319453,-5.96065269439606,141.988225737029));
#1271=CARTESIAN_POINT('Ctrl Pts',(3.50933409157448,-6.07924074176961,141.853558066306));
#1272=CARTESIAN_POINT('Ctrl Pts',(3.51931744141437,-6.19659504931109,141.716994417081));
#1273=CARTESIAN_POINT('Ctrl Pts',(3.5236758233224,-6.31236917796025,141.578904383772));
#1274=CARTESIAN_POINT('Ctrl Pts',(3.52782928835287,-6.42269998533904,141.44730689266));
#1275=CARTESIAN_POINT('Ctrl Pts',(3.52687458508447,-6.53159606868291,141.314323367373));
#1276=CARTESIAN_POINT('Ctrl Pts',(3.52053011694671,-6.63873455911203,141.180280225353));
#1277=CARTESIAN_POINT('Ctrl Pts',(3.51462928557613,-6.73838139342408,141.055610046504));
#1278=CARTESIAN_POINT('Ctrl Pts',(3.5040661368806,-6.83650813351124,140.930023378835));
#1279=CARTESIAN_POINT('Ctrl Pts',(3.48857778693826,-6.93283019253832,140.803786471898));
#1280=CARTESIAN_POINT('Ctrl Pts',(3.47815540972319,-6.99764696366308,140.718839484811));
#1281=CARTESIAN_POINT('Ctrl Pts',(3.46550208723913,-7.06164606514579,140.633598125169));
#1282=CARTESIAN_POINT('Ctrl Pts',(3.45052715499675,-7.12473243549401,140.548144215894));
#1283=CARTESIAN_POINT('',(-0.625765520726406,-3.24606915579551,151.428788738021));
#1284=CARTESIAN_POINT('Origin',(2.70325436924992,1.66533453693773E-15,144.289682545453));
#1285=CARTESIAN_POINT('',(-8.41436490990427,-6.88884155318291,150.894235347043));
#1286=CARTESIAN_POINT('Ctrl Pts',(-0.625765520726399,-3.24606915579551,
151.428788738021));
#1287=CARTESIAN_POINT('Ctrl Pts',(-0.626714517413399,-3.24894034453921,
151.430823867984));
#1288=CARTESIAN_POINT('Ctrl Pts',(-0.627666749252067,-3.25181161568609,
151.432857371634));
#1289=CARTESIAN_POINT('Ctrl Pts',(-0.743229053022479,-3.59909699869086,
151.678609583232));
#1290=CARTESIAN_POINT('Ctrl Pts',(-0.903960476775749,-3.94326567789607,
151.897992375155));
#1291=CARTESIAN_POINT('Ctrl Pts',(-1.31547771836153,-4.6160310662054,152.27936192508));
#1292=CARTESIAN_POINT('Ctrl Pts',(-1.56491100309754,-4.94173891331227,152.439490259249));
#1293=CARTESIAN_POINT('Ctrl Pts',(-2.28280180853178,-5.70376573217511,152.750719353147));
#1294=CARTESIAN_POINT('Ctrl Pts',(-2.7914506891914,-6.10849483745219,152.855927512294));
#1295=CARTESIAN_POINT('Ctrl Pts',(-3.90937104178332,-6.76359105120521,152.888963331348));
#1296=CARTESIAN_POINT('Ctrl Pts',(-4.50537239424364,-7.00932038605445,152.818977006515));
#1297=CARTESIAN_POINT('Ctrl Pts',(-5.714854756159,-7.3124666212747,152.511556885265));
#1298=CARTESIAN_POINT('Ctrl Pts',(-6.31552419756312,-7.36712321120776,152.277732892862));
#1299=CARTESIAN_POINT('Ctrl Pts',(-7.45041270633835,-7.27580866554506,151.671230625375));
#1300=CARTESIAN_POINT('Ctrl Pts',(-7.97150289021248,-7.12848459762621,151.303537306801));
#1301=CARTESIAN_POINT('Ctrl Pts',(-8.41436490990427,-6.88884155318291,150.894235347043));
#1302=CARTESIAN_POINT('Ctrl Pts',(-8.41436490990427,-6.88884155318291,150.894235347043));
#1303=CARTESIAN_POINT('Ctrl Pts',(-8.52544506293948,-6.82873347241069,150.791572842005));
#1304=CARTESIAN_POINT('Ctrl Pts',(-8.63875655004864,-6.75529706099764,150.699258434612));
#1305=CARTESIAN_POINT('Ctrl Pts',(-9.00488027977626,-6.47957174518771,150.433145635116));
#1306=CARTESIAN_POINT('Ctrl Pts',(-9.25030137359358,-6.2358720590948,150.302971277223));
#1307=CARTESIAN_POINT('Ctrl Pts',(-9.81908221275347,-5.53771520351237,150.067854217659));
#1308=CARTESIAN_POINT('Ctrl Pts',(-10.152592154728,-4.99465345177587,150.));
#1309=CARTESIAN_POINT('Ctrl Pts',(-10.4292381815553,-4.32801879996011,150.));
#1310=CARTESIAN_POINT('Ctrl Pts',(-0.352482433750823,-4.08490563348576,
150.842731266744));
#1311=CARTESIAN_POINT('Ctrl Pts',(-0.471617286364093,-3.75677023230826,
151.098216782647));
#1312=CARTESIAN_POINT('Ctrl Pts',(-0.638159637429733,-3.23835690420192,
151.455368007065));
#1313=CARTESIAN_POINT('Ctrl Pts',(-0.915504834895632,-2.11905335394186,
152.050136702401));
#1314=CARTESIAN_POINT('Ctrl Pts',(-1.10025549087231,-0.875369178350944,
152.446335762712));
#1315=CARTESIAN_POINT('Ctrl Pts',(-1.0999470880803,0.65561090801728,152.44567439079));
#1316=CARTESIAN_POINT('Ctrl Pts',(-0.952550497879996,1.91595089812591,152.129581383046));
#1317=CARTESIAN_POINT('Ctrl Pts',(-0.69366179765076,3.06670968652521,151.574392773762));
#1318=CARTESIAN_POINT('Ctrl Pts',(-0.471620527355621,3.75676130498968,151.098223732976));
#1319=CARTESIAN_POINT('Ctrl Pts',(-0.352482436434036,4.08490562609534,150.842731272498));
#1320=CARTESIAN_POINT('Ctrl Pts',(-0.663768341573979,-4.71767972089441,
151.510286050328));
#1321=CARTESIAN_POINT('Ctrl Pts',(-0.798023487077361,-4.36972976577109,
151.798514297168));
#1322=CARTESIAN_POINT('Ctrl Pts',(-0.989901592286941,-3.80968724647516,
152.210184920154));
#1323=CARTESIAN_POINT('Ctrl Pts',(-1.32004478409432,-2.55887513970482,152.919190367722));
#1324=CARTESIAN_POINT('Ctrl Pts',(-1.55724653176419,-1.08384262713056,153.428704791506));
#1325=CARTESIAN_POINT('Ctrl Pts',(-1.55712969586677,0.810794687925122,153.428371509815));
#1326=CARTESIAN_POINT('Ctrl Pts',(-1.36690018498473,2.32254301352199,153.01981530327));
#1327=CARTESIAN_POINT('Ctrl Pts',(-1.05343160226252,3.62576374712401,152.346568578467));
#1328=CARTESIAN_POINT('Ctrl Pts',(-0.798027139447316,4.36972029928119,151.798522138323));
#1329=CARTESIAN_POINT('Ctrl Pts',(-0.663768344600982,4.71767971305802,151.510286056819));
#1330=CARTESIAN_POINT('Ctrl Pts',(-1.81370578652219,-5.98191955344819,152.597800603312));
#1331=CARTESIAN_POINT('Ctrl Pts',(-1.99477654143766,-5.59435837025072,152.943842302293));
#1332=CARTESIAN_POINT('Ctrl Pts',(-2.26281810725696,-4.95167580886485,153.452471974115));
#1333=CARTESIAN_POINT('Ctrl Pts',(-2.74849200519918,-3.43788095623512,154.366851449743));
#1334=CARTESIAN_POINT('Ctrl Pts',(-3.13266105770715,-1.50086492158678,155.083503721877));
#1335=CARTESIAN_POINT('Ctrl Pts',(-3.13279337684821,1.12102847833204,155.083812812331));
#1336=CARTESIAN_POINT('Ctrl Pts',(-2.82314515484422,3.13528291658606,154.506025654526));
#1337=CARTESIAN_POINT('Ctrl Pts',(-2.35088548553579,4.74313106011637,153.619627116765));
#1338=CARTESIAN_POINT('Ctrl Pts',(-1.99478146749468,5.59434782590339,152.943851716373));
#1339=CARTESIAN_POINT('Ctrl Pts',(-1.81370579060054,5.9819195447191,152.597800611104));
#1340=CARTESIAN_POINT('Ctrl Pts',(-4.55153127960769,-7.25403879172909,152.954990793436));
#1341=CARTESIAN_POINT('Ctrl Pts',(-4.81153643409936,-6.80848756369539,153.320891803924));
#1342=CARTESIAN_POINT('Ctrl Pts',(-5.20293388845518,-6.057136536907,153.863107977864));
#1343=CARTESIAN_POINT('Ctrl Pts',(-5.9254017529328,-4.24687768788553,154.848795508337));
#1344=CARTESIAN_POINT('Ctrl Pts',(-6.51012314970686,-1.86659787170093,155.638101672296));
#1345=CARTESIAN_POINT('Ctrl Pts',(-6.51026125670791,1.39394334363878,155.638682157955));
#1346=CARTESIAN_POINT('Ctrl Pts',(-6.03905690266503,3.877261648143,155.001466490287));
#1347=CARTESIAN_POINT('Ctrl Pts',(-5.33140261062473,5.81454980962517,154.040867691378));
#1348=CARTESIAN_POINT('Ctrl Pts',(-4.81154350764188,6.80847544150436,153.320901758319));
#1349=CARTESIAN_POINT('Ctrl Pts',(-4.55153128546578,7.25403878169435,152.954990801677));
#1350=CARTESIAN_POINT('Ctrl Pts',(-6.92371730329768,-7.44146334080018,152.089542895452));
#1351=CARTESIAN_POINT('Ctrl Pts',(-7.21351851553078,-6.9546306777159,152.407975240021));
#1352=CARTESIAN_POINT('Ctrl Pts',(-7.64427819570004,-6.14337867250578,152.870203248979));
#1353=CARTESIAN_POINT('Ctrl Pts',(-8.42394330036923,-4.23399209998782,153.686047056101));
#1354=CARTESIAN_POINT('Ctrl Pts',(-9.02758731461442,-1.82853371850061,154.302890139889));
#1355=CARTESIAN_POINT('Ctrl Pts',(-9.02717687533074,1.36665238176899,154.302880692878));
#1356=CARTESIAN_POINT('Ctrl Pts',(-8.5425841830255,3.85469918369084,153.80666573697));
#1357=CARTESIAN_POINT('Ctrl Pts',(-7.78651169277214,5.87910966283867,153.02264759746));
#1358=CARTESIAN_POINT('Ctrl Pts',(-7.21352639963729,6.95461743245365,152.407983902935));
#1359=CARTESIAN_POINT('Ctrl Pts',(-6.92371730982345,7.44146332983538,152.089542902623));
#1360=CARTESIAN_POINT('Ctrl Pts',(-8.03765796043264,-7.13501098397693,151.176508658536));
#1361=CARTESIAN_POINT('Ctrl Pts',(-8.31438229450471,-6.63184815885188,151.448298240028));
#1362=CARTESIAN_POINT('Ctrl Pts',(-8.71805045164234,-5.80582077511022,151.832669846444));
#1363=CARTESIAN_POINT('Ctrl Pts',(-9.42749521922856,-3.91942037384688,152.484339486709));
#1364=CARTESIAN_POINT('Ctrl Pts',(-9.94513420219556,-1.65806419713289,152.937012725641));
#1365=CARTESIAN_POINT('Ctrl Pts',(-9.94437572501411,1.24068827933258,152.936533126438));
#1366=CARTESIAN_POINT('Ctrl Pts',(-9.53050783597858,3.55670756253042,152.574343062185));
#1367=CARTESIAN_POINT('Ctrl Pts',(-8.85206004368806,5.53475345117576,151.960343738166));
#1368=CARTESIAN_POINT('Ctrl Pts',(-8.3143898227846,6.63183446941119,151.44830563394));
#1369=CARTESIAN_POINT('Ctrl Pts',(-8.03765796666736,7.1350109726447,151.176508664659));
#1370=CARTESIAN_POINT('Ctrl Pts',(-8.3600293338663,-6.99217475567061,150.842731266744));
#1371=CARTESIAN_POINT('Ctrl Pts',(-8.62899316357558,-6.48489986108012,151.098216782647));
#1372=CARTESIAN_POINT('Ctrl Pts',(-9.01803611332616,-5.65730756566399,151.455368007065));
#1373=CARTESIAN_POINT('Ctrl Pts',(-9.69342491421435,-3.78743423363121,152.050136702401));
#1374=CARTESIAN_POINT('Ctrl Pts',(-10.1732222687675,-1.58917299119934,152.446335762712));
#1375=CARTESIAN_POINT('Ctrl Pts',(-10.1723100918223,1.18954141823108,152.44567439079));
#1376=CARTESIAN_POINT('Ctrl Pts',(-9.78942364670826,3.43257136121285,152.129581383046));
#1377=CARTESIAN_POINT('Ctrl Pts',(-9.14751083033327,5.38478146796661,151.574392773762));
#1378=CARTESIAN_POINT('Ctrl Pts',(-8.62900048069999,6.48488605980659,151.098223732976));
#1379=CARTESIAN_POINT('Ctrl Pts',(-8.36002933992403,6.99217474424552,150.842731272498));
#1380=CARTESIAN_POINT('Ctrl Pts',(-8.41436862792509,6.88884388224146,150.894236653891));
#1381=CARTESIAN_POINT('Ctrl Pts',(-8.66390280961955,6.41038665025137,151.130249894193));
#1382=CARTESIAN_POINT('Ctrl Pts',(-9.16195637741898,5.34084911095656,151.586886687254));
#1383=CARTESIAN_POINT('Ctrl Pts',(-9.78942364670826,3.43257136121285,152.129581383046));
#1384=CARTESIAN_POINT('Ctrl Pts',(-10.1723100918223,1.18954141823108,152.44567439079));
#1385=CARTESIAN_POINT('Ctrl Pts',(-10.1732222687675,-1.58917299119934,152.446335762712));
#1386=CARTESIAN_POINT('Ctrl Pts',(-9.69342491421435,-3.78743423363121,152.050136702401));
#1387=CARTESIAN_POINT('Ctrl Pts',(-9.03323330802474,-5.61523279473024,151.468751136385));
#1388=CARTESIAN_POINT('Ctrl Pts',(-8.66390521653904,-6.41019451498171,151.130241352285));
#1389=CARTESIAN_POINT('Ctrl Pts',(-8.41436257412976,-6.88883649205369,150.89422982667));
#1390=CARTESIAN_POINT('Ctrl Pts',(-0.625694198835994,-3.24595409015643,
151.428635787734));
#1391=CARTESIAN_POINT('Ctrl Pts',(-0.644625560465394,-3.1803258688453,151.469234223763));
#1392=CARTESIAN_POINT('Ctrl Pts',(-0.713624032522594,-2.93379938484537,
151.617201924594));
#1393=CARTESIAN_POINT('Ctrl Pts',(-0.915504834895632,-2.11905335394186,
152.050136702401));
#1394=CARTESIAN_POINT('Ctrl Pts',(-1.10025549087231,-0.875369178350944,
152.446335762712));
#1395=CARTESIAN_POINT('Ctrl Pts',(-1.0999470880803,0.65561090801728,152.44567439079));
#1396=CARTESIAN_POINT('Ctrl Pts',(-0.952550497879996,1.91595089812591,152.129581383046));
#1397=CARTESIAN_POINT('Ctrl Pts',(-0.764121458371134,2.75351689854409,151.725494003794));
#1398=CARTESIAN_POINT('Ctrl Pts',(-0.644672848968321,3.18049071560042,151.469335634284));
#1399=CARTESIAN_POINT('Ctrl Pts',(-0.62576121836325,3.24606220617845,151.428779511574));
#1400=CARTESIAN_POINT('Origin',(-1.47324218489576,7.10063020703065,141.41520039354));
#1401=CARTESIAN_POINT('',(3.45079658016528,7.10063020703065,140.546959505206));
#1402=CARTESIAN_POINT('',(3.05829675028749,7.10063020703065,143.528291702244));
#1403=CARTESIAN_POINT('Origin',(-0.325281046494402,2.90970975120165,119.131759111665));
#1404=CARTESIAN_POINT('',(-0.0926366016294561,-6.08065838495576,120.451151322263));
#1405=CARTESIAN_POINT('Ctrl Pts',(2.48777544158208,-8.29682694399267,135.085395230051));
#1406=CARTESIAN_POINT('Ctrl Pts',(0.998695002486512,-7.18874266447422,126.64040040786));
#1407=CARTESIAN_POINT('Ctrl Pts',(-0.0926366016294555,-6.08065838495576,
120.451151322263));
#1408=CARTESIAN_POINT('',(-0.0926366016294488,2.90970975120165,120.451151322263));
#1409=CARTESIAN_POINT('',(-0.0926366016294488,2.90970975120165,120.451151322263));
#1410=CARTESIAN_POINT('',(-0.0926366016294509,6.08065838495577,120.451151322263));
#1411=CARTESIAN_POINT('',(-0.0926366016294488,2.90970975120165,120.451151322263));
#1412=CARTESIAN_POINT('Ctrl Pts',(-0.0926366016294511,6.08065838495577,
120.451151322263));
#1413=CARTESIAN_POINT('Ctrl Pts',(0.998695002486512,7.18874266447421,126.64040040786));
#1414=CARTESIAN_POINT('Ctrl Pts',(2.48777544158208,8.29682694399266,135.085395230051));
#1415=CARTESIAN_POINT('Origin',(0.,0.,120.));
#1416=CARTESIAN_POINT('Origin',(0.0938592242960834,0.,120.467467592826));
#1417=CARTESIAN_POINT('Origin',(0.,0.,120.));
#1418=CARTESIAN_POINT('Origin',(0.0938592242960834,0.,120.467467592826));
#1419=CARTESIAN_POINT('Origin',(0.,0.,150.));
#1420=CARTESIAN_POINT('Origin',(0.0404896096985054,11.2915506628596,150.));
#1421=CARTESIAN_POINT('Origin',(-5.24931981155544,2.90970975120165,120.));
#1422=CARTESIAN_POINT('Origin',(-5.24931981155544,2.90970975120165,120.));
#1423=CARTESIAN_POINT('Origin',(0.,0.,150.));
#1424=CARTESIAN_POINT('Origin',(-5.24931981155544,2.90970975120165,120.));
#1425=CARTESIAN_POINT('Ctrl Pts',(0.,3.75188910786972,60.));
#1426=CARTESIAN_POINT('Ctrl Pts',(-1.66666666666667,3.75188910786972,79.0500871712689));
#1427=CARTESIAN_POINT('Ctrl Pts',(-3.33333333333333,3.75188910786972,98.1001743425378));
#1428=CARTESIAN_POINT('Ctrl Pts',(-5.,3.75188910786972,117.150261513807));
#1429=CARTESIAN_POINT('Ctrl Pts',(-6.60278652610054E-17,4.34661524664079,
60.));
#1430=CARTESIAN_POINT('Ctrl Pts',(-1.66553854691232,4.14859528099167,79.0500871712689));
#1431=CARTESIAN_POINT('Ctrl Pts',(-3.33446145308768,3.94990907351884,98.1001743425378));
#1432=CARTESIAN_POINT('Ctrl Pts',(-5.,3.75188910786972,117.150261513807));
#1433=CARTESIAN_POINT('Ctrl Pts',(-0.314657874831588,6.13360557922501,60.));
#1434=CARTESIAN_POINT('Ctrl Pts',(-1.87722319700264,5.3397313220605,79.0500871712689));
#1435=CARTESIAN_POINT('Ctrl Pts',(-3.43743467782895,4.54576336503423,98.1001743425378));
#1436=CARTESIAN_POINT('Ctrl Pts',(-5.,3.75188910786972,117.150261513807));
#1437=CARTESIAN_POINT('Ctrl Pts',(-2.38720984875976,8.52958886908709,60.));
#1438=CARTESIAN_POINT('Ctrl Pts',(-3.25755608358878,6.93684247357925,79.0500871712689));
#1439=CARTESIAN_POINT('Ctrl Pts',(-4.12965376517098,5.34463550337756,98.1001743425378));
#1440=CARTESIAN_POINT('Ctrl Pts',(-5.,3.75188910786972,117.150261513807));
#1441=CARTESIAN_POINT('Ctrl Pts',(-6.15248436361141,9.07179695238914,60.));
#1442=CARTESIAN_POINT('Ctrl Pts',(-5.76856119838061,7.29807510062092,79.050087171269));
#1443=CARTESIAN_POINT('Ctrl Pts',(-5.3839231652308,5.52561095963794,98.1001743425378));
#1444=CARTESIAN_POINT('Ctrl Pts',(-5.,3.75188910786972,117.150261513807));
#1445=CARTESIAN_POINT('Ctrl Pts',(-8.2853732001196,7.70424532365873,60.));
#1446=CARTESIAN_POINT('Ctrl Pts',(-7.18872911770394,6.38623318357201,79.0500871712689));
#1447=CARTESIAN_POINT('Ctrl Pts',(-6.09664408241566,5.06990124795645,98.1001743425378));
#1448=CARTESIAN_POINT('Ctrl Pts',(-5.,3.75188910786972,117.150261513807));
#1449=CARTESIAN_POINT('Ctrl Pts',(-8.99927459723529,6.75285606801915,60.));
#1450=CARTESIAN_POINT('Ctrl Pts',(-7.66618306482353,5.75253374796934,79.0500871712689));
#1451=CARTESIAN_POINT('Ctrl Pts',(-6.33309153241176,4.75221142791953,98.1001743425378));
#1452=CARTESIAN_POINT('Ctrl Pts',(-5.,3.75188910786972,117.150261513807));
#1453=CARTESIAN_POINT('',(-8.99927459723529,6.75285606801915,60.));
#1454=CARTESIAN_POINT('Ctrl Pts',(-8.99927459723529,6.75285606801915,60.));
#1455=CARTESIAN_POINT('Ctrl Pts',(-7.66618306482353,5.75253374796934,79.0500871712689));
#1456=CARTESIAN_POINT('Ctrl Pts',(-6.33309153241176,4.75221142791953,98.1001743425378));
#1457=CARTESIAN_POINT('Ctrl Pts',(-5.,3.75188910786972,117.150261513807));
#1458=CARTESIAN_POINT('Origin',(-5.,3.75188910786972,60.));
#1459=CARTESIAN_POINT('Origin',(-5.,-3.75188910786972,60.));
#1460=CARTESIAN_POINT('',(-8.99927459723529,-6.75285606801915,60.));
#1461=CARTESIAN_POINT('',(-8.99927459723529,-6.75285606801915,60.));
#1462=CARTESIAN_POINT('Origin',(-5.,-3.75188910786972,60.));
#1463=CARTESIAN_POINT('Origin',(0.,0.,60.));
#1464=CARTESIAN_POINT('Origin',(0.,0.,60.));
#1465=CARTESIAN_POINT('Origin',(0.,0.,50.));
#1466=CARTESIAN_POINT('',(-8.99927459723529,6.75285606801915,58.0599832129342));
#1467=CARTESIAN_POINT('',(-8.99927459723529,6.75285606801915,50.));
#1468=CARTESIAN_POINT('',(-5.54293514701311,9.7910100759745,50.));
#1469=CARTESIAN_POINT('Ctrl Pts',(-5.5429351470131,9.7910100759745,50.));
#1470=CARTESIAN_POINT('Ctrl Pts',(-6.44081227793892,9.2826994248681,51.0769405564865));
#1471=CARTESIAN_POINT('Ctrl Pts',(-7.68969900890251,8.29676671928917,52.9152571018946));
#1472=CARTESIAN_POINT('Ctrl Pts',(-8.76455931611232,7.08000397864814,55.6240730570407));
#1473=CARTESIAN_POINT('Ctrl Pts',(-8.99927459723532,6.75285606801911,57.2463102208219));
#1474=CARTESIAN_POINT('Ctrl Pts',(-8.99927459723529,6.75285606801915,58.0599832129342));
#1475=CARTESIAN_POINT('',(-11.2511336474076,-1.37786648080768E-15,50.));
#1476=CARTESIAN_POINT('Origin',(0.,0.,50.));
#1477=CARTESIAN_POINT('',(-5.54293514701311,-9.7910100759745,50.));
#1478=CARTESIAN_POINT('Origin',(0.,0.,50.));
#1479=CARTESIAN_POINT('',(-8.99927459723528,-6.75285606801916,58.0599832129339));
#1480=CARTESIAN_POINT('Ctrl Pts',(-8.99927459723528,-6.75285606801916,58.0599832129339));
#1481=CARTESIAN_POINT('Ctrl Pts',(-8.99927459723528,-6.75285606801916,57.6531467170168));
#1482=CARTESIAN_POINT('Ctrl Pts',(-8.91258490430375,-6.8672444038472,56.4306678292747));
#1483=CARTESIAN_POINT('Ctrl Pts',(-8.14675892837546,-7.84895062970178,53.6570074632149));
#1484=CARTESIAN_POINT('Ctrl Pts',(-6.74010465282962,-9.11326254234609,51.4359207394817));
#1485=CARTESIAN_POINT('Ctrl Pts',(-5.5429351470131,-9.7910100759745,50.));
#1486=CARTESIAN_POINT('',(-8.99927459723529,-6.75285606801915,50.));
#1487=CARTESIAN_POINT('Origin',(-5.,3.75188910786972,50.));
#1488=CARTESIAN_POINT('',(-2.49366499671666E-16,3.75188910786968,58.059983212934));
#1489=CARTESIAN_POINT('',(0.,3.75188910786972,50.));
#1490=CARTESIAN_POINT('Origin',(-5.,3.75188910786972,58.0599832129342));
#1491=CARTESIAN_POINT('Ctrl Pts',(-5.5429351470131,9.7910100759745,50.));
#1492=CARTESIAN_POINT('Ctrl Pts',(-6.44081227793892,9.2826994248681,51.0769405564865));
#1493=CARTESIAN_POINT('Ctrl Pts',(-7.68969900890251,8.29676671928917,52.9152571018946));
#1494=CARTESIAN_POINT('Ctrl Pts',(-8.76455931611232,7.08000397864814,55.6240730570407));
#1495=CARTESIAN_POINT('Ctrl Pts',(-8.99927459723532,6.75285606801911,57.2463102208219));
#1496=CARTESIAN_POINT('Ctrl Pts',(-8.99927459723529,6.75285606801915,58.0599832129342));
#1497=CARTESIAN_POINT('Ctrl Pts',(-4.86926973520881,10.1723888774916,50.4120685791833));
#1498=CARTESIAN_POINT('Ctrl Pts',(-5.73972923327616,9.76161734295379,51.4957085032187));
#1499=CARTESIAN_POINT('Ctrl Pts',(-6.97191853526489,8.94641843548629,53.3293630076956));
#1500=CARTESIAN_POINT('Ctrl Pts',(-8.05554916248408,7.95238995564255,55.911930743198));
#1501=CARTESIAN_POINT('Ctrl Pts',(-8.28782019695751,7.7008605373563,57.3507743269335));
#1502=CARTESIAN_POINT('Ctrl Pts',(-8.2853732001196,7.70424532365874,58.0599832129341));
#1503=CARTESIAN_POINT('Ctrl Pts',(-3.29005576058609,10.5235015781285,51.2356687255911));
#1504=CARTESIAN_POINT('Ctrl Pts',(-4.03085515509887,10.2641709995084,52.3326982554273));
#1505=CARTESIAN_POINT('Ctrl Pts',(-5.08829565600673,9.73908710455634,54.1570995176737));
#1506=CARTESIAN_POINT('Ctrl Pts',(-5.99402347575033,9.16844656939073,56.4872453502543));
#1507=CARTESIAN_POINT('Ctrl Pts',(-6.16429980890476,9.06460722281573,57.559681774966));
#1508=CARTESIAN_POINT('Ctrl Pts',(-6.15156454246008,9.07071162617809,58.0599832129341));
#1509=CARTESIAN_POINT('Ctrl Pts',(-0.863577932374493,9.67585229350272,52.1373746769266));
#1510=CARTESIAN_POINT('Ctrl Pts',(-1.33645720836887,9.43325877549137,53.1993095430591));
#1511=CARTESIAN_POINT('Ctrl Pts',(-1.9643539344028,8.990340182749,54.9221659864288));
#1512=CARTESIAN_POINT('Ctrl Pts',(-2.38719924392968,8.59351174483943,56.9432241150463));
#1513=CARTESIAN_POINT('Ctrl Pts',(-2.4122171029101,8.53905470171894,57.7201735269712));
#1514=CARTESIAN_POINT('Ctrl Pts',(-2.38657274880341,8.52879786862512,58.059983212934));
#1515=CARTESIAN_POINT('Ctrl Pts',(0.658023258275336,8.0141515887841,52.4064459526042));
#1516=CARTESIAN_POINT('Ctrl Pts',(0.328383114660572,7.63402100983466,53.3707477108504));
#1517=CARTESIAN_POINT('Ctrl Pts',(-0.0878510860048353,6.99054727257377,
54.9133747006137));
#1518=CARTESIAN_POINT('Ctrl Pts',(-0.330801037589865,6.33314161900245,56.8030631543399));
#1519=CARTESIAN_POINT('Ctrl Pts',(-0.333324087352961,6.16630790933982,57.6611415931904));
#1520=CARTESIAN_POINT('Ctrl Pts',(-0.314475836059251,6.13341184532312,58.059983212934));
#1521=CARTESIAN_POINT('Ctrl Pts',(1.16219800302942,6.78962355689684,52.318868978617));
#1522=CARTESIAN_POINT('Ctrl Pts',(0.837150601157065,6.30582752335698,53.2007667332493));
#1523=CARTESIAN_POINT('Ctrl Pts',(0.399944698712649,5.5078045407092,54.6157571443284));
#1524=CARTESIAN_POINT('Ctrl Pts',(0.055194757534453,4.64052007358122,56.5139543099493));
#1525=CARTESIAN_POINT('Ctrl Pts',(-0.00518731473206005,4.38859751921596,
57.5517782766098));
#1526=CARTESIAN_POINT('Ctrl Pts',(2.88612830667898E-16,4.34661524664077,
58.0599832129341));
#1527=CARTESIAN_POINT('Ctrl Pts',(1.28022890914787,6.37093624751627,52.2637464788635));
#1528=CARTESIAN_POINT('Ctrl Pts',(0.947655018062,5.85376600482999,53.116975543458));
#1529=CARTESIAN_POINT('Ctrl Pts',(0.485067092235459,5.00702081090393,54.4906374153557));
#1530=CARTESIAN_POINT('Ctrl Pts',(0.0869385928783732,4.07418060382568,56.4022884621261));
#1531=CARTESIAN_POINT('Ctrl Pts',(-1.34605254242617E-14,3.79598868547815,
57.5101639030329));
#1532=CARTESIAN_POINT('Ctrl Pts',(-2.22044604925031E-15,3.7518891078697,
58.0599832129341));
#1533=CARTESIAN_POINT('',(1.28022890914786,6.37093624751626,52.2637464788635));
#1534=CARTESIAN_POINT('Origin',(-3.07965663627821,5.43988849889215,50.));
#1535=CARTESIAN_POINT('Ctrl Pts',(-2.22044604925031E-15,3.7518891078697,
58.0599832129341));
#1536=CARTESIAN_POINT('Ctrl Pts',(-1.34605254242617E-14,3.79598868547815,
57.5101639030329));
#1537=CARTESIAN_POINT('Ctrl Pts',(0.0869385928783732,4.07418060382568,56.4022884621261));
#1538=CARTESIAN_POINT('Ctrl Pts',(0.485067092235459,5.00702081090393,54.4906374153557));
#1539=CARTESIAN_POINT('Ctrl Pts',(0.947655018062,5.85376600482999,53.116975543458));
#1540=CARTESIAN_POINT('Ctrl Pts',(1.28022890914787,6.37093624751627,52.2637464788635));
#1541=CARTESIAN_POINT('Ctrl Pts',(-2.47538472106908,10.9754523421123,49.9999985759274));
#1542=CARTESIAN_POINT('Ctrl Pts',(-2.47538235849757,10.9754494455155,50.));
#1543=CARTESIAN_POINT('Ctrl Pts',(-2.67882701834912,10.9348715030916,50.));
#1544=CARTESIAN_POINT('Ctrl Pts',(-3.59717908863793,10.6807010609155,50.));
#1545=CARTESIAN_POINT('Ctrl Pts',(-4.43080952421276,10.3505088860201,50.));
#1546=CARTESIAN_POINT('Ctrl Pts',(-4.9507310683043,10.1053906284997,50.));
#1547=CARTESIAN_POINT('Ctrl Pts',(-5.20431678864666,9.9762854239655,50.));
#1548=CARTESIAN_POINT('Ctrl Pts',(-5.37608720415335,9.88388337809492,50.));
#1549=CARTESIAN_POINT('Ctrl Pts',(-5.46016837147315,9.8374764496353,50.));
#1550=CARTESIAN_POINT('Ctrl Pts',(-5.50766056567198,9.81092557058504,50.));
#1551=CARTESIAN_POINT('Ctrl Pts',(-5.53120989142088,9.79764803577902,50.));
#1552=CARTESIAN_POINT('Ctrl Pts',(-5.54293514701318,9.79101007597447,50.));
#1553=CARTESIAN_POINT('Ctrl Pts',(-1.98325976796695,11.0864418549713,50.));
#1554=CARTESIAN_POINT('Ctrl Pts',(-1.98406760540943,11.0475454553292,50.0250928193329));
#1555=CARTESIAN_POINT('Ctrl Pts',(-2.17003887315453,10.9427227746064,50.1129414292985));
#1556=CARTESIAN_POINT('Ctrl Pts',(-3.02106906145463,10.7313776330611,50.2727110244065));
#1557=CARTESIAN_POINT('Ctrl Pts',(-3.80780577831905,10.5143540728939,50.3636096679123));
#1558=CARTESIAN_POINT('Ctrl Pts',(-4.30317769080629,10.361747216612,50.3989971135167));
#1559=CARTESIAN_POINT('Ctrl Pts',(-4.54549291689114,10.2831755635732,50.4095150488806));
#1560=CARTESIAN_POINT('Ctrl Pts',(-4.70978192122079,10.2276693070924,50.4124543079503));
#1561=CARTESIAN_POINT('Ctrl Pts',(-4.79017151514641,10.1999930614002,50.4126887950851));
#1562=CARTESIAN_POINT('Ctrl Pts',(-4.83556530917784,10.1842052858112,50.4124597604495));
#1563=CARTESIAN_POINT('Ctrl Pts',(-4.85806777491314,10.1763242827608,50.4122198842218));
#1564=CARTESIAN_POINT('Ctrl Pts',(-4.86926973520888,10.1723888774916,50.4120685791833));
#1565=CARTESIAN_POINT('Ctrl Pts',(-0.980800903379696,11.2249263840593,49.8714705954104));
#1566=CARTESIAN_POINT('Ctrl Pts',(-0.980995532147282,11.0985766705599,49.9602952237657));
#1567=CARTESIAN_POINT('Ctrl Pts',(-1.12590026551388,10.8399976582071,50.2332985754277));
#1568=CARTESIAN_POINT('Ctrl Pts',(-1.80499870719899,10.6237978844574,50.7092554765695));
#1569=CARTESIAN_POINT('Ctrl Pts',(-2.44055584616633,10.544795721991,51.0046025687309));
#1570=CARTESIAN_POINT('Ctrl Pts',(-2.84118006564802,10.5218170876248,51.1405277492902));
#1571=CARTESIAN_POINT('Ctrl Pts',(-3.0363803620627,10.5174112420083,51.1913782750498));
#1572=CARTESIAN_POINT('Ctrl Pts',(-3.16795969200928,10.5177633442643,51.2161624617358));
#1573=CARTESIAN_POINT('Ctrl Pts',(-3.23199559129601,10.5188333398637,51.2254940111128));
#1574=CARTESIAN_POINT('Ctrl Pts',(-3.26805291372967,10.5196778762598,51.2299198398109));
#1575=CARTESIAN_POINT('Ctrl Pts',(-3.28589175113709,10.5201749515185,51.2318171765315));
#1576=CARTESIAN_POINT('Ctrl Pts',(-3.29476055542255,10.5204438707444,51.2326875135313));
#1577=CARTESIAN_POINT('Ctrl Pts',(0.681190844142128,11.1555974061922,49.2198293468859));
#1578=CARTESIAN_POINT('Ctrl Pts',(0.695388481586107,10.8570398058435,49.4564354525857));
#1579=CARTESIAN_POINT('Ctrl Pts',(0.632322090843802,10.2615246211911,50.0652995297141));
#1580=CARTESIAN_POINT('Ctrl Pts',(0.266784614133773,9.73903473179639,51.0048669318988));
#1581=CARTESIAN_POINT('Ctrl Pts',(-0.0581879484383866,9.56216531561021,
51.6280683440329));
#1582=CARTESIAN_POINT('Ctrl Pts',(-0.251888253713305,9.5208588833458,51.9654273652944));
#1583=CARTESIAN_POINT('Ctrl Pts',(-0.342590397886359,9.51788153314903,52.1146927579112));
#1584=CARTESIAN_POINT('Ctrl Pts',(-0.401335072259892,9.52442349522405,52.2069678577912));
#1585=CARTESIAN_POINT('Ctrl Pts',(-0.429265563969133,9.52979792550919,52.2495086342894));
#1586=CARTESIAN_POINT('Ctrl Pts',(-0.444786800730403,9.5334423189826,52.2727633681269));
#1587=CARTESIAN_POINT('Ctrl Pts',(-0.452391828720174,9.53545388056463,52.2840225681383));
#1588=CARTESIAN_POINT('Ctrl Pts',(-0.456155710227097,9.53650598579003,52.2895586987144));
#1589=CARTESIAN_POINT('Ctrl Pts',(1.64749705766228,10.8307505598821,48.4235117372383));
#1590=CARTESIAN_POINT('Ctrl Pts',(1.68781345266724,10.4059367554848,48.7841900196644));
#1591=CARTESIAN_POINT('Ctrl Pts',(1.67429247737503,9.53134211223636,49.6209658666678));
#1592=CARTESIAN_POINT('Ctrl Pts',(1.42681046573617,8.5833229113592,50.7582853500119));
#1593=CARTESIAN_POINT('Ctrl Pts',(1.2070572017859,8.08903835085681,51.5094593121521));
#1594=CARTESIAN_POINT('Ctrl Pts',(1.07351123777914,7.84709894969335,51.947614810914));
#1595=CARTESIAN_POINT('Ctrl Pts',(1.00967692580008,7.74472781509308,52.1555207467429));
#1596=CARTESIAN_POINT('Ctrl Pts',(0.966953559857556,7.68247482705765,52.2947420014471));
#1597=CARTESIAN_POINT('Ctrl Pts',(0.946318825799288,7.65391498387668,52.3625491953281));
#1598=CARTESIAN_POINT('Ctrl Pts',(0.934720228689166,7.63829675855739,52.4007726405593));
#1599=CARTESIAN_POINT('Ctrl Pts',(0.928983476157727,7.63072305770735,52.419696095137));
#1600=CARTESIAN_POINT('Ctrl Pts',(0.926136190792515,7.62699817565799,52.4291139781239));
#1601=CARTESIAN_POINT('Ctrl Pts',(2.08914084002063,10.5557890804217,47.8739838833321));
#1602=CARTESIAN_POINT('Ctrl Pts',(2.15154127359195,10.061052942917,48.3066780854422));
#1603=CARTESIAN_POINT('Ctrl Pts',(2.16135118878503,9.02274855939598,49.2685426302538));
#1604=CARTESIAN_POINT('Ctrl Pts',(1.90657498342017,7.80532855251659,50.4725397987606));
#1605=CARTESIAN_POINT('Ctrl Pts',(1.6556018027197,7.10944029424234,51.2514561499481));
#1606=CARTESIAN_POINT('Ctrl Pts',(1.48720323941822,6.74023078550318,51.7200583949145));
#1607=CARTESIAN_POINT('Ctrl Pts',(1.40151668724589,6.57488168515995,51.9488579559593));
#1608=CARTESIAN_POINT('Ctrl Pts',(1.34096336274922,6.46921345001242,52.1070653517132));
#1609=CARTESIAN_POINT('Ctrl Pts',(1.31061598579099,6.4191553446928,52.1855737594491));
#1610=CARTESIAN_POINT('Ctrl Pts',(1.29325521571305,6.3913316611197,52.2302953653664));
#1611=CARTESIAN_POINT('Ctrl Pts',(1.2845719464544,6.37768990352482,52.2526042763098));
#1612=CARTESIAN_POINT('Ctrl Pts',(1.28022890914787,6.37093624751628,52.2637464788635));
#1613=CARTESIAN_POINT('',(2.08914084002063,10.5557890804217,47.8739838833321));
#1614=CARTESIAN_POINT('Ctrl Pts',(1.28022890914787,6.37093624751628,52.2637464788635));
#1615=CARTESIAN_POINT('Ctrl Pts',(1.2845719464544,6.37768990352482,52.2526042763098));
#1616=CARTESIAN_POINT('Ctrl Pts',(1.29325521571305,6.3913316611197,52.2302953653664));
#1617=CARTESIAN_POINT('Ctrl Pts',(1.31061598579099,6.4191553446928,52.1855737594491));
#1618=CARTESIAN_POINT('Ctrl Pts',(1.34096336274922,6.46921345001242,52.1070653517132));
#1619=CARTESIAN_POINT('Ctrl Pts',(1.40151668724589,6.57488168515995,51.9488579559593));
#1620=CARTESIAN_POINT('Ctrl Pts',(1.48720323941822,6.74023078550318,51.7200583949145));
#1621=CARTESIAN_POINT('Ctrl Pts',(1.6556018027197,7.10944029424234,51.2514561499481));
#1622=CARTESIAN_POINT('Ctrl Pts',(1.90657498342017,7.80532855251659,50.4725397987606));
#1623=CARTESIAN_POINT('Ctrl Pts',(2.16135118878503,9.02274855939598,49.2685426302538));
#1624=CARTESIAN_POINT('Ctrl Pts',(2.15154127359195,10.061052942917,48.3066780854422));
#1625=CARTESIAN_POINT('Ctrl Pts',(2.08914084002063,10.5557890804217,47.8739838833321));
#1626=CARTESIAN_POINT('',(-2.47538235849757,10.9754494455155,50.));
#1627=CARTESIAN_POINT('Origin',(-1.86628873996905,8.27482576416903,45.8363913853943));
#1628=CARTESIAN_POINT('Origin',(0.,0.,50.));
#1629=CARTESIAN_POINT('Ctrl Pts',(-2.54027187783471,10.9606125348226,50.));
#1630=CARTESIAN_POINT('Ctrl Pts',(-2.51787394049792,10.9658035631668,50.));
#1631=CARTESIAN_POINT('Ctrl Pts',(-2.48646296782314,10.9729571648766,50.));
#1632=CARTESIAN_POINT('Ctrl Pts',(-2.47538235849749,10.9754494455155,50.));
#1633=CARTESIAN_POINT('Ctrl Pts',(-2.47538574086441,10.9754491766172,50.0000021183221));
#1634=CARTESIAN_POINT('Ctrl Pts',(-1.54007009015414,11.3115196839885,49.9478087374474));
#1635=CARTESIAN_POINT('Ctrl Pts',(-1.52308030280783,11.2925439548408,49.9523061425975));
#1636=CARTESIAN_POINT('Ctrl Pts',(-1.49888632339091,11.2560655882687,49.9656635416462));
#1637=CARTESIAN_POINT('Ctrl Pts',(-1.49074676816793,11.2153175049901,49.9885267217401));
#1638=CARTESIAN_POINT('Ctrl Pts',(-1.49113717743634,11.1974342644266,50.0000000000003));
#1639=CARTESIAN_POINT('Ctrl Pts',(0.262170343247576,11.679141128802,49.2981843997488));
#1640=CARTESIAN_POINT('Ctrl Pts',(0.27212671236438,11.6073725241094,49.3334650036999));
#1641=CARTESIAN_POINT('Ctrl Pts',(0.286999169807705,11.4776825480986,49.405495809576));
#1642=CARTESIAN_POINT('Ctrl Pts',(0.293766466310078,11.3440482489325,49.4975362123634));
#1643=CARTESIAN_POINT('Ctrl Pts',(0.294618274067154,11.2869894642647,49.5405051191682));
#1644=CARTESIAN_POINT('Ctrl Pts',(1.55173354804223,11.4966756081657,47.8981621414656));
#1645=CARTESIAN_POINT('Ctrl Pts',(1.57494801087109,11.3742390024006,47.9868358114217));
#1646=CARTESIAN_POINT('Ctrl Pts',(1.61145300375829,11.1552726926282,48.1536804237822));
#1647=CARTESIAN_POINT('Ctrl Pts',(1.63821755900618,10.9284910628463,48.3405123241166));
#1648=CARTESIAN_POINT('Ctrl Pts',(1.64749705766249,10.8307505598798,48.4235117372402));
#1649=CARTESIAN_POINT('Ctrl Pts',(1.94856763142287,11.3271535822277,47.2293511522118));
#1650=CARTESIAN_POINT('Ctrl Pts',(1.98214976543595,11.185666406991,47.340793791884));
#1651=CARTESIAN_POINT('Ctrl Pts',(2.0348703090768,10.932750909169,47.5479564896065));
#1652=CARTESIAN_POINT('Ctrl Pts',(2.07478449088211,10.6696120831636,47.7744347507347));
#1653=CARTESIAN_POINT('Ctrl Pts',(2.08914084002096,10.5557890804191,47.8739838833344));
#1654=CARTESIAN_POINT('',(1.94856763142287,11.3271535822277,47.2293511522118));
#1655=CARTESIAN_POINT('Ctrl Pts',(1.94856763142287,11.3271535822277,47.2293511522118));
#1656=CARTESIAN_POINT('Ctrl Pts',(1.89253377174641,11.325394344357,47.3577509515038));
#1657=CARTESIAN_POINT('Ctrl Pts',(1.83042162781926,11.3245297539386,47.4829147812883));
#1658=CARTESIAN_POINT('Ctrl Pts',(1.76257101252218,11.3242692907186,47.6046047022431));
#1659=CARTESIAN_POINT('Ctrl Pts',(1.69267868552733,11.3240009898276,47.729956428386));
#1660=CARTESIAN_POINT('Ctrl Pts',(1.61669649672646,11.3243737197756,47.8516230619497));
#1661=CARTESIAN_POINT('Ctrl Pts',(1.53495650202087,11.3250288804083,47.9693373920429));
#1662=CARTESIAN_POINT('Ctrl Pts',(1.45217074218398,11.325692423035,48.0885577357138));
#1663=CARTESIAN_POINT('Ctrl Pts',(1.36347795629818,11.3266455316287,48.2037249489623));
#1664=CARTESIAN_POINT('Ctrl Pts',(1.26919721757065,11.3274754052417,48.314539036433));
#1665=CARTESIAN_POINT('Ctrl Pts',(1.19811951912943,11.3281010421131,48.3980811299568));
#1666=CARTESIAN_POINT('Ctrl Pts',(1.12386526194588,11.3286557868229,48.4791486917948));
#1667=CARTESIAN_POINT('Ctrl Pts',(1.04656642191606,11.3289487164208,48.5576003147619));
#1668=CARTESIAN_POINT('Ctrl Pts',(0.945694366232289,11.3293309784404,48.6599767084745));
#1669=CARTESIAN_POINT('Ctrl Pts',(0.840260697067929,11.3292634551941,48.7572701993644));
#1670=CARTESIAN_POINT('Ctrl Pts',(0.730688361229348,11.3283082896955,48.8493539257682));
#1671=CARTESIAN_POINT('Ctrl Pts',(0.621116025390767,11.3273531241969,48.9414376521719));
#1672=CARTESIAN_POINT('Ctrl Pts',(0.507404126924344,11.3255098395644,49.0283120113353));
#1673=CARTESIAN_POINT('Ctrl Pts',(0.389949924473213,11.3223454939355,49.1098040851227));
#1674=CARTESIAN_POINT('Ctrl Pts',(0.342552821596948,11.3210685637603,49.142689142654));
#1675=CARTESIAN_POINT('Ctrl Pts',(0.294546099665011,11.3195765906142,49.1746971849475));
#1676=CARTESIAN_POINT('Ctrl Pts',(0.245962295191825,11.317851418097,49.2058274696252));
#1677=CARTESIAN_POINT('Ctrl Pts',(0.126177594819443,11.313597958013,49.2825800389858));
#1678=CARTESIAN_POINT('Ctrl Pts',(0.00288521327983232,11.3079255229929,
49.3540001772366));
#1679=CARTESIAN_POINT('Ctrl Pts',(-0.123433199449423,11.300577675008,49.4200405191275));
#1680=CARTESIAN_POINT('Ctrl Pts',(-0.202339891253722,11.2959877315164,49.461293609565));
#1681=CARTESIAN_POINT('Ctrl Pts',(-0.282427507432556,11.2907444092492,49.5004465060022));
#1682=CARTESIAN_POINT('Ctrl Pts',(-0.363578804056808,11.2847896303524,49.5374783302224));
#1683=CARTESIAN_POINT('Ctrl Pts',(-0.481532907210497,11.276134308337,49.5913044031966));
#1684=CARTESIAN_POINT('Ctrl Pts',(-0.601371567175642,11.2660014519967,49.6404864322309));
#1685=CARTESIAN_POINT('Ctrl Pts',(-0.722737091282517,11.2542446672161,49.6850353905476));
#1686=CARTESIAN_POINT('Ctrl Pts',(-0.847492137434868,11.2421595364616,49.7308285216013));
#1687=CARTESIAN_POINT('Ctrl Pts',(-0.973860893110819,11.2283584285589,49.7717261494641));
#1688=CARTESIAN_POINT('Ctrl Pts',(-1.10146439484664,11.212711015511,49.8076930002872));
#1689=CARTESIAN_POINT('Ctrl Pts',(-1.20027245512153,11.2005946510652,49.8355434488697));
#1690=CARTESIAN_POINT('Ctrl Pts',(-1.29982108863796,11.1873718877259,49.8604364148382));
#1691=CARTESIAN_POINT('Ctrl Pts',(-1.39993619691156,11.1729933687434,49.8823373732536));
#1692=CARTESIAN_POINT('Ctrl Pts',(-1.52298361070365,11.1553213149898,49.9092549518195));
#1693=CARTESIAN_POINT('Ctrl Pts',(-1.64667780084464,11.1359335429365,49.9316074763494));
#1694=CARTESIAN_POINT('Ctrl Pts',(-1.77069199862617,11.1147676988325,49.9493518280099));
#1695=CARTESIAN_POINT('Ctrl Pts',(-1.90380485485134,11.0920489616757,49.9683980450853));
#1696=CARTESIAN_POINT('Ctrl Pts',(-2.0372863486714,11.0672820810493,49.9821351893049));
#1697=CARTESIAN_POINT('Ctrl Pts',(-2.17074309851464,11.0404278184597,49.9904610102902));
#1698=CARTESIAN_POINT('Ctrl Pts',(-2.26782268295466,11.0208933950925,49.9965174086539));
#1699=CARTESIAN_POINT('Ctrl Pts',(-2.36488938320032,11.0002553941906,49.9997093590497));
#1700=CARTESIAN_POINT('Ctrl Pts',(-2.46179540450227,10.9785067760288,49.9999829013734));
#1701=CARTESIAN_POINT('Ctrl Pts',(-2.46632599641911,10.9774899752943,49.9999956901416));
#1702=CARTESIAN_POINT('Ctrl Pts',(-2.47085613143672,10.97647077399,50.0000021085733));
#1703=CARTESIAN_POINT('Ctrl Pts',(-2.47538574086441,10.9754491766172,50.0000021183221));
#1704=CARTESIAN_POINT('Ctrl Pts',(2.08914084002096,10.5557890804191,47.8739838833344));
#1705=CARTESIAN_POINT('Ctrl Pts',(2.07478449088211,10.6696120831636,47.7744347507347));
#1706=CARTESIAN_POINT('Ctrl Pts',(2.0348703090768,10.932750909169,47.5479564896065));
#1707=CARTESIAN_POINT('Ctrl Pts',(1.98214976543595,11.185666406991,47.340793791884));
#1708=CARTESIAN_POINT('Ctrl Pts',(1.94856763142287,11.3271535822277,47.2293511522118));
#1709=CARTESIAN_POINT('Ctrl Pts',(1.28022890914786,-6.37093624751627,52.2637464788635));
#1710=CARTESIAN_POINT('Ctrl Pts',(0.836797055138835,-5.68137592513523,53.4013852296753));
#1711=CARTESIAN_POINT('Ctrl Pts',(0.315771995341988,-4.65808282490929,55.03099712026));
#1712=CARTESIAN_POINT('Ctrl Pts',(0.0321098817446868,-3.90669107150873,
56.9549851151393));
#1713=CARTESIAN_POINT('Ctrl Pts',(5.41278835433691E-15,-3.77393889666643,
57.7850735580771));
#1714=CARTESIAN_POINT('Ctrl Pts',(5.55111512312578E-15,-3.75188910786973,
58.0599832129338));
#1715=CARTESIAN_POINT('Ctrl Pts',(1.04416709691097,-7.20831086627741,52.3739914783704));
#1716=CARTESIAN_POINT('Ctrl Pts',(0.622093830371298,-6.60773028731269,53.5884710324632));
#1717=CARTESIAN_POINT('Ctrl Pts',(0.171200724378673,-5.69972750935947,55.3211279896301));
#1718=CARTESIAN_POINT('Ctrl Pts',(0.000551254615371836,-5.0714442712836,
57.1192766920938));
#1719=CARTESIAN_POINT('Ctrl Pts',(-0.00527675936814192,-4.96132393254778,
57.8269758504177));
#1720=CARTESIAN_POINT('Ctrl Pts',(5.15494793155975E-15,-4.94134138541186,
58.0599832129338));
#1721=CARTESIAN_POINT('Ctrl Pts',(0.160375096588527,-8.79399189986245,52.3804309853287));
#1722=CARTESIAN_POINT('Ctrl Pts',(-0.327077235915193,-8.38254958919112,
53.7317981418662));
#1723=CARTESIAN_POINT('Ctrl Pts',(-0.817229909630351,-7.73107723136875,
55.6841824852909));
#1724=CARTESIAN_POINT('Ctrl Pts',(-0.921414122338844,-7.38042608951054,
57.3546148274184));
#1725=CARTESIAN_POINT('Ctrl Pts',(-0.899049846069742,-7.32689550247854,
57.8870341586139));
#1726=CARTESIAN_POINT('Ctrl Pts',(-0.886593306784053,-7.315014035924,58.0599832129338));
#1727=CARTESIAN_POINT('Ctrl Pts',(-2.04177220136267,-10.2664157551225,51.7464807887119));
#1728=CARTESIAN_POINT('Ctrl Pts',(-2.84843379207855,-9.96811726442219,53.1985463149434));
#1729=CARTESIAN_POINT('Ctrl Pts',(-3.79741684107749,-9.41681956665977,55.3642824378851));
#1730=CARTESIAN_POINT('Ctrl Pts',(-4.2157502649587,-9.1559420026441,57.2592768923603));
#1731=CARTESIAN_POINT('Ctrl Pts',(-4.23372726067693,-9.1411298590584,57.8632325212636));
#1732=CARTESIAN_POINT('Ctrl Pts',(-4.2232935709515,-9.1412848466287,58.0599832129339));
#1733=CARTESIAN_POINT('Ctrl Pts',(-4.11049595260116,-10.4043458768568,50.8243766246262));
#1734=CARTESIAN_POINT('Ctrl Pts',(-5.19816710001906,-9.96656053446662,52.2783663778177));
#1735=CARTESIAN_POINT('Ctrl Pts',(-6.5282863104036,-9.11208388617493,54.4935004829098));
#1736=CARTESIAN_POINT('Ctrl Pts',(-7.25069560236504,-8.52131291501936,56.843473523338));
#1737=CARTESIAN_POINT('Ctrl Pts',(-7.32176215113319,-8.46624976108208,57.757827312387));
#1738=CARTESIAN_POINT('Ctrl Pts',(-7.31836534272759,-8.46898242659046,58.0599832129339));
#1739=CARTESIAN_POINT('Ctrl Pts',(-5.20610244111096,-9.98169947673306,50.2060342895917));
#1740=CARTESIAN_POINT('Ctrl Pts',(-6.38448470752682,-9.36852437922505,51.6464357860805));
#1741=CARTESIAN_POINT('Ctrl Pts',(-7.7896726072946,-8.211266771827,53.8659272430777));
#1742=CARTESIAN_POINT('Ctrl Pts',(-8.55771870552989,-7.32673711916026,56.5337002183276));
#1743=CARTESIAN_POINT('Ctrl Pts',(-8.64297200193283,-7.22773210239116,57.6792719432134));
#1744=CARTESIAN_POINT('Ctrl Pts',(-8.64232389867744,-7.22855069583895,58.0599832129339));
#1745=CARTESIAN_POINT('Ctrl Pts',(-5.5429351470131,-9.7910100759745,50.));
#1746=CARTESIAN_POINT('Ctrl Pts',(-6.74010465282962,-9.11326254234609,51.4359207394817));
#1747=CARTESIAN_POINT('Ctrl Pts',(-8.14675892837546,-7.84895062970178,53.6570074632149));
#1748=CARTESIAN_POINT('Ctrl Pts',(-8.91258490430375,-6.8672444038472,56.4306678292747));
#1749=CARTESIAN_POINT('Ctrl Pts',(-8.99927459723528,-6.75285606801916,57.6531467170168));
#1750=CARTESIAN_POINT('Ctrl Pts',(-8.99927459723528,-6.75285606801916,58.0599832129339));
#1751=CARTESIAN_POINT('',(1.28022890914786,-6.37093624751627,52.2637464788635));
#1752=CARTESIAN_POINT('Origin',(-3.07965663627821,-5.43988849889215,50.));
#1753=CARTESIAN_POINT('',(2.84060969191202E-15,-3.75188910786973,58.0599832129339));
#1754=CARTESIAN_POINT('Ctrl Pts',(1.28022890914786,-6.37093624751627,52.2637464788635));
#1755=CARTESIAN_POINT('Ctrl Pts',(0.836797055138835,-5.68137592513523,53.4013852296753));
#1756=CARTESIAN_POINT('Ctrl Pts',(0.315771995341988,-4.65808282490929,55.03099712026));
#1757=CARTESIAN_POINT('Ctrl Pts',(0.0321098817446868,-3.90669107150873,
56.9549851151393));
#1758=CARTESIAN_POINT('Ctrl Pts',(5.41278835433691E-15,-3.77393889666643,
57.7850735580771));
#1759=CARTESIAN_POINT('Ctrl Pts',(5.55111512312578E-15,-3.75188910786973,
58.0599832129338));
#1760=CARTESIAN_POINT('Origin',(-4.99999999999999,-3.75188910786973,58.0599832129339));
#1761=CARTESIAN_POINT('Origin',(-5.,-3.75188910786972,50.));
#1762=CARTESIAN_POINT('',(0.,-3.75188910786972,50.));
#1763=CARTESIAN_POINT('Ctrl Pts',(-5.5429351470131,-9.7910100759745,50.));
#1764=CARTESIAN_POINT('Ctrl Pts',(-5.53120989139991,-9.79764803579088,50.));
#1765=CARTESIAN_POINT('Ctrl Pts',(-5.50766056581153,-9.81092557050456,50.));
#1766=CARTESIAN_POINT('Ctrl Pts',(-5.46016837266885,-9.83747644892626,50.));
#1767=CARTESIAN_POINT('Ctrl Pts',(-5.37608720962421,-9.88388337514486,50.));
#1768=CARTESIAN_POINT('Ctrl Pts',(-5.20431680772602,-9.9762854128737,50.));
#1769=CARTESIAN_POINT('Ctrl Pts',(-4.9507311338533,-10.1053905969982,50.));
#1770=CARTESIAN_POINT('Ctrl Pts',(-4.43080967935117,-10.3505088101336,50.));
#1771=CARTESIAN_POINT('Ctrl Pts',(-3.59717958196096,-10.6807008985828,50.));
#1772=CARTESIAN_POINT('Ctrl Pts',(-2.67882669695074,-10.934871610814,50.));
#1773=CARTESIAN_POINT('Ctrl Pts',(-2.47538235849757,-10.9754494455155,50.));
#1774=CARTESIAN_POINT('Ctrl Pts',(-2.47538472106908,-10.9754523421123,49.9999985759274));
#1775=CARTESIAN_POINT('Ctrl Pts',(-4.86926973520881,-10.1723888774916,50.4120685791833));
#1776=CARTESIAN_POINT('Ctrl Pts',(-4.85806777489311,-10.1763242827678,50.412219884222));
#1777=CARTESIAN_POINT('Ctrl Pts',(-4.83556530931123,-10.1842052857653,50.4124597604455));
#1778=CARTESIAN_POINT('Ctrl Pts',(-4.79017151629422,-10.1999930609951,50.4126887950519));
#1779=CARTESIAN_POINT('Ctrl Pts',(-4.70978192644409,-10.227669305322,50.4124543080064));
#1780=CARTESIAN_POINT('Ctrl Pts',(-4.54549293525505,-10.2831755572634,50.4095150486986));
#1781=CARTESIAN_POINT('Ctrl Pts',(-4.30317775322772,-10.3617471969674,50.3989971173743));
#1782=CARTESIAN_POINT('Ctrl Pts',(-3.80780592667475,-10.5143540278211,50.3636096768874));
#1783=CARTESIAN_POINT('Ctrl Pts',(-3.02106952227427,-10.7313775143446,50.2727110958298));
#1784=CARTESIAN_POINT('Ctrl Pts',(-2.17003857265606,-10.9427228535202,50.1129413830774));
#1785=CARTESIAN_POINT('Ctrl Pts',(-1.98406760537338,-11.0475454570651,50.025092818213));
#1786=CARTESIAN_POINT('Ctrl Pts',(-1.98325976796695,-11.0864418549713,50.));
#1787=CARTESIAN_POINT('Ctrl Pts',(-3.29476055542248,-10.5204438707444,51.2326875135312));
#1788=CARTESIAN_POINT('Ctrl Pts',(-3.28589175112123,-10.520174951518,51.2318171765299));
#1789=CARTESIAN_POINT('Ctrl Pts',(-3.26805291383491,-10.5196778762689,51.2299198398153));
#1790=CARTESIAN_POINT('Ctrl Pts',(-3.23199559220854,-10.5188333399426,51.2254940111544));
#1791=CARTESIAN_POINT('Ctrl Pts',(-3.16795969616793,-10.5177633442887,51.2161624624386));
#1792=CARTESIAN_POINT('Ctrl Pts',(-3.03638037681099,-10.5174112432311,51.1913782765003));
#1793=CARTESIAN_POINT('Ctrl Pts',(-2.84118011586748,-10.5218170847898,51.1405277651836));
#1794=CARTESIAN_POINT('Ctrl Pts',(-2.44055596662865,-10.5447957216226,51.0046026045459));
#1795=CARTESIAN_POINT('Ctrl Pts',(-1.80499907660561,-10.6237978023814,50.7092556952458));
#1796=CARTESIAN_POINT('Ctrl Pts',(-1.12590002445471,-10.8399977125823,50.2332984332132));
#1797=CARTESIAN_POINT('Ctrl Pts',(-0.980995532138599,-11.0985766761987,
49.9602952198015));
#1798=CARTESIAN_POINT('Ctrl Pts',(-0.980800903379698,-11.2249263840593,
49.8714705954104));
#1799=CARTESIAN_POINT('Ctrl Pts',(-0.456155710227069,-9.53650598579001,
52.2895586987144));
#1800=CARTESIAN_POINT('Ctrl Pts',(-0.452391828713447,-9.53545388056274,
52.2840225681285));
#1801=CARTESIAN_POINT('Ctrl Pts',(-0.444786800775124,-9.5334423190087,52.2727633681814));
#1802=CARTESIAN_POINT('Ctrl Pts',(-0.429265564354939,-9.52979792574231,
52.2495086347615));
#1803=CARTESIAN_POINT('Ctrl Pts',(-0.401335074096705,-9.52442349544873,
52.2069678606672));
#1804=CARTESIAN_POINT('Ctrl Pts',(-0.342590404364414,-9.51788153677011,
52.1146927659058));
#1805=CARTESIAN_POINT('Ctrl Pts',(-0.251888277574082,-9.52085887816511,
51.9654274074975));
#1806=CARTESIAN_POINT('Ctrl Pts',(-0.0581880070359559,-9.56216531896331,
51.6280684325672));
#1807=CARTESIAN_POINT('Ctrl Pts',(0.266784418889233,-9.7390345361305,51.0048673703995));
#1808=CARTESIAN_POINT('Ctrl Pts',(0.632322217613828,-10.2615247498246,50.0652992424467));
#1809=CARTESIAN_POINT('Ctrl Pts',(0.695388480952481,-10.8570398191678,49.4564354420263));
#1810=CARTESIAN_POINT('Ctrl Pts',(0.681190844142127,-11.1555974061922,49.219829346886));
#1811=CARTESIAN_POINT('Ctrl Pts',(0.926136190792517,-7.62699817565798,52.4291139781239));
#1812=CARTESIAN_POINT('Ctrl Pts',(0.928983476162808,-7.630723057714,52.4196960951202));
#1813=CARTESIAN_POINT('Ctrl Pts',(0.934720228654631,-7.63829675853129,52.4007726406574));
#1814=CARTESIAN_POINT('Ctrl Pts',(0.946318825507363,-7.65391498365725,52.3625491961614));
#1815=CARTESIAN_POINT('Ctrl Pts',(0.966953558508567,-7.68247482507476,52.2947420059377));
#1816=CARTESIAN_POINT('Ctrl Pts',(1.00967692107918,-7.74472781179373,52.1555207594662));
#1817=CARTESIAN_POINT('Ctrl Pts',(1.07351122118354,-7.84709891836384,51.9476148680294));
#1818=CARTESIAN_POINT('Ctrl Pts',(1.20705716179072,-8.08903830047018,51.5094594239049));
#1819=CARTESIAN_POINT('Ctrl Pts',(1.4268103346496,-8.58332250997947,50.7582858772617));
#1820=CARTESIAN_POINT('Ctrl Pts',(1.67429256232763,-9.53134237650343,49.6209655197297));
#1821=CARTESIAN_POINT('Ctrl Pts',(1.68781345086797,-10.4059367744437,48.7841900035677));
#1822=CARTESIAN_POINT('Ctrl Pts',(1.64749705766228,-10.8307505598821,48.4235117372383));
#1823=CARTESIAN_POINT('Ctrl Pts',(1.28022890914786,-6.37093624751628,52.2637464788635));
#1824=CARTESIAN_POINT('Ctrl Pts',(1.28457194646215,-6.37768990353688,52.2526042762899));
#1825=CARTESIAN_POINT('Ctrl Pts',(1.29325521565856,-6.39133166105961,52.2302953654834));
#1826=CARTESIAN_POINT('Ctrl Pts',(1.31061598533678,-6.41915534418388,52.1855737604361));
#1827=CARTESIAN_POINT('Ctrl Pts',(1.34096336078331,-6.46921344662245,52.1070653568767));
#1828=CARTESIAN_POINT('Ctrl Pts',(1.40151668023335,-6.57488167742446,51.9488579704546));
#1829=CARTESIAN_POINT('Ctrl Pts',(1.48720321768064,-6.74023073747239,51.7200584571734));
#1830=CARTESIAN_POINT('Ctrl Pts',(1.65560175183349,-7.10944020929657,51.2514562662249));
#1831=CARTESIAN_POINT('Ctrl Pts',(1.90657484101392,-7.80532801940821,50.4725403496581));
#1832=CARTESIAN_POINT('Ctrl Pts',(2.16135128123995,-9.02274891019325,49.2685422666996));
#1833=CARTESIAN_POINT('Ctrl Pts',(2.15154127080709,-10.0610529649964,48.3066780661316));
#1834=CARTESIAN_POINT('Ctrl Pts',(2.08914084002063,-10.5557890804217,47.8739838833321));
#1835=CARTESIAN_POINT('',(-2.47538574086441,-10.9754491766172,50.0000021183221));
#1836=CARTESIAN_POINT('Origin',(0.,0.,50.));
#1837=CARTESIAN_POINT('',(2.08914084002063,-10.5557890804217,47.8739838833321));
#1838=CARTESIAN_POINT('Origin',(-1.86628873996906,-8.27482576416904,45.8363913853943));
#1839=CARTESIAN_POINT('Ctrl Pts',(2.08914084002063,-10.5557890804217,47.8739838833321));
#1840=CARTESIAN_POINT('Ctrl Pts',(2.15154127080709,-10.0610529649964,48.3066780661316));
#1841=CARTESIAN_POINT('Ctrl Pts',(2.16135128123995,-9.02274891019325,49.2685422666996));
#1842=CARTESIAN_POINT('Ctrl Pts',(1.90657484101392,-7.80532801940821,50.4725403496581));
#1843=CARTESIAN_POINT('Ctrl Pts',(1.65560175183349,-7.10944020929657,51.2514562662249));
#1844=CARTESIAN_POINT('Ctrl Pts',(1.48720321768064,-6.74023073747239,51.7200584571734));
#1845=CARTESIAN_POINT('Ctrl Pts',(1.40151668023335,-6.57488167742446,51.9488579704546));
#1846=CARTESIAN_POINT('Ctrl Pts',(1.34096336078331,-6.46921344662245,52.1070653568767));
#1847=CARTESIAN_POINT('Ctrl Pts',(1.31061598533678,-6.41915534418388,52.1855737604361));
#1848=CARTESIAN_POINT('Ctrl Pts',(1.29325521565856,-6.39133166105961,52.2302953654834));
#1849=CARTESIAN_POINT('Ctrl Pts',(1.28457194646215,-6.37768990353688,52.2526042762899));
#1850=CARTESIAN_POINT('Ctrl Pts',(1.28022890914786,-6.37093624751628,52.2637464788635));
#1851=CARTESIAN_POINT('Ctrl Pts',(-2.47538574086441,-10.9754491766172,50.0000021183221));
#1852=CARTESIAN_POINT('Ctrl Pts',(-2.47538235849762,-10.9754494455155,50.));
#1853=CARTESIAN_POINT('Ctrl Pts',(-2.48646298396469,-10.9729571612697,50.));
#1854=CARTESIAN_POINT('Ctrl Pts',(-2.51787396932354,-10.965803556486,50.));
#1855=CARTESIAN_POINT('Ctrl Pts',(-2.54027187783473,-10.9606125348226,50.));
#1856=CARTESIAN_POINT('Ctrl Pts',(-1.49113717743633,-11.1974342644273,49.9999999999998));
#1857=CARTESIAN_POINT('Ctrl Pts',(-1.49074676820081,-11.2153175034889,49.9885267227032));
#1858=CARTESIAN_POINT('Ctrl Pts',(-1.49888633556746,-11.2560656278961,49.9656635215326));
#1859=CARTESIAN_POINT('Ctrl Pts',(-1.52308032467328,-11.2925439792623,49.9523061368094));
#1860=CARTESIAN_POINT('Ctrl Pts',(-1.54007009015415,-11.3115196839885,49.9478087374474));
#1861=CARTESIAN_POINT('Ctrl Pts',(0.294618274067117,-11.286989464267,49.5405051191665));
#1862=CARTESIAN_POINT('Ctrl Pts',(0.293766466381521,-11.344048244143,49.4975362159703));
#1863=CARTESIAN_POINT('Ctrl Pts',(0.286999160821279,-11.4776826797197,49.4054957229056));
#1864=CARTESIAN_POINT('Ctrl Pts',(0.27212669955076,-11.6073726164743,49.3334649582944));
#1865=CARTESIAN_POINT('Ctrl Pts',(0.262170343247565,-11.679141128802,49.2981843997488));
#1866=CARTESIAN_POINT('Ctrl Pts',(1.64749705766212,-10.8307505598837,48.4235117372369));
#1867=CARTESIAN_POINT('Ctrl Pts',(1.63821755978503,-10.928491054642,48.3405123310836));
#1868=CARTESIAN_POINT('Ctrl Pts',(1.61145297509438,-11.1552729149496,48.1536802432642));
#1869=CARTESIAN_POINT('Ctrl Pts',(1.5749479809945,-11.3742391599744,47.9868356973003));
#1870=CARTESIAN_POINT('Ctrl Pts',(1.55173354804222,-11.4966756081657,47.8981621414656));
#1871=CARTESIAN_POINT('Ctrl Pts',(2.08914084002038,-10.5557890804236,47.8739838833304));
#1872=CARTESIAN_POINT('Ctrl Pts',(2.07478449208709,-10.6696120736094,47.7744347590908));
#1873=CARTESIAN_POINT('Ctrl Pts',(2.03487026679551,-10.9327511665565,47.5479562696485));
#1874=CARTESIAN_POINT('Ctrl Pts',(1.98214972221634,-11.1856665890824,47.3407936484594));
#1875=CARTESIAN_POINT('Ctrl Pts',(1.94856763142287,-11.3271535822277,47.2293511522118));
#1876=CARTESIAN_POINT('',(1.94856763142287,-11.3271535822277,47.2293511522118));
#1877=CARTESIAN_POINT('Ctrl Pts',(-2.47538574086441,-10.9754491766172,50.0000021183221));
#1878=CARTESIAN_POINT('Ctrl Pts',(-2.47085615273018,-10.9764707691875,50.0000021085734));
#1879=CARTESIAN_POINT('Ctrl Pts',(-2.46632603901528,-10.9774899657108,49.9999956902019));
#1880=CARTESIAN_POINT('Ctrl Pts',(-2.46179546840138,-10.978506761688,49.9999829015538));
#1881=CARTESIAN_POINT('Ctrl Pts',(-2.32662823490797,-11.0088423443267,49.9996013588464));
#1882=CARTESIAN_POINT('Ctrl Pts',(-2.19114791568297,-11.0370163702368,49.9935437213236));
#1883=CARTESIAN_POINT('Ctrl Pts',(-2.0557572516363,-11.0630507261768,49.9819501348583));
#1884=CARTESIAN_POINT('Ctrl Pts',(-1.93038280956193,-11.0871590564943,49.9712142436876));
#1885=CARTESIAN_POINT('Ctrl Pts',(-1.80508538720332,-11.1094318770762,49.9557311170285));
#1886=CARTESIAN_POINT('Ctrl Pts',(-1.680193557184,-11.1299089785406,49.9355753670346));
#1887=CARTESIAN_POINT('Ctrl Pts',(-1.58649861058717,-11.1452710797115,49.9204543465563));
#1888=CARTESIAN_POINT('Ctrl Pts',(-1.49303208729442,-11.1596229540138,49.9027028252579));
#1889=CARTESIAN_POINT('Ctrl Pts',(-1.39993597590467,-11.172993405119,49.8823373220649));
#1890=CARTESIAN_POINT('Ctrl Pts',(-1.26991958107418,-11.1916663424093,49.8538952178296));
#1891=CARTESIAN_POINT('Ctrl Pts',(-1.140858463546,-11.2083891498427,49.8204084509839));
#1892=CARTESIAN_POINT('Ctrl Pts',(-1.01313430232493,-11.2232729825168,49.781947617495));
#1893=CARTESIAN_POINT('Ctrl Pts',(-0.889098058671368,-11.2377270582251,
49.7445973051647));
#1894=CARTESIAN_POINT('Ctrl Pts',(-0.766322392535778,-11.2504467575694,
49.7025560822874));
#1895=CARTESIAN_POINT('Ctrl Pts',(-0.645161732667879,-11.2615593167308,
49.655847326899));
#1896=CARTESIAN_POINT('Ctrl Pts',(-0.550251396108475,-11.2702642604906,
49.6192583573522));
#1897=CARTESIAN_POINT('Ctrl Pts',(-0.456332087266823,-11.2779835349739,
49.5798044947278));
#1898=CARTESIAN_POINT('Ctrl Pts',(-0.363578325822973,-11.2847896866272,
49.5374780972301));
#1899=CARTESIAN_POINT('Ctrl Pts',(-0.233666175849144,-11.2943224730131,
49.4781951828341));
#1900=CARTESIAN_POINT('Ctrl Pts',(-0.10648006389081,-11.3020307701922,49.413478830597));
#1901=CARTESIAN_POINT('Ctrl Pts',(0.0174992929931737,-11.308157263932,49.3434059483167));
#1902=CARTESIAN_POINT('Ctrl Pts',(0.0949442565620484,-11.3119842404256,
49.2996342112166));
#1903=CARTESIAN_POINT('Ctrl Pts',(0.171138035461481,-11.3151944965053,49.2537714403333));
#1904=CARTESIAN_POINT('Ctrl Pts',(0.2459630148662,-11.3178514680481,49.2058269900219));
#1905=CARTESIAN_POINT('Ctrl Pts',(0.294546572641138,-11.3195766289701,49.1746968515277));
#1906=CARTESIAN_POINT('Ctrl Pts',(0.342553053465114,-11.3210685925468,49.1426889644144));
#1907=CARTESIAN_POINT('Ctrl Pts',(0.389949921323781,-11.3223455148179,49.1098040711204));
#1908=CARTESIAN_POINT('Ctrl Pts',(0.507404161870975,-11.3255098575766,49.0283119738191));
#1909=CARTESIAN_POINT('Ctrl Pts',(0.621116096269361,-11.3273531356385,48.9414375898424));
#1910=CARTESIAN_POINT('Ctrl Pts',(0.730688465868923,-11.3283082896218,48.8493538388895));
#1911=CARTESIAN_POINT('Ctrl Pts',(0.840260835468485,-11.3292634436052,48.7572700879366));
#1912=CARTESIAN_POINT('Ctrl Pts',(0.94569453621613,-11.329330950397,48.6599765727554));
#1913=CARTESIAN_POINT('Ctrl Pts',(1.04656662152687,-11.3289486653003,48.5576001569481));
#1914=CARTESIAN_POINT('Ctrl Pts',(1.14913648569345,-11.3285599459601,48.4535006428866));
#1915=CARTESIAN_POINT('Ctrl Pts',(1.24634595657943,-11.3277115645494,48.3447965064488));
#1916=CARTESIAN_POINT('Ctrl Pts',(1.33788564368992,-11.3268450979717,48.2318134779931));
#1917=CARTESIAN_POINT('Ctrl Pts',(1.42905946528129,-11.3259820944847,48.1192820197324));
#1918=CARTESIAN_POINT('Ctrl Pts',(1.51460964953501,-11.3251013486743,48.0025049977391));
#1919=CARTESIAN_POINT('Ctrl Pts',(1.59421566404323,-11.324601672641,47.8817724655527));
#1920=CARTESIAN_POINT('Ctrl Pts',(1.67051364857229,-11.324122760658,47.7660569768447));
#1921=CARTESIAN_POINT('Ctrl Pts',(1.74135192726931,-11.323993843645,47.6467069571634));
#1922=CARTESIAN_POINT('Ctrl Pts',(1.80642305809682,-11.3245309491029,47.5239614390046));
#1923=CARTESIAN_POINT('Ctrl Pts',(1.85739874174868,-11.3249517089323,47.4278045623101));
#1924=CARTESIAN_POINT('Ctrl Pts',(1.90483484990947,-11.3257805487463,47.3295634238851));
#1925=CARTESIAN_POINT('Ctrl Pts',(1.94856763142287,-11.3271535822277,47.2293511522118));
#1926=CARTESIAN_POINT('Ctrl Pts',(1.94856763142287,-11.3271535822277,47.2293511522118));
#1927=CARTESIAN_POINT('Ctrl Pts',(1.98214972221634,-11.1856665890824,47.3407936484594));
#1928=CARTESIAN_POINT('Ctrl Pts',(2.03487026679551,-10.9327511665565,47.5479562696485));
#1929=CARTESIAN_POINT('Ctrl Pts',(2.07478449208709,-10.6696120736094,47.7744347590908));
#1930=CARTESIAN_POINT('Ctrl Pts',(2.08914084002038,-10.5557890804236,47.8739838833304));
#1931=CARTESIAN_POINT('Origin',(0.,0.,0.));
#1932=CARTESIAN_POINT('',(5.47425242076817,10.7345000205675,40.8715574274762));
#1933=CARTESIAN_POINT('Ctrl Pts',(5.47425242076817,10.7345000205675,40.8715574274755));
#1934=CARTESIAN_POINT('Ctrl Pts',(5.47124536743215,10.7355851086602,40.8761233617018));
#1935=CARTESIAN_POINT('Ctrl Pts',(5.46823874788655,10.7366685022543,40.8806899832641));
#1936=CARTESIAN_POINT('Ctrl Pts',(4.12814931266625,11.2188664987553,42.9166938519133));
#1937=CARTESIAN_POINT('Ctrl Pts',(2.90072554288528,11.3570475118345,45.0475117174127));
#1938=CARTESIAN_POINT('Ctrl Pts',(1.94856763142288,11.3271535822277,47.2293511522118));
#1939=CARTESIAN_POINT('',(5.47425242076815,-10.734500020568,40.8715574274737));
#1940=CARTESIAN_POINT('Origin',(0.,-7.37835544966963E-16,40.8715574274766));
#1941=CARTESIAN_POINT('Ctrl Pts',(1.94856763142287,-11.3271535822277,47.2293511522118));
#1942=CARTESIAN_POINT('Ctrl Pts',(1.97206015278568,-11.3278911529305,47.1755187900424));
#1943=CARTESIAN_POINT('Ctrl Pts',(1.9957004810053,-11.3285262631183,47.1217631450397));
#1944=CARTESIAN_POINT('Ctrl Pts',(2.97765879877249,-11.3504268117818,44.9056442253029));
#1945=CARTESIAN_POINT('Ctrl Pts',(4.184147878574,-11.1987167966478,42.8316149844714));
#1946=CARTESIAN_POINT('Ctrl Pts',(5.46823872253695,-10.7366685113871,40.8806900217708));
#1947=CARTESIAN_POINT('Ctrl Pts',(5.47124535846752,-10.7355851118959,40.876123375305));
#1948=CARTESIAN_POINT('Ctrl Pts',(5.47425242076814,-10.7345000205684,40.8715574274668));
#1949=CARTESIAN_POINT('',(-15.6255668237038,-1.91358003955119E-15,-1.70774895098849E-15));
#1950=CARTESIAN_POINT('',(-15.6255668237038,-1.91358003955119E-15,0.));
#1951=CARTESIAN_POINT('',(1.38777878078145E-16,-15.6255668237038,-2.08166817117221E-16));
#1952=CARTESIAN_POINT('Origin',(0.,0.,0.));
#1953=CARTESIAN_POINT('',(1.38777878078145E-16,15.6255668237038,-2.08166817117213E-16));
#1954=CARTESIAN_POINT('Origin',(-0.791291353120249,0.,-0.456852275731399));
#1955=CARTESIAN_POINT('Origin',(0.,0.,0.));
#1956=CARTESIAN_POINT('Ctrl Pts',(5.47425242076817,10.7345000205675,40.8715574274756));
#1957=CARTESIAN_POINT('Ctrl Pts',(5.47930196590284,10.6003831983933,42.2109713913945));
#1958=CARTESIAN_POINT('Ctrl Pts',(5.51164453229122,9.70284507050747,44.8299039684179));
#1959=CARTESIAN_POINT('Ctrl Pts',(5.63328565467017,7.22295840828685,47.293760584756));
#1960=CARTESIAN_POINT('Ctrl Pts',(5.81427652709135,4.64035989807736,48.5262807217909));
#1961=CARTESIAN_POINT('Ctrl Pts',(5.97865735423264,2.43684417249602,49.0690588382074));
#1962=CARTESIAN_POINT('Ctrl Pts',(6.07887290648194,0.000147484316221992,
49.2412247212863));
#1963=CARTESIAN_POINT('Ctrl Pts',(5.94148188296669,-3.2497343917087,49.0124668281159));
#1964=CARTESIAN_POINT('Ctrl Pts',(5.64607417243909,-6.7264808726843,47.7913408623095));
#1965=CARTESIAN_POINT('Ctrl Pts',(5.51720314770168,-9.70313706209547,44.827015367797));
#1966=CARTESIAN_POINT('Ctrl Pts',(5.47930231655521,-10.6003738850036,42.2110644034858));
#1967=CARTESIAN_POINT('Ctrl Pts',(5.47425242076814,-10.7345000205684,40.8715574274668));
#1968=CARTESIAN_POINT('Ctrl Pts',(3.60392714013909,11.6791947442477,40.9643343939291));
#1969=CARTESIAN_POINT('Ctrl Pts',(3.60746913691989,11.5305790048318,42.4453999185152));
#1970=CARTESIAN_POINT('Ctrl Pts',(3.63029461746101,10.5352719546531,45.3432658170582));
#1971=CARTESIAN_POINT('Ctrl Pts',(3.71600874709534,7.79299850953948,48.0505568155687));
#1972=CARTESIAN_POINT('Ctrl Pts',(3.84397718302271,4.96919244798938,49.3793092184891));
#1973=CARTESIAN_POINT('Ctrl Pts',(3.96079205414221,2.59003952927299,49.9468669833333));
#1974=CARTESIAN_POINT('Ctrl Pts',(4.03234066558302,-0.000193768421147036,
50.116711545678));
#1975=CARTESIAN_POINT('Ctrl Pts',(3.93431441024822,-3.45268385926021,49.8922684088889));
#1976=CARTESIAN_POINT('Ctrl Pts',(3.72480362399526,-7.24437081771777,48.5990202053652));
#1977=CARTESIAN_POINT('Ctrl Pts',(3.63425434239735,-10.5355877025287,45.3389480300884));
#1978=CARTESIAN_POINT('Ctrl Pts',(3.60746938288454,-11.5305686846029,42.4455027672277));
#1979=CARTESIAN_POINT('Ctrl Pts',(3.60392714013906,-11.6791947442486,40.9643343939195));
#1980=CARTESIAN_POINT('Ctrl Pts',(0.879339629408778,14.387951044908,41.2303570424503));
#1981=CARTESIAN_POINT('Ctrl Pts',(0.880263129827814,14.1995353728222,43.1212678967851));
#1982=CARTESIAN_POINT('Ctrl Pts',(0.886127172693829,12.9396372435552,46.8163471927867));
#1983=CARTESIAN_POINT('Ctrl Pts',(0.908341054354308,9.47744353101931,50.2682240864839));
#1984=CARTESIAN_POINT('Ctrl Pts',(0.94183302813837,5.96869796245148,51.9591819310329));
#1985=CARTESIAN_POINT('Ctrl Pts',(0.972513313259189,3.07162908928333,52.6784874136158));
#1986=CARTESIAN_POINT('Ctrl Pts',(0.991410447805745,-0.000292856116613104,
52.8921606343197));
#1987=CARTESIAN_POINT('Ctrl Pts',(0.965466334347965,-4.09453200433677,52.6094191580746));
#1988=CARTESIAN_POINT('Ctrl Pts',(0.910628664102172,-8.78376314231718,50.9690562777675));
#1989=CARTESIAN_POINT('Ctrl Pts',(0.887187970283018,-12.9398097742271,46.8105633668729));
#1990=CARTESIAN_POINT('Ctrl Pts',(0.880263193957872,-14.1995222887917,43.1213992061322));
#1991=CARTESIAN_POINT('Ctrl Pts',(0.879339629408775,-14.3879510449092,41.2303570424379));
#1992=CARTESIAN_POINT('Ctrl Pts',(-8.73226658391584E-17,18.0435365190076,
41.5893662783413));
#1993=CARTESIAN_POINT('Ctrl Pts',(-2.72492405796724E-6,17.8028302346713,
44.0321005381963));
#1994=CARTESIAN_POINT('Ctrl Pts',(2.49844607301714E-5,16.1937172748975,
48.8071171355946));
#1995=CARTESIAN_POINT('Ctrl Pts',(4.78822511483911E-5,11.7799831562549,
53.2923861898343));
#1996=CARTESIAN_POINT('Ctrl Pts',(-5.78459261516024E-6,7.35375091148946,
55.5254768104504));
#1997=CARTESIAN_POINT('Ctrl Pts',(-3.98024088593271E-5,3.74858569285405,
56.5013047227977));
#1998=CARTESIAN_POINT('Ctrl Pts',(-7.07207833559313E-5,-0.000578137484850051,
56.80653022173));
#1999=CARTESIAN_POINT('Ctrl Pts',(-2.58263257727241E-8,-4.99611293381397,
56.4012560775218));
#2000=CARTESIAN_POINT('Ctrl Pts',(2.68020844494884E-5,-10.8958958562359,
54.199443989601));
#2001=CARTESIAN_POINT('Ctrl Pts',(1.64530102160211E-5,-16.1936188301424,
48.8013296942535));
#2002=CARTESIAN_POINT('Ctrl Pts',(-2.7251132814959E-6,-17.8028135194569,
44.0322701674731));
#2003=CARTESIAN_POINT('Ctrl Pts',(2.13312338341115E-15,-18.0435365190092,
41.5893662783254));
#2004=CARTESIAN_POINT('Ctrl Pts',(0.,19.6090702354956,41.7431148549511));
#2005=CARTESIAN_POINT('Ctrl Pts',(1.20440240792302E-15,19.345986804874,
44.4219427827889));
#2006=CARTESIAN_POINT('Ctrl Pts',(1.69766682393531E-15,17.5871720168979,
49.6598079368358));
#2007=CARTESIAN_POINT('Ctrl Pts',(-4.69681157146718E-16,12.7658571940295,
54.5875211695119));
#2008=CARTESIAN_POINT('Ctrl Pts',(1.68494477857324E-15,7.94684479228724,
57.0525614435819));
#2009=CARTESIAN_POINT('Ctrl Pts',(1.28535260679342E-15,4.03843584507778,
58.1381176764149));
#2010=CARTESIAN_POINT('Ctrl Pts',(2.93592120756418E-15,-0.000744871152141513,
58.4824494425726));
#2011=CARTESIAN_POINT('Ctrl Pts',(4.50596422127233E-15,-5.38195870318059,
58.0249336562318));
#2012=CARTESIAN_POINT('Ctrl Pts',(-2.79102340093877E-15,-11.8003792945497,
55.582681724619));
#2013=CARTESIAN_POINT('Ctrl Pts',(5.73851092728344E-15,-17.5869599522531,
49.6540307355939));
#2014=CARTESIAN_POINT('Ctrl Pts',(2.87591739462329E-15,-19.3459685357375,
44.4221288069716));
#2015=CARTESIAN_POINT('Ctrl Pts',(2.22044604925031E-15,-19.6090702354973,
41.7431148549336));
#2016=CARTESIAN_POINT('Ctrl Pts',(1.67307459966773E-15,3.75197385404828,
58.0605089278162));
#2017=CARTESIAN_POINT('Ctrl Pts',(1.9084033930926E-15,2.5128886267005,58.2676604355081));
#2018=CARTESIAN_POINT('Ctrl Pts',(2.92577489109382E-15,-0.000663293139792666,
58.4677095267265));
#2019=CARTESIAN_POINT('Ctrl Pts',(3.66835804160473E-15,-2.51231546056298,
58.268405870596));
#2020=CARTESIAN_POINT('Ctrl Pts',(3.53298301953121E-15,-3.75139783133639,
58.0606921434722));
#2021=CARTESIAN_POINT('Ctrl Pts',(5.47425242076816,-10.7345000205677,40.8715574274737));
#2022=CARTESIAN_POINT('Ctrl Pts',(5.47555479864419,-10.6999086311763,41.2170188634899));
#2023=CARTESIAN_POINT('Ctrl Pts',(5.47754094042887,-10.644515190679,41.5604315343046));
#2024=CARTESIAN_POINT('Ctrl Pts',(5.48037056997387,-10.5689591944968,41.8995390330598));
#2025=CARTESIAN_POINT('Ctrl Pts',(5.48222626710212,-10.5194088760159,42.1219288553321));
#2026=CARTESIAN_POINT('Ctrl Pts',(5.48444469643969,-10.4611874890974,42.3424661483236));
#2027=CARTESIAN_POINT('Ctrl Pts',(5.48707077298447,-10.3944838465856,42.5605056844584));
#2028=CARTESIAN_POINT('Ctrl Pts',(5.49210066170013,-10.2667221865414,42.9781304504056));
#2029=CARTESIAN_POINT('Ctrl Pts',(5.49872487733274,-10.1077292727861,43.3867868395886));
#2030=CARTESIAN_POINT('Ctrl Pts',(5.50679953480056,-9.91900087824805,43.7820115269534));
#2031=CARTESIAN_POINT('Ctrl Pts',(5.51300507581867,-9.77395920951431,44.0857498611902));
#2032=CARTESIAN_POINT('Ctrl Pts',(5.520067272024,-9.61135616861813,44.3815555220075));
#2033=CARTESIAN_POINT('Ctrl Pts',(5.52792009765949,-9.4318855249322,44.6674173056464));
#2034=CARTESIAN_POINT('Ctrl Pts',(5.536905097034,-9.22653987024536,44.9944929426738));
#2035=CARTESIAN_POINT('Ctrl Pts',(5.54692523388136,-8.9991124253306,45.3085499981132));
#2036=CARTESIAN_POINT('Ctrl Pts',(5.55851584117345,-8.75134711239656,45.607491870122));
#2037=CARTESIAN_POINT('Ctrl Pts',(5.5677767798459,-8.5533816986423,45.8463475464066));
#2038=CARTESIAN_POINT('Ctrl Pts',(5.57798017742235,-8.34254717574449,46.0754673153269));
#2039=CARTESIAN_POINT('Ctrl Pts',(5.58941460133837,-8.11964502988449,46.2939142427404));
#2040=CARTESIAN_POINT('Ctrl Pts',(5.60083212754644,-7.89707228718388,46.5120383508836));
#2041=CARTESIAN_POINT('Ctrl Pts',(5.61347691462091,-7.66246711596151,46.7195217297707));
#2042=CARTESIAN_POINT('Ctrl Pts',(5.6276388435453,-7.41658537681448,46.9154014862743));
#2043=CARTESIAN_POINT('Ctrl Pts',(5.64162075436433,-7.17382914161937,47.1087913346002));
#2044=CARTESIAN_POINT('Ctrl Pts',(5.65708137130686,-6.92008070445626,47.2908711872699));
#2045=CARTESIAN_POINT('Ctrl Pts',(5.67430396367034,-6.65603351460099,47.4606770001776));
#2046=CARTESIAN_POINT('Ctrl Pts',(5.67708158441814,-6.61344858095908,47.4880628976706));
#2047=CARTESIAN_POINT('Ctrl Pts',(5.67990504625948,-6.57059570806635,47.5151294518667));
#2048=CARTESIAN_POINT('Ctrl Pts',(5.68277555110104,-6.52747773413655,47.5418725122386));
#2049=CARTESIAN_POINT('Ctrl Pts',(5.68997026214126,-6.41940567706375,47.6089020426967));
#2050=CARTESIAN_POINT('Ctrl Pts',(5.69746051287933,-6.30966826146235,47.6738993982155));
#2051=CARTESIAN_POINT('Ctrl Pts',(5.70519341578414,-6.19828764376002,47.7368659322741));
#2052=CARTESIAN_POINT('Ctrl Pts',(5.72281001391333,-5.94454754051605,47.8803122084983));
#2053=CARTESIAN_POINT('Ctrl Pts',(5.74149158207098,-5.68252725992716,48.013175533563));
#2054=CARTESIAN_POINT('Ctrl Pts',(5.7609199520082,-5.41252952773316,48.1353407457513));
#2055=CARTESIAN_POINT('Ctrl Pts',(5.78079896612565,-5.13626915451036,48.2603395997777));
#2056=CARTESIAN_POINT('Ctrl Pts',(5.80145965875913,-4.85165671286181,48.3741374695013));
#2057=CARTESIAN_POINT('Ctrl Pts',(5.82257457821501,-4.55906749459373,48.4765932447469));
#2058=CARTESIAN_POINT('Ctrl Pts',(5.84168475942146,-4.29425791330044,48.5693214426773));
#2059=CARTESIAN_POINT('Ctrl Pts',(5.86116725524043,-4.02291515662779,48.6527584000726));
#2060=CARTESIAN_POINT('Ctrl Pts',(5.88078894076714,-3.74535281941411,48.7267956475673));
#2061=CARTESIAN_POINT('Ctrl Pts',(5.90566350573438,-3.39348486290846,48.8206532481439));
#2062=CARTESIAN_POINT('Ctrl Pts',(5.9298012691716,-3.03175024365814,48.8998169562333));
#2063=CARTESIAN_POINT('Ctrl Pts',(5.9519326839967,-2.66094611569337,48.96440264482));
#2064=CARTESIAN_POINT('Ctrl Pts',(5.95712926503352,-2.57387921486559,48.9795677288063));
#2065=CARTESIAN_POINT('Ctrl Pts',(5.96221522371296,-2.48631223816614,48.9939292970303));
#2066=CARTESIAN_POINT('Ctrl Pts',(5.96717413865407,-2.3982554361957,49.007489249349));
#2067=CARTESIAN_POINT('Ctrl Pts',(5.97883736234002,-2.1911483995464,49.0393818627416));
#2068=CARTESIAN_POINT('Ctrl Pts',(5.98979757632371,-1.98133208585402,49.0668398825341));
#2069=CARTESIAN_POINT('Ctrl Pts',(5.9995200107938,-1.76958608496059,49.089986802877));
#2070=CARTESIAN_POINT('Ctrl Pts',(6.01207757382126,-1.49609349828252,49.1198835239082));
#2071=CARTESIAN_POINT('Ctrl Pts',(6.02261398744469,-1.2189223437497,49.1426266631834));
#2072=CARTESIAN_POINT('Ctrl Pts',(6.03026859034777,-0.939763968481939,49.1582877902178));
#2073=CARTESIAN_POINT('Ctrl Pts',(6.0388125379896,-0.628171770654644,49.175768494454));
#2074=CARTESIAN_POINT('Ctrl Pts',(6.04376577429346,-0.314104023924272,49.1844254103713));
#2075=CARTESIAN_POINT('Ctrl Pts',(6.04393698636087,2.83240232604584E-5,
49.1843916084287));
#2076=CARTESIAN_POINT('Ctrl Pts',(6.04398614777729,0.0902275220337049,49.1843819026212));
#2077=CARTESIAN_POINT('Ctrl Pts',(6.04364108562602,0.180431726783191,49.1836558825167));
#2078=CARTESIAN_POINT('Ctrl Pts',(6.04294054002031,0.270583727163536,49.1822041439963));
#2079=CARTESIAN_POINT('Ctrl Pts',(6.04050457413362,0.584063957077006,49.1771560993249));
#2080=CARTESIAN_POINT('Ctrl Pts',(6.03345505059408,0.896523151097582,49.1634809699126));
#2081=CARTESIAN_POINT('Ctrl Pts',(6.02305784156067,1.20592182973381,49.1409931344332));
#2082=CARTESIAN_POINT('Ctrl Pts',(6.01209449701197,1.53216748911247,49.1172808201261));
#2083=CARTESIAN_POINT('Ctrl Pts',(5.99740784443302,1.85501207511972,49.0837706470473));
#2084=CARTESIAN_POINT('Ctrl Pts',(5.98045616450834,2.17207824903709,49.0401991933569));
#2085=CARTESIAN_POINT('Ctrl Pts',(5.97846758607262,2.2092728491565,49.0350878855923));
#2086=CARTESIAN_POINT('Ctrl Pts',(5.97644782187111,2.24638792643866,49.0298380647451));
#2087=CARTESIAN_POINT('Ctrl Pts',(5.97439921584626,2.28341963581654,49.0244492596161));
#2088=CARTESIAN_POINT('Ctrl Pts',(5.97228193908257,2.32169267457289,49.0188798178859));
#2089=CARTESIAN_POINT('Ctrl Pts',(5.97013532877746,2.35988142594506,49.0131604477165));
#2090=CARTESIAN_POINT('Ctrl Pts',(5.96796220145359,2.39798075194724,49.007290540229));
#2091=CARTESIAN_POINT('Ctrl Pts',(5.95150211979516,2.68655934107947,48.9628296586642));
#2092=CARTESIAN_POINT('Ctrl Pts',(5.93351972493196,2.97000548336103,48.9097286425211));
#2093=CARTESIAN_POINT('Ctrl Pts',(5.91484628435516,3.24782234897563,48.8478852454267));
#2094=CARTESIAN_POINT('Ctrl Pts',(5.89639457294688,3.5223404061911,48.786776179264));
#2095=CARTESIAN_POINT('Ctrl Pts',(5.87726881867156,3.79136189604291,48.7171310881243));
#2096=CARTESIAN_POINT('Ctrl Pts',(5.85827683325501,4.05443269228371,48.6388948562391));
#2097=CARTESIAN_POINT('Ctrl Pts',(5.85236525228074,4.13631798651885,48.614542488134));
#2098=CARTESIAN_POINT('Ctrl Pts',(5.84646663416142,4.21762693097866,48.5893580703987));
#2099=CARTESIAN_POINT('Ctrl Pts',(5.84060529871353,4.29834638010476,48.5633408230083));
#2100=CARTESIAN_POINT('Ctrl Pts',(5.83333771550246,4.39843198661749,48.5310815346577));
#2101=CARTESIAN_POINT('Ctrl Pts',(5.82612132230721,4.49763588675506,48.4975360849103));
#2102=CARTESIAN_POINT('Ctrl Pts',(5.81900093081911,4.59594020862059,48.4626995317182));
#2103=CARTESIAN_POINT('Ctrl Pts',(5.79091408712137,4.98370794971484,48.3252844996784));
#2104=CARTESIAN_POINT('Ctrl Pts',(5.76432129400348,5.35747619388606,48.1677772419526));
#2105=CARTESIAN_POINT('Ctrl Pts',(5.73961736007945,5.7161848903645,47.9905900777036));
#2106=CARTESIAN_POINT('Ctrl Pts',(5.72035216076319,5.99592149245316,47.8524118407461));
#2107=CARTESIAN_POINT('Ctrl Pts',(5.70223564922545,6.26650007451409,47.7022660067827));
#2108=CARTESIAN_POINT('Ctrl Pts',(5.6854530835855,6.5274320428256,47.5403648938937));
#2109=CARTESIAN_POINT('Ctrl Pts',(5.67442193954725,6.69894206032699,47.4339476431261));
#2110=CARTESIAN_POINT('Ctrl Pts',(5.66396705469412,6.86628458855088,47.3224519835229));
#2111=CARTESIAN_POINT('Ctrl Pts',(5.65405337585957,7.02923975572355,47.2061434009307));
#2112=CARTESIAN_POINT('Ctrl Pts',(5.63335625094588,7.36944680767606,46.9633220121585));
#2113=CARTESIAN_POINT('Ctrl Pts',(5.61505594909175,7.69089087967378,46.6992260000603));
#2114=CARTESIAN_POINT('Ctrl Pts',(5.59882135472324,7.99149772478619,46.4161559473203));
#2115=CARTESIAN_POINT('Ctrl Pts',(5.58228371751748,8.29771584352638,46.1278019712513));
#2116=CARTESIAN_POINT('Ctrl Pts',(5.56788957895795,8.58231092037534,45.8197597006147));
#2117=CARTESIAN_POINT('Ctrl Pts',(5.55528478948088,8.8431256547506,45.4945018660393));
#2118=CARTESIAN_POINT('Ctrl Pts',(5.54503154791571,9.05528282565549,45.2299240914612));
#2119=CARTESIAN_POINT('Ctrl Pts',(5.53596219564784,9.25170546176907,44.9539559973313));
#2120=CARTESIAN_POINT('Ctrl Pts',(5.52788453276572,9.43125337135697,44.6679428214767));
#2121=CARTESIAN_POINT('Ctrl Pts',(5.52741138570634,9.44177034472894,44.6511896720727));
#2122=CARTESIAN_POINT('Ctrl Pts',(5.52694164080488,9.452229426745,44.6344020608029));
#2123=CARTESIAN_POINT('Ctrl Pts',(5.52647527963514,9.46263048062556,44.6175804077245));
#2124=CARTESIAN_POINT('Ctrl Pts',(5.51797993543615,9.65209851201334,44.3111532388948));
#2125=CARTESIAN_POINT('Ctrl Pts',(5.51060434978824,9.82221695851876,43.9935976603098));
#2126=CARTESIAN_POINT('Ctrl Pts',(5.50427237530037,9.97226810374785,43.6673219929928));
#2127=CARTESIAN_POINT('Ctrl Pts',(5.49785434664232,10.1243585065282,43.336612103482));
#2128=CARTESIAN_POINT('Ctrl Pts',(5.49250850352469,10.2558327616318,42.9969425007333));
#2129=CARTESIAN_POINT('Ctrl Pts',(5.48815808200875,10.3658960104032,42.6507962092682));
#2130=CARTESIAN_POINT('Ctrl Pts',(5.48381614246563,10.4757446699719,42.3053247957263));
#2131=CARTESIAN_POINT('Ctrl Pts',(5.48046577174675,10.5642659083871,41.9534008993661));
#2132=CARTESIAN_POINT('Ctrl Pts',(5.47803284383477,10.6306190762029,41.5974837916719));
#2133=CARTESIAN_POINT('Ctrl Pts',(5.47755863733137,10.6435520955269,41.5281113263759));
#2134=CARTESIAN_POINT('Ctrl Pts',(5.47711929106522,10.6556427772998,41.4585871551354));
#2135=CARTESIAN_POINT('Ctrl Pts',(5.47671426455801,10.6668846642064,41.3889294981582));
#2136=CARTESIAN_POINT('Ctrl Pts',(5.4757156059556,10.6946033612961,41.2171772371916));
#2137=CARTESIAN_POINT('Ctrl Pts',(5.4749048685547,10.7171708906299,41.0446220605675));
#2138=CARTESIAN_POINT('Ctrl Pts',(5.47425242076817,10.7345000205674,40.8715574274763));
#2139=CARTESIAN_POINT('Origin',(0.,-11.2511336474076,50.));
#2140=CARTESIAN_POINT('Ctrl Pts',(2.73651033779535,5.36604234139886,49.1929435564425));
#2141=CARTESIAN_POINT('Ctrl Pts',(6.02352880283199,3.68976782885894,49.1929435564425));
#2142=CARTESIAN_POINT('Ctrl Pts',(6.02352880283196,-5.81119816974962E-14,
49.1929435564425));
#2143=CARTESIAN_POINT('Ctrl Pts',(6.02352880283192,-3.68976782885905,49.1929435564425));
#2144=CARTESIAN_POINT('Ctrl Pts',(2.73651033779524,-5.36604234139892,49.1929435564425));
#2145=CARTESIAN_POINT('Ctrl Pts',(5.23717167024367,10.2696067117156,46.8363920795014));
#2146=CARTESIAN_POINT('Ctrl Pts',(11.5279134762939,7.06152915857236,46.8363920795014));
#2147=CARTESIAN_POINT('Ctrl Pts',(11.5279134762938,-1.11215521477999E-13,
46.8363920795014));
#2148=CARTESIAN_POINT('Ctrl Pts',(11.5279134762937,-7.06152915857258,46.8363920795014));
#2149=CARTESIAN_POINT('Ctrl Pts',(5.23717167024347,-10.2696067117157,46.8363920795014));
#2150=CARTESIAN_POINT('Ctrl Pts',(5.47425242076826,10.7345000205676,40.8715574274737));
#2151=CARTESIAN_POINT('Ctrl Pts',(12.0497688881511,7.38119647867906,40.8715574274737));
#2152=CARTESIAN_POINT('Ctrl Pts',(12.0497688881511,-1.16250120487193E-13,
40.8715574274737));
#2153=CARTESIAN_POINT('Ctrl Pts',(12.049768888151,-7.3811964786793,40.8715574274737));
#2154=CARTESIAN_POINT('Ctrl Pts',(5.47425242076804,-10.7345000205677,40.8715574274737));
#2155=CARTESIAN_POINT('Origin',(0.,0.,0.));
#2156=CARTESIAN_POINT('Origin',(-0.791291353120249,0.,-0.456852275731399));
#2157=CARTESIAN_POINT('Origin',(0.,0.,0.));
#2158=UNCERTAINTY_MEASURE_WITH_UNIT(LENGTH_MEASURE(0.01),#2162,
'DISTANCE_ACCURACY_VALUE',
'Maximum model space distance between geometric entities at asserted c
onnectivities');
#2159=UNCERTAINTY_MEASURE_WITH_UNIT(LENGTH_MEASURE(0.01),#2162,
'DISTANCE_ACCURACY_VALUE',
'Maximum model space distance between geometric entities at asserted c
onnectivities');
#2160=(
GEOMETRIC_REPRESENTATION_CONTEXT(3)
GLOBAL_UNCERTAINTY_ASSIGNED_CONTEXT((#2158))
GLOBAL_UNIT_ASSIGNED_CONTEXT((#2162,#2164,#2165))
REPRESENTATION_CONTEXT('','3D')
);
#2161=(
GEOMETRIC_REPRESENTATION_CONTEXT(3)
GLOBAL_UNCERTAINTY_ASSIGNED_CONTEXT((#2159))
GLOBAL_UNIT_ASSIGNED_CONTEXT((#2162,#2164,#2165))
REPRESENTATION_CONTEXT('','3D')
);
#2162=(
LENGTH_UNIT()
NAMED_UNIT(*)
SI_UNIT(.MILLI.,.METRE.)
);
#2163=(
LENGTH_UNIT()
NAMED_UNIT(*)
SI_UNIT($,.METRE.)
);
#2164=(
NAMED_UNIT(*)
PLANE_ANGLE_UNIT()
SI_UNIT($,.RADIAN.)
);
#2165=(
NAMED_UNIT(*)
SI_UNIT($,.STERADIAN.)
SOLID_ANGLE_UNIT()
);
#2166=SHAPE_DEFINITION_REPRESENTATION(#2167,#2168);
#2167=PRODUCT_DEFINITION_SHAPE('',$,#2170);
#2168=SHAPE_REPRESENTATION('',(#636),#2160);
#2169=PRODUCT_DEFINITION_CONTEXT('part definition',#2174,'design');
#2170=PRODUCT_DEFINITION('(Unsaved)','(Unsaved)',#2171,#2169);
#2171=PRODUCT_DEFINITION_FORMATION('',$,#2176);
#2172=PRODUCT_RELATED_PRODUCT_CATEGORY('(Unsaved)','(Unsaved)',(#2176));
#2173=APPLICATION_PROTOCOL_DEFINITION('international standard',
'automotive_design',2009,#2174);
#2174=APPLICATION_CONTEXT(
'Core Data for Automotive Mechanical Design Process');
#2175=PRODUCT_CONTEXT('part definition',#2174,'mechanical');
#2176=PRODUCT('(Unsaved)','(Unsaved)',$,(#2175));
#2177=PRESENTATION_STYLE_ASSIGNMENT((#2178));
#2178=SURFACE_STYLE_USAGE(.BOTH.,#2179);
#2179=SURFACE_SIDE_STYLE('',(#2180));
#2180=SURFACE_STYLE_FILL_AREA(#2181);
#2181=FILL_AREA_STYLE('Steel - Satin',(#2182));
#2182=FILL_AREA_STYLE_COLOUR('Steel - Satin',#2183);
#2183=COLOUR_RGB('Steel - Satin',0.627450980392157,0.627450980392157,0.627450980392157);
ENDSEC;
END-ISO-10303-21;
