ISO-10303-21;
HEADER;
/* Generated by software containing ST-Developer
 * from STEP Tools, Inc. (www.steptools.com) 
 */

FILE_DESCRIPTION(
/* description */ (''),
/* implementation_level */ '2;1');

FILE_NAME(
/* name */ 'tryo1.step',
/* time_stamp */ '2026-07-02T14:50:20+05:30',
/* author */ (''),
/* organization */ (''),
/* preprocessor_version */ 'ST-DEVELOPER v20.1',
/* originating_system */ 'Autodesk Translation Framework v15.8.0.0',
/* authorisation */ '');

FILE_SCHEMA (('AUTOMOTIVE_DESIGN { 1 0 10303 214 3 1 1 }'));
ENDSEC;

DATA;
#10=MECHANICAL_DESIGN_GEOMETRIC_PRESENTATION_REPRESENTATION('',(#13),#9727);
#11=SHAPE_REPRESENTATION_RELATIONSHIP('SRR','None',#9734,#12);
#12=ADVANCED_BREP_SHAPE_REPRESENTATION('',(#14),#9726);
#13=STYLED_ITEM('',(#9743),#14);
#14=MANIFOLD_SOLID_BREP('Body1',#6243);
#15=FACE_BOUND('',#577,.T.);
#16=FACE_BOUND('',#578,.T.);
#17=FACE_BOUND('',#579,.T.);
#18=FACE_BOUND('',#580,.T.);
#19=FACE_BOUND('',#581,.T.);
#20=FACE_BOUND('',#582,.T.);
#21=FACE_BOUND('',#583,.T.);
#22=FACE_BOUND('',#584,.T.);
#23=FACE_BOUND('',#585,.T.);
#24=FACE_BOUND('',#586,.T.);
#25=FACE_BOUND('',#587,.T.);
#26=FACE_BOUND('',#588,.T.);
#27=FACE_BOUND('',#589,.T.);
#28=FACE_BOUND('',#590,.T.);
#29=FACE_BOUND('',#591,.T.);
#30=FACE_BOUND('',#592,.T.);
#31=FACE_BOUND('',#593,.T.);
#32=FACE_BOUND('',#594,.T.);
#33=FACE_BOUND('',#595,.T.);
#34=FACE_BOUND('',#596,.T.);
#35=FACE_BOUND('',#597,.T.);
#36=FACE_BOUND('',#598,.T.);
#37=FACE_BOUND('',#599,.T.);
#38=FACE_BOUND('',#600,.T.);
#39=FACE_BOUND('',#601,.T.);
#40=FACE_BOUND('',#602,.T.);
#41=FACE_BOUND('',#603,.T.);
#42=FACE_BOUND('',#604,.T.);
#43=FACE_BOUND('',#605,.T.);
#44=FACE_BOUND('',#606,.T.);
#45=FACE_BOUND('',#607,.T.);
#46=FACE_BOUND('',#608,.T.);
#47=FACE_BOUND('',#609,.T.);
#48=FACE_BOUND('',#610,.T.);
#49=FACE_BOUND('',#611,.T.);
#50=FACE_BOUND('',#612,.T.);
#51=FACE_BOUND('',#613,.T.);
#52=FACE_BOUND('',#614,.T.);
#53=FACE_BOUND('',#615,.T.);
#54=FACE_BOUND('',#616,.T.);
#55=FACE_BOUND('',#617,.T.);
#56=FACE_BOUND('',#618,.T.);
#57=FACE_BOUND('',#619,.T.);
#58=FACE_BOUND('',#648,.T.);
#59=FACE_BOUND('',#649,.T.);
#60=FACE_BOUND('',#650,.T.);
#61=FACE_BOUND('',#651,.T.);
#62=FACE_BOUND('',#652,.T.);
#63=FACE_BOUND('',#653,.T.);
#64=FACE_BOUND('',#654,.T.);
#65=FACE_BOUND('',#655,.T.);
#66=FACE_BOUND('',#656,.T.);
#67=FACE_BOUND('',#657,.T.);
#68=FACE_BOUND('',#658,.T.);
#69=FACE_BOUND('',#659,.T.);
#70=FACE_BOUND('',#660,.T.);
#71=FACE_BOUND('',#661,.T.);
#72=FACE_BOUND('',#662,.T.);
#73=FACE_BOUND('',#663,.T.);
#74=FACE_BOUND('',#664,.T.);
#75=FACE_BOUND('',#665,.T.);
#76=FACE_BOUND('',#666,.T.);
#77=FACE_BOUND('',#667,.T.);
#78=FACE_BOUND('',#668,.T.);
#79=FACE_BOUND('',#669,.T.);
#80=FACE_BOUND('',#670,.T.);
#81=FACE_BOUND('',#671,.T.);
#82=FACE_BOUND('',#672,.T.);
#83=FACE_BOUND('',#673,.T.);
#84=FACE_BOUND('',#674,.T.);
#85=FACE_BOUND('',#675,.T.);
#86=FACE_BOUND('',#676,.T.);
#87=FACE_BOUND('',#677,.T.);
#88=FACE_BOUND('',#678,.T.);
#89=FACE_BOUND('',#679,.T.);
#90=FACE_BOUND('',#680,.T.);
#91=FACE_BOUND('',#681,.T.);
#92=FACE_BOUND('',#682,.T.);
#93=FACE_BOUND('',#683,.T.);
#94=FACE_BOUND('',#684,.T.);
#95=FACE_BOUND('',#685,.T.);
#96=FACE_BOUND('',#686,.T.);
#97=FACE_BOUND('',#687,.T.);
#98=FACE_BOUND('',#688,.T.);
#99=FACE_BOUND('',#689,.T.);
#100=FACE_BOUND('',#690,.T.);
#101=FACE_OUTER_BOUND('',#391,.T.);
#102=FACE_OUTER_BOUND('',#392,.T.);
#103=FACE_OUTER_BOUND('',#393,.T.);
#104=FACE_OUTER_BOUND('',#394,.T.);
#105=FACE_OUTER_BOUND('',#395,.T.);
#106=FACE_OUTER_BOUND('',#396,.T.);
#107=FACE_OUTER_BOUND('',#397,.T.);
#108=FACE_OUTER_BOUND('',#398,.T.);
#109=FACE_OUTER_BOUND('',#399,.T.);
#110=FACE_OUTER_BOUND('',#400,.T.);
#111=FACE_OUTER_BOUND('',#401,.T.);
#112=FACE_OUTER_BOUND('',#402,.T.);
#113=FACE_OUTER_BOUND('',#403,.T.);
#114=FACE_OUTER_BOUND('',#404,.T.);
#115=FACE_OUTER_BOUND('',#405,.T.);
#116=FACE_OUTER_BOUND('',#406,.T.);
#117=FACE_OUTER_BOUND('',#407,.T.);
#118=FACE_OUTER_BOUND('',#408,.T.);
#119=FACE_OUTER_BOUND('',#409,.T.);
#120=FACE_OUTER_BOUND('',#410,.T.);
#121=FACE_OUTER_BOUND('',#411,.T.);
#122=FACE_OUTER_BOUND('',#412,.T.);
#123=FACE_OUTER_BOUND('',#413,.T.);
#124=FACE_OUTER_BOUND('',#414,.T.);
#125=FACE_OUTER_BOUND('',#415,.T.);
#126=FACE_OUTER_BOUND('',#416,.T.);
#127=FACE_OUTER_BOUND('',#417,.T.);
#128=FACE_OUTER_BOUND('',#418,.T.);
#129=FACE_OUTER_BOUND('',#419,.T.);
#130=FACE_OUTER_BOUND('',#420,.T.);
#131=FACE_OUTER_BOUND('',#421,.T.);
#132=FACE_OUTER_BOUND('',#422,.T.);
#133=FACE_OUTER_BOUND('',#423,.T.);
#134=FACE_OUTER_BOUND('',#424,.T.);
#135=FACE_OUTER_BOUND('',#425,.T.);
#136=FACE_OUTER_BOUND('',#426,.T.);
#137=FACE_OUTER_BOUND('',#427,.T.);
#138=FACE_OUTER_BOUND('',#428,.T.);
#139=FACE_OUTER_BOUND('',#429,.T.);
#140=FACE_OUTER_BOUND('',#430,.T.);
#141=FACE_OUTER_BOUND('',#431,.T.);
#142=FACE_OUTER_BOUND('',#432,.T.);
#143=FACE_OUTER_BOUND('',#433,.T.);
#144=FACE_OUTER_BOUND('',#434,.T.);
#145=FACE_OUTER_BOUND('',#435,.T.);
#146=FACE_OUTER_BOUND('',#436,.T.);
#147=FACE_OUTER_BOUND('',#437,.T.);
#148=FACE_OUTER_BOUND('',#438,.T.);
#149=FACE_OUTER_BOUND('',#439,.T.);
#150=FACE_OUTER_BOUND('',#440,.T.);
#151=FACE_OUTER_BOUND('',#441,.T.);
#152=FACE_OUTER_BOUND('',#442,.T.);
#153=FACE_OUTER_BOUND('',#443,.T.);
#154=FACE_OUTER_BOUND('',#444,.T.);
#155=FACE_OUTER_BOUND('',#445,.T.);
#156=FACE_OUTER_BOUND('',#446,.T.);
#157=FACE_OUTER_BOUND('',#447,.T.);
#158=FACE_OUTER_BOUND('',#448,.T.);
#159=FACE_OUTER_BOUND('',#449,.T.);
#160=FACE_OUTER_BOUND('',#450,.T.);
#161=FACE_OUTER_BOUND('',#451,.T.);
#162=FACE_OUTER_BOUND('',#452,.T.);
#163=FACE_OUTER_BOUND('',#453,.T.);
#164=FACE_OUTER_BOUND('',#454,.T.);
#165=FACE_OUTER_BOUND('',#455,.T.);
#166=FACE_OUTER_BOUND('',#456,.T.);
#167=FACE_OUTER_BOUND('',#457,.T.);
#168=FACE_OUTER_BOUND('',#458,.T.);
#169=FACE_OUTER_BOUND('',#459,.T.);
#170=FACE_OUTER_BOUND('',#460,.T.);
#171=FACE_OUTER_BOUND('',#461,.T.);
#172=FACE_OUTER_BOUND('',#462,.T.);
#173=FACE_OUTER_BOUND('',#463,.T.);
#174=FACE_OUTER_BOUND('',#464,.T.);
#175=FACE_OUTER_BOUND('',#465,.T.);
#176=FACE_OUTER_BOUND('',#466,.T.);
#177=FACE_OUTER_BOUND('',#467,.T.);
#178=FACE_OUTER_BOUND('',#468,.T.);
#179=FACE_OUTER_BOUND('',#469,.T.);
#180=FACE_OUTER_BOUND('',#470,.T.);
#181=FACE_OUTER_BOUND('',#471,.T.);
#182=FACE_OUTER_BOUND('',#472,.T.);
#183=FACE_OUTER_BOUND('',#473,.T.);
#184=FACE_OUTER_BOUND('',#474,.T.);
#185=FACE_OUTER_BOUND('',#475,.T.);
#186=FACE_OUTER_BOUND('',#476,.T.);
#187=FACE_OUTER_BOUND('',#477,.T.);
#188=FACE_OUTER_BOUND('',#478,.T.);
#189=FACE_OUTER_BOUND('',#479,.T.);
#190=FACE_OUTER_BOUND('',#480,.T.);
#191=FACE_OUTER_BOUND('',#481,.T.);
#192=FACE_OUTER_BOUND('',#482,.T.);
#193=FACE_OUTER_BOUND('',#483,.T.);
#194=FACE_OUTER_BOUND('',#484,.T.);
#195=FACE_OUTER_BOUND('',#485,.T.);
#196=FACE_OUTER_BOUND('',#486,.T.);
#197=FACE_OUTER_BOUND('',#487,.T.);
#198=FACE_OUTER_BOUND('',#488,.T.);
#199=FACE_OUTER_BOUND('',#489,.T.);
#200=FACE_OUTER_BOUND('',#490,.T.);
#201=FACE_OUTER_BOUND('',#491,.T.);
#202=FACE_OUTER_BOUND('',#492,.T.);
#203=FACE_OUTER_BOUND('',#493,.T.);
#204=FACE_OUTER_BOUND('',#494,.T.);
#205=FACE_OUTER_BOUND('',#495,.T.);
#206=FACE_OUTER_BOUND('',#496,.T.);
#207=FACE_OUTER_BOUND('',#497,.T.);
#208=FACE_OUTER_BOUND('',#498,.T.);
#209=FACE_OUTER_BOUND('',#499,.T.);
#210=FACE_OUTER_BOUND('',#500,.T.);
#211=FACE_OUTER_BOUND('',#501,.T.);
#212=FACE_OUTER_BOUND('',#502,.T.);
#213=FACE_OUTER_BOUND('',#503,.T.);
#214=FACE_OUTER_BOUND('',#504,.T.);
#215=FACE_OUTER_BOUND('',#505,.T.);
#216=FACE_OUTER_BOUND('',#506,.T.);
#217=FACE_OUTER_BOUND('',#507,.T.);
#218=FACE_OUTER_BOUND('',#508,.T.);
#219=FACE_OUTER_BOUND('',#509,.T.);
#220=FACE_OUTER_BOUND('',#510,.T.);
#221=FACE_OUTER_BOUND('',#511,.T.);
#222=FACE_OUTER_BOUND('',#512,.T.);
#223=FACE_OUTER_BOUND('',#513,.T.);
#224=FACE_OUTER_BOUND('',#514,.T.);
#225=FACE_OUTER_BOUND('',#515,.T.);
#226=FACE_OUTER_BOUND('',#516,.T.);
#227=FACE_OUTER_BOUND('',#517,.T.);
#228=FACE_OUTER_BOUND('',#518,.T.);
#229=FACE_OUTER_BOUND('',#519,.T.);
#230=FACE_OUTER_BOUND('',#520,.T.);
#231=FACE_OUTER_BOUND('',#521,.T.);
#232=FACE_OUTER_BOUND('',#522,.T.);
#233=FACE_OUTER_BOUND('',#523,.T.);
#234=FACE_OUTER_BOUND('',#524,.T.);
#235=FACE_OUTER_BOUND('',#525,.T.);
#236=FACE_OUTER_BOUND('',#526,.T.);
#237=FACE_OUTER_BOUND('',#527,.T.);
#238=FACE_OUTER_BOUND('',#528,.T.);
#239=FACE_OUTER_BOUND('',#529,.T.);
#240=FACE_OUTER_BOUND('',#530,.T.);
#241=FACE_OUTER_BOUND('',#531,.T.);
#242=FACE_OUTER_BOUND('',#532,.T.);
#243=FACE_OUTER_BOUND('',#533,.T.);
#244=FACE_OUTER_BOUND('',#534,.T.);
#245=FACE_OUTER_BOUND('',#535,.T.);
#246=FACE_OUTER_BOUND('',#536,.T.);
#247=FACE_OUTER_BOUND('',#537,.T.);
#248=FACE_OUTER_BOUND('',#538,.T.);
#249=FACE_OUTER_BOUND('',#539,.T.);
#250=FACE_OUTER_BOUND('',#540,.T.);
#251=FACE_OUTER_BOUND('',#541,.T.);
#252=FACE_OUTER_BOUND('',#542,.T.);
#253=FACE_OUTER_BOUND('',#543,.T.);
#254=FACE_OUTER_BOUND('',#544,.T.);
#255=FACE_OUTER_BOUND('',#545,.T.);
#256=FACE_OUTER_BOUND('',#546,.T.);
#257=FACE_OUTER_BOUND('',#547,.T.);
#258=FACE_OUTER_BOUND('',#548,.T.);
#259=FACE_OUTER_BOUND('',#549,.T.);
#260=FACE_OUTER_BOUND('',#550,.T.);
#261=FACE_OUTER_BOUND('',#551,.T.);
#262=FACE_OUTER_BOUND('',#552,.T.);
#263=FACE_OUTER_BOUND('',#553,.T.);
#264=FACE_OUTER_BOUND('',#554,.T.);
#265=FACE_OUTER_BOUND('',#555,.T.);
#266=FACE_OUTER_BOUND('',#556,.T.);
#267=FACE_OUTER_BOUND('',#557,.T.);
#268=FACE_OUTER_BOUND('',#558,.T.);
#269=FACE_OUTER_BOUND('',#559,.T.);
#270=FACE_OUTER_BOUND('',#560,.T.);
#271=FACE_OUTER_BOUND('',#561,.T.);
#272=FACE_OUTER_BOUND('',#562,.T.);
#273=FACE_OUTER_BOUND('',#563,.T.);
#274=FACE_OUTER_BOUND('',#564,.T.);
#275=FACE_OUTER_BOUND('',#565,.T.);
#276=FACE_OUTER_BOUND('',#566,.T.);
#277=FACE_OUTER_BOUND('',#567,.T.);
#278=FACE_OUTER_BOUND('',#568,.T.);
#279=FACE_OUTER_BOUND('',#569,.T.);
#280=FACE_OUTER_BOUND('',#570,.T.);
#281=FACE_OUTER_BOUND('',#571,.T.);
#282=FACE_OUTER_BOUND('',#572,.T.);
#283=FACE_OUTER_BOUND('',#573,.T.);
#284=FACE_OUTER_BOUND('',#574,.T.);
#285=FACE_OUTER_BOUND('',#575,.T.);
#286=FACE_OUTER_BOUND('',#576,.T.);
#287=FACE_OUTER_BOUND('',#620,.T.);
#288=FACE_OUTER_BOUND('',#621,.T.);
#289=FACE_OUTER_BOUND('',#622,.T.);
#290=FACE_OUTER_BOUND('',#623,.T.);
#291=FACE_OUTER_BOUND('',#624,.T.);
#292=FACE_OUTER_BOUND('',#625,.T.);
#293=FACE_OUTER_BOUND('',#626,.T.);
#294=FACE_OUTER_BOUND('',#627,.T.);
#295=FACE_OUTER_BOUND('',#628,.T.);
#296=FACE_OUTER_BOUND('',#629,.T.);
#297=FACE_OUTER_BOUND('',#630,.T.);
#298=FACE_OUTER_BOUND('',#631,.T.);
#299=FACE_OUTER_BOUND('',#632,.T.);
#300=FACE_OUTER_BOUND('',#633,.T.);
#301=FACE_OUTER_BOUND('',#634,.T.);
#302=FACE_OUTER_BOUND('',#635,.T.);
#303=FACE_OUTER_BOUND('',#636,.T.);
#304=FACE_OUTER_BOUND('',#637,.T.);
#305=FACE_OUTER_BOUND('',#638,.T.);
#306=FACE_OUTER_BOUND('',#639,.T.);
#307=FACE_OUTER_BOUND('',#640,.T.);
#308=FACE_OUTER_BOUND('',#641,.T.);
#309=FACE_OUTER_BOUND('',#642,.T.);
#310=FACE_OUTER_BOUND('',#643,.T.);
#311=FACE_OUTER_BOUND('',#644,.T.);
#312=FACE_OUTER_BOUND('',#645,.T.);
#313=FACE_OUTER_BOUND('',#646,.T.);
#314=FACE_OUTER_BOUND('',#647,.T.);
#315=FACE_OUTER_BOUND('',#691,.T.);
#316=FACE_OUTER_BOUND('',#692,.T.);
#317=FACE_OUTER_BOUND('',#693,.T.);
#318=FACE_OUTER_BOUND('',#694,.T.);
#319=FACE_OUTER_BOUND('',#695,.T.);
#320=FACE_OUTER_BOUND('',#696,.T.);
#321=FACE_OUTER_BOUND('',#697,.T.);
#322=FACE_OUTER_BOUND('',#698,.T.);
#323=FACE_OUTER_BOUND('',#699,.T.);
#324=FACE_OUTER_BOUND('',#700,.T.);
#325=FACE_OUTER_BOUND('',#701,.T.);
#326=FACE_OUTER_BOUND('',#702,.T.);
#327=FACE_OUTER_BOUND('',#703,.T.);
#328=FACE_OUTER_BOUND('',#704,.T.);
#329=FACE_OUTER_BOUND('',#705,.T.);
#330=FACE_OUTER_BOUND('',#706,.T.);
#331=FACE_OUTER_BOUND('',#707,.T.);
#332=FACE_OUTER_BOUND('',#708,.T.);
#333=FACE_OUTER_BOUND('',#709,.T.);
#334=FACE_OUTER_BOUND('',#710,.T.);
#335=FACE_OUTER_BOUND('',#711,.T.);
#336=FACE_OUTER_BOUND('',#712,.T.);
#337=FACE_OUTER_BOUND('',#713,.T.);
#338=FACE_OUTER_BOUND('',#714,.T.);
#339=FACE_OUTER_BOUND('',#715,.T.);
#340=FACE_OUTER_BOUND('',#716,.T.);
#341=FACE_OUTER_BOUND('',#717,.T.);
#342=FACE_OUTER_BOUND('',#718,.T.);
#343=FACE_OUTER_BOUND('',#719,.T.);
#344=FACE_OUTER_BOUND('',#720,.T.);
#345=FACE_OUTER_BOUND('',#721,.T.);
#346=FACE_OUTER_BOUND('',#722,.T.);
#347=FACE_OUTER_BOUND('',#723,.T.);
#348=FACE_OUTER_BOUND('',#724,.T.);
#349=FACE_OUTER_BOUND('',#725,.T.);
#350=FACE_OUTER_BOUND('',#726,.T.);
#351=FACE_OUTER_BOUND('',#727,.T.);
#352=FACE_OUTER_BOUND('',#728,.T.);
#353=FACE_OUTER_BOUND('',#729,.T.);
#354=FACE_OUTER_BOUND('',#730,.T.);
#355=FACE_OUTER_BOUND('',#731,.T.);
#356=FACE_OUTER_BOUND('',#732,.T.);
#357=FACE_OUTER_BOUND('',#733,.T.);
#358=FACE_OUTER_BOUND('',#734,.T.);
#359=FACE_OUTER_BOUND('',#735,.T.);
#360=FACE_OUTER_BOUND('',#736,.T.);
#361=FACE_OUTER_BOUND('',#737,.T.);
#362=FACE_OUTER_BOUND('',#738,.T.);
#363=FACE_OUTER_BOUND('',#739,.T.);
#364=FACE_OUTER_BOUND('',#740,.T.);
#365=FACE_OUTER_BOUND('',#741,.T.);
#366=FACE_OUTER_BOUND('',#742,.T.);
#367=FACE_OUTER_BOUND('',#743,.T.);
#368=FACE_OUTER_BOUND('',#744,.T.);
#369=FACE_OUTER_BOUND('',#745,.T.);
#370=FACE_OUTER_BOUND('',#746,.T.);
#371=FACE_OUTER_BOUND('',#747,.T.);
#372=FACE_OUTER_BOUND('',#748,.T.);
#373=FACE_OUTER_BOUND('',#749,.T.);
#374=FACE_OUTER_BOUND('',#750,.T.);
#375=FACE_OUTER_BOUND('',#751,.T.);
#376=FACE_OUTER_BOUND('',#752,.T.);
#377=FACE_OUTER_BOUND('',#753,.T.);
#378=FACE_OUTER_BOUND('',#754,.T.);
#379=FACE_OUTER_BOUND('',#755,.T.);
#380=FACE_OUTER_BOUND('',#756,.T.);
#381=FACE_OUTER_BOUND('',#757,.T.);
#382=FACE_OUTER_BOUND('',#758,.T.);
#383=FACE_OUTER_BOUND('',#759,.T.);
#384=FACE_OUTER_BOUND('',#760,.T.);
#385=FACE_OUTER_BOUND('',#761,.T.);
#386=FACE_OUTER_BOUND('',#762,.T.);
#387=FACE_OUTER_BOUND('',#763,.T.);
#388=FACE_OUTER_BOUND('',#764,.T.);
#389=FACE_OUTER_BOUND('',#765,.T.);
#390=FACE_OUTER_BOUND('',#766,.T.);
#391=EDGE_LOOP('',(#3935,#3936,#3937,#3938));
#392=EDGE_LOOP('',(#3939,#3940,#3941,#3942));
#393=EDGE_LOOP('',(#3943,#3944,#3945,#3946));
#394=EDGE_LOOP('',(#3947,#3948,#3949,#3950));
#395=EDGE_LOOP('',(#3951,#3952,#3953,#3954));
#396=EDGE_LOOP('',(#3955,#3956,#3957,#3958));
#397=EDGE_LOOP('',(#3959,#3960,#3961,#3962));
#398=EDGE_LOOP('',(#3963,#3964,#3965,#3966));
#399=EDGE_LOOP('',(#3967,#3968,#3969,#3970));
#400=EDGE_LOOP('',(#3971,#3972,#3973,#3974));
#401=EDGE_LOOP('',(#3975,#3976,#3977,#3978));
#402=EDGE_LOOP('',(#3979,#3980,#3981,#3982));
#403=EDGE_LOOP('',(#3983,#3984,#3985,#3986));
#404=EDGE_LOOP('',(#3987,#3988,#3989,#3990));
#405=EDGE_LOOP('',(#3991,#3992,#3993,#3994));
#406=EDGE_LOOP('',(#3995,#3996,#3997,#3998));
#407=EDGE_LOOP('',(#3999,#4000,#4001,#4002));
#408=EDGE_LOOP('',(#4003,#4004,#4005,#4006));
#409=EDGE_LOOP('',(#4007,#4008,#4009,#4010));
#410=EDGE_LOOP('',(#4011,#4012,#4013,#4014));
#411=EDGE_LOOP('',(#4015,#4016,#4017,#4018));
#412=EDGE_LOOP('',(#4019,#4020,#4021,#4022));
#413=EDGE_LOOP('',(#4023,#4024,#4025,#4026));
#414=EDGE_LOOP('',(#4027,#4028,#4029,#4030));
#415=EDGE_LOOP('',(#4031,#4032,#4033,#4034));
#416=EDGE_LOOP('',(#4035,#4036,#4037,#4038));
#417=EDGE_LOOP('',(#4039,#4040,#4041,#4042));
#418=EDGE_LOOP('',(#4043,#4044,#4045,#4046));
#419=EDGE_LOOP('',(#4047,#4048,#4049,#4050));
#420=EDGE_LOOP('',(#4051,#4052,#4053,#4054));
#421=EDGE_LOOP('',(#4055,#4056,#4057,#4058));
#422=EDGE_LOOP('',(#4059,#4060,#4061,#4062));
#423=EDGE_LOOP('',(#4063,#4064,#4065,#4066));
#424=EDGE_LOOP('',(#4067,#4068,#4069,#4070));
#425=EDGE_LOOP('',(#4071,#4072,#4073,#4074));
#426=EDGE_LOOP('',(#4075,#4076,#4077,#4078));
#427=EDGE_LOOP('',(#4079,#4080,#4081,#4082));
#428=EDGE_LOOP('',(#4083,#4084,#4085,#4086));
#429=EDGE_LOOP('',(#4087,#4088,#4089,#4090));
#430=EDGE_LOOP('',(#4091,#4092,#4093,#4094));
#431=EDGE_LOOP('',(#4095,#4096,#4097,#4098));
#432=EDGE_LOOP('',(#4099,#4100,#4101,#4102));
#433=EDGE_LOOP('',(#4103,#4104,#4105,#4106));
#434=EDGE_LOOP('',(#4107,#4108,#4109,#4110));
#435=EDGE_LOOP('',(#4111,#4112,#4113,#4114));
#436=EDGE_LOOP('',(#4115,#4116,#4117,#4118));
#437=EDGE_LOOP('',(#4119,#4120,#4121,#4122));
#438=EDGE_LOOP('',(#4123,#4124,#4125,#4126));
#439=EDGE_LOOP('',(#4127,#4128,#4129,#4130));
#440=EDGE_LOOP('',(#4131,#4132,#4133,#4134));
#441=EDGE_LOOP('',(#4135,#4136,#4137,#4138));
#442=EDGE_LOOP('',(#4139,#4140,#4141,#4142));
#443=EDGE_LOOP('',(#4143,#4144,#4145,#4146));
#444=EDGE_LOOP('',(#4147,#4148,#4149,#4150));
#445=EDGE_LOOP('',(#4151,#4152,#4153,#4154));
#446=EDGE_LOOP('',(#4155,#4156,#4157,#4158));
#447=EDGE_LOOP('',(#4159,#4160,#4161,#4162));
#448=EDGE_LOOP('',(#4163,#4164,#4165,#4166));
#449=EDGE_LOOP('',(#4167,#4168,#4169,#4170));
#450=EDGE_LOOP('',(#4171,#4172,#4173,#4174));
#451=EDGE_LOOP('',(#4175,#4176,#4177,#4178));
#452=EDGE_LOOP('',(#4179,#4180,#4181,#4182));
#453=EDGE_LOOP('',(#4183,#4184,#4185,#4186));
#454=EDGE_LOOP('',(#4187,#4188,#4189,#4190));
#455=EDGE_LOOP('',(#4191,#4192,#4193,#4194));
#456=EDGE_LOOP('',(#4195,#4196,#4197,#4198));
#457=EDGE_LOOP('',(#4199,#4200,#4201,#4202));
#458=EDGE_LOOP('',(#4203,#4204,#4205,#4206));
#459=EDGE_LOOP('',(#4207,#4208,#4209,#4210));
#460=EDGE_LOOP('',(#4211,#4212,#4213,#4214));
#461=EDGE_LOOP('',(#4215,#4216,#4217,#4218));
#462=EDGE_LOOP('',(#4219,#4220,#4221,#4222));
#463=EDGE_LOOP('',(#4223,#4224,#4225,#4226));
#464=EDGE_LOOP('',(#4227,#4228,#4229,#4230));
#465=EDGE_LOOP('',(#4231,#4232,#4233,#4234));
#466=EDGE_LOOP('',(#4235,#4236,#4237,#4238));
#467=EDGE_LOOP('',(#4239,#4240,#4241,#4242));
#468=EDGE_LOOP('',(#4243,#4244,#4245,#4246));
#469=EDGE_LOOP('',(#4247,#4248,#4249,#4250));
#470=EDGE_LOOP('',(#4251,#4252,#4253,#4254));
#471=EDGE_LOOP('',(#4255,#4256,#4257,#4258));
#472=EDGE_LOOP('',(#4259,#4260,#4261,#4262));
#473=EDGE_LOOP('',(#4263,#4264,#4265,#4266));
#474=EDGE_LOOP('',(#4267,#4268,#4269,#4270));
#475=EDGE_LOOP('',(#4271,#4272,#4273,#4274));
#476=EDGE_LOOP('',(#4275,#4276,#4277,#4278));
#477=EDGE_LOOP('',(#4279,#4280,#4281,#4282));
#478=EDGE_LOOP('',(#4283,#4284,#4285,#4286));
#479=EDGE_LOOP('',(#4287,#4288,#4289,#4290));
#480=EDGE_LOOP('',(#4291,#4292,#4293,#4294));
#481=EDGE_LOOP('',(#4295,#4296,#4297,#4298));
#482=EDGE_LOOP('',(#4299,#4300,#4301,#4302));
#483=EDGE_LOOP('',(#4303,#4304,#4305,#4306));
#484=EDGE_LOOP('',(#4307,#4308,#4309,#4310));
#485=EDGE_LOOP('',(#4311,#4312,#4313,#4314));
#486=EDGE_LOOP('',(#4315,#4316,#4317,#4318));
#487=EDGE_LOOP('',(#4319,#4320,#4321,#4322));
#488=EDGE_LOOP('',(#4323,#4324,#4325,#4326));
#489=EDGE_LOOP('',(#4327,#4328,#4329,#4330));
#490=EDGE_LOOP('',(#4331,#4332,#4333,#4334));
#491=EDGE_LOOP('',(#4335,#4336,#4337,#4338));
#492=EDGE_LOOP('',(#4339,#4340,#4341,#4342));
#493=EDGE_LOOP('',(#4343,#4344,#4345,#4346));
#494=EDGE_LOOP('',(#4347,#4348,#4349,#4350));
#495=EDGE_LOOP('',(#4351,#4352,#4353,#4354));
#496=EDGE_LOOP('',(#4355,#4356,#4357,#4358));
#497=EDGE_LOOP('',(#4359,#4360,#4361,#4362));
#498=EDGE_LOOP('',(#4363,#4364,#4365,#4366));
#499=EDGE_LOOP('',(#4367,#4368,#4369,#4370));
#500=EDGE_LOOP('',(#4371,#4372,#4373,#4374));
#501=EDGE_LOOP('',(#4375,#4376,#4377,#4378));
#502=EDGE_LOOP('',(#4379,#4380,#4381,#4382));
#503=EDGE_LOOP('',(#4383,#4384,#4385,#4386));
#504=EDGE_LOOP('',(#4387,#4388,#4389,#4390));
#505=EDGE_LOOP('',(#4391,#4392,#4393,#4394));
#506=EDGE_LOOP('',(#4395,#4396,#4397,#4398));
#507=EDGE_LOOP('',(#4399,#4400,#4401,#4402));
#508=EDGE_LOOP('',(#4403,#4404,#4405,#4406));
#509=EDGE_LOOP('',(#4407,#4408,#4409,#4410));
#510=EDGE_LOOP('',(#4411,#4412,#4413,#4414));
#511=EDGE_LOOP('',(#4415,#4416,#4417,#4418));
#512=EDGE_LOOP('',(#4419,#4420,#4421,#4422));
#513=EDGE_LOOP('',(#4423,#4424,#4425,#4426));
#514=EDGE_LOOP('',(#4427,#4428,#4429,#4430));
#515=EDGE_LOOP('',(#4431,#4432,#4433,#4434));
#516=EDGE_LOOP('',(#4435,#4436,#4437,#4438));
#517=EDGE_LOOP('',(#4439,#4440,#4441,#4442));
#518=EDGE_LOOP('',(#4443,#4444,#4445,#4446));
#519=EDGE_LOOP('',(#4447,#4448,#4449,#4450));
#520=EDGE_LOOP('',(#4451,#4452,#4453,#4454));
#521=EDGE_LOOP('',(#4455,#4456,#4457,#4458));
#522=EDGE_LOOP('',(#4459,#4460,#4461,#4462));
#523=EDGE_LOOP('',(#4463,#4464,#4465,#4466));
#524=EDGE_LOOP('',(#4467,#4468,#4469,#4470));
#525=EDGE_LOOP('',(#4471,#4472,#4473,#4474));
#526=EDGE_LOOP('',(#4475,#4476,#4477,#4478));
#527=EDGE_LOOP('',(#4479,#4480,#4481,#4482));
#528=EDGE_LOOP('',(#4483,#4484,#4485,#4486));
#529=EDGE_LOOP('',(#4487,#4488,#4489,#4490));
#530=EDGE_LOOP('',(#4491,#4492,#4493,#4494));
#531=EDGE_LOOP('',(#4495,#4496,#4497,#4498));
#532=EDGE_LOOP('',(#4499,#4500,#4501,#4502));
#533=EDGE_LOOP('',(#4503,#4504,#4505,#4506));
#534=EDGE_LOOP('',(#4507,#4508,#4509,#4510));
#535=EDGE_LOOP('',(#4511,#4512,#4513,#4514));
#536=EDGE_LOOP('',(#4515,#4516,#4517,#4518));
#537=EDGE_LOOP('',(#4519,#4520,#4521,#4522));
#538=EDGE_LOOP('',(#4523,#4524,#4525,#4526));
#539=EDGE_LOOP('',(#4527,#4528,#4529,#4530));
#540=EDGE_LOOP('',(#4531,#4532,#4533,#4534));
#541=EDGE_LOOP('',(#4535,#4536,#4537,#4538));
#542=EDGE_LOOP('',(#4539,#4540,#4541,#4542));
#543=EDGE_LOOP('',(#4543,#4544,#4545,#4546));
#544=EDGE_LOOP('',(#4547,#4548,#4549,#4550));
#545=EDGE_LOOP('',(#4551,#4552,#4553,#4554));
#546=EDGE_LOOP('',(#4555,#4556,#4557,#4558));
#547=EDGE_LOOP('',(#4559,#4560,#4561,#4562));
#548=EDGE_LOOP('',(#4563,#4564,#4565,#4566));
#549=EDGE_LOOP('',(#4567,#4568,#4569,#4570));
#550=EDGE_LOOP('',(#4571,#4572,#4573,#4574));
#551=EDGE_LOOP('',(#4575,#4576,#4577,#4578));
#552=EDGE_LOOP('',(#4579,#4580,#4581,#4582));
#553=EDGE_LOOP('',(#4583,#4584,#4585,#4586));
#554=EDGE_LOOP('',(#4587,#4588,#4589,#4590));
#555=EDGE_LOOP('',(#4591,#4592,#4593,#4594));
#556=EDGE_LOOP('',(#4595,#4596,#4597,#4598));
#557=EDGE_LOOP('',(#4599,#4600,#4601,#4602));
#558=EDGE_LOOP('',(#4603,#4604,#4605,#4606));
#559=EDGE_LOOP('',(#4607,#4608,#4609,#4610));
#560=EDGE_LOOP('',(#4611,#4612,#4613,#4614));
#561=EDGE_LOOP('',(#4615,#4616,#4617,#4618));
#562=EDGE_LOOP('',(#4619,#4620,#4621,#4622));
#563=EDGE_LOOP('',(#4623,#4624,#4625,#4626));
#564=EDGE_LOOP('',(#4627,#4628,#4629,#4630));
#565=EDGE_LOOP('',(#4631,#4632,#4633,#4634));
#566=EDGE_LOOP('',(#4635,#4636,#4637,#4638));
#567=EDGE_LOOP('',(#4639,#4640,#4641,#4642));
#568=EDGE_LOOP('',(#4643,#4644,#4645,#4646));
#569=EDGE_LOOP('',(#4647,#4648,#4649,#4650));
#570=EDGE_LOOP('',(#4651,#4652,#4653,#4654));
#571=EDGE_LOOP('',(#4655,#4656,#4657,#4658));
#572=EDGE_LOOP('',(#4659,#4660,#4661,#4662));
#573=EDGE_LOOP('',(#4663,#4664,#4665,#4666));
#574=EDGE_LOOP('',(#4667,#4668,#4669,#4670));
#575=EDGE_LOOP('',(#4671,#4672,#4673,#4674));
#576=EDGE_LOOP('',(#4675,#4676,#4677,#4678,#4679,#4680,#4681,#4682,#4683,
#4684,#4685,#4686,#4687,#4688,#4689,#4690,#4691,#4692,#4693,#4694,#4695,
#4696,#4697,#4698,#4699,#4700,#4701,#4702,#4703,#4704,#4705,#4706,#4707,
#4708,#4709,#4710,#4711,#4712,#4713,#4714,#4715,#4716,#4717,#4718,#4719,
#4720,#4721,#4722,#4723,#4724,#4725,#4726,#4727,#4728,#4729,#4730,#4731,
#4732,#4733,#4734,#4735,#4736,#4737,#4738,#4739,#4740,#4741,#4742,#4743,
#4744,#4745,#4746,#4747,#4748,#4749,#4750,#4751,#4752,#4753,#4754,#4755,
#4756,#4757,#4758,#4759,#4760,#4761,#4762,#4763,#4764,#4765,#4766,#4767,
#4768,#4769,#4770,#4771,#4772,#4773,#4774,#4775,#4776,#4777,#4778,#4779,
#4780,#4781,#4782,#4783,#4784,#4785,#4786,#4787,#4788,#4789,#4790));
#577=EDGE_LOOP('',(#4791,#4792,#4793,#4794));
#578=EDGE_LOOP('',(#4795,#4796,#4797,#4798));
#579=EDGE_LOOP('',(#4799,#4800,#4801,#4802));
#580=EDGE_LOOP('',(#4803,#4804,#4805,#4806));
#581=EDGE_LOOP('',(#4807,#4808,#4809,#4810));
#582=EDGE_LOOP('',(#4811,#4812,#4813,#4814));
#583=EDGE_LOOP('',(#4815,#4816,#4817,#4818));
#584=EDGE_LOOP('',(#4819,#4820,#4821,#4822));
#585=EDGE_LOOP('',(#4823,#4824,#4825,#4826));
#586=EDGE_LOOP('',(#4827,#4828,#4829,#4830));
#587=EDGE_LOOP('',(#4831,#4832,#4833,#4834));
#588=EDGE_LOOP('',(#4835,#4836,#4837,#4838));
#589=EDGE_LOOP('',(#4839,#4840,#4841,#4842));
#590=EDGE_LOOP('',(#4843,#4844,#4845,#4846));
#591=EDGE_LOOP('',(#4847,#4848,#4849,#4850));
#592=EDGE_LOOP('',(#4851,#4852,#4853,#4854));
#593=EDGE_LOOP('',(#4855,#4856,#4857,#4858));
#594=EDGE_LOOP('',(#4859,#4860,#4861,#4862));
#595=EDGE_LOOP('',(#4863,#4864,#4865,#4866));
#596=EDGE_LOOP('',(#4867,#4868,#4869,#4870));
#597=EDGE_LOOP('',(#4871,#4872,#4873,#4874));
#598=EDGE_LOOP('',(#4875,#4876,#4877,#4878));
#599=EDGE_LOOP('',(#4879,#4880,#4881,#4882));
#600=EDGE_LOOP('',(#4883,#4884,#4885,#4886));
#601=EDGE_LOOP('',(#4887,#4888,#4889,#4890));
#602=EDGE_LOOP('',(#4891,#4892,#4893,#4894));
#603=EDGE_LOOP('',(#4895,#4896,#4897,#4898));
#604=EDGE_LOOP('',(#4899,#4900,#4901,#4902));
#605=EDGE_LOOP('',(#4903,#4904,#4905,#4906));
#606=EDGE_LOOP('',(#4907,#4908,#4909,#4910));
#607=EDGE_LOOP('',(#4911,#4912,#4913,#4914));
#608=EDGE_LOOP('',(#4915,#4916,#4917,#4918));
#609=EDGE_LOOP('',(#4919,#4920,#4921,#4922));
#610=EDGE_LOOP('',(#4923,#4924,#4925,#4926));
#611=EDGE_LOOP('',(#4927,#4928,#4929,#4930));
#612=EDGE_LOOP('',(#4931,#4932,#4933,#4934));
#613=EDGE_LOOP('',(#4935,#4936,#4937,#4938));
#614=EDGE_LOOP('',(#4939,#4940,#4941,#4942));
#615=EDGE_LOOP('',(#4943,#4944,#4945,#4946));
#616=EDGE_LOOP('',(#4947,#4948,#4949,#4950));
#617=EDGE_LOOP('',(#4951,#4952,#4953,#4954));
#618=EDGE_LOOP('',(#4955,#4956,#4957,#4958));
#619=EDGE_LOOP('',(#4959,#4960,#4961,#4962));
#620=EDGE_LOOP('',(#4963,#4964,#4965,#4966));
#621=EDGE_LOOP('',(#4967,#4968,#4969,#4970));
#622=EDGE_LOOP('',(#4971,#4972,#4973,#4974));
#623=EDGE_LOOP('',(#4975,#4976,#4977,#4978));
#624=EDGE_LOOP('',(#4979,#4980,#4981,#4982));
#625=EDGE_LOOP('',(#4983,#4984,#4985,#4986));
#626=EDGE_LOOP('',(#4987,#4988,#4989,#4990));
#627=EDGE_LOOP('',(#4991,#4992,#4993,#4994));
#628=EDGE_LOOP('',(#4995,#4996,#4997,#4998));
#629=EDGE_LOOP('',(#4999,#5000,#5001,#5002));
#630=EDGE_LOOP('',(#5003,#5004,#5005,#5006));
#631=EDGE_LOOP('',(#5007,#5008,#5009,#5010));
#632=EDGE_LOOP('',(#5011,#5012,#5013,#5014));
#633=EDGE_LOOP('',(#5015,#5016,#5017,#5018));
#634=EDGE_LOOP('',(#5019,#5020,#5021,#5022));
#635=EDGE_LOOP('',(#5023,#5024,#5025,#5026));
#636=EDGE_LOOP('',(#5027,#5028,#5029,#5030));
#637=EDGE_LOOP('',(#5031,#5032,#5033,#5034));
#638=EDGE_LOOP('',(#5035,#5036,#5037,#5038));
#639=EDGE_LOOP('',(#5039,#5040,#5041,#5042));
#640=EDGE_LOOP('',(#5043,#5044,#5045,#5046));
#641=EDGE_LOOP('',(#5047,#5048,#5049,#5050));
#642=EDGE_LOOP('',(#5051,#5052,#5053,#5054));
#643=EDGE_LOOP('',(#5055,#5056,#5057,#5058));
#644=EDGE_LOOP('',(#5059,#5060,#5061,#5062));
#645=EDGE_LOOP('',(#5063,#5064,#5065,#5066));
#646=EDGE_LOOP('',(#5067,#5068,#5069,#5070));
#647=EDGE_LOOP('',(#5071,#5072,#5073,#5074,#5075,#5076,#5077,#5078,#5079,
#5080,#5081,#5082,#5083,#5084,#5085,#5086,#5087,#5088,#5089,#5090,#5091,
#5092,#5093,#5094,#5095,#5096,#5097,#5098,#5099,#5100,#5101,#5102,#5103,
#5104,#5105,#5106,#5107,#5108,#5109,#5110,#5111,#5112,#5113,#5114,#5115,
#5116,#5117,#5118,#5119,#5120,#5121,#5122,#5123,#5124,#5125,#5126,#5127,
#5128,#5129,#5130,#5131,#5132,#5133,#5134,#5135,#5136,#5137,#5138,#5139,
#5140,#5141,#5142,#5143,#5144,#5145,#5146,#5147,#5148,#5149,#5150,#5151,
#5152,#5153,#5154,#5155,#5156,#5157,#5158,#5159,#5160,#5161,#5162,#5163,
#5164,#5165,#5166,#5167,#5168,#5169,#5170,#5171,#5172,#5173,#5174,#5175,
#5176,#5177,#5178,#5179,#5180,#5181,#5182,#5183,#5184,#5185,#5186));
#648=EDGE_LOOP('',(#5187,#5188,#5189,#5190));
#649=EDGE_LOOP('',(#5191,#5192,#5193,#5194));
#650=EDGE_LOOP('',(#5195,#5196,#5197,#5198));
#651=EDGE_LOOP('',(#5199,#5200,#5201,#5202));
#652=EDGE_LOOP('',(#5203,#5204,#5205,#5206));
#653=EDGE_LOOP('',(#5207,#5208,#5209,#5210));
#654=EDGE_LOOP('',(#5211,#5212,#5213,#5214));
#655=EDGE_LOOP('',(#5215,#5216,#5217,#5218));
#656=EDGE_LOOP('',(#5219,#5220,#5221,#5222));
#657=EDGE_LOOP('',(#5223,#5224,#5225,#5226));
#658=EDGE_LOOP('',(#5227,#5228,#5229,#5230));
#659=EDGE_LOOP('',(#5231,#5232,#5233,#5234));
#660=EDGE_LOOP('',(#5235,#5236,#5237,#5238));
#661=EDGE_LOOP('',(#5239,#5240,#5241,#5242));
#662=EDGE_LOOP('',(#5243,#5244,#5245,#5246));
#663=EDGE_LOOP('',(#5247,#5248,#5249,#5250));
#664=EDGE_LOOP('',(#5251,#5252,#5253,#5254));
#665=EDGE_LOOP('',(#5255,#5256,#5257,#5258));
#666=EDGE_LOOP('',(#5259,#5260,#5261,#5262));
#667=EDGE_LOOP('',(#5263,#5264,#5265,#5266));
#668=EDGE_LOOP('',(#5267,#5268,#5269,#5270));
#669=EDGE_LOOP('',(#5271,#5272,#5273,#5274));
#670=EDGE_LOOP('',(#5275,#5276,#5277,#5278));
#671=EDGE_LOOP('',(#5279,#5280,#5281,#5282));
#672=EDGE_LOOP('',(#5283,#5284,#5285,#5286));
#673=EDGE_LOOP('',(#5287,#5288,#5289,#5290));
#674=EDGE_LOOP('',(#5291,#5292,#5293,#5294));
#675=EDGE_LOOP('',(#5295,#5296,#5297,#5298));
#676=EDGE_LOOP('',(#5299,#5300,#5301,#5302));
#677=EDGE_LOOP('',(#5303,#5304,#5305,#5306));
#678=EDGE_LOOP('',(#5307,#5308,#5309,#5310));
#679=EDGE_LOOP('',(#5311,#5312,#5313,#5314));
#680=EDGE_LOOP('',(#5315,#5316,#5317,#5318));
#681=EDGE_LOOP('',(#5319,#5320,#5321,#5322));
#682=EDGE_LOOP('',(#5323,#5324,#5325,#5326));
#683=EDGE_LOOP('',(#5327,#5328,#5329,#5330));
#684=EDGE_LOOP('',(#5331,#5332,#5333,#5334));
#685=EDGE_LOOP('',(#5335,#5336,#5337,#5338));
#686=EDGE_LOOP('',(#5339,#5340,#5341,#5342));
#687=EDGE_LOOP('',(#5343,#5344,#5345,#5346));
#688=EDGE_LOOP('',(#5347,#5348,#5349,#5350));
#689=EDGE_LOOP('',(#5351,#5352,#5353,#5354));
#690=EDGE_LOOP('',(#5355,#5356,#5357,#5358));
#691=EDGE_LOOP('',(#5359,#5360,#5361,#5362));
#692=EDGE_LOOP('',(#5363,#5364,#5365,#5366));
#693=EDGE_LOOP('',(#5367,#5368,#5369,#5370));
#694=EDGE_LOOP('',(#5371,#5372,#5373,#5374));
#695=EDGE_LOOP('',(#5375,#5376,#5377,#5378));
#696=EDGE_LOOP('',(#5379,#5380,#5381,#5382));
#697=EDGE_LOOP('',(#5383,#5384,#5385,#5386));
#698=EDGE_LOOP('',(#5387,#5388,#5389,#5390));
#699=EDGE_LOOP('',(#5391,#5392,#5393,#5394));
#700=EDGE_LOOP('',(#5395,#5396,#5397,#5398));
#701=EDGE_LOOP('',(#5399,#5400,#5401,#5402));
#702=EDGE_LOOP('',(#5403,#5404,#5405,#5406));
#703=EDGE_LOOP('',(#5407,#5408,#5409,#5410));
#704=EDGE_LOOP('',(#5411,#5412,#5413,#5414));
#705=EDGE_LOOP('',(#5415,#5416,#5417,#5418));
#706=EDGE_LOOP('',(#5419,#5420,#5421,#5422));
#707=EDGE_LOOP('',(#5423,#5424,#5425,#5426));
#708=EDGE_LOOP('',(#5427,#5428,#5429,#5430));
#709=EDGE_LOOP('',(#5431,#5432,#5433,#5434));
#710=EDGE_LOOP('',(#5435,#5436,#5437,#5438));
#711=EDGE_LOOP('',(#5439,#5440,#5441,#5442));
#712=EDGE_LOOP('',(#5443,#5444,#5445,#5446));
#713=EDGE_LOOP('',(#5447,#5448,#5449,#5450));
#714=EDGE_LOOP('',(#5451,#5452,#5453,#5454));
#715=EDGE_LOOP('',(#5455,#5456,#5457,#5458));
#716=EDGE_LOOP('',(#5459,#5460,#5461,#5462));
#717=EDGE_LOOP('',(#5463,#5464,#5465,#5466));
#718=EDGE_LOOP('',(#5467,#5468,#5469,#5470));
#719=EDGE_LOOP('',(#5471,#5472,#5473,#5474));
#720=EDGE_LOOP('',(#5475,#5476,#5477,#5478));
#721=EDGE_LOOP('',(#5479,#5480,#5481,#5482));
#722=EDGE_LOOP('',(#5483,#5484,#5485,#5486));
#723=EDGE_LOOP('',(#5487,#5488,#5489,#5490));
#724=EDGE_LOOP('',(#5491,#5492,#5493,#5494));
#725=EDGE_LOOP('',(#5495,#5496,#5497,#5498));
#726=EDGE_LOOP('',(#5499,#5500,#5501,#5502));
#727=EDGE_LOOP('',(#5503,#5504,#5505,#5506));
#728=EDGE_LOOP('',(#5507,#5508,#5509,#5510));
#729=EDGE_LOOP('',(#5511,#5512,#5513,#5514));
#730=EDGE_LOOP('',(#5515,#5516,#5517,#5518));
#731=EDGE_LOOP('',(#5519,#5520,#5521,#5522));
#732=EDGE_LOOP('',(#5523,#5524,#5525,#5526));
#733=EDGE_LOOP('',(#5527,#5528,#5529,#5530));
#734=EDGE_LOOP('',(#5531,#5532,#5533,#5534));
#735=EDGE_LOOP('',(#5535,#5536,#5537,#5538));
#736=EDGE_LOOP('',(#5539,#5540,#5541,#5542));
#737=EDGE_LOOP('',(#5543,#5544,#5545,#5546));
#738=EDGE_LOOP('',(#5547,#5548,#5549,#5550));
#739=EDGE_LOOP('',(#5551,#5552,#5553,#5554));
#740=EDGE_LOOP('',(#5555,#5556,#5557,#5558));
#741=EDGE_LOOP('',(#5559,#5560,#5561,#5562));
#742=EDGE_LOOP('',(#5563,#5564,#5565,#5566));
#743=EDGE_LOOP('',(#5567,#5568,#5569,#5570));
#744=EDGE_LOOP('',(#5571,#5572,#5573,#5574));
#745=EDGE_LOOP('',(#5575,#5576,#5577,#5578));
#746=EDGE_LOOP('',(#5579,#5580,#5581,#5582));
#747=EDGE_LOOP('',(#5583,#5584,#5585,#5586));
#748=EDGE_LOOP('',(#5587,#5588,#5589,#5590));
#749=EDGE_LOOP('',(#5591,#5592,#5593,#5594));
#750=EDGE_LOOP('',(#5595,#5596,#5597,#5598));
#751=EDGE_LOOP('',(#5599,#5600,#5601,#5602));
#752=EDGE_LOOP('',(#5603,#5604,#5605,#5606));
#753=EDGE_LOOP('',(#5607,#5608,#5609,#5610));
#754=EDGE_LOOP('',(#5611,#5612,#5613,#5614));
#755=EDGE_LOOP('',(#5615,#5616,#5617,#5618));
#756=EDGE_LOOP('',(#5619,#5620,#5621,#5622));
#757=EDGE_LOOP('',(#5623,#5624,#5625,#5626));
#758=EDGE_LOOP('',(#5627,#5628,#5629,#5630));
#759=EDGE_LOOP('',(#5631,#5632,#5633,#5634));
#760=EDGE_LOOP('',(#5635,#5636,#5637,#5638));
#761=EDGE_LOOP('',(#5639,#5640,#5641,#5642));
#762=EDGE_LOOP('',(#5643,#5644,#5645,#5646));
#763=EDGE_LOOP('',(#5647,#5648,#5649,#5650));
#764=EDGE_LOOP('',(#5651,#5652,#5653,#5654));
#765=EDGE_LOOP('',(#5655,#5656,#5657,#5658));
#766=EDGE_LOOP('',(#5659,#5660,#5661,#5662));
#767=LINE('',#7997,#1631);
#768=LINE('',#7999,#1632);
#769=LINE('',#8001,#1633);
#770=LINE('',#8002,#1634);
#771=LINE('',#8005,#1635);
#772=LINE('',#8007,#1636);
#773=LINE('',#8008,#1637);
#774=LINE('',#8011,#1638);
#775=LINE('',#8013,#1639);
#776=LINE('',#8014,#1640);
#777=LINE('',#8016,#1641);
#778=LINE('',#8017,#1642);
#779=LINE('',#8021,#1643);
#780=LINE('',#8023,#1644);
#781=LINE('',#8025,#1645);
#782=LINE('',#8026,#1646);
#783=LINE('',#8029,#1647);
#784=LINE('',#8031,#1648);
#785=LINE('',#8032,#1649);
#786=LINE('',#8035,#1650);
#787=LINE('',#8037,#1651);
#788=LINE('',#8038,#1652);
#789=LINE('',#8040,#1653);
#790=LINE('',#8041,#1654);
#791=LINE('',#8045,#1655);
#792=LINE('',#8047,#1656);
#793=LINE('',#8049,#1657);
#794=LINE('',#8050,#1658);
#795=LINE('',#8053,#1659);
#796=LINE('',#8055,#1660);
#797=LINE('',#8056,#1661);
#798=LINE('',#8059,#1662);
#799=LINE('',#8061,#1663);
#800=LINE('',#8062,#1664);
#801=LINE('',#8066,#1665);
#802=LINE('',#8068,#1666);
#803=LINE('',#8070,#1667);
#804=LINE('',#8071,#1668);
#805=LINE('',#8075,#1669);
#806=LINE('',#8077,#1670);
#807=LINE('',#8079,#1671);
#808=LINE('',#8080,#1672);
#809=LINE('',#8082,#1673);
#810=LINE('',#8083,#1674);
#811=LINE('',#8087,#1675);
#812=LINE('',#8089,#1676);
#813=LINE('',#8091,#1677);
#814=LINE('',#8092,#1678);
#815=LINE('',#8095,#1679);
#816=LINE('',#8097,#1680);
#817=LINE('',#8098,#1681);
#818=LINE('',#8102,#1682);
#819=LINE('',#8103,#1683);
#820=LINE('',#8104,#1684);
#821=LINE('',#8108,#1685);
#822=LINE('',#8110,#1686);
#823=LINE('',#8112,#1687);
#824=LINE('',#8113,#1688);
#825=LINE('',#8116,#1689);
#826=LINE('',#8118,#1690);
#827=LINE('',#8119,#1691);
#828=LINE('',#8123,#1692);
#829=LINE('',#8124,#1693);
#830=LINE('',#8125,#1694);
#831=LINE('',#8129,#1695);
#832=LINE('',#8131,#1696);
#833=LINE('',#8133,#1697);
#834=LINE('',#8134,#1698);
#835=LINE('',#8137,#1699);
#836=LINE('',#8139,#1700);
#837=LINE('',#8140,#1701);
#838=LINE('',#8143,#1702);
#839=LINE('',#8145,#1703);
#840=LINE('',#8146,#1704);
#841=LINE('',#8148,#1705);
#842=LINE('',#8149,#1706);
#843=LINE('',#8153,#1707);
#844=LINE('',#8155,#1708);
#845=LINE('',#8157,#1709);
#846=LINE('',#8158,#1710);
#847=LINE('',#8161,#1711);
#848=LINE('',#8163,#1712);
#849=LINE('',#8164,#1713);
#850=LINE('',#8167,#1714);
#851=LINE('',#8169,#1715);
#852=LINE('',#8170,#1716);
#853=LINE('',#8172,#1717);
#854=LINE('',#8173,#1718);
#855=LINE('',#8177,#1719);
#856=LINE('',#8179,#1720);
#857=LINE('',#8181,#1721);
#858=LINE('',#8182,#1722);
#859=LINE('',#8186,#1723);
#860=LINE('',#8188,#1724);
#861=LINE('',#8190,#1725);
#862=LINE('',#8191,#1726);
#863=LINE('',#8193,#1727);
#864=LINE('',#8194,#1728);
#865=LINE('',#8198,#1729);
#866=LINE('',#8200,#1730);
#867=LINE('',#8202,#1731);
#868=LINE('',#8203,#1732);
#869=LINE('',#8206,#1733);
#870=LINE('',#8208,#1734);
#871=LINE('',#8209,#1735);
#872=LINE('',#8212,#1736);
#873=LINE('',#8214,#1737);
#874=LINE('',#8215,#1738);
#875=LINE('',#8217,#1739);
#876=LINE('',#8218,#1740);
#877=LINE('',#8222,#1741);
#878=LINE('',#8224,#1742);
#879=LINE('',#8226,#1743);
#880=LINE('',#8227,#1744);
#881=LINE('',#8231,#1745);
#882=LINE('',#8233,#1746);
#883=LINE('',#8235,#1747);
#884=LINE('',#8236,#1748);
#885=LINE('',#8238,#1749);
#886=LINE('',#8239,#1750);
#887=LINE('',#8243,#1751);
#888=LINE('',#8245,#1752);
#889=LINE('',#8247,#1753);
#890=LINE('',#8248,#1754);
#891=LINE('',#8251,#1755);
#892=LINE('',#8253,#1756);
#893=LINE('',#8254,#1757);
#894=LINE('',#8257,#1758);
#895=LINE('',#8259,#1759);
#896=LINE('',#8260,#1760);
#897=LINE('',#8262,#1761);
#898=LINE('',#8263,#1762);
#899=LINE('',#8267,#1763);
#900=LINE('',#8269,#1764);
#901=LINE('',#8271,#1765);
#902=LINE('',#8272,#1766);
#903=LINE('',#8275,#1767);
#904=LINE('',#8277,#1768);
#905=LINE('',#8278,#1769);
#906=LINE('',#8281,#1770);
#907=LINE('',#8283,#1771);
#908=LINE('',#8284,#1772);
#909=LINE('',#8286,#1773);
#910=LINE('',#8287,#1774);
#911=LINE('',#8291,#1775);
#912=LINE('',#8293,#1776);
#913=LINE('',#8295,#1777);
#914=LINE('',#8296,#1778);
#915=LINE('',#8299,#1779);
#916=LINE('',#8301,#1780);
#917=LINE('',#8302,#1781);
#918=LINE('',#8305,#1782);
#919=LINE('',#8307,#1783);
#920=LINE('',#8308,#1784);
#921=LINE('',#8310,#1785);
#922=LINE('',#8311,#1786);
#923=LINE('',#8315,#1787);
#924=LINE('',#8317,#1788);
#925=LINE('',#8319,#1789);
#926=LINE('',#8320,#1790);
#927=LINE('',#8323,#1791);
#928=LINE('',#8325,#1792);
#929=LINE('',#8326,#1793);
#930=LINE('',#8329,#1794);
#931=LINE('',#8331,#1795);
#932=LINE('',#8332,#1796);
#933=LINE('',#8336,#1797);
#934=LINE('',#8338,#1798);
#935=LINE('',#8340,#1799);
#936=LINE('',#8341,#1800);
#937=LINE('',#8344,#1801);
#938=LINE('',#8346,#1802);
#939=LINE('',#8347,#1803);
#940=LINE('',#8350,#1804);
#941=LINE('',#8352,#1805);
#942=LINE('',#8353,#1806);
#943=LINE('',#8355,#1807);
#944=LINE('',#8356,#1808);
#945=LINE('',#8360,#1809);
#946=LINE('',#8362,#1810);
#947=LINE('',#8364,#1811);
#948=LINE('',#8365,#1812);
#949=LINE('',#8368,#1813);
#950=LINE('',#8370,#1814);
#951=LINE('',#8371,#1815);
#952=LINE('',#8374,#1816);
#953=LINE('',#8376,#1817);
#954=LINE('',#8377,#1818);
#955=LINE('',#8379,#1819);
#956=LINE('',#8380,#1820);
#957=LINE('',#8384,#1821);
#958=LINE('',#8386,#1822);
#959=LINE('',#8388,#1823);
#960=LINE('',#8389,#1824);
#961=LINE('',#8392,#1825);
#962=LINE('',#8394,#1826);
#963=LINE('',#8395,#1827);
#964=LINE('',#8398,#1828);
#965=LINE('',#8400,#1829);
#966=LINE('',#8401,#1830);
#967=LINE('',#8403,#1831);
#968=LINE('',#8404,#1832);
#969=LINE('',#8408,#1833);
#970=LINE('',#8410,#1834);
#971=LINE('',#8412,#1835);
#972=LINE('',#8413,#1836);
#973=LINE('',#8416,#1837);
#974=LINE('',#8418,#1838);
#975=LINE('',#8419,#1839);
#976=LINE('',#8422,#1840);
#977=LINE('',#8424,#1841);
#978=LINE('',#8425,#1842);
#979=LINE('',#8427,#1843);
#980=LINE('',#8428,#1844);
#981=LINE('',#8432,#1845);
#982=LINE('',#8434,#1846);
#983=LINE('',#8436,#1847);
#984=LINE('',#8437,#1848);
#985=LINE('',#8440,#1849);
#986=LINE('',#8442,#1850);
#987=LINE('',#8443,#1851);
#988=LINE('',#8447,#1852);
#989=LINE('',#8448,#1853);
#990=LINE('',#8449,#1854);
#991=LINE('',#8453,#1855);
#992=LINE('',#8455,#1856);
#993=LINE('',#8457,#1857);
#994=LINE('',#8458,#1858);
#995=LINE('',#8461,#1859);
#996=LINE('',#8463,#1860);
#997=LINE('',#8464,#1861);
#998=LINE('',#8468,#1862);
#999=LINE('',#8469,#1863);
#1000=LINE('',#8470,#1864);
#1001=LINE('',#8474,#1865);
#1002=LINE('',#8476,#1866);
#1003=LINE('',#8478,#1867);
#1004=LINE('',#8479,#1868);
#1005=LINE('',#8482,#1869);
#1006=LINE('',#8484,#1870);
#1007=LINE('',#8485,#1871);
#1008=LINE('',#8488,#1872);
#1009=LINE('',#8490,#1873);
#1010=LINE('',#8491,#1874);
#1011=LINE('',#8493,#1875);
#1012=LINE('',#8494,#1876);
#1013=LINE('',#8498,#1877);
#1014=LINE('',#8500,#1878);
#1015=LINE('',#8502,#1879);
#1016=LINE('',#8503,#1880);
#1017=LINE('',#8506,#1881);
#1018=LINE('',#8508,#1882);
#1019=LINE('',#8509,#1883);
#1020=LINE('',#8512,#1884);
#1021=LINE('',#8514,#1885);
#1022=LINE('',#8515,#1886);
#1023=LINE('',#8517,#1887);
#1024=LINE('',#8518,#1888);
#1025=LINE('',#8522,#1889);
#1026=LINE('',#8524,#1890);
#1027=LINE('',#8526,#1891);
#1028=LINE('',#8527,#1892);
#1029=LINE('',#8530,#1893);
#1030=LINE('',#8532,#1894);
#1031=LINE('',#8533,#1895);
#1032=LINE('',#8536,#1896);
#1033=LINE('',#8538,#1897);
#1034=LINE('',#8539,#1898);
#1035=LINE('',#8541,#1899);
#1036=LINE('',#8542,#1900);
#1037=LINE('',#8546,#1901);
#1038=LINE('',#8548,#1902);
#1039=LINE('',#8550,#1903);
#1040=LINE('',#8551,#1904);
#1041=LINE('',#8554,#1905);
#1042=LINE('',#8556,#1906);
#1043=LINE('',#8557,#1907);
#1044=LINE('',#8560,#1908);
#1045=LINE('',#8562,#1909);
#1046=LINE('',#8563,#1910);
#1047=LINE('',#8565,#1911);
#1048=LINE('',#8566,#1912);
#1049=LINE('',#8570,#1913);
#1050=LINE('',#8572,#1914);
#1051=LINE('',#8574,#1915);
#1052=LINE('',#8575,#1916);
#1053=LINE('',#8578,#1917);
#1054=LINE('',#8580,#1918);
#1055=LINE('',#8581,#1919);
#1056=LINE('',#8585,#1920);
#1057=LINE('',#8586,#1921);
#1058=LINE('',#8587,#1922);
#1059=LINE('',#8591,#1923);
#1060=LINE('',#8593,#1924);
#1061=LINE('',#8595,#1925);
#1062=LINE('',#8596,#1926);
#1063=LINE('',#8599,#1927);
#1064=LINE('',#8601,#1928);
#1065=LINE('',#8602,#1929);
#1066=LINE('',#8606,#1930);
#1067=LINE('',#8607,#1931);
#1068=LINE('',#8608,#1932);
#1069=LINE('',#8612,#1933);
#1070=LINE('',#8614,#1934);
#1071=LINE('',#8616,#1935);
#1072=LINE('',#8617,#1936);
#1073=LINE('',#8620,#1937);
#1074=LINE('',#8622,#1938);
#1075=LINE('',#8623,#1939);
#1076=LINE('',#8627,#1940);
#1077=LINE('',#8628,#1941);
#1078=LINE('',#8629,#1942);
#1079=LINE('',#8633,#1943);
#1080=LINE('',#8635,#1944);
#1081=LINE('',#8637,#1945);
#1082=LINE('',#8638,#1946);
#1083=LINE('',#8641,#1947);
#1084=LINE('',#8643,#1948);
#1085=LINE('',#8644,#1949);
#1086=LINE('',#8647,#1950);
#1087=LINE('',#8649,#1951);
#1088=LINE('',#8650,#1952);
#1089=LINE('',#8652,#1953);
#1090=LINE('',#8653,#1954);
#1091=LINE('',#8657,#1955);
#1092=LINE('',#8659,#1956);
#1093=LINE('',#8661,#1957);
#1094=LINE('',#8662,#1958);
#1095=LINE('',#8666,#1959);
#1096=LINE('',#8668,#1960);
#1097=LINE('',#8670,#1961);
#1098=LINE('',#8671,#1962);
#1099=LINE('',#8673,#1963);
#1100=LINE('',#8674,#1964);
#1101=LINE('',#8678,#1965);
#1102=LINE('',#8680,#1966);
#1103=LINE('',#8682,#1967);
#1104=LINE('',#8683,#1968);
#1105=LINE('',#8686,#1969);
#1106=LINE('',#8688,#1970);
#1107=LINE('',#8689,#1971);
#1108=LINE('',#8692,#1972);
#1109=LINE('',#8694,#1973);
#1110=LINE('',#8695,#1974);
#1111=LINE('',#8697,#1975);
#1112=LINE('',#8698,#1976);
#1113=LINE('',#8702,#1977);
#1114=LINE('',#8704,#1978);
#1115=LINE('',#8706,#1979);
#1116=LINE('',#8707,#1980);
#1117=LINE('',#8710,#1981);
#1118=LINE('',#8712,#1982);
#1119=LINE('',#8713,#1983);
#1120=LINE('',#8717,#1984);
#1121=LINE('',#8718,#1985);
#1122=LINE('',#8719,#1986);
#1123=LINE('',#8723,#1987);
#1124=LINE('',#8725,#1988);
#1125=LINE('',#8727,#1989);
#1126=LINE('',#8728,#1990);
#1127=LINE('',#8731,#1991);
#1128=LINE('',#8733,#1992);
#1129=LINE('',#8734,#1993);
#1130=LINE('',#8737,#1994);
#1131=LINE('',#8739,#1995);
#1132=LINE('',#8740,#1996);
#1133=LINE('',#8742,#1997);
#1134=LINE('',#8743,#1998);
#1135=LINE('',#8747,#1999);
#1136=LINE('',#8749,#2000);
#1137=LINE('',#8751,#2001);
#1138=LINE('',#8752,#2002);
#1139=LINE('',#8756,#2003);
#1140=LINE('',#8758,#2004);
#1141=LINE('',#8760,#2005);
#1142=LINE('',#8761,#2006);
#1143=LINE('',#8763,#2007);
#1144=LINE('',#8764,#2008);
#1145=LINE('',#8768,#2009);
#1146=LINE('',#8770,#2010);
#1147=LINE('',#8772,#2011);
#1148=LINE('',#8773,#2012);
#1149=LINE('',#8776,#2013);
#1150=LINE('',#8778,#2014);
#1151=LINE('',#8779,#2015);
#1152=LINE('',#8782,#2016);
#1153=LINE('',#8784,#2017);
#1154=LINE('',#8785,#2018);
#1155=LINE('',#8787,#2019);
#1156=LINE('',#8788,#2020);
#1157=LINE('',#8792,#2021);
#1158=LINE('',#8794,#2022);
#1159=LINE('',#8796,#2023);
#1160=LINE('',#8797,#2024);
#1161=LINE('',#8800,#2025);
#1162=LINE('',#8802,#2026);
#1163=LINE('',#8803,#2027);
#1164=LINE('',#8806,#2028);
#1165=LINE('',#8808,#2029);
#1166=LINE('',#8809,#2030);
#1167=LINE('',#8811,#2031);
#1168=LINE('',#8812,#2032);
#1169=LINE('',#8816,#2033);
#1170=LINE('',#8818,#2034);
#1171=LINE('',#8820,#2035);
#1172=LINE('',#8821,#2036);
#1173=LINE('',#8824,#2037);
#1174=LINE('',#8826,#2038);
#1175=LINE('',#8827,#2039);
#1176=LINE('',#8830,#2040);
#1177=LINE('',#8832,#2041);
#1178=LINE('',#8833,#2042);
#1179=LINE('',#8835,#2043);
#1180=LINE('',#8836,#2044);
#1181=LINE('',#8840,#2045);
#1182=LINE('',#8842,#2046);
#1183=LINE('',#8844,#2047);
#1184=LINE('',#8845,#2048);
#1185=LINE('',#8848,#2049);
#1186=LINE('',#8850,#2050);
#1187=LINE('',#8851,#2051);
#1188=LINE('',#8854,#2052);
#1189=LINE('',#8856,#2053);
#1190=LINE('',#8857,#2054);
#1191=LINE('',#8859,#2055);
#1192=LINE('',#8860,#2056);
#1193=LINE('',#8864,#2057);
#1194=LINE('',#8866,#2058);
#1195=LINE('',#8868,#2059);
#1196=LINE('',#8869,#2060);
#1197=LINE('',#8872,#2061);
#1198=LINE('',#8874,#2062);
#1199=LINE('',#8875,#2063);
#1200=LINE('',#8879,#2064);
#1201=LINE('',#8880,#2065);
#1202=LINE('',#8881,#2066);
#1203=LINE('',#8885,#2067);
#1204=LINE('',#8887,#2068);
#1205=LINE('',#8889,#2069);
#1206=LINE('',#8890,#2070);
#1207=LINE('',#8893,#2071);
#1208=LINE('',#8895,#2072);
#1209=LINE('',#8896,#2073);
#1210=LINE('',#8899,#2074);
#1211=LINE('',#8901,#2075);
#1212=LINE('',#8902,#2076);
#1213=LINE('',#8904,#2077);
#1214=LINE('',#8905,#2078);
#1215=LINE('',#8909,#2079);
#1216=LINE('',#8911,#2080);
#1217=LINE('',#8913,#2081);
#1218=LINE('',#8914,#2082);
#1219=LINE('',#8917,#2083);
#1220=LINE('',#8919,#2084);
#1221=LINE('',#8920,#2085);
#1222=LINE('',#8923,#2086);
#1223=LINE('',#8925,#2087);
#1224=LINE('',#8926,#2088);
#1225=LINE('',#8928,#2089);
#1226=LINE('',#8929,#2090);
#1227=LINE('',#8933,#2091);
#1228=LINE('',#8935,#2092);
#1229=LINE('',#8937,#2093);
#1230=LINE('',#8938,#2094);
#1231=LINE('',#8941,#2095);
#1232=LINE('',#8943,#2096);
#1233=LINE('',#8944,#2097);
#1234=LINE('',#8947,#2098);
#1235=LINE('',#8949,#2099);
#1236=LINE('',#8950,#2100);
#1237=LINE('',#8952,#2101);
#1238=LINE('',#8953,#2102);
#1239=LINE('',#8957,#2103);
#1240=LINE('',#8959,#2104);
#1241=LINE('',#8961,#2105);
#1242=LINE('',#8962,#2106);
#1243=LINE('',#8966,#2107);
#1244=LINE('',#8968,#2108);
#1245=LINE('',#8970,#2109);
#1246=LINE('',#8971,#2110);
#1247=LINE('',#8973,#2111);
#1248=LINE('',#8974,#2112);
#1249=LINE('',#8978,#2113);
#1250=LINE('',#8980,#2114);
#1251=LINE('',#8982,#2115);
#1252=LINE('',#8983,#2116);
#1253=LINE('',#8986,#2117);
#1254=LINE('',#8988,#2118);
#1255=LINE('',#8989,#2119);
#1256=LINE('',#8993,#2120);
#1257=LINE('',#8994,#2121);
#1258=LINE('',#8995,#2122);
#1259=LINE('',#8999,#2123);
#1260=LINE('',#9001,#2124);
#1261=LINE('',#9003,#2125);
#1262=LINE('',#9004,#2126);
#1263=LINE('',#9007,#2127);
#1264=LINE('',#9009,#2128);
#1265=LINE('',#9010,#2129);
#1266=LINE('',#9013,#2130);
#1267=LINE('',#9015,#2131);
#1268=LINE('',#9016,#2132);
#1269=LINE('',#9018,#2133);
#1270=LINE('',#9019,#2134);
#1271=LINE('',#9023,#2135);
#1272=LINE('',#9025,#2136);
#1273=LINE('',#9027,#2137);
#1274=LINE('',#9028,#2138);
#1275=LINE('',#9031,#2139);
#1276=LINE('',#9033,#2140);
#1277=LINE('',#9034,#2141);
#1278=LINE('',#9037,#2142);
#1279=LINE('',#9039,#2143);
#1280=LINE('',#9040,#2144);
#1281=LINE('',#9042,#2145);
#1282=LINE('',#9043,#2146);
#1283=LINE('',#9046,#2147);
#1284=LINE('',#9048,#2148);
#1285=LINE('',#9049,#2149);
#1286=LINE('',#9052,#2150);
#1287=LINE('',#9054,#2151);
#1288=LINE('',#9055,#2152);
#1289=LINE('',#9057,#2153);
#1290=LINE('',#9058,#2154);
#1291=LINE('',#9060,#2155);
#1292=LINE('',#9061,#2156);
#1293=LINE('',#9063,#2157);
#1294=LINE('',#9064,#2158);
#1295=LINE('',#9066,#2159);
#1296=LINE('',#9067,#2160);
#1297=LINE('',#9069,#2161);
#1298=LINE('',#9070,#2162);
#1299=LINE('',#9072,#2163);
#1300=LINE('',#9073,#2164);
#1301=LINE('',#9075,#2165);
#1302=LINE('',#9076,#2166);
#1303=LINE('',#9078,#2167);
#1304=LINE('',#9079,#2168);
#1305=LINE('',#9082,#2169);
#1306=LINE('',#9084,#2170);
#1307=LINE('',#9085,#2171);
#1308=LINE('',#9087,#2172);
#1309=LINE('',#9088,#2173);
#1310=LINE('',#9091,#2174);
#1311=LINE('',#9093,#2175);
#1312=LINE('',#9094,#2176);
#1313=LINE('',#9096,#2177);
#1314=LINE('',#9097,#2178);
#1315=LINE('',#9099,#2179);
#1316=LINE('',#9100,#2180);
#1317=LINE('',#9102,#2181);
#1318=LINE('',#9103,#2182);
#1319=LINE('',#9105,#2183);
#1320=LINE('',#9106,#2184);
#1321=LINE('',#9108,#2185);
#1322=LINE('',#9109,#2186);
#1323=LINE('',#9111,#2187);
#1324=LINE('',#9112,#2188);
#1325=LINE('',#9114,#2189);
#1326=LINE('',#9115,#2190);
#1327=LINE('',#9117,#2191);
#1328=LINE('',#9119,#2192);
#1329=LINE('',#9121,#2193);
#1330=LINE('',#9123,#2194);
#1331=LINE('',#9125,#2195);
#1332=LINE('',#9127,#2196);
#1333=LINE('',#9129,#2197);
#1334=LINE('',#9131,#2198);
#1335=LINE('',#9133,#2199);
#1336=LINE('',#9135,#2200);
#1337=LINE('',#9137,#2201);
#1338=LINE('',#9139,#2202);
#1339=LINE('',#9141,#2203);
#1340=LINE('',#9143,#2204);
#1341=LINE('',#9145,#2205);
#1342=LINE('',#9147,#2206);
#1343=LINE('',#9149,#2207);
#1344=LINE('',#9151,#2208);
#1345=LINE('',#9153,#2209);
#1346=LINE('',#9155,#2210);
#1347=LINE('',#9157,#2211);
#1348=LINE('',#9159,#2212);
#1349=LINE('',#9161,#2213);
#1350=LINE('',#9163,#2214);
#1351=LINE('',#9165,#2215);
#1352=LINE('',#9167,#2216);
#1353=LINE('',#9169,#2217);
#1354=LINE('',#9171,#2218);
#1355=LINE('',#9173,#2219);
#1356=LINE('',#9175,#2220);
#1357=LINE('',#9177,#2221);
#1358=LINE('',#9179,#2222);
#1359=LINE('',#9181,#2223);
#1360=LINE('',#9183,#2224);
#1361=LINE('',#9185,#2225);
#1362=LINE('',#9187,#2226);
#1363=LINE('',#9189,#2227);
#1364=LINE('',#9191,#2228);
#1365=LINE('',#9193,#2229);
#1366=LINE('',#9195,#2230);
#1367=LINE('',#9196,#2231);
#1368=LINE('',#9199,#2232);
#1369=LINE('',#9201,#2233);
#1370=LINE('',#9203,#2234);
#1371=LINE('',#9204,#2235);
#1372=LINE('',#9207,#2236);
#1373=LINE('',#9209,#2237);
#1374=LINE('',#9211,#2238);
#1375=LINE('',#9212,#2239);
#1376=LINE('',#9215,#2240);
#1377=LINE('',#9217,#2241);
#1378=LINE('',#9219,#2242);
#1379=LINE('',#9220,#2243);
#1380=LINE('',#9223,#2244);
#1381=LINE('',#9225,#2245);
#1382=LINE('',#9227,#2246);
#1383=LINE('',#9228,#2247);
#1384=LINE('',#9231,#2248);
#1385=LINE('',#9233,#2249);
#1386=LINE('',#9235,#2250);
#1387=LINE('',#9236,#2251);
#1388=LINE('',#9239,#2252);
#1389=LINE('',#9241,#2253);
#1390=LINE('',#9243,#2254);
#1391=LINE('',#9244,#2255);
#1392=LINE('',#9247,#2256);
#1393=LINE('',#9249,#2257);
#1394=LINE('',#9251,#2258);
#1395=LINE('',#9252,#2259);
#1396=LINE('',#9255,#2260);
#1397=LINE('',#9257,#2261);
#1398=LINE('',#9259,#2262);
#1399=LINE('',#9260,#2263);
#1400=LINE('',#9263,#2264);
#1401=LINE('',#9265,#2265);
#1402=LINE('',#9267,#2266);
#1403=LINE('',#9268,#2267);
#1404=LINE('',#9271,#2268);
#1405=LINE('',#9273,#2269);
#1406=LINE('',#9275,#2270);
#1407=LINE('',#9276,#2271);
#1408=LINE('',#9279,#2272);
#1409=LINE('',#9281,#2273);
#1410=LINE('',#9283,#2274);
#1411=LINE('',#9284,#2275);
#1412=LINE('',#9287,#2276);
#1413=LINE('',#9289,#2277);
#1414=LINE('',#9291,#2278);
#1415=LINE('',#9292,#2279);
#1416=LINE('',#9295,#2280);
#1417=LINE('',#9297,#2281);
#1418=LINE('',#9299,#2282);
#1419=LINE('',#9300,#2283);
#1420=LINE('',#9303,#2284);
#1421=LINE('',#9305,#2285);
#1422=LINE('',#9307,#2286);
#1423=LINE('',#9308,#2287);
#1424=LINE('',#9311,#2288);
#1425=LINE('',#9313,#2289);
#1426=LINE('',#9315,#2290);
#1427=LINE('',#9316,#2291);
#1428=LINE('',#9320,#2292);
#1429=LINE('',#9321,#2293);
#1430=LINE('',#9322,#2294);
#1431=LINE('',#9325,#2295);
#1432=LINE('',#9326,#2296);
#1433=LINE('',#9329,#2297);
#1434=LINE('',#9330,#2298);
#1435=LINE('',#9332,#2299);
#1436=LINE('',#9336,#2300);
#1437=LINE('',#9337,#2301);
#1438=LINE('',#9338,#2302);
#1439=LINE('',#9341,#2303);
#1440=LINE('',#9342,#2304);
#1441=LINE('',#9345,#2305);
#1442=LINE('',#9346,#2306);
#1443=LINE('',#9350,#2307);
#1444=LINE('',#9351,#2308);
#1445=LINE('',#9352,#2309);
#1446=LINE('',#9355,#2310);
#1447=LINE('',#9356,#2311);
#1448=LINE('',#9359,#2312);
#1449=LINE('',#9360,#2313);
#1450=LINE('',#9362,#2314);
#1451=LINE('',#9366,#2315);
#1452=LINE('',#9367,#2316);
#1453=LINE('',#9368,#2317);
#1454=LINE('',#9371,#2318);
#1455=LINE('',#9372,#2319);
#1456=LINE('',#9375,#2320);
#1457=LINE('',#9376,#2321);
#1458=LINE('',#9380,#2322);
#1459=LINE('',#9381,#2323);
#1460=LINE('',#9382,#2324);
#1461=LINE('',#9385,#2325);
#1462=LINE('',#9386,#2326);
#1463=LINE('',#9389,#2327);
#1464=LINE('',#9390,#2328);
#1465=LINE('',#9392,#2329);
#1466=LINE('',#9396,#2330);
#1467=LINE('',#9397,#2331);
#1468=LINE('',#9398,#2332);
#1469=LINE('',#9401,#2333);
#1470=LINE('',#9402,#2334);
#1471=LINE('',#9405,#2335);
#1472=LINE('',#9406,#2336);
#1473=LINE('',#9408,#2337);
#1474=LINE('',#9411,#2338);
#1475=LINE('',#9412,#2339);
#1476=LINE('',#9415,#2340);
#1477=LINE('',#9416,#2341);
#1478=LINE('',#9419,#2342);
#1479=LINE('',#9420,#2343);
#1480=LINE('',#9423,#2344);
#1481=LINE('',#9424,#2345);
#1482=LINE('',#9427,#2346);
#1483=LINE('',#9428,#2347);
#1484=LINE('',#9430,#2348);
#1485=LINE('',#9431,#2349);
#1486=LINE('',#9433,#2350);
#1487=LINE('',#9435,#2351);
#1488=LINE('',#9437,#2352);
#1489=LINE('',#9439,#2353);
#1490=LINE('',#9441,#2354);
#1491=LINE('',#9443,#2355);
#1492=LINE('',#9445,#2356);
#1493=LINE('',#9447,#2357);
#1494=LINE('',#9449,#2358);
#1495=LINE('',#9451,#2359);
#1496=LINE('',#9453,#2360);
#1497=LINE('',#9455,#2361);
#1498=LINE('',#9457,#2362);
#1499=LINE('',#9458,#2363);
#1500=LINE('',#9459,#2364);
#1501=LINE('',#9461,#2365);
#1502=LINE('',#9463,#2366);
#1503=LINE('',#9465,#2367);
#1504=LINE('',#9467,#2368);
#1505=LINE('',#9469,#2369);
#1506=LINE('',#9471,#2370);
#1507=LINE('',#9473,#2371);
#1508=LINE('',#9475,#2372);
#1509=LINE('',#9477,#2373);
#1510=LINE('',#9479,#2374);
#1511=LINE('',#9481,#2375);
#1512=LINE('',#9483,#2376);
#1513=LINE('',#9485,#2377);
#1514=LINE('',#9487,#2378);
#1515=LINE('',#9488,#2379);
#1516=LINE('',#9491,#2380);
#1517=LINE('',#9493,#2381);
#1518=LINE('',#9495,#2382);
#1519=LINE('',#9496,#2383);
#1520=LINE('',#9499,#2384);
#1521=LINE('',#9501,#2385);
#1522=LINE('',#9503,#2386);
#1523=LINE('',#9504,#2387);
#1524=LINE('',#9507,#2388);
#1525=LINE('',#9509,#2389);
#1526=LINE('',#9511,#2390);
#1527=LINE('',#9512,#2391);
#1528=LINE('',#9515,#2392);
#1529=LINE('',#9517,#2393);
#1530=LINE('',#9519,#2394);
#1531=LINE('',#9520,#2395);
#1532=LINE('',#9523,#2396);
#1533=LINE('',#9525,#2397);
#1534=LINE('',#9527,#2398);
#1535=LINE('',#9528,#2399);
#1536=LINE('',#9531,#2400);
#1537=LINE('',#9533,#2401);
#1538=LINE('',#9535,#2402);
#1539=LINE('',#9536,#2403);
#1540=LINE('',#9539,#2404);
#1541=LINE('',#9541,#2405);
#1542=LINE('',#9543,#2406);
#1543=LINE('',#9544,#2407);
#1544=LINE('',#9547,#2408);
#1545=LINE('',#9549,#2409);
#1546=LINE('',#9551,#2410);
#1547=LINE('',#9552,#2411);
#1548=LINE('',#9555,#2412);
#1549=LINE('',#9557,#2413);
#1550=LINE('',#9559,#2414);
#1551=LINE('',#9560,#2415);
#1552=LINE('',#9563,#2416);
#1553=LINE('',#9565,#2417);
#1554=LINE('',#9567,#2418);
#1555=LINE('',#9568,#2419);
#1556=LINE('',#9571,#2420);
#1557=LINE('',#9573,#2421);
#1558=LINE('',#9575,#2422);
#1559=LINE('',#9576,#2423);
#1560=LINE('',#9578,#2424);
#1561=LINE('',#9580,#2425);
#1562=LINE('',#9584,#2426);
#1563=LINE('',#9585,#2427);
#1564=LINE('',#9587,#2428);
#1565=LINE('',#9589,#2429);
#1566=LINE('',#9592,#2430);
#1567=LINE('',#9594,#2431);
#1568=LINE('',#9596,#2432);
#1569=LINE('',#9597,#2433);
#1570=LINE('',#9599,#2434);
#1571=LINE('',#9601,#2435);
#1572=LINE('',#9603,#2436);
#1573=LINE('',#9604,#2437);
#1574=LINE('',#9606,#2438);
#1575=LINE('',#9608,#2439);
#1576=LINE('',#9611,#2440);
#1577=LINE('',#9612,#2441);
#1578=LINE('',#9614,#2442);
#1579=LINE('',#9616,#2443);
#1580=LINE('',#9619,#2444);
#1581=LINE('',#9620,#2445);
#1582=LINE('',#9622,#2446);
#1583=LINE('',#9624,#2447);
#1584=LINE('',#9627,#2448);
#1585=LINE('',#9628,#2449);
#1586=LINE('',#9630,#2450);
#1587=LINE('',#9633,#2451);
#1588=LINE('',#9634,#2452);
#1589=LINE('',#9637,#2453);
#1590=LINE('',#9638,#2454);
#1591=LINE('',#9640,#2455);
#1592=LINE('',#9642,#2456);
#1593=LINE('',#9645,#2457);
#1594=LINE('',#9646,#2458);
#1595=LINE('',#9648,#2459);
#1596=LINE('',#9650,#2460);
#1597=LINE('',#9653,#2461);
#1598=LINE('',#9655,#2462);
#1599=LINE('',#9657,#2463);
#1600=LINE('',#9658,#2464);
#1601=LINE('',#9660,#2465);
#1602=LINE('',#9662,#2466);
#1603=LINE('',#9664,#2467);
#1604=LINE('',#9665,#2468);
#1605=LINE('',#9667,#2469);
#1606=LINE('',#9669,#2470);
#1607=LINE('',#9671,#2471);
#1608=LINE('',#9672,#2472);
#1609=LINE('',#9674,#2473);
#1610=LINE('',#9676,#2474);
#1611=LINE('',#9679,#2475);
#1612=LINE('',#9680,#2476);
#1613=LINE('',#9682,#2477);
#1614=LINE('',#9684,#2478);
#1615=LINE('',#9687,#2479);
#1616=LINE('',#9688,#2480);
#1617=LINE('',#9690,#2481);
#1618=LINE('',#9692,#2482);
#1619=LINE('',#9694,#2483);
#1620=LINE('',#9695,#2484);
#1621=LINE('',#9697,#2485);
#1622=LINE('',#9699,#2486);
#1623=LINE('',#9702,#2487);
#1624=LINE('',#9703,#2488);
#1625=LINE('',#9705,#2489);
#1626=LINE('',#9707,#2490);
#1627=LINE('',#9710,#2491);
#1628=LINE('',#9711,#2492);
#1629=LINE('',#9713,#2493);
#1630=LINE('',#9715,#2494);
#1631=VECTOR('',#6551,10.);
#1632=VECTOR('',#6552,10.);
#1633=VECTOR('',#6553,10.);
#1634=VECTOR('',#6554,10.);
#1635=VECTOR('',#6557,10.);
#1636=VECTOR('',#6558,10.);
#1637=VECTOR('',#6559,10.);
#1638=VECTOR('',#6562,10.);
#1639=VECTOR('',#6563,10.);
#1640=VECTOR('',#6564,10.);
#1641=VECTOR('',#6567,10.);
#1642=VECTOR('',#6568,10.);
#1643=VECTOR('',#6571,10.);
#1644=VECTOR('',#6572,10.);
#1645=VECTOR('',#6573,10.);
#1646=VECTOR('',#6574,10.);
#1647=VECTOR('',#6577,10.);
#1648=VECTOR('',#6578,10.);
#1649=VECTOR('',#6579,10.);
#1650=VECTOR('',#6582,10.);
#1651=VECTOR('',#6583,10.);
#1652=VECTOR('',#6584,10.);
#1653=VECTOR('',#6587,10.);
#1654=VECTOR('',#6588,10.);
#1655=VECTOR('',#6591,10.);
#1656=VECTOR('',#6592,10.);
#1657=VECTOR('',#6593,10.);
#1658=VECTOR('',#6594,10.);
#1659=VECTOR('',#6597,10.);
#1660=VECTOR('',#6598,10.);
#1661=VECTOR('',#6599,10.);
#1662=VECTOR('',#6602,10.);
#1663=VECTOR('',#6603,10.);
#1664=VECTOR('',#6604,10.);
#1665=VECTOR('',#6607,10.);
#1666=VECTOR('',#6608,10.);
#1667=VECTOR('',#6609,10.);
#1668=VECTOR('',#6610,10.);
#1669=VECTOR('',#6613,10.);
#1670=VECTOR('',#6614,10.);
#1671=VECTOR('',#6615,10.);
#1672=VECTOR('',#6616,10.);
#1673=VECTOR('',#6619,10.);
#1674=VECTOR('',#6620,10.);
#1675=VECTOR('',#6623,10.);
#1676=VECTOR('',#6624,10.);
#1677=VECTOR('',#6625,10.);
#1678=VECTOR('',#6626,10.);
#1679=VECTOR('',#6629,10.);
#1680=VECTOR('',#6630,10.);
#1681=VECTOR('',#6631,10.);
#1682=VECTOR('',#6634,10.);
#1683=VECTOR('',#6635,10.);
#1684=VECTOR('',#6636,10.);
#1685=VECTOR('',#6639,10.);
#1686=VECTOR('',#6640,10.);
#1687=VECTOR('',#6641,10.);
#1688=VECTOR('',#6642,10.);
#1689=VECTOR('',#6645,10.);
#1690=VECTOR('',#6646,10.);
#1691=VECTOR('',#6647,10.);
#1692=VECTOR('',#6650,10.);
#1693=VECTOR('',#6651,10.);
#1694=VECTOR('',#6652,10.);
#1695=VECTOR('',#6655,10.);
#1696=VECTOR('',#6656,10.);
#1697=VECTOR('',#6657,10.);
#1698=VECTOR('',#6658,10.);
#1699=VECTOR('',#6661,10.);
#1700=VECTOR('',#6662,10.);
#1701=VECTOR('',#6663,10.);
#1702=VECTOR('',#6666,10.);
#1703=VECTOR('',#6667,10.);
#1704=VECTOR('',#6668,10.);
#1705=VECTOR('',#6671,10.);
#1706=VECTOR('',#6672,10.);
#1707=VECTOR('',#6675,10.);
#1708=VECTOR('',#6676,10.);
#1709=VECTOR('',#6677,10.);
#1710=VECTOR('',#6678,10.);
#1711=VECTOR('',#6681,10.);
#1712=VECTOR('',#6682,10.);
#1713=VECTOR('',#6683,10.);
#1714=VECTOR('',#6686,10.);
#1715=VECTOR('',#6687,10.);
#1716=VECTOR('',#6688,10.);
#1717=VECTOR('',#6691,10.);
#1718=VECTOR('',#6692,10.);
#1719=VECTOR('',#6695,10.);
#1720=VECTOR('',#6696,10.);
#1721=VECTOR('',#6697,10.);
#1722=VECTOR('',#6698,10.);
#1723=VECTOR('',#6701,10.);
#1724=VECTOR('',#6702,10.);
#1725=VECTOR('',#6703,10.);
#1726=VECTOR('',#6704,10.);
#1727=VECTOR('',#6707,10.);
#1728=VECTOR('',#6708,10.);
#1729=VECTOR('',#6711,10.);
#1730=VECTOR('',#6712,10.);
#1731=VECTOR('',#6713,10.);
#1732=VECTOR('',#6714,10.);
#1733=VECTOR('',#6717,10.);
#1734=VECTOR('',#6718,10.);
#1735=VECTOR('',#6719,10.);
#1736=VECTOR('',#6722,10.);
#1737=VECTOR('',#6723,10.);
#1738=VECTOR('',#6724,10.);
#1739=VECTOR('',#6727,10.);
#1740=VECTOR('',#6728,10.);
#1741=VECTOR('',#6731,10.);
#1742=VECTOR('',#6732,10.);
#1743=VECTOR('',#6733,10.);
#1744=VECTOR('',#6734,10.);
#1745=VECTOR('',#6737,10.);
#1746=VECTOR('',#6738,10.);
#1747=VECTOR('',#6739,10.);
#1748=VECTOR('',#6740,10.);
#1749=VECTOR('',#6743,10.);
#1750=VECTOR('',#6744,10.);
#1751=VECTOR('',#6747,10.);
#1752=VECTOR('',#6748,10.);
#1753=VECTOR('',#6749,10.);
#1754=VECTOR('',#6750,10.);
#1755=VECTOR('',#6753,10.);
#1756=VECTOR('',#6754,10.);
#1757=VECTOR('',#6755,10.);
#1758=VECTOR('',#6758,10.);
#1759=VECTOR('',#6759,10.);
#1760=VECTOR('',#6760,10.);
#1761=VECTOR('',#6763,10.);
#1762=VECTOR('',#6764,10.);
#1763=VECTOR('',#6767,10.);
#1764=VECTOR('',#6768,10.);
#1765=VECTOR('',#6769,10.);
#1766=VECTOR('',#6770,10.);
#1767=VECTOR('',#6773,10.);
#1768=VECTOR('',#6774,10.);
#1769=VECTOR('',#6775,10.);
#1770=VECTOR('',#6778,10.);
#1771=VECTOR('',#6779,10.);
#1772=VECTOR('',#6780,10.);
#1773=VECTOR('',#6783,10.);
#1774=VECTOR('',#6784,10.);
#1775=VECTOR('',#6787,10.);
#1776=VECTOR('',#6788,10.);
#1777=VECTOR('',#6789,10.);
#1778=VECTOR('',#6790,10.);
#1779=VECTOR('',#6793,10.);
#1780=VECTOR('',#6794,10.);
#1781=VECTOR('',#6795,10.);
#1782=VECTOR('',#6798,10.);
#1783=VECTOR('',#6799,10.);
#1784=VECTOR('',#6800,10.);
#1785=VECTOR('',#6803,10.);
#1786=VECTOR('',#6804,10.);
#1787=VECTOR('',#6807,10.);
#1788=VECTOR('',#6808,10.);
#1789=VECTOR('',#6809,10.);
#1790=VECTOR('',#6810,10.);
#1791=VECTOR('',#6813,10.);
#1792=VECTOR('',#6814,10.);
#1793=VECTOR('',#6815,10.);
#1794=VECTOR('',#6818,10.);
#1795=VECTOR('',#6819,10.);
#1796=VECTOR('',#6820,10.);
#1797=VECTOR('',#6823,10.);
#1798=VECTOR('',#6824,10.);
#1799=VECTOR('',#6825,10.);
#1800=VECTOR('',#6826,10.);
#1801=VECTOR('',#6829,10.);
#1802=VECTOR('',#6830,10.);
#1803=VECTOR('',#6831,10.);
#1804=VECTOR('',#6834,10.);
#1805=VECTOR('',#6835,10.);
#1806=VECTOR('',#6836,10.);
#1807=VECTOR('',#6839,10.);
#1808=VECTOR('',#6840,10.);
#1809=VECTOR('',#6843,10.);
#1810=VECTOR('',#6844,10.);
#1811=VECTOR('',#6845,10.);
#1812=VECTOR('',#6846,10.);
#1813=VECTOR('',#6849,10.);
#1814=VECTOR('',#6850,10.);
#1815=VECTOR('',#6851,10.);
#1816=VECTOR('',#6854,10.);
#1817=VECTOR('',#6855,10.);
#1818=VECTOR('',#6856,10.);
#1819=VECTOR('',#6859,10.);
#1820=VECTOR('',#6860,10.);
#1821=VECTOR('',#6863,10.);
#1822=VECTOR('',#6864,10.);
#1823=VECTOR('',#6865,10.);
#1824=VECTOR('',#6866,10.);
#1825=VECTOR('',#6869,10.);
#1826=VECTOR('',#6870,10.);
#1827=VECTOR('',#6871,10.);
#1828=VECTOR('',#6874,10.);
#1829=VECTOR('',#6875,10.);
#1830=VECTOR('',#6876,10.);
#1831=VECTOR('',#6879,10.);
#1832=VECTOR('',#6880,10.);
#1833=VECTOR('',#6883,10.);
#1834=VECTOR('',#6884,10.);
#1835=VECTOR('',#6885,10.);
#1836=VECTOR('',#6886,10.);
#1837=VECTOR('',#6889,10.);
#1838=VECTOR('',#6890,10.);
#1839=VECTOR('',#6891,10.);
#1840=VECTOR('',#6894,10.);
#1841=VECTOR('',#6895,10.);
#1842=VECTOR('',#6896,10.);
#1843=VECTOR('',#6899,10.);
#1844=VECTOR('',#6900,10.);
#1845=VECTOR('',#6903,10.);
#1846=VECTOR('',#6904,10.);
#1847=VECTOR('',#6905,10.);
#1848=VECTOR('',#6906,10.);
#1849=VECTOR('',#6909,10.);
#1850=VECTOR('',#6910,10.);
#1851=VECTOR('',#6911,10.);
#1852=VECTOR('',#6914,10.);
#1853=VECTOR('',#6915,10.);
#1854=VECTOR('',#6916,10.);
#1855=VECTOR('',#6919,10.);
#1856=VECTOR('',#6920,10.);
#1857=VECTOR('',#6921,10.);
#1858=VECTOR('',#6922,10.);
#1859=VECTOR('',#6925,10.);
#1860=VECTOR('',#6926,10.);
#1861=VECTOR('',#6927,10.);
#1862=VECTOR('',#6930,10.);
#1863=VECTOR('',#6931,10.);
#1864=VECTOR('',#6932,10.);
#1865=VECTOR('',#6935,10.);
#1866=VECTOR('',#6936,10.);
#1867=VECTOR('',#6937,10.);
#1868=VECTOR('',#6938,10.);
#1869=VECTOR('',#6941,10.);
#1870=VECTOR('',#6942,10.);
#1871=VECTOR('',#6943,10.);
#1872=VECTOR('',#6946,10.);
#1873=VECTOR('',#6947,10.);
#1874=VECTOR('',#6948,10.);
#1875=VECTOR('',#6951,10.);
#1876=VECTOR('',#6952,10.);
#1877=VECTOR('',#6955,10.);
#1878=VECTOR('',#6956,10.);
#1879=VECTOR('',#6957,10.);
#1880=VECTOR('',#6958,10.);
#1881=VECTOR('',#6961,10.);
#1882=VECTOR('',#6962,10.);
#1883=VECTOR('',#6963,10.);
#1884=VECTOR('',#6966,10.);
#1885=VECTOR('',#6967,10.);
#1886=VECTOR('',#6968,10.);
#1887=VECTOR('',#6971,10.);
#1888=VECTOR('',#6972,10.);
#1889=VECTOR('',#6975,10.);
#1890=VECTOR('',#6976,10.);
#1891=VECTOR('',#6977,10.);
#1892=VECTOR('',#6978,10.);
#1893=VECTOR('',#6981,10.);
#1894=VECTOR('',#6982,10.);
#1895=VECTOR('',#6983,10.);
#1896=VECTOR('',#6986,10.);
#1897=VECTOR('',#6987,10.);
#1898=VECTOR('',#6988,10.);
#1899=VECTOR('',#6991,10.);
#1900=VECTOR('',#6992,10.);
#1901=VECTOR('',#6995,10.);
#1902=VECTOR('',#6996,10.);
#1903=VECTOR('',#6997,10.);
#1904=VECTOR('',#6998,10.);
#1905=VECTOR('',#7001,10.);
#1906=VECTOR('',#7002,10.);
#1907=VECTOR('',#7003,10.);
#1908=VECTOR('',#7006,10.);
#1909=VECTOR('',#7007,10.);
#1910=VECTOR('',#7008,10.);
#1911=VECTOR('',#7011,10.);
#1912=VECTOR('',#7012,10.);
#1913=VECTOR('',#7015,10.);
#1914=VECTOR('',#7016,10.);
#1915=VECTOR('',#7017,10.);
#1916=VECTOR('',#7018,10.);
#1917=VECTOR('',#7021,10.);
#1918=VECTOR('',#7022,10.);
#1919=VECTOR('',#7023,10.);
#1920=VECTOR('',#7026,10.);
#1921=VECTOR('',#7027,10.);
#1922=VECTOR('',#7028,10.);
#1923=VECTOR('',#7031,10.);
#1924=VECTOR('',#7032,10.);
#1925=VECTOR('',#7033,10.);
#1926=VECTOR('',#7034,10.);
#1927=VECTOR('',#7037,10.);
#1928=VECTOR('',#7038,10.);
#1929=VECTOR('',#7039,10.);
#1930=VECTOR('',#7042,10.);
#1931=VECTOR('',#7043,10.);
#1932=VECTOR('',#7044,10.);
#1933=VECTOR('',#7047,10.);
#1934=VECTOR('',#7048,10.);
#1935=VECTOR('',#7049,10.);
#1936=VECTOR('',#7050,10.);
#1937=VECTOR('',#7053,10.);
#1938=VECTOR('',#7054,10.);
#1939=VECTOR('',#7055,10.);
#1940=VECTOR('',#7058,10.);
#1941=VECTOR('',#7059,10.);
#1942=VECTOR('',#7060,10.);
#1943=VECTOR('',#7063,10.);
#1944=VECTOR('',#7064,10.);
#1945=VECTOR('',#7065,10.);
#1946=VECTOR('',#7066,10.);
#1947=VECTOR('',#7069,10.);
#1948=VECTOR('',#7070,10.);
#1949=VECTOR('',#7071,10.);
#1950=VECTOR('',#7074,10.);
#1951=VECTOR('',#7075,10.);
#1952=VECTOR('',#7076,10.);
#1953=VECTOR('',#7079,10.);
#1954=VECTOR('',#7080,10.);
#1955=VECTOR('',#7083,10.);
#1956=VECTOR('',#7084,10.);
#1957=VECTOR('',#7085,10.);
#1958=VECTOR('',#7086,10.);
#1959=VECTOR('',#7089,10.);
#1960=VECTOR('',#7090,10.);
#1961=VECTOR('',#7091,10.);
#1962=VECTOR('',#7092,10.);
#1963=VECTOR('',#7095,10.);
#1964=VECTOR('',#7096,10.);
#1965=VECTOR('',#7099,10.);
#1966=VECTOR('',#7100,10.);
#1967=VECTOR('',#7101,10.);
#1968=VECTOR('',#7102,10.);
#1969=VECTOR('',#7105,10.);
#1970=VECTOR('',#7106,10.);
#1971=VECTOR('',#7107,10.);
#1972=VECTOR('',#7110,10.);
#1973=VECTOR('',#7111,10.);
#1974=VECTOR('',#7112,10.);
#1975=VECTOR('',#7115,10.);
#1976=VECTOR('',#7116,10.);
#1977=VECTOR('',#7119,10.);
#1978=VECTOR('',#7120,10.);
#1979=VECTOR('',#7121,10.);
#1980=VECTOR('',#7122,10.);
#1981=VECTOR('',#7125,10.);
#1982=VECTOR('',#7126,10.);
#1983=VECTOR('',#7127,10.);
#1984=VECTOR('',#7130,10.);
#1985=VECTOR('',#7131,10.);
#1986=VECTOR('',#7132,10.);
#1987=VECTOR('',#7135,10.);
#1988=VECTOR('',#7136,10.);
#1989=VECTOR('',#7137,10.);
#1990=VECTOR('',#7138,10.);
#1991=VECTOR('',#7141,10.);
#1992=VECTOR('',#7142,10.);
#1993=VECTOR('',#7143,10.);
#1994=VECTOR('',#7146,10.);
#1995=VECTOR('',#7147,10.);
#1996=VECTOR('',#7148,10.);
#1997=VECTOR('',#7151,10.);
#1998=VECTOR('',#7152,10.);
#1999=VECTOR('',#7155,10.);
#2000=VECTOR('',#7156,10.);
#2001=VECTOR('',#7157,10.);
#2002=VECTOR('',#7158,10.);
#2003=VECTOR('',#7161,10.);
#2004=VECTOR('',#7162,10.);
#2005=VECTOR('',#7163,10.);
#2006=VECTOR('',#7164,10.);
#2007=VECTOR('',#7167,10.);
#2008=VECTOR('',#7168,10.);
#2009=VECTOR('',#7171,10.);
#2010=VECTOR('',#7172,10.);
#2011=VECTOR('',#7173,10.);
#2012=VECTOR('',#7174,10.);
#2013=VECTOR('',#7177,10.);
#2014=VECTOR('',#7178,10.);
#2015=VECTOR('',#7179,10.);
#2016=VECTOR('',#7182,10.);
#2017=VECTOR('',#7183,10.);
#2018=VECTOR('',#7184,10.);
#2019=VECTOR('',#7187,10.);
#2020=VECTOR('',#7188,10.);
#2021=VECTOR('',#7191,10.);
#2022=VECTOR('',#7192,10.);
#2023=VECTOR('',#7193,10.);
#2024=VECTOR('',#7194,10.);
#2025=VECTOR('',#7197,10.);
#2026=VECTOR('',#7198,10.);
#2027=VECTOR('',#7199,10.);
#2028=VECTOR('',#7202,10.);
#2029=VECTOR('',#7203,10.);
#2030=VECTOR('',#7204,10.);
#2031=VECTOR('',#7207,10.);
#2032=VECTOR('',#7208,10.);
#2033=VECTOR('',#7211,10.);
#2034=VECTOR('',#7212,10.);
#2035=VECTOR('',#7213,10.);
#2036=VECTOR('',#7214,10.);
#2037=VECTOR('',#7217,10.);
#2038=VECTOR('',#7218,10.);
#2039=VECTOR('',#7219,10.);
#2040=VECTOR('',#7222,10.);
#2041=VECTOR('',#7223,10.);
#2042=VECTOR('',#7224,10.);
#2043=VECTOR('',#7227,10.);
#2044=VECTOR('',#7228,10.);
#2045=VECTOR('',#7231,10.);
#2046=VECTOR('',#7232,10.);
#2047=VECTOR('',#7233,10.);
#2048=VECTOR('',#7234,10.);
#2049=VECTOR('',#7237,10.);
#2050=VECTOR('',#7238,10.);
#2051=VECTOR('',#7239,10.);
#2052=VECTOR('',#7242,10.);
#2053=VECTOR('',#7243,10.);
#2054=VECTOR('',#7244,10.);
#2055=VECTOR('',#7247,10.);
#2056=VECTOR('',#7248,10.);
#2057=VECTOR('',#7251,10.);
#2058=VECTOR('',#7252,10.);
#2059=VECTOR('',#7253,10.);
#2060=VECTOR('',#7254,10.);
#2061=VECTOR('',#7257,10.);
#2062=VECTOR('',#7258,10.);
#2063=VECTOR('',#7259,10.);
#2064=VECTOR('',#7262,10.);
#2065=VECTOR('',#7263,10.);
#2066=VECTOR('',#7264,10.);
#2067=VECTOR('',#7267,10.);
#2068=VECTOR('',#7268,10.);
#2069=VECTOR('',#7269,10.);
#2070=VECTOR('',#7270,10.);
#2071=VECTOR('',#7273,10.);
#2072=VECTOR('',#7274,10.);
#2073=VECTOR('',#7275,10.);
#2074=VECTOR('',#7278,10.);
#2075=VECTOR('',#7279,10.);
#2076=VECTOR('',#7280,10.);
#2077=VECTOR('',#7283,10.);
#2078=VECTOR('',#7284,10.);
#2079=VECTOR('',#7287,10.);
#2080=VECTOR('',#7288,10.);
#2081=VECTOR('',#7289,10.);
#2082=VECTOR('',#7290,10.);
#2083=VECTOR('',#7293,10.);
#2084=VECTOR('',#7294,10.);
#2085=VECTOR('',#7295,10.);
#2086=VECTOR('',#7298,10.);
#2087=VECTOR('',#7299,10.);
#2088=VECTOR('',#7300,10.);
#2089=VECTOR('',#7303,10.);
#2090=VECTOR('',#7304,10.);
#2091=VECTOR('',#7307,10.);
#2092=VECTOR('',#7308,10.);
#2093=VECTOR('',#7309,10.);
#2094=VECTOR('',#7310,10.);
#2095=VECTOR('',#7313,10.);
#2096=VECTOR('',#7314,10.);
#2097=VECTOR('',#7315,10.);
#2098=VECTOR('',#7318,10.);
#2099=VECTOR('',#7319,10.);
#2100=VECTOR('',#7320,10.);
#2101=VECTOR('',#7323,10.);
#2102=VECTOR('',#7324,10.);
#2103=VECTOR('',#7327,10.);
#2104=VECTOR('',#7328,10.);
#2105=VECTOR('',#7329,10.);
#2106=VECTOR('',#7330,10.);
#2107=VECTOR('',#7333,10.);
#2108=VECTOR('',#7334,10.);
#2109=VECTOR('',#7335,10.);
#2110=VECTOR('',#7336,10.);
#2111=VECTOR('',#7339,10.);
#2112=VECTOR('',#7340,10.);
#2113=VECTOR('',#7343,10.);
#2114=VECTOR('',#7344,10.);
#2115=VECTOR('',#7345,10.);
#2116=VECTOR('',#7346,10.);
#2117=VECTOR('',#7349,10.);
#2118=VECTOR('',#7350,10.);
#2119=VECTOR('',#7351,10.);
#2120=VECTOR('',#7354,10.);
#2121=VECTOR('',#7355,10.);
#2122=VECTOR('',#7356,10.);
#2123=VECTOR('',#7359,10.);
#2124=VECTOR('',#7360,10.);
#2125=VECTOR('',#7361,10.);
#2126=VECTOR('',#7362,10.);
#2127=VECTOR('',#7365,10.);
#2128=VECTOR('',#7366,10.);
#2129=VECTOR('',#7367,10.);
#2130=VECTOR('',#7370,10.);
#2131=VECTOR('',#7371,10.);
#2132=VECTOR('',#7372,10.);
#2133=VECTOR('',#7375,10.);
#2134=VECTOR('',#7376,10.);
#2135=VECTOR('',#7379,10.);
#2136=VECTOR('',#7380,10.);
#2137=VECTOR('',#7381,10.);
#2138=VECTOR('',#7382,10.);
#2139=VECTOR('',#7385,10.);
#2140=VECTOR('',#7386,10.);
#2141=VECTOR('',#7387,10.);
#2142=VECTOR('',#7390,10.);
#2143=VECTOR('',#7391,10.);
#2144=VECTOR('',#7392,10.);
#2145=VECTOR('',#7395,10.);
#2146=VECTOR('',#7396,10.);
#2147=VECTOR('',#7399,10.);
#2148=VECTOR('',#7400,10.);
#2149=VECTOR('',#7401,10.);
#2150=VECTOR('',#7404,10.);
#2151=VECTOR('',#7405,10.);
#2152=VECTOR('',#7406,10.);
#2153=VECTOR('',#7409,10.);
#2154=VECTOR('',#7410,10.);
#2155=VECTOR('',#7413,10.);
#2156=VECTOR('',#7414,10.);
#2157=VECTOR('',#7417,10.);
#2158=VECTOR('',#7418,10.);
#2159=VECTOR('',#7421,10.);
#2160=VECTOR('',#7422,10.);
#2161=VECTOR('',#7425,10.);
#2162=VECTOR('',#7426,10.);
#2163=VECTOR('',#7429,10.);
#2164=VECTOR('',#7430,10.);
#2165=VECTOR('',#7433,10.);
#2166=VECTOR('',#7434,10.);
#2167=VECTOR('',#7437,10.);
#2168=VECTOR('',#7438,10.);
#2169=VECTOR('',#7441,10.);
#2170=VECTOR('',#7442,10.);
#2171=VECTOR('',#7443,10.);
#2172=VECTOR('',#7446,10.);
#2173=VECTOR('',#7447,10.);
#2174=VECTOR('',#7450,10.);
#2175=VECTOR('',#7451,10.);
#2176=VECTOR('',#7452,10.);
#2177=VECTOR('',#7455,10.);
#2178=VECTOR('',#7456,10.);
#2179=VECTOR('',#7459,10.);
#2180=VECTOR('',#7460,10.);
#2181=VECTOR('',#7463,10.);
#2182=VECTOR('',#7464,10.);
#2183=VECTOR('',#7467,10.);
#2184=VECTOR('',#7468,10.);
#2185=VECTOR('',#7471,10.);
#2186=VECTOR('',#7472,10.);
#2187=VECTOR('',#7475,10.);
#2188=VECTOR('',#7476,10.);
#2189=VECTOR('',#7479,10.);
#2190=VECTOR('',#7480,10.);
#2191=VECTOR('',#7481,10.);
#2192=VECTOR('',#7482,10.);
#2193=VECTOR('',#7483,10.);
#2194=VECTOR('',#7484,10.);
#2195=VECTOR('',#7485,10.);
#2196=VECTOR('',#7486,10.);
#2197=VECTOR('',#7487,10.);
#2198=VECTOR('',#7488,10.);
#2199=VECTOR('',#7489,10.);
#2200=VECTOR('',#7490,10.);
#2201=VECTOR('',#7491,10.);
#2202=VECTOR('',#7492,10.);
#2203=VECTOR('',#7493,10.);
#2204=VECTOR('',#7494,10.);
#2205=VECTOR('',#7495,10.);
#2206=VECTOR('',#7496,10.);
#2207=VECTOR('',#7497,10.);
#2208=VECTOR('',#7498,10.);
#2209=VECTOR('',#7499,10.);
#2210=VECTOR('',#7500,10.);
#2211=VECTOR('',#7501,10.);
#2212=VECTOR('',#7502,10.);
#2213=VECTOR('',#7503,10.);
#2214=VECTOR('',#7504,10.);
#2215=VECTOR('',#7505,10.);
#2216=VECTOR('',#7506,10.);
#2217=VECTOR('',#7507,10.);
#2218=VECTOR('',#7508,10.);
#2219=VECTOR('',#7509,10.);
#2220=VECTOR('',#7510,10.);
#2221=VECTOR('',#7511,10.);
#2222=VECTOR('',#7512,10.);
#2223=VECTOR('',#7513,10.);
#2224=VECTOR('',#7514,10.);
#2225=VECTOR('',#7515,10.);
#2226=VECTOR('',#7516,10.);
#2227=VECTOR('',#7517,10.);
#2228=VECTOR('',#7518,10.);
#2229=VECTOR('',#7519,10.);
#2230=VECTOR('',#7520,10.);
#2231=VECTOR('',#7521,10.);
#2232=VECTOR('',#7522,10.);
#2233=VECTOR('',#7523,10.);
#2234=VECTOR('',#7524,10.);
#2235=VECTOR('',#7525,10.);
#2236=VECTOR('',#7526,10.);
#2237=VECTOR('',#7527,10.);
#2238=VECTOR('',#7528,10.);
#2239=VECTOR('',#7529,10.);
#2240=VECTOR('',#7530,10.);
#2241=VECTOR('',#7531,10.);
#2242=VECTOR('',#7532,10.);
#2243=VECTOR('',#7533,10.);
#2244=VECTOR('',#7534,10.);
#2245=VECTOR('',#7535,10.);
#2246=VECTOR('',#7536,10.);
#2247=VECTOR('',#7537,10.);
#2248=VECTOR('',#7538,10.);
#2249=VECTOR('',#7539,10.);
#2250=VECTOR('',#7540,10.);
#2251=VECTOR('',#7541,10.);
#2252=VECTOR('',#7542,10.);
#2253=VECTOR('',#7543,10.);
#2254=VECTOR('',#7544,10.);
#2255=VECTOR('',#7545,10.);
#2256=VECTOR('',#7546,10.);
#2257=VECTOR('',#7547,10.);
#2258=VECTOR('',#7548,10.);
#2259=VECTOR('',#7549,10.);
#2260=VECTOR('',#7550,10.);
#2261=VECTOR('',#7551,10.);
#2262=VECTOR('',#7552,10.);
#2263=VECTOR('',#7553,10.);
#2264=VECTOR('',#7554,10.);
#2265=VECTOR('',#7555,10.);
#2266=VECTOR('',#7556,10.);
#2267=VECTOR('',#7557,10.);
#2268=VECTOR('',#7558,10.);
#2269=VECTOR('',#7559,10.);
#2270=VECTOR('',#7560,10.);
#2271=VECTOR('',#7561,10.);
#2272=VECTOR('',#7562,10.);
#2273=VECTOR('',#7563,10.);
#2274=VECTOR('',#7564,10.);
#2275=VECTOR('',#7565,10.);
#2276=VECTOR('',#7566,10.);
#2277=VECTOR('',#7567,10.);
#2278=VECTOR('',#7568,10.);
#2279=VECTOR('',#7569,10.);
#2280=VECTOR('',#7570,10.);
#2281=VECTOR('',#7571,10.);
#2282=VECTOR('',#7572,10.);
#2283=VECTOR('',#7573,10.);
#2284=VECTOR('',#7574,10.);
#2285=VECTOR('',#7575,10.);
#2286=VECTOR('',#7576,10.);
#2287=VECTOR('',#7577,10.);
#2288=VECTOR('',#7578,10.);
#2289=VECTOR('',#7579,10.);
#2290=VECTOR('',#7580,10.);
#2291=VECTOR('',#7581,10.);
#2292=VECTOR('',#7584,10.);
#2293=VECTOR('',#7585,10.);
#2294=VECTOR('',#7586,10.);
#2295=VECTOR('',#7589,10.);
#2296=VECTOR('',#7590,10.);
#2297=VECTOR('',#7593,10.);
#2298=VECTOR('',#7594,10.);
#2299=VECTOR('',#7597,10.);
#2300=VECTOR('',#7600,10.);
#2301=VECTOR('',#7601,10.);
#2302=VECTOR('',#7602,10.);
#2303=VECTOR('',#7605,10.);
#2304=VECTOR('',#7606,10.);
#2305=VECTOR('',#7609,10.);
#2306=VECTOR('',#7610,10.);
#2307=VECTOR('',#7613,10.);
#2308=VECTOR('',#7614,10.);
#2309=VECTOR('',#7615,10.);
#2310=VECTOR('',#7618,10.);
#2311=VECTOR('',#7619,10.);
#2312=VECTOR('',#7622,10.);
#2313=VECTOR('',#7623,10.);
#2314=VECTOR('',#7626,10.);
#2315=VECTOR('',#7629,10.);
#2316=VECTOR('',#7630,10.);
#2317=VECTOR('',#7631,10.);
#2318=VECTOR('',#7634,10.);
#2319=VECTOR('',#7635,10.);
#2320=VECTOR('',#7638,10.);
#2321=VECTOR('',#7639,10.);
#2322=VECTOR('',#7642,10.);
#2323=VECTOR('',#7643,10.);
#2324=VECTOR('',#7644,10.);
#2325=VECTOR('',#7647,10.);
#2326=VECTOR('',#7648,10.);
#2327=VECTOR('',#7651,10.);
#2328=VECTOR('',#7652,10.);
#2329=VECTOR('',#7655,10.);
#2330=VECTOR('',#7658,10.);
#2331=VECTOR('',#7659,10.);
#2332=VECTOR('',#7660,10.);
#2333=VECTOR('',#7663,10.);
#2334=VECTOR('',#7664,10.);
#2335=VECTOR('',#7667,10.);
#2336=VECTOR('',#7668,10.);
#2337=VECTOR('',#7671,10.);
#2338=VECTOR('',#7674,10.);
#2339=VECTOR('',#7675,10.);
#2340=VECTOR('',#7678,10.);
#2341=VECTOR('',#7679,10.);
#2342=VECTOR('',#7682,10.);
#2343=VECTOR('',#7683,10.);
#2344=VECTOR('',#7686,10.);
#2345=VECTOR('',#7687,10.);
#2346=VECTOR('',#7690,10.);
#2347=VECTOR('',#7691,10.);
#2348=VECTOR('',#7694,10.);
#2349=VECTOR('',#7695,10.);
#2350=VECTOR('',#7696,10.);
#2351=VECTOR('',#7697,10.);
#2352=VECTOR('',#7698,10.);
#2353=VECTOR('',#7699,10.);
#2354=VECTOR('',#7700,10.);
#2355=VECTOR('',#7701,10.);
#2356=VECTOR('',#7702,10.);
#2357=VECTOR('',#7703,10.);
#2358=VECTOR('',#7704,10.);
#2359=VECTOR('',#7705,10.);
#2360=VECTOR('',#7706,10.);
#2361=VECTOR('',#7707,10.);
#2362=VECTOR('',#7708,10.);
#2363=VECTOR('',#7709,10.);
#2364=VECTOR('',#7710,10.);
#2365=VECTOR('',#7711,10.);
#2366=VECTOR('',#7712,10.);
#2367=VECTOR('',#7713,10.);
#2368=VECTOR('',#7714,10.);
#2369=VECTOR('',#7715,10.);
#2370=VECTOR('',#7716,10.);
#2371=VECTOR('',#7717,10.);
#2372=VECTOR('',#7718,10.);
#2373=VECTOR('',#7719,10.);
#2374=VECTOR('',#7720,10.);
#2375=VECTOR('',#7721,10.);
#2376=VECTOR('',#7722,10.);
#2377=VECTOR('',#7723,10.);
#2378=VECTOR('',#7724,10.);
#2379=VECTOR('',#7725,10.);
#2380=VECTOR('',#7726,10.);
#2381=VECTOR('',#7727,10.);
#2382=VECTOR('',#7728,10.);
#2383=VECTOR('',#7729,10.);
#2384=VECTOR('',#7730,10.);
#2385=VECTOR('',#7731,10.);
#2386=VECTOR('',#7732,10.);
#2387=VECTOR('',#7733,10.);
#2388=VECTOR('',#7734,10.);
#2389=VECTOR('',#7735,10.);
#2390=VECTOR('',#7736,10.);
#2391=VECTOR('',#7737,10.);
#2392=VECTOR('',#7738,10.);
#2393=VECTOR('',#7739,10.);
#2394=VECTOR('',#7740,10.);
#2395=VECTOR('',#7741,10.);
#2396=VECTOR('',#7742,10.);
#2397=VECTOR('',#7743,10.);
#2398=VECTOR('',#7744,10.);
#2399=VECTOR('',#7745,10.);
#2400=VECTOR('',#7746,10.);
#2401=VECTOR('',#7747,10.);
#2402=VECTOR('',#7748,10.);
#2403=VECTOR('',#7749,10.);
#2404=VECTOR('',#7750,10.);
#2405=VECTOR('',#7751,10.);
#2406=VECTOR('',#7752,10.);
#2407=VECTOR('',#7753,10.);
#2408=VECTOR('',#7754,10.);
#2409=VECTOR('',#7755,10.);
#2410=VECTOR('',#7756,10.);
#2411=VECTOR('',#7757,10.);
#2412=VECTOR('',#7758,10.);
#2413=VECTOR('',#7759,10.);
#2414=VECTOR('',#7760,10.);
#2415=VECTOR('',#7761,10.);
#2416=VECTOR('',#7762,10.);
#2417=VECTOR('',#7763,10.);
#2418=VECTOR('',#7764,10.);
#2419=VECTOR('',#7765,10.);
#2420=VECTOR('',#7766,10.);
#2421=VECTOR('',#7767,10.);
#2422=VECTOR('',#7768,10.);
#2423=VECTOR('',#7769,10.);
#2424=VECTOR('',#7772,10.);
#2425=VECTOR('',#7775,10.);
#2426=VECTOR('',#7782,10.);
#2427=VECTOR('',#7783,10.);
#2428=VECTOR('',#7786,10.);
#2429=VECTOR('',#7789,10.);
#2430=VECTOR('',#7794,10.);
#2431=VECTOR('',#7797,10.);
#2432=VECTOR('',#7800,10.);
#2433=VECTOR('',#7801,10.);
#2434=VECTOR('',#7804,10.);
#2435=VECTOR('',#7807,10.);
#2436=VECTOR('',#7810,10.);
#2437=VECTOR('',#7811,10.);
#2438=VECTOR('',#7814,10.);
#2439=VECTOR('',#7817,10.);
#2440=VECTOR('',#7822,10.);
#2441=VECTOR('',#7823,10.);
#2442=VECTOR('',#7826,10.);
#2443=VECTOR('',#7829,10.);
#2444=VECTOR('',#7834,10.);
#2445=VECTOR('',#7835,10.);
#2446=VECTOR('',#7838,10.);
#2447=VECTOR('',#7841,10.);
#2448=VECTOR('',#7846,10.);
#2449=VECTOR('',#7847,10.);
#2450=VECTOR('',#7850,10.);
#2451=VECTOR('',#7855,10.);
#2452=VECTOR('',#7856,10.);
#2453=VECTOR('',#7861,10.);
#2454=VECTOR('',#7862,10.);
#2455=VECTOR('',#7865,10.);
#2456=VECTOR('',#7868,10.);
#2457=VECTOR('',#7873,10.);
#2458=VECTOR('',#7874,10.);
#2459=VECTOR('',#7877,10.);
#2460=VECTOR('',#7880,10.);
#2461=VECTOR('',#7885,10.);
#2462=VECTOR('',#7888,10.);
#2463=VECTOR('',#7891,10.);
#2464=VECTOR('',#7892,10.);
#2465=VECTOR('',#7895,10.);
#2466=VECTOR('',#7898,10.);
#2467=VECTOR('',#7901,10.);
#2468=VECTOR('',#7902,10.);
#2469=VECTOR('',#7905,10.);
#2470=VECTOR('',#7908,10.);
#2471=VECTOR('',#7911,10.);
#2472=VECTOR('',#7912,10.);
#2473=VECTOR('',#7915,10.);
#2474=VECTOR('',#7918,10.);
#2475=VECTOR('',#7923,10.);
#2476=VECTOR('',#7924,10.);
#2477=VECTOR('',#7927,10.);
#2478=VECTOR('',#7930,10.);
#2479=VECTOR('',#7935,10.);
#2480=VECTOR('',#7936,10.);
#2481=VECTOR('',#7939,10.);
#2482=VECTOR('',#7942,10.);
#2483=VECTOR('',#7945,10.);
#2484=VECTOR('',#7946,10.);
#2485=VECTOR('',#7949,10.);
#2486=VECTOR('',#7952,10.);
#2487=VECTOR('',#7957,10.);
#2488=VECTOR('',#7958,10.);
#2489=VECTOR('',#7961,10.);
#2490=VECTOR('',#7964,10.);
#2491=VECTOR('',#7969,10.);
#2492=VECTOR('',#7970,10.);
#2493=VECTOR('',#7973,10.);
#2494=VECTOR('',#7976,10.);
#2495=VERTEX_POINT('',#7995);
#2496=VERTEX_POINT('',#7996);
#2497=VERTEX_POINT('',#7998);
#2498=VERTEX_POINT('',#8000);
#2499=VERTEX_POINT('',#8004);
#2500=VERTEX_POINT('',#8006);
#2501=VERTEX_POINT('',#8010);
#2502=VERTEX_POINT('',#8012);
#2503=VERTEX_POINT('',#8019);
#2504=VERTEX_POINT('',#8020);
#2505=VERTEX_POINT('',#8022);
#2506=VERTEX_POINT('',#8024);
#2507=VERTEX_POINT('',#8028);
#2508=VERTEX_POINT('',#8030);
#2509=VERTEX_POINT('',#8034);
#2510=VERTEX_POINT('',#8036);
#2511=VERTEX_POINT('',#8043);
#2512=VERTEX_POINT('',#8044);
#2513=VERTEX_POINT('',#8046);
#2514=VERTEX_POINT('',#8048);
#2515=VERTEX_POINT('',#8052);
#2516=VERTEX_POINT('',#8054);
#2517=VERTEX_POINT('',#8058);
#2518=VERTEX_POINT('',#8060);
#2519=VERTEX_POINT('',#8064);
#2520=VERTEX_POINT('',#8065);
#2521=VERTEX_POINT('',#8067);
#2522=VERTEX_POINT('',#8069);
#2523=VERTEX_POINT('',#8073);
#2524=VERTEX_POINT('',#8074);
#2525=VERTEX_POINT('',#8076);
#2526=VERTEX_POINT('',#8078);
#2527=VERTEX_POINT('',#8085);
#2528=VERTEX_POINT('',#8086);
#2529=VERTEX_POINT('',#8088);
#2530=VERTEX_POINT('',#8090);
#2531=VERTEX_POINT('',#8094);
#2532=VERTEX_POINT('',#8096);
#2533=VERTEX_POINT('',#8100);
#2534=VERTEX_POINT('',#8101);
#2535=VERTEX_POINT('',#8106);
#2536=VERTEX_POINT('',#8107);
#2537=VERTEX_POINT('',#8109);
#2538=VERTEX_POINT('',#8111);
#2539=VERTEX_POINT('',#8115);
#2540=VERTEX_POINT('',#8117);
#2541=VERTEX_POINT('',#8121);
#2542=VERTEX_POINT('',#8122);
#2543=VERTEX_POINT('',#8127);
#2544=VERTEX_POINT('',#8128);
#2545=VERTEX_POINT('',#8130);
#2546=VERTEX_POINT('',#8132);
#2547=VERTEX_POINT('',#8136);
#2548=VERTEX_POINT('',#8138);
#2549=VERTEX_POINT('',#8142);
#2550=VERTEX_POINT('',#8144);
#2551=VERTEX_POINT('',#8151);
#2552=VERTEX_POINT('',#8152);
#2553=VERTEX_POINT('',#8154);
#2554=VERTEX_POINT('',#8156);
#2555=VERTEX_POINT('',#8160);
#2556=VERTEX_POINT('',#8162);
#2557=VERTEX_POINT('',#8166);
#2558=VERTEX_POINT('',#8168);
#2559=VERTEX_POINT('',#8175);
#2560=VERTEX_POINT('',#8176);
#2561=VERTEX_POINT('',#8178);
#2562=VERTEX_POINT('',#8180);
#2563=VERTEX_POINT('',#8184);
#2564=VERTEX_POINT('',#8185);
#2565=VERTEX_POINT('',#8187);
#2566=VERTEX_POINT('',#8189);
#2567=VERTEX_POINT('',#8196);
#2568=VERTEX_POINT('',#8197);
#2569=VERTEX_POINT('',#8199);
#2570=VERTEX_POINT('',#8201);
#2571=VERTEX_POINT('',#8205);
#2572=VERTEX_POINT('',#8207);
#2573=VERTEX_POINT('',#8211);
#2574=VERTEX_POINT('',#8213);
#2575=VERTEX_POINT('',#8220);
#2576=VERTEX_POINT('',#8221);
#2577=VERTEX_POINT('',#8223);
#2578=VERTEX_POINT('',#8225);
#2579=VERTEX_POINT('',#8229);
#2580=VERTEX_POINT('',#8230);
#2581=VERTEX_POINT('',#8232);
#2582=VERTEX_POINT('',#8234);
#2583=VERTEX_POINT('',#8241);
#2584=VERTEX_POINT('',#8242);
#2585=VERTEX_POINT('',#8244);
#2586=VERTEX_POINT('',#8246);
#2587=VERTEX_POINT('',#8250);
#2588=VERTEX_POINT('',#8252);
#2589=VERTEX_POINT('',#8256);
#2590=VERTEX_POINT('',#8258);
#2591=VERTEX_POINT('',#8265);
#2592=VERTEX_POINT('',#8266);
#2593=VERTEX_POINT('',#8268);
#2594=VERTEX_POINT('',#8270);
#2595=VERTEX_POINT('',#8274);
#2596=VERTEX_POINT('',#8276);
#2597=VERTEX_POINT('',#8280);
#2598=VERTEX_POINT('',#8282);
#2599=VERTEX_POINT('',#8289);
#2600=VERTEX_POINT('',#8290);
#2601=VERTEX_POINT('',#8292);
#2602=VERTEX_POINT('',#8294);
#2603=VERTEX_POINT('',#8298);
#2604=VERTEX_POINT('',#8300);
#2605=VERTEX_POINT('',#8304);
#2606=VERTEX_POINT('',#8306);
#2607=VERTEX_POINT('',#8313);
#2608=VERTEX_POINT('',#8314);
#2609=VERTEX_POINT('',#8316);
#2610=VERTEX_POINT('',#8318);
#2611=VERTEX_POINT('',#8322);
#2612=VERTEX_POINT('',#8324);
#2613=VERTEX_POINT('',#8328);
#2614=VERTEX_POINT('',#8330);
#2615=VERTEX_POINT('',#8334);
#2616=VERTEX_POINT('',#8335);
#2617=VERTEX_POINT('',#8337);
#2618=VERTEX_POINT('',#8339);
#2619=VERTEX_POINT('',#8343);
#2620=VERTEX_POINT('',#8345);
#2621=VERTEX_POINT('',#8349);
#2622=VERTEX_POINT('',#8351);
#2623=VERTEX_POINT('',#8358);
#2624=VERTEX_POINT('',#8359);
#2625=VERTEX_POINT('',#8361);
#2626=VERTEX_POINT('',#8363);
#2627=VERTEX_POINT('',#8367);
#2628=VERTEX_POINT('',#8369);
#2629=VERTEX_POINT('',#8373);
#2630=VERTEX_POINT('',#8375);
#2631=VERTEX_POINT('',#8382);
#2632=VERTEX_POINT('',#8383);
#2633=VERTEX_POINT('',#8385);
#2634=VERTEX_POINT('',#8387);
#2635=VERTEX_POINT('',#8391);
#2636=VERTEX_POINT('',#8393);
#2637=VERTEX_POINT('',#8397);
#2638=VERTEX_POINT('',#8399);
#2639=VERTEX_POINT('',#8406);
#2640=VERTEX_POINT('',#8407);
#2641=VERTEX_POINT('',#8409);
#2642=VERTEX_POINT('',#8411);
#2643=VERTEX_POINT('',#8415);
#2644=VERTEX_POINT('',#8417);
#2645=VERTEX_POINT('',#8421);
#2646=VERTEX_POINT('',#8423);
#2647=VERTEX_POINT('',#8430);
#2648=VERTEX_POINT('',#8431);
#2649=VERTEX_POINT('',#8433);
#2650=VERTEX_POINT('',#8435);
#2651=VERTEX_POINT('',#8439);
#2652=VERTEX_POINT('',#8441);
#2653=VERTEX_POINT('',#8445);
#2654=VERTEX_POINT('',#8446);
#2655=VERTEX_POINT('',#8451);
#2656=VERTEX_POINT('',#8452);
#2657=VERTEX_POINT('',#8454);
#2658=VERTEX_POINT('',#8456);
#2659=VERTEX_POINT('',#8460);
#2660=VERTEX_POINT('',#8462);
#2661=VERTEX_POINT('',#8466);
#2662=VERTEX_POINT('',#8467);
#2663=VERTEX_POINT('',#8472);
#2664=VERTEX_POINT('',#8473);
#2665=VERTEX_POINT('',#8475);
#2666=VERTEX_POINT('',#8477);
#2667=VERTEX_POINT('',#8481);
#2668=VERTEX_POINT('',#8483);
#2669=VERTEX_POINT('',#8487);
#2670=VERTEX_POINT('',#8489);
#2671=VERTEX_POINT('',#8496);
#2672=VERTEX_POINT('',#8497);
#2673=VERTEX_POINT('',#8499);
#2674=VERTEX_POINT('',#8501);
#2675=VERTEX_POINT('',#8505);
#2676=VERTEX_POINT('',#8507);
#2677=VERTEX_POINT('',#8511);
#2678=VERTEX_POINT('',#8513);
#2679=VERTEX_POINT('',#8520);
#2680=VERTEX_POINT('',#8521);
#2681=VERTEX_POINT('',#8523);
#2682=VERTEX_POINT('',#8525);
#2683=VERTEX_POINT('',#8529);
#2684=VERTEX_POINT('',#8531);
#2685=VERTEX_POINT('',#8535);
#2686=VERTEX_POINT('',#8537);
#2687=VERTEX_POINT('',#8544);
#2688=VERTEX_POINT('',#8545);
#2689=VERTEX_POINT('',#8547);
#2690=VERTEX_POINT('',#8549);
#2691=VERTEX_POINT('',#8553);
#2692=VERTEX_POINT('',#8555);
#2693=VERTEX_POINT('',#8559);
#2694=VERTEX_POINT('',#8561);
#2695=VERTEX_POINT('',#8568);
#2696=VERTEX_POINT('',#8569);
#2697=VERTEX_POINT('',#8571);
#2698=VERTEX_POINT('',#8573);
#2699=VERTEX_POINT('',#8577);
#2700=VERTEX_POINT('',#8579);
#2701=VERTEX_POINT('',#8583);
#2702=VERTEX_POINT('',#8584);
#2703=VERTEX_POINT('',#8589);
#2704=VERTEX_POINT('',#8590);
#2705=VERTEX_POINT('',#8592);
#2706=VERTEX_POINT('',#8594);
#2707=VERTEX_POINT('',#8598);
#2708=VERTEX_POINT('',#8600);
#2709=VERTEX_POINT('',#8604);
#2710=VERTEX_POINT('',#8605);
#2711=VERTEX_POINT('',#8610);
#2712=VERTEX_POINT('',#8611);
#2713=VERTEX_POINT('',#8613);
#2714=VERTEX_POINT('',#8615);
#2715=VERTEX_POINT('',#8619);
#2716=VERTEX_POINT('',#8621);
#2717=VERTEX_POINT('',#8625);
#2718=VERTEX_POINT('',#8626);
#2719=VERTEX_POINT('',#8631);
#2720=VERTEX_POINT('',#8632);
#2721=VERTEX_POINT('',#8634);
#2722=VERTEX_POINT('',#8636);
#2723=VERTEX_POINT('',#8640);
#2724=VERTEX_POINT('',#8642);
#2725=VERTEX_POINT('',#8646);
#2726=VERTEX_POINT('',#8648);
#2727=VERTEX_POINT('',#8655);
#2728=VERTEX_POINT('',#8656);
#2729=VERTEX_POINT('',#8658);
#2730=VERTEX_POINT('',#8660);
#2731=VERTEX_POINT('',#8664);
#2732=VERTEX_POINT('',#8665);
#2733=VERTEX_POINT('',#8667);
#2734=VERTEX_POINT('',#8669);
#2735=VERTEX_POINT('',#8676);
#2736=VERTEX_POINT('',#8677);
#2737=VERTEX_POINT('',#8679);
#2738=VERTEX_POINT('',#8681);
#2739=VERTEX_POINT('',#8685);
#2740=VERTEX_POINT('',#8687);
#2741=VERTEX_POINT('',#8691);
#2742=VERTEX_POINT('',#8693);
#2743=VERTEX_POINT('',#8700);
#2744=VERTEX_POINT('',#8701);
#2745=VERTEX_POINT('',#8703);
#2746=VERTEX_POINT('',#8705);
#2747=VERTEX_POINT('',#8709);
#2748=VERTEX_POINT('',#8711);
#2749=VERTEX_POINT('',#8715);
#2750=VERTEX_POINT('',#8716);
#2751=VERTEX_POINT('',#8721);
#2752=VERTEX_POINT('',#8722);
#2753=VERTEX_POINT('',#8724);
#2754=VERTEX_POINT('',#8726);
#2755=VERTEX_POINT('',#8730);
#2756=VERTEX_POINT('',#8732);
#2757=VERTEX_POINT('',#8736);
#2758=VERTEX_POINT('',#8738);
#2759=VERTEX_POINT('',#8745);
#2760=VERTEX_POINT('',#8746);
#2761=VERTEX_POINT('',#8748);
#2762=VERTEX_POINT('',#8750);
#2763=VERTEX_POINT('',#8754);
#2764=VERTEX_POINT('',#8755);
#2765=VERTEX_POINT('',#8757);
#2766=VERTEX_POINT('',#8759);
#2767=VERTEX_POINT('',#8766);
#2768=VERTEX_POINT('',#8767);
#2769=VERTEX_POINT('',#8769);
#2770=VERTEX_POINT('',#8771);
#2771=VERTEX_POINT('',#8775);
#2772=VERTEX_POINT('',#8777);
#2773=VERTEX_POINT('',#8781);
#2774=VERTEX_POINT('',#8783);
#2775=VERTEX_POINT('',#8790);
#2776=VERTEX_POINT('',#8791);
#2777=VERTEX_POINT('',#8793);
#2778=VERTEX_POINT('',#8795);
#2779=VERTEX_POINT('',#8799);
#2780=VERTEX_POINT('',#8801);
#2781=VERTEX_POINT('',#8805);
#2782=VERTEX_POINT('',#8807);
#2783=VERTEX_POINT('',#8814);
#2784=VERTEX_POINT('',#8815);
#2785=VERTEX_POINT('',#8817);
#2786=VERTEX_POINT('',#8819);
#2787=VERTEX_POINT('',#8823);
#2788=VERTEX_POINT('',#8825);
#2789=VERTEX_POINT('',#8829);
#2790=VERTEX_POINT('',#8831);
#2791=VERTEX_POINT('',#8838);
#2792=VERTEX_POINT('',#8839);
#2793=VERTEX_POINT('',#8841);
#2794=VERTEX_POINT('',#8843);
#2795=VERTEX_POINT('',#8847);
#2796=VERTEX_POINT('',#8849);
#2797=VERTEX_POINT('',#8853);
#2798=VERTEX_POINT('',#8855);
#2799=VERTEX_POINT('',#8862);
#2800=VERTEX_POINT('',#8863);
#2801=VERTEX_POINT('',#8865);
#2802=VERTEX_POINT('',#8867);
#2803=VERTEX_POINT('',#8871);
#2804=VERTEX_POINT('',#8873);
#2805=VERTEX_POINT('',#8877);
#2806=VERTEX_POINT('',#8878);
#2807=VERTEX_POINT('',#8883);
#2808=VERTEX_POINT('',#8884);
#2809=VERTEX_POINT('',#8886);
#2810=VERTEX_POINT('',#8888);
#2811=VERTEX_POINT('',#8892);
#2812=VERTEX_POINT('',#8894);
#2813=VERTEX_POINT('',#8898);
#2814=VERTEX_POINT('',#8900);
#2815=VERTEX_POINT('',#8907);
#2816=VERTEX_POINT('',#8908);
#2817=VERTEX_POINT('',#8910);
#2818=VERTEX_POINT('',#8912);
#2819=VERTEX_POINT('',#8916);
#2820=VERTEX_POINT('',#8918);
#2821=VERTEX_POINT('',#8922);
#2822=VERTEX_POINT('',#8924);
#2823=VERTEX_POINT('',#8931);
#2824=VERTEX_POINT('',#8932);
#2825=VERTEX_POINT('',#8934);
#2826=VERTEX_POINT('',#8936);
#2827=VERTEX_POINT('',#8940);
#2828=VERTEX_POINT('',#8942);
#2829=VERTEX_POINT('',#8946);
#2830=VERTEX_POINT('',#8948);
#2831=VERTEX_POINT('',#8955);
#2832=VERTEX_POINT('',#8956);
#2833=VERTEX_POINT('',#8958);
#2834=VERTEX_POINT('',#8960);
#2835=VERTEX_POINT('',#8964);
#2836=VERTEX_POINT('',#8965);
#2837=VERTEX_POINT('',#8967);
#2838=VERTEX_POINT('',#8969);
#2839=VERTEX_POINT('',#8976);
#2840=VERTEX_POINT('',#8977);
#2841=VERTEX_POINT('',#8979);
#2842=VERTEX_POINT('',#8981);
#2843=VERTEX_POINT('',#8985);
#2844=VERTEX_POINT('',#8987);
#2845=VERTEX_POINT('',#8991);
#2846=VERTEX_POINT('',#8992);
#2847=VERTEX_POINT('',#8997);
#2848=VERTEX_POINT('',#8998);
#2849=VERTEX_POINT('',#9000);
#2850=VERTEX_POINT('',#9002);
#2851=VERTEX_POINT('',#9006);
#2852=VERTEX_POINT('',#9008);
#2853=VERTEX_POINT('',#9012);
#2854=VERTEX_POINT('',#9014);
#2855=VERTEX_POINT('',#9021);
#2856=VERTEX_POINT('',#9022);
#2857=VERTEX_POINT('',#9024);
#2858=VERTEX_POINT('',#9026);
#2859=VERTEX_POINT('',#9030);
#2860=VERTEX_POINT('',#9032);
#2861=VERTEX_POINT('',#9036);
#2862=VERTEX_POINT('',#9038);
#2863=VERTEX_POINT('',#9045);
#2864=VERTEX_POINT('',#9047);
#2865=VERTEX_POINT('',#9051);
#2866=VERTEX_POINT('',#9053);
#2867=VERTEX_POINT('',#9081);
#2868=VERTEX_POINT('',#9083);
#2869=VERTEX_POINT('',#9090);
#2870=VERTEX_POINT('',#9092);
#2871=VERTEX_POINT('',#9116);
#2872=VERTEX_POINT('',#9118);
#2873=VERTEX_POINT('',#9120);
#2874=VERTEX_POINT('',#9122);
#2875=VERTEX_POINT('',#9124);
#2876=VERTEX_POINT('',#9126);
#2877=VERTEX_POINT('',#9128);
#2878=VERTEX_POINT('',#9130);
#2879=VERTEX_POINT('',#9132);
#2880=VERTEX_POINT('',#9134);
#2881=VERTEX_POINT('',#9136);
#2882=VERTEX_POINT('',#9138);
#2883=VERTEX_POINT('',#9140);
#2884=VERTEX_POINT('',#9142);
#2885=VERTEX_POINT('',#9144);
#2886=VERTEX_POINT('',#9146);
#2887=VERTEX_POINT('',#9148);
#2888=VERTEX_POINT('',#9150);
#2889=VERTEX_POINT('',#9152);
#2890=VERTEX_POINT('',#9154);
#2891=VERTEX_POINT('',#9156);
#2892=VERTEX_POINT('',#9158);
#2893=VERTEX_POINT('',#9160);
#2894=VERTEX_POINT('',#9162);
#2895=VERTEX_POINT('',#9164);
#2896=VERTEX_POINT('',#9166);
#2897=VERTEX_POINT('',#9168);
#2898=VERTEX_POINT('',#9170);
#2899=VERTEX_POINT('',#9172);
#2900=VERTEX_POINT('',#9174);
#2901=VERTEX_POINT('',#9176);
#2902=VERTEX_POINT('',#9178);
#2903=VERTEX_POINT('',#9180);
#2904=VERTEX_POINT('',#9182);
#2905=VERTEX_POINT('',#9184);
#2906=VERTEX_POINT('',#9186);
#2907=VERTEX_POINT('',#9188);
#2908=VERTEX_POINT('',#9190);
#2909=VERTEX_POINT('',#9192);
#2910=VERTEX_POINT('',#9194);
#2911=VERTEX_POINT('',#9197);
#2912=VERTEX_POINT('',#9198);
#2913=VERTEX_POINT('',#9200);
#2914=VERTEX_POINT('',#9202);
#2915=VERTEX_POINT('',#9205);
#2916=VERTEX_POINT('',#9206);
#2917=VERTEX_POINT('',#9208);
#2918=VERTEX_POINT('',#9210);
#2919=VERTEX_POINT('',#9213);
#2920=VERTEX_POINT('',#9214);
#2921=VERTEX_POINT('',#9216);
#2922=VERTEX_POINT('',#9218);
#2923=VERTEX_POINT('',#9221);
#2924=VERTEX_POINT('',#9222);
#2925=VERTEX_POINT('',#9224);
#2926=VERTEX_POINT('',#9226);
#2927=VERTEX_POINT('',#9229);
#2928=VERTEX_POINT('',#9230);
#2929=VERTEX_POINT('',#9232);
#2930=VERTEX_POINT('',#9234);
#2931=VERTEX_POINT('',#9237);
#2932=VERTEX_POINT('',#9238);
#2933=VERTEX_POINT('',#9240);
#2934=VERTEX_POINT('',#9242);
#2935=VERTEX_POINT('',#9245);
#2936=VERTEX_POINT('',#9246);
#2937=VERTEX_POINT('',#9248);
#2938=VERTEX_POINT('',#9250);
#2939=VERTEX_POINT('',#9253);
#2940=VERTEX_POINT('',#9254);
#2941=VERTEX_POINT('',#9256);
#2942=VERTEX_POINT('',#9258);
#2943=VERTEX_POINT('',#9261);
#2944=VERTEX_POINT('',#9262);
#2945=VERTEX_POINT('',#9264);
#2946=VERTEX_POINT('',#9266);
#2947=VERTEX_POINT('',#9269);
#2948=VERTEX_POINT('',#9270);
#2949=VERTEX_POINT('',#9272);
#2950=VERTEX_POINT('',#9274);
#2951=VERTEX_POINT('',#9277);
#2952=VERTEX_POINT('',#9278);
#2953=VERTEX_POINT('',#9280);
#2954=VERTEX_POINT('',#9282);
#2955=VERTEX_POINT('',#9285);
#2956=VERTEX_POINT('',#9286);
#2957=VERTEX_POINT('',#9288);
#2958=VERTEX_POINT('',#9290);
#2959=VERTEX_POINT('',#9293);
#2960=VERTEX_POINT('',#9294);
#2961=VERTEX_POINT('',#9296);
#2962=VERTEX_POINT('',#9298);
#2963=VERTEX_POINT('',#9301);
#2964=VERTEX_POINT('',#9302);
#2965=VERTEX_POINT('',#9304);
#2966=VERTEX_POINT('',#9306);
#2967=VERTEX_POINT('',#9309);
#2968=VERTEX_POINT('',#9310);
#2969=VERTEX_POINT('',#9312);
#2970=VERTEX_POINT('',#9314);
#2971=VERTEX_POINT('',#9318);
#2972=VERTEX_POINT('',#9319);
#2973=VERTEX_POINT('',#9324);
#2974=VERTEX_POINT('',#9328);
#2975=VERTEX_POINT('',#9334);
#2976=VERTEX_POINT('',#9335);
#2977=VERTEX_POINT('',#9340);
#2978=VERTEX_POINT('',#9344);
#2979=VERTEX_POINT('',#9348);
#2980=VERTEX_POINT('',#9349);
#2981=VERTEX_POINT('',#9354);
#2982=VERTEX_POINT('',#9358);
#2983=VERTEX_POINT('',#9364);
#2984=VERTEX_POINT('',#9365);
#2985=VERTEX_POINT('',#9370);
#2986=VERTEX_POINT('',#9374);
#2987=VERTEX_POINT('',#9378);
#2988=VERTEX_POINT('',#9379);
#2989=VERTEX_POINT('',#9384);
#2990=VERTEX_POINT('',#9388);
#2991=VERTEX_POINT('',#9394);
#2992=VERTEX_POINT('',#9395);
#2993=VERTEX_POINT('',#9400);
#2994=VERTEX_POINT('',#9404);
#2995=VERTEX_POINT('',#9410);
#2996=VERTEX_POINT('',#9414);
#2997=VERTEX_POINT('',#9418);
#2998=VERTEX_POINT('',#9422);
#2999=VERTEX_POINT('',#9426);
#3000=VERTEX_POINT('',#9432);
#3001=VERTEX_POINT('',#9434);
#3002=VERTEX_POINT('',#9436);
#3003=VERTEX_POINT('',#9438);
#3004=VERTEX_POINT('',#9440);
#3005=VERTEX_POINT('',#9442);
#3006=VERTEX_POINT('',#9444);
#3007=VERTEX_POINT('',#9446);
#3008=VERTEX_POINT('',#9448);
#3009=VERTEX_POINT('',#9450);
#3010=VERTEX_POINT('',#9452);
#3011=VERTEX_POINT('',#9454);
#3012=VERTEX_POINT('',#9456);
#3013=VERTEX_POINT('',#9460);
#3014=VERTEX_POINT('',#9462);
#3015=VERTEX_POINT('',#9464);
#3016=VERTEX_POINT('',#9466);
#3017=VERTEX_POINT('',#9468);
#3018=VERTEX_POINT('',#9470);
#3019=VERTEX_POINT('',#9472);
#3020=VERTEX_POINT('',#9474);
#3021=VERTEX_POINT('',#9476);
#3022=VERTEX_POINT('',#9478);
#3023=VERTEX_POINT('',#9480);
#3024=VERTEX_POINT('',#9482);
#3025=VERTEX_POINT('',#9484);
#3026=VERTEX_POINT('',#9486);
#3027=VERTEX_POINT('',#9489);
#3028=VERTEX_POINT('',#9490);
#3029=VERTEX_POINT('',#9492);
#3030=VERTEX_POINT('',#9494);
#3031=VERTEX_POINT('',#9497);
#3032=VERTEX_POINT('',#9498);
#3033=VERTEX_POINT('',#9500);
#3034=VERTEX_POINT('',#9502);
#3035=VERTEX_POINT('',#9505);
#3036=VERTEX_POINT('',#9506);
#3037=VERTEX_POINT('',#9508);
#3038=VERTEX_POINT('',#9510);
#3039=VERTEX_POINT('',#9513);
#3040=VERTEX_POINT('',#9514);
#3041=VERTEX_POINT('',#9516);
#3042=VERTEX_POINT('',#9518);
#3043=VERTEX_POINT('',#9521);
#3044=VERTEX_POINT('',#9522);
#3045=VERTEX_POINT('',#9524);
#3046=VERTEX_POINT('',#9526);
#3047=VERTEX_POINT('',#9529);
#3048=VERTEX_POINT('',#9530);
#3049=VERTEX_POINT('',#9532);
#3050=VERTEX_POINT('',#9534);
#3051=VERTEX_POINT('',#9537);
#3052=VERTEX_POINT('',#9538);
#3053=VERTEX_POINT('',#9540);
#3054=VERTEX_POINT('',#9542);
#3055=VERTEX_POINT('',#9545);
#3056=VERTEX_POINT('',#9546);
#3057=VERTEX_POINT('',#9548);
#3058=VERTEX_POINT('',#9550);
#3059=VERTEX_POINT('',#9553);
#3060=VERTEX_POINT('',#9554);
#3061=VERTEX_POINT('',#9556);
#3062=VERTEX_POINT('',#9558);
#3063=VERTEX_POINT('',#9561);
#3064=VERTEX_POINT('',#9562);
#3065=VERTEX_POINT('',#9564);
#3066=VERTEX_POINT('',#9566);
#3067=VERTEX_POINT('',#9569);
#3068=VERTEX_POINT('',#9570);
#3069=VERTEX_POINT('',#9572);
#3070=VERTEX_POINT('',#9574);
#3071=EDGE_CURVE('',#2495,#2496,#767,.T.);
#3072=EDGE_CURVE('',#2495,#2497,#768,.T.);
#3073=EDGE_CURVE('',#2497,#2498,#769,.T.);
#3074=EDGE_CURVE('',#2496,#2498,#770,.T.);
#3075=EDGE_CURVE('',#2499,#2495,#771,.T.);
#3076=EDGE_CURVE('',#2499,#2500,#772,.T.);
#3077=EDGE_CURVE('',#2500,#2497,#773,.T.);
#3078=EDGE_CURVE('',#2501,#2499,#774,.T.);
#3079=EDGE_CURVE('',#2501,#2502,#775,.T.);
#3080=EDGE_CURVE('',#2502,#2500,#776,.T.);
#3081=EDGE_CURVE('',#2496,#2501,#777,.T.);
#3082=EDGE_CURVE('',#2498,#2502,#778,.T.);
#3083=EDGE_CURVE('',#2503,#2504,#779,.T.);
#3084=EDGE_CURVE('',#2503,#2505,#780,.T.);
#3085=EDGE_CURVE('',#2505,#2506,#781,.T.);
#3086=EDGE_CURVE('',#2504,#2506,#782,.T.);
#3087=EDGE_CURVE('',#2507,#2503,#783,.T.);
#3088=EDGE_CURVE('',#2507,#2508,#784,.T.);
#3089=EDGE_CURVE('',#2508,#2505,#785,.T.);
#3090=EDGE_CURVE('',#2509,#2507,#786,.T.);
#3091=EDGE_CURVE('',#2509,#2510,#787,.T.);
#3092=EDGE_CURVE('',#2510,#2508,#788,.T.);
#3093=EDGE_CURVE('',#2504,#2509,#789,.T.);
#3094=EDGE_CURVE('',#2506,#2510,#790,.T.);
#3095=EDGE_CURVE('',#2511,#2512,#791,.T.);
#3096=EDGE_CURVE('',#2511,#2513,#792,.T.);
#3097=EDGE_CURVE('',#2513,#2514,#793,.T.);
#3098=EDGE_CURVE('',#2512,#2514,#794,.T.);
#3099=EDGE_CURVE('',#2515,#2511,#795,.T.);
#3100=EDGE_CURVE('',#2516,#2515,#796,.T.);
#3101=EDGE_CURVE('',#2516,#2513,#797,.T.);
#3102=EDGE_CURVE('',#2512,#2517,#798,.T.);
#3103=EDGE_CURVE('',#2514,#2518,#799,.T.);
#3104=EDGE_CURVE('',#2517,#2518,#800,.T.);
#3105=EDGE_CURVE('',#2519,#2520,#801,.T.);
#3106=EDGE_CURVE('',#2521,#2519,#802,.T.);
#3107=EDGE_CURVE('',#2521,#2522,#803,.T.);
#3108=EDGE_CURVE('',#2520,#2522,#804,.T.);
#3109=EDGE_CURVE('',#2523,#2524,#805,.T.);
#3110=EDGE_CURVE('',#2523,#2525,#806,.T.);
#3111=EDGE_CURVE('',#2525,#2526,#807,.T.);
#3112=EDGE_CURVE('',#2524,#2526,#808,.T.);
#3113=EDGE_CURVE('',#2520,#2523,#809,.T.);
#3114=EDGE_CURVE('',#2522,#2525,#810,.T.);
#3115=EDGE_CURVE('',#2527,#2528,#811,.T.);
#3116=EDGE_CURVE('',#2529,#2527,#812,.T.);
#3117=EDGE_CURVE('',#2529,#2530,#813,.T.);
#3118=EDGE_CURVE('',#2530,#2528,#814,.T.);
#3119=EDGE_CURVE('',#2531,#2529,#815,.T.);
#3120=EDGE_CURVE('',#2531,#2532,#816,.T.);
#3121=EDGE_CURVE('',#2532,#2530,#817,.T.);
#3122=EDGE_CURVE('',#2533,#2534,#818,.T.);
#3123=EDGE_CURVE('',#2533,#2532,#819,.T.);
#3124=EDGE_CURVE('',#2534,#2531,#820,.T.);
#3125=EDGE_CURVE('',#2535,#2536,#821,.T.);
#3126=EDGE_CURVE('',#2537,#2535,#822,.T.);
#3127=EDGE_CURVE('',#2537,#2538,#823,.T.);
#3128=EDGE_CURVE('',#2538,#2536,#824,.T.);
#3129=EDGE_CURVE('',#2539,#2537,#825,.T.);
#3130=EDGE_CURVE('',#2539,#2540,#826,.T.);
#3131=EDGE_CURVE('',#2540,#2538,#827,.T.);
#3132=EDGE_CURVE('',#2541,#2542,#828,.T.);
#3133=EDGE_CURVE('',#2541,#2540,#829,.T.);
#3134=EDGE_CURVE('',#2542,#2539,#830,.T.);
#3135=EDGE_CURVE('',#2543,#2544,#831,.T.);
#3136=EDGE_CURVE('',#2543,#2545,#832,.T.);
#3137=EDGE_CURVE('',#2545,#2546,#833,.T.);
#3138=EDGE_CURVE('',#2544,#2546,#834,.T.);
#3139=EDGE_CURVE('',#2547,#2543,#835,.T.);
#3140=EDGE_CURVE('',#2547,#2548,#836,.T.);
#3141=EDGE_CURVE('',#2548,#2545,#837,.T.);
#3142=EDGE_CURVE('',#2549,#2547,#838,.T.);
#3143=EDGE_CURVE('',#2549,#2550,#839,.T.);
#3144=EDGE_CURVE('',#2548,#2550,#840,.T.);
#3145=EDGE_CURVE('',#2544,#2549,#841,.T.);
#3146=EDGE_CURVE('',#2550,#2546,#842,.T.);
#3147=EDGE_CURVE('',#2551,#2552,#843,.T.);
#3148=EDGE_CURVE('',#2551,#2553,#844,.T.);
#3149=EDGE_CURVE('',#2553,#2554,#845,.T.);
#3150=EDGE_CURVE('',#2552,#2554,#846,.T.);
#3151=EDGE_CURVE('',#2555,#2551,#847,.T.);
#3152=EDGE_CURVE('',#2555,#2556,#848,.T.);
#3153=EDGE_CURVE('',#2556,#2553,#849,.T.);
#3154=EDGE_CURVE('',#2557,#2555,#850,.T.);
#3155=EDGE_CURVE('',#2557,#2558,#851,.T.);
#3156=EDGE_CURVE('',#2558,#2556,#852,.T.);
#3157=EDGE_CURVE('',#2552,#2557,#853,.T.);
#3158=EDGE_CURVE('',#2554,#2558,#854,.T.);
#3159=EDGE_CURVE('',#2559,#2560,#855,.T.);
#3160=EDGE_CURVE('',#2561,#2559,#856,.T.);
#3161=EDGE_CURVE('',#2561,#2562,#857,.T.);
#3162=EDGE_CURVE('',#2562,#2560,#858,.T.);
#3163=EDGE_CURVE('',#2563,#2564,#859,.T.);
#3164=EDGE_CURVE('',#2563,#2565,#860,.T.);
#3165=EDGE_CURVE('',#2566,#2565,#861,.T.);
#3166=EDGE_CURVE('',#2564,#2566,#862,.T.);
#3167=EDGE_CURVE('',#2566,#2561,#863,.T.);
#3168=EDGE_CURVE('',#2565,#2562,#864,.T.);
#3169=EDGE_CURVE('',#2567,#2568,#865,.T.);
#3170=EDGE_CURVE('',#2567,#2569,#866,.T.);
#3171=EDGE_CURVE('',#2569,#2570,#867,.T.);
#3172=EDGE_CURVE('',#2568,#2570,#868,.T.);
#3173=EDGE_CURVE('',#2571,#2567,#869,.T.);
#3174=EDGE_CURVE('',#2571,#2572,#870,.T.);
#3175=EDGE_CURVE('',#2572,#2569,#871,.T.);
#3176=EDGE_CURVE('',#2573,#2571,#872,.T.);
#3177=EDGE_CURVE('',#2573,#2574,#873,.T.);
#3178=EDGE_CURVE('',#2574,#2572,#874,.T.);
#3179=EDGE_CURVE('',#2568,#2573,#875,.T.);
#3180=EDGE_CURVE('',#2570,#2574,#876,.T.);
#3181=EDGE_CURVE('',#2575,#2576,#877,.T.);
#3182=EDGE_CURVE('',#2577,#2575,#878,.T.);
#3183=EDGE_CURVE('',#2577,#2578,#879,.T.);
#3184=EDGE_CURVE('',#2578,#2576,#880,.T.);
#3185=EDGE_CURVE('',#2579,#2580,#881,.T.);
#3186=EDGE_CURVE('',#2579,#2581,#882,.T.);
#3187=EDGE_CURVE('',#2582,#2581,#883,.T.);
#3188=EDGE_CURVE('',#2580,#2582,#884,.T.);
#3189=EDGE_CURVE('',#2582,#2577,#885,.T.);
#3190=EDGE_CURVE('',#2581,#2578,#886,.T.);
#3191=EDGE_CURVE('',#2583,#2584,#887,.T.);
#3192=EDGE_CURVE('',#2583,#2585,#888,.T.);
#3193=EDGE_CURVE('',#2585,#2586,#889,.T.);
#3194=EDGE_CURVE('',#2584,#2586,#890,.T.);
#3195=EDGE_CURVE('',#2587,#2583,#891,.T.);
#3196=EDGE_CURVE('',#2587,#2588,#892,.T.);
#3197=EDGE_CURVE('',#2588,#2585,#893,.T.);
#3198=EDGE_CURVE('',#2589,#2587,#894,.T.);
#3199=EDGE_CURVE('',#2589,#2590,#895,.T.);
#3200=EDGE_CURVE('',#2590,#2588,#896,.T.);
#3201=EDGE_CURVE('',#2584,#2589,#897,.T.);
#3202=EDGE_CURVE('',#2586,#2590,#898,.T.);
#3203=EDGE_CURVE('',#2591,#2592,#899,.T.);
#3204=EDGE_CURVE('',#2591,#2593,#900,.T.);
#3205=EDGE_CURVE('',#2593,#2594,#901,.T.);
#3206=EDGE_CURVE('',#2592,#2594,#902,.T.);
#3207=EDGE_CURVE('',#2595,#2591,#903,.T.);
#3208=EDGE_CURVE('',#2595,#2596,#904,.T.);
#3209=EDGE_CURVE('',#2596,#2593,#905,.T.);
#3210=EDGE_CURVE('',#2597,#2595,#906,.T.);
#3211=EDGE_CURVE('',#2597,#2598,#907,.T.);
#3212=EDGE_CURVE('',#2598,#2596,#908,.T.);
#3213=EDGE_CURVE('',#2592,#2597,#909,.T.);
#3214=EDGE_CURVE('',#2594,#2598,#910,.T.);
#3215=EDGE_CURVE('',#2599,#2600,#911,.T.);
#3216=EDGE_CURVE('',#2599,#2601,#912,.T.);
#3217=EDGE_CURVE('',#2601,#2602,#913,.T.);
#3218=EDGE_CURVE('',#2600,#2602,#914,.T.);
#3219=EDGE_CURVE('',#2603,#2599,#915,.T.);
#3220=EDGE_CURVE('',#2603,#2604,#916,.T.);
#3221=EDGE_CURVE('',#2604,#2601,#917,.T.);
#3222=EDGE_CURVE('',#2605,#2603,#918,.T.);
#3223=EDGE_CURVE('',#2605,#2606,#919,.T.);
#3224=EDGE_CURVE('',#2604,#2606,#920,.T.);
#3225=EDGE_CURVE('',#2600,#2605,#921,.T.);
#3226=EDGE_CURVE('',#2606,#2602,#922,.T.);
#3227=EDGE_CURVE('',#2607,#2608,#923,.T.);
#3228=EDGE_CURVE('',#2607,#2609,#924,.T.);
#3229=EDGE_CURVE('',#2609,#2610,#925,.T.);
#3230=EDGE_CURVE('',#2608,#2610,#926,.T.);
#3231=EDGE_CURVE('',#2611,#2607,#927,.T.);
#3232=EDGE_CURVE('',#2612,#2611,#928,.T.);
#3233=EDGE_CURVE('',#2612,#2609,#929,.T.);
#3234=EDGE_CURVE('',#2608,#2613,#930,.T.);
#3235=EDGE_CURVE('',#2614,#2610,#931,.T.);
#3236=EDGE_CURVE('',#2613,#2614,#932,.T.);
#3237=EDGE_CURVE('',#2615,#2616,#933,.T.);
#3238=EDGE_CURVE('',#2615,#2617,#934,.T.);
#3239=EDGE_CURVE('',#2618,#2617,#935,.T.);
#3240=EDGE_CURVE('',#2616,#2618,#936,.T.);
#3241=EDGE_CURVE('',#2619,#2615,#937,.T.);
#3242=EDGE_CURVE('',#2619,#2620,#938,.T.);
#3243=EDGE_CURVE('',#2617,#2620,#939,.T.);
#3244=EDGE_CURVE('',#2621,#2619,#940,.T.);
#3245=EDGE_CURVE('',#2621,#2622,#941,.T.);
#3246=EDGE_CURVE('',#2622,#2620,#942,.T.);
#3247=EDGE_CURVE('',#2616,#2621,#943,.T.);
#3248=EDGE_CURVE('',#2618,#2622,#944,.T.);
#3249=EDGE_CURVE('',#2623,#2624,#945,.T.);
#3250=EDGE_CURVE('',#2623,#2625,#946,.T.);
#3251=EDGE_CURVE('',#2625,#2626,#947,.T.);
#3252=EDGE_CURVE('',#2624,#2626,#948,.T.);
#3253=EDGE_CURVE('',#2627,#2623,#949,.T.);
#3254=EDGE_CURVE('',#2627,#2628,#950,.T.);
#3255=EDGE_CURVE('',#2628,#2625,#951,.T.);
#3256=EDGE_CURVE('',#2629,#2627,#952,.T.);
#3257=EDGE_CURVE('',#2629,#2630,#953,.T.);
#3258=EDGE_CURVE('',#2630,#2628,#954,.T.);
#3259=EDGE_CURVE('',#2624,#2629,#955,.T.);
#3260=EDGE_CURVE('',#2626,#2630,#956,.T.);
#3261=EDGE_CURVE('',#2631,#2632,#957,.T.);
#3262=EDGE_CURVE('',#2631,#2633,#958,.T.);
#3263=EDGE_CURVE('',#2633,#2634,#959,.T.);
#3264=EDGE_CURVE('',#2632,#2634,#960,.T.);
#3265=EDGE_CURVE('',#2635,#2631,#961,.T.);
#3266=EDGE_CURVE('',#2635,#2636,#962,.T.);
#3267=EDGE_CURVE('',#2636,#2633,#963,.T.);
#3268=EDGE_CURVE('',#2637,#2635,#964,.T.);
#3269=EDGE_CURVE('',#2637,#2638,#965,.T.);
#3270=EDGE_CURVE('',#2638,#2636,#966,.T.);
#3271=EDGE_CURVE('',#2632,#2637,#967,.T.);
#3272=EDGE_CURVE('',#2634,#2638,#968,.T.);
#3273=EDGE_CURVE('',#2639,#2640,#969,.T.);
#3274=EDGE_CURVE('',#2639,#2641,#970,.T.);
#3275=EDGE_CURVE('',#2641,#2642,#971,.T.);
#3276=EDGE_CURVE('',#2640,#2642,#972,.T.);
#3277=EDGE_CURVE('',#2643,#2639,#973,.T.);
#3278=EDGE_CURVE('',#2643,#2644,#974,.T.);
#3279=EDGE_CURVE('',#2644,#2641,#975,.T.);
#3280=EDGE_CURVE('',#2645,#2643,#976,.T.);
#3281=EDGE_CURVE('',#2645,#2646,#977,.T.);
#3282=EDGE_CURVE('',#2646,#2644,#978,.T.);
#3283=EDGE_CURVE('',#2640,#2645,#979,.T.);
#3284=EDGE_CURVE('',#2642,#2646,#980,.T.);
#3285=EDGE_CURVE('',#2647,#2648,#981,.T.);
#3286=EDGE_CURVE('',#2649,#2647,#982,.T.);
#3287=EDGE_CURVE('',#2649,#2650,#983,.T.);
#3288=EDGE_CURVE('',#2650,#2648,#984,.T.);
#3289=EDGE_CURVE('',#2651,#2649,#985,.T.);
#3290=EDGE_CURVE('',#2651,#2652,#986,.T.);
#3291=EDGE_CURVE('',#2652,#2650,#987,.T.);
#3292=EDGE_CURVE('',#2653,#2654,#988,.T.);
#3293=EDGE_CURVE('',#2653,#2652,#989,.T.);
#3294=EDGE_CURVE('',#2654,#2651,#990,.T.);
#3295=EDGE_CURVE('',#2655,#2656,#991,.T.);
#3296=EDGE_CURVE('',#2657,#2655,#992,.T.);
#3297=EDGE_CURVE('',#2657,#2658,#993,.T.);
#3298=EDGE_CURVE('',#2658,#2656,#994,.T.);
#3299=EDGE_CURVE('',#2659,#2657,#995,.T.);
#3300=EDGE_CURVE('',#2659,#2660,#996,.T.);
#3301=EDGE_CURVE('',#2658,#2660,#997,.T.);
#3302=EDGE_CURVE('',#2661,#2662,#998,.T.);
#3303=EDGE_CURVE('',#2660,#2661,#999,.T.);
#3304=EDGE_CURVE('',#2662,#2659,#1000,.T.);
#3305=EDGE_CURVE('',#2663,#2664,#1001,.T.);
#3306=EDGE_CURVE('',#2663,#2665,#1002,.T.);
#3307=EDGE_CURVE('',#2665,#2666,#1003,.T.);
#3308=EDGE_CURVE('',#2664,#2666,#1004,.T.);
#3309=EDGE_CURVE('',#2667,#2663,#1005,.T.);
#3310=EDGE_CURVE('',#2667,#2668,#1006,.T.);
#3311=EDGE_CURVE('',#2668,#2665,#1007,.T.);
#3312=EDGE_CURVE('',#2669,#2667,#1008,.T.);
#3313=EDGE_CURVE('',#2669,#2670,#1009,.T.);
#3314=EDGE_CURVE('',#2670,#2668,#1010,.T.);
#3315=EDGE_CURVE('',#2664,#2669,#1011,.T.);
#3316=EDGE_CURVE('',#2666,#2670,#1012,.T.);
#3317=EDGE_CURVE('',#2671,#2672,#1013,.T.);
#3318=EDGE_CURVE('',#2671,#2673,#1014,.T.);
#3319=EDGE_CURVE('',#2673,#2674,#1015,.T.);
#3320=EDGE_CURVE('',#2672,#2674,#1016,.T.);
#3321=EDGE_CURVE('',#2675,#2671,#1017,.T.);
#3322=EDGE_CURVE('',#2675,#2676,#1018,.T.);
#3323=EDGE_CURVE('',#2676,#2673,#1019,.T.);
#3324=EDGE_CURVE('',#2677,#2675,#1020,.T.);
#3325=EDGE_CURVE('',#2677,#2678,#1021,.T.);
#3326=EDGE_CURVE('',#2678,#2676,#1022,.T.);
#3327=EDGE_CURVE('',#2672,#2677,#1023,.T.);
#3328=EDGE_CURVE('',#2674,#2678,#1024,.T.);
#3329=EDGE_CURVE('',#2679,#2680,#1025,.T.);
#3330=EDGE_CURVE('',#2679,#2681,#1026,.T.);
#3331=EDGE_CURVE('',#2681,#2682,#1027,.T.);
#3332=EDGE_CURVE('',#2680,#2682,#1028,.T.);
#3333=EDGE_CURVE('',#2683,#2679,#1029,.T.);
#3334=EDGE_CURVE('',#2683,#2684,#1030,.T.);
#3335=EDGE_CURVE('',#2684,#2681,#1031,.T.);
#3336=EDGE_CURVE('',#2685,#2683,#1032,.T.);
#3337=EDGE_CURVE('',#2685,#2686,#1033,.T.);
#3338=EDGE_CURVE('',#2686,#2684,#1034,.T.);
#3339=EDGE_CURVE('',#2680,#2685,#1035,.T.);
#3340=EDGE_CURVE('',#2682,#2686,#1036,.T.);
#3341=EDGE_CURVE('',#2687,#2688,#1037,.T.);
#3342=EDGE_CURVE('',#2687,#2689,#1038,.T.);
#3343=EDGE_CURVE('',#2689,#2690,#1039,.T.);
#3344=EDGE_CURVE('',#2688,#2690,#1040,.T.);
#3345=EDGE_CURVE('',#2691,#2687,#1041,.T.);
#3346=EDGE_CURVE('',#2691,#2692,#1042,.T.);
#3347=EDGE_CURVE('',#2692,#2689,#1043,.T.);
#3348=EDGE_CURVE('',#2693,#2691,#1044,.T.);
#3349=EDGE_CURVE('',#2693,#2694,#1045,.T.);
#3350=EDGE_CURVE('',#2694,#2692,#1046,.T.);
#3351=EDGE_CURVE('',#2688,#2693,#1047,.T.);
#3352=EDGE_CURVE('',#2690,#2694,#1048,.T.);
#3353=EDGE_CURVE('',#2695,#2696,#1049,.T.);
#3354=EDGE_CURVE('',#2697,#2695,#1050,.T.);
#3355=EDGE_CURVE('',#2697,#2698,#1051,.T.);
#3356=EDGE_CURVE('',#2698,#2696,#1052,.T.);
#3357=EDGE_CURVE('',#2699,#2697,#1053,.T.);
#3358=EDGE_CURVE('',#2699,#2700,#1054,.T.);
#3359=EDGE_CURVE('',#2700,#2698,#1055,.T.);
#3360=EDGE_CURVE('',#2701,#2702,#1056,.T.);
#3361=EDGE_CURVE('',#2701,#2700,#1057,.T.);
#3362=EDGE_CURVE('',#2702,#2699,#1058,.T.);
#3363=EDGE_CURVE('',#2703,#2704,#1059,.T.);
#3364=EDGE_CURVE('',#2705,#2703,#1060,.T.);
#3365=EDGE_CURVE('',#2705,#2706,#1061,.T.);
#3366=EDGE_CURVE('',#2706,#2704,#1062,.T.);
#3367=EDGE_CURVE('',#2707,#2705,#1063,.T.);
#3368=EDGE_CURVE('',#2707,#2708,#1064,.T.);
#3369=EDGE_CURVE('',#2708,#2706,#1065,.T.);
#3370=EDGE_CURVE('',#2709,#2710,#1066,.T.);
#3371=EDGE_CURVE('',#2709,#2708,#1067,.T.);
#3372=EDGE_CURVE('',#2710,#2707,#1068,.T.);
#3373=EDGE_CURVE('',#2711,#2712,#1069,.T.);
#3374=EDGE_CURVE('',#2713,#2711,#1070,.T.);
#3375=EDGE_CURVE('',#2713,#2714,#1071,.T.);
#3376=EDGE_CURVE('',#2714,#2712,#1072,.T.);
#3377=EDGE_CURVE('',#2715,#2713,#1073,.T.);
#3378=EDGE_CURVE('',#2715,#2716,#1074,.T.);
#3379=EDGE_CURVE('',#2716,#2714,#1075,.T.);
#3380=EDGE_CURVE('',#2717,#2718,#1076,.T.);
#3381=EDGE_CURVE('',#2717,#2716,#1077,.T.);
#3382=EDGE_CURVE('',#2718,#2715,#1078,.T.);
#3383=EDGE_CURVE('',#2719,#2720,#1079,.T.);
#3384=EDGE_CURVE('',#2719,#2721,#1080,.T.);
#3385=EDGE_CURVE('',#2722,#2721,#1081,.T.);
#3386=EDGE_CURVE('',#2720,#2722,#1082,.T.);
#3387=EDGE_CURVE('',#2723,#2719,#1083,.T.);
#3388=EDGE_CURVE('',#2723,#2724,#1084,.T.);
#3389=EDGE_CURVE('',#2721,#2724,#1085,.T.);
#3390=EDGE_CURVE('',#2725,#2723,#1086,.T.);
#3391=EDGE_CURVE('',#2725,#2726,#1087,.T.);
#3392=EDGE_CURVE('',#2724,#2726,#1088,.T.);
#3393=EDGE_CURVE('',#2720,#2725,#1089,.T.);
#3394=EDGE_CURVE('',#2726,#2722,#1090,.T.);
#3395=EDGE_CURVE('',#2727,#2728,#1091,.T.);
#3396=EDGE_CURVE('',#2729,#2727,#1092,.T.);
#3397=EDGE_CURVE('',#2729,#2730,#1093,.T.);
#3398=EDGE_CURVE('',#2730,#2728,#1094,.T.);
#3399=EDGE_CURVE('',#2731,#2732,#1095,.T.);
#3400=EDGE_CURVE('',#2731,#2733,#1096,.T.);
#3401=EDGE_CURVE('',#2734,#2733,#1097,.T.);
#3402=EDGE_CURVE('',#2732,#2734,#1098,.T.);
#3403=EDGE_CURVE('',#2734,#2729,#1099,.T.);
#3404=EDGE_CURVE('',#2733,#2730,#1100,.T.);
#3405=EDGE_CURVE('',#2735,#2736,#1101,.T.);
#3406=EDGE_CURVE('',#2735,#2737,#1102,.T.);
#3407=EDGE_CURVE('',#2737,#2738,#1103,.T.);
#3408=EDGE_CURVE('',#2736,#2738,#1104,.T.);
#3409=EDGE_CURVE('',#2739,#2735,#1105,.T.);
#3410=EDGE_CURVE('',#2739,#2740,#1106,.T.);
#3411=EDGE_CURVE('',#2740,#2737,#1107,.T.);
#3412=EDGE_CURVE('',#2741,#2739,#1108,.T.);
#3413=EDGE_CURVE('',#2741,#2742,#1109,.T.);
#3414=EDGE_CURVE('',#2742,#2740,#1110,.T.);
#3415=EDGE_CURVE('',#2736,#2741,#1111,.T.);
#3416=EDGE_CURVE('',#2738,#2742,#1112,.T.);
#3417=EDGE_CURVE('',#2743,#2744,#1113,.T.);
#3418=EDGE_CURVE('',#2745,#2743,#1114,.T.);
#3419=EDGE_CURVE('',#2745,#2746,#1115,.T.);
#3420=EDGE_CURVE('',#2746,#2744,#1116,.T.);
#3421=EDGE_CURVE('',#2747,#2745,#1117,.T.);
#3422=EDGE_CURVE('',#2747,#2748,#1118,.T.);
#3423=EDGE_CURVE('',#2748,#2746,#1119,.T.);
#3424=EDGE_CURVE('',#2749,#2750,#1120,.T.);
#3425=EDGE_CURVE('',#2749,#2748,#1121,.T.);
#3426=EDGE_CURVE('',#2750,#2747,#1122,.T.);
#3427=EDGE_CURVE('',#2751,#2752,#1123,.T.);
#3428=EDGE_CURVE('',#2751,#2753,#1124,.T.);
#3429=EDGE_CURVE('',#2753,#2754,#1125,.T.);
#3430=EDGE_CURVE('',#2752,#2754,#1126,.T.);
#3431=EDGE_CURVE('',#2755,#2751,#1127,.T.);
#3432=EDGE_CURVE('',#2755,#2756,#1128,.T.);
#3433=EDGE_CURVE('',#2756,#2753,#1129,.T.);
#3434=EDGE_CURVE('',#2757,#2755,#1130,.T.);
#3435=EDGE_CURVE('',#2757,#2758,#1131,.T.);
#3436=EDGE_CURVE('',#2758,#2756,#1132,.T.);
#3437=EDGE_CURVE('',#2752,#2757,#1133,.T.);
#3438=EDGE_CURVE('',#2754,#2758,#1134,.T.);
#3439=EDGE_CURVE('',#2759,#2760,#1135,.T.);
#3440=EDGE_CURVE('',#2761,#2759,#1136,.T.);
#3441=EDGE_CURVE('',#2761,#2762,#1137,.T.);
#3442=EDGE_CURVE('',#2762,#2760,#1138,.T.);
#3443=EDGE_CURVE('',#2763,#2764,#1139,.T.);
#3444=EDGE_CURVE('',#2763,#2765,#1140,.T.);
#3445=EDGE_CURVE('',#2766,#2765,#1141,.T.);
#3446=EDGE_CURVE('',#2764,#2766,#1142,.T.);
#3447=EDGE_CURVE('',#2766,#2761,#1143,.T.);
#3448=EDGE_CURVE('',#2765,#2762,#1144,.T.);
#3449=EDGE_CURVE('',#2767,#2768,#1145,.T.);
#3450=EDGE_CURVE('',#2767,#2769,#1146,.T.);
#3451=EDGE_CURVE('',#2769,#2770,#1147,.T.);
#3452=EDGE_CURVE('',#2768,#2770,#1148,.T.);
#3453=EDGE_CURVE('',#2771,#2767,#1149,.T.);
#3454=EDGE_CURVE('',#2771,#2772,#1150,.T.);
#3455=EDGE_CURVE('',#2772,#2769,#1151,.T.);
#3456=EDGE_CURVE('',#2773,#2771,#1152,.T.);
#3457=EDGE_CURVE('',#2773,#2774,#1153,.T.);
#3458=EDGE_CURVE('',#2774,#2772,#1154,.T.);
#3459=EDGE_CURVE('',#2768,#2773,#1155,.T.);
#3460=EDGE_CURVE('',#2770,#2774,#1156,.T.);
#3461=EDGE_CURVE('',#2775,#2776,#1157,.T.);
#3462=EDGE_CURVE('',#2775,#2777,#1158,.T.);
#3463=EDGE_CURVE('',#2777,#2778,#1159,.T.);
#3464=EDGE_CURVE('',#2776,#2778,#1160,.T.);
#3465=EDGE_CURVE('',#2779,#2775,#1161,.T.);
#3466=EDGE_CURVE('',#2779,#2780,#1162,.T.);
#3467=EDGE_CURVE('',#2780,#2777,#1163,.T.);
#3468=EDGE_CURVE('',#2781,#2779,#1164,.T.);
#3469=EDGE_CURVE('',#2781,#2782,#1165,.T.);
#3470=EDGE_CURVE('',#2782,#2780,#1166,.T.);
#3471=EDGE_CURVE('',#2776,#2781,#1167,.T.);
#3472=EDGE_CURVE('',#2778,#2782,#1168,.T.);
#3473=EDGE_CURVE('',#2783,#2784,#1169,.T.);
#3474=EDGE_CURVE('',#2783,#2785,#1170,.T.);
#3475=EDGE_CURVE('',#2785,#2786,#1171,.T.);
#3476=EDGE_CURVE('',#2784,#2786,#1172,.T.);
#3477=EDGE_CURVE('',#2787,#2783,#1173,.T.);
#3478=EDGE_CURVE('',#2787,#2788,#1174,.T.);
#3479=EDGE_CURVE('',#2788,#2785,#1175,.T.);
#3480=EDGE_CURVE('',#2789,#2787,#1176,.T.);
#3481=EDGE_CURVE('',#2789,#2790,#1177,.T.);
#3482=EDGE_CURVE('',#2790,#2788,#1178,.T.);
#3483=EDGE_CURVE('',#2784,#2789,#1179,.T.);
#3484=EDGE_CURVE('',#2786,#2790,#1180,.T.);
#3485=EDGE_CURVE('',#2791,#2792,#1181,.T.);
#3486=EDGE_CURVE('',#2791,#2793,#1182,.T.);
#3487=EDGE_CURVE('',#2793,#2794,#1183,.T.);
#3488=EDGE_CURVE('',#2792,#2794,#1184,.T.);
#3489=EDGE_CURVE('',#2795,#2791,#1185,.T.);
#3490=EDGE_CURVE('',#2795,#2796,#1186,.T.);
#3491=EDGE_CURVE('',#2796,#2793,#1187,.T.);
#3492=EDGE_CURVE('',#2797,#2795,#1188,.T.);
#3493=EDGE_CURVE('',#2797,#2798,#1189,.T.);
#3494=EDGE_CURVE('',#2798,#2796,#1190,.T.);
#3495=EDGE_CURVE('',#2792,#2797,#1191,.T.);
#3496=EDGE_CURVE('',#2794,#2798,#1192,.T.);
#3497=EDGE_CURVE('',#2799,#2800,#1193,.T.);
#3498=EDGE_CURVE('',#2801,#2799,#1194,.T.);
#3499=EDGE_CURVE('',#2801,#2802,#1195,.T.);
#3500=EDGE_CURVE('',#2802,#2800,#1196,.T.);
#3501=EDGE_CURVE('',#2803,#2801,#1197,.T.);
#3502=EDGE_CURVE('',#2803,#2804,#1198,.T.);
#3503=EDGE_CURVE('',#2804,#2802,#1199,.T.);
#3504=EDGE_CURVE('',#2805,#2806,#1200,.T.);
#3505=EDGE_CURVE('',#2805,#2804,#1201,.T.);
#3506=EDGE_CURVE('',#2806,#2803,#1202,.T.);
#3507=EDGE_CURVE('',#2807,#2808,#1203,.T.);
#3508=EDGE_CURVE('',#2807,#2809,#1204,.T.);
#3509=EDGE_CURVE('',#2809,#2810,#1205,.T.);
#3510=EDGE_CURVE('',#2808,#2810,#1206,.T.);
#3511=EDGE_CURVE('',#2811,#2807,#1207,.T.);
#3512=EDGE_CURVE('',#2811,#2812,#1208,.T.);
#3513=EDGE_CURVE('',#2812,#2809,#1209,.T.);
#3514=EDGE_CURVE('',#2813,#2811,#1210,.T.);
#3515=EDGE_CURVE('',#2813,#2814,#1211,.T.);
#3516=EDGE_CURVE('',#2814,#2812,#1212,.T.);
#3517=EDGE_CURVE('',#2808,#2813,#1213,.T.);
#3518=EDGE_CURVE('',#2810,#2814,#1214,.T.);
#3519=EDGE_CURVE('',#2815,#2816,#1215,.T.);
#3520=EDGE_CURVE('',#2815,#2817,#1216,.T.);
#3521=EDGE_CURVE('',#2817,#2818,#1217,.T.);
#3522=EDGE_CURVE('',#2816,#2818,#1218,.T.);
#3523=EDGE_CURVE('',#2819,#2815,#1219,.T.);
#3524=EDGE_CURVE('',#2819,#2820,#1220,.T.);
#3525=EDGE_CURVE('',#2820,#2817,#1221,.T.);
#3526=EDGE_CURVE('',#2821,#2819,#1222,.T.);
#3527=EDGE_CURVE('',#2821,#2822,#1223,.T.);
#3528=EDGE_CURVE('',#2822,#2820,#1224,.T.);
#3529=EDGE_CURVE('',#2816,#2821,#1225,.T.);
#3530=EDGE_CURVE('',#2818,#2822,#1226,.T.);
#3531=EDGE_CURVE('',#2823,#2824,#1227,.T.);
#3532=EDGE_CURVE('',#2823,#2825,#1228,.T.);
#3533=EDGE_CURVE('',#2825,#2826,#1229,.T.);
#3534=EDGE_CURVE('',#2824,#2826,#1230,.T.);
#3535=EDGE_CURVE('',#2827,#2823,#1231,.T.);
#3536=EDGE_CURVE('',#2827,#2828,#1232,.T.);
#3537=EDGE_CURVE('',#2828,#2825,#1233,.T.);
#3538=EDGE_CURVE('',#2829,#2827,#1234,.T.);
#3539=EDGE_CURVE('',#2829,#2830,#1235,.T.);
#3540=EDGE_CURVE('',#2830,#2828,#1236,.T.);
#3541=EDGE_CURVE('',#2824,#2829,#1237,.T.);
#3542=EDGE_CURVE('',#2826,#2830,#1238,.T.);
#3543=EDGE_CURVE('',#2831,#2832,#1239,.T.);
#3544=EDGE_CURVE('',#2833,#2831,#1240,.T.);
#3545=EDGE_CURVE('',#2833,#2834,#1241,.T.);
#3546=EDGE_CURVE('',#2834,#2832,#1242,.T.);
#3547=EDGE_CURVE('',#2835,#2836,#1243,.T.);
#3548=EDGE_CURVE('',#2835,#2837,#1244,.T.);
#3549=EDGE_CURVE('',#2838,#2837,#1245,.T.);
#3550=EDGE_CURVE('',#2836,#2838,#1246,.T.);
#3551=EDGE_CURVE('',#2838,#2833,#1247,.T.);
#3552=EDGE_CURVE('',#2837,#2834,#1248,.T.);
#3553=EDGE_CURVE('',#2839,#2840,#1249,.T.);
#3554=EDGE_CURVE('',#2841,#2839,#1250,.T.);
#3555=EDGE_CURVE('',#2841,#2842,#1251,.T.);
#3556=EDGE_CURVE('',#2842,#2840,#1252,.T.);
#3557=EDGE_CURVE('',#2843,#2841,#1253,.T.);
#3558=EDGE_CURVE('',#2843,#2844,#1254,.T.);
#3559=EDGE_CURVE('',#2844,#2842,#1255,.T.);
#3560=EDGE_CURVE('',#2845,#2846,#1256,.T.);
#3561=EDGE_CURVE('',#2845,#2844,#1257,.T.);
#3562=EDGE_CURVE('',#2846,#2843,#1258,.T.);
#3563=EDGE_CURVE('',#2847,#2848,#1259,.T.);
#3564=EDGE_CURVE('',#2847,#2849,#1260,.T.);
#3565=EDGE_CURVE('',#2849,#2850,#1261,.T.);
#3566=EDGE_CURVE('',#2848,#2850,#1262,.T.);
#3567=EDGE_CURVE('',#2851,#2847,#1263,.T.);
#3568=EDGE_CURVE('',#2851,#2852,#1264,.T.);
#3569=EDGE_CURVE('',#2852,#2849,#1265,.T.);
#3570=EDGE_CURVE('',#2853,#2851,#1266,.T.);
#3571=EDGE_CURVE('',#2853,#2854,#1267,.T.);
#3572=EDGE_CURVE('',#2854,#2852,#1268,.T.);
#3573=EDGE_CURVE('',#2848,#2853,#1269,.T.);
#3574=EDGE_CURVE('',#2850,#2854,#1270,.T.);
#3575=EDGE_CURVE('',#2855,#2856,#1271,.T.);
#3576=EDGE_CURVE('',#2855,#2857,#1272,.T.);
#3577=EDGE_CURVE('',#2857,#2858,#1273,.T.);
#3578=EDGE_CURVE('',#2856,#2858,#1274,.T.);
#3579=EDGE_CURVE('',#2859,#2855,#1275,.T.);
#3580=EDGE_CURVE('',#2859,#2860,#1276,.T.);
#3581=EDGE_CURVE('',#2860,#2857,#1277,.T.);
#3582=EDGE_CURVE('',#2861,#2859,#1278,.T.);
#3583=EDGE_CURVE('',#2861,#2862,#1279,.T.);
#3584=EDGE_CURVE('',#2862,#2860,#1280,.T.);
#3585=EDGE_CURVE('',#2856,#2861,#1281,.T.);
#3586=EDGE_CURVE('',#2858,#2862,#1282,.T.);
#3587=EDGE_CURVE('',#2863,#2614,#1283,.T.);
#3588=EDGE_CURVE('',#2864,#2863,#1284,.F.);
#3589=EDGE_CURVE('',#2613,#2864,#1285,.F.);
#3590=EDGE_CURVE('',#2865,#2519,#1286,.F.);
#3591=EDGE_CURVE('',#2865,#2866,#1287,.F.);
#3592=EDGE_CURVE('',#2521,#2866,#1288,.T.);
#3593=EDGE_CURVE('',#2763,#2728,#1289,.T.);
#3594=EDGE_CURVE('',#2727,#2764,#1290,.F.);
#3595=EDGE_CURVE('',#2749,#2560,#1291,.T.);
#3596=EDGE_CURVE('',#2559,#2750,#1292,.F.);
#3597=EDGE_CURVE('',#2831,#2515,#1293,.F.);
#3598=EDGE_CURVE('',#2516,#2832,#1294,.T.);
#3599=EDGE_CURVE('',#2743,#2611,#1295,.F.);
#3600=EDGE_CURVE('',#2612,#2744,#1296,.T.);
#3601=EDGE_CURVE('',#2759,#2580,#1297,.F.);
#3602=EDGE_CURVE('',#2579,#2760,#1298,.T.);
#3603=EDGE_CURVE('',#2575,#2564,#1299,.F.);
#3604=EDGE_CURVE('',#2563,#2576,#1300,.T.);
#3605=EDGE_CURVE('',#2835,#2526,#1301,.T.);
#3606=EDGE_CURVE('',#2524,#2836,#1302,.F.);
#3607=EDGE_CURVE('',#2845,#2800,#1303,.T.);
#3608=EDGE_CURVE('',#2799,#2846,#1304,.T.);
#3609=EDGE_CURVE('',#2867,#2704,#1305,.T.);
#3610=EDGE_CURVE('',#2868,#2867,#1306,.T.);
#3611=EDGE_CURVE('',#2703,#2868,#1307,.T.);
#3612=EDGE_CURVE('',#2839,#2702,#1308,.T.);
#3613=EDGE_CURVE('',#2701,#2840,#1309,.T.);
#3614=EDGE_CURVE('',#2869,#2662,#1310,.T.);
#3615=EDGE_CURVE('',#2870,#2869,#1311,.T.);
#3616=EDGE_CURVE('',#2661,#2870,#1312,.T.);
#3617=EDGE_CURVE('',#2695,#2654,#1313,.T.);
#3618=EDGE_CURVE('',#2653,#2696,#1314,.T.);
#3619=EDGE_CURVE('',#2709,#2648,#1315,.T.);
#3620=EDGE_CURVE('',#2647,#2710,#1316,.T.);
#3621=EDGE_CURVE('',#2711,#2542,#1317,.T.);
#3622=EDGE_CURVE('',#2541,#2712,#1318,.T.);
#3623=EDGE_CURVE('',#2805,#2536,#1319,.T.);
#3624=EDGE_CURVE('',#2535,#2806,#1320,.T.);
#3625=EDGE_CURVE('',#2655,#2534,#1321,.T.);
#3626=EDGE_CURVE('',#2533,#2656,#1322,.T.);
#3627=EDGE_CURVE('',#2717,#2528,#1323,.T.);
#3628=EDGE_CURVE('',#2527,#2718,#1324,.T.);
#3629=EDGE_CURVE('',#2863,#2870,#1325,.T.);
#3630=EDGE_CURVE('',#2731,#2518,#1326,.T.);
#3631=EDGE_CURVE('',#2866,#2871,#1327,.T.);
#3632=EDGE_CURVE('',#2871,#2872,#1328,.T.);
#3633=EDGE_CURVE('',#2872,#2873,#1329,.T.);
#3634=EDGE_CURVE('',#2873,#2874,#1330,.T.);
#3635=EDGE_CURVE('',#2874,#2875,#1331,.T.);
#3636=EDGE_CURVE('',#2875,#2876,#1332,.T.);
#3637=EDGE_CURVE('',#2876,#2877,#1333,.T.);
#3638=EDGE_CURVE('',#2877,#2878,#1334,.T.);
#3639=EDGE_CURVE('',#2878,#2879,#1335,.T.);
#3640=EDGE_CURVE('',#2879,#2880,#1336,.T.);
#3641=EDGE_CURVE('',#2880,#2881,#1337,.T.);
#3642=EDGE_CURVE('',#2881,#2882,#1338,.T.);
#3643=EDGE_CURVE('',#2882,#2883,#1339,.T.);
#3644=EDGE_CURVE('',#2883,#2884,#1340,.T.);
#3645=EDGE_CURVE('',#2884,#2885,#1341,.T.);
#3646=EDGE_CURVE('',#2885,#2886,#1342,.T.);
#3647=EDGE_CURVE('',#2886,#2887,#1343,.T.);
#3648=EDGE_CURVE('',#2887,#2888,#1344,.T.);
#3649=EDGE_CURVE('',#2888,#2889,#1345,.T.);
#3650=EDGE_CURVE('',#2889,#2890,#1346,.T.);
#3651=EDGE_CURVE('',#2891,#2890,#1347,.T.);
#3652=EDGE_CURVE('',#2891,#2892,#1348,.T.);
#3653=EDGE_CURVE('',#2892,#2893,#1349,.T.);
#3654=EDGE_CURVE('',#2893,#2894,#1350,.T.);
#3655=EDGE_CURVE('',#2894,#2895,#1351,.T.);
#3656=EDGE_CURVE('',#2895,#2896,#1352,.T.);
#3657=EDGE_CURVE('',#2896,#2897,#1353,.T.);
#3658=EDGE_CURVE('',#2897,#2898,#1354,.T.);
#3659=EDGE_CURVE('',#2898,#2899,#1355,.T.);
#3660=EDGE_CURVE('',#2899,#2900,#1356,.T.);
#3661=EDGE_CURVE('',#2900,#2901,#1357,.T.);
#3662=EDGE_CURVE('',#2901,#2902,#1358,.T.);
#3663=EDGE_CURVE('',#2902,#2903,#1359,.T.);
#3664=EDGE_CURVE('',#2903,#2904,#1360,.T.);
#3665=EDGE_CURVE('',#2904,#2905,#1361,.T.);
#3666=EDGE_CURVE('',#2905,#2906,#1362,.T.);
#3667=EDGE_CURVE('',#2906,#2907,#1363,.T.);
#3668=EDGE_CURVE('',#2907,#2908,#1364,.T.);
#3669=EDGE_CURVE('',#2908,#2909,#1365,.T.);
#3670=EDGE_CURVE('',#2909,#2910,#1366,.T.);
#3671=EDGE_CURVE('',#2910,#2867,#1367,.T.);
#3672=EDGE_CURVE('',#2911,#2912,#1368,.T.);
#3673=EDGE_CURVE('',#2912,#2913,#1369,.T.);
#3674=EDGE_CURVE('',#2913,#2914,#1370,.T.);
#3675=EDGE_CURVE('',#2914,#2911,#1371,.T.);
#3676=EDGE_CURVE('',#2915,#2916,#1372,.T.);
#3677=EDGE_CURVE('',#2916,#2917,#1373,.T.);
#3678=EDGE_CURVE('',#2917,#2918,#1374,.T.);
#3679=EDGE_CURVE('',#2918,#2915,#1375,.T.);
#3680=EDGE_CURVE('',#2919,#2920,#1376,.T.);
#3681=EDGE_CURVE('',#2920,#2921,#1377,.T.);
#3682=EDGE_CURVE('',#2921,#2922,#1378,.T.);
#3683=EDGE_CURVE('',#2922,#2919,#1379,.T.);
#3684=EDGE_CURVE('',#2923,#2924,#1380,.T.);
#3685=EDGE_CURVE('',#2924,#2925,#1381,.T.);
#3686=EDGE_CURVE('',#2925,#2926,#1382,.T.);
#3687=EDGE_CURVE('',#2926,#2923,#1383,.T.);
#3688=EDGE_CURVE('',#2927,#2928,#1384,.T.);
#3689=EDGE_CURVE('',#2928,#2929,#1385,.T.);
#3690=EDGE_CURVE('',#2929,#2930,#1386,.T.);
#3691=EDGE_CURVE('',#2930,#2927,#1387,.T.);
#3692=EDGE_CURVE('',#2931,#2932,#1388,.T.);
#3693=EDGE_CURVE('',#2932,#2933,#1389,.T.);
#3694=EDGE_CURVE('',#2933,#2934,#1390,.T.);
#3695=EDGE_CURVE('',#2934,#2931,#1391,.T.);
#3696=EDGE_CURVE('',#2935,#2936,#1392,.T.);
#3697=EDGE_CURVE('',#2936,#2937,#1393,.T.);
#3698=EDGE_CURVE('',#2937,#2938,#1394,.T.);
#3699=EDGE_CURVE('',#2938,#2935,#1395,.T.);
#3700=EDGE_CURVE('',#2939,#2940,#1396,.T.);
#3701=EDGE_CURVE('',#2940,#2941,#1397,.T.);
#3702=EDGE_CURVE('',#2941,#2942,#1398,.T.);
#3703=EDGE_CURVE('',#2942,#2939,#1399,.T.);
#3704=EDGE_CURVE('',#2943,#2944,#1400,.T.);
#3705=EDGE_CURVE('',#2944,#2945,#1401,.T.);
#3706=EDGE_CURVE('',#2945,#2946,#1402,.T.);
#3707=EDGE_CURVE('',#2946,#2943,#1403,.T.);
#3708=EDGE_CURVE('',#2947,#2948,#1404,.T.);
#3709=EDGE_CURVE('',#2948,#2949,#1405,.T.);
#3710=EDGE_CURVE('',#2949,#2950,#1406,.T.);
#3711=EDGE_CURVE('',#2950,#2947,#1407,.T.);
#3712=EDGE_CURVE('',#2951,#2952,#1408,.T.);
#3713=EDGE_CURVE('',#2952,#2953,#1409,.T.);
#3714=EDGE_CURVE('',#2953,#2954,#1410,.T.);
#3715=EDGE_CURVE('',#2954,#2951,#1411,.T.);
#3716=EDGE_CURVE('',#2955,#2956,#1412,.T.);
#3717=EDGE_CURVE('',#2956,#2957,#1413,.T.);
#3718=EDGE_CURVE('',#2957,#2958,#1414,.T.);
#3719=EDGE_CURVE('',#2958,#2955,#1415,.T.);
#3720=EDGE_CURVE('',#2959,#2960,#1416,.T.);
#3721=EDGE_CURVE('',#2960,#2961,#1417,.T.);
#3722=EDGE_CURVE('',#2961,#2962,#1418,.T.);
#3723=EDGE_CURVE('',#2962,#2959,#1419,.T.);
#3724=EDGE_CURVE('',#2963,#2964,#1420,.T.);
#3725=EDGE_CURVE('',#2964,#2965,#1421,.T.);
#3726=EDGE_CURVE('',#2965,#2966,#1422,.T.);
#3727=EDGE_CURVE('',#2966,#2963,#1423,.T.);
#3728=EDGE_CURVE('',#2967,#2968,#1424,.T.);
#3729=EDGE_CURVE('',#2968,#2969,#1425,.T.);
#3730=EDGE_CURVE('',#2969,#2970,#1426,.T.);
#3731=EDGE_CURVE('',#2970,#2967,#1427,.T.);
#3732=EDGE_CURVE('',#2971,#2972,#1428,.T.);
#3733=EDGE_CURVE('',#2970,#2971,#1429,.T.);
#3734=EDGE_CURVE('',#2969,#2972,#1430,.T.);
#3735=EDGE_CURVE('',#2972,#2973,#1431,.T.);
#3736=EDGE_CURVE('',#2968,#2973,#1432,.T.);
#3737=EDGE_CURVE('',#2973,#2974,#1433,.T.);
#3738=EDGE_CURVE('',#2967,#2974,#1434,.T.);
#3739=EDGE_CURVE('',#2974,#2971,#1435,.T.);
#3740=EDGE_CURVE('',#2975,#2976,#1436,.T.);
#3741=EDGE_CURVE('',#2889,#2975,#1437,.T.);
#3742=EDGE_CURVE('',#2888,#2976,#1438,.T.);
#3743=EDGE_CURVE('',#2976,#2977,#1439,.T.);
#3744=EDGE_CURVE('',#2887,#2977,#1440,.T.);
#3745=EDGE_CURVE('',#2977,#2978,#1441,.T.);
#3746=EDGE_CURVE('',#2978,#2886,#1442,.T.);
#3747=EDGE_CURVE('',#2979,#2980,#1443,.T.);
#3748=EDGE_CURVE('',#2966,#2979,#1444,.T.);
#3749=EDGE_CURVE('',#2965,#2980,#1445,.T.);
#3750=EDGE_CURVE('',#2980,#2981,#1446,.T.);
#3751=EDGE_CURVE('',#2964,#2981,#1447,.T.);
#3752=EDGE_CURVE('',#2981,#2982,#1448,.T.);
#3753=EDGE_CURVE('',#2963,#2982,#1449,.T.);
#3754=EDGE_CURVE('',#2982,#2979,#1450,.T.);
#3755=EDGE_CURVE('',#2983,#2984,#1451,.T.);
#3756=EDGE_CURVE('',#2894,#2983,#1452,.T.);
#3757=EDGE_CURVE('',#2893,#2984,#1453,.T.);
#3758=EDGE_CURVE('',#2984,#2985,#1454,.T.);
#3759=EDGE_CURVE('',#2985,#2892,#1455,.T.);
#3760=EDGE_CURVE('',#2986,#2983,#1456,.T.);
#3761=EDGE_CURVE('',#2895,#2986,#1457,.T.);
#3762=EDGE_CURVE('',#2987,#2988,#1458,.T.);
#3763=EDGE_CURVE('',#2962,#2987,#1459,.T.);
#3764=EDGE_CURVE('',#2961,#2988,#1460,.T.);
#3765=EDGE_CURVE('',#2988,#2989,#1461,.T.);
#3766=EDGE_CURVE('',#2960,#2989,#1462,.T.);
#3767=EDGE_CURVE('',#2989,#2990,#1463,.T.);
#3768=EDGE_CURVE('',#2959,#2990,#1464,.T.);
#3769=EDGE_CURVE('',#2990,#2987,#1465,.T.);
#3770=EDGE_CURVE('',#2991,#2992,#1466,.T.);
#3771=EDGE_CURVE('',#2958,#2991,#1467,.T.);
#3772=EDGE_CURVE('',#2957,#2992,#1468,.T.);
#3773=EDGE_CURVE('',#2992,#2993,#1469,.T.);
#3774=EDGE_CURVE('',#2956,#2993,#1470,.T.);
#3775=EDGE_CURVE('',#2993,#2994,#1471,.T.);
#3776=EDGE_CURVE('',#2955,#2994,#1472,.T.);
#3777=EDGE_CURVE('',#2994,#2991,#1473,.T.);
#3778=EDGE_CURVE('',#2995,#2975,#1474,.T.);
#3779=EDGE_CURVE('',#2890,#2995,#1475,.T.);
#3780=EDGE_CURVE('',#2996,#2891,#1476,.T.);
#3781=EDGE_CURVE('',#2985,#2996,#1477,.T.);
#3782=EDGE_CURVE('',#2997,#2986,#1478,.T.);
#3783=EDGE_CURVE('',#2896,#2997,#1479,.T.);
#3784=EDGE_CURVE('',#2998,#2997,#1480,.T.);
#3785=EDGE_CURVE('',#2897,#2998,#1481,.T.);
#3786=EDGE_CURVE('',#2999,#2885,#1482,.T.);
#3787=EDGE_CURVE('',#2978,#2999,#1483,.T.);
#3788=EDGE_CURVE('',#2517,#2732,#1484,.F.);
#3789=EDGE_CURVE('',#2869,#2864,#1485,.T.);
#3790=EDGE_CURVE('',#2868,#3000,#1486,.T.);
#3791=EDGE_CURVE('',#3000,#3001,#1487,.T.);
#3792=EDGE_CURVE('',#3001,#3002,#1488,.T.);
#3793=EDGE_CURVE('',#3002,#3003,#1489,.T.);
#3794=EDGE_CURVE('',#3003,#3004,#1490,.T.);
#3795=EDGE_CURVE('',#3004,#3005,#1491,.T.);
#3796=EDGE_CURVE('',#3005,#3006,#1492,.T.);
#3797=EDGE_CURVE('',#3006,#3007,#1493,.T.);
#3798=EDGE_CURVE('',#3007,#3008,#1494,.T.);
#3799=EDGE_CURVE('',#3008,#3009,#1495,.T.);
#3800=EDGE_CURVE('',#3009,#3010,#1496,.T.);
#3801=EDGE_CURVE('',#3010,#3011,#1497,.T.);
#3802=EDGE_CURVE('',#3011,#3012,#1498,.T.);
#3803=EDGE_CURVE('',#3012,#2998,#1499,.T.);
#3804=EDGE_CURVE('',#2995,#2996,#1500,.T.);
#3805=EDGE_CURVE('',#2999,#3013,#1501,.T.);
#3806=EDGE_CURVE('',#3013,#3014,#1502,.T.);
#3807=EDGE_CURVE('',#3014,#3015,#1503,.T.);
#3808=EDGE_CURVE('',#3015,#3016,#1504,.T.);
#3809=EDGE_CURVE('',#3016,#3017,#1505,.T.);
#3810=EDGE_CURVE('',#3017,#3018,#1506,.T.);
#3811=EDGE_CURVE('',#3018,#3019,#1507,.T.);
#3812=EDGE_CURVE('',#3019,#3020,#1508,.T.);
#3813=EDGE_CURVE('',#3020,#3021,#1509,.T.);
#3814=EDGE_CURVE('',#3021,#3022,#1510,.T.);
#3815=EDGE_CURVE('',#3022,#3023,#1511,.T.);
#3816=EDGE_CURVE('',#3023,#3024,#1512,.T.);
#3817=EDGE_CURVE('',#3024,#3025,#1513,.T.);
#3818=EDGE_CURVE('',#3025,#3026,#1514,.T.);
#3819=EDGE_CURVE('',#3026,#2865,#1515,.T.);
#3820=EDGE_CURVE('',#3027,#3028,#1516,.T.);
#3821=EDGE_CURVE('',#3028,#3029,#1517,.T.);
#3822=EDGE_CURVE('',#3029,#3030,#1518,.T.);
#3823=EDGE_CURVE('',#3030,#3027,#1519,.T.);
#3824=EDGE_CURVE('',#3031,#3032,#1520,.T.);
#3825=EDGE_CURVE('',#3032,#3033,#1521,.T.);
#3826=EDGE_CURVE('',#3033,#3034,#1522,.T.);
#3827=EDGE_CURVE('',#3034,#3031,#1523,.T.);
#3828=EDGE_CURVE('',#3035,#3036,#1524,.T.);
#3829=EDGE_CURVE('',#3036,#3037,#1525,.T.);
#3830=EDGE_CURVE('',#3037,#3038,#1526,.T.);
#3831=EDGE_CURVE('',#3038,#3035,#1527,.T.);
#3832=EDGE_CURVE('',#3039,#3040,#1528,.T.);
#3833=EDGE_CURVE('',#3040,#3041,#1529,.T.);
#3834=EDGE_CURVE('',#3041,#3042,#1530,.T.);
#3835=EDGE_CURVE('',#3042,#3039,#1531,.T.);
#3836=EDGE_CURVE('',#3043,#3044,#1532,.T.);
#3837=EDGE_CURVE('',#3044,#3045,#1533,.T.);
#3838=EDGE_CURVE('',#3045,#3046,#1534,.T.);
#3839=EDGE_CURVE('',#3046,#3043,#1535,.T.);
#3840=EDGE_CURVE('',#3047,#3048,#1536,.T.);
#3841=EDGE_CURVE('',#3048,#3049,#1537,.T.);
#3842=EDGE_CURVE('',#3049,#3050,#1538,.T.);
#3843=EDGE_CURVE('',#3050,#3047,#1539,.T.);
#3844=EDGE_CURVE('',#3051,#3052,#1540,.T.);
#3845=EDGE_CURVE('',#3052,#3053,#1541,.T.);
#3846=EDGE_CURVE('',#3053,#3054,#1542,.T.);
#3847=EDGE_CURVE('',#3054,#3051,#1543,.T.);
#3848=EDGE_CURVE('',#3055,#3056,#1544,.T.);
#3849=EDGE_CURVE('',#3056,#3057,#1545,.T.);
#3850=EDGE_CURVE('',#3057,#3058,#1546,.T.);
#3851=EDGE_CURVE('',#3058,#3055,#1547,.T.);
#3852=EDGE_CURVE('',#3059,#3060,#1548,.T.);
#3853=EDGE_CURVE('',#3060,#3061,#1549,.T.);
#3854=EDGE_CURVE('',#3061,#3062,#1550,.T.);
#3855=EDGE_CURVE('',#3062,#3059,#1551,.T.);
#3856=EDGE_CURVE('',#3063,#3064,#1552,.T.);
#3857=EDGE_CURVE('',#3064,#3065,#1553,.T.);
#3858=EDGE_CURVE('',#3065,#3066,#1554,.T.);
#3859=EDGE_CURVE('',#3066,#3063,#1555,.T.);
#3860=EDGE_CURVE('',#3067,#3068,#1556,.T.);
#3861=EDGE_CURVE('',#3068,#3069,#1557,.T.);
#3862=EDGE_CURVE('',#3069,#3070,#1558,.T.);
#3863=EDGE_CURVE('',#3070,#3067,#1559,.T.);
#3864=EDGE_CURVE('',#2884,#3013,#1560,.T.);
#3865=EDGE_CURVE('',#2910,#3000,#1561,.T.);
#3866=EDGE_CURVE('',#2954,#3069,#1562,.T.);
#3867=EDGE_CURVE('',#2953,#3070,#1563,.T.);
#3868=EDGE_CURVE('',#2952,#3067,#1564,.T.);
#3869=EDGE_CURVE('',#2951,#3068,#1565,.T.);
#3870=EDGE_CURVE('',#2909,#3001,#1566,.T.);
#3871=EDGE_CURVE('',#3002,#2908,#1567,.T.);
#3872=EDGE_CURVE('',#2907,#3003,#1568,.T.);
#3873=EDGE_CURVE('',#2906,#3004,#1569,.T.);
#3874=EDGE_CURVE('',#2905,#3005,#1570,.T.);
#3875=EDGE_CURVE('',#3006,#2904,#1571,.T.);
#3876=EDGE_CURVE('',#2950,#3065,#1572,.T.);
#3877=EDGE_CURVE('',#2949,#3066,#1573,.T.);
#3878=EDGE_CURVE('',#2948,#3063,#1574,.T.);
#3879=EDGE_CURVE('',#2947,#3064,#1575,.T.);
#3880=EDGE_CURVE('',#2946,#3061,#1576,.T.);
#3881=EDGE_CURVE('',#2945,#3062,#1577,.T.);
#3882=EDGE_CURVE('',#2944,#3059,#1578,.T.);
#3883=EDGE_CURVE('',#2943,#3060,#1579,.T.);
#3884=EDGE_CURVE('',#2942,#3057,#1580,.T.);
#3885=EDGE_CURVE('',#2941,#3058,#1581,.T.);
#3886=EDGE_CURVE('',#2940,#3055,#1582,.T.);
#3887=EDGE_CURVE('',#2939,#3056,#1583,.T.);
#3888=EDGE_CURVE('',#2873,#3024,#1584,.T.);
#3889=EDGE_CURVE('',#2872,#3025,#1585,.T.);
#3890=EDGE_CURVE('',#2871,#3026,#1586,.T.);
#3891=EDGE_CURVE('',#2899,#3011,#1587,.T.);
#3892=EDGE_CURVE('',#2898,#3012,#1588,.T.);
#3893=EDGE_CURVE('',#2938,#3053,#1589,.T.);
#3894=EDGE_CURVE('',#2937,#3054,#1590,.T.);
#3895=EDGE_CURVE('',#2936,#3051,#1591,.T.);
#3896=EDGE_CURVE('',#2935,#3052,#1592,.T.);
#3897=EDGE_CURVE('',#2934,#3049,#1593,.T.);
#3898=EDGE_CURVE('',#2933,#3050,#1594,.T.);
#3899=EDGE_CURVE('',#2932,#3047,#1595,.T.);
#3900=EDGE_CURVE('',#2931,#3048,#1596,.T.);
#3901=EDGE_CURVE('',#2883,#3014,#1597,.T.);
#3902=EDGE_CURVE('',#3015,#2882,#1598,.T.);
#3903=EDGE_CURVE('',#2881,#3016,#1599,.T.);
#3904=EDGE_CURVE('',#2880,#3017,#1600,.T.);
#3905=EDGE_CURVE('',#2879,#3018,#1601,.T.);
#3906=EDGE_CURVE('',#3019,#2878,#1602,.T.);
#3907=EDGE_CURVE('',#2903,#3007,#1603,.T.);
#3908=EDGE_CURVE('',#2902,#3008,#1604,.T.);
#3909=EDGE_CURVE('',#2901,#3009,#1605,.T.);
#3910=EDGE_CURVE('',#3010,#2900,#1606,.T.);
#3911=EDGE_CURVE('',#2930,#3045,#1607,.T.);
#3912=EDGE_CURVE('',#2929,#3046,#1608,.T.);
#3913=EDGE_CURVE('',#2928,#3043,#1609,.T.);
#3914=EDGE_CURVE('',#2927,#3044,#1610,.T.);
#3915=EDGE_CURVE('',#2926,#3041,#1611,.T.);
#3916=EDGE_CURVE('',#2925,#3042,#1612,.T.);
#3917=EDGE_CURVE('',#2924,#3039,#1613,.T.);
#3918=EDGE_CURVE('',#2923,#3040,#1614,.T.);
#3919=EDGE_CURVE('',#2877,#3020,#1615,.T.);
#3920=EDGE_CURVE('',#2876,#3021,#1616,.T.);
#3921=EDGE_CURVE('',#2875,#3022,#1617,.T.);
#3922=EDGE_CURVE('',#3023,#2874,#1618,.T.);
#3923=EDGE_CURVE('',#2922,#3037,#1619,.T.);
#3924=EDGE_CURVE('',#2921,#3038,#1620,.T.);
#3925=EDGE_CURVE('',#2920,#3035,#1621,.T.);
#3926=EDGE_CURVE('',#2919,#3036,#1622,.T.);
#3927=EDGE_CURVE('',#2918,#3033,#1623,.T.);
#3928=EDGE_CURVE('',#2917,#3034,#1624,.T.);
#3929=EDGE_CURVE('',#2916,#3031,#1625,.T.);
#3930=EDGE_CURVE('',#2915,#3032,#1626,.T.);
#3931=EDGE_CURVE('',#2914,#3029,#1627,.T.);
#3932=EDGE_CURVE('',#2913,#3030,#1628,.T.);
#3933=EDGE_CURVE('',#2912,#3027,#1629,.T.);
#3934=EDGE_CURVE('',#2911,#3028,#1630,.T.);
#3935=ORIENTED_EDGE('',*,*,#3071,.F.);
#3936=ORIENTED_EDGE('',*,*,#3072,.T.);
#3937=ORIENTED_EDGE('',*,*,#3073,.T.);
#3938=ORIENTED_EDGE('',*,*,#3074,.F.);
#3939=ORIENTED_EDGE('',*,*,#3075,.F.);
#3940=ORIENTED_EDGE('',*,*,#3076,.T.);
#3941=ORIENTED_EDGE('',*,*,#3077,.T.);
#3942=ORIENTED_EDGE('',*,*,#3072,.F.);
#3943=ORIENTED_EDGE('',*,*,#3078,.F.);
#3944=ORIENTED_EDGE('',*,*,#3079,.T.);
#3945=ORIENTED_EDGE('',*,*,#3080,.T.);
#3946=ORIENTED_EDGE('',*,*,#3076,.F.);
#3947=ORIENTED_EDGE('',*,*,#3081,.F.);
#3948=ORIENTED_EDGE('',*,*,#3074,.T.);
#3949=ORIENTED_EDGE('',*,*,#3082,.T.);
#3950=ORIENTED_EDGE('',*,*,#3079,.F.);
#3951=ORIENTED_EDGE('',*,*,#3083,.F.);
#3952=ORIENTED_EDGE('',*,*,#3084,.T.);
#3953=ORIENTED_EDGE('',*,*,#3085,.T.);
#3954=ORIENTED_EDGE('',*,*,#3086,.F.);
#3955=ORIENTED_EDGE('',*,*,#3087,.F.);
#3956=ORIENTED_EDGE('',*,*,#3088,.T.);
#3957=ORIENTED_EDGE('',*,*,#3089,.T.);
#3958=ORIENTED_EDGE('',*,*,#3084,.F.);
#3959=ORIENTED_EDGE('',*,*,#3090,.F.);
#3960=ORIENTED_EDGE('',*,*,#3091,.T.);
#3961=ORIENTED_EDGE('',*,*,#3092,.T.);
#3962=ORIENTED_EDGE('',*,*,#3088,.F.);
#3963=ORIENTED_EDGE('',*,*,#3093,.F.);
#3964=ORIENTED_EDGE('',*,*,#3086,.T.);
#3965=ORIENTED_EDGE('',*,*,#3094,.T.);
#3966=ORIENTED_EDGE('',*,*,#3091,.F.);
#3967=ORIENTED_EDGE('',*,*,#3095,.F.);
#3968=ORIENTED_EDGE('',*,*,#3096,.T.);
#3969=ORIENTED_EDGE('',*,*,#3097,.T.);
#3970=ORIENTED_EDGE('',*,*,#3098,.F.);
#3971=ORIENTED_EDGE('',*,*,#3099,.F.);
#3972=ORIENTED_EDGE('',*,*,#3100,.F.);
#3973=ORIENTED_EDGE('',*,*,#3101,.T.);
#3974=ORIENTED_EDGE('',*,*,#3096,.F.);
#3975=ORIENTED_EDGE('',*,*,#3102,.F.);
#3976=ORIENTED_EDGE('',*,*,#3098,.T.);
#3977=ORIENTED_EDGE('',*,*,#3103,.T.);
#3978=ORIENTED_EDGE('',*,*,#3104,.F.);
#3979=ORIENTED_EDGE('',*,*,#3105,.F.);
#3980=ORIENTED_EDGE('',*,*,#3106,.F.);
#3981=ORIENTED_EDGE('',*,*,#3107,.T.);
#3982=ORIENTED_EDGE('',*,*,#3108,.F.);
#3983=ORIENTED_EDGE('',*,*,#3109,.F.);
#3984=ORIENTED_EDGE('',*,*,#3110,.T.);
#3985=ORIENTED_EDGE('',*,*,#3111,.T.);
#3986=ORIENTED_EDGE('',*,*,#3112,.F.);
#3987=ORIENTED_EDGE('',*,*,#3113,.F.);
#3988=ORIENTED_EDGE('',*,*,#3108,.T.);
#3989=ORIENTED_EDGE('',*,*,#3114,.T.);
#3990=ORIENTED_EDGE('',*,*,#3110,.F.);
#3991=ORIENTED_EDGE('',*,*,#3115,.F.);
#3992=ORIENTED_EDGE('',*,*,#3116,.F.);
#3993=ORIENTED_EDGE('',*,*,#3117,.T.);
#3994=ORIENTED_EDGE('',*,*,#3118,.T.);
#3995=ORIENTED_EDGE('',*,*,#3119,.F.);
#3996=ORIENTED_EDGE('',*,*,#3120,.T.);
#3997=ORIENTED_EDGE('',*,*,#3121,.T.);
#3998=ORIENTED_EDGE('',*,*,#3117,.F.);
#3999=ORIENTED_EDGE('',*,*,#3122,.F.);
#4000=ORIENTED_EDGE('',*,*,#3123,.T.);
#4001=ORIENTED_EDGE('',*,*,#3120,.F.);
#4002=ORIENTED_EDGE('',*,*,#3124,.F.);
#4003=ORIENTED_EDGE('',*,*,#3125,.F.);
#4004=ORIENTED_EDGE('',*,*,#3126,.F.);
#4005=ORIENTED_EDGE('',*,*,#3127,.T.);
#4006=ORIENTED_EDGE('',*,*,#3128,.T.);
#4007=ORIENTED_EDGE('',*,*,#3129,.F.);
#4008=ORIENTED_EDGE('',*,*,#3130,.T.);
#4009=ORIENTED_EDGE('',*,*,#3131,.T.);
#4010=ORIENTED_EDGE('',*,*,#3127,.F.);
#4011=ORIENTED_EDGE('',*,*,#3132,.F.);
#4012=ORIENTED_EDGE('',*,*,#3133,.T.);
#4013=ORIENTED_EDGE('',*,*,#3130,.F.);
#4014=ORIENTED_EDGE('',*,*,#3134,.F.);
#4015=ORIENTED_EDGE('',*,*,#3135,.F.);
#4016=ORIENTED_EDGE('',*,*,#3136,.T.);
#4017=ORIENTED_EDGE('',*,*,#3137,.T.);
#4018=ORIENTED_EDGE('',*,*,#3138,.F.);
#4019=ORIENTED_EDGE('',*,*,#3139,.F.);
#4020=ORIENTED_EDGE('',*,*,#3140,.T.);
#4021=ORIENTED_EDGE('',*,*,#3141,.T.);
#4022=ORIENTED_EDGE('',*,*,#3136,.F.);
#4023=ORIENTED_EDGE('',*,*,#3142,.F.);
#4024=ORIENTED_EDGE('',*,*,#3143,.T.);
#4025=ORIENTED_EDGE('',*,*,#3144,.F.);
#4026=ORIENTED_EDGE('',*,*,#3140,.F.);
#4027=ORIENTED_EDGE('',*,*,#3145,.F.);
#4028=ORIENTED_EDGE('',*,*,#3138,.T.);
#4029=ORIENTED_EDGE('',*,*,#3146,.F.);
#4030=ORIENTED_EDGE('',*,*,#3143,.F.);
#4031=ORIENTED_EDGE('',*,*,#3147,.F.);
#4032=ORIENTED_EDGE('',*,*,#3148,.T.);
#4033=ORIENTED_EDGE('',*,*,#3149,.T.);
#4034=ORIENTED_EDGE('',*,*,#3150,.F.);
#4035=ORIENTED_EDGE('',*,*,#3151,.F.);
#4036=ORIENTED_EDGE('',*,*,#3152,.T.);
#4037=ORIENTED_EDGE('',*,*,#3153,.T.);
#4038=ORIENTED_EDGE('',*,*,#3148,.F.);
#4039=ORIENTED_EDGE('',*,*,#3154,.F.);
#4040=ORIENTED_EDGE('',*,*,#3155,.T.);
#4041=ORIENTED_EDGE('',*,*,#3156,.T.);
#4042=ORIENTED_EDGE('',*,*,#3152,.F.);
#4043=ORIENTED_EDGE('',*,*,#3157,.F.);
#4044=ORIENTED_EDGE('',*,*,#3150,.T.);
#4045=ORIENTED_EDGE('',*,*,#3158,.T.);
#4046=ORIENTED_EDGE('',*,*,#3155,.F.);
#4047=ORIENTED_EDGE('',*,*,#3159,.F.);
#4048=ORIENTED_EDGE('',*,*,#3160,.F.);
#4049=ORIENTED_EDGE('',*,*,#3161,.T.);
#4050=ORIENTED_EDGE('',*,*,#3162,.T.);
#4051=ORIENTED_EDGE('',*,*,#3163,.F.);
#4052=ORIENTED_EDGE('',*,*,#3164,.T.);
#4053=ORIENTED_EDGE('',*,*,#3165,.F.);
#4054=ORIENTED_EDGE('',*,*,#3166,.F.);
#4055=ORIENTED_EDGE('',*,*,#3167,.F.);
#4056=ORIENTED_EDGE('',*,*,#3165,.T.);
#4057=ORIENTED_EDGE('',*,*,#3168,.T.);
#4058=ORIENTED_EDGE('',*,*,#3161,.F.);
#4059=ORIENTED_EDGE('',*,*,#3169,.F.);
#4060=ORIENTED_EDGE('',*,*,#3170,.T.);
#4061=ORIENTED_EDGE('',*,*,#3171,.T.);
#4062=ORIENTED_EDGE('',*,*,#3172,.F.);
#4063=ORIENTED_EDGE('',*,*,#3173,.F.);
#4064=ORIENTED_EDGE('',*,*,#3174,.T.);
#4065=ORIENTED_EDGE('',*,*,#3175,.T.);
#4066=ORIENTED_EDGE('',*,*,#3170,.F.);
#4067=ORIENTED_EDGE('',*,*,#3176,.F.);
#4068=ORIENTED_EDGE('',*,*,#3177,.T.);
#4069=ORIENTED_EDGE('',*,*,#3178,.T.);
#4070=ORIENTED_EDGE('',*,*,#3174,.F.);
#4071=ORIENTED_EDGE('',*,*,#3179,.F.);
#4072=ORIENTED_EDGE('',*,*,#3172,.T.);
#4073=ORIENTED_EDGE('',*,*,#3180,.T.);
#4074=ORIENTED_EDGE('',*,*,#3177,.F.);
#4075=ORIENTED_EDGE('',*,*,#3181,.F.);
#4076=ORIENTED_EDGE('',*,*,#3182,.F.);
#4077=ORIENTED_EDGE('',*,*,#3183,.T.);
#4078=ORIENTED_EDGE('',*,*,#3184,.T.);
#4079=ORIENTED_EDGE('',*,*,#3185,.F.);
#4080=ORIENTED_EDGE('',*,*,#3186,.T.);
#4081=ORIENTED_EDGE('',*,*,#3187,.F.);
#4082=ORIENTED_EDGE('',*,*,#3188,.F.);
#4083=ORIENTED_EDGE('',*,*,#3189,.F.);
#4084=ORIENTED_EDGE('',*,*,#3187,.T.);
#4085=ORIENTED_EDGE('',*,*,#3190,.T.);
#4086=ORIENTED_EDGE('',*,*,#3183,.F.);
#4087=ORIENTED_EDGE('',*,*,#3191,.F.);
#4088=ORIENTED_EDGE('',*,*,#3192,.T.);
#4089=ORIENTED_EDGE('',*,*,#3193,.T.);
#4090=ORIENTED_EDGE('',*,*,#3194,.F.);
#4091=ORIENTED_EDGE('',*,*,#3195,.F.);
#4092=ORIENTED_EDGE('',*,*,#3196,.T.);
#4093=ORIENTED_EDGE('',*,*,#3197,.T.);
#4094=ORIENTED_EDGE('',*,*,#3192,.F.);
#4095=ORIENTED_EDGE('',*,*,#3198,.F.);
#4096=ORIENTED_EDGE('',*,*,#3199,.T.);
#4097=ORIENTED_EDGE('',*,*,#3200,.T.);
#4098=ORIENTED_EDGE('',*,*,#3196,.F.);
#4099=ORIENTED_EDGE('',*,*,#3201,.F.);
#4100=ORIENTED_EDGE('',*,*,#3194,.T.);
#4101=ORIENTED_EDGE('',*,*,#3202,.T.);
#4102=ORIENTED_EDGE('',*,*,#3199,.F.);
#4103=ORIENTED_EDGE('',*,*,#3203,.F.);
#4104=ORIENTED_EDGE('',*,*,#3204,.T.);
#4105=ORIENTED_EDGE('',*,*,#3205,.T.);
#4106=ORIENTED_EDGE('',*,*,#3206,.F.);
#4107=ORIENTED_EDGE('',*,*,#3207,.F.);
#4108=ORIENTED_EDGE('',*,*,#3208,.T.);
#4109=ORIENTED_EDGE('',*,*,#3209,.T.);
#4110=ORIENTED_EDGE('',*,*,#3204,.F.);
#4111=ORIENTED_EDGE('',*,*,#3210,.F.);
#4112=ORIENTED_EDGE('',*,*,#3211,.T.);
#4113=ORIENTED_EDGE('',*,*,#3212,.T.);
#4114=ORIENTED_EDGE('',*,*,#3208,.F.);
#4115=ORIENTED_EDGE('',*,*,#3213,.F.);
#4116=ORIENTED_EDGE('',*,*,#3206,.T.);
#4117=ORIENTED_EDGE('',*,*,#3214,.T.);
#4118=ORIENTED_EDGE('',*,*,#3211,.F.);
#4119=ORIENTED_EDGE('',*,*,#3215,.F.);
#4120=ORIENTED_EDGE('',*,*,#3216,.T.);
#4121=ORIENTED_EDGE('',*,*,#3217,.T.);
#4122=ORIENTED_EDGE('',*,*,#3218,.F.);
#4123=ORIENTED_EDGE('',*,*,#3219,.F.);
#4124=ORIENTED_EDGE('',*,*,#3220,.T.);
#4125=ORIENTED_EDGE('',*,*,#3221,.T.);
#4126=ORIENTED_EDGE('',*,*,#3216,.F.);
#4127=ORIENTED_EDGE('',*,*,#3222,.F.);
#4128=ORIENTED_EDGE('',*,*,#3223,.T.);
#4129=ORIENTED_EDGE('',*,*,#3224,.F.);
#4130=ORIENTED_EDGE('',*,*,#3220,.F.);
#4131=ORIENTED_EDGE('',*,*,#3225,.F.);
#4132=ORIENTED_EDGE('',*,*,#3218,.T.);
#4133=ORIENTED_EDGE('',*,*,#3226,.F.);
#4134=ORIENTED_EDGE('',*,*,#3223,.F.);
#4135=ORIENTED_EDGE('',*,*,#3227,.F.);
#4136=ORIENTED_EDGE('',*,*,#3228,.T.);
#4137=ORIENTED_EDGE('',*,*,#3229,.T.);
#4138=ORIENTED_EDGE('',*,*,#3230,.F.);
#4139=ORIENTED_EDGE('',*,*,#3231,.F.);
#4140=ORIENTED_EDGE('',*,*,#3232,.F.);
#4141=ORIENTED_EDGE('',*,*,#3233,.T.);
#4142=ORIENTED_EDGE('',*,*,#3228,.F.);
#4143=ORIENTED_EDGE('',*,*,#3234,.F.);
#4144=ORIENTED_EDGE('',*,*,#3230,.T.);
#4145=ORIENTED_EDGE('',*,*,#3235,.F.);
#4146=ORIENTED_EDGE('',*,*,#3236,.F.);
#4147=ORIENTED_EDGE('',*,*,#3237,.F.);
#4148=ORIENTED_EDGE('',*,*,#3238,.T.);
#4149=ORIENTED_EDGE('',*,*,#3239,.F.);
#4150=ORIENTED_EDGE('',*,*,#3240,.F.);
#4151=ORIENTED_EDGE('',*,*,#3241,.F.);
#4152=ORIENTED_EDGE('',*,*,#3242,.T.);
#4153=ORIENTED_EDGE('',*,*,#3243,.F.);
#4154=ORIENTED_EDGE('',*,*,#3238,.F.);
#4155=ORIENTED_EDGE('',*,*,#3244,.F.);
#4156=ORIENTED_EDGE('',*,*,#3245,.T.);
#4157=ORIENTED_EDGE('',*,*,#3246,.T.);
#4158=ORIENTED_EDGE('',*,*,#3242,.F.);
#4159=ORIENTED_EDGE('',*,*,#3247,.F.);
#4160=ORIENTED_EDGE('',*,*,#3240,.T.);
#4161=ORIENTED_EDGE('',*,*,#3248,.T.);
#4162=ORIENTED_EDGE('',*,*,#3245,.F.);
#4163=ORIENTED_EDGE('',*,*,#3249,.F.);
#4164=ORIENTED_EDGE('',*,*,#3250,.T.);
#4165=ORIENTED_EDGE('',*,*,#3251,.T.);
#4166=ORIENTED_EDGE('',*,*,#3252,.F.);
#4167=ORIENTED_EDGE('',*,*,#3253,.F.);
#4168=ORIENTED_EDGE('',*,*,#3254,.T.);
#4169=ORIENTED_EDGE('',*,*,#3255,.T.);
#4170=ORIENTED_EDGE('',*,*,#3250,.F.);
#4171=ORIENTED_EDGE('',*,*,#3256,.F.);
#4172=ORIENTED_EDGE('',*,*,#3257,.T.);
#4173=ORIENTED_EDGE('',*,*,#3258,.T.);
#4174=ORIENTED_EDGE('',*,*,#3254,.F.);
#4175=ORIENTED_EDGE('',*,*,#3259,.F.);
#4176=ORIENTED_EDGE('',*,*,#3252,.T.);
#4177=ORIENTED_EDGE('',*,*,#3260,.T.);
#4178=ORIENTED_EDGE('',*,*,#3257,.F.);
#4179=ORIENTED_EDGE('',*,*,#3261,.F.);
#4180=ORIENTED_EDGE('',*,*,#3262,.T.);
#4181=ORIENTED_EDGE('',*,*,#3263,.T.);
#4182=ORIENTED_EDGE('',*,*,#3264,.F.);
#4183=ORIENTED_EDGE('',*,*,#3265,.F.);
#4184=ORIENTED_EDGE('',*,*,#3266,.T.);
#4185=ORIENTED_EDGE('',*,*,#3267,.T.);
#4186=ORIENTED_EDGE('',*,*,#3262,.F.);
#4187=ORIENTED_EDGE('',*,*,#3268,.F.);
#4188=ORIENTED_EDGE('',*,*,#3269,.T.);
#4189=ORIENTED_EDGE('',*,*,#3270,.T.);
#4190=ORIENTED_EDGE('',*,*,#3266,.F.);
#4191=ORIENTED_EDGE('',*,*,#3271,.F.);
#4192=ORIENTED_EDGE('',*,*,#3264,.T.);
#4193=ORIENTED_EDGE('',*,*,#3272,.T.);
#4194=ORIENTED_EDGE('',*,*,#3269,.F.);
#4195=ORIENTED_EDGE('',*,*,#3273,.F.);
#4196=ORIENTED_EDGE('',*,*,#3274,.T.);
#4197=ORIENTED_EDGE('',*,*,#3275,.T.);
#4198=ORIENTED_EDGE('',*,*,#3276,.F.);
#4199=ORIENTED_EDGE('',*,*,#3277,.F.);
#4200=ORIENTED_EDGE('',*,*,#3278,.T.);
#4201=ORIENTED_EDGE('',*,*,#3279,.T.);
#4202=ORIENTED_EDGE('',*,*,#3274,.F.);
#4203=ORIENTED_EDGE('',*,*,#3280,.F.);
#4204=ORIENTED_EDGE('',*,*,#3281,.T.);
#4205=ORIENTED_EDGE('',*,*,#3282,.T.);
#4206=ORIENTED_EDGE('',*,*,#3278,.F.);
#4207=ORIENTED_EDGE('',*,*,#3283,.F.);
#4208=ORIENTED_EDGE('',*,*,#3276,.T.);
#4209=ORIENTED_EDGE('',*,*,#3284,.T.);
#4210=ORIENTED_EDGE('',*,*,#3281,.F.);
#4211=ORIENTED_EDGE('',*,*,#3285,.F.);
#4212=ORIENTED_EDGE('',*,*,#3286,.F.);
#4213=ORIENTED_EDGE('',*,*,#3287,.T.);
#4214=ORIENTED_EDGE('',*,*,#3288,.T.);
#4215=ORIENTED_EDGE('',*,*,#3289,.F.);
#4216=ORIENTED_EDGE('',*,*,#3290,.T.);
#4217=ORIENTED_EDGE('',*,*,#3291,.T.);
#4218=ORIENTED_EDGE('',*,*,#3287,.F.);
#4219=ORIENTED_EDGE('',*,*,#3292,.F.);
#4220=ORIENTED_EDGE('',*,*,#3293,.T.);
#4221=ORIENTED_EDGE('',*,*,#3290,.F.);
#4222=ORIENTED_EDGE('',*,*,#3294,.F.);
#4223=ORIENTED_EDGE('',*,*,#3295,.F.);
#4224=ORIENTED_EDGE('',*,*,#3296,.F.);
#4225=ORIENTED_EDGE('',*,*,#3297,.T.);
#4226=ORIENTED_EDGE('',*,*,#3298,.T.);
#4227=ORIENTED_EDGE('',*,*,#3299,.F.);
#4228=ORIENTED_EDGE('',*,*,#3300,.T.);
#4229=ORIENTED_EDGE('',*,*,#3301,.F.);
#4230=ORIENTED_EDGE('',*,*,#3297,.F.);
#4231=ORIENTED_EDGE('',*,*,#3302,.F.);
#4232=ORIENTED_EDGE('',*,*,#3303,.F.);
#4233=ORIENTED_EDGE('',*,*,#3300,.F.);
#4234=ORIENTED_EDGE('',*,*,#3304,.F.);
#4235=ORIENTED_EDGE('',*,*,#3305,.F.);
#4236=ORIENTED_EDGE('',*,*,#3306,.T.);
#4237=ORIENTED_EDGE('',*,*,#3307,.T.);
#4238=ORIENTED_EDGE('',*,*,#3308,.F.);
#4239=ORIENTED_EDGE('',*,*,#3309,.F.);
#4240=ORIENTED_EDGE('',*,*,#3310,.T.);
#4241=ORIENTED_EDGE('',*,*,#3311,.T.);
#4242=ORIENTED_EDGE('',*,*,#3306,.F.);
#4243=ORIENTED_EDGE('',*,*,#3312,.F.);
#4244=ORIENTED_EDGE('',*,*,#3313,.T.);
#4245=ORIENTED_EDGE('',*,*,#3314,.T.);
#4246=ORIENTED_EDGE('',*,*,#3310,.F.);
#4247=ORIENTED_EDGE('',*,*,#3315,.F.);
#4248=ORIENTED_EDGE('',*,*,#3308,.T.);
#4249=ORIENTED_EDGE('',*,*,#3316,.T.);
#4250=ORIENTED_EDGE('',*,*,#3313,.F.);
#4251=ORIENTED_EDGE('',*,*,#3317,.F.);
#4252=ORIENTED_EDGE('',*,*,#3318,.T.);
#4253=ORIENTED_EDGE('',*,*,#3319,.T.);
#4254=ORIENTED_EDGE('',*,*,#3320,.F.);
#4255=ORIENTED_EDGE('',*,*,#3321,.F.);
#4256=ORIENTED_EDGE('',*,*,#3322,.T.);
#4257=ORIENTED_EDGE('',*,*,#3323,.T.);
#4258=ORIENTED_EDGE('',*,*,#3318,.F.);
#4259=ORIENTED_EDGE('',*,*,#3324,.F.);
#4260=ORIENTED_EDGE('',*,*,#3325,.T.);
#4261=ORIENTED_EDGE('',*,*,#3326,.T.);
#4262=ORIENTED_EDGE('',*,*,#3322,.F.);
#4263=ORIENTED_EDGE('',*,*,#3327,.F.);
#4264=ORIENTED_EDGE('',*,*,#3320,.T.);
#4265=ORIENTED_EDGE('',*,*,#3328,.T.);
#4266=ORIENTED_EDGE('',*,*,#3325,.F.);
#4267=ORIENTED_EDGE('',*,*,#3329,.F.);
#4268=ORIENTED_EDGE('',*,*,#3330,.T.);
#4269=ORIENTED_EDGE('',*,*,#3331,.T.);
#4270=ORIENTED_EDGE('',*,*,#3332,.F.);
#4271=ORIENTED_EDGE('',*,*,#3333,.F.);
#4272=ORIENTED_EDGE('',*,*,#3334,.T.);
#4273=ORIENTED_EDGE('',*,*,#3335,.T.);
#4274=ORIENTED_EDGE('',*,*,#3330,.F.);
#4275=ORIENTED_EDGE('',*,*,#3336,.F.);
#4276=ORIENTED_EDGE('',*,*,#3337,.T.);
#4277=ORIENTED_EDGE('',*,*,#3338,.T.);
#4278=ORIENTED_EDGE('',*,*,#3334,.F.);
#4279=ORIENTED_EDGE('',*,*,#3339,.F.);
#4280=ORIENTED_EDGE('',*,*,#3332,.T.);
#4281=ORIENTED_EDGE('',*,*,#3340,.T.);
#4282=ORIENTED_EDGE('',*,*,#3337,.F.);
#4283=ORIENTED_EDGE('',*,*,#3341,.F.);
#4284=ORIENTED_EDGE('',*,*,#3342,.T.);
#4285=ORIENTED_EDGE('',*,*,#3343,.T.);
#4286=ORIENTED_EDGE('',*,*,#3344,.F.);
#4287=ORIENTED_EDGE('',*,*,#3345,.F.);
#4288=ORIENTED_EDGE('',*,*,#3346,.T.);
#4289=ORIENTED_EDGE('',*,*,#3347,.T.);
#4290=ORIENTED_EDGE('',*,*,#3342,.F.);
#4291=ORIENTED_EDGE('',*,*,#3348,.F.);
#4292=ORIENTED_EDGE('',*,*,#3349,.T.);
#4293=ORIENTED_EDGE('',*,*,#3350,.T.);
#4294=ORIENTED_EDGE('',*,*,#3346,.F.);
#4295=ORIENTED_EDGE('',*,*,#3351,.F.);
#4296=ORIENTED_EDGE('',*,*,#3344,.T.);
#4297=ORIENTED_EDGE('',*,*,#3352,.T.);
#4298=ORIENTED_EDGE('',*,*,#3349,.F.);
#4299=ORIENTED_EDGE('',*,*,#3353,.F.);
#4300=ORIENTED_EDGE('',*,*,#3354,.F.);
#4301=ORIENTED_EDGE('',*,*,#3355,.T.);
#4302=ORIENTED_EDGE('',*,*,#3356,.T.);
#4303=ORIENTED_EDGE('',*,*,#3357,.F.);
#4304=ORIENTED_EDGE('',*,*,#3358,.T.);
#4305=ORIENTED_EDGE('',*,*,#3359,.T.);
#4306=ORIENTED_EDGE('',*,*,#3355,.F.);
#4307=ORIENTED_EDGE('',*,*,#3360,.F.);
#4308=ORIENTED_EDGE('',*,*,#3361,.T.);
#4309=ORIENTED_EDGE('',*,*,#3358,.F.);
#4310=ORIENTED_EDGE('',*,*,#3362,.F.);
#4311=ORIENTED_EDGE('',*,*,#3363,.F.);
#4312=ORIENTED_EDGE('',*,*,#3364,.F.);
#4313=ORIENTED_EDGE('',*,*,#3365,.T.);
#4314=ORIENTED_EDGE('',*,*,#3366,.T.);
#4315=ORIENTED_EDGE('',*,*,#3367,.F.);
#4316=ORIENTED_EDGE('',*,*,#3368,.T.);
#4317=ORIENTED_EDGE('',*,*,#3369,.T.);
#4318=ORIENTED_EDGE('',*,*,#3365,.F.);
#4319=ORIENTED_EDGE('',*,*,#3370,.F.);
#4320=ORIENTED_EDGE('',*,*,#3371,.T.);
#4321=ORIENTED_EDGE('',*,*,#3368,.F.);
#4322=ORIENTED_EDGE('',*,*,#3372,.F.);
#4323=ORIENTED_EDGE('',*,*,#3373,.F.);
#4324=ORIENTED_EDGE('',*,*,#3374,.F.);
#4325=ORIENTED_EDGE('',*,*,#3375,.T.);
#4326=ORIENTED_EDGE('',*,*,#3376,.T.);
#4327=ORIENTED_EDGE('',*,*,#3377,.F.);
#4328=ORIENTED_EDGE('',*,*,#3378,.T.);
#4329=ORIENTED_EDGE('',*,*,#3379,.T.);
#4330=ORIENTED_EDGE('',*,*,#3375,.F.);
#4331=ORIENTED_EDGE('',*,*,#3380,.F.);
#4332=ORIENTED_EDGE('',*,*,#3381,.T.);
#4333=ORIENTED_EDGE('',*,*,#3378,.F.);
#4334=ORIENTED_EDGE('',*,*,#3382,.F.);
#4335=ORIENTED_EDGE('',*,*,#3383,.F.);
#4336=ORIENTED_EDGE('',*,*,#3384,.T.);
#4337=ORIENTED_EDGE('',*,*,#3385,.F.);
#4338=ORIENTED_EDGE('',*,*,#3386,.F.);
#4339=ORIENTED_EDGE('',*,*,#3387,.F.);
#4340=ORIENTED_EDGE('',*,*,#3388,.T.);
#4341=ORIENTED_EDGE('',*,*,#3389,.F.);
#4342=ORIENTED_EDGE('',*,*,#3384,.F.);
#4343=ORIENTED_EDGE('',*,*,#3390,.F.);
#4344=ORIENTED_EDGE('',*,*,#3391,.T.);
#4345=ORIENTED_EDGE('',*,*,#3392,.F.);
#4346=ORIENTED_EDGE('',*,*,#3388,.F.);
#4347=ORIENTED_EDGE('',*,*,#3393,.F.);
#4348=ORIENTED_EDGE('',*,*,#3386,.T.);
#4349=ORIENTED_EDGE('',*,*,#3394,.F.);
#4350=ORIENTED_EDGE('',*,*,#3391,.F.);
#4351=ORIENTED_EDGE('',*,*,#3395,.F.);
#4352=ORIENTED_EDGE('',*,*,#3396,.F.);
#4353=ORIENTED_EDGE('',*,*,#3397,.T.);
#4354=ORIENTED_EDGE('',*,*,#3398,.T.);
#4355=ORIENTED_EDGE('',*,*,#3399,.F.);
#4356=ORIENTED_EDGE('',*,*,#3400,.T.);
#4357=ORIENTED_EDGE('',*,*,#3401,.F.);
#4358=ORIENTED_EDGE('',*,*,#3402,.F.);
#4359=ORIENTED_EDGE('',*,*,#3403,.F.);
#4360=ORIENTED_EDGE('',*,*,#3401,.T.);
#4361=ORIENTED_EDGE('',*,*,#3404,.T.);
#4362=ORIENTED_EDGE('',*,*,#3397,.F.);
#4363=ORIENTED_EDGE('',*,*,#3405,.F.);
#4364=ORIENTED_EDGE('',*,*,#3406,.T.);
#4365=ORIENTED_EDGE('',*,*,#3407,.T.);
#4366=ORIENTED_EDGE('',*,*,#3408,.F.);
#4367=ORIENTED_EDGE('',*,*,#3409,.F.);
#4368=ORIENTED_EDGE('',*,*,#3410,.T.);
#4369=ORIENTED_EDGE('',*,*,#3411,.T.);
#4370=ORIENTED_EDGE('',*,*,#3406,.F.);
#4371=ORIENTED_EDGE('',*,*,#3412,.F.);
#4372=ORIENTED_EDGE('',*,*,#3413,.T.);
#4373=ORIENTED_EDGE('',*,*,#3414,.T.);
#4374=ORIENTED_EDGE('',*,*,#3410,.F.);
#4375=ORIENTED_EDGE('',*,*,#3415,.F.);
#4376=ORIENTED_EDGE('',*,*,#3408,.T.);
#4377=ORIENTED_EDGE('',*,*,#3416,.T.);
#4378=ORIENTED_EDGE('',*,*,#3413,.F.);
#4379=ORIENTED_EDGE('',*,*,#3417,.F.);
#4380=ORIENTED_EDGE('',*,*,#3418,.F.);
#4381=ORIENTED_EDGE('',*,*,#3419,.T.);
#4382=ORIENTED_EDGE('',*,*,#3420,.T.);
#4383=ORIENTED_EDGE('',*,*,#3421,.F.);
#4384=ORIENTED_EDGE('',*,*,#3422,.T.);
#4385=ORIENTED_EDGE('',*,*,#3423,.T.);
#4386=ORIENTED_EDGE('',*,*,#3419,.F.);
#4387=ORIENTED_EDGE('',*,*,#3424,.F.);
#4388=ORIENTED_EDGE('',*,*,#3425,.T.);
#4389=ORIENTED_EDGE('',*,*,#3422,.F.);
#4390=ORIENTED_EDGE('',*,*,#3426,.F.);
#4391=ORIENTED_EDGE('',*,*,#3427,.F.);
#4392=ORIENTED_EDGE('',*,*,#3428,.T.);
#4393=ORIENTED_EDGE('',*,*,#3429,.T.);
#4394=ORIENTED_EDGE('',*,*,#3430,.F.);
#4395=ORIENTED_EDGE('',*,*,#3431,.F.);
#4396=ORIENTED_EDGE('',*,*,#3432,.T.);
#4397=ORIENTED_EDGE('',*,*,#3433,.T.);
#4398=ORIENTED_EDGE('',*,*,#3428,.F.);
#4399=ORIENTED_EDGE('',*,*,#3434,.F.);
#4400=ORIENTED_EDGE('',*,*,#3435,.T.);
#4401=ORIENTED_EDGE('',*,*,#3436,.T.);
#4402=ORIENTED_EDGE('',*,*,#3432,.F.);
#4403=ORIENTED_EDGE('',*,*,#3437,.F.);
#4404=ORIENTED_EDGE('',*,*,#3430,.T.);
#4405=ORIENTED_EDGE('',*,*,#3438,.T.);
#4406=ORIENTED_EDGE('',*,*,#3435,.F.);
#4407=ORIENTED_EDGE('',*,*,#3439,.F.);
#4408=ORIENTED_EDGE('',*,*,#3440,.F.);
#4409=ORIENTED_EDGE('',*,*,#3441,.T.);
#4410=ORIENTED_EDGE('',*,*,#3442,.T.);
#4411=ORIENTED_EDGE('',*,*,#3443,.F.);
#4412=ORIENTED_EDGE('',*,*,#3444,.T.);
#4413=ORIENTED_EDGE('',*,*,#3445,.F.);
#4414=ORIENTED_EDGE('',*,*,#3446,.F.);
#4415=ORIENTED_EDGE('',*,*,#3447,.F.);
#4416=ORIENTED_EDGE('',*,*,#3445,.T.);
#4417=ORIENTED_EDGE('',*,*,#3448,.T.);
#4418=ORIENTED_EDGE('',*,*,#3441,.F.);
#4419=ORIENTED_EDGE('',*,*,#3449,.F.);
#4420=ORIENTED_EDGE('',*,*,#3450,.T.);
#4421=ORIENTED_EDGE('',*,*,#3451,.T.);
#4422=ORIENTED_EDGE('',*,*,#3452,.F.);
#4423=ORIENTED_EDGE('',*,*,#3453,.F.);
#4424=ORIENTED_EDGE('',*,*,#3454,.T.);
#4425=ORIENTED_EDGE('',*,*,#3455,.T.);
#4426=ORIENTED_EDGE('',*,*,#3450,.F.);
#4427=ORIENTED_EDGE('',*,*,#3456,.F.);
#4428=ORIENTED_EDGE('',*,*,#3457,.T.);
#4429=ORIENTED_EDGE('',*,*,#3458,.T.);
#4430=ORIENTED_EDGE('',*,*,#3454,.F.);
#4431=ORIENTED_EDGE('',*,*,#3459,.F.);
#4432=ORIENTED_EDGE('',*,*,#3452,.T.);
#4433=ORIENTED_EDGE('',*,*,#3460,.T.);
#4434=ORIENTED_EDGE('',*,*,#3457,.F.);
#4435=ORIENTED_EDGE('',*,*,#3461,.F.);
#4436=ORIENTED_EDGE('',*,*,#3462,.T.);
#4437=ORIENTED_EDGE('',*,*,#3463,.T.);
#4438=ORIENTED_EDGE('',*,*,#3464,.F.);
#4439=ORIENTED_EDGE('',*,*,#3465,.F.);
#4440=ORIENTED_EDGE('',*,*,#3466,.T.);
#4441=ORIENTED_EDGE('',*,*,#3467,.T.);
#4442=ORIENTED_EDGE('',*,*,#3462,.F.);
#4443=ORIENTED_EDGE('',*,*,#3468,.F.);
#4444=ORIENTED_EDGE('',*,*,#3469,.T.);
#4445=ORIENTED_EDGE('',*,*,#3470,.T.);
#4446=ORIENTED_EDGE('',*,*,#3466,.F.);
#4447=ORIENTED_EDGE('',*,*,#3471,.F.);
#4448=ORIENTED_EDGE('',*,*,#3464,.T.);
#4449=ORIENTED_EDGE('',*,*,#3472,.T.);
#4450=ORIENTED_EDGE('',*,*,#3469,.F.);
#4451=ORIENTED_EDGE('',*,*,#3473,.F.);
#4452=ORIENTED_EDGE('',*,*,#3474,.T.);
#4453=ORIENTED_EDGE('',*,*,#3475,.T.);
#4454=ORIENTED_EDGE('',*,*,#3476,.F.);
#4455=ORIENTED_EDGE('',*,*,#3477,.F.);
#4456=ORIENTED_EDGE('',*,*,#3478,.T.);
#4457=ORIENTED_EDGE('',*,*,#3479,.T.);
#4458=ORIENTED_EDGE('',*,*,#3474,.F.);
#4459=ORIENTED_EDGE('',*,*,#3480,.F.);
#4460=ORIENTED_EDGE('',*,*,#3481,.T.);
#4461=ORIENTED_EDGE('',*,*,#3482,.T.);
#4462=ORIENTED_EDGE('',*,*,#3478,.F.);
#4463=ORIENTED_EDGE('',*,*,#3483,.F.);
#4464=ORIENTED_EDGE('',*,*,#3476,.T.);
#4465=ORIENTED_EDGE('',*,*,#3484,.T.);
#4466=ORIENTED_EDGE('',*,*,#3481,.F.);
#4467=ORIENTED_EDGE('',*,*,#3485,.F.);
#4468=ORIENTED_EDGE('',*,*,#3486,.T.);
#4469=ORIENTED_EDGE('',*,*,#3487,.T.);
#4470=ORIENTED_EDGE('',*,*,#3488,.F.);
#4471=ORIENTED_EDGE('',*,*,#3489,.F.);
#4472=ORIENTED_EDGE('',*,*,#3490,.T.);
#4473=ORIENTED_EDGE('',*,*,#3491,.T.);
#4474=ORIENTED_EDGE('',*,*,#3486,.F.);
#4475=ORIENTED_EDGE('',*,*,#3492,.F.);
#4476=ORIENTED_EDGE('',*,*,#3493,.T.);
#4477=ORIENTED_EDGE('',*,*,#3494,.T.);
#4478=ORIENTED_EDGE('',*,*,#3490,.F.);
#4479=ORIENTED_EDGE('',*,*,#3495,.F.);
#4480=ORIENTED_EDGE('',*,*,#3488,.T.);
#4481=ORIENTED_EDGE('',*,*,#3496,.T.);
#4482=ORIENTED_EDGE('',*,*,#3493,.F.);
#4483=ORIENTED_EDGE('',*,*,#3497,.F.);
#4484=ORIENTED_EDGE('',*,*,#3498,.F.);
#4485=ORIENTED_EDGE('',*,*,#3499,.T.);
#4486=ORIENTED_EDGE('',*,*,#3500,.T.);
#4487=ORIENTED_EDGE('',*,*,#3501,.F.);
#4488=ORIENTED_EDGE('',*,*,#3502,.T.);
#4489=ORIENTED_EDGE('',*,*,#3503,.T.);
#4490=ORIENTED_EDGE('',*,*,#3499,.F.);
#4491=ORIENTED_EDGE('',*,*,#3504,.F.);
#4492=ORIENTED_EDGE('',*,*,#3505,.T.);
#4493=ORIENTED_EDGE('',*,*,#3502,.F.);
#4494=ORIENTED_EDGE('',*,*,#3506,.F.);
#4495=ORIENTED_EDGE('',*,*,#3507,.F.);
#4496=ORIENTED_EDGE('',*,*,#3508,.T.);
#4497=ORIENTED_EDGE('',*,*,#3509,.T.);
#4498=ORIENTED_EDGE('',*,*,#3510,.F.);
#4499=ORIENTED_EDGE('',*,*,#3511,.F.);
#4500=ORIENTED_EDGE('',*,*,#3512,.T.);
#4501=ORIENTED_EDGE('',*,*,#3513,.T.);
#4502=ORIENTED_EDGE('',*,*,#3508,.F.);
#4503=ORIENTED_EDGE('',*,*,#3514,.F.);
#4504=ORIENTED_EDGE('',*,*,#3515,.T.);
#4505=ORIENTED_EDGE('',*,*,#3516,.T.);
#4506=ORIENTED_EDGE('',*,*,#3512,.F.);
#4507=ORIENTED_EDGE('',*,*,#3517,.F.);
#4508=ORIENTED_EDGE('',*,*,#3510,.T.);
#4509=ORIENTED_EDGE('',*,*,#3518,.T.);
#4510=ORIENTED_EDGE('',*,*,#3515,.F.);
#4511=ORIENTED_EDGE('',*,*,#3519,.F.);
#4512=ORIENTED_EDGE('',*,*,#3520,.T.);
#4513=ORIENTED_EDGE('',*,*,#3521,.T.);
#4514=ORIENTED_EDGE('',*,*,#3522,.F.);
#4515=ORIENTED_EDGE('',*,*,#3523,.F.);
#4516=ORIENTED_EDGE('',*,*,#3524,.T.);
#4517=ORIENTED_EDGE('',*,*,#3525,.T.);
#4518=ORIENTED_EDGE('',*,*,#3520,.F.);
#4519=ORIENTED_EDGE('',*,*,#3526,.F.);
#4520=ORIENTED_EDGE('',*,*,#3527,.T.);
#4521=ORIENTED_EDGE('',*,*,#3528,.T.);
#4522=ORIENTED_EDGE('',*,*,#3524,.F.);
#4523=ORIENTED_EDGE('',*,*,#3529,.F.);
#4524=ORIENTED_EDGE('',*,*,#3522,.T.);
#4525=ORIENTED_EDGE('',*,*,#3530,.T.);
#4526=ORIENTED_EDGE('',*,*,#3527,.F.);
#4527=ORIENTED_EDGE('',*,*,#3531,.F.);
#4528=ORIENTED_EDGE('',*,*,#3532,.T.);
#4529=ORIENTED_EDGE('',*,*,#3533,.T.);
#4530=ORIENTED_EDGE('',*,*,#3534,.F.);
#4531=ORIENTED_EDGE('',*,*,#3535,.F.);
#4532=ORIENTED_EDGE('',*,*,#3536,.T.);
#4533=ORIENTED_EDGE('',*,*,#3537,.T.);
#4534=ORIENTED_EDGE('',*,*,#3532,.F.);
#4535=ORIENTED_EDGE('',*,*,#3538,.F.);
#4536=ORIENTED_EDGE('',*,*,#3539,.T.);
#4537=ORIENTED_EDGE('',*,*,#3540,.T.);
#4538=ORIENTED_EDGE('',*,*,#3536,.F.);
#4539=ORIENTED_EDGE('',*,*,#3541,.F.);
#4540=ORIENTED_EDGE('',*,*,#3534,.T.);
#4541=ORIENTED_EDGE('',*,*,#3542,.T.);
#4542=ORIENTED_EDGE('',*,*,#3539,.F.);
#4543=ORIENTED_EDGE('',*,*,#3543,.F.);
#4544=ORIENTED_EDGE('',*,*,#3544,.F.);
#4545=ORIENTED_EDGE('',*,*,#3545,.T.);
#4546=ORIENTED_EDGE('',*,*,#3546,.T.);
#4547=ORIENTED_EDGE('',*,*,#3547,.F.);
#4548=ORIENTED_EDGE('',*,*,#3548,.T.);
#4549=ORIENTED_EDGE('',*,*,#3549,.F.);
#4550=ORIENTED_EDGE('',*,*,#3550,.F.);
#4551=ORIENTED_EDGE('',*,*,#3551,.F.);
#4552=ORIENTED_EDGE('',*,*,#3549,.T.);
#4553=ORIENTED_EDGE('',*,*,#3552,.T.);
#4554=ORIENTED_EDGE('',*,*,#3545,.F.);
#4555=ORIENTED_EDGE('',*,*,#3553,.F.);
#4556=ORIENTED_EDGE('',*,*,#3554,.F.);
#4557=ORIENTED_EDGE('',*,*,#3555,.T.);
#4558=ORIENTED_EDGE('',*,*,#3556,.T.);
#4559=ORIENTED_EDGE('',*,*,#3557,.F.);
#4560=ORIENTED_EDGE('',*,*,#3558,.T.);
#4561=ORIENTED_EDGE('',*,*,#3559,.T.);
#4562=ORIENTED_EDGE('',*,*,#3555,.F.);
#4563=ORIENTED_EDGE('',*,*,#3560,.F.);
#4564=ORIENTED_EDGE('',*,*,#3561,.T.);
#4565=ORIENTED_EDGE('',*,*,#3558,.F.);
#4566=ORIENTED_EDGE('',*,*,#3562,.F.);
#4567=ORIENTED_EDGE('',*,*,#3563,.F.);
#4568=ORIENTED_EDGE('',*,*,#3564,.T.);
#4569=ORIENTED_EDGE('',*,*,#3565,.T.);
#4570=ORIENTED_EDGE('',*,*,#3566,.F.);
#4571=ORIENTED_EDGE('',*,*,#3567,.F.);
#4572=ORIENTED_EDGE('',*,*,#3568,.T.);
#4573=ORIENTED_EDGE('',*,*,#3569,.T.);
#4574=ORIENTED_EDGE('',*,*,#3564,.F.);
#4575=ORIENTED_EDGE('',*,*,#3570,.F.);
#4576=ORIENTED_EDGE('',*,*,#3571,.T.);
#4577=ORIENTED_EDGE('',*,*,#3572,.T.);
#4578=ORIENTED_EDGE('',*,*,#3568,.F.);
#4579=ORIENTED_EDGE('',*,*,#3573,.F.);
#4580=ORIENTED_EDGE('',*,*,#3566,.T.);
#4581=ORIENTED_EDGE('',*,*,#3574,.T.);
#4582=ORIENTED_EDGE('',*,*,#3571,.F.);
#4583=ORIENTED_EDGE('',*,*,#3575,.F.);
#4584=ORIENTED_EDGE('',*,*,#3576,.T.);
#4585=ORIENTED_EDGE('',*,*,#3577,.T.);
#4586=ORIENTED_EDGE('',*,*,#3578,.F.);
#4587=ORIENTED_EDGE('',*,*,#3579,.F.);
#4588=ORIENTED_EDGE('',*,*,#3580,.T.);
#4589=ORIENTED_EDGE('',*,*,#3581,.T.);
#4590=ORIENTED_EDGE('',*,*,#3576,.F.);
#4591=ORIENTED_EDGE('',*,*,#3582,.F.);
#4592=ORIENTED_EDGE('',*,*,#3583,.T.);
#4593=ORIENTED_EDGE('',*,*,#3584,.T.);
#4594=ORIENTED_EDGE('',*,*,#3580,.F.);
#4595=ORIENTED_EDGE('',*,*,#3585,.F.);
#4596=ORIENTED_EDGE('',*,*,#3578,.T.);
#4597=ORIENTED_EDGE('',*,*,#3586,.T.);
#4598=ORIENTED_EDGE('',*,*,#3583,.F.);
#4599=ORIENTED_EDGE('',*,*,#3236,.T.);
#4600=ORIENTED_EDGE('',*,*,#3587,.F.);
#4601=ORIENTED_EDGE('',*,*,#3588,.F.);
#4602=ORIENTED_EDGE('',*,*,#3589,.F.);
#4603=ORIENTED_EDGE('',*,*,#3106,.T.);
#4604=ORIENTED_EDGE('',*,*,#3590,.F.);
#4605=ORIENTED_EDGE('',*,*,#3591,.T.);
#4606=ORIENTED_EDGE('',*,*,#3592,.F.);
#4607=ORIENTED_EDGE('',*,*,#3395,.T.);
#4608=ORIENTED_EDGE('',*,*,#3593,.F.);
#4609=ORIENTED_EDGE('',*,*,#3443,.T.);
#4610=ORIENTED_EDGE('',*,*,#3594,.F.);
#4611=ORIENTED_EDGE('',*,*,#3159,.T.);
#4612=ORIENTED_EDGE('',*,*,#3595,.F.);
#4613=ORIENTED_EDGE('',*,*,#3424,.T.);
#4614=ORIENTED_EDGE('',*,*,#3596,.F.);
#4615=ORIENTED_EDGE('',*,*,#3100,.T.);
#4616=ORIENTED_EDGE('',*,*,#3597,.F.);
#4617=ORIENTED_EDGE('',*,*,#3543,.T.);
#4618=ORIENTED_EDGE('',*,*,#3598,.F.);
#4619=ORIENTED_EDGE('',*,*,#3232,.T.);
#4620=ORIENTED_EDGE('',*,*,#3599,.F.);
#4621=ORIENTED_EDGE('',*,*,#3417,.T.);
#4622=ORIENTED_EDGE('',*,*,#3600,.F.);
#4623=ORIENTED_EDGE('',*,*,#3185,.T.);
#4624=ORIENTED_EDGE('',*,*,#3601,.F.);
#4625=ORIENTED_EDGE('',*,*,#3439,.T.);
#4626=ORIENTED_EDGE('',*,*,#3602,.F.);
#4627=ORIENTED_EDGE('',*,*,#3163,.T.);
#4628=ORIENTED_EDGE('',*,*,#3603,.F.);
#4629=ORIENTED_EDGE('',*,*,#3181,.T.);
#4630=ORIENTED_EDGE('',*,*,#3604,.F.);
#4631=ORIENTED_EDGE('',*,*,#3112,.T.);
#4632=ORIENTED_EDGE('',*,*,#3605,.F.);
#4633=ORIENTED_EDGE('',*,*,#3547,.T.);
#4634=ORIENTED_EDGE('',*,*,#3606,.F.);
#4635=ORIENTED_EDGE('',*,*,#3497,.T.);
#4636=ORIENTED_EDGE('',*,*,#3607,.F.);
#4637=ORIENTED_EDGE('',*,*,#3560,.T.);
#4638=ORIENTED_EDGE('',*,*,#3608,.F.);
#4639=ORIENTED_EDGE('',*,*,#3363,.T.);
#4640=ORIENTED_EDGE('',*,*,#3609,.F.);
#4641=ORIENTED_EDGE('',*,*,#3610,.F.);
#4642=ORIENTED_EDGE('',*,*,#3611,.F.);
#4643=ORIENTED_EDGE('',*,*,#3360,.T.);
#4644=ORIENTED_EDGE('',*,*,#3612,.F.);
#4645=ORIENTED_EDGE('',*,*,#3553,.T.);
#4646=ORIENTED_EDGE('',*,*,#3613,.F.);
#4647=ORIENTED_EDGE('',*,*,#3302,.T.);
#4648=ORIENTED_EDGE('',*,*,#3614,.F.);
#4649=ORIENTED_EDGE('',*,*,#3615,.F.);
#4650=ORIENTED_EDGE('',*,*,#3616,.F.);
#4651=ORIENTED_EDGE('',*,*,#3292,.T.);
#4652=ORIENTED_EDGE('',*,*,#3617,.F.);
#4653=ORIENTED_EDGE('',*,*,#3353,.T.);
#4654=ORIENTED_EDGE('',*,*,#3618,.F.);
#4655=ORIENTED_EDGE('',*,*,#3285,.T.);
#4656=ORIENTED_EDGE('',*,*,#3619,.F.);
#4657=ORIENTED_EDGE('',*,*,#3370,.T.);
#4658=ORIENTED_EDGE('',*,*,#3620,.F.);
#4659=ORIENTED_EDGE('',*,*,#3132,.T.);
#4660=ORIENTED_EDGE('',*,*,#3621,.F.);
#4661=ORIENTED_EDGE('',*,*,#3373,.T.);
#4662=ORIENTED_EDGE('',*,*,#3622,.F.);
#4663=ORIENTED_EDGE('',*,*,#3125,.T.);
#4664=ORIENTED_EDGE('',*,*,#3623,.F.);
#4665=ORIENTED_EDGE('',*,*,#3504,.T.);
#4666=ORIENTED_EDGE('',*,*,#3624,.F.);
#4667=ORIENTED_EDGE('',*,*,#3122,.T.);
#4668=ORIENTED_EDGE('',*,*,#3625,.F.);
#4669=ORIENTED_EDGE('',*,*,#3295,.T.);
#4670=ORIENTED_EDGE('',*,*,#3626,.F.);
#4671=ORIENTED_EDGE('',*,*,#3115,.T.);
#4672=ORIENTED_EDGE('',*,*,#3627,.F.);
#4673=ORIENTED_EDGE('',*,*,#3380,.T.);
#4674=ORIENTED_EDGE('',*,*,#3628,.F.);
#4675=ORIENTED_EDGE('',*,*,#3366,.F.);
#4676=ORIENTED_EDGE('',*,*,#3369,.F.);
#4677=ORIENTED_EDGE('',*,*,#3371,.F.);
#4678=ORIENTED_EDGE('',*,*,#3619,.T.);
#4679=ORIENTED_EDGE('',*,*,#3288,.F.);
#4680=ORIENTED_EDGE('',*,*,#3291,.F.);
#4681=ORIENTED_EDGE('',*,*,#3293,.F.);
#4682=ORIENTED_EDGE('',*,*,#3618,.T.);
#4683=ORIENTED_EDGE('',*,*,#3356,.F.);
#4684=ORIENTED_EDGE('',*,*,#3359,.F.);
#4685=ORIENTED_EDGE('',*,*,#3361,.F.);
#4686=ORIENTED_EDGE('',*,*,#3613,.T.);
#4687=ORIENTED_EDGE('',*,*,#3556,.F.);
#4688=ORIENTED_EDGE('',*,*,#3559,.F.);
#4689=ORIENTED_EDGE('',*,*,#3561,.F.);
#4690=ORIENTED_EDGE('',*,*,#3607,.T.);
#4691=ORIENTED_EDGE('',*,*,#3500,.F.);
#4692=ORIENTED_EDGE('',*,*,#3503,.F.);
#4693=ORIENTED_EDGE('',*,*,#3505,.F.);
#4694=ORIENTED_EDGE('',*,*,#3623,.T.);
#4695=ORIENTED_EDGE('',*,*,#3128,.F.);
#4696=ORIENTED_EDGE('',*,*,#3131,.F.);
#4697=ORIENTED_EDGE('',*,*,#3133,.F.);
#4698=ORIENTED_EDGE('',*,*,#3622,.T.);
#4699=ORIENTED_EDGE('',*,*,#3376,.F.);
#4700=ORIENTED_EDGE('',*,*,#3379,.F.);
#4701=ORIENTED_EDGE('',*,*,#3381,.F.);
#4702=ORIENTED_EDGE('',*,*,#3627,.T.);
#4703=ORIENTED_EDGE('',*,*,#3118,.F.);
#4704=ORIENTED_EDGE('',*,*,#3121,.F.);
#4705=ORIENTED_EDGE('',*,*,#3123,.F.);
#4706=ORIENTED_EDGE('',*,*,#3626,.T.);
#4707=ORIENTED_EDGE('',*,*,#3298,.F.);
#4708=ORIENTED_EDGE('',*,*,#3301,.T.);
#4709=ORIENTED_EDGE('',*,*,#3303,.T.);
#4710=ORIENTED_EDGE('',*,*,#3616,.T.);
#4711=ORIENTED_EDGE('',*,*,#3629,.F.);
#4712=ORIENTED_EDGE('',*,*,#3587,.T.);
#4713=ORIENTED_EDGE('',*,*,#3235,.T.);
#4714=ORIENTED_EDGE('',*,*,#3229,.F.);
#4715=ORIENTED_EDGE('',*,*,#3233,.F.);
#4716=ORIENTED_EDGE('',*,*,#3600,.T.);
#4717=ORIENTED_EDGE('',*,*,#3420,.F.);
#4718=ORIENTED_EDGE('',*,*,#3423,.F.);
#4719=ORIENTED_EDGE('',*,*,#3425,.F.);
#4720=ORIENTED_EDGE('',*,*,#3595,.T.);
#4721=ORIENTED_EDGE('',*,*,#3162,.F.);
#4722=ORIENTED_EDGE('',*,*,#3168,.F.);
#4723=ORIENTED_EDGE('',*,*,#3164,.F.);
#4724=ORIENTED_EDGE('',*,*,#3604,.T.);
#4725=ORIENTED_EDGE('',*,*,#3184,.F.);
#4726=ORIENTED_EDGE('',*,*,#3190,.F.);
#4727=ORIENTED_EDGE('',*,*,#3186,.F.);
#4728=ORIENTED_EDGE('',*,*,#3602,.T.);
#4729=ORIENTED_EDGE('',*,*,#3442,.F.);
#4730=ORIENTED_EDGE('',*,*,#3448,.F.);
#4731=ORIENTED_EDGE('',*,*,#3444,.F.);
#4732=ORIENTED_EDGE('',*,*,#3593,.T.);
#4733=ORIENTED_EDGE('',*,*,#3398,.F.);
#4734=ORIENTED_EDGE('',*,*,#3404,.F.);
#4735=ORIENTED_EDGE('',*,*,#3400,.F.);
#4736=ORIENTED_EDGE('',*,*,#3630,.T.);
#4737=ORIENTED_EDGE('',*,*,#3103,.F.);
#4738=ORIENTED_EDGE('',*,*,#3097,.F.);
#4739=ORIENTED_EDGE('',*,*,#3101,.F.);
#4740=ORIENTED_EDGE('',*,*,#3598,.T.);
#4741=ORIENTED_EDGE('',*,*,#3546,.F.);
#4742=ORIENTED_EDGE('',*,*,#3552,.F.);
#4743=ORIENTED_EDGE('',*,*,#3548,.F.);
#4744=ORIENTED_EDGE('',*,*,#3605,.T.);
#4745=ORIENTED_EDGE('',*,*,#3111,.F.);
#4746=ORIENTED_EDGE('',*,*,#3114,.F.);
#4747=ORIENTED_EDGE('',*,*,#3107,.F.);
#4748=ORIENTED_EDGE('',*,*,#3592,.T.);
#4749=ORIENTED_EDGE('',*,*,#3631,.T.);
#4750=ORIENTED_EDGE('',*,*,#3632,.T.);
#4751=ORIENTED_EDGE('',*,*,#3633,.T.);
#4752=ORIENTED_EDGE('',*,*,#3634,.T.);
#4753=ORIENTED_EDGE('',*,*,#3635,.T.);
#4754=ORIENTED_EDGE('',*,*,#3636,.T.);
#4755=ORIENTED_EDGE('',*,*,#3637,.T.);
#4756=ORIENTED_EDGE('',*,*,#3638,.T.);
#4757=ORIENTED_EDGE('',*,*,#3639,.T.);
#4758=ORIENTED_EDGE('',*,*,#3640,.T.);
#4759=ORIENTED_EDGE('',*,*,#3641,.T.);
#4760=ORIENTED_EDGE('',*,*,#3642,.T.);
#4761=ORIENTED_EDGE('',*,*,#3643,.T.);
#4762=ORIENTED_EDGE('',*,*,#3644,.T.);
#4763=ORIENTED_EDGE('',*,*,#3645,.T.);
#4764=ORIENTED_EDGE('',*,*,#3646,.T.);
#4765=ORIENTED_EDGE('',*,*,#3647,.T.);
#4766=ORIENTED_EDGE('',*,*,#3648,.T.);
#4767=ORIENTED_EDGE('',*,*,#3649,.T.);
#4768=ORIENTED_EDGE('',*,*,#3650,.T.);
#4769=ORIENTED_EDGE('',*,*,#3651,.F.);
#4770=ORIENTED_EDGE('',*,*,#3652,.T.);
#4771=ORIENTED_EDGE('',*,*,#3653,.T.);
#4772=ORIENTED_EDGE('',*,*,#3654,.T.);
#4773=ORIENTED_EDGE('',*,*,#3655,.T.);
#4774=ORIENTED_EDGE('',*,*,#3656,.T.);
#4775=ORIENTED_EDGE('',*,*,#3657,.T.);
#4776=ORIENTED_EDGE('',*,*,#3658,.T.);
#4777=ORIENTED_EDGE('',*,*,#3659,.T.);
#4778=ORIENTED_EDGE('',*,*,#3660,.T.);
#4779=ORIENTED_EDGE('',*,*,#3661,.T.);
#4780=ORIENTED_EDGE('',*,*,#3662,.T.);
#4781=ORIENTED_EDGE('',*,*,#3663,.T.);
#4782=ORIENTED_EDGE('',*,*,#3664,.T.);
#4783=ORIENTED_EDGE('',*,*,#3665,.T.);
#4784=ORIENTED_EDGE('',*,*,#3666,.T.);
#4785=ORIENTED_EDGE('',*,*,#3667,.T.);
#4786=ORIENTED_EDGE('',*,*,#3668,.T.);
#4787=ORIENTED_EDGE('',*,*,#3669,.T.);
#4788=ORIENTED_EDGE('',*,*,#3670,.T.);
#4789=ORIENTED_EDGE('',*,*,#3671,.T.);
#4790=ORIENTED_EDGE('',*,*,#3609,.T.);
#4791=ORIENTED_EDGE('',*,*,#3073,.F.);
#4792=ORIENTED_EDGE('',*,*,#3077,.F.);
#4793=ORIENTED_EDGE('',*,*,#3080,.F.);
#4794=ORIENTED_EDGE('',*,*,#3082,.F.);
#4795=ORIENTED_EDGE('',*,*,#3335,.F.);
#4796=ORIENTED_EDGE('',*,*,#3338,.F.);
#4797=ORIENTED_EDGE('',*,*,#3340,.F.);
#4798=ORIENTED_EDGE('',*,*,#3331,.F.);
#4799=ORIENTED_EDGE('',*,*,#3455,.F.);
#4800=ORIENTED_EDGE('',*,*,#3458,.F.);
#4801=ORIENTED_EDGE('',*,*,#3460,.F.);
#4802=ORIENTED_EDGE('',*,*,#3451,.F.);
#4803=ORIENTED_EDGE('',*,*,#3197,.F.);
#4804=ORIENTED_EDGE('',*,*,#3200,.F.);
#4805=ORIENTED_EDGE('',*,*,#3202,.F.);
#4806=ORIENTED_EDGE('',*,*,#3193,.F.);
#4807=ORIENTED_EDGE('',*,*,#3411,.F.);
#4808=ORIENTED_EDGE('',*,*,#3414,.F.);
#4809=ORIENTED_EDGE('',*,*,#3416,.F.);
#4810=ORIENTED_EDGE('',*,*,#3407,.F.);
#4811=ORIENTED_EDGE('',*,*,#3491,.F.);
#4812=ORIENTED_EDGE('',*,*,#3494,.F.);
#4813=ORIENTED_EDGE('',*,*,#3496,.F.);
#4814=ORIENTED_EDGE('',*,*,#3487,.F.);
#4815=ORIENTED_EDGE('',*,*,#3255,.F.);
#4816=ORIENTED_EDGE('',*,*,#3258,.F.);
#4817=ORIENTED_EDGE('',*,*,#3260,.F.);
#4818=ORIENTED_EDGE('',*,*,#3251,.F.);
#4819=ORIENTED_EDGE('',*,*,#3085,.F.);
#4820=ORIENTED_EDGE('',*,*,#3089,.F.);
#4821=ORIENTED_EDGE('',*,*,#3092,.F.);
#4822=ORIENTED_EDGE('',*,*,#3094,.F.);
#4823=ORIENTED_EDGE('',*,*,#3577,.F.);
#4824=ORIENTED_EDGE('',*,*,#3581,.F.);
#4825=ORIENTED_EDGE('',*,*,#3584,.F.);
#4826=ORIENTED_EDGE('',*,*,#3586,.F.);
#4827=ORIENTED_EDGE('',*,*,#3319,.F.);
#4828=ORIENTED_EDGE('',*,*,#3323,.F.);
#4829=ORIENTED_EDGE('',*,*,#3326,.F.);
#4830=ORIENTED_EDGE('',*,*,#3328,.F.);
#4831=ORIENTED_EDGE('',*,*,#3565,.F.);
#4832=ORIENTED_EDGE('',*,*,#3569,.F.);
#4833=ORIENTED_EDGE('',*,*,#3572,.F.);
#4834=ORIENTED_EDGE('',*,*,#3574,.F.);
#4835=ORIENTED_EDGE('',*,*,#3171,.F.);
#4836=ORIENTED_EDGE('',*,*,#3175,.F.);
#4837=ORIENTED_EDGE('',*,*,#3178,.F.);
#4838=ORIENTED_EDGE('',*,*,#3180,.F.);
#4839=ORIENTED_EDGE('',*,*,#3343,.F.);
#4840=ORIENTED_EDGE('',*,*,#3347,.F.);
#4841=ORIENTED_EDGE('',*,*,#3350,.F.);
#4842=ORIENTED_EDGE('',*,*,#3352,.F.);
#4843=ORIENTED_EDGE('',*,*,#3149,.F.);
#4844=ORIENTED_EDGE('',*,*,#3153,.F.);
#4845=ORIENTED_EDGE('',*,*,#3156,.F.);
#4846=ORIENTED_EDGE('',*,*,#3158,.F.);
#4847=ORIENTED_EDGE('',*,*,#3307,.F.);
#4848=ORIENTED_EDGE('',*,*,#3311,.F.);
#4849=ORIENTED_EDGE('',*,*,#3314,.F.);
#4850=ORIENTED_EDGE('',*,*,#3316,.F.);
#4851=ORIENTED_EDGE('',*,*,#3429,.F.);
#4852=ORIENTED_EDGE('',*,*,#3433,.F.);
#4853=ORIENTED_EDGE('',*,*,#3436,.F.);
#4854=ORIENTED_EDGE('',*,*,#3438,.F.);
#4855=ORIENTED_EDGE('',*,*,#3521,.F.);
#4856=ORIENTED_EDGE('',*,*,#3525,.F.);
#4857=ORIENTED_EDGE('',*,*,#3528,.F.);
#4858=ORIENTED_EDGE('',*,*,#3530,.F.);
#4859=ORIENTED_EDGE('',*,*,#3518,.F.);
#4860=ORIENTED_EDGE('',*,*,#3509,.F.);
#4861=ORIENTED_EDGE('',*,*,#3513,.F.);
#4862=ORIENTED_EDGE('',*,*,#3516,.F.);
#4863=ORIENTED_EDGE('',*,*,#3263,.F.);
#4864=ORIENTED_EDGE('',*,*,#3267,.F.);
#4865=ORIENTED_EDGE('',*,*,#3270,.F.);
#4866=ORIENTED_EDGE('',*,*,#3272,.F.);
#4867=ORIENTED_EDGE('',*,*,#3463,.F.);
#4868=ORIENTED_EDGE('',*,*,#3467,.F.);
#4869=ORIENTED_EDGE('',*,*,#3470,.F.);
#4870=ORIENTED_EDGE('',*,*,#3472,.F.);
#4871=ORIENTED_EDGE('',*,*,#3217,.F.);
#4872=ORIENTED_EDGE('',*,*,#3221,.F.);
#4873=ORIENTED_EDGE('',*,*,#3224,.T.);
#4874=ORIENTED_EDGE('',*,*,#3226,.T.);
#4875=ORIENTED_EDGE('',*,*,#3205,.F.);
#4876=ORIENTED_EDGE('',*,*,#3209,.F.);
#4877=ORIENTED_EDGE('',*,*,#3212,.F.);
#4878=ORIENTED_EDGE('',*,*,#3214,.F.);
#4879=ORIENTED_EDGE('',*,*,#3533,.F.);
#4880=ORIENTED_EDGE('',*,*,#3537,.F.);
#4881=ORIENTED_EDGE('',*,*,#3540,.F.);
#4882=ORIENTED_EDGE('',*,*,#3542,.F.);
#4883=ORIENTED_EDGE('',*,*,#3275,.F.);
#4884=ORIENTED_EDGE('',*,*,#3279,.F.);
#4885=ORIENTED_EDGE('',*,*,#3282,.F.);
#4886=ORIENTED_EDGE('',*,*,#3284,.F.);
#4887=ORIENTED_EDGE('',*,*,#3475,.F.);
#4888=ORIENTED_EDGE('',*,*,#3479,.F.);
#4889=ORIENTED_EDGE('',*,*,#3482,.F.);
#4890=ORIENTED_EDGE('',*,*,#3484,.F.);
#4891=ORIENTED_EDGE('',*,*,#3672,.T.);
#4892=ORIENTED_EDGE('',*,*,#3673,.T.);
#4893=ORIENTED_EDGE('',*,*,#3674,.T.);
#4894=ORIENTED_EDGE('',*,*,#3675,.T.);
#4895=ORIENTED_EDGE('',*,*,#3676,.T.);
#4896=ORIENTED_EDGE('',*,*,#3677,.T.);
#4897=ORIENTED_EDGE('',*,*,#3678,.T.);
#4898=ORIENTED_EDGE('',*,*,#3679,.T.);
#4899=ORIENTED_EDGE('',*,*,#3680,.T.);
#4900=ORIENTED_EDGE('',*,*,#3681,.T.);
#4901=ORIENTED_EDGE('',*,*,#3682,.T.);
#4902=ORIENTED_EDGE('',*,*,#3683,.T.);
#4903=ORIENTED_EDGE('',*,*,#3684,.T.);
#4904=ORIENTED_EDGE('',*,*,#3685,.T.);
#4905=ORIENTED_EDGE('',*,*,#3686,.T.);
#4906=ORIENTED_EDGE('',*,*,#3687,.T.);
#4907=ORIENTED_EDGE('',*,*,#3688,.T.);
#4908=ORIENTED_EDGE('',*,*,#3689,.T.);
#4909=ORIENTED_EDGE('',*,*,#3690,.T.);
#4910=ORIENTED_EDGE('',*,*,#3691,.T.);
#4911=ORIENTED_EDGE('',*,*,#3692,.T.);
#4912=ORIENTED_EDGE('',*,*,#3693,.T.);
#4913=ORIENTED_EDGE('',*,*,#3694,.T.);
#4914=ORIENTED_EDGE('',*,*,#3695,.T.);
#4915=ORIENTED_EDGE('',*,*,#3696,.T.);
#4916=ORIENTED_EDGE('',*,*,#3697,.T.);
#4917=ORIENTED_EDGE('',*,*,#3698,.T.);
#4918=ORIENTED_EDGE('',*,*,#3699,.T.);
#4919=ORIENTED_EDGE('',*,*,#3700,.T.);
#4920=ORIENTED_EDGE('',*,*,#3701,.T.);
#4921=ORIENTED_EDGE('',*,*,#3702,.T.);
#4922=ORIENTED_EDGE('',*,*,#3703,.T.);
#4923=ORIENTED_EDGE('',*,*,#3704,.T.);
#4924=ORIENTED_EDGE('',*,*,#3705,.T.);
#4925=ORIENTED_EDGE('',*,*,#3706,.T.);
#4926=ORIENTED_EDGE('',*,*,#3707,.T.);
#4927=ORIENTED_EDGE('',*,*,#3708,.T.);
#4928=ORIENTED_EDGE('',*,*,#3709,.T.);
#4929=ORIENTED_EDGE('',*,*,#3710,.T.);
#4930=ORIENTED_EDGE('',*,*,#3711,.T.);
#4931=ORIENTED_EDGE('',*,*,#3712,.T.);
#4932=ORIENTED_EDGE('',*,*,#3713,.T.);
#4933=ORIENTED_EDGE('',*,*,#3714,.T.);
#4934=ORIENTED_EDGE('',*,*,#3715,.T.);
#4935=ORIENTED_EDGE('',*,*,#3716,.T.);
#4936=ORIENTED_EDGE('',*,*,#3717,.T.);
#4937=ORIENTED_EDGE('',*,*,#3718,.T.);
#4938=ORIENTED_EDGE('',*,*,#3719,.T.);
#4939=ORIENTED_EDGE('',*,*,#3720,.T.);
#4940=ORIENTED_EDGE('',*,*,#3721,.T.);
#4941=ORIENTED_EDGE('',*,*,#3722,.T.);
#4942=ORIENTED_EDGE('',*,*,#3723,.T.);
#4943=ORIENTED_EDGE('',*,*,#3724,.T.);
#4944=ORIENTED_EDGE('',*,*,#3725,.T.);
#4945=ORIENTED_EDGE('',*,*,#3726,.T.);
#4946=ORIENTED_EDGE('',*,*,#3727,.T.);
#4947=ORIENTED_EDGE('',*,*,#3728,.T.);
#4948=ORIENTED_EDGE('',*,*,#3729,.T.);
#4949=ORIENTED_EDGE('',*,*,#3730,.T.);
#4950=ORIENTED_EDGE('',*,*,#3731,.T.);
#4951=ORIENTED_EDGE('',*,*,#3137,.F.);
#4952=ORIENTED_EDGE('',*,*,#3141,.F.);
#4953=ORIENTED_EDGE('',*,*,#3144,.T.);
#4954=ORIENTED_EDGE('',*,*,#3146,.T.);
#4955=ORIENTED_EDGE('',*,*,#3385,.T.);
#4956=ORIENTED_EDGE('',*,*,#3389,.T.);
#4957=ORIENTED_EDGE('',*,*,#3392,.T.);
#4958=ORIENTED_EDGE('',*,*,#3394,.T.);
#4959=ORIENTED_EDGE('',*,*,#3248,.F.);
#4960=ORIENTED_EDGE('',*,*,#3239,.T.);
#4961=ORIENTED_EDGE('',*,*,#3243,.T.);
#4962=ORIENTED_EDGE('',*,*,#3246,.F.);
#4963=ORIENTED_EDGE('',*,*,#3732,.F.);
#4964=ORIENTED_EDGE('',*,*,#3733,.F.);
#4965=ORIENTED_EDGE('',*,*,#3730,.F.);
#4966=ORIENTED_EDGE('',*,*,#3734,.T.);
#4967=ORIENTED_EDGE('',*,*,#3735,.F.);
#4968=ORIENTED_EDGE('',*,*,#3734,.F.);
#4969=ORIENTED_EDGE('',*,*,#3729,.F.);
#4970=ORIENTED_EDGE('',*,*,#3736,.T.);
#4971=ORIENTED_EDGE('',*,*,#3737,.F.);
#4972=ORIENTED_EDGE('',*,*,#3736,.F.);
#4973=ORIENTED_EDGE('',*,*,#3728,.F.);
#4974=ORIENTED_EDGE('',*,*,#3738,.T.);
#4975=ORIENTED_EDGE('',*,*,#3739,.F.);
#4976=ORIENTED_EDGE('',*,*,#3738,.F.);
#4977=ORIENTED_EDGE('',*,*,#3731,.F.);
#4978=ORIENTED_EDGE('',*,*,#3733,.T.);
#4979=ORIENTED_EDGE('',*,*,#3740,.F.);
#4980=ORIENTED_EDGE('',*,*,#3741,.F.);
#4981=ORIENTED_EDGE('',*,*,#3649,.F.);
#4982=ORIENTED_EDGE('',*,*,#3742,.T.);
#4983=ORIENTED_EDGE('',*,*,#3743,.F.);
#4984=ORIENTED_EDGE('',*,*,#3742,.F.);
#4985=ORIENTED_EDGE('',*,*,#3648,.F.);
#4986=ORIENTED_EDGE('',*,*,#3744,.T.);
#4987=ORIENTED_EDGE('',*,*,#3745,.F.);
#4988=ORIENTED_EDGE('',*,*,#3744,.F.);
#4989=ORIENTED_EDGE('',*,*,#3647,.F.);
#4990=ORIENTED_EDGE('',*,*,#3746,.F.);
#4991=ORIENTED_EDGE('',*,*,#3747,.F.);
#4992=ORIENTED_EDGE('',*,*,#3748,.F.);
#4993=ORIENTED_EDGE('',*,*,#3726,.F.);
#4994=ORIENTED_EDGE('',*,*,#3749,.T.);
#4995=ORIENTED_EDGE('',*,*,#3750,.F.);
#4996=ORIENTED_EDGE('',*,*,#3749,.F.);
#4997=ORIENTED_EDGE('',*,*,#3725,.F.);
#4998=ORIENTED_EDGE('',*,*,#3751,.T.);
#4999=ORIENTED_EDGE('',*,*,#3752,.F.);
#5000=ORIENTED_EDGE('',*,*,#3751,.F.);
#5001=ORIENTED_EDGE('',*,*,#3724,.F.);
#5002=ORIENTED_EDGE('',*,*,#3753,.T.);
#5003=ORIENTED_EDGE('',*,*,#3754,.F.);
#5004=ORIENTED_EDGE('',*,*,#3753,.F.);
#5005=ORIENTED_EDGE('',*,*,#3727,.F.);
#5006=ORIENTED_EDGE('',*,*,#3748,.T.);
#5007=ORIENTED_EDGE('',*,*,#3755,.F.);
#5008=ORIENTED_EDGE('',*,*,#3756,.F.);
#5009=ORIENTED_EDGE('',*,*,#3654,.F.);
#5010=ORIENTED_EDGE('',*,*,#3757,.T.);
#5011=ORIENTED_EDGE('',*,*,#3758,.F.);
#5012=ORIENTED_EDGE('',*,*,#3757,.F.);
#5013=ORIENTED_EDGE('',*,*,#3653,.F.);
#5014=ORIENTED_EDGE('',*,*,#3759,.F.);
#5015=ORIENTED_EDGE('',*,*,#3760,.F.);
#5016=ORIENTED_EDGE('',*,*,#3761,.F.);
#5017=ORIENTED_EDGE('',*,*,#3655,.F.);
#5018=ORIENTED_EDGE('',*,*,#3756,.T.);
#5019=ORIENTED_EDGE('',*,*,#3762,.F.);
#5020=ORIENTED_EDGE('',*,*,#3763,.F.);
#5021=ORIENTED_EDGE('',*,*,#3722,.F.);
#5022=ORIENTED_EDGE('',*,*,#3764,.T.);
#5023=ORIENTED_EDGE('',*,*,#3765,.F.);
#5024=ORIENTED_EDGE('',*,*,#3764,.F.);
#5025=ORIENTED_EDGE('',*,*,#3721,.F.);
#5026=ORIENTED_EDGE('',*,*,#3766,.T.);
#5027=ORIENTED_EDGE('',*,*,#3767,.F.);
#5028=ORIENTED_EDGE('',*,*,#3766,.F.);
#5029=ORIENTED_EDGE('',*,*,#3720,.F.);
#5030=ORIENTED_EDGE('',*,*,#3768,.T.);
#5031=ORIENTED_EDGE('',*,*,#3769,.F.);
#5032=ORIENTED_EDGE('',*,*,#3768,.F.);
#5033=ORIENTED_EDGE('',*,*,#3723,.F.);
#5034=ORIENTED_EDGE('',*,*,#3763,.T.);
#5035=ORIENTED_EDGE('',*,*,#3770,.F.);
#5036=ORIENTED_EDGE('',*,*,#3771,.F.);
#5037=ORIENTED_EDGE('',*,*,#3718,.F.);
#5038=ORIENTED_EDGE('',*,*,#3772,.T.);
#5039=ORIENTED_EDGE('',*,*,#3773,.F.);
#5040=ORIENTED_EDGE('',*,*,#3772,.F.);
#5041=ORIENTED_EDGE('',*,*,#3717,.F.);
#5042=ORIENTED_EDGE('',*,*,#3774,.T.);
#5043=ORIENTED_EDGE('',*,*,#3775,.F.);
#5044=ORIENTED_EDGE('',*,*,#3774,.F.);
#5045=ORIENTED_EDGE('',*,*,#3716,.F.);
#5046=ORIENTED_EDGE('',*,*,#3776,.T.);
#5047=ORIENTED_EDGE('',*,*,#3777,.F.);
#5048=ORIENTED_EDGE('',*,*,#3776,.F.);
#5049=ORIENTED_EDGE('',*,*,#3719,.F.);
#5050=ORIENTED_EDGE('',*,*,#3771,.T.);
#5051=ORIENTED_EDGE('',*,*,#3741,.T.);
#5052=ORIENTED_EDGE('',*,*,#3778,.F.);
#5053=ORIENTED_EDGE('',*,*,#3779,.F.);
#5054=ORIENTED_EDGE('',*,*,#3650,.F.);
#5055=ORIENTED_EDGE('',*,*,#3759,.T.);
#5056=ORIENTED_EDGE('',*,*,#3652,.F.);
#5057=ORIENTED_EDGE('',*,*,#3780,.F.);
#5058=ORIENTED_EDGE('',*,*,#3781,.F.);
#5059=ORIENTED_EDGE('',*,*,#3761,.T.);
#5060=ORIENTED_EDGE('',*,*,#3782,.F.);
#5061=ORIENTED_EDGE('',*,*,#3783,.F.);
#5062=ORIENTED_EDGE('',*,*,#3656,.F.);
#5063=ORIENTED_EDGE('',*,*,#3783,.T.);
#5064=ORIENTED_EDGE('',*,*,#3784,.F.);
#5065=ORIENTED_EDGE('',*,*,#3785,.F.);
#5066=ORIENTED_EDGE('',*,*,#3657,.F.);
#5067=ORIENTED_EDGE('',*,*,#3746,.T.);
#5068=ORIENTED_EDGE('',*,*,#3646,.F.);
#5069=ORIENTED_EDGE('',*,*,#3786,.F.);
#5070=ORIENTED_EDGE('',*,*,#3787,.F.);
#5071=ORIENTED_EDGE('',*,*,#3102,.T.);
#5072=ORIENTED_EDGE('',*,*,#3788,.T.);
#5073=ORIENTED_EDGE('',*,*,#3402,.T.);
#5074=ORIENTED_EDGE('',*,*,#3403,.T.);
#5075=ORIENTED_EDGE('',*,*,#3396,.T.);
#5076=ORIENTED_EDGE('',*,*,#3594,.T.);
#5077=ORIENTED_EDGE('',*,*,#3446,.T.);
#5078=ORIENTED_EDGE('',*,*,#3447,.T.);
#5079=ORIENTED_EDGE('',*,*,#3440,.T.);
#5080=ORIENTED_EDGE('',*,*,#3601,.T.);
#5081=ORIENTED_EDGE('',*,*,#3188,.T.);
#5082=ORIENTED_EDGE('',*,*,#3189,.T.);
#5083=ORIENTED_EDGE('',*,*,#3182,.T.);
#5084=ORIENTED_EDGE('',*,*,#3603,.T.);
#5085=ORIENTED_EDGE('',*,*,#3166,.T.);
#5086=ORIENTED_EDGE('',*,*,#3167,.T.);
#5087=ORIENTED_EDGE('',*,*,#3160,.T.);
#5088=ORIENTED_EDGE('',*,*,#3596,.T.);
#5089=ORIENTED_EDGE('',*,*,#3426,.T.);
#5090=ORIENTED_EDGE('',*,*,#3421,.T.);
#5091=ORIENTED_EDGE('',*,*,#3418,.T.);
#5092=ORIENTED_EDGE('',*,*,#3599,.T.);
#5093=ORIENTED_EDGE('',*,*,#3231,.T.);
#5094=ORIENTED_EDGE('',*,*,#3227,.T.);
#5095=ORIENTED_EDGE('',*,*,#3234,.T.);
#5096=ORIENTED_EDGE('',*,*,#3589,.T.);
#5097=ORIENTED_EDGE('',*,*,#3789,.F.);
#5098=ORIENTED_EDGE('',*,*,#3614,.T.);
#5099=ORIENTED_EDGE('',*,*,#3304,.T.);
#5100=ORIENTED_EDGE('',*,*,#3299,.T.);
#5101=ORIENTED_EDGE('',*,*,#3296,.T.);
#5102=ORIENTED_EDGE('',*,*,#3625,.T.);
#5103=ORIENTED_EDGE('',*,*,#3124,.T.);
#5104=ORIENTED_EDGE('',*,*,#3119,.T.);
#5105=ORIENTED_EDGE('',*,*,#3116,.T.);
#5106=ORIENTED_EDGE('',*,*,#3628,.T.);
#5107=ORIENTED_EDGE('',*,*,#3382,.T.);
#5108=ORIENTED_EDGE('',*,*,#3377,.T.);
#5109=ORIENTED_EDGE('',*,*,#3374,.T.);
#5110=ORIENTED_EDGE('',*,*,#3621,.T.);
#5111=ORIENTED_EDGE('',*,*,#3134,.T.);
#5112=ORIENTED_EDGE('',*,*,#3129,.T.);
#5113=ORIENTED_EDGE('',*,*,#3126,.T.);
#5114=ORIENTED_EDGE('',*,*,#3624,.T.);
#5115=ORIENTED_EDGE('',*,*,#3506,.T.);
#5116=ORIENTED_EDGE('',*,*,#3501,.T.);
#5117=ORIENTED_EDGE('',*,*,#3498,.T.);
#5118=ORIENTED_EDGE('',*,*,#3608,.T.);
#5119=ORIENTED_EDGE('',*,*,#3562,.T.);
#5120=ORIENTED_EDGE('',*,*,#3557,.T.);
#5121=ORIENTED_EDGE('',*,*,#3554,.T.);
#5122=ORIENTED_EDGE('',*,*,#3612,.T.);
#5123=ORIENTED_EDGE('',*,*,#3362,.T.);
#5124=ORIENTED_EDGE('',*,*,#3357,.T.);
#5125=ORIENTED_EDGE('',*,*,#3354,.T.);
#5126=ORIENTED_EDGE('',*,*,#3617,.T.);
#5127=ORIENTED_EDGE('',*,*,#3294,.T.);
#5128=ORIENTED_EDGE('',*,*,#3289,.T.);
#5129=ORIENTED_EDGE('',*,*,#3286,.T.);
#5130=ORIENTED_EDGE('',*,*,#3620,.T.);
#5131=ORIENTED_EDGE('',*,*,#3372,.T.);
#5132=ORIENTED_EDGE('',*,*,#3367,.T.);
#5133=ORIENTED_EDGE('',*,*,#3364,.T.);
#5134=ORIENTED_EDGE('',*,*,#3611,.T.);
#5135=ORIENTED_EDGE('',*,*,#3790,.T.);
#5136=ORIENTED_EDGE('',*,*,#3791,.T.);
#5137=ORIENTED_EDGE('',*,*,#3792,.T.);
#5138=ORIENTED_EDGE('',*,*,#3793,.T.);
#5139=ORIENTED_EDGE('',*,*,#3794,.T.);
#5140=ORIENTED_EDGE('',*,*,#3795,.T.);
#5141=ORIENTED_EDGE('',*,*,#3796,.T.);
#5142=ORIENTED_EDGE('',*,*,#3797,.T.);
#5143=ORIENTED_EDGE('',*,*,#3798,.T.);
#5144=ORIENTED_EDGE('',*,*,#3799,.T.);
#5145=ORIENTED_EDGE('',*,*,#3800,.T.);
#5146=ORIENTED_EDGE('',*,*,#3801,.T.);
#5147=ORIENTED_EDGE('',*,*,#3802,.T.);
#5148=ORIENTED_EDGE('',*,*,#3803,.T.);
#5149=ORIENTED_EDGE('',*,*,#3784,.T.);
#5150=ORIENTED_EDGE('',*,*,#3782,.T.);
#5151=ORIENTED_EDGE('',*,*,#3760,.T.);
#5152=ORIENTED_EDGE('',*,*,#3755,.T.);
#5153=ORIENTED_EDGE('',*,*,#3758,.T.);
#5154=ORIENTED_EDGE('',*,*,#3781,.T.);
#5155=ORIENTED_EDGE('',*,*,#3804,.F.);
#5156=ORIENTED_EDGE('',*,*,#3778,.T.);
#5157=ORIENTED_EDGE('',*,*,#3740,.T.);
#5158=ORIENTED_EDGE('',*,*,#3743,.T.);
#5159=ORIENTED_EDGE('',*,*,#3745,.T.);
#5160=ORIENTED_EDGE('',*,*,#3787,.T.);
#5161=ORIENTED_EDGE('',*,*,#3805,.T.);
#5162=ORIENTED_EDGE('',*,*,#3806,.T.);
#5163=ORIENTED_EDGE('',*,*,#3807,.T.);
#5164=ORIENTED_EDGE('',*,*,#3808,.T.);
#5165=ORIENTED_EDGE('',*,*,#3809,.T.);
#5166=ORIENTED_EDGE('',*,*,#3810,.T.);
#5167=ORIENTED_EDGE('',*,*,#3811,.T.);
#5168=ORIENTED_EDGE('',*,*,#3812,.T.);
#5169=ORIENTED_EDGE('',*,*,#3813,.T.);
#5170=ORIENTED_EDGE('',*,*,#3814,.T.);
#5171=ORIENTED_EDGE('',*,*,#3815,.T.);
#5172=ORIENTED_EDGE('',*,*,#3816,.T.);
#5173=ORIENTED_EDGE('',*,*,#3817,.T.);
#5174=ORIENTED_EDGE('',*,*,#3818,.T.);
#5175=ORIENTED_EDGE('',*,*,#3819,.T.);
#5176=ORIENTED_EDGE('',*,*,#3590,.T.);
#5177=ORIENTED_EDGE('',*,*,#3105,.T.);
#5178=ORIENTED_EDGE('',*,*,#3113,.T.);
#5179=ORIENTED_EDGE('',*,*,#3109,.T.);
#5180=ORIENTED_EDGE('',*,*,#3606,.T.);
#5181=ORIENTED_EDGE('',*,*,#3550,.T.);
#5182=ORIENTED_EDGE('',*,*,#3551,.T.);
#5183=ORIENTED_EDGE('',*,*,#3544,.T.);
#5184=ORIENTED_EDGE('',*,*,#3597,.T.);
#5185=ORIENTED_EDGE('',*,*,#3099,.T.);
#5186=ORIENTED_EDGE('',*,*,#3095,.T.);
#5187=ORIENTED_EDGE('',*,*,#3071,.T.);
#5188=ORIENTED_EDGE('',*,*,#3081,.T.);
#5189=ORIENTED_EDGE('',*,*,#3078,.T.);
#5190=ORIENTED_EDGE('',*,*,#3075,.T.);
#5191=ORIENTED_EDGE('',*,*,#3083,.T.);
#5192=ORIENTED_EDGE('',*,*,#3093,.T.);
#5193=ORIENTED_EDGE('',*,*,#3090,.T.);
#5194=ORIENTED_EDGE('',*,*,#3087,.T.);
#5195=ORIENTED_EDGE('',*,*,#3135,.T.);
#5196=ORIENTED_EDGE('',*,*,#3145,.T.);
#5197=ORIENTED_EDGE('',*,*,#3142,.T.);
#5198=ORIENTED_EDGE('',*,*,#3139,.T.);
#5199=ORIENTED_EDGE('',*,*,#3147,.T.);
#5200=ORIENTED_EDGE('',*,*,#3157,.T.);
#5201=ORIENTED_EDGE('',*,*,#3154,.T.);
#5202=ORIENTED_EDGE('',*,*,#3151,.T.);
#5203=ORIENTED_EDGE('',*,*,#3169,.T.);
#5204=ORIENTED_EDGE('',*,*,#3179,.T.);
#5205=ORIENTED_EDGE('',*,*,#3176,.T.);
#5206=ORIENTED_EDGE('',*,*,#3173,.T.);
#5207=ORIENTED_EDGE('',*,*,#3191,.T.);
#5208=ORIENTED_EDGE('',*,*,#3201,.T.);
#5209=ORIENTED_EDGE('',*,*,#3198,.T.);
#5210=ORIENTED_EDGE('',*,*,#3195,.T.);
#5211=ORIENTED_EDGE('',*,*,#3203,.T.);
#5212=ORIENTED_EDGE('',*,*,#3213,.T.);
#5213=ORIENTED_EDGE('',*,*,#3210,.T.);
#5214=ORIENTED_EDGE('',*,*,#3207,.T.);
#5215=ORIENTED_EDGE('',*,*,#3215,.T.);
#5216=ORIENTED_EDGE('',*,*,#3225,.T.);
#5217=ORIENTED_EDGE('',*,*,#3222,.T.);
#5218=ORIENTED_EDGE('',*,*,#3219,.T.);
#5219=ORIENTED_EDGE('',*,*,#3237,.T.);
#5220=ORIENTED_EDGE('',*,*,#3247,.T.);
#5221=ORIENTED_EDGE('',*,*,#3244,.T.);
#5222=ORIENTED_EDGE('',*,*,#3241,.T.);
#5223=ORIENTED_EDGE('',*,*,#3249,.T.);
#5224=ORIENTED_EDGE('',*,*,#3259,.T.);
#5225=ORIENTED_EDGE('',*,*,#3256,.T.);
#5226=ORIENTED_EDGE('',*,*,#3253,.T.);
#5227=ORIENTED_EDGE('',*,*,#3261,.T.);
#5228=ORIENTED_EDGE('',*,*,#3271,.T.);
#5229=ORIENTED_EDGE('',*,*,#3268,.T.);
#5230=ORIENTED_EDGE('',*,*,#3265,.T.);
#5231=ORIENTED_EDGE('',*,*,#3273,.T.);
#5232=ORIENTED_EDGE('',*,*,#3283,.T.);
#5233=ORIENTED_EDGE('',*,*,#3280,.T.);
#5234=ORIENTED_EDGE('',*,*,#3277,.T.);
#5235=ORIENTED_EDGE('',*,*,#3305,.T.);
#5236=ORIENTED_EDGE('',*,*,#3315,.T.);
#5237=ORIENTED_EDGE('',*,*,#3312,.T.);
#5238=ORIENTED_EDGE('',*,*,#3309,.T.);
#5239=ORIENTED_EDGE('',*,*,#3317,.T.);
#5240=ORIENTED_EDGE('',*,*,#3327,.T.);
#5241=ORIENTED_EDGE('',*,*,#3324,.T.);
#5242=ORIENTED_EDGE('',*,*,#3321,.T.);
#5243=ORIENTED_EDGE('',*,*,#3329,.T.);
#5244=ORIENTED_EDGE('',*,*,#3339,.T.);
#5245=ORIENTED_EDGE('',*,*,#3336,.T.);
#5246=ORIENTED_EDGE('',*,*,#3333,.T.);
#5247=ORIENTED_EDGE('',*,*,#3341,.T.);
#5248=ORIENTED_EDGE('',*,*,#3351,.T.);
#5249=ORIENTED_EDGE('',*,*,#3348,.T.);
#5250=ORIENTED_EDGE('',*,*,#3345,.T.);
#5251=ORIENTED_EDGE('',*,*,#3383,.T.);
#5252=ORIENTED_EDGE('',*,*,#3393,.T.);
#5253=ORIENTED_EDGE('',*,*,#3390,.T.);
#5254=ORIENTED_EDGE('',*,*,#3387,.T.);
#5255=ORIENTED_EDGE('',*,*,#3405,.T.);
#5256=ORIENTED_EDGE('',*,*,#3415,.T.);
#5257=ORIENTED_EDGE('',*,*,#3412,.T.);
#5258=ORIENTED_EDGE('',*,*,#3409,.T.);
#5259=ORIENTED_EDGE('',*,*,#3427,.T.);
#5260=ORIENTED_EDGE('',*,*,#3437,.T.);
#5261=ORIENTED_EDGE('',*,*,#3434,.T.);
#5262=ORIENTED_EDGE('',*,*,#3431,.T.);
#5263=ORIENTED_EDGE('',*,*,#3449,.T.);
#5264=ORIENTED_EDGE('',*,*,#3459,.T.);
#5265=ORIENTED_EDGE('',*,*,#3456,.T.);
#5266=ORIENTED_EDGE('',*,*,#3453,.T.);
#5267=ORIENTED_EDGE('',*,*,#3461,.T.);
#5268=ORIENTED_EDGE('',*,*,#3471,.T.);
#5269=ORIENTED_EDGE('',*,*,#3468,.T.);
#5270=ORIENTED_EDGE('',*,*,#3465,.T.);
#5271=ORIENTED_EDGE('',*,*,#3473,.T.);
#5272=ORIENTED_EDGE('',*,*,#3483,.T.);
#5273=ORIENTED_EDGE('',*,*,#3480,.T.);
#5274=ORIENTED_EDGE('',*,*,#3477,.T.);
#5275=ORIENTED_EDGE('',*,*,#3485,.T.);
#5276=ORIENTED_EDGE('',*,*,#3495,.T.);
#5277=ORIENTED_EDGE('',*,*,#3492,.T.);
#5278=ORIENTED_EDGE('',*,*,#3489,.T.);
#5279=ORIENTED_EDGE('',*,*,#3507,.T.);
#5280=ORIENTED_EDGE('',*,*,#3517,.T.);
#5281=ORIENTED_EDGE('',*,*,#3514,.T.);
#5282=ORIENTED_EDGE('',*,*,#3511,.T.);
#5283=ORIENTED_EDGE('',*,*,#3519,.T.);
#5284=ORIENTED_EDGE('',*,*,#3529,.T.);
#5285=ORIENTED_EDGE('',*,*,#3526,.T.);
#5286=ORIENTED_EDGE('',*,*,#3523,.T.);
#5287=ORIENTED_EDGE('',*,*,#3531,.T.);
#5288=ORIENTED_EDGE('',*,*,#3541,.T.);
#5289=ORIENTED_EDGE('',*,*,#3538,.T.);
#5290=ORIENTED_EDGE('',*,*,#3535,.T.);
#5291=ORIENTED_EDGE('',*,*,#3563,.T.);
#5292=ORIENTED_EDGE('',*,*,#3573,.T.);
#5293=ORIENTED_EDGE('',*,*,#3570,.T.);
#5294=ORIENTED_EDGE('',*,*,#3567,.T.);
#5295=ORIENTED_EDGE('',*,*,#3575,.T.);
#5296=ORIENTED_EDGE('',*,*,#3585,.T.);
#5297=ORIENTED_EDGE('',*,*,#3582,.T.);
#5298=ORIENTED_EDGE('',*,*,#3579,.T.);
#5299=ORIENTED_EDGE('',*,*,#3737,.T.);
#5300=ORIENTED_EDGE('',*,*,#3739,.T.);
#5301=ORIENTED_EDGE('',*,*,#3732,.T.);
#5302=ORIENTED_EDGE('',*,*,#3735,.T.);
#5303=ORIENTED_EDGE('',*,*,#3752,.T.);
#5304=ORIENTED_EDGE('',*,*,#3754,.T.);
#5305=ORIENTED_EDGE('',*,*,#3747,.T.);
#5306=ORIENTED_EDGE('',*,*,#3750,.T.);
#5307=ORIENTED_EDGE('',*,*,#3767,.T.);
#5308=ORIENTED_EDGE('',*,*,#3769,.T.);
#5309=ORIENTED_EDGE('',*,*,#3762,.T.);
#5310=ORIENTED_EDGE('',*,*,#3765,.T.);
#5311=ORIENTED_EDGE('',*,*,#3775,.T.);
#5312=ORIENTED_EDGE('',*,*,#3777,.T.);
#5313=ORIENTED_EDGE('',*,*,#3770,.T.);
#5314=ORIENTED_EDGE('',*,*,#3773,.T.);
#5315=ORIENTED_EDGE('',*,*,#3820,.T.);
#5316=ORIENTED_EDGE('',*,*,#3821,.T.);
#5317=ORIENTED_EDGE('',*,*,#3822,.T.);
#5318=ORIENTED_EDGE('',*,*,#3823,.T.);
#5319=ORIENTED_EDGE('',*,*,#3824,.T.);
#5320=ORIENTED_EDGE('',*,*,#3825,.T.);
#5321=ORIENTED_EDGE('',*,*,#3826,.T.);
#5322=ORIENTED_EDGE('',*,*,#3827,.T.);
#5323=ORIENTED_EDGE('',*,*,#3828,.T.);
#5324=ORIENTED_EDGE('',*,*,#3829,.T.);
#5325=ORIENTED_EDGE('',*,*,#3830,.T.);
#5326=ORIENTED_EDGE('',*,*,#3831,.T.);
#5327=ORIENTED_EDGE('',*,*,#3832,.T.);
#5328=ORIENTED_EDGE('',*,*,#3833,.T.);
#5329=ORIENTED_EDGE('',*,*,#3834,.T.);
#5330=ORIENTED_EDGE('',*,*,#3835,.T.);
#5331=ORIENTED_EDGE('',*,*,#3836,.T.);
#5332=ORIENTED_EDGE('',*,*,#3837,.T.);
#5333=ORIENTED_EDGE('',*,*,#3838,.T.);
#5334=ORIENTED_EDGE('',*,*,#3839,.T.);
#5335=ORIENTED_EDGE('',*,*,#3840,.T.);
#5336=ORIENTED_EDGE('',*,*,#3841,.T.);
#5337=ORIENTED_EDGE('',*,*,#3842,.T.);
#5338=ORIENTED_EDGE('',*,*,#3843,.T.);
#5339=ORIENTED_EDGE('',*,*,#3844,.T.);
#5340=ORIENTED_EDGE('',*,*,#3845,.T.);
#5341=ORIENTED_EDGE('',*,*,#3846,.T.);
#5342=ORIENTED_EDGE('',*,*,#3847,.T.);
#5343=ORIENTED_EDGE('',*,*,#3848,.T.);
#5344=ORIENTED_EDGE('',*,*,#3849,.T.);
#5345=ORIENTED_EDGE('',*,*,#3850,.T.);
#5346=ORIENTED_EDGE('',*,*,#3851,.T.);
#5347=ORIENTED_EDGE('',*,*,#3852,.T.);
#5348=ORIENTED_EDGE('',*,*,#3853,.T.);
#5349=ORIENTED_EDGE('',*,*,#3854,.T.);
#5350=ORIENTED_EDGE('',*,*,#3855,.T.);
#5351=ORIENTED_EDGE('',*,*,#3856,.T.);
#5352=ORIENTED_EDGE('',*,*,#3857,.T.);
#5353=ORIENTED_EDGE('',*,*,#3858,.T.);
#5354=ORIENTED_EDGE('',*,*,#3859,.T.);
#5355=ORIENTED_EDGE('',*,*,#3860,.T.);
#5356=ORIENTED_EDGE('',*,*,#3861,.T.);
#5357=ORIENTED_EDGE('',*,*,#3862,.T.);
#5358=ORIENTED_EDGE('',*,*,#3863,.T.);
#5359=ORIENTED_EDGE('',*,*,#3786,.T.);
#5360=ORIENTED_EDGE('',*,*,#3645,.F.);
#5361=ORIENTED_EDGE('',*,*,#3864,.T.);
#5362=ORIENTED_EDGE('',*,*,#3805,.F.);
#5363=ORIENTED_EDGE('',*,*,#3610,.T.);
#5364=ORIENTED_EDGE('',*,*,#3671,.F.);
#5365=ORIENTED_EDGE('',*,*,#3865,.T.);
#5366=ORIENTED_EDGE('',*,*,#3790,.F.);
#5367=ORIENTED_EDGE('',*,*,#3615,.T.);
#5368=ORIENTED_EDGE('',*,*,#3789,.T.);
#5369=ORIENTED_EDGE('',*,*,#3588,.T.);
#5370=ORIENTED_EDGE('',*,*,#3629,.T.);
#5371=ORIENTED_EDGE('',*,*,#3780,.T.);
#5372=ORIENTED_EDGE('',*,*,#3651,.T.);
#5373=ORIENTED_EDGE('',*,*,#3779,.T.);
#5374=ORIENTED_EDGE('',*,*,#3804,.T.);
#5375=ORIENTED_EDGE('',*,*,#3866,.F.);
#5376=ORIENTED_EDGE('',*,*,#3714,.F.);
#5377=ORIENTED_EDGE('',*,*,#3867,.T.);
#5378=ORIENTED_EDGE('',*,*,#3862,.F.);
#5379=ORIENTED_EDGE('',*,*,#3867,.F.);
#5380=ORIENTED_EDGE('',*,*,#3713,.F.);
#5381=ORIENTED_EDGE('',*,*,#3868,.T.);
#5382=ORIENTED_EDGE('',*,*,#3863,.F.);
#5383=ORIENTED_EDGE('',*,*,#3868,.F.);
#5384=ORIENTED_EDGE('',*,*,#3712,.F.);
#5385=ORIENTED_EDGE('',*,*,#3869,.T.);
#5386=ORIENTED_EDGE('',*,*,#3860,.F.);
#5387=ORIENTED_EDGE('',*,*,#3869,.F.);
#5388=ORIENTED_EDGE('',*,*,#3715,.F.);
#5389=ORIENTED_EDGE('',*,*,#3866,.T.);
#5390=ORIENTED_EDGE('',*,*,#3861,.F.);
#5391=ORIENTED_EDGE('',*,*,#3865,.F.);
#5392=ORIENTED_EDGE('',*,*,#3670,.F.);
#5393=ORIENTED_EDGE('',*,*,#3870,.T.);
#5394=ORIENTED_EDGE('',*,*,#3791,.F.);
#5395=ORIENTED_EDGE('',*,*,#3870,.F.);
#5396=ORIENTED_EDGE('',*,*,#3669,.F.);
#5397=ORIENTED_EDGE('',*,*,#3871,.F.);
#5398=ORIENTED_EDGE('',*,*,#3792,.F.);
#5399=ORIENTED_EDGE('',*,*,#3872,.F.);
#5400=ORIENTED_EDGE('',*,*,#3667,.F.);
#5401=ORIENTED_EDGE('',*,*,#3873,.T.);
#5402=ORIENTED_EDGE('',*,*,#3794,.F.);
#5403=ORIENTED_EDGE('',*,*,#3873,.F.);
#5404=ORIENTED_EDGE('',*,*,#3666,.F.);
#5405=ORIENTED_EDGE('',*,*,#3874,.T.);
#5406=ORIENTED_EDGE('',*,*,#3795,.F.);
#5407=ORIENTED_EDGE('',*,*,#3874,.F.);
#5408=ORIENTED_EDGE('',*,*,#3665,.F.);
#5409=ORIENTED_EDGE('',*,*,#3875,.F.);
#5410=ORIENTED_EDGE('',*,*,#3796,.F.);
#5411=ORIENTED_EDGE('',*,*,#3876,.F.);
#5412=ORIENTED_EDGE('',*,*,#3710,.F.);
#5413=ORIENTED_EDGE('',*,*,#3877,.T.);
#5414=ORIENTED_EDGE('',*,*,#3858,.F.);
#5415=ORIENTED_EDGE('',*,*,#3877,.F.);
#5416=ORIENTED_EDGE('',*,*,#3709,.F.);
#5417=ORIENTED_EDGE('',*,*,#3878,.T.);
#5418=ORIENTED_EDGE('',*,*,#3859,.F.);
#5419=ORIENTED_EDGE('',*,*,#3878,.F.);
#5420=ORIENTED_EDGE('',*,*,#3708,.F.);
#5421=ORIENTED_EDGE('',*,*,#3879,.T.);
#5422=ORIENTED_EDGE('',*,*,#3856,.F.);
#5423=ORIENTED_EDGE('',*,*,#3879,.F.);
#5424=ORIENTED_EDGE('',*,*,#3711,.F.);
#5425=ORIENTED_EDGE('',*,*,#3876,.T.);
#5426=ORIENTED_EDGE('',*,*,#3857,.F.);
#5427=ORIENTED_EDGE('',*,*,#3880,.F.);
#5428=ORIENTED_EDGE('',*,*,#3706,.F.);
#5429=ORIENTED_EDGE('',*,*,#3881,.T.);
#5430=ORIENTED_EDGE('',*,*,#3854,.F.);
#5431=ORIENTED_EDGE('',*,*,#3881,.F.);
#5432=ORIENTED_EDGE('',*,*,#3705,.F.);
#5433=ORIENTED_EDGE('',*,*,#3882,.T.);
#5434=ORIENTED_EDGE('',*,*,#3855,.F.);
#5435=ORIENTED_EDGE('',*,*,#3882,.F.);
#5436=ORIENTED_EDGE('',*,*,#3704,.F.);
#5437=ORIENTED_EDGE('',*,*,#3883,.T.);
#5438=ORIENTED_EDGE('',*,*,#3852,.F.);
#5439=ORIENTED_EDGE('',*,*,#3883,.F.);
#5440=ORIENTED_EDGE('',*,*,#3707,.F.);
#5441=ORIENTED_EDGE('',*,*,#3880,.T.);
#5442=ORIENTED_EDGE('',*,*,#3853,.F.);
#5443=ORIENTED_EDGE('',*,*,#3884,.F.);
#5444=ORIENTED_EDGE('',*,*,#3702,.F.);
#5445=ORIENTED_EDGE('',*,*,#3885,.T.);
#5446=ORIENTED_EDGE('',*,*,#3850,.F.);
#5447=ORIENTED_EDGE('',*,*,#3885,.F.);
#5448=ORIENTED_EDGE('',*,*,#3701,.F.);
#5449=ORIENTED_EDGE('',*,*,#3886,.T.);
#5450=ORIENTED_EDGE('',*,*,#3851,.F.);
#5451=ORIENTED_EDGE('',*,*,#3886,.F.);
#5452=ORIENTED_EDGE('',*,*,#3700,.F.);
#5453=ORIENTED_EDGE('',*,*,#3887,.T.);
#5454=ORIENTED_EDGE('',*,*,#3848,.F.);
#5455=ORIENTED_EDGE('',*,*,#3887,.F.);
#5456=ORIENTED_EDGE('',*,*,#3703,.F.);
#5457=ORIENTED_EDGE('',*,*,#3884,.T.);
#5458=ORIENTED_EDGE('',*,*,#3849,.F.);
#5459=ORIENTED_EDGE('',*,*,#3888,.F.);
#5460=ORIENTED_EDGE('',*,*,#3633,.F.);
#5461=ORIENTED_EDGE('',*,*,#3889,.T.);
#5462=ORIENTED_EDGE('',*,*,#3817,.F.);
#5463=ORIENTED_EDGE('',*,*,#3889,.F.);
#5464=ORIENTED_EDGE('',*,*,#3632,.F.);
#5465=ORIENTED_EDGE('',*,*,#3890,.T.);
#5466=ORIENTED_EDGE('',*,*,#3818,.F.);
#5467=ORIENTED_EDGE('',*,*,#3591,.F.);
#5468=ORIENTED_EDGE('',*,*,#3819,.F.);
#5469=ORIENTED_EDGE('',*,*,#3890,.F.);
#5470=ORIENTED_EDGE('',*,*,#3631,.F.);
#5471=ORIENTED_EDGE('',*,*,#3891,.F.);
#5472=ORIENTED_EDGE('',*,*,#3659,.F.);
#5473=ORIENTED_EDGE('',*,*,#3892,.T.);
#5474=ORIENTED_EDGE('',*,*,#3802,.F.);
#5475=ORIENTED_EDGE('',*,*,#3892,.F.);
#5476=ORIENTED_EDGE('',*,*,#3658,.F.);
#5477=ORIENTED_EDGE('',*,*,#3785,.T.);
#5478=ORIENTED_EDGE('',*,*,#3803,.F.);
#5479=ORIENTED_EDGE('',*,*,#3893,.F.);
#5480=ORIENTED_EDGE('',*,*,#3698,.F.);
#5481=ORIENTED_EDGE('',*,*,#3894,.T.);
#5482=ORIENTED_EDGE('',*,*,#3846,.F.);
#5483=ORIENTED_EDGE('',*,*,#3894,.F.);
#5484=ORIENTED_EDGE('',*,*,#3697,.F.);
#5485=ORIENTED_EDGE('',*,*,#3895,.T.);
#5486=ORIENTED_EDGE('',*,*,#3847,.F.);
#5487=ORIENTED_EDGE('',*,*,#3895,.F.);
#5488=ORIENTED_EDGE('',*,*,#3696,.F.);
#5489=ORIENTED_EDGE('',*,*,#3896,.T.);
#5490=ORIENTED_EDGE('',*,*,#3844,.F.);
#5491=ORIENTED_EDGE('',*,*,#3896,.F.);
#5492=ORIENTED_EDGE('',*,*,#3699,.F.);
#5493=ORIENTED_EDGE('',*,*,#3893,.T.);
#5494=ORIENTED_EDGE('',*,*,#3845,.F.);
#5495=ORIENTED_EDGE('',*,*,#3897,.F.);
#5496=ORIENTED_EDGE('',*,*,#3694,.F.);
#5497=ORIENTED_EDGE('',*,*,#3898,.T.);
#5498=ORIENTED_EDGE('',*,*,#3842,.F.);
#5499=ORIENTED_EDGE('',*,*,#3898,.F.);
#5500=ORIENTED_EDGE('',*,*,#3693,.F.);
#5501=ORIENTED_EDGE('',*,*,#3899,.T.);
#5502=ORIENTED_EDGE('',*,*,#3843,.F.);
#5503=ORIENTED_EDGE('',*,*,#3899,.F.);
#5504=ORIENTED_EDGE('',*,*,#3692,.F.);
#5505=ORIENTED_EDGE('',*,*,#3900,.T.);
#5506=ORIENTED_EDGE('',*,*,#3840,.F.);
#5507=ORIENTED_EDGE('',*,*,#3900,.F.);
#5508=ORIENTED_EDGE('',*,*,#3695,.F.);
#5509=ORIENTED_EDGE('',*,*,#3897,.T.);
#5510=ORIENTED_EDGE('',*,*,#3841,.F.);
#5511=ORIENTED_EDGE('',*,*,#3864,.F.);
#5512=ORIENTED_EDGE('',*,*,#3644,.F.);
#5513=ORIENTED_EDGE('',*,*,#3901,.T.);
#5514=ORIENTED_EDGE('',*,*,#3806,.F.);
#5515=ORIENTED_EDGE('',*,*,#3902,.F.);
#5516=ORIENTED_EDGE('',*,*,#3807,.F.);
#5517=ORIENTED_EDGE('',*,*,#3901,.F.);
#5518=ORIENTED_EDGE('',*,*,#3643,.F.);
#5519=ORIENTED_EDGE('',*,*,#3903,.F.);
#5520=ORIENTED_EDGE('',*,*,#3641,.F.);
#5521=ORIENTED_EDGE('',*,*,#3904,.T.);
#5522=ORIENTED_EDGE('',*,*,#3809,.F.);
#5523=ORIENTED_EDGE('',*,*,#3904,.F.);
#5524=ORIENTED_EDGE('',*,*,#3640,.F.);
#5525=ORIENTED_EDGE('',*,*,#3905,.T.);
#5526=ORIENTED_EDGE('',*,*,#3810,.F.);
#5527=ORIENTED_EDGE('',*,*,#3906,.F.);
#5528=ORIENTED_EDGE('',*,*,#3811,.F.);
#5529=ORIENTED_EDGE('',*,*,#3905,.F.);
#5530=ORIENTED_EDGE('',*,*,#3639,.F.);
#5531=ORIENTED_EDGE('',*,*,#3907,.F.);
#5532=ORIENTED_EDGE('',*,*,#3663,.F.);
#5533=ORIENTED_EDGE('',*,*,#3908,.T.);
#5534=ORIENTED_EDGE('',*,*,#3798,.F.);
#5535=ORIENTED_EDGE('',*,*,#3908,.F.);
#5536=ORIENTED_EDGE('',*,*,#3662,.F.);
#5537=ORIENTED_EDGE('',*,*,#3909,.T.);
#5538=ORIENTED_EDGE('',*,*,#3799,.F.);
#5539=ORIENTED_EDGE('',*,*,#3909,.F.);
#5540=ORIENTED_EDGE('',*,*,#3661,.F.);
#5541=ORIENTED_EDGE('',*,*,#3910,.F.);
#5542=ORIENTED_EDGE('',*,*,#3800,.F.);
#5543=ORIENTED_EDGE('',*,*,#3911,.F.);
#5544=ORIENTED_EDGE('',*,*,#3690,.F.);
#5545=ORIENTED_EDGE('',*,*,#3912,.T.);
#5546=ORIENTED_EDGE('',*,*,#3838,.F.);
#5547=ORIENTED_EDGE('',*,*,#3912,.F.);
#5548=ORIENTED_EDGE('',*,*,#3689,.F.);
#5549=ORIENTED_EDGE('',*,*,#3913,.T.);
#5550=ORIENTED_EDGE('',*,*,#3839,.F.);
#5551=ORIENTED_EDGE('',*,*,#3913,.F.);
#5552=ORIENTED_EDGE('',*,*,#3688,.F.);
#5553=ORIENTED_EDGE('',*,*,#3914,.T.);
#5554=ORIENTED_EDGE('',*,*,#3836,.F.);
#5555=ORIENTED_EDGE('',*,*,#3914,.F.);
#5556=ORIENTED_EDGE('',*,*,#3691,.F.);
#5557=ORIENTED_EDGE('',*,*,#3911,.T.);
#5558=ORIENTED_EDGE('',*,*,#3837,.F.);
#5559=ORIENTED_EDGE('',*,*,#3915,.F.);
#5560=ORIENTED_EDGE('',*,*,#3686,.F.);
#5561=ORIENTED_EDGE('',*,*,#3916,.T.);
#5562=ORIENTED_EDGE('',*,*,#3834,.F.);
#5563=ORIENTED_EDGE('',*,*,#3916,.F.);
#5564=ORIENTED_EDGE('',*,*,#3685,.F.);
#5565=ORIENTED_EDGE('',*,*,#3917,.T.);
#5566=ORIENTED_EDGE('',*,*,#3835,.F.);
#5567=ORIENTED_EDGE('',*,*,#3917,.F.);
#5568=ORIENTED_EDGE('',*,*,#3684,.F.);
#5569=ORIENTED_EDGE('',*,*,#3918,.T.);
#5570=ORIENTED_EDGE('',*,*,#3832,.F.);
#5571=ORIENTED_EDGE('',*,*,#3918,.F.);
#5572=ORIENTED_EDGE('',*,*,#3687,.F.);
#5573=ORIENTED_EDGE('',*,*,#3915,.T.);
#5574=ORIENTED_EDGE('',*,*,#3833,.F.);
#5575=ORIENTED_EDGE('',*,*,#3919,.F.);
#5576=ORIENTED_EDGE('',*,*,#3637,.F.);
#5577=ORIENTED_EDGE('',*,*,#3920,.T.);
#5578=ORIENTED_EDGE('',*,*,#3813,.F.);
#5579=ORIENTED_EDGE('',*,*,#3920,.F.);
#5580=ORIENTED_EDGE('',*,*,#3636,.F.);
#5581=ORIENTED_EDGE('',*,*,#3921,.T.);
#5582=ORIENTED_EDGE('',*,*,#3814,.F.);
#5583=ORIENTED_EDGE('',*,*,#3922,.F.);
#5584=ORIENTED_EDGE('',*,*,#3815,.F.);
#5585=ORIENTED_EDGE('',*,*,#3921,.F.);
#5586=ORIENTED_EDGE('',*,*,#3635,.F.);
#5587=ORIENTED_EDGE('',*,*,#3923,.F.);
#5588=ORIENTED_EDGE('',*,*,#3682,.F.);
#5589=ORIENTED_EDGE('',*,*,#3924,.T.);
#5590=ORIENTED_EDGE('',*,*,#3830,.F.);
#5591=ORIENTED_EDGE('',*,*,#3924,.F.);
#5592=ORIENTED_EDGE('',*,*,#3681,.F.);
#5593=ORIENTED_EDGE('',*,*,#3925,.T.);
#5594=ORIENTED_EDGE('',*,*,#3831,.F.);
#5595=ORIENTED_EDGE('',*,*,#3925,.F.);
#5596=ORIENTED_EDGE('',*,*,#3680,.F.);
#5597=ORIENTED_EDGE('',*,*,#3926,.T.);
#5598=ORIENTED_EDGE('',*,*,#3828,.F.);
#5599=ORIENTED_EDGE('',*,*,#3926,.F.);
#5600=ORIENTED_EDGE('',*,*,#3683,.F.);
#5601=ORIENTED_EDGE('',*,*,#3923,.T.);
#5602=ORIENTED_EDGE('',*,*,#3829,.F.);
#5603=ORIENTED_EDGE('',*,*,#3927,.F.);
#5604=ORIENTED_EDGE('',*,*,#3678,.F.);
#5605=ORIENTED_EDGE('',*,*,#3928,.T.);
#5606=ORIENTED_EDGE('',*,*,#3826,.F.);
#5607=ORIENTED_EDGE('',*,*,#3928,.F.);
#5608=ORIENTED_EDGE('',*,*,#3677,.F.);
#5609=ORIENTED_EDGE('',*,*,#3929,.T.);
#5610=ORIENTED_EDGE('',*,*,#3827,.F.);
#5611=ORIENTED_EDGE('',*,*,#3929,.F.);
#5612=ORIENTED_EDGE('',*,*,#3676,.F.);
#5613=ORIENTED_EDGE('',*,*,#3930,.T.);
#5614=ORIENTED_EDGE('',*,*,#3824,.F.);
#5615=ORIENTED_EDGE('',*,*,#3930,.F.);
#5616=ORIENTED_EDGE('',*,*,#3679,.F.);
#5617=ORIENTED_EDGE('',*,*,#3927,.T.);
#5618=ORIENTED_EDGE('',*,*,#3825,.F.);
#5619=ORIENTED_EDGE('',*,*,#3931,.F.);
#5620=ORIENTED_EDGE('',*,*,#3674,.F.);
#5621=ORIENTED_EDGE('',*,*,#3932,.T.);
#5622=ORIENTED_EDGE('',*,*,#3822,.F.);
#5623=ORIENTED_EDGE('',*,*,#3932,.F.);
#5624=ORIENTED_EDGE('',*,*,#3673,.F.);
#5625=ORIENTED_EDGE('',*,*,#3933,.T.);
#5626=ORIENTED_EDGE('',*,*,#3823,.F.);
#5627=ORIENTED_EDGE('',*,*,#3933,.F.);
#5628=ORIENTED_EDGE('',*,*,#3672,.F.);
#5629=ORIENTED_EDGE('',*,*,#3934,.T.);
#5630=ORIENTED_EDGE('',*,*,#3820,.F.);
#5631=ORIENTED_EDGE('',*,*,#3934,.F.);
#5632=ORIENTED_EDGE('',*,*,#3675,.F.);
#5633=ORIENTED_EDGE('',*,*,#3931,.T.);
#5634=ORIENTED_EDGE('',*,*,#3821,.F.);
#5635=ORIENTED_EDGE('',*,*,#3891,.T.);
#5636=ORIENTED_EDGE('',*,*,#3801,.F.);
#5637=ORIENTED_EDGE('',*,*,#3910,.T.);
#5638=ORIENTED_EDGE('',*,*,#3660,.F.);
#5639=ORIENTED_EDGE('',*,*,#3875,.T.);
#5640=ORIENTED_EDGE('',*,*,#3664,.F.);
#5641=ORIENTED_EDGE('',*,*,#3907,.T.);
#5642=ORIENTED_EDGE('',*,*,#3797,.F.);
#5643=ORIENTED_EDGE('',*,*,#3888,.T.);
#5644=ORIENTED_EDGE('',*,*,#3816,.F.);
#5645=ORIENTED_EDGE('',*,*,#3922,.T.);
#5646=ORIENTED_EDGE('',*,*,#3634,.F.);
#5647=ORIENTED_EDGE('',*,*,#3906,.T.);
#5648=ORIENTED_EDGE('',*,*,#3638,.F.);
#5649=ORIENTED_EDGE('',*,*,#3919,.T.);
#5650=ORIENTED_EDGE('',*,*,#3812,.F.);
#5651=ORIENTED_EDGE('',*,*,#3902,.T.);
#5652=ORIENTED_EDGE('',*,*,#3642,.F.);
#5653=ORIENTED_EDGE('',*,*,#3903,.T.);
#5654=ORIENTED_EDGE('',*,*,#3808,.F.);
#5655=ORIENTED_EDGE('',*,*,#3871,.T.);
#5656=ORIENTED_EDGE('',*,*,#3668,.F.);
#5657=ORIENTED_EDGE('',*,*,#3872,.T.);
#5658=ORIENTED_EDGE('',*,*,#3793,.F.);
#5659=ORIENTED_EDGE('',*,*,#3104,.T.);
#5660=ORIENTED_EDGE('',*,*,#3630,.F.);
#5661=ORIENTED_EDGE('',*,*,#3399,.T.);
#5662=ORIENTED_EDGE('',*,*,#3788,.F.);
#5663=PLANE('',#6257);
#5664=PLANE('',#6258);
#5665=PLANE('',#6259);
#5666=PLANE('',#6260);
#5667=PLANE('',#6261);
#5668=PLANE('',#6262);
#5669=PLANE('',#6263);
#5670=PLANE('',#6264);
#5671=PLANE('',#6265);
#5672=PLANE('',#6266);
#5673=PLANE('',#6267);
#5674=PLANE('',#6268);
#5675=PLANE('',#6269);
#5676=PLANE('',#6270);
#5677=PLANE('',#6271);
#5678=PLANE('',#6272);
#5679=PLANE('',#6273);
#5680=PLANE('',#6274);
#5681=PLANE('',#6275);
#5682=PLANE('',#6276);
#5683=PLANE('',#6277);
#5684=PLANE('',#6278);
#5685=PLANE('',#6279);
#5686=PLANE('',#6280);
#5687=PLANE('',#6281);
#5688=PLANE('',#6282);
#5689=PLANE('',#6283);
#5690=PLANE('',#6284);
#5691=PLANE('',#6285);
#5692=PLANE('',#6286);
#5693=PLANE('',#6287);
#5694=PLANE('',#6288);
#5695=PLANE('',#6289);
#5696=PLANE('',#6290);
#5697=PLANE('',#6291);
#5698=PLANE('',#6292);
#5699=PLANE('',#6293);
#5700=PLANE('',#6294);
#5701=PLANE('',#6295);
#5702=PLANE('',#6296);
#5703=PLANE('',#6297);
#5704=PLANE('',#6298);
#5705=PLANE('',#6299);
#5706=PLANE('',#6300);
#5707=PLANE('',#6301);
#5708=PLANE('',#6302);
#5709=PLANE('',#6303);
#5710=PLANE('',#6304);
#5711=PLANE('',#6305);
#5712=PLANE('',#6306);
#5713=PLANE('',#6307);
#5714=PLANE('',#6308);
#5715=PLANE('',#6309);
#5716=PLANE('',#6310);
#5717=PLANE('',#6311);
#5718=PLANE('',#6312);
#5719=PLANE('',#6313);
#5720=PLANE('',#6314);
#5721=PLANE('',#6315);
#5722=PLANE('',#6316);
#5723=PLANE('',#6317);
#5724=PLANE('',#6318);
#5725=PLANE('',#6319);
#5726=PLANE('',#6320);
#5727=PLANE('',#6321);
#5728=PLANE('',#6322);
#5729=PLANE('',#6323);
#5730=PLANE('',#6324);
#5731=PLANE('',#6325);
#5732=PLANE('',#6326);
#5733=PLANE('',#6327);
#5734=PLANE('',#6328);
#5735=PLANE('',#6329);
#5736=PLANE('',#6330);
#5737=PLANE('',#6331);
#5738=PLANE('',#6332);
#5739=PLANE('',#6333);
#5740=PLANE('',#6334);
#5741=PLANE('',#6335);
#5742=PLANE('',#6336);
#5743=PLANE('',#6337);
#5744=PLANE('',#6338);
#5745=PLANE('',#6339);
#5746=PLANE('',#6340);
#5747=PLANE('',#6341);
#5748=PLANE('',#6342);
#5749=PLANE('',#6343);
#5750=PLANE('',#6344);
#5751=PLANE('',#6345);
#5752=PLANE('',#6346);
#5753=PLANE('',#6347);
#5754=PLANE('',#6348);
#5755=PLANE('',#6349);
#5756=PLANE('',#6350);
#5757=PLANE('',#6351);
#5758=PLANE('',#6352);
#5759=PLANE('',#6353);
#5760=PLANE('',#6354);
#5761=PLANE('',#6355);
#5762=PLANE('',#6356);
#5763=PLANE('',#6357);
#5764=PLANE('',#6358);
#5765=PLANE('',#6359);
#5766=PLANE('',#6360);
#5767=PLANE('',#6361);
#5768=PLANE('',#6362);
#5769=PLANE('',#6363);
#5770=PLANE('',#6364);
#5771=PLANE('',#6365);
#5772=PLANE('',#6366);
#5773=PLANE('',#6367);
#5774=PLANE('',#6368);
#5775=PLANE('',#6369);
#5776=PLANE('',#6370);
#5777=PLANE('',#6371);
#5778=PLANE('',#6372);
#5779=PLANE('',#6373);
#5780=PLANE('',#6374);
#5781=PLANE('',#6375);
#5782=PLANE('',#6376);
#5783=PLANE('',#6377);
#5784=PLANE('',#6378);
#5785=PLANE('',#6379);
#5786=PLANE('',#6380);
#5787=PLANE('',#6381);
#5788=PLANE('',#6382);
#5789=PLANE('',#6383);
#5790=PLANE('',#6384);
#5791=PLANE('',#6385);
#5792=PLANE('',#6386);
#5793=PLANE('',#6387);
#5794=PLANE('',#6388);
#5795=PLANE('',#6389);
#5796=PLANE('',#6390);
#5797=PLANE('',#6391);
#5798=PLANE('',#6392);
#5799=PLANE('',#6393);
#5800=PLANE('',#6394);
#5801=PLANE('',#6395);
#5802=PLANE('',#6396);
#5803=PLANE('',#6397);
#5804=PLANE('',#6398);
#5805=PLANE('',#6399);
#5806=PLANE('',#6400);
#5807=PLANE('',#6401);
#5808=PLANE('',#6402);
#5809=PLANE('',#6403);
#5810=PLANE('',#6404);
#5811=PLANE('',#6405);
#5812=PLANE('',#6406);
#5813=PLANE('',#6407);
#5814=PLANE('',#6408);
#5815=PLANE('',#6409);
#5816=PLANE('',#6410);
#5817=PLANE('',#6411);
#5818=PLANE('',#6412);
#5819=PLANE('',#6413);
#5820=PLANE('',#6414);
#5821=PLANE('',#6415);
#5822=PLANE('',#6416);
#5823=PLANE('',#6417);
#5824=PLANE('',#6418);
#5825=PLANE('',#6419);
#5826=PLANE('',#6420);
#5827=PLANE('',#6421);
#5828=PLANE('',#6422);
#5829=PLANE('',#6423);
#5830=PLANE('',#6424);
#5831=PLANE('',#6425);
#5832=PLANE('',#6426);
#5833=PLANE('',#6427);
#5834=PLANE('',#6428);
#5835=PLANE('',#6429);
#5836=PLANE('',#6430);
#5837=PLANE('',#6431);
#5838=PLANE('',#6432);
#5839=PLANE('',#6433);
#5840=PLANE('',#6434);
#5841=PLANE('',#6435);
#5842=PLANE('',#6436);
#5843=PLANE('',#6437);
#5844=PLANE('',#6438);
#5845=PLANE('',#6439);
#5846=PLANE('',#6440);
#5847=PLANE('',#6441);
#5848=PLANE('',#6442);
#5849=PLANE('',#6443);
#5850=PLANE('',#6444);
#5851=PLANE('',#6445);
#5852=PLANE('',#6446);
#5853=PLANE('',#6447);
#5854=PLANE('',#6448);
#5855=PLANE('',#6449);
#5856=PLANE('',#6450);
#5857=PLANE('',#6451);
#5858=PLANE('',#6452);
#5859=PLANE('',#6453);
#5860=PLANE('',#6454);
#5861=PLANE('',#6455);
#5862=PLANE('',#6456);
#5863=PLANE('',#6457);
#5864=PLANE('',#6458);
#5865=PLANE('',#6459);
#5866=PLANE('',#6460);
#5867=PLANE('',#6461);
#5868=PLANE('',#6462);
#5869=PLANE('',#6463);
#5870=PLANE('',#6464);
#5871=PLANE('',#6465);
#5872=PLANE('',#6466);
#5873=PLANE('',#6467);
#5874=PLANE('',#6468);
#5875=PLANE('',#6469);
#5876=PLANE('',#6470);
#5877=PLANE('',#6471);
#5878=PLANE('',#6472);
#5879=PLANE('',#6473);
#5880=PLANE('',#6474);
#5881=PLANE('',#6475);
#5882=PLANE('',#6476);
#5883=PLANE('',#6477);
#5884=PLANE('',#6478);
#5885=PLANE('',#6479);
#5886=PLANE('',#6480);
#5887=PLANE('',#6481);
#5888=PLANE('',#6482);
#5889=PLANE('',#6483);
#5890=PLANE('',#6484);
#5891=PLANE('',#6485);
#5892=PLANE('',#6486);
#5893=PLANE('',#6487);
#5894=PLANE('',#6488);
#5895=PLANE('',#6489);
#5896=PLANE('',#6490);
#5897=PLANE('',#6491);
#5898=PLANE('',#6492);
#5899=PLANE('',#6493);
#5900=PLANE('',#6494);
#5901=PLANE('',#6495);
#5902=PLANE('',#6496);
#5903=PLANE('',#6497);
#5904=PLANE('',#6498);
#5905=PLANE('',#6499);
#5906=PLANE('',#6500);
#5907=PLANE('',#6501);
#5908=PLANE('',#6502);
#5909=PLANE('',#6503);
#5910=PLANE('',#6504);
#5911=PLANE('',#6505);
#5912=PLANE('',#6506);
#5913=PLANE('',#6507);
#5914=PLANE('',#6508);
#5915=PLANE('',#6509);
#5916=PLANE('',#6510);
#5917=PLANE('',#6511);
#5918=PLANE('',#6512);
#5919=PLANE('',#6513);
#5920=PLANE('',#6514);
#5921=PLANE('',#6515);
#5922=PLANE('',#6516);
#5923=PLANE('',#6517);
#5924=PLANE('',#6518);
#5925=PLANE('',#6519);
#5926=PLANE('',#6520);
#5927=PLANE('',#6521);
#5928=PLANE('',#6522);
#5929=PLANE('',#6523);
#5930=PLANE('',#6524);
#5931=PLANE('',#6525);
#5932=PLANE('',#6526);
#5933=PLANE('',#6527);
#5934=PLANE('',#6528);
#5935=PLANE('',#6529);
#5936=PLANE('',#6530);
#5937=PLANE('',#6531);
#5938=PLANE('',#6532);
#5939=PLANE('',#6533);
#5940=PLANE('',#6534);
#5941=PLANE('',#6535);
#5942=PLANE('',#6536);
#5943=PLANE('',#6537);
#5944=PLANE('',#6538);
#5945=PLANE('',#6539);
#5946=PLANE('',#6540);
#5947=PLANE('',#6541);
#5948=PLANE('',#6542);
#5949=PLANE('',#6543);
#5950=PLANE('',#6544);
#5951=PLANE('',#6545);
#5952=PLANE('',#6546);
#5953=ADVANCED_FACE('',(#101),#5663,.F.);
#5954=ADVANCED_FACE('',(#102),#5664,.F.);
#5955=ADVANCED_FACE('',(#103),#5665,.F.);
#5956=ADVANCED_FACE('',(#104),#5666,.F.);
#5957=ADVANCED_FACE('',(#105),#5667,.F.);
#5958=ADVANCED_FACE('',(#106),#5668,.F.);
#5959=ADVANCED_FACE('',(#107),#5669,.F.);
#5960=ADVANCED_FACE('',(#108),#5670,.F.);
#5961=ADVANCED_FACE('',(#109),#5671,.F.);
#5962=ADVANCED_FACE('',(#110),#5672,.F.);
#5963=ADVANCED_FACE('',(#111),#5673,.F.);
#5964=ADVANCED_FACE('',(#112),#5674,.F.);
#5965=ADVANCED_FACE('',(#113),#5675,.F.);
#5966=ADVANCED_FACE('',(#114),#5676,.F.);
#5967=ADVANCED_FACE('',(#115),#5677,.F.);
#5968=ADVANCED_FACE('',(#116),#5678,.F.);
#5969=ADVANCED_FACE('',(#117),#5679,.F.);
#5970=ADVANCED_FACE('',(#118),#5680,.F.);
#5971=ADVANCED_FACE('',(#119),#5681,.F.);
#5972=ADVANCED_FACE('',(#120),#5682,.F.);
#5973=ADVANCED_FACE('',(#121),#5683,.F.);
#5974=ADVANCED_FACE('',(#122),#5684,.F.);
#5975=ADVANCED_FACE('',(#123),#5685,.F.);
#5976=ADVANCED_FACE('',(#124),#5686,.F.);
#5977=ADVANCED_FACE('',(#125),#5687,.F.);
#5978=ADVANCED_FACE('',(#126),#5688,.F.);
#5979=ADVANCED_FACE('',(#127),#5689,.F.);
#5980=ADVANCED_FACE('',(#128),#5690,.F.);
#5981=ADVANCED_FACE('',(#129),#5691,.F.);
#5982=ADVANCED_FACE('',(#130),#5692,.F.);
#5983=ADVANCED_FACE('',(#131),#5693,.F.);
#5984=ADVANCED_FACE('',(#132),#5694,.F.);
#5985=ADVANCED_FACE('',(#133),#5695,.F.);
#5986=ADVANCED_FACE('',(#134),#5696,.F.);
#5987=ADVANCED_FACE('',(#135),#5697,.F.);
#5988=ADVANCED_FACE('',(#136),#5698,.F.);
#5989=ADVANCED_FACE('',(#137),#5699,.F.);
#5990=ADVANCED_FACE('',(#138),#5700,.F.);
#5991=ADVANCED_FACE('',(#139),#5701,.F.);
#5992=ADVANCED_FACE('',(#140),#5702,.F.);
#5993=ADVANCED_FACE('',(#141),#5703,.F.);
#5994=ADVANCED_FACE('',(#142),#5704,.F.);
#5995=ADVANCED_FACE('',(#143),#5705,.F.);
#5996=ADVANCED_FACE('',(#144),#5706,.F.);
#5997=ADVANCED_FACE('',(#145),#5707,.F.);
#5998=ADVANCED_FACE('',(#146),#5708,.F.);
#5999=ADVANCED_FACE('',(#147),#5709,.F.);
#6000=ADVANCED_FACE('',(#148),#5710,.F.);
#6001=ADVANCED_FACE('',(#149),#5711,.F.);
#6002=ADVANCED_FACE('',(#150),#5712,.F.);
#6003=ADVANCED_FACE('',(#151),#5713,.F.);
#6004=ADVANCED_FACE('',(#152),#5714,.F.);
#6005=ADVANCED_FACE('',(#153),#5715,.F.);
#6006=ADVANCED_FACE('',(#154),#5716,.F.);
#6007=ADVANCED_FACE('',(#155),#5717,.F.);
#6008=ADVANCED_FACE('',(#156),#5718,.F.);
#6009=ADVANCED_FACE('',(#157),#5719,.F.);
#6010=ADVANCED_FACE('',(#158),#5720,.F.);
#6011=ADVANCED_FACE('',(#159),#5721,.F.);
#6012=ADVANCED_FACE('',(#160),#5722,.F.);
#6013=ADVANCED_FACE('',(#161),#5723,.F.);
#6014=ADVANCED_FACE('',(#162),#5724,.F.);
#6015=ADVANCED_FACE('',(#163),#5725,.F.);
#6016=ADVANCED_FACE('',(#164),#5726,.F.);
#6017=ADVANCED_FACE('',(#165),#5727,.F.);
#6018=ADVANCED_FACE('',(#166),#5728,.F.);
#6019=ADVANCED_FACE('',(#167),#5729,.F.);
#6020=ADVANCED_FACE('',(#168),#5730,.F.);
#6021=ADVANCED_FACE('',(#169),#5731,.F.);
#6022=ADVANCED_FACE('',(#170),#5732,.F.);
#6023=ADVANCED_FACE('',(#171),#5733,.F.);
#6024=ADVANCED_FACE('',(#172),#5734,.F.);
#6025=ADVANCED_FACE('',(#173),#5735,.F.);
#6026=ADVANCED_FACE('',(#174),#5736,.F.);
#6027=ADVANCED_FACE('',(#175),#5737,.F.);
#6028=ADVANCED_FACE('',(#176),#5738,.F.);
#6029=ADVANCED_FACE('',(#177),#5739,.F.);
#6030=ADVANCED_FACE('',(#178),#5740,.F.);
#6031=ADVANCED_FACE('',(#179),#5741,.F.);
#6032=ADVANCED_FACE('',(#180),#5742,.F.);
#6033=ADVANCED_FACE('',(#181),#5743,.F.);
#6034=ADVANCED_FACE('',(#182),#5744,.F.);
#6035=ADVANCED_FACE('',(#183),#5745,.F.);
#6036=ADVANCED_FACE('',(#184),#5746,.F.);
#6037=ADVANCED_FACE('',(#185),#5747,.F.);
#6038=ADVANCED_FACE('',(#186),#5748,.F.);
#6039=ADVANCED_FACE('',(#187),#5749,.F.);
#6040=ADVANCED_FACE('',(#188),#5750,.F.);
#6041=ADVANCED_FACE('',(#189),#5751,.F.);
#6042=ADVANCED_FACE('',(#190),#5752,.F.);
#6043=ADVANCED_FACE('',(#191),#5753,.F.);
#6044=ADVANCED_FACE('',(#192),#5754,.F.);
#6045=ADVANCED_FACE('',(#193),#5755,.F.);
#6046=ADVANCED_FACE('',(#194),#5756,.F.);
#6047=ADVANCED_FACE('',(#195),#5757,.F.);
#6048=ADVANCED_FACE('',(#196),#5758,.F.);
#6049=ADVANCED_FACE('',(#197),#5759,.F.);
#6050=ADVANCED_FACE('',(#198),#5760,.F.);
#6051=ADVANCED_FACE('',(#199),#5761,.F.);
#6052=ADVANCED_FACE('',(#200),#5762,.F.);
#6053=ADVANCED_FACE('',(#201),#5763,.F.);
#6054=ADVANCED_FACE('',(#202),#5764,.F.);
#6055=ADVANCED_FACE('',(#203),#5765,.F.);
#6056=ADVANCED_FACE('',(#204),#5766,.F.);
#6057=ADVANCED_FACE('',(#205),#5767,.F.);
#6058=ADVANCED_FACE('',(#206),#5768,.F.);
#6059=ADVANCED_FACE('',(#207),#5769,.F.);
#6060=ADVANCED_FACE('',(#208),#5770,.F.);
#6061=ADVANCED_FACE('',(#209),#5771,.F.);
#6062=ADVANCED_FACE('',(#210),#5772,.F.);
#6063=ADVANCED_FACE('',(#211),#5773,.F.);
#6064=ADVANCED_FACE('',(#212),#5774,.F.);
#6065=ADVANCED_FACE('',(#213),#5775,.F.);
#6066=ADVANCED_FACE('',(#214),#5776,.F.);
#6067=ADVANCED_FACE('',(#215),#5777,.F.);
#6068=ADVANCED_FACE('',(#216),#5778,.F.);
#6069=ADVANCED_FACE('',(#217),#5779,.F.);
#6070=ADVANCED_FACE('',(#218),#5780,.F.);
#6071=ADVANCED_FACE('',(#219),#5781,.F.);
#6072=ADVANCED_FACE('',(#220),#5782,.F.);
#6073=ADVANCED_FACE('',(#221),#5783,.F.);
#6074=ADVANCED_FACE('',(#222),#5784,.F.);
#6075=ADVANCED_FACE('',(#223),#5785,.F.);
#6076=ADVANCED_FACE('',(#224),#5786,.F.);
#6077=ADVANCED_FACE('',(#225),#5787,.F.);
#6078=ADVANCED_FACE('',(#226),#5788,.F.);
#6079=ADVANCED_FACE('',(#227),#5789,.F.);
#6080=ADVANCED_FACE('',(#228),#5790,.F.);
#6081=ADVANCED_FACE('',(#229),#5791,.F.);
#6082=ADVANCED_FACE('',(#230),#5792,.F.);
#6083=ADVANCED_FACE('',(#231),#5793,.F.);
#6084=ADVANCED_FACE('',(#232),#5794,.F.);
#6085=ADVANCED_FACE('',(#233),#5795,.F.);
#6086=ADVANCED_FACE('',(#234),#5796,.F.);
#6087=ADVANCED_FACE('',(#235),#5797,.F.);
#6088=ADVANCED_FACE('',(#236),#5798,.F.);
#6089=ADVANCED_FACE('',(#237),#5799,.F.);
#6090=ADVANCED_FACE('',(#238),#5800,.F.);
#6091=ADVANCED_FACE('',(#239),#5801,.F.);
#6092=ADVANCED_FACE('',(#240),#5802,.F.);
#6093=ADVANCED_FACE('',(#241),#5803,.F.);
#6094=ADVANCED_FACE('',(#242),#5804,.F.);
#6095=ADVANCED_FACE('',(#243),#5805,.F.);
#6096=ADVANCED_FACE('',(#244),#5806,.F.);
#6097=ADVANCED_FACE('',(#245),#5807,.F.);
#6098=ADVANCED_FACE('',(#246),#5808,.F.);
#6099=ADVANCED_FACE('',(#247),#5809,.F.);
#6100=ADVANCED_FACE('',(#248),#5810,.F.);
#6101=ADVANCED_FACE('',(#249),#5811,.F.);
#6102=ADVANCED_FACE('',(#250),#5812,.F.);
#6103=ADVANCED_FACE('',(#251),#5813,.F.);
#6104=ADVANCED_FACE('',(#252),#5814,.F.);
#6105=ADVANCED_FACE('',(#253),#5815,.F.);
#6106=ADVANCED_FACE('',(#254),#5816,.F.);
#6107=ADVANCED_FACE('',(#255),#5817,.F.);
#6108=ADVANCED_FACE('',(#256),#5818,.F.);
#6109=ADVANCED_FACE('',(#257),#5819,.F.);
#6110=ADVANCED_FACE('',(#258),#5820,.F.);
#6111=ADVANCED_FACE('',(#259),#5821,.F.);
#6112=ADVANCED_FACE('',(#260),#5822,.F.);
#6113=ADVANCED_FACE('',(#261),#5823,.F.);
#6114=ADVANCED_FACE('',(#262),#5824,.F.);
#6115=ADVANCED_FACE('',(#263),#5825,.F.);
#6116=ADVANCED_FACE('',(#264),#5826,.F.);
#6117=ADVANCED_FACE('',(#265),#5827,.F.);
#6118=ADVANCED_FACE('',(#266),#5828,.F.);
#6119=ADVANCED_FACE('',(#267),#5829,.T.);
#6120=ADVANCED_FACE('',(#268),#5830,.T.);
#6121=ADVANCED_FACE('',(#269),#5831,.T.);
#6122=ADVANCED_FACE('',(#270),#5832,.T.);
#6123=ADVANCED_FACE('',(#271),#5833,.T.);
#6124=ADVANCED_FACE('',(#272),#5834,.T.);
#6125=ADVANCED_FACE('',(#273),#5835,.T.);
#6126=ADVANCED_FACE('',(#274),#5836,.T.);
#6127=ADVANCED_FACE('',(#275),#5837,.T.);
#6128=ADVANCED_FACE('',(#276),#5838,.F.);
#6129=ADVANCED_FACE('',(#277),#5839,.F.);
#6130=ADVANCED_FACE('',(#278),#5840,.F.);
#6131=ADVANCED_FACE('',(#279),#5841,.F.);
#6132=ADVANCED_FACE('',(#280),#5842,.F.);
#6133=ADVANCED_FACE('',(#281),#5843,.F.);
#6134=ADVANCED_FACE('',(#282),#5844,.F.);
#6135=ADVANCED_FACE('',(#283),#5845,.F.);
#6136=ADVANCED_FACE('',(#284),#5846,.F.);
#6137=ADVANCED_FACE('',(#285),#5847,.F.);
#6138=ADVANCED_FACE('',(#286,#15,#16,#17,#18,#19,#20,#21,#22,#23,#24,#25,
#26,#27,#28,#29,#30,#31,#32,#33,#34,#35,#36,#37,#38,#39,#40,#41,#42,#43,
#44,#45,#46,#47,#48,#49,#50,#51,#52,#53,#54,#55,#56,#57),#5848,.F.);
#6139=ADVANCED_FACE('',(#287),#5849,.F.);
#6140=ADVANCED_FACE('',(#288),#5850,.F.);
#6141=ADVANCED_FACE('',(#289),#5851,.F.);
#6142=ADVANCED_FACE('',(#290),#5852,.F.);
#6143=ADVANCED_FACE('',(#291),#5853,.F.);
#6144=ADVANCED_FACE('',(#292),#5854,.F.);
#6145=ADVANCED_FACE('',(#293),#5855,.F.);
#6146=ADVANCED_FACE('',(#294),#5856,.F.);
#6147=ADVANCED_FACE('',(#295),#5857,.F.);
#6148=ADVANCED_FACE('',(#296),#5858,.F.);
#6149=ADVANCED_FACE('',(#297),#5859,.F.);
#6150=ADVANCED_FACE('',(#298),#5860,.F.);
#6151=ADVANCED_FACE('',(#299),#5861,.F.);
#6152=ADVANCED_FACE('',(#300),#5862,.F.);
#6153=ADVANCED_FACE('',(#301),#5863,.F.);
#6154=ADVANCED_FACE('',(#302),#5864,.F.);
#6155=ADVANCED_FACE('',(#303),#5865,.F.);
#6156=ADVANCED_FACE('',(#304),#5866,.F.);
#6157=ADVANCED_FACE('',(#305),#5867,.F.);
#6158=ADVANCED_FACE('',(#306),#5868,.F.);
#6159=ADVANCED_FACE('',(#307),#5869,.F.);
#6160=ADVANCED_FACE('',(#308),#5870,.F.);
#6161=ADVANCED_FACE('',(#309),#5871,.F.);
#6162=ADVANCED_FACE('',(#310),#5872,.F.);
#6163=ADVANCED_FACE('',(#311),#5873,.F.);
#6164=ADVANCED_FACE('',(#312),#5874,.F.);
#6165=ADVANCED_FACE('',(#313),#5875,.F.);
#6166=ADVANCED_FACE('',(#314,#58,#59,#60,#61,#62,#63,#64,#65,#66,#67,#68,
#69,#70,#71,#72,#73,#74,#75,#76,#77,#78,#79,#80,#81,#82,#83,#84,#85,#86,
#87,#88,#89,#90,#91,#92,#93,#94,#95,#96,#97,#98,#99,#100),#5876,.T.);
#6167=ADVANCED_FACE('',(#315),#5877,.F.);
#6168=ADVANCED_FACE('',(#316),#5878,.F.);
#6169=ADVANCED_FACE('',(#317),#5879,.T.);
#6170=ADVANCED_FACE('',(#318),#5880,.T.);
#6171=ADVANCED_FACE('',(#319),#5881,.F.);
#6172=ADVANCED_FACE('',(#320),#5882,.F.);
#6173=ADVANCED_FACE('',(#321),#5883,.F.);
#6174=ADVANCED_FACE('',(#322),#5884,.F.);
#6175=ADVANCED_FACE('',(#323),#5885,.F.);
#6176=ADVANCED_FACE('',(#324),#5886,.F.);
#6177=ADVANCED_FACE('',(#325),#5887,.F.);
#6178=ADVANCED_FACE('',(#326),#5888,.F.);
#6179=ADVANCED_FACE('',(#327),#5889,.F.);
#6180=ADVANCED_FACE('',(#328),#5890,.F.);
#6181=ADVANCED_FACE('',(#329),#5891,.F.);
#6182=ADVANCED_FACE('',(#330),#5892,.F.);
#6183=ADVANCED_FACE('',(#331),#5893,.F.);
#6184=ADVANCED_FACE('',(#332),#5894,.F.);
#6185=ADVANCED_FACE('',(#333),#5895,.F.);
#6186=ADVANCED_FACE('',(#334),#5896,.F.);
#6187=ADVANCED_FACE('',(#335),#5897,.F.);
#6188=ADVANCED_FACE('',(#336),#5898,.F.);
#6189=ADVANCED_FACE('',(#337),#5899,.F.);
#6190=ADVANCED_FACE('',(#338),#5900,.F.);
#6191=ADVANCED_FACE('',(#339),#5901,.F.);
#6192=ADVANCED_FACE('',(#340),#5902,.F.);
#6193=ADVANCED_FACE('',(#341),#5903,.F.);
#6194=ADVANCED_FACE('',(#342),#5904,.F.);
#6195=ADVANCED_FACE('',(#343),#5905,.F.);
#6196=ADVANCED_FACE('',(#344),#5906,.F.);
#6197=ADVANCED_FACE('',(#345),#5907,.F.);
#6198=ADVANCED_FACE('',(#346),#5908,.F.);
#6199=ADVANCED_FACE('',(#347),#5909,.F.);
#6200=ADVANCED_FACE('',(#348),#5910,.F.);
#6201=ADVANCED_FACE('',(#349),#5911,.F.);
#6202=ADVANCED_FACE('',(#350),#5912,.F.);
#6203=ADVANCED_FACE('',(#351),#5913,.F.);
#6204=ADVANCED_FACE('',(#352),#5914,.F.);
#6205=ADVANCED_FACE('',(#353),#5915,.F.);
#6206=ADVANCED_FACE('',(#354),#5916,.F.);
#6207=ADVANCED_FACE('',(#355),#5917,.F.);
#6208=ADVANCED_FACE('',(#356),#5918,.F.);
#6209=ADVANCED_FACE('',(#357),#5919,.F.);
#6210=ADVANCED_FACE('',(#358),#5920,.F.);
#6211=ADVANCED_FACE('',(#359),#5921,.F.);
#6212=ADVANCED_FACE('',(#360),#5922,.F.);
#6213=ADVANCED_FACE('',(#361),#5923,.F.);
#6214=ADVANCED_FACE('',(#362),#5924,.F.);
#6215=ADVANCED_FACE('',(#363),#5925,.F.);
#6216=ADVANCED_FACE('',(#364),#5926,.F.);
#6217=ADVANCED_FACE('',(#365),#5927,.F.);
#6218=ADVANCED_FACE('',(#366),#5928,.F.);
#6219=ADVANCED_FACE('',(#367),#5929,.F.);
#6220=ADVANCED_FACE('',(#368),#5930,.F.);
#6221=ADVANCED_FACE('',(#369),#5931,.F.);
#6222=ADVANCED_FACE('',(#370),#5932,.F.);
#6223=ADVANCED_FACE('',(#371),#5933,.F.);
#6224=ADVANCED_FACE('',(#372),#5934,.F.);
#6225=ADVANCED_FACE('',(#373),#5935,.F.);
#6226=ADVANCED_FACE('',(#374),#5936,.F.);
#6227=ADVANCED_FACE('',(#375),#5937,.F.);
#6228=ADVANCED_FACE('',(#376),#5938,.F.);
#6229=ADVANCED_FACE('',(#377),#5939,.F.);
#6230=ADVANCED_FACE('',(#378),#5940,.F.);
#6231=ADVANCED_FACE('',(#379),#5941,.F.);
#6232=ADVANCED_FACE('',(#380),#5942,.F.);
#6233=ADVANCED_FACE('',(#381),#5943,.F.);
#6234=ADVANCED_FACE('',(#382),#5944,.F.);
#6235=ADVANCED_FACE('',(#383),#5945,.F.);
#6236=ADVANCED_FACE('',(#384),#5946,.T.);
#6237=ADVANCED_FACE('',(#385),#5947,.T.);
#6238=ADVANCED_FACE('',(#386),#5948,.T.);
#6239=ADVANCED_FACE('',(#387),#5949,.T.);
#6240=ADVANCED_FACE('',(#388),#5950,.T.);
#6241=ADVANCED_FACE('',(#389),#5951,.T.);
#6242=ADVANCED_FACE('',(#390),#5952,.T.);
#6243=CLOSED_SHELL('',(#5953,#5954,#5955,#5956,#5957,#5958,#5959,#5960,
#5961,#5962,#5963,#5964,#5965,#5966,#5967,#5968,#5969,#5970,#5971,#5972,
#5973,#5974,#5975,#5976,#5977,#5978,#5979,#5980,#5981,#5982,#5983,#5984,
#5985,#5986,#5987,#5988,#5989,#5990,#5991,#5992,#5993,#5994,#5995,#5996,
#5997,#5998,#5999,#6000,#6001,#6002,#6003,#6004,#6005,#6006,#6007,#6008,
#6009,#6010,#6011,#6012,#6013,#6014,#6015,#6016,#6017,#6018,#6019,#6020,
#6021,#6022,#6023,#6024,#6025,#6026,#6027,#6028,#6029,#6030,#6031,#6032,
#6033,#6034,#6035,#6036,#6037,#6038,#6039,#6040,#6041,#6042,#6043,#6044,
#6045,#6046,#6047,#6048,#6049,#6050,#6051,#6052,#6053,#6054,#6055,#6056,
#6057,#6058,#6059,#6060,#6061,#6062,#6063,#6064,#6065,#6066,#6067,#6068,
#6069,#6070,#6071,#6072,#6073,#6074,#6075,#6076,#6077,#6078,#6079,#6080,
#6081,#6082,#6083,#6084,#6085,#6086,#6087,#6088,#6089,#6090,#6091,#6092,
#6093,#6094,#6095,#6096,#6097,#6098,#6099,#6100,#6101,#6102,#6103,#6104,
#6105,#6106,#6107,#6108,#6109,#6110,#6111,#6112,#6113,#6114,#6115,#6116,
#6117,#6118,#6119,#6120,#6121,#6122,#6123,#6124,#6125,#6126,#6127,#6128,
#6129,#6130,#6131,#6132,#6133,#6134,#6135,#6136,#6137,#6138,#6139,#6140,
#6141,#6142,#6143,#6144,#6145,#6146,#6147,#6148,#6149,#6150,#6151,#6152,
#6153,#6154,#6155,#6156,#6157,#6158,#6159,#6160,#6161,#6162,#6163,#6164,
#6165,#6166,#6167,#6168,#6169,#6170,#6171,#6172,#6173,#6174,#6175,#6176,
#6177,#6178,#6179,#6180,#6181,#6182,#6183,#6184,#6185,#6186,#6187,#6188,
#6189,#6190,#6191,#6192,#6193,#6194,#6195,#6196,#6197,#6198,#6199,#6200,
#6201,#6202,#6203,#6204,#6205,#6206,#6207,#6208,#6209,#6210,#6211,#6212,
#6213,#6214,#6215,#6216,#6217,#6218,#6219,#6220,#6221,#6222,#6223,#6224,
#6225,#6226,#6227,#6228,#6229,#6230,#6231,#6232,#6233,#6234,#6235,#6236,
#6237,#6238,#6239,#6240,#6241,#6242));
#6244=DERIVED_UNIT_ELEMENT(#6246,1.);
#6245=DERIVED_UNIT_ELEMENT(#9729,-3.);
#6246=(
MASS_UNIT()
NAMED_UNIT(*)
SI_UNIT(.KILO.,.GRAM.)
);
#6247=DERIVED_UNIT((#6244,#6245));
#6248=MEASURE_REPRESENTATION_ITEM('density measure',
POSITIVE_RATIO_MEASURE(7850.),#6247);
#6249=PROPERTY_DEFINITION_REPRESENTATION(#6254,#6251);
#6250=PROPERTY_DEFINITION_REPRESENTATION(#6255,#6252);
#6251=REPRESENTATION('material name',(#6253),#9726);
#6252=REPRESENTATION('density',(#6248),#9726);
#6253=DESCRIPTIVE_REPRESENTATION_ITEM('Steel','Steel');
#6254=PROPERTY_DEFINITION('material property','material name',#9736);
#6255=PROPERTY_DEFINITION('material property','density of part',#9736);
#6256=AXIS2_PLACEMENT_3D('',#7993,#6547,#6548);
#6257=AXIS2_PLACEMENT_3D('',#7994,#6549,#6550);
#6258=AXIS2_PLACEMENT_3D('',#8003,#6555,#6556);
#6259=AXIS2_PLACEMENT_3D('',#8009,#6560,#6561);
#6260=AXIS2_PLACEMENT_3D('',#8015,#6565,#6566);
#6261=AXIS2_PLACEMENT_3D('',#8018,#6569,#6570);
#6262=AXIS2_PLACEMENT_3D('',#8027,#6575,#6576);
#6263=AXIS2_PLACEMENT_3D('',#8033,#6580,#6581);
#6264=AXIS2_PLACEMENT_3D('',#8039,#6585,#6586);
#6265=AXIS2_PLACEMENT_3D('',#8042,#6589,#6590);
#6266=AXIS2_PLACEMENT_3D('',#8051,#6595,#6596);
#6267=AXIS2_PLACEMENT_3D('',#8057,#6600,#6601);
#6268=AXIS2_PLACEMENT_3D('',#8063,#6605,#6606);
#6269=AXIS2_PLACEMENT_3D('',#8072,#6611,#6612);
#6270=AXIS2_PLACEMENT_3D('',#8081,#6617,#6618);
#6271=AXIS2_PLACEMENT_3D('',#8084,#6621,#6622);
#6272=AXIS2_PLACEMENT_3D('',#8093,#6627,#6628);
#6273=AXIS2_PLACEMENT_3D('',#8099,#6632,#6633);
#6274=AXIS2_PLACEMENT_3D('',#8105,#6637,#6638);
#6275=AXIS2_PLACEMENT_3D('',#8114,#6643,#6644);
#6276=AXIS2_PLACEMENT_3D('',#8120,#6648,#6649);
#6277=AXIS2_PLACEMENT_3D('',#8126,#6653,#6654);
#6278=AXIS2_PLACEMENT_3D('',#8135,#6659,#6660);
#6279=AXIS2_PLACEMENT_3D('',#8141,#6664,#6665);
#6280=AXIS2_PLACEMENT_3D('',#8147,#6669,#6670);
#6281=AXIS2_PLACEMENT_3D('',#8150,#6673,#6674);
#6282=AXIS2_PLACEMENT_3D('',#8159,#6679,#6680);
#6283=AXIS2_PLACEMENT_3D('',#8165,#6684,#6685);
#6284=AXIS2_PLACEMENT_3D('',#8171,#6689,#6690);
#6285=AXIS2_PLACEMENT_3D('',#8174,#6693,#6694);
#6286=AXIS2_PLACEMENT_3D('',#8183,#6699,#6700);
#6287=AXIS2_PLACEMENT_3D('',#8192,#6705,#6706);
#6288=AXIS2_PLACEMENT_3D('',#8195,#6709,#6710);
#6289=AXIS2_PLACEMENT_3D('',#8204,#6715,#6716);
#6290=AXIS2_PLACEMENT_3D('',#8210,#6720,#6721);
#6291=AXIS2_PLACEMENT_3D('',#8216,#6725,#6726);
#6292=AXIS2_PLACEMENT_3D('',#8219,#6729,#6730);
#6293=AXIS2_PLACEMENT_3D('',#8228,#6735,#6736);
#6294=AXIS2_PLACEMENT_3D('',#8237,#6741,#6742);
#6295=AXIS2_PLACEMENT_3D('',#8240,#6745,#6746);
#6296=AXIS2_PLACEMENT_3D('',#8249,#6751,#6752);
#6297=AXIS2_PLACEMENT_3D('',#8255,#6756,#6757);
#6298=AXIS2_PLACEMENT_3D('',#8261,#6761,#6762);
#6299=AXIS2_PLACEMENT_3D('',#8264,#6765,#6766);
#6300=AXIS2_PLACEMENT_3D('',#8273,#6771,#6772);
#6301=AXIS2_PLACEMENT_3D('',#8279,#6776,#6777);
#6302=AXIS2_PLACEMENT_3D('',#8285,#6781,#6782);
#6303=AXIS2_PLACEMENT_3D('',#8288,#6785,#6786);
#6304=AXIS2_PLACEMENT_3D('',#8297,#6791,#6792);
#6305=AXIS2_PLACEMENT_3D('',#8303,#6796,#6797);
#6306=AXIS2_PLACEMENT_3D('',#8309,#6801,#6802);
#6307=AXIS2_PLACEMENT_3D('',#8312,#6805,#6806);
#6308=AXIS2_PLACEMENT_3D('',#8321,#6811,#6812);
#6309=AXIS2_PLACEMENT_3D('',#8327,#6816,#6817);
#6310=AXIS2_PLACEMENT_3D('',#8333,#6821,#6822);
#6311=AXIS2_PLACEMENT_3D('',#8342,#6827,#6828);
#6312=AXIS2_PLACEMENT_3D('',#8348,#6832,#6833);
#6313=AXIS2_PLACEMENT_3D('',#8354,#6837,#6838);
#6314=AXIS2_PLACEMENT_3D('',#8357,#6841,#6842);
#6315=AXIS2_PLACEMENT_3D('',#8366,#6847,#6848);
#6316=AXIS2_PLACEMENT_3D('',#8372,#6852,#6853);
#6317=AXIS2_PLACEMENT_3D('',#8378,#6857,#6858);
#6318=AXIS2_PLACEMENT_3D('',#8381,#6861,#6862);
#6319=AXIS2_PLACEMENT_3D('',#8390,#6867,#6868);
#6320=AXIS2_PLACEMENT_3D('',#8396,#6872,#6873);
#6321=AXIS2_PLACEMENT_3D('',#8402,#6877,#6878);
#6322=AXIS2_PLACEMENT_3D('',#8405,#6881,#6882);
#6323=AXIS2_PLACEMENT_3D('',#8414,#6887,#6888);
#6324=AXIS2_PLACEMENT_3D('',#8420,#6892,#6893);
#6325=AXIS2_PLACEMENT_3D('',#8426,#6897,#6898);
#6326=AXIS2_PLACEMENT_3D('',#8429,#6901,#6902);
#6327=AXIS2_PLACEMENT_3D('',#8438,#6907,#6908);
#6328=AXIS2_PLACEMENT_3D('',#8444,#6912,#6913);
#6329=AXIS2_PLACEMENT_3D('',#8450,#6917,#6918);
#6330=AXIS2_PLACEMENT_3D('',#8459,#6923,#6924);
#6331=AXIS2_PLACEMENT_3D('',#8465,#6928,#6929);
#6332=AXIS2_PLACEMENT_3D('',#8471,#6933,#6934);
#6333=AXIS2_PLACEMENT_3D('',#8480,#6939,#6940);
#6334=AXIS2_PLACEMENT_3D('',#8486,#6944,#6945);
#6335=AXIS2_PLACEMENT_3D('',#8492,#6949,#6950);
#6336=AXIS2_PLACEMENT_3D('',#8495,#6953,#6954);
#6337=AXIS2_PLACEMENT_3D('',#8504,#6959,#6960);
#6338=AXIS2_PLACEMENT_3D('',#8510,#6964,#6965);
#6339=AXIS2_PLACEMENT_3D('',#8516,#6969,#6970);
#6340=AXIS2_PLACEMENT_3D('',#8519,#6973,#6974);
#6341=AXIS2_PLACEMENT_3D('',#8528,#6979,#6980);
#6342=AXIS2_PLACEMENT_3D('',#8534,#6984,#6985);
#6343=AXIS2_PLACEMENT_3D('',#8540,#6989,#6990);
#6344=AXIS2_PLACEMENT_3D('',#8543,#6993,#6994);
#6345=AXIS2_PLACEMENT_3D('',#8552,#6999,#7000);
#6346=AXIS2_PLACEMENT_3D('',#8558,#7004,#7005);
#6347=AXIS2_PLACEMENT_3D('',#8564,#7009,#7010);
#6348=AXIS2_PLACEMENT_3D('',#8567,#7013,#7014);
#6349=AXIS2_PLACEMENT_3D('',#8576,#7019,#7020);
#6350=AXIS2_PLACEMENT_3D('',#8582,#7024,#7025);
#6351=AXIS2_PLACEMENT_3D('',#8588,#7029,#7030);
#6352=AXIS2_PLACEMENT_3D('',#8597,#7035,#7036);
#6353=AXIS2_PLACEMENT_3D('',#8603,#7040,#7041);
#6354=AXIS2_PLACEMENT_3D('',#8609,#7045,#7046);
#6355=AXIS2_PLACEMENT_3D('',#8618,#7051,#7052);
#6356=AXIS2_PLACEMENT_3D('',#8624,#7056,#7057);
#6357=AXIS2_PLACEMENT_3D('',#8630,#7061,#7062);
#6358=AXIS2_PLACEMENT_3D('',#8639,#7067,#7068);
#6359=AXIS2_PLACEMENT_3D('',#8645,#7072,#7073);
#6360=AXIS2_PLACEMENT_3D('',#8651,#7077,#7078);
#6361=AXIS2_PLACEMENT_3D('',#8654,#7081,#7082);
#6362=AXIS2_PLACEMENT_3D('',#8663,#7087,#7088);
#6363=AXIS2_PLACEMENT_3D('',#8672,#7093,#7094);
#6364=AXIS2_PLACEMENT_3D('',#8675,#7097,#7098);
#6365=AXIS2_PLACEMENT_3D('',#8684,#7103,#7104);
#6366=AXIS2_PLACEMENT_3D('',#8690,#7108,#7109);
#6367=AXIS2_PLACEMENT_3D('',#8696,#7113,#7114);
#6368=AXIS2_PLACEMENT_3D('',#8699,#7117,#7118);
#6369=AXIS2_PLACEMENT_3D('',#8708,#7123,#7124);
#6370=AXIS2_PLACEMENT_3D('',#8714,#7128,#7129);
#6371=AXIS2_PLACEMENT_3D('',#8720,#7133,#7134);
#6372=AXIS2_PLACEMENT_3D('',#8729,#7139,#7140);
#6373=AXIS2_PLACEMENT_3D('',#8735,#7144,#7145);
#6374=AXIS2_PLACEMENT_3D('',#8741,#7149,#7150);
#6375=AXIS2_PLACEMENT_3D('',#8744,#7153,#7154);
#6376=AXIS2_PLACEMENT_3D('',#8753,#7159,#7160);
#6377=AXIS2_PLACEMENT_3D('',#8762,#7165,#7166);
#6378=AXIS2_PLACEMENT_3D('',#8765,#7169,#7170);
#6379=AXIS2_PLACEMENT_3D('',#8774,#7175,#7176);
#6380=AXIS2_PLACEMENT_3D('',#8780,#7180,#7181);
#6381=AXIS2_PLACEMENT_3D('',#8786,#7185,#7186);
#6382=AXIS2_PLACEMENT_3D('',#8789,#7189,#7190);
#6383=AXIS2_PLACEMENT_3D('',#8798,#7195,#7196);
#6384=AXIS2_PLACEMENT_3D('',#8804,#7200,#7201);
#6385=AXIS2_PLACEMENT_3D('',#8810,#7205,#7206);
#6386=AXIS2_PLACEMENT_3D('',#8813,#7209,#7210);
#6387=AXIS2_PLACEMENT_3D('',#8822,#7215,#7216);
#6388=AXIS2_PLACEMENT_3D('',#8828,#7220,#7221);
#6389=AXIS2_PLACEMENT_3D('',#8834,#7225,#7226);
#6390=AXIS2_PLACEMENT_3D('',#8837,#7229,#7230);
#6391=AXIS2_PLACEMENT_3D('',#8846,#7235,#7236);
#6392=AXIS2_PLACEMENT_3D('',#8852,#7240,#7241);
#6393=AXIS2_PLACEMENT_3D('',#8858,#7245,#7246);
#6394=AXIS2_PLACEMENT_3D('',#8861,#7249,#7250);
#6395=AXIS2_PLACEMENT_3D('',#8870,#7255,#7256);
#6396=AXIS2_PLACEMENT_3D('',#8876,#7260,#7261);
#6397=AXIS2_PLACEMENT_3D('',#8882,#7265,#7266);
#6398=AXIS2_PLACEMENT_3D('',#8891,#7271,#7272);
#6399=AXIS2_PLACEMENT_3D('',#8897,#7276,#7277);
#6400=AXIS2_PLACEMENT_3D('',#8903,#7281,#7282);
#6401=AXIS2_PLACEMENT_3D('',#8906,#7285,#7286);
#6402=AXIS2_PLACEMENT_3D('',#8915,#7291,#7292);
#6403=AXIS2_PLACEMENT_3D('',#8921,#7296,#7297);
#6404=AXIS2_PLACEMENT_3D('',#8927,#7301,#7302);
#6405=AXIS2_PLACEMENT_3D('',#8930,#7305,#7306);
#6406=AXIS2_PLACEMENT_3D('',#8939,#7311,#7312);
#6407=AXIS2_PLACEMENT_3D('',#8945,#7316,#7317);
#6408=AXIS2_PLACEMENT_3D('',#8951,#7321,#7322);
#6409=AXIS2_PLACEMENT_3D('',#8954,#7325,#7326);
#6410=AXIS2_PLACEMENT_3D('',#8963,#7331,#7332);
#6411=AXIS2_PLACEMENT_3D('',#8972,#7337,#7338);
#6412=AXIS2_PLACEMENT_3D('',#8975,#7341,#7342);
#6413=AXIS2_PLACEMENT_3D('',#8984,#7347,#7348);
#6414=AXIS2_PLACEMENT_3D('',#8990,#7352,#7353);
#6415=AXIS2_PLACEMENT_3D('',#8996,#7357,#7358);
#6416=AXIS2_PLACEMENT_3D('',#9005,#7363,#7364);
#6417=AXIS2_PLACEMENT_3D('',#9011,#7368,#7369);
#6418=AXIS2_PLACEMENT_3D('',#9017,#7373,#7374);
#6419=AXIS2_PLACEMENT_3D('',#9020,#7377,#7378);
#6420=AXIS2_PLACEMENT_3D('',#9029,#7383,#7384);
#6421=AXIS2_PLACEMENT_3D('',#9035,#7388,#7389);
#6422=AXIS2_PLACEMENT_3D('',#9041,#7393,#7394);
#6423=AXIS2_PLACEMENT_3D('',#9044,#7397,#7398);
#6424=AXIS2_PLACEMENT_3D('',#9050,#7402,#7403);
#6425=AXIS2_PLACEMENT_3D('',#9056,#7407,#7408);
#6426=AXIS2_PLACEMENT_3D('',#9059,#7411,#7412);
#6427=AXIS2_PLACEMENT_3D('',#9062,#7415,#7416);
#6428=AXIS2_PLACEMENT_3D('',#9065,#7419,#7420);
#6429=AXIS2_PLACEMENT_3D('',#9068,#7423,#7424);
#6430=AXIS2_PLACEMENT_3D('',#9071,#7427,#7428);
#6431=AXIS2_PLACEMENT_3D('',#9074,#7431,#7432);
#6432=AXIS2_PLACEMENT_3D('',#9077,#7435,#7436);
#6433=AXIS2_PLACEMENT_3D('',#9080,#7439,#7440);
#6434=AXIS2_PLACEMENT_3D('',#9086,#7444,#7445);
#6435=AXIS2_PLACEMENT_3D('',#9089,#7448,#7449);
#6436=AXIS2_PLACEMENT_3D('',#9095,#7453,#7454);
#6437=AXIS2_PLACEMENT_3D('',#9098,#7457,#7458);
#6438=AXIS2_PLACEMENT_3D('',#9101,#7461,#7462);
#6439=AXIS2_PLACEMENT_3D('',#9104,#7465,#7466);
#6440=AXIS2_PLACEMENT_3D('',#9107,#7469,#7470);
#6441=AXIS2_PLACEMENT_3D('',#9110,#7473,#7474);
#6442=AXIS2_PLACEMENT_3D('',#9113,#7477,#7478);
#6443=AXIS2_PLACEMENT_3D('',#9317,#7582,#7583);
#6444=AXIS2_PLACEMENT_3D('',#9323,#7587,#7588);
#6445=AXIS2_PLACEMENT_3D('',#9327,#7591,#7592);
#6446=AXIS2_PLACEMENT_3D('',#9331,#7595,#7596);
#6447=AXIS2_PLACEMENT_3D('',#9333,#7598,#7599);
#6448=AXIS2_PLACEMENT_3D('',#9339,#7603,#7604);
#6449=AXIS2_PLACEMENT_3D('',#9343,#7607,#7608);
#6450=AXIS2_PLACEMENT_3D('',#9347,#7611,#7612);
#6451=AXIS2_PLACEMENT_3D('',#9353,#7616,#7617);
#6452=AXIS2_PLACEMENT_3D('',#9357,#7620,#7621);
#6453=AXIS2_PLACEMENT_3D('',#9361,#7624,#7625);
#6454=AXIS2_PLACEMENT_3D('',#9363,#7627,#7628);
#6455=AXIS2_PLACEMENT_3D('',#9369,#7632,#7633);
#6456=AXIS2_PLACEMENT_3D('',#9373,#7636,#7637);
#6457=AXIS2_PLACEMENT_3D('',#9377,#7640,#7641);
#6458=AXIS2_PLACEMENT_3D('',#9383,#7645,#7646);
#6459=AXIS2_PLACEMENT_3D('',#9387,#7649,#7650);
#6460=AXIS2_PLACEMENT_3D('',#9391,#7653,#7654);
#6461=AXIS2_PLACEMENT_3D('',#9393,#7656,#7657);
#6462=AXIS2_PLACEMENT_3D('',#9399,#7661,#7662);
#6463=AXIS2_PLACEMENT_3D('',#9403,#7665,#7666);
#6464=AXIS2_PLACEMENT_3D('',#9407,#7669,#7670);
#6465=AXIS2_PLACEMENT_3D('',#9409,#7672,#7673);
#6466=AXIS2_PLACEMENT_3D('',#9413,#7676,#7677);
#6467=AXIS2_PLACEMENT_3D('',#9417,#7680,#7681);
#6468=AXIS2_PLACEMENT_3D('',#9421,#7684,#7685);
#6469=AXIS2_PLACEMENT_3D('',#9425,#7688,#7689);
#6470=AXIS2_PLACEMENT_3D('',#9429,#7692,#7693);
#6471=AXIS2_PLACEMENT_3D('',#9577,#7770,#7771);
#6472=AXIS2_PLACEMENT_3D('',#9579,#7773,#7774);
#6473=AXIS2_PLACEMENT_3D('',#9581,#7776,#7777);
#6474=AXIS2_PLACEMENT_3D('',#9582,#7778,#7779);
#6475=AXIS2_PLACEMENT_3D('',#9583,#7780,#7781);
#6476=AXIS2_PLACEMENT_3D('',#9586,#7784,#7785);
#6477=AXIS2_PLACEMENT_3D('',#9588,#7787,#7788);
#6478=AXIS2_PLACEMENT_3D('',#9590,#7790,#7791);
#6479=AXIS2_PLACEMENT_3D('',#9591,#7792,#7793);
#6480=AXIS2_PLACEMENT_3D('',#9593,#7795,#7796);
#6481=AXIS2_PLACEMENT_3D('',#9595,#7798,#7799);
#6482=AXIS2_PLACEMENT_3D('',#9598,#7802,#7803);
#6483=AXIS2_PLACEMENT_3D('',#9600,#7805,#7806);
#6484=AXIS2_PLACEMENT_3D('',#9602,#7808,#7809);
#6485=AXIS2_PLACEMENT_3D('',#9605,#7812,#7813);
#6486=AXIS2_PLACEMENT_3D('',#9607,#7815,#7816);
#6487=AXIS2_PLACEMENT_3D('',#9609,#7818,#7819);
#6488=AXIS2_PLACEMENT_3D('',#9610,#7820,#7821);
#6489=AXIS2_PLACEMENT_3D('',#9613,#7824,#7825);
#6490=AXIS2_PLACEMENT_3D('',#9615,#7827,#7828);
#6491=AXIS2_PLACEMENT_3D('',#9617,#7830,#7831);
#6492=AXIS2_PLACEMENT_3D('',#9618,#7832,#7833);
#6493=AXIS2_PLACEMENT_3D('',#9621,#7836,#7837);
#6494=AXIS2_PLACEMENT_3D('',#9623,#7839,#7840);
#6495=AXIS2_PLACEMENT_3D('',#9625,#7842,#7843);
#6496=AXIS2_PLACEMENT_3D('',#9626,#7844,#7845);
#6497=AXIS2_PLACEMENT_3D('',#9629,#7848,#7849);
#6498=AXIS2_PLACEMENT_3D('',#9631,#7851,#7852);
#6499=AXIS2_PLACEMENT_3D('',#9632,#7853,#7854);
#6500=AXIS2_PLACEMENT_3D('',#9635,#7857,#7858);
#6501=AXIS2_PLACEMENT_3D('',#9636,#7859,#7860);
#6502=AXIS2_PLACEMENT_3D('',#9639,#7863,#7864);
#6503=AXIS2_PLACEMENT_3D('',#9641,#7866,#7867);
#6504=AXIS2_PLACEMENT_3D('',#9643,#7869,#7870);
#6505=AXIS2_PLACEMENT_3D('',#9644,#7871,#7872);
#6506=AXIS2_PLACEMENT_3D('',#9647,#7875,#7876);
#6507=AXIS2_PLACEMENT_3D('',#9649,#7878,#7879);
#6508=AXIS2_PLACEMENT_3D('',#9651,#7881,#7882);
#6509=AXIS2_PLACEMENT_3D('',#9652,#7883,#7884);
#6510=AXIS2_PLACEMENT_3D('',#9654,#7886,#7887);
#6511=AXIS2_PLACEMENT_3D('',#9656,#7889,#7890);
#6512=AXIS2_PLACEMENT_3D('',#9659,#7893,#7894);
#6513=AXIS2_PLACEMENT_3D('',#9661,#7896,#7897);
#6514=AXIS2_PLACEMENT_3D('',#9663,#7899,#7900);
#6515=AXIS2_PLACEMENT_3D('',#9666,#7903,#7904);
#6516=AXIS2_PLACEMENT_3D('',#9668,#7906,#7907);
#6517=AXIS2_PLACEMENT_3D('',#9670,#7909,#7910);
#6518=AXIS2_PLACEMENT_3D('',#9673,#7913,#7914);
#6519=AXIS2_PLACEMENT_3D('',#9675,#7916,#7917);
#6520=AXIS2_PLACEMENT_3D('',#9677,#7919,#7920);
#6521=AXIS2_PLACEMENT_3D('',#9678,#7921,#7922);
#6522=AXIS2_PLACEMENT_3D('',#9681,#7925,#7926);
#6523=AXIS2_PLACEMENT_3D('',#9683,#7928,#7929);
#6524=AXIS2_PLACEMENT_3D('',#9685,#7931,#7932);
#6525=AXIS2_PLACEMENT_3D('',#9686,#7933,#7934);
#6526=AXIS2_PLACEMENT_3D('',#9689,#7937,#7938);
#6527=AXIS2_PLACEMENT_3D('',#9691,#7940,#7941);
#6528=AXIS2_PLACEMENT_3D('',#9693,#7943,#7944);
#6529=AXIS2_PLACEMENT_3D('',#9696,#7947,#7948);
#6530=AXIS2_PLACEMENT_3D('',#9698,#7950,#7951);
#6531=AXIS2_PLACEMENT_3D('',#9700,#7953,#7954);
#6532=AXIS2_PLACEMENT_3D('',#9701,#7955,#7956);
#6533=AXIS2_PLACEMENT_3D('',#9704,#7959,#7960);
#6534=AXIS2_PLACEMENT_3D('',#9706,#7962,#7963);
#6535=AXIS2_PLACEMENT_3D('',#9708,#7965,#7966);
#6536=AXIS2_PLACEMENT_3D('',#9709,#7967,#7968);
#6537=AXIS2_PLACEMENT_3D('',#9712,#7971,#7972);
#6538=AXIS2_PLACEMENT_3D('',#9714,#7974,#7975);
#6539=AXIS2_PLACEMENT_3D('',#9716,#7977,#7978);
#6540=AXIS2_PLACEMENT_3D('',#9717,#7979,#7980);
#6541=AXIS2_PLACEMENT_3D('',#9718,#7981,#7982);
#6542=AXIS2_PLACEMENT_3D('',#9719,#7983,#7984);
#6543=AXIS2_PLACEMENT_3D('',#9720,#7985,#7986);
#6544=AXIS2_PLACEMENT_3D('',#9721,#7987,#7988);
#6545=AXIS2_PLACEMENT_3D('',#9722,#7989,#7990);
#6546=AXIS2_PLACEMENT_3D('',#9723,#7991,#7992);
#6547=DIRECTION('axis',(0.,0.,1.));
#6548=DIRECTION('refdir',(1.,0.,0.));
#6549=DIRECTION('center_axis',(0.,-1.,0.));
#6550=DIRECTION('ref_axis',(-1.,0.,0.));
#6551=DIRECTION('',(-1.,0.,0.));
#6552=DIRECTION('',(0.,0.,-1.));
#6553=DIRECTION('',(-1.,0.,0.));
#6554=DIRECTION('',(0.,0.,-1.));
#6555=DIRECTION('center_axis',(1.,0.,0.));
#6556=DIRECTION('ref_axis',(0.,-1.,0.));
#6557=DIRECTION('',(0.,-1.,0.));
#6558=DIRECTION('',(0.,0.,-1.));
#6559=DIRECTION('',(0.,-1.,0.));
#6560=DIRECTION('center_axis',(0.,1.,0.));
#6561=DIRECTION('ref_axis',(1.,0.,0.));
#6562=DIRECTION('',(1.,0.,0.));
#6563=DIRECTION('',(0.,0.,-1.));
#6564=DIRECTION('',(1.,0.,0.));
#6565=DIRECTION('center_axis',(-1.,0.,0.));
#6566=DIRECTION('ref_axis',(0.,1.,0.));
#6567=DIRECTION('',(0.,1.,0.));
#6568=DIRECTION('',(0.,1.,0.));
#6569=DIRECTION('center_axis',(-1.,0.,0.));
#6570=DIRECTION('ref_axis',(0.,1.,0.));
#6571=DIRECTION('',(0.,1.,0.));
#6572=DIRECTION('',(0.,0.,-1.));
#6573=DIRECTION('',(0.,1.,0.));
#6574=DIRECTION('',(0.,0.,-1.));
#6575=DIRECTION('center_axis',(0.,-1.,0.));
#6576=DIRECTION('ref_axis',(-1.,0.,0.));
#6577=DIRECTION('',(-1.,0.,0.));
#6578=DIRECTION('',(0.,0.,-1.));
#6579=DIRECTION('',(-1.,0.,0.));
#6580=DIRECTION('center_axis',(1.,0.,0.));
#6581=DIRECTION('ref_axis',(0.,-1.,0.));
#6582=DIRECTION('',(0.,-1.,0.));
#6583=DIRECTION('',(0.,0.,-1.));
#6584=DIRECTION('',(0.,-1.,0.));
#6585=DIRECTION('center_axis',(0.,1.,0.));
#6586=DIRECTION('ref_axis',(1.,0.,0.));
#6587=DIRECTION('',(1.,0.,0.));
#6588=DIRECTION('',(1.,0.,0.));
#6589=DIRECTION('center_axis',(-1.,0.,0.));
#6590=DIRECTION('ref_axis',(0.,1.,0.));
#6591=DIRECTION('',(0.,1.,0.));
#6592=DIRECTION('',(0.,0.,-1.));
#6593=DIRECTION('',(0.,1.,0.));
#6594=DIRECTION('',(0.,0.,-1.));
#6595=DIRECTION('center_axis',(0.,-1.,0.));
#6596=DIRECTION('ref_axis',(-1.,0.,0.));
#6597=DIRECTION('',(-1.,0.,0.));
#6598=DIRECTION('',(0.,0.,1.));
#6599=DIRECTION('',(-1.,0.,0.));
#6600=DIRECTION('center_axis',(0.,1.,0.));
#6601=DIRECTION('ref_axis',(1.,0.,0.));
#6602=DIRECTION('',(1.,0.,0.));
#6603=DIRECTION('',(1.,0.,0.));
#6604=DIRECTION('',(0.,0.,-1.));
#6605=DIRECTION('center_axis',(0.,-1.,0.));
#6606=DIRECTION('ref_axis',(-1.,0.,0.));
#6607=DIRECTION('',(-1.,0.,0.));
#6608=DIRECTION('',(0.,0.,1.));
#6609=DIRECTION('',(-1.,0.,0.));
#6610=DIRECTION('',(0.,0.,-1.));
#6611=DIRECTION('center_axis',(0.,1.,0.));
#6612=DIRECTION('ref_axis',(1.,0.,0.));
#6613=DIRECTION('',(1.,0.,0.));
#6614=DIRECTION('',(0.,0.,-1.));
#6615=DIRECTION('',(1.,0.,0.));
#6616=DIRECTION('',(0.,0.,-1.));
#6617=DIRECTION('center_axis',(-1.,0.,0.));
#6618=DIRECTION('ref_axis',(0.,1.,0.));
#6619=DIRECTION('',(0.,1.,0.));
#6620=DIRECTION('',(0.,1.,0.));
#6621=DIRECTION('center_axis',(0.,-1.,0.));
#6622=DIRECTION('ref_axis',(-1.,0.,0.));
#6623=DIRECTION('',(0.,0.,-1.));
#6624=DIRECTION('',(-1.,0.,0.));
#6625=DIRECTION('',(0.,0.,-1.));
#6626=DIRECTION('',(-1.,0.,0.));
#6627=DIRECTION('center_axis',(1.,0.,0.));
#6628=DIRECTION('ref_axis',(0.,-1.,0.));
#6629=DIRECTION('',(0.,-1.,0.));
#6630=DIRECTION('',(0.,0.,-1.));
#6631=DIRECTION('',(0.,-1.,0.));
#6632=DIRECTION('center_axis',(0.,1.,0.));
#6633=DIRECTION('ref_axis',(1.,0.,0.));
#6634=DIRECTION('',(0.,0.,1.));
#6635=DIRECTION('',(1.,0.,0.));
#6636=DIRECTION('',(1.,0.,0.));
#6637=DIRECTION('center_axis',(0.,-1.,0.));
#6638=DIRECTION('ref_axis',(-1.,0.,0.));
#6639=DIRECTION('',(0.,0.,-1.));
#6640=DIRECTION('',(-1.,0.,0.));
#6641=DIRECTION('',(0.,0.,-1.));
#6642=DIRECTION('',(-1.,0.,0.));
#6643=DIRECTION('center_axis',(1.,0.,0.));
#6644=DIRECTION('ref_axis',(0.,-1.,0.));
#6645=DIRECTION('',(0.,-1.,0.));
#6646=DIRECTION('',(0.,0.,-1.));
#6647=DIRECTION('',(0.,-1.,0.));
#6648=DIRECTION('center_axis',(0.,1.,0.));
#6649=DIRECTION('ref_axis',(1.,0.,0.));
#6650=DIRECTION('',(0.,0.,1.));
#6651=DIRECTION('',(1.,0.,0.));
#6652=DIRECTION('',(1.,0.,0.));
#6653=DIRECTION('center_axis',(-1.,0.,0.));
#6654=DIRECTION('ref_axis',(0.,1.,0.));
#6655=DIRECTION('',(0.,1.,0.));
#6656=DIRECTION('',(0.,0.,-1.));
#6657=DIRECTION('',(0.,1.,0.));
#6658=DIRECTION('',(0.,0.,-1.));
#6659=DIRECTION('center_axis',(0.,-1.,0.));
#6660=DIRECTION('ref_axis',(-1.,0.,0.));
#6661=DIRECTION('',(-1.,0.,0.));
#6662=DIRECTION('',(0.,0.,-1.));
#6663=DIRECTION('',(-1.,0.,0.));
#6664=DIRECTION('center_axis',(1.,0.,0.));
#6665=DIRECTION('ref_axis',(0.,-1.,0.));
#6666=DIRECTION('',(0.,-1.,0.));
#6667=DIRECTION('',(0.,0.,-1.));
#6668=DIRECTION('',(0.,1.,0.));
#6669=DIRECTION('center_axis',(0.,1.,0.));
#6670=DIRECTION('ref_axis',(1.,0.,0.));
#6671=DIRECTION('',(1.,0.,0.));
#6672=DIRECTION('',(-1.,0.,0.));
#6673=DIRECTION('center_axis',(-1.,0.,0.));
#6674=DIRECTION('ref_axis',(0.,1.,0.));
#6675=DIRECTION('',(0.,1.,0.));
#6676=DIRECTION('',(0.,0.,-1.));
#6677=DIRECTION('',(0.,1.,0.));
#6678=DIRECTION('',(0.,0.,-1.));
#6679=DIRECTION('center_axis',(0.,-1.,0.));
#6680=DIRECTION('ref_axis',(-1.,0.,0.));
#6681=DIRECTION('',(-1.,0.,0.));
#6682=DIRECTION('',(0.,0.,-1.));
#6683=DIRECTION('',(-1.,0.,0.));
#6684=DIRECTION('center_axis',(1.,0.,0.));
#6685=DIRECTION('ref_axis',(0.,-1.,0.));
#6686=DIRECTION('',(0.,-1.,0.));
#6687=DIRECTION('',(0.,0.,-1.));
#6688=DIRECTION('',(0.,-1.,0.));
#6689=DIRECTION('center_axis',(0.,1.,0.));
#6690=DIRECTION('ref_axis',(1.,0.,0.));
#6691=DIRECTION('',(1.,0.,0.));
#6692=DIRECTION('',(1.,0.,0.));
#6693=DIRECTION('center_axis',(0.,1.,0.));
#6694=DIRECTION('ref_axis',(1.,0.,0.));
#6695=DIRECTION('',(0.,0.,-1.));
#6696=DIRECTION('',(1.,0.,0.));
#6697=DIRECTION('',(0.,0.,-1.));
#6698=DIRECTION('',(1.,0.,0.));
#6699=DIRECTION('center_axis',(0.,-1.,0.));
#6700=DIRECTION('ref_axis',(-1.,0.,0.));
#6701=DIRECTION('',(0.,0.,1.));
#6702=DIRECTION('',(-1.,0.,0.));
#6703=DIRECTION('',(0.,0.,-1.));
#6704=DIRECTION('',(-1.,0.,0.));
#6705=DIRECTION('center_axis',(-1.,0.,0.));
#6706=DIRECTION('ref_axis',(0.,1.,0.));
#6707=DIRECTION('',(0.,1.,0.));
#6708=DIRECTION('',(0.,1.,0.));
#6709=DIRECTION('center_axis',(-1.,0.,0.));
#6710=DIRECTION('ref_axis',(0.,1.,0.));
#6711=DIRECTION('',(0.,1.,0.));
#6712=DIRECTION('',(0.,0.,-1.));
#6713=DIRECTION('',(0.,1.,0.));
#6714=DIRECTION('',(0.,0.,-1.));
#6715=DIRECTION('center_axis',(0.,-1.,0.));
#6716=DIRECTION('ref_axis',(-1.,0.,0.));
#6717=DIRECTION('',(-1.,0.,0.));
#6718=DIRECTION('',(0.,0.,-1.));
#6719=DIRECTION('',(-1.,0.,0.));
#6720=DIRECTION('center_axis',(1.,0.,0.));
#6721=DIRECTION('ref_axis',(0.,-1.,0.));
#6722=DIRECTION('',(0.,-1.,0.));
#6723=DIRECTION('',(0.,0.,-1.));
#6724=DIRECTION('',(0.,-1.,0.));
#6725=DIRECTION('center_axis',(0.,1.,0.));
#6726=DIRECTION('ref_axis',(1.,0.,0.));
#6727=DIRECTION('',(1.,0.,0.));
#6728=DIRECTION('',(1.,0.,0.));
#6729=DIRECTION('center_axis',(0.,1.,0.));
#6730=DIRECTION('ref_axis',(1.,0.,0.));
#6731=DIRECTION('',(0.,0.,-1.));
#6732=DIRECTION('',(1.,0.,0.));
#6733=DIRECTION('',(0.,0.,-1.));
#6734=DIRECTION('',(1.,0.,0.));
#6735=DIRECTION('center_axis',(0.,-1.,0.));
#6736=DIRECTION('ref_axis',(-1.,0.,0.));
#6737=DIRECTION('',(0.,0.,1.));
#6738=DIRECTION('',(-1.,0.,0.));
#6739=DIRECTION('',(0.,0.,-1.));
#6740=DIRECTION('',(-1.,0.,0.));
#6741=DIRECTION('center_axis',(-1.,0.,0.));
#6742=DIRECTION('ref_axis',(0.,1.,0.));
#6743=DIRECTION('',(0.,1.,0.));
#6744=DIRECTION('',(0.,1.,0.));
#6745=DIRECTION('center_axis',(-1.,0.,0.));
#6746=DIRECTION('ref_axis',(0.,1.,0.));
#6747=DIRECTION('',(0.,1.,0.));
#6748=DIRECTION('',(0.,0.,-1.));
#6749=DIRECTION('',(0.,1.,0.));
#6750=DIRECTION('',(0.,0.,-1.));
#6751=DIRECTION('center_axis',(0.,-1.,0.));
#6752=DIRECTION('ref_axis',(-1.,0.,0.));
#6753=DIRECTION('',(-1.,0.,0.));
#6754=DIRECTION('',(0.,0.,-1.));
#6755=DIRECTION('',(-1.,0.,0.));
#6756=DIRECTION('center_axis',(1.,0.,0.));
#6757=DIRECTION('ref_axis',(0.,-1.,0.));
#6758=DIRECTION('',(0.,-1.,0.));
#6759=DIRECTION('',(0.,0.,-1.));
#6760=DIRECTION('',(0.,-1.,0.));
#6761=DIRECTION('center_axis',(0.,1.,0.));
#6762=DIRECTION('ref_axis',(1.,0.,0.));
#6763=DIRECTION('',(1.,0.,0.));
#6764=DIRECTION('',(1.,0.,0.));
#6765=DIRECTION('center_axis',(-1.,0.,0.));
#6766=DIRECTION('ref_axis',(0.,1.,0.));
#6767=DIRECTION('',(0.,1.,0.));
#6768=DIRECTION('',(0.,0.,-1.));
#6769=DIRECTION('',(0.,1.,0.));
#6770=DIRECTION('',(0.,0.,-1.));
#6771=DIRECTION('center_axis',(0.,-1.,0.));
#6772=DIRECTION('ref_axis',(-1.,0.,0.));
#6773=DIRECTION('',(-1.,0.,0.));
#6774=DIRECTION('',(0.,0.,-1.));
#6775=DIRECTION('',(-1.,0.,0.));
#6776=DIRECTION('center_axis',(1.,0.,0.));
#6777=DIRECTION('ref_axis',(0.,-1.,0.));
#6778=DIRECTION('',(0.,-1.,0.));
#6779=DIRECTION('',(0.,0.,-1.));
#6780=DIRECTION('',(0.,-1.,0.));
#6781=DIRECTION('center_axis',(0.,1.,0.));
#6782=DIRECTION('ref_axis',(1.,0.,0.));
#6783=DIRECTION('',(1.,0.,0.));
#6784=DIRECTION('',(1.,0.,0.));
#6785=DIRECTION('center_axis',(-1.,0.,0.));
#6786=DIRECTION('ref_axis',(0.,1.,0.));
#6787=DIRECTION('',(0.,1.,0.));
#6788=DIRECTION('',(0.,0.,-1.));
#6789=DIRECTION('',(0.,1.,0.));
#6790=DIRECTION('',(0.,0.,-1.));
#6791=DIRECTION('center_axis',(0.,-1.,0.));
#6792=DIRECTION('ref_axis',(-1.,0.,0.));
#6793=DIRECTION('',(-1.,0.,0.));
#6794=DIRECTION('',(0.,0.,-1.));
#6795=DIRECTION('',(-1.,0.,0.));
#6796=DIRECTION('center_axis',(1.,0.,0.));
#6797=DIRECTION('ref_axis',(0.,-1.,0.));
#6798=DIRECTION('',(0.,-1.,0.));
#6799=DIRECTION('',(0.,0.,-1.));
#6800=DIRECTION('',(0.,1.,0.));
#6801=DIRECTION('center_axis',(0.,1.,0.));
#6802=DIRECTION('ref_axis',(1.,0.,0.));
#6803=DIRECTION('',(1.,0.,0.));
#6804=DIRECTION('',(-1.,0.,0.));
#6805=DIRECTION('center_axis',(-1.,0.,0.));
#6806=DIRECTION('ref_axis',(0.,1.,0.));
#6807=DIRECTION('',(0.,1.,0.));
#6808=DIRECTION('',(0.,0.,-1.));
#6809=DIRECTION('',(0.,1.,0.));
#6810=DIRECTION('',(0.,0.,-1.));
#6811=DIRECTION('center_axis',(0.,-1.,0.));
#6812=DIRECTION('ref_axis',(-1.,0.,0.));
#6813=DIRECTION('',(-1.,0.,0.));
#6814=DIRECTION('',(0.,0.,1.));
#6815=DIRECTION('',(-1.,0.,0.));
#6816=DIRECTION('center_axis',(0.,1.,0.));
#6817=DIRECTION('ref_axis',(1.,0.,0.));
#6818=DIRECTION('',(1.,0.,0.));
#6819=DIRECTION('',(-1.,0.,0.));
#6820=DIRECTION('',(0.,0.,-1.));
#6821=DIRECTION('center_axis',(-1.,0.,0.));
#6822=DIRECTION('ref_axis',(0.,1.,0.));
#6823=DIRECTION('',(0.,1.,0.));
#6824=DIRECTION('',(0.,0.,-1.));
#6825=DIRECTION('',(0.,-1.,0.));
#6826=DIRECTION('',(0.,0.,-1.));
#6827=DIRECTION('center_axis',(0.,-1.,0.));
#6828=DIRECTION('ref_axis',(-1.,0.,0.));
#6829=DIRECTION('',(-1.,0.,0.));
#6830=DIRECTION('',(0.,0.,-1.));
#6831=DIRECTION('',(1.,0.,0.));
#6832=DIRECTION('center_axis',(1.,0.,0.));
#6833=DIRECTION('ref_axis',(0.,-1.,0.));
#6834=DIRECTION('',(0.,-1.,0.));
#6835=DIRECTION('',(0.,0.,-1.));
#6836=DIRECTION('',(0.,-1.,0.));
#6837=DIRECTION('center_axis',(0.,1.,0.));
#6838=DIRECTION('ref_axis',(1.,0.,0.));
#6839=DIRECTION('',(1.,0.,0.));
#6840=DIRECTION('',(1.,0.,0.));
#6841=DIRECTION('center_axis',(-1.,0.,0.));
#6842=DIRECTION('ref_axis',(0.,1.,0.));
#6843=DIRECTION('',(0.,1.,0.));
#6844=DIRECTION('',(0.,0.,-1.));
#6845=DIRECTION('',(0.,1.,0.));
#6846=DIRECTION('',(0.,0.,-1.));
#6847=DIRECTION('center_axis',(0.,-1.,0.));
#6848=DIRECTION('ref_axis',(-1.,0.,0.));
#6849=DIRECTION('',(-1.,0.,0.));
#6850=DIRECTION('',(0.,0.,-1.));
#6851=DIRECTION('',(-1.,0.,0.));
#6852=DIRECTION('center_axis',(1.,0.,0.));
#6853=DIRECTION('ref_axis',(0.,-1.,0.));
#6854=DIRECTION('',(0.,-1.,0.));
#6855=DIRECTION('',(0.,0.,-1.));
#6856=DIRECTION('',(0.,-1.,0.));
#6857=DIRECTION('center_axis',(0.,1.,0.));
#6858=DIRECTION('ref_axis',(1.,0.,0.));
#6859=DIRECTION('',(1.,0.,0.));
#6860=DIRECTION('',(1.,0.,0.));
#6861=DIRECTION('center_axis',(-1.,0.,0.));
#6862=DIRECTION('ref_axis',(0.,1.,0.));
#6863=DIRECTION('',(0.,1.,0.));
#6864=DIRECTION('',(0.,0.,-1.));
#6865=DIRECTION('',(0.,1.,0.));
#6866=DIRECTION('',(0.,0.,-1.));
#6867=DIRECTION('center_axis',(0.,-1.,0.));
#6868=DIRECTION('ref_axis',(-1.,0.,0.));
#6869=DIRECTION('',(-1.,0.,0.));
#6870=DIRECTION('',(0.,0.,-1.));
#6871=DIRECTION('',(-1.,0.,0.));
#6872=DIRECTION('center_axis',(1.,0.,0.));
#6873=DIRECTION('ref_axis',(0.,-1.,0.));
#6874=DIRECTION('',(0.,-1.,0.));
#6875=DIRECTION('',(0.,0.,-1.));
#6876=DIRECTION('',(0.,-1.,0.));
#6877=DIRECTION('center_axis',(0.,1.,0.));
#6878=DIRECTION('ref_axis',(1.,0.,0.));
#6879=DIRECTION('',(1.,0.,0.));
#6880=DIRECTION('',(1.,0.,0.));
#6881=DIRECTION('center_axis',(-1.,0.,0.));
#6882=DIRECTION('ref_axis',(0.,1.,0.));
#6883=DIRECTION('',(0.,1.,0.));
#6884=DIRECTION('',(0.,0.,-1.));
#6885=DIRECTION('',(0.,1.,0.));
#6886=DIRECTION('',(0.,0.,-1.));
#6887=DIRECTION('center_axis',(0.,-1.,0.));
#6888=DIRECTION('ref_axis',(-1.,0.,0.));
#6889=DIRECTION('',(-1.,0.,0.));
#6890=DIRECTION('',(0.,0.,-1.));
#6891=DIRECTION('',(-1.,0.,0.));
#6892=DIRECTION('center_axis',(1.,0.,0.));
#6893=DIRECTION('ref_axis',(0.,-1.,0.));
#6894=DIRECTION('',(0.,-1.,0.));
#6895=DIRECTION('',(0.,0.,-1.));
#6896=DIRECTION('',(0.,-1.,0.));
#6897=DIRECTION('center_axis',(0.,1.,0.));
#6898=DIRECTION('ref_axis',(1.,0.,0.));
#6899=DIRECTION('',(1.,0.,0.));
#6900=DIRECTION('',(1.,0.,0.));
#6901=DIRECTION('center_axis',(0.,-1.,0.));
#6902=DIRECTION('ref_axis',(-1.,0.,0.));
#6903=DIRECTION('',(0.,0.,-1.));
#6904=DIRECTION('',(-1.,0.,0.));
#6905=DIRECTION('',(0.,0.,-1.));
#6906=DIRECTION('',(-1.,0.,0.));
#6907=DIRECTION('center_axis',(1.,0.,0.));
#6908=DIRECTION('ref_axis',(0.,-1.,0.));
#6909=DIRECTION('',(0.,-1.,0.));
#6910=DIRECTION('',(0.,0.,-1.));
#6911=DIRECTION('',(0.,-1.,0.));
#6912=DIRECTION('center_axis',(0.,1.,0.));
#6913=DIRECTION('ref_axis',(1.,0.,0.));
#6914=DIRECTION('',(0.,0.,1.));
#6915=DIRECTION('',(1.,0.,0.));
#6916=DIRECTION('',(1.,0.,0.));
#6917=DIRECTION('center_axis',(0.,-1.,0.));
#6918=DIRECTION('ref_axis',(-1.,0.,0.));
#6919=DIRECTION('',(0.,0.,-1.));
#6920=DIRECTION('',(-1.,0.,0.));
#6921=DIRECTION('',(0.,0.,-1.));
#6922=DIRECTION('',(-1.,0.,0.));
#6923=DIRECTION('center_axis',(1.,0.,0.));
#6924=DIRECTION('ref_axis',(0.,-1.,0.));
#6925=DIRECTION('',(0.,-1.,0.));
#6926=DIRECTION('',(0.,0.,-1.));
#6927=DIRECTION('',(0.,1.,0.));
#6928=DIRECTION('center_axis',(0.,1.,0.));
#6929=DIRECTION('ref_axis',(1.,0.,0.));
#6930=DIRECTION('',(0.,0.,1.));
#6931=DIRECTION('',(-1.,0.,0.));
#6932=DIRECTION('',(1.,0.,0.));
#6933=DIRECTION('center_axis',(-1.,0.,0.));
#6934=DIRECTION('ref_axis',(0.,1.,0.));
#6935=DIRECTION('',(0.,1.,0.));
#6936=DIRECTION('',(0.,0.,-1.));
#6937=DIRECTION('',(0.,1.,0.));
#6938=DIRECTION('',(0.,0.,-1.));
#6939=DIRECTION('center_axis',(0.,-1.,0.));
#6940=DIRECTION('ref_axis',(-1.,0.,0.));
#6941=DIRECTION('',(-1.,0.,0.));
#6942=DIRECTION('',(0.,0.,-1.));
#6943=DIRECTION('',(-1.,0.,0.));
#6944=DIRECTION('center_axis',(1.,0.,0.));
#6945=DIRECTION('ref_axis',(0.,-1.,0.));
#6946=DIRECTION('',(0.,-1.,0.));
#6947=DIRECTION('',(0.,0.,-1.));
#6948=DIRECTION('',(0.,-1.,0.));
#6949=DIRECTION('center_axis',(0.,1.,0.));
#6950=DIRECTION('ref_axis',(1.,0.,0.));
#6951=DIRECTION('',(1.,0.,0.));
#6952=DIRECTION('',(1.,0.,0.));
#6953=DIRECTION('center_axis',(0.,-1.,0.));
#6954=DIRECTION('ref_axis',(-1.,0.,0.));
#6955=DIRECTION('',(-1.,0.,0.));
#6956=DIRECTION('',(0.,0.,-1.));
#6957=DIRECTION('',(-1.,0.,0.));
#6958=DIRECTION('',(0.,0.,-1.));
#6959=DIRECTION('center_axis',(1.,0.,0.));
#6960=DIRECTION('ref_axis',(0.,-1.,0.));
#6961=DIRECTION('',(0.,-1.,0.));
#6962=DIRECTION('',(0.,0.,-1.));
#6963=DIRECTION('',(0.,-1.,0.));
#6964=DIRECTION('center_axis',(0.,1.,0.));
#6965=DIRECTION('ref_axis',(1.,0.,0.));
#6966=DIRECTION('',(1.,0.,0.));
#6967=DIRECTION('',(0.,0.,-1.));
#6968=DIRECTION('',(1.,0.,0.));
#6969=DIRECTION('center_axis',(-1.,0.,0.));
#6970=DIRECTION('ref_axis',(0.,1.,0.));
#6971=DIRECTION('',(0.,1.,0.));
#6972=DIRECTION('',(0.,1.,0.));
#6973=DIRECTION('center_axis',(-1.,0.,0.));
#6974=DIRECTION('ref_axis',(0.,1.,0.));
#6975=DIRECTION('',(0.,1.,0.));
#6976=DIRECTION('',(0.,0.,-1.));
#6977=DIRECTION('',(0.,1.,0.));
#6978=DIRECTION('',(0.,0.,-1.));
#6979=DIRECTION('center_axis',(0.,-1.,0.));
#6980=DIRECTION('ref_axis',(-1.,0.,0.));
#6981=DIRECTION('',(-1.,0.,0.));
#6982=DIRECTION('',(0.,0.,-1.));
#6983=DIRECTION('',(-1.,0.,0.));
#6984=DIRECTION('center_axis',(1.,0.,0.));
#6985=DIRECTION('ref_axis',(0.,-1.,0.));
#6986=DIRECTION('',(0.,-1.,0.));
#6987=DIRECTION('',(0.,0.,-1.));
#6988=DIRECTION('',(0.,-1.,0.));
#6989=DIRECTION('center_axis',(0.,1.,0.));
#6990=DIRECTION('ref_axis',(1.,0.,0.));
#6991=DIRECTION('',(1.,0.,0.));
#6992=DIRECTION('',(1.,0.,0.));
#6993=DIRECTION('center_axis',(-1.,0.,0.));
#6994=DIRECTION('ref_axis',(0.,1.,0.));
#6995=DIRECTION('',(0.,1.,0.));
#6996=DIRECTION('',(0.,0.,-1.));
#6997=DIRECTION('',(0.,1.,0.));
#6998=DIRECTION('',(0.,0.,-1.));
#6999=DIRECTION('center_axis',(0.,-1.,0.));
#7000=DIRECTION('ref_axis',(-1.,0.,0.));
#7001=DIRECTION('',(-1.,0.,0.));
#7002=DIRECTION('',(0.,0.,-1.));
#7003=DIRECTION('',(-1.,0.,0.));
#7004=DIRECTION('center_axis',(1.,0.,0.));
#7005=DIRECTION('ref_axis',(0.,-1.,0.));
#7006=DIRECTION('',(0.,-1.,0.));
#7007=DIRECTION('',(0.,0.,-1.));
#7008=DIRECTION('',(0.,-1.,0.));
#7009=DIRECTION('center_axis',(0.,1.,0.));
#7010=DIRECTION('ref_axis',(1.,0.,0.));
#7011=DIRECTION('',(1.,0.,0.));
#7012=DIRECTION('',(1.,0.,0.));
#7013=DIRECTION('center_axis',(0.,-1.,0.));
#7014=DIRECTION('ref_axis',(-1.,0.,0.));
#7015=DIRECTION('',(0.,0.,-1.));
#7016=DIRECTION('',(-1.,0.,0.));
#7017=DIRECTION('',(0.,0.,-1.));
#7018=DIRECTION('',(-1.,0.,0.));
#7019=DIRECTION('center_axis',(1.,0.,0.));
#7020=DIRECTION('ref_axis',(0.,-1.,0.));
#7021=DIRECTION('',(0.,-1.,0.));
#7022=DIRECTION('',(0.,0.,-1.));
#7023=DIRECTION('',(0.,-1.,0.));
#7024=DIRECTION('center_axis',(0.,1.,0.));
#7025=DIRECTION('ref_axis',(1.,0.,0.));
#7026=DIRECTION('',(0.,0.,1.));
#7027=DIRECTION('',(1.,0.,0.));
#7028=DIRECTION('',(1.,0.,0.));
#7029=DIRECTION('center_axis',(0.,-1.,0.));
#7030=DIRECTION('ref_axis',(-1.,0.,0.));
#7031=DIRECTION('',(0.,0.,-1.));
#7032=DIRECTION('',(-1.,0.,0.));
#7033=DIRECTION('',(0.,0.,-1.));
#7034=DIRECTION('',(-1.,0.,0.));
#7035=DIRECTION('center_axis',(1.,0.,0.));
#7036=DIRECTION('ref_axis',(0.,-1.,0.));
#7037=DIRECTION('',(0.,-1.,0.));
#7038=DIRECTION('',(0.,0.,-1.));
#7039=DIRECTION('',(0.,-1.,0.));
#7040=DIRECTION('center_axis',(0.,1.,0.));
#7041=DIRECTION('ref_axis',(1.,0.,0.));
#7042=DIRECTION('',(0.,0.,1.));
#7043=DIRECTION('',(1.,0.,0.));
#7044=DIRECTION('',(1.,0.,0.));
#7045=DIRECTION('center_axis',(0.,-1.,0.));
#7046=DIRECTION('ref_axis',(-1.,0.,0.));
#7047=DIRECTION('',(0.,0.,-1.));
#7048=DIRECTION('',(-1.,0.,0.));
#7049=DIRECTION('',(0.,0.,-1.));
#7050=DIRECTION('',(-1.,0.,0.));
#7051=DIRECTION('center_axis',(1.,0.,0.));
#7052=DIRECTION('ref_axis',(0.,-1.,0.));
#7053=DIRECTION('',(0.,-1.,0.));
#7054=DIRECTION('',(0.,0.,-1.));
#7055=DIRECTION('',(0.,-1.,0.));
#7056=DIRECTION('center_axis',(0.,1.,0.));
#7057=DIRECTION('ref_axis',(1.,0.,0.));
#7058=DIRECTION('',(0.,0.,1.));
#7059=DIRECTION('',(1.,0.,0.));
#7060=DIRECTION('',(1.,0.,0.));
#7061=DIRECTION('center_axis',(-1.,0.,0.));
#7062=DIRECTION('ref_axis',(0.,1.,0.));
#7063=DIRECTION('',(0.,1.,0.));
#7064=DIRECTION('',(0.,0.,-1.));
#7065=DIRECTION('',(0.,-1.,0.));
#7066=DIRECTION('',(0.,0.,-1.));
#7067=DIRECTION('center_axis',(0.,-1.,0.));
#7068=DIRECTION('ref_axis',(-1.,0.,0.));
#7069=DIRECTION('',(-1.,0.,0.));
#7070=DIRECTION('',(0.,0.,-1.));
#7071=DIRECTION('',(1.,0.,0.));
#7072=DIRECTION('center_axis',(1.,0.,0.));
#7073=DIRECTION('ref_axis',(0.,-1.,0.));
#7074=DIRECTION('',(0.,-1.,0.));
#7075=DIRECTION('',(0.,0.,-1.));
#7076=DIRECTION('',(0.,1.,0.));
#7077=DIRECTION('center_axis',(0.,1.,0.));
#7078=DIRECTION('ref_axis',(1.,0.,0.));
#7079=DIRECTION('',(1.,0.,0.));
#7080=DIRECTION('',(-1.,0.,0.));
#7081=DIRECTION('center_axis',(0.,1.,0.));
#7082=DIRECTION('ref_axis',(1.,0.,0.));
#7083=DIRECTION('',(0.,0.,-1.));
#7084=DIRECTION('',(1.,0.,0.));
#7085=DIRECTION('',(0.,0.,-1.));
#7086=DIRECTION('',(1.,0.,0.));
#7087=DIRECTION('center_axis',(0.,-1.,0.));
#7088=DIRECTION('ref_axis',(-1.,0.,0.));
#7089=DIRECTION('',(0.,0.,1.));
#7090=DIRECTION('',(-1.,0.,0.));
#7091=DIRECTION('',(0.,0.,-1.));
#7092=DIRECTION('',(-1.,0.,0.));
#7093=DIRECTION('center_axis',(-1.,0.,0.));
#7094=DIRECTION('ref_axis',(0.,1.,0.));
#7095=DIRECTION('',(0.,1.,0.));
#7096=DIRECTION('',(0.,1.,0.));
#7097=DIRECTION('center_axis',(-1.,0.,0.));
#7098=DIRECTION('ref_axis',(0.,1.,0.));
#7099=DIRECTION('',(0.,1.,0.));
#7100=DIRECTION('',(0.,0.,-1.));
#7101=DIRECTION('',(0.,1.,0.));
#7102=DIRECTION('',(0.,0.,-1.));
#7103=DIRECTION('center_axis',(0.,-1.,0.));
#7104=DIRECTION('ref_axis',(-1.,0.,0.));
#7105=DIRECTION('',(-1.,0.,0.));
#7106=DIRECTION('',(0.,0.,-1.));
#7107=DIRECTION('',(-1.,0.,0.));
#7108=DIRECTION('center_axis',(1.,0.,0.));
#7109=DIRECTION('ref_axis',(0.,-1.,0.));
#7110=DIRECTION('',(0.,-1.,0.));
#7111=DIRECTION('',(0.,0.,-1.));
#7112=DIRECTION('',(0.,-1.,0.));
#7113=DIRECTION('center_axis',(0.,1.,0.));
#7114=DIRECTION('ref_axis',(1.,0.,0.));
#7115=DIRECTION('',(1.,0.,0.));
#7116=DIRECTION('',(1.,0.,0.));
#7117=DIRECTION('center_axis',(0.,1.,0.));
#7118=DIRECTION('ref_axis',(1.,0.,0.));
#7119=DIRECTION('',(0.,0.,-1.));
#7120=DIRECTION('',(1.,0.,0.));
#7121=DIRECTION('',(0.,0.,-1.));
#7122=DIRECTION('',(1.,0.,0.));
#7123=DIRECTION('center_axis',(-1.,0.,0.));
#7124=DIRECTION('ref_axis',(0.,1.,0.));
#7125=DIRECTION('',(0.,1.,0.));
#7126=DIRECTION('',(0.,0.,-1.));
#7127=DIRECTION('',(0.,1.,0.));
#7128=DIRECTION('center_axis',(0.,-1.,0.));
#7129=DIRECTION('ref_axis',(-1.,0.,0.));
#7130=DIRECTION('',(0.,0.,1.));
#7131=DIRECTION('',(-1.,0.,0.));
#7132=DIRECTION('',(-1.,0.,0.));
#7133=DIRECTION('center_axis',(-1.,0.,0.));
#7134=DIRECTION('ref_axis',(0.,1.,0.));
#7135=DIRECTION('',(0.,1.,0.));
#7136=DIRECTION('',(0.,0.,-1.));
#7137=DIRECTION('',(0.,1.,0.));
#7138=DIRECTION('',(0.,0.,-1.));
#7139=DIRECTION('center_axis',(0.,-1.,0.));
#7140=DIRECTION('ref_axis',(-1.,0.,0.));
#7141=DIRECTION('',(-1.,0.,0.));
#7142=DIRECTION('',(0.,0.,-1.));
#7143=DIRECTION('',(-1.,0.,0.));
#7144=DIRECTION('center_axis',(1.,0.,0.));
#7145=DIRECTION('ref_axis',(0.,-1.,0.));
#7146=DIRECTION('',(0.,-1.,0.));
#7147=DIRECTION('',(0.,0.,-1.));
#7148=DIRECTION('',(0.,-1.,0.));
#7149=DIRECTION('center_axis',(0.,1.,0.));
#7150=DIRECTION('ref_axis',(1.,0.,0.));
#7151=DIRECTION('',(1.,0.,0.));
#7152=DIRECTION('',(1.,0.,0.));
#7153=DIRECTION('center_axis',(0.,1.,0.));
#7154=DIRECTION('ref_axis',(1.,0.,0.));
#7155=DIRECTION('',(0.,0.,-1.));
#7156=DIRECTION('',(1.,0.,0.));
#7157=DIRECTION('',(0.,0.,-1.));
#7158=DIRECTION('',(1.,0.,0.));
#7159=DIRECTION('center_axis',(0.,-1.,0.));
#7160=DIRECTION('ref_axis',(-1.,0.,0.));
#7161=DIRECTION('',(0.,0.,1.));
#7162=DIRECTION('',(-1.,0.,0.));
#7163=DIRECTION('',(0.,0.,-1.));
#7164=DIRECTION('',(-1.,0.,0.));
#7165=DIRECTION('center_axis',(-1.,0.,0.));
#7166=DIRECTION('ref_axis',(0.,1.,0.));
#7167=DIRECTION('',(0.,1.,0.));
#7168=DIRECTION('',(0.,1.,0.));
#7169=DIRECTION('center_axis',(-1.,0.,0.));
#7170=DIRECTION('ref_axis',(0.,1.,0.));
#7171=DIRECTION('',(0.,1.,0.));
#7172=DIRECTION('',(0.,0.,-1.));
#7173=DIRECTION('',(0.,1.,0.));
#7174=DIRECTION('',(0.,0.,-1.));
#7175=DIRECTION('center_axis',(0.,-1.,0.));
#7176=DIRECTION('ref_axis',(-1.,0.,0.));
#7177=DIRECTION('',(-1.,0.,0.));
#7178=DIRECTION('',(0.,0.,-1.));
#7179=DIRECTION('',(-1.,0.,0.));
#7180=DIRECTION('center_axis',(1.,0.,0.));
#7181=DIRECTION('ref_axis',(0.,-1.,0.));
#7182=DIRECTION('',(0.,-1.,0.));
#7183=DIRECTION('',(0.,0.,-1.));
#7184=DIRECTION('',(0.,-1.,0.));
#7185=DIRECTION('center_axis',(0.,1.,0.));
#7186=DIRECTION('ref_axis',(1.,0.,0.));
#7187=DIRECTION('',(1.,0.,0.));
#7188=DIRECTION('',(1.,0.,0.));
#7189=DIRECTION('center_axis',(-1.,0.,0.));
#7190=DIRECTION('ref_axis',(0.,1.,0.));
#7191=DIRECTION('',(0.,1.,0.));
#7192=DIRECTION('',(0.,0.,-1.));
#7193=DIRECTION('',(0.,1.,0.));
#7194=DIRECTION('',(0.,0.,-1.));
#7195=DIRECTION('center_axis',(0.,-1.,0.));
#7196=DIRECTION('ref_axis',(-1.,0.,0.));
#7197=DIRECTION('',(-1.,0.,0.));
#7198=DIRECTION('',(0.,0.,-1.));
#7199=DIRECTION('',(-1.,0.,0.));
#7200=DIRECTION('center_axis',(1.,0.,0.));
#7201=DIRECTION('ref_axis',(0.,-1.,0.));
#7202=DIRECTION('',(0.,-1.,0.));
#7203=DIRECTION('',(0.,0.,-1.));
#7204=DIRECTION('',(0.,-1.,0.));
#7205=DIRECTION('center_axis',(0.,1.,0.));
#7206=DIRECTION('ref_axis',(1.,0.,0.));
#7207=DIRECTION('',(1.,0.,0.));
#7208=DIRECTION('',(1.,0.,0.));
#7209=DIRECTION('center_axis',(-1.,0.,0.));
#7210=DIRECTION('ref_axis',(0.,1.,0.));
#7211=DIRECTION('',(0.,1.,0.));
#7212=DIRECTION('',(0.,0.,-1.));
#7213=DIRECTION('',(0.,1.,0.));
#7214=DIRECTION('',(0.,0.,-1.));
#7215=DIRECTION('center_axis',(0.,-1.,0.));
#7216=DIRECTION('ref_axis',(-1.,0.,0.));
#7217=DIRECTION('',(-1.,0.,0.));
#7218=DIRECTION('',(0.,0.,-1.));
#7219=DIRECTION('',(-1.,0.,0.));
#7220=DIRECTION('center_axis',(1.,0.,0.));
#7221=DIRECTION('ref_axis',(0.,-1.,0.));
#7222=DIRECTION('',(0.,-1.,0.));
#7223=DIRECTION('',(0.,0.,-1.));
#7224=DIRECTION('',(0.,-1.,0.));
#7225=DIRECTION('center_axis',(0.,1.,0.));
#7226=DIRECTION('ref_axis',(1.,0.,0.));
#7227=DIRECTION('',(1.,0.,0.));
#7228=DIRECTION('',(1.,0.,0.));
#7229=DIRECTION('center_axis',(-1.,0.,0.));
#7230=DIRECTION('ref_axis',(0.,1.,0.));
#7231=DIRECTION('',(0.,1.,0.));
#7232=DIRECTION('',(0.,0.,-1.));
#7233=DIRECTION('',(0.,1.,0.));
#7234=DIRECTION('',(0.,0.,-1.));
#7235=DIRECTION('center_axis',(0.,-1.,0.));
#7236=DIRECTION('ref_axis',(-1.,0.,0.));
#7237=DIRECTION('',(-1.,0.,0.));
#7238=DIRECTION('',(0.,0.,-1.));
#7239=DIRECTION('',(-1.,0.,0.));
#7240=DIRECTION('center_axis',(1.,0.,0.));
#7241=DIRECTION('ref_axis',(0.,-1.,0.));
#7242=DIRECTION('',(0.,-1.,0.));
#7243=DIRECTION('',(0.,0.,-1.));
#7244=DIRECTION('',(0.,-1.,0.));
#7245=DIRECTION('center_axis',(0.,1.,0.));
#7246=DIRECTION('ref_axis',(1.,0.,0.));
#7247=DIRECTION('',(1.,0.,0.));
#7248=DIRECTION('',(1.,0.,0.));
#7249=DIRECTION('center_axis',(0.,-1.,0.));
#7250=DIRECTION('ref_axis',(-1.,0.,0.));
#7251=DIRECTION('',(0.,0.,-1.));
#7252=DIRECTION('',(-1.,0.,0.));
#7253=DIRECTION('',(0.,0.,-1.));
#7254=DIRECTION('',(-1.,0.,0.));
#7255=DIRECTION('center_axis',(1.,0.,0.));
#7256=DIRECTION('ref_axis',(0.,-1.,0.));
#7257=DIRECTION('',(0.,-1.,0.));
#7258=DIRECTION('',(0.,0.,-1.));
#7259=DIRECTION('',(0.,-1.,0.));
#7260=DIRECTION('center_axis',(0.,1.,0.));
#7261=DIRECTION('ref_axis',(1.,0.,0.));
#7262=DIRECTION('',(0.,0.,1.));
#7263=DIRECTION('',(1.,0.,0.));
#7264=DIRECTION('',(1.,0.,0.));
#7265=DIRECTION('center_axis',(-1.,0.,0.));
#7266=DIRECTION('ref_axis',(0.,1.,0.));
#7267=DIRECTION('',(0.,1.,0.));
#7268=DIRECTION('',(0.,0.,-1.));
#7269=DIRECTION('',(0.,1.,0.));
#7270=DIRECTION('',(0.,0.,-1.));
#7271=DIRECTION('center_axis',(0.,-1.,0.));
#7272=DIRECTION('ref_axis',(-1.,0.,0.));
#7273=DIRECTION('',(-1.,0.,0.));
#7274=DIRECTION('',(0.,0.,-1.));
#7275=DIRECTION('',(-1.,0.,0.));
#7276=DIRECTION('center_axis',(1.,0.,0.));
#7277=DIRECTION('ref_axis',(0.,-1.,0.));
#7278=DIRECTION('',(0.,-1.,0.));
#7279=DIRECTION('',(0.,0.,-1.));
#7280=DIRECTION('',(0.,-1.,0.));
#7281=DIRECTION('center_axis',(0.,1.,0.));
#7282=DIRECTION('ref_axis',(1.,0.,0.));
#7283=DIRECTION('',(1.,0.,0.));
#7284=DIRECTION('',(1.,0.,0.));
#7285=DIRECTION('center_axis',(-1.,0.,0.));
#7286=DIRECTION('ref_axis',(0.,1.,0.));
#7287=DIRECTION('',(0.,1.,0.));
#7288=DIRECTION('',(0.,0.,-1.));
#7289=DIRECTION('',(0.,1.,0.));
#7290=DIRECTION('',(0.,0.,-1.));
#7291=DIRECTION('center_axis',(0.,-1.,0.));
#7292=DIRECTION('ref_axis',(-1.,0.,0.));
#7293=DIRECTION('',(-1.,0.,0.));
#7294=DIRECTION('',(0.,0.,-1.));
#7295=DIRECTION('',(-1.,0.,0.));
#7296=DIRECTION('center_axis',(1.,0.,0.));
#7297=DIRECTION('ref_axis',(0.,-1.,0.));
#7298=DIRECTION('',(0.,-1.,0.));
#7299=DIRECTION('',(0.,0.,-1.));
#7300=DIRECTION('',(0.,-1.,0.));
#7301=DIRECTION('center_axis',(0.,1.,0.));
#7302=DIRECTION('ref_axis',(1.,0.,0.));
#7303=DIRECTION('',(1.,0.,0.));
#7304=DIRECTION('',(1.,0.,0.));
#7305=DIRECTION('center_axis',(-1.,0.,0.));
#7306=DIRECTION('ref_axis',(0.,1.,0.));
#7307=DIRECTION('',(0.,1.,0.));
#7308=DIRECTION('',(0.,0.,-1.));
#7309=DIRECTION('',(0.,1.,0.));
#7310=DIRECTION('',(0.,0.,-1.));
#7311=DIRECTION('center_axis',(0.,-1.,0.));
#7312=DIRECTION('ref_axis',(-1.,0.,0.));
#7313=DIRECTION('',(-1.,0.,0.));
#7314=DIRECTION('',(0.,0.,-1.));
#7315=DIRECTION('',(-1.,0.,0.));
#7316=DIRECTION('center_axis',(1.,0.,0.));
#7317=DIRECTION('ref_axis',(0.,-1.,0.));
#7318=DIRECTION('',(0.,-1.,0.));
#7319=DIRECTION('',(0.,0.,-1.));
#7320=DIRECTION('',(0.,-1.,0.));
#7321=DIRECTION('center_axis',(0.,1.,0.));
#7322=DIRECTION('ref_axis',(1.,0.,0.));
#7323=DIRECTION('',(1.,0.,0.));
#7324=DIRECTION('',(1.,0.,0.));
#7325=DIRECTION('center_axis',(0.,1.,0.));
#7326=DIRECTION('ref_axis',(1.,0.,0.));
#7327=DIRECTION('',(0.,0.,-1.));
#7328=DIRECTION('',(1.,0.,0.));
#7329=DIRECTION('',(0.,0.,-1.));
#7330=DIRECTION('',(1.,0.,0.));
#7331=DIRECTION('center_axis',(0.,-1.,0.));
#7332=DIRECTION('ref_axis',(-1.,0.,0.));
#7333=DIRECTION('',(0.,0.,1.));
#7334=DIRECTION('',(-1.,0.,0.));
#7335=DIRECTION('',(0.,0.,-1.));
#7336=DIRECTION('',(-1.,0.,0.));
#7337=DIRECTION('center_axis',(-1.,0.,0.));
#7338=DIRECTION('ref_axis',(0.,1.,0.));
#7339=DIRECTION('',(0.,1.,0.));
#7340=DIRECTION('',(0.,1.,0.));
#7341=DIRECTION('center_axis',(0.,-1.,0.));
#7342=DIRECTION('ref_axis',(-1.,0.,0.));
#7343=DIRECTION('',(0.,0.,-1.));
#7344=DIRECTION('',(-1.,0.,0.));
#7345=DIRECTION('',(0.,0.,-1.));
#7346=DIRECTION('',(-1.,0.,0.));
#7347=DIRECTION('center_axis',(1.,0.,0.));
#7348=DIRECTION('ref_axis',(0.,-1.,0.));
#7349=DIRECTION('',(0.,-1.,0.));
#7350=DIRECTION('',(0.,0.,-1.));
#7351=DIRECTION('',(0.,-1.,0.));
#7352=DIRECTION('center_axis',(0.,1.,0.));
#7353=DIRECTION('ref_axis',(1.,0.,0.));
#7354=DIRECTION('',(0.,0.,1.));
#7355=DIRECTION('',(1.,0.,0.));
#7356=DIRECTION('',(1.,0.,0.));
#7357=DIRECTION('center_axis',(0.,-1.,0.));
#7358=DIRECTION('ref_axis',(-1.,0.,0.));
#7359=DIRECTION('',(-1.,0.,0.));
#7360=DIRECTION('',(0.,0.,-1.));
#7361=DIRECTION('',(-1.,0.,0.));
#7362=DIRECTION('',(0.,0.,-1.));
#7363=DIRECTION('center_axis',(1.,0.,0.));
#7364=DIRECTION('ref_axis',(0.,-1.,0.));
#7365=DIRECTION('',(0.,-1.,0.));
#7366=DIRECTION('',(0.,0.,-1.));
#7367=DIRECTION('',(0.,-1.,0.));
#7368=DIRECTION('center_axis',(0.,1.,0.));
#7369=DIRECTION('ref_axis',(1.,0.,0.));
#7370=DIRECTION('',(1.,0.,0.));
#7371=DIRECTION('',(0.,0.,-1.));
#7372=DIRECTION('',(1.,0.,0.));
#7373=DIRECTION('center_axis',(-1.,0.,0.));
#7374=DIRECTION('ref_axis',(0.,1.,0.));
#7375=DIRECTION('',(0.,1.,0.));
#7376=DIRECTION('',(0.,1.,0.));
#7377=DIRECTION('center_axis',(-1.,0.,0.));
#7378=DIRECTION('ref_axis',(0.,1.,0.));
#7379=DIRECTION('',(0.,1.,0.));
#7380=DIRECTION('',(0.,0.,-1.));
#7381=DIRECTION('',(0.,1.,0.));
#7382=DIRECTION('',(0.,0.,-1.));
#7383=DIRECTION('center_axis',(0.,-1.,0.));
#7384=DIRECTION('ref_axis',(-1.,0.,0.));
#7385=DIRECTION('',(-1.,0.,0.));
#7386=DIRECTION('',(0.,0.,-1.));
#7387=DIRECTION('',(-1.,0.,0.));
#7388=DIRECTION('center_axis',(1.,0.,0.));
#7389=DIRECTION('ref_axis',(0.,-1.,0.));
#7390=DIRECTION('',(0.,-1.,0.));
#7391=DIRECTION('',(0.,0.,-1.));
#7392=DIRECTION('',(0.,-1.,0.));
#7393=DIRECTION('center_axis',(0.,1.,0.));
#7394=DIRECTION('ref_axis',(1.,0.,0.));
#7395=DIRECTION('',(1.,0.,0.));
#7396=DIRECTION('',(1.,0.,0.));
#7397=DIRECTION('center_axis',(1.,0.,0.));
#7398=DIRECTION('ref_axis',(0.,1.,0.));
#7399=DIRECTION('',(0.,-1.,0.));
#7400=DIRECTION('',(0.,0.,1.));
#7401=DIRECTION('',(0.,-1.,0.));
#7402=DIRECTION('center_axis',(1.,0.,0.));
#7403=DIRECTION('ref_axis',(0.,1.,0.));
#7404=DIRECTION('',(0.,-1.,0.));
#7405=DIRECTION('',(0.,0.,1.));
#7406=DIRECTION('',(0.,-1.,0.));
#7407=DIRECTION('center_axis',(1.,0.,0.));
#7408=DIRECTION('ref_axis',(0.,1.,0.));
#7409=DIRECTION('',(0.,-1.,0.));
#7410=DIRECTION('',(0.,-1.,0.));
#7411=DIRECTION('center_axis',(1.,0.,0.));
#7412=DIRECTION('ref_axis',(0.,1.,0.));
#7413=DIRECTION('',(0.,-1.,0.));
#7414=DIRECTION('',(0.,-1.,0.));
#7415=DIRECTION('center_axis',(1.,0.,0.));
#7416=DIRECTION('ref_axis',(0.,1.,0.));
#7417=DIRECTION('',(0.,-1.,0.));
#7418=DIRECTION('',(0.,-1.,0.));
#7419=DIRECTION('center_axis',(1.,0.,0.));
#7420=DIRECTION('ref_axis',(0.,1.,0.));
#7421=DIRECTION('',(0.,-1.,0.));
#7422=DIRECTION('',(0.,-1.,0.));
#7423=DIRECTION('center_axis',(1.,0.,0.));
#7424=DIRECTION('ref_axis',(0.,1.,0.));
#7425=DIRECTION('',(0.,-1.,0.));
#7426=DIRECTION('',(0.,-1.,0.));
#7427=DIRECTION('center_axis',(1.,0.,0.));
#7428=DIRECTION('ref_axis',(0.,1.,0.));
#7429=DIRECTION('',(0.,-1.,0.));
#7430=DIRECTION('',(0.,-1.,0.));
#7431=DIRECTION('center_axis',(1.,0.,0.));
#7432=DIRECTION('ref_axis',(0.,1.,0.));
#7433=DIRECTION('',(0.,-1.,0.));
#7434=DIRECTION('',(0.,-1.,0.));
#7435=DIRECTION('center_axis',(1.,0.,0.));
#7436=DIRECTION('ref_axis',(0.,0.,-1.));
#7437=DIRECTION('',(0.,1.,0.));
#7438=DIRECTION('',(0.,-1.,0.));
#7439=DIRECTION('center_axis',(1.,0.,0.));
#7440=DIRECTION('ref_axis',(0.,0.,-1.));
#7441=DIRECTION('',(0.,1.,0.));
#7442=DIRECTION('',(0.,0.,-1.));
#7443=DIRECTION('',(0.,-1.,0.));
#7444=DIRECTION('center_axis',(1.,0.,0.));
#7445=DIRECTION('ref_axis',(0.,0.,-1.));
#7446=DIRECTION('',(0.,-1.,0.));
#7447=DIRECTION('',(0.,1.,0.));
#7448=DIRECTION('center_axis',(1.,0.,0.));
#7449=DIRECTION('ref_axis',(0.,0.,-1.));
#7450=DIRECTION('',(0.,-1.,0.));
#7451=DIRECTION('',(0.,0.,1.));
#7452=DIRECTION('',(0.,1.,0.));
#7453=DIRECTION('center_axis',(1.,0.,0.));
#7454=DIRECTION('ref_axis',(0.,0.,-1.));
#7455=DIRECTION('',(0.,-1.,0.));
#7456=DIRECTION('',(0.,1.,0.));
#7457=DIRECTION('center_axis',(1.,0.,0.));
#7458=DIRECTION('ref_axis',(0.,0.,-1.));
#7459=DIRECTION('',(0.,1.,0.));
#7460=DIRECTION('',(0.,-1.,0.));
#7461=DIRECTION('center_axis',(1.,0.,0.));
#7462=DIRECTION('ref_axis',(0.,0.,-1.));
#7463=DIRECTION('',(0.,-1.,0.));
#7464=DIRECTION('',(0.,1.,0.));
#7465=DIRECTION('center_axis',(1.,0.,0.));
#7466=DIRECTION('ref_axis',(0.,0.,-1.));
#7467=DIRECTION('',(0.,1.,0.));
#7468=DIRECTION('',(0.,-1.,0.));
#7469=DIRECTION('center_axis',(1.,0.,0.));
#7470=DIRECTION('ref_axis',(0.,0.,-1.));
#7471=DIRECTION('',(0.,-1.,0.));
#7472=DIRECTION('',(0.,1.,0.));
#7473=DIRECTION('center_axis',(1.,0.,0.));
#7474=DIRECTION('ref_axis',(0.,0.,-1.));
#7475=DIRECTION('',(0.,1.,0.));
#7476=DIRECTION('',(0.,-1.,0.));
#7477=DIRECTION('center_axis',(0.,0.,1.));
#7478=DIRECTION('ref_axis',(1.,0.,0.));
#7479=DIRECTION('',(-1.,0.,0.));
#7480=DIRECTION('',(0.,-1.,0.));
#7481=DIRECTION('',(-1.,0.,0.));
#7482=DIRECTION('',(0.,-1.,0.));
#7483=DIRECTION('',(1.,0.,0.));
#7484=DIRECTION('',(0.,-1.,0.));
#7485=DIRECTION('',(-1.,0.,0.));
#7486=DIRECTION('',(0.,-1.,0.));
#7487=DIRECTION('',(1.,0.,0.));
#7488=DIRECTION('',(0.,-1.,0.));
#7489=DIRECTION('',(-1.,0.,0.));
#7490=DIRECTION('',(0.,-1.,0.));
#7491=DIRECTION('',(1.,0.,0.));
#7492=DIRECTION('',(0.,-1.,0.));
#7493=DIRECTION('',(-1.,0.,0.));
#7494=DIRECTION('',(0.,-1.,0.));
#7495=DIRECTION('',(1.,0.,0.));
#7496=DIRECTION('',(0.,-1.,0.));
#7497=DIRECTION('',(-1.,0.,0.));
#7498=DIRECTION('',(0.,-1.,0.));
#7499=DIRECTION('',(1.,0.,0.));
#7500=DIRECTION('',(0.,-1.,0.));
#7501=DIRECTION('',(1.,0.,0.));
#7502=DIRECTION('',(0.,1.,0.));
#7503=DIRECTION('',(1.,0.,0.));
#7504=DIRECTION('',(0.,1.,0.));
#7505=DIRECTION('',(-1.,0.,0.));
#7506=DIRECTION('',(0.,1.,0.));
#7507=DIRECTION('',(1.,0.,0.));
#7508=DIRECTION('',(0.,1.,0.));
#7509=DIRECTION('',(-1.,0.,0.));
#7510=DIRECTION('',(0.,1.,0.));
#7511=DIRECTION('',(1.,0.,0.));
#7512=DIRECTION('',(0.,1.,0.));
#7513=DIRECTION('',(-1.,0.,0.));
#7514=DIRECTION('',(0.,1.,0.));
#7515=DIRECTION('',(1.,0.,0.));
#7516=DIRECTION('',(0.,1.,0.));
#7517=DIRECTION('',(-1.,0.,0.));
#7518=DIRECTION('',(0.,1.,0.));
#7519=DIRECTION('',(1.,0.,0.));
#7520=DIRECTION('',(0.,1.,0.));
#7521=DIRECTION('',(-1.,0.,0.));
#7522=DIRECTION('',(0.,1.,0.));
#7523=DIRECTION('',(-1.,0.,0.));
#7524=DIRECTION('',(0.,-1.,0.));
#7525=DIRECTION('',(1.,0.,0.));
#7526=DIRECTION('',(0.,1.,0.));
#7527=DIRECTION('',(-1.,0.,0.));
#7528=DIRECTION('',(0.,-1.,0.));
#7529=DIRECTION('',(1.,0.,0.));
#7530=DIRECTION('',(0.,1.,0.));
#7531=DIRECTION('',(-1.,0.,0.));
#7532=DIRECTION('',(0.,-1.,0.));
#7533=DIRECTION('',(1.,0.,0.));
#7534=DIRECTION('',(0.,1.,0.));
#7535=DIRECTION('',(-1.,0.,0.));
#7536=DIRECTION('',(0.,-1.,0.));
#7537=DIRECTION('',(1.,0.,0.));
#7538=DIRECTION('',(0.,1.,0.));
#7539=DIRECTION('',(-1.,0.,0.));
#7540=DIRECTION('',(0.,-1.,0.));
#7541=DIRECTION('',(1.,0.,0.));
#7542=DIRECTION('',(0.,1.,0.));
#7543=DIRECTION('',(-1.,0.,0.));
#7544=DIRECTION('',(0.,-1.,0.));
#7545=DIRECTION('',(1.,0.,0.));
#7546=DIRECTION('',(0.,1.,0.));
#7547=DIRECTION('',(-1.,0.,0.));
#7548=DIRECTION('',(0.,-1.,0.));
#7549=DIRECTION('',(1.,0.,0.));
#7550=DIRECTION('',(0.,1.,0.));
#7551=DIRECTION('',(-1.,0.,0.));
#7552=DIRECTION('',(0.,-1.,0.));
#7553=DIRECTION('',(1.,0.,0.));
#7554=DIRECTION('',(0.,1.,0.));
#7555=DIRECTION('',(-1.,0.,0.));
#7556=DIRECTION('',(0.,-1.,0.));
#7557=DIRECTION('',(1.,0.,0.));
#7558=DIRECTION('',(0.,1.,0.));
#7559=DIRECTION('',(-1.,0.,0.));
#7560=DIRECTION('',(0.,-1.,0.));
#7561=DIRECTION('',(1.,0.,0.));
#7562=DIRECTION('',(0.,1.,0.));
#7563=DIRECTION('',(-1.,0.,0.));
#7564=DIRECTION('',(0.,-1.,0.));
#7565=DIRECTION('',(1.,0.,0.));
#7566=DIRECTION('',(0.,-1.,0.));
#7567=DIRECTION('',(1.,0.,0.));
#7568=DIRECTION('',(0.,1.,0.));
#7569=DIRECTION('',(-1.,0.,0.));
#7570=DIRECTION('',(0.,-1.,0.));
#7571=DIRECTION('',(1.,0.,0.));
#7572=DIRECTION('',(0.,1.,0.));
#7573=DIRECTION('',(-1.,0.,0.));
#7574=DIRECTION('',(0.,-1.,0.));
#7575=DIRECTION('',(1.,0.,0.));
#7576=DIRECTION('',(0.,1.,0.));
#7577=DIRECTION('',(-1.,0.,0.));
#7578=DIRECTION('',(0.,-1.,0.));
#7579=DIRECTION('',(1.,0.,0.));
#7580=DIRECTION('',(0.,1.,0.));
#7581=DIRECTION('',(-1.,0.,0.));
#7582=DIRECTION('center_axis',(1.,0.,0.));
#7583=DIRECTION('ref_axis',(0.,1.,0.));
#7584=DIRECTION('',(0.,-1.,0.));
#7585=DIRECTION('',(0.,0.,1.));
#7586=DIRECTION('',(0.,0.,1.));
#7587=DIRECTION('center_axis',(0.,-1.,0.));
#7588=DIRECTION('ref_axis',(1.,0.,0.));
#7589=DIRECTION('',(-1.,0.,0.));
#7590=DIRECTION('',(0.,0.,1.));
#7591=DIRECTION('center_axis',(-1.,0.,0.));
#7592=DIRECTION('ref_axis',(0.,-1.,0.));
#7593=DIRECTION('',(0.,1.,0.));
#7594=DIRECTION('',(0.,0.,1.));
#7595=DIRECTION('center_axis',(0.,1.,0.));
#7596=DIRECTION('ref_axis',(-1.,0.,0.));
#7597=DIRECTION('',(1.,0.,0.));
#7598=DIRECTION('center_axis',(0.,-1.,0.));
#7599=DIRECTION('ref_axis',(1.,0.,0.));
#7600=DIRECTION('',(-1.,0.,0.));
#7601=DIRECTION('',(0.,0.,1.));
#7602=DIRECTION('',(0.,0.,1.));
#7603=DIRECTION('center_axis',(-1.,0.,0.));
#7604=DIRECTION('ref_axis',(0.,-1.,0.));
#7605=DIRECTION('',(0.,1.,0.));
#7606=DIRECTION('',(0.,0.,1.));
#7607=DIRECTION('center_axis',(0.,1.,0.));
#7608=DIRECTION('ref_axis',(-1.,0.,0.));
#7609=DIRECTION('',(1.,0.,0.));
#7610=DIRECTION('',(0.,0.,-1.));
#7611=DIRECTION('center_axis',(1.,0.,0.));
#7612=DIRECTION('ref_axis',(0.,1.,0.));
#7613=DIRECTION('',(0.,-1.,0.));
#7614=DIRECTION('',(0.,0.,1.));
#7615=DIRECTION('',(0.,0.,1.));
#7616=DIRECTION('center_axis',(0.,-1.,0.));
#7617=DIRECTION('ref_axis',(1.,0.,0.));
#7618=DIRECTION('',(-1.,0.,0.));
#7619=DIRECTION('',(0.,0.,1.));
#7620=DIRECTION('center_axis',(-1.,0.,0.));
#7621=DIRECTION('ref_axis',(0.,-1.,0.));
#7622=DIRECTION('',(0.,1.,0.));
#7623=DIRECTION('',(0.,0.,1.));
#7624=DIRECTION('center_axis',(0.,1.,0.));
#7625=DIRECTION('ref_axis',(-1.,0.,0.));
#7626=DIRECTION('',(1.,0.,0.));
#7627=DIRECTION('center_axis',(1.,0.,0.));
#7628=DIRECTION('ref_axis',(0.,1.,0.));
#7629=DIRECTION('',(0.,-1.,0.));
#7630=DIRECTION('',(0.,0.,1.));
#7631=DIRECTION('',(0.,0.,1.));
#7632=DIRECTION('center_axis',(0.,-1.,0.));
#7633=DIRECTION('ref_axis',(1.,0.,0.));
#7634=DIRECTION('',(-1.,0.,0.));
#7635=DIRECTION('',(0.,0.,-1.));
#7636=DIRECTION('center_axis',(0.,1.,0.));
#7637=DIRECTION('ref_axis',(-1.,0.,0.));
#7638=DIRECTION('',(1.,0.,0.));
#7639=DIRECTION('',(0.,0.,1.));
#7640=DIRECTION('center_axis',(1.,0.,0.));
#7641=DIRECTION('ref_axis',(0.,1.,0.));
#7642=DIRECTION('',(0.,-1.,0.));
#7643=DIRECTION('',(0.,0.,1.));
#7644=DIRECTION('',(0.,0.,1.));
#7645=DIRECTION('center_axis',(0.,-1.,0.));
#7646=DIRECTION('ref_axis',(1.,0.,0.));
#7647=DIRECTION('',(-1.,0.,0.));
#7648=DIRECTION('',(0.,0.,1.));
#7649=DIRECTION('center_axis',(-1.,0.,0.));
#7650=DIRECTION('ref_axis',(0.,-1.,0.));
#7651=DIRECTION('',(0.,1.,0.));
#7652=DIRECTION('',(0.,0.,1.));
#7653=DIRECTION('center_axis',(0.,1.,0.));
#7654=DIRECTION('ref_axis',(-1.,0.,0.));
#7655=DIRECTION('',(1.,0.,0.));
#7656=DIRECTION('center_axis',(1.,0.,0.));
#7657=DIRECTION('ref_axis',(0.,1.,0.));
#7658=DIRECTION('',(0.,-1.,0.));
#7659=DIRECTION('',(0.,0.,1.));
#7660=DIRECTION('',(0.,0.,1.));
#7661=DIRECTION('center_axis',(0.,-1.,0.));
#7662=DIRECTION('ref_axis',(1.,0.,0.));
#7663=DIRECTION('',(-1.,0.,0.));
#7664=DIRECTION('',(0.,0.,1.));
#7665=DIRECTION('center_axis',(-1.,0.,0.));
#7666=DIRECTION('ref_axis',(0.,-1.,0.));
#7667=DIRECTION('',(0.,1.,0.));
#7668=DIRECTION('',(0.,0.,1.));
#7669=DIRECTION('center_axis',(0.,1.,0.));
#7670=DIRECTION('ref_axis',(-1.,0.,0.));
#7671=DIRECTION('',(1.,0.,0.));
#7672=DIRECTION('center_axis',(-1.,0.,0.));
#7673=DIRECTION('ref_axis',(0.,0.,1.));
#7674=DIRECTION('',(0.,1.,0.));
#7675=DIRECTION('',(0.,0.,1.));
#7676=DIRECTION('center_axis',(1.,0.,0.));
#7677=DIRECTION('ref_axis',(0.,0.,-1.));
#7678=DIRECTION('',(0.,0.,-1.));
#7679=DIRECTION('',(0.,-1.,0.));
#7680=DIRECTION('center_axis',(1.,0.,0.));
#7681=DIRECTION('ref_axis',(0.,0.,-1.));
#7682=DIRECTION('',(0.,-1.,0.));
#7683=DIRECTION('',(0.,0.,1.));
#7684=DIRECTION('center_axis',(0.,-1.,0.));
#7685=DIRECTION('ref_axis',(1.,0.,0.));
#7686=DIRECTION('',(-1.,0.,0.));
#7687=DIRECTION('',(0.,0.,1.));
#7688=DIRECTION('center_axis',(-1.,0.,0.));
#7689=DIRECTION('ref_axis',(0.,0.,1.));
#7690=DIRECTION('',(0.,0.,-1.));
#7691=DIRECTION('',(0.,1.,0.));
#7692=DIRECTION('center_axis',(0.,0.,1.));
#7693=DIRECTION('ref_axis',(1.,0.,0.));
#7694=DIRECTION('',(0.,-1.,0.));
#7695=DIRECTION('',(1.,0.,0.));
#7696=DIRECTION('',(1.,0.,0.));
#7697=DIRECTION('',(0.,-1.,0.));
#7698=DIRECTION('',(-1.,0.,0.));
#7699=DIRECTION('',(0.,-1.,0.));
#7700=DIRECTION('',(1.,0.,0.));
#7701=DIRECTION('',(0.,-1.,0.));
#7702=DIRECTION('',(-1.,0.,0.));
#7703=DIRECTION('',(0.,-1.,0.));
#7704=DIRECTION('',(1.,0.,0.));
#7705=DIRECTION('',(0.,-1.,0.));
#7706=DIRECTION('',(-1.,0.,0.));
#7707=DIRECTION('',(0.,-1.,0.));
#7708=DIRECTION('',(1.,0.,0.));
#7709=DIRECTION('',(0.,-1.,0.));
#7710=DIRECTION('',(-1.,0.,0.));
#7711=DIRECTION('',(-1.,0.,0.));
#7712=DIRECTION('',(0.,1.,0.));
#7713=DIRECTION('',(1.,0.,0.));
#7714=DIRECTION('',(0.,1.,0.));
#7715=DIRECTION('',(-1.,0.,0.));
#7716=DIRECTION('',(0.,1.,0.));
#7717=DIRECTION('',(1.,0.,0.));
#7718=DIRECTION('',(0.,1.,0.));
#7719=DIRECTION('',(-1.,0.,0.));
#7720=DIRECTION('',(0.,1.,0.));
#7721=DIRECTION('',(1.,0.,0.));
#7722=DIRECTION('',(0.,1.,0.));
#7723=DIRECTION('',(-1.,0.,0.));
#7724=DIRECTION('',(0.,1.,0.));
#7725=DIRECTION('',(1.,0.,0.));
#7726=DIRECTION('',(0.,-1.,0.));
#7727=DIRECTION('',(-1.,0.,0.));
#7728=DIRECTION('',(0.,1.,0.));
#7729=DIRECTION('',(1.,0.,0.));
#7730=DIRECTION('',(0.,-1.,0.));
#7731=DIRECTION('',(-1.,0.,0.));
#7732=DIRECTION('',(0.,1.,0.));
#7733=DIRECTION('',(1.,0.,0.));
#7734=DIRECTION('',(0.,-1.,0.));
#7735=DIRECTION('',(-1.,0.,0.));
#7736=DIRECTION('',(0.,1.,0.));
#7737=DIRECTION('',(1.,0.,0.));
#7738=DIRECTION('',(0.,-1.,0.));
#7739=DIRECTION('',(-1.,0.,0.));
#7740=DIRECTION('',(0.,1.,0.));
#7741=DIRECTION('',(1.,0.,0.));
#7742=DIRECTION('',(0.,-1.,0.));
#7743=DIRECTION('',(-1.,0.,0.));
#7744=DIRECTION('',(0.,1.,0.));
#7745=DIRECTION('',(1.,0.,0.));
#7746=DIRECTION('',(0.,-1.,0.));
#7747=DIRECTION('',(-1.,0.,0.));
#7748=DIRECTION('',(0.,1.,0.));
#7749=DIRECTION('',(1.,0.,0.));
#7750=DIRECTION('',(0.,-1.,0.));
#7751=DIRECTION('',(-1.,0.,0.));
#7752=DIRECTION('',(0.,1.,0.));
#7753=DIRECTION('',(1.,0.,0.));
#7754=DIRECTION('',(0.,-1.,0.));
#7755=DIRECTION('',(-1.,0.,0.));
#7756=DIRECTION('',(0.,1.,0.));
#7757=DIRECTION('',(1.,0.,0.));
#7758=DIRECTION('',(0.,-1.,0.));
#7759=DIRECTION('',(-1.,0.,0.));
#7760=DIRECTION('',(0.,1.,0.));
#7761=DIRECTION('',(1.,0.,0.));
#7762=DIRECTION('',(0.,-1.,0.));
#7763=DIRECTION('',(-1.,0.,0.));
#7764=DIRECTION('',(0.,1.,0.));
#7765=DIRECTION('',(1.,0.,0.));
#7766=DIRECTION('',(0.,-1.,0.));
#7767=DIRECTION('',(-1.,0.,0.));
#7768=DIRECTION('',(0.,1.,0.));
#7769=DIRECTION('',(1.,0.,0.));
#7770=DIRECTION('center_axis',(0.,-1.,0.));
#7771=DIRECTION('ref_axis',(1.,0.,0.));
#7772=DIRECTION('',(0.,0.,1.));
#7773=DIRECTION('center_axis',(0.,1.,0.));
#7774=DIRECTION('ref_axis',(-1.,0.,0.));
#7775=DIRECTION('',(0.,0.,1.));
#7776=DIRECTION('center_axis',(0.,1.,0.));
#7777=DIRECTION('ref_axis',(0.,0.,1.));
#7778=DIRECTION('center_axis',(0.,-1.,0.));
#7779=DIRECTION('ref_axis',(0.,0.,-1.));
#7780=DIRECTION('center_axis',(-1.,0.,0.));
#7781=DIRECTION('ref_axis',(0.,-1.,0.));
#7782=DIRECTION('',(0.,0.,1.));
#7783=DIRECTION('',(0.,0.,1.));
#7784=DIRECTION('center_axis',(0.,1.,0.));
#7785=DIRECTION('ref_axis',(-1.,0.,0.));
#7786=DIRECTION('',(0.,0.,1.));
#7787=DIRECTION('center_axis',(1.,0.,0.));
#7788=DIRECTION('ref_axis',(0.,1.,0.));
#7789=DIRECTION('',(0.,0.,1.));
#7790=DIRECTION('center_axis',(0.,-1.,0.));
#7791=DIRECTION('ref_axis',(1.,0.,0.));
#7792=DIRECTION('center_axis',(1.,0.,0.));
#7793=DIRECTION('ref_axis',(0.,1.,0.));
#7794=DIRECTION('',(0.,0.,1.));
#7795=DIRECTION('center_axis',(0.,-1.,0.));
#7796=DIRECTION('ref_axis',(1.,0.,0.));
#7797=DIRECTION('',(0.,0.,-1.));
#7798=DIRECTION('center_axis',(0.,1.,0.));
#7799=DIRECTION('ref_axis',(-1.,0.,0.));
#7800=DIRECTION('',(0.,0.,1.));
#7801=DIRECTION('',(0.,0.,1.));
#7802=DIRECTION('center_axis',(1.,0.,0.));
#7803=DIRECTION('ref_axis',(0.,1.,0.));
#7804=DIRECTION('',(0.,0.,1.));
#7805=DIRECTION('center_axis',(0.,-1.,0.));
#7806=DIRECTION('ref_axis',(1.,0.,0.));
#7807=DIRECTION('',(0.,0.,-1.));
#7808=DIRECTION('center_axis',(-1.,0.,0.));
#7809=DIRECTION('ref_axis',(0.,-1.,0.));
#7810=DIRECTION('',(0.,0.,1.));
#7811=DIRECTION('',(0.,0.,1.));
#7812=DIRECTION('center_axis',(0.,1.,0.));
#7813=DIRECTION('ref_axis',(-1.,0.,0.));
#7814=DIRECTION('',(0.,0.,1.));
#7815=DIRECTION('center_axis',(1.,0.,0.));
#7816=DIRECTION('ref_axis',(0.,1.,0.));
#7817=DIRECTION('',(0.,0.,1.));
#7818=DIRECTION('center_axis',(0.,-1.,0.));
#7819=DIRECTION('ref_axis',(1.,0.,0.));
#7820=DIRECTION('center_axis',(-1.,0.,0.));
#7821=DIRECTION('ref_axis',(0.,-1.,0.));
#7822=DIRECTION('',(0.,0.,1.));
#7823=DIRECTION('',(0.,0.,1.));
#7824=DIRECTION('center_axis',(0.,1.,0.));
#7825=DIRECTION('ref_axis',(-1.,0.,0.));
#7826=DIRECTION('',(0.,0.,1.));
#7827=DIRECTION('center_axis',(1.,0.,0.));
#7828=DIRECTION('ref_axis',(0.,1.,0.));
#7829=DIRECTION('',(0.,0.,1.));
#7830=DIRECTION('center_axis',(0.,-1.,0.));
#7831=DIRECTION('ref_axis',(1.,0.,0.));
#7832=DIRECTION('center_axis',(-1.,0.,0.));
#7833=DIRECTION('ref_axis',(0.,-1.,0.));
#7834=DIRECTION('',(0.,0.,1.));
#7835=DIRECTION('',(0.,0.,1.));
#7836=DIRECTION('center_axis',(0.,1.,0.));
#7837=DIRECTION('ref_axis',(-1.,0.,0.));
#7838=DIRECTION('',(0.,0.,1.));
#7839=DIRECTION('center_axis',(1.,0.,0.));
#7840=DIRECTION('ref_axis',(0.,1.,0.));
#7841=DIRECTION('',(0.,0.,1.));
#7842=DIRECTION('center_axis',(0.,-1.,0.));
#7843=DIRECTION('ref_axis',(1.,0.,0.));
#7844=DIRECTION('center_axis',(0.,-1.,0.));
#7845=DIRECTION('ref_axis',(1.,0.,0.));
#7846=DIRECTION('',(0.,0.,1.));
#7847=DIRECTION('',(0.,0.,1.));
#7848=DIRECTION('center_axis',(-1.,0.,0.));
#7849=DIRECTION('ref_axis',(0.,-1.,0.));
#7850=DIRECTION('',(0.,0.,1.));
#7851=DIRECTION('center_axis',(0.,1.,0.));
#7852=DIRECTION('ref_axis',(-1.,0.,0.));
#7853=DIRECTION('center_axis',(0.,1.,0.));
#7854=DIRECTION('ref_axis',(-1.,0.,0.));
#7855=DIRECTION('',(0.,0.,1.));
#7856=DIRECTION('',(0.,0.,1.));
#7857=DIRECTION('center_axis',(1.,0.,0.));
#7858=DIRECTION('ref_axis',(0.,1.,0.));
#7859=DIRECTION('center_axis',(-1.,0.,0.));
#7860=DIRECTION('ref_axis',(0.,-1.,0.));
#7861=DIRECTION('',(0.,0.,1.));
#7862=DIRECTION('',(0.,0.,1.));
#7863=DIRECTION('center_axis',(0.,1.,0.));
#7864=DIRECTION('ref_axis',(-1.,0.,0.));
#7865=DIRECTION('',(0.,0.,1.));
#7866=DIRECTION('center_axis',(1.,0.,0.));
#7867=DIRECTION('ref_axis',(0.,1.,0.));
#7868=DIRECTION('',(0.,0.,1.));
#7869=DIRECTION('center_axis',(0.,-1.,0.));
#7870=DIRECTION('ref_axis',(1.,0.,0.));
#7871=DIRECTION('center_axis',(-1.,0.,0.));
#7872=DIRECTION('ref_axis',(0.,-1.,0.));
#7873=DIRECTION('',(0.,0.,1.));
#7874=DIRECTION('',(0.,0.,1.));
#7875=DIRECTION('center_axis',(0.,1.,0.));
#7876=DIRECTION('ref_axis',(-1.,0.,0.));
#7877=DIRECTION('',(0.,0.,1.));
#7878=DIRECTION('center_axis',(1.,0.,0.));
#7879=DIRECTION('ref_axis',(0.,1.,0.));
#7880=DIRECTION('',(0.,0.,1.));
#7881=DIRECTION('center_axis',(0.,-1.,0.));
#7882=DIRECTION('ref_axis',(1.,0.,0.));
#7883=DIRECTION('center_axis',(-1.,0.,0.));
#7884=DIRECTION('ref_axis',(0.,-1.,0.));
#7885=DIRECTION('',(0.,0.,1.));
#7886=DIRECTION('center_axis',(0.,1.,0.));
#7887=DIRECTION('ref_axis',(-1.,0.,0.));
#7888=DIRECTION('',(0.,0.,-1.));
#7889=DIRECTION('center_axis',(0.,-1.,0.));
#7890=DIRECTION('ref_axis',(1.,0.,0.));
#7891=DIRECTION('',(0.,0.,1.));
#7892=DIRECTION('',(0.,0.,1.));
#7893=DIRECTION('center_axis',(-1.,0.,0.));
#7894=DIRECTION('ref_axis',(0.,-1.,0.));
#7895=DIRECTION('',(0.,0.,1.));
#7896=DIRECTION('center_axis',(0.,1.,0.));
#7897=DIRECTION('ref_axis',(-1.,0.,0.));
#7898=DIRECTION('',(0.,0.,-1.));
#7899=DIRECTION('center_axis',(0.,1.,0.));
#7900=DIRECTION('ref_axis',(-1.,0.,0.));
#7901=DIRECTION('',(0.,0.,1.));
#7902=DIRECTION('',(0.,0.,1.));
#7903=DIRECTION('center_axis',(1.,0.,0.));
#7904=DIRECTION('ref_axis',(0.,1.,0.));
#7905=DIRECTION('',(0.,0.,1.));
#7906=DIRECTION('center_axis',(0.,-1.,0.));
#7907=DIRECTION('ref_axis',(1.,0.,0.));
#7908=DIRECTION('',(0.,0.,-1.));
#7909=DIRECTION('center_axis',(-1.,0.,0.));
#7910=DIRECTION('ref_axis',(0.,-1.,0.));
#7911=DIRECTION('',(0.,0.,1.));
#7912=DIRECTION('',(0.,0.,1.));
#7913=DIRECTION('center_axis',(0.,1.,0.));
#7914=DIRECTION('ref_axis',(-1.,0.,0.));
#7915=DIRECTION('',(0.,0.,1.));
#7916=DIRECTION('center_axis',(1.,0.,0.));
#7917=DIRECTION('ref_axis',(0.,1.,0.));
#7918=DIRECTION('',(0.,0.,1.));
#7919=DIRECTION('center_axis',(0.,-1.,0.));
#7920=DIRECTION('ref_axis',(1.,0.,0.));
#7921=DIRECTION('center_axis',(-1.,0.,0.));
#7922=DIRECTION('ref_axis',(0.,-1.,0.));
#7923=DIRECTION('',(0.,0.,1.));
#7924=DIRECTION('',(0.,0.,1.));
#7925=DIRECTION('center_axis',(0.,1.,0.));
#7926=DIRECTION('ref_axis',(-1.,0.,0.));
#7927=DIRECTION('',(0.,0.,1.));
#7928=DIRECTION('center_axis',(1.,0.,0.));
#7929=DIRECTION('ref_axis',(0.,1.,0.));
#7930=DIRECTION('',(0.,0.,1.));
#7931=DIRECTION('center_axis',(0.,-1.,0.));
#7932=DIRECTION('ref_axis',(1.,0.,0.));
#7933=DIRECTION('center_axis',(0.,-1.,0.));
#7934=DIRECTION('ref_axis',(1.,0.,0.));
#7935=DIRECTION('',(0.,0.,1.));
#7936=DIRECTION('',(0.,0.,1.));
#7937=DIRECTION('center_axis',(-1.,0.,0.));
#7938=DIRECTION('ref_axis',(0.,-1.,0.));
#7939=DIRECTION('',(0.,0.,1.));
#7940=DIRECTION('center_axis',(0.,1.,0.));
#7941=DIRECTION('ref_axis',(-1.,0.,0.));
#7942=DIRECTION('',(0.,0.,-1.));
#7943=DIRECTION('center_axis',(-1.,0.,0.));
#7944=DIRECTION('ref_axis',(0.,-1.,0.));
#7945=DIRECTION('',(0.,0.,1.));
#7946=DIRECTION('',(0.,0.,1.));
#7947=DIRECTION('center_axis',(0.,1.,0.));
#7948=DIRECTION('ref_axis',(-1.,0.,0.));
#7949=DIRECTION('',(0.,0.,1.));
#7950=DIRECTION('center_axis',(1.,0.,0.));
#7951=DIRECTION('ref_axis',(0.,1.,0.));
#7952=DIRECTION('',(0.,0.,1.));
#7953=DIRECTION('center_axis',(0.,-1.,0.));
#7954=DIRECTION('ref_axis',(1.,0.,0.));
#7955=DIRECTION('center_axis',(-1.,0.,0.));
#7956=DIRECTION('ref_axis',(0.,-1.,0.));
#7957=DIRECTION('',(0.,0.,1.));
#7958=DIRECTION('',(0.,0.,1.));
#7959=DIRECTION('center_axis',(0.,1.,0.));
#7960=DIRECTION('ref_axis',(-1.,0.,0.));
#7961=DIRECTION('',(0.,0.,1.));
#7962=DIRECTION('center_axis',(1.,0.,0.));
#7963=DIRECTION('ref_axis',(0.,1.,0.));
#7964=DIRECTION('',(0.,0.,1.));
#7965=DIRECTION('center_axis',(0.,-1.,0.));
#7966=DIRECTION('ref_axis',(1.,0.,0.));
#7967=DIRECTION('center_axis',(-1.,0.,0.));
#7968=DIRECTION('ref_axis',(0.,-1.,0.));
#7969=DIRECTION('',(0.,0.,1.));
#7970=DIRECTION('',(0.,0.,1.));
#7971=DIRECTION('center_axis',(0.,1.,0.));
#7972=DIRECTION('ref_axis',(-1.,0.,0.));
#7973=DIRECTION('',(0.,0.,1.));
#7974=DIRECTION('center_axis',(1.,0.,0.));
#7975=DIRECTION('ref_axis',(0.,1.,0.));
#7976=DIRECTION('',(0.,0.,1.));
#7977=DIRECTION('center_axis',(0.,-1.,0.));
#7978=DIRECTION('ref_axis',(1.,0.,0.));
#7979=DIRECTION('center_axis',(-1.,0.,0.));
#7980=DIRECTION('ref_axis',(0.,-1.,0.));
#7981=DIRECTION('center_axis',(-1.,0.,0.));
#7982=DIRECTION('ref_axis',(0.,-1.,0.));
#7983=DIRECTION('center_axis',(1.,0.,0.));
#7984=DIRECTION('ref_axis',(0.,1.,0.));
#7985=DIRECTION('center_axis',(1.,0.,0.));
#7986=DIRECTION('ref_axis',(0.,1.,0.));
#7987=DIRECTION('center_axis',(1.,0.,0.));
#7988=DIRECTION('ref_axis',(0.,1.,0.));
#7989=DIRECTION('center_axis',(-1.,0.,0.));
#7990=DIRECTION('ref_axis',(0.,-1.,0.));
#7991=DIRECTION('center_axis',(1.,0.,0.));
#7992=DIRECTION('ref_axis',(0.,1.,0.));
#7993=CARTESIAN_POINT('',(0.,0.,0.));
#7994=CARTESIAN_POINT('Origin',(13.0000001937151,-38.0000005662441,5.));
#7995=CARTESIAN_POINT('',(13.0000001937151,-38.0000005662441,5.));
#7996=CARTESIAN_POINT('',(-43.0000006407499,-38.0000005662441,5.));
#7997=CARTESIAN_POINT('',(-1.00047420369565,-38.0000005662441,5.));
#7998=CARTESIAN_POINT('',(13.0000001937151,-38.0000005662441,0.));
#7999=CARTESIAN_POINT('',(13.0000001937151,-38.0000005662441,5.));
#8000=CARTESIAN_POINT('',(-43.0000006407499,-38.0000005662441,0.));
#8001=CARTESIAN_POINT('',(-43.0000006407499,-38.0000005662441,0.));
#8002=CARTESIAN_POINT('',(-43.0000006407499,-38.0000005662441,5.));
#8003=CARTESIAN_POINT('Origin',(13.0000001937151,-36.0000005364418,5.));
#8004=CARTESIAN_POINT('',(13.0000001937151,-36.0000005364418,5.));
#8005=CARTESIAN_POINT('',(13.0000001937151,-23.0000002682209,5.));
#8006=CARTESIAN_POINT('',(13.0000001937151,-36.0000005364418,0.));
#8007=CARTESIAN_POINT('',(13.0000001937151,-36.0000005364418,5.));
#8008=CARTESIAN_POINT('',(13.0000001937151,-38.0000005662441,0.));
#8009=CARTESIAN_POINT('Origin',(-43.0000006407499,-36.0000005364418,5.));
#8010=CARTESIAN_POINT('',(-43.0000006407499,-36.0000005364418,5.));
#8011=CARTESIAN_POINT('',(-29.0004746209282,-36.0000005364418,5.));
#8012=CARTESIAN_POINT('',(-43.0000006407499,-36.0000005364418,0.));
#8013=CARTESIAN_POINT('',(-43.0000006407499,-36.0000005364418,5.));
#8014=CARTESIAN_POINT('',(13.0000001937151,-36.0000005364418,0.));
#8015=CARTESIAN_POINT('Origin',(-43.0000006407499,-38.0000005662441,5.));
#8016=CARTESIAN_POINT('',(-43.0000006407499,-24.0000002831221,5.));
#8017=CARTESIAN_POINT('',(-43.0000006407499,-36.0000005364418,0.));
#8018=CARTESIAN_POINT('Origin',(-10.0000001490116,-25.910167871553,5.));
#8019=CARTESIAN_POINT('',(-10.0000001490116,-25.910167871553,5.));
#8020=CARTESIAN_POINT('',(-10.0000001490116,-24.0000003576279,5.));
#8021=CARTESIAN_POINT('',(-10.0000001490116,-17.9550839357765,5.));
#8022=CARTESIAN_POINT('',(-10.0000001490116,-25.910167871553,0.));
#8023=CARTESIAN_POINT('',(-10.0000001490116,-25.910167871553,5.));
#8024=CARTESIAN_POINT('',(-10.0000001490116,-24.0000003576279,0.));
#8025=CARTESIAN_POINT('',(-10.0000001490116,-25.910167871553,0.));
#8026=CARTESIAN_POINT('',(-10.0000001490116,-24.0000003576279,5.));
#8027=CARTESIAN_POINT('Origin',(4.88039769775862,-25.910167871553,5.));
#8028=CARTESIAN_POINT('',(4.88039769775862,-25.910167871553,5.));
#8029=CARTESIAN_POINT('',(-5.06027545167389,-25.910167871553,5.));
#8030=CARTESIAN_POINT('',(4.88039769775862,-25.910167871553,0.));
#8031=CARTESIAN_POINT('',(4.88039769775862,-25.910167871553,5.));
#8032=CARTESIAN_POINT('',(4.88039769775862,-25.910167871553,0.));
#8033=CARTESIAN_POINT('Origin',(4.88039769775862,-24.0000003576279,5.));
#8034=CARTESIAN_POINT('',(4.88039769775862,-24.0000003576279,5.));
#8035=CARTESIAN_POINT('',(4.88039769775862,-17.0000001788139,5.));
#8036=CARTESIAN_POINT('',(4.88039769775862,-24.0000003576279,0.));
#8037=CARTESIAN_POINT('',(4.88039769775862,-24.0000003576279,5.));
#8038=CARTESIAN_POINT('',(4.88039769775862,-24.0000003576279,0.));
#8039=CARTESIAN_POINT('Origin',(-10.0000001490116,-24.0000003576279,5.));
#8040=CARTESIAN_POINT('',(-12.500474375059,-24.0000003576279,5.));
#8041=CARTESIAN_POINT('',(-10.0000001490116,-24.0000003576279,0.));
#8042=CARTESIAN_POINT('Origin',(10.0000001490116,-25.910167871553,5.));
#8043=CARTESIAN_POINT('',(10.0000001490116,-25.910167871553,5.));
#8044=CARTESIAN_POINT('',(10.0000001490116,-24.0000003576279,5.));
#8045=CARTESIAN_POINT('',(10.0000001490116,-17.9550839357765,5.));
#8046=CARTESIAN_POINT('',(10.0000001490116,-25.910167871553,0.));
#8047=CARTESIAN_POINT('',(10.0000001490116,-25.910167871553,5.));
#8048=CARTESIAN_POINT('',(10.0000001490116,-24.0000003576279,0.));
#8049=CARTESIAN_POINT('',(10.0000001490116,-25.910167871553,0.));
#8050=CARTESIAN_POINT('',(10.0000001490116,-24.0000003576279,5.));
#8051=CARTESIAN_POINT('Origin',(14.9981027977872,-25.910167871553,5.));
#8052=CARTESIAN_POINT('',(14.9981027977872,-25.910167871553,5.));
#8053=CARTESIAN_POINT('',(-0.00142290165958459,-25.910167871553,5.));
#8054=CARTESIAN_POINT('',(14.9981027977872,-25.910167871553,0.));
#8055=CARTESIAN_POINT('',(14.9981027977872,-25.910167871553,2.5));
#8056=CARTESIAN_POINT('',(14.9981027977872,-25.910167871553,0.));
#8057=CARTESIAN_POINT('Origin',(10.0000001490116,-24.0000003576279,5.));
#8058=CARTESIAN_POINT('',(14.9981027977872,-24.0000003576279,5.));
#8059=CARTESIAN_POINT('',(-2.50047422604739,-24.0000003576279,5.));
#8060=CARTESIAN_POINT('',(14.9981027977872,-24.0000003576279,0.));
#8061=CARTESIAN_POINT('',(10.0000001490116,-24.0000003576279,0.));
#8062=CARTESIAN_POINT('',(14.9981027977872,-24.0000003576279,2.5));
#8063=CARTESIAN_POINT('Origin',(14.9981027977872,-42.0000006258488,5.));
#8064=CARTESIAN_POINT('',(14.9981027977872,-42.0000006258488,5.));
#8065=CARTESIAN_POINT('',(10.0000001490116,-42.0000006258488,5.));
#8066=CARTESIAN_POINT('',(-0.00142290165958459,-42.0000006258488,5.));
#8067=CARTESIAN_POINT('',(14.9981027977872,-42.0000006258488,0.));
#8068=CARTESIAN_POINT('',(14.9981027977872,-42.0000006258488,2.5));
#8069=CARTESIAN_POINT('',(10.0000001490116,-42.0000006258488,0.));
#8070=CARTESIAN_POINT('',(10.0000001490116,-42.0000006258488,0.));
#8071=CARTESIAN_POINT('',(10.0000001490116,-42.0000006258488,5.));
#8072=CARTESIAN_POINT('Origin',(10.0000001490116,-39.9769930131215,5.));
#8073=CARTESIAN_POINT('',(10.0000001490116,-39.9769930131215,5.));
#8074=CARTESIAN_POINT('',(14.9981027977872,-39.9769930131215,5.));
#8075=CARTESIAN_POINT('',(-2.50047422604739,-39.9769930131215,5.));
#8076=CARTESIAN_POINT('',(10.0000001490116,-39.9769930131215,0.));
#8077=CARTESIAN_POINT('',(10.0000001490116,-39.9769930131215,5.));
#8078=CARTESIAN_POINT('',(14.9981027977872,-39.9769930131215,0.));
#8079=CARTESIAN_POINT('',(14.9981027977872,-39.9769930131215,0.));
#8080=CARTESIAN_POINT('',(14.9981027977872,-39.9769930131215,2.5));
#8081=CARTESIAN_POINT('Origin',(10.0000001490116,-42.0000006258488,5.));
#8082=CARTESIAN_POINT('',(10.0000001490116,-26.0000003129244,5.));
#8083=CARTESIAN_POINT('',(10.0000001490116,-39.9769930131215,0.));
#8084=CARTESIAN_POINT('Origin',(-35.0000005215406,15.0000002235174,5.));
#8085=CARTESIAN_POINT('',(-45.0000007450581,15.0000002235174,5.));
#8086=CARTESIAN_POINT('',(-45.0000007450581,15.0000002235174,0.));
#8087=CARTESIAN_POINT('',(-45.0000007450581,15.0000002235174,2.5));
#8088=CARTESIAN_POINT('',(-35.0000005215406,15.0000002235174,5.));
#8089=CARTESIAN_POINT('',(-25.0004745613235,15.0000002235174,5.));
#8090=CARTESIAN_POINT('',(-35.0000005215406,15.0000002235174,0.));
#8091=CARTESIAN_POINT('',(-35.0000005215406,15.0000002235174,5.));
#8092=CARTESIAN_POINT('',(-35.0000005215406,15.0000002235174,0.));
#8093=CARTESIAN_POINT('Origin',(-35.0000005215406,16.8920003554134,5.));
#8094=CARTESIAN_POINT('',(-35.0000005215406,16.8920003554134,5.));
#8095=CARTESIAN_POINT('',(-35.0000005215406,3.4460001777067,5.));
#8096=CARTESIAN_POINT('',(-35.0000005215406,16.8920003554134,0.));
#8097=CARTESIAN_POINT('',(-35.0000005215406,16.8920003554134,5.));
#8098=CARTESIAN_POINT('',(-35.0000005215406,16.8920003554134,0.));
#8099=CARTESIAN_POINT('Origin',(-47.5348855865073,16.8920003554134,5.));
#8100=CARTESIAN_POINT('',(-45.0000007450581,16.8920003554134,0.));
#8101=CARTESIAN_POINT('',(-45.0000007450581,16.8920003554134,5.));
#8102=CARTESIAN_POINT('',(-45.0000007450581,16.8920003554134,2.5));
#8103=CARTESIAN_POINT('',(-47.5348855865073,16.8920003554134,0.));
#8104=CARTESIAN_POINT('',(-31.2679170938068,16.8920003554134,5.));
#8105=CARTESIAN_POINT('Origin',(-35.0000005215406,-1.00000001490116,5.));
#8106=CARTESIAN_POINT('',(-45.0000007450581,-1.00000001490116,5.));
#8107=CARTESIAN_POINT('',(-45.0000007450581,-1.00000001490116,0.));
#8108=CARTESIAN_POINT('',(-45.0000007450581,-1.00000001490116,2.5));
#8109=CARTESIAN_POINT('',(-35.0000005215406,-1.00000001490116,5.));
#8110=CARTESIAN_POINT('',(-25.0004745613235,-1.00000001490116,5.));
#8111=CARTESIAN_POINT('',(-35.0000005215406,-1.00000001490116,0.));
#8112=CARTESIAN_POINT('',(-35.0000005215406,-1.00000001490116,5.));
#8113=CARTESIAN_POINT('',(-35.0000005215406,-1.00000001490116,0.));
#8114=CARTESIAN_POINT('Origin',(-35.0000005215406,1.00000001490116,5.));
#8115=CARTESIAN_POINT('',(-35.0000005215406,1.00000001490116,5.));
#8116=CARTESIAN_POINT('',(-35.0000005215406,-4.49999999254942,5.));
#8117=CARTESIAN_POINT('',(-35.0000005215406,1.00000001490116,0.));
#8118=CARTESIAN_POINT('',(-35.0000005215406,1.00000001490116,5.));
#8119=CARTESIAN_POINT('',(-35.0000005215406,1.00000001490116,0.));
#8120=CARTESIAN_POINT('Origin',(-48.0000007152557,1.00000001490116,5.));
#8121=CARTESIAN_POINT('',(-45.0000007450581,1.00000001490116,0.));
#8122=CARTESIAN_POINT('',(-45.0000007450581,1.00000001490116,5.));
#8123=CARTESIAN_POINT('',(-45.0000007450581,1.00000001490116,2.5));
#8124=CARTESIAN_POINT('',(-48.0000007152557,1.00000001490116,0.));
#8125=CARTESIAN_POINT('',(-31.5004746581811,1.00000001490116,5.));
#8126=CARTESIAN_POINT('Origin',(-10.0000001490116,24.0000003576279,5.));
#8127=CARTESIAN_POINT('',(-10.0000001490116,24.0000003576279,5.));
#8128=CARTESIAN_POINT('',(-10.0000001490116,26.0000003874302,5.));
#8129=CARTESIAN_POINT('',(-10.0000001490116,7.00000017881393,5.));
#8130=CARTESIAN_POINT('',(-10.0000001490116,24.0000003576279,0.));
#8131=CARTESIAN_POINT('',(-10.0000001490116,24.0000003576279,5.));
#8132=CARTESIAN_POINT('',(-10.0000001490116,26.0000003874302,0.));
#8133=CARTESIAN_POINT('',(-10.0000001490116,24.0000003576279,0.));
#8134=CARTESIAN_POINT('',(-10.0000001490116,26.0000003874302,5.));
#8135=CARTESIAN_POINT('Origin',(5.00000007450581,24.0000003576279,5.));
#8136=CARTESIAN_POINT('',(5.00000007450581,24.0000003576279,5.));
#8137=CARTESIAN_POINT('',(-5.00047426330029,24.0000003576279,5.));
#8138=CARTESIAN_POINT('',(5.00000007450581,24.0000003576279,0.));
#8139=CARTESIAN_POINT('',(5.00000007450581,24.0000003576279,5.));
#8140=CARTESIAN_POINT('',(5.00000007450581,24.0000003576279,0.));
#8141=CARTESIAN_POINT('Origin',(5.00000007450581,26.0000003874302,5.));
#8142=CARTESIAN_POINT('',(5.00000007450581,26.0000003874302,5.));
#8143=CARTESIAN_POINT('',(5.00000007450581,8.0000001937151,5.));
#8144=CARTESIAN_POINT('',(5.00000007450581,26.0000003874302,0.));
#8145=CARTESIAN_POINT('',(5.00000007450581,26.0000003874302,5.));
#8146=CARTESIAN_POINT('',(5.00000007450581,13.0000001937151,0.));
#8147=CARTESIAN_POINT('Origin',(-10.0000001490116,26.0000003874302,5.));
#8148=CARTESIAN_POINT('',(-12.500474375059,26.0000003874302,5.));
#8149=CARTESIAN_POINT('',(-12.4957667712304,26.0000003874302,0.));
#8150=CARTESIAN_POINT('Origin',(-10.0191603260988,-42.0000006258488,5.));
#8151=CARTESIAN_POINT('',(-10.0191603260988,-42.0000006258488,5.));
#8152=CARTESIAN_POINT('',(-10.0191603260988,-39.9769930131215,5.));
#8153=CARTESIAN_POINT('',(-10.0191603260988,-26.0000003129244,5.));
#8154=CARTESIAN_POINT('',(-10.0191603260988,-42.0000006258488,0.));
#8155=CARTESIAN_POINT('',(-10.0191603260988,-42.0000006258488,5.));
#8156=CARTESIAN_POINT('',(-10.0191603260988,-39.9769930131215,0.));
#8157=CARTESIAN_POINT('',(-10.0191603260988,-42.0000006258488,0.));
#8158=CARTESIAN_POINT('',(-10.0191603260988,-39.9769930131215,5.));
#8159=CARTESIAN_POINT('Origin',(5.00000007450581,-42.0000006258488,5.));
#8160=CARTESIAN_POINT('',(5.00000007450581,-42.0000006258488,5.));
#8161=CARTESIAN_POINT('',(-5.00047426330029,-42.0000006258488,5.));
#8162=CARTESIAN_POINT('',(5.00000007450581,-42.0000006258488,0.));
#8163=CARTESIAN_POINT('',(5.00000007450581,-42.0000006258488,5.));
#8164=CARTESIAN_POINT('',(5.00000007450581,-42.0000006258488,0.));
#8165=CARTESIAN_POINT('Origin',(5.00000007450581,-39.9769930131215,5.));
#8166=CARTESIAN_POINT('',(5.00000007450581,-39.9769930131215,5.));
#8167=CARTESIAN_POINT('',(5.00000007450581,-24.9884965065608,5.));
#8168=CARTESIAN_POINT('',(5.00000007450581,-39.9769930131215,0.));
#8169=CARTESIAN_POINT('',(5.00000007450581,-39.9769930131215,5.));
#8170=CARTESIAN_POINT('',(5.00000007450581,-39.9769930131215,0.));
#8171=CARTESIAN_POINT('Origin',(-10.0191603260988,-39.9769930131215,5.));
#8172=CARTESIAN_POINT('',(-12.5100544636026,-39.9769930131215,5.));
#8173=CARTESIAN_POINT('',(-10.0191603260988,-39.9769930131215,0.));
#8174=CARTESIAN_POINT('Origin',(10.0000001490116,9.00000013411045,5.));
#8175=CARTESIAN_POINT('',(14.9981027977872,9.00000013411045,5.));
#8176=CARTESIAN_POINT('',(14.9981027977872,9.00000013411045,0.));
#8177=CARTESIAN_POINT('',(14.9981027977872,9.00000013411045,2.5));
#8178=CARTESIAN_POINT('',(10.0000001490116,9.00000013411045,5.));
#8179=CARTESIAN_POINT('',(-2.50047422604739,9.00000013411045,5.));
#8180=CARTESIAN_POINT('',(10.0000001490116,9.00000013411045,0.));
#8181=CARTESIAN_POINT('',(10.0000001490116,9.00000013411045,5.));
#8182=CARTESIAN_POINT('',(18.0000002682209,9.00000013411045,0.));
#8183=CARTESIAN_POINT('Origin',(18.0000002682209,7.00000010430813,5.));
#8184=CARTESIAN_POINT('',(14.9981027977872,7.00000010430813,0.));
#8185=CARTESIAN_POINT('',(14.9981027977872,7.00000010430813,5.));
#8186=CARTESIAN_POINT('',(14.9981027977872,7.00000010430813,2.5));
#8187=CARTESIAN_POINT('',(10.0000001490116,7.00000010430813,0.));
#8188=CARTESIAN_POINT('',(10.0000001490116,7.00000010430813,0.));
#8189=CARTESIAN_POINT('',(10.0000001490116,7.00000010430813,5.));
#8190=CARTESIAN_POINT('',(10.0000001490116,7.00000010430813,5.));
#8191=CARTESIAN_POINT('',(1.49952583355726,7.00000010430813,5.));
#8192=CARTESIAN_POINT('Origin',(10.0000001490116,7.00000010430813,5.));
#8193=CARTESIAN_POINT('',(10.0000001490116,-1.49999994784594,5.));
#8194=CARTESIAN_POINT('',(10.0000001490116,9.00000013411045,0.));
#8195=CARTESIAN_POINT('Origin',(-30.0000004470348,-17.0000002533197,5.));
#8196=CARTESIAN_POINT('',(-30.0000004470348,-17.0000002533197,5.));
#8197=CARTESIAN_POINT('',(-30.0000004470348,-15.0000002235174,5.));
#8198=CARTESIAN_POINT('',(-30.0000004470348,-13.5000001266599,5.));
#8199=CARTESIAN_POINT('',(-30.0000004470348,-17.0000002533197,0.));
#8200=CARTESIAN_POINT('',(-30.0000004470348,-17.0000002533197,5.));
#8201=CARTESIAN_POINT('',(-30.0000004470348,-15.0000002235174,0.));
#8202=CARTESIAN_POINT('',(-30.0000004470348,-17.0000002533197,0.));
#8203=CARTESIAN_POINT('',(-30.0000004470348,-15.0000002235174,5.));
#8204=CARTESIAN_POINT('Origin',(-15.0000002235174,-17.0000002533197,5.));
#8205=CARTESIAN_POINT('',(-15.0000002235174,-17.0000002533197,5.));
#8206=CARTESIAN_POINT('',(-15.0004744123119,-17.0000002533197,5.));
#8207=CARTESIAN_POINT('',(-15.0000002235174,-17.0000002533197,0.));
#8208=CARTESIAN_POINT('',(-15.0000002235174,-17.0000002533197,5.));
#8209=CARTESIAN_POINT('',(-15.0000002235174,-17.0000002533197,0.));
#8210=CARTESIAN_POINT('Origin',(-15.0000002235174,-15.0000002235174,5.));
#8211=CARTESIAN_POINT('',(-15.0000002235174,-15.0000002235174,5.));
#8212=CARTESIAN_POINT('',(-15.0000002235174,-12.5000001117587,5.));
#8213=CARTESIAN_POINT('',(-15.0000002235174,-15.0000002235174,0.));
#8214=CARTESIAN_POINT('',(-15.0000002235174,-15.0000002235174,5.));
#8215=CARTESIAN_POINT('',(-15.0000002235174,-15.0000002235174,0.));
#8216=CARTESIAN_POINT('Origin',(-30.0000004470348,-15.0000002235174,5.));
#8217=CARTESIAN_POINT('',(-22.5004745240706,-15.0000002235174,5.));
#8218=CARTESIAN_POINT('',(-30.0000004470348,-15.0000002235174,0.));
#8219=CARTESIAN_POINT('Origin',(10.0000001490116,1.00000001490116,5.));
#8220=CARTESIAN_POINT('',(14.9981027977872,1.00000001490116,5.));
#8221=CARTESIAN_POINT('',(14.9981027977872,1.00000001490116,0.));
#8222=CARTESIAN_POINT('',(14.9981027977872,1.00000001490116,2.5));
#8223=CARTESIAN_POINT('',(10.0000001490116,1.00000001490116,5.));
#8224=CARTESIAN_POINT('',(-2.50047422604739,1.00000001490116,5.));
#8225=CARTESIAN_POINT('',(10.0000001490116,1.00000001490116,0.));
#8226=CARTESIAN_POINT('',(10.0000001490116,1.00000001490116,5.));
#8227=CARTESIAN_POINT('',(16.0000002384186,1.00000001490116,0.));
#8228=CARTESIAN_POINT('Origin',(16.0000002384186,-1.00000001490116,5.));
#8229=CARTESIAN_POINT('',(14.9981027977872,-1.00000001490116,0.));
#8230=CARTESIAN_POINT('',(14.9981027977872,-1.00000001490116,5.));
#8231=CARTESIAN_POINT('',(14.9981027977872,-1.00000001490116,2.5));
#8232=CARTESIAN_POINT('',(10.0000001490116,-1.00000001490116,0.));
#8233=CARTESIAN_POINT('',(10.0000001490116,-1.00000001490116,0.));
#8234=CARTESIAN_POINT('',(10.0000001490116,-1.00000001490116,5.));
#8235=CARTESIAN_POINT('',(10.0000001490116,-1.00000001490116,5.));
#8236=CARTESIAN_POINT('',(0.499525818656095,-1.00000001490116,5.));
#8237=CARTESIAN_POINT('Origin',(10.0000001490116,-1.00000001490116,5.));
#8238=CARTESIAN_POINT('',(10.0000001490116,-5.50000000745058,5.));
#8239=CARTESIAN_POINT('',(10.0000001490116,1.00000001490116,0.));
#8240=CARTESIAN_POINT('Origin',(-43.0000006407499,-13.0000001937151,5.));
#8241=CARTESIAN_POINT('',(-43.0000006407499,-13.0000001937151,5.));
#8242=CARTESIAN_POINT('',(-43.0000006407499,-11.0000001639128,5.));
#8243=CARTESIAN_POINT('',(-43.0000006407499,-11.5000000968575,5.));
#8244=CARTESIAN_POINT('',(-43.0000006407499,-13.0000001937151,0.));
#8245=CARTESIAN_POINT('',(-43.0000006407499,-13.0000001937151,5.));
#8246=CARTESIAN_POINT('',(-43.0000006407499,-11.0000001639128,0.));
#8247=CARTESIAN_POINT('',(-43.0000006407499,-13.0000001937151,0.));
#8248=CARTESIAN_POINT('',(-43.0000006407499,-11.0000001639128,5.));
#8249=CARTESIAN_POINT('Origin',(13.0000001937151,-13.0000001937151,5.));
#8250=CARTESIAN_POINT('',(13.0000001937151,-13.0000001937151,5.));
#8251=CARTESIAN_POINT('',(-1.00047420369565,-13.0000001937151,5.));
#8252=CARTESIAN_POINT('',(13.0000001937151,-13.0000001937151,0.));
#8253=CARTESIAN_POINT('',(13.0000001937151,-13.0000001937151,5.));
#8254=CARTESIAN_POINT('',(13.0000001937151,-13.0000001937151,0.));
#8255=CARTESIAN_POINT('Origin',(13.0000001937151,-11.0000001639128,5.));
#8256=CARTESIAN_POINT('',(13.0000001937151,-11.0000001639128,5.));
#8257=CARTESIAN_POINT('',(13.0000001937151,-10.5000000819564,5.));
#8258=CARTESIAN_POINT('',(13.0000001937151,-11.0000001639128,0.));
#8259=CARTESIAN_POINT('',(13.0000001937151,-11.0000001639128,5.));
#8260=CARTESIAN_POINT('',(13.0000001937151,-11.0000001639128,0.));
#8261=CARTESIAN_POINT('Origin',(-43.0000006407499,-11.0000001639128,5.));
#8262=CARTESIAN_POINT('',(-29.0004746209282,-11.0000001639128,5.));
#8263=CARTESIAN_POINT('',(-43.0000006407499,-11.0000001639128,0.));
#8264=CARTESIAN_POINT('Origin',(-30.0000004470348,7.00000010430813,5.));
#8265=CARTESIAN_POINT('',(-30.0000004470348,7.00000010430813,5.));
#8266=CARTESIAN_POINT('',(-30.0000004470348,9.00000013411045,5.));
#8267=CARTESIAN_POINT('',(-30.0000004470348,-1.49999994784594,5.));
#8268=CARTESIAN_POINT('',(-30.0000004470348,7.00000010430813,0.));
#8269=CARTESIAN_POINT('',(-30.0000004470348,7.00000010430813,5.));
#8270=CARTESIAN_POINT('',(-30.0000004470348,9.00000013411045,0.));
#8271=CARTESIAN_POINT('',(-30.0000004470348,7.00000010430813,0.));
#8272=CARTESIAN_POINT('',(-30.0000004470348,9.00000013411045,5.));
#8273=CARTESIAN_POINT('Origin',(-16.0000002384186,7.00000010430813,5.));
#8274=CARTESIAN_POINT('',(-16.0000002384186,7.00000010430813,5.));
#8275=CARTESIAN_POINT('',(-15.5004744197625,7.00000010430813,5.));
#8276=CARTESIAN_POINT('',(-16.0000002384186,7.00000010430813,0.));
#8277=CARTESIAN_POINT('',(-16.0000002384186,7.00000010430813,5.));
#8278=CARTESIAN_POINT('',(-16.0000002384186,7.00000010430813,0.));
#8279=CARTESIAN_POINT('Origin',(-16.0000002384186,9.00000013411045,5.));
#8280=CARTESIAN_POINT('',(-16.0000002384186,9.00000013411045,5.));
#8281=CARTESIAN_POINT('',(-16.0000002384186,-0.499999932944775,5.));
#8282=CARTESIAN_POINT('',(-16.0000002384186,9.00000013411045,0.));
#8283=CARTESIAN_POINT('',(-16.0000002384186,9.00000013411045,5.));
#8284=CARTESIAN_POINT('',(-16.0000002384186,9.00000013411045,0.));
#8285=CARTESIAN_POINT('Origin',(-30.0000004470348,9.00000013411045,5.));
#8286=CARTESIAN_POINT('',(-22.5004745240706,9.00000013411045,5.));
#8287=CARTESIAN_POINT('',(-30.0000004470348,9.00000013411045,0.));
#8288=CARTESIAN_POINT('Origin',(-30.0000004470348,24.0000003576279,5.));
#8289=CARTESIAN_POINT('',(-30.0000004470348,24.0000003576279,5.));
#8290=CARTESIAN_POINT('',(-30.0000004470348,26.0000003874302,5.));
#8291=CARTESIAN_POINT('',(-30.0000004470348,7.00000017881393,5.));
#8292=CARTESIAN_POINT('',(-30.0000004470348,24.0000003576279,0.));
#8293=CARTESIAN_POINT('',(-30.0000004470348,24.0000003576279,5.));
#8294=CARTESIAN_POINT('',(-30.0000004470348,26.0000003874302,0.));
#8295=CARTESIAN_POINT('',(-30.0000004470348,24.0000003576279,0.));
#8296=CARTESIAN_POINT('',(-30.0000004470348,26.0000003874302,5.));
#8297=CARTESIAN_POINT('Origin',(-16.0000002384186,24.0000003576279,5.));
#8298=CARTESIAN_POINT('',(-16.0000002384186,24.0000003576279,5.));
#8299=CARTESIAN_POINT('',(-15.5004744197625,24.0000003576279,5.));
#8300=CARTESIAN_POINT('',(-16.0000002384186,24.0000003576279,0.));
#8301=CARTESIAN_POINT('',(-16.0000002384186,24.0000003576279,5.));
#8302=CARTESIAN_POINT('',(-16.0000002384186,24.0000003576279,0.));
#8303=CARTESIAN_POINT('Origin',(-16.0000002384186,26.0000003874302,5.));
#8304=CARTESIAN_POINT('',(-16.0000002384186,26.0000003874302,5.));
#8305=CARTESIAN_POINT('',(-16.0000002384186,8.0000001937151,5.));
#8306=CARTESIAN_POINT('',(-16.0000002384186,26.0000003874302,0.));
#8307=CARTESIAN_POINT('',(-16.0000002384186,26.0000003874302,5.));
#8308=CARTESIAN_POINT('',(-16.0000002384186,13.0000001937151,0.));
#8309=CARTESIAN_POINT('Origin',(-30.0000004470348,26.0000003874302,5.));
#8310=CARTESIAN_POINT('',(-22.5004745240706,26.0000003874302,5.));
#8311=CARTESIAN_POINT('',(-22.495766920242,26.0000003874302,0.));
#8312=CARTESIAN_POINT('Origin',(10.0000001490116,24.0131075461431,5.));
#8313=CARTESIAN_POINT('',(10.0000001490116,24.0131075461431,5.));
#8314=CARTESIAN_POINT('',(10.0000001490116,26.0000003874302,5.));
#8315=CARTESIAN_POINT('',(10.0000001490116,7.00655377307154,5.));
#8316=CARTESIAN_POINT('',(10.0000001490116,24.0131075461431,0.));
#8317=CARTESIAN_POINT('',(10.0000001490116,24.0131075461431,5.));
#8318=CARTESIAN_POINT('',(10.0000001490116,26.0000003874302,0.));
#8319=CARTESIAN_POINT('',(10.0000001490116,24.0131075461431,0.));
#8320=CARTESIAN_POINT('',(10.0000001490116,26.0000003874302,5.));
#8321=CARTESIAN_POINT('Origin',(14.9981027977872,24.0131075461431,5.));
#8322=CARTESIAN_POINT('',(14.9981027977872,24.0131075461431,5.));
#8323=CARTESIAN_POINT('',(-0.00142290165958459,24.0131075461431,5.));
#8324=CARTESIAN_POINT('',(14.9981027977872,24.0131075461431,0.));
#8325=CARTESIAN_POINT('',(14.9981027977872,24.0131075461431,2.5));
#8326=CARTESIAN_POINT('',(14.9981027977872,24.0131075461431,0.));
#8327=CARTESIAN_POINT('Origin',(10.0000001490116,26.0000003874302,5.));
#8328=CARTESIAN_POINT('',(14.9981027977872,26.0000003874302,5.));
#8329=CARTESIAN_POINT('',(-2.50047422604739,26.0000003874302,5.));
#8330=CARTESIAN_POINT('',(14.9981027977872,26.0000003874302,0.));
#8331=CARTESIAN_POINT('',(-2.49576662221879,26.0000003874302,0.));
#8332=CARTESIAN_POINT('',(14.9981027977872,26.0000003874302,2.5));
#8333=CARTESIAN_POINT('Origin',(-43.0000006407499,-46.0000006854534,5.));
#8334=CARTESIAN_POINT('',(-43.0000006407499,-46.0000006854534,5.));
#8335=CARTESIAN_POINT('',(-43.0000006407499,-44.0000006556511,5.));
#8336=CARTESIAN_POINT('',(-43.0000006407499,-28.0000003427267,5.));
#8337=CARTESIAN_POINT('',(-43.0000006407499,-46.0000006854534,0.));
#8338=CARTESIAN_POINT('',(-43.0000006407499,-46.0000006854534,5.));
#8339=CARTESIAN_POINT('',(-43.0000006407499,-44.0000006556511,0.));
#8340=CARTESIAN_POINT('',(-43.0000006407499,-23.0000003427267,0.));
#8341=CARTESIAN_POINT('',(-43.0000006407499,-44.0000006556511,5.));
#8342=CARTESIAN_POINT('Origin',(13.0000001937151,-46.0000006854534,5.));
#8343=CARTESIAN_POINT('',(13.0000001937151,-46.0000006854534,5.));
#8344=CARTESIAN_POINT('',(-1.00047420369565,-46.0000006854534,5.));
#8345=CARTESIAN_POINT('',(13.0000001937151,-46.0000006854534,0.));
#8346=CARTESIAN_POINT('',(13.0000001937151,-46.0000006854534,5.));
#8347=CARTESIAN_POINT('',(-0.995766599867052,-46.0000006854534,0.));
#8348=CARTESIAN_POINT('Origin',(13.0000001937151,-44.0000006556511,5.));
#8349=CARTESIAN_POINT('',(13.0000001937151,-44.0000006556511,5.));
#8350=CARTESIAN_POINT('',(13.0000001937151,-27.0000003278255,5.));
#8351=CARTESIAN_POINT('',(13.0000001937151,-44.0000006556511,0.));
#8352=CARTESIAN_POINT('',(13.0000001937151,-44.0000006556511,5.));
#8353=CARTESIAN_POINT('',(13.0000001937151,-44.0000006556511,0.));
#8354=CARTESIAN_POINT('Origin',(-43.0000006407499,-44.0000006556511,5.));
#8355=CARTESIAN_POINT('',(-29.0004746209282,-44.0000006556511,5.));
#8356=CARTESIAN_POINT('',(-43.0000006407499,-44.0000006556511,0.));
#8357=CARTESIAN_POINT('Origin',(-43.0000006407499,12.0000001788139,5.));
#8358=CARTESIAN_POINT('',(-43.0000006407499,12.0000001788139,5.));
#8359=CARTESIAN_POINT('',(-43.0000006407499,14.0000002086163,5.));
#8360=CARTESIAN_POINT('',(-43.0000006407499,1.00000008940697,5.));
#8361=CARTESIAN_POINT('',(-43.0000006407499,12.0000001788139,0.));
#8362=CARTESIAN_POINT('',(-43.0000006407499,12.0000001788139,5.));
#8363=CARTESIAN_POINT('',(-43.0000006407499,14.0000002086163,0.));
#8364=CARTESIAN_POINT('',(-43.0000006407499,12.0000001788139,0.));
#8365=CARTESIAN_POINT('',(-43.0000006407499,14.0000002086163,5.));
#8366=CARTESIAN_POINT('Origin',(13.0000001937151,12.0000001788139,5.));
#8367=CARTESIAN_POINT('',(13.0000001937151,12.0000001788139,5.));
#8368=CARTESIAN_POINT('',(-1.00047420369565,12.0000001788139,5.));
#8369=CARTESIAN_POINT('',(13.0000001937151,12.0000001788139,0.));
#8370=CARTESIAN_POINT('',(13.0000001937151,12.0000001788139,5.));
#8371=CARTESIAN_POINT('',(13.0000001937151,12.0000001788139,0.));
#8372=CARTESIAN_POINT('Origin',(13.0000001937151,14.0000002086163,5.));
#8373=CARTESIAN_POINT('',(13.0000001937151,14.0000002086163,5.));
#8374=CARTESIAN_POINT('',(13.0000001937151,2.00000010430813,5.));
#8375=CARTESIAN_POINT('',(13.0000001937151,14.0000002086163,0.));
#8376=CARTESIAN_POINT('',(13.0000001937151,14.0000002086163,5.));
#8377=CARTESIAN_POINT('',(13.0000001937151,14.0000002086163,0.));
#8378=CARTESIAN_POINT('Origin',(-43.0000006407499,14.0000002086163,5.));
#8379=CARTESIAN_POINT('',(-29.0004746209282,14.0000002086163,5.));
#8380=CARTESIAN_POINT('',(-43.0000006407499,14.0000002086163,0.));
#8381=CARTESIAN_POINT('Origin',(-10.0000001490116,-1.00000001490116,5.));
#8382=CARTESIAN_POINT('',(-10.0000001490116,-1.00000001490116,5.));
#8383=CARTESIAN_POINT('',(-10.0000001490116,1.00000001490116,5.));
#8384=CARTESIAN_POINT('',(-10.0000001490116,-5.50000000745058,5.));
#8385=CARTESIAN_POINT('',(-10.0000001490116,-1.00000001490116,0.));
#8386=CARTESIAN_POINT('',(-10.0000001490116,-1.00000001490116,5.));
#8387=CARTESIAN_POINT('',(-10.0000001490116,1.00000001490116,0.));
#8388=CARTESIAN_POINT('',(-10.0000001490116,-1.00000001490116,0.));
#8389=CARTESIAN_POINT('',(-10.0000001490116,1.00000001490116,5.));
#8390=CARTESIAN_POINT('Origin',(5.00000007450581,-1.00000001490116,5.));
#8391=CARTESIAN_POINT('',(5.00000007450581,-1.00000001490116,5.));
#8392=CARTESIAN_POINT('',(-5.00047426330029,-1.00000001490116,5.));
#8393=CARTESIAN_POINT('',(5.00000007450581,-1.00000001490116,0.));
#8394=CARTESIAN_POINT('',(5.00000007450581,-1.00000001490116,5.));
#8395=CARTESIAN_POINT('',(5.00000007450581,-1.00000001490116,0.));
#8396=CARTESIAN_POINT('Origin',(5.00000007450581,1.00000001490116,5.));
#8397=CARTESIAN_POINT('',(5.00000007450581,1.00000001490116,5.));
#8398=CARTESIAN_POINT('',(5.00000007450581,-4.49999999254942,5.));
#8399=CARTESIAN_POINT('',(5.00000007450581,1.00000001490116,0.));
#8400=CARTESIAN_POINT('',(5.00000007450581,1.00000001490116,5.));
#8401=CARTESIAN_POINT('',(5.00000007450581,1.00000001490116,0.));
#8402=CARTESIAN_POINT('Origin',(-10.0000001490116,1.00000001490116,5.));
#8403=CARTESIAN_POINT('',(-12.500474375059,1.00000001490116,5.));
#8404=CARTESIAN_POINT('',(-10.0000001490116,1.00000001490116,0.));
#8405=CARTESIAN_POINT('Origin',(-10.0000001490116,15.0000002235174,5.));
#8406=CARTESIAN_POINT('',(-10.0000001490116,15.0000002235174,5.));
#8407=CARTESIAN_POINT('',(-10.0000001490116,17.0000002533197,5.));
#8408=CARTESIAN_POINT('',(-10.0000001490116,2.50000011175871,5.));
#8409=CARTESIAN_POINT('',(-10.0000001490116,15.0000002235174,0.));
#8410=CARTESIAN_POINT('',(-10.0000001490116,15.0000002235174,5.));
#8411=CARTESIAN_POINT('',(-10.0000001490116,17.0000002533197,0.));
#8412=CARTESIAN_POINT('',(-10.0000001490116,15.0000002235174,0.));
#8413=CARTESIAN_POINT('',(-10.0000001490116,17.0000002533197,5.));
#8414=CARTESIAN_POINT('Origin',(5.00000007450581,15.0000002235174,5.));
#8415=CARTESIAN_POINT('',(5.00000007450581,15.0000002235174,5.));
#8416=CARTESIAN_POINT('',(-5.00047426330029,15.0000002235174,5.));
#8417=CARTESIAN_POINT('',(5.00000007450581,15.0000002235174,0.));
#8418=CARTESIAN_POINT('',(5.00000007450581,15.0000002235174,5.));
#8419=CARTESIAN_POINT('',(5.00000007450581,15.0000002235174,0.));
#8420=CARTESIAN_POINT('Origin',(5.00000007450581,17.0000002533197,5.));
#8421=CARTESIAN_POINT('',(5.00000007450581,17.0000002533197,5.));
#8422=CARTESIAN_POINT('',(5.00000007450581,3.50000012665987,5.));
#8423=CARTESIAN_POINT('',(5.00000007450581,17.0000002533197,0.));
#8424=CARTESIAN_POINT('',(5.00000007450581,17.0000002533197,5.));
#8425=CARTESIAN_POINT('',(5.00000007450581,17.0000002533197,0.));
#8426=CARTESIAN_POINT('Origin',(-10.0000001490116,17.0000002533197,5.));
#8427=CARTESIAN_POINT('',(-12.500474375059,17.0000002533197,5.));
#8428=CARTESIAN_POINT('',(-10.0000001490116,17.0000002533197,0.));
#8429=CARTESIAN_POINT('Origin',(-35.0000005215406,-34.0000005066395,5.));
#8430=CARTESIAN_POINT('',(-45.0000007450581,-34.0000005066395,5.));
#8431=CARTESIAN_POINT('',(-45.0000007450581,-34.0000005066395,0.));
#8432=CARTESIAN_POINT('',(-45.0000007450581,-34.0000005066395,2.5));
#8433=CARTESIAN_POINT('',(-35.0000005215406,-34.0000005066395,5.));
#8434=CARTESIAN_POINT('',(-25.0004745613235,-34.0000005066395,5.));
#8435=CARTESIAN_POINT('',(-35.0000005215406,-34.0000005066395,0.));
#8436=CARTESIAN_POINT('',(-35.0000005215406,-34.0000005066395,5.));
#8437=CARTESIAN_POINT('',(-35.0000005215406,-34.0000005066395,0.));
#8438=CARTESIAN_POINT('Origin',(-35.0000005215406,-31.9756939574838,5.));
#8439=CARTESIAN_POINT('',(-35.0000005215406,-31.9756939574838,5.));
#8440=CARTESIAN_POINT('',(-35.0000005215406,-20.9878469787419,5.));
#8441=CARTESIAN_POINT('',(-35.0000005215406,-31.9756939574838,0.));
#8442=CARTESIAN_POINT('',(-35.0000005215406,-31.9756939574838,5.));
#8443=CARTESIAN_POINT('',(-35.0000005215406,-31.9756939574838,0.));
#8444=CARTESIAN_POINT('Origin',(-49.9887505693496,-31.9756939574838,5.));
#8445=CARTESIAN_POINT('',(-45.0000007450581,-31.9756939574838,0.));
#8446=CARTESIAN_POINT('',(-45.0000007450581,-31.9756939574838,5.));
#8447=CARTESIAN_POINT('',(-45.0000007450581,-31.9756939574838,2.5));
#8448=CARTESIAN_POINT('',(-49.9887505693496,-31.9756939574838,0.));
#8449=CARTESIAN_POINT('',(-32.494849585228,-31.9756939574838,5.));
#8450=CARTESIAN_POINT('Origin',(-35.0000005215406,24.0000003576279,5.));
#8451=CARTESIAN_POINT('',(-45.0000007450581,24.0000003576279,5.));
#8452=CARTESIAN_POINT('',(-45.0000007450581,24.0000003576279,0.));
#8453=CARTESIAN_POINT('',(-45.0000007450581,24.0000003576279,2.5));
#8454=CARTESIAN_POINT('',(-35.0000005215406,24.0000003576279,5.));
#8455=CARTESIAN_POINT('',(-25.0004745613235,24.0000003576279,5.));
#8456=CARTESIAN_POINT('',(-35.0000005215406,24.0000003576279,0.));
#8457=CARTESIAN_POINT('',(-35.0000005215406,24.0000003576279,5.));
#8458=CARTESIAN_POINT('',(-35.0000005215406,24.0000003576279,0.));
#8459=CARTESIAN_POINT('Origin',(-35.0000005215406,26.0000003874302,5.));
#8460=CARTESIAN_POINT('',(-35.0000005215406,26.0000003874302,5.));
#8461=CARTESIAN_POINT('',(-35.0000005215406,8.0000001937151,5.));
#8462=CARTESIAN_POINT('',(-35.0000005215406,26.0000003874302,0.));
#8463=CARTESIAN_POINT('',(-35.0000005215406,26.0000003874302,5.));
#8464=CARTESIAN_POINT('',(-35.0000005215406,13.0000001937151,0.));
#8465=CARTESIAN_POINT('Origin',(-49.0000007301569,26.0000003874302,5.));
#8466=CARTESIAN_POINT('',(-45.0000007450581,26.0000003874302,0.));
#8467=CARTESIAN_POINT('',(-45.0000007450581,26.0000003874302,5.));
#8468=CARTESIAN_POINT('',(-45.0000007450581,26.0000003874302,2.5));
#8469=CARTESIAN_POINT('',(-31.9957670618031,26.0000003874302,0.));
#8470=CARTESIAN_POINT('',(-32.0004746656316,26.0000003874302,5.));
#8471=CARTESIAN_POINT('Origin',(-30.0091774734156,-42.0000006258488,5.));
#8472=CARTESIAN_POINT('',(-30.0091774734156,-42.0000006258488,5.));
#8473=CARTESIAN_POINT('',(-30.0091774734156,-39.9769930131215,5.));
#8474=CARTESIAN_POINT('',(-30.0091774734156,-26.0000003129244,5.));
#8475=CARTESIAN_POINT('',(-30.0091774734156,-42.0000006258488,0.));
#8476=CARTESIAN_POINT('',(-30.0091774734156,-42.0000006258488,5.));
#8477=CARTESIAN_POINT('',(-30.0091774734156,-39.9769930131215,0.));
#8478=CARTESIAN_POINT('',(-30.0091774734156,-42.0000006258488,0.));
#8479=CARTESIAN_POINT('',(-30.0091774734156,-39.9769930131215,5.));
#8480=CARTESIAN_POINT('Origin',(-15.0000002235174,-42.0000006258488,5.));
#8481=CARTESIAN_POINT('',(-15.0000002235174,-42.0000006258488,5.));
#8482=CARTESIAN_POINT('',(-15.0004744123119,-42.0000006258488,5.));
#8483=CARTESIAN_POINT('',(-15.0000002235174,-42.0000006258488,0.));
#8484=CARTESIAN_POINT('',(-15.0000002235174,-42.0000006258488,5.));
#8485=CARTESIAN_POINT('',(-15.0000002235174,-42.0000006258488,0.));
#8486=CARTESIAN_POINT('Origin',(-15.0000002235174,-39.9769930131215,5.));
#8487=CARTESIAN_POINT('',(-15.0000002235174,-39.9769930131215,5.));
#8488=CARTESIAN_POINT('',(-15.0000002235174,-24.9884965065608,5.));
#8489=CARTESIAN_POINT('',(-15.0000002235174,-39.9769930131215,0.));
#8490=CARTESIAN_POINT('',(-15.0000002235174,-39.9769930131215,5.));
#8491=CARTESIAN_POINT('',(-15.0000002235174,-39.9769930131215,0.));
#8492=CARTESIAN_POINT('Origin',(-30.0091774734156,-39.9769930131215,5.));
#8493=CARTESIAN_POINT('',(-22.505063037261,-39.9769930131215,5.));
#8494=CARTESIAN_POINT('',(-30.0091774734156,-39.9769930131215,0.));
#8495=CARTESIAN_POINT('Origin',(-14.9958647069069,-34.0000005066395,5.));
#8496=CARTESIAN_POINT('',(-14.9958647069069,-34.0000005066395,5.));
#8497=CARTESIAN_POINT('',(-30.0000004470348,-34.0000005066395,5.));
#8498=CARTESIAN_POINT('',(-14.9984066540067,-34.0000005066395,5.));
#8499=CARTESIAN_POINT('',(-14.9958647069069,-34.0000005066395,0.));
#8500=CARTESIAN_POINT('',(-14.9958647069069,-34.0000005066395,5.));
#8501=CARTESIAN_POINT('',(-30.0000004470348,-34.0000005066395,0.));
#8502=CARTESIAN_POINT('',(-30.0000004470348,-34.0000005066395,0.));
#8503=CARTESIAN_POINT('',(-30.0000004470348,-34.0000005066395,5.));
#8504=CARTESIAN_POINT('Origin',(-14.9958647069069,-31.9756939574838,5.));
#8505=CARTESIAN_POINT('',(-14.9958647069069,-31.9756939574838,5.));
#8506=CARTESIAN_POINT('',(-14.9958647069069,-20.9878469787419,5.));
#8507=CARTESIAN_POINT('',(-14.9958647069069,-31.9756939574838,0.));
#8508=CARTESIAN_POINT('',(-14.9958647069069,-31.9756939574838,5.));
#8509=CARTESIAN_POINT('',(-14.9958647069069,-34.0000005066395,0.));
#8510=CARTESIAN_POINT('Origin',(-30.0000004470348,-31.9756939574838,5.));
#8511=CARTESIAN_POINT('',(-30.0000004470348,-31.9756939574838,5.));
#8512=CARTESIAN_POINT('',(-22.5004745240706,-31.9756939574838,5.));
#8513=CARTESIAN_POINT('',(-30.0000004470348,-31.9756939574838,0.));
#8514=CARTESIAN_POINT('',(-30.0000004470348,-31.9756939574838,5.));
#8515=CARTESIAN_POINT('',(-14.9958647069069,-31.9756939574838,0.));
#8516=CARTESIAN_POINT('Origin',(-30.0000004470348,-34.0000005066395,5.));
#8517=CARTESIAN_POINT('',(-30.0000004470348,-22.0000002533197,5.));
#8518=CARTESIAN_POINT('',(-30.0000004470348,-31.9756939574838,0.));
#8519=CARTESIAN_POINT('Origin',(-43.0000006407499,-30.0000004470348,5.));
#8520=CARTESIAN_POINT('',(-43.0000006407499,-30.0000004470348,5.));
#8521=CARTESIAN_POINT('',(-43.0000006407499,-28.0000004172325,5.));
#8522=CARTESIAN_POINT('',(-43.0000006407499,-20.0000002235174,5.));
#8523=CARTESIAN_POINT('',(-43.0000006407499,-30.0000004470348,0.));
#8524=CARTESIAN_POINT('',(-43.0000006407499,-30.0000004470348,5.));
#8525=CARTESIAN_POINT('',(-43.0000006407499,-28.0000004172325,0.));
#8526=CARTESIAN_POINT('',(-43.0000006407499,-30.0000004470348,0.));
#8527=CARTESIAN_POINT('',(-43.0000006407499,-28.0000004172325,5.));
#8528=CARTESIAN_POINT('Origin',(13.0000001937151,-30.0000004470348,5.));
#8529=CARTESIAN_POINT('',(13.0000001937151,-30.0000004470348,5.));
#8530=CARTESIAN_POINT('',(-1.00047420369565,-30.0000004470348,5.));
#8531=CARTESIAN_POINT('',(13.0000001937151,-30.0000004470348,0.));
#8532=CARTESIAN_POINT('',(13.0000001937151,-30.0000004470348,5.));
#8533=CARTESIAN_POINT('',(13.0000001937151,-30.0000004470348,0.));
#8534=CARTESIAN_POINT('Origin',(13.0000001937151,-28.0000004172325,5.));
#8535=CARTESIAN_POINT('',(13.0000001937151,-28.0000004172325,5.));
#8536=CARTESIAN_POINT('',(13.0000001937151,-19.0000002086163,5.));
#8537=CARTESIAN_POINT('',(13.0000001937151,-28.0000004172325,0.));
#8538=CARTESIAN_POINT('',(13.0000001937151,-28.0000004172325,5.));
#8539=CARTESIAN_POINT('',(13.0000001937151,-28.0000004172325,0.));
#8540=CARTESIAN_POINT('Origin',(-43.0000006407499,-28.0000004172325,5.));
#8541=CARTESIAN_POINT('',(-29.0004746209282,-28.0000004172325,5.));
#8542=CARTESIAN_POINT('',(-43.0000006407499,-28.0000004172325,0.));
#8543=CARTESIAN_POINT('Origin',(-10.0000001490116,-17.0000002533197,5.));
#8544=CARTESIAN_POINT('',(-10.0000001490116,-17.0000002533197,5.));
#8545=CARTESIAN_POINT('',(-10.0000001490116,-15.0000002235174,5.));
#8546=CARTESIAN_POINT('',(-10.0000001490116,-13.5000001266599,5.));
#8547=CARTESIAN_POINT('',(-10.0000001490116,-17.0000002533197,0.));
#8548=CARTESIAN_POINT('',(-10.0000001490116,-17.0000002533197,5.));
#8549=CARTESIAN_POINT('',(-10.0000001490116,-15.0000002235174,0.));
#8550=CARTESIAN_POINT('',(-10.0000001490116,-17.0000002533197,0.));
#8551=CARTESIAN_POINT('',(-10.0000001490116,-15.0000002235174,5.));
#8552=CARTESIAN_POINT('Origin',(5.00000007450581,-17.0000002533197,5.));
#8553=CARTESIAN_POINT('',(5.00000007450581,-17.0000002533197,5.));
#8554=CARTESIAN_POINT('',(-5.00047426330029,-17.0000002533197,5.));
#8555=CARTESIAN_POINT('',(5.00000007450581,-17.0000002533197,0.));
#8556=CARTESIAN_POINT('',(5.00000007450581,-17.0000002533197,5.));
#8557=CARTESIAN_POINT('',(5.00000007450581,-17.0000002533197,0.));
#8558=CARTESIAN_POINT('Origin',(5.00000007450581,-15.0000002235174,5.));
#8559=CARTESIAN_POINT('',(5.00000007450581,-15.0000002235174,5.));
#8560=CARTESIAN_POINT('',(5.00000007450581,-12.5000001117587,5.));
#8561=CARTESIAN_POINT('',(5.00000007450581,-15.0000002235174,0.));
#8562=CARTESIAN_POINT('',(5.00000007450581,-15.0000002235174,5.));
#8563=CARTESIAN_POINT('',(5.00000007450581,-15.0000002235174,0.));
#8564=CARTESIAN_POINT('Origin',(-10.0000001490116,-15.0000002235174,5.));
#8565=CARTESIAN_POINT('',(-12.500474375059,-15.0000002235174,5.));
#8566=CARTESIAN_POINT('',(-10.0000001490116,-15.0000002235174,0.));
#8567=CARTESIAN_POINT('Origin',(-35.0587586834472,-25.910167871553,5.));
#8568=CARTESIAN_POINT('',(-45.0000007450581,-25.910167871553,5.));
#8569=CARTESIAN_POINT('',(-45.0000007450581,-25.910167871553,0.));
#8570=CARTESIAN_POINT('',(-45.0000007450581,-25.910167871553,2.5));
#8571=CARTESIAN_POINT('',(-35.0587586834472,-25.910167871553,5.));
#8572=CARTESIAN_POINT('',(-25.0298536422768,-25.910167871553,5.));
#8573=CARTESIAN_POINT('',(-35.0587586834472,-25.910167871553,0.));
#8574=CARTESIAN_POINT('',(-35.0587586834472,-25.910167871553,5.));
#8575=CARTESIAN_POINT('',(-35.0587586834472,-25.910167871553,0.));
#8576=CARTESIAN_POINT('Origin',(-35.0587586834472,-24.0000003576279,5.));
#8577=CARTESIAN_POINT('',(-35.0587586834472,-24.0000003576279,5.));
#8578=CARTESIAN_POINT('',(-35.0587586834472,-17.0000001788139,5.));
#8579=CARTESIAN_POINT('',(-35.0587586834472,-24.0000003576279,0.));
#8580=CARTESIAN_POINT('',(-35.0587586834472,-24.0000003576279,5.));
#8581=CARTESIAN_POINT('',(-35.0587586834472,-24.0000003576279,0.));
#8582=CARTESIAN_POINT('Origin',(-50.0000007450581,-24.0000003576279,5.));
#8583=CARTESIAN_POINT('',(-45.0000007450581,-24.0000003576279,0.));
#8584=CARTESIAN_POINT('',(-45.0000007450581,-24.0000003576279,5.));
#8585=CARTESIAN_POINT('',(-45.0000007450581,-24.0000003576279,2.5));
#8586=CARTESIAN_POINT('',(-50.0000007450581,-24.0000003576279,0.));
#8587=CARTESIAN_POINT('',(-32.5004746730822,-24.0000003576279,5.));
#8588=CARTESIAN_POINT('Origin',(-35.0000005215406,-42.0000006258488,5.));
#8589=CARTESIAN_POINT('',(-45.0000007450581,-42.0000006258488,5.));
#8590=CARTESIAN_POINT('',(-45.0000007450581,-42.0000006258488,0.));
#8591=CARTESIAN_POINT('',(-45.0000007450581,-42.0000006258488,2.5));
#8592=CARTESIAN_POINT('',(-35.0000005215406,-42.0000006258488,5.));
#8593=CARTESIAN_POINT('',(-25.0004745613235,-42.0000006258488,5.));
#8594=CARTESIAN_POINT('',(-35.0000005215406,-42.0000006258488,0.));
#8595=CARTESIAN_POINT('',(-35.0000005215406,-42.0000006258488,5.));
#8596=CARTESIAN_POINT('',(-35.0000005215406,-42.0000006258488,0.));
#8597=CARTESIAN_POINT('Origin',(-35.0000005215406,-39.9769930131215,5.));
#8598=CARTESIAN_POINT('',(-35.0000005215406,-39.9769930131215,5.));
#8599=CARTESIAN_POINT('',(-35.0000005215406,-24.9884965065608,5.));
#8600=CARTESIAN_POINT('',(-35.0000005215406,-39.9769930131215,0.));
#8601=CARTESIAN_POINT('',(-35.0000005215406,-39.9769930131215,5.));
#8602=CARTESIAN_POINT('',(-35.0000005215406,-39.9769930131215,0.));
#8603=CARTESIAN_POINT('Origin',(-49.9887505693496,-39.9769930131215,5.));
#8604=CARTESIAN_POINT('',(-45.0000007450581,-39.9769930131215,0.));
#8605=CARTESIAN_POINT('',(-45.0000007450581,-39.9769930131215,5.));
#8606=CARTESIAN_POINT('',(-45.0000007450581,-39.9769930131215,2.5));
#8607=CARTESIAN_POINT('',(-49.9887505693496,-39.9769930131215,0.));
#8608=CARTESIAN_POINT('',(-32.494849585228,-39.9769930131215,5.));
#8609=CARTESIAN_POINT('Origin',(-35.0000005215406,7.00000010430813,5.));
#8610=CARTESIAN_POINT('',(-45.0000007450581,7.00000010430813,5.));
#8611=CARTESIAN_POINT('',(-45.0000007450581,7.00000010430813,0.));
#8612=CARTESIAN_POINT('',(-45.0000007450581,7.00000010430813,2.5));
#8613=CARTESIAN_POINT('',(-35.0000005215406,7.00000010430813,5.));
#8614=CARTESIAN_POINT('',(-25.0004745613235,7.00000010430813,5.));
#8615=CARTESIAN_POINT('',(-35.0000005215406,7.00000010430813,0.));
#8616=CARTESIAN_POINT('',(-35.0000005215406,7.00000010430813,5.));
#8617=CARTESIAN_POINT('',(-35.0000005215406,7.00000010430813,0.));
#8618=CARTESIAN_POINT('Origin',(-35.0000005215406,9.00000013411045,5.));
#8619=CARTESIAN_POINT('',(-35.0000005215406,9.00000013411045,5.));
#8620=CARTESIAN_POINT('',(-35.0000005215406,-0.499999932944775,5.));
#8621=CARTESIAN_POINT('',(-35.0000005215406,9.00000013411045,0.));
#8622=CARTESIAN_POINT('',(-35.0000005215406,9.00000013411045,5.));
#8623=CARTESIAN_POINT('',(-35.0000005215406,9.00000013411045,0.));
#8624=CARTESIAN_POINT('Origin',(-47.5348855865073,9.00000013411045,5.));
#8625=CARTESIAN_POINT('',(-45.0000007450581,9.00000013411045,0.));
#8626=CARTESIAN_POINT('',(-45.0000007450581,9.00000013411045,5.));
#8627=CARTESIAN_POINT('',(-45.0000007450581,9.00000013411045,2.5));
#8628=CARTESIAN_POINT('',(-47.5348855865073,9.00000013411045,0.));
#8629=CARTESIAN_POINT('',(-31.2679170938068,9.00000013411045,5.));
#8630=CARTESIAN_POINT('Origin',(-43.0000006407499,28.0000004172325,5.));
#8631=CARTESIAN_POINT('',(-43.0000006407499,28.0000004172325,5.));
#8632=CARTESIAN_POINT('',(-43.0000006407499,30.0000004470348,5.));
#8633=CARTESIAN_POINT('',(-43.0000006407499,9.00000020861626,5.));
#8634=CARTESIAN_POINT('',(-43.0000006407499,28.0000004172325,0.));
#8635=CARTESIAN_POINT('',(-43.0000006407499,28.0000004172325,5.));
#8636=CARTESIAN_POINT('',(-43.0000006407499,30.0000004470348,0.));
#8637=CARTESIAN_POINT('',(-43.0000006407499,14.0000002086163,0.));
#8638=CARTESIAN_POINT('',(-43.0000006407499,30.0000004470348,5.));
#8639=CARTESIAN_POINT('Origin',(13.0000001937151,28.0000004172325,5.));
#8640=CARTESIAN_POINT('',(13.0000001937151,28.0000004172325,5.));
#8641=CARTESIAN_POINT('',(-1.00047420369565,28.0000004172325,5.));
#8642=CARTESIAN_POINT('',(13.0000001937151,28.0000004172325,0.));
#8643=CARTESIAN_POINT('',(13.0000001937151,28.0000004172325,5.));
#8644=CARTESIAN_POINT('',(-0.995766599867052,28.0000004172325,0.));
#8645=CARTESIAN_POINT('Origin',(13.0000001937151,30.0000004470348,5.));
#8646=CARTESIAN_POINT('',(13.0000001937151,30.0000004470348,5.));
#8647=CARTESIAN_POINT('',(13.0000001937151,10.0000002235174,5.));
#8648=CARTESIAN_POINT('',(13.0000001937151,30.0000004470348,0.));
#8649=CARTESIAN_POINT('',(13.0000001937151,30.0000004470348,5.));
#8650=CARTESIAN_POINT('',(13.0000001937151,15.0000002235174,0.));
#8651=CARTESIAN_POINT('Origin',(-43.0000006407499,30.0000004470348,5.));
#8652=CARTESIAN_POINT('',(-29.0004746209282,30.0000004470348,5.));
#8653=CARTESIAN_POINT('',(-28.9957670170996,30.0000004470348,0.));
#8654=CARTESIAN_POINT('Origin',(10.0000001490116,-15.0000002235174,5.));
#8655=CARTESIAN_POINT('',(14.9981027977872,-15.0000002235174,5.));
#8656=CARTESIAN_POINT('',(14.9981027977872,-15.0000002235174,0.));
#8657=CARTESIAN_POINT('',(14.9981027977872,-15.0000002235174,2.5));
#8658=CARTESIAN_POINT('',(10.0000001490116,-15.0000002235174,5.));
#8659=CARTESIAN_POINT('',(-2.50047422604739,-15.0000002235174,5.));
#8660=CARTESIAN_POINT('',(10.0000001490116,-15.0000002235174,0.));
#8661=CARTESIAN_POINT('',(10.0000001490116,-15.0000002235174,5.));
#8662=CARTESIAN_POINT('',(18.0000002682209,-15.0000002235174,0.));
#8663=CARTESIAN_POINT('Origin',(18.0000002682209,-17.0000002533197,5.));
#8664=CARTESIAN_POINT('',(14.9981027977872,-17.0000002533197,0.));
#8665=CARTESIAN_POINT('',(14.9981027977872,-17.0000002533197,5.));
#8666=CARTESIAN_POINT('',(14.9981027977872,-17.0000002533197,2.5));
#8667=CARTESIAN_POINT('',(10.0000001490116,-17.0000002533197,0.));
#8668=CARTESIAN_POINT('',(10.0000001490116,-17.0000002533197,0.));
#8669=CARTESIAN_POINT('',(10.0000001490116,-17.0000002533197,5.));
#8670=CARTESIAN_POINT('',(10.0000001490116,-17.0000002533197,5.));
#8671=CARTESIAN_POINT('',(1.49952583355726,-17.0000002533197,5.));
#8672=CARTESIAN_POINT('Origin',(10.0000001490116,-17.0000002533197,5.));
#8673=CARTESIAN_POINT('',(10.0000001490116,-13.5000001266599,5.));
#8674=CARTESIAN_POINT('',(10.0000001490116,-15.0000002235174,0.));
#8675=CARTESIAN_POINT('Origin',(-43.0000006407499,-5.00000007450581,5.));
#8676=CARTESIAN_POINT('',(-43.0000006407499,-5.00000007450581,5.));
#8677=CARTESIAN_POINT('',(-43.0000006407499,-3.00000004470348,5.));
#8678=CARTESIAN_POINT('',(-43.0000006407499,-7.5000000372529,5.));
#8679=CARTESIAN_POINT('',(-43.0000006407499,-5.00000007450581,0.));
#8680=CARTESIAN_POINT('',(-43.0000006407499,-5.00000007450581,5.));
#8681=CARTESIAN_POINT('',(-43.0000006407499,-3.00000004470348,0.));
#8682=CARTESIAN_POINT('',(-43.0000006407499,-5.00000007450581,0.));
#8683=CARTESIAN_POINT('',(-43.0000006407499,-3.00000004470348,5.));
#8684=CARTESIAN_POINT('Origin',(13.0000001937151,-5.00000007450581,5.));
#8685=CARTESIAN_POINT('',(13.0000001937151,-5.00000007450581,5.));
#8686=CARTESIAN_POINT('',(-1.00047420369565,-5.00000007450581,5.));
#8687=CARTESIAN_POINT('',(13.0000001937151,-5.00000007450581,0.));
#8688=CARTESIAN_POINT('',(13.0000001937151,-5.00000007450581,5.));
#8689=CARTESIAN_POINT('',(13.0000001937151,-5.00000007450581,0.));
#8690=CARTESIAN_POINT('Origin',(13.0000001937151,-3.00000004470348,5.));
#8691=CARTESIAN_POINT('',(13.0000001937151,-3.00000004470348,5.));
#8692=CARTESIAN_POINT('',(13.0000001937151,-6.50000002235174,5.));
#8693=CARTESIAN_POINT('',(13.0000001937151,-3.00000004470348,0.));
#8694=CARTESIAN_POINT('',(13.0000001937151,-3.00000004470348,5.));
#8695=CARTESIAN_POINT('',(13.0000001937151,-3.00000004470348,0.));
#8696=CARTESIAN_POINT('Origin',(-43.0000006407499,-3.00000004470348,5.));
#8697=CARTESIAN_POINT('',(-29.0004746209282,-3.00000004470348,5.));
#8698=CARTESIAN_POINT('',(-43.0000006407499,-3.00000004470348,0.));
#8699=CARTESIAN_POINT('Origin',(10.0000001490116,17.0000002533197,5.));
#8700=CARTESIAN_POINT('',(14.9981027977872,17.0000002533197,5.));
#8701=CARTESIAN_POINT('',(14.9981027977872,17.0000002533197,0.));
#8702=CARTESIAN_POINT('',(14.9981027977872,17.0000002533197,2.5));
#8703=CARTESIAN_POINT('',(10.0000001490116,17.0000002533197,5.));
#8704=CARTESIAN_POINT('',(-2.50047422604739,17.0000002533197,5.));
#8705=CARTESIAN_POINT('',(10.0000001490116,17.0000002533197,0.));
#8706=CARTESIAN_POINT('',(10.0000001490116,17.0000002533197,5.));
#8707=CARTESIAN_POINT('',(10.0000001490116,17.0000002533197,0.));
#8708=CARTESIAN_POINT('Origin',(10.0000001490116,15.0000002235174,5.));
#8709=CARTESIAN_POINT('',(10.0000001490116,15.0000002235174,5.));
#8710=CARTESIAN_POINT('',(10.0000001490116,2.50000011175871,5.));
#8711=CARTESIAN_POINT('',(10.0000001490116,15.0000002235174,0.));
#8712=CARTESIAN_POINT('',(10.0000001490116,15.0000002235174,5.));
#8713=CARTESIAN_POINT('',(10.0000001490116,15.0000002235174,0.));
#8714=CARTESIAN_POINT('Origin',(17.0000002533197,15.0000002235174,5.));
#8715=CARTESIAN_POINT('',(14.9981027977872,15.0000002235174,0.));
#8716=CARTESIAN_POINT('',(14.9981027977872,15.0000002235174,5.));
#8717=CARTESIAN_POINT('',(14.9981027977872,15.0000002235174,2.5));
#8718=CARTESIAN_POINT('',(17.0000002533197,15.0000002235174,0.));
#8719=CARTESIAN_POINT('',(0.999525826106675,15.0000002235174,5.));
#8720=CARTESIAN_POINT('Origin',(-30.0000004470348,-9.00000013411045,5.));
#8721=CARTESIAN_POINT('',(-30.0000004470348,-9.00000013411045,5.));
#8722=CARTESIAN_POINT('',(-30.0000004470348,-7.00000010430813,5.));
#8723=CARTESIAN_POINT('',(-30.0000004470348,-9.50000006705523,5.));
#8724=CARTESIAN_POINT('',(-30.0000004470348,-9.00000013411045,0.));
#8725=CARTESIAN_POINT('',(-30.0000004470348,-9.00000013411045,5.));
#8726=CARTESIAN_POINT('',(-30.0000004470348,-7.00000010430813,0.));
#8727=CARTESIAN_POINT('',(-30.0000004470348,-9.00000013411045,0.));
#8728=CARTESIAN_POINT('',(-30.0000004470348,-7.00000010430813,5.));
#8729=CARTESIAN_POINT('Origin',(-15.0000002235174,-9.00000013411045,5.));
#8730=CARTESIAN_POINT('',(-15.0000002235174,-9.00000013411045,5.));
#8731=CARTESIAN_POINT('',(-15.0004744123119,-9.00000013411045,5.));
#8732=CARTESIAN_POINT('',(-15.0000002235174,-9.00000013411045,0.));
#8733=CARTESIAN_POINT('',(-15.0000002235174,-9.00000013411045,5.));
#8734=CARTESIAN_POINT('',(-15.0000002235174,-9.00000013411045,0.));
#8735=CARTESIAN_POINT('Origin',(-15.0000002235174,-7.00000010430813,5.));
#8736=CARTESIAN_POINT('',(-15.0000002235174,-7.00000010430813,5.));
#8737=CARTESIAN_POINT('',(-15.0000002235174,-8.50000005215406,5.));
#8738=CARTESIAN_POINT('',(-15.0000002235174,-7.00000010430813,0.));
#8739=CARTESIAN_POINT('',(-15.0000002235174,-7.00000010430813,5.));
#8740=CARTESIAN_POINT('',(-15.0000002235174,-7.00000010430813,0.));
#8741=CARTESIAN_POINT('Origin',(-30.0000004470348,-7.00000010430813,5.));
#8742=CARTESIAN_POINT('',(-22.5004745240706,-7.00000010430813,5.));
#8743=CARTESIAN_POINT('',(-30.0000004470348,-7.00000010430813,0.));
#8744=CARTESIAN_POINT('Origin',(10.0000001490116,-7.00000010430813,5.));
#8745=CARTESIAN_POINT('',(14.9981027977872,-7.00000010430813,5.));
#8746=CARTESIAN_POINT('',(14.9981027977872,-7.00000010430813,0.));
#8747=CARTESIAN_POINT('',(14.9981027977872,-7.00000010430813,2.5));
#8748=CARTESIAN_POINT('',(10.0000001490116,-7.00000010430813,5.));
#8749=CARTESIAN_POINT('',(-2.50047422604739,-7.00000010430813,5.));
#8750=CARTESIAN_POINT('',(10.0000001490116,-7.00000010430813,0.));
#8751=CARTESIAN_POINT('',(10.0000001490116,-7.00000010430813,5.));
#8752=CARTESIAN_POINT('',(16.0000002384186,-7.00000010430813,0.));
#8753=CARTESIAN_POINT('Origin',(16.0000002384186,-9.00000013411045,5.));
#8754=CARTESIAN_POINT('',(14.9981027977872,-9.00000013411045,0.));
#8755=CARTESIAN_POINT('',(14.9981027977872,-9.00000013411045,5.));
#8756=CARTESIAN_POINT('',(14.9981027977872,-9.00000013411045,2.5));
#8757=CARTESIAN_POINT('',(10.0000001490116,-9.00000013411045,0.));
#8758=CARTESIAN_POINT('',(10.0000001490116,-9.00000013411045,0.));
#8759=CARTESIAN_POINT('',(10.0000001490116,-9.00000013411045,5.));
#8760=CARTESIAN_POINT('',(10.0000001490116,-9.00000013411045,5.));
#8761=CARTESIAN_POINT('',(0.499525818656095,-9.00000013411045,5.));
#8762=CARTESIAN_POINT('Origin',(10.0000001490116,-9.00000013411045,5.));
#8763=CARTESIAN_POINT('',(10.0000001490116,-9.50000006705523,5.));
#8764=CARTESIAN_POINT('',(10.0000001490116,-7.00000010430813,0.));
#8765=CARTESIAN_POINT('Origin',(-43.0000006407499,-21.0000003129244,5.));
#8766=CARTESIAN_POINT('',(-43.0000006407499,-21.0000003129244,5.));
#8767=CARTESIAN_POINT('',(-43.0000006407499,-19.0000002831221,5.));
#8768=CARTESIAN_POINT('',(-43.0000006407499,-15.5000001564622,5.));
#8769=CARTESIAN_POINT('',(-43.0000006407499,-21.0000003129244,0.));
#8770=CARTESIAN_POINT('',(-43.0000006407499,-21.0000003129244,5.));
#8771=CARTESIAN_POINT('',(-43.0000006407499,-19.0000002831221,0.));
#8772=CARTESIAN_POINT('',(-43.0000006407499,-21.0000003129244,0.));
#8773=CARTESIAN_POINT('',(-43.0000006407499,-19.0000002831221,5.));
#8774=CARTESIAN_POINT('Origin',(13.0000001937151,-21.0000003129244,5.));
#8775=CARTESIAN_POINT('',(13.0000001937151,-21.0000003129244,5.));
#8776=CARTESIAN_POINT('',(-1.00047420369565,-21.0000003129244,5.));
#8777=CARTESIAN_POINT('',(13.0000001937151,-21.0000003129244,0.));
#8778=CARTESIAN_POINT('',(13.0000001937151,-21.0000003129244,5.));
#8779=CARTESIAN_POINT('',(13.0000001937151,-21.0000003129244,0.));
#8780=CARTESIAN_POINT('Origin',(13.0000001937151,-19.0000002831221,5.));
#8781=CARTESIAN_POINT('',(13.0000001937151,-19.0000002831221,5.));
#8782=CARTESIAN_POINT('',(13.0000001937151,-14.500000141561,5.));
#8783=CARTESIAN_POINT('',(13.0000001937151,-19.0000002831221,0.));
#8784=CARTESIAN_POINT('',(13.0000001937151,-19.0000002831221,5.));
#8785=CARTESIAN_POINT('',(13.0000001937151,-19.0000002831221,0.));
#8786=CARTESIAN_POINT('Origin',(-43.0000006407499,-19.0000002831221,5.));
#8787=CARTESIAN_POINT('',(-29.0004746209282,-19.0000002831221,5.));
#8788=CARTESIAN_POINT('',(-43.0000006407499,-19.0000002831221,0.));
#8789=CARTESIAN_POINT('Origin',(-30.0000004470348,-1.00000001490116,5.));
#8790=CARTESIAN_POINT('',(-30.0000004470348,-1.00000001490116,5.));
#8791=CARTESIAN_POINT('',(-30.0000004470348,1.00000001490116,5.));
#8792=CARTESIAN_POINT('',(-30.0000004470348,-5.50000000745058,5.));
#8793=CARTESIAN_POINT('',(-30.0000004470348,-1.00000001490116,0.));
#8794=CARTESIAN_POINT('',(-30.0000004470348,-1.00000001490116,5.));
#8795=CARTESIAN_POINT('',(-30.0000004470348,1.00000001490116,0.));
#8796=CARTESIAN_POINT('',(-30.0000004470348,-1.00000001490116,0.));
#8797=CARTESIAN_POINT('',(-30.0000004470348,1.00000001490116,5.));
#8798=CARTESIAN_POINT('Origin',(-15.0000002235174,-1.00000001490116,5.));
#8799=CARTESIAN_POINT('',(-15.0000002235174,-1.00000001490116,5.));
#8800=CARTESIAN_POINT('',(-15.0004744123119,-1.00000001490116,5.));
#8801=CARTESIAN_POINT('',(-15.0000002235174,-1.00000001490116,0.));
#8802=CARTESIAN_POINT('',(-15.0000002235174,-1.00000001490116,5.));
#8803=CARTESIAN_POINT('',(-15.0000002235174,-1.00000001490116,0.));
#8804=CARTESIAN_POINT('Origin',(-15.0000002235174,1.00000001490116,5.));
#8805=CARTESIAN_POINT('',(-15.0000002235174,1.00000001490116,5.));
#8806=CARTESIAN_POINT('',(-15.0000002235174,-4.49999999254942,5.));
#8807=CARTESIAN_POINT('',(-15.0000002235174,1.00000001490116,0.));
#8808=CARTESIAN_POINT('',(-15.0000002235174,1.00000001490116,5.));
#8809=CARTESIAN_POINT('',(-15.0000002235174,1.00000001490116,0.));
#8810=CARTESIAN_POINT('Origin',(-30.0000004470348,1.00000001490116,5.));
#8811=CARTESIAN_POINT('',(-22.5004745240706,1.00000001490116,5.));
#8812=CARTESIAN_POINT('',(-30.0000004470348,1.00000001490116,0.));
#8813=CARTESIAN_POINT('Origin',(-30.0000004470348,15.0000002235174,5.));
#8814=CARTESIAN_POINT('',(-30.0000004470348,15.0000002235174,5.));
#8815=CARTESIAN_POINT('',(-30.0000004470348,17.0000002533197,5.));
#8816=CARTESIAN_POINT('',(-30.0000004470348,2.50000011175871,5.));
#8817=CARTESIAN_POINT('',(-30.0000004470348,15.0000002235174,0.));
#8818=CARTESIAN_POINT('',(-30.0000004470348,15.0000002235174,5.));
#8819=CARTESIAN_POINT('',(-30.0000004470348,17.0000002533197,0.));
#8820=CARTESIAN_POINT('',(-30.0000004470348,15.0000002235174,0.));
#8821=CARTESIAN_POINT('',(-30.0000004470348,17.0000002533197,5.));
#8822=CARTESIAN_POINT('Origin',(-16.0000002384186,15.0000002235174,5.));
#8823=CARTESIAN_POINT('',(-16.0000002384186,15.0000002235174,5.));
#8824=CARTESIAN_POINT('',(-15.5004744197625,15.0000002235174,5.));
#8825=CARTESIAN_POINT('',(-16.0000002384186,15.0000002235174,0.));
#8826=CARTESIAN_POINT('',(-16.0000002384186,15.0000002235174,5.));
#8827=CARTESIAN_POINT('',(-16.0000002384186,15.0000002235174,0.));
#8828=CARTESIAN_POINT('Origin',(-16.0000002384186,17.0000002533197,5.));
#8829=CARTESIAN_POINT('',(-16.0000002384186,17.0000002533197,5.));
#8830=CARTESIAN_POINT('',(-16.0000002384186,3.50000012665987,5.));
#8831=CARTESIAN_POINT('',(-16.0000002384186,17.0000002533197,0.));
#8832=CARTESIAN_POINT('',(-16.0000002384186,17.0000002533197,5.));
#8833=CARTESIAN_POINT('',(-16.0000002384186,17.0000002533197,0.));
#8834=CARTESIAN_POINT('Origin',(-30.0000004470348,17.0000002533197,5.));
#8835=CARTESIAN_POINT('',(-22.5004745240706,17.0000002533197,5.));
#8836=CARTESIAN_POINT('',(-30.0000004470348,17.0000002533197,0.));
#8837=CARTESIAN_POINT('Origin',(-43.0000006407499,3.00000004470348,5.));
#8838=CARTESIAN_POINT('',(-43.0000006407499,3.00000004470348,5.));
#8839=CARTESIAN_POINT('',(-43.0000006407499,5.00000007450581,5.));
#8840=CARTESIAN_POINT('',(-43.0000006407499,-3.49999997764826,5.));
#8841=CARTESIAN_POINT('',(-43.0000006407499,3.00000004470348,0.));
#8842=CARTESIAN_POINT('',(-43.0000006407499,3.00000004470348,5.));
#8843=CARTESIAN_POINT('',(-43.0000006407499,5.00000007450581,0.));
#8844=CARTESIAN_POINT('',(-43.0000006407499,3.00000004470348,0.));
#8845=CARTESIAN_POINT('',(-43.0000006407499,5.00000007450581,5.));
#8846=CARTESIAN_POINT('Origin',(13.0000001937151,3.00000004470348,5.));
#8847=CARTESIAN_POINT('',(13.0000001937151,3.00000004470348,5.));
#8848=CARTESIAN_POINT('',(-1.00047420369565,3.00000004470348,5.));
#8849=CARTESIAN_POINT('',(13.0000001937151,3.00000004470348,0.));
#8850=CARTESIAN_POINT('',(13.0000001937151,3.00000004470348,5.));
#8851=CARTESIAN_POINT('',(13.0000001937151,3.00000004470348,0.));
#8852=CARTESIAN_POINT('Origin',(13.0000001937151,5.00000007450581,5.));
#8853=CARTESIAN_POINT('',(13.0000001937151,5.00000007450581,5.));
#8854=CARTESIAN_POINT('',(13.0000001937151,-2.4999999627471,5.));
#8855=CARTESIAN_POINT('',(13.0000001937151,5.00000007450581,0.));
#8856=CARTESIAN_POINT('',(13.0000001937151,5.00000007450581,5.));
#8857=CARTESIAN_POINT('',(13.0000001937151,5.00000007450581,0.));
#8858=CARTESIAN_POINT('Origin',(-43.0000006407499,5.00000007450581,5.));
#8859=CARTESIAN_POINT('',(-29.0004746209282,5.00000007450581,5.));
#8860=CARTESIAN_POINT('',(-43.0000006407499,5.00000007450581,0.));
#8861=CARTESIAN_POINT('Origin',(-35.0000005215406,-9.00000013411045,5.));
#8862=CARTESIAN_POINT('',(-45.0000007450581,-9.00000013411045,5.));
#8863=CARTESIAN_POINT('',(-45.0000007450581,-9.00000013411045,0.));
#8864=CARTESIAN_POINT('',(-45.0000007450581,-9.00000013411045,2.5));
#8865=CARTESIAN_POINT('',(-35.0000005215406,-9.00000013411045,5.));
#8866=CARTESIAN_POINT('',(-25.0004745613235,-9.00000013411045,5.));
#8867=CARTESIAN_POINT('',(-35.0000005215406,-9.00000013411045,0.));
#8868=CARTESIAN_POINT('',(-35.0000005215406,-9.00000013411045,5.));
#8869=CARTESIAN_POINT('',(-35.0000005215406,-9.00000013411045,0.));
#8870=CARTESIAN_POINT('Origin',(-35.0000005215406,-7.00000010430813,5.));
#8871=CARTESIAN_POINT('',(-35.0000005215406,-7.00000010430813,5.));
#8872=CARTESIAN_POINT('',(-35.0000005215406,-8.50000005215406,5.));
#8873=CARTESIAN_POINT('',(-35.0000005215406,-7.00000010430813,0.));
#8874=CARTESIAN_POINT('',(-35.0000005215406,-7.00000010430813,5.));
#8875=CARTESIAN_POINT('',(-35.0000005215406,-7.00000010430813,0.));
#8876=CARTESIAN_POINT('Origin',(-50.0000007450581,-7.00000010430813,5.));
#8877=CARTESIAN_POINT('',(-45.0000007450581,-7.00000010430813,0.));
#8878=CARTESIAN_POINT('',(-45.0000007450581,-7.00000010430813,5.));
#8879=CARTESIAN_POINT('',(-45.0000007450581,-7.00000010430813,2.5));
#8880=CARTESIAN_POINT('',(-50.0000007450581,-7.00000010430813,0.));
#8881=CARTESIAN_POINT('',(-32.5004746730822,-7.00000010430813,5.));
#8882=CARTESIAN_POINT('Origin',(-43.0000006407499,20.0000002980232,5.));
#8883=CARTESIAN_POINT('',(-43.0000006407499,20.0000002980232,5.));
#8884=CARTESIAN_POINT('',(-43.0000006407499,22.0000003278255,5.));
#8885=CARTESIAN_POINT('',(-43.0000006407499,5.00000014901161,5.));
#8886=CARTESIAN_POINT('',(-43.0000006407499,20.0000002980232,0.));
#8887=CARTESIAN_POINT('',(-43.0000006407499,20.0000002980232,5.));
#8888=CARTESIAN_POINT('',(-43.0000006407499,22.0000003278255,0.));
#8889=CARTESIAN_POINT('',(-43.0000006407499,20.0000002980232,0.));
#8890=CARTESIAN_POINT('',(-43.0000006407499,22.0000003278255,5.));
#8891=CARTESIAN_POINT('Origin',(13.0000001937151,20.0000002980232,5.));
#8892=CARTESIAN_POINT('',(13.0000001937151,20.0000002980232,5.));
#8893=CARTESIAN_POINT('',(-1.00047420369565,20.0000002980232,5.));
#8894=CARTESIAN_POINT('',(13.0000001937151,20.0000002980232,0.));
#8895=CARTESIAN_POINT('',(13.0000001937151,20.0000002980232,5.));
#8896=CARTESIAN_POINT('',(13.0000001937151,20.0000002980232,0.));
#8897=CARTESIAN_POINT('Origin',(13.0000001937151,22.0000003278255,5.));
#8898=CARTESIAN_POINT('',(13.0000001937151,22.0000003278255,5.));
#8899=CARTESIAN_POINT('',(13.0000001937151,6.00000016391277,5.));
#8900=CARTESIAN_POINT('',(13.0000001937151,22.0000003278255,0.));
#8901=CARTESIAN_POINT('',(13.0000001937151,22.0000003278255,5.));
#8902=CARTESIAN_POINT('',(13.0000001937151,22.0000003278255,0.));
#8903=CARTESIAN_POINT('Origin',(-43.0000006407499,22.0000003278255,5.));
#8904=CARTESIAN_POINT('',(-29.0004746209282,22.0000003278255,5.));
#8905=CARTESIAN_POINT('',(-43.0000006407499,22.0000003278255,0.));
#8906=CARTESIAN_POINT('Origin',(-10.0000001490116,-9.00000013411045,5.));
#8907=CARTESIAN_POINT('',(-10.0000001490116,-9.00000013411045,5.));
#8908=CARTESIAN_POINT('',(-10.0000001490116,-7.00000010430813,5.));
#8909=CARTESIAN_POINT('',(-10.0000001490116,-9.50000006705523,5.));
#8910=CARTESIAN_POINT('',(-10.0000001490116,-9.00000013411045,0.));
#8911=CARTESIAN_POINT('',(-10.0000001490116,-9.00000013411045,5.));
#8912=CARTESIAN_POINT('',(-10.0000001490116,-7.00000010430813,0.));
#8913=CARTESIAN_POINT('',(-10.0000001490116,-9.00000013411045,0.));
#8914=CARTESIAN_POINT('',(-10.0000001490116,-7.00000010430813,5.));
#8915=CARTESIAN_POINT('Origin',(5.00000007450581,-9.00000013411045,5.));
#8916=CARTESIAN_POINT('',(5.00000007450581,-9.00000013411045,5.));
#8917=CARTESIAN_POINT('',(-5.00047426330029,-9.00000013411045,5.));
#8918=CARTESIAN_POINT('',(5.00000007450581,-9.00000013411045,0.));
#8919=CARTESIAN_POINT('',(5.00000007450581,-9.00000013411045,5.));
#8920=CARTESIAN_POINT('',(5.00000007450581,-9.00000013411045,0.));
#8921=CARTESIAN_POINT('Origin',(5.00000007450581,-7.00000010430813,5.));
#8922=CARTESIAN_POINT('',(5.00000007450581,-7.00000010430813,5.));
#8923=CARTESIAN_POINT('',(5.00000007450581,-8.50000005215406,5.));
#8924=CARTESIAN_POINT('',(5.00000007450581,-7.00000010430813,0.));
#8925=CARTESIAN_POINT('',(5.00000007450581,-7.00000010430813,5.));
#8926=CARTESIAN_POINT('',(5.00000007450581,-7.00000010430813,0.));
#8927=CARTESIAN_POINT('Origin',(-10.0000001490116,-7.00000010430813,5.));
#8928=CARTESIAN_POINT('',(-12.500474375059,-7.00000010430813,5.));
#8929=CARTESIAN_POINT('',(-10.0000001490116,-7.00000010430813,0.));
#8930=CARTESIAN_POINT('Origin',(-10.0000001490116,7.00000010430813,5.));
#8931=CARTESIAN_POINT('',(-10.0000001490116,7.00000010430813,5.));
#8932=CARTESIAN_POINT('',(-10.0000001490116,9.00000013411045,5.));
#8933=CARTESIAN_POINT('',(-10.0000001490116,-1.49999994784594,5.));
#8934=CARTESIAN_POINT('',(-10.0000001490116,7.00000010430813,0.));
#8935=CARTESIAN_POINT('',(-10.0000001490116,7.00000010430813,5.));
#8936=CARTESIAN_POINT('',(-10.0000001490116,9.00000013411045,0.));
#8937=CARTESIAN_POINT('',(-10.0000001490116,7.00000010430813,0.));
#8938=CARTESIAN_POINT('',(-10.0000001490116,9.00000013411045,5.));
#8939=CARTESIAN_POINT('Origin',(5.00000007450581,7.00000010430813,5.));
#8940=CARTESIAN_POINT('',(5.00000007450581,7.00000010430813,5.));
#8941=CARTESIAN_POINT('',(-5.00047426330029,7.00000010430813,5.));
#8942=CARTESIAN_POINT('',(5.00000007450581,7.00000010430813,0.));
#8943=CARTESIAN_POINT('',(5.00000007450581,7.00000010430813,5.));
#8944=CARTESIAN_POINT('',(5.00000007450581,7.00000010430813,0.));
#8945=CARTESIAN_POINT('Origin',(5.00000007450581,9.00000013411045,5.));
#8946=CARTESIAN_POINT('',(5.00000007450581,9.00000013411045,5.));
#8947=CARTESIAN_POINT('',(5.00000007450581,-0.499999932944775,5.));
#8948=CARTESIAN_POINT('',(5.00000007450581,9.00000013411045,0.));
#8949=CARTESIAN_POINT('',(5.00000007450581,9.00000013411045,5.));
#8950=CARTESIAN_POINT('',(5.00000007450581,9.00000013411045,0.));
#8951=CARTESIAN_POINT('Origin',(-10.0000001490116,9.00000013411045,5.));
#8952=CARTESIAN_POINT('',(-12.500474375059,9.00000013411045,5.));
#8953=CARTESIAN_POINT('',(-10.0000001490116,9.00000013411045,0.));
#8954=CARTESIAN_POINT('Origin',(10.0000001490116,-31.9756939574838,5.));
#8955=CARTESIAN_POINT('',(14.9981027977872,-31.9756939574838,5.));
#8956=CARTESIAN_POINT('',(14.9981027977872,-31.9756939574838,0.));
#8957=CARTESIAN_POINT('',(14.9981027977872,-31.9756939574838,2.5));
#8958=CARTESIAN_POINT('',(10.0000001490116,-31.9756939574838,5.));
#8959=CARTESIAN_POINT('',(-2.50047422604739,-31.9756939574838,5.));
#8960=CARTESIAN_POINT('',(10.0000001490116,-31.9756939574838,0.));
#8961=CARTESIAN_POINT('',(10.0000001490116,-31.9756939574838,5.));
#8962=CARTESIAN_POINT('',(17.198081441495,-31.9756939574838,0.));
#8963=CARTESIAN_POINT('Origin',(17.198081441495,-34.0000005066395,5.));
#8964=CARTESIAN_POINT('',(14.9981027977872,-34.0000005066395,0.));
#8965=CARTESIAN_POINT('',(14.9981027977872,-34.0000005066395,5.));
#8966=CARTESIAN_POINT('',(14.9981027977872,-34.0000005066395,2.5));
#8967=CARTESIAN_POINT('',(10.0000001490116,-34.0000005066395,0.));
#8968=CARTESIAN_POINT('',(10.0000001490116,-34.0000005066395,0.));
#8969=CARTESIAN_POINT('',(10.0000001490116,-34.0000005066395,5.));
#8970=CARTESIAN_POINT('',(10.0000001490116,-34.0000005066395,5.));
#8971=CARTESIAN_POINT('',(1.09856642019431,-34.0000005066395,5.));
#8972=CARTESIAN_POINT('Origin',(10.0000001490116,-34.0000005066395,5.));
#8973=CARTESIAN_POINT('',(10.0000001490116,-22.0000002533197,5.));
#8974=CARTESIAN_POINT('',(10.0000001490116,-31.9756939574838,0.));
#8975=CARTESIAN_POINT('Origin',(-35.0000005215406,-17.0000002533197,5.));
#8976=CARTESIAN_POINT('',(-45.0000007450581,-17.0000002533197,5.));
#8977=CARTESIAN_POINT('',(-45.0000007450581,-17.0000002533197,0.));
#8978=CARTESIAN_POINT('',(-45.0000007450581,-17.0000002533197,2.5));
#8979=CARTESIAN_POINT('',(-35.0000005215406,-17.0000002533197,5.));
#8980=CARTESIAN_POINT('',(-25.0004745613235,-17.0000002533197,5.));
#8981=CARTESIAN_POINT('',(-35.0000005215406,-17.0000002533197,0.));
#8982=CARTESIAN_POINT('',(-35.0000005215406,-17.0000002533197,5.));
#8983=CARTESIAN_POINT('',(-35.0000005215406,-17.0000002533197,0.));
#8984=CARTESIAN_POINT('Origin',(-35.0000005215406,-15.0000002235174,5.));
#8985=CARTESIAN_POINT('',(-35.0000005215406,-15.0000002235174,5.));
#8986=CARTESIAN_POINT('',(-35.0000005215406,-12.5000001117587,5.));
#8987=CARTESIAN_POINT('',(-35.0000005215406,-15.0000002235174,0.));
#8988=CARTESIAN_POINT('',(-35.0000005215406,-15.0000002235174,5.));
#8989=CARTESIAN_POINT('',(-35.0000005215406,-15.0000002235174,0.));
#8990=CARTESIAN_POINT('Origin',(-50.0000007450581,-15.0000002235174,5.));
#8991=CARTESIAN_POINT('',(-45.0000007450581,-15.0000002235174,0.));
#8992=CARTESIAN_POINT('',(-45.0000007450581,-15.0000002235174,5.));
#8993=CARTESIAN_POINT('',(-45.0000007450581,-15.0000002235174,2.5));
#8994=CARTESIAN_POINT('',(-50.0000007450581,-15.0000002235174,0.));
#8995=CARTESIAN_POINT('',(-32.5004746730822,-15.0000002235174,5.));
#8996=CARTESIAN_POINT('Origin',(4.97371348369602,-34.0000005066395,5.));
#8997=CARTESIAN_POINT('',(4.97371348369602,-34.0000005066395,5.));
#8998=CARTESIAN_POINT('',(-10.0000001490116,-34.0000005066395,5.));
#8999=CARTESIAN_POINT('',(-5.01361755870519,-34.0000005066395,5.));
#9000=CARTESIAN_POINT('',(4.97371348369602,-34.0000005066395,0.));
#9001=CARTESIAN_POINT('',(4.97371348369602,-34.0000005066395,5.));
#9002=CARTESIAN_POINT('',(-10.0000001490116,-34.0000005066395,0.));
#9003=CARTESIAN_POINT('',(-10.0000001490116,-34.0000005066395,0.));
#9004=CARTESIAN_POINT('',(-10.0000001490116,-34.0000005066395,5.));
#9005=CARTESIAN_POINT('Origin',(4.97371348369602,-31.9756939574838,5.));
#9006=CARTESIAN_POINT('',(4.97371348369602,-31.9756939574838,5.));
#9007=CARTESIAN_POINT('',(4.97371348369602,-20.9878469787419,5.));
#9008=CARTESIAN_POINT('',(4.97371348369602,-31.9756939574838,0.));
#9009=CARTESIAN_POINT('',(4.97371348369602,-31.9756939574838,5.));
#9010=CARTESIAN_POINT('',(4.97371348369602,-34.0000005066395,0.));
#9011=CARTESIAN_POINT('Origin',(-10.0000001490116,-31.9756939574838,5.));
#9012=CARTESIAN_POINT('',(-10.0000001490116,-31.9756939574838,5.));
#9013=CARTESIAN_POINT('',(-12.500474375059,-31.9756939574838,5.));
#9014=CARTESIAN_POINT('',(-10.0000001490116,-31.9756939574838,0.));
#9015=CARTESIAN_POINT('',(-10.0000001490116,-31.9756939574838,5.));
#9016=CARTESIAN_POINT('',(4.97371348369602,-31.9756939574838,0.));
#9017=CARTESIAN_POINT('Origin',(-10.0000001490116,-34.0000005066395,5.));
#9018=CARTESIAN_POINT('',(-10.0000001490116,-22.0000002533197,5.));
#9019=CARTESIAN_POINT('',(-10.0000001490116,-31.9756939574838,0.));
#9020=CARTESIAN_POINT('Origin',(-30.0000004470348,-25.910167871553,5.));
#9021=CARTESIAN_POINT('',(-30.0000004470348,-25.910167871553,5.));
#9022=CARTESIAN_POINT('',(-30.0000004470348,-24.0000003576279,5.));
#9023=CARTESIAN_POINT('',(-30.0000004470348,-17.9550839357765,5.));
#9024=CARTESIAN_POINT('',(-30.0000004470348,-25.910167871553,0.));
#9025=CARTESIAN_POINT('',(-30.0000004470348,-25.910167871553,5.));
#9026=CARTESIAN_POINT('',(-30.0000004470348,-24.0000003576279,0.));
#9027=CARTESIAN_POINT('',(-30.0000004470348,-25.910167871553,0.));
#9028=CARTESIAN_POINT('',(-30.0000004470348,-24.0000003576279,5.));
#9029=CARTESIAN_POINT('Origin',(-15.0891804928443,-25.910167871553,5.));
#9030=CARTESIAN_POINT('',(-15.0891804928443,-25.910167871553,5.));
#9031=CARTESIAN_POINT('',(-15.0450645469753,-25.910167871553,5.));
#9032=CARTESIAN_POINT('',(-15.0891804928443,-25.910167871553,0.));
#9033=CARTESIAN_POINT('',(-15.0891804928443,-25.910167871553,5.));
#9034=CARTESIAN_POINT('',(-15.0891804928443,-25.910167871553,0.));
#9035=CARTESIAN_POINT('Origin',(-15.0891804928443,-24.0000003576279,5.));
#9036=CARTESIAN_POINT('',(-15.0891804928443,-24.0000003576279,5.));
#9037=CARTESIAN_POINT('',(-15.0891804928443,-17.0000001788139,5.));
#9038=CARTESIAN_POINT('',(-15.0891804928443,-24.0000003576279,0.));
#9039=CARTESIAN_POINT('',(-15.0891804928443,-24.0000003576279,5.));
#9040=CARTESIAN_POINT('',(-15.0891804928443,-24.0000003576279,0.));
#9041=CARTESIAN_POINT('Origin',(-30.0000004470348,-24.0000003576279,5.));
#9042=CARTESIAN_POINT('',(-22.5004745240706,-24.0000003576279,5.));
#9043=CARTESIAN_POINT('',(-30.0000004470348,-24.0000003576279,0.));
#9044=CARTESIAN_POINT('Origin',(14.9981027977872,-95.,0.));
#9045=CARTESIAN_POINT('',(14.9981027977872,32.,0.));
#9046=CARTESIAN_POINT('',(14.9981027977872,-47.5,0.));
#9047=CARTESIAN_POINT('',(14.9981027977872,32.,5.));
#9048=CARTESIAN_POINT('',(14.9981027977872,32.,1.25));
#9049=CARTESIAN_POINT('',(14.9981027977872,-52.5,5.));
#9050=CARTESIAN_POINT('Origin',(14.9981027977872,-95.,0.));
#9051=CARTESIAN_POINT('',(14.9981027977872,-48.0000007152557,5.));
#9052=CARTESIAN_POINT('',(14.9981027977872,-52.5,5.));
#9053=CARTESIAN_POINT('',(14.9981027977872,-48.0000007152557,0.));
#9054=CARTESIAN_POINT('',(14.9981027977872,-48.0000007152557,0.));
#9055=CARTESIAN_POINT('',(14.9981027977872,-47.5,0.));
#9056=CARTESIAN_POINT('Origin',(14.9981027977872,-95.,0.));
#9057=CARTESIAN_POINT('',(14.9981027977872,-47.5,0.));
#9058=CARTESIAN_POINT('',(14.9981027977872,-52.5,5.));
#9059=CARTESIAN_POINT('Origin',(14.9981027977872,-95.,0.));
#9060=CARTESIAN_POINT('',(14.9981027977872,-47.5,0.));
#9061=CARTESIAN_POINT('',(14.9981027977872,-52.5,5.));
#9062=CARTESIAN_POINT('Origin',(14.9981027977872,-95.,0.));
#9063=CARTESIAN_POINT('',(14.9981027977872,-52.5,5.));
#9064=CARTESIAN_POINT('',(14.9981027977872,-47.5,0.));
#9065=CARTESIAN_POINT('Origin',(14.9981027977872,-95.,0.));
#9066=CARTESIAN_POINT('',(14.9981027977872,-52.5,5.));
#9067=CARTESIAN_POINT('',(14.9981027977872,-47.5,0.));
#9068=CARTESIAN_POINT('Origin',(14.9981027977872,-95.,0.));
#9069=CARTESIAN_POINT('',(14.9981027977872,-52.5,5.));
#9070=CARTESIAN_POINT('',(14.9981027977872,-47.5,0.));
#9071=CARTESIAN_POINT('Origin',(14.9981027977872,-95.,0.));
#9072=CARTESIAN_POINT('',(14.9981027977872,-52.5,5.));
#9073=CARTESIAN_POINT('',(14.9981027977872,-47.5,0.));
#9074=CARTESIAN_POINT('Origin',(14.9981027977872,-95.,0.));
#9075=CARTESIAN_POINT('',(14.9981027977872,-47.5,0.));
#9076=CARTESIAN_POINT('',(14.9981027977872,-52.5,5.));
#9077=CARTESIAN_POINT('Origin',(-45.0000007450581,25.,0.));
#9078=CARTESIAN_POINT('',(-45.0000007450581,12.5,0.));
#9079=CARTESIAN_POINT('',(-45.0000007450581,7.5,5.));
#9080=CARTESIAN_POINT('Origin',(-45.0000007450581,25.,0.));
#9081=CARTESIAN_POINT('',(-45.0000007450581,-48.0000007152557,0.));
#9082=CARTESIAN_POINT('',(-45.0000007450581,12.5,0.));
#9083=CARTESIAN_POINT('',(-45.0000007450581,-48.0000007152557,5.));
#9084=CARTESIAN_POINT('',(-45.0000007450581,-48.0000007152557,0.));
#9085=CARTESIAN_POINT('',(-45.0000007450581,7.5,5.));
#9086=CARTESIAN_POINT('Origin',(-45.0000007450581,25.,0.));
#9087=CARTESIAN_POINT('',(-45.0000007450581,7.5,5.));
#9088=CARTESIAN_POINT('',(-45.0000007450581,12.5,0.));
#9089=CARTESIAN_POINT('Origin',(-45.0000007450581,25.,0.));
#9090=CARTESIAN_POINT('',(-45.,32.,5.));
#9091=CARTESIAN_POINT('',(-45.0000007450581,7.5,5.));
#9092=CARTESIAN_POINT('',(-45.,32.,0.));
#9093=CARTESIAN_POINT('',(-45.0000007450581,32.,1.25));
#9094=CARTESIAN_POINT('',(-45.0000007450581,12.5,0.));
#9095=CARTESIAN_POINT('Origin',(-45.0000007450581,25.,0.));
#9096=CARTESIAN_POINT('',(-45.0000007450581,7.5,5.));
#9097=CARTESIAN_POINT('',(-45.0000007450581,12.5,0.));
#9098=CARTESIAN_POINT('Origin',(-45.0000007450581,25.,0.));
#9099=CARTESIAN_POINT('',(-45.0000007450581,12.5,0.));
#9100=CARTESIAN_POINT('',(-45.0000007450581,7.5,5.));
#9101=CARTESIAN_POINT('Origin',(-45.0000007450581,25.,0.));
#9102=CARTESIAN_POINT('',(-45.0000007450581,7.5,5.));
#9103=CARTESIAN_POINT('',(-45.0000007450581,12.5,0.));
#9104=CARTESIAN_POINT('Origin',(-45.0000007450581,25.,0.));
#9105=CARTESIAN_POINT('',(-45.0000007450581,12.5,0.));
#9106=CARTESIAN_POINT('',(-45.0000007450581,7.5,5.));
#9107=CARTESIAN_POINT('Origin',(-45.0000007450581,25.,0.));
#9108=CARTESIAN_POINT('',(-45.0000007450581,7.5,5.));
#9109=CARTESIAN_POINT('',(-45.0000007450581,12.5,0.));
#9110=CARTESIAN_POINT('Origin',(-45.0000007450581,25.,0.));
#9111=CARTESIAN_POINT('',(-45.0000007450581,12.5,0.));
#9112=CARTESIAN_POINT('',(-45.0000007450581,7.5,5.));
#9113=CARTESIAN_POINT('Origin',(-14.9915333934492,0.,0.));
#9114=CARTESIAN_POINT('',(-50.,32.,0.));
#9115=CARTESIAN_POINT('',(14.9981027977872,-47.5,0.));
#9116=CARTESIAN_POINT('',(5.00000007450581,-48.0000007152557,0.));
#9117=CARTESIAN_POINT('',(2.49952584845842,-48.0000007152557,0.));
#9118=CARTESIAN_POINT('',(5.00000007450581,-50.0000007450581,0.));
#9119=CARTESIAN_POINT('',(5.00000007450581,-41.5000003576279,0.));
#9120=CARTESIAN_POINT('',(19.9981027977872,-50.0000007450581,0.));
#9121=CARTESIAN_POINT('',(-5.00047426330029,-50.0000007450581,0.));
#9122=CARTESIAN_POINT('',(19.9981027977872,-58.0000008642673,0.));
#9123=CARTESIAN_POINT('',(19.9981027977872,25.,0.));
#9124=CARTESIAN_POINT('',(5.00000007450581,-58.0000008642673,0.));
#9125=CARTESIAN_POINT('',(2.49952584845842,-58.0000008642673,0.));
#9126=CARTESIAN_POINT('',(5.00000007450581,-60.0000008940697,0.));
#9127=CARTESIAN_POINT('',(5.00000007450581,-46.5000004321337,0.));
#9128=CARTESIAN_POINT('',(19.9981027977872,-60.0000008940697,0.));
#9129=CARTESIAN_POINT('',(-5.00047426330029,-60.0000008940697,0.));
#9130=CARTESIAN_POINT('',(19.9981027977872,-68.000001013279,0.));
#9131=CARTESIAN_POINT('',(19.9981027977872,25.,0.));
#9132=CARTESIAN_POINT('',(5.00000007450581,-68.000001013279,0.));
#9133=CARTESIAN_POINT('',(2.49952584845842,-68.000001013279,0.));
#9134=CARTESIAN_POINT('',(5.00000007450581,-70.0000010430813,0.));
#9135=CARTESIAN_POINT('',(5.00000007450581,-51.5000005066395,0.));
#9136=CARTESIAN_POINT('',(19.9981027977872,-70.0000010430813,0.));
#9137=CARTESIAN_POINT('',(-5.00047426330029,-70.0000010430813,0.));
#9138=CARTESIAN_POINT('',(19.9981027977872,-78.0000011622906,0.));
#9139=CARTESIAN_POINT('',(19.9981027977872,25.,0.));
#9140=CARTESIAN_POINT('',(5.00000007450581,-78.0000011622906,0.));
#9141=CARTESIAN_POINT('',(2.49952584845842,-78.0000011622906,0.));
#9142=CARTESIAN_POINT('',(5.00000007450581,-80.0000011920929,0.));
#9143=CARTESIAN_POINT('',(5.00000007450581,-56.5000005811453,0.));
#9144=CARTESIAN_POINT('',(14.9981027977872,-80.0000011920929,0.));
#9145=CARTESIAN_POINT('',(-5.00047426330029,-80.0000011920929,0.));
#9146=CARTESIAN_POINT('',(14.9981027977872,-88.0255978033416,0.));
#9147=CARTESIAN_POINT('',(14.9981027977872,-47.5,0.));
#9148=CARTESIAN_POINT('',(5.00000007450581,-88.0255978033416,0.));
#9149=CARTESIAN_POINT('',(0.00328470216901078,-88.0255978033416,0.));
#9150=CARTESIAN_POINT('',(5.00000007450581,-90.0000013411045,0.));
#9151=CARTESIAN_POINT('',(5.00000007450581,-44.0127989016708,0.));
#9152=CARTESIAN_POINT('',(14.9981027977872,-90.0000013411045,0.));
#9153=CARTESIAN_POINT('',(-4.9957666594717,-90.0000013411045,0.));
#9154=CARTESIAN_POINT('',(14.9981027977872,-99.,0.));
#9155=CARTESIAN_POINT('',(14.9981027977872,-47.5,0.));
#9156=CARTESIAN_POINT('',(-45.,-99.,0.));
#9157=CARTESIAN_POINT('',(19.9981027977872,-99.,0.));
#9158=CARTESIAN_POINT('',(-45.0000007450581,-90.0000013411045,0.));
#9159=CARTESIAN_POINT('',(-45.0000007450581,12.5,0.));
#9160=CARTESIAN_POINT('',(-40.0173286067501,-90.0000013411045,0.));
#9161=CARTESIAN_POINT('',(-30.4957670394513,-90.0000013411045,0.));
#9162=CARTESIAN_POINT('',(-40.0173286067501,-88.0255978033416,0.));
#9163=CARTESIAN_POINT('',(-40.0173286067501,-45.0000006705523,0.));
#9164=CARTESIAN_POINT('',(-45.0000007450581,-88.0255978033416,0.));
#9165=CARTESIAN_POINT('',(-27.5044310000996,-88.0255978033416,0.));
#9166=CARTESIAN_POINT('',(-45.0000007450581,-80.0000011920929,0.));
#9167=CARTESIAN_POINT('',(-45.0000007450581,12.5,0.));
#9168=CARTESIAN_POINT('',(-40.0000005960464,-80.0000011920929,0.));
#9169=CARTESIAN_POINT('',(-32.5004746730822,-80.0000011920929,0.));
#9170=CARTESIAN_POINT('',(-40.0000005960464,-78.0000011622906,0.));
#9171=CARTESIAN_POINT('',(-40.0000005960464,-57.5000005960464,0.));
#9172=CARTESIAN_POINT('',(-50.0000007450581,-78.0000011622906,0.));
#9173=CARTESIAN_POINT('',(-27.5004745985764,-78.0000011622906,0.));
#9174=CARTESIAN_POINT('',(-50.0000007450581,-70.0000010430813,0.));
#9175=CARTESIAN_POINT('',(-50.,-95.,0.));
#9176=CARTESIAN_POINT('',(-40.0000005960464,-70.0000010430813,0.));
#9177=CARTESIAN_POINT('',(-32.5004746730822,-70.0000010430813,0.));
#9178=CARTESIAN_POINT('',(-40.0000005960464,-68.000001013279,0.));
#9179=CARTESIAN_POINT('',(-40.0000005960464,-52.5000005215406,0.));
#9180=CARTESIAN_POINT('',(-50.0000007450581,-68.000001013279,0.));
#9181=CARTESIAN_POINT('',(-27.5004745985764,-68.000001013279,0.));
#9182=CARTESIAN_POINT('',(-50.0000007450581,-60.0000008940697,0.));
#9183=CARTESIAN_POINT('',(-50.,-95.,0.));
#9184=CARTESIAN_POINT('',(-40.0000005960464,-60.0000008940697,0.));
#9185=CARTESIAN_POINT('',(-32.5004746730822,-60.0000008940697,0.));
#9186=CARTESIAN_POINT('',(-40.0000005960464,-58.0000008642673,0.));
#9187=CARTESIAN_POINT('',(-40.0000005960464,-47.5000004470348,0.));
#9188=CARTESIAN_POINT('',(-50.0000007450581,-58.0000008642673,0.));
#9189=CARTESIAN_POINT('',(-27.5004745985764,-58.0000008642673,0.));
#9190=CARTESIAN_POINT('',(-50.0000007450581,-50.0000007450581,0.));
#9191=CARTESIAN_POINT('',(-50.,-95.,0.));
#9192=CARTESIAN_POINT('',(-40.0000005960464,-50.0000007450581,0.));
#9193=CARTESIAN_POINT('',(-32.5004746730822,-50.0000007450581,0.));
#9194=CARTESIAN_POINT('',(-40.0000005960464,-48.0000007152557,0.));
#9195=CARTESIAN_POINT('',(-40.0000005960464,-42.500000372529,0.));
#9196=CARTESIAN_POINT('',(-27.5004745985764,-48.0000007152557,0.));
#9197=CARTESIAN_POINT('',(0.,-50.0000007450581,0.));
#9198=CARTESIAN_POINT('',(0.,-48.0000007152557,0.));
#9199=CARTESIAN_POINT('',(0.,-42.500000372529,0.));
#9200=CARTESIAN_POINT('',(-15.0000002235174,-48.0000007152557,0.));
#9201=CARTESIAN_POINT('',(-7.5004743005532,-48.0000007152557,0.));
#9202=CARTESIAN_POINT('',(-15.0000002235174,-50.0000007450581,0.));
#9203=CARTESIAN_POINT('',(-15.0000002235174,-41.5000003576279,0.));
#9204=CARTESIAN_POINT('',(-15.0004744123119,-50.0000007450581,0.));
#9205=CARTESIAN_POINT('',(-20.0000002980232,-60.0000008940697,0.));
#9206=CARTESIAN_POINT('',(-20.0000002980232,-58.0000008642673,0.));
#9207=CARTESIAN_POINT('',(-20.0000002980232,-47.5000004470348,0.));
#9208=CARTESIAN_POINT('',(-35.0000005215406,-58.0000008642673,0.));
#9209=CARTESIAN_POINT('',(-17.5004744495648,-58.0000008642673,0.));
#9210=CARTESIAN_POINT('',(-35.0000005215406,-60.0000008940697,0.));
#9211=CARTESIAN_POINT('',(-35.0000005215406,-46.5000004321337,0.));
#9212=CARTESIAN_POINT('',(-25.0004745613235,-60.0000008940697,0.));
#9213=CARTESIAN_POINT('',(18.0000002682209,-55.0000008195639,0.));
#9214=CARTESIAN_POINT('',(18.0000002682209,-53.0000007897615,0.));
#9215=CARTESIAN_POINT('',(18.0000002682209,-45.0000004097819,0.));
#9216=CARTESIAN_POINT('',(-48.0000007152557,-53.0000007897615,0.));
#9217=CARTESIAN_POINT('',(1.49952583355726,-53.0000007897615,0.));
#9218=CARTESIAN_POINT('',(-48.0000007152557,-55.0000008195639,0.));
#9219=CARTESIAN_POINT('',(-48.0000007152557,-44.0000003948808,0.));
#9220=CARTESIAN_POINT('',(-31.5004746581811,-55.0000008195639,0.));
#9221=CARTESIAN_POINT('',(18.0000002682209,-65.0000009685755,0.));
#9222=CARTESIAN_POINT('',(18.0000002682209,-63.0000009387732,0.));
#9223=CARTESIAN_POINT('',(18.0000002682209,-50.0000004842877,0.));
#9224=CARTESIAN_POINT('',(-48.0000007152557,-63.0000009387732,0.));
#9225=CARTESIAN_POINT('',(1.49952583355726,-63.0000009387732,0.));
#9226=CARTESIAN_POINT('',(-48.0000007152557,-65.0000009685755,0.));
#9227=CARTESIAN_POINT('',(-48.0000007152557,-49.0000004693866,0.));
#9228=CARTESIAN_POINT('',(-31.5004746581811,-65.0000009685755,0.));
#9229=CARTESIAN_POINT('',(0.,-60.0000008940697,0.));
#9230=CARTESIAN_POINT('',(0.,-58.0000008642673,0.));
#9231=CARTESIAN_POINT('',(0.,-47.5000004470348,0.));
#9232=CARTESIAN_POINT('',(-15.0000002235174,-58.0000008642673,0.));
#9233=CARTESIAN_POINT('',(-7.5004743005532,-58.0000008642673,0.));
#9234=CARTESIAN_POINT('',(-15.0000002235174,-60.0000008940697,0.));
#9235=CARTESIAN_POINT('',(-15.0000002235174,-46.5000004321337,0.));
#9236=CARTESIAN_POINT('',(-15.0004744123119,-60.0000008940697,0.));
#9237=CARTESIAN_POINT('',(0.,-80.0000011920929,0.));
#9238=CARTESIAN_POINT('',(0.,-78.0000011622906,0.));
#9239=CARTESIAN_POINT('',(0.,-57.5000005960464,0.));
#9240=CARTESIAN_POINT('',(-15.0000002235174,-78.0000011622906,0.));
#9241=CARTESIAN_POINT('',(-7.5004743005532,-78.0000011622906,0.));
#9242=CARTESIAN_POINT('',(-15.0000002235174,-80.0000011920929,0.));
#9243=CARTESIAN_POINT('',(-15.0000002235174,-56.5000005811453,0.));
#9244=CARTESIAN_POINT('',(-15.0004744123119,-80.0000011920929,0.));
#9245=CARTESIAN_POINT('',(0.,-70.0000010430813,0.));
#9246=CARTESIAN_POINT('',(0.,-68.000001013279,0.));
#9247=CARTESIAN_POINT('',(0.,-52.5000005215406,0.));
#9248=CARTESIAN_POINT('',(-15.0000002235174,-68.000001013279,0.));
#9249=CARTESIAN_POINT('',(-7.5004743005532,-68.000001013279,0.));
#9250=CARTESIAN_POINT('',(-15.0000002235174,-70.0000010430813,0.));
#9251=CARTESIAN_POINT('',(-15.0000002235174,-51.5000005066395,0.));
#9252=CARTESIAN_POINT('',(-15.0004744123119,-70.0000010430813,0.));
#9253=CARTESIAN_POINT('',(-20.0000002980232,-80.0000011920929,0.));
#9254=CARTESIAN_POINT('',(-20.0000002980232,-78.0000011622906,0.));
#9255=CARTESIAN_POINT('',(-20.0000002980232,-57.5000005960464,0.));
#9256=CARTESIAN_POINT('',(-35.0000005215406,-78.0000011622906,0.));
#9257=CARTESIAN_POINT('',(-17.5004744495648,-78.0000011622906,0.));
#9258=CARTESIAN_POINT('',(-35.0000005215406,-80.0000011920929,0.));
#9259=CARTESIAN_POINT('',(-35.0000005215406,-56.5000005811453,0.));
#9260=CARTESIAN_POINT('',(-25.0004745613235,-80.0000011920929,0.));
#9261=CARTESIAN_POINT('',(18.0000002682209,-75.0000011175871,0.));
#9262=CARTESIAN_POINT('',(18.0000002682209,-73.0000010877848,0.));
#9263=CARTESIAN_POINT('',(18.0000002682209,-55.0000005587935,0.));
#9264=CARTESIAN_POINT('',(-48.0000007152557,-73.0000010877848,0.));
#9265=CARTESIAN_POINT('',(1.49952583355726,-73.0000010877848,0.));
#9266=CARTESIAN_POINT('',(-48.0000007152557,-75.0000011175871,0.));
#9267=CARTESIAN_POINT('',(-48.0000007152557,-54.0000005438924,0.));
#9268=CARTESIAN_POINT('',(-31.5004746581811,-75.0000011175871,0.));
#9269=CARTESIAN_POINT('',(-20.0000002980232,-70.0000010430813,0.));
#9270=CARTESIAN_POINT('',(-20.0000002980232,-68.000001013279,0.));
#9271=CARTESIAN_POINT('',(-20.0000002980232,-52.5000005215406,0.));
#9272=CARTESIAN_POINT('',(-35.0000005215406,-68.000001013279,0.));
#9273=CARTESIAN_POINT('',(-17.5004744495648,-68.000001013279,0.));
#9274=CARTESIAN_POINT('',(-35.0000005215406,-70.0000010430813,0.));
#9275=CARTESIAN_POINT('',(-35.0000005215406,-51.5000005066395,0.));
#9276=CARTESIAN_POINT('',(-25.0004745613235,-70.0000010430813,0.));
#9277=CARTESIAN_POINT('',(-20.0000002980232,-50.0000007450581,0.));
#9278=CARTESIAN_POINT('',(-20.0000002980232,-48.0000007152557,0.));
#9279=CARTESIAN_POINT('',(-20.0000002980232,-42.500000372529,0.));
#9280=CARTESIAN_POINT('',(-35.0000005215406,-48.0000007152557,0.));
#9281=CARTESIAN_POINT('',(-17.5004744495648,-48.0000007152557,0.));
#9282=CARTESIAN_POINT('',(-35.0000005215406,-50.0000007450581,0.));
#9283=CARTESIAN_POINT('',(-35.0000005215406,-41.5000003576279,0.));
#9284=CARTESIAN_POINT('',(-25.0004745613235,-50.0000007450581,0.));
#9285=CARTESIAN_POINT('',(-43.0000006407499,-93.000001385808,0.));
#9286=CARTESIAN_POINT('',(-43.0000006407499,-95.0000014156103,0.));
#9287=CARTESIAN_POINT('',(-43.0000006407499,-46.500000692904,0.));
#9288=CARTESIAN_POINT('',(13.0000001937151,-95.0000014156103,0.));
#9289=CARTESIAN_POINT('',(-28.9957670170996,-95.0000014156103,0.));
#9290=CARTESIAN_POINT('',(13.0000001937151,-93.000001385808,0.));
#9291=CARTESIAN_POINT('',(13.0000001937151,-47.5000007078052,0.));
#9292=CARTESIAN_POINT('',(-0.995766599867052,-93.000001385808,0.));
#9293=CARTESIAN_POINT('',(-15.0000002235174,-88.0255978033416,0.));
#9294=CARTESIAN_POINT('',(-15.0000002235174,-90.0000013411045,0.));
#9295=CARTESIAN_POINT('',(-15.0000002235174,-44.0127989016708,0.));
#9296=CARTESIAN_POINT('',(0.0586708043547324,-90.0000013411045,0.));
#9297=CARTESIAN_POINT('',(-14.9957668084833,-90.0000013411045,0.));
#9298=CARTESIAN_POINT('',(0.0586708043547324,-88.0255978033416,0.));
#9299=CARTESIAN_POINT('',(0.0586708043547324,-45.0000006705523,0.));
#9300=CARTESIAN_POINT('',(-7.46643129454723,-88.0255978033416,0.));
#9301=CARTESIAN_POINT('',(-43.0000006407499,-83.0000012367964,0.));
#9302=CARTESIAN_POINT('',(-43.0000006407499,-85.0000012665987,0.));
#9303=CARTESIAN_POINT('',(-43.0000006407499,-41.5000006183982,0.));
#9304=CARTESIAN_POINT('',(13.0000001937151,-85.0000012665987,0.));
#9305=CARTESIAN_POINT('',(-28.9957670170996,-85.0000012665987,0.));
#9306=CARTESIAN_POINT('',(13.0000001937151,-83.0000012367964,0.));
#9307=CARTESIAN_POINT('',(13.0000001937151,-42.5000006332994,0.));
#9308=CARTESIAN_POINT('',(-0.995766599867052,-83.0000012367964,0.));
#9309=CARTESIAN_POINT('',(-35.0000005215406,-88.0255978033416,0.));
#9310=CARTESIAN_POINT('',(-35.0000005215406,-90.0000013411045,0.));
#9311=CARTESIAN_POINT('',(-35.0000005215406,-44.0127989016708,0.));
#9312=CARTESIAN_POINT('',(-19.9793289011977,-90.0000013411045,0.));
#9313=CARTESIAN_POINT('',(-24.9957669574949,-90.0000013411045,0.));
#9314=CARTESIAN_POINT('',(-19.9793289011977,-88.0255978033416,0.));
#9315=CARTESIAN_POINT('',(-19.9793289011977,-45.0000006705523,0.));
#9316=CARTESIAN_POINT('',(-17.4854311473234,-88.0255978033416,0.));
#9317=CARTESIAN_POINT('Origin',(-19.9793289011977,-90.0000013411045,0.));
#9318=CARTESIAN_POINT('',(-19.9793289011977,-88.0255978033416,5.));
#9319=CARTESIAN_POINT('',(-19.9793289011977,-90.0000013411045,5.));
#9320=CARTESIAN_POINT('',(-19.9793289011977,-50.0000006705523,5.));
#9321=CARTESIAN_POINT('',(-19.9793289011977,-88.0255978033416,0.));
#9322=CARTESIAN_POINT('',(-19.9793289011977,-90.0000013411045,0.));
#9323=CARTESIAN_POINT('Origin',(-35.0000005215406,-90.0000013411045,0.));
#9324=CARTESIAN_POINT('',(-35.0000005215406,-90.0000013411045,5.));
#9325=CARTESIAN_POINT('',(-25.0004745613235,-90.0000013411045,5.));
#9326=CARTESIAN_POINT('',(-35.0000005215406,-90.0000013411045,0.));
#9327=CARTESIAN_POINT('Origin',(-35.0000005215406,-88.0255978033416,0.));
#9328=CARTESIAN_POINT('',(-35.0000005215406,-88.0255978033416,5.));
#9329=CARTESIAN_POINT('',(-35.0000005215406,-49.0127989016708,5.));
#9330=CARTESIAN_POINT('',(-35.0000005215406,-88.0255978033416,0.));
#9331=CARTESIAN_POINT('Origin',(-19.9793289011977,-88.0255978033416,0.));
#9332=CARTESIAN_POINT('',(-17.490138751152,-88.0255978033416,5.));
#9333=CARTESIAN_POINT('Origin',(5.00000007450581,-90.0000013411045,0.));
#9334=CARTESIAN_POINT('',(14.9981027977872,-90.0000013411045,5.));
#9335=CARTESIAN_POINT('',(5.00000007450581,-90.0000013411045,5.));
#9336=CARTESIAN_POINT('',(-5.00047426330029,-90.0000013411045,5.));
#9337=CARTESIAN_POINT('',(14.9981027977872,-90.0000013411045,0.));
#9338=CARTESIAN_POINT('',(5.00000007450581,-90.0000013411045,0.));
#9339=CARTESIAN_POINT('Origin',(5.00000007450581,-88.0255978033416,0.));
#9340=CARTESIAN_POINT('',(5.00000007450581,-88.0255978033416,5.));
#9341=CARTESIAN_POINT('',(5.00000007450581,-49.0127989016708,5.));
#9342=CARTESIAN_POINT('',(5.00000007450581,-88.0255978033416,0.));
#9343=CARTESIAN_POINT('Origin',(14.9981027977872,-88.0255978033416,0.));
#9344=CARTESIAN_POINT('',(14.9981027977872,-88.0255978033416,5.));
#9345=CARTESIAN_POINT('',(-0.00142290165958459,-88.0255978033416,5.));
#9346=CARTESIAN_POINT('',(14.9981027977872,-88.0255978033416,0.));
#9347=CARTESIAN_POINT('Origin',(13.0000001937151,-85.0000012665987,0.));
#9348=CARTESIAN_POINT('',(13.0000001937151,-83.0000012367964,5.));
#9349=CARTESIAN_POINT('',(13.0000001937151,-85.0000012665987,5.));
#9350=CARTESIAN_POINT('',(13.0000001937151,-47.5000006332994,5.));
#9351=CARTESIAN_POINT('',(13.0000001937151,-83.0000012367964,0.));
#9352=CARTESIAN_POINT('',(13.0000001937151,-85.0000012665987,0.));
#9353=CARTESIAN_POINT('Origin',(-43.0000006407499,-85.0000012665987,0.));
#9354=CARTESIAN_POINT('',(-43.0000006407499,-85.0000012665987,5.));
#9355=CARTESIAN_POINT('',(-29.0004746209282,-85.0000012665987,5.));
#9356=CARTESIAN_POINT('',(-43.0000006407499,-85.0000012665987,0.));
#9357=CARTESIAN_POINT('Origin',(-43.0000006407499,-83.0000012367964,0.));
#9358=CARTESIAN_POINT('',(-43.0000006407499,-83.0000012367964,5.));
#9359=CARTESIAN_POINT('',(-43.0000006407499,-46.5000006183982,5.));
#9360=CARTESIAN_POINT('',(-43.0000006407499,-83.0000012367964,0.));
#9361=CARTESIAN_POINT('Origin',(13.0000001937151,-83.0000012367964,0.));
#9362=CARTESIAN_POINT('',(-1.00047420369565,-83.0000012367964,5.));
#9363=CARTESIAN_POINT('Origin',(-40.0173286067501,-90.0000013411045,0.));
#9364=CARTESIAN_POINT('',(-40.0173286067501,-88.0255978033416,5.));
#9365=CARTESIAN_POINT('',(-40.0173286067501,-90.0000013411045,5.));
#9366=CARTESIAN_POINT('',(-40.0173286067501,-50.0000006705523,5.));
#9367=CARTESIAN_POINT('',(-40.0173286067501,-88.0255978033416,0.));
#9368=CARTESIAN_POINT('',(-40.0173286067501,-90.0000013411045,0.));
#9369=CARTESIAN_POINT('Origin',(-46.0000006854534,-90.0000013411045,0.));
#9370=CARTESIAN_POINT('',(-45.0000007450581,-90.0000013411045,5.));
#9371=CARTESIAN_POINT('',(-30.5004746432799,-90.0000013411045,5.));
#9372=CARTESIAN_POINT('',(-45.0000007450581,-90.0000013411045,0.));
#9373=CARTESIAN_POINT('Origin',(-40.0173286067501,-88.0255978033416,0.));
#9374=CARTESIAN_POINT('',(-45.0000007450581,-88.0255978033416,5.));
#9375=CARTESIAN_POINT('',(-27.5091386039282,-88.0255978033416,5.));
#9376=CARTESIAN_POINT('',(-45.0000007450581,-88.0255978033416,0.));
#9377=CARTESIAN_POINT('Origin',(0.0586708043547324,-90.0000013411045,0.));
#9378=CARTESIAN_POINT('',(0.0586708043547324,-88.0255978033416,5.));
#9379=CARTESIAN_POINT('',(0.0586708043547324,-90.0000013411045,5.));
#9380=CARTESIAN_POINT('',(0.0586708043547324,-50.0000006705523,5.));
#9381=CARTESIAN_POINT('',(0.0586708043547324,-88.0255978033416,0.));
#9382=CARTESIAN_POINT('',(0.0586708043547324,-90.0000013411045,0.));
#9383=CARTESIAN_POINT('Origin',(-15.0000002235174,-90.0000013411045,0.));
#9384=CARTESIAN_POINT('',(-15.0000002235174,-90.0000013411045,5.));
#9385=CARTESIAN_POINT('',(-15.0004744123119,-90.0000013411045,5.));
#9386=CARTESIAN_POINT('',(-15.0000002235174,-90.0000013411045,0.));
#9387=CARTESIAN_POINT('Origin',(-15.0000002235174,-88.0255978033416,0.));
#9388=CARTESIAN_POINT('',(-15.0000002235174,-88.0255978033416,5.));
#9389=CARTESIAN_POINT('',(-15.0000002235174,-49.0127989016708,5.));
#9390=CARTESIAN_POINT('',(-15.0000002235174,-88.0255978033416,0.));
#9391=CARTESIAN_POINT('Origin',(0.0586708043547324,-88.0255978033416,0.));
#9392=CARTESIAN_POINT('',(-7.47113889837583,-88.0255978033416,5.));
#9393=CARTESIAN_POINT('Origin',(13.0000001937151,-95.0000014156103,0.));
#9394=CARTESIAN_POINT('',(13.0000001937151,-93.000001385808,5.));
#9395=CARTESIAN_POINT('',(13.0000001937151,-95.0000014156103,5.));
#9396=CARTESIAN_POINT('',(13.0000001937151,-52.5000007078052,5.));
#9397=CARTESIAN_POINT('',(13.0000001937151,-93.000001385808,0.));
#9398=CARTESIAN_POINT('',(13.0000001937151,-95.0000014156103,0.));
#9399=CARTESIAN_POINT('Origin',(-43.0000006407499,-95.0000014156103,0.));
#9400=CARTESIAN_POINT('',(-43.0000006407499,-95.0000014156103,5.));
#9401=CARTESIAN_POINT('',(-29.0004746209282,-95.0000014156103,5.));
#9402=CARTESIAN_POINT('',(-43.0000006407499,-95.0000014156103,0.));
#9403=CARTESIAN_POINT('Origin',(-43.0000006407499,-93.000001385808,0.));
#9404=CARTESIAN_POINT('',(-43.0000006407499,-93.000001385808,5.));
#9405=CARTESIAN_POINT('',(-43.0000006407499,-51.500000692904,5.));
#9406=CARTESIAN_POINT('',(-43.0000006407499,-93.000001385808,0.));
#9407=CARTESIAN_POINT('Origin',(13.0000001937151,-93.000001385808,0.));
#9408=CARTESIAN_POINT('',(-1.00047420369565,-93.000001385808,5.));
#9409=CARTESIAN_POINT('Origin',(14.9981027977872,-95.,0.));
#9410=CARTESIAN_POINT('',(14.9981027977872,-99.,5.));
#9411=CARTESIAN_POINT('',(14.9981027977872,-52.5,5.));
#9412=CARTESIAN_POINT('',(14.9981027977872,-99.,0.));
#9413=CARTESIAN_POINT('Origin',(-45.0000007450581,25.,0.));
#9414=CARTESIAN_POINT('',(-45.,-99.,5.));
#9415=CARTESIAN_POINT('',(-45.0000007450581,-99.,0.));
#9416=CARTESIAN_POINT('',(-45.0000007450581,7.5,5.));
#9417=CARTESIAN_POINT('Origin',(-45.0000007450581,25.,0.));
#9418=CARTESIAN_POINT('',(-45.0000007450581,-80.0000011920929,5.));
#9419=CARTESIAN_POINT('',(-45.0000007450581,7.5,5.));
#9420=CARTESIAN_POINT('',(-45.0000007450581,-80.0000011920929,0.));
#9421=CARTESIAN_POINT('Origin',(-50.0000007450581,-80.0000011920929,0.));
#9422=CARTESIAN_POINT('',(-40.0000005960464,-80.0000011920929,5.));
#9423=CARTESIAN_POINT('',(-32.5004746730822,-80.0000011920929,5.));
#9424=CARTESIAN_POINT('',(-40.0000005960464,-80.0000011920929,1.));
#9425=CARTESIAN_POINT('Origin',(14.9981027977872,-95.,0.));
#9426=CARTESIAN_POINT('',(14.9981027977872,-80.0000011920929,5.));
#9427=CARTESIAN_POINT('',(14.9981027977872,-80.0000011920929,0.));
#9428=CARTESIAN_POINT('',(14.9981027977872,-52.5,5.));
#9429=CARTESIAN_POINT('Origin',(-15.0009486011064,-10.,5.));
#9430=CARTESIAN_POINT('',(14.9981027977872,-52.5,5.));
#9431=CARTESIAN_POINT('',(19.9981027977872,32.,5.));
#9432=CARTESIAN_POINT('',(-40.0000005960464,-48.0000007152557,5.));
#9433=CARTESIAN_POINT('',(-27.5004745985764,-48.0000007152557,5.));
#9434=CARTESIAN_POINT('',(-40.0000005960464,-50.0000007450581,5.));
#9435=CARTESIAN_POINT('',(-40.0000005960464,-42.500000372529,5.));
#9436=CARTESIAN_POINT('',(-50.0000007450581,-50.0000007450581,5.));
#9437=CARTESIAN_POINT('',(-32.5004746730822,-50.0000007450581,5.));
#9438=CARTESIAN_POINT('',(-50.0000007450581,-58.0000008642673,5.));
#9439=CARTESIAN_POINT('',(-50.,-95.,5.));
#9440=CARTESIAN_POINT('',(-40.0000005960464,-58.0000008642673,5.));
#9441=CARTESIAN_POINT('',(-27.5004745985764,-58.0000008642673,5.));
#9442=CARTESIAN_POINT('',(-40.0000005960464,-60.0000008940697,5.));
#9443=CARTESIAN_POINT('',(-40.0000005960464,-47.5000004470348,5.));
#9444=CARTESIAN_POINT('',(-50.0000007450581,-60.0000008940697,5.));
#9445=CARTESIAN_POINT('',(-32.5004746730822,-60.0000008940697,5.));
#9446=CARTESIAN_POINT('',(-50.0000007450581,-68.000001013279,5.));
#9447=CARTESIAN_POINT('',(-50.,-95.,5.));
#9448=CARTESIAN_POINT('',(-40.0000005960464,-68.000001013279,5.));
#9449=CARTESIAN_POINT('',(-27.5004745985764,-68.000001013279,5.));
#9450=CARTESIAN_POINT('',(-40.0000005960464,-70.0000010430813,5.));
#9451=CARTESIAN_POINT('',(-40.0000005960464,-52.5000005215406,5.));
#9452=CARTESIAN_POINT('',(-50.0000007450581,-70.0000010430813,5.));
#9453=CARTESIAN_POINT('',(-32.5004746730822,-70.0000010430813,5.));
#9454=CARTESIAN_POINT('',(-50.0000007450581,-78.0000011622906,5.));
#9455=CARTESIAN_POINT('',(-50.,-95.,5.));
#9456=CARTESIAN_POINT('',(-40.0000005960464,-78.0000011622906,5.));
#9457=CARTESIAN_POINT('',(-27.5004745985764,-78.0000011622906,5.));
#9458=CARTESIAN_POINT('',(-40.0000005960464,-57.5000005960464,5.));
#9459=CARTESIAN_POINT('',(19.9981027977872,-99.,5.));
#9460=CARTESIAN_POINT('',(5.00000007450581,-80.0000011920929,5.));
#9461=CARTESIAN_POINT('',(-5.00047426330029,-80.0000011920929,5.));
#9462=CARTESIAN_POINT('',(5.00000007450581,-78.0000011622906,5.));
#9463=CARTESIAN_POINT('',(5.00000007450581,-56.5000005811453,5.));
#9464=CARTESIAN_POINT('',(19.9981027977872,-78.0000011622906,5.));
#9465=CARTESIAN_POINT('',(2.49952584845842,-78.0000011622906,5.));
#9466=CARTESIAN_POINT('',(19.9981027977872,-70.0000010430813,5.));
#9467=CARTESIAN_POINT('',(19.9981027977872,25.,5.));
#9468=CARTESIAN_POINT('',(5.00000007450581,-70.0000010430813,5.));
#9469=CARTESIAN_POINT('',(-5.00047426330029,-70.0000010430813,5.));
#9470=CARTESIAN_POINT('',(5.00000007450581,-68.000001013279,5.));
#9471=CARTESIAN_POINT('',(5.00000007450581,-51.5000005066395,5.));
#9472=CARTESIAN_POINT('',(19.9981027977872,-68.000001013279,5.));
#9473=CARTESIAN_POINT('',(2.49952584845842,-68.000001013279,5.));
#9474=CARTESIAN_POINT('',(19.9981027977872,-60.0000008940697,5.));
#9475=CARTESIAN_POINT('',(19.9981027977872,25.,5.));
#9476=CARTESIAN_POINT('',(5.00000007450581,-60.0000008940697,5.));
#9477=CARTESIAN_POINT('',(-5.00047426330029,-60.0000008940697,5.));
#9478=CARTESIAN_POINT('',(5.00000007450581,-58.0000008642673,5.));
#9479=CARTESIAN_POINT('',(5.00000007450581,-46.5000004321337,5.));
#9480=CARTESIAN_POINT('',(19.9981027977872,-58.0000008642673,5.));
#9481=CARTESIAN_POINT('',(2.49952584845842,-58.0000008642673,5.));
#9482=CARTESIAN_POINT('',(19.9981027977872,-50.0000007450581,5.));
#9483=CARTESIAN_POINT('',(19.9981027977872,25.,5.));
#9484=CARTESIAN_POINT('',(5.00000007450581,-50.0000007450581,5.));
#9485=CARTESIAN_POINT('',(-5.00047426330029,-50.0000007450581,5.));
#9486=CARTESIAN_POINT('',(5.00000007450581,-48.0000007152557,5.));
#9487=CARTESIAN_POINT('',(5.00000007450581,-41.5000003576279,5.));
#9488=CARTESIAN_POINT('',(2.49952584845842,-48.0000007152557,5.));
#9489=CARTESIAN_POINT('',(0.,-48.0000007152557,5.));
#9490=CARTESIAN_POINT('',(0.,-50.0000007450581,5.));
#9491=CARTESIAN_POINT('',(0.,-42.500000372529,5.));
#9492=CARTESIAN_POINT('',(-15.0000002235174,-50.0000007450581,5.));
#9493=CARTESIAN_POINT('',(-15.0004744123119,-50.0000007450581,5.));
#9494=CARTESIAN_POINT('',(-15.0000002235174,-48.0000007152557,5.));
#9495=CARTESIAN_POINT('',(-15.0000002235174,-41.5000003576279,5.));
#9496=CARTESIAN_POINT('',(-7.5004743005532,-48.0000007152557,5.));
#9497=CARTESIAN_POINT('',(-20.0000002980232,-58.0000008642673,5.));
#9498=CARTESIAN_POINT('',(-20.0000002980232,-60.0000008940697,5.));
#9499=CARTESIAN_POINT('',(-20.0000002980232,-47.5000004470348,5.));
#9500=CARTESIAN_POINT('',(-35.0000005215406,-60.0000008940697,5.));
#9501=CARTESIAN_POINT('',(-25.0004745613235,-60.0000008940697,5.));
#9502=CARTESIAN_POINT('',(-35.0000005215406,-58.0000008642673,5.));
#9503=CARTESIAN_POINT('',(-35.0000005215406,-46.5000004321337,5.));
#9504=CARTESIAN_POINT('',(-17.5004744495648,-58.0000008642673,5.));
#9505=CARTESIAN_POINT('',(18.0000002682209,-53.0000007897615,5.));
#9506=CARTESIAN_POINT('',(18.0000002682209,-55.0000008195639,5.));
#9507=CARTESIAN_POINT('',(18.0000002682209,-45.0000004097819,5.));
#9508=CARTESIAN_POINT('',(-48.0000007152557,-55.0000008195639,5.));
#9509=CARTESIAN_POINT('',(-31.5004746581811,-55.0000008195639,5.));
#9510=CARTESIAN_POINT('',(-48.0000007152557,-53.0000007897615,5.));
#9511=CARTESIAN_POINT('',(-48.0000007152557,-44.0000003948808,5.));
#9512=CARTESIAN_POINT('',(1.49952583355726,-53.0000007897615,5.));
#9513=CARTESIAN_POINT('',(18.0000002682209,-63.0000009387732,5.));
#9514=CARTESIAN_POINT('',(18.0000002682209,-65.0000009685755,5.));
#9515=CARTESIAN_POINT('',(18.0000002682209,-50.0000004842877,5.));
#9516=CARTESIAN_POINT('',(-48.0000007152557,-65.0000009685755,5.));
#9517=CARTESIAN_POINT('',(-31.5004746581811,-65.0000009685755,5.));
#9518=CARTESIAN_POINT('',(-48.0000007152557,-63.0000009387732,5.));
#9519=CARTESIAN_POINT('',(-48.0000007152557,-49.0000004693866,5.));
#9520=CARTESIAN_POINT('',(1.49952583355726,-63.0000009387732,5.));
#9521=CARTESIAN_POINT('',(0.,-58.0000008642673,5.));
#9522=CARTESIAN_POINT('',(0.,-60.0000008940697,5.));
#9523=CARTESIAN_POINT('',(0.,-47.5000004470348,5.));
#9524=CARTESIAN_POINT('',(-15.0000002235174,-60.0000008940697,5.));
#9525=CARTESIAN_POINT('',(-15.0004744123119,-60.0000008940697,5.));
#9526=CARTESIAN_POINT('',(-15.0000002235174,-58.0000008642673,5.));
#9527=CARTESIAN_POINT('',(-15.0000002235174,-46.5000004321337,5.));
#9528=CARTESIAN_POINT('',(-7.5004743005532,-58.0000008642673,5.));
#9529=CARTESIAN_POINT('',(0.,-78.0000011622906,5.));
#9530=CARTESIAN_POINT('',(0.,-80.0000011920929,5.));
#9531=CARTESIAN_POINT('',(0.,-57.5000005960464,5.));
#9532=CARTESIAN_POINT('',(-15.0000002235174,-80.0000011920929,5.));
#9533=CARTESIAN_POINT('',(-15.0004744123119,-80.0000011920929,5.));
#9534=CARTESIAN_POINT('',(-15.0000002235174,-78.0000011622906,5.));
#9535=CARTESIAN_POINT('',(-15.0000002235174,-56.5000005811453,5.));
#9536=CARTESIAN_POINT('',(-7.5004743005532,-78.0000011622906,5.));
#9537=CARTESIAN_POINT('',(0.,-68.000001013279,5.));
#9538=CARTESIAN_POINT('',(0.,-70.0000010430813,5.));
#9539=CARTESIAN_POINT('',(0.,-52.5000005215406,5.));
#9540=CARTESIAN_POINT('',(-15.0000002235174,-70.0000010430813,5.));
#9541=CARTESIAN_POINT('',(-15.0004744123119,-70.0000010430813,5.));
#9542=CARTESIAN_POINT('',(-15.0000002235174,-68.000001013279,5.));
#9543=CARTESIAN_POINT('',(-15.0000002235174,-51.5000005066395,5.));
#9544=CARTESIAN_POINT('',(-7.5004743005532,-68.000001013279,5.));
#9545=CARTESIAN_POINT('',(-20.0000002980232,-78.0000011622906,5.));
#9546=CARTESIAN_POINT('',(-20.0000002980232,-80.0000011920929,5.));
#9547=CARTESIAN_POINT('',(-20.0000002980232,-57.5000005960464,5.));
#9548=CARTESIAN_POINT('',(-35.0000005215406,-80.0000011920929,5.));
#9549=CARTESIAN_POINT('',(-25.0004745613235,-80.0000011920929,5.));
#9550=CARTESIAN_POINT('',(-35.0000005215406,-78.0000011622906,5.));
#9551=CARTESIAN_POINT('',(-35.0000005215406,-56.5000005811453,5.));
#9552=CARTESIAN_POINT('',(-17.5004744495648,-78.0000011622906,5.));
#9553=CARTESIAN_POINT('',(18.0000002682209,-73.0000010877848,5.));
#9554=CARTESIAN_POINT('',(18.0000002682209,-75.0000011175871,5.));
#9555=CARTESIAN_POINT('',(18.0000002682209,-55.0000005587935,5.));
#9556=CARTESIAN_POINT('',(-48.0000007152557,-75.0000011175871,5.));
#9557=CARTESIAN_POINT('',(-31.5004746581811,-75.0000011175871,5.));
#9558=CARTESIAN_POINT('',(-48.0000007152557,-73.0000010877848,5.));
#9559=CARTESIAN_POINT('',(-48.0000007152557,-54.0000005438924,5.));
#9560=CARTESIAN_POINT('',(1.49952583355726,-73.0000010877848,5.));
#9561=CARTESIAN_POINT('',(-20.0000002980232,-68.000001013279,5.));
#9562=CARTESIAN_POINT('',(-20.0000002980232,-70.0000010430813,5.));
#9563=CARTESIAN_POINT('',(-20.0000002980232,-52.5000005215406,5.));
#9564=CARTESIAN_POINT('',(-35.0000005215406,-70.0000010430813,5.));
#9565=CARTESIAN_POINT('',(-25.0004745613235,-70.0000010430813,5.));
#9566=CARTESIAN_POINT('',(-35.0000005215406,-68.000001013279,5.));
#9567=CARTESIAN_POINT('',(-35.0000005215406,-51.5000005066395,5.));
#9568=CARTESIAN_POINT('',(-17.5004744495648,-68.000001013279,5.));
#9569=CARTESIAN_POINT('',(-20.0000002980232,-48.0000007152557,5.));
#9570=CARTESIAN_POINT('',(-20.0000002980232,-50.0000007450581,5.));
#9571=CARTESIAN_POINT('',(-20.0000002980232,-42.500000372529,5.));
#9572=CARTESIAN_POINT('',(-35.0000005215406,-50.0000007450581,5.));
#9573=CARTESIAN_POINT('',(-25.0004745613235,-50.0000007450581,5.));
#9574=CARTESIAN_POINT('',(-35.0000005215406,-48.0000007152557,5.));
#9575=CARTESIAN_POINT('',(-35.0000005215406,-41.5000003576279,5.));
#9576=CARTESIAN_POINT('',(-17.5004744495648,-48.0000007152557,5.));
#9577=CARTESIAN_POINT('Origin',(5.00000007450581,-80.0000011920929,0.));
#9578=CARTESIAN_POINT('',(5.00000007450581,-80.0000011920929,1.));
#9579=CARTESIAN_POINT('Origin',(-40.0000005960464,-48.0000007152557,0.));
#9580=CARTESIAN_POINT('',(-40.0000005960464,-48.0000007152557,0.));
#9581=CARTESIAN_POINT('Origin',(-15.0009486011064,32.,2.5));
#9582=CARTESIAN_POINT('Origin',(-50.,-99.,0.));
#9583=CARTESIAN_POINT('Origin',(-35.0000005215406,-48.0000007152557,0.));
#9584=CARTESIAN_POINT('',(-35.0000005215406,-50.0000007450581,1.));
#9585=CARTESIAN_POINT('',(-35.0000005215406,-48.0000007152557,1.));
#9586=CARTESIAN_POINT('Origin',(-20.0000002980232,-48.0000007152557,0.));
#9587=CARTESIAN_POINT('',(-20.0000002980232,-48.0000007152557,0.));
#9588=CARTESIAN_POINT('Origin',(-20.0000002980232,-50.0000007450581,0.));
#9589=CARTESIAN_POINT('',(-20.0000002980232,-50.0000007450581,1.));
#9590=CARTESIAN_POINT('Origin',(-35.0000005215406,-50.0000007450581,0.));
#9591=CARTESIAN_POINT('Origin',(-40.0000005960464,-50.0000007450581,0.));
#9592=CARTESIAN_POINT('',(-40.0000005960464,-50.0000007450581,1.));
#9593=CARTESIAN_POINT('Origin',(-50.0000007450581,-50.0000007450581,0.));
#9594=CARTESIAN_POINT('',(-50.,-50.0000007450581,0.));
#9595=CARTESIAN_POINT('Origin',(-40.0000005960464,-58.0000008642673,0.));
#9596=CARTESIAN_POINT('',(-50.,-58.0000008642673,0.));
#9597=CARTESIAN_POINT('',(-40.0000005960464,-58.0000008642673,0.));
#9598=CARTESIAN_POINT('Origin',(-40.0000005960464,-60.0000008940697,0.));
#9599=CARTESIAN_POINT('',(-40.0000005960464,-60.0000008940697,1.));
#9600=CARTESIAN_POINT('Origin',(-50.0000007450581,-60.0000008940697,0.));
#9601=CARTESIAN_POINT('',(-50.,-60.0000008940697,0.));
#9602=CARTESIAN_POINT('Origin',(-35.0000005215406,-68.000001013279,0.));
#9603=CARTESIAN_POINT('',(-35.0000005215406,-70.0000010430813,1.));
#9604=CARTESIAN_POINT('',(-35.0000005215406,-68.000001013279,1.));
#9605=CARTESIAN_POINT('Origin',(-20.0000002980232,-68.000001013279,0.));
#9606=CARTESIAN_POINT('',(-20.0000002980232,-68.000001013279,0.));
#9607=CARTESIAN_POINT('Origin',(-20.0000002980232,-70.0000010430813,0.));
#9608=CARTESIAN_POINT('',(-20.0000002980232,-70.0000010430813,1.));
#9609=CARTESIAN_POINT('Origin',(-35.0000005215406,-70.0000010430813,0.));
#9610=CARTESIAN_POINT('Origin',(-48.0000007152557,-73.0000010877848,0.));
#9611=CARTESIAN_POINT('',(-48.0000007152557,-75.0000011175871,1.));
#9612=CARTESIAN_POINT('',(-48.0000007152557,-73.0000010877848,1.));
#9613=CARTESIAN_POINT('Origin',(18.0000002682209,-73.0000010877848,0.));
#9614=CARTESIAN_POINT('',(18.0000002682209,-73.0000010877848,0.));
#9615=CARTESIAN_POINT('Origin',(18.0000002682209,-75.0000011175871,0.));
#9616=CARTESIAN_POINT('',(18.0000002682209,-75.0000011175871,1.));
#9617=CARTESIAN_POINT('Origin',(-48.0000007152557,-75.0000011175871,0.));
#9618=CARTESIAN_POINT('Origin',(-35.0000005215406,-78.0000011622906,0.));
#9619=CARTESIAN_POINT('',(-35.0000005215406,-80.0000011920929,1.));
#9620=CARTESIAN_POINT('',(-35.0000005215406,-78.0000011622906,1.));
#9621=CARTESIAN_POINT('Origin',(-20.0000002980232,-78.0000011622906,0.));
#9622=CARTESIAN_POINT('',(-20.0000002980232,-78.0000011622906,0.));
#9623=CARTESIAN_POINT('Origin',(-20.0000002980232,-80.0000011920929,0.));
#9624=CARTESIAN_POINT('',(-20.0000002980232,-80.0000011920929,1.));
#9625=CARTESIAN_POINT('Origin',(-35.0000005215406,-80.0000011920929,0.));
#9626=CARTESIAN_POINT('Origin',(5.00000007450581,-50.0000007450581,0.));
#9627=CARTESIAN_POINT('',(19.9981027977872,-50.0000007450581,0.));
#9628=CARTESIAN_POINT('',(5.00000007450581,-50.0000007450581,0.));
#9629=CARTESIAN_POINT('Origin',(5.00000007450581,-48.0000007152557,0.));
#9630=CARTESIAN_POINT('',(5.00000007450581,-48.0000007152557,1.));
#9631=CARTESIAN_POINT('Origin',(20.0000002980232,-48.0000007152557,0.));
#9632=CARTESIAN_POINT('Origin',(-40.0000005960464,-78.0000011622906,0.));
#9633=CARTESIAN_POINT('',(-50.,-78.0000011622906,0.));
#9634=CARTESIAN_POINT('',(-40.0000005960464,-78.0000011622906,0.));
#9635=CARTESIAN_POINT('Origin',(-40.0000005960464,-80.0000011920929,0.));
#9636=CARTESIAN_POINT('Origin',(-15.0000002235174,-68.000001013279,0.));
#9637=CARTESIAN_POINT('',(-15.0000002235174,-70.0000010430813,1.));
#9638=CARTESIAN_POINT('',(-15.0000002235174,-68.000001013279,1.));
#9639=CARTESIAN_POINT('Origin',(0.,-68.000001013279,0.));
#9640=CARTESIAN_POINT('',(0.,-68.000001013279,0.));
#9641=CARTESIAN_POINT('Origin',(0.,-70.0000010430813,0.));
#9642=CARTESIAN_POINT('',(0.,-70.0000010430813,1.));
#9643=CARTESIAN_POINT('Origin',(-15.0000002235174,-70.0000010430813,0.));
#9644=CARTESIAN_POINT('Origin',(-15.0000002235174,-78.0000011622906,0.));
#9645=CARTESIAN_POINT('',(-15.0000002235174,-80.0000011920929,1.));
#9646=CARTESIAN_POINT('',(-15.0000002235174,-78.0000011622906,1.));
#9647=CARTESIAN_POINT('Origin',(0.,-78.0000011622906,0.));
#9648=CARTESIAN_POINT('',(0.,-78.0000011622906,0.));
#9649=CARTESIAN_POINT('Origin',(0.,-80.0000011920929,0.));
#9650=CARTESIAN_POINT('',(0.,-80.0000011920929,1.));
#9651=CARTESIAN_POINT('Origin',(-15.0000002235174,-80.0000011920929,0.));
#9652=CARTESIAN_POINT('Origin',(5.00000007450581,-78.0000011622906,0.));
#9653=CARTESIAN_POINT('',(5.00000007450581,-78.0000011622906,1.));
#9654=CARTESIAN_POINT('Origin',(20.0000002980232,-78.0000011622906,0.));
#9655=CARTESIAN_POINT('',(19.9981027977872,-78.0000011622906,0.));
#9656=CARTESIAN_POINT('Origin',(5.00000007450581,-70.0000010430813,0.));
#9657=CARTESIAN_POINT('',(19.9981027977872,-70.0000010430813,0.));
#9658=CARTESIAN_POINT('',(5.00000007450581,-70.0000010430813,1.));
#9659=CARTESIAN_POINT('Origin',(5.00000007450581,-68.000001013279,0.));
#9660=CARTESIAN_POINT('',(5.00000007450581,-68.000001013279,1.));
#9661=CARTESIAN_POINT('Origin',(20.0000002980232,-68.000001013279,0.));
#9662=CARTESIAN_POINT('',(19.9981027977872,-68.000001013279,0.));
#9663=CARTESIAN_POINT('Origin',(-40.0000005960464,-68.000001013279,0.));
#9664=CARTESIAN_POINT('',(-50.,-68.000001013279,0.));
#9665=CARTESIAN_POINT('',(-40.0000005960464,-68.000001013279,0.));
#9666=CARTESIAN_POINT('Origin',(-40.0000005960464,-70.0000010430813,0.));
#9667=CARTESIAN_POINT('',(-40.0000005960464,-70.0000010430813,1.));
#9668=CARTESIAN_POINT('Origin',(-50.0000007450581,-70.0000010430813,0.));
#9669=CARTESIAN_POINT('',(-50.,-70.0000010430813,0.));
#9670=CARTESIAN_POINT('Origin',(-15.0000002235174,-58.0000008642673,0.));
#9671=CARTESIAN_POINT('',(-15.0000002235174,-60.0000008940697,1.));
#9672=CARTESIAN_POINT('',(-15.0000002235174,-58.0000008642673,1.));
#9673=CARTESIAN_POINT('Origin',(0.,-58.0000008642673,0.));
#9674=CARTESIAN_POINT('',(0.,-58.0000008642673,0.));
#9675=CARTESIAN_POINT('Origin',(0.,-60.0000008940697,0.));
#9676=CARTESIAN_POINT('',(0.,-60.0000008940697,1.));
#9677=CARTESIAN_POINT('Origin',(-15.0000002235174,-60.0000008940697,0.));
#9678=CARTESIAN_POINT('Origin',(-48.0000007152557,-63.0000009387732,0.));
#9679=CARTESIAN_POINT('',(-48.0000007152557,-65.0000009685755,1.));
#9680=CARTESIAN_POINT('',(-48.0000007152557,-63.0000009387732,1.));
#9681=CARTESIAN_POINT('Origin',(18.0000002682209,-63.0000009387732,0.));
#9682=CARTESIAN_POINT('',(18.0000002682209,-63.0000009387732,0.));
#9683=CARTESIAN_POINT('Origin',(18.0000002682209,-65.0000009685755,0.));
#9684=CARTESIAN_POINT('',(18.0000002682209,-65.0000009685755,1.));
#9685=CARTESIAN_POINT('Origin',(-48.0000007152557,-65.0000009685755,0.));
#9686=CARTESIAN_POINT('Origin',(5.00000007450581,-60.0000008940697,0.));
#9687=CARTESIAN_POINT('',(19.9981027977872,-60.0000008940697,0.));
#9688=CARTESIAN_POINT('',(5.00000007450581,-60.0000008940697,1.));
#9689=CARTESIAN_POINT('Origin',(5.00000007450581,-58.0000008642673,0.));
#9690=CARTESIAN_POINT('',(5.00000007450581,-58.0000008642673,1.));
#9691=CARTESIAN_POINT('Origin',(20.0000002980232,-58.0000008642673,0.));
#9692=CARTESIAN_POINT('',(19.9981027977872,-58.0000008642673,0.));
#9693=CARTESIAN_POINT('Origin',(-48.0000007152557,-53.0000007897615,0.));
#9694=CARTESIAN_POINT('',(-48.0000007152557,-55.0000008195639,1.));
#9695=CARTESIAN_POINT('',(-48.0000007152557,-53.0000007897615,1.));
#9696=CARTESIAN_POINT('Origin',(18.0000002682209,-53.0000007897615,0.));
#9697=CARTESIAN_POINT('',(18.0000002682209,-53.0000007897615,0.));
#9698=CARTESIAN_POINT('Origin',(18.0000002682209,-55.0000008195639,0.));
#9699=CARTESIAN_POINT('',(18.0000002682209,-55.0000008195639,1.));
#9700=CARTESIAN_POINT('Origin',(-48.0000007152557,-55.0000008195639,0.));
#9701=CARTESIAN_POINT('Origin',(-35.0000005215406,-58.0000008642673,0.));
#9702=CARTESIAN_POINT('',(-35.0000005215406,-60.0000008940697,1.));
#9703=CARTESIAN_POINT('',(-35.0000005215406,-58.0000008642673,1.));
#9704=CARTESIAN_POINT('Origin',(-20.0000002980232,-58.0000008642673,0.));
#9705=CARTESIAN_POINT('',(-20.0000002980232,-58.0000008642673,0.));
#9706=CARTESIAN_POINT('Origin',(-20.0000002980232,-60.0000008940697,0.));
#9707=CARTESIAN_POINT('',(-20.0000002980232,-60.0000008940697,1.));
#9708=CARTESIAN_POINT('Origin',(-35.0000005215406,-60.0000008940697,0.));
#9709=CARTESIAN_POINT('Origin',(-15.0000002235174,-48.0000007152557,0.));
#9710=CARTESIAN_POINT('',(-15.0000002235174,-50.0000007450581,1.));
#9711=CARTESIAN_POINT('',(-15.0000002235174,-48.0000007152557,1.));
#9712=CARTESIAN_POINT('Origin',(0.,-48.0000007152557,0.));
#9713=CARTESIAN_POINT('',(0.,-48.0000007152557,0.));
#9714=CARTESIAN_POINT('Origin',(0.,-50.0000007450581,0.));
#9715=CARTESIAN_POINT('',(0.,-50.0000007450581,1.));
#9716=CARTESIAN_POINT('Origin',(-15.0000002235174,-50.0000007450581,0.));
#9717=CARTESIAN_POINT('Origin',(-50.,25.,0.));
#9718=CARTESIAN_POINT('Origin',(-50.,25.,0.));
#9719=CARTESIAN_POINT('Origin',(19.9981027977872,-95.,0.));
#9720=CARTESIAN_POINT('Origin',(19.9981027977872,-95.,0.));
#9721=CARTESIAN_POINT('Origin',(19.9981027977872,-95.,0.));
#9722=CARTESIAN_POINT('Origin',(-50.,25.,0.));
#9723=CARTESIAN_POINT('Origin',(14.9981027977872,-95.,0.));
#9724=UNCERTAINTY_MEASURE_WITH_UNIT(LENGTH_MEASURE(0.01),#9728,
'DISTANCE_ACCURACY_VALUE',
'Maximum model space distance between geometric entities at asserted c
onnectivities');
#9725=UNCERTAINTY_MEASURE_WITH_UNIT(LENGTH_MEASURE(0.01),#9728,
'DISTANCE_ACCURACY_VALUE',
'Maximum model space distance between geometric entities at asserted c
onnectivities');
#9726=(
GEOMETRIC_REPRESENTATION_CONTEXT(3)
GLOBAL_UNCERTAINTY_ASSIGNED_CONTEXT((#9724))
GLOBAL_UNIT_ASSIGNED_CONTEXT((#9728,#9730,#9731))
REPRESENTATION_CONTEXT('','3D')
);
#9727=(
GEOMETRIC_REPRESENTATION_CONTEXT(3)
GLOBAL_UNCERTAINTY_ASSIGNED_CONTEXT((#9725))
GLOBAL_UNIT_ASSIGNED_CONTEXT((#9728,#9730,#9731))
REPRESENTATION_CONTEXT('','3D')
);
#9728=(
LENGTH_UNIT()
NAMED_UNIT(*)
SI_UNIT(.MILLI.,.METRE.)
);
#9729=(
LENGTH_UNIT()
NAMED_UNIT(*)
SI_UNIT($,.METRE.)
);
#9730=(
NAMED_UNIT(*)
PLANE_ANGLE_UNIT()
SI_UNIT($,.RADIAN.)
);
#9731=(
NAMED_UNIT(*)
SI_UNIT($,.STERADIAN.)
SOLID_ANGLE_UNIT()
);
#9732=SHAPE_DEFINITION_REPRESENTATION(#9733,#9734);
#9733=PRODUCT_DEFINITION_SHAPE('',$,#9736);
#9734=SHAPE_REPRESENTATION('',(#6256),#9726);
#9735=PRODUCT_DEFINITION_CONTEXT('part definition',#9740,'design');
#9736=PRODUCT_DEFINITION('(Unsaved)','(Unsaved)',#9737,#9735);
#9737=PRODUCT_DEFINITION_FORMATION('',$,#9742);
#9738=PRODUCT_RELATED_PRODUCT_CATEGORY('(Unsaved)','(Unsaved)',(#9742));
#9739=APPLICATION_PROTOCOL_DEFINITION('international standard',
'automotive_design',2009,#9740);
#9740=APPLICATION_CONTEXT(
'Core Data for Automotive Mechanical Design Process');
#9741=PRODUCT_CONTEXT('part definition',#9740,'mechanical');
#9742=PRODUCT('(Unsaved)','(Unsaved)',$,(#9741));
#9743=PRESENTATION_STYLE_ASSIGNMENT((#9744));
#9744=SURFACE_STYLE_USAGE(.BOTH.,#9745);
#9745=SURFACE_SIDE_STYLE('',(#9746));
#9746=SURFACE_STYLE_FILL_AREA(#9747);
#9747=FILL_AREA_STYLE('Steel - Satin',(#9748));
#9748=FILL_AREA_STYLE_COLOUR('Steel - Satin',#9749);
#9749=COLOUR_RGB('Steel - Satin',0.627450980392157,0.627450980392157,0.627450980392157);
ENDSEC;
END-ISO-10303-21;
