ISO-10303-21;
HEADER;
/* Generated by software containing ST-Developer
 * from STEP Tools, Inc. (www.steptools.com) 
 */

FILE_DESCRIPTION(
/* description */ (''),
/* implementation_level */ '2;1');

FILE_NAME(
/* name */ 'Unt_Criss.step',
/* time_stamp */ '2026-07-02T14:50:11+05:30',
/* author */ (''),
/* organization */ (''),
/* preprocessor_version */ 'ST-DEVELOPER v20.1',
/* originating_system */ 'Autodesk Translation Framework v15.8.0.0',
/* authorisation */ '');

FILE_SCHEMA (('AUTOMOTIVE_DESIGN { 1 0 10303 214 3 1 1 }'));
ENDSEC;

DATA;
#10=MECHANICAL_DESIGN_GEOMETRIC_PRESENTATION_REPRESENTATION('',(#13),#2991);
#11=SHAPE_REPRESENTATION_RELATIONSHIP('SRR','None',#2998,#12);
#12=ADVANCED_BREP_SHAPE_REPRESENTATION('',(#14),#2990);
#13=STYLED_ITEM('',(#3007),#14);
#14=MANIFOLD_SOLID_BREP('Body1',#1907);
#15=FACE_BOUND('',#196,.T.);
#16=FACE_BOUND('',#197,.T.);
#17=FACE_BOUND('',#198,.T.);
#18=FACE_BOUND('',#199,.T.);
#19=FACE_BOUND('',#200,.T.);
#20=FACE_BOUND('',#201,.T.);
#21=FACE_BOUND('',#202,.T.);
#22=FACE_BOUND('',#203,.T.);
#23=FACE_BOUND('',#204,.T.);
#24=FACE_BOUND('',#220,.T.);
#25=FACE_BOUND('',#221,.T.);
#26=FACE_BOUND('',#222,.T.);
#27=FACE_BOUND('',#223,.T.);
#28=FACE_BOUND('',#224,.T.);
#29=FACE_BOUND('',#225,.T.);
#30=FACE_BOUND('',#226,.T.);
#31=FACE_BOUND('',#227,.T.);
#32=FACE_BOUND('',#228,.T.);
#33=FACE_OUTER_BOUND('',#123,.T.);
#34=FACE_OUTER_BOUND('',#124,.T.);
#35=FACE_OUTER_BOUND('',#125,.T.);
#36=FACE_OUTER_BOUND('',#126,.T.);
#37=FACE_OUTER_BOUND('',#127,.T.);
#38=FACE_OUTER_BOUND('',#128,.T.);
#39=FACE_OUTER_BOUND('',#129,.T.);
#40=FACE_OUTER_BOUND('',#130,.T.);
#41=FACE_OUTER_BOUND('',#131,.T.);
#42=FACE_OUTER_BOUND('',#132,.T.);
#43=FACE_OUTER_BOUND('',#133,.T.);
#44=FACE_OUTER_BOUND('',#134,.T.);
#45=FACE_OUTER_BOUND('',#135,.T.);
#46=FACE_OUTER_BOUND('',#136,.T.);
#47=FACE_OUTER_BOUND('',#137,.T.);
#48=FACE_OUTER_BOUND('',#138,.T.);
#49=FACE_OUTER_BOUND('',#139,.T.);
#50=FACE_OUTER_BOUND('',#140,.T.);
#51=FACE_OUTER_BOUND('',#141,.T.);
#52=FACE_OUTER_BOUND('',#142,.T.);
#53=FACE_OUTER_BOUND('',#143,.T.);
#54=FACE_OUTER_BOUND('',#144,.T.);
#55=FACE_OUTER_BOUND('',#145,.T.);
#56=FACE_OUTER_BOUND('',#146,.T.);
#57=FACE_OUTER_BOUND('',#147,.T.);
#58=FACE_OUTER_BOUND('',#148,.T.);
#59=FACE_OUTER_BOUND('',#149,.T.);
#60=FACE_OUTER_BOUND('',#150,.T.);
#61=FACE_OUTER_BOUND('',#151,.T.);
#62=FACE_OUTER_BOUND('',#152,.T.);
#63=FACE_OUTER_BOUND('',#153,.T.);
#64=FACE_OUTER_BOUND('',#154,.T.);
#65=FACE_OUTER_BOUND('',#155,.T.);
#66=FACE_OUTER_BOUND('',#156,.T.);
#67=FACE_OUTER_BOUND('',#157,.T.);
#68=FACE_OUTER_BOUND('',#158,.T.);
#69=FACE_OUTER_BOUND('',#159,.T.);
#70=FACE_OUTER_BOUND('',#160,.T.);
#71=FACE_OUTER_BOUND('',#161,.T.);
#72=FACE_OUTER_BOUND('',#162,.T.);
#73=FACE_OUTER_BOUND('',#163,.T.);
#74=FACE_OUTER_BOUND('',#164,.T.);
#75=FACE_OUTER_BOUND('',#165,.T.);
#76=FACE_OUTER_BOUND('',#166,.T.);
#77=FACE_OUTER_BOUND('',#167,.T.);
#78=FACE_OUTER_BOUND('',#168,.T.);
#79=FACE_OUTER_BOUND('',#169,.T.);
#80=FACE_OUTER_BOUND('',#170,.T.);
#81=FACE_OUTER_BOUND('',#171,.T.);
#82=FACE_OUTER_BOUND('',#172,.T.);
#83=FACE_OUTER_BOUND('',#173,.T.);
#84=FACE_OUTER_BOUND('',#174,.T.);
#85=FACE_OUTER_BOUND('',#175,.T.);
#86=FACE_OUTER_BOUND('',#176,.T.);
#87=FACE_OUTER_BOUND('',#177,.T.);
#88=FACE_OUTER_BOUND('',#178,.T.);
#89=FACE_OUTER_BOUND('',#179,.T.);
#90=FACE_OUTER_BOUND('',#180,.T.);
#91=FACE_OUTER_BOUND('',#181,.T.);
#92=FACE_OUTER_BOUND('',#182,.T.);
#93=FACE_OUTER_BOUND('',#183,.T.);
#94=FACE_OUTER_BOUND('',#184,.T.);
#95=FACE_OUTER_BOUND('',#185,.T.);
#96=FACE_OUTER_BOUND('',#186,.T.);
#97=FACE_OUTER_BOUND('',#187,.T.);
#98=FACE_OUTER_BOUND('',#188,.T.);
#99=FACE_OUTER_BOUND('',#189,.T.);
#100=FACE_OUTER_BOUND('',#190,.T.);
#101=FACE_OUTER_BOUND('',#191,.T.);
#102=FACE_OUTER_BOUND('',#192,.T.);
#103=FACE_OUTER_BOUND('',#193,.T.);
#104=FACE_OUTER_BOUND('',#194,.T.);
#105=FACE_OUTER_BOUND('',#195,.T.);
#106=FACE_OUTER_BOUND('',#205,.T.);
#107=FACE_OUTER_BOUND('',#206,.T.);
#108=FACE_OUTER_BOUND('',#207,.T.);
#109=FACE_OUTER_BOUND('',#208,.T.);
#110=FACE_OUTER_BOUND('',#209,.T.);
#111=FACE_OUTER_BOUND('',#210,.T.);
#112=FACE_OUTER_BOUND('',#211,.T.);
#113=FACE_OUTER_BOUND('',#212,.T.);
#114=FACE_OUTER_BOUND('',#213,.T.);
#115=FACE_OUTER_BOUND('',#214,.T.);
#116=FACE_OUTER_BOUND('',#215,.T.);
#117=FACE_OUTER_BOUND('',#216,.T.);
#118=FACE_OUTER_BOUND('',#217,.T.);
#119=FACE_OUTER_BOUND('',#218,.T.);
#120=FACE_OUTER_BOUND('',#219,.T.);
#121=FACE_OUTER_BOUND('',#229,.T.);
#122=FACE_OUTER_BOUND('',#230,.T.);
#123=EDGE_LOOP('',(#1199,#1200,#1201,#1202));
#124=EDGE_LOOP('',(#1203,#1204,#1205,#1206));
#125=EDGE_LOOP('',(#1207,#1208,#1209,#1210));
#126=EDGE_LOOP('',(#1211,#1212,#1213,#1214));
#127=EDGE_LOOP('',(#1215,#1216,#1217,#1218));
#128=EDGE_LOOP('',(#1219,#1220,#1221,#1222));
#129=EDGE_LOOP('',(#1223,#1224,#1225,#1226));
#130=EDGE_LOOP('',(#1227,#1228,#1229,#1230));
#131=EDGE_LOOP('',(#1231,#1232,#1233,#1234));
#132=EDGE_LOOP('',(#1235,#1236,#1237,#1238));
#133=EDGE_LOOP('',(#1239,#1240,#1241,#1242));
#134=EDGE_LOOP('',(#1243,#1244,#1245,#1246));
#135=EDGE_LOOP('',(#1247,#1248,#1249,#1250));
#136=EDGE_LOOP('',(#1251,#1252,#1253,#1254));
#137=EDGE_LOOP('',(#1255,#1256,#1257,#1258));
#138=EDGE_LOOP('',(#1259,#1260,#1261,#1262));
#139=EDGE_LOOP('',(#1263,#1264,#1265,#1266));
#140=EDGE_LOOP('',(#1267,#1268,#1269,#1270));
#141=EDGE_LOOP('',(#1271,#1272,#1273,#1274));
#142=EDGE_LOOP('',(#1275,#1276,#1277,#1278));
#143=EDGE_LOOP('',(#1279,#1280,#1281,#1282));
#144=EDGE_LOOP('',(#1283,#1284,#1285,#1286));
#145=EDGE_LOOP('',(#1287,#1288,#1289,#1290));
#146=EDGE_LOOP('',(#1291,#1292,#1293,#1294));
#147=EDGE_LOOP('',(#1295,#1296,#1297,#1298));
#148=EDGE_LOOP('',(#1299,#1300,#1301,#1302));
#149=EDGE_LOOP('',(#1303,#1304,#1305,#1306));
#150=EDGE_LOOP('',(#1307,#1308,#1309,#1310));
#151=EDGE_LOOP('',(#1311,#1312,#1313,#1314));
#152=EDGE_LOOP('',(#1315,#1316,#1317,#1318));
#153=EDGE_LOOP('',(#1319,#1320,#1321,#1322));
#154=EDGE_LOOP('',(#1323,#1324,#1325,#1326));
#155=EDGE_LOOP('',(#1327,#1328,#1329,#1330));
#156=EDGE_LOOP('',(#1331,#1332,#1333,#1334));
#157=EDGE_LOOP('',(#1335,#1336,#1337,#1338));
#158=EDGE_LOOP('',(#1339,#1340,#1341,#1342));
#159=EDGE_LOOP('',(#1343,#1344,#1345,#1346));
#160=EDGE_LOOP('',(#1347,#1348,#1349,#1350));
#161=EDGE_LOOP('',(#1351,#1352,#1353,#1354));
#162=EDGE_LOOP('',(#1355,#1356,#1357,#1358));
#163=EDGE_LOOP('',(#1359,#1360,#1361,#1362));
#164=EDGE_LOOP('',(#1363,#1364,#1365,#1366));
#165=EDGE_LOOP('',(#1367,#1368,#1369,#1370));
#166=EDGE_LOOP('',(#1371,#1372,#1373,#1374));
#167=EDGE_LOOP('',(#1375,#1376,#1377,#1378));
#168=EDGE_LOOP('',(#1379,#1380,#1381,#1382));
#169=EDGE_LOOP('',(#1383,#1384,#1385,#1386));
#170=EDGE_LOOP('',(#1387,#1388,#1389,#1390));
#171=EDGE_LOOP('',(#1391,#1392,#1393,#1394));
#172=EDGE_LOOP('',(#1395,#1396,#1397,#1398));
#173=EDGE_LOOP('',(#1399,#1400,#1401,#1402));
#174=EDGE_LOOP('',(#1403,#1404,#1405,#1406));
#175=EDGE_LOOP('',(#1407,#1408,#1409,#1410));
#176=EDGE_LOOP('',(#1411,#1412,#1413,#1414));
#177=EDGE_LOOP('',(#1415,#1416,#1417,#1418));
#178=EDGE_LOOP('',(#1419,#1420,#1421,#1422));
#179=EDGE_LOOP('',(#1423,#1424,#1425,#1426));
#180=EDGE_LOOP('',(#1427,#1428,#1429,#1430));
#181=EDGE_LOOP('',(#1431,#1432,#1433,#1434));
#182=EDGE_LOOP('',(#1435,#1436,#1437,#1438));
#183=EDGE_LOOP('',(#1439,#1440,#1441,#1442));
#184=EDGE_LOOP('',(#1443,#1444,#1445,#1446));
#185=EDGE_LOOP('',(#1447,#1448,#1449,#1450));
#186=EDGE_LOOP('',(#1451,#1452,#1453,#1454));
#187=EDGE_LOOP('',(#1455,#1456,#1457,#1458));
#188=EDGE_LOOP('',(#1459,#1460,#1461,#1462));
#189=EDGE_LOOP('',(#1463,#1464,#1465,#1466));
#190=EDGE_LOOP('',(#1467,#1468,#1469,#1470));
#191=EDGE_LOOP('',(#1471,#1472,#1473,#1474));
#192=EDGE_LOOP('',(#1475,#1476,#1477,#1478));
#193=EDGE_LOOP('',(#1479,#1480,#1481,#1482));
#194=EDGE_LOOP('',(#1483,#1484,#1485,#1486));
#195=EDGE_LOOP('',(#1487,#1488,#1489,#1490,#1491,#1492,#1493,#1494,#1495,
#1496,#1497,#1498,#1499,#1500,#1501,#1502,#1503,#1504,#1505,#1506,#1507,
#1508,#1509,#1510,#1511,#1512,#1513,#1514,#1515,#1516,#1517,#1518,#1519,
#1520,#1521,#1522,#1523,#1524,#1525,#1526,#1527,#1528,#1529,#1530,#1531,
#1532,#1533,#1534,#1535,#1536,#1537,#1538));
#196=EDGE_LOOP('',(#1539,#1540,#1541,#1542));
#197=EDGE_LOOP('',(#1543,#1544,#1545,#1546));
#198=EDGE_LOOP('',(#1547,#1548,#1549,#1550));
#199=EDGE_LOOP('',(#1551,#1552,#1553,#1554));
#200=EDGE_LOOP('',(#1555,#1556,#1557,#1558));
#201=EDGE_LOOP('',(#1559,#1560,#1561,#1562));
#202=EDGE_LOOP('',(#1563,#1564,#1565,#1566));
#203=EDGE_LOOP('',(#1567,#1568,#1569,#1570));
#204=EDGE_LOOP('',(#1571,#1572,#1573,#1574));
#205=EDGE_LOOP('',(#1575,#1576,#1577,#1578));
#206=EDGE_LOOP('',(#1579,#1580,#1581,#1582));
#207=EDGE_LOOP('',(#1583,#1584,#1585,#1586));
#208=EDGE_LOOP('',(#1587,#1588,#1589,#1590));
#209=EDGE_LOOP('',(#1591,#1592,#1593,#1594));
#210=EDGE_LOOP('',(#1595,#1596,#1597,#1598));
#211=EDGE_LOOP('',(#1599,#1600,#1601,#1602));
#212=EDGE_LOOP('',(#1603,#1604,#1605,#1606));
#213=EDGE_LOOP('',(#1607,#1608,#1609,#1610));
#214=EDGE_LOOP('',(#1611,#1612,#1613,#1614));
#215=EDGE_LOOP('',(#1615,#1616,#1617,#1618));
#216=EDGE_LOOP('',(#1619,#1620,#1621,#1622));
#217=EDGE_LOOP('',(#1623,#1624,#1625,#1626));
#218=EDGE_LOOP('',(#1627,#1628,#1629,#1630));
#219=EDGE_LOOP('',(#1631,#1632,#1633,#1634,#1635,#1636,#1637,#1638,#1639,
#1640,#1641,#1642,#1643,#1644,#1645,#1646,#1647,#1648,#1649,#1650,#1651,
#1652,#1653,#1654,#1655,#1656,#1657,#1658,#1659,#1660,#1661,#1662,#1663,
#1664,#1665,#1666,#1667,#1668,#1669,#1670,#1671,#1672,#1673,#1674,#1675,
#1676,#1677,#1678,#1679,#1680,#1681,#1682));
#220=EDGE_LOOP('',(#1683,#1684,#1685,#1686));
#221=EDGE_LOOP('',(#1687,#1688,#1689,#1690));
#222=EDGE_LOOP('',(#1691,#1692,#1693,#1694));
#223=EDGE_LOOP('',(#1695,#1696,#1697,#1698));
#224=EDGE_LOOP('',(#1699,#1700,#1701,#1702));
#225=EDGE_LOOP('',(#1703,#1704,#1705,#1706));
#226=EDGE_LOOP('',(#1707,#1708,#1709,#1710));
#227=EDGE_LOOP('',(#1711,#1712,#1713,#1714));
#228=EDGE_LOOP('',(#1715,#1716,#1717,#1718));
#229=EDGE_LOOP('',(#1719,#1720,#1721,#1722));
#230=EDGE_LOOP('',(#1723,#1724,#1725,#1726));
#231=LINE('',#2461,#495);
#232=LINE('',#2463,#496);
#233=LINE('',#2465,#497);
#234=LINE('',#2466,#498);
#235=LINE('',#2469,#499);
#236=LINE('',#2471,#500);
#237=LINE('',#2472,#501);
#238=LINE('',#2475,#502);
#239=LINE('',#2477,#503);
#240=LINE('',#2478,#504);
#241=LINE('',#2482,#505);
#242=LINE('',#2484,#506);
#243=LINE('',#2486,#507);
#244=LINE('',#2487,#508);
#245=LINE('',#2490,#509);
#246=LINE('',#2492,#510);
#247=LINE('',#2493,#511);
#248=LINE('',#2496,#512);
#249=LINE('',#2498,#513);
#250=LINE('',#2499,#514);
#251=LINE('',#2503,#515);
#252=LINE('',#2505,#516);
#253=LINE('',#2507,#517);
#254=LINE('',#2508,#518);
#255=LINE('',#2511,#519);
#256=LINE('',#2513,#520);
#257=LINE('',#2514,#521);
#258=LINE('',#2517,#522);
#259=LINE('',#2519,#523);
#260=LINE('',#2520,#524);
#261=LINE('',#2522,#525);
#262=LINE('',#2523,#526);
#263=LINE('',#2527,#527);
#264=LINE('',#2529,#528);
#265=LINE('',#2531,#529);
#266=LINE('',#2532,#530);
#267=LINE('',#2535,#531);
#268=LINE('',#2537,#532);
#269=LINE('',#2538,#533);
#270=LINE('',#2541,#534);
#271=LINE('',#2543,#535);
#272=LINE('',#2544,#536);
#273=LINE('',#2546,#537);
#274=LINE('',#2547,#538);
#275=LINE('',#2551,#539);
#276=LINE('',#2553,#540);
#277=LINE('',#2555,#541);
#278=LINE('',#2556,#542);
#279=LINE('',#2559,#543);
#280=LINE('',#2561,#544);
#281=LINE('',#2562,#545);
#282=LINE('',#2565,#546);
#283=LINE('',#2567,#547);
#284=LINE('',#2568,#548);
#285=LINE('',#2572,#549);
#286=LINE('',#2574,#550);
#287=LINE('',#2576,#551);
#288=LINE('',#2577,#552);
#289=LINE('',#2580,#553);
#290=LINE('',#2582,#554);
#291=LINE('',#2583,#555);
#292=LINE('',#2586,#556);
#293=LINE('',#2588,#557);
#294=LINE('',#2589,#558);
#295=LINE('',#2591,#559);
#296=LINE('',#2592,#560);
#297=LINE('',#2596,#561);
#298=LINE('',#2598,#562);
#299=LINE('',#2600,#563);
#300=LINE('',#2601,#564);
#301=LINE('',#2604,#565);
#302=LINE('',#2606,#566);
#303=LINE('',#2607,#567);
#304=LINE('',#2610,#568);
#305=LINE('',#2612,#569);
#306=LINE('',#2613,#570);
#307=LINE('',#2615,#571);
#308=LINE('',#2616,#572);
#309=LINE('',#2620,#573);
#310=LINE('',#2622,#574);
#311=LINE('',#2624,#575);
#312=LINE('',#2625,#576);
#313=LINE('',#2628,#577);
#314=LINE('',#2630,#578);
#315=LINE('',#2631,#579);
#316=LINE('',#2634,#580);
#317=LINE('',#2636,#581);
#318=LINE('',#2637,#582);
#319=LINE('',#2641,#583);
#320=LINE('',#2643,#584);
#321=LINE('',#2645,#585);
#322=LINE('',#2646,#586);
#323=LINE('',#2649,#587);
#324=LINE('',#2651,#588);
#325=LINE('',#2652,#589);
#326=LINE('',#2655,#590);
#327=LINE('',#2657,#591);
#328=LINE('',#2658,#592);
#329=LINE('',#2662,#593);
#330=LINE('',#2664,#594);
#331=LINE('',#2666,#595);
#332=LINE('',#2667,#596);
#333=LINE('',#2670,#597);
#334=LINE('',#2672,#598);
#335=LINE('',#2673,#599);
#336=LINE('',#2676,#600);
#337=LINE('',#2678,#601);
#338=LINE('',#2679,#602);
#339=LINE('',#2683,#603);
#340=LINE('',#2685,#604);
#341=LINE('',#2687,#605);
#342=LINE('',#2688,#606);
#343=LINE('',#2691,#607);
#344=LINE('',#2693,#608);
#345=LINE('',#2694,#609);
#346=LINE('',#2697,#610);
#347=LINE('',#2699,#611);
#348=LINE('',#2700,#612);
#349=LINE('',#2702,#613);
#350=LINE('',#2703,#614);
#351=LINE('',#2707,#615);
#352=LINE('',#2709,#616);
#353=LINE('',#2711,#617);
#354=LINE('',#2712,#618);
#355=LINE('',#2715,#619);
#356=LINE('',#2717,#620);
#357=LINE('',#2718,#621);
#358=LINE('',#2721,#622);
#359=LINE('',#2723,#623);
#360=LINE('',#2724,#624);
#361=LINE('',#2728,#625);
#362=LINE('',#2730,#626);
#363=LINE('',#2732,#627);
#364=LINE('',#2733,#628);
#365=LINE('',#2737,#629);
#366=LINE('',#2739,#630);
#367=LINE('',#2741,#631);
#368=LINE('',#2742,#632);
#369=LINE('',#2744,#633);
#370=LINE('',#2745,#634);
#371=LINE('',#2749,#635);
#372=LINE('',#2751,#636);
#373=LINE('',#2753,#637);
#374=LINE('',#2754,#638);
#375=LINE('',#2757,#639);
#376=LINE('',#2759,#640);
#377=LINE('',#2760,#641);
#378=LINE('',#2763,#642);
#379=LINE('',#2765,#643);
#380=LINE('',#2766,#644);
#381=LINE('',#2770,#645);
#382=LINE('',#2772,#646);
#383=LINE('',#2774,#647);
#384=LINE('',#2775,#648);
#385=LINE('',#2779,#649);
#386=LINE('',#2781,#650);
#387=LINE('',#2783,#651);
#388=LINE('',#2784,#652);
#389=LINE('',#2786,#653);
#390=LINE('',#2787,#654);
#391=LINE('',#2791,#655);
#392=LINE('',#2793,#656);
#393=LINE('',#2795,#657);
#394=LINE('',#2796,#658);
#395=LINE('',#2799,#659);
#396=LINE('',#2801,#660);
#397=LINE('',#2802,#661);
#398=LINE('',#2805,#662);
#399=LINE('',#2807,#663);
#400=LINE('',#2808,#664);
#401=LINE('',#2812,#665);
#402=LINE('',#2814,#666);
#403=LINE('',#2816,#667);
#404=LINE('',#2817,#668);
#405=LINE('',#2820,#669);
#406=LINE('',#2822,#670);
#407=LINE('',#2823,#671);
#408=LINE('',#2826,#672);
#409=LINE('',#2828,#673);
#410=LINE('',#2829,#674);
#411=LINE('',#2831,#675);
#412=LINE('',#2832,#676);
#413=LINE('',#2836,#677);
#414=LINE('',#2838,#678);
#415=LINE('',#2840,#679);
#416=LINE('',#2841,#680);
#417=LINE('',#2844,#681);
#418=LINE('',#2846,#682);
#419=LINE('',#2847,#683);
#420=LINE('',#2850,#684);
#421=LINE('',#2852,#685);
#422=LINE('',#2853,#686);
#423=LINE('',#2855,#687);
#424=LINE('',#2856,#688);
#425=LINE('',#2859,#689);
#426=LINE('',#2861,#690);
#427=LINE('',#2862,#691);
#428=LINE('',#2864,#692);
#429=LINE('',#2865,#693);
#430=LINE('',#2867,#694);
#431=LINE('',#2868,#695);
#432=LINE('',#2870,#696);
#433=LINE('',#2871,#697);
#434=LINE('',#2873,#698);
#435=LINE('',#2874,#699);
#436=LINE('',#2877,#700);
#437=LINE('',#2879,#701);
#438=LINE('',#2880,#702);
#439=LINE('',#2883,#703);
#440=LINE('',#2885,#704);
#441=LINE('',#2886,#705);
#442=LINE('',#2888,#706);
#443=LINE('',#2889,#707);
#444=LINE('',#2891,#708);
#445=LINE('',#2892,#709);
#446=LINE('',#2894,#710);
#447=LINE('',#2895,#711);
#448=LINE('',#2897,#712);
#449=LINE('',#2898,#713);
#450=LINE('',#2900,#714);
#451=LINE('',#2901,#715);
#452=LINE('',#2903,#716);
#453=LINE('',#2904,#717);
#454=LINE('',#2907,#718);
#455=LINE('',#2909,#719);
#456=LINE('',#2911,#720);
#457=LINE('',#2912,#721);
#458=LINE('',#2915,#722);
#459=LINE('',#2917,#723);
#460=LINE('',#2919,#724);
#461=LINE('',#2920,#725);
#462=LINE('',#2923,#726);
#463=LINE('',#2925,#727);
#464=LINE('',#2927,#728);
#465=LINE('',#2928,#729);
#466=LINE('',#2931,#730);
#467=LINE('',#2933,#731);
#468=LINE('',#2934,#732);
#469=LINE('',#2937,#733);
#470=LINE('',#2938,#734);
#471=LINE('',#2941,#735);
#472=LINE('',#2943,#736);
#473=LINE('',#2944,#737);
#474=LINE('',#2947,#738);
#475=LINE('',#2948,#739);
#476=LINE('',#2951,#740);
#477=LINE('',#2953,#741);
#478=LINE('',#2954,#742);
#479=LINE('',#2957,#743);
#480=LINE('',#2958,#744);
#481=LINE('',#2961,#745);
#482=LINE('',#2962,#746);
#483=LINE('',#2964,#747);
#484=LINE('',#2967,#748);
#485=LINE('',#2968,#749);
#486=LINE('',#2970,#750);
#487=LINE('',#2973,#751);
#488=LINE('',#2974,#752);
#489=LINE('',#2976,#753);
#490=LINE('',#2979,#754);
#491=LINE('',#2980,#755);
#492=LINE('',#2982,#756);
#493=LINE('',#2984,#757);
#494=LINE('',#2985,#758);
#495=VECTOR('',#2015,10.);
#496=VECTOR('',#2016,10.);
#497=VECTOR('',#2017,10.);
#498=VECTOR('',#2018,10.);
#499=VECTOR('',#2021,10.);
#500=VECTOR('',#2022,10.);
#501=VECTOR('',#2023,10.);
#502=VECTOR('',#2026,10.);
#503=VECTOR('',#2027,10.);
#504=VECTOR('',#2028,10.);
#505=VECTOR('',#2031,10.);
#506=VECTOR('',#2032,10.);
#507=VECTOR('',#2033,10.);
#508=VECTOR('',#2034,10.);
#509=VECTOR('',#2037,10.);
#510=VECTOR('',#2038,10.);
#511=VECTOR('',#2039,10.);
#512=VECTOR('',#2042,10.);
#513=VECTOR('',#2043,10.);
#514=VECTOR('',#2044,10.);
#515=VECTOR('',#2047,10.);
#516=VECTOR('',#2048,10.);
#517=VECTOR('',#2049,10.);
#518=VECTOR('',#2050,10.);
#519=VECTOR('',#2053,10.);
#520=VECTOR('',#2054,10.);
#521=VECTOR('',#2055,10.);
#522=VECTOR('',#2058,10.);
#523=VECTOR('',#2059,10.);
#524=VECTOR('',#2060,10.);
#525=VECTOR('',#2063,10.);
#526=VECTOR('',#2064,10.);
#527=VECTOR('',#2067,10.);
#528=VECTOR('',#2068,10.);
#529=VECTOR('',#2069,10.);
#530=VECTOR('',#2070,10.);
#531=VECTOR('',#2073,10.);
#532=VECTOR('',#2074,10.);
#533=VECTOR('',#2075,10.);
#534=VECTOR('',#2078,10.);
#535=VECTOR('',#2079,10.);
#536=VECTOR('',#2080,10.);
#537=VECTOR('',#2083,10.);
#538=VECTOR('',#2084,10.);
#539=VECTOR('',#2087,10.);
#540=VECTOR('',#2088,10.);
#541=VECTOR('',#2089,10.);
#542=VECTOR('',#2090,10.);
#543=VECTOR('',#2093,10.);
#544=VECTOR('',#2094,10.);
#545=VECTOR('',#2095,10.);
#546=VECTOR('',#2098,10.);
#547=VECTOR('',#2099,10.);
#548=VECTOR('',#2100,10.);
#549=VECTOR('',#2103,10.);
#550=VECTOR('',#2104,10.);
#551=VECTOR('',#2105,10.);
#552=VECTOR('',#2106,10.);
#553=VECTOR('',#2109,10.);
#554=VECTOR('',#2110,10.);
#555=VECTOR('',#2111,10.);
#556=VECTOR('',#2114,10.);
#557=VECTOR('',#2115,10.);
#558=VECTOR('',#2116,10.);
#559=VECTOR('',#2119,10.);
#560=VECTOR('',#2120,10.);
#561=VECTOR('',#2123,10.);
#562=VECTOR('',#2124,10.);
#563=VECTOR('',#2125,10.);
#564=VECTOR('',#2126,10.);
#565=VECTOR('',#2129,10.);
#566=VECTOR('',#2130,10.);
#567=VECTOR('',#2131,10.);
#568=VECTOR('',#2134,10.);
#569=VECTOR('',#2135,10.);
#570=VECTOR('',#2136,10.);
#571=VECTOR('',#2139,10.);
#572=VECTOR('',#2140,10.);
#573=VECTOR('',#2143,10.);
#574=VECTOR('',#2144,10.);
#575=VECTOR('',#2145,10.);
#576=VECTOR('',#2146,10.);
#577=VECTOR('',#2149,10.);
#578=VECTOR('',#2150,10.);
#579=VECTOR('',#2151,10.);
#580=VECTOR('',#2154,10.);
#581=VECTOR('',#2155,10.);
#582=VECTOR('',#2156,10.);
#583=VECTOR('',#2159,10.);
#584=VECTOR('',#2160,10.);
#585=VECTOR('',#2161,10.);
#586=VECTOR('',#2162,10.);
#587=VECTOR('',#2165,10.);
#588=VECTOR('',#2166,10.);
#589=VECTOR('',#2167,10.);
#590=VECTOR('',#2170,10.);
#591=VECTOR('',#2171,10.);
#592=VECTOR('',#2172,10.);
#593=VECTOR('',#2175,10.);
#594=VECTOR('',#2176,10.);
#595=VECTOR('',#2177,10.);
#596=VECTOR('',#2178,10.);
#597=VECTOR('',#2181,10.);
#598=VECTOR('',#2182,10.);
#599=VECTOR('',#2183,10.);
#600=VECTOR('',#2186,10.);
#601=VECTOR('',#2187,10.);
#602=VECTOR('',#2188,10.);
#603=VECTOR('',#2191,10.);
#604=VECTOR('',#2192,10.);
#605=VECTOR('',#2193,10.);
#606=VECTOR('',#2194,10.);
#607=VECTOR('',#2197,10.);
#608=VECTOR('',#2198,10.);
#609=VECTOR('',#2199,10.);
#610=VECTOR('',#2202,10.);
#611=VECTOR('',#2203,10.);
#612=VECTOR('',#2204,10.);
#613=VECTOR('',#2207,10.);
#614=VECTOR('',#2208,10.);
#615=VECTOR('',#2211,10.);
#616=VECTOR('',#2212,10.);
#617=VECTOR('',#2213,10.);
#618=VECTOR('',#2214,10.);
#619=VECTOR('',#2217,10.);
#620=VECTOR('',#2218,10.);
#621=VECTOR('',#2219,10.);
#622=VECTOR('',#2222,10.);
#623=VECTOR('',#2223,10.);
#624=VECTOR('',#2224,10.);
#625=VECTOR('',#2227,10.);
#626=VECTOR('',#2228,10.);
#627=VECTOR('',#2229,10.);
#628=VECTOR('',#2230,10.);
#629=VECTOR('',#2233,10.);
#630=VECTOR('',#2234,10.);
#631=VECTOR('',#2235,10.);
#632=VECTOR('',#2236,10.);
#633=VECTOR('',#2239,10.);
#634=VECTOR('',#2240,10.);
#635=VECTOR('',#2243,10.);
#636=VECTOR('',#2244,10.);
#637=VECTOR('',#2245,10.);
#638=VECTOR('',#2246,10.);
#639=VECTOR('',#2249,10.);
#640=VECTOR('',#2250,10.);
#641=VECTOR('',#2251,10.);
#642=VECTOR('',#2254,10.);
#643=VECTOR('',#2255,10.);
#644=VECTOR('',#2256,10.);
#645=VECTOR('',#2259,10.);
#646=VECTOR('',#2260,10.);
#647=VECTOR('',#2261,10.);
#648=VECTOR('',#2262,10.);
#649=VECTOR('',#2265,10.);
#650=VECTOR('',#2266,10.);
#651=VECTOR('',#2267,10.);
#652=VECTOR('',#2268,10.);
#653=VECTOR('',#2271,10.);
#654=VECTOR('',#2272,10.);
#655=VECTOR('',#2275,10.);
#656=VECTOR('',#2276,10.);
#657=VECTOR('',#2277,10.);
#658=VECTOR('',#2278,10.);
#659=VECTOR('',#2281,10.);
#660=VECTOR('',#2282,10.);
#661=VECTOR('',#2283,10.);
#662=VECTOR('',#2286,10.);
#663=VECTOR('',#2287,10.);
#664=VECTOR('',#2288,10.);
#665=VECTOR('',#2291,10.);
#666=VECTOR('',#2292,10.);
#667=VECTOR('',#2293,10.);
#668=VECTOR('',#2294,10.);
#669=VECTOR('',#2297,10.);
#670=VECTOR('',#2298,10.);
#671=VECTOR('',#2299,10.);
#672=VECTOR('',#2302,10.);
#673=VECTOR('',#2303,10.);
#674=VECTOR('',#2304,10.);
#675=VECTOR('',#2307,10.);
#676=VECTOR('',#2308,10.);
#677=VECTOR('',#2311,10.);
#678=VECTOR('',#2312,10.);
#679=VECTOR('',#2313,10.);
#680=VECTOR('',#2314,10.);
#681=VECTOR('',#2317,10.);
#682=VECTOR('',#2318,10.);
#683=VECTOR('',#2319,10.);
#684=VECTOR('',#2322,10.);
#685=VECTOR('',#2323,10.);
#686=VECTOR('',#2324,10.);
#687=VECTOR('',#2327,10.);
#688=VECTOR('',#2328,10.);
#689=VECTOR('',#2331,10.);
#690=VECTOR('',#2332,10.);
#691=VECTOR('',#2333,10.);
#692=VECTOR('',#2336,10.);
#693=VECTOR('',#2337,10.);
#694=VECTOR('',#2340,10.);
#695=VECTOR('',#2341,10.);
#696=VECTOR('',#2344,10.);
#697=VECTOR('',#2345,10.);
#698=VECTOR('',#2348,10.);
#699=VECTOR('',#2349,10.);
#700=VECTOR('',#2352,10.);
#701=VECTOR('',#2353,10.);
#702=VECTOR('',#2354,10.);
#703=VECTOR('',#2357,10.);
#704=VECTOR('',#2358,10.);
#705=VECTOR('',#2359,10.);
#706=VECTOR('',#2362,10.);
#707=VECTOR('',#2363,10.);
#708=VECTOR('',#2366,10.);
#709=VECTOR('',#2367,10.);
#710=VECTOR('',#2370,10.);
#711=VECTOR('',#2371,10.);
#712=VECTOR('',#2374,10.);
#713=VECTOR('',#2375,10.);
#714=VECTOR('',#2378,10.);
#715=VECTOR('',#2379,10.);
#716=VECTOR('',#2380,10.);
#717=VECTOR('',#2381,10.);
#718=VECTOR('',#2382,10.);
#719=VECTOR('',#2383,10.);
#720=VECTOR('',#2384,10.);
#721=VECTOR('',#2385,10.);
#722=VECTOR('',#2386,10.);
#723=VECTOR('',#2387,10.);
#724=VECTOR('',#2388,10.);
#725=VECTOR('',#2389,10.);
#726=VECTOR('',#2390,10.);
#727=VECTOR('',#2391,10.);
#728=VECTOR('',#2392,10.);
#729=VECTOR('',#2393,10.);
#730=VECTOR('',#2396,10.);
#731=VECTOR('',#2397,10.);
#732=VECTOR('',#2398,10.);
#733=VECTOR('',#2401,10.);
#734=VECTOR('',#2402,10.);
#735=VECTOR('',#2405,10.);
#736=VECTOR('',#2406,10.);
#737=VECTOR('',#2407,10.);
#738=VECTOR('',#2410,10.);
#739=VECTOR('',#2411,10.);
#740=VECTOR('',#2414,10.);
#741=VECTOR('',#2415,10.);
#742=VECTOR('',#2416,10.);
#743=VECTOR('',#2419,10.);
#744=VECTOR('',#2420,10.);
#745=VECTOR('',#2423,10.);
#746=VECTOR('',#2424,10.);
#747=VECTOR('',#2427,10.);
#748=VECTOR('',#2430,10.);
#749=VECTOR('',#2431,10.);
#750=VECTOR('',#2434,10.);
#751=VECTOR('',#2437,10.);
#752=VECTOR('',#2438,10.);
#753=VECTOR('',#2441,10.);
#754=VECTOR('',#2444,10.);
#755=VECTOR('',#2445,10.);
#756=VECTOR('',#2448,10.);
#757=VECTOR('',#2451,10.);
#758=VECTOR('',#2452,10.);
#759=VERTEX_POINT('',#2459);
#760=VERTEX_POINT('',#2460);
#761=VERTEX_POINT('',#2462);
#762=VERTEX_POINT('',#2464);
#763=VERTEX_POINT('',#2468);
#764=VERTEX_POINT('',#2470);
#765=VERTEX_POINT('',#2474);
#766=VERTEX_POINT('',#2476);
#767=VERTEX_POINT('',#2480);
#768=VERTEX_POINT('',#2481);
#769=VERTEX_POINT('',#2483);
#770=VERTEX_POINT('',#2485);
#771=VERTEX_POINT('',#2489);
#772=VERTEX_POINT('',#2491);
#773=VERTEX_POINT('',#2495);
#774=VERTEX_POINT('',#2497);
#775=VERTEX_POINT('',#2501);
#776=VERTEX_POINT('',#2502);
#777=VERTEX_POINT('',#2504);
#778=VERTEX_POINT('',#2506);
#779=VERTEX_POINT('',#2510);
#780=VERTEX_POINT('',#2512);
#781=VERTEX_POINT('',#2516);
#782=VERTEX_POINT('',#2518);
#783=VERTEX_POINT('',#2525);
#784=VERTEX_POINT('',#2526);
#785=VERTEX_POINT('',#2528);
#786=VERTEX_POINT('',#2530);
#787=VERTEX_POINT('',#2534);
#788=VERTEX_POINT('',#2536);
#789=VERTEX_POINT('',#2540);
#790=VERTEX_POINT('',#2542);
#791=VERTEX_POINT('',#2549);
#792=VERTEX_POINT('',#2550);
#793=VERTEX_POINT('',#2552);
#794=VERTEX_POINT('',#2554);
#795=VERTEX_POINT('',#2558);
#796=VERTEX_POINT('',#2560);
#797=VERTEX_POINT('',#2564);
#798=VERTEX_POINT('',#2566);
#799=VERTEX_POINT('',#2570);
#800=VERTEX_POINT('',#2571);
#801=VERTEX_POINT('',#2573);
#802=VERTEX_POINT('',#2575);
#803=VERTEX_POINT('',#2579);
#804=VERTEX_POINT('',#2581);
#805=VERTEX_POINT('',#2585);
#806=VERTEX_POINT('',#2587);
#807=VERTEX_POINT('',#2594);
#808=VERTEX_POINT('',#2595);
#809=VERTEX_POINT('',#2597);
#810=VERTEX_POINT('',#2599);
#811=VERTEX_POINT('',#2603);
#812=VERTEX_POINT('',#2605);
#813=VERTEX_POINT('',#2609);
#814=VERTEX_POINT('',#2611);
#815=VERTEX_POINT('',#2618);
#816=VERTEX_POINT('',#2619);
#817=VERTEX_POINT('',#2621);
#818=VERTEX_POINT('',#2623);
#819=VERTEX_POINT('',#2627);
#820=VERTEX_POINT('',#2629);
#821=VERTEX_POINT('',#2633);
#822=VERTEX_POINT('',#2635);
#823=VERTEX_POINT('',#2639);
#824=VERTEX_POINT('',#2640);
#825=VERTEX_POINT('',#2642);
#826=VERTEX_POINT('',#2644);
#827=VERTEX_POINT('',#2648);
#828=VERTEX_POINT('',#2650);
#829=VERTEX_POINT('',#2654);
#830=VERTEX_POINT('',#2656);
#831=VERTEX_POINT('',#2660);
#832=VERTEX_POINT('',#2661);
#833=VERTEX_POINT('',#2663);
#834=VERTEX_POINT('',#2665);
#835=VERTEX_POINT('',#2669);
#836=VERTEX_POINT('',#2671);
#837=VERTEX_POINT('',#2675);
#838=VERTEX_POINT('',#2677);
#839=VERTEX_POINT('',#2681);
#840=VERTEX_POINT('',#2682);
#841=VERTEX_POINT('',#2684);
#842=VERTEX_POINT('',#2686);
#843=VERTEX_POINT('',#2690);
#844=VERTEX_POINT('',#2692);
#845=VERTEX_POINT('',#2696);
#846=VERTEX_POINT('',#2698);
#847=VERTEX_POINT('',#2705);
#848=VERTEX_POINT('',#2706);
#849=VERTEX_POINT('',#2708);
#850=VERTEX_POINT('',#2710);
#851=VERTEX_POINT('',#2714);
#852=VERTEX_POINT('',#2716);
#853=VERTEX_POINT('',#2720);
#854=VERTEX_POINT('',#2722);
#855=VERTEX_POINT('',#2726);
#856=VERTEX_POINT('',#2727);
#857=VERTEX_POINT('',#2729);
#858=VERTEX_POINT('',#2731);
#859=VERTEX_POINT('',#2735);
#860=VERTEX_POINT('',#2736);
#861=VERTEX_POINT('',#2738);
#862=VERTEX_POINT('',#2740);
#863=VERTEX_POINT('',#2747);
#864=VERTEX_POINT('',#2748);
#865=VERTEX_POINT('',#2750);
#866=VERTEX_POINT('',#2752);
#867=VERTEX_POINT('',#2756);
#868=VERTEX_POINT('',#2758);
#869=VERTEX_POINT('',#2762);
#870=VERTEX_POINT('',#2764);
#871=VERTEX_POINT('',#2768);
#872=VERTEX_POINT('',#2769);
#873=VERTEX_POINT('',#2771);
#874=VERTEX_POINT('',#2773);
#875=VERTEX_POINT('',#2777);
#876=VERTEX_POINT('',#2778);
#877=VERTEX_POINT('',#2780);
#878=VERTEX_POINT('',#2782);
#879=VERTEX_POINT('',#2789);
#880=VERTEX_POINT('',#2790);
#881=VERTEX_POINT('',#2792);
#882=VERTEX_POINT('',#2794);
#883=VERTEX_POINT('',#2798);
#884=VERTEX_POINT('',#2800);
#885=VERTEX_POINT('',#2804);
#886=VERTEX_POINT('',#2806);
#887=VERTEX_POINT('',#2810);
#888=VERTEX_POINT('',#2811);
#889=VERTEX_POINT('',#2813);
#890=VERTEX_POINT('',#2815);
#891=VERTEX_POINT('',#2819);
#892=VERTEX_POINT('',#2821);
#893=VERTEX_POINT('',#2825);
#894=VERTEX_POINT('',#2827);
#895=VERTEX_POINT('',#2834);
#896=VERTEX_POINT('',#2835);
#897=VERTEX_POINT('',#2837);
#898=VERTEX_POINT('',#2839);
#899=VERTEX_POINT('',#2843);
#900=VERTEX_POINT('',#2845);
#901=VERTEX_POINT('',#2849);
#902=VERTEX_POINT('',#2851);
#903=VERTEX_POINT('',#2858);
#904=VERTEX_POINT('',#2860);
#905=VERTEX_POINT('',#2876);
#906=VERTEX_POINT('',#2878);
#907=VERTEX_POINT('',#2882);
#908=VERTEX_POINT('',#2884);
#909=VERTEX_POINT('',#2902);
#910=VERTEX_POINT('',#2905);
#911=VERTEX_POINT('',#2906);
#912=VERTEX_POINT('',#2908);
#913=VERTEX_POINT('',#2910);
#914=VERTEX_POINT('',#2913);
#915=VERTEX_POINT('',#2914);
#916=VERTEX_POINT('',#2916);
#917=VERTEX_POINT('',#2918);
#918=VERTEX_POINT('',#2921);
#919=VERTEX_POINT('',#2922);
#920=VERTEX_POINT('',#2924);
#921=VERTEX_POINT('',#2926);
#922=VERTEX_POINT('',#2930);
#923=VERTEX_POINT('',#2932);
#924=VERTEX_POINT('',#2936);
#925=VERTEX_POINT('',#2940);
#926=VERTEX_POINT('',#2942);
#927=VERTEX_POINT('',#2946);
#928=VERTEX_POINT('',#2950);
#929=VERTEX_POINT('',#2952);
#930=VERTEX_POINT('',#2956);
#931=VERTEX_POINT('',#2960);
#932=VERTEX_POINT('',#2966);
#933=VERTEX_POINT('',#2972);
#934=VERTEX_POINT('',#2978);
#935=EDGE_CURVE('',#759,#760,#231,.T.);
#936=EDGE_CURVE('',#761,#759,#232,.T.);
#937=EDGE_CURVE('',#762,#761,#233,.T.);
#938=EDGE_CURVE('',#762,#760,#234,.T.);
#939=EDGE_CURVE('',#760,#763,#235,.T.);
#940=EDGE_CURVE('',#764,#762,#236,.T.);
#941=EDGE_CURVE('',#764,#763,#237,.T.);
#942=EDGE_CURVE('',#763,#765,#238,.T.);
#943=EDGE_CURVE('',#766,#764,#239,.T.);
#944=EDGE_CURVE('',#765,#766,#240,.T.);
#945=EDGE_CURVE('',#767,#768,#241,.T.);
#946=EDGE_CURVE('',#769,#767,#242,.T.);
#947=EDGE_CURVE('',#770,#769,#243,.T.);
#948=EDGE_CURVE('',#770,#768,#244,.T.);
#949=EDGE_CURVE('',#768,#771,#245,.T.);
#950=EDGE_CURVE('',#772,#770,#246,.T.);
#951=EDGE_CURVE('',#772,#771,#247,.T.);
#952=EDGE_CURVE('',#771,#773,#248,.T.);
#953=EDGE_CURVE('',#774,#772,#249,.T.);
#954=EDGE_CURVE('',#773,#774,#250,.T.);
#955=EDGE_CURVE('',#775,#776,#251,.T.);
#956=EDGE_CURVE('',#777,#775,#252,.T.);
#957=EDGE_CURVE('',#778,#777,#253,.T.);
#958=EDGE_CURVE('',#778,#776,#254,.T.);
#959=EDGE_CURVE('',#776,#779,#255,.T.);
#960=EDGE_CURVE('',#780,#778,#256,.T.);
#961=EDGE_CURVE('',#780,#779,#257,.T.);
#962=EDGE_CURVE('',#779,#781,#258,.T.);
#963=EDGE_CURVE('',#782,#780,#259,.T.);
#964=EDGE_CURVE('',#782,#781,#260,.T.);
#965=EDGE_CURVE('',#781,#775,#261,.T.);
#966=EDGE_CURVE('',#777,#782,#262,.T.);
#967=EDGE_CURVE('',#783,#784,#263,.T.);
#968=EDGE_CURVE('',#785,#783,#264,.T.);
#969=EDGE_CURVE('',#786,#785,#265,.T.);
#970=EDGE_CURVE('',#786,#784,#266,.T.);
#971=EDGE_CURVE('',#784,#787,#267,.T.);
#972=EDGE_CURVE('',#788,#786,#268,.T.);
#973=EDGE_CURVE('',#788,#787,#269,.T.);
#974=EDGE_CURVE('',#787,#789,#270,.T.);
#975=EDGE_CURVE('',#790,#788,#271,.T.);
#976=EDGE_CURVE('',#790,#789,#272,.T.);
#977=EDGE_CURVE('',#789,#783,#273,.T.);
#978=EDGE_CURVE('',#785,#790,#274,.T.);
#979=EDGE_CURVE('',#791,#792,#275,.T.);
#980=EDGE_CURVE('',#793,#791,#276,.T.);
#981=EDGE_CURVE('',#794,#793,#277,.T.);
#982=EDGE_CURVE('',#794,#792,#278,.T.);
#983=EDGE_CURVE('',#792,#795,#279,.T.);
#984=EDGE_CURVE('',#796,#794,#280,.T.);
#985=EDGE_CURVE('',#796,#795,#281,.T.);
#986=EDGE_CURVE('',#795,#797,#282,.T.);
#987=EDGE_CURVE('',#798,#796,#283,.T.);
#988=EDGE_CURVE('',#797,#798,#284,.T.);
#989=EDGE_CURVE('',#799,#800,#285,.T.);
#990=EDGE_CURVE('',#801,#799,#286,.T.);
#991=EDGE_CURVE('',#802,#801,#287,.T.);
#992=EDGE_CURVE('',#802,#800,#288,.T.);
#993=EDGE_CURVE('',#800,#803,#289,.T.);
#994=EDGE_CURVE('',#804,#802,#290,.T.);
#995=EDGE_CURVE('',#804,#803,#291,.T.);
#996=EDGE_CURVE('',#803,#805,#292,.T.);
#997=EDGE_CURVE('',#806,#804,#293,.T.);
#998=EDGE_CURVE('',#806,#805,#294,.T.);
#999=EDGE_CURVE('',#805,#799,#295,.T.);
#1000=EDGE_CURVE('',#801,#806,#296,.T.);
#1001=EDGE_CURVE('',#807,#808,#297,.T.);
#1002=EDGE_CURVE('',#809,#807,#298,.T.);
#1003=EDGE_CURVE('',#810,#809,#299,.T.);
#1004=EDGE_CURVE('',#810,#808,#300,.T.);
#1005=EDGE_CURVE('',#808,#811,#301,.T.);
#1006=EDGE_CURVE('',#812,#810,#302,.T.);
#1007=EDGE_CURVE('',#812,#811,#303,.T.);
#1008=EDGE_CURVE('',#811,#813,#304,.T.);
#1009=EDGE_CURVE('',#814,#812,#305,.T.);
#1010=EDGE_CURVE('',#814,#813,#306,.T.);
#1011=EDGE_CURVE('',#813,#807,#307,.T.);
#1012=EDGE_CURVE('',#809,#814,#308,.T.);
#1013=EDGE_CURVE('',#815,#816,#309,.T.);
#1014=EDGE_CURVE('',#817,#815,#310,.T.);
#1015=EDGE_CURVE('',#818,#817,#311,.T.);
#1016=EDGE_CURVE('',#818,#816,#312,.T.);
#1017=EDGE_CURVE('',#816,#819,#313,.T.);
#1018=EDGE_CURVE('',#820,#818,#314,.T.);
#1019=EDGE_CURVE('',#819,#820,#315,.T.);
#1020=EDGE_CURVE('',#821,#815,#316,.T.);
#1021=EDGE_CURVE('',#822,#821,#317,.T.);
#1022=EDGE_CURVE('',#817,#822,#318,.T.);
#1023=EDGE_CURVE('',#823,#824,#319,.T.);
#1024=EDGE_CURVE('',#825,#823,#320,.T.);
#1025=EDGE_CURVE('',#826,#825,#321,.T.);
#1026=EDGE_CURVE('',#826,#824,#322,.T.);
#1027=EDGE_CURVE('',#824,#827,#323,.T.);
#1028=EDGE_CURVE('',#828,#826,#324,.T.);
#1029=EDGE_CURVE('',#827,#828,#325,.T.);
#1030=EDGE_CURVE('',#829,#823,#326,.T.);
#1031=EDGE_CURVE('',#830,#829,#327,.T.);
#1032=EDGE_CURVE('',#825,#830,#328,.T.);
#1033=EDGE_CURVE('',#831,#832,#329,.T.);
#1034=EDGE_CURVE('',#833,#831,#330,.T.);
#1035=EDGE_CURVE('',#834,#833,#331,.T.);
#1036=EDGE_CURVE('',#834,#832,#332,.T.);
#1037=EDGE_CURVE('',#832,#835,#333,.T.);
#1038=EDGE_CURVE('',#836,#834,#334,.T.);
#1039=EDGE_CURVE('',#835,#836,#335,.T.);
#1040=EDGE_CURVE('',#837,#831,#336,.T.);
#1041=EDGE_CURVE('',#838,#837,#337,.T.);
#1042=EDGE_CURVE('',#833,#838,#338,.T.);
#1043=EDGE_CURVE('',#839,#840,#339,.T.);
#1044=EDGE_CURVE('',#841,#839,#340,.T.);
#1045=EDGE_CURVE('',#842,#841,#341,.T.);
#1046=EDGE_CURVE('',#842,#840,#342,.T.);
#1047=EDGE_CURVE('',#840,#843,#343,.T.);
#1048=EDGE_CURVE('',#844,#842,#344,.T.);
#1049=EDGE_CURVE('',#844,#843,#345,.T.);
#1050=EDGE_CURVE('',#843,#845,#346,.T.);
#1051=EDGE_CURVE('',#846,#844,#347,.T.);
#1052=EDGE_CURVE('',#846,#845,#348,.T.);
#1053=EDGE_CURVE('',#845,#839,#349,.T.);
#1054=EDGE_CURVE('',#841,#846,#350,.T.);
#1055=EDGE_CURVE('',#847,#848,#351,.T.);
#1056=EDGE_CURVE('',#849,#847,#352,.T.);
#1057=EDGE_CURVE('',#850,#849,#353,.T.);
#1058=EDGE_CURVE('',#850,#848,#354,.T.);
#1059=EDGE_CURVE('',#848,#851,#355,.T.);
#1060=EDGE_CURVE('',#852,#850,#356,.T.);
#1061=EDGE_CURVE('',#852,#851,#357,.T.);
#1062=EDGE_CURVE('',#851,#853,#358,.T.);
#1063=EDGE_CURVE('',#854,#852,#359,.T.);
#1064=EDGE_CURVE('',#853,#854,#360,.T.);
#1065=EDGE_CURVE('',#855,#856,#361,.T.);
#1066=EDGE_CURVE('',#857,#855,#362,.T.);
#1067=EDGE_CURVE('',#858,#857,#363,.T.);
#1068=EDGE_CURVE('',#856,#858,#364,.T.);
#1069=EDGE_CURVE('',#859,#860,#365,.T.);
#1070=EDGE_CURVE('',#861,#859,#366,.T.);
#1071=EDGE_CURVE('',#862,#861,#367,.T.);
#1072=EDGE_CURVE('',#862,#860,#368,.T.);
#1073=EDGE_CURVE('',#860,#855,#369,.T.);
#1074=EDGE_CURVE('',#857,#862,#370,.T.);
#1075=EDGE_CURVE('',#863,#864,#371,.T.);
#1076=EDGE_CURVE('',#865,#863,#372,.T.);
#1077=EDGE_CURVE('',#866,#865,#373,.T.);
#1078=EDGE_CURVE('',#866,#864,#374,.T.);
#1079=EDGE_CURVE('',#864,#867,#375,.T.);
#1080=EDGE_CURVE('',#868,#866,#376,.T.);
#1081=EDGE_CURVE('',#868,#867,#377,.T.);
#1082=EDGE_CURVE('',#867,#869,#378,.T.);
#1083=EDGE_CURVE('',#870,#868,#379,.T.);
#1084=EDGE_CURVE('',#869,#870,#380,.T.);
#1085=EDGE_CURVE('',#871,#872,#381,.T.);
#1086=EDGE_CURVE('',#873,#871,#382,.T.);
#1087=EDGE_CURVE('',#874,#873,#383,.T.);
#1088=EDGE_CURVE('',#872,#874,#384,.T.);
#1089=EDGE_CURVE('',#875,#876,#385,.T.);
#1090=EDGE_CURVE('',#877,#875,#386,.T.);
#1091=EDGE_CURVE('',#878,#877,#387,.T.);
#1092=EDGE_CURVE('',#878,#876,#388,.T.);
#1093=EDGE_CURVE('',#876,#871,#389,.T.);
#1094=EDGE_CURVE('',#873,#878,#390,.T.);
#1095=EDGE_CURVE('',#879,#880,#391,.T.);
#1096=EDGE_CURVE('',#881,#879,#392,.T.);
#1097=EDGE_CURVE('',#882,#881,#393,.T.);
#1098=EDGE_CURVE('',#882,#880,#394,.T.);
#1099=EDGE_CURVE('',#880,#883,#395,.T.);
#1100=EDGE_CURVE('',#884,#882,#396,.T.);
#1101=EDGE_CURVE('',#884,#883,#397,.T.);
#1102=EDGE_CURVE('',#883,#885,#398,.T.);
#1103=EDGE_CURVE('',#886,#884,#399,.T.);
#1104=EDGE_CURVE('',#885,#886,#400,.T.);
#1105=EDGE_CURVE('',#887,#888,#401,.T.);
#1106=EDGE_CURVE('',#889,#887,#402,.T.);
#1107=EDGE_CURVE('',#890,#889,#403,.T.);
#1108=EDGE_CURVE('',#890,#888,#404,.T.);
#1109=EDGE_CURVE('',#888,#891,#405,.T.);
#1110=EDGE_CURVE('',#892,#890,#406,.T.);
#1111=EDGE_CURVE('',#892,#891,#407,.T.);
#1112=EDGE_CURVE('',#891,#893,#408,.T.);
#1113=EDGE_CURVE('',#894,#892,#409,.T.);
#1114=EDGE_CURVE('',#894,#893,#410,.T.);
#1115=EDGE_CURVE('',#893,#887,#411,.T.);
#1116=EDGE_CURVE('',#889,#894,#412,.T.);
#1117=EDGE_CURVE('',#895,#896,#413,.T.);
#1118=EDGE_CURVE('',#897,#895,#414,.T.);
#1119=EDGE_CURVE('',#898,#897,#415,.T.);
#1120=EDGE_CURVE('',#898,#896,#416,.T.);
#1121=EDGE_CURVE('',#896,#899,#417,.T.);
#1122=EDGE_CURVE('',#900,#898,#418,.T.);
#1123=EDGE_CURVE('',#900,#899,#419,.T.);
#1124=EDGE_CURVE('',#899,#901,#420,.T.);
#1125=EDGE_CURVE('',#902,#900,#421,.T.);
#1126=EDGE_CURVE('',#901,#902,#422,.T.);
#1127=EDGE_CURVE('',#885,#759,#423,.T.);
#1128=EDGE_CURVE('',#761,#886,#424,.T.);
#1129=EDGE_CURVE('',#903,#863,#425,.T.);
#1130=EDGE_CURVE('',#904,#903,#426,.T.);
#1131=EDGE_CURVE('',#865,#904,#427,.T.);
#1132=EDGE_CURVE('',#869,#847,#428,.T.);
#1133=EDGE_CURVE('',#849,#870,#429,.T.);
#1134=EDGE_CURVE('',#797,#767,#430,.T.);
#1135=EDGE_CURVE('',#769,#798,#431,.T.);
#1136=EDGE_CURVE('',#853,#791,#432,.T.);
#1137=EDGE_CURVE('',#793,#854,#433,.T.);
#1138=EDGE_CURVE('',#881,#774,#434,.T.);
#1139=EDGE_CURVE('',#773,#879,#435,.T.);
#1140=EDGE_CURVE('',#905,#895,#436,.T.);
#1141=EDGE_CURVE('',#906,#905,#437,.T.);
#1142=EDGE_CURVE('',#897,#906,#438,.T.);
#1143=EDGE_CURVE('',#907,#874,#439,.T.);
#1144=EDGE_CURVE('',#908,#907,#440,.T.);
#1145=EDGE_CURVE('',#872,#908,#441,.T.);
#1146=EDGE_CURVE('',#901,#837,#442,.T.);
#1147=EDGE_CURVE('',#838,#902,#443,.T.);
#1148=EDGE_CURVE('',#835,#829,#444,.T.);
#1149=EDGE_CURVE('',#830,#836,#445,.T.);
#1150=EDGE_CURVE('',#861,#828,#446,.T.);
#1151=EDGE_CURVE('',#827,#859,#447,.T.);
#1152=EDGE_CURVE('',#856,#821,#448,.T.);
#1153=EDGE_CURVE('',#822,#858,#449,.T.);
#1154=EDGE_CURVE('',#904,#907,#450,.T.);
#1155=EDGE_CURVE('',#877,#820,#451,.T.);
#1156=EDGE_CURVE('',#906,#909,#452,.T.);
#1157=EDGE_CURVE('',#909,#766,#453,.T.);
#1158=EDGE_CURVE('',#910,#911,#454,.T.);
#1159=EDGE_CURVE('',#911,#912,#455,.T.);
#1160=EDGE_CURVE('',#912,#913,#456,.T.);
#1161=EDGE_CURVE('',#913,#910,#457,.T.);
#1162=EDGE_CURVE('',#914,#915,#458,.T.);
#1163=EDGE_CURVE('',#915,#916,#459,.T.);
#1164=EDGE_CURVE('',#916,#917,#460,.T.);
#1165=EDGE_CURVE('',#917,#914,#461,.T.);
#1166=EDGE_CURVE('',#918,#919,#462,.T.);
#1167=EDGE_CURVE('',#919,#920,#463,.T.);
#1168=EDGE_CURVE('',#920,#921,#464,.T.);
#1169=EDGE_CURVE('',#921,#918,#465,.T.);
#1170=EDGE_CURVE('',#911,#922,#466,.T.);
#1171=EDGE_CURVE('',#923,#922,#467,.T.);
#1172=EDGE_CURVE('',#912,#923,#468,.T.);
#1173=EDGE_CURVE('',#910,#924,#469,.T.);
#1174=EDGE_CURVE('',#922,#924,#470,.T.);
#1175=EDGE_CURVE('',#915,#925,#471,.T.);
#1176=EDGE_CURVE('',#926,#925,#472,.T.);
#1177=EDGE_CURVE('',#916,#926,#473,.T.);
#1178=EDGE_CURVE('',#914,#927,#474,.T.);
#1179=EDGE_CURVE('',#925,#927,#475,.T.);
#1180=EDGE_CURVE('',#919,#928,#476,.T.);
#1181=EDGE_CURVE('',#929,#928,#477,.T.);
#1182=EDGE_CURVE('',#920,#929,#478,.T.);
#1183=EDGE_CURVE('',#918,#930,#479,.T.);
#1184=EDGE_CURVE('',#928,#930,#480,.T.);
#1185=EDGE_CURVE('',#931,#905,#481,.T.);
#1186=EDGE_CURVE('',#931,#909,#482,.T.);
#1187=EDGE_CURVE('',#819,#875,#483,.T.);
#1188=EDGE_CURVE('',#932,#929,#484,.T.);
#1189=EDGE_CURVE('',#921,#932,#485,.T.);
#1190=EDGE_CURVE('',#930,#932,#486,.T.);
#1191=EDGE_CURVE('',#933,#926,#487,.T.);
#1192=EDGE_CURVE('',#917,#933,#488,.T.);
#1193=EDGE_CURVE('',#927,#933,#489,.T.);
#1194=EDGE_CURVE('',#934,#923,#490,.T.);
#1195=EDGE_CURVE('',#913,#934,#491,.T.);
#1196=EDGE_CURVE('',#924,#934,#492,.T.);
#1197=EDGE_CURVE('',#765,#931,#493,.T.);
#1198=EDGE_CURVE('',#908,#903,#494,.T.);
#1199=ORIENTED_EDGE('',*,*,#935,.F.);
#1200=ORIENTED_EDGE('',*,*,#936,.F.);
#1201=ORIENTED_EDGE('',*,*,#937,.F.);
#1202=ORIENTED_EDGE('',*,*,#938,.T.);
#1203=ORIENTED_EDGE('',*,*,#939,.F.);
#1204=ORIENTED_EDGE('',*,*,#938,.F.);
#1205=ORIENTED_EDGE('',*,*,#940,.F.);
#1206=ORIENTED_EDGE('',*,*,#941,.T.);
#1207=ORIENTED_EDGE('',*,*,#942,.F.);
#1208=ORIENTED_EDGE('',*,*,#941,.F.);
#1209=ORIENTED_EDGE('',*,*,#943,.F.);
#1210=ORIENTED_EDGE('',*,*,#944,.F.);
#1211=ORIENTED_EDGE('',*,*,#945,.F.);
#1212=ORIENTED_EDGE('',*,*,#946,.F.);
#1213=ORIENTED_EDGE('',*,*,#947,.F.);
#1214=ORIENTED_EDGE('',*,*,#948,.T.);
#1215=ORIENTED_EDGE('',*,*,#949,.F.);
#1216=ORIENTED_EDGE('',*,*,#948,.F.);
#1217=ORIENTED_EDGE('',*,*,#950,.F.);
#1218=ORIENTED_EDGE('',*,*,#951,.T.);
#1219=ORIENTED_EDGE('',*,*,#952,.F.);
#1220=ORIENTED_EDGE('',*,*,#951,.F.);
#1221=ORIENTED_EDGE('',*,*,#953,.F.);
#1222=ORIENTED_EDGE('',*,*,#954,.F.);
#1223=ORIENTED_EDGE('',*,*,#955,.F.);
#1224=ORIENTED_EDGE('',*,*,#956,.F.);
#1225=ORIENTED_EDGE('',*,*,#957,.F.);
#1226=ORIENTED_EDGE('',*,*,#958,.T.);
#1227=ORIENTED_EDGE('',*,*,#959,.F.);
#1228=ORIENTED_EDGE('',*,*,#958,.F.);
#1229=ORIENTED_EDGE('',*,*,#960,.F.);
#1230=ORIENTED_EDGE('',*,*,#961,.T.);
#1231=ORIENTED_EDGE('',*,*,#962,.F.);
#1232=ORIENTED_EDGE('',*,*,#961,.F.);
#1233=ORIENTED_EDGE('',*,*,#963,.F.);
#1234=ORIENTED_EDGE('',*,*,#964,.T.);
#1235=ORIENTED_EDGE('',*,*,#965,.F.);
#1236=ORIENTED_EDGE('',*,*,#964,.F.);
#1237=ORIENTED_EDGE('',*,*,#966,.F.);
#1238=ORIENTED_EDGE('',*,*,#956,.T.);
#1239=ORIENTED_EDGE('',*,*,#967,.F.);
#1240=ORIENTED_EDGE('',*,*,#968,.F.);
#1241=ORIENTED_EDGE('',*,*,#969,.F.);
#1242=ORIENTED_EDGE('',*,*,#970,.T.);
#1243=ORIENTED_EDGE('',*,*,#971,.F.);
#1244=ORIENTED_EDGE('',*,*,#970,.F.);
#1245=ORIENTED_EDGE('',*,*,#972,.F.);
#1246=ORIENTED_EDGE('',*,*,#973,.T.);
#1247=ORIENTED_EDGE('',*,*,#974,.F.);
#1248=ORIENTED_EDGE('',*,*,#973,.F.);
#1249=ORIENTED_EDGE('',*,*,#975,.F.);
#1250=ORIENTED_EDGE('',*,*,#976,.T.);
#1251=ORIENTED_EDGE('',*,*,#977,.F.);
#1252=ORIENTED_EDGE('',*,*,#976,.F.);
#1253=ORIENTED_EDGE('',*,*,#978,.F.);
#1254=ORIENTED_EDGE('',*,*,#968,.T.);
#1255=ORIENTED_EDGE('',*,*,#979,.F.);
#1256=ORIENTED_EDGE('',*,*,#980,.F.);
#1257=ORIENTED_EDGE('',*,*,#981,.F.);
#1258=ORIENTED_EDGE('',*,*,#982,.T.);
#1259=ORIENTED_EDGE('',*,*,#983,.F.);
#1260=ORIENTED_EDGE('',*,*,#982,.F.);
#1261=ORIENTED_EDGE('',*,*,#984,.F.);
#1262=ORIENTED_EDGE('',*,*,#985,.T.);
#1263=ORIENTED_EDGE('',*,*,#986,.F.);
#1264=ORIENTED_EDGE('',*,*,#985,.F.);
#1265=ORIENTED_EDGE('',*,*,#987,.F.);
#1266=ORIENTED_EDGE('',*,*,#988,.F.);
#1267=ORIENTED_EDGE('',*,*,#989,.F.);
#1268=ORIENTED_EDGE('',*,*,#990,.F.);
#1269=ORIENTED_EDGE('',*,*,#991,.F.);
#1270=ORIENTED_EDGE('',*,*,#992,.T.);
#1271=ORIENTED_EDGE('',*,*,#993,.F.);
#1272=ORIENTED_EDGE('',*,*,#992,.F.);
#1273=ORIENTED_EDGE('',*,*,#994,.F.);
#1274=ORIENTED_EDGE('',*,*,#995,.T.);
#1275=ORIENTED_EDGE('',*,*,#996,.F.);
#1276=ORIENTED_EDGE('',*,*,#995,.F.);
#1277=ORIENTED_EDGE('',*,*,#997,.F.);
#1278=ORIENTED_EDGE('',*,*,#998,.T.);
#1279=ORIENTED_EDGE('',*,*,#999,.F.);
#1280=ORIENTED_EDGE('',*,*,#998,.F.);
#1281=ORIENTED_EDGE('',*,*,#1000,.F.);
#1282=ORIENTED_EDGE('',*,*,#990,.T.);
#1283=ORIENTED_EDGE('',*,*,#1001,.F.);
#1284=ORIENTED_EDGE('',*,*,#1002,.F.);
#1285=ORIENTED_EDGE('',*,*,#1003,.F.);
#1286=ORIENTED_EDGE('',*,*,#1004,.T.);
#1287=ORIENTED_EDGE('',*,*,#1005,.F.);
#1288=ORIENTED_EDGE('',*,*,#1004,.F.);
#1289=ORIENTED_EDGE('',*,*,#1006,.F.);
#1290=ORIENTED_EDGE('',*,*,#1007,.T.);
#1291=ORIENTED_EDGE('',*,*,#1008,.F.);
#1292=ORIENTED_EDGE('',*,*,#1007,.F.);
#1293=ORIENTED_EDGE('',*,*,#1009,.F.);
#1294=ORIENTED_EDGE('',*,*,#1010,.T.);
#1295=ORIENTED_EDGE('',*,*,#1011,.F.);
#1296=ORIENTED_EDGE('',*,*,#1010,.F.);
#1297=ORIENTED_EDGE('',*,*,#1012,.F.);
#1298=ORIENTED_EDGE('',*,*,#1002,.T.);
#1299=ORIENTED_EDGE('',*,*,#1013,.F.);
#1300=ORIENTED_EDGE('',*,*,#1014,.F.);
#1301=ORIENTED_EDGE('',*,*,#1015,.F.);
#1302=ORIENTED_EDGE('',*,*,#1016,.T.);
#1303=ORIENTED_EDGE('',*,*,#1017,.F.);
#1304=ORIENTED_EDGE('',*,*,#1016,.F.);
#1305=ORIENTED_EDGE('',*,*,#1018,.F.);
#1306=ORIENTED_EDGE('',*,*,#1019,.F.);
#1307=ORIENTED_EDGE('',*,*,#1020,.F.);
#1308=ORIENTED_EDGE('',*,*,#1021,.F.);
#1309=ORIENTED_EDGE('',*,*,#1022,.F.);
#1310=ORIENTED_EDGE('',*,*,#1014,.T.);
#1311=ORIENTED_EDGE('',*,*,#1023,.F.);
#1312=ORIENTED_EDGE('',*,*,#1024,.F.);
#1313=ORIENTED_EDGE('',*,*,#1025,.F.);
#1314=ORIENTED_EDGE('',*,*,#1026,.T.);
#1315=ORIENTED_EDGE('',*,*,#1027,.F.);
#1316=ORIENTED_EDGE('',*,*,#1026,.F.);
#1317=ORIENTED_EDGE('',*,*,#1028,.F.);
#1318=ORIENTED_EDGE('',*,*,#1029,.F.);
#1319=ORIENTED_EDGE('',*,*,#1030,.F.);
#1320=ORIENTED_EDGE('',*,*,#1031,.F.);
#1321=ORIENTED_EDGE('',*,*,#1032,.F.);
#1322=ORIENTED_EDGE('',*,*,#1024,.T.);
#1323=ORIENTED_EDGE('',*,*,#1033,.F.);
#1324=ORIENTED_EDGE('',*,*,#1034,.F.);
#1325=ORIENTED_EDGE('',*,*,#1035,.F.);
#1326=ORIENTED_EDGE('',*,*,#1036,.T.);
#1327=ORIENTED_EDGE('',*,*,#1037,.F.);
#1328=ORIENTED_EDGE('',*,*,#1036,.F.);
#1329=ORIENTED_EDGE('',*,*,#1038,.F.);
#1330=ORIENTED_EDGE('',*,*,#1039,.F.);
#1331=ORIENTED_EDGE('',*,*,#1040,.F.);
#1332=ORIENTED_EDGE('',*,*,#1041,.F.);
#1333=ORIENTED_EDGE('',*,*,#1042,.F.);
#1334=ORIENTED_EDGE('',*,*,#1034,.T.);
#1335=ORIENTED_EDGE('',*,*,#1043,.F.);
#1336=ORIENTED_EDGE('',*,*,#1044,.F.);
#1337=ORIENTED_EDGE('',*,*,#1045,.F.);
#1338=ORIENTED_EDGE('',*,*,#1046,.T.);
#1339=ORIENTED_EDGE('',*,*,#1047,.F.);
#1340=ORIENTED_EDGE('',*,*,#1046,.F.);
#1341=ORIENTED_EDGE('',*,*,#1048,.F.);
#1342=ORIENTED_EDGE('',*,*,#1049,.T.);
#1343=ORIENTED_EDGE('',*,*,#1050,.F.);
#1344=ORIENTED_EDGE('',*,*,#1049,.F.);
#1345=ORIENTED_EDGE('',*,*,#1051,.F.);
#1346=ORIENTED_EDGE('',*,*,#1052,.T.);
#1347=ORIENTED_EDGE('',*,*,#1053,.F.);
#1348=ORIENTED_EDGE('',*,*,#1052,.F.);
#1349=ORIENTED_EDGE('',*,*,#1054,.F.);
#1350=ORIENTED_EDGE('',*,*,#1044,.T.);
#1351=ORIENTED_EDGE('',*,*,#1055,.F.);
#1352=ORIENTED_EDGE('',*,*,#1056,.F.);
#1353=ORIENTED_EDGE('',*,*,#1057,.F.);
#1354=ORIENTED_EDGE('',*,*,#1058,.T.);
#1355=ORIENTED_EDGE('',*,*,#1059,.F.);
#1356=ORIENTED_EDGE('',*,*,#1058,.F.);
#1357=ORIENTED_EDGE('',*,*,#1060,.F.);
#1358=ORIENTED_EDGE('',*,*,#1061,.T.);
#1359=ORIENTED_EDGE('',*,*,#1062,.F.);
#1360=ORIENTED_EDGE('',*,*,#1061,.F.);
#1361=ORIENTED_EDGE('',*,*,#1063,.F.);
#1362=ORIENTED_EDGE('',*,*,#1064,.F.);
#1363=ORIENTED_EDGE('',*,*,#1065,.F.);
#1364=ORIENTED_EDGE('',*,*,#1066,.F.);
#1365=ORIENTED_EDGE('',*,*,#1067,.F.);
#1366=ORIENTED_EDGE('',*,*,#1068,.F.);
#1367=ORIENTED_EDGE('',*,*,#1069,.F.);
#1368=ORIENTED_EDGE('',*,*,#1070,.F.);
#1369=ORIENTED_EDGE('',*,*,#1071,.F.);
#1370=ORIENTED_EDGE('',*,*,#1072,.T.);
#1371=ORIENTED_EDGE('',*,*,#1073,.F.);
#1372=ORIENTED_EDGE('',*,*,#1072,.F.);
#1373=ORIENTED_EDGE('',*,*,#1074,.F.);
#1374=ORIENTED_EDGE('',*,*,#1066,.T.);
#1375=ORIENTED_EDGE('',*,*,#1075,.F.);
#1376=ORIENTED_EDGE('',*,*,#1076,.F.);
#1377=ORIENTED_EDGE('',*,*,#1077,.F.);
#1378=ORIENTED_EDGE('',*,*,#1078,.T.);
#1379=ORIENTED_EDGE('',*,*,#1079,.F.);
#1380=ORIENTED_EDGE('',*,*,#1078,.F.);
#1381=ORIENTED_EDGE('',*,*,#1080,.F.);
#1382=ORIENTED_EDGE('',*,*,#1081,.T.);
#1383=ORIENTED_EDGE('',*,*,#1082,.F.);
#1384=ORIENTED_EDGE('',*,*,#1081,.F.);
#1385=ORIENTED_EDGE('',*,*,#1083,.F.);
#1386=ORIENTED_EDGE('',*,*,#1084,.F.);
#1387=ORIENTED_EDGE('',*,*,#1085,.F.);
#1388=ORIENTED_EDGE('',*,*,#1086,.F.);
#1389=ORIENTED_EDGE('',*,*,#1087,.F.);
#1390=ORIENTED_EDGE('',*,*,#1088,.F.);
#1391=ORIENTED_EDGE('',*,*,#1089,.F.);
#1392=ORIENTED_EDGE('',*,*,#1090,.F.);
#1393=ORIENTED_EDGE('',*,*,#1091,.F.);
#1394=ORIENTED_EDGE('',*,*,#1092,.T.);
#1395=ORIENTED_EDGE('',*,*,#1093,.F.);
#1396=ORIENTED_EDGE('',*,*,#1092,.F.);
#1397=ORIENTED_EDGE('',*,*,#1094,.F.);
#1398=ORIENTED_EDGE('',*,*,#1086,.T.);
#1399=ORIENTED_EDGE('',*,*,#1095,.F.);
#1400=ORIENTED_EDGE('',*,*,#1096,.F.);
#1401=ORIENTED_EDGE('',*,*,#1097,.F.);
#1402=ORIENTED_EDGE('',*,*,#1098,.T.);
#1403=ORIENTED_EDGE('',*,*,#1099,.F.);
#1404=ORIENTED_EDGE('',*,*,#1098,.F.);
#1405=ORIENTED_EDGE('',*,*,#1100,.F.);
#1406=ORIENTED_EDGE('',*,*,#1101,.T.);
#1407=ORIENTED_EDGE('',*,*,#1102,.F.);
#1408=ORIENTED_EDGE('',*,*,#1101,.F.);
#1409=ORIENTED_EDGE('',*,*,#1103,.F.);
#1410=ORIENTED_EDGE('',*,*,#1104,.F.);
#1411=ORIENTED_EDGE('',*,*,#1105,.F.);
#1412=ORIENTED_EDGE('',*,*,#1106,.F.);
#1413=ORIENTED_EDGE('',*,*,#1107,.F.);
#1414=ORIENTED_EDGE('',*,*,#1108,.T.);
#1415=ORIENTED_EDGE('',*,*,#1109,.F.);
#1416=ORIENTED_EDGE('',*,*,#1108,.F.);
#1417=ORIENTED_EDGE('',*,*,#1110,.F.);
#1418=ORIENTED_EDGE('',*,*,#1111,.T.);
#1419=ORIENTED_EDGE('',*,*,#1112,.F.);
#1420=ORIENTED_EDGE('',*,*,#1111,.F.);
#1421=ORIENTED_EDGE('',*,*,#1113,.F.);
#1422=ORIENTED_EDGE('',*,*,#1114,.T.);
#1423=ORIENTED_EDGE('',*,*,#1115,.F.);
#1424=ORIENTED_EDGE('',*,*,#1114,.F.);
#1425=ORIENTED_EDGE('',*,*,#1116,.F.);
#1426=ORIENTED_EDGE('',*,*,#1106,.T.);
#1427=ORIENTED_EDGE('',*,*,#1117,.F.);
#1428=ORIENTED_EDGE('',*,*,#1118,.F.);
#1429=ORIENTED_EDGE('',*,*,#1119,.F.);
#1430=ORIENTED_EDGE('',*,*,#1120,.T.);
#1431=ORIENTED_EDGE('',*,*,#1121,.F.);
#1432=ORIENTED_EDGE('',*,*,#1120,.F.);
#1433=ORIENTED_EDGE('',*,*,#1122,.F.);
#1434=ORIENTED_EDGE('',*,*,#1123,.T.);
#1435=ORIENTED_EDGE('',*,*,#1124,.F.);
#1436=ORIENTED_EDGE('',*,*,#1123,.F.);
#1437=ORIENTED_EDGE('',*,*,#1125,.F.);
#1438=ORIENTED_EDGE('',*,*,#1126,.F.);
#1439=ORIENTED_EDGE('',*,*,#936,.T.);
#1440=ORIENTED_EDGE('',*,*,#1127,.F.);
#1441=ORIENTED_EDGE('',*,*,#1104,.T.);
#1442=ORIENTED_EDGE('',*,*,#1128,.F.);
#1443=ORIENTED_EDGE('',*,*,#1076,.T.);
#1444=ORIENTED_EDGE('',*,*,#1129,.F.);
#1445=ORIENTED_EDGE('',*,*,#1130,.F.);
#1446=ORIENTED_EDGE('',*,*,#1131,.F.);
#1447=ORIENTED_EDGE('',*,*,#1056,.T.);
#1448=ORIENTED_EDGE('',*,*,#1132,.F.);
#1449=ORIENTED_EDGE('',*,*,#1084,.T.);
#1450=ORIENTED_EDGE('',*,*,#1133,.F.);
#1451=ORIENTED_EDGE('',*,*,#946,.T.);
#1452=ORIENTED_EDGE('',*,*,#1134,.F.);
#1453=ORIENTED_EDGE('',*,*,#988,.T.);
#1454=ORIENTED_EDGE('',*,*,#1135,.F.);
#1455=ORIENTED_EDGE('',*,*,#980,.T.);
#1456=ORIENTED_EDGE('',*,*,#1136,.F.);
#1457=ORIENTED_EDGE('',*,*,#1064,.T.);
#1458=ORIENTED_EDGE('',*,*,#1137,.F.);
#1459=ORIENTED_EDGE('',*,*,#954,.T.);
#1460=ORIENTED_EDGE('',*,*,#1138,.F.);
#1461=ORIENTED_EDGE('',*,*,#1096,.T.);
#1462=ORIENTED_EDGE('',*,*,#1139,.F.);
#1463=ORIENTED_EDGE('',*,*,#1118,.T.);
#1464=ORIENTED_EDGE('',*,*,#1140,.F.);
#1465=ORIENTED_EDGE('',*,*,#1141,.F.);
#1466=ORIENTED_EDGE('',*,*,#1142,.F.);
#1467=ORIENTED_EDGE('',*,*,#1088,.T.);
#1468=ORIENTED_EDGE('',*,*,#1143,.F.);
#1469=ORIENTED_EDGE('',*,*,#1144,.F.);
#1470=ORIENTED_EDGE('',*,*,#1145,.F.);
#1471=ORIENTED_EDGE('',*,*,#1041,.T.);
#1472=ORIENTED_EDGE('',*,*,#1146,.F.);
#1473=ORIENTED_EDGE('',*,*,#1126,.T.);
#1474=ORIENTED_EDGE('',*,*,#1147,.F.);
#1475=ORIENTED_EDGE('',*,*,#1031,.T.);
#1476=ORIENTED_EDGE('',*,*,#1148,.F.);
#1477=ORIENTED_EDGE('',*,*,#1039,.T.);
#1478=ORIENTED_EDGE('',*,*,#1149,.F.);
#1479=ORIENTED_EDGE('',*,*,#1029,.T.);
#1480=ORIENTED_EDGE('',*,*,#1150,.F.);
#1481=ORIENTED_EDGE('',*,*,#1070,.T.);
#1482=ORIENTED_EDGE('',*,*,#1151,.F.);
#1483=ORIENTED_EDGE('',*,*,#1021,.T.);
#1484=ORIENTED_EDGE('',*,*,#1152,.F.);
#1485=ORIENTED_EDGE('',*,*,#1068,.T.);
#1486=ORIENTED_EDGE('',*,*,#1153,.F.);
#1487=ORIENTED_EDGE('',*,*,#943,.T.);
#1488=ORIENTED_EDGE('',*,*,#940,.T.);
#1489=ORIENTED_EDGE('',*,*,#937,.T.);
#1490=ORIENTED_EDGE('',*,*,#1128,.T.);
#1491=ORIENTED_EDGE('',*,*,#1103,.T.);
#1492=ORIENTED_EDGE('',*,*,#1100,.T.);
#1493=ORIENTED_EDGE('',*,*,#1097,.T.);
#1494=ORIENTED_EDGE('',*,*,#1138,.T.);
#1495=ORIENTED_EDGE('',*,*,#953,.T.);
#1496=ORIENTED_EDGE('',*,*,#950,.T.);
#1497=ORIENTED_EDGE('',*,*,#947,.T.);
#1498=ORIENTED_EDGE('',*,*,#1135,.T.);
#1499=ORIENTED_EDGE('',*,*,#987,.T.);
#1500=ORIENTED_EDGE('',*,*,#984,.T.);
#1501=ORIENTED_EDGE('',*,*,#981,.T.);
#1502=ORIENTED_EDGE('',*,*,#1137,.T.);
#1503=ORIENTED_EDGE('',*,*,#1063,.T.);
#1504=ORIENTED_EDGE('',*,*,#1060,.T.);
#1505=ORIENTED_EDGE('',*,*,#1057,.T.);
#1506=ORIENTED_EDGE('',*,*,#1133,.T.);
#1507=ORIENTED_EDGE('',*,*,#1083,.T.);
#1508=ORIENTED_EDGE('',*,*,#1080,.T.);
#1509=ORIENTED_EDGE('',*,*,#1077,.T.);
#1510=ORIENTED_EDGE('',*,*,#1131,.T.);
#1511=ORIENTED_EDGE('',*,*,#1154,.T.);
#1512=ORIENTED_EDGE('',*,*,#1143,.T.);
#1513=ORIENTED_EDGE('',*,*,#1087,.T.);
#1514=ORIENTED_EDGE('',*,*,#1094,.T.);
#1515=ORIENTED_EDGE('',*,*,#1091,.T.);
#1516=ORIENTED_EDGE('',*,*,#1155,.T.);
#1517=ORIENTED_EDGE('',*,*,#1018,.T.);
#1518=ORIENTED_EDGE('',*,*,#1015,.T.);
#1519=ORIENTED_EDGE('',*,*,#1022,.T.);
#1520=ORIENTED_EDGE('',*,*,#1153,.T.);
#1521=ORIENTED_EDGE('',*,*,#1067,.T.);
#1522=ORIENTED_EDGE('',*,*,#1074,.T.);
#1523=ORIENTED_EDGE('',*,*,#1071,.T.);
#1524=ORIENTED_EDGE('',*,*,#1150,.T.);
#1525=ORIENTED_EDGE('',*,*,#1028,.T.);
#1526=ORIENTED_EDGE('',*,*,#1025,.T.);
#1527=ORIENTED_EDGE('',*,*,#1032,.T.);
#1528=ORIENTED_EDGE('',*,*,#1149,.T.);
#1529=ORIENTED_EDGE('',*,*,#1038,.T.);
#1530=ORIENTED_EDGE('',*,*,#1035,.T.);
#1531=ORIENTED_EDGE('',*,*,#1042,.T.);
#1532=ORIENTED_EDGE('',*,*,#1147,.T.);
#1533=ORIENTED_EDGE('',*,*,#1125,.T.);
#1534=ORIENTED_EDGE('',*,*,#1122,.T.);
#1535=ORIENTED_EDGE('',*,*,#1119,.T.);
#1536=ORIENTED_EDGE('',*,*,#1142,.T.);
#1537=ORIENTED_EDGE('',*,*,#1156,.T.);
#1538=ORIENTED_EDGE('',*,*,#1157,.T.);
#1539=ORIENTED_EDGE('',*,*,#1158,.T.);
#1540=ORIENTED_EDGE('',*,*,#1159,.T.);
#1541=ORIENTED_EDGE('',*,*,#1160,.T.);
#1542=ORIENTED_EDGE('',*,*,#1161,.T.);
#1543=ORIENTED_EDGE('',*,*,#1162,.T.);
#1544=ORIENTED_EDGE('',*,*,#1163,.T.);
#1545=ORIENTED_EDGE('',*,*,#1164,.T.);
#1546=ORIENTED_EDGE('',*,*,#1165,.T.);
#1547=ORIENTED_EDGE('',*,*,#1166,.T.);
#1548=ORIENTED_EDGE('',*,*,#1167,.T.);
#1549=ORIENTED_EDGE('',*,*,#1168,.T.);
#1550=ORIENTED_EDGE('',*,*,#1169,.T.);
#1551=ORIENTED_EDGE('',*,*,#1113,.T.);
#1552=ORIENTED_EDGE('',*,*,#1110,.T.);
#1553=ORIENTED_EDGE('',*,*,#1107,.T.);
#1554=ORIENTED_EDGE('',*,*,#1116,.T.);
#1555=ORIENTED_EDGE('',*,*,#1051,.T.);
#1556=ORIENTED_EDGE('',*,*,#1048,.T.);
#1557=ORIENTED_EDGE('',*,*,#1045,.T.);
#1558=ORIENTED_EDGE('',*,*,#1054,.T.);
#1559=ORIENTED_EDGE('',*,*,#1009,.T.);
#1560=ORIENTED_EDGE('',*,*,#1006,.T.);
#1561=ORIENTED_EDGE('',*,*,#1003,.T.);
#1562=ORIENTED_EDGE('',*,*,#1012,.T.);
#1563=ORIENTED_EDGE('',*,*,#997,.T.);
#1564=ORIENTED_EDGE('',*,*,#994,.T.);
#1565=ORIENTED_EDGE('',*,*,#991,.T.);
#1566=ORIENTED_EDGE('',*,*,#1000,.T.);
#1567=ORIENTED_EDGE('',*,*,#975,.T.);
#1568=ORIENTED_EDGE('',*,*,#972,.T.);
#1569=ORIENTED_EDGE('',*,*,#969,.T.);
#1570=ORIENTED_EDGE('',*,*,#978,.T.);
#1571=ORIENTED_EDGE('',*,*,#963,.T.);
#1572=ORIENTED_EDGE('',*,*,#960,.T.);
#1573=ORIENTED_EDGE('',*,*,#957,.T.);
#1574=ORIENTED_EDGE('',*,*,#966,.T.);
#1575=ORIENTED_EDGE('',*,*,#1170,.T.);
#1576=ORIENTED_EDGE('',*,*,#1171,.F.);
#1577=ORIENTED_EDGE('',*,*,#1172,.F.);
#1578=ORIENTED_EDGE('',*,*,#1159,.F.);
#1579=ORIENTED_EDGE('',*,*,#1173,.T.);
#1580=ORIENTED_EDGE('',*,*,#1174,.F.);
#1581=ORIENTED_EDGE('',*,*,#1170,.F.);
#1582=ORIENTED_EDGE('',*,*,#1158,.F.);
#1583=ORIENTED_EDGE('',*,*,#1175,.T.);
#1584=ORIENTED_EDGE('',*,*,#1176,.F.);
#1585=ORIENTED_EDGE('',*,*,#1177,.F.);
#1586=ORIENTED_EDGE('',*,*,#1163,.F.);
#1587=ORIENTED_EDGE('',*,*,#1178,.T.);
#1588=ORIENTED_EDGE('',*,*,#1179,.F.);
#1589=ORIENTED_EDGE('',*,*,#1175,.F.);
#1590=ORIENTED_EDGE('',*,*,#1162,.F.);
#1591=ORIENTED_EDGE('',*,*,#1180,.T.);
#1592=ORIENTED_EDGE('',*,*,#1181,.F.);
#1593=ORIENTED_EDGE('',*,*,#1182,.F.);
#1594=ORIENTED_EDGE('',*,*,#1167,.F.);
#1595=ORIENTED_EDGE('',*,*,#1183,.T.);
#1596=ORIENTED_EDGE('',*,*,#1184,.F.);
#1597=ORIENTED_EDGE('',*,*,#1180,.F.);
#1598=ORIENTED_EDGE('',*,*,#1166,.F.);
#1599=ORIENTED_EDGE('',*,*,#1141,.T.);
#1600=ORIENTED_EDGE('',*,*,#1185,.F.);
#1601=ORIENTED_EDGE('',*,*,#1186,.T.);
#1602=ORIENTED_EDGE('',*,*,#1156,.F.);
#1603=ORIENTED_EDGE('',*,*,#1019,.T.);
#1604=ORIENTED_EDGE('',*,*,#1155,.F.);
#1605=ORIENTED_EDGE('',*,*,#1090,.T.);
#1606=ORIENTED_EDGE('',*,*,#1187,.F.);
#1607=ORIENTED_EDGE('',*,*,#1182,.T.);
#1608=ORIENTED_EDGE('',*,*,#1188,.F.);
#1609=ORIENTED_EDGE('',*,*,#1189,.F.);
#1610=ORIENTED_EDGE('',*,*,#1168,.F.);
#1611=ORIENTED_EDGE('',*,*,#1189,.T.);
#1612=ORIENTED_EDGE('',*,*,#1190,.F.);
#1613=ORIENTED_EDGE('',*,*,#1183,.F.);
#1614=ORIENTED_EDGE('',*,*,#1169,.F.);
#1615=ORIENTED_EDGE('',*,*,#1177,.T.);
#1616=ORIENTED_EDGE('',*,*,#1191,.F.);
#1617=ORIENTED_EDGE('',*,*,#1192,.F.);
#1618=ORIENTED_EDGE('',*,*,#1164,.F.);
#1619=ORIENTED_EDGE('',*,*,#1192,.T.);
#1620=ORIENTED_EDGE('',*,*,#1193,.F.);
#1621=ORIENTED_EDGE('',*,*,#1178,.F.);
#1622=ORIENTED_EDGE('',*,*,#1165,.F.);
#1623=ORIENTED_EDGE('',*,*,#1172,.T.);
#1624=ORIENTED_EDGE('',*,*,#1194,.F.);
#1625=ORIENTED_EDGE('',*,*,#1195,.F.);
#1626=ORIENTED_EDGE('',*,*,#1160,.F.);
#1627=ORIENTED_EDGE('',*,*,#1195,.T.);
#1628=ORIENTED_EDGE('',*,*,#1196,.F.);
#1629=ORIENTED_EDGE('',*,*,#1173,.F.);
#1630=ORIENTED_EDGE('',*,*,#1161,.F.);
#1631=ORIENTED_EDGE('',*,*,#942,.T.);
#1632=ORIENTED_EDGE('',*,*,#1197,.T.);
#1633=ORIENTED_EDGE('',*,*,#1185,.T.);
#1634=ORIENTED_EDGE('',*,*,#1140,.T.);
#1635=ORIENTED_EDGE('',*,*,#1117,.T.);
#1636=ORIENTED_EDGE('',*,*,#1121,.T.);
#1637=ORIENTED_EDGE('',*,*,#1124,.T.);
#1638=ORIENTED_EDGE('',*,*,#1146,.T.);
#1639=ORIENTED_EDGE('',*,*,#1040,.T.);
#1640=ORIENTED_EDGE('',*,*,#1033,.T.);
#1641=ORIENTED_EDGE('',*,*,#1037,.T.);
#1642=ORIENTED_EDGE('',*,*,#1148,.T.);
#1643=ORIENTED_EDGE('',*,*,#1030,.T.);
#1644=ORIENTED_EDGE('',*,*,#1023,.T.);
#1645=ORIENTED_EDGE('',*,*,#1027,.T.);
#1646=ORIENTED_EDGE('',*,*,#1151,.T.);
#1647=ORIENTED_EDGE('',*,*,#1069,.T.);
#1648=ORIENTED_EDGE('',*,*,#1073,.T.);
#1649=ORIENTED_EDGE('',*,*,#1065,.T.);
#1650=ORIENTED_EDGE('',*,*,#1152,.T.);
#1651=ORIENTED_EDGE('',*,*,#1020,.T.);
#1652=ORIENTED_EDGE('',*,*,#1013,.T.);
#1653=ORIENTED_EDGE('',*,*,#1017,.T.);
#1654=ORIENTED_EDGE('',*,*,#1187,.T.);
#1655=ORIENTED_EDGE('',*,*,#1089,.T.);
#1656=ORIENTED_EDGE('',*,*,#1093,.T.);
#1657=ORIENTED_EDGE('',*,*,#1085,.T.);
#1658=ORIENTED_EDGE('',*,*,#1145,.T.);
#1659=ORIENTED_EDGE('',*,*,#1198,.T.);
#1660=ORIENTED_EDGE('',*,*,#1129,.T.);
#1661=ORIENTED_EDGE('',*,*,#1075,.T.);
#1662=ORIENTED_EDGE('',*,*,#1079,.T.);
#1663=ORIENTED_EDGE('',*,*,#1082,.T.);
#1664=ORIENTED_EDGE('',*,*,#1132,.T.);
#1665=ORIENTED_EDGE('',*,*,#1055,.T.);
#1666=ORIENTED_EDGE('',*,*,#1059,.T.);
#1667=ORIENTED_EDGE('',*,*,#1062,.T.);
#1668=ORIENTED_EDGE('',*,*,#1136,.T.);
#1669=ORIENTED_EDGE('',*,*,#979,.T.);
#1670=ORIENTED_EDGE('',*,*,#983,.T.);
#1671=ORIENTED_EDGE('',*,*,#986,.T.);
#1672=ORIENTED_EDGE('',*,*,#1134,.T.);
#1673=ORIENTED_EDGE('',*,*,#945,.T.);
#1674=ORIENTED_EDGE('',*,*,#949,.T.);
#1675=ORIENTED_EDGE('',*,*,#952,.T.);
#1676=ORIENTED_EDGE('',*,*,#1139,.T.);
#1677=ORIENTED_EDGE('',*,*,#1095,.T.);
#1678=ORIENTED_EDGE('',*,*,#1099,.T.);
#1679=ORIENTED_EDGE('',*,*,#1102,.T.);
#1680=ORIENTED_EDGE('',*,*,#1127,.T.);
#1681=ORIENTED_EDGE('',*,*,#935,.T.);
#1682=ORIENTED_EDGE('',*,*,#939,.T.);
#1683=ORIENTED_EDGE('',*,*,#962,.T.);
#1684=ORIENTED_EDGE('',*,*,#965,.T.);
#1685=ORIENTED_EDGE('',*,*,#955,.T.);
#1686=ORIENTED_EDGE('',*,*,#959,.T.);
#1687=ORIENTED_EDGE('',*,*,#974,.T.);
#1688=ORIENTED_EDGE('',*,*,#977,.T.);
#1689=ORIENTED_EDGE('',*,*,#967,.T.);
#1690=ORIENTED_EDGE('',*,*,#971,.T.);
#1691=ORIENTED_EDGE('',*,*,#996,.T.);
#1692=ORIENTED_EDGE('',*,*,#999,.T.);
#1693=ORIENTED_EDGE('',*,*,#989,.T.);
#1694=ORIENTED_EDGE('',*,*,#993,.T.);
#1695=ORIENTED_EDGE('',*,*,#1008,.T.);
#1696=ORIENTED_EDGE('',*,*,#1011,.T.);
#1697=ORIENTED_EDGE('',*,*,#1001,.T.);
#1698=ORIENTED_EDGE('',*,*,#1005,.T.);
#1699=ORIENTED_EDGE('',*,*,#1050,.T.);
#1700=ORIENTED_EDGE('',*,*,#1053,.T.);
#1701=ORIENTED_EDGE('',*,*,#1043,.T.);
#1702=ORIENTED_EDGE('',*,*,#1047,.T.);
#1703=ORIENTED_EDGE('',*,*,#1112,.T.);
#1704=ORIENTED_EDGE('',*,*,#1115,.T.);
#1705=ORIENTED_EDGE('',*,*,#1105,.T.);
#1706=ORIENTED_EDGE('',*,*,#1109,.T.);
#1707=ORIENTED_EDGE('',*,*,#1184,.T.);
#1708=ORIENTED_EDGE('',*,*,#1190,.T.);
#1709=ORIENTED_EDGE('',*,*,#1188,.T.);
#1710=ORIENTED_EDGE('',*,*,#1181,.T.);
#1711=ORIENTED_EDGE('',*,*,#1179,.T.);
#1712=ORIENTED_EDGE('',*,*,#1193,.T.);
#1713=ORIENTED_EDGE('',*,*,#1191,.T.);
#1714=ORIENTED_EDGE('',*,*,#1176,.T.);
#1715=ORIENTED_EDGE('',*,*,#1174,.T.);
#1716=ORIENTED_EDGE('',*,*,#1196,.T.);
#1717=ORIENTED_EDGE('',*,*,#1194,.T.);
#1718=ORIENTED_EDGE('',*,*,#1171,.T.);
#1719=ORIENTED_EDGE('',*,*,#1130,.T.);
#1720=ORIENTED_EDGE('',*,*,#1198,.F.);
#1721=ORIENTED_EDGE('',*,*,#1144,.T.);
#1722=ORIENTED_EDGE('',*,*,#1154,.F.);
#1723=ORIENTED_EDGE('',*,*,#944,.T.);
#1724=ORIENTED_EDGE('',*,*,#1157,.F.);
#1725=ORIENTED_EDGE('',*,*,#1186,.F.);
#1726=ORIENTED_EDGE('',*,*,#1197,.F.);
#1727=PLANE('',#1921);
#1728=PLANE('',#1922);
#1729=PLANE('',#1923);
#1730=PLANE('',#1924);
#1731=PLANE('',#1925);
#1732=PLANE('',#1926);
#1733=PLANE('',#1927);
#1734=PLANE('',#1928);
#1735=PLANE('',#1929);
#1736=PLANE('',#1930);
#1737=PLANE('',#1931);
#1738=PLANE('',#1932);
#1739=PLANE('',#1933);
#1740=PLANE('',#1934);
#1741=PLANE('',#1935);
#1742=PLANE('',#1936);
#1743=PLANE('',#1937);
#1744=PLANE('',#1938);
#1745=PLANE('',#1939);
#1746=PLANE('',#1940);
#1747=PLANE('',#1941);
#1748=PLANE('',#1942);
#1749=PLANE('',#1943);
#1750=PLANE('',#1944);
#1751=PLANE('',#1945);
#1752=PLANE('',#1946);
#1753=PLANE('',#1947);
#1754=PLANE('',#1948);
#1755=PLANE('',#1949);
#1756=PLANE('',#1950);
#1757=PLANE('',#1951);
#1758=PLANE('',#1952);
#1759=PLANE('',#1953);
#1760=PLANE('',#1954);
#1761=PLANE('',#1955);
#1762=PLANE('',#1956);
#1763=PLANE('',#1957);
#1764=PLANE('',#1958);
#1765=PLANE('',#1959);
#1766=PLANE('',#1960);
#1767=PLANE('',#1961);
#1768=PLANE('',#1962);
#1769=PLANE('',#1963);
#1770=PLANE('',#1964);
#1771=PLANE('',#1965);
#1772=PLANE('',#1966);
#1773=PLANE('',#1967);
#1774=PLANE('',#1968);
#1775=PLANE('',#1969);
#1776=PLANE('',#1970);
#1777=PLANE('',#1971);
#1778=PLANE('',#1972);
#1779=PLANE('',#1973);
#1780=PLANE('',#1974);
#1781=PLANE('',#1975);
#1782=PLANE('',#1976);
#1783=PLANE('',#1977);
#1784=PLANE('',#1978);
#1785=PLANE('',#1979);
#1786=PLANE('',#1980);
#1787=PLANE('',#1981);
#1788=PLANE('',#1982);
#1789=PLANE('',#1983);
#1790=PLANE('',#1984);
#1791=PLANE('',#1985);
#1792=PLANE('',#1986);
#1793=PLANE('',#1987);
#1794=PLANE('',#1988);
#1795=PLANE('',#1989);
#1796=PLANE('',#1990);
#1797=PLANE('',#1991);
#1798=PLANE('',#1992);
#1799=PLANE('',#1993);
#1800=PLANE('',#1994);
#1801=PLANE('',#1995);
#1802=PLANE('',#1996);
#1803=PLANE('',#1997);
#1804=PLANE('',#1998);
#1805=PLANE('',#1999);
#1806=PLANE('',#2000);
#1807=PLANE('',#2001);
#1808=PLANE('',#2002);
#1809=PLANE('',#2003);
#1810=PLANE('',#2004);
#1811=PLANE('',#2005);
#1812=PLANE('',#2006);
#1813=PLANE('',#2007);
#1814=PLANE('',#2008);
#1815=PLANE('',#2009);
#1816=PLANE('',#2010);
#1817=ADVANCED_FACE('',(#33),#1727,.F.);
#1818=ADVANCED_FACE('',(#34),#1728,.F.);
#1819=ADVANCED_FACE('',(#35),#1729,.F.);
#1820=ADVANCED_FACE('',(#36),#1730,.F.);
#1821=ADVANCED_FACE('',(#37),#1731,.F.);
#1822=ADVANCED_FACE('',(#38),#1732,.F.);
#1823=ADVANCED_FACE('',(#39),#1733,.F.);
#1824=ADVANCED_FACE('',(#40),#1734,.F.);
#1825=ADVANCED_FACE('',(#41),#1735,.F.);
#1826=ADVANCED_FACE('',(#42),#1736,.F.);
#1827=ADVANCED_FACE('',(#43),#1737,.F.);
#1828=ADVANCED_FACE('',(#44),#1738,.F.);
#1829=ADVANCED_FACE('',(#45),#1739,.F.);
#1830=ADVANCED_FACE('',(#46),#1740,.F.);
#1831=ADVANCED_FACE('',(#47),#1741,.F.);
#1832=ADVANCED_FACE('',(#48),#1742,.F.);
#1833=ADVANCED_FACE('',(#49),#1743,.F.);
#1834=ADVANCED_FACE('',(#50),#1744,.F.);
#1835=ADVANCED_FACE('',(#51),#1745,.F.);
#1836=ADVANCED_FACE('',(#52),#1746,.F.);
#1837=ADVANCED_FACE('',(#53),#1747,.F.);
#1838=ADVANCED_FACE('',(#54),#1748,.F.);
#1839=ADVANCED_FACE('',(#55),#1749,.F.);
#1840=ADVANCED_FACE('',(#56),#1750,.F.);
#1841=ADVANCED_FACE('',(#57),#1751,.F.);
#1842=ADVANCED_FACE('',(#58),#1752,.F.);
#1843=ADVANCED_FACE('',(#59),#1753,.F.);
#1844=ADVANCED_FACE('',(#60),#1754,.F.);
#1845=ADVANCED_FACE('',(#61),#1755,.F.);
#1846=ADVANCED_FACE('',(#62),#1756,.F.);
#1847=ADVANCED_FACE('',(#63),#1757,.F.);
#1848=ADVANCED_FACE('',(#64),#1758,.F.);
#1849=ADVANCED_FACE('',(#65),#1759,.F.);
#1850=ADVANCED_FACE('',(#66),#1760,.F.);
#1851=ADVANCED_FACE('',(#67),#1761,.F.);
#1852=ADVANCED_FACE('',(#68),#1762,.F.);
#1853=ADVANCED_FACE('',(#69),#1763,.F.);
#1854=ADVANCED_FACE('',(#70),#1764,.F.);
#1855=ADVANCED_FACE('',(#71),#1765,.F.);
#1856=ADVANCED_FACE('',(#72),#1766,.F.);
#1857=ADVANCED_FACE('',(#73),#1767,.F.);
#1858=ADVANCED_FACE('',(#74),#1768,.F.);
#1859=ADVANCED_FACE('',(#75),#1769,.F.);
#1860=ADVANCED_FACE('',(#76),#1770,.F.);
#1861=ADVANCED_FACE('',(#77),#1771,.F.);
#1862=ADVANCED_FACE('',(#78),#1772,.F.);
#1863=ADVANCED_FACE('',(#79),#1773,.F.);
#1864=ADVANCED_FACE('',(#80),#1774,.F.);
#1865=ADVANCED_FACE('',(#81),#1775,.F.);
#1866=ADVANCED_FACE('',(#82),#1776,.F.);
#1867=ADVANCED_FACE('',(#83),#1777,.F.);
#1868=ADVANCED_FACE('',(#84),#1778,.F.);
#1869=ADVANCED_FACE('',(#85),#1779,.F.);
#1870=ADVANCED_FACE('',(#86),#1780,.F.);
#1871=ADVANCED_FACE('',(#87),#1781,.F.);
#1872=ADVANCED_FACE('',(#88),#1782,.F.);
#1873=ADVANCED_FACE('',(#89),#1783,.F.);
#1874=ADVANCED_FACE('',(#90),#1784,.F.);
#1875=ADVANCED_FACE('',(#91),#1785,.F.);
#1876=ADVANCED_FACE('',(#92),#1786,.F.);
#1877=ADVANCED_FACE('',(#93),#1787,.F.);
#1878=ADVANCED_FACE('',(#94),#1788,.F.);
#1879=ADVANCED_FACE('',(#95),#1789,.F.);
#1880=ADVANCED_FACE('',(#96),#1790,.F.);
#1881=ADVANCED_FACE('',(#97),#1791,.F.);
#1882=ADVANCED_FACE('',(#98),#1792,.F.);
#1883=ADVANCED_FACE('',(#99),#1793,.F.);
#1884=ADVANCED_FACE('',(#100),#1794,.F.);
#1885=ADVANCED_FACE('',(#101),#1795,.F.);
#1886=ADVANCED_FACE('',(#102),#1796,.F.);
#1887=ADVANCED_FACE('',(#103),#1797,.F.);
#1888=ADVANCED_FACE('',(#104),#1798,.F.);
#1889=ADVANCED_FACE('',(#105,#15,#16,#17,#18,#19,#20,#21,#22,#23),#1799,
 .T.);
#1890=ADVANCED_FACE('',(#106),#1800,.F.);
#1891=ADVANCED_FACE('',(#107),#1801,.F.);
#1892=ADVANCED_FACE('',(#108),#1802,.F.);
#1893=ADVANCED_FACE('',(#109),#1803,.F.);
#1894=ADVANCED_FACE('',(#110),#1804,.F.);
#1895=ADVANCED_FACE('',(#111),#1805,.F.);
#1896=ADVANCED_FACE('',(#112),#1806,.T.);
#1897=ADVANCED_FACE('',(#113),#1807,.F.);
#1898=ADVANCED_FACE('',(#114),#1808,.F.);
#1899=ADVANCED_FACE('',(#115),#1809,.F.);
#1900=ADVANCED_FACE('',(#116),#1810,.F.);
#1901=ADVANCED_FACE('',(#117),#1811,.F.);
#1902=ADVANCED_FACE('',(#118),#1812,.F.);
#1903=ADVANCED_FACE('',(#119),#1813,.F.);
#1904=ADVANCED_FACE('',(#120,#24,#25,#26,#27,#28,#29,#30,#31,#32),#1814,
 .F.);
#1905=ADVANCED_FACE('',(#121),#1815,.T.);
#1906=ADVANCED_FACE('',(#122),#1816,.F.);
#1907=CLOSED_SHELL('',(#1817,#1818,#1819,#1820,#1821,#1822,#1823,#1824,
#1825,#1826,#1827,#1828,#1829,#1830,#1831,#1832,#1833,#1834,#1835,#1836,
#1837,#1838,#1839,#1840,#1841,#1842,#1843,#1844,#1845,#1846,#1847,#1848,
#1849,#1850,#1851,#1852,#1853,#1854,#1855,#1856,#1857,#1858,#1859,#1860,
#1861,#1862,#1863,#1864,#1865,#1866,#1867,#1868,#1869,#1870,#1871,#1872,
#1873,#1874,#1875,#1876,#1877,#1878,#1879,#1880,#1881,#1882,#1883,#1884,
#1885,#1886,#1887,#1888,#1889,#1890,#1891,#1892,#1893,#1894,#1895,#1896,
#1897,#1898,#1899,#1900,#1901,#1902,#1903,#1904,#1905,#1906));
#1908=DERIVED_UNIT_ELEMENT(#1910,1.);
#1909=DERIVED_UNIT_ELEMENT(#2993,-3.);
#1910=(
MASS_UNIT()
NAMED_UNIT(*)
SI_UNIT(.KILO.,.GRAM.)
);
#1911=DERIVED_UNIT((#1908,#1909));
#1912=MEASURE_REPRESENTATION_ITEM('density measure',
POSITIVE_RATIO_MEASURE(7850.),#1911);
#1913=PROPERTY_DEFINITION_REPRESENTATION(#1918,#1915);
#1914=PROPERTY_DEFINITION_REPRESENTATION(#1919,#1916);
#1915=REPRESENTATION('material name',(#1917),#2990);
#1916=REPRESENTATION('density',(#1912),#2990);
#1917=DESCRIPTIVE_REPRESENTATION_ITEM('Steel','Steel');
#1918=PROPERTY_DEFINITION('material property','material name',#3000);
#1919=PROPERTY_DEFINITION('material property','density of part',#3000);
#1920=AXIS2_PLACEMENT_3D('',#2457,#2011,#2012);
#1921=AXIS2_PLACEMENT_3D('',#2458,#2013,#2014);
#1922=AXIS2_PLACEMENT_3D('',#2467,#2019,#2020);
#1923=AXIS2_PLACEMENT_3D('',#2473,#2024,#2025);
#1924=AXIS2_PLACEMENT_3D('',#2479,#2029,#2030);
#1925=AXIS2_PLACEMENT_3D('',#2488,#2035,#2036);
#1926=AXIS2_PLACEMENT_3D('',#2494,#2040,#2041);
#1927=AXIS2_PLACEMENT_3D('',#2500,#2045,#2046);
#1928=AXIS2_PLACEMENT_3D('',#2509,#2051,#2052);
#1929=AXIS2_PLACEMENT_3D('',#2515,#2056,#2057);
#1930=AXIS2_PLACEMENT_3D('',#2521,#2061,#2062);
#1931=AXIS2_PLACEMENT_3D('',#2524,#2065,#2066);
#1932=AXIS2_PLACEMENT_3D('',#2533,#2071,#2072);
#1933=AXIS2_PLACEMENT_3D('',#2539,#2076,#2077);
#1934=AXIS2_PLACEMENT_3D('',#2545,#2081,#2082);
#1935=AXIS2_PLACEMENT_3D('',#2548,#2085,#2086);
#1936=AXIS2_PLACEMENT_3D('',#2557,#2091,#2092);
#1937=AXIS2_PLACEMENT_3D('',#2563,#2096,#2097);
#1938=AXIS2_PLACEMENT_3D('',#2569,#2101,#2102);
#1939=AXIS2_PLACEMENT_3D('',#2578,#2107,#2108);
#1940=AXIS2_PLACEMENT_3D('',#2584,#2112,#2113);
#1941=AXIS2_PLACEMENT_3D('',#2590,#2117,#2118);
#1942=AXIS2_PLACEMENT_3D('',#2593,#2121,#2122);
#1943=AXIS2_PLACEMENT_3D('',#2602,#2127,#2128);
#1944=AXIS2_PLACEMENT_3D('',#2608,#2132,#2133);
#1945=AXIS2_PLACEMENT_3D('',#2614,#2137,#2138);
#1946=AXIS2_PLACEMENT_3D('',#2617,#2141,#2142);
#1947=AXIS2_PLACEMENT_3D('',#2626,#2147,#2148);
#1948=AXIS2_PLACEMENT_3D('',#2632,#2152,#2153);
#1949=AXIS2_PLACEMENT_3D('',#2638,#2157,#2158);
#1950=AXIS2_PLACEMENT_3D('',#2647,#2163,#2164);
#1951=AXIS2_PLACEMENT_3D('',#2653,#2168,#2169);
#1952=AXIS2_PLACEMENT_3D('',#2659,#2173,#2174);
#1953=AXIS2_PLACEMENT_3D('',#2668,#2179,#2180);
#1954=AXIS2_PLACEMENT_3D('',#2674,#2184,#2185);
#1955=AXIS2_PLACEMENT_3D('',#2680,#2189,#2190);
#1956=AXIS2_PLACEMENT_3D('',#2689,#2195,#2196);
#1957=AXIS2_PLACEMENT_3D('',#2695,#2200,#2201);
#1958=AXIS2_PLACEMENT_3D('',#2701,#2205,#2206);
#1959=AXIS2_PLACEMENT_3D('',#2704,#2209,#2210);
#1960=AXIS2_PLACEMENT_3D('',#2713,#2215,#2216);
#1961=AXIS2_PLACEMENT_3D('',#2719,#2220,#2221);
#1962=AXIS2_PLACEMENT_3D('',#2725,#2225,#2226);
#1963=AXIS2_PLACEMENT_3D('',#2734,#2231,#2232);
#1964=AXIS2_PLACEMENT_3D('',#2743,#2237,#2238);
#1965=AXIS2_PLACEMENT_3D('',#2746,#2241,#2242);
#1966=AXIS2_PLACEMENT_3D('',#2755,#2247,#2248);
#1967=AXIS2_PLACEMENT_3D('',#2761,#2252,#2253);
#1968=AXIS2_PLACEMENT_3D('',#2767,#2257,#2258);
#1969=AXIS2_PLACEMENT_3D('',#2776,#2263,#2264);
#1970=AXIS2_PLACEMENT_3D('',#2785,#2269,#2270);
#1971=AXIS2_PLACEMENT_3D('',#2788,#2273,#2274);
#1972=AXIS2_PLACEMENT_3D('',#2797,#2279,#2280);
#1973=AXIS2_PLACEMENT_3D('',#2803,#2284,#2285);
#1974=AXIS2_PLACEMENT_3D('',#2809,#2289,#2290);
#1975=AXIS2_PLACEMENT_3D('',#2818,#2295,#2296);
#1976=AXIS2_PLACEMENT_3D('',#2824,#2300,#2301);
#1977=AXIS2_PLACEMENT_3D('',#2830,#2305,#2306);
#1978=AXIS2_PLACEMENT_3D('',#2833,#2309,#2310);
#1979=AXIS2_PLACEMENT_3D('',#2842,#2315,#2316);
#1980=AXIS2_PLACEMENT_3D('',#2848,#2320,#2321);
#1981=AXIS2_PLACEMENT_3D('',#2854,#2325,#2326);
#1982=AXIS2_PLACEMENT_3D('',#2857,#2329,#2330);
#1983=AXIS2_PLACEMENT_3D('',#2863,#2334,#2335);
#1984=AXIS2_PLACEMENT_3D('',#2866,#2338,#2339);
#1985=AXIS2_PLACEMENT_3D('',#2869,#2342,#2343);
#1986=AXIS2_PLACEMENT_3D('',#2872,#2346,#2347);
#1987=AXIS2_PLACEMENT_3D('',#2875,#2350,#2351);
#1988=AXIS2_PLACEMENT_3D('',#2881,#2355,#2356);
#1989=AXIS2_PLACEMENT_3D('',#2887,#2360,#2361);
#1990=AXIS2_PLACEMENT_3D('',#2890,#2364,#2365);
#1991=AXIS2_PLACEMENT_3D('',#2893,#2368,#2369);
#1992=AXIS2_PLACEMENT_3D('',#2896,#2372,#2373);
#1993=AXIS2_PLACEMENT_3D('',#2899,#2376,#2377);
#1994=AXIS2_PLACEMENT_3D('',#2929,#2394,#2395);
#1995=AXIS2_PLACEMENT_3D('',#2935,#2399,#2400);
#1996=AXIS2_PLACEMENT_3D('',#2939,#2403,#2404);
#1997=AXIS2_PLACEMENT_3D('',#2945,#2408,#2409);
#1998=AXIS2_PLACEMENT_3D('',#2949,#2412,#2413);
#1999=AXIS2_PLACEMENT_3D('',#2955,#2417,#2418);
#2000=AXIS2_PLACEMENT_3D('',#2959,#2421,#2422);
#2001=AXIS2_PLACEMENT_3D('',#2963,#2425,#2426);
#2002=AXIS2_PLACEMENT_3D('',#2965,#2428,#2429);
#2003=AXIS2_PLACEMENT_3D('',#2969,#2432,#2433);
#2004=AXIS2_PLACEMENT_3D('',#2971,#2435,#2436);
#2005=AXIS2_PLACEMENT_3D('',#2975,#2439,#2440);
#2006=AXIS2_PLACEMENT_3D('',#2977,#2442,#2443);
#2007=AXIS2_PLACEMENT_3D('',#2981,#2446,#2447);
#2008=AXIS2_PLACEMENT_3D('',#2983,#2449,#2450);
#2009=AXIS2_PLACEMENT_3D('',#2986,#2453,#2454);
#2010=AXIS2_PLACEMENT_3D('',#2987,#2455,#2456);
#2011=DIRECTION('axis',(0.,0.,1.));
#2012=DIRECTION('refdir',(1.,0.,0.));
#2013=DIRECTION('center_axis',(0.,1.,0.));
#2014=DIRECTION('ref_axis',(1.,0.,0.));
#2015=DIRECTION('',(-1.,0.,0.));
#2016=DIRECTION('',(0.,0.,-1.));
#2017=DIRECTION('',(1.,0.,0.));
#2018=DIRECTION('',(0.,0.,-1.));
#2019=DIRECTION('center_axis',(-1.,0.,0.));
#2020=DIRECTION('ref_axis',(0.,1.,0.));
#2021=DIRECTION('',(0.,-1.,0.));
#2022=DIRECTION('',(0.,1.,0.));
#2023=DIRECTION('',(0.,0.,-1.));
#2024=DIRECTION('center_axis',(0.,-1.,0.));
#2025=DIRECTION('ref_axis',(-1.,0.,0.));
#2026=DIRECTION('',(1.,0.,0.));
#2027=DIRECTION('',(-1.,0.,0.));
#2028=DIRECTION('',(0.,0.,1.));
#2029=DIRECTION('center_axis',(0.,1.,0.));
#2030=DIRECTION('ref_axis',(1.,0.,0.));
#2031=DIRECTION('',(-1.,0.,0.));
#2032=DIRECTION('',(0.,0.,-1.));
#2033=DIRECTION('',(1.,0.,0.));
#2034=DIRECTION('',(0.,0.,-1.));
#2035=DIRECTION('center_axis',(-1.,0.,0.));
#2036=DIRECTION('ref_axis',(0.,1.,0.));
#2037=DIRECTION('',(0.,-1.,0.));
#2038=DIRECTION('',(0.,1.,0.));
#2039=DIRECTION('',(0.,0.,-1.));
#2040=DIRECTION('center_axis',(0.,-1.,0.));
#2041=DIRECTION('ref_axis',(-1.,0.,0.));
#2042=DIRECTION('',(1.,0.,0.));
#2043=DIRECTION('',(-1.,0.,0.));
#2044=DIRECTION('',(0.,0.,1.));
#2045=DIRECTION('center_axis',(1.,0.,0.));
#2046=DIRECTION('ref_axis',(0.,-1.,0.));
#2047=DIRECTION('',(0.,1.,0.));
#2048=DIRECTION('',(0.,0.,-1.));
#2049=DIRECTION('',(0.,-1.,0.));
#2050=DIRECTION('',(0.,0.,-1.));
#2051=DIRECTION('center_axis',(0.,1.,0.));
#2052=DIRECTION('ref_axis',(1.,0.,0.));
#2053=DIRECTION('',(-1.,0.,0.));
#2054=DIRECTION('',(1.,0.,0.));
#2055=DIRECTION('',(0.,0.,-1.));
#2056=DIRECTION('center_axis',(-1.,0.,0.));
#2057=DIRECTION('ref_axis',(0.,1.,0.));
#2058=DIRECTION('',(0.,-1.,0.));
#2059=DIRECTION('',(0.,1.,0.));
#2060=DIRECTION('',(0.,0.,-1.));
#2061=DIRECTION('center_axis',(0.,-1.,0.));
#2062=DIRECTION('ref_axis',(-1.,0.,0.));
#2063=DIRECTION('',(1.,0.,0.));
#2064=DIRECTION('',(-1.,0.,0.));
#2065=DIRECTION('center_axis',(1.,0.,0.));
#2066=DIRECTION('ref_axis',(0.,-1.,0.));
#2067=DIRECTION('',(0.,1.,0.));
#2068=DIRECTION('',(0.,0.,-1.));
#2069=DIRECTION('',(0.,-1.,0.));
#2070=DIRECTION('',(0.,0.,-1.));
#2071=DIRECTION('center_axis',(0.,1.,0.));
#2072=DIRECTION('ref_axis',(1.,0.,0.));
#2073=DIRECTION('',(-1.,0.,0.));
#2074=DIRECTION('',(1.,0.,0.));
#2075=DIRECTION('',(0.,0.,-1.));
#2076=DIRECTION('center_axis',(-1.,0.,0.));
#2077=DIRECTION('ref_axis',(0.,1.,0.));
#2078=DIRECTION('',(0.,-1.,0.));
#2079=DIRECTION('',(0.,1.,0.));
#2080=DIRECTION('',(0.,0.,-1.));
#2081=DIRECTION('center_axis',(0.,-1.,0.));
#2082=DIRECTION('ref_axis',(-1.,0.,0.));
#2083=DIRECTION('',(1.,0.,0.));
#2084=DIRECTION('',(-1.,0.,0.));
#2085=DIRECTION('center_axis',(0.,1.,0.));
#2086=DIRECTION('ref_axis',(1.,0.,0.));
#2087=DIRECTION('',(-1.,0.,0.));
#2088=DIRECTION('',(0.,0.,-1.));
#2089=DIRECTION('',(1.,0.,0.));
#2090=DIRECTION('',(0.,0.,-1.));
#2091=DIRECTION('center_axis',(-1.,0.,0.));
#2092=DIRECTION('ref_axis',(0.,1.,0.));
#2093=DIRECTION('',(0.,-1.,0.));
#2094=DIRECTION('',(0.,1.,0.));
#2095=DIRECTION('',(0.,0.,-1.));
#2096=DIRECTION('center_axis',(0.,-1.,0.));
#2097=DIRECTION('ref_axis',(-1.,0.,0.));
#2098=DIRECTION('',(1.,0.,0.));
#2099=DIRECTION('',(-1.,0.,0.));
#2100=DIRECTION('',(0.,0.,1.));
#2101=DIRECTION('center_axis',(0.,1.,0.));
#2102=DIRECTION('ref_axis',(1.,0.,0.));
#2103=DIRECTION('',(-1.,0.,0.));
#2104=DIRECTION('',(0.,0.,-1.));
#2105=DIRECTION('',(1.,0.,0.));
#2106=DIRECTION('',(0.,0.,-1.));
#2107=DIRECTION('center_axis',(-1.,0.,0.));
#2108=DIRECTION('ref_axis',(0.,1.,0.));
#2109=DIRECTION('',(0.,-1.,0.));
#2110=DIRECTION('',(0.,1.,0.));
#2111=DIRECTION('',(0.,0.,-1.));
#2112=DIRECTION('center_axis',(0.,-1.,0.));
#2113=DIRECTION('ref_axis',(-1.,0.,0.));
#2114=DIRECTION('',(1.,0.,0.));
#2115=DIRECTION('',(-1.,0.,0.));
#2116=DIRECTION('',(0.,0.,-1.));
#2117=DIRECTION('center_axis',(1.,0.,0.));
#2118=DIRECTION('ref_axis',(0.,-1.,0.));
#2119=DIRECTION('',(0.,1.,0.));
#2120=DIRECTION('',(0.,-1.,0.));
#2121=DIRECTION('center_axis',(1.,0.,0.));
#2122=DIRECTION('ref_axis',(0.,-1.,0.));
#2123=DIRECTION('',(0.,1.,0.));
#2124=DIRECTION('',(0.,0.,-1.));
#2125=DIRECTION('',(0.,-1.,0.));
#2126=DIRECTION('',(0.,0.,-1.));
#2127=DIRECTION('center_axis',(0.,1.,0.));
#2128=DIRECTION('ref_axis',(1.,0.,0.));
#2129=DIRECTION('',(-1.,0.,0.));
#2130=DIRECTION('',(1.,0.,0.));
#2131=DIRECTION('',(0.,0.,-1.));
#2132=DIRECTION('center_axis',(-1.,0.,0.));
#2133=DIRECTION('ref_axis',(0.,1.,0.));
#2134=DIRECTION('',(0.,-1.,0.));
#2135=DIRECTION('',(0.,1.,0.));
#2136=DIRECTION('',(0.,0.,-1.));
#2137=DIRECTION('center_axis',(0.,-1.,0.));
#2138=DIRECTION('ref_axis',(-1.,0.,0.));
#2139=DIRECTION('',(1.,0.,0.));
#2140=DIRECTION('',(-1.,0.,0.));
#2141=DIRECTION('center_axis',(1.,0.,0.));
#2142=DIRECTION('ref_axis',(0.,-1.,0.));
#2143=DIRECTION('',(0.,1.,0.));
#2144=DIRECTION('',(0.,0.,-1.));
#2145=DIRECTION('',(0.,-1.,0.));
#2146=DIRECTION('',(0.,0.,-1.));
#2147=DIRECTION('center_axis',(0.,1.,0.));
#2148=DIRECTION('ref_axis',(1.,0.,0.));
#2149=DIRECTION('',(-1.,0.,0.));
#2150=DIRECTION('',(1.,0.,0.));
#2151=DIRECTION('',(0.,0.,1.));
#2152=DIRECTION('center_axis',(0.,-1.,0.));
#2153=DIRECTION('ref_axis',(-1.,0.,0.));
#2154=DIRECTION('',(1.,0.,0.));
#2155=DIRECTION('',(0.,0.,-1.));
#2156=DIRECTION('',(-1.,0.,0.));
#2157=DIRECTION('center_axis',(1.,0.,0.));
#2158=DIRECTION('ref_axis',(0.,-1.,0.));
#2159=DIRECTION('',(0.,1.,0.));
#2160=DIRECTION('',(0.,0.,-1.));
#2161=DIRECTION('',(0.,-1.,0.));
#2162=DIRECTION('',(0.,0.,-1.));
#2163=DIRECTION('center_axis',(0.,1.,0.));
#2164=DIRECTION('ref_axis',(1.,0.,0.));
#2165=DIRECTION('',(-1.,0.,0.));
#2166=DIRECTION('',(1.,0.,0.));
#2167=DIRECTION('',(0.,0.,1.));
#2168=DIRECTION('center_axis',(0.,-1.,0.));
#2169=DIRECTION('ref_axis',(-1.,0.,0.));
#2170=DIRECTION('',(1.,0.,0.));
#2171=DIRECTION('',(0.,0.,-1.));
#2172=DIRECTION('',(-1.,0.,0.));
#2173=DIRECTION('center_axis',(1.,0.,0.));
#2174=DIRECTION('ref_axis',(0.,-1.,0.));
#2175=DIRECTION('',(0.,1.,0.));
#2176=DIRECTION('',(0.,0.,-1.));
#2177=DIRECTION('',(0.,-1.,0.));
#2178=DIRECTION('',(0.,0.,-1.));
#2179=DIRECTION('center_axis',(0.,1.,0.));
#2180=DIRECTION('ref_axis',(1.,0.,0.));
#2181=DIRECTION('',(-1.,0.,0.));
#2182=DIRECTION('',(1.,0.,0.));
#2183=DIRECTION('',(0.,0.,1.));
#2184=DIRECTION('center_axis',(0.,-1.,0.));
#2185=DIRECTION('ref_axis',(-1.,0.,0.));
#2186=DIRECTION('',(1.,0.,0.));
#2187=DIRECTION('',(0.,0.,-1.));
#2188=DIRECTION('',(-1.,0.,0.));
#2189=DIRECTION('center_axis',(0.,1.,0.));
#2190=DIRECTION('ref_axis',(1.,0.,0.));
#2191=DIRECTION('',(-1.,0.,0.));
#2192=DIRECTION('',(0.,0.,-1.));
#2193=DIRECTION('',(1.,0.,0.));
#2194=DIRECTION('',(0.,0.,-1.));
#2195=DIRECTION('center_axis',(-1.,0.,0.));
#2196=DIRECTION('ref_axis',(0.,1.,0.));
#2197=DIRECTION('',(0.,-1.,0.));
#2198=DIRECTION('',(0.,1.,0.));
#2199=DIRECTION('',(0.,0.,-1.));
#2200=DIRECTION('center_axis',(0.,-1.,0.));
#2201=DIRECTION('ref_axis',(-1.,0.,0.));
#2202=DIRECTION('',(1.,0.,0.));
#2203=DIRECTION('',(-1.,0.,0.));
#2204=DIRECTION('',(0.,0.,-1.));
#2205=DIRECTION('center_axis',(1.,0.,0.));
#2206=DIRECTION('ref_axis',(0.,-1.,0.));
#2207=DIRECTION('',(0.,1.,0.));
#2208=DIRECTION('',(0.,-1.,0.));
#2209=DIRECTION('center_axis',(0.,1.,0.));
#2210=DIRECTION('ref_axis',(1.,0.,0.));
#2211=DIRECTION('',(-1.,0.,0.));
#2212=DIRECTION('',(0.,0.,-1.));
#2213=DIRECTION('',(1.,0.,0.));
#2214=DIRECTION('',(0.,0.,-1.));
#2215=DIRECTION('center_axis',(-1.,0.,0.));
#2216=DIRECTION('ref_axis',(0.,1.,0.));
#2217=DIRECTION('',(0.,-1.,0.));
#2218=DIRECTION('',(0.,1.,0.));
#2219=DIRECTION('',(0.,0.,-1.));
#2220=DIRECTION('center_axis',(0.,-1.,0.));
#2221=DIRECTION('ref_axis',(-1.,0.,0.));
#2222=DIRECTION('',(1.,0.,0.));
#2223=DIRECTION('',(-1.,0.,0.));
#2224=DIRECTION('',(0.,0.,1.));
#2225=DIRECTION('center_axis',(0.,1.,0.));
#2226=DIRECTION('ref_axis',(1.,0.,0.));
#2227=DIRECTION('',(-1.,0.,0.));
#2228=DIRECTION('',(0.,0.,-1.));
#2229=DIRECTION('',(1.,0.,0.));
#2230=DIRECTION('',(0.,0.,1.));
#2231=DIRECTION('center_axis',(0.,-1.,0.));
#2232=DIRECTION('ref_axis',(-1.,0.,0.));
#2233=DIRECTION('',(1.,0.,0.));
#2234=DIRECTION('',(0.,0.,-1.));
#2235=DIRECTION('',(-1.,0.,0.));
#2236=DIRECTION('',(0.,0.,-1.));
#2237=DIRECTION('center_axis',(1.,0.,0.));
#2238=DIRECTION('ref_axis',(0.,-1.,0.));
#2239=DIRECTION('',(0.,1.,0.));
#2240=DIRECTION('',(0.,-1.,0.));
#2241=DIRECTION('center_axis',(0.,1.,0.));
#2242=DIRECTION('ref_axis',(1.,0.,0.));
#2243=DIRECTION('',(-1.,0.,0.));
#2244=DIRECTION('',(0.,0.,-1.));
#2245=DIRECTION('',(1.,0.,0.));
#2246=DIRECTION('',(0.,0.,-1.));
#2247=DIRECTION('center_axis',(-1.,0.,0.));
#2248=DIRECTION('ref_axis',(0.,1.,0.));
#2249=DIRECTION('',(0.,-1.,0.));
#2250=DIRECTION('',(0.,1.,0.));
#2251=DIRECTION('',(0.,0.,-1.));
#2252=DIRECTION('center_axis',(0.,-1.,0.));
#2253=DIRECTION('ref_axis',(-1.,0.,0.));
#2254=DIRECTION('',(1.,0.,0.));
#2255=DIRECTION('',(-1.,0.,0.));
#2256=DIRECTION('',(0.,0.,1.));
#2257=DIRECTION('center_axis',(0.,1.,0.));
#2258=DIRECTION('ref_axis',(1.,0.,0.));
#2259=DIRECTION('',(-1.,0.,0.));
#2260=DIRECTION('',(0.,0.,-1.));
#2261=DIRECTION('',(1.,0.,0.));
#2262=DIRECTION('',(0.,0.,1.));
#2263=DIRECTION('center_axis',(0.,-1.,0.));
#2264=DIRECTION('ref_axis',(-1.,0.,0.));
#2265=DIRECTION('',(1.,0.,0.));
#2266=DIRECTION('',(0.,0.,-1.));
#2267=DIRECTION('',(-1.,0.,0.));
#2268=DIRECTION('',(0.,0.,-1.));
#2269=DIRECTION('center_axis',(1.,0.,0.));
#2270=DIRECTION('ref_axis',(0.,-1.,0.));
#2271=DIRECTION('',(0.,1.,0.));
#2272=DIRECTION('',(0.,-1.,0.));
#2273=DIRECTION('center_axis',(0.,1.,0.));
#2274=DIRECTION('ref_axis',(1.,0.,0.));
#2275=DIRECTION('',(-1.,0.,0.));
#2276=DIRECTION('',(0.,0.,-1.));
#2277=DIRECTION('',(1.,0.,0.));
#2278=DIRECTION('',(0.,0.,-1.));
#2279=DIRECTION('center_axis',(-1.,0.,0.));
#2280=DIRECTION('ref_axis',(0.,1.,0.));
#2281=DIRECTION('',(0.,-1.,0.));
#2282=DIRECTION('',(0.,1.,0.));
#2283=DIRECTION('',(0.,0.,-1.));
#2284=DIRECTION('center_axis',(0.,-1.,0.));
#2285=DIRECTION('ref_axis',(-1.,0.,0.));
#2286=DIRECTION('',(1.,0.,0.));
#2287=DIRECTION('',(-1.,0.,0.));
#2288=DIRECTION('',(0.,0.,1.));
#2289=DIRECTION('center_axis',(1.,0.,0.));
#2290=DIRECTION('ref_axis',(0.,-1.,0.));
#2291=DIRECTION('',(0.,1.,0.));
#2292=DIRECTION('',(0.,0.,-1.));
#2293=DIRECTION('',(0.,-1.,0.));
#2294=DIRECTION('',(0.,0.,-1.));
#2295=DIRECTION('center_axis',(0.,1.,0.));
#2296=DIRECTION('ref_axis',(1.,0.,0.));
#2297=DIRECTION('',(-1.,0.,0.));
#2298=DIRECTION('',(1.,0.,0.));
#2299=DIRECTION('',(0.,0.,-1.));
#2300=DIRECTION('center_axis',(-1.,0.,0.));
#2301=DIRECTION('ref_axis',(0.,1.,0.));
#2302=DIRECTION('',(0.,-1.,0.));
#2303=DIRECTION('',(0.,1.,0.));
#2304=DIRECTION('',(0.,0.,-1.));
#2305=DIRECTION('center_axis',(0.,-1.,0.));
#2306=DIRECTION('ref_axis',(-1.,0.,0.));
#2307=DIRECTION('',(1.,0.,0.));
#2308=DIRECTION('',(-1.,0.,0.));
#2309=DIRECTION('center_axis',(0.,-1.,0.));
#2310=DIRECTION('ref_axis',(-1.,0.,0.));
#2311=DIRECTION('',(1.,0.,0.));
#2312=DIRECTION('',(0.,0.,-1.));
#2313=DIRECTION('',(-1.,0.,0.));
#2314=DIRECTION('',(0.,0.,-1.));
#2315=DIRECTION('center_axis',(1.,0.,0.));
#2316=DIRECTION('ref_axis',(0.,-1.,0.));
#2317=DIRECTION('',(0.,1.,0.));
#2318=DIRECTION('',(0.,-1.,0.));
#2319=DIRECTION('',(0.,0.,-1.));
#2320=DIRECTION('center_axis',(0.,1.,0.));
#2321=DIRECTION('ref_axis',(1.,0.,0.));
#2322=DIRECTION('',(-1.,0.,0.));
#2323=DIRECTION('',(1.,0.,0.));
#2324=DIRECTION('',(0.,0.,1.));
#2325=DIRECTION('center_axis',(-1.,0.,0.));
#2326=DIRECTION('ref_axis',(0.,0.,1.));
#2327=DIRECTION('',(0.,-1.,0.));
#2328=DIRECTION('',(0.,1.,0.));
#2329=DIRECTION('center_axis',(-1.,0.,0.));
#2330=DIRECTION('ref_axis',(0.,0.,1.));
#2331=DIRECTION('',(0.,-1.,0.));
#2332=DIRECTION('',(0.,0.,-1.));
#2333=DIRECTION('',(0.,1.,0.));
#2334=DIRECTION('center_axis',(-1.,0.,0.));
#2335=DIRECTION('ref_axis',(0.,0.,1.));
#2336=DIRECTION('',(0.,-1.,0.));
#2337=DIRECTION('',(0.,1.,0.));
#2338=DIRECTION('center_axis',(-1.,0.,0.));
#2339=DIRECTION('ref_axis',(0.,0.,1.));
#2340=DIRECTION('',(0.,-1.,0.));
#2341=DIRECTION('',(0.,1.,0.));
#2342=DIRECTION('center_axis',(-1.,0.,0.));
#2343=DIRECTION('ref_axis',(0.,0.,1.));
#2344=DIRECTION('',(0.,-1.,0.));
#2345=DIRECTION('',(0.,1.,0.));
#2346=DIRECTION('center_axis',(-1.,0.,0.));
#2347=DIRECTION('ref_axis',(0.,0.,1.));
#2348=DIRECTION('',(0.,1.,0.));
#2349=DIRECTION('',(0.,-1.,0.));
#2350=DIRECTION('center_axis',(1.,0.,0.));
#2351=DIRECTION('ref_axis',(0.,0.,-1.));
#2352=DIRECTION('',(0.,1.,0.));
#2353=DIRECTION('',(0.,0.,-1.));
#2354=DIRECTION('',(0.,-1.,0.));
#2355=DIRECTION('center_axis',(1.,0.,0.));
#2356=DIRECTION('ref_axis',(0.,0.,-1.));
#2357=DIRECTION('',(0.,-1.,0.));
#2358=DIRECTION('',(0.,0.,1.));
#2359=DIRECTION('',(0.,1.,0.));
#2360=DIRECTION('center_axis',(1.,0.,0.));
#2361=DIRECTION('ref_axis',(0.,0.,-1.));
#2362=DIRECTION('',(0.,1.,0.));
#2363=DIRECTION('',(0.,-1.,0.));
#2364=DIRECTION('center_axis',(1.,0.,0.));
#2365=DIRECTION('ref_axis',(0.,0.,-1.));
#2366=DIRECTION('',(0.,1.,0.));
#2367=DIRECTION('',(0.,-1.,0.));
#2368=DIRECTION('center_axis',(1.,0.,0.));
#2369=DIRECTION('ref_axis',(0.,0.,-1.));
#2370=DIRECTION('',(0.,-1.,0.));
#2371=DIRECTION('',(0.,1.,0.));
#2372=DIRECTION('center_axis',(1.,0.,0.));
#2373=DIRECTION('ref_axis',(0.,0.,-1.));
#2374=DIRECTION('',(0.,1.,0.));
#2375=DIRECTION('',(0.,-1.,0.));
#2376=DIRECTION('center_axis',(0.,0.,1.));
#2377=DIRECTION('ref_axis',(1.,0.,0.));
#2378=DIRECTION('',(-1.,0.,0.));
#2379=DIRECTION('',(0.,-1.,0.));
#2380=DIRECTION('',(1.,0.,0.));
#2381=DIRECTION('',(0.,1.,0.));
#2382=DIRECTION('',(0.,-1.,0.));
#2383=DIRECTION('',(-1.,0.,0.));
#2384=DIRECTION('',(0.,1.,0.));
#2385=DIRECTION('',(1.,0.,0.));
#2386=DIRECTION('',(0.,-1.,0.));
#2387=DIRECTION('',(-1.,0.,0.));
#2388=DIRECTION('',(0.,1.,0.));
#2389=DIRECTION('',(1.,0.,0.));
#2390=DIRECTION('',(0.,-1.,0.));
#2391=DIRECTION('',(-1.,0.,0.));
#2392=DIRECTION('',(0.,1.,0.));
#2393=DIRECTION('',(1.,0.,0.));
#2394=DIRECTION('center_axis',(0.,-1.,0.));
#2395=DIRECTION('ref_axis',(-1.,0.,0.));
#2396=DIRECTION('',(0.,0.,-1.));
#2397=DIRECTION('',(1.,0.,0.));
#2398=DIRECTION('',(0.,0.,-1.));
#2399=DIRECTION('center_axis',(1.,0.,0.));
#2400=DIRECTION('ref_axis',(0.,-1.,0.));
#2401=DIRECTION('',(0.,0.,-1.));
#2402=DIRECTION('',(0.,1.,0.));
#2403=DIRECTION('center_axis',(0.,-1.,0.));
#2404=DIRECTION('ref_axis',(-1.,0.,0.));
#2405=DIRECTION('',(0.,0.,-1.));
#2406=DIRECTION('',(1.,0.,0.));
#2407=DIRECTION('',(0.,0.,-1.));
#2408=DIRECTION('center_axis',(1.,0.,0.));
#2409=DIRECTION('ref_axis',(0.,-1.,0.));
#2410=DIRECTION('',(0.,0.,-1.));
#2411=DIRECTION('',(0.,1.,0.));
#2412=DIRECTION('center_axis',(0.,-1.,0.));
#2413=DIRECTION('ref_axis',(-1.,0.,0.));
#2414=DIRECTION('',(0.,0.,-1.));
#2415=DIRECTION('',(1.,0.,0.));
#2416=DIRECTION('',(0.,0.,-1.));
#2417=DIRECTION('center_axis',(1.,0.,0.));
#2418=DIRECTION('ref_axis',(0.,-1.,0.));
#2419=DIRECTION('',(0.,0.,-1.));
#2420=DIRECTION('',(0.,1.,0.));
#2421=DIRECTION('center_axis',(0.,-1.,0.));
#2422=DIRECTION('ref_axis',(1.,0.,0.));
#2423=DIRECTION('',(-1.,0.,0.));
#2424=DIRECTION('',(0.,0.,1.));
#2425=DIRECTION('center_axis',(1.,0.,0.));
#2426=DIRECTION('ref_axis',(0.,0.,-1.));
#2427=DIRECTION('',(0.,1.,0.));
#2428=DIRECTION('center_axis',(-1.,0.,0.));
#2429=DIRECTION('ref_axis',(0.,1.,0.));
#2430=DIRECTION('',(0.,-1.,0.));
#2431=DIRECTION('',(0.,0.,-1.));
#2432=DIRECTION('center_axis',(0.,1.,0.));
#2433=DIRECTION('ref_axis',(1.,0.,0.));
#2434=DIRECTION('',(-1.,0.,0.));
#2435=DIRECTION('center_axis',(-1.,0.,0.));
#2436=DIRECTION('ref_axis',(0.,1.,0.));
#2437=DIRECTION('',(0.,-1.,0.));
#2438=DIRECTION('',(0.,0.,-1.));
#2439=DIRECTION('center_axis',(0.,1.,0.));
#2440=DIRECTION('ref_axis',(1.,0.,0.));
#2441=DIRECTION('',(-1.,0.,0.));
#2442=DIRECTION('center_axis',(-1.,0.,0.));
#2443=DIRECTION('ref_axis',(0.,1.,0.));
#2444=DIRECTION('',(0.,-1.,0.));
#2445=DIRECTION('',(0.,0.,-1.));
#2446=DIRECTION('center_axis',(0.,1.,0.));
#2447=DIRECTION('ref_axis',(1.,0.,0.));
#2448=DIRECTION('',(-1.,0.,0.));
#2449=DIRECTION('center_axis',(0.,0.,1.));
#2450=DIRECTION('ref_axis',(1.,0.,0.));
#2451=DIRECTION('',(0.,-1.,0.));
#2452=DIRECTION('',(1.,0.,0.));
#2453=DIRECTION('center_axis',(0.,1.,0.));
#2454=DIRECTION('ref_axis',(-1.,0.,0.));
#2455=DIRECTION('center_axis',(-1.,0.,0.));
#2456=DIRECTION('ref_axis',(0.,0.,1.));
#2457=CARTESIAN_POINT('',(0.,0.,0.));
#2458=CARTESIAN_POINT('Origin',(10.0000001490116,-2.00000002980232,2.5));
#2459=CARTESIAN_POINT('',(15.0000002235174,-2.00000002980232,0.));
#2460=CARTESIAN_POINT('',(10.0000001490116,-2.00000002980232,0.));
#2461=CARTESIAN_POINT('',(5.00000007450581,-2.00000002980232,0.));
#2462=CARTESIAN_POINT('',(15.0000002235174,-2.00000002980232,2.5));
#2463=CARTESIAN_POINT('',(15.,-2.00000002980232,1.25));
#2464=CARTESIAN_POINT('',(10.0000001490116,-2.00000002980232,2.5));
#2465=CARTESIAN_POINT('',(5.00000007450581,-2.00000002980232,2.5));
#2466=CARTESIAN_POINT('',(10.0000001490116,-2.00000002980232,2.5));
#2467=CARTESIAN_POINT('Origin',(10.0000001490116,-3.00000004470348,2.5));
#2468=CARTESIAN_POINT('',(10.0000001490116,-3.00000004470348,0.));
#2469=CARTESIAN_POINT('',(10.0000001490116,5.99999997764826,0.));
#2470=CARTESIAN_POINT('',(10.0000001490116,-3.00000004470348,2.5));
#2471=CARTESIAN_POINT('',(10.0000001490116,5.99999997764826,2.5));
#2472=CARTESIAN_POINT('',(10.0000001490116,-3.00000004470348,2.5));
#2473=CARTESIAN_POINT('Origin',(15.0000002235174,-3.00000004470348,2.5));
#2474=CARTESIAN_POINT('',(15.0000002235174,-3.00000004470348,0.));
#2475=CARTESIAN_POINT('',(7.50000011175871,-3.00000004470348,0.));
#2476=CARTESIAN_POINT('',(15.0000002235174,-3.00000004470348,2.5));
#2477=CARTESIAN_POINT('',(7.50000011175871,-3.00000004470348,2.5));
#2478=CARTESIAN_POINT('',(15.,-3.00000004470348,1.25));
#2479=CARTESIAN_POINT('Origin',(10.0000001490116,14.0000002086163,2.5));
#2480=CARTESIAN_POINT('',(15.0000002235174,14.0000002086163,0.));
#2481=CARTESIAN_POINT('',(10.0000001490116,14.0000002086163,0.));
#2482=CARTESIAN_POINT('',(5.00000007450581,14.0000002086163,0.));
#2483=CARTESIAN_POINT('',(15.0000002235174,14.0000002086163,2.5));
#2484=CARTESIAN_POINT('',(15.,14.0000002086163,1.25));
#2485=CARTESIAN_POINT('',(10.0000001490116,14.0000002086163,2.5));
#2486=CARTESIAN_POINT('',(5.00000007450581,14.0000002086163,2.5));
#2487=CARTESIAN_POINT('',(10.0000001490116,14.0000002086163,2.5));
#2488=CARTESIAN_POINT('Origin',(10.0000001490116,13.0000001937151,2.5));
#2489=CARTESIAN_POINT('',(10.0000001490116,13.0000001937151,0.));
#2490=CARTESIAN_POINT('',(10.0000001490116,14.0000000968575,0.));
#2491=CARTESIAN_POINT('',(10.0000001490116,13.0000001937151,2.5));
#2492=CARTESIAN_POINT('',(10.0000001490116,14.0000000968575,2.5));
#2493=CARTESIAN_POINT('',(10.0000001490116,13.0000001937151,2.5));
#2494=CARTESIAN_POINT('Origin',(15.0000002235174,13.0000001937151,2.5));
#2495=CARTESIAN_POINT('',(15.0000002235174,13.0000001937151,0.));
#2496=CARTESIAN_POINT('',(7.50000011175871,13.0000001937151,0.));
#2497=CARTESIAN_POINT('',(15.0000002235174,13.0000001937151,2.5));
#2498=CARTESIAN_POINT('',(7.50000011175871,13.0000001937151,2.5));
#2499=CARTESIAN_POINT('',(15.,13.0000001937151,1.25));
#2500=CARTESIAN_POINT('Origin',(5.00000007450581,14.0000002086163,2.5));
#2501=CARTESIAN_POINT('',(5.00000007450581,13.0000001937151,0.));
#2502=CARTESIAN_POINT('',(5.00000007450581,14.0000002086163,0.));
#2503=CARTESIAN_POINT('',(5.00000007450581,14.5000001043081,0.));
#2504=CARTESIAN_POINT('',(5.00000007450581,13.0000001937151,2.5));
#2505=CARTESIAN_POINT('',(5.00000007450581,13.0000001937151,2.5));
#2506=CARTESIAN_POINT('',(5.00000007450581,14.0000002086163,2.5));
#2507=CARTESIAN_POINT('',(5.00000007450581,14.5000001043081,2.5));
#2508=CARTESIAN_POINT('',(5.00000007450581,14.0000002086163,2.5));
#2509=CARTESIAN_POINT('Origin',(-5.00000007450581,14.0000002086163,2.5));
#2510=CARTESIAN_POINT('',(-5.00000007450581,14.0000002086163,0.));
#2511=CARTESIAN_POINT('',(-2.5000000372529,14.0000002086163,0.));
#2512=CARTESIAN_POINT('',(-5.00000007450581,14.0000002086163,2.5));
#2513=CARTESIAN_POINT('',(-2.5000000372529,14.0000002086163,2.5));
#2514=CARTESIAN_POINT('',(-5.00000007450581,14.0000002086163,2.5));
#2515=CARTESIAN_POINT('Origin',(-5.00000007450581,13.0000001937151,2.5));
#2516=CARTESIAN_POINT('',(-5.00000007450581,13.0000001937151,0.));
#2517=CARTESIAN_POINT('',(-5.00000007450581,14.0000000968575,0.));
#2518=CARTESIAN_POINT('',(-5.00000007450581,13.0000001937151,2.5));
#2519=CARTESIAN_POINT('',(-5.00000007450581,14.0000000968575,2.5));
#2520=CARTESIAN_POINT('',(-5.00000007450581,13.0000001937151,2.5));
#2521=CARTESIAN_POINT('Origin',(5.00000007450581,13.0000001937151,2.5));
#2522=CARTESIAN_POINT('',(2.5000000372529,13.0000001937151,0.));
#2523=CARTESIAN_POINT('',(2.5000000372529,13.0000001937151,2.5));
#2524=CARTESIAN_POINT('Origin',(5.00000007450581,2.00000002980232,2.5));
#2525=CARTESIAN_POINT('',(5.00000007450581,1.00000001490116,0.));
#2526=CARTESIAN_POINT('',(5.00000007450581,2.00000002980232,0.));
#2527=CARTESIAN_POINT('',(5.00000007450581,8.50000001490116,0.));
#2528=CARTESIAN_POINT('',(5.00000007450581,1.00000001490116,2.5));
#2529=CARTESIAN_POINT('',(5.00000007450581,1.00000001490116,2.5));
#2530=CARTESIAN_POINT('',(5.00000007450581,2.00000002980232,2.5));
#2531=CARTESIAN_POINT('',(5.00000007450581,8.50000001490116,2.5));
#2532=CARTESIAN_POINT('',(5.00000007450581,2.00000002980232,2.5));
#2533=CARTESIAN_POINT('Origin',(-5.00000007450581,2.00000002980232,2.5));
#2534=CARTESIAN_POINT('',(-5.00000007450581,2.00000002980232,0.));
#2535=CARTESIAN_POINT('',(-2.5000000372529,2.00000002980232,0.));
#2536=CARTESIAN_POINT('',(-5.00000007450581,2.00000002980232,2.5));
#2537=CARTESIAN_POINT('',(-2.5000000372529,2.00000002980232,2.5));
#2538=CARTESIAN_POINT('',(-5.00000007450581,2.00000002980232,2.5));
#2539=CARTESIAN_POINT('Origin',(-5.00000007450581,1.00000001490116,2.5));
#2540=CARTESIAN_POINT('',(-5.00000007450581,1.00000001490116,0.));
#2541=CARTESIAN_POINT('',(-5.00000007450581,8.00000000745058,0.));
#2542=CARTESIAN_POINT('',(-5.00000007450581,1.00000001490116,2.5));
#2543=CARTESIAN_POINT('',(-5.00000007450581,8.00000000745058,2.5));
#2544=CARTESIAN_POINT('',(-5.00000007450581,1.00000001490116,2.5));
#2545=CARTESIAN_POINT('Origin',(5.00000007450581,1.00000001490116,2.5));
#2546=CARTESIAN_POINT('',(2.5000000372529,1.00000001490116,0.));
#2547=CARTESIAN_POINT('',(2.5000000372529,1.00000001490116,2.5));
#2548=CARTESIAN_POINT('Origin',(10.0000001490116,18.0000002682209,2.5));
#2549=CARTESIAN_POINT('',(15.0000002235174,18.0000002682209,0.));
#2550=CARTESIAN_POINT('',(10.0000001490116,18.0000002682209,0.));
#2551=CARTESIAN_POINT('',(5.00000007450581,18.0000002682209,0.));
#2552=CARTESIAN_POINT('',(15.0000002235174,18.0000002682209,2.5));
#2553=CARTESIAN_POINT('',(15.,18.0000002682209,1.25));
#2554=CARTESIAN_POINT('',(10.0000001490116,18.0000002682209,2.5));
#2555=CARTESIAN_POINT('',(5.00000007450581,18.0000002682209,2.5));
#2556=CARTESIAN_POINT('',(10.0000001490116,18.0000002682209,2.5));
#2557=CARTESIAN_POINT('Origin',(10.0000001490116,17.0000002533197,2.5));
#2558=CARTESIAN_POINT('',(10.0000001490116,17.0000002533197,0.));
#2559=CARTESIAN_POINT('',(10.0000001490116,16.0000001266599,0.));
#2560=CARTESIAN_POINT('',(10.0000001490116,17.0000002533197,2.5));
#2561=CARTESIAN_POINT('',(10.0000001490116,16.0000001266599,2.5));
#2562=CARTESIAN_POINT('',(10.0000001490116,17.0000002533197,2.5));
#2563=CARTESIAN_POINT('Origin',(15.0000002235174,17.0000002533197,2.5));
#2564=CARTESIAN_POINT('',(15.0000002235174,17.0000002533197,0.));
#2565=CARTESIAN_POINT('',(7.50000011175871,17.0000002533197,0.));
#2566=CARTESIAN_POINT('',(15.0000002235174,17.0000002533197,2.5));
#2567=CARTESIAN_POINT('',(7.50000011175871,17.0000002533197,2.5));
#2568=CARTESIAN_POINT('',(15.,17.0000002533197,1.25));
#2569=CARTESIAN_POINT('Origin',(-5.00000007450581,18.0000002682209,2.5));
#2570=CARTESIAN_POINT('',(5.00000007450581,18.0000002682209,0.));
#2571=CARTESIAN_POINT('',(-5.00000007450581,18.0000002682209,0.));
#2572=CARTESIAN_POINT('',(-2.5000000372529,18.0000002682209,0.));
#2573=CARTESIAN_POINT('',(5.00000007450581,18.0000002682209,2.5));
#2574=CARTESIAN_POINT('',(5.00000007450581,18.0000002682209,2.5));
#2575=CARTESIAN_POINT('',(-5.00000007450581,18.0000002682209,2.5));
#2576=CARTESIAN_POINT('',(-2.5000000372529,18.0000002682209,2.5));
#2577=CARTESIAN_POINT('',(-5.00000007450581,18.0000002682209,2.5));
#2578=CARTESIAN_POINT('Origin',(-5.00000007450581,17.0000002533197,2.5));
#2579=CARTESIAN_POINT('',(-5.00000007450581,17.0000002533197,0.));
#2580=CARTESIAN_POINT('',(-5.00000007450581,16.0000001266599,0.));
#2581=CARTESIAN_POINT('',(-5.00000007450581,17.0000002533197,2.5));
#2582=CARTESIAN_POINT('',(-5.00000007450581,16.0000001266599,2.5));
#2583=CARTESIAN_POINT('',(-5.00000007450581,17.0000002533197,2.5));
#2584=CARTESIAN_POINT('Origin',(5.00000007450581,17.0000002533197,2.5));
#2585=CARTESIAN_POINT('',(5.00000007450581,17.0000002533197,0.));
#2586=CARTESIAN_POINT('',(2.5000000372529,17.0000002533197,0.));
#2587=CARTESIAN_POINT('',(5.00000007450581,17.0000002533197,2.5));
#2588=CARTESIAN_POINT('',(2.5000000372529,17.0000002533197,2.5));
#2589=CARTESIAN_POINT('',(5.00000007450581,17.0000002533197,2.5));
#2590=CARTESIAN_POINT('Origin',(5.00000007450581,18.0000002682209,2.5));
#2591=CARTESIAN_POINT('',(5.00000007450581,16.5000001341105,0.));
#2592=CARTESIAN_POINT('',(5.00000007450581,16.5000001341105,2.5));
#2593=CARTESIAN_POINT('Origin',(5.00000007450581,41.0000006109476,2.5));
#2594=CARTESIAN_POINT('',(5.00000007450581,40.0000005960464,0.));
#2595=CARTESIAN_POINT('',(5.00000007450581,41.0000006109476,0.));
#2596=CARTESIAN_POINT('',(5.00000007450581,28.0000003054738,0.));
#2597=CARTESIAN_POINT('',(5.00000007450581,40.0000005960464,2.5));
#2598=CARTESIAN_POINT('',(5.00000007450581,40.0000005960464,2.5));
#2599=CARTESIAN_POINT('',(5.00000007450581,41.0000006109476,2.5));
#2600=CARTESIAN_POINT('',(5.00000007450581,28.0000003054738,2.5));
#2601=CARTESIAN_POINT('',(5.00000007450581,41.0000006109476,2.5));
#2602=CARTESIAN_POINT('Origin',(-5.00000007450581,41.0000006109476,2.5));
#2603=CARTESIAN_POINT('',(-5.00000007450581,41.0000006109476,0.));
#2604=CARTESIAN_POINT('',(-2.5000000372529,41.0000006109476,0.));
#2605=CARTESIAN_POINT('',(-5.00000007450581,41.0000006109476,2.5));
#2606=CARTESIAN_POINT('',(-2.5000000372529,41.0000006109476,2.5));
#2607=CARTESIAN_POINT('',(-5.00000007450581,41.0000006109476,2.5));
#2608=CARTESIAN_POINT('Origin',(-5.00000007450581,40.0000005960464,2.5));
#2609=CARTESIAN_POINT('',(-5.00000007450581,40.0000005960464,0.));
#2610=CARTESIAN_POINT('',(-5.00000007450581,27.5000002980232,0.));
#2611=CARTESIAN_POINT('',(-5.00000007450581,40.0000005960464,2.5));
#2612=CARTESIAN_POINT('',(-5.00000007450581,27.5000002980232,2.5));
#2613=CARTESIAN_POINT('',(-5.00000007450581,40.0000005960464,2.5));
#2614=CARTESIAN_POINT('Origin',(5.00000007450581,40.0000005960464,2.5));
#2615=CARTESIAN_POINT('',(2.5000000372529,40.0000005960464,0.));
#2616=CARTESIAN_POINT('',(2.5000000372529,40.0000005960464,2.5));
#2617=CARTESIAN_POINT('Origin',(-10.0000001490116,41.0000006109476,2.5));
#2618=CARTESIAN_POINT('',(-10.0000001490116,40.0000005960464,0.));
#2619=CARTESIAN_POINT('',(-10.0000001490116,41.0000006109476,0.));
#2620=CARTESIAN_POINT('',(-10.0000001490116,28.0000003054738,0.));
#2621=CARTESIAN_POINT('',(-10.0000001490116,40.0000005960464,2.5));
#2622=CARTESIAN_POINT('',(-10.0000001490116,40.0000005960464,2.5));
#2623=CARTESIAN_POINT('',(-10.0000001490116,41.0000006109476,2.5));
#2624=CARTESIAN_POINT('',(-10.0000001490116,28.0000003054738,2.5));
#2625=CARTESIAN_POINT('',(-10.0000001490116,41.0000006109476,2.5));
#2626=CARTESIAN_POINT('Origin',(-15.0000002235174,41.0000006109476,2.5));
#2627=CARTESIAN_POINT('',(-15.0000002235174,41.0000006109476,0.));
#2628=CARTESIAN_POINT('',(-7.50000011175871,41.0000006109476,0.));
#2629=CARTESIAN_POINT('',(-15.0000002235174,41.0000006109476,2.5));
#2630=CARTESIAN_POINT('',(-7.50000011175871,41.0000006109476,2.5));
#2631=CARTESIAN_POINT('',(-15.,41.0000006109476,1.25));
#2632=CARTESIAN_POINT('Origin',(-10.0000001490116,40.0000005960464,2.5));
#2633=CARTESIAN_POINT('',(-15.0000002235174,40.0000005960464,0.));
#2634=CARTESIAN_POINT('',(-5.00000007450581,40.0000005960464,0.));
#2635=CARTESIAN_POINT('',(-15.0000002235174,40.0000005960464,2.5));
#2636=CARTESIAN_POINT('',(-15.,40.0000005960464,1.25));
#2637=CARTESIAN_POINT('',(-5.00000007450581,40.0000005960464,2.5));
#2638=CARTESIAN_POINT('Origin',(-10.0000001490116,14.0000002086163,2.5));
#2639=CARTESIAN_POINT('',(-10.0000001490116,13.0000001937151,0.));
#2640=CARTESIAN_POINT('',(-10.0000001490116,14.0000002086163,0.));
#2641=CARTESIAN_POINT('',(-10.0000001490116,14.5000001043081,0.));
#2642=CARTESIAN_POINT('',(-10.0000001490116,13.0000001937151,2.5));
#2643=CARTESIAN_POINT('',(-10.0000001490116,13.0000001937151,2.5));
#2644=CARTESIAN_POINT('',(-10.0000001490116,14.0000002086163,2.5));
#2645=CARTESIAN_POINT('',(-10.0000001490116,14.5000001043081,2.5));
#2646=CARTESIAN_POINT('',(-10.0000001490116,14.0000002086163,2.5));
#2647=CARTESIAN_POINT('Origin',(-15.0000002235174,14.0000002086163,2.5));
#2648=CARTESIAN_POINT('',(-15.0000002235174,14.0000002086163,0.));
#2649=CARTESIAN_POINT('',(-7.50000011175871,14.0000002086163,0.));
#2650=CARTESIAN_POINT('',(-15.0000002235174,14.0000002086163,2.5));
#2651=CARTESIAN_POINT('',(-7.50000011175871,14.0000002086163,2.5));
#2652=CARTESIAN_POINT('',(-15.,14.0000002086163,1.25));
#2653=CARTESIAN_POINT('Origin',(-10.0000001490116,13.0000001937151,2.5));
#2654=CARTESIAN_POINT('',(-15.0000002235174,13.0000001937151,0.));
#2655=CARTESIAN_POINT('',(-5.00000007450581,13.0000001937151,0.));
#2656=CARTESIAN_POINT('',(-15.0000002235174,13.0000001937151,2.5));
#2657=CARTESIAN_POINT('',(-15.,13.0000001937151,1.25));
#2658=CARTESIAN_POINT('',(-5.00000007450581,13.0000001937151,2.5));
#2659=CARTESIAN_POINT('Origin',(-10.0000001490116,2.00000002980232,2.5));
#2660=CARTESIAN_POINT('',(-10.0000001490116,1.00000001490116,0.));
#2661=CARTESIAN_POINT('',(-10.0000001490116,2.00000002980232,0.));
#2662=CARTESIAN_POINT('',(-10.0000001490116,8.50000001490116,0.));
#2663=CARTESIAN_POINT('',(-10.0000001490116,1.00000001490116,2.5));
#2664=CARTESIAN_POINT('',(-10.0000001490116,1.00000001490116,2.5));
#2665=CARTESIAN_POINT('',(-10.0000001490116,2.00000002980232,2.5));
#2666=CARTESIAN_POINT('',(-10.0000001490116,8.50000001490116,2.5));
#2667=CARTESIAN_POINT('',(-10.0000001490116,2.00000002980232,2.5));
#2668=CARTESIAN_POINT('Origin',(-15.0000002235174,2.00000002980232,2.5));
#2669=CARTESIAN_POINT('',(-15.0000002235174,2.00000002980232,0.));
#2670=CARTESIAN_POINT('',(-7.50000011175871,2.00000002980232,0.));
#2671=CARTESIAN_POINT('',(-15.0000002235174,2.00000002980232,2.5));
#2672=CARTESIAN_POINT('',(-7.50000011175871,2.00000002980232,2.5));
#2673=CARTESIAN_POINT('',(-15.,2.00000002980232,1.25));
#2674=CARTESIAN_POINT('Origin',(-10.0000001490116,1.00000001490116,2.5));
#2675=CARTESIAN_POINT('',(-15.0000002235174,1.00000001490116,0.));
#2676=CARTESIAN_POINT('',(-5.00000007450581,1.00000001490116,0.));
#2677=CARTESIAN_POINT('',(-15.0000002235174,1.00000001490116,2.5));
#2678=CARTESIAN_POINT('',(-15.,1.00000001490116,1.25));
#2679=CARTESIAN_POINT('',(-5.00000007450581,1.00000001490116,2.5));
#2680=CARTESIAN_POINT('Origin',(-5.00000007450581,45.0000006705523,2.5));
#2681=CARTESIAN_POINT('',(5.00000007450581,45.0000006705523,0.));
#2682=CARTESIAN_POINT('',(-5.00000007450581,45.0000006705523,0.));
#2683=CARTESIAN_POINT('',(-2.5000000372529,45.0000006705523,0.));
#2684=CARTESIAN_POINT('',(5.00000007450581,45.0000006705523,2.5));
#2685=CARTESIAN_POINT('',(5.00000007450581,45.0000006705523,2.5));
#2686=CARTESIAN_POINT('',(-5.00000007450581,45.0000006705523,2.5));
#2687=CARTESIAN_POINT('',(-2.5000000372529,45.0000006705523,2.5));
#2688=CARTESIAN_POINT('',(-5.00000007450581,45.0000006705523,2.5));
#2689=CARTESIAN_POINT('Origin',(-5.00000007450581,44.0000006556511,2.5));
#2690=CARTESIAN_POINT('',(-5.00000007450581,44.0000006556511,0.));
#2691=CARTESIAN_POINT('',(-5.00000007450581,29.5000003278255,0.));
#2692=CARTESIAN_POINT('',(-5.00000007450581,44.0000006556511,2.5));
#2693=CARTESIAN_POINT('',(-5.00000007450581,29.5000003278255,2.5));
#2694=CARTESIAN_POINT('',(-5.00000007450581,44.0000006556511,2.5));
#2695=CARTESIAN_POINT('Origin',(5.00000007450581,44.0000006556511,2.5));
#2696=CARTESIAN_POINT('',(5.00000007450581,44.0000006556511,0.));
#2697=CARTESIAN_POINT('',(2.5000000372529,44.0000006556511,0.));
#2698=CARTESIAN_POINT('',(5.00000007450581,44.0000006556511,2.5));
#2699=CARTESIAN_POINT('',(2.5000000372529,44.0000006556511,2.5));
#2700=CARTESIAN_POINT('',(5.00000007450581,44.0000006556511,2.5));
#2701=CARTESIAN_POINT('Origin',(5.00000007450581,45.0000006705523,2.5));
#2702=CARTESIAN_POINT('',(5.00000007450581,30.0000003352761,0.));
#2703=CARTESIAN_POINT('',(5.00000007450581,30.0000003352761,2.5));
#2704=CARTESIAN_POINT('Origin',(10.0000001490116,41.0000006109476,2.5));
#2705=CARTESIAN_POINT('',(15.0000002235174,41.0000006109476,0.));
#2706=CARTESIAN_POINT('',(10.0000001490116,41.0000006109476,0.));
#2707=CARTESIAN_POINT('',(5.00000007450581,41.0000006109476,0.));
#2708=CARTESIAN_POINT('',(15.0000002235174,41.0000006109476,2.5));
#2709=CARTESIAN_POINT('',(15.,41.0000006109476,1.25));
#2710=CARTESIAN_POINT('',(10.0000001490116,41.0000006109476,2.5));
#2711=CARTESIAN_POINT('',(5.00000007450581,41.0000006109476,2.5));
#2712=CARTESIAN_POINT('',(10.0000001490116,41.0000006109476,2.5));
#2713=CARTESIAN_POINT('Origin',(10.0000001490116,40.0000005960464,2.5));
#2714=CARTESIAN_POINT('',(10.0000001490116,40.0000005960464,0.));
#2715=CARTESIAN_POINT('',(10.0000001490116,27.5000002980232,0.));
#2716=CARTESIAN_POINT('',(10.0000001490116,40.0000005960464,2.5));
#2717=CARTESIAN_POINT('',(10.0000001490116,27.5000002980232,2.5));
#2718=CARTESIAN_POINT('',(10.0000001490116,40.0000005960464,2.5));
#2719=CARTESIAN_POINT('Origin',(15.0000002235174,40.0000005960464,2.5));
#2720=CARTESIAN_POINT('',(15.0000002235174,40.0000005960464,0.));
#2721=CARTESIAN_POINT('',(7.50000011175871,40.0000005960464,0.));
#2722=CARTESIAN_POINT('',(15.0000002235174,40.0000005960464,2.5));
#2723=CARTESIAN_POINT('',(7.50000011175871,40.0000005960464,2.5));
#2724=CARTESIAN_POINT('',(15.,40.0000005960464,1.25));
#2725=CARTESIAN_POINT('Origin',(-15.0000002235174,18.0000002682209,2.5));
#2726=CARTESIAN_POINT('',(-10.0000001490116,18.0000002682209,0.));
#2727=CARTESIAN_POINT('',(-15.,18.0000002682209,0.));
#2728=CARTESIAN_POINT('',(-7.50000011175871,18.0000002682209,0.));
#2729=CARTESIAN_POINT('',(-10.0000001490116,18.0000002682209,2.5));
#2730=CARTESIAN_POINT('',(-10.0000001490116,18.0000002682209,2.5));
#2731=CARTESIAN_POINT('',(-15.0000002235174,18.0000002682209,2.5));
#2732=CARTESIAN_POINT('',(-7.50000011175871,18.0000002682209,2.5));
#2733=CARTESIAN_POINT('',(-15.,18.0000002682209,1.25));
#2734=CARTESIAN_POINT('Origin',(-10.0000001490116,17.0000002533197,2.5));
#2735=CARTESIAN_POINT('',(-15.,17.0000002533197,0.));
#2736=CARTESIAN_POINT('',(-10.0000001490116,17.0000002533197,0.));
#2737=CARTESIAN_POINT('',(-5.00000007450581,17.0000002533197,0.));
#2738=CARTESIAN_POINT('',(-15.0000002235174,17.0000002533197,2.5));
#2739=CARTESIAN_POINT('',(-15.,17.0000002533197,1.25));
#2740=CARTESIAN_POINT('',(-10.0000001490116,17.0000002533197,2.5));
#2741=CARTESIAN_POINT('',(-5.00000007450581,17.0000002533197,2.5));
#2742=CARTESIAN_POINT('',(-10.0000001490116,17.0000002533197,2.5));
#2743=CARTESIAN_POINT('Origin',(-10.0000001490116,18.0000002682209,2.5));
#2744=CARTESIAN_POINT('',(-10.0000001490116,16.5000001341105,0.));
#2745=CARTESIAN_POINT('',(-10.0000001490116,16.5000001341105,2.5));
#2746=CARTESIAN_POINT('Origin',(10.0000001490116,45.0000006705523,2.5));
#2747=CARTESIAN_POINT('',(15.0000002235174,45.0000006705523,0.));
#2748=CARTESIAN_POINT('',(10.0000001490116,45.0000006705523,0.));
#2749=CARTESIAN_POINT('',(5.00000007450581,45.0000006705523,0.));
#2750=CARTESIAN_POINT('',(15.0000002235174,45.0000006705523,2.5));
#2751=CARTESIAN_POINT('',(15.,45.0000006705523,1.25));
#2752=CARTESIAN_POINT('',(10.0000001490116,45.0000006705523,2.5));
#2753=CARTESIAN_POINT('',(5.00000007450581,45.0000006705523,2.5));
#2754=CARTESIAN_POINT('',(10.0000001490116,45.0000006705523,2.5));
#2755=CARTESIAN_POINT('Origin',(10.0000001490116,44.0000006556511,2.5));
#2756=CARTESIAN_POINT('',(10.0000001490116,44.0000006556511,0.));
#2757=CARTESIAN_POINT('',(10.0000001490116,29.5000003278255,0.));
#2758=CARTESIAN_POINT('',(10.0000001490116,44.0000006556511,2.5));
#2759=CARTESIAN_POINT('',(10.0000001490116,29.5000003278255,2.5));
#2760=CARTESIAN_POINT('',(10.0000001490116,44.0000006556511,2.5));
#2761=CARTESIAN_POINT('Origin',(15.0000002235174,44.0000006556511,2.5));
#2762=CARTESIAN_POINT('',(15.0000002235174,44.0000006556511,0.));
#2763=CARTESIAN_POINT('',(7.50000011175871,44.0000006556511,0.));
#2764=CARTESIAN_POINT('',(15.0000002235174,44.0000006556511,2.5));
#2765=CARTESIAN_POINT('',(7.50000011175871,44.0000006556511,2.5));
#2766=CARTESIAN_POINT('',(15.,44.0000006556511,1.25));
#2767=CARTESIAN_POINT('Origin',(-15.0000002235174,45.0000006705523,2.5));
#2768=CARTESIAN_POINT('',(-10.0000001490116,45.0000006705523,0.));
#2769=CARTESIAN_POINT('',(-15.,45.0000006705523,0.));
#2770=CARTESIAN_POINT('',(-7.50000011175871,45.0000006705523,0.));
#2771=CARTESIAN_POINT('',(-10.0000001490116,45.0000006705523,2.5));
#2772=CARTESIAN_POINT('',(-10.0000001490116,45.0000006705523,2.5));
#2773=CARTESIAN_POINT('',(-15.0000002235174,45.0000006705523,2.5));
#2774=CARTESIAN_POINT('',(-7.50000011175871,45.0000006705523,2.5));
#2775=CARTESIAN_POINT('',(-15.,45.0000006705523,1.25));
#2776=CARTESIAN_POINT('Origin',(-10.0000001490116,44.0000006556511,2.5));
#2777=CARTESIAN_POINT('',(-15.,44.0000006556511,0.));
#2778=CARTESIAN_POINT('',(-10.0000001490116,44.0000006556511,0.));
#2779=CARTESIAN_POINT('',(-5.00000007450581,44.0000006556511,0.));
#2780=CARTESIAN_POINT('',(-15.0000002235174,44.0000006556511,2.5));
#2781=CARTESIAN_POINT('',(-15.,44.0000006556511,1.25));
#2782=CARTESIAN_POINT('',(-10.0000001490116,44.0000006556511,2.5));
#2783=CARTESIAN_POINT('',(-5.00000007450581,44.0000006556511,2.5));
#2784=CARTESIAN_POINT('',(-10.0000001490116,44.0000006556511,2.5));
#2785=CARTESIAN_POINT('Origin',(-10.0000001490116,45.0000006705523,2.5));
#2786=CARTESIAN_POINT('',(-10.0000001490116,30.0000003352761,0.));
#2787=CARTESIAN_POINT('',(-10.0000001490116,30.0000003352761,2.5));
#2788=CARTESIAN_POINT('Origin',(10.0000001490116,2.00000002980232,2.5));
#2789=CARTESIAN_POINT('',(15.0000002235174,2.00000002980232,0.));
#2790=CARTESIAN_POINT('',(10.0000001490116,2.00000002980232,0.));
#2791=CARTESIAN_POINT('',(5.00000007450581,2.00000002980232,0.));
#2792=CARTESIAN_POINT('',(15.0000002235174,2.00000002980232,2.5));
#2793=CARTESIAN_POINT('',(15.,2.00000002980232,1.25));
#2794=CARTESIAN_POINT('',(10.0000001490116,2.00000002980232,2.5));
#2795=CARTESIAN_POINT('',(5.00000007450581,2.00000002980232,2.5));
#2796=CARTESIAN_POINT('',(10.0000001490116,2.00000002980232,2.5));
#2797=CARTESIAN_POINT('Origin',(10.0000001490116,1.00000001490116,2.5));
#2798=CARTESIAN_POINT('',(10.0000001490116,1.00000001490116,0.));
#2799=CARTESIAN_POINT('',(10.0000001490116,8.00000000745058,0.));
#2800=CARTESIAN_POINT('',(10.0000001490116,1.00000001490116,2.5));
#2801=CARTESIAN_POINT('',(10.0000001490116,8.00000000745058,2.5));
#2802=CARTESIAN_POINT('',(10.0000001490116,1.00000001490116,2.5));
#2803=CARTESIAN_POINT('Origin',(15.0000002235174,1.00000001490116,2.5));
#2804=CARTESIAN_POINT('',(15.0000002235174,1.00000001490116,0.));
#2805=CARTESIAN_POINT('',(7.50000011175871,1.00000001490116,0.));
#2806=CARTESIAN_POINT('',(15.0000002235174,1.00000001490116,2.5));
#2807=CARTESIAN_POINT('',(7.50000011175871,1.00000001490116,2.5));
#2808=CARTESIAN_POINT('',(15.,1.00000001490116,1.25));
#2809=CARTESIAN_POINT('Origin',(5.00000007450581,-2.00000002980232,2.5));
#2810=CARTESIAN_POINT('',(5.00000007450581,-3.00000004470348,0.));
#2811=CARTESIAN_POINT('',(5.00000007450581,-2.00000002980232,0.));
#2812=CARTESIAN_POINT('',(5.00000007450581,6.49999998509884,0.));
#2813=CARTESIAN_POINT('',(5.00000007450581,-3.00000004470348,2.5));
#2814=CARTESIAN_POINT('',(5.00000007450581,-3.00000004470348,2.5));
#2815=CARTESIAN_POINT('',(5.00000007450581,-2.00000002980232,2.5));
#2816=CARTESIAN_POINT('',(5.00000007450581,6.49999998509884,2.5));
#2817=CARTESIAN_POINT('',(5.00000007450581,-2.00000002980232,2.5));
#2818=CARTESIAN_POINT('Origin',(-5.00000007450581,-2.00000002980232,2.5));
#2819=CARTESIAN_POINT('',(-5.00000007450581,-2.00000002980232,0.));
#2820=CARTESIAN_POINT('',(-2.5000000372529,-2.00000002980232,0.));
#2821=CARTESIAN_POINT('',(-5.00000007450581,-2.00000002980232,2.5));
#2822=CARTESIAN_POINT('',(-2.5000000372529,-2.00000002980232,2.5));
#2823=CARTESIAN_POINT('',(-5.00000007450581,-2.00000002980232,2.5));
#2824=CARTESIAN_POINT('Origin',(-5.00000007450581,-3.00000004470348,2.5));
#2825=CARTESIAN_POINT('',(-5.00000007450581,-3.00000004470348,0.));
#2826=CARTESIAN_POINT('',(-5.00000007450581,5.99999997764826,0.));
#2827=CARTESIAN_POINT('',(-5.00000007450581,-3.00000004470348,2.5));
#2828=CARTESIAN_POINT('',(-5.00000007450581,5.99999997764826,2.5));
#2829=CARTESIAN_POINT('',(-5.00000007450581,-3.00000004470348,2.5));
#2830=CARTESIAN_POINT('Origin',(5.00000007450581,-3.00000004470348,2.5));
#2831=CARTESIAN_POINT('',(2.5000000372529,-3.00000004470348,0.));
#2832=CARTESIAN_POINT('',(2.5000000372529,-3.00000004470348,2.5));
#2833=CARTESIAN_POINT('Origin',(-10.0000001490116,-3.00000004470348,2.5));
#2834=CARTESIAN_POINT('',(-15.0000002235174,-3.00000004470348,0.));
#2835=CARTESIAN_POINT('',(-10.0000001490116,-3.00000004470348,0.));
#2836=CARTESIAN_POINT('',(-5.00000007450581,-3.00000004470348,0.));
#2837=CARTESIAN_POINT('',(-15.0000002235174,-3.00000004470348,2.5));
#2838=CARTESIAN_POINT('',(-15.,-3.00000004470348,1.25));
#2839=CARTESIAN_POINT('',(-10.0000001490116,-3.00000004470348,2.5));
#2840=CARTESIAN_POINT('',(-5.00000007450581,-3.00000004470348,2.5));
#2841=CARTESIAN_POINT('',(-10.0000001490116,-3.00000004470348,2.5));
#2842=CARTESIAN_POINT('Origin',(-10.0000001490116,-2.00000002980232,2.5));
#2843=CARTESIAN_POINT('',(-10.0000001490116,-2.00000002980232,0.));
#2844=CARTESIAN_POINT('',(-10.0000001490116,6.49999998509884,0.));
#2845=CARTESIAN_POINT('',(-10.0000001490116,-2.00000002980232,2.5));
#2846=CARTESIAN_POINT('',(-10.0000001490116,6.49999998509884,2.5));
#2847=CARTESIAN_POINT('',(-10.0000001490116,-2.00000002980232,2.5));
#2848=CARTESIAN_POINT('Origin',(-15.0000002235174,-2.00000002980232,2.5));
#2849=CARTESIAN_POINT('',(-15.,-2.00000002980232,0.));
#2850=CARTESIAN_POINT('',(-7.50000011175871,-2.00000002980232,0.));
#2851=CARTESIAN_POINT('',(-15.0000002235174,-2.00000002980232,2.5));
#2852=CARTESIAN_POINT('',(-7.50000011175871,-2.00000002980232,2.5));
#2853=CARTESIAN_POINT('',(-15.,-2.00000002980232,1.25));
#2854=CARTESIAN_POINT('Origin',(15.,-20.,0.));
#2855=CARTESIAN_POINT('',(15.,-2.5,0.));
#2856=CARTESIAN_POINT('',(15.,-2.5,2.5));
#2857=CARTESIAN_POINT('Origin',(15.,-20.,0.));
#2858=CARTESIAN_POINT('',(15.,50.,0.));
#2859=CARTESIAN_POINT('',(15.,-2.5,0.));
#2860=CARTESIAN_POINT('',(15.,50.,2.5));
#2861=CARTESIAN_POINT('',(15.,50.,0.));
#2862=CARTESIAN_POINT('',(15.,-2.5,2.5));
#2863=CARTESIAN_POINT('Origin',(15.,-20.,0.));
#2864=CARTESIAN_POINT('',(15.,-2.5,0.));
#2865=CARTESIAN_POINT('',(15.,-2.5,2.5));
#2866=CARTESIAN_POINT('Origin',(15.,-20.,0.));
#2867=CARTESIAN_POINT('',(15.,-2.5,0.));
#2868=CARTESIAN_POINT('',(15.,-2.5,2.5));
#2869=CARTESIAN_POINT('Origin',(15.,-20.,0.));
#2870=CARTESIAN_POINT('',(15.,-2.5,0.));
#2871=CARTESIAN_POINT('',(15.,-2.5,2.5));
#2872=CARTESIAN_POINT('Origin',(15.,-20.,0.));
#2873=CARTESIAN_POINT('',(15.,-2.5,2.5));
#2874=CARTESIAN_POINT('',(15.,-2.5,0.));
#2875=CARTESIAN_POINT('Origin',(-15.,50.,0.));
#2876=CARTESIAN_POINT('',(-15.,-20.,0.));
#2877=CARTESIAN_POINT('',(-15.,32.5,0.));
#2878=CARTESIAN_POINT('',(-15.,-20.,2.5));
#2879=CARTESIAN_POINT('',(-15.,-20.,0.));
#2880=CARTESIAN_POINT('',(-15.,32.5,2.5));
#2881=CARTESIAN_POINT('Origin',(-15.,50.,0.));
#2882=CARTESIAN_POINT('',(-15.,50.,2.5));
#2883=CARTESIAN_POINT('',(-15.,32.5,2.5));
#2884=CARTESIAN_POINT('',(-15.,50.,0.));
#2885=CARTESIAN_POINT('',(-15.,50.,0.));
#2886=CARTESIAN_POINT('',(-15.,32.5,0.));
#2887=CARTESIAN_POINT('Origin',(-15.,50.,0.));
#2888=CARTESIAN_POINT('',(-15.,32.5,0.));
#2889=CARTESIAN_POINT('',(-15.,32.5,2.5));
#2890=CARTESIAN_POINT('Origin',(-15.,50.,0.));
#2891=CARTESIAN_POINT('',(-15.,32.5,0.));
#2892=CARTESIAN_POINT('',(-15.,32.5,2.5));
#2893=CARTESIAN_POINT('Origin',(-15.,50.,0.));
#2894=CARTESIAN_POINT('',(-15.,32.5,2.5));
#2895=CARTESIAN_POINT('',(-15.,32.5,0.));
#2896=CARTESIAN_POINT('Origin',(-15.,50.,0.));
#2897=CARTESIAN_POINT('',(-15.,32.5,0.));
#2898=CARTESIAN_POINT('',(-15.,32.5,2.5));
#2899=CARTESIAN_POINT('Origin',(0.,15.,2.5));
#2900=CARTESIAN_POINT('',(12.5,50.,2.5));
#2901=CARTESIAN_POINT('',(-15.,32.5,2.5));
#2902=CARTESIAN_POINT('',(15.,-20.,2.5));
#2903=CARTESIAN_POINT('',(-12.5,-20.,2.5));
#2904=CARTESIAN_POINT('',(15.,-2.5,2.5));
#2905=CARTESIAN_POINT('',(12.0000001788139,43.0000006407499,2.5));
#2906=CARTESIAN_POINT('',(12.0000001788139,42.0000006258488,2.5));
#2907=CARTESIAN_POINT('',(12.0000001788139,29.000000320375,2.5));
#2908=CARTESIAN_POINT('',(-12.0000001788139,42.0000006258488,2.5));
#2909=CARTESIAN_POINT('',(6.00000008940697,42.0000006258488,2.5));
#2910=CARTESIAN_POINT('',(-12.0000001788139,43.0000006407499,2.5));
#2911=CARTESIAN_POINT('',(-12.0000001788139,28.5000003129244,2.5));
#2912=CARTESIAN_POINT('',(-6.00000008940697,43.0000006407499,2.5));
#2913=CARTESIAN_POINT('',(12.0000001788139,0.,2.5));
#2914=CARTESIAN_POINT('',(12.0000001788139,-1.00000001490116,2.5));
#2915=CARTESIAN_POINT('',(12.0000001788139,7.5,2.5));
#2916=CARTESIAN_POINT('',(-12.0000001788139,-1.00000001490116,2.5));
#2917=CARTESIAN_POINT('',(6.00000008940697,-1.00000001490116,2.5));
#2918=CARTESIAN_POINT('',(-12.0000001788139,0.,2.5));
#2919=CARTESIAN_POINT('',(-12.0000001788139,6.99999999254942,2.5));
#2920=CARTESIAN_POINT('',(-6.00000008940697,0.,2.5));
#2921=CARTESIAN_POINT('',(12.0000001788139,16.0000002384186,2.5));
#2922=CARTESIAN_POINT('',(12.0000001788139,15.0000002235174,2.5));
#2923=CARTESIAN_POINT('',(12.0000001788139,15.5000001192093,2.5));
#2924=CARTESIAN_POINT('',(-12.0000001788139,15.0000002235174,2.5));
#2925=CARTESIAN_POINT('',(6.00000008940697,15.0000002235174,2.5));
#2926=CARTESIAN_POINT('',(-12.0000001788139,16.0000002384186,2.5));
#2927=CARTESIAN_POINT('',(-12.0000001788139,15.0000001117587,2.5));
#2928=CARTESIAN_POINT('',(-6.00000008940697,16.0000002384186,2.5));
#2929=CARTESIAN_POINT('Origin',(12.0000001788139,42.0000006258488,2.));
#2930=CARTESIAN_POINT('',(12.0000001788139,42.0000006258488,0.));
#2931=CARTESIAN_POINT('',(12.0000001788139,42.0000006258488,2.));
#2932=CARTESIAN_POINT('',(-12.0000001788139,42.0000006258488,0.));
#2933=CARTESIAN_POINT('',(6.00000008940697,42.0000006258488,0.));
#2934=CARTESIAN_POINT('',(-12.0000001788139,42.0000006258488,2.));
#2935=CARTESIAN_POINT('Origin',(12.0000001788139,43.0000006407499,2.));
#2936=CARTESIAN_POINT('',(12.0000001788139,43.0000006407499,0.));
#2937=CARTESIAN_POINT('',(12.0000001788139,43.0000006407499,2.));
#2938=CARTESIAN_POINT('',(12.0000001788139,29.000000320375,0.));
#2939=CARTESIAN_POINT('Origin',(12.0000001788139,-1.00000001490116,2.));
#2940=CARTESIAN_POINT('',(12.0000001788139,-1.00000001490116,0.));
#2941=CARTESIAN_POINT('',(12.0000001788139,-1.00000001490116,2.));
#2942=CARTESIAN_POINT('',(-12.0000001788139,-1.00000001490116,0.));
#2943=CARTESIAN_POINT('',(6.00000008940697,-1.00000001490116,0.));
#2944=CARTESIAN_POINT('',(-12.0000001788139,-1.00000001490116,2.));
#2945=CARTESIAN_POINT('Origin',(12.0000001788139,0.,2.));
#2946=CARTESIAN_POINT('',(12.0000001788139,0.,0.));
#2947=CARTESIAN_POINT('',(12.0000001788139,0.,2.));
#2948=CARTESIAN_POINT('',(12.0000001788139,7.5,0.));
#2949=CARTESIAN_POINT('Origin',(12.0000001788139,15.0000002235174,2.));
#2950=CARTESIAN_POINT('',(12.0000001788139,15.0000002235174,0.));
#2951=CARTESIAN_POINT('',(12.0000001788139,15.0000002235174,2.));
#2952=CARTESIAN_POINT('',(-12.0000001788139,15.0000002235174,0.));
#2953=CARTESIAN_POINT('',(6.00000008940697,15.0000002235174,0.));
#2954=CARTESIAN_POINT('',(-12.0000001788139,15.0000002235174,2.));
#2955=CARTESIAN_POINT('Origin',(12.0000001788139,16.0000002384186,2.));
#2956=CARTESIAN_POINT('',(12.0000001788139,16.0000002384186,0.));
#2957=CARTESIAN_POINT('',(12.0000001788139,16.0000002384186,2.));
#2958=CARTESIAN_POINT('',(12.0000001788139,15.5000001192093,0.));
#2959=CARTESIAN_POINT('Origin',(-25.,-20.,0.));
#2960=CARTESIAN_POINT('',(15.,-20.,0.));
#2961=CARTESIAN_POINT('',(25.,-20.,0.));
#2962=CARTESIAN_POINT('',(15.,-20.,1.));
#2963=CARTESIAN_POINT('Origin',(-15.,50.,0.));
#2964=CARTESIAN_POINT('',(-15.,32.5,0.));
#2965=CARTESIAN_POINT('Origin',(-12.0000001788139,15.0000002235174,2.));
#2966=CARTESIAN_POINT('',(-12.0000001788139,16.0000002384186,0.));
#2967=CARTESIAN_POINT('',(-12.0000001788139,15.0000001117587,0.));
#2968=CARTESIAN_POINT('',(-12.0000001788139,16.0000002384186,2.));
#2969=CARTESIAN_POINT('Origin',(-12.0000001788139,16.0000002384186,2.));
#2970=CARTESIAN_POINT('',(-6.00000008940697,16.0000002384186,0.));
#2971=CARTESIAN_POINT('Origin',(-12.0000001788139,-1.00000001490116,2.));
#2972=CARTESIAN_POINT('',(-12.0000001788139,0.,0.));
#2973=CARTESIAN_POINT('',(-12.0000001788139,6.99999999254942,0.));
#2974=CARTESIAN_POINT('',(-12.0000001788139,0.,2.));
#2975=CARTESIAN_POINT('Origin',(-12.0000001788139,0.,2.));
#2976=CARTESIAN_POINT('',(-6.00000008940697,0.,0.));
#2977=CARTESIAN_POINT('Origin',(-12.0000001788139,42.0000006258488,2.));
#2978=CARTESIAN_POINT('',(-12.0000001788139,43.0000006407499,0.));
#2979=CARTESIAN_POINT('',(-12.0000001788139,28.5000003129244,0.));
#2980=CARTESIAN_POINT('',(-12.0000001788139,43.0000006407499,2.));
#2981=CARTESIAN_POINT('Origin',(-12.0000001788139,43.0000006407499,2.));
#2982=CARTESIAN_POINT('',(-6.00000008940697,43.0000006407499,0.));
#2983=CARTESIAN_POINT('Origin',(0.,15.,0.));
#2984=CARTESIAN_POINT('',(15.,-2.5,0.));
#2985=CARTESIAN_POINT('',(-25.,50.,0.));
#2986=CARTESIAN_POINT('Origin',(25.,50.,0.));
#2987=CARTESIAN_POINT('Origin',(15.,-20.,0.));
#2988=UNCERTAINTY_MEASURE_WITH_UNIT(LENGTH_MEASURE(0.01),#2992,
'DISTANCE_ACCURACY_VALUE',
'Maximum model space distance between geometric entities at asserted c
onnectivities');
#2989=UNCERTAINTY_MEASURE_WITH_UNIT(LENGTH_MEASURE(0.01),#2992,
'DISTANCE_ACCURACY_VALUE',
'Maximum model space distance between geometric entities at asserted c
onnectivities');
#2990=(
GEOMETRIC_REPRESENTATION_CONTEXT(3)
GLOBAL_UNCERTAINTY_ASSIGNED_CONTEXT((#2988))
GLOBAL_UNIT_ASSIGNED_CONTEXT((#2992,#2994,#2995))
REPRESENTATION_CONTEXT('','3D')
);
#2991=(
GEOMETRIC_REPRESENTATION_CONTEXT(3)
GLOBAL_UNCERTAINTY_ASSIGNED_CONTEXT((#2989))
GLOBAL_UNIT_ASSIGNED_CONTEXT((#2992,#2994,#2995))
REPRESENTATION_CONTEXT('','3D')
);
#2992=(
LENGTH_UNIT()
NAMED_UNIT(*)
SI_UNIT(.MILLI.,.METRE.)
);
#2993=(
LENGTH_UNIT()
NAMED_UNIT(*)
SI_UNIT($,.METRE.)
);
#2994=(
NAMED_UNIT(*)
PLANE_ANGLE_UNIT()
SI_UNIT($,.RADIAN.)
);
#2995=(
NAMED_UNIT(*)
SI_UNIT($,.STERADIAN.)
SOLID_ANGLE_UNIT()
);
#2996=SHAPE_DEFINITION_REPRESENTATION(#2997,#2998);
#2997=PRODUCT_DEFINITION_SHAPE('',$,#3000);
#2998=SHAPE_REPRESENTATION('',(#1920),#2990);
#2999=PRODUCT_DEFINITION_CONTEXT('part definition',#3004,'design');
#3000=PRODUCT_DEFINITION('(Unsaved)','(Unsaved)',#3001,#2999);
#3001=PRODUCT_DEFINITION_FORMATION('',$,#3006);
#3002=PRODUCT_RELATED_PRODUCT_CATEGORY('(Unsaved)','(Unsaved)',(#3006));
#3003=APPLICATION_PROTOCOL_DEFINITION('international standard',
'automotive_design',2009,#3004);
#3004=APPLICATION_CONTEXT(
'Core Data for Automotive Mechanical Design Process');
#3005=PRODUCT_CONTEXT('part definition',#3004,'mechanical');
#3006=PRODUCT('(Unsaved)','(Unsaved)',$,(#3005));
#3007=PRESENTATION_STYLE_ASSIGNMENT((#3008));
#3008=SURFACE_STYLE_USAGE(.BOTH.,#3009);
#3009=SURFACE_SIDE_STYLE('',(#3010));
#3010=SURFACE_STYLE_FILL_AREA(#3011);
#3011=FILL_AREA_STYLE('Steel - Satin',(#3012));
#3012=FILL_AREA_STYLE_COLOUR('Steel - Satin',#3013);
#3013=COLOUR_RGB('Steel - Satin',0.627450980392157,0.627450980392157,0.627450980392157);
ENDSEC;
END-ISO-10303-21;
