ISO-10303-21;
HEADER;
/* Generated by software containing ST-Developer
 * from STEP Tools, Inc. (www.steptools.com) 
 */

FILE_DESCRIPTION(
/* description */ (''),
/* implementation_level */ '2;1');

FILE_NAME(
/* name */ 'Walking Assist exterior.step',
/* time_stamp */ '2026-07-02T14:50:02+05:30',
/* author */ (''),
/* organization */ (''),
/* preprocessor_version */ 'ST-DEVELOPER v20.1',
/* originating_system */ 'Autodesk Translation Framework v15.8.0.0',
/* authorisation */ '');

FILE_SCHEMA (('AUTOMOTIVE_DESIGN { 1 0 10303 214 3 1 1 }'));
ENDSEC;

DATA;
#10=MECHANICAL_DESIGN_GEOMETRIC_PRESENTATION_REPRESENTATION('',(#56,#57,
#58,#59,#60,#61,#62,#63,#64,#65,#66,#67),#1980);
#11=SHAPE_REPRESENTATION_RELATIONSHIP('SRR','None',#1987,#12);
#12=ADVANCED_BREP_SHAPE_REPRESENTATION('',(#13,#14),#1979);
#13=MANIFOLD_SOLID_BREP('Body1',#953);
#14=MANIFOLD_SOLID_BREP('Body2',#954);
#15=FACE_BOUND('',#323,.T.);
#16=FACE_BOUND('',#327,.T.);
#17=FACE_BOUND('',#332,.T.);
#18=B_SPLINE_SURFACE_WITH_KNOTS('',3,3,((#1438,#1439,#1440,#1441,#1442,
#1443,#1444),(#1445,#1446,#1447,#1448,#1449,#1450,#1451),(#1452,#1453,#1454,
#1455,#1456,#1457,#1458),(#1459,#1460,#1461,#1462,#1463,#1464,#1465),(#1466,
#1467,#1468,#1469,#1470,#1471,#1472),(#1473,#1474,#1475,#1476,#1477,#1478,
#1479)),.UNSPECIFIED.,.F.,.F.,.F.,(4,1,1,4),(4,1,1,1,4),(0.,0.285714285714286,
0.571428571428571,1.),(12.9217590509261,13.8503483933154,14.7789377357046,
15.2432324068993,16.1718217492885),.UNSPECIFIED.);
#19=B_SPLINE_SURFACE_WITH_KNOTS('',3,3,((#1563,#1564,#1565,#1566,#1567,
#1568,#1569),(#1570,#1571,#1572,#1573,#1574,#1575,#1576),(#1577,#1578,#1579,
#1580,#1581,#1582,#1583),(#1584,#1585,#1586,#1587,#1588,#1589,#1590),(#1591,
#1592,#1593,#1594,#1595,#1596,#1597),(#1598,#1599,#1600,#1601,#1602,#1603,
#1604)),.UNSPECIFIED.,.F.,.F.,.F.,(4,1,1,4),(4,1,1,1,4),(0.,0.285714285714286,
0.571428571428571,1.),(1.0622906866249,2.01155206177749,2.48618274935378,
3.43544412450637,4.38470549965895),.UNSPECIFIED.);
#20=B_SPLINE_SURFACE_WITH_KNOTS('',3,3,((#1656,#1657,#1658,#1659,#1660,
#1661,#1662),(#1663,#1664,#1665,#1666,#1667,#1668,#1669),(#1670,#1671,#1672,
#1673,#1674,#1675,#1676),(#1677,#1678,#1679,#1680,#1681,#1682,#1683),(#1684,
#1685,#1686,#1687,#1688,#1689,#1690),(#1691,#1692,#1693,#1694,#1695,#1696,
#1697)),.UNSPECIFIED.,.F.,.F.,.F.,(4,1,1,4),(4,1,1,1,4),(0.,0.285714285714286,
0.571428571428571,1.),(13.1602587008874,14.5852248021588,15.5352022030064,
16.0101909034302,16.485179603854),.UNSPECIFIED.);
#21=B_SPLINE_SURFACE_WITH_KNOTS('',3,3,((#1787,#1788,#1789,#1790,#1791,
#1792,#1793),(#1794,#1795,#1796,#1797,#1798,#1799,#1800),(#1801,#1802,#1803,
#1804,#1805,#1806,#1807),(#1808,#1809,#1810,#1811,#1812,#1813,#1814),(#1815,
#1816,#1817,#1818,#1819,#1820,#1821),(#1822,#1823,#1824,#1825,#1826,#1827,
#1828)),.UNSPECIFIED.,.F.,.F.,.F.,(4,1,1,4),(4,1,1,1,4),(0.,0.285714285714286,
0.571428571428571,1.),(1.05584914737319,1.98394499834271,2.44799292382746,
3.37608877479698,4.30418462576649),.UNSPECIFIED.);
#22=ELLIPSE('',#994,14.1421356237309,10.);
#23=ELLIPSE('',#998,14.142135623731,10.);
#24=ELLIPSE('',#1007,14.142135623731,10.);
#25=ELLIPSE('',#1011,14.1421356237309,10.);
#26=PLANE('',#977);
#27=PLANE('',#988);
#28=PLANE('',#991);
#29=PLANE('',#996);
#30=PLANE('',#999);
#31=PLANE('',#1005);
#32=PLANE('',#1009);
#33=PLANE('',#1012);
#34=PLANE('',#1018);
#35=PLANE('',#1022);
#36=PLANE('',#1026);
#37=PLANE('',#1031);
#38=PLANE('',#1037);
#39=PLANE('',#1038);
#40=PLANE('',#1040);
#41=PLANE('',#1046);
#42=PLANE('',#1049);
#43=PLANE('',#1050);
#44=PLANE('',#1051);
#45=PLANE('',#1052);
#46=PLANE('',#1053);
#47=PLANE('',#1057);
#48=PLANE('',#1059);
#49=PLANE('',#1060);
#50=PLANE('',#1061);
#51=PLANE('',#1062);
#52=PLANE('',#1063);
#53=PLANE('',#1064);
#54=PLANE('',#1065);
#55=PLANE('',#1066);
#56=STYLED_ITEM('',(#1998),#899);
#57=STYLED_ITEM('',(#1998),#903);
#58=STYLED_ITEM('',(#1998),#905);
#59=STYLED_ITEM('',(#1999),#911);
#60=STYLED_ITEM('',(#1999),#920);
#61=STYLED_ITEM('',(#2000),#926);
#62=STYLED_ITEM('',(#2000),#928);
#63=STYLED_ITEM('',(#2001),#932);
#64=STYLED_ITEM('',(#2001),#939);
#65=STYLED_ITEM('',(#2000),#943);
#66=STYLED_ITEM('',(#1997),#13);
#67=STYLED_ITEM('',(#2002),#14);
#68=LINE('',#1362,#140);
#69=LINE('',#1363,#141);
#70=LINE('',#1403,#142);
#71=LINE('',#1404,#143);
#72=LINE('',#1423,#144);
#73=LINE('',#1424,#145);
#74=LINE('',#1426,#146);
#75=LINE('',#1428,#147);
#76=LINE('',#1434,#148);
#77=LINE('',#1437,#149);
#78=LINE('',#1545,#150);
#79=LINE('',#1547,#151);
#80=LINE('',#1549,#152);
#81=LINE('',#1551,#153);
#82=LINE('',#1552,#154);
#83=LINE('',#1555,#155);
#84=LINE('',#1558,#156);
#85=LINE('',#1562,#157);
#86=LINE('',#1634,#158);
#87=LINE('',#1639,#159);
#88=LINE('',#1641,#160);
#89=LINE('',#1643,#161);
#90=LINE('',#1645,#162);
#91=LINE('',#1646,#163);
#92=LINE('',#1652,#164);
#93=LINE('',#1655,#165);
#94=LINE('',#1769,#166);
#95=LINE('',#1771,#167);
#96=LINE('',#1773,#168);
#97=LINE('',#1775,#169);
#98=LINE('',#1776,#170);
#99=LINE('',#1779,#171);
#100=LINE('',#1782,#172);
#101=LINE('',#1786,#173);
#102=LINE('',#1856,#174);
#103=LINE('',#1861,#175);
#104=LINE('',#1863,#176);
#105=LINE('',#1865,#177);
#106=LINE('',#1867,#178);
#107=LINE('',#1868,#179);
#108=LINE('',#1873,#180);
#109=LINE('',#1880,#181);
#110=LINE('',#1888,#182);
#111=LINE('',#1891,#183);
#112=LINE('',#1894,#184);
#113=LINE('',#1900,#185);
#114=LINE('',#1904,#186);
#115=LINE('',#1906,#187);
#116=LINE('',#1910,#188);
#117=LINE('',#1916,#189);
#118=LINE('',#1919,#190);
#119=LINE('',#1925,#191);
#120=LINE('',#1928,#192);
#121=LINE('',#1931,#193);
#122=LINE('',#1934,#194);
#123=LINE('',#1937,#195);
#124=LINE('',#1941,#196);
#125=LINE('',#1944,#197);
#126=LINE('',#1945,#198);
#127=LINE('',#1947,#199);
#128=LINE('',#1954,#200);
#129=LINE('',#1956,#201);
#130=LINE('',#1958,#202);
#131=LINE('',#1959,#203);
#132=LINE('',#1962,#204);
#133=LINE('',#1964,#205);
#134=LINE('',#1965,#206);
#135=LINE('',#1968,#207);
#136=LINE('',#1970,#208);
#137=LINE('',#1971,#209);
#138=LINE('',#1973,#210);
#139=LINE('',#1974,#211);
#140=VECTOR('',#1081,10.);
#141=VECTOR('',#1082,10.);
#142=VECTOR('',#1105,10.);
#143=VECTOR('',#1106,10.);
#144=VECTOR('',#1119,10.);
#145=VECTOR('',#1120,10.);
#146=VECTOR('',#1123,10.);
#147=VECTOR('',#1126,10.);
#148=VECTOR('',#1131,10.);
#149=VECTOR('',#1134,10.);
#150=VECTOR('',#1137,10.);
#151=VECTOR('',#1138,10.);
#152=VECTOR('',#1139,10.);
#153=VECTOR('',#1140,10.);
#154=VECTOR('',#1141,10.);
#155=VECTOR('',#1144,10.);
#156=VECTOR('',#1147,10.);
#157=VECTOR('',#1152,10.);
#158=VECTOR('',#1157,10.);
#159=VECTOR('',#1164,10.);
#160=VECTOR('',#1165,10.);
#161=VECTOR('',#1166,10.);
#162=VECTOR('',#1167,10.);
#163=VECTOR('',#1168,10.);
#164=VECTOR('',#1173,10.);
#165=VECTOR('',#1176,10.);
#166=VECTOR('',#1179,10.);
#167=VECTOR('',#1180,10.);
#168=VECTOR('',#1181,10.);
#169=VECTOR('',#1182,10.);
#170=VECTOR('',#1183,10.);
#171=VECTOR('',#1186,10.);
#172=VECTOR('',#1189,10.);
#173=VECTOR('',#1194,10.);
#174=VECTOR('',#1199,10.);
#175=VECTOR('',#1206,10.);
#176=VECTOR('',#1207,10.);
#177=VECTOR('',#1208,10.);
#178=VECTOR('',#1209,10.);
#179=VECTOR('',#1210,10.);
#180=VECTOR('',#1215,25.);
#181=VECTOR('',#1224,25.);
#182=VECTOR('',#1235,10.);
#183=VECTOR('',#1238,10.);
#184=VECTOR('',#1241,10.);
#185=VECTOR('',#1248,10.);
#186=VECTOR('',#1253,10.);
#187=VECTOR('',#1256,10.);
#188=VECTOR('',#1261,10.);
#189=VECTOR('',#1268,10.);
#190=VECTOR('',#1273,10.);
#191=VECTOR('',#1280,10.);
#192=VECTOR('',#1283,10.);
#193=VECTOR('',#1288,10.);
#194=VECTOR('',#1293,10.);
#195=VECTOR('',#1296,10.);
#196=VECTOR('',#1299,10.);
#197=VECTOR('',#1304,10.);
#198=VECTOR('',#1305,10.);
#199=VECTOR('',#1308,10.);
#200=VECTOR('',#1317,10.);
#201=VECTOR('',#1318,10.);
#202=VECTOR('',#1319,10.);
#203=VECTOR('',#1320,10.);
#204=VECTOR('',#1323,10.);
#205=VECTOR('',#1324,10.);
#206=VECTOR('',#1325,10.);
#207=VECTOR('',#1328,10.);
#208=VECTOR('',#1329,10.);
#209=VECTOR('',#1330,10.);
#210=VECTOR('',#1333,10.);
#211=VECTOR('',#1334,10.);
#212=CYLINDRICAL_SURFACE('',#972,5.);
#213=CYLINDRICAL_SURFACE('',#983,5.);
#214=CYLINDRICAL_SURFACE('',#990,5.);
#215=CYLINDRICAL_SURFACE('',#992,5.);
#216=CYLINDRICAL_SURFACE('',#993,10.);
#217=CYLINDRICAL_SURFACE('',#997,10.);
#218=CYLINDRICAL_SURFACE('',#1002,10.);
#219=CYLINDRICAL_SURFACE('',#1006,10.);
#220=CYLINDRICAL_SURFACE('',#1010,10.);
#221=CYLINDRICAL_SURFACE('',#1015,10.);
#222=CYLINDRICAL_SURFACE('',#1019,25.);
#223=CYLINDRICAL_SURFACE('',#1023,25.);
#224=CYLINDRICAL_SURFACE('',#1027,80.);
#225=CYLINDRICAL_SURFACE('',#1033,80.);
#226=CYLINDRICAL_SURFACE('',#1041,75.);
#227=CYLINDRICAL_SURFACE('',#1056,10.);
#228=CYLINDRICAL_SURFACE('',#1058,10.);
#229=FACE_OUTER_BOUND('',#286,.T.);
#230=FACE_OUTER_BOUND('',#287,.T.);
#231=FACE_OUTER_BOUND('',#288,.T.);
#232=FACE_OUTER_BOUND('',#289,.T.);
#233=FACE_OUTER_BOUND('',#290,.T.);
#234=FACE_OUTER_BOUND('',#291,.T.);
#235=FACE_OUTER_BOUND('',#292,.T.);
#236=FACE_OUTER_BOUND('',#293,.T.);
#237=FACE_OUTER_BOUND('',#294,.T.);
#238=FACE_OUTER_BOUND('',#295,.T.);
#239=FACE_OUTER_BOUND('',#296,.T.);
#240=FACE_OUTER_BOUND('',#297,.T.);
#241=FACE_OUTER_BOUND('',#298,.T.);
#242=FACE_OUTER_BOUND('',#299,.T.);
#243=FACE_OUTER_BOUND('',#300,.T.);
#244=FACE_OUTER_BOUND('',#301,.T.);
#245=FACE_OUTER_BOUND('',#302,.T.);
#246=FACE_OUTER_BOUND('',#303,.T.);
#247=FACE_OUTER_BOUND('',#304,.T.);
#248=FACE_OUTER_BOUND('',#305,.T.);
#249=FACE_OUTER_BOUND('',#306,.T.);
#250=FACE_OUTER_BOUND('',#307,.T.);
#251=FACE_OUTER_BOUND('',#308,.T.);
#252=FACE_OUTER_BOUND('',#309,.T.);
#253=FACE_OUTER_BOUND('',#310,.T.);
#254=FACE_OUTER_BOUND('',#311,.T.);
#255=FACE_OUTER_BOUND('',#312,.T.);
#256=FACE_OUTER_BOUND('',#313,.T.);
#257=FACE_OUTER_BOUND('',#314,.T.);
#258=FACE_OUTER_BOUND('',#315,.T.);
#259=FACE_OUTER_BOUND('',#316,.T.);
#260=FACE_OUTER_BOUND('',#317,.T.);
#261=FACE_OUTER_BOUND('',#318,.T.);
#262=FACE_OUTER_BOUND('',#319,.T.);
#263=FACE_OUTER_BOUND('',#320,.T.);
#264=FACE_OUTER_BOUND('',#321,.T.);
#265=FACE_OUTER_BOUND('',#322,.T.);
#266=FACE_OUTER_BOUND('',#324,.T.);
#267=FACE_OUTER_BOUND('',#325,.T.);
#268=FACE_OUTER_BOUND('',#326,.T.);
#269=FACE_OUTER_BOUND('',#328,.T.);
#270=FACE_OUTER_BOUND('',#329,.T.);
#271=FACE_OUTER_BOUND('',#330,.T.);
#272=FACE_OUTER_BOUND('',#331,.T.);
#273=FACE_OUTER_BOUND('',#333,.T.);
#274=FACE_OUTER_BOUND('',#334,.T.);
#275=FACE_OUTER_BOUND('',#335,.T.);
#276=FACE_OUTER_BOUND('',#336,.T.);
#277=FACE_OUTER_BOUND('',#337,.T.);
#278=FACE_OUTER_BOUND('',#338,.T.);
#279=FACE_OUTER_BOUND('',#339,.T.);
#280=FACE_OUTER_BOUND('',#340,.T.);
#281=FACE_OUTER_BOUND('',#341,.T.);
#282=FACE_OUTER_BOUND('',#342,.T.);
#283=FACE_OUTER_BOUND('',#343,.T.);
#284=FACE_OUTER_BOUND('',#344,.T.);
#285=FACE_OUTER_BOUND('',#345,.T.);
#286=EDGE_LOOP('',(#622,#623,#624,#625));
#287=EDGE_LOOP('',(#626,#627,#628,#629));
#288=EDGE_LOOP('',(#630,#631,#632,#633));
#289=EDGE_LOOP('',(#634,#635,#636,#637));
#290=EDGE_LOOP('',(#638,#639,#640,#641));
#291=EDGE_LOOP('',(#642,#643,#644,#645));
#292=EDGE_LOOP('',(#646,#647,#648,#649));
#293=EDGE_LOOP('',(#650,#651,#652,#653));
#294=EDGE_LOOP('',(#654,#655,#656,#657));
#295=EDGE_LOOP('',(#658,#659,#660,#661));
#296=EDGE_LOOP('',(#662,#663,#664,#665));
#297=EDGE_LOOP('',(#666,#667,#668,#669));
#298=EDGE_LOOP('',(#670,#671,#672,#673));
#299=EDGE_LOOP('',(#674,#675,#676,#677,#678,#679,#680));
#300=EDGE_LOOP('',(#681,#682,#683,#684));
#301=EDGE_LOOP('',(#685,#686,#687,#688));
#302=EDGE_LOOP('',(#689,#690,#691,#692));
#303=EDGE_LOOP('',(#693,#694,#695,#696));
#304=EDGE_LOOP('',(#697,#698,#699,#700));
#305=EDGE_LOOP('',(#701,#702,#703,#704,#705,#706,#707));
#306=EDGE_LOOP('',(#708,#709,#710,#711));
#307=EDGE_LOOP('',(#712,#713,#714,#715));
#308=EDGE_LOOP('',(#716,#717,#718,#719,#720,#721,#722));
#309=EDGE_LOOP('',(#723,#724,#725,#726));
#310=EDGE_LOOP('',(#727,#728,#729,#730));
#311=EDGE_LOOP('',(#731,#732,#733,#734));
#312=EDGE_LOOP('',(#735,#736,#737,#738));
#313=EDGE_LOOP('',(#739,#740,#741,#742));
#314=EDGE_LOOP('',(#743,#744,#745,#746,#747,#748,#749));
#315=EDGE_LOOP('',(#750,#751,#752,#753));
#316=EDGE_LOOP('',(#754));
#317=EDGE_LOOP('',(#755,#756,#757,#758));
#318=EDGE_LOOP('',(#759));
#319=EDGE_LOOP('',(#760,#761,#762,#763,#764,#765,#766));
#320=EDGE_LOOP('',(#767,#768,#769));
#321=EDGE_LOOP('',(#770,#771,#772,#773,#774,#775,#776));
#322=EDGE_LOOP('',(#777,#778,#779,#780));
#323=EDGE_LOOP('',(#781));
#324=EDGE_LOOP('',(#782,#783,#784));
#325=EDGE_LOOP('',(#785,#786,#787,#788));
#326=EDGE_LOOP('',(#789,#790,#791,#792,#793,#794,#795,#796,#797,#798,#799,
#800,#801,#802,#803,#804,#805,#806,#807,#808));
#327=EDGE_LOOP('',(#809,#810,#811,#812,#813,#814,#815,#816));
#328=EDGE_LOOP('',(#817,#818,#819,#820,#821,#822));
#329=EDGE_LOOP('',(#823,#824,#825));
#330=EDGE_LOOP('',(#826,#827,#828,#829));
#331=EDGE_LOOP('',(#830,#831,#832,#833));
#332=EDGE_LOOP('',(#834));
#333=EDGE_LOOP('',(#835,#836,#837,#838));
#334=EDGE_LOOP('',(#839,#840,#841,#842,#843,#844));
#335=EDGE_LOOP('',(#845,#846,#847,#848));
#336=EDGE_LOOP('',(#849,#850,#851,#852));
#337=EDGE_LOOP('',(#853,#854,#855,#856,#857,#858));
#338=EDGE_LOOP('',(#859,#860,#861,#862));
#339=EDGE_LOOP('',(#863,#864,#865));
#340=EDGE_LOOP('',(#866,#867,#868,#869));
#341=EDGE_LOOP('',(#870,#871,#872,#873));
#342=EDGE_LOOP('',(#874,#875,#876,#877));
#343=EDGE_LOOP('',(#878,#879,#880,#881));
#344=EDGE_LOOP('',(#882,#883,#884,#885));
#345=EDGE_LOOP('',(#886,#887,#888,#889));
#346=B_SPLINE_CURVE_WITH_KNOTS('',3,(#1347,#1348,#1349,#1350,#1351,#1352,
#1353,#1354,#1355,#1356),.UNSPECIFIED.,.F.,.F.,(4,2,2,2,4),(-0.0010350983574299,
0.,0.369662511483536,0.636896528824402,0.834553098493714),.UNSPECIFIED.);
#347=B_SPLINE_CURVE_WITH_KNOTS('',3,(#1367,#1368,#1369,#1370,#1371,#1372,
#1373,#1374,#1375,#1376),.UNSPECIFIED.,.F.,.F.,(4,2,2,2,4),(1.74700765346073,
1.89440372114011,2.09368494600445,2.36934829739647,2.37012018298114),
 .UNSPECIFIED.);
#348=B_SPLINE_CURVE_WITH_KNOTS('',3,(#1388,#1389,#1390,#1391,#1392,#1393,
#1394,#1395,#1396,#1397),.UNSPECIFIED.,.F.,.F.,(4,2,2,2,4),(-0.0010350985904041,
0.,0.400908922649965,0.620804530419763,0.75635612727841),.UNSPECIFIED.);
#349=B_SPLINE_CURVE_WITH_KNOTS('',3,(#1408,#1409,#1410,#1411,#1412,#1413,
#1414,#1415,#1416,#1417),.UNSPECIFIED.,.F.,.F.,(4,2,2,2,4),(2.16299862344955,
2.34477119538772,2.63964776717687,3.1772638391656,3.17865192195226),
 .UNSPECIFIED.);
#350=B_SPLINE_CURVE_WITH_KNOTS('',3,(#1482,#1483,#1484,#1485,#1486,#1487,
#1488,#1489,#1490,#1491),.UNSPECIFIED.,.F.,.F.,(4,2,2,2,4),(-0.00204699709621454,
0.,0.48331389173187,0.981692886705111,1.60734370655114),.UNSPECIFIED.);
#351=B_SPLINE_CURVE_WITH_KNOTS('',3,(#1492,#1493,#1494,#1495,#1496,#1497,
#1498,#1499,#1500,#1501,#1502,#1503,#1504,#1505,#1506,#1507,#1508,#1509,
#1510,#1511,#1512,#1513,#1514,#1515,#1516,#1517,#1518,#1519,#1520,#1521,
#1522,#1523,#1524,#1525,#1526,#1527,#1528,#1529,#1530,#1531,#1532,#1533,
#1534,#1535,#1536,#1537),.UNSPECIFIED.,.F.,.F.,(4,3,3,3,3,3,3,3,3,3,3,3,
3,3,3,4),(-16.1718217492885,-15.9702765810627,-15.7701781343413,-15.5753542379245,
-15.445839313194,-15.2431988258495,-14.9802412031727,-14.7788218290518,
-14.6523049114467,-14.3653514045058,-14.0603030455989,-13.8502829349899,
-13.7877623651685,-13.3883876402566,-12.9944449275712,-12.9217590509261),
 .UNSPECIFIED.);
#352=B_SPLINE_CURVE_WITH_KNOTS('',3,(#1538,#1539,#1540,#1541,#1542),
 .UNSPECIFIED.,.F.,.F.,(4,1,4),(12.9217590509261,13.8503483933154,14.6071722111749),
 .UNSPECIFIED.);
#353=B_SPLINE_CURVE_WITH_KNOTS('',3,(#1608,#1609,#1610,#1611,#1612,#1613,
#1614),.UNSPECIFIED.,.F.,.F.,(4,1,1,1,4),(-4.38470549965895,-3.43544412450637,
-2.48618274935378,-2.01155206177749,-1.0622906866249),.UNSPECIFIED.);
#354=B_SPLINE_CURVE_WITH_KNOTS('',3,(#1616,#1617,#1618,#1619,#1620,#1621,
#1622,#1623,#1624,#1625),.UNSPECIFIED.,.F.,.F.,(4,2,2,2,4),(0.,0.358743415564909,
0.930972851077807,1.5363511059926,1.53918775535192),.UNSPECIFIED.);
#355=B_SPLINE_CURVE_WITH_KNOTS('',3,(#1626,#1627,#1628,#1629,#1630,#1631,
#1632),.UNSPECIFIED.,.F.,.F.,(4,3,4),(2.49527095003075,3.43544412450652,
4.38470549965926),.UNSPECIFIED.);
#356=B_SPLINE_CURVE_WITH_KNOTS('',3,(#1700,#1701,#1702,#1703,#1704,#1705,
#1706,#1707,#1708,#1709),.UNSPECIFIED.,.F.,.F.,(4,2,2,2,4),(-0.00205286716697002,
0.,0.41587172379907,0.847303263583939,1.4661007593822),.UNSPECIFIED.);
#357=B_SPLINE_CURVE_WITH_KNOTS('',3,(#1710,#1711,#1712,#1713,#1714,#1715,
#1716,#1717,#1718,#1719,#1720,#1721,#1722,#1723,#1724,#1725,#1726,#1727,
#1728,#1729,#1730,#1731,#1732,#1733,#1734,#1735,#1736,#1737,#1738,#1739,
#1740,#1741,#1742,#1743,#1744,#1745,#1746,#1747,#1748,#1749,#1750,#1751,
#1752,#1753,#1754,#1755,#1756,#1757,#1758,#1759,#1760,#1761),
 .UNSPECIFIED.,.F.,.F.,(4,3,3,3,3,3,3,3,3,3,3,3,3,3,3,3,3,4),(-16.485179603854,
-16.2683297511995,-16.0463449250545,-16.0102572398973,-15.7900605750152,
-15.6151687108328,-15.5352438574867,-15.3466146454125,-15.1451647892461,
-14.9991069624462,-14.6345869362164,-14.5854352682848,-14.2411779887054,
-14.0858176984122,-13.8384995984749,-13.5896015655027,-13.3459167595269,
-13.1602587008874),.UNSPECIFIED.);
#358=B_SPLINE_CURVE_WITH_KNOTS('',3,(#1762,#1763,#1764,#1765,#1766),
 .UNSPECIFIED.,.F.,.F.,(4,1,4),(13.1602587008874,14.5852248021588,15.0559365657527),
 .UNSPECIFIED.);
#359=B_SPLINE_CURVE_WITH_KNOTS('',3,(#1832,#1833,#1834,#1835,#1836,#1837,
#1838),.UNSPECIFIED.,.F.,.F.,(4,1,1,1,4),(-4.30418462576649,-3.37608877479698,
-2.44799292382746,-1.98394499834271,-1.05584914737319),.UNSPECIFIED.);
#360=B_SPLINE_CURVE_WITH_KNOTS('',3,(#1840,#1841,#1842,#1843,#1844,#1845,
#1846,#1847,#1848,#1849),.UNSPECIFIED.,.F.,.F.,(4,2,2,2,4),(0.,0.419830879227554,
1.02233270056652,1.6594944338553,1.66215099150064),.UNSPECIFIED.);
#361=B_SPLINE_CURVE_WITH_KNOTS('',3,(#1850,#1851,#1852,#1853,#1854),
 .UNSPECIFIED.,.F.,.F.,(4,1,4),(2.62407189775407,3.37608877479698,4.30418462576649),
 .UNSPECIFIED.);
#362=CIRCLE('',#969,5.);
#363=CIRCLE('',#970,5.);
#364=CIRCLE('',#971,10.);
#365=CIRCLE('',#973,5.);
#366=CIRCLE('',#975,5.);
#367=CIRCLE('',#976,10.);
#368=CIRCLE('',#978,75.);
#369=CIRCLE('',#980,5.);
#370=CIRCLE('',#981,5.);
#371=CIRCLE('',#982,10.);
#372=CIRCLE('',#984,5.);
#373=CIRCLE('',#986,5.);
#374=CIRCLE('',#987,10.);
#375=CIRCLE('',#989,75.);
#376=CIRCLE('',#995,9.99999999999999);
#377=CIRCLE('',#1000,85.);
#378=CIRCLE('',#1001,10.);
#379=CIRCLE('',#1004,75.);
#380=CIRCLE('',#1008,10.);
#381=CIRCLE('',#1013,85.);
#382=CIRCLE('',#1014,10.);
#383=CIRCLE('',#1017,75.);
#384=CIRCLE('',#1020,25.);
#385=CIRCLE('',#1021,25.);
#386=CIRCLE('',#1024,25.);
#387=CIRCLE('',#1025,25.);
#388=CIRCLE('',#1028,80.);
#389=CIRCLE('',#1029,80.);
#390=CIRCLE('',#1030,80.);
#391=CIRCLE('',#1032,75.);
#392=CIRCLE('',#1034,80.);
#393=CIRCLE('',#1035,80.);
#394=CIRCLE('',#1036,80.);
#395=CIRCLE('',#1039,75.);
#396=CIRCLE('',#1042,75.);
#397=CIRCLE('',#1043,75.);
#398=CIRCLE('',#1044,75.);
#399=CIRCLE('',#1045,75.);
#400=CIRCLE('',#1047,10.);
#401=CIRCLE('',#1048,10.);
#402=CIRCLE('',#1054,10.);
#403=CIRCLE('',#1055,10.);
#404=VERTEX_POINT('',#1341);
#405=VERTEX_POINT('',#1342);
#406=VERTEX_POINT('',#1344);
#407=VERTEX_POINT('',#1346);
#408=VERTEX_POINT('',#1359);
#409=VERTEX_POINT('',#1360);
#410=VERTEX_POINT('',#1365);
#411=VERTEX_POINT('',#1366);
#412=VERTEX_POINT('',#1382);
#413=VERTEX_POINT('',#1383);
#414=VERTEX_POINT('',#1385);
#415=VERTEX_POINT('',#1387);
#416=VERTEX_POINT('',#1400);
#417=VERTEX_POINT('',#1401);
#418=VERTEX_POINT('',#1406);
#419=VERTEX_POINT('',#1407);
#420=VERTEX_POINT('',#1430);
#421=VERTEX_POINT('',#1431);
#422=VERTEX_POINT('',#1433);
#423=VERTEX_POINT('',#1435);
#424=VERTEX_POINT('',#1480);
#425=VERTEX_POINT('',#1481);
#426=VERTEX_POINT('',#1544);
#427=VERTEX_POINT('',#1546);
#428=VERTEX_POINT('',#1548);
#429=VERTEX_POINT('',#1550);
#430=VERTEX_POINT('',#1554);
#431=VERTEX_POINT('',#1556);
#432=VERTEX_POINT('',#1560);
#433=VERTEX_POINT('',#1605);
#434=VERTEX_POINT('',#1607);
#435=VERTEX_POINT('',#1615);
#436=VERTEX_POINT('',#1638);
#437=VERTEX_POINT('',#1640);
#438=VERTEX_POINT('',#1642);
#439=VERTEX_POINT('',#1644);
#440=VERTEX_POINT('',#1648);
#441=VERTEX_POINT('',#1649);
#442=VERTEX_POINT('',#1651);
#443=VERTEX_POINT('',#1653);
#444=VERTEX_POINT('',#1698);
#445=VERTEX_POINT('',#1699);
#446=VERTEX_POINT('',#1768);
#447=VERTEX_POINT('',#1770);
#448=VERTEX_POINT('',#1772);
#449=VERTEX_POINT('',#1774);
#450=VERTEX_POINT('',#1778);
#451=VERTEX_POINT('',#1780);
#452=VERTEX_POINT('',#1784);
#453=VERTEX_POINT('',#1829);
#454=VERTEX_POINT('',#1831);
#455=VERTEX_POINT('',#1839);
#456=VERTEX_POINT('',#1860);
#457=VERTEX_POINT('',#1862);
#458=VERTEX_POINT('',#1864);
#459=VERTEX_POINT('',#1866);
#460=VERTEX_POINT('',#1870);
#461=VERTEX_POINT('',#1872);
#462=VERTEX_POINT('',#1877);
#463=VERTEX_POINT('',#1879);
#464=VERTEX_POINT('',#1884);
#465=VERTEX_POINT('',#1887);
#466=VERTEX_POINT('',#1889);
#467=VERTEX_POINT('',#1893);
#468=VERTEX_POINT('',#1897);
#469=VERTEX_POINT('',#1898);
#470=VERTEX_POINT('',#1902);
#471=VERTEX_POINT('',#1908);
#472=VERTEX_POINT('',#1913);
#473=VERTEX_POINT('',#1915);
#474=VERTEX_POINT('',#1922);
#475=VERTEX_POINT('',#1924);
#476=VERTEX_POINT('',#1926);
#477=VERTEX_POINT('',#1936);
#478=VERTEX_POINT('',#1938);
#479=VERTEX_POINT('',#1940);
#480=VERTEX_POINT('',#1952);
#481=VERTEX_POINT('',#1953);
#482=VERTEX_POINT('',#1955);
#483=VERTEX_POINT('',#1957);
#484=VERTEX_POINT('',#1961);
#485=VERTEX_POINT('',#1963);
#486=VERTEX_POINT('',#1967);
#487=VERTEX_POINT('',#1969);
#488=EDGE_CURVE('',#404,#405,#362,.T.);
#489=EDGE_CURVE('',#405,#406,#363,.T.);
#490=EDGE_CURVE('',#406,#407,#346,.T.);
#491=EDGE_CURVE('',#407,#404,#364,.T.);
#492=EDGE_CURVE('',#408,#409,#365,.T.);
#493=EDGE_CURVE('',#409,#405,#68,.T.);
#494=EDGE_CURVE('',#404,#408,#69,.T.);
#495=EDGE_CURVE('',#410,#411,#347,.T.);
#496=EDGE_CURVE('',#411,#409,#366,.T.);
#497=EDGE_CURVE('',#408,#410,#367,.T.);
#498=EDGE_CURVE('',#410,#407,#368,.T.);
#499=EDGE_CURVE('',#412,#413,#369,.T.);
#500=EDGE_CURVE('',#413,#414,#370,.T.);
#501=EDGE_CURVE('',#414,#415,#348,.T.);
#502=EDGE_CURVE('',#415,#412,#371,.T.);
#503=EDGE_CURVE('',#416,#417,#372,.T.);
#504=EDGE_CURVE('',#417,#413,#70,.T.);
#505=EDGE_CURVE('',#412,#416,#71,.T.);
#506=EDGE_CURVE('',#418,#419,#349,.T.);
#507=EDGE_CURVE('',#419,#417,#373,.T.);
#508=EDGE_CURVE('',#416,#418,#374,.T.);
#509=EDGE_CURVE('',#418,#415,#375,.T.);
#510=EDGE_CURVE('',#405,#417,#72,.T.);
#511=EDGE_CURVE('',#419,#406,#73,.T.);
#512=EDGE_CURVE('',#413,#409,#74,.T.);
#513=EDGE_CURVE('',#411,#414,#75,.T.);
#514=EDGE_CURVE('',#420,#421,#22,.T.);
#515=EDGE_CURVE('',#421,#422,#76,.T.);
#516=EDGE_CURVE('',#422,#423,#376,.T.);
#517=EDGE_CURVE('',#423,#420,#77,.T.);
#518=EDGE_CURVE('',#424,#425,#350,.F.);
#519=EDGE_CURVE('',#425,#423,#351,.T.);
#520=EDGE_CURVE('',#422,#424,#352,.T.);
#521=EDGE_CURVE('',#426,#421,#78,.T.);
#522=EDGE_CURVE('',#426,#427,#79,.T.);
#523=EDGE_CURVE('',#427,#428,#80,.T.);
#524=EDGE_CURVE('',#429,#428,#81,.T.);
#525=EDGE_CURVE('',#424,#429,#82,.T.);
#526=EDGE_CURVE('',#420,#430,#83,.T.);
#527=EDGE_CURVE('',#431,#430,#23,.T.);
#528=EDGE_CURVE('',#431,#421,#84,.T.);
#529=EDGE_CURVE('',#432,#423,#377,.T.);
#530=EDGE_CURVE('',#430,#432,#85,.T.);
#531=EDGE_CURVE('',#433,#432,#378,.T.);
#532=EDGE_CURVE('',#432,#434,#353,.T.);
#533=EDGE_CURVE('',#434,#435,#354,.F.);
#534=EDGE_CURVE('',#435,#433,#355,.T.);
#535=EDGE_CURVE('',#433,#431,#86,.T.);
#536=EDGE_CURVE('',#425,#434,#379,.T.);
#537=EDGE_CURVE('',#436,#435,#87,.T.);
#538=EDGE_CURVE('',#437,#436,#88,.T.);
#539=EDGE_CURVE('',#438,#437,#89,.T.);
#540=EDGE_CURVE('',#438,#439,#90,.T.);
#541=EDGE_CURVE('',#439,#431,#91,.T.);
#542=EDGE_CURVE('',#440,#441,#24,.T.);
#543=EDGE_CURVE('',#441,#442,#92,.T.);
#544=EDGE_CURVE('',#442,#443,#380,.T.);
#545=EDGE_CURVE('',#443,#440,#93,.T.);
#546=EDGE_CURVE('',#444,#445,#356,.F.);
#547=EDGE_CURVE('',#445,#443,#357,.T.);
#548=EDGE_CURVE('',#442,#444,#358,.T.);
#549=EDGE_CURVE('',#446,#441,#94,.T.);
#550=EDGE_CURVE('',#447,#446,#95,.T.);
#551=EDGE_CURVE('',#448,#447,#96,.T.);
#552=EDGE_CURVE('',#449,#448,#97,.T.);
#553=EDGE_CURVE('',#444,#449,#98,.T.);
#554=EDGE_CURVE('',#440,#450,#99,.T.);
#555=EDGE_CURVE('',#451,#450,#25,.T.);
#556=EDGE_CURVE('',#451,#441,#100,.T.);
#557=EDGE_CURVE('',#452,#443,#381,.T.);
#558=EDGE_CURVE('',#450,#452,#101,.T.);
#559=EDGE_CURVE('',#453,#452,#382,.T.);
#560=EDGE_CURVE('',#452,#454,#359,.T.);
#561=EDGE_CURVE('',#454,#455,#360,.F.);
#562=EDGE_CURVE('',#455,#453,#361,.T.);
#563=EDGE_CURVE('',#453,#451,#102,.T.);
#564=EDGE_CURVE('',#445,#454,#383,.T.);
#565=EDGE_CURVE('',#456,#455,#103,.T.);
#566=EDGE_CURVE('',#457,#456,#104,.T.);
#567=EDGE_CURVE('',#458,#457,#105,.T.);
#568=EDGE_CURVE('',#459,#458,#106,.T.);
#569=EDGE_CURVE('',#459,#451,#107,.T.);
#570=EDGE_CURVE('',#460,#460,#384,.T.);
#571=EDGE_CURVE('',#460,#461,#108,.T.);
#572=EDGE_CURVE('',#461,#461,#385,.T.);
#573=EDGE_CURVE('',#462,#462,#386,.T.);
#574=EDGE_CURVE('',#462,#463,#109,.T.);
#575=EDGE_CURVE('',#463,#463,#387,.T.);
#576=EDGE_CURVE('',#464,#448,#388,.F.);
#577=EDGE_CURVE('',#447,#458,#389,.T.);
#578=EDGE_CURVE('',#465,#457,#110,.T.);
#579=EDGE_CURVE('',#465,#466,#390,.T.);
#580=EDGE_CURVE('',#464,#466,#111,.T.);
#581=EDGE_CURVE('',#467,#465,#112,.T.);
#582=EDGE_CURVE('',#466,#467,#391,.T.);
#583=EDGE_CURVE('',#468,#469,#392,.T.);
#584=EDGE_CURVE('',#428,#469,#113,.T.);
#585=EDGE_CURVE('',#427,#438,#393,.T.);
#586=EDGE_CURVE('',#470,#437,#394,.T.);
#587=EDGE_CURVE('',#470,#468,#114,.F.);
#588=EDGE_CURVE('',#439,#426,#115,.T.);
#589=EDGE_CURVE('',#471,#468,#395,.T.);
#590=EDGE_CURVE('',#469,#471,#116,.T.);
#591=EDGE_CURVE('',#472,#429,#396,.T.);
#592=EDGE_CURVE('',#472,#473,#117,.T.);
#593=EDGE_CURVE('',#456,#473,#397,.T.);
#594=EDGE_CURVE('',#464,#449,#398,.T.);
#595=EDGE_CURVE('',#467,#471,#118,.T.);
#596=EDGE_CURVE('',#436,#470,#399,.T.);
#597=EDGE_CURVE('',#474,#428,#400,.T.);
#598=EDGE_CURVE('',#474,#475,#119,.T.);
#599=EDGE_CURVE('',#476,#475,#401,.T.);
#600=EDGE_CURVE('',#476,#472,#120,.T.);
#601=EDGE_CURVE('',#446,#459,#121,.T.);
#602=EDGE_CURVE('',#469,#465,#122,.T.);
#603=EDGE_CURVE('',#477,#473,#123,.T.);
#604=EDGE_CURVE('',#478,#477,#402,.T.);
#605=EDGE_CURVE('',#478,#479,#124,.T.);
#606=EDGE_CURVE('',#457,#479,#403,.T.);
#607=EDGE_CURVE('',#477,#476,#125,.T.);
#608=EDGE_CURVE('',#475,#478,#126,.T.);
#609=EDGE_CURVE('',#479,#474,#127,.T.);
#610=EDGE_CURVE('',#480,#481,#128,.T.);
#611=EDGE_CURVE('',#480,#482,#129,.T.);
#612=EDGE_CURVE('',#483,#482,#130,.T.);
#613=EDGE_CURVE('',#481,#483,#131,.T.);
#614=EDGE_CURVE('',#481,#484,#132,.T.);
#615=EDGE_CURVE('',#485,#483,#133,.T.);
#616=EDGE_CURVE('',#484,#485,#134,.T.);
#617=EDGE_CURVE('',#484,#486,#135,.T.);
#618=EDGE_CURVE('',#487,#485,#136,.T.);
#619=EDGE_CURVE('',#486,#487,#137,.T.);
#620=EDGE_CURVE('',#486,#480,#138,.T.);
#621=EDGE_CURVE('',#482,#487,#139,.T.);
#622=ORIENTED_EDGE('',*,*,#488,.T.);
#623=ORIENTED_EDGE('',*,*,#489,.T.);
#624=ORIENTED_EDGE('',*,*,#490,.T.);
#625=ORIENTED_EDGE('',*,*,#491,.T.);
#626=ORIENTED_EDGE('',*,*,#492,.T.);
#627=ORIENTED_EDGE('',*,*,#493,.T.);
#628=ORIENTED_EDGE('',*,*,#488,.F.);
#629=ORIENTED_EDGE('',*,*,#494,.T.);
#630=ORIENTED_EDGE('',*,*,#495,.T.);
#631=ORIENTED_EDGE('',*,*,#496,.T.);
#632=ORIENTED_EDGE('',*,*,#492,.F.);
#633=ORIENTED_EDGE('',*,*,#497,.T.);
#634=ORIENTED_EDGE('',*,*,#497,.F.);
#635=ORIENTED_EDGE('',*,*,#494,.F.);
#636=ORIENTED_EDGE('',*,*,#491,.F.);
#637=ORIENTED_EDGE('',*,*,#498,.F.);
#638=ORIENTED_EDGE('',*,*,#499,.T.);
#639=ORIENTED_EDGE('',*,*,#500,.T.);
#640=ORIENTED_EDGE('',*,*,#501,.T.);
#641=ORIENTED_EDGE('',*,*,#502,.T.);
#642=ORIENTED_EDGE('',*,*,#503,.T.);
#643=ORIENTED_EDGE('',*,*,#504,.T.);
#644=ORIENTED_EDGE('',*,*,#499,.F.);
#645=ORIENTED_EDGE('',*,*,#505,.T.);
#646=ORIENTED_EDGE('',*,*,#506,.T.);
#647=ORIENTED_EDGE('',*,*,#507,.T.);
#648=ORIENTED_EDGE('',*,*,#503,.F.);
#649=ORIENTED_EDGE('',*,*,#508,.T.);
#650=ORIENTED_EDGE('',*,*,#508,.F.);
#651=ORIENTED_EDGE('',*,*,#505,.F.);
#652=ORIENTED_EDGE('',*,*,#502,.F.);
#653=ORIENTED_EDGE('',*,*,#509,.F.);
#654=ORIENTED_EDGE('',*,*,#489,.F.);
#655=ORIENTED_EDGE('',*,*,#510,.T.);
#656=ORIENTED_EDGE('',*,*,#507,.F.);
#657=ORIENTED_EDGE('',*,*,#511,.T.);
#658=ORIENTED_EDGE('',*,*,#493,.F.);
#659=ORIENTED_EDGE('',*,*,#512,.F.);
#660=ORIENTED_EDGE('',*,*,#504,.F.);
#661=ORIENTED_EDGE('',*,*,#510,.F.);
#662=ORIENTED_EDGE('',*,*,#496,.F.);
#663=ORIENTED_EDGE('',*,*,#513,.T.);
#664=ORIENTED_EDGE('',*,*,#500,.F.);
#665=ORIENTED_EDGE('',*,*,#512,.T.);
#666=ORIENTED_EDGE('',*,*,#514,.T.);
#667=ORIENTED_EDGE('',*,*,#515,.T.);
#668=ORIENTED_EDGE('',*,*,#516,.T.);
#669=ORIENTED_EDGE('',*,*,#517,.T.);
#670=ORIENTED_EDGE('',*,*,#518,.T.);
#671=ORIENTED_EDGE('',*,*,#519,.T.);
#672=ORIENTED_EDGE('',*,*,#516,.F.);
#673=ORIENTED_EDGE('',*,*,#520,.T.);
#674=ORIENTED_EDGE('',*,*,#520,.F.);
#675=ORIENTED_EDGE('',*,*,#515,.F.);
#676=ORIENTED_EDGE('',*,*,#521,.F.);
#677=ORIENTED_EDGE('',*,*,#522,.T.);
#678=ORIENTED_EDGE('',*,*,#523,.T.);
#679=ORIENTED_EDGE('',*,*,#524,.F.);
#680=ORIENTED_EDGE('',*,*,#525,.F.);
#681=ORIENTED_EDGE('',*,*,#514,.F.);
#682=ORIENTED_EDGE('',*,*,#526,.T.);
#683=ORIENTED_EDGE('',*,*,#527,.F.);
#684=ORIENTED_EDGE('',*,*,#528,.T.);
#685=ORIENTED_EDGE('',*,*,#517,.F.);
#686=ORIENTED_EDGE('',*,*,#529,.F.);
#687=ORIENTED_EDGE('',*,*,#530,.F.);
#688=ORIENTED_EDGE('',*,*,#526,.F.);
#689=ORIENTED_EDGE('',*,*,#531,.T.);
#690=ORIENTED_EDGE('',*,*,#532,.T.);
#691=ORIENTED_EDGE('',*,*,#533,.T.);
#692=ORIENTED_EDGE('',*,*,#534,.T.);
#693=ORIENTED_EDGE('',*,*,#527,.T.);
#694=ORIENTED_EDGE('',*,*,#530,.T.);
#695=ORIENTED_EDGE('',*,*,#531,.F.);
#696=ORIENTED_EDGE('',*,*,#535,.T.);
#697=ORIENTED_EDGE('',*,*,#519,.F.);
#698=ORIENTED_EDGE('',*,*,#536,.T.);
#699=ORIENTED_EDGE('',*,*,#532,.F.);
#700=ORIENTED_EDGE('',*,*,#529,.T.);
#701=ORIENTED_EDGE('',*,*,#534,.F.);
#702=ORIENTED_EDGE('',*,*,#537,.F.);
#703=ORIENTED_EDGE('',*,*,#538,.F.);
#704=ORIENTED_EDGE('',*,*,#539,.F.);
#705=ORIENTED_EDGE('',*,*,#540,.T.);
#706=ORIENTED_EDGE('',*,*,#541,.T.);
#707=ORIENTED_EDGE('',*,*,#535,.F.);
#708=ORIENTED_EDGE('',*,*,#542,.T.);
#709=ORIENTED_EDGE('',*,*,#543,.T.);
#710=ORIENTED_EDGE('',*,*,#544,.T.);
#711=ORIENTED_EDGE('',*,*,#545,.T.);
#712=ORIENTED_EDGE('',*,*,#546,.T.);
#713=ORIENTED_EDGE('',*,*,#547,.T.);
#714=ORIENTED_EDGE('',*,*,#544,.F.);
#715=ORIENTED_EDGE('',*,*,#548,.T.);
#716=ORIENTED_EDGE('',*,*,#548,.F.);
#717=ORIENTED_EDGE('',*,*,#543,.F.);
#718=ORIENTED_EDGE('',*,*,#549,.F.);
#719=ORIENTED_EDGE('',*,*,#550,.F.);
#720=ORIENTED_EDGE('',*,*,#551,.F.);
#721=ORIENTED_EDGE('',*,*,#552,.F.);
#722=ORIENTED_EDGE('',*,*,#553,.F.);
#723=ORIENTED_EDGE('',*,*,#542,.F.);
#724=ORIENTED_EDGE('',*,*,#554,.T.);
#725=ORIENTED_EDGE('',*,*,#555,.F.);
#726=ORIENTED_EDGE('',*,*,#556,.T.);
#727=ORIENTED_EDGE('',*,*,#545,.F.);
#728=ORIENTED_EDGE('',*,*,#557,.F.);
#729=ORIENTED_EDGE('',*,*,#558,.F.);
#730=ORIENTED_EDGE('',*,*,#554,.F.);
#731=ORIENTED_EDGE('',*,*,#559,.T.);
#732=ORIENTED_EDGE('',*,*,#560,.T.);
#733=ORIENTED_EDGE('',*,*,#561,.T.);
#734=ORIENTED_EDGE('',*,*,#562,.T.);
#735=ORIENTED_EDGE('',*,*,#555,.T.);
#736=ORIENTED_EDGE('',*,*,#558,.T.);
#737=ORIENTED_EDGE('',*,*,#559,.F.);
#738=ORIENTED_EDGE('',*,*,#563,.T.);
#739=ORIENTED_EDGE('',*,*,#547,.F.);
#740=ORIENTED_EDGE('',*,*,#564,.T.);
#741=ORIENTED_EDGE('',*,*,#560,.F.);
#742=ORIENTED_EDGE('',*,*,#557,.T.);
#743=ORIENTED_EDGE('',*,*,#562,.F.);
#744=ORIENTED_EDGE('',*,*,#565,.F.);
#745=ORIENTED_EDGE('',*,*,#566,.F.);
#746=ORIENTED_EDGE('',*,*,#567,.F.);
#747=ORIENTED_EDGE('',*,*,#568,.F.);
#748=ORIENTED_EDGE('',*,*,#569,.T.);
#749=ORIENTED_EDGE('',*,*,#563,.F.);
#750=ORIENTED_EDGE('',*,*,#570,.F.);
#751=ORIENTED_EDGE('',*,*,#571,.T.);
#752=ORIENTED_EDGE('',*,*,#572,.F.);
#753=ORIENTED_EDGE('',*,*,#571,.F.);
#754=ORIENTED_EDGE('',*,*,#570,.T.);
#755=ORIENTED_EDGE('',*,*,#573,.F.);
#756=ORIENTED_EDGE('',*,*,#574,.T.);
#757=ORIENTED_EDGE('',*,*,#575,.F.);
#758=ORIENTED_EDGE('',*,*,#574,.F.);
#759=ORIENTED_EDGE('',*,*,#573,.T.);
#760=ORIENTED_EDGE('',*,*,#576,.T.);
#761=ORIENTED_EDGE('',*,*,#551,.T.);
#762=ORIENTED_EDGE('',*,*,#577,.T.);
#763=ORIENTED_EDGE('',*,*,#567,.T.);
#764=ORIENTED_EDGE('',*,*,#578,.F.);
#765=ORIENTED_EDGE('',*,*,#579,.T.);
#766=ORIENTED_EDGE('',*,*,#580,.F.);
#767=ORIENTED_EDGE('',*,*,#579,.F.);
#768=ORIENTED_EDGE('',*,*,#581,.F.);
#769=ORIENTED_EDGE('',*,*,#582,.F.);
#770=ORIENTED_EDGE('',*,*,#583,.T.);
#771=ORIENTED_EDGE('',*,*,#584,.F.);
#772=ORIENTED_EDGE('',*,*,#523,.F.);
#773=ORIENTED_EDGE('',*,*,#585,.T.);
#774=ORIENTED_EDGE('',*,*,#539,.T.);
#775=ORIENTED_EDGE('',*,*,#586,.F.);
#776=ORIENTED_EDGE('',*,*,#587,.T.);
#777=ORIENTED_EDGE('',*,*,#585,.F.);
#778=ORIENTED_EDGE('',*,*,#522,.F.);
#779=ORIENTED_EDGE('',*,*,#588,.F.);
#780=ORIENTED_EDGE('',*,*,#540,.F.);
#781=ORIENTED_EDGE('',*,*,#572,.T.);
#782=ORIENTED_EDGE('',*,*,#583,.F.);
#783=ORIENTED_EDGE('',*,*,#589,.F.);
#784=ORIENTED_EDGE('',*,*,#590,.F.);
#785=ORIENTED_EDGE('',*,*,#528,.F.);
#786=ORIENTED_EDGE('',*,*,#541,.F.);
#787=ORIENTED_EDGE('',*,*,#588,.T.);
#788=ORIENTED_EDGE('',*,*,#521,.T.);
#789=ORIENTED_EDGE('',*,*,#525,.T.);
#790=ORIENTED_EDGE('',*,*,#591,.F.);
#791=ORIENTED_EDGE('',*,*,#592,.T.);
#792=ORIENTED_EDGE('',*,*,#593,.F.);
#793=ORIENTED_EDGE('',*,*,#565,.T.);
#794=ORIENTED_EDGE('',*,*,#561,.F.);
#795=ORIENTED_EDGE('',*,*,#564,.F.);
#796=ORIENTED_EDGE('',*,*,#546,.F.);
#797=ORIENTED_EDGE('',*,*,#553,.T.);
#798=ORIENTED_EDGE('',*,*,#594,.F.);
#799=ORIENTED_EDGE('',*,*,#580,.T.);
#800=ORIENTED_EDGE('',*,*,#582,.T.);
#801=ORIENTED_EDGE('',*,*,#595,.T.);
#802=ORIENTED_EDGE('',*,*,#589,.T.);
#803=ORIENTED_EDGE('',*,*,#587,.F.);
#804=ORIENTED_EDGE('',*,*,#596,.F.);
#805=ORIENTED_EDGE('',*,*,#537,.T.);
#806=ORIENTED_EDGE('',*,*,#533,.F.);
#807=ORIENTED_EDGE('',*,*,#536,.F.);
#808=ORIENTED_EDGE('',*,*,#518,.F.);
#809=ORIENTED_EDGE('',*,*,#509,.T.);
#810=ORIENTED_EDGE('',*,*,#501,.F.);
#811=ORIENTED_EDGE('',*,*,#513,.F.);
#812=ORIENTED_EDGE('',*,*,#495,.F.);
#813=ORIENTED_EDGE('',*,*,#498,.T.);
#814=ORIENTED_EDGE('',*,*,#490,.F.);
#815=ORIENTED_EDGE('',*,*,#511,.F.);
#816=ORIENTED_EDGE('',*,*,#506,.F.);
#817=ORIENTED_EDGE('',*,*,#524,.T.);
#818=ORIENTED_EDGE('',*,*,#597,.F.);
#819=ORIENTED_EDGE('',*,*,#598,.T.);
#820=ORIENTED_EDGE('',*,*,#599,.F.);
#821=ORIENTED_EDGE('',*,*,#600,.T.);
#822=ORIENTED_EDGE('',*,*,#591,.T.);
#823=ORIENTED_EDGE('',*,*,#538,.T.);
#824=ORIENTED_EDGE('',*,*,#596,.T.);
#825=ORIENTED_EDGE('',*,*,#586,.T.);
#826=ORIENTED_EDGE('',*,*,#556,.F.);
#827=ORIENTED_EDGE('',*,*,#569,.F.);
#828=ORIENTED_EDGE('',*,*,#601,.F.);
#829=ORIENTED_EDGE('',*,*,#549,.T.);
#830=ORIENTED_EDGE('',*,*,#577,.F.);
#831=ORIENTED_EDGE('',*,*,#550,.T.);
#832=ORIENTED_EDGE('',*,*,#601,.T.);
#833=ORIENTED_EDGE('',*,*,#568,.T.);
#834=ORIENTED_EDGE('',*,*,#575,.T.);
#835=ORIENTED_EDGE('',*,*,#590,.T.);
#836=ORIENTED_EDGE('',*,*,#595,.F.);
#837=ORIENTED_EDGE('',*,*,#581,.T.);
#838=ORIENTED_EDGE('',*,*,#602,.F.);
#839=ORIENTED_EDGE('',*,*,#566,.T.);
#840=ORIENTED_EDGE('',*,*,#593,.T.);
#841=ORIENTED_EDGE('',*,*,#603,.F.);
#842=ORIENTED_EDGE('',*,*,#604,.F.);
#843=ORIENTED_EDGE('',*,*,#605,.T.);
#844=ORIENTED_EDGE('',*,*,#606,.F.);
#845=ORIENTED_EDGE('',*,*,#604,.T.);
#846=ORIENTED_EDGE('',*,*,#607,.T.);
#847=ORIENTED_EDGE('',*,*,#599,.T.);
#848=ORIENTED_EDGE('',*,*,#608,.T.);
#849=ORIENTED_EDGE('',*,*,#608,.F.);
#850=ORIENTED_EDGE('',*,*,#598,.F.);
#851=ORIENTED_EDGE('',*,*,#609,.F.);
#852=ORIENTED_EDGE('',*,*,#605,.F.);
#853=ORIENTED_EDGE('',*,*,#597,.T.);
#854=ORIENTED_EDGE('',*,*,#584,.T.);
#855=ORIENTED_EDGE('',*,*,#602,.T.);
#856=ORIENTED_EDGE('',*,*,#578,.T.);
#857=ORIENTED_EDGE('',*,*,#606,.T.);
#858=ORIENTED_EDGE('',*,*,#609,.T.);
#859=ORIENTED_EDGE('',*,*,#607,.F.);
#860=ORIENTED_EDGE('',*,*,#603,.T.);
#861=ORIENTED_EDGE('',*,*,#592,.F.);
#862=ORIENTED_EDGE('',*,*,#600,.F.);
#863=ORIENTED_EDGE('',*,*,#552,.T.);
#864=ORIENTED_EDGE('',*,*,#576,.F.);
#865=ORIENTED_EDGE('',*,*,#594,.T.);
#866=ORIENTED_EDGE('',*,*,#610,.F.);
#867=ORIENTED_EDGE('',*,*,#611,.T.);
#868=ORIENTED_EDGE('',*,*,#612,.F.);
#869=ORIENTED_EDGE('',*,*,#613,.F.);
#870=ORIENTED_EDGE('',*,*,#614,.F.);
#871=ORIENTED_EDGE('',*,*,#613,.T.);
#872=ORIENTED_EDGE('',*,*,#615,.F.);
#873=ORIENTED_EDGE('',*,*,#616,.F.);
#874=ORIENTED_EDGE('',*,*,#617,.F.);
#875=ORIENTED_EDGE('',*,*,#616,.T.);
#876=ORIENTED_EDGE('',*,*,#618,.F.);
#877=ORIENTED_EDGE('',*,*,#619,.F.);
#878=ORIENTED_EDGE('',*,*,#620,.F.);
#879=ORIENTED_EDGE('',*,*,#619,.T.);
#880=ORIENTED_EDGE('',*,*,#621,.F.);
#881=ORIENTED_EDGE('',*,*,#611,.F.);
#882=ORIENTED_EDGE('',*,*,#621,.T.);
#883=ORIENTED_EDGE('',*,*,#618,.T.);
#884=ORIENTED_EDGE('',*,*,#615,.T.);
#885=ORIENTED_EDGE('',*,*,#612,.T.);
#886=ORIENTED_EDGE('',*,*,#620,.T.);
#887=ORIENTED_EDGE('',*,*,#610,.T.);
#888=ORIENTED_EDGE('',*,*,#614,.T.);
#889=ORIENTED_EDGE('',*,*,#617,.T.);
#890=TOROIDAL_SURFACE('',#968,10.,5.);
#891=TOROIDAL_SURFACE('',#974,10.,5.);
#892=TOROIDAL_SURFACE('',#979,10.,5.);
#893=TOROIDAL_SURFACE('',#985,10.,5.);
#894=TOROIDAL_SURFACE('',#1003,85.,10.);
#895=TOROIDAL_SURFACE('',#1016,85.,10.);
#896=ADVANCED_FACE('',(#229),#890,.F.);
#897=ADVANCED_FACE('',(#230),#212,.F.);
#898=ADVANCED_FACE('',(#231),#891,.F.);
#899=ADVANCED_FACE('',(#232),#26,.F.);
#900=ADVANCED_FACE('',(#233),#892,.F.);
#901=ADVANCED_FACE('',(#234),#213,.F.);
#902=ADVANCED_FACE('',(#235),#893,.F.);
#903=ADVANCED_FACE('',(#236),#27,.F.);
#904=ADVANCED_FACE('',(#237),#214,.T.);
#905=ADVANCED_FACE('',(#238),#28,.F.);
#906=ADVANCED_FACE('',(#239),#215,.T.);
#907=ADVANCED_FACE('',(#240),#216,.T.);
#908=ADVANCED_FACE('',(#241),#18,.F.);
#909=ADVANCED_FACE('',(#242),#29,.T.);
#910=ADVANCED_FACE('',(#243),#217,.T.);
#911=ADVANCED_FACE('',(#244),#30,.T.);
#912=ADVANCED_FACE('',(#245),#19,.F.);
#913=ADVANCED_FACE('',(#246),#218,.T.);
#914=ADVANCED_FACE('',(#247),#894,.F.);
#915=ADVANCED_FACE('',(#248),#31,.T.);
#916=ADVANCED_FACE('',(#249),#219,.T.);
#917=ADVANCED_FACE('',(#250),#20,.F.);
#918=ADVANCED_FACE('',(#251),#32,.T.);
#919=ADVANCED_FACE('',(#252),#220,.T.);
#920=ADVANCED_FACE('',(#253),#33,.T.);
#921=ADVANCED_FACE('',(#254),#21,.F.);
#922=ADVANCED_FACE('',(#255),#221,.T.);
#923=ADVANCED_FACE('',(#256),#895,.F.);
#924=ADVANCED_FACE('',(#257),#34,.T.);
#925=ADVANCED_FACE('',(#258),#222,.T.);
#926=ADVANCED_FACE('',(#259),#35,.T.);
#927=ADVANCED_FACE('',(#260),#223,.T.);
#928=ADVANCED_FACE('',(#261),#36,.T.);
#929=ADVANCED_FACE('',(#262),#224,.T.);
#930=ADVANCED_FACE('',(#263),#37,.T.);
#931=ADVANCED_FACE('',(#264),#225,.T.);
#932=ADVANCED_FACE('',(#265,#15),#38,.T.);
#933=ADVANCED_FACE('',(#266),#39,.T.);
#934=ADVANCED_FACE('',(#267),#40,.T.);
#935=ADVANCED_FACE('',(#268,#16),#226,.T.);
#936=ADVANCED_FACE('',(#269),#41,.T.);
#937=ADVANCED_FACE('',(#270),#42,.T.);
#938=ADVANCED_FACE('',(#271),#43,.T.);
#939=ADVANCED_FACE('',(#272,#17),#44,.T.);
#940=ADVANCED_FACE('',(#273),#45,.T.);
#941=ADVANCED_FACE('',(#274),#46,.T.);
#942=ADVANCED_FACE('',(#275),#227,.T.);
#943=ADVANCED_FACE('',(#276),#47,.T.);
#944=ADVANCED_FACE('',(#277),#228,.T.);
#945=ADVANCED_FACE('',(#278),#48,.T.);
#946=ADVANCED_FACE('',(#279),#49,.T.);
#947=ADVANCED_FACE('',(#280),#50,.T.);
#948=ADVANCED_FACE('',(#281),#51,.T.);
#949=ADVANCED_FACE('',(#282),#52,.T.);
#950=ADVANCED_FACE('',(#283),#53,.T.);
#951=ADVANCED_FACE('',(#284),#54,.T.);
#952=ADVANCED_FACE('',(#285),#55,.F.);
#953=CLOSED_SHELL('',(#896,#897,#898,#899,#900,#901,#902,#903,#904,#905,
#906,#907,#908,#909,#910,#911,#912,#913,#914,#915,#916,#917,#918,#919,#920,
#921,#922,#923,#924,#925,#926,#927,#928,#929,#930,#931,#932,#933,#934,#935,
#936,#937,#938,#939,#940,#941,#942,#943,#944,#945,#946));
#954=CLOSED_SHELL('',(#947,#948,#949,#950,#951,#952));
#955=DERIVED_UNIT_ELEMENT(#957,1.);
#956=DERIVED_UNIT_ELEMENT(#1982,-3.);
#957=(
MASS_UNIT()
NAMED_UNIT(*)
SI_UNIT(.KILO.,.GRAM.)
);
#958=DERIVED_UNIT((#955,#956));
#959=MEASURE_REPRESENTATION_ITEM('density measure',
POSITIVE_RATIO_MEASURE(7850.),#958);
#960=PROPERTY_DEFINITION_REPRESENTATION(#965,#962);
#961=PROPERTY_DEFINITION_REPRESENTATION(#966,#963);
#962=REPRESENTATION('material name',(#964),#1979);
#963=REPRESENTATION('density',(#959),#1979);
#964=DESCRIPTIVE_REPRESENTATION_ITEM('Steel','Steel');
#965=PROPERTY_DEFINITION('material property','material name',#1989);
#966=PROPERTY_DEFINITION('material property','density of part',#1989);
#967=AXIS2_PLACEMENT_3D('',#1339,#1067,#1068);
#968=AXIS2_PLACEMENT_3D('',#1340,#1069,#1070);
#969=AXIS2_PLACEMENT_3D('',#1343,#1071,#1072);
#970=AXIS2_PLACEMENT_3D('',#1345,#1073,#1074);
#971=AXIS2_PLACEMENT_3D('',#1357,#1075,#1076);
#972=AXIS2_PLACEMENT_3D('',#1358,#1077,#1078);
#973=AXIS2_PLACEMENT_3D('',#1361,#1079,#1080);
#974=AXIS2_PLACEMENT_3D('',#1364,#1083,#1084);
#975=AXIS2_PLACEMENT_3D('',#1377,#1085,#1086);
#976=AXIS2_PLACEMENT_3D('',#1378,#1087,#1088);
#977=AXIS2_PLACEMENT_3D('',#1379,#1089,#1090);
#978=AXIS2_PLACEMENT_3D('',#1380,#1091,#1092);
#979=AXIS2_PLACEMENT_3D('',#1381,#1093,#1094);
#980=AXIS2_PLACEMENT_3D('',#1384,#1095,#1096);
#981=AXIS2_PLACEMENT_3D('',#1386,#1097,#1098);
#982=AXIS2_PLACEMENT_3D('',#1398,#1099,#1100);
#983=AXIS2_PLACEMENT_3D('',#1399,#1101,#1102);
#984=AXIS2_PLACEMENT_3D('',#1402,#1103,#1104);
#985=AXIS2_PLACEMENT_3D('',#1405,#1107,#1108);
#986=AXIS2_PLACEMENT_3D('',#1418,#1109,#1110);
#987=AXIS2_PLACEMENT_3D('',#1419,#1111,#1112);
#988=AXIS2_PLACEMENT_3D('',#1420,#1113,#1114);
#989=AXIS2_PLACEMENT_3D('',#1421,#1115,#1116);
#990=AXIS2_PLACEMENT_3D('',#1422,#1117,#1118);
#991=AXIS2_PLACEMENT_3D('',#1425,#1121,#1122);
#992=AXIS2_PLACEMENT_3D('',#1427,#1124,#1125);
#993=AXIS2_PLACEMENT_3D('',#1429,#1127,#1128);
#994=AXIS2_PLACEMENT_3D('',#1432,#1129,#1130);
#995=AXIS2_PLACEMENT_3D('',#1436,#1132,#1133);
#996=AXIS2_PLACEMENT_3D('',#1543,#1135,#1136);
#997=AXIS2_PLACEMENT_3D('',#1553,#1142,#1143);
#998=AXIS2_PLACEMENT_3D('',#1557,#1145,#1146);
#999=AXIS2_PLACEMENT_3D('',#1559,#1148,#1149);
#1000=AXIS2_PLACEMENT_3D('',#1561,#1150,#1151);
#1001=AXIS2_PLACEMENT_3D('',#1606,#1153,#1154);
#1002=AXIS2_PLACEMENT_3D('',#1633,#1155,#1156);
#1003=AXIS2_PLACEMENT_3D('',#1635,#1158,#1159);
#1004=AXIS2_PLACEMENT_3D('',#1636,#1160,#1161);
#1005=AXIS2_PLACEMENT_3D('',#1637,#1162,#1163);
#1006=AXIS2_PLACEMENT_3D('',#1647,#1169,#1170);
#1007=AXIS2_PLACEMENT_3D('',#1650,#1171,#1172);
#1008=AXIS2_PLACEMENT_3D('',#1654,#1174,#1175);
#1009=AXIS2_PLACEMENT_3D('',#1767,#1177,#1178);
#1010=AXIS2_PLACEMENT_3D('',#1777,#1184,#1185);
#1011=AXIS2_PLACEMENT_3D('',#1781,#1187,#1188);
#1012=AXIS2_PLACEMENT_3D('',#1783,#1190,#1191);
#1013=AXIS2_PLACEMENT_3D('',#1785,#1192,#1193);
#1014=AXIS2_PLACEMENT_3D('',#1830,#1195,#1196);
#1015=AXIS2_PLACEMENT_3D('',#1855,#1197,#1198);
#1016=AXIS2_PLACEMENT_3D('',#1857,#1200,#1201);
#1017=AXIS2_PLACEMENT_3D('',#1858,#1202,#1203);
#1018=AXIS2_PLACEMENT_3D('',#1859,#1204,#1205);
#1019=AXIS2_PLACEMENT_3D('',#1869,#1211,#1212);
#1020=AXIS2_PLACEMENT_3D('',#1871,#1213,#1214);
#1021=AXIS2_PLACEMENT_3D('',#1874,#1216,#1217);
#1022=AXIS2_PLACEMENT_3D('',#1875,#1218,#1219);
#1023=AXIS2_PLACEMENT_3D('',#1876,#1220,#1221);
#1024=AXIS2_PLACEMENT_3D('',#1878,#1222,#1223);
#1025=AXIS2_PLACEMENT_3D('',#1881,#1225,#1226);
#1026=AXIS2_PLACEMENT_3D('',#1882,#1227,#1228);
#1027=AXIS2_PLACEMENT_3D('',#1883,#1229,#1230);
#1028=AXIS2_PLACEMENT_3D('',#1885,#1231,#1232);
#1029=AXIS2_PLACEMENT_3D('',#1886,#1233,#1234);
#1030=AXIS2_PLACEMENT_3D('',#1890,#1236,#1237);
#1031=AXIS2_PLACEMENT_3D('',#1892,#1239,#1240);
#1032=AXIS2_PLACEMENT_3D('',#1895,#1242,#1243);
#1033=AXIS2_PLACEMENT_3D('',#1896,#1244,#1245);
#1034=AXIS2_PLACEMENT_3D('',#1899,#1246,#1247);
#1035=AXIS2_PLACEMENT_3D('',#1901,#1249,#1250);
#1036=AXIS2_PLACEMENT_3D('',#1903,#1251,#1252);
#1037=AXIS2_PLACEMENT_3D('',#1905,#1254,#1255);
#1038=AXIS2_PLACEMENT_3D('',#1907,#1257,#1258);
#1039=AXIS2_PLACEMENT_3D('',#1909,#1259,#1260);
#1040=AXIS2_PLACEMENT_3D('',#1911,#1262,#1263);
#1041=AXIS2_PLACEMENT_3D('',#1912,#1264,#1265);
#1042=AXIS2_PLACEMENT_3D('',#1914,#1266,#1267);
#1043=AXIS2_PLACEMENT_3D('',#1917,#1269,#1270);
#1044=AXIS2_PLACEMENT_3D('',#1918,#1271,#1272);
#1045=AXIS2_PLACEMENT_3D('',#1920,#1274,#1275);
#1046=AXIS2_PLACEMENT_3D('',#1921,#1276,#1277);
#1047=AXIS2_PLACEMENT_3D('',#1923,#1278,#1279);
#1048=AXIS2_PLACEMENT_3D('',#1927,#1281,#1282);
#1049=AXIS2_PLACEMENT_3D('',#1929,#1284,#1285);
#1050=AXIS2_PLACEMENT_3D('',#1930,#1286,#1287);
#1051=AXIS2_PLACEMENT_3D('',#1932,#1289,#1290);
#1052=AXIS2_PLACEMENT_3D('',#1933,#1291,#1292);
#1053=AXIS2_PLACEMENT_3D('',#1935,#1294,#1295);
#1054=AXIS2_PLACEMENT_3D('',#1939,#1297,#1298);
#1055=AXIS2_PLACEMENT_3D('',#1942,#1300,#1301);
#1056=AXIS2_PLACEMENT_3D('',#1943,#1302,#1303);
#1057=AXIS2_PLACEMENT_3D('',#1946,#1306,#1307);
#1058=AXIS2_PLACEMENT_3D('',#1948,#1309,#1310);
#1059=AXIS2_PLACEMENT_3D('',#1949,#1311,#1312);
#1060=AXIS2_PLACEMENT_3D('',#1950,#1313,#1314);
#1061=AXIS2_PLACEMENT_3D('',#1951,#1315,#1316);
#1062=AXIS2_PLACEMENT_3D('',#1960,#1321,#1322);
#1063=AXIS2_PLACEMENT_3D('',#1966,#1326,#1327);
#1064=AXIS2_PLACEMENT_3D('',#1972,#1331,#1332);
#1065=AXIS2_PLACEMENT_3D('',#1975,#1335,#1336);
#1066=AXIS2_PLACEMENT_3D('',#1976,#1337,#1338);
#1067=DIRECTION('axis',(0.,0.,1.));
#1068=DIRECTION('refdir',(1.,0.,0.));
#1069=DIRECTION('center_axis',(1.,0.,0.));
#1070=DIRECTION('ref_axis',(0.,-0.422577127364258,0.906326967174966));
#1071=DIRECTION('center_axis',(0.,0.,-1.));
#1072=DIRECTION('ref_axis',(-1.,0.,0.));
#1073=DIRECTION('center_axis',(-1.,0.,0.));
#1074=DIRECTION('ref_axis',(0.,-0.422577127364258,0.906326967174966));
#1075=DIRECTION('center_axis',(1.,0.,0.));
#1076=DIRECTION('ref_axis',(0.,-0.422577127364258,0.906326967174966));
#1077=DIRECTION('center_axis',(0.,0.,-1.));
#1078=DIRECTION('ref_axis',(-0.707106781186547,0.707106781186547,0.));
#1079=DIRECTION('center_axis',(0.,1.77635683940025E-15,-1.));
#1080=DIRECTION('ref_axis',(-1.,0.,0.));
#1081=DIRECTION('',(0.,0.,1.));
#1082=DIRECTION('',(0.,0.,-1.));
#1083=DIRECTION('center_axis',(1.,0.,0.));
#1084=DIRECTION('ref_axis',(0.,0.,-1.));
#1085=DIRECTION('center_axis',(-1.,0.,0.));
#1086=DIRECTION('ref_axis',(0.,-0.422577127364257,-0.906326967174966));
#1087=DIRECTION('center_axis',(1.,0.,0.));
#1088=DIRECTION('ref_axis',(0.,-0.422577127364257,-0.906326967174966));
#1089=DIRECTION('center_axis',(-1.,0.,0.));
#1090=DIRECTION('ref_axis',(0.,1.,0.));
#1091=DIRECTION('center_axis',(-1.,0.,0.));
#1092=DIRECTION('ref_axis',(2.22044604925031E-16,0.,-1.));
#1093=DIRECTION('center_axis',(-1.,0.,0.));
#1094=DIRECTION('ref_axis',(0.,-0.422577127364257,-0.906326967174966));
#1095=DIRECTION('center_axis',(0.,0.,1.));
#1096=DIRECTION('ref_axis',(1.,0.,0.));
#1097=DIRECTION('center_axis',(1.,0.,0.));
#1098=DIRECTION('ref_axis',(0.,-0.422577127364257,-0.906326967174966));
#1099=DIRECTION('center_axis',(-1.,0.,0.));
#1100=DIRECTION('ref_axis',(0.,-0.422577127364257,-0.906326967174966));
#1101=DIRECTION('center_axis',(0.,0.,-1.));
#1102=DIRECTION('ref_axis',(0.707106781186547,0.707106781186547,0.));
#1103=DIRECTION('center_axis',(0.,0.,1.));
#1104=DIRECTION('ref_axis',(1.,0.,0.));
#1105=DIRECTION('',(0.,0.,-1.));
#1106=DIRECTION('',(0.,0.,1.));
#1107=DIRECTION('center_axis',(-1.,0.,0.));
#1108=DIRECTION('ref_axis',(0.,0.,1.));
#1109=DIRECTION('center_axis',(1.,0.,0.));
#1110=DIRECTION('ref_axis',(0.,-0.422577127364258,0.906326967174966));
#1111=DIRECTION('center_axis',(-1.,0.,0.));
#1112=DIRECTION('ref_axis',(0.,-0.422577127364258,0.906326967174966));
#1113=DIRECTION('center_axis',(1.,0.,0.));
#1114=DIRECTION('ref_axis',(0.,-1.,0.));
#1115=DIRECTION('center_axis',(1.,0.,0.));
#1116=DIRECTION('ref_axis',(2.22044604925031E-16,0.,-1.));
#1117=DIRECTION('center_axis',(1.,0.,2.22044604925031E-16));
#1118=DIRECTION('ref_axis',(0.,-0.422577127364259,0.906326967174966));
#1119=DIRECTION('',(1.,0.,2.22044604925031E-16));
#1120=DIRECTION('',(-1.,0.,-2.22044604925031E-16));
#1121=DIRECTION('center_axis',(0.,1.,0.));
#1122=DIRECTION('ref_axis',(1.,0.,0.));
#1123=DIRECTION('',(-1.,0.,-2.22044604925031E-16));
#1124=DIRECTION('center_axis',(-1.,0.,-2.22044604925031E-16));
#1125=DIRECTION('ref_axis',(0.,-0.422577127364259,-0.906326967174966));
#1126=DIRECTION('',(1.,0.,2.22044604925031E-16));
#1127=DIRECTION('center_axis',(0.,0.487924420382201,0.872885880281434));
#1128=DIRECTION('ref_axis',(0.707106781186548,0.617223525148991,-0.345014666358769));
#1129=DIRECTION('center_axis',(0.,0.96223819150776,0.272208858790222));
#1130=DIRECTION('ref_axis',(-1.57009245868378E-16,0.272208858790222,-0.96223819150776));
#1131=DIRECTION('',(0.,0.487924420382201,0.872885880281434));
#1132=DIRECTION('center_axis',(-1.76723877376791E-15,-0.4879244203822,-0.872885880281434));
#1133=DIRECTION('ref_axis',(0.,0.872885880281434,-0.4879244203822));
#1134=DIRECTION('',(0.,-0.487924420382201,-0.872885880281434));
#1135=DIRECTION('center_axis',(0.,0.872885880281434,-0.487924420382201));
#1136=DIRECTION('ref_axis',(-1.93819600431729E-16,0.487924420382201,0.872885880281434));
#1137=DIRECTION('',(1.,0.,0.));
#1138=DIRECTION('',(-1.93819600431729E-16,0.487924420382201,0.872885880281434));
#1139=DIRECTION('',(1.,0.,0.));
#1140=DIRECTION('',(-1.93819600431729E-16,0.487924420382201,0.872885880281434));
#1141=DIRECTION('',(-1.,0.,-2.22044604925031E-16));
#1142=DIRECTION('center_axis',(0.,0.872885880281434,-0.487924420382201));
#1143=DIRECTION('ref_axis',(0.707106781186549,-0.34501466635877,-0.617223525148989));
#1144=DIRECTION('',(0.,-0.872885880281434,0.487924420382201));
#1145=DIRECTION('center_axis',(0.,-0.272208858790223,0.96223819150776));
#1146=DIRECTION('ref_axis',(-7.85046229341885E-17,-0.96223819150776,-0.272208858790223));
#1147=DIRECTION('',(0.,0.872885880281434,-0.487924420382201));
#1148=DIRECTION('center_axis',(1.,0.,0.));
#1149=DIRECTION('ref_axis',(0.,0.,-1.));
#1150=DIRECTION('center_axis',(1.,0.,0.));
#1151=DIRECTION('ref_axis',(0.,-0.532613657965269,-0.846358488673007));
#1152=DIRECTION('',(0.,0.487924420382201,0.872885880281434));
#1153=DIRECTION('center_axis',(-3.61770280025017E-13,0.487924420382201,
0.872885880281434));
#1154=DIRECTION('ref_axis',(1.11022302462516E-16,-0.872885880281434,0.487924420382201));
#1155=DIRECTION('center_axis',(0.,-0.487924420382201,-0.872885880281434));
#1156=DIRECTION('ref_axis',(0.707106781186548,-0.617223525148991,0.34501466635877));
#1157=DIRECTION('',(0.,-0.487924420382201,-0.872885880281434));
#1158=DIRECTION('center_axis',(1.,0.,0.));
#1159=DIRECTION('ref_axis',(0.,0.,-1.));
#1160=DIRECTION('center_axis',(-1.,0.,0.));
#1161=DIRECTION('ref_axis',(0.,-0.532613657965269,-0.846358488673006));
#1162=DIRECTION('center_axis',(0.,-0.872885880281434,0.487924420382201));
#1163=DIRECTION('ref_axis',(1.93819600431729E-16,-0.487924420382201,-0.872885880281434));
#1164=DIRECTION('',(1.,0.,2.22044604925031E-16));
#1165=DIRECTION('',(1.93819600431729E-16,-0.487924420382201,-0.872885880281434));
#1166=DIRECTION('',(1.,0.,0.));
#1167=DIRECTION('',(1.93819600431729E-16,-0.487924420382201,-0.872885880281434));
#1168=DIRECTION('',(1.,0.,0.));
#1169=DIRECTION('center_axis',(0.,0.490059903530919,0.871688758073239));
#1170=DIRECTION('ref_axis',(-0.707106781186547,-0.616377031917668,0.346524680974339));
#1171=DIRECTION('center_axis',(0.,-0.269852350943329,0.962901712892006));
#1172=DIRECTION('ref_axis',(7.85046229341887E-17,-0.962901712892006,-0.269852350943329));
#1173=DIRECTION('',(0.,0.490059903530919,0.871688758073239));
#1174=DIRECTION('center_axis',(-7.74215143615854E-16,-0.490059903530919,
-0.871688758073239));
#1175=DIRECTION('ref_axis',(0.,-0.871688758073239,0.490059903530919));
#1176=DIRECTION('',(0.,-0.490059903530919,-0.871688758073239));
#1177=DIRECTION('center_axis',(0.,-0.871688758073239,0.490059903530919));
#1178=DIRECTION('ref_axis',(0.,0.490059903530919,0.871688758073239));
#1179=DIRECTION('',(-1.,0.,0.));
#1180=DIRECTION('',(0.,-0.490059903530919,-0.871688758073239));
#1181=DIRECTION('',(1.,0.,0.));
#1182=DIRECTION('',(-1.93553785903964E-16,0.490059903530919,0.871688758073239));
#1183=DIRECTION('',(1.,0.,2.22044604925031E-16));
#1184=DIRECTION('center_axis',(0.,-0.871688758073239,0.490059903530919));
#1185=DIRECTION('ref_axis',(-0.70710678118655,-0.346524680974335,-0.616377031917666));
#1186=DIRECTION('',(0.,0.871688758073239,-0.490059903530919));
#1187=DIRECTION('center_axis',(0.,0.962901712892006,0.26985235094333));
#1188=DIRECTION('ref_axis',(0.,0.26985235094333,-0.962901712892005));
#1189=DIRECTION('',(0.,-0.871688758073239,0.490059903530919));
#1190=DIRECTION('center_axis',(-1.,0.,0.));
#1191=DIRECTION('ref_axis',(0.,0.,1.));
#1192=DIRECTION('center_axis',(-1.,0.,0.));
#1193=DIRECTION('ref_axis',(0.,-0.537228038435372,-0.843437036606102));
#1194=DIRECTION('',(0.,0.490059903530919,0.871688758073239));
#1195=DIRECTION('center_axis',(3.33287782952777E-14,0.490059903530921,0.871688758073238));
#1196=DIRECTION('ref_axis',(0.,0.871688758073238,-0.490059903530921));
#1197=DIRECTION('center_axis',(0.,-0.490059903530919,-0.871688758073239));
#1198=DIRECTION('ref_axis',(-0.707106781186547,0.616377031917668,-0.346524680974339));
#1199=DIRECTION('',(0.,-0.490059903530919,-0.871688758073239));
#1200=DIRECTION('center_axis',(-1.,0.,0.));
#1201=DIRECTION('ref_axis',(0.,0.,1.));
#1202=DIRECTION('center_axis',(1.,0.,0.));
#1203=DIRECTION('ref_axis',(0.,-0.537228038435372,-0.843437036606102));
#1204=DIRECTION('center_axis',(0.,0.871688758073239,-0.490059903530919));
#1205=DIRECTION('ref_axis',(0.,-0.490059903530919,-0.871688758073239));
#1206=DIRECTION('',(-1.,0.,-2.22044604925031E-16));
#1207=DIRECTION('',(1.93553785903964E-16,-0.490059903530919,-0.871688758073239));
#1208=DIRECTION('',(-1.,0.,0.));
#1209=DIRECTION('',(0.,0.490059903530919,0.871688758073239));
#1210=DIRECTION('',(-1.,0.,0.));
#1211=DIRECTION('center_axis',(-1.,0.,0.));
#1212=DIRECTION('ref_axis',(0.,-1.,0.));
#1213=DIRECTION('center_axis',(-1.,0.,0.));
#1214=DIRECTION('ref_axis',(0.,-1.,0.));
#1215=DIRECTION('',(1.,0.,0.));
#1216=DIRECTION('center_axis',(1.,0.,2.22044604925031E-16));
#1217=DIRECTION('ref_axis',(0.,-1.,0.));
#1218=DIRECTION('center_axis',(-1.,0.,0.));
#1219=DIRECTION('ref_axis',(0.,-1.,0.));
#1220=DIRECTION('center_axis',(1.,0.,0.));
#1221=DIRECTION('ref_axis',(0.,1.,0.));
#1222=DIRECTION('center_axis',(1.,0.,0.));
#1223=DIRECTION('ref_axis',(0.,1.,0.));
#1224=DIRECTION('',(-1.,0.,0.));
#1225=DIRECTION('center_axis',(-1.,0.,0.));
#1226=DIRECTION('ref_axis',(0.,1.,0.));
#1227=DIRECTION('center_axis',(1.,0.,0.));
#1228=DIRECTION('ref_axis',(0.,1.,0.));
#1229=DIRECTION('center_axis',(-1.,0.,0.));
#1230=DIRECTION('ref_axis',(0.,-0.269852350943329,0.962901712892006));
#1231=DIRECTION('center_axis',(-1.,0.,-2.22044604925031E-16));
#1232=DIRECTION('ref_axis',(0.,-0.269852350943329,0.962901712892006));
#1233=DIRECTION('center_axis',(-1.,0.,0.));
#1234=DIRECTION('ref_axis',(0.,-0.269852350943329,0.962901712892006));
#1235=DIRECTION('',(1.,0.,0.));
#1236=DIRECTION('center_axis',(1.,0.,0.));
#1237=DIRECTION('ref_axis',(0.,-0.269852350943329,0.962901712892006));
#1238=DIRECTION('',(-1.,0.,0.));
#1239=DIRECTION('center_axis',(-1.,0.,0.));
#1240=DIRECTION('ref_axis',(0.,0.,1.));
#1241=DIRECTION('',(0.,1.,0.));
#1242=DIRECTION('center_axis',(-1.,0.,0.));
#1243=DIRECTION('ref_axis',(2.22044604925031E-16,0.,-1.));
#1244=DIRECTION('center_axis',(1.,0.,0.));
#1245=DIRECTION('ref_axis',(0.,-0.272208858790221,0.962238191507761));
#1246=DIRECTION('center_axis',(-1.,0.,0.));
#1247=DIRECTION('ref_axis',(0.,-0.272208858790221,0.962238191507761));
#1248=DIRECTION('',(1.,0.,0.));
#1249=DIRECTION('center_axis',(1.,0.,2.22044604925031E-16));
#1250=DIRECTION('ref_axis',(0.,-0.272208858790221,0.962238191507761));
#1251=DIRECTION('center_axis',(1.,0.,2.22044604925031E-16));
#1252=DIRECTION('ref_axis',(0.,-0.272208858790221,0.962238191507761));
#1253=DIRECTION('',(-1.,0.,0.));
#1254=DIRECTION('center_axis',(-1.,0.,-2.22044604925031E-16));
#1255=DIRECTION('ref_axis',(0.,-1.,0.));
#1256=DIRECTION('',(1.08340985157041E-16,0.872885880281434,-0.487924420382201));
#1257=DIRECTION('center_axis',(1.,0.,0.));
#1258=DIRECTION('ref_axis',(0.,0.,-1.));
#1259=DIRECTION('center_axis',(1.,0.,0.));
#1260=DIRECTION('ref_axis',(2.22044604925031E-16,0.,-1.));
#1261=DIRECTION('',(0.,-1.,0.));
#1262=DIRECTION('center_axis',(0.,-0.487924420382201,-0.872885880281434));
#1263=DIRECTION('ref_axis',(1.08340985157041E-16,0.872885880281434,-0.487924420382201));
#1264=DIRECTION('center_axis',(1.,0.,2.22044604925031E-16));
#1265=DIRECTION('ref_axis',(-2.10362908058936E-31,-1.,8.26946079742757E-16));
#1266=DIRECTION('center_axis',(-1.,0.,-2.22044604925031E-16));
#1267=DIRECTION('ref_axis',(2.22044604925031E-16,0.,-1.));
#1268=DIRECTION('',(1.,0.,2.22044604925031E-16));
#1269=DIRECTION('center_axis',(1.,0.,2.22044604925031E-16));
#1270=DIRECTION('ref_axis',(2.22044604925031E-16,0.,-1.));
#1271=DIRECTION('center_axis',(1.,0.,2.22044604925031E-16));
#1272=DIRECTION('ref_axis',(2.22044604925031E-16,0.,-1.));
#1273=DIRECTION('',(-1.,0.,-2.22044604925031E-16));
#1274=DIRECTION('center_axis',(-1.,0.,-2.22044604925031E-16));
#1275=DIRECTION('ref_axis',(2.22044604925031E-16,0.,-1.));
#1276=DIRECTION('center_axis',(-1.,0.,-2.22044604925031E-16));
#1277=DIRECTION('ref_axis',(-2.22044604925031E-16,0.,1.));
#1278=DIRECTION('center_axis',(1.,0.,2.22044604925031E-16));
#1279=DIRECTION('ref_axis',(0.,0.707106781186547,0.707106781186547));
#1280=DIRECTION('',(0.,0.,-1.));
#1281=DIRECTION('center_axis',(1.,0.,2.22044604925031E-16));
#1282=DIRECTION('ref_axis',(0.,0.707106781186547,-0.707106781186547));
#1283=DIRECTION('',(0.,-1.,0.));
#1284=DIRECTION('center_axis',(-1.,0.,-2.22044604925031E-16));
#1285=DIRECTION('ref_axis',(-2.22044604925031E-16,0.,1.));
#1286=DIRECTION('center_axis',(0.,-0.490059903530919,-0.871688758073239));
#1287=DIRECTION('ref_axis',(0.,-0.871688758073239,0.490059903530919));
#1288=DIRECTION('',(0.,0.871688758073239,-0.490059903530919));
#1289=DIRECTION('center_axis',(1.,0.,0.));
#1290=DIRECTION('ref_axis',(0.,1.,0.));
#1291=DIRECTION('center_axis',(0.,0.,1.));
#1292=DIRECTION('ref_axis',(-1.,0.,0.));
#1293=DIRECTION('',(1.,0.,0.));
#1294=DIRECTION('center_axis',(1.,0.,2.22044604925031E-16));
#1295=DIRECTION('ref_axis',(2.22044604925031E-16,0.,-1.));
#1296=DIRECTION('',(0.,-1.,0.));
#1297=DIRECTION('center_axis',(-1.,0.,-2.22044604925031E-16));
#1298=DIRECTION('ref_axis',(0.,0.707106781186547,-0.707106781186547));
#1299=DIRECTION('',(0.,0.,1.));
#1300=DIRECTION('center_axis',(-1.,0.,-2.22044604925031E-16));
#1301=DIRECTION('ref_axis',(0.,0.707106781186547,0.707106781186547));
#1302=DIRECTION('center_axis',(1.,0.,0.));
#1303=DIRECTION('ref_axis',(0.,0.707106781186547,-0.707106781186547));
#1304=DIRECTION('',(-1.,0.,0.));
#1305=DIRECTION('',(1.,0.,0.));
#1306=DIRECTION('center_axis',(0.,1.,0.));
#1307=DIRECTION('ref_axis',(1.,0.,0.));
#1308=DIRECTION('',(-1.,0.,0.));
#1309=DIRECTION('center_axis',(-1.,0.,0.));
#1310=DIRECTION('ref_axis',(0.,0.707106781186547,0.707106781186547));
#1311=DIRECTION('center_axis',(0.,0.,-1.));
#1312=DIRECTION('ref_axis',(1.,0.,0.));
#1313=DIRECTION('center_axis',(1.,0.,2.22044604925031E-16));
#1314=DIRECTION('ref_axis',(2.22044604925031E-16,0.,-1.));
#1315=DIRECTION('center_axis',(0.,-1.,0.));
#1316=DIRECTION('ref_axis',(0.,0.,-1.));
#1317=DIRECTION('',(0.,0.,1.));
#1318=DIRECTION('',(1.,0.,0.));
#1319=DIRECTION('',(0.,0.,-1.));
#1320=DIRECTION('',(1.,0.,0.));
#1321=DIRECTION('center_axis',(0.,0.,1.));
#1322=DIRECTION('ref_axis',(0.,-1.,0.));
#1323=DIRECTION('',(0.,1.,0.));
#1324=DIRECTION('',(0.,-1.,0.));
#1325=DIRECTION('',(1.,0.,0.));
#1326=DIRECTION('center_axis',(0.,1.,0.));
#1327=DIRECTION('ref_axis',(0.,0.,1.));
#1328=DIRECTION('',(0.,0.,-1.));
#1329=DIRECTION('',(0.,0.,1.));
#1330=DIRECTION('',(1.,0.,0.));
#1331=DIRECTION('center_axis',(0.,0.,-1.));
#1332=DIRECTION('ref_axis',(0.,1.,0.));
#1333=DIRECTION('',(0.,-1.,0.));
#1334=DIRECTION('',(0.,1.,0.));
#1335=DIRECTION('center_axis',(1.,0.,0.));
#1336=DIRECTION('ref_axis',(0.,0.,-1.));
#1337=DIRECTION('center_axis',(1.,0.,0.));
#1338=DIRECTION('ref_axis',(0.,1.,0.));
#1339=CARTESIAN_POINT('',(0.,0.,0.));
#1340=CARTESIAN_POINT('Origin',(55.,45.,53.619026473818));
#1341=CARTESIAN_POINT('',(50.,35.,53.619026473818));
#1342=CARTESIAN_POINT('',(55.,40.,53.619026473818));
#1343=CARTESIAN_POINT('Origin',(55.,35.,53.619026473818));
#1344=CARTESIAN_POINT('',(55.,48.2142857142857,57.4489569362336));
#1345=CARTESIAN_POINT('Origin',(55.,45.,53.619026473818));
#1346=CARTESIAN_POINT('',(50.,41.0157067782268,62.7910168533885));
#1347=CARTESIAN_POINT('Ctrl Pts',(55.,48.2142857142857,57.4489569362336));
#1348=CARTESIAN_POINT('Ctrl Pts',(54.9976026834499,48.2123849516783,57.4505521594773));
#1349=CARTESIAN_POINT('Ctrl Pts',(54.9952053657428,48.2104841089835,57.4521472891579));
#1350=CARTESIAN_POINT('Ctrl Pts',(54.1366600932537,47.5297107590978,58.0233741116614));
#1351=CARTESIAN_POINT('Ctrl Pts',(53.1014887169686,46.7092001216188,58.6912322318123));
#1352=CARTESIAN_POINT('Ctrl Pts',(51.5737878252641,45.0883891469224,59.9397538929496));
#1353=CARTESIAN_POINT('Ctrl Pts',(50.928313999325,44.2584487774989,60.5608618009355));
#1354=CARTESIAN_POINT('Ctrl Pts',(50.1816292472437,42.5605454047894,61.7606778759057));
#1355=CARTESIAN_POINT('Ctrl Pts',(50.,41.7982320138568,62.2798637104779));
#1356=CARTESIAN_POINT('Ctrl Pts',(50.,41.0157067782268,62.7910168533885));
#1357=CARTESIAN_POINT('Origin',(50.,45.,53.619026473818));
#1358=CARTESIAN_POINT('Origin',(55.,35.,80.));
#1359=CARTESIAN_POINT('',(50.,35.,-53.619026473818));
#1360=CARTESIAN_POINT('',(55.,40.,-53.619026473818));
#1361=CARTESIAN_POINT('Origin',(55.,35.,-53.619026473818));
#1362=CARTESIAN_POINT('',(55.,40.,80.));
#1363=CARTESIAN_POINT('',(50.,35.,80.));
#1364=CARTESIAN_POINT('Origin',(55.,45.,-53.619026473818));
#1365=CARTESIAN_POINT('',(50.,41.0157067782268,-62.7910168533885));
#1366=CARTESIAN_POINT('',(55.,48.2142857142857,-57.4489569362336));
#1367=CARTESIAN_POINT('Ctrl Pts',(50.,41.0157067782268,-62.7910168533885));
#1368=CARTESIAN_POINT('Ctrl Pts',(50.,41.7982320138568,-62.2798637104779));
#1369=CARTESIAN_POINT('Ctrl Pts',(50.1816292472437,42.5605454047894,-61.7606778759058));
#1370=CARTESIAN_POINT('Ctrl Pts',(50.9283139993248,44.2584487774984,-60.5608618009359));
#1371=CARTESIAN_POINT('Ctrl Pts',(51.5737878252636,45.0883891469217,-59.9397538929501));
#1372=CARTESIAN_POINT('Ctrl Pts',(53.1014866316475,46.7091979092018,-58.691233936052));
#1373=CARTESIAN_POINT('Ctrl Pts',(54.1366553568384,47.5297070031125,-58.023377263253));
#1374=CARTESIAN_POINT('Ctrl Pts',(54.9952053662513,48.2104841093901,-57.4521472888168));
#1375=CARTESIAN_POINT('Ctrl Pts',(54.9976026829442,48.2123849512773,-57.4505521598138));
#1376=CARTESIAN_POINT('Ctrl Pts',(55.,48.2142857142857,-57.4489569362336));
#1377=CARTESIAN_POINT('Origin',(55.,45.,-53.619026473818));
#1378=CARTESIAN_POINT('Origin',(50.,45.,-53.619026473818));
#1379=CARTESIAN_POINT('Origin',(50.,-160.,80.));
#1380=CARTESIAN_POINT('Origin',(50.,0.,1.11022302462516E-14));
#1381=CARTESIAN_POINT('Origin',(435.,45.,-53.6190264738179));
#1382=CARTESIAN_POINT('',(440.,35.,-53.6190264738179));
#1383=CARTESIAN_POINT('',(435.,40.,-53.6190264738179));
#1384=CARTESIAN_POINT('Origin',(435.,35.,-53.6190264738179));
#1385=CARTESIAN_POINT('',(435.,48.2142857142857,-57.4489569362335));
#1386=CARTESIAN_POINT('Origin',(435.,45.,-53.6190264738179));
#1387=CARTESIAN_POINT('',(440.,41.0157067782268,-62.7910168533884));
#1388=CARTESIAN_POINT('Ctrl Pts',(435.,48.2142857142857,-57.4489569362335));
#1389=CARTESIAN_POINT('Ctrl Pts',(435.00239731709,48.2123849512505,-57.4505521598362));
#1390=CARTESIAN_POINT('Ctrl Pts',(435.004794633715,48.2104841094169,-57.4521472887942));
#1391=CARTESIAN_POINT('Ctrl Pts',(435.935707404665,47.4723278046521,-58.0715232977883));
#1392=CARTESIAN_POINT('Ctrl Pts',(437.177340163889,46.5001065498096,-58.8630863667078));
#1393=CARTESIAN_POINT('Ctrl Pts',(438.716204851876,44.702889450461,-60.2269899683138));
#1394=CARTESIAN_POINT('Ctrl Pts',(439.297058861086,43.8815767332886,-60.8346029198258));
#1395=CARTESIAN_POINT('Ctrl Pts',(439.877264109537,42.2895184996036,-61.9446886950284));
#1396=CARTESIAN_POINT('Ctrl Pts',(440.,41.6576422146149,-62.3716983433709));
#1397=CARTESIAN_POINT('Ctrl Pts',(440.,41.0157067782268,-62.7910168533884));
#1398=CARTESIAN_POINT('Origin',(440.,45.,-53.6190264738179));
#1399=CARTESIAN_POINT('Origin',(435.,35.,80.));
#1400=CARTESIAN_POINT('',(440.,35.,53.6190264738181));
#1401=CARTESIAN_POINT('',(435.,40.,53.6190264738181));
#1402=CARTESIAN_POINT('Origin',(435.,35.,53.6190264738181));
#1403=CARTESIAN_POINT('',(435.,40.,80.));
#1404=CARTESIAN_POINT('',(440.,35.,80.));
#1405=CARTESIAN_POINT('Origin',(435.,45.,53.6190264738181));
#1406=CARTESIAN_POINT('',(440.,41.0157067782268,62.7910168533886));
#1407=CARTESIAN_POINT('',(435.,48.2142857142857,57.4489569362337));
#1408=CARTESIAN_POINT('Ctrl Pts',(440.,41.0157067782268,62.7910168533886));
#1409=CARTESIAN_POINT('Ctrl Pts',(440.,41.6576422146149,62.3716983433711));
#1410=CARTESIAN_POINT('Ctrl Pts',(439.877264109537,42.2895184996035,61.9446886950286));
#1411=CARTESIAN_POINT('Ctrl Pts',(439.297058861086,43.8815767332885,60.834602919826));
#1412=CARTESIAN_POINT('Ctrl Pts',(438.716204851876,44.702889450461,60.2269899683141));
#1413=CARTESIAN_POINT('Ctrl Pts',(437.177333739906,46.5001140522839,58.8630806730988));
#1414=CARTESIAN_POINT('Ctrl Pts',(435.935691863245,47.4723401285176,58.0715129570156));
#1415=CARTESIAN_POINT('Ctrl Pts',(435.004794634488,48.2104841087992,57.4521472893127));
#1416=CARTESIAN_POINT('Ctrl Pts',(435.002397316321,48.2123849518602,57.4505521593248));
#1417=CARTESIAN_POINT('Ctrl Pts',(435.,48.2142857142857,57.4489569362337));
#1418=CARTESIAN_POINT('Origin',(435.,45.,53.6190264738181));
#1419=CARTESIAN_POINT('Origin',(440.,45.,53.6190264738181));
#1420=CARTESIAN_POINT('Origin',(440.,40.,80.));
#1421=CARTESIAN_POINT('Origin',(440.,0.,9.76996261670138E-14));
#1422=CARTESIAN_POINT('Origin',(250.,45.,53.6190264738181));
#1423=CARTESIAN_POINT('',(250.,40.,53.6190264738181));
#1424=CARTESIAN_POINT('',(250.,48.2142857142857,57.4489569362337));
#1425=CARTESIAN_POINT('Origin',(50.,40.,80.));
#1426=CARTESIAN_POINT('',(250.,40.,-53.619026473818));
#1427=CARTESIAN_POINT('Origin',(250.,45.,-53.619026473818));
#1428=CARTESIAN_POINT('',(250.,48.2142857142857,-57.4489569362336));
#1429=CARTESIAN_POINT('Origin',(-4.99999999999993,-103.403350681807,-239.719740391162));
#1430=CARTESIAN_POINT('',(5.00000000000007,-153.415603770983,-329.190543120009));
#1431=CARTESIAN_POINT('',(-4.99999999999993,-149.56598917199,-342.798646126645));
#1432=CARTESIAN_POINT('Origin',(-4.99999999999993,-153.415603770983,-329.190543120009));
#1433=CARTESIAN_POINT('',(-4.99999999999993,-7.33345067010603,-88.347814422774));
#1434=CARTESIAN_POINT('',(-4.99999999999993,-94.6744918789928,-244.598984594984));
#1435=CARTESIAN_POINT('',(5.00000000000007,-16.0623094729204,-83.468570218952));
#1436=CARTESIAN_POINT('Origin',(-4.99999999999993,-16.0623094729204,-83.468570218952));
#1437=CARTESIAN_POINT('',(5.00000000000007,-103.403350681807,-239.719740391162));
#1438=CARTESIAN_POINT('Ctrl Pts',(-4.99999999999997,-7.33345067010606,-88.3478144227741));
#1439=CARTESIAN_POINT('Ctrl Pts',(-4.99999999999997,-5.82317928124481,-85.645972670936));
#1440=CARTESIAN_POINT('Ctrl Pts',(-3.69567846245063,-2.80434768285108,-80.2453504288248));
#1441=CARTESIAN_POINT('Ctrl Pts',(0.919285006941887,0.332556769577993,-74.6334984904193));
#1442=CARTESIAN_POINT('Ctrl Pts',(7.28071860301615,2.52946385977809,-70.7032808189534));
#1443=CARTESIAN_POINT('Ctrl Pts',(11.9047050985175,3.1253463869024,-69.6372602991651));
#1444=CARTESIAN_POINT('Ctrl Pts',(15.,3.1253463869024,-69.6372602991651));
#1445=CARTESIAN_POINT('Ctrl Pts',(-3.50400349829054,-7.33345067010606,-88.3478144227741));
#1446=CARTESIAN_POINT('Ctrl Pts',(-3.54811430441714,-5.92520295763148,-85.8281977425957));
#1447=CARTESIAN_POINT('Ctrl Pts',(-2.42776420882843,-3.08701516426479,-80.7511241889962));
#1448=CARTESIAN_POINT('Ctrl Pts',(1.81199163985833,-0.0950004109687921,
-75.3983043265118));
#1449=CARTESIAN_POINT('Ctrl Pts',(7.74454565824378,2.01569539877411,-71.6221939647807));
#1450=CARTESIAN_POINT('Ctrl Pts',(12.0902579092875,2.59216069550044,-70.5911175814637));
#1451=CARTESIAN_POINT('Ctrl Pts',(15.,2.59216069550044,-70.5911175814637));
#1452=CARTESIAN_POINT('Ctrl Pts',(-0.519456621760718,-7.93124425268191,
-88.0136606761325));
#1453=CARTESIAN_POINT('Ctrl Pts',(-0.650947590467537,-6.69064347578878,
-85.8777739549599));
#1454=CARTESIAN_POINT('Ctrl Pts',(0.10387340298947,-4.13835675380769,-81.4885029976781));
#1455=CARTESIAN_POINT('Ctrl Pts',(3.59526949151426,-1.34878066235861,-76.7026172635466));
#1456=CARTESIAN_POINT('Ctrl Pts',(8.67139596750609,0.654186985758175,-73.2711612655592));
#1457=CARTESIAN_POINT('Ctrl Pts',(12.4610868692779,1.21009192293276,-72.3203574225041));
#1458=CARTESIAN_POINT('Ctrl Pts',(15.,1.21009192293276,-72.3203574225041));
#1459=CARTESIAN_POINT('Ctrl Pts',(3.69000222099612,-10.8505167578608,-86.3818501758094));
#1460=CARTESIAN_POINT('Ctrl Pts',(3.49439083268292,-9.73330647647199,-84.8488128771118));
#1461=CARTESIAN_POINT('Ctrl Pts',(3.84344943252667,-7.36866720865756,-81.6099334061219));
#1462=CARTESIAN_POINT('Ctrl Pts',(6.31466900935919,-4.64060686416662,-77.9030057260722));
#1463=CARTESIAN_POINT('Ctrl Pts',(10.1218066760565,-2.62716925590037,-75.1830702656666));
#1464=CARTESIAN_POINT('Ctrl Pts',(13.0414035214295,-2.05439488968539,-74.4134186788557));
#1465=CARTESIAN_POINT('Ctrl Pts',(15.,-2.05439488968539,-74.4134186788557));
#1466=CARTESIAN_POINT('Ctrl Pts',(5.00000000000004,-14.1035581379815,-84.5634700579376));
#1467=CARTESIAN_POINT('Ctrl Pts',(4.89509027397295,-12.9291433275954,-83.2735380233061));
#1468=CARTESIAN_POINT('Ctrl Pts',(5.33972242904923,-10.4521728929305,-80.6006480941013));
#1469=CARTESIAN_POINT('Ctrl Pts',(7.56642623620799,-7.58168670384967,-77.6292866910171));
#1470=CARTESIAN_POINT('Ctrl Pts',(10.8581350954657,-5.44540848133194,-75.468710161919));
#1471=CARTESIAN_POINT('Ctrl Pts',(13.3384478858004,-4.83254919416206,-74.8620949636941));
#1472=CARTESIAN_POINT('Ctrl Pts',(15.,-4.83254919416206,-74.8620949636941));
#1473=CARTESIAN_POINT('Ctrl Pts',(5.00000000000004,-16.0623094729204,-83.4685702189521));
#1474=CARTESIAN_POINT('Ctrl Pts',(5.00000000000004,-14.8296851791126,-82.2095350628056));
#1475=CARTESIAN_POINT('Ctrl Pts',(5.65216076877474,-12.258024695771,-79.6961468783149));
#1476=CARTESIAN_POINT('Ctrl Pts',(7.95964250347092,-9.30149555260981,-77.074899955871));
#1477=CARTESIAN_POINT('Ctrl Pts',(11.1403593015081,-7.09885341586879,-75.2264201540425));
#1478=CARTESIAN_POINT('Ctrl Pts',(13.4523525492587,-6.46559124912916,-74.720787802319));
#1479=CARTESIAN_POINT('Ctrl Pts',(15.,-6.46559124912916,-74.720787802319));
#1480=CARTESIAN_POINT('',(1.07275532984836,0.127751129766732,-74.9998912015141));
#1481=CARTESIAN_POINT('',(15.,-6.46559124912916,-74.720787802319));
#1482=CARTESIAN_POINT('Ctrl Pts',(14.9999999999999,-6.46559124912916,-74.720787802319));
#1483=CARTESIAN_POINT('Ctrl Pts',(14.9953506886302,-6.46061568000128,-74.7212183384142));
#1484=CARTESIAN_POINT('Ctrl Pts',(14.9906996838273,-6.45564161506744,-74.7216482436525));
#1485=CARTESIAN_POINT('Ctrl Pts',(13.887508936179,-5.27661139074809,-74.8234325364814));
#1486=CARTESIAN_POINT('Ctrl Pts',(12.726269884286,-4.22093548427469,-74.8868914962413));
#1487=CARTESIAN_POINT('Ctrl Pts',(10.0812607114514,-2.33604538272379,-74.9697294459669));
#1488=CARTESIAN_POINT('Ctrl Pts',(8.64075369153408,-1.55446570268673,-74.9861103340785));
#1489=CARTESIAN_POINT('Ctrl Pts',(5.16806191717927,-0.252879629034142,-75.0030733632275));
#1490=CARTESIAN_POINT('Ctrl Pts',(3.13206710937562,0.127751131967911,-74.9998911975763));
#1491=CARTESIAN_POINT('Ctrl Pts',(1.07275533845735,0.127751131967912,-74.9998911975763));
#1492=CARTESIAN_POINT('Ctrl Pts',(15.,-6.46559124912916,-74.720787802319));
#1493=CARTESIAN_POINT('Ctrl Pts',(14.6640917017082,-6.46559124912916,-74.720787802319));
#1494=CARTESIAN_POINT('Ctrl Pts',(14.328414342053,-6.48513646402248,-74.7366978185823));
#1495=CARTESIAN_POINT('Ctrl Pts',(13.9947602253217,-6.52328446418275,-74.7678090491467));
#1496=CARTESIAN_POINT('Ctrl Pts',(13.6635011279797,-6.56115863226525,-74.7986969586231));
#1497=CARTESIAN_POINT('Ctrl Pts',(13.3342368754122,-6.61736889171582,-74.8445701786975));
#1498=CARTESIAN_POINT('Ctrl Pts',(13.008763440211,-6.69097300953893,-74.9047142318926));
#1499=CARTESIAN_POINT('Ctrl Pts',(12.6918694119712,-6.76263693927741,-74.9632729012965));
#1500=CARTESIAN_POINT('Ctrl Pts',(12.3785700112001,-6.85078931414774,-75.0353609318495));
#1501=CARTESIAN_POINT('Ctrl Pts',(12.0705510054325,-6.95454951072547,-75.120280933353));
#1502=CARTESIAN_POINT('Ctrl Pts',(11.8657862969894,-7.02352715821609,-75.1767340061286));
#1503=CARTESIAN_POINT('Ctrl Pts',(11.6633557586306,-7.0994021916124,-75.2388571085737));
#1504=CARTESIAN_POINT('Ctrl Pts',(11.4637579269324,-7.18191462851396,-75.3064329566591));
#1505=CARTESIAN_POINT('Ctrl Pts',(11.1514649462403,-7.31101450221966,-75.4121628778805));
#1506=CARTESIAN_POINT('Ctrl Pts',(10.8459111615781,-7.45566663715365,-75.531378192198));
#1507=CARTESIAN_POINT('Ctrl Pts',(10.5488601626394,-7.61474568325771,-75.6633769360486));
#1508=CARTESIAN_POINT('Ctrl Pts',(10.163390183178,-7.82117554497688,-75.8346658839491));
#1509=CARTESIAN_POINT('Ctrl Pts',(9.79223660068036,-8.05189852416192,-76.0274822605587));
#1510=CARTESIAN_POINT('Ctrl Pts',(9.43780272384229,-8.30235787372149,-76.2390383934382));
#1511=CARTESIAN_POINT('Ctrl Pts',(9.1663146836278,-8.49420386364753,-76.4010854314448));
#1512=CARTESIAN_POINT('Ctrl Pts',(8.90463771179964,-8.69763020571105,-76.5741276515893));
#1513=CARTESIAN_POINT('Ctrl Pts',(8.65386940127243,-8.91059639424783,-76.7569041606098));
#1514=CARTESIAN_POINT('Ctrl Pts',(8.49635509154227,-9.04436617605442,-76.871710994028));
#1515=CARTESIAN_POINT('Ctrl Pts',(8.34314502239421,-9.18189993055395,-76.9903582328063));
#1516=CARTESIAN_POINT('Ctrl Pts',(8.19440854179792,-9.32284559570604,-77.1125875525526));
#1517=CARTESIAN_POINT('Ctrl Pts',(7.8570587586617,-9.64252500039835,-77.3898163423155));
#1518=CARTESIAN_POINT('Ctrl Pts',(7.5429345969873,-9.97932377018221,-77.6853205966796));
#1519=CARTESIAN_POINT('Ctrl Pts',(7.25388258398364,-10.3288804830008,-77.9961128381425));
#1520=CARTESIAN_POINT('Ctrl Pts',(6.94660339041138,-10.7004797107886,-78.3265031659344));
#1521=CARTESIAN_POINT('Ctrl Pts',(6.66765736547745,-11.0864975058389,-78.6741709626698));
#1522=CARTESIAN_POINT('Ctrl Pts',(6.41930232504162,-11.4817291623097,-79.0355553399574));
#1523=CARTESIAN_POINT('Ctrl Pts',(6.24831450773446,-11.7538387927486,-79.2843617494141));
#1524=CARTESIAN_POINT('Ctrl Pts',(6.09182785359547,-12.0303166120545,-79.5396704995943));
#1525=CARTESIAN_POINT('Ctrl Pts',(5.95059173207567,-12.3094690076801,-79.8003241340751));
#1526=CARTESIAN_POINT('Ctrl Pts',(5.90854736417595,-12.3925694631123,-79.8779177212154));
#1527=CARTESIAN_POINT('Ctrl Pts',(5.86785454812796,-12.4759069473037,-79.9559849801776));
#1528=CARTESIAN_POINT('Ctrl Pts',(5.82852165408305,-12.5594504160892,-80.0344954777862));
#1529=CARTESIAN_POINT('Ctrl Pts',(5.57726732636262,-13.0931171750405,-80.536012154213));
#1530=CARTESIAN_POINT('Ctrl Pts',(5.3815314345766,-13.6350590653545,-81.0555854469662));
#1531=CARTESIAN_POINT('Ctrl Pts',(5.24355803616559,-14.1768931049669,-81.5850683436299));
#1532=CARTESIAN_POINT('Ctrl Pts',(5.10746125422617,-14.7113575016242,-82.1073495888394));
#1533=CARTESIAN_POINT('Ctrl Pts',(5.02756673302457,-15.2457158268051,-82.6392714464287));
#1534=CARTESIAN_POINT('Ctrl Pts',(5.00598072844225,-15.771922924428,-83.1730013035268));
#1535=CARTESIAN_POINT('Ctrl Pts',(5.00199792176552,-15.8690127371241,-83.271479131154));
#1536=CARTESIAN_POINT('Ctrl Pts',(5.00000000000004,-15.9658250817266,-83.3700185019832));
#1537=CARTESIAN_POINT('Ctrl Pts',(5.00000000000004,-16.0623094729204,-83.4685702189521));
#1538=CARTESIAN_POINT('Ctrl Pts',(-4.99999999999997,-7.33345067010606,-88.3478144227741));
#1539=CARTESIAN_POINT('Ctrl Pts',(-4.99999999999997,-5.82317928124481,-85.645972670936));
#1540=CARTESIAN_POINT('Ctrl Pts',(-3.81631169763087,-3.08355140041202,-80.7448396378095));
#1541=CARTESIAN_POINT('Ctrl Pts',(-0.666205097810858,-0.763379035067231,
-76.5941031447637));
#1542=CARTESIAN_POINT('Ctrl Pts',(1.07381469004939,0.127125292764212,-75.0010108099208));
#1543=CARTESIAN_POINT('Origin',(-9.99999999999992,-149.56598917199,-342.798646126645));
#1544=CARTESIAN_POINT('',(-9.99999999999992,-149.56598917199,-342.798646126645));
#1545=CARTESIAN_POINT('',(-9.99999999999992,-149.56598917199,-342.798646126645));
#1546=CARTESIAN_POINT('',(-10.,70.,50.));
#1547=CARTESIAN_POINT('',(-9.99999999999992,-149.56598917199,-342.798646126645));
#1548=CARTESIAN_POINT('',(0.,70.,50.));
#1549=CARTESIAN_POINT('',(-10.,70.,50.));
#1550=CARTESIAN_POINT('',(1.68977205859408E-14,0.12775113196791,-74.9998911975763));
#1551=CARTESIAN_POINT('',(4.05231403988182E-14,-58.7630114160841,-180.354148865054));
#1552=CARTESIAN_POINT('',(250.,0.127751131967941,-74.9998911975762));
#1553=CARTESIAN_POINT('Origin',(-4.99999999999993,-197.059897785054,-304.794322100899));
#1554=CARTESIAN_POINT('',(5.00000000000007,-205.788756587869,-299.915077897077));
#1555=CARTESIAN_POINT('',(5.00000000000007,-197.059897785054,-304.794322100899));
#1556=CARTESIAN_POINT('',(-4.99999999999993,-219.396859594505,-303.764692496069));
#1557=CARTESIAN_POINT('Origin',(-4.99999999999993,-205.788756587869,-299.915077897077));
#1558=CARTESIAN_POINT('',(-4.99999999999993,-201.939141988876,-313.523180903713));
#1559=CARTESIAN_POINT('Origin',(5.00000000000007,-74.6984297972525,-126.882346248035));
#1560=CARTESIAN_POINT('',(5.00000000000004,-67.2216519387031,-52.0216254132093));
#1561=CARTESIAN_POINT('Origin',(5.00000000000007,0.,3.33066907387548E-15));
#1562=CARTESIAN_POINT('',(5.00000000000007,-45.9935089126979,-14.0449521049072));
#1563=CARTESIAN_POINT('Ctrl Pts',(15.,-65.0295688873477,-27.6050603751177));
#1564=CARTESIAN_POINT('Ctrl Pts',(11.8357960698473,-65.0295688873477,-27.6050603751177));
#1565=CARTESIAN_POINT('Ctrl Pts',(7.12370044977643,-65.6961613306015,-28.7975793541078));
#1566=CARTESIAN_POINT('Ctrl Pts',(0.78864294006965,-68.0536595262827,-33.0150909231889));
#1567=CARTESIAN_POINT('Ctrl Pts',(-3.72495764842586,-71.3220126869484,-38.8621016620314));
#1568=CARTESIAN_POINT('Ctrl Pts',(-5.00000000000097,-74.4066180539799,-44.3803917058317));
#1569=CARTESIAN_POINT('Ctrl Pts',(-4.99999999999997,-75.9505107415217,-47.1423812093891));
#1570=CARTESIAN_POINT('Ctrl Pts',(15.,-65.5096076623472,-28.4638390120968));
#1571=CARTESIAN_POINT('Ctrl Pts',(12.0170640607565,-65.5096076623472,-28.4638390120968));
#1572=CARTESIAN_POINT('Ctrl Pts',(7.57641876327211,-66.1603070975816,-29.6281867034642));
#1573=CARTESIAN_POINT('Ctrl Pts',(1.6598590477454,-68.4450508941077,-33.7154076403768));
#1574=CARTESIAN_POINT('Ctrl Pts',(-2.48180577694818,-71.5871792655335,-39.3363998197183));
#1575=CARTESIAN_POINT('Ctrl Pts',(-3.55848777124058,-74.5043076710037,-44.5555181568168));
#1576=CARTESIAN_POINT('Ctrl Pts',(-3.50400349829041,-75.9505107415214,-47.1423812093887));
#1577=CARTESIAN_POINT('Ctrl Pts',(15.,-66.2130591954904,-30.3236050073087));
#1578=CARTESIAN_POINT('Ctrl Pts',(12.379416463505,-66.2130591954904,-30.3236050073087));
#1579=CARTESIAN_POINT('Ctrl Pts',(8.48128809654826,-66.8090092084749,-31.4442493755886));
#1580=CARTESIAN_POINT('Ctrl Pts',(3.40055161927244,-68.8693503339527,-35.314572210359));
#1581=CARTESIAN_POINT('Ctrl Pts',(0.000741688328130506,-71.6540574948177,
-40.5418678254035));
#1582=CARTESIAN_POINT('Ctrl Pts',(-0.681998671935271,-74.1457943900367,
-45.2143602906742));
#1583=CARTESIAN_POINT('Ctrl Pts',(-0.519585185116309,-75.3526554614023,
-47.4765694436279));
#1584=CARTESIAN_POINT('Ctrl Pts',(15.,-66.4481546837879,-33.797652510199));
#1585=CARTESIAN_POINT('Ctrl Pts',(12.9590193367805,-66.4481546837879,-33.797652510199));
#1586=CARTESIAN_POINT('Ctrl Pts',(9.92775550306973,-66.8661840489993,-34.8672523911946));
#1587=CARTESIAN_POINT('Ctrl Pts',(6.09809325972003,-68.2769874511728,-38.4726482628395));
#1588=CARTESIAN_POINT('Ctrl Pts',(3.70545607285142,-70.1341949682062,-43.212512829406));
#1589=CARTESIAN_POINT('Ctrl Pts',(3.44811393644007,-71.7022550061765,-47.225332691265));
#1590=CARTESIAN_POINT('Ctrl Pts',(3.68972693807674,-72.4333608295559,-49.1083923122806));
#1591=CARTESIAN_POINT('Ctrl Pts',(15.,-65.6998802322597,-36.2036406719767));
#1592=CARTESIAN_POINT('Ctrl Pts',(13.2789272094669,-65.6998802322597,-36.2036406719767));
#1593=CARTESIAN_POINT('Ctrl Pts',(10.7193394171542,-65.9259849415653,-37.2381996288792));
#1594=CARTESIAN_POINT('Ctrl Pts',(7.42065034744584,-66.7072990358246,-40.7049266648748));
#1595=CARTESIAN_POINT('Ctrl Pts',(5.25890848183735,-67.7636285743724,-45.2389843541774));
#1596=CARTESIAN_POINT('Ctrl Pts',(4.87041882364399,-68.7173634813107,-49.0965499580952));
#1597=CARTESIAN_POINT('Ctrl Pts',(5.00000000000033,-69.1804032736436,-50.9267255742234));
#1598=CARTESIAN_POINT('Ctrl Pts',(15.,-64.9623577898462,-37.4818898987766));
#1599=CARTESIAN_POINT('Ctrl Pts',(13.4178980349236,-64.9623577898462,-37.4818898987766));
#1600=CARTESIAN_POINT('Ctrl Pts',(11.0618502248883,-65.0638525871355,-38.4856365724319));
#1601=CARTESIAN_POINT('Ctrl Pts',(7.89432147003482,-65.4696536912125,-41.8571437288551));
#1602=CARTESIAN_POINT('Ctrl Pts',(5.63752117578711,-66.1042674226786,-46.2897763480998));
#1603=CARTESIAN_POINT('Ctrl Pts',(4.99999999999953,-66.8289763292192,-50.1505420667714));
#1604=CARTESIAN_POINT('Ctrl Pts',(5.00000000000003,-67.2216519387046,-52.021625413209));
#1605=CARTESIAN_POINT('',(-4.99999999999997,-75.9505107415217,-47.1423812093891));
#1606=CARTESIAN_POINT('Origin',(-4.99999999999997,-67.2216519387073,-52.0216254132111));
#1607=CARTESIAN_POINT('',(15.,-64.9623577898462,-37.4818898987766));
#1608=CARTESIAN_POINT('Ctrl Pts',(5.00000000000003,-67.2216519387046,-52.021625413209));
#1609=CARTESIAN_POINT('Ctrl Pts',(4.99999999999953,-66.8289763292192,-50.1505420667714));
#1610=CARTESIAN_POINT('Ctrl Pts',(5.63752117578711,-66.1042674226786,-46.2897763480998));
#1611=CARTESIAN_POINT('Ctrl Pts',(7.89432147003482,-65.4696536912125,-41.8571437288551));
#1612=CARTESIAN_POINT('Ctrl Pts',(11.0618502248883,-65.0638525871355,-38.4856365724319));
#1613=CARTESIAN_POINT('Ctrl Pts',(13.4178980349236,-64.9623577898462,-37.4818898987766));
#1614=CARTESIAN_POINT('Ctrl Pts',(15.,-64.9623577898462,-37.4818898987766));
#1615=CARTESIAN_POINT('',(2.11065896888796,-67.672486435336,-32.3331807847908));
#1616=CARTESIAN_POINT('Ctrl Pts',(2.11065896893397,-67.6724864353252,-32.3331807847715));
#1617=CARTESIAN_POINT('Ctrl Pts',(3.30647035415034,-67.6724864353252,-32.3331807847715));
#1618=CARTESIAN_POINT('Ctrl Pts',(4.49928585613321,-67.6184950408205,-32.4469079428287));
#1619=CARTESIAN_POINT('Ctrl Pts',(7.53430213210995,-67.3354025034165,-33.0318500199067));
#1620=CARTESIAN_POINT('Ctrl Pts',(9.30777579077939,-67.0254887630671,-33.6685129126037));
#1621=CARTESIAN_POINT('Ctrl Pts',(12.6724911763356,-66.084668674288,-35.4812469723483));
#1622=CARTESIAN_POINT('Ctrl Pts',(13.9900566046367,-65.503370845083,-36.5437932777906));
#1623=CARTESIAN_POINT('Ctrl Pts',(14.9906731906128,-64.967361993731,-37.4732157762691));
#1624=CARTESIAN_POINT('Ctrl Pts',(14.9953377104604,-64.9648606317144,-37.4775520569715));
#1625=CARTESIAN_POINT('Ctrl Pts',(15.,-64.9623577898462,-37.4818898987766));
#1626=CARTESIAN_POINT('Ctrl Pts',(2.11141199825167,-67.6735231754257,-32.3350354896345));
#1627=CARTESIAN_POINT('Ctrl Pts',(-0.148594115514151,-68.7323738209564,
-34.2292956233795));
#1628=CARTESIAN_POINT('Ctrl Pts',(-1.93121183362251,-70.0283126266399,-36.5477011754192));
#1629=CARTESIAN_POINT('Ctrl Pts',(-3.14099811862053,-71.4394933965731,-39.072272025213));
#1630=CARTESIAN_POINT('Ctrl Pts',(-4.36247882421341,-72.8643153704641,-41.6212466839315));
#1631=CARTESIAN_POINT('Ctrl Pts',(-5.00000000000096,-74.4066180539799,-44.3803917058317));
#1632=CARTESIAN_POINT('Ctrl Pts',(-4.99999999999997,-75.9505107415217,-47.1423812093891));
#1633=CARTESIAN_POINT('Origin',(-4.99999999999993,-45.9935089126979,-14.0449521049072));
#1634=CARTESIAN_POINT('',(-4.99999999999993,-54.7223677155123,-9.16570790108522));
#1635=CARTESIAN_POINT('Origin',(15.,0.,3.33066907387548E-15));
#1636=CARTESIAN_POINT('Origin',(15.,0.,3.33066907387548E-15));
#1637=CARTESIAN_POINT('Origin',(-10.,0.169129577485307,89.0339536305761));
#1638=CARTESIAN_POINT('',(7.07215566110521E-15,-67.6724864353253,-32.3331807847716));
#1639=CARTESIAN_POINT('',(250.,-67.6724864353252,-32.3331807847715));
#1640=CARTESIAN_POINT('',(-3.6912596044696E-15,-38.8648240530908,19.2030832080614));
#1641=CARTESIAN_POINT('',(-1.16573417585641E-14,-18.8108872526036,55.0791278288443));
#1642=CARTESIAN_POINT('',(-10.,-38.8648240530908,19.2030832080614));
#1643=CARTESIAN_POINT('',(-10.,-38.8648240530908,19.2030832080614));
#1644=CARTESIAN_POINT('',(-9.99999999999993,-219.396859594505,-303.764692496069));
#1645=CARTESIAN_POINT('',(-10.,0.169129577485307,89.0339536305761));
#1646=CARTESIAN_POINT('',(-9.99999999999993,-219.396859594505,-303.764692496069));
#1647=CARTESIAN_POINT('Origin',(505.,-156.413430506812,-209.890762602554));
#1648=CARTESIAN_POINT('',(495.,-206.644570618731,-299.238860305061));
#1649=CARTESIAN_POINT('',(505.,-220.262057234773,-303.055148850484));
#1650=CARTESIAN_POINT('Origin',(505.,-206.644570618731,-299.238860305061));
#1651=CARTESIAN_POINT('',(505.,-76.1919215009083,-46.7919516608124));
#1652=CARTESIAN_POINT('',(505.,-165.130318087544,-204.990163567245));
#1653=CARTESIAN_POINT('',(495.,-67.4750339201759,-51.6925506961216));
#1654=CARTESIAN_POINT('Origin',(505.,-67.4750339201759,-51.6925506961216));
#1655=CARTESIAN_POINT('',(495.,-156.413430506812,-209.890762602554));
#1656=CARTESIAN_POINT('Ctrl Pts',(505.,-76.1919215009083,-46.7919516608124));
#1657=CARTESIAN_POINT('Ctrl Pts',(505.,-73.8641923338286,-42.6515285570999));
#1658=CARTESIAN_POINT('Ctrl Pts',(502.599026671021,-69.9897323533421,-35.7598747322087));
#1659=CARTESIAN_POINT('Ctrl Pts',(495.617014328897,-66.6668229895347,-29.8492856069662));
#1660=CARTESIAN_POINT('Ctrl Pts',(489.747442554452,-65.4245204891885,-27.6395534581499));
#1661=CARTESIAN_POINT('Ctrl Pts',(486.583295384191,-65.2071598254033,-27.2529255261282));
#1662=CARTESIAN_POINT('Ctrl Pts',(485.,-65.2071598254033,-27.2529255261282));
#1663=CARTESIAN_POINT('Ctrl Pts',(503.504003498291,-76.1919215009083,-46.7919516608124));
#1664=CARTESIAN_POINT('Ctrl Pts',(503.586129453072,-74.0111759959928,-42.9134694689231));
#1665=CARTESIAN_POINT('Ctrl Pts',(501.485741673735,-70.3259913516204,-36.357896546773));
#1666=CARTESIAN_POINT('Ctrl Pts',(494.992623986709,-67.1084619126335,-30.6351070020131));
#1667=CARTESIAN_POINT('Ctrl Pts',(489.475756839753,-65.8996681913204,-28.4848918602606));
#1668=CARTESIAN_POINT('Ctrl Pts',(486.492710210865,-65.68770467993,-28.1076894935999));
#1669=CARTESIAN_POINT('Ctrl Pts',(485.,-65.68770467993,-28.1076894935999));
#1670=CARTESIAN_POINT('Ctrl Pts',(500.51902646541,-75.5949812266064,-47.12754907506));
#1671=CARTESIAN_POINT('Ctrl Pts',(500.764048710233,-73.7744342329842,-43.7343689948156));
#1672=CARTESIAN_POINT('Ctrl Pts',(499.261579339195,-70.5842931535885,-37.7848376174488));
#1673=CARTESIAN_POINT('Ctrl Pts',(493.7448109368,-67.6878468221815,-32.3762082528365));
#1674=CARTESIAN_POINT('Ctrl Pts',(488.932723701745,-66.5881516206262,-30.3215754941897));
#1675=CARTESIAN_POINT('Ctrl Pts',(486.311620115462,-66.3943183267812,-29.9591503243027));
#1676=CARTESIAN_POINT('Ctrl Pts',(485.,-66.3943183267812,-29.9591503243027));
#1677=CARTESIAN_POINT('Ctrl Pts',(496.312290873927,-72.6793405777184,-48.7667104866207));
#1678=CARTESIAN_POINT('Ctrl Pts',(496.676625821662,-71.5748146333244,-45.9385300702021));
#1679=CARTESIAN_POINT('Ctrl Pts',(495.866288258488,-69.5217986950521,-40.7306066077492));
#1680=CARTESIAN_POINT('Ctrl Pts',(491.772758693048,-67.5417996045919,-35.706705813674));
#1681=CARTESIAN_POINT('Ctrl Pts',(488.063109455287,-66.7775223109342,-33.7654009727432));
#1682=CARTESIAN_POINT('Ctrl Pts',(486.021795994023,-66.6417183697831,-33.4203136210944));
#1683=CARTESIAN_POINT('Ctrl Pts',(485.,-66.6417183697831,-33.4203136210944));
#1684=CARTESIAN_POINT('Ctrl Pts',(495.,-69.4310989191614,-50.5928588441562));
#1685=CARTESIAN_POINT('Ctrl Pts',(495.195456931119,-68.7302721737442,-47.8419094667925));
#1686=CARTESIAN_POINT('Ctrl Pts',(494.29418394965,-67.5077349708928,-42.8569305826268));
#1687=CARTESIAN_POINT('Ctrl Pts',(490.733102375747,-66.4035762896951,-38.0315753234352));
#1688=CARTESIAN_POINT('Ctrl Pts',(487.583585494398,-65.9827651413053,-36.1557916594194));
#1689=CARTESIAN_POINT('Ctrl Pts',(485.861495553117,-65.9086809449862,-35.8219102210634));
#1690=CARTESIAN_POINT('Ctrl Pts',(485.,-65.9086809449862,-35.8219102210634));
#1691=CARTESIAN_POINT('Ctrl Pts',(495.,-67.4750339201759,-51.6925506961216));
#1692=CARTESIAN_POINT('Ctrl Pts',(495.,-66.8801413054307,-48.8796518058184));
#1693=CARTESIAN_POINT('Ctrl Pts',(493.79951333551,-66.0111707694754,-43.9415562102454));
#1694=CARTESIAN_POINT('Ctrl Pts',(490.308507164448,-65.4204465481612,-39.2480258981409));
#1695=CARTESIAN_POINT('Ctrl Pts',(487.373721277225,-65.2155027428702,-37.4243101174612));
#1696=CARTESIAN_POINT('Ctrl Pts',(485.791647692093,-65.1810833592356,-37.1002206478124));
#1697=CARTESIAN_POINT('Ctrl Pts',(485.,-65.1810833592356,-37.1002206478124));
#1698=CARTESIAN_POINT('',(497.85682816418,-67.8513194232775,-31.9561958394339));
#1699=CARTESIAN_POINT('',(485.,-65.1810833592356,-37.1002206478124));
#1700=CARTESIAN_POINT('Ctrl Pts',(485.,-65.1810833592356,-37.1002206478124));
#1701=CARTESIAN_POINT('Ctrl Pts',(485.004662643966,-65.1835609035834,-37.0958678698009));
#1702=CARTESIAN_POINT('Ctrl Pts',(485.009327562128,-65.186036982865,-37.0915166515381));
#1703=CARTESIAN_POINT('Ctrl Pts',(485.959472061205,-65.6898167715047,-36.2060175096665));
#1704=CARTESIAN_POINT('Ctrl Pts',(486.973186506198,-66.1177142719096,-35.4128439196814));
#1705=CARTESIAN_POINT('Ctrl Pts',(489.276388690238,-66.8612413132804,-33.9888724979483));
#1706=CARTESIAN_POINT('Ctrl Pts',(490.534385158392,-67.1583679217954,-33.3917260527177));
#1707=CARTESIAN_POINT('Ctrl Pts',(493.784499887956,-67.6969193269864,-32.290077821583));
#1708=CARTESIAN_POINT('Ctrl Pts',(495.812357682037,-67.8513194232459,-31.9561958393776));
#1709=CARTESIAN_POINT('Ctrl Pts',(497.856828164045,-67.8513194232459,-31.9561958393776));
#1710=CARTESIAN_POINT('Ctrl Pts',(485.,-65.1810833592356,-37.1002206478124));
#1711=CARTESIAN_POINT('Ctrl Pts',(485.361416356288,-65.1810833592356,-37.1002206478124));
#1712=CARTESIAN_POINT('Ctrl Pts',(485.722778747055,-65.1846707606224,-37.1339993556662));
#1713=CARTESIAN_POINT('Ctrl Pts',(486.081346776563,-65.1918284795478,-37.2001341330046));
#1714=CARTESIAN_POINT('Ctrl Pts',(486.448405645717,-65.1991556922333,-37.2678349724097));
#1715=CARTESIAN_POINT('Ctrl Pts',(486.812535495707,-65.210224331263,-37.3694422100334));
#1716=CARTESIAN_POINT('Ctrl Pts',(487.170800867728,-65.2250101803521,-37.5033761862509));
#1717=CARTESIAN_POINT('Ctrl Pts',(487.22904344301,-65.2274138899929,-37.5251495986481));
#1718=CARTESIAN_POINT('Ctrl Pts',(487.287131052744,-65.2299158270079,-37.5477772477028));
#1719=CARTESIAN_POINT('Ctrl Pts',(487.345051116845,-65.2325158726229,-37.571252222634));
#1720=CARTESIAN_POINT('Ctrl Pts',(487.698462672316,-65.2483806023908,-37.7144897610221));
#1721=CARTESIAN_POINT('Ctrl Pts',(488.045634827574,-65.2678984229538,-37.8892766931609));
#1722=CARTESIAN_POINT('Ctrl Pts',(488.384328589746,-65.2909319513052,-38.091724112233));
#1723=CARTESIAN_POINT('Ctrl Pts',(488.653337130294,-65.3092264005614,-38.2525185844807));
#1724=CARTESIAN_POINT('Ctrl Pts',(488.917278384999,-65.3297579860153,-38.4309330731874));
#1725=CARTESIAN_POINT('Ctrl Pts',(489.174955888398,-65.3524648717551,-38.6250623577704));
#1726=CARTESIAN_POINT('Ctrl Pts',(489.292713433988,-65.3628418239432,-38.7137786320982));
#1727=CARTESIAN_POINT('Ctrl Pts',(489.409162918972,-65.3736729989653,-38.8057761168714));
#1728=CARTESIAN_POINT('Ctrl Pts',(489.524190807331,-65.3849521123968,-38.9008695109299));
#1729=CARTESIAN_POINT('Ctrl Pts',(489.795666062389,-65.4115717455947,-39.1252977237293));
#1730=CARTESIAN_POINT('Ctrl Pts',(490.0592213945,-65.4406868495251,-39.3669734186543));
#1731=CARTESIAN_POINT('Ctrl Pts',(490.314200672535,-65.4722687704918,-39.6236929026084));
#1732=CARTESIAN_POINT('Ctrl Pts',(490.586510238592,-65.505997233683,-39.8978609519206));
#1733=CARTESIAN_POINT('Ctrl Pts',(490.849037685887,-65.5425393115584,-40.1891865218713));
#1734=CARTESIAN_POINT('Ctrl Pts',(491.101015524748,-65.5818516676836,-40.4949336609686));
#1735=CARTESIAN_POINT('Ctrl Pts',(491.28370781476,-65.6103544296677,-40.71661047691));
#1736=CARTESIAN_POINT('Ctrl Pts',(491.460855120897,-65.6403132711344,-40.9458671330591));
#1737=CARTESIAN_POINT('Ctrl Pts',(491.63217728106,-65.6717088726186,-41.1816496159414));
#1738=CARTESIAN_POINT('Ctrl Pts',(492.059750110839,-65.7500636292739,-41.7700976212819));
#1739=CARTESIAN_POINT('Ctrl Pts',(492.451673869025,-65.8374222453364,-42.4001370502922));
#1740=CARTESIAN_POINT('Ctrl Pts',(492.803977518556,-65.9336698677324,-43.0565708737339));
#1741=CARTESIAN_POINT('Ctrl Pts',(492.851481937372,-65.946647841053,-43.1450840279839));
#1742=CARTESIAN_POINT('Ctrl Pts',(492.898265931612,-65.9597874718126,-43.2340770920946));
#1743=CARTESIAN_POINT('Ctrl Pts',(492.94431970044,-65.9730885167945,-43.323512815052));
#1744=CARTESIAN_POINT('Ctrl Pts',(493.266879357892,-66.0662487645281,-43.9499187943033));
#1745=CARTESIAN_POINT('Ctrl Pts',(493.553620945212,-66.1673258168065,-44.5980399430773));
#1746=CARTESIAN_POINT('Ctrl Pts',(493.803042719019,-66.2754996842454,-45.2606343695841));
#1747=CARTESIAN_POINT('Ctrl Pts',(493.915604577497,-66.3243176016704,-45.5596574216878));
#1748=CARTESIAN_POINT('Ctrl Pts',(494.020565123837,-66.3745811293548,-45.8616281065739));
#1749=CARTESIAN_POINT('Ctrl Pts',(494.117783014242,-66.4262159708607,-46.1658800323451));
#1750=CARTESIAN_POINT('Ctrl Pts',(494.272544207655,-66.5084134929411,-46.6502187783787));
#1751=CARTESIAN_POINT('Ctrl Pts',(494.407535729853,-66.5939888437573,-47.1398831611751));
#1752=CARTESIAN_POINT('Ctrl Pts',(494.522311106828,-66.6826333089815,-47.6322922827799));
#1753=CARTESIAN_POINT('Ctrl Pts',(494.637819699082,-66.7718440583514,-48.1278470432928));
#1754=CARTESIAN_POINT('Ctrl Pts',(494.73285330518,-66.8641633876182,-48.6261828450589));
#1755=CARTESIAN_POINT('Ctrl Pts',(494.806908398417,-66.9592859068086,-49.1246885490589));
#1756=CARTESIAN_POINT('Ctrl Pts',(494.87941239056,-67.0524160627848,-49.6127529355325));
#1757=CARTESIAN_POINT('Ctrl Pts',(494.931807509249,-67.1482333633718,-50.1009812581767));
#1758=CARTESIAN_POINT('Ctrl Pts',(494.963572912007,-67.2464579441433,-50.5869253262203));
#1759=CARTESIAN_POINT('Ctrl Pts',(494.987774269101,-67.3212930776007,-50.9571553531567));
#1760=CARTESIAN_POINT('Ctrl Pts',(495.,-67.3975256848192,-51.3260596289607));
#1761=CARTESIAN_POINT('Ctrl Pts',(495.,-67.4750339201759,-51.6925506961216));
#1762=CARTESIAN_POINT('Ctrl Pts',(505.,-76.1919215009083,-46.7919516608124));
#1763=CARTESIAN_POINT('Ctrl Pts',(505.,-73.8641923338286,-42.6515285570999));
#1764=CARTESIAN_POINT('Ctrl Pts',(503.083545149677,-70.7716017030361,-37.1506163895034));
#1765=CARTESIAN_POINT('Ctrl Pts',(498.989808950958,-68.3832657368675,-32.902389596797));
#1766=CARTESIAN_POINT('Ctrl Pts',(497.856309906206,-67.8515847720008,-31.9566678256084));
#1767=CARTESIAN_POINT('Origin',(510.,-220.262057234773,-303.055148850484));
#1768=CARTESIAN_POINT('',(510.,-220.262057234773,-303.055148850484));
#1769=CARTESIAN_POINT('',(510.,-220.262057234773,-303.055148850484));
#1770=CARTESIAN_POINT('',(510.,-38.9398929283327,19.4696916366145));
#1771=CARTESIAN_POINT('',(510.,0.264899354140864,89.2047922824736));
#1772=CARTESIAN_POINT('',(500.,-38.9398929283327,19.4696916366146));
#1773=CARTESIAN_POINT('',(510.,-38.9398929283326,19.4696916366145));
#1774=CARTESIAN_POINT('',(500.,-67.8513194232459,-31.9561958393776));
#1775=CARTESIAN_POINT('',(500.,-129.083626474281,-140.872500361949));
#1776=CARTESIAN_POINT('',(250.,-67.8513194232459,-31.9561958393776));
#1777=CARTESIAN_POINT('Origin',(505.,-163.060132715069,-323.741855481607));
#1778=CARTESIAN_POINT('',(495.,-154.343245134337,-328.642454516916));
#1779=CARTESIAN_POINT('',(495.,-163.060132715069,-323.741855481607));
#1780=CARTESIAN_POINT('',(505.,-150.526956588914,-342.259941132957));
#1781=CARTESIAN_POINT('Origin',(505.,-154.343245134337,-328.642454516916));
#1782=CARTESIAN_POINT('',(505.,-167.960731750378,-332.458743062339));
#1783=CARTESIAN_POINT('Origin',(495.,-75.1310286173864,-126.527574425242));
#1784=CARTESIAN_POINT('',(495.,-16.4635093315514,-83.3903643144095));
#1785=CARTESIAN_POINT('Origin',(495.,0.,1.0769163338864E-13));
#1786=CARTESIAN_POINT('',(495.,6.15137327203918,-43.1643862479301));
#1787=CARTESIAN_POINT('Ctrl Pts',(485.,2.74682845905545,-69.6258521756691));
#1788=CARTESIAN_POINT('Ctrl Pts',(488.09364998251,2.74682845905543,-69.6258521756691));
#1789=CARTESIAN_POINT('Ctrl Pts',(492.713928384733,2.14878059377651,-70.6896233538399));
#1790=CARTESIAN_POINT('Ctrl Pts',(499.076431349578,-0.0533039189164483,
-74.6065573862128));
#1791=CARTESIAN_POINT('Ctrl Pts',(503.693766286403,-3.20075961623771,-80.2050601980541));
#1792=CARTESIAN_POINT('Ctrl Pts',(505.,-6.23054654017381,-85.594260950704));
#1793=CARTESIAN_POINT('Ctrl Pts',(505.,-7.74662175081903,-88.2909633497191));
#1794=CARTESIAN_POINT('Ctrl Pts',(485.,2.20980936092379,-70.5810690937218));
#1795=CARTESIAN_POINT('Ctrl Pts',(487.907950414445,2.20980936092377,-70.5810690937218));
#1796=CARTESIAN_POINT('Ctrl Pts',(492.249776790623,1.63127578628051,-71.609747057505));
#1797=CARTESIAN_POINT('Ctrl Pts',(498.183065315018,-0.483796158554632,-75.3720923396253));
#1798=CARTESIAN_POINT('Ctrl Pts',(502.425178912779,-3.48519416674333,-80.7109311250939));
#1799=CARTESIAN_POINT('Ctrl Pts',(503.5477865372,-6.33309731744534,-85.7764079771761));
#1800=CARTESIAN_POINT('Ctrl Pts',(503.504003498291,-7.746621750819,-88.2909633497191));
#1801=CARTESIAN_POINT('Ctrl Pts',(485.,0.818723888447773,-72.3113444222857));
#1802=CARTESIAN_POINT('Ctrl Pts',(487.536798494774,0.81872388844776,-72.3113444222857));
#1803=CARTESIAN_POINT('Ctrl Pts',(491.322383630027,0.261189081899743,-73.2595958294922));
#1804=CARTESIAN_POINT('Ctrl Pts',(496.398462245719,-1.74409266110357,-76.6764325361393));
#1805=CARTESIAN_POINT('Ctrl Pts',(499.892080894189,-4.54002394351635,-81.447268127597));
#1806=CARTESIAN_POINT('Ctrl Pts',(500.649637992501,-7.0991180631691,-85.8244196292303));
#1807=CARTESIAN_POINT('Ctrl Pts',(500.519011584476,-8.34355621148223,-87.9553692038756));
#1808=CARTESIAN_POINT('Ctrl Pts',(485.,-2.46317312123452,-74.3971429400556));
#1809=CARTESIAN_POINT('Ctrl Pts',(486.956409442829,-2.46317312123453,-74.3971429400556));
#1810=CARTESIAN_POINT('Ctrl Pts',(489.872030723522,-3.03627298394376,-75.1636727668995));
#1811=CARTESIAN_POINT('Ctrl Pts',(493.679037867479,-5.04726567809517,-77.8686237780194));
#1812=CARTESIAN_POINT('Ctrl Pts',(496.15284231971,-7.77502191300238,-81.5595130671976));
#1813=CARTESIAN_POINT('Ctrl Pts',(496.50650615899,-10.1410193435221,-84.7876203029773));
#1814=CARTESIAN_POINT('Ctrl Pts',(496.3122716903,-11.2591968302702,-86.3162078092369));
#1815=CARTESIAN_POINT('Ctrl Pts',(485.,-5.2517425534251,-74.8339566314329));
#1816=CARTESIAN_POINT('Ctrl Pts',(486.659996861525,-5.25174255342511,-74.833956631433));
#1817=CARTESIAN_POINT('Ctrl Pts',(489.137967199711,-5.86414348721021,-75.438052930747));
#1818=CARTESIAN_POINT('Ctrl Pts',(492.429404399503,-7.99404319152527,-77.5852038932493));
#1819=CARTESIAN_POINT('Ctrl Pts',(494.657949531499,-10.8597950322184,-80.5427944972083));
#1820=CARTESIAN_POINT('Ctrl Pts',(495.104202117869,-13.3337538532094,-83.2043729596485));
#1821=CARTESIAN_POINT('Ctrl Pts',(495.,-14.5074443325658,-84.4900561663751));
#1822=CARTESIAN_POINT('Ctrl Pts',(485.,-6.88852975578108,-74.682984392723));
#1823=CARTESIAN_POINT('Ctrl Pts',(486.546824991255,-6.88852975578109,-74.682984392723));
#1824=CARTESIAN_POINT('Ctrl Pts',(488.856964192366,-7.52044518914123,-75.1858711479178));
#1825=CARTESIAN_POINT('Ctrl Pts',(492.038215674789,-9.71471294428176,-77.022728417854));
#1826=CARTESIAN_POINT('Ctrl Pts',(494.346883143202,-12.6642496283252,-79.6315901424725));
#1827=CARTESIAN_POINT('Ctrl Pts',(495.,-15.2320863901128,-82.1354721609519));
#1828=CARTESIAN_POINT('Ctrl Pts',(495.,-16.4635093315514,-83.3903643144096));
#1829=CARTESIAN_POINT('',(505.,-7.74662175081901,-88.2909633497191));
#1830=CARTESIAN_POINT('Origin',(505.,-16.4635093315514,-83.3903643144099));
#1831=CARTESIAN_POINT('',(485.,-6.88852975578108,-74.682984392723));
#1832=CARTESIAN_POINT('Ctrl Pts',(495.,-16.4635093315514,-83.3903643144096));
#1833=CARTESIAN_POINT('Ctrl Pts',(495.,-15.2320863901128,-82.1354721609519));
#1834=CARTESIAN_POINT('Ctrl Pts',(494.346883143202,-12.6642496283252,-79.6315901424725));
#1835=CARTESIAN_POINT('Ctrl Pts',(492.038215674789,-9.71471294428176,-77.022728417854));
#1836=CARTESIAN_POINT('Ctrl Pts',(488.856964192366,-7.52044518914123,-75.1858711479178));
#1837=CARTESIAN_POINT('Ctrl Pts',(486.546824991255,-6.88852975578109,-74.682984392723));
#1838=CARTESIAN_POINT('Ctrl Pts',(485.,-6.88852975578108,-74.682984392723));
#1839=CARTESIAN_POINT('',(498.954987475802,-0.274213945943785,-74.9994987097488));
#1840=CARTESIAN_POINT('Ctrl Pts',(498.954987475776,-0.274213945937121,-74.999498709737));
#1841=CARTESIAN_POINT('Ctrl Pts',(497.555551211684,-0.274213945937119,-74.999498709737));
#1842=CARTESIAN_POINT('Ctrl Pts',(496.162671464569,-0.45053256309826,-74.9994271827518));
#1843=CARTESIAN_POINT('Ctrl Pts',(492.855779835587,-1.28362450162588,-74.9906220213106));
#1844=CARTESIAN_POINT('Ctrl Pts',(491.023532732349,-2.10283037498834,-74.9785554758264));
#1845=CARTESIAN_POINT('Ctrl Pts',(487.539467040485,-4.36000570687251,-74.882165661315));
#1846=CARTESIAN_POINT('Ctrl Pts',(486.129773073793,-5.68167533608991,-74.7940594098921));
#1847=CARTESIAN_POINT('Ctrl Pts',(485.009299529757,-6.87858596455964,-74.6839010767019));
#1848=CARTESIAN_POINT('Ctrl Pts',(485.004648924422,-6.88355711782966,-74.6834430536184));
#1849=CARTESIAN_POINT('Ctrl Pts',(485.,-6.88852975578108,-74.682984392723));
#1850=CARTESIAN_POINT('Ctrl Pts',(498.952515920481,-0.275365860427079,-75.001547665189));
#1851=CARTESIAN_POINT('Ctrl Pts',(500.679216379861,-1.16511062634045,-76.5841715534383));
#1852=CARTESIAN_POINT('Ctrl Pts',(503.81767605917,-3.48816623066532,-80.7162816079008));
#1853=CARTESIAN_POINT('Ctrl Pts',(505.,-6.23054654017381,-85.594260950704));
#1854=CARTESIAN_POINT('Ctrl Pts',(505.,-7.74662175081903,-88.2909633497191));
#1855=CARTESIAN_POINT('Origin',(505.,6.15137327203918,-43.1643862479301));
#1856=CARTESIAN_POINT('',(505.,14.8682608527716,-48.0649852832393));
#1857=CARTESIAN_POINT('Origin',(485.,0.,1.0769163338864E-13));
#1858=CARTESIAN_POINT('Origin',(485.,0.,1.0769163338864E-13));
#1859=CARTESIAN_POINT('Origin',(510.,70.,50.0000000000001));
#1860=CARTESIAN_POINT('',(500.,-0.274213945937127,-74.999498709737));
#1861=CARTESIAN_POINT('',(250.,-0.274213945937158,-74.999498709737));
#1862=CARTESIAN_POINT('',(500.,70.,50.));
#1863=CARTESIAN_POINT('',(500.,50.9149524660353,16.0526779220559));
#1864=CARTESIAN_POINT('',(510.,70.,50.0000000000001));
#1865=CARTESIAN_POINT('',(510.,70.,50.0000000000001));
#1866=CARTESIAN_POINT('',(510.,-150.526956588914,-342.259941132957));
#1867=CARTESIAN_POINT('',(510.,-150.526956588914,-342.259941132957));
#1868=CARTESIAN_POINT('',(510.,-150.526956588914,-342.259941132957));
#1869=CARTESIAN_POINT('Origin',(-9.99999999999997,0.,0.));
#1870=CARTESIAN_POINT('',(-20.,25.,-3.06161699786838E-15));
#1871=CARTESIAN_POINT('Origin',(-20.,0.,0.));
#1872=CARTESIAN_POINT('',(-9.99999999999997,25.,-3.06161699786838E-15));
#1873=CARTESIAN_POINT('',(-9.99999999999997,25.,-3.06161699786838E-15));
#1874=CARTESIAN_POINT('Origin',(-9.99999999999997,0.,0.));
#1875=CARTESIAN_POINT('Origin',(-20.,0.,0.));
#1876=CARTESIAN_POINT('Origin',(510.,0.,0.));
#1877=CARTESIAN_POINT('',(520.,-25.,-3.06161699786838E-15));
#1878=CARTESIAN_POINT('Origin',(520.,0.,0.));
#1879=CARTESIAN_POINT('',(510.,-25.,-3.06161699786838E-15));
#1880=CARTESIAN_POINT('',(510.,-25.,-3.06161699786838E-15));
#1881=CARTESIAN_POINT('Origin',(510.,0.,0.));
#1882=CARTESIAN_POINT('Origin',(520.,0.,0.));
#1883=CARTESIAN_POINT('Origin',(510.,30.7952077175265,-19.735100645859));
#1884=CARTESIAN_POINT('',(500.,46.7313512087174,58.6615786883333));
#1885=CARTESIAN_POINT('Origin',(500.,30.7952077175265,-19.735100645859));
#1886=CARTESIAN_POINT('Origin',(510.,30.7952077175265,-19.735100645859));
#1887=CARTESIAN_POINT('',(495.,70.,50.0000000000001));
#1888=CARTESIAN_POINT('',(375.,70.,50.));
#1889=CARTESIAN_POINT('',(495.,46.7313512087174,58.6615786883333));
#1890=CARTESIAN_POINT('Origin',(495.,30.7952077175265,-19.735100645859));
#1891=CARTESIAN_POINT('',(510.,46.7313512087174,58.6615786883333));
#1892=CARTESIAN_POINT('Origin',(495.,-75.1310286173864,-126.527574425242));
#1893=CARTESIAN_POINT('',(495.,55.9016994374948,50.0000000000001));
#1894=CARTESIAN_POINT('',(495.,2.4344856913068,50.));
#1895=CARTESIAN_POINT('Origin',(495.,0.,1.0991207943789E-13));
#1896=CARTESIAN_POINT('Origin',(-10.,30.9660463694239,-19.8308704225147));
#1897=CARTESIAN_POINT('',(5.00000000000004,46.8340327915133,58.5796327445253));
#1898=CARTESIAN_POINT('',(4.99999999999999,70.,50.));
#1899=CARTESIAN_POINT('Origin',(5.00000000000007,30.9660463694239,-19.8308704225147));
#1900=CARTESIAN_POINT('',(375.,70.,50.));
#1901=CARTESIAN_POINT('Origin',(-9.99999999999997,30.9660463694239,-19.8308704225147));
#1902=CARTESIAN_POINT('',(-1.39470578011299E-14,46.8340327915133,58.5796327445253));
#1903=CARTESIAN_POINT('Origin',(0.,30.9660463694239,-19.8308704225147));
#1904=CARTESIAN_POINT('',(-10.,46.8340327915133,58.5796327445253));
#1905=CARTESIAN_POINT('Origin',(-9.99999999999997,-74.6984297972525,-126.882346248035));
#1906=CARTESIAN_POINT('',(-9.99999999999993,-219.396859594505,-303.764692496069));
#1907=CARTESIAN_POINT('Origin',(5.00000000000007,-74.6984297972525,-126.882346248035));
#1908=CARTESIAN_POINT('',(5.00000000000007,55.9016994374948,49.9999999999999));
#1909=CARTESIAN_POINT('Origin',(5.00000000000004,0.,1.11022302462516E-15));
#1910=CARTESIAN_POINT('',(5.00000000000007,2.65078510137373,50.));
#1911=CARTESIAN_POINT('Origin',(-9.99999999999993,-219.396859594505,-303.764692496069));
#1912=CARTESIAN_POINT('Origin',(250.,0.,5.55111512312578E-14));
#1913=CARTESIAN_POINT('',(0.,55.9016994374947,-50.));
#1914=CARTESIAN_POINT('Origin',(0.,0.,0.));
#1915=CARTESIAN_POINT('',(500.,55.9016994374946,-50.));
#1916=CARTESIAN_POINT('',(250.,55.9016994374947,-50.));
#1917=CARTESIAN_POINT('Origin',(500.,0.,1.11022302462516E-13));
#1918=CARTESIAN_POINT('Origin',(500.,0.,1.11022302462516E-13));
#1919=CARTESIAN_POINT('',(250.,55.9016994374948,50.));
#1920=CARTESIAN_POINT('Origin',(0.,0.,0.));
#1921=CARTESIAN_POINT('Origin',(0.,0.,0.));
#1922=CARTESIAN_POINT('',(0.,80.,40.));
#1923=CARTESIAN_POINT('Origin',(0.,70.,40.));
#1924=CARTESIAN_POINT('',(0.,80.,-40.));
#1925=CARTESIAN_POINT('',(0.,80.,50.));
#1926=CARTESIAN_POINT('',(0.,70.,-50.));
#1927=CARTESIAN_POINT('Origin',(0.,70.,-40.));
#1928=CARTESIAN_POINT('',(0.,80.,-50.));
#1929=CARTESIAN_POINT('Origin',(0.,0.,0.));
#1930=CARTESIAN_POINT('Origin',(510.,-150.526956588914,-342.259941132958));
#1931=CARTESIAN_POINT('',(510.,-220.262057234773,-303.055148850484));
#1932=CARTESIAN_POINT('Origin',(510.,-75.1310286173864,-126.527574425242));
#1933=CARTESIAN_POINT('Origin',(500.,80.,50.));
#1934=CARTESIAN_POINT('',(375.,70.,50.));
#1935=CARTESIAN_POINT('Origin',(500.,0.,1.11022302462516E-13));
#1936=CARTESIAN_POINT('',(500.,70.,-50.));
#1937=CARTESIAN_POINT('',(500.,80.,-50.));
#1938=CARTESIAN_POINT('',(500.,80.,-40.));
#1939=CARTESIAN_POINT('Origin',(500.,70.,-40.));
#1940=CARTESIAN_POINT('',(500.,80.,40.));
#1941=CARTESIAN_POINT('',(500.,80.,-50.));
#1942=CARTESIAN_POINT('Origin',(500.,70.,40.));
#1943=CARTESIAN_POINT('Origin',(125.,70.,-40.));
#1944=CARTESIAN_POINT('',(125.,70.,-50.));
#1945=CARTESIAN_POINT('',(125.,80.,-40.));
#1946=CARTESIAN_POINT('Origin',(250.,80.,0.));
#1947=CARTESIAN_POINT('',(375.,80.,40.));
#1948=CARTESIAN_POINT('Origin',(375.,70.,40.));
#1949=CARTESIAN_POINT('Origin',(0.,80.,-50.));
#1950=CARTESIAN_POINT('Origin',(500.,0.,1.11022302462516E-13));
#1951=CARTESIAN_POINT('Origin',(0.,-70.,0.));
#1952=CARTESIAN_POINT('',(0.,-70.,-35.));
#1953=CARTESIAN_POINT('',(0.,-70.,0.));
#1954=CARTESIAN_POINT('',(0.,-70.,-35.));
#1955=CARTESIAN_POINT('',(500.,-70.,-35.));
#1956=CARTESIAN_POINT('',(0.,-70.,-35.));
#1957=CARTESIAN_POINT('',(500.,-70.,0.));
#1958=CARTESIAN_POINT('',(500.,-70.,-35.));
#1959=CARTESIAN_POINT('',(0.,-70.,0.));
#1960=CARTESIAN_POINT('Origin',(0.,-60.,0.));
#1961=CARTESIAN_POINT('',(0.,-60.,0.));
#1962=CARTESIAN_POINT('',(0.,-70.,0.));
#1963=CARTESIAN_POINT('',(500.,-60.,0.));
#1964=CARTESIAN_POINT('',(500.,-70.,0.));
#1965=CARTESIAN_POINT('',(0.,-60.,0.));
#1966=CARTESIAN_POINT('Origin',(0.,-60.,-35.));
#1967=CARTESIAN_POINT('',(0.,-60.,-35.));
#1968=CARTESIAN_POINT('',(0.,-60.,0.));
#1969=CARTESIAN_POINT('',(500.,-60.,-35.));
#1970=CARTESIAN_POINT('',(500.,-60.,0.));
#1971=CARTESIAN_POINT('',(0.,-60.,-35.));
#1972=CARTESIAN_POINT('Origin',(0.,-70.,-35.));
#1973=CARTESIAN_POINT('',(0.,-60.,-35.));
#1974=CARTESIAN_POINT('',(500.,-60.,-35.));
#1975=CARTESIAN_POINT('Origin',(500.,-65.,-17.5));
#1976=CARTESIAN_POINT('Origin',(0.,-65.,-17.5));
#1977=UNCERTAINTY_MEASURE_WITH_UNIT(LENGTH_MEASURE(0.01),#1981,
'DISTANCE_ACCURACY_VALUE',
'Maximum model space distance between geometric entities at asserted c
onnectivities');
#1978=UNCERTAINTY_MEASURE_WITH_UNIT(LENGTH_MEASURE(0.01),#1981,
'DISTANCE_ACCURACY_VALUE',
'Maximum model space distance between geometric entities at asserted c
onnectivities');
#1979=(
GEOMETRIC_REPRESENTATION_CONTEXT(3)
GLOBAL_UNCERTAINTY_ASSIGNED_CONTEXT((#1977))
GLOBAL_UNIT_ASSIGNED_CONTEXT((#1981,#1983,#1984))
REPRESENTATION_CONTEXT('','3D')
);
#1980=(
GEOMETRIC_REPRESENTATION_CONTEXT(3)
GLOBAL_UNCERTAINTY_ASSIGNED_CONTEXT((#1978))
GLOBAL_UNIT_ASSIGNED_CONTEXT((#1981,#1983,#1984))
REPRESENTATION_CONTEXT('','3D')
);
#1981=(
LENGTH_UNIT()
NAMED_UNIT(*)
SI_UNIT(.MILLI.,.METRE.)
);
#1982=(
LENGTH_UNIT()
NAMED_UNIT(*)
SI_UNIT($,.METRE.)
);
#1983=(
NAMED_UNIT(*)
PLANE_ANGLE_UNIT()
SI_UNIT($,.RADIAN.)
);
#1984=(
NAMED_UNIT(*)
SI_UNIT($,.STERADIAN.)
SOLID_ANGLE_UNIT()
);
#1985=SHAPE_DEFINITION_REPRESENTATION(#1986,#1987);
#1986=PRODUCT_DEFINITION_SHAPE('',$,#1989);
#1987=SHAPE_REPRESENTATION('',(#967),#1979);
#1988=PRODUCT_DEFINITION_CONTEXT('part definition',#1993,'design');
#1989=PRODUCT_DEFINITION('(Unsaved)','(Unsaved)',#1990,#1988);
#1990=PRODUCT_DEFINITION_FORMATION('',$,#1995);
#1991=PRODUCT_RELATED_PRODUCT_CATEGORY('(Unsaved)','(Unsaved)',(#1995));
#1992=APPLICATION_PROTOCOL_DEFINITION('international standard',
'automotive_design',2009,#1993);
#1993=APPLICATION_CONTEXT(
'Core Data for Automotive Mechanical Design Process');
#1994=PRODUCT_CONTEXT('part definition',#1993,'mechanical');
#1995=PRODUCT('(Unsaved)','(Unsaved)',$,(#1994));
#1996=PRESENTATION_STYLE_ASSIGNMENT((#2003));
#1997=PRESENTATION_STYLE_ASSIGNMENT((#2004));
#1998=PRESENTATION_STYLE_ASSIGNMENT((#2005));
#1999=PRESENTATION_STYLE_ASSIGNMENT((#2006));
#2000=PRESENTATION_STYLE_ASSIGNMENT((#2007));
#2001=PRESENTATION_STYLE_ASSIGNMENT((#2008));
#2002=PRESENTATION_STYLE_ASSIGNMENT((#2009));
#2003=SURFACE_STYLE_USAGE(.BOTH.,#2010);
#2004=SURFACE_STYLE_USAGE(.BOTH.,#2011);
#2005=SURFACE_STYLE_USAGE(.BOTH.,#2012);
#2006=SURFACE_STYLE_USAGE(.BOTH.,#2013);
#2007=SURFACE_STYLE_USAGE(.BOTH.,#2014);
#2008=SURFACE_STYLE_USAGE(.BOTH.,#2015);
#2009=SURFACE_STYLE_USAGE(.BOTH.,#2016);
#2010=SURFACE_SIDE_STYLE('',(#2017));
#2011=SURFACE_SIDE_STYLE('',(#2018));
#2012=SURFACE_SIDE_STYLE('',(#2019));
#2013=SURFACE_SIDE_STYLE('',(#2020));
#2014=SURFACE_SIDE_STYLE('',(#2021));
#2015=SURFACE_SIDE_STYLE('',(#2022));
#2016=SURFACE_SIDE_STYLE('',(#2023));
#2017=SURFACE_STYLE_FILL_AREA(#2024);
#2018=SURFACE_STYLE_FILL_AREA(#2025);
#2019=SURFACE_STYLE_FILL_AREA(#2026);
#2020=SURFACE_STYLE_FILL_AREA(#2027);
#2021=SURFACE_STYLE_FILL_AREA(#2028);
#2022=SURFACE_STYLE_FILL_AREA(#2029);
#2023=SURFACE_STYLE_FILL_AREA(#2030);
#2024=FILL_AREA_STYLE('Steel - Satin',(#2031));
#2025=FILL_AREA_STYLE(
'PA 11 - Nylon- HP 11-30 (with EOS P 396 3D Printer)',(#2032));
#2026=FILL_AREA_STYLE('Orgasol\X\AE Invent Smooth - PA 12',(#2033));
#2027=FILL_AREA_STYLE('PEEK',(#2034));
#2028=FILL_AREA_STYLE('Rilsan Invent Natural - PA 11',(#2035));
#2029=FILL_AREA_STYLE('Polymide (Kapton)',(#2036));
#2030=FILL_AREA_STYLE('Fabric (Denim)',(#2037));
#2031=FILL_AREA_STYLE_COLOUR('Steel - Satin',#2038);
#2032=FILL_AREA_STYLE_COLOUR(
'PA 11 - Nylon- HP 11-30 (with EOS P 396 3D Printer)',#2039);
#2033=FILL_AREA_STYLE_COLOUR('Orgasol\X\AE Invent Smooth - PA 12',#2040);
#2034=FILL_AREA_STYLE_COLOUR('PEEK',#2041);
#2035=FILL_AREA_STYLE_COLOUR('Rilsan Invent Natural - PA 11',#2042);
#2036=FILL_AREA_STYLE_COLOUR('Polymide (Kapton)',#2043);
#2037=FILL_AREA_STYLE_COLOUR('Fabric (Denim)',#2044);
#2038=COLOUR_RGB('Steel - Satin',0.627450980392157,0.627450980392157,0.627450980392157);
#2039=COLOUR_RGB('PA 11 - Nylon- HP 11-30 (with EOS P 396 3D Printer)',
0.247058823529412,0.247058823529412,0.247058823529412);
#2040=COLOUR_RGB('Orgasol\X\AE Invent Smooth - PA 12',0.964705882352941,
0.964705882352941,0.952941176470588);
#2041=COLOUR_RGB('PEEK',0.6,0.509803921568627,0.368627450980392);
#2042=COLOUR_RGB('Rilsan Invent Natural - PA 11',0.964705882352941,0.964705882352941,
0.952941176470588);
#2043=COLOUR_RGB('Polymide (Kapton)',0.784313725490196,0.556862745098039,
0.0274509803921569);
#2044=COLOUR_RGB('Fabric (Denim)',0.,0.,0.);
ENDSEC;
END-ISO-10303-21;
